step,t,sample,metric,region,value
-1,gt,17ef723a912e46713e84fc2b7dd74e23_shot_001_000,sharpness,mouth,60.6479
-1,gt,17ef723a912e46713e84fc2b7dd74e23_shot_001_000,sync_d,mouth,6.698332
-1,gt,17ef723a912e46713e84fc2b7dd74e23_shot_001_000,sync_c,mouth,7.826336
0,1000.000000,17ef723a912e46713e84fc2b7dd74e23_shot_001_000,pixel_mse,mouth,0.01458415
0,1000.000000,17ef723a912e46713e84fc2b7dd74e23_shot_001_000,pixel_mse,full,0.00530921
0,1000.000000,17ef723a912e46713e84fc2b7dd74e23_shot_001_000,ssim,mouth,0.64238387
0,1000.000000,17ef723a912e46713e84fc2b7dd74e23_shot_001_000,ssim,full,0.82360518
0,1000.000000,17ef723a912e46713e84fc2b7dd74e23_shot_001_000,lpips,mouth,0.4562676
0,1000.000000,17ef723a912e46713e84fc2b7dd74e23_shot_001_000,lpips,full,0.29267496
0,1000.000000,17ef723a912e46713e84fc2b7dd74e23_shot_001_000,sharpness,mouth,19.6647
0,1000.000000,17ef723a912e46713e84fc2b7dd74e23_shot_001_000,lmd,mouth,5.28704
0,1000.000000,17ef723a912e46713e84fc2b7dd74e23_shot_001_000,sync_d,mouth,9.657288
0,1000.000000,17ef723a912e46713e84fc2b7dd74e23_shot_001_000,sync_c,mouth,1.991457
1,997.035706,17ef723a912e46713e84fc2b7dd74e23_shot_001_000,pixel_mse,mouth,0.01396425
1,997.035706,17ef723a912e46713e84fc2b7dd74e23_shot_001_000,pixel_mse,full,0.00613989
1,997.035706,17ef723a912e46713e84fc2b7dd74e23_shot_001_000,ssim,mouth,0.6611734
1,997.035706,17ef723a912e46713e84fc2b7dd74e23_shot_001_000,ssim,full,0.8269999
1,997.035706,17ef723a912e46713e84fc2b7dd74e23_shot_001_000,lpips,mouth,0.47378784
1,997.035706,17ef723a912e46713e84fc2b7dd74e23_shot_001_000,lpips,full,0.30025208
1,997.035706,17ef723a912e46713e84fc2b7dd74e23_shot_001_000,sharpness,mouth,19.0797
1,997.035706,17ef723a912e46713e84fc2b7dd74e23_shot_001_000,lmd,mouth,5.188945
1,997.035706,17ef723a912e46713e84fc2b7dd74e23_shot_001_000,sync_d,mouth,9.775061
1,997.035706,17ef723a912e46713e84fc2b7dd74e23_shot_001_000,sync_c,mouth,1.887624
2,993.963867,17ef723a912e46713e84fc2b7dd74e23_shot_001_000,pixel_mse,mouth,0.01365257
2,993.963867,17ef723a912e46713e84fc2b7dd74e23_shot_001_000,pixel_mse,full,0.00552751
2,993.963867,17ef723a912e46713e84fc2b7dd74e23_shot_001_000,ssim,mouth,0.66349959
2,993.963867,17ef723a912e46713e84fc2b7dd74e23_shot_001_000,ssim,full,0.82894909
2,993.963867,17ef723a912e46713e84fc2b7dd74e23_shot_001_000,lpips,mouth,0.48158419
2,993.963867,17ef723a912e46713e84fc2b7dd74e23_shot_001_000,lpips,full,0.30617028
2,993.963867,17ef723a912e46713e84fc2b7dd74e23_shot_001_000,sharpness,mouth,17.466
2,993.963867,17ef723a912e46713e84fc2b7dd74e23_shot_001_000,lmd,mouth,4.829273
2,993.963867,17ef723a912e46713e84fc2b7dd74e23_shot_001_000,sync_d,mouth,9.168086
2,993.963867,17ef723a912e46713e84fc2b7dd74e23_shot_001_000,sync_c,mouth,2.371122
3,990.779053,17ef723a912e46713e84fc2b7dd74e23_shot_001_000,pixel_mse,mouth,0.01312313
3,990.779053,17ef723a912e46713e84fc2b7dd74e23_shot_001_000,pixel_mse,full,0.00591047
3,990.779053,17ef723a912e46713e84fc2b7dd74e23_shot_001_000,ssim,mouth,0.66778988
3,990.779053,17ef723a912e46713e84fc2b7dd74e23_shot_001_000,ssim,full,0.82849556
3,990.779053,17ef723a912e46713e84fc2b7dd74e23_shot_001_000,lpips,mouth,0.48244226
3,990.779053,17ef723a912e46713e84fc2b7dd74e23_shot_001_000,lpips,full,0.29935113
3,990.779053,17ef723a912e46713e84fc2b7dd74e23_shot_001_000,sharpness,mouth,19.8224
3,990.779053,17ef723a912e46713e84fc2b7dd74e23_shot_001_000,lmd,mouth,6.478371
3,990.779053,17ef723a912e46713e84fc2b7dd74e23_shot_001_000,sync_d,mouth,9.306113
3,990.779053,17ef723a912e46713e84fc2b7dd74e23_shot_001_000,sync_c,mouth,2.329986
4,987.474243,17ef723a912e46713e84fc2b7dd74e23_shot_001_000,pixel_mse,mouth,0.01446874
4,987.474243,17ef723a912e46713e84fc2b7dd74e23_shot_001_000,pixel_mse,full,0.00681482
4,987.474243,17ef723a912e46713e84fc2b7dd74e23_shot_001_000,ssim,mouth,0.65809929
4,987.474243,17ef723a912e46713e84fc2b7dd74e23_shot_001_000,ssim,full,0.82681352
4,987.474243,17ef723a912e46713e84fc2b7dd74e23_shot_001_000,lpips,mouth,0.46492782
4,987.474243,17ef723a912e46713e84fc2b7dd74e23_shot_001_000,lpips,full,0.28724217
4,987.474243,17ef723a912e46713e84fc2b7dd74e23_shot_001_000,sharpness,mouth,19.7909
4,987.474243,17ef723a912e46713e84fc2b7dd74e23_shot_001_000,lmd,mouth,6.732147
4,987.474243,17ef723a912e46713e84fc2b7dd74e23_shot_001_000,sync_d,mouth,9.329624
4,987.474243,17ef723a912e46713e84fc2b7dd74e23_shot_001_000,sync_c,mouth,2.701745
5,984.043091,17ef723a912e46713e84fc2b7dd74e23_shot_001_000,pixel_mse,mouth,0.01399691
5,984.043091,17ef723a912e46713e84fc2b7dd74e23_shot_001_000,pixel_mse,full,0.00675994
5,984.043091,17ef723a912e46713e84fc2b7dd74e23_shot_001_000,ssim,mouth,0.66153908
5,984.043091,17ef723a912e46713e84fc2b7dd74e23_shot_001_000,ssim,full,0.82821131
5,984.043091,17ef723a912e46713e84fc2b7dd74e23_shot_001_000,lpips,mouth,0.43339774
5,984.043091,17ef723a912e46713e84fc2b7dd74e23_shot_001_000,lpips,full,0.27650452
5,984.043091,17ef723a912e46713e84fc2b7dd74e23_shot_001_000,sharpness,mouth,20.9829
5,984.043091,17ef723a912e46713e84fc2b7dd74e23_shot_001_000,lmd,mouth,6.138868
5,984.043091,17ef723a912e46713e84fc2b7dd74e23_shot_001_000,sync_d,mouth,8.708987
5,984.043091,17ef723a912e46713e84fc2b7dd74e23_shot_001_000,sync_c,mouth,3.734451
6,980.477844,17ef723a912e46713e84fc2b7dd74e23_shot_001_000,pixel_mse,mouth,0.01496241
6,980.477844,17ef723a912e46713e84fc2b7dd74e23_shot_001_000,pixel_mse,full,0.00806906
6,980.477844,17ef723a912e46713e84fc2b7dd74e23_shot_001_000,ssim,mouth,0.65385687
6,980.477844,17ef723a912e46713e84fc2b7dd74e23_shot_001_000,ssim,full,0.82228738
6,980.477844,17ef723a912e46713e84fc2b7dd74e23_shot_001_000,lpips,mouth,0.44560292
6,980.477844,17ef723a912e46713e84fc2b7dd74e23_shot_001_000,lpips,full,0.27644509
6,980.477844,17ef723a912e46713e84fc2b7dd74e23_shot_001_000,sharpness,mouth,19.8002
6,980.477844,17ef723a912e46713e84fc2b7dd74e23_shot_001_000,lmd,mouth,6.336256
6,980.477844,17ef723a912e46713e84fc2b7dd74e23_shot_001_000,sync_d,mouth,8.938623
6,980.477844,17ef723a912e46713e84fc2b7dd74e23_shot_001_000,sync_c,mouth,3.391744
7,976.770691,17ef723a912e46713e84fc2b7dd74e23_shot_001_000,pixel_mse,mouth,0.01393105
7,976.770691,17ef723a912e46713e84fc2b7dd74e23_shot_001_000,pixel_mse,full,0.00660354
7,976.770691,17ef723a912e46713e84fc2b7dd74e23_shot_001_000,ssim,mouth,0.65612149
7,976.770691,17ef723a912e46713e84fc2b7dd74e23_shot_001_000,ssim,full,0.82786512
7,976.770691,17ef723a912e46713e84fc2b7dd74e23_shot_001_000,lpips,mouth,0.44692847
7,976.770691,17ef723a912e46713e84fc2b7dd74e23_shot_001_000,lpips,full,0.2691642
7,976.770691,17ef723a912e46713e84fc2b7dd74e23_shot_001_000,sharpness,mouth,19.1385
7,976.770691,17ef723a912e46713e84fc2b7dd74e23_shot_001_000,lmd,mouth,6.412079
7,976.770691,17ef723a912e46713e84fc2b7dd74e23_shot_001_000,sync_d,mouth,9.152146
7,976.770691,17ef723a912e46713e84fc2b7dd74e23_shot_001_000,sync_c,mouth,3.434145
8,972.912842,17ef723a912e46713e84fc2b7dd74e23_shot_001_000,pixel_mse,mouth,0.01923569
8,972.912842,17ef723a912e46713e84fc2b7dd74e23_shot_001_000,pixel_mse,full,0.01008459
8,972.912842,17ef723a912e46713e84fc2b7dd74e23_shot_001_000,ssim,mouth,0.62739366
8,972.912842,17ef723a912e46713e84fc2b7dd74e23_shot_001_000,ssim,full,0.80951512
8,972.912842,17ef723a912e46713e84fc2b7dd74e23_shot_001_000,lpips,mouth,0.43204188
8,972.912842,17ef723a912e46713e84fc2b7dd74e23_shot_001_000,lpips,full,0.26280451
8,972.912842,17ef723a912e46713e84fc2b7dd74e23_shot_001_000,sharpness,mouth,19.3492
8,972.912842,17ef723a912e46713e84fc2b7dd74e23_shot_001_000,lmd,mouth,6.095962
8,972.912842,17ef723a912e46713e84fc2b7dd74e23_shot_001_000,sync_d,mouth,9.641583
8,972.912842,17ef723a912e46713e84fc2b7dd74e23_shot_001_000,sync_c,mouth,3.224897
9,968.895081,17ef723a912e46713e84fc2b7dd74e23_shot_001_000,pixel_mse,mouth,0.02094161
9,968.895081,17ef723a912e46713e84fc2b7dd74e23_shot_001_000,pixel_mse,full,0.01081459
9,968.895081,17ef723a912e46713e84fc2b7dd74e23_shot_001_000,ssim,mouth,0.60606968
9,968.895081,17ef723a912e46713e84fc2b7dd74e23_shot_001_000,ssim,full,0.80289036
9,968.895081,17ef723a912e46713e84fc2b7dd74e23_shot_001_000,lpips,mouth,0.43002409
9,968.895081,17ef723a912e46713e84fc2b7dd74e23_shot_001_000,lpips,full,0.26097202
9,968.895081,17ef723a912e46713e84fc2b7dd74e23_shot_001_000,sharpness,mouth,21.1328
9,968.895081,17ef723a912e46713e84fc2b7dd74e23_shot_001_000,lmd,mouth,6.052669
9,968.895081,17ef723a912e46713e84fc2b7dd74e23_shot_001_000,sync_d,mouth,9.360067
9,968.895081,17ef723a912e46713e84fc2b7dd74e23_shot_001_000,sync_c,mouth,3.294628
10,964.707153,17ef723a912e46713e84fc2b7dd74e23_shot_001_000,pixel_mse,mouth,0.01565564
10,964.707153,17ef723a912e46713e84fc2b7dd74e23_shot_001_000,pixel_mse,full,0.00584472
10,964.707153,17ef723a912e46713e84fc2b7dd74e23_shot_001_000,ssim,mouth,0.63328344
10,964.707153,17ef723a912e46713e84fc2b7dd74e23_shot_001_000,ssim,full,0.82890141
10,964.707153,17ef723a912e46713e84fc2b7dd74e23_shot_001_000,lpips,mouth,0.42795959
10,964.707153,17ef723a912e46713e84fc2b7dd74e23_shot_001_000,lpips,full,0.25268528
10,964.707153,17ef723a912e46713e84fc2b7dd74e23_shot_001_000,sharpness,mouth,20.9716
10,964.707153,17ef723a912e46713e84fc2b7dd74e23_shot_001_000,lmd,mouth,5.922524
10,964.707153,17ef723a912e46713e84fc2b7dd74e23_shot_001_000,sync_d,mouth,9.459707
10,964.707153,17ef723a912e46713e84fc2b7dd74e23_shot_001_000,sync_c,mouth,3.438034
11,960.337952,17ef723a912e46713e84fc2b7dd74e23_shot_001_000,pixel_mse,mouth,0.01605454
11,960.337952,17ef723a912e46713e84fc2b7dd74e23_shot_001_000,pixel_mse,full,0.00563469
11,960.337952,17ef723a912e46713e84fc2b7dd74e23_shot_001_000,ssim,mouth,0.63371831
11,960.337952,17ef723a912e46713e84fc2b7dd74e23_shot_001_000,ssim,full,0.83103162
11,960.337952,17ef723a912e46713e84fc2b7dd74e23_shot_001_000,lpips,mouth,0.37878537
11,960.337952,17ef723a912e46713e84fc2b7dd74e23_shot_001_000,lpips,full,0.23433916
11,960.337952,17ef723a912e46713e84fc2b7dd74e23_shot_001_000,sharpness,mouth,26.3985
11,960.337952,17ef723a912e46713e84fc2b7dd74e23_shot_001_000,lmd,mouth,5.115609
11,960.337952,17ef723a912e46713e84fc2b7dd74e23_shot_001_000,sync_d,mouth,8.484283
11,960.337952,17ef723a912e46713e84fc2b7dd74e23_shot_001_000,sync_c,mouth,5.048633
12,955.775635,17ef723a912e46713e84fc2b7dd74e23_shot_001_000,pixel_mse,mouth,0.0171581
12,955.775635,17ef723a912e46713e84fc2b7dd74e23_shot_001_000,pixel_mse,full,0.00586917
12,955.775635,17ef723a912e46713e84fc2b7dd74e23_shot_001_000,ssim,mouth,0.63018334
12,955.775635,17ef723a912e46713e84fc2b7dd74e23_shot_001_000,ssim,full,0.82927507
12,955.775635,17ef723a912e46713e84fc2b7dd74e23_shot_001_000,lpips,mouth,0.3444123
12,955.775635,17ef723a912e46713e84fc2b7dd74e23_shot_001_000,lpips,full,0.22144018
12,955.775635,17ef723a912e46713e84fc2b7dd74e23_shot_001_000,sharpness,mouth,27.2461
12,955.775635,17ef723a912e46713e84fc2b7dd74e23_shot_001_000,lmd,mouth,4.774401
12,955.775635,17ef723a912e46713e84fc2b7dd74e23_shot_001_000,sync_d,mouth,8.065999
12,955.775635,17ef723a912e46713e84fc2b7dd74e23_shot_001_000,sync_c,mouth,5.726445
13,951.006897,17ef723a912e46713e84fc2b7dd74e23_shot_001_000,pixel_mse,mouth,0.01745065
13,951.006897,17ef723a912e46713e84fc2b7dd74e23_shot_001_000,pixel_mse,full,0.00591866
13,951.006897,17ef723a912e46713e84fc2b7dd74e23_shot_001_000,ssim,mouth,0.62774533
13,951.006897,17ef723a912e46713e84fc2b7dd74e23_shot_001_000,ssim,full,0.82787222
13,951.006897,17ef723a912e46713e84fc2b7dd74e23_shot_001_000,lpips,mouth,0.33341819
13,951.006897,17ef723a912e46713e84fc2b7dd74e23_shot_001_000,lpips,full,0.21646667
13,951.006897,17ef723a912e46713e84fc2b7dd74e23_shot_001_000,sharpness,mouth,28.6263
13,951.006897,17ef723a912e46713e84fc2b7dd74e23_shot_001_000,lmd,mouth,4.813586
13,951.006897,17ef723a912e46713e84fc2b7dd74e23_shot_001_000,sync_d,mouth,7.810971
13,951.006897,17ef723a912e46713e84fc2b7dd74e23_shot_001_000,sync_c,mouth,6.27177
14,946.017517,17ef723a912e46713e84fc2b7dd74e23_shot_001_000,pixel_mse,mouth,0.0296132
14,946.017517,17ef723a912e46713e84fc2b7dd74e23_shot_001_000,pixel_mse,full,0.0108896
14,946.017517,17ef723a912e46713e84fc2b7dd74e23_shot_001_000,ssim,mouth,0.57392937
14,946.017517,17ef723a912e46713e84fc2b7dd74e23_shot_001_000,ssim,full,0.78413641
14,946.017517,17ef723a912e46713e84fc2b7dd74e23_shot_001_000,lpips,mouth,0.30640924
14,946.017517,17ef723a912e46713e84fc2b7dd74e23_shot_001_000,lpips,full,0.21618706
14,946.017517,17ef723a912e46713e84fc2b7dd74e23_shot_001_000,sharpness,mouth,69.1141
14,946.017517,17ef723a912e46713e84fc2b7dd74e23_shot_001_000,lmd,mouth,5.030221
14,946.017517,17ef723a912e46713e84fc2b7dd74e23_shot_001_000,sync_d,mouth,8.174104
14,946.017517,17ef723a912e46713e84fc2b7dd74e23_shot_001_000,sync_c,mouth,6.114968
15,940.791870,17ef723a912e46713e84fc2b7dd74e23_shot_001_000,pixel_mse,mouth,0.0278967
15,940.791870,17ef723a912e46713e84fc2b7dd74e23_shot_001_000,pixel_mse,full,0.00844361
15,940.791870,17ef723a912e46713e84fc2b7dd74e23_shot_001_000,ssim,mouth,0.57600123
15,940.791870,17ef723a912e46713e84fc2b7dd74e23_shot_001_000,ssim,full,0.79886383
15,940.791870,17ef723a912e46713e84fc2b7dd74e23_shot_001_000,lpips,mouth,0.31789622
15,940.791870,17ef723a912e46713e84fc2b7dd74e23_shot_001_000,lpips,full,0.21035863
15,940.791870,17ef723a912e46713e84fc2b7dd74e23_shot_001_000,sharpness,mouth,40.7843
15,940.791870,17ef723a912e46713e84fc2b7dd74e23_shot_001_000,lmd,mouth,5.189237
15,940.791870,17ef723a912e46713e84fc2b7dd74e23_shot_001_000,sync_d,mouth,7.845181
15,940.791870,17ef723a912e46713e84fc2b7dd74e23_shot_001_000,sync_c,mouth,6.107267
16,935.312622,17ef723a912e46713e84fc2b7dd74e23_shot_001_000,pixel_mse,mouth,0.01740288
16,935.312622,17ef723a912e46713e84fc2b7dd74e23_shot_001_000,pixel_mse,full,0.00616985
16,935.312622,17ef723a912e46713e84fc2b7dd74e23_shot_001_000,ssim,mouth,0.61840719
16,935.312622,17ef723a912e46713e84fc2b7dd74e23_shot_001_000,ssim,full,0.82245672
16,935.312622,17ef723a912e46713e84fc2b7dd74e23_shot_001_000,lpips,mouth,0.36650303
16,935.312622,17ef723a912e46713e84fc2b7dd74e23_shot_001_000,lpips,full,0.23005243
16,935.312622,17ef723a912e46713e84fc2b7dd74e23_shot_001_000,sharpness,mouth,22.7538
16,935.312622,17ef723a912e46713e84fc2b7dd74e23_shot_001_000,lmd,mouth,5.67906
16,935.312622,17ef723a912e46713e84fc2b7dd74e23_shot_001_000,sync_d,mouth,9.829263
16,935.312622,17ef723a912e46713e84fc2b7dd74e23_shot_001_000,sync_c,mouth,2.176566
17,929.560913,17ef723a912e46713e84fc2b7dd74e23_shot_001_000,pixel_mse,mouth,0.01992791
17,929.560913,17ef723a912e46713e84fc2b7dd74e23_shot_001_000,pixel_mse,full,0.00691385
17,929.560913,17ef723a912e46713e84fc2b7dd74e23_shot_001_000,ssim,mouth,0.60681057
17,929.560913,17ef723a912e46713e84fc2b7dd74e23_shot_001_000,ssim,full,0.8135373
17,929.560913,17ef723a912e46713e84fc2b7dd74e23_shot_001_000,lpips,mouth,0.37260836
17,929.560913,17ef723a912e46713e84fc2b7dd74e23_shot_001_000,lpips,full,0.21681969
17,929.560913,17ef723a912e46713e84fc2b7dd74e23_shot_001_000,sharpness,mouth,18.1767
17,929.560913,17ef723a912e46713e84fc2b7dd74e23_shot_001_000,lmd,mouth,5.49759
17,929.560913,17ef723a912e46713e84fc2b7dd74e23_shot_001_000,sync_d,mouth,10.000949
17,929.560913,17ef723a912e46713e84fc2b7dd74e23_shot_001_000,sync_c,mouth,1.979216
18,923.515991,17ef723a912e46713e84fc2b7dd74e23_shot_001_000,pixel_mse,mouth,0.01801126
18,923.515991,17ef723a912e46713e84fc2b7dd74e23_shot_001_000,pixel_mse,full,0.0062212
18,923.515991,17ef723a912e46713e84fc2b7dd74e23_shot_001_000,ssim,mouth,0.61615425
18,923.515991,17ef723a912e46713e84fc2b7dd74e23_shot_001_000,ssim,full,0.82205898
18,923.515991,17ef723a912e46713e84fc2b7dd74e23_shot_001_000,lpips,mouth,0.38806626
18,923.515991,17ef723a912e46713e84fc2b7dd74e23_shot_001_000,lpips,full,0.23263708
18,923.515991,17ef723a912e46713e84fc2b7dd74e23_shot_001_000,sharpness,mouth,18.7148
18,923.515991,17ef723a912e46713e84fc2b7dd74e23_shot_001_000,lmd,mouth,5.223471
18,923.515991,17ef723a912e46713e84fc2b7dd74e23_shot_001_000,sync_d,mouth,7.91459
18,923.515991,17ef723a912e46713e84fc2b7dd74e23_shot_001_000,sync_c,mouth,5.209077
19,917.154785,17ef723a912e46713e84fc2b7dd74e23_shot_001_000,pixel_mse,mouth,0.0169692
19,917.154785,17ef723a912e46713e84fc2b7dd74e23_shot_001_000,pixel_mse,full,0.0057862
19,917.154785,17ef723a912e46713e84fc2b7dd74e23_shot_001_000,ssim,mouth,0.62295574
19,917.154785,17ef723a912e46713e84fc2b7dd74e23_shot_001_000,ssim,full,0.82267773
19,917.154785,17ef723a912e46713e84fc2b7dd74e23_shot_001_000,lpips,mouth,0.40074012
19,917.154785,17ef723a912e46713e84fc2b7dd74e23_shot_001_000,lpips,full,0.23724677
19,917.154785,17ef723a912e46713e84fc2b7dd74e23_shot_001_000,sharpness,mouth,18.3376
19,917.154785,17ef723a912e46713e84fc2b7dd74e23_shot_001_000,lmd,mouth,5.064126
19,917.154785,17ef723a912e46713e84fc2b7dd74e23_shot_001_000,sync_d,mouth,7.643174
19,917.154785,17ef723a912e46713e84fc2b7dd74e23_shot_001_000,sync_c,mouth,5.769012
20,910.451721,17ef723a912e46713e84fc2b7dd74e23_shot_001_000,pixel_mse,mouth,0.01658316
20,910.451721,17ef723a912e46713e84fc2b7dd74e23_shot_001_000,pixel_mse,full,0.00575845
20,910.451721,17ef723a912e46713e84fc2b7dd74e23_shot_001_000,ssim,mouth,0.61673611
20,910.451721,17ef723a912e46713e84fc2b7dd74e23_shot_001_000,ssim,full,0.8210389
20,910.451721,17ef723a912e46713e84fc2b7dd74e23_shot_001_000,lpips,mouth,0.3996273
20,910.451721,17ef723a912e46713e84fc2b7dd74e23_shot_001_000,lpips,full,0.24254896
20,910.451721,17ef723a912e46713e84fc2b7dd74e23_shot_001_000,sharpness,mouth,20.1654
20,910.451721,17ef723a912e46713e84fc2b7dd74e23_shot_001_000,lmd,mouth,5.694397
20,910.451721,17ef723a912e46713e84fc2b7dd74e23_shot_001_000,sync_d,mouth,7.771511
20,910.451721,17ef723a912e46713e84fc2b7dd74e23_shot_001_000,sync_c,mouth,5.614185
21,903.378723,17ef723a912e46713e84fc2b7dd74e23_shot_001_000,pixel_mse,mouth,0.01779212
21,903.378723,17ef723a912e46713e84fc2b7dd74e23_shot_001_000,pixel_mse,full,0.00620013
21,903.378723,17ef723a912e46713e84fc2b7dd74e23_shot_001_000,ssim,mouth,0.6014955
21,903.378723,17ef723a912e46713e84fc2b7dd74e23_shot_001_000,ssim,full,0.81785113
21,903.378723,17ef723a912e46713e84fc2b7dd74e23_shot_001_000,lpips,mouth,0.39428937
21,903.378723,17ef723a912e46713e84fc2b7dd74e23_shot_001_000,lpips,full,0.23811576
21,903.378723,17ef723a912e46713e84fc2b7dd74e23_shot_001_000,sharpness,mouth,24.4964
21,903.378723,17ef723a912e46713e84fc2b7dd74e23_shot_001_000,lmd,mouth,5.982337
21,903.378723,17ef723a912e46713e84fc2b7dd74e23_shot_001_000,sync_d,mouth,7.684218
21,903.378723,17ef723a912e46713e84fc2b7dd74e23_shot_001_000,sync_c,mouth,5.659759
22,895.903931,17ef723a912e46713e84fc2b7dd74e23_shot_001_000,pixel_mse,mouth,0.01594255
22,895.903931,17ef723a912e46713e84fc2b7dd74e23_shot_001_000,pixel_mse,full,0.00569103
22,895.903931,17ef723a912e46713e84fc2b7dd74e23_shot_001_000,ssim,mouth,0.6182881
22,895.903931,17ef723a912e46713e84fc2b7dd74e23_shot_001_000,ssim,full,0.82165152
22,895.903931,17ef723a912e46713e84fc2b7dd74e23_shot_001_000,lpips,mouth,0.39822614
22,895.903931,17ef723a912e46713e84fc2b7dd74e23_shot_001_000,lpips,full,0.24106768
22,895.903931,17ef723a912e46713e84fc2b7dd74e23_shot_001_000,sharpness,mouth,22.7
22,895.903931,17ef723a912e46713e84fc2b7dd74e23_shot_001_000,lmd,mouth,6.179815
22,895.903931,17ef723a912e46713e84fc2b7dd74e23_shot_001_000,sync_d,mouth,8.865287
22,895.903931,17ef723a912e46713e84fc2b7dd74e23_shot_001_000,sync_c,mouth,3.816202
23,887.992493,17ef723a912e46713e84fc2b7dd74e23_shot_001_000,pixel_mse,mouth,0.01543466
23,887.992493,17ef723a912e46713e84fc2b7dd74e23_shot_001_000,pixel_mse,full,0.00563485
23,887.992493,17ef723a912e46713e84fc2b7dd74e23_shot_001_000,ssim,mouth,0.62396538
23,887.992493,17ef723a912e46713e84fc2b7dd74e23_shot_001_000,ssim,full,0.82376695
23,887.992493,17ef723a912e46713e84fc2b7dd74e23_shot_001_000,lpips,mouth,0.40251663
23,887.992493,17ef723a912e46713e84fc2b7dd74e23_shot_001_000,lpips,full,0.24072228
23,887.992493,17ef723a912e46713e84fc2b7dd74e23_shot_001_000,sharpness,mouth,19.4198
23,887.992493,17ef723a912e46713e84fc2b7dd74e23_shot_001_000,lmd,mouth,6.741773
23,887.992493,17ef723a912e46713e84fc2b7dd74e23_shot_001_000,sync_d,mouth,9.38116
23,887.992493,17ef723a912e46713e84fc2b7dd74e23_shot_001_000,sync_c,mouth,2.851914
24,879.604736,17ef723a912e46713e84fc2b7dd74e23_shot_001_000,pixel_mse,mouth,0.01542194
24,879.604736,17ef723a912e46713e84fc2b7dd74e23_shot_001_000,pixel_mse,full,0.00546103
24,879.604736,17ef723a912e46713e84fc2b7dd74e23_shot_001_000,ssim,mouth,0.62390244
24,879.604736,17ef723a912e46713e84fc2b7dd74e23_shot_001_000,ssim,full,0.82643473
24,879.604736,17ef723a912e46713e84fc2b7dd74e23_shot_001_000,lpips,mouth,0.402839
24,879.604736,17ef723a912e46713e84fc2b7dd74e23_shot_001_000,lpips,full,0.24293137
24,879.604736,17ef723a912e46713e84fc2b7dd74e23_shot_001_000,sharpness,mouth,18.3707
24,879.604736,17ef723a912e46713e84fc2b7dd74e23_shot_001_000,lmd,mouth,6.81159
24,879.604736,17ef723a912e46713e84fc2b7dd74e23_shot_001_000,sync_d,mouth,9.706507
24,879.604736,17ef723a912e46713e84fc2b7dd74e23_shot_001_000,sync_c,mouth,2.466306
25,870.696350,17ef723a912e46713e84fc2b7dd74e23_shot_001_000,pixel_mse,mouth,0.01538733
25,870.696350,17ef723a912e46713e84fc2b7dd74e23_shot_001_000,pixel_mse,full,0.00546321
25,870.696350,17ef723a912e46713e84fc2b7dd74e23_shot_001_000,ssim,mouth,0.62181544
25,870.696350,17ef723a912e46713e84fc2b7dd74e23_shot_001_000,ssim,full,0.82614821
25,870.696350,17ef723a912e46713e84fc2b7dd74e23_shot_001_000,lpips,mouth,0.39638421
25,870.696350,17ef723a912e46713e84fc2b7dd74e23_shot_001_000,lpips,full,0.24258101
25,870.696350,17ef723a912e46713e84fc2b7dd74e23_shot_001_000,sharpness,mouth,19.6411
25,870.696350,17ef723a912e46713e84fc2b7dd74e23_shot_001_000,lmd,mouth,6.505131
25,870.696350,17ef723a912e46713e84fc2b7dd74e23_shot_001_000,sync_d,mouth,9.330535
25,870.696350,17ef723a912e46713e84fc2b7dd74e23_shot_001_000,sync_c,mouth,2.920765
26,861.217407,17ef723a912e46713e84fc2b7dd74e23_shot_001_000,pixel_mse,mouth,0.01425589
26,861.217407,17ef723a912e46713e84fc2b7dd74e23_shot_001_000,pixel_mse,full,0.00544233
26,861.217407,17ef723a912e46713e84fc2b7dd74e23_shot_001_000,ssim,mouth,0.62550724
26,861.217407,17ef723a912e46713e84fc2b7dd74e23_shot_001_000,ssim,full,0.82560974
26,861.217407,17ef723a912e46713e84fc2b7dd74e23_shot_001_000,lpips,mouth,0.38984922
26,861.217407,17ef723a912e46713e84fc2b7dd74e23_shot_001_000,lpips,full,0.24365108
26,861.217407,17ef723a912e46713e84fc2b7dd74e23_shot_001_000,sharpness,mouth,20.5314
26,861.217407,17ef723a912e46713e84fc2b7dd74e23_shot_001_000,lmd,mouth,6.445754
26,861.217407,17ef723a912e46713e84fc2b7dd74e23_shot_001_000,sync_d,mouth,9.764358
26,861.217407,17ef723a912e46713e84fc2b7dd74e23_shot_001_000,sync_c,mouth,2.572828
27,851.111145,17ef723a912e46713e84fc2b7dd74e23_shot_001_000,pixel_mse,mouth,0.01351077
27,851.111145,17ef723a912e46713e84fc2b7dd74e23_shot_001_000,pixel_mse,full,0.00535184
27,851.111145,17ef723a912e46713e84fc2b7dd74e23_shot_001_000,ssim,mouth,0.63786578
27,851.111145,17ef723a912e46713e84fc2b7dd74e23_shot_001_000,ssim,full,0.82717359
27,851.111145,17ef723a912e46713e84fc2b7dd74e23_shot_001_000,lpips,mouth,0.40319359
27,851.111145,17ef723a912e46713e84fc2b7dd74e23_shot_001_000,lpips,full,0.24543199
27,851.111145,17ef723a912e46713e84fc2b7dd74e23_shot_001_000,sharpness,mouth,18.9913
27,851.111145,17ef723a912e46713e84fc2b7dd74e23_shot_001_000,lmd,mouth,6.592461
27,851.111145,17ef723a912e46713e84fc2b7dd74e23_shot_001_000,sync_d,mouth,10.086001
27,851.111145,17ef723a912e46713e84fc2b7dd74e23_shot_001_000,sync_c,mouth,2.009173
28,840.313232,17ef723a912e46713e84fc2b7dd74e23_shot_001_000,pixel_mse,mouth,0.01361801
28,840.313232,17ef723a912e46713e84fc2b7dd74e23_shot_001_000,pixel_mse,full,0.00538334
28,840.313232,17ef723a912e46713e84fc2b7dd74e23_shot_001_000,ssim,mouth,0.64200741
28,840.313232,17ef723a912e46713e84fc2b7dd74e23_shot_001_000,ssim,full,0.82890755
28,840.313232,17ef723a912e46713e84fc2b7dd74e23_shot_001_000,lpips,mouth,0.40583146
28,840.313232,17ef723a912e46713e84fc2b7dd74e23_shot_001_000,lpips,full,0.2457945
28,840.313232,17ef723a912e46713e84fc2b7dd74e23_shot_001_000,sharpness,mouth,18.7312
28,840.313232,17ef723a912e46713e84fc2b7dd74e23_shot_001_000,lmd,mouth,6.152721
28,840.313232,17ef723a912e46713e84fc2b7dd74e23_shot_001_000,sync_d,mouth,9.920613
28,840.313232,17ef723a912e46713e84fc2b7dd74e23_shot_001_000,sync_c,mouth,2.246227
29,828.750244,17ef723a912e46713e84fc2b7dd74e23_shot_001_000,pixel_mse,mouth,0.01388191
29,828.750244,17ef723a912e46713e84fc2b7dd74e23_shot_001_000,pixel_mse,full,0.00549635
29,828.750244,17ef723a912e46713e84fc2b7dd74e23_shot_001_000,ssim,mouth,0.64227235
29,828.750244,17ef723a912e46713e84fc2b7dd74e23_shot_001_000,ssim,full,0.82785469
29,828.750244,17ef723a912e46713e84fc2b7dd74e23_shot_001_000,lpips,mouth,0.41218841
29,828.750244,17ef723a912e46713e84fc2b7dd74e23_shot_001_000,lpips,full,0.25365365
29,828.750244,17ef723a912e46713e84fc2b7dd74e23_shot_001_000,sharpness,mouth,19.2984
29,828.750244,17ef723a912e46713e84fc2b7dd74e23_shot_001_000,lmd,mouth,5.74177
29,828.750244,17ef723a912e46713e84fc2b7dd74e23_shot_001_000,sync_d,mouth,9.882606
29,828.750244,17ef723a912e46713e84fc2b7dd74e23_shot_001_000,sync_c,mouth,1.921182
30,816.337830,17ef723a912e46713e84fc2b7dd74e23_shot_001_000,pixel_mse,mouth,0.01400455
30,816.337830,17ef723a912e46713e84fc2b7dd74e23_shot_001_000,pixel_mse,full,0.00543618
30,816.337830,17ef723a912e46713e84fc2b7dd74e23_shot_001_000,ssim,mouth,0.63750416
30,816.337830,17ef723a912e46713e84fc2b7dd74e23_shot_001_000,ssim,full,0.8287074
30,816.337830,17ef723a912e46713e84fc2b7dd74e23_shot_001_000,lpips,mouth,0.41615409
30,816.337830,17ef723a912e46713e84fc2b7dd74e23_shot_001_000,lpips,full,0.26027146
30,816.337830,17ef723a912e46713e84fc2b7dd74e23_shot_001_000,sharpness,mouth,19.9235
30,816.337830,17ef723a912e46713e84fc2b7dd74e23_shot_001_000,lmd,mouth,6.08353
30,816.337830,17ef723a912e46713e84fc2b7dd74e23_shot_001_000,sync_d,mouth,9.779962
30,816.337830,17ef723a912e46713e84fc2b7dd74e23_shot_001_000,sync_c,mouth,2.034915
31,802.978699,17ef723a912e46713e84fc2b7dd74e23_shot_001_000,pixel_mse,mouth,0.01418111
31,802.978699,17ef723a912e46713e84fc2b7dd74e23_shot_001_000,pixel_mse,full,0.00544695
31,802.978699,17ef723a912e46713e84fc2b7dd74e23_shot_001_000,ssim,mouth,0.63329458
31,802.978699,17ef723a912e46713e84fc2b7dd74e23_shot_001_000,ssim,full,0.82770348
31,802.978699,17ef723a912e46713e84fc2b7dd74e23_shot_001_000,lpips,mouth,0.42506719
31,802.978699,17ef723a912e46713e84fc2b7dd74e23_shot_001_000,lpips,full,0.26551595
31,802.978699,17ef723a912e46713e84fc2b7dd74e23_shot_001_000,sharpness,mouth,20.8016
31,802.978699,17ef723a912e46713e84fc2b7dd74e23_shot_001_000,lmd,mouth,6.167676
31,802.978699,17ef723a912e46713e84fc2b7dd74e23_shot_001_000,sync_d,mouth,9.460382
31,802.978699,17ef723a912e46713e84fc2b7dd74e23_shot_001_000,sync_c,mouth,2.46116
32,788.560242,17ef723a912e46713e84fc2b7dd74e23_shot_001_000,pixel_mse,mouth,0.01425837
32,788.560242,17ef723a912e46713e84fc2b7dd74e23_shot_001_000,pixel_mse,full,0.00538745
32,788.560242,17ef723a912e46713e84fc2b7dd74e23_shot_001_000,ssim,mouth,0.63246751
32,788.560242,17ef723a912e46713e84fc2b7dd74e23_shot_001_000,ssim,full,0.82845855
32,788.560242,17ef723a912e46713e84fc2b7dd74e23_shot_001_000,lpips,mouth,0.42952126
32,788.560242,17ef723a912e46713e84fc2b7dd74e23_shot_001_000,lpips,full,0.26741844
32,788.560242,17ef723a912e46713e84fc2b7dd74e23_shot_001_000,sharpness,mouth,20.9381
32,788.560242,17ef723a912e46713e84fc2b7dd74e23_shot_001_000,lmd,mouth,6.250171
32,788.560242,17ef723a912e46713e84fc2b7dd74e23_shot_001_000,sync_d,mouth,9.442746
32,788.560242,17ef723a912e46713e84fc2b7dd74e23_shot_001_000,sync_c,mouth,2.435474
33,772.951477,17ef723a912e46713e84fc2b7dd74e23_shot_001_000,pixel_mse,mouth,0.01418126
33,772.951477,17ef723a912e46713e84fc2b7dd74e23_shot_001_000,pixel_mse,full,0.00538697
33,772.951477,17ef723a912e46713e84fc2b7dd74e23_shot_001_000,ssim,mouth,0.63146085
33,772.951477,17ef723a912e46713e84fc2b7dd74e23_shot_001_000,ssim,full,0.8288452
33,772.951477,17ef723a912e46713e84fc2b7dd74e23_shot_001_000,lpips,mouth,0.42728043
33,772.951477,17ef723a912e46713e84fc2b7dd74e23_shot_001_000,lpips,full,0.2664623
33,772.951477,17ef723a912e46713e84fc2b7dd74e23_shot_001_000,sharpness,mouth,21.6423
33,772.951477,17ef723a912e46713e84fc2b7dd74e23_shot_001_000,lmd,mouth,6.447646
33,772.951477,17ef723a912e46713e84fc2b7dd74e23_shot_001_000,sync_d,mouth,9.848265
33,772.951477,17ef723a912e46713e84fc2b7dd74e23_shot_001_000,sync_c,mouth,1.91501
34,755.998352,17ef723a912e46713e84fc2b7dd74e23_shot_001_000,pixel_mse,mouth,0.0141436
34,755.998352,17ef723a912e46713e84fc2b7dd74e23_shot_001_000,pixel_mse,full,0.0053714
34,755.998352,17ef723a912e46713e84fc2b7dd74e23_shot_001_000,ssim,mouth,0.63230968
34,755.998352,17ef723a912e46713e84fc2b7dd74e23_shot_001_000,ssim,full,0.82890284
34,755.998352,17ef723a912e46713e84fc2b7dd74e23_shot_001_000,lpips,mouth,0.42229411
34,755.998352,17ef723a912e46713e84fc2b7dd74e23_shot_001_000,lpips,full,0.26314536
34,755.998352,17ef723a912e46713e84fc2b7dd74e23_shot_001_000,sharpness,mouth,21.4147
34,755.998352,17ef723a912e46713e84fc2b7dd74e23_shot_001_000,lmd,mouth,6.397686
34,755.998352,17ef723a912e46713e84fc2b7dd74e23_shot_001_000,sync_d,mouth,9.85083
34,755.998352,17ef723a912e46713e84fc2b7dd74e23_shot_001_000,sync_c,mouth,1.826519
35,737.519714,17ef723a912e46713e84fc2b7dd74e23_shot_001_000,pixel_mse,mouth,0.01428612
35,737.519714,17ef723a912e46713e84fc2b7dd74e23_shot_001_000,pixel_mse,full,0.00534695
35,737.519714,17ef723a912e46713e84fc2b7dd74e23_shot_001_000,ssim,mouth,0.63200879
35,737.519714,17ef723a912e46713e84fc2b7dd74e23_shot_001_000,ssim,full,0.82935917
35,737.519714,17ef723a912e46713e84fc2b7dd74e23_shot_001_000,lpips,mouth,0.42749122
35,737.519714,17ef723a912e46713e84fc2b7dd74e23_shot_001_000,lpips,full,0.26481152
35,737.519714,17ef723a912e46713e84fc2b7dd74e23_shot_001_000,sharpness,mouth,22.059
35,737.519714,17ef723a912e46713e84fc2b7dd74e23_shot_001_000,lmd,mouth,6.341127
35,737.519714,17ef723a912e46713e84fc2b7dd74e23_shot_001_000,sync_d,mouth,10.294383
35,737.519714,17ef723a912e46713e84fc2b7dd74e23_shot_001_000,sync_c,mouth,1.370112
36,717.299683,17ef723a912e46713e84fc2b7dd74e23_shot_001_000,pixel_mse,mouth,0.01436186
36,717.299683,17ef723a912e46713e84fc2b7dd74e23_shot_001_000,pixel_mse,full,0.00530644
36,717.299683,17ef723a912e46713e84fc2b7dd74e23_shot_001_000,ssim,mouth,0.63537967
36,717.299683,17ef723a912e46713e84fc2b7dd74e23_shot_001_000,ssim,full,0.83033472
36,717.299683,17ef723a912e46713e84fc2b7dd74e23_shot_001_000,lpips,mouth,0.43453792
36,717.299683,17ef723a912e46713e84fc2b7dd74e23_shot_001_000,lpips,full,0.27060121
36,717.299683,17ef723a912e46713e84fc2b7dd74e23_shot_001_000,sharpness,mouth,22.1076
36,717.299683,17ef723a912e46713e84fc2b7dd74e23_shot_001_000,lmd,mouth,6.387937
36,717.299683,17ef723a912e46713e84fc2b7dd74e23_shot_001_000,sync_d,mouth,10.601469
36,717.299683,17ef723a912e46713e84fc2b7dd74e23_shot_001_000,sync_c,mouth,1.207514
37,695.080139,17ef723a912e46713e84fc2b7dd74e23_shot_001_000,pixel_mse,mouth,0.01423676
37,695.080139,17ef723a912e46713e84fc2b7dd74e23_shot_001_000,pixel_mse,full,0.00523224
37,695.080139,17ef723a912e46713e84fc2b7dd74e23_shot_001_000,ssim,mouth,0.6359629
37,695.080139,17ef723a912e46713e84fc2b7dd74e23_shot_001_000,ssim,full,0.8315624
37,695.080139,17ef723a912e46713e84fc2b7dd74e23_shot_001_000,lpips,mouth,0.44040304
37,695.080139,17ef723a912e46713e84fc2b7dd74e23_shot_001_000,lpips,full,0.27326998
37,695.080139,17ef723a912e46713e84fc2b7dd74e23_shot_001_000,sharpness,mouth,22.3565
37,695.080139,17ef723a912e46713e84fc2b7dd74e23_shot_001_000,lmd,mouth,6.489161
37,695.080139,17ef723a912e46713e84fc2b7dd74e23_shot_001_000,sync_d,mouth,10.305515
37,695.080139,17ef723a912e46713e84fc2b7dd74e23_shot_001_000,sync_c,mouth,1.414855
38,670.548828,17ef723a912e46713e84fc2b7dd74e23_shot_001_000,pixel_mse,mouth,0.01400367
38,670.548828,17ef723a912e46713e84fc2b7dd74e23_shot_001_000,pixel_mse,full,0.00515377
38,670.548828,17ef723a912e46713e84fc2b7dd74e23_shot_001_000,ssim,mouth,0.63773131
38,670.548828,17ef723a912e46713e84fc2b7dd74e23_shot_001_000,ssim,full,0.83225119
38,670.548828,17ef723a912e46713e84fc2b7dd74e23_shot_001_000,lpips,mouth,0.44567701
38,670.548828,17ef723a912e46713e84fc2b7dd74e23_shot_001_000,lpips,full,0.275536
38,670.548828,17ef723a912e46713e84fc2b7dd74e23_shot_001_000,sharpness,mouth,22.2799
38,670.548828,17ef723a912e46713e84fc2b7dd74e23_shot_001_000,lmd,mouth,6.379409
38,670.548828,17ef723a912e46713e84fc2b7dd74e23_shot_001_000,sync_d,mouth,10.72443
38,670.548828,17ef723a912e46713e84fc2b7dd74e23_shot_001_000,sync_c,mouth,0.998015
39,643.325317,17ef723a912e46713e84fc2b7dd74e23_shot_001_000,pixel_mse,mouth,0.01400047
39,643.325317,17ef723a912e46713e84fc2b7dd74e23_shot_001_000,pixel_mse,full,0.00510376
39,643.325317,17ef723a912e46713e84fc2b7dd74e23_shot_001_000,ssim,mouth,0.63939834
39,643.325317,17ef723a912e46713e84fc2b7dd74e23_shot_001_000,ssim,full,0.83266687
39,643.325317,17ef723a912e46713e84fc2b7dd74e23_shot_001_000,lpips,mouth,0.44654864
39,643.325317,17ef723a912e46713e84fc2b7dd74e23_shot_001_000,lpips,full,0.27709606
39,643.325317,17ef723a912e46713e84fc2b7dd74e23_shot_001_000,sharpness,mouth,22.2366
39,643.325317,17ef723a912e46713e84fc2b7dd74e23_shot_001_000,lmd,mouth,6.230279
39,643.325317,17ef723a912e46713e84fc2b7dd74e23_shot_001_000,sync_d,mouth,10.420358
39,643.325317,17ef723a912e46713e84fc2b7dd74e23_shot_001_000,sync_c,mouth,1.109996
40,612.940735,17ef723a912e46713e84fc2b7dd74e23_shot_001_000,pixel_mse,mouth,0.01408361
40,612.940735,17ef723a912e46713e84fc2b7dd74e23_shot_001_000,pixel_mse,full,0.00507981
40,612.940735,17ef723a912e46713e84fc2b7dd74e23_shot_001_000,ssim,mouth,0.64228153
40,612.940735,17ef723a912e46713e84fc2b7dd74e23_shot_001_000,ssim,full,0.83342218
40,612.940735,17ef723a912e46713e84fc2b7dd74e23_shot_001_000,lpips,mouth,0.45046172
40,612.940735,17ef723a912e46713e84fc2b7dd74e23_shot_001_000,lpips,full,0.2786518
40,612.940735,17ef723a912e46713e84fc2b7dd74e23_shot_001_000,sharpness,mouth,20.7989
40,612.940735,17ef723a912e46713e84fc2b7dd74e23_shot_001_000,lmd,mouth,6.047635
40,612.940735,17ef723a912e46713e84fc2b7dd74e23_shot_001_000,sync_d,mouth,10.209839
40,612.940735,17ef723a912e46713e84fc2b7dd74e23_shot_001_000,sync_c,mouth,1.352967
41,578.810425,17ef723a912e46713e84fc2b7dd74e23_shot_001_000,pixel_mse,mouth,0.01418123
41,578.810425,17ef723a912e46713e84fc2b7dd74e23_shot_001_000,pixel_mse,full,0.00509109
41,578.810425,17ef723a912e46713e84fc2b7dd74e23_shot_001_000,ssim,mouth,0.6431601
41,578.810425,17ef723a912e46713e84fc2b7dd74e23_shot_001_000,ssim,full,0.8341108
41,578.810425,17ef723a912e46713e84fc2b7dd74e23_shot_001_000,lpips,mouth,0.45247668
41,578.810425,17ef723a912e46713e84fc2b7dd74e23_shot_001_000,lpips,full,0.28016675
41,578.810425,17ef723a912e46713e84fc2b7dd74e23_shot_001_000,sharpness,mouth,19.464
41,578.810425,17ef723a912e46713e84fc2b7dd74e23_shot_001_000,lmd,mouth,5.664642
41,578.810425,17ef723a912e46713e84fc2b7dd74e23_shot_001_000,sync_d,mouth,10.121344
41,578.810425,17ef723a912e46713e84fc2b7dd74e23_shot_001_000,sync_c,mouth,1.488483
42,540.196350,17ef723a912e46713e84fc2b7dd74e23_shot_001_000,pixel_mse,mouth,0.01413811
42,540.196350,17ef723a912e46713e84fc2b7dd74e23_shot_001_000,pixel_mse,full,0.00507865
42,540.196350,17ef723a912e46713e84fc2b7dd74e23_shot_001_000,ssim,mouth,0.64422238
42,540.196350,17ef723a912e46713e84fc2b7dd74e23_shot_001_000,ssim,full,0.83424032
42,540.196350,17ef723a912e46713e84fc2b7dd74e23_shot_001_000,lpips,mouth,0.46180296
42,540.196350,17ef723a912e46713e84fc2b7dd74e23_shot_001_000,lpips,full,0.28397098
42,540.196350,17ef723a912e46713e84fc2b7dd74e23_shot_001_000,sharpness,mouth,20.1925
42,540.196350,17ef723a912e46713e84fc2b7dd74e23_shot_001_000,lmd,mouth,5.704207
42,540.196350,17ef723a912e46713e84fc2b7dd74e23_shot_001_000,sync_d,mouth,10.350396
42,540.196350,17ef723a912e46713e84fc2b7dd74e23_shot_001_000,sync_c,mouth,1.266262
43,496.152893,17ef723a912e46713e84fc2b7dd74e23_shot_001_000,pixel_mse,mouth,0.01410019
43,496.152893,17ef723a912e46713e84fc2b7dd74e23_shot_001_000,pixel_mse,full,0.0050673
43,496.152893,17ef723a912e46713e84fc2b7dd74e23_shot_001_000,ssim,mouth,0.6459775
43,496.152893,17ef723a912e46713e84fc2b7dd74e23_shot_001_000,ssim,full,0.83469081
43,496.152893,17ef723a912e46713e84fc2b7dd74e23_shot_001_000,lpips,mouth,0.46699929
43,496.152893,17ef723a912e46713e84fc2b7dd74e23_shot_001_000,lpips,full,0.28704223
43,496.152893,17ef723a912e46713e84fc2b7dd74e23_shot_001_000,sharpness,mouth,20.2725
43,496.152893,17ef723a912e46713e84fc2b7dd74e23_shot_001_000,lmd,mouth,5.710364
43,496.152893,17ef723a912e46713e84fc2b7dd74e23_shot_001_000,sync_d,mouth,10.191888
43,496.152893,17ef723a912e46713e84fc2b7dd74e23_shot_001_000,sync_c,mouth,1.602413
44,445.448151,17ef723a912e46713e84fc2b7dd74e23_shot_001_000,pixel_mse,mouth,0.01415356
44,445.448151,17ef723a912e46713e84fc2b7dd74e23_shot_001_000,pixel_mse,full,0.00504515
44,445.448151,17ef723a912e46713e84fc2b7dd74e23_shot_001_000,ssim,mouth,0.64514416
44,445.448151,17ef723a912e46713e84fc2b7dd74e23_shot_001_000,ssim,full,0.83507359
44,445.448151,17ef723a912e46713e84fc2b7dd74e23_shot_001_000,lpips,mouth,0.46789739
44,445.448151,17ef723a912e46713e84fc2b7dd74e23_shot_001_000,lpips,full,0.28838155
44,445.448151,17ef723a912e46713e84fc2b7dd74e23_shot_001_000,sharpness,mouth,20.4909
44,445.448151,17ef723a912e46713e84fc2b7dd74e23_shot_001_000,lmd,mouth,5.38436
44,445.448151,17ef723a912e46713e84fc2b7dd74e23_shot_001_000,sync_d,mouth,10.422341
44,445.448151,17ef723a912e46713e84fc2b7dd74e23_shot_001_000,sync_c,mouth,1.291023
45,386.447418,17ef723a912e46713e84fc2b7dd74e23_shot_001_000,pixel_mse,mouth,0.01428643
45,386.447418,17ef723a912e46713e84fc2b7dd74e23_shot_001_000,pixel_mse,full,0.00504017
45,386.447418,17ef723a912e46713e84fc2b7dd74e23_shot_001_000,ssim,mouth,0.64522678
45,386.447418,17ef723a912e46713e84fc2b7dd74e23_shot_001_000,ssim,full,0.83529967
45,386.447418,17ef723a912e46713e84fc2b7dd74e23_shot_001_000,lpips,mouth,0.46913147
45,386.447418,17ef723a912e46713e84fc2b7dd74e23_shot_001_000,lpips,full,0.29126471
45,386.447418,17ef723a912e46713e84fc2b7dd74e23_shot_001_000,sharpness,mouth,20.7508
45,386.447418,17ef723a912e46713e84fc2b7dd74e23_shot_001_000,lmd,mouth,5.301171
45,386.447418,17ef723a912e46713e84fc2b7dd74e23_shot_001_000,sync_d,mouth,10.522131
45,386.447418,17ef723a912e46713e84fc2b7dd74e23_shot_001_000,sync_c,mouth,1.024242
46,316.933258,17ef723a912e46713e84fc2b7dd74e23_shot_001_000,pixel_mse,mouth,0.0142234
46,316.933258,17ef723a912e46713e84fc2b7dd74e23_shot_001_000,pixel_mse,full,0.00502904
46,316.933258,17ef723a912e46713e84fc2b7dd74e23_shot_001_000,ssim,mouth,0.64709014
46,316.933258,17ef723a912e46713e84fc2b7dd74e23_shot_001_000,ssim,full,0.83569252
46,316.933258,17ef723a912e46713e84fc2b7dd74e23_shot_001_000,lpips,mouth,0.47143772
46,316.933258,17ef723a912e46713e84fc2b7dd74e23_shot_001_000,lpips,full,0.29290009
46,316.933258,17ef723a912e46713e84fc2b7dd74e23_shot_001_000,sharpness,mouth,21.1489
46,316.933258,17ef723a912e46713e84fc2b7dd74e23_shot_001_000,lmd,mouth,5.14617
46,316.933258,17ef723a912e46713e84fc2b7dd74e23_shot_001_000,sync_d,mouth,10.255255
46,316.933258,17ef723a912e46713e84fc2b7dd74e23_shot_001_000,sync_c,mouth,1.314322
47,233.820694,17ef723a912e46713e84fc2b7dd74e23_shot_001_000,pixel_mse,mouth,0.01417711
47,233.820694,17ef723a912e46713e84fc2b7dd74e23_shot_001_000,pixel_mse,full,0.00501958
47,233.820694,17ef723a912e46713e84fc2b7dd74e23_shot_001_000,ssim,mouth,0.64805841
47,233.820694,17ef723a912e46713e84fc2b7dd74e23_shot_001_000,ssim,full,0.83652192
47,233.820694,17ef723a912e46713e84fc2b7dd74e23_shot_001_000,lpips,mouth,0.46441871
47,233.820694,17ef723a912e46713e84fc2b7dd74e23_shot_001_000,lpips,full,0.29350218
47,233.820694,17ef723a912e46713e84fc2b7dd74e23_shot_001_000,sharpness,mouth,21.014
47,233.820694,17ef723a912e46713e84fc2b7dd74e23_shot_001_000,lmd,mouth,5.139283
47,233.820694,17ef723a912e46713e84fc2b7dd74e23_shot_001_000,sync_d,mouth,9.956057
47,233.820694,17ef723a912e46713e84fc2b7dd74e23_shot_001_000,sync_c,mouth,1.547081
48,132.687027,17ef723a912e46713e84fc2b7dd74e23_shot_001_000,pixel_mse,mouth,0.01416753
48,132.687027,17ef723a912e46713e84fc2b7dd74e23_shot_001_000,pixel_mse,full,0.00501079
48,132.687027,17ef723a912e46713e84fc2b7dd74e23_shot_001_000,ssim,mouth,0.64737856
48,132.687027,17ef723a912e46713e84fc2b7dd74e23_shot_001_000,ssim,full,0.83715606
48,132.687027,17ef723a912e46713e84fc2b7dd74e23_shot_001_000,lpips,mouth,0.47312278
48,132.687027,17ef723a912e46713e84fc2b7dd74e23_shot_001_000,lpips,full,0.29418862
48,132.687027,17ef723a912e46713e84fc2b7dd74e23_shot_001_000,sharpness,mouth,22.2587
48,132.687027,17ef723a912e46713e84fc2b7dd74e23_shot_001_000,lmd,mouth,5.225582
48,132.687027,17ef723a912e46713e84fc2b7dd74e23_shot_001_000,sync_d,mouth,10.04787
48,132.687027,17ef723a912e46713e84fc2b7dd74e23_shot_001_000,sync_c,mouth,1.498055
49,6.958251,17ef723a912e46713e84fc2b7dd74e23_shot_001_000,pixel_mse,mouth,0.01406432
49,6.958251,17ef723a912e46713e84fc2b7dd74e23_shot_001_000,pixel_mse,full,0.00499597
49,6.958251,17ef723a912e46713e84fc2b7dd74e23_shot_001_000,ssim,mouth,0.64585239
49,6.958251,17ef723a912e46713e84fc2b7dd74e23_shot_001_000,ssim,full,0.83573037
49,6.958251,17ef723a912e46713e84fc2b7dd74e23_shot_001_000,lpips,mouth,0.45253414
49,6.958251,17ef723a912e46713e84fc2b7dd74e23_shot_001_000,lpips,full,0.28720066
49,6.958251,17ef723a912e46713e84fc2b7dd74e23_shot_001_000,sharpness,mouth,19.6078
49,6.958251,17ef723a912e46713e84fc2b7dd74e23_shot_001_000,lmd,mouth,5.203241
49,6.958251,17ef723a912e46713e84fc2b7dd74e23_shot_001_000,sync_d,mouth,9.653643
49,6.958251,17ef723a912e46713e84fc2b7dd74e23_shot_001_000,sync_c,mouth,2.025576
-1,gt,59cdb196328a33d4c7b1248b916e5090_shot_001_000,sharpness,mouth,9.6426
-1,gt,59cdb196328a33d4c7b1248b916e5090_shot_001_000,sync_d,mouth,10.239491
-1,gt,59cdb196328a33d4c7b1248b916e5090_shot_001_000,sync_c,mouth,5.128555
0,1000.000000,59cdb196328a33d4c7b1248b916e5090_shot_001_000,pixel_mse,mouth,0.01493121
0,1000.000000,59cdb196328a33d4c7b1248b916e5090_shot_001_000,pixel_mse,full,0.01925849
0,1000.000000,59cdb196328a33d4c7b1248b916e5090_shot_001_000,ssim,mouth,0.68094206
0,1000.000000,59cdb196328a33d4c7b1248b916e5090_shot_001_000,ssim,full,0.69422001
0,1000.000000,59cdb196328a33d4c7b1248b916e5090_shot_001_000,lpips,mouth,0.44082627
0,1000.000000,59cdb196328a33d4c7b1248b916e5090_shot_001_000,lpips,full,0.43551433
0,1000.000000,59cdb196328a33d4c7b1248b916e5090_shot_001_000,sharpness,mouth,6.5392
0,1000.000000,59cdb196328a33d4c7b1248b916e5090_shot_001_000,lmd,mouth,5.373236
0,1000.000000,59cdb196328a33d4c7b1248b916e5090_shot_001_000,sync_d,mouth,10.927215
0,1000.000000,59cdb196328a33d4c7b1248b916e5090_shot_001_000,sync_c,mouth,1.494429
1,997.035706,59cdb196328a33d4c7b1248b916e5090_shot_001_000,pixel_mse,mouth,0.01618269
1,997.035706,59cdb196328a33d4c7b1248b916e5090_shot_001_000,pixel_mse,full,0.01920485
1,997.035706,59cdb196328a33d4c7b1248b916e5090_shot_001_000,ssim,mouth,0.67423922
1,997.035706,59cdb196328a33d4c7b1248b916e5090_shot_001_000,ssim,full,0.69078654
1,997.035706,59cdb196328a33d4c7b1248b916e5090_shot_001_000,lpips,mouth,0.46888822
1,997.035706,59cdb196328a33d4c7b1248b916e5090_shot_001_000,lpips,full,0.45013028
1,997.035706,59cdb196328a33d4c7b1248b916e5090_shot_001_000,sharpness,mouth,6.1788
1,997.035706,59cdb196328a33d4c7b1248b916e5090_shot_001_000,lmd,mouth,5.068768
1,997.035706,59cdb196328a33d4c7b1248b916e5090_shot_001_000,sync_d,mouth,10.703551
1,997.035706,59cdb196328a33d4c7b1248b916e5090_shot_001_000,sync_c,mouth,1.42968
2,993.963867,59cdb196328a33d4c7b1248b916e5090_shot_001_000,pixel_mse,mouth,0.01721564
2,993.963867,59cdb196328a33d4c7b1248b916e5090_shot_001_000,pixel_mse,full,0.01920039
2,993.963867,59cdb196328a33d4c7b1248b916e5090_shot_001_000,ssim,mouth,0.66572475
2,993.963867,59cdb196328a33d4c7b1248b916e5090_shot_001_000,ssim,full,0.68433785
2,993.963867,59cdb196328a33d4c7b1248b916e5090_shot_001_000,lpips,mouth,0.48648235
2,993.963867,59cdb196328a33d4c7b1248b916e5090_shot_001_000,lpips,full,0.45904872
2,993.963867,59cdb196328a33d4c7b1248b916e5090_shot_001_000,sharpness,mouth,6.1052
2,993.963867,59cdb196328a33d4c7b1248b916e5090_shot_001_000,lmd,mouth,5.888157
2,993.963867,59cdb196328a33d4c7b1248b916e5090_shot_001_000,sync_d,mouth,10.930236
2,993.963867,59cdb196328a33d4c7b1248b916e5090_shot_001_000,sync_c,mouth,1.324803
3,990.779053,59cdb196328a33d4c7b1248b916e5090_shot_001_000,pixel_mse,mouth,0.01431211
3,990.779053,59cdb196328a33d4c7b1248b916e5090_shot_001_000,pixel_mse,full,0.02019729
3,990.779053,59cdb196328a33d4c7b1248b916e5090_shot_001_000,ssim,mouth,0.67681688
3,990.779053,59cdb196328a33d4c7b1248b916e5090_shot_001_000,ssim,full,0.68229151
3,990.779053,59cdb196328a33d4c7b1248b916e5090_shot_001_000,lpips,mouth,0.46667653
3,990.779053,59cdb196328a33d4c7b1248b916e5090_shot_001_000,lpips,full,0.45314488
3,990.779053,59cdb196328a33d4c7b1248b916e5090_shot_001_000,sharpness,mouth,6.6547
3,990.779053,59cdb196328a33d4c7b1248b916e5090_shot_001_000,lmd,mouth,6.343679
3,990.779053,59cdb196328a33d4c7b1248b916e5090_shot_001_000,sync_d,mouth,10.596421
3,990.779053,59cdb196328a33d4c7b1248b916e5090_shot_001_000,sync_c,mouth,1.448275
4,987.474243,59cdb196328a33d4c7b1248b916e5090_shot_001_000,pixel_mse,mouth,0.01587069
4,987.474243,59cdb196328a33d4c7b1248b916e5090_shot_001_000,pixel_mse,full,0.02066496
4,987.474243,59cdb196328a33d4c7b1248b916e5090_shot_001_000,ssim,mouth,0.66684526
4,987.474243,59cdb196328a33d4c7b1248b916e5090_shot_001_000,ssim,full,0.67927092
4,987.474243,59cdb196328a33d4c7b1248b916e5090_shot_001_000,lpips,mouth,0.48021254
4,987.474243,59cdb196328a33d4c7b1248b916e5090_shot_001_000,lpips,full,0.45237327
4,987.474243,59cdb196328a33d4c7b1248b916e5090_shot_001_000,sharpness,mouth,6.8699
4,987.474243,59cdb196328a33d4c7b1248b916e5090_shot_001_000,lmd,mouth,5.681205
4,987.474243,59cdb196328a33d4c7b1248b916e5090_shot_001_000,sync_d,mouth,11.630569
4,987.474243,59cdb196328a33d4c7b1248b916e5090_shot_001_000,sync_c,mouth,1.232118
5,984.043091,59cdb196328a33d4c7b1248b916e5090_shot_001_000,pixel_mse,mouth,0.01573849
5,984.043091,59cdb196328a33d4c7b1248b916e5090_shot_001_000,pixel_mse,full,0.02028264
5,984.043091,59cdb196328a33d4c7b1248b916e5090_shot_001_000,ssim,mouth,0.66253787
5,984.043091,59cdb196328a33d4c7b1248b916e5090_shot_001_000,ssim,full,0.6816535
5,984.043091,59cdb196328a33d4c7b1248b916e5090_shot_001_000,lpips,mouth,0.46177647
5,984.043091,59cdb196328a33d4c7b1248b916e5090_shot_001_000,lpips,full,0.4477897
5,984.043091,59cdb196328a33d4c7b1248b916e5090_shot_001_000,sharpness,mouth,7.4706
5,984.043091,59cdb196328a33d4c7b1248b916e5090_shot_001_000,lmd,mouth,5.139585
5,984.043091,59cdb196328a33d4c7b1248b916e5090_shot_001_000,sync_d,mouth,11.41042
5,984.043091,59cdb196328a33d4c7b1248b916e5090_shot_001_000,sync_c,mouth,1.355269
6,980.477844,59cdb196328a33d4c7b1248b916e5090_shot_001_000,pixel_mse,mouth,0.01501539
6,980.477844,59cdb196328a33d4c7b1248b916e5090_shot_001_000,pixel_mse,full,0.0193982
6,980.477844,59cdb196328a33d4c7b1248b916e5090_shot_001_000,ssim,mouth,0.67352575
6,980.477844,59cdb196328a33d4c7b1248b916e5090_shot_001_000,ssim,full,0.68477511
6,980.477844,59cdb196328a33d4c7b1248b916e5090_shot_001_000,lpips,mouth,0.44339836
6,980.477844,59cdb196328a33d4c7b1248b916e5090_shot_001_000,lpips,full,0.44231683
6,980.477844,59cdb196328a33d4c7b1248b916e5090_shot_001_000,sharpness,mouth,6.9528
6,980.477844,59cdb196328a33d4c7b1248b916e5090_shot_001_000,lmd,mouth,5.239649
6,980.477844,59cdb196328a33d4c7b1248b916e5090_shot_001_000,sync_d,mouth,11.377857
6,980.477844,59cdb196328a33d4c7b1248b916e5090_shot_001_000,sync_c,mouth,1.851707
7,976.770691,59cdb196328a33d4c7b1248b916e5090_shot_001_000,pixel_mse,mouth,0.01688027
7,976.770691,59cdb196328a33d4c7b1248b916e5090_shot_001_000,pixel_mse,full,0.01947091
7,976.770691,59cdb196328a33d4c7b1248b916e5090_shot_001_000,ssim,mouth,0.66617614
7,976.770691,59cdb196328a33d4c7b1248b916e5090_shot_001_000,ssim,full,0.68316114
7,976.770691,59cdb196328a33d4c7b1248b916e5090_shot_001_000,lpips,mouth,0.4420515
7,976.770691,59cdb196328a33d4c7b1248b916e5090_shot_001_000,lpips,full,0.43824336
7,976.770691,59cdb196328a33d4c7b1248b916e5090_shot_001_000,sharpness,mouth,7.0298
7,976.770691,59cdb196328a33d4c7b1248b916e5090_shot_001_000,lmd,mouth,9.348927
7,976.770691,59cdb196328a33d4c7b1248b916e5090_shot_001_000,sync_d,mouth,11.391993
7,976.770691,59cdb196328a33d4c7b1248b916e5090_shot_001_000,sync_c,mouth,1.812487
8,972.912842,59cdb196328a33d4c7b1248b916e5090_shot_001_000,pixel_mse,mouth,0.01776832
8,972.912842,59cdb196328a33d4c7b1248b916e5090_shot_001_000,pixel_mse,full,0.01970724
8,972.912842,59cdb196328a33d4c7b1248b916e5090_shot_001_000,ssim,mouth,0.66016734
8,972.912842,59cdb196328a33d4c7b1248b916e5090_shot_001_000,ssim,full,0.68108541
8,972.912842,59cdb196328a33d4c7b1248b916e5090_shot_001_000,lpips,mouth,0.43735722
8,972.912842,59cdb196328a33d4c7b1248b916e5090_shot_001_000,lpips,full,0.43212759
8,972.912842,59cdb196328a33d4c7b1248b916e5090_shot_001_000,sharpness,mouth,7.1055
8,972.912842,59cdb196328a33d4c7b1248b916e5090_shot_001_000,lmd,mouth,6.968174
8,972.912842,59cdb196328a33d4c7b1248b916e5090_shot_001_000,sync_d,mouth,11.360978
8,972.912842,59cdb196328a33d4c7b1248b916e5090_shot_001_000,sync_c,mouth,2.583644
9,968.895081,59cdb196328a33d4c7b1248b916e5090_shot_001_000,pixel_mse,mouth,0.01751963
9,968.895081,59cdb196328a33d4c7b1248b916e5090_shot_001_000,pixel_mse,full,0.01968693
9,968.895081,59cdb196328a33d4c7b1248b916e5090_shot_001_000,ssim,mouth,0.65725142
9,968.895081,59cdb196328a33d4c7b1248b916e5090_shot_001_000,ssim,full,0.68201154
9,968.895081,59cdb196328a33d4c7b1248b916e5090_shot_001_000,lpips,mouth,0.42766985
9,968.895081,59cdb196328a33d4c7b1248b916e5090_shot_001_000,lpips,full,0.42887643
9,968.895081,59cdb196328a33d4c7b1248b916e5090_shot_001_000,sharpness,mouth,7.1417
9,968.895081,59cdb196328a33d4c7b1248b916e5090_shot_001_000,lmd,mouth,6.893255
9,968.895081,59cdb196328a33d4c7b1248b916e5090_shot_001_000,sync_d,mouth,11.241847
9,968.895081,59cdb196328a33d4c7b1248b916e5090_shot_001_000,sync_c,mouth,2.846649
10,964.707153,59cdb196328a33d4c7b1248b916e5090_shot_001_000,pixel_mse,mouth,0.01670416
10,964.707153,59cdb196328a33d4c7b1248b916e5090_shot_001_000,pixel_mse,full,0.01925196
10,964.707153,59cdb196328a33d4c7b1248b916e5090_shot_001_000,ssim,mouth,0.66384578
10,964.707153,59cdb196328a33d4c7b1248b916e5090_shot_001_000,ssim,full,0.68372869
10,964.707153,59cdb196328a33d4c7b1248b916e5090_shot_001_000,lpips,mouth,0.42533353
10,964.707153,59cdb196328a33d4c7b1248b916e5090_shot_001_000,lpips,full,0.42798248
10,964.707153,59cdb196328a33d4c7b1248b916e5090_shot_001_000,sharpness,mouth,6.7953
10,964.707153,59cdb196328a33d4c7b1248b916e5090_shot_001_000,lmd,mouth,6.158254
10,964.707153,59cdb196328a33d4c7b1248b916e5090_shot_001_000,sync_d,mouth,10.683683
10,964.707153,59cdb196328a33d4c7b1248b916e5090_shot_001_000,sync_c,mouth,3.324762
11,960.337952,59cdb196328a33d4c7b1248b916e5090_shot_001_000,pixel_mse,mouth,0.01640714
11,960.337952,59cdb196328a33d4c7b1248b916e5090_shot_001_000,pixel_mse,full,0.019553
11,960.337952,59cdb196328a33d4c7b1248b916e5090_shot_001_000,ssim,mouth,0.6635468
11,960.337952,59cdb196328a33d4c7b1248b916e5090_shot_001_000,ssim,full,0.68077505
11,960.337952,59cdb196328a33d4c7b1248b916e5090_shot_001_000,lpips,mouth,0.42135379
11,960.337952,59cdb196328a33d4c7b1248b916e5090_shot_001_000,lpips,full,0.42490801
11,960.337952,59cdb196328a33d4c7b1248b916e5090_shot_001_000,sharpness,mouth,6.821
11,960.337952,59cdb196328a33d4c7b1248b916e5090_shot_001_000,lmd,mouth,6.183471
11,960.337952,59cdb196328a33d4c7b1248b916e5090_shot_001_000,sync_d,mouth,10.433104
11,960.337952,59cdb196328a33d4c7b1248b916e5090_shot_001_000,sync_c,mouth,4.071877
12,955.775635,59cdb196328a33d4c7b1248b916e5090_shot_001_000,pixel_mse,mouth,0.01609133
12,955.775635,59cdb196328a33d4c7b1248b916e5090_shot_001_000,pixel_mse,full,0.01958025
12,955.775635,59cdb196328a33d4c7b1248b916e5090_shot_001_000,ssim,mouth,0.66438705
12,955.775635,59cdb196328a33d4c7b1248b916e5090_shot_001_000,ssim,full,0.68134153
12,955.775635,59cdb196328a33d4c7b1248b916e5090_shot_001_000,lpips,mouth,0.42465585
12,955.775635,59cdb196328a33d4c7b1248b916e5090_shot_001_000,lpips,full,0.42228109
12,955.775635,59cdb196328a33d4c7b1248b916e5090_shot_001_000,sharpness,mouth,6.8653
12,955.775635,59cdb196328a33d4c7b1248b916e5090_shot_001_000,lmd,mouth,6.150633
12,955.775635,59cdb196328a33d4c7b1248b916e5090_shot_001_000,sync_d,mouth,10.571953
12,955.775635,59cdb196328a33d4c7b1248b916e5090_shot_001_000,sync_c,mouth,3.768794
13,951.006897,59cdb196328a33d4c7b1248b916e5090_shot_001_000,pixel_mse,mouth,0.01648681
13,951.006897,59cdb196328a33d4c7b1248b916e5090_shot_001_000,pixel_mse,full,0.019627
13,951.006897,59cdb196328a33d4c7b1248b916e5090_shot_001_000,ssim,mouth,0.65880442
13,951.006897,59cdb196328a33d4c7b1248b916e5090_shot_001_000,ssim,full,0.68191838
13,951.006897,59cdb196328a33d4c7b1248b916e5090_shot_001_000,lpips,mouth,0.43049598
13,951.006897,59cdb196328a33d4c7b1248b916e5090_shot_001_000,lpips,full,0.42151958
13,951.006897,59cdb196328a33d4c7b1248b916e5090_shot_001_000,sharpness,mouth,6.8885
13,951.006897,59cdb196328a33d4c7b1248b916e5090_shot_001_000,lmd,mouth,6.462023
13,951.006897,59cdb196328a33d4c7b1248b916e5090_shot_001_000,sync_d,mouth,9.694531
13,951.006897,59cdb196328a33d4c7b1248b916e5090_shot_001_000,sync_c,mouth,4.121767
14,946.017517,59cdb196328a33d4c7b1248b916e5090_shot_001_000,pixel_mse,mouth,0.01670783
14,946.017517,59cdb196328a33d4c7b1248b916e5090_shot_001_000,pixel_mse,full,0.01978587
14,946.017517,59cdb196328a33d4c7b1248b916e5090_shot_001_000,ssim,mouth,0.65462011
14,946.017517,59cdb196328a33d4c7b1248b916e5090_shot_001_000,ssim,full,0.67970431
14,946.017517,59cdb196328a33d4c7b1248b916e5090_shot_001_000,lpips,mouth,0.42990792
14,946.017517,59cdb196328a33d4c7b1248b916e5090_shot_001_000,lpips,full,0.42135069
14,946.017517,59cdb196328a33d4c7b1248b916e5090_shot_001_000,sharpness,mouth,7.0748
14,946.017517,59cdb196328a33d4c7b1248b916e5090_shot_001_000,lmd,mouth,6.151643
14,946.017517,59cdb196328a33d4c7b1248b916e5090_shot_001_000,sync_d,mouth,9.641449
14,946.017517,59cdb196328a33d4c7b1248b916e5090_shot_001_000,sync_c,mouth,4.768141
15,940.791870,59cdb196328a33d4c7b1248b916e5090_shot_001_000,pixel_mse,mouth,0.021958
15,940.791870,59cdb196328a33d4c7b1248b916e5090_shot_001_000,pixel_mse,full,0.02014997
15,940.791870,59cdb196328a33d4c7b1248b916e5090_shot_001_000,ssim,mouth,0.61108154
15,940.791870,59cdb196328a33d4c7b1248b916e5090_shot_001_000,ssim,full,0.67226076
15,940.791870,59cdb196328a33d4c7b1248b916e5090_shot_001_000,lpips,mouth,0.43362191
15,940.791870,59cdb196328a33d4c7b1248b916e5090_shot_001_000,lpips,full,0.42059416
15,940.791870,59cdb196328a33d4c7b1248b916e5090_shot_001_000,sharpness,mouth,8.0352
15,940.791870,59cdb196328a33d4c7b1248b916e5090_shot_001_000,lmd,mouth,5.669094
15,940.791870,59cdb196328a33d4c7b1248b916e5090_shot_001_000,sync_d,mouth,9.474054
15,940.791870,59cdb196328a33d4c7b1248b916e5090_shot_001_000,sync_c,mouth,4.970033
16,935.312622,59cdb196328a33d4c7b1248b916e5090_shot_001_000,pixel_mse,mouth,0.03364174
16,935.312622,59cdb196328a33d4c7b1248b916e5090_shot_001_000,pixel_mse,full,0.02329441
16,935.312622,59cdb196328a33d4c7b1248b916e5090_shot_001_000,ssim,mouth,0.54712826
16,935.312622,59cdb196328a33d4c7b1248b916e5090_shot_001_000,ssim,full,0.64147353
16,935.312622,59cdb196328a33d4c7b1248b916e5090_shot_001_000,lpips,mouth,0.43672529
16,935.312622,59cdb196328a33d4c7b1248b916e5090_shot_001_000,lpips,full,0.43000183
16,935.312622,59cdb196328a33d4c7b1248b916e5090_shot_001_000,sharpness,mouth,10.3194
16,935.312622,59cdb196328a33d4c7b1248b916e5090_shot_001_000,lmd,mouth,6.054527
16,935.312622,59cdb196328a33d4c7b1248b916e5090_shot_001_000,sync_d,mouth,9.697228
16,935.312622,59cdb196328a33d4c7b1248b916e5090_shot_001_000,sync_c,mouth,4.632168
17,929.560913,59cdb196328a33d4c7b1248b916e5090_shot_001_000,pixel_mse,mouth,0.01693917
17,929.560913,59cdb196328a33d4c7b1248b916e5090_shot_001_000,pixel_mse,full,0.02001338
17,929.560913,59cdb196328a33d4c7b1248b916e5090_shot_001_000,ssim,mouth,0.65474999
17,929.560913,59cdb196328a33d4c7b1248b916e5090_shot_001_000,ssim,full,0.68354613
17,929.560913,59cdb196328a33d4c7b1248b916e5090_shot_001_000,lpips,mouth,0.44392368
17,929.560913,59cdb196328a33d4c7b1248b916e5090_shot_001_000,lpips,full,0.42104679
17,929.560913,59cdb196328a33d4c7b1248b916e5090_shot_001_000,sharpness,mouth,6.4684
17,929.560913,59cdb196328a33d4c7b1248b916e5090_shot_001_000,lmd,mouth,6.487333
17,929.560913,59cdb196328a33d4c7b1248b916e5090_shot_001_000,sync_d,mouth,11.66431
17,929.560913,59cdb196328a33d4c7b1248b916e5090_shot_001_000,sync_c,mouth,2.496914
18,923.515991,59cdb196328a33d4c7b1248b916e5090_shot_001_000,pixel_mse,mouth,0.01572528
18,923.515991,59cdb196328a33d4c7b1248b916e5090_shot_001_000,pixel_mse,full,0.01946353
18,923.515991,59cdb196328a33d4c7b1248b916e5090_shot_001_000,ssim,mouth,0.66730917
18,923.515991,59cdb196328a33d4c7b1248b916e5090_shot_001_000,ssim,full,0.68853062
18,923.515991,59cdb196328a33d4c7b1248b916e5090_shot_001_000,lpips,mouth,0.44374222
18,923.515991,59cdb196328a33d4c7b1248b916e5090_shot_001_000,lpips,full,0.42420316
18,923.515991,59cdb196328a33d4c7b1248b916e5090_shot_001_000,sharpness,mouth,6.4266
18,923.515991,59cdb196328a33d4c7b1248b916e5090_shot_001_000,lmd,mouth,5.605054
18,923.515991,59cdb196328a33d4c7b1248b916e5090_shot_001_000,sync_d,mouth,11.206215
18,923.515991,59cdb196328a33d4c7b1248b916e5090_shot_001_000,sync_c,mouth,2.157149
19,917.154785,59cdb196328a33d4c7b1248b916e5090_shot_001_000,pixel_mse,mouth,0.01972155
19,917.154785,59cdb196328a33d4c7b1248b916e5090_shot_001_000,pixel_mse,full,0.0204043
19,917.154785,59cdb196328a33d4c7b1248b916e5090_shot_001_000,ssim,mouth,0.6419847
19,917.154785,59cdb196328a33d4c7b1248b916e5090_shot_001_000,ssim,full,0.68504852
19,917.154785,59cdb196328a33d4c7b1248b916e5090_shot_001_000,lpips,mouth,0.43951905
19,917.154785,59cdb196328a33d4c7b1248b916e5090_shot_001_000,lpips,full,0.42461556
19,917.154785,59cdb196328a33d4c7b1248b916e5090_shot_001_000,sharpness,mouth,7.1917
19,917.154785,59cdb196328a33d4c7b1248b916e5090_shot_001_000,lmd,mouth,5.964069
19,917.154785,59cdb196328a33d4c7b1248b916e5090_shot_001_000,sync_d,mouth,9.845506
19,917.154785,59cdb196328a33d4c7b1248b916e5090_shot_001_000,sync_c,mouth,3.360168
20,910.451721,59cdb196328a33d4c7b1248b916e5090_shot_001_000,pixel_mse,mouth,0.01753257
20,910.451721,59cdb196328a33d4c7b1248b916e5090_shot_001_000,pixel_mse,full,0.02011046
20,910.451721,59cdb196328a33d4c7b1248b916e5090_shot_001_000,ssim,mouth,0.65088171
20,910.451721,59cdb196328a33d4c7b1248b916e5090_shot_001_000,ssim,full,0.68516397
20,910.451721,59cdb196328a33d4c7b1248b916e5090_shot_001_000,lpips,mouth,0.4471494
20,910.451721,59cdb196328a33d4c7b1248b916e5090_shot_001_000,lpips,full,0.4274947
20,910.451721,59cdb196328a33d4c7b1248b916e5090_shot_001_000,sharpness,mouth,6.8658
20,910.451721,59cdb196328a33d4c7b1248b916e5090_shot_001_000,lmd,mouth,5.437308
20,910.451721,59cdb196328a33d4c7b1248b916e5090_shot_001_000,sync_d,mouth,9.339831
20,910.451721,59cdb196328a33d4c7b1248b916e5090_shot_001_000,sync_c,mouth,3.891264
21,903.378723,59cdb196328a33d4c7b1248b916e5090_shot_001_000,pixel_mse,mouth,0.01637186
21,903.378723,59cdb196328a33d4c7b1248b916e5090_shot_001_000,pixel_mse,full,0.01950117
21,903.378723,59cdb196328a33d4c7b1248b916e5090_shot_001_000,ssim,mouth,0.65824246
21,903.378723,59cdb196328a33d4c7b1248b916e5090_shot_001_000,ssim,full,0.68903136
21,903.378723,59cdb196328a33d4c7b1248b916e5090_shot_001_000,lpips,mouth,0.45514607
21,903.378723,59cdb196328a33d4c7b1248b916e5090_shot_001_000,lpips,full,0.42690372
21,903.378723,59cdb196328a33d4c7b1248b916e5090_shot_001_000,sharpness,mouth,7.0437
21,903.378723,59cdb196328a33d4c7b1248b916e5090_shot_001_000,lmd,mouth,5.415871
21,903.378723,59cdb196328a33d4c7b1248b916e5090_shot_001_000,sync_d,mouth,9.729994
21,903.378723,59cdb196328a33d4c7b1248b916e5090_shot_001_000,sync_c,mouth,3.184315
22,895.903931,59cdb196328a33d4c7b1248b916e5090_shot_001_000,pixel_mse,mouth,0.0149647
22,895.903931,59cdb196328a33d4c7b1248b916e5090_shot_001_000,pixel_mse,full,0.01929676
22,895.903931,59cdb196328a33d4c7b1248b916e5090_shot_001_000,ssim,mouth,0.66493028
22,895.903931,59cdb196328a33d4c7b1248b916e5090_shot_001_000,ssim,full,0.69291288
22,895.903931,59cdb196328a33d4c7b1248b916e5090_shot_001_000,lpips,mouth,0.43696621
22,895.903931,59cdb196328a33d4c7b1248b916e5090_shot_001_000,lpips,full,0.42557755
22,895.903931,59cdb196328a33d4c7b1248b916e5090_shot_001_000,sharpness,mouth,6.8928
22,895.903931,59cdb196328a33d4c7b1248b916e5090_shot_001_000,lmd,mouth,4.547484
22,895.903931,59cdb196328a33d4c7b1248b916e5090_shot_001_000,sync_d,mouth,10.158181
22,895.903931,59cdb196328a33d4c7b1248b916e5090_shot_001_000,sync_c,mouth,2.864143
23,887.992493,59cdb196328a33d4c7b1248b916e5090_shot_001_000,pixel_mse,mouth,0.01510799
23,887.992493,59cdb196328a33d4c7b1248b916e5090_shot_001_000,pixel_mse,full,0.01882741
23,887.992493,59cdb196328a33d4c7b1248b916e5090_shot_001_000,ssim,mouth,0.66849405
23,887.992493,59cdb196328a33d4c7b1248b916e5090_shot_001_000,ssim,full,0.69560623
23,887.992493,59cdb196328a33d4c7b1248b916e5090_shot_001_000,lpips,mouth,0.44130617
23,887.992493,59cdb196328a33d4c7b1248b916e5090_shot_001_000,lpips,full,0.42280385
23,887.992493,59cdb196328a33d4c7b1248b916e5090_shot_001_000,sharpness,mouth,6.6255
23,887.992493,59cdb196328a33d4c7b1248b916e5090_shot_001_000,lmd,mouth,5.227802
23,887.992493,59cdb196328a33d4c7b1248b916e5090_shot_001_000,sync_d,mouth,10.561381
23,887.992493,59cdb196328a33d4c7b1248b916e5090_shot_001_000,sync_c,mouth,2.569976
24,879.604736,59cdb196328a33d4c7b1248b916e5090_shot_001_000,pixel_mse,mouth,0.01498513
24,879.604736,59cdb196328a33d4c7b1248b916e5090_shot_001_000,pixel_mse,full,0.01886076
24,879.604736,59cdb196328a33d4c7b1248b916e5090_shot_001_000,ssim,mouth,0.66983169
24,879.604736,59cdb196328a33d4c7b1248b916e5090_shot_001_000,ssim,full,0.69607204
24,879.604736,59cdb196328a33d4c7b1248b916e5090_shot_001_000,lpips,mouth,0.43511689
24,879.604736,59cdb196328a33d4c7b1248b916e5090_shot_001_000,lpips,full,0.42172751
24,879.604736,59cdb196328a33d4c7b1248b916e5090_shot_001_000,sharpness,mouth,6.4473
24,879.604736,59cdb196328a33d4c7b1248b916e5090_shot_001_000,lmd,mouth,4.612642
24,879.604736,59cdb196328a33d4c7b1248b916e5090_shot_001_000,sync_d,mouth,10.89232
24,879.604736,59cdb196328a33d4c7b1248b916e5090_shot_001_000,sync_c,mouth,2.054588
25,870.696350,59cdb196328a33d4c7b1248b916e5090_shot_001_000,pixel_mse,mouth,0.01460597
25,870.696350,59cdb196328a33d4c7b1248b916e5090_shot_001_000,pixel_mse,full,0.01901356
25,870.696350,59cdb196328a33d4c7b1248b916e5090_shot_001_000,ssim,mouth,0.67453665
25,870.696350,59cdb196328a33d4c7b1248b916e5090_shot_001_000,ssim,full,0.69765466
25,870.696350,59cdb196328a33d4c7b1248b916e5090_shot_001_000,lpips,mouth,0.42539322
25,870.696350,59cdb196328a33d4c7b1248b916e5090_shot_001_000,lpips,full,0.41871345
25,870.696350,59cdb196328a33d4c7b1248b916e5090_shot_001_000,sharpness,mouth,6.595
25,870.696350,59cdb196328a33d4c7b1248b916e5090_shot_001_000,lmd,mouth,4.631361
25,870.696350,59cdb196328a33d4c7b1248b916e5090_shot_001_000,sync_d,mouth,10.214563
25,870.696350,59cdb196328a33d4c7b1248b916e5090_shot_001_000,sync_c,mouth,2.764273
26,861.217407,59cdb196328a33d4c7b1248b916e5090_shot_001_000,pixel_mse,mouth,0.01434621
26,861.217407,59cdb196328a33d4c7b1248b916e5090_shot_001_000,pixel_mse,full,0.01885524
26,861.217407,59cdb196328a33d4c7b1248b916e5090_shot_001_000,ssim,mouth,0.67562515
26,861.217407,59cdb196328a33d4c7b1248b916e5090_shot_001_000,ssim,full,0.69781923
26,861.217407,59cdb196328a33d4c7b1248b916e5090_shot_001_000,lpips,mouth,0.42708862
26,861.217407,59cdb196328a33d4c7b1248b916e5090_shot_001_000,lpips,full,0.41719678
26,861.217407,59cdb196328a33d4c7b1248b916e5090_shot_001_000,sharpness,mouth,6.5467
26,861.217407,59cdb196328a33d4c7b1248b916e5090_shot_001_000,lmd,mouth,4.591045
26,861.217407,59cdb196328a33d4c7b1248b916e5090_shot_001_000,sync_d,mouth,10.504993
26,861.217407,59cdb196328a33d4c7b1248b916e5090_shot_001_000,sync_c,mouth,2.326259
27,851.111145,59cdb196328a33d4c7b1248b916e5090_shot_001_000,pixel_mse,mouth,0.01394945
27,851.111145,59cdb196328a33d4c7b1248b916e5090_shot_001_000,pixel_mse,full,0.01884203
27,851.111145,59cdb196328a33d4c7b1248b916e5090_shot_001_000,ssim,mouth,0.67553407
27,851.111145,59cdb196328a33d4c7b1248b916e5090_shot_001_000,ssim,full,0.69694847
27,851.111145,59cdb196328a33d4c7b1248b916e5090_shot_001_000,lpips,mouth,0.42629704
27,851.111145,59cdb196328a33d4c7b1248b916e5090_shot_001_000,lpips,full,0.41684347
27,851.111145,59cdb196328a33d4c7b1248b916e5090_shot_001_000,sharpness,mouth,6.6355
27,851.111145,59cdb196328a33d4c7b1248b916e5090_shot_001_000,lmd,mouth,4.436855
27,851.111145,59cdb196328a33d4c7b1248b916e5090_shot_001_000,sync_d,mouth,10.719341
27,851.111145,59cdb196328a33d4c7b1248b916e5090_shot_001_000,sync_c,mouth,2.150213
28,840.313232,59cdb196328a33d4c7b1248b916e5090_shot_001_000,pixel_mse,mouth,0.01414756
28,840.313232,59cdb196328a33d4c7b1248b916e5090_shot_001_000,pixel_mse,full,0.01874817
28,840.313232,59cdb196328a33d4c7b1248b916e5090_shot_001_000,ssim,mouth,0.67320728
28,840.313232,59cdb196328a33d4c7b1248b916e5090_shot_001_000,ssim,full,0.69876122
28,840.313232,59cdb196328a33d4c7b1248b916e5090_shot_001_000,lpips,mouth,0.42250741
28,840.313232,59cdb196328a33d4c7b1248b916e5090_shot_001_000,lpips,full,0.4180271
28,840.313232,59cdb196328a33d4c7b1248b916e5090_shot_001_000,sharpness,mouth,6.6306
28,840.313232,59cdb196328a33d4c7b1248b916e5090_shot_001_000,lmd,mouth,4.101405
28,840.313232,59cdb196328a33d4c7b1248b916e5090_shot_001_000,sync_d,mouth,10.545669
28,840.313232,59cdb196328a33d4c7b1248b916e5090_shot_001_000,sync_c,mouth,2.408186
29,828.750244,59cdb196328a33d4c7b1248b916e5090_shot_001_000,pixel_mse,mouth,0.01445128
29,828.750244,59cdb196328a33d4c7b1248b916e5090_shot_001_000,pixel_mse,full,0.01871297
29,828.750244,59cdb196328a33d4c7b1248b916e5090_shot_001_000,ssim,mouth,0.67426258
29,828.750244,59cdb196328a33d4c7b1248b916e5090_shot_001_000,ssim,full,0.69968718
29,828.750244,59cdb196328a33d4c7b1248b916e5090_shot_001_000,lpips,mouth,0.43537223
29,828.750244,59cdb196328a33d4c7b1248b916e5090_shot_001_000,lpips,full,0.42152485
29,828.750244,59cdb196328a33d4c7b1248b916e5090_shot_001_000,sharpness,mouth,6.6827
29,828.750244,59cdb196328a33d4c7b1248b916e5090_shot_001_000,lmd,mouth,4.548239
29,828.750244,59cdb196328a33d4c7b1248b916e5090_shot_001_000,sync_d,mouth,11.147716
29,828.750244,59cdb196328a33d4c7b1248b916e5090_shot_001_000,sync_c,mouth,1.648378
30,816.337830,59cdb196328a33d4c7b1248b916e5090_shot_001_000,pixel_mse,mouth,0.01498772
30,816.337830,59cdb196328a33d4c7b1248b916e5090_shot_001_000,pixel_mse,full,0.01858245
30,816.337830,59cdb196328a33d4c7b1248b916e5090_shot_001_000,ssim,mouth,0.67581284
30,816.337830,59cdb196328a33d4c7b1248b916e5090_shot_001_000,ssim,full,0.69996232
30,816.337830,59cdb196328a33d4c7b1248b916e5090_shot_001_000,lpips,mouth,0.43699646
30,816.337830,59cdb196328a33d4c7b1248b916e5090_shot_001_000,lpips,full,0.42372474
30,816.337830,59cdb196328a33d4c7b1248b916e5090_shot_001_000,sharpness,mouth,6.5984
30,816.337830,59cdb196328a33d4c7b1248b916e5090_shot_001_000,lmd,mouth,4.33555
30,816.337830,59cdb196328a33d4c7b1248b916e5090_shot_001_000,sync_d,mouth,11.133984
30,816.337830,59cdb196328a33d4c7b1248b916e5090_shot_001_000,sync_c,mouth,1.603547
31,802.978699,59cdb196328a33d4c7b1248b916e5090_shot_001_000,pixel_mse,mouth,0.01547381
31,802.978699,59cdb196328a33d4c7b1248b916e5090_shot_001_000,pixel_mse,full,0.01867034
31,802.978699,59cdb196328a33d4c7b1248b916e5090_shot_001_000,ssim,mouth,0.67502522
31,802.978699,59cdb196328a33d4c7b1248b916e5090_shot_001_000,ssim,full,0.69973296
31,802.978699,59cdb196328a33d4c7b1248b916e5090_shot_001_000,lpips,mouth,0.43564859
31,802.978699,59cdb196328a33d4c7b1248b916e5090_shot_001_000,lpips,full,0.42461491
31,802.978699,59cdb196328a33d4c7b1248b916e5090_shot_001_000,sharpness,mouth,6.7291
31,802.978699,59cdb196328a33d4c7b1248b916e5090_shot_001_000,lmd,mouth,4.891383
31,802.978699,59cdb196328a33d4c7b1248b916e5090_shot_001_000,sync_d,mouth,10.814397
31,802.978699,59cdb196328a33d4c7b1248b916e5090_shot_001_000,sync_c,mouth,2.05948
32,788.560242,59cdb196328a33d4c7b1248b916e5090_shot_001_000,pixel_mse,mouth,0.01523395
32,788.560242,59cdb196328a33d4c7b1248b916e5090_shot_001_000,pixel_mse,full,0.01887155
32,788.560242,59cdb196328a33d4c7b1248b916e5090_shot_001_000,ssim,mouth,0.67785269
32,788.560242,59cdb196328a33d4c7b1248b916e5090_shot_001_000,ssim,full,0.69987494
32,788.560242,59cdb196328a33d4c7b1248b916e5090_shot_001_000,lpips,mouth,0.43570578
32,788.560242,59cdb196328a33d4c7b1248b916e5090_shot_001_000,lpips,full,0.42456144
32,788.560242,59cdb196328a33d4c7b1248b916e5090_shot_001_000,sharpness,mouth,6.6367
32,788.560242,59cdb196328a33d4c7b1248b916e5090_shot_001_000,lmd,mouth,5.650065
32,788.560242,59cdb196328a33d4c7b1248b916e5090_shot_001_000,sync_d,mouth,10.978469
32,788.560242,59cdb196328a33d4c7b1248b916e5090_shot_001_000,sync_c,mouth,1.820801
33,772.951477,59cdb196328a33d4c7b1248b916e5090_shot_001_000,pixel_mse,mouth,0.0154552
33,772.951477,59cdb196328a33d4c7b1248b916e5090_shot_001_000,pixel_mse,full,0.01911345
33,772.951477,59cdb196328a33d4c7b1248b916e5090_shot_001_000,ssim,mouth,0.67520845
33,772.951477,59cdb196328a33d4c7b1248b916e5090_shot_001_000,ssim,full,0.6995523
33,772.951477,59cdb196328a33d4c7b1248b916e5090_shot_001_000,lpips,mouth,0.43455294
33,772.951477,59cdb196328a33d4c7b1248b916e5090_shot_001_000,lpips,full,0.42567962
33,772.951477,59cdb196328a33d4c7b1248b916e5090_shot_001_000,sharpness,mouth,6.7323
33,772.951477,59cdb196328a33d4c7b1248b916e5090_shot_001_000,lmd,mouth,5.473479
33,772.951477,59cdb196328a33d4c7b1248b916e5090_shot_001_000,sync_d,mouth,11.458505
33,772.951477,59cdb196328a33d4c7b1248b916e5090_shot_001_000,sync_c,mouth,1.442375
34,755.998352,59cdb196328a33d4c7b1248b916e5090_shot_001_000,pixel_mse,mouth,0.01511303
34,755.998352,59cdb196328a33d4c7b1248b916e5090_shot_001_000,pixel_mse,full,0.0190849
34,755.998352,59cdb196328a33d4c7b1248b916e5090_shot_001_000,ssim,mouth,0.67757004
34,755.998352,59cdb196328a33d4c7b1248b916e5090_shot_001_000,ssim,full,0.70063174
34,755.998352,59cdb196328a33d4c7b1248b916e5090_shot_001_000,lpips,mouth,0.43890738
34,755.998352,59cdb196328a33d4c7b1248b916e5090_shot_001_000,lpips,full,0.42698282
34,755.998352,59cdb196328a33d4c7b1248b916e5090_shot_001_000,sharpness,mouth,6.8096
34,755.998352,59cdb196328a33d4c7b1248b916e5090_shot_001_000,lmd,mouth,5.584138
34,755.998352,59cdb196328a33d4c7b1248b916e5090_shot_001_000,sync_d,mouth,10.903793
34,755.998352,59cdb196328a33d4c7b1248b916e5090_shot_001_000,sync_c,mouth,1.855543
35,737.519714,59cdb196328a33d4c7b1248b916e5090_shot_001_000,pixel_mse,mouth,0.01491647
35,737.519714,59cdb196328a33d4c7b1248b916e5090_shot_001_000,pixel_mse,full,0.01928994
35,737.519714,59cdb196328a33d4c7b1248b916e5090_shot_001_000,ssim,mouth,0.68001342
35,737.519714,59cdb196328a33d4c7b1248b916e5090_shot_001_000,ssim,full,0.70058632
35,737.519714,59cdb196328a33d4c7b1248b916e5090_shot_001_000,lpips,mouth,0.43836227
35,737.519714,59cdb196328a33d4c7b1248b916e5090_shot_001_000,lpips,full,0.42856386
35,737.519714,59cdb196328a33d4c7b1248b916e5090_shot_001_000,sharpness,mouth,6.6526
35,737.519714,59cdb196328a33d4c7b1248b916e5090_shot_001_000,lmd,mouth,5.387873
35,737.519714,59cdb196328a33d4c7b1248b916e5090_shot_001_000,sync_d,mouth,10.577654
35,737.519714,59cdb196328a33d4c7b1248b916e5090_shot_001_000,sync_c,mouth,2.173824
36,717.299683,59cdb196328a33d4c7b1248b916e5090_shot_001_000,pixel_mse,mouth,0.01487931
36,717.299683,59cdb196328a33d4c7b1248b916e5090_shot_001_000,pixel_mse,full,0.01916314
36,717.299683,59cdb196328a33d4c7b1248b916e5090_shot_001_000,ssim,mouth,0.68164343
36,717.299683,59cdb196328a33d4c7b1248b916e5090_shot_001_000,ssim,full,0.70063955
36,717.299683,59cdb196328a33d4c7b1248b916e5090_shot_001_000,lpips,mouth,0.4387776
36,717.299683,59cdb196328a33d4c7b1248b916e5090_shot_001_000,lpips,full,0.42968321
36,717.299683,59cdb196328a33d4c7b1248b916e5090_shot_001_000,sharpness,mouth,6.6035
36,717.299683,59cdb196328a33d4c7b1248b916e5090_shot_001_000,lmd,mouth,5.548964
36,717.299683,59cdb196328a33d4c7b1248b916e5090_shot_001_000,sync_d,mouth,10.878498
36,717.299683,59cdb196328a33d4c7b1248b916e5090_shot_001_000,sync_c,mouth,1.947466
37,695.080139,59cdb196328a33d4c7b1248b916e5090_shot_001_000,pixel_mse,mouth,0.01487645
37,695.080139,59cdb196328a33d4c7b1248b916e5090_shot_001_000,pixel_mse,full,0.01898235
37,695.080139,59cdb196328a33d4c7b1248b916e5090_shot_001_000,ssim,mouth,0.68299609
37,695.080139,59cdb196328a33d4c7b1248b916e5090_shot_001_000,ssim,full,0.70267296
37,695.080139,59cdb196328a33d4c7b1248b916e5090_shot_001_000,lpips,mouth,0.44033
37,695.080139,59cdb196328a33d4c7b1248b916e5090_shot_001_000,lpips,full,0.42934874
37,695.080139,59cdb196328a33d4c7b1248b916e5090_shot_001_000,sharpness,mouth,6.5969
37,695.080139,59cdb196328a33d4c7b1248b916e5090_shot_001_000,lmd,mouth,5.746634
37,695.080139,59cdb196328a33d4c7b1248b916e5090_shot_001_000,sync_d,mouth,10.690545
37,695.080139,59cdb196328a33d4c7b1248b916e5090_shot_001_000,sync_c,mouth,1.827465
38,670.548828,59cdb196328a33d4c7b1248b916e5090_shot_001_000,pixel_mse,mouth,0.01468213
38,670.548828,59cdb196328a33d4c7b1248b916e5090_shot_001_000,pixel_mse,full,0.01894978
38,670.548828,59cdb196328a33d4c7b1248b916e5090_shot_001_000,ssim,mouth,0.68491912
38,670.548828,59cdb196328a33d4c7b1248b916e5090_shot_001_000,ssim,full,0.70282602
38,670.548828,59cdb196328a33d4c7b1248b916e5090_shot_001_000,lpips,mouth,0.44419917
38,670.548828,59cdb196328a33d4c7b1248b916e5090_shot_001_000,lpips,full,0.43042952
38,670.548828,59cdb196328a33d4c7b1248b916e5090_shot_001_000,sharpness,mouth,6.586
38,670.548828,59cdb196328a33d4c7b1248b916e5090_shot_001_000,lmd,mouth,4.987357
38,670.548828,59cdb196328a33d4c7b1248b916e5090_shot_001_000,sync_d,mouth,10.738507
38,670.548828,59cdb196328a33d4c7b1248b916e5090_shot_001_000,sync_c,mouth,1.574374
39,643.325317,59cdb196328a33d4c7b1248b916e5090_shot_001_000,pixel_mse,mouth,0.01476043
39,643.325317,59cdb196328a33d4c7b1248b916e5090_shot_001_000,pixel_mse,full,0.01897765
39,643.325317,59cdb196328a33d4c7b1248b916e5090_shot_001_000,ssim,mouth,0.68444115
39,643.325317,59cdb196328a33d4c7b1248b916e5090_shot_001_000,ssim,full,0.70271832
39,643.325317,59cdb196328a33d4c7b1248b916e5090_shot_001_000,lpips,mouth,0.44072616
39,643.325317,59cdb196328a33d4c7b1248b916e5090_shot_001_000,lpips,full,0.42995119
39,643.325317,59cdb196328a33d4c7b1248b916e5090_shot_001_000,sharpness,mouth,6.6391
39,643.325317,59cdb196328a33d4c7b1248b916e5090_shot_001_000,lmd,mouth,5.026064
39,643.325317,59cdb196328a33d4c7b1248b916e5090_shot_001_000,sync_d,mouth,11.215995
39,643.325317,59cdb196328a33d4c7b1248b916e5090_shot_001_000,sync_c,mouth,1.245616
40,612.940735,59cdb196328a33d4c7b1248b916e5090_shot_001_000,pixel_mse,mouth,0.01463605
40,612.940735,59cdb196328a33d4c7b1248b916e5090_shot_001_000,pixel_mse,full,0.01892621
40,612.940735,59cdb196328a33d4c7b1248b916e5090_shot_001_000,ssim,mouth,0.68612647
40,612.940735,59cdb196328a33d4c7b1248b916e5090_shot_001_000,ssim,full,0.70341367
40,612.940735,59cdb196328a33d4c7b1248b916e5090_shot_001_000,lpips,mouth,0.44037676
40,612.940735,59cdb196328a33d4c7b1248b916e5090_shot_001_000,lpips,full,0.43020996
40,612.940735,59cdb196328a33d4c7b1248b916e5090_shot_001_000,sharpness,mouth,6.6725
40,612.940735,59cdb196328a33d4c7b1248b916e5090_shot_001_000,lmd,mouth,4.931518
40,612.940735,59cdb196328a33d4c7b1248b916e5090_shot_001_000,sync_d,mouth,10.96756
40,612.940735,59cdb196328a33d4c7b1248b916e5090_shot_001_000,sync_c,mouth,1.618668
41,578.810425,59cdb196328a33d4c7b1248b916e5090_shot_001_000,pixel_mse,mouth,0.01439122
41,578.810425,59cdb196328a33d4c7b1248b916e5090_shot_001_000,pixel_mse,full,0.01891574
41,578.810425,59cdb196328a33d4c7b1248b916e5090_shot_001_000,ssim,mouth,0.68841273
41,578.810425,59cdb196328a33d4c7b1248b916e5090_shot_001_000,ssim,full,0.70411414
41,578.810425,59cdb196328a33d4c7b1248b916e5090_shot_001_000,lpips,mouth,0.43926564
41,578.810425,59cdb196328a33d4c7b1248b916e5090_shot_001_000,lpips,full,0.43013227
41,578.810425,59cdb196328a33d4c7b1248b916e5090_shot_001_000,sharpness,mouth,6.5302
41,578.810425,59cdb196328a33d4c7b1248b916e5090_shot_001_000,lmd,mouth,5.135388
41,578.810425,59cdb196328a33d4c7b1248b916e5090_shot_001_000,sync_d,mouth,11.291004
41,578.810425,59cdb196328a33d4c7b1248b916e5090_shot_001_000,sync_c,mouth,1.241408
42,540.196350,59cdb196328a33d4c7b1248b916e5090_shot_001_000,pixel_mse,mouth,0.01439924
42,540.196350,59cdb196328a33d4c7b1248b916e5090_shot_001_000,pixel_mse,full,0.01897127
42,540.196350,59cdb196328a33d4c7b1248b916e5090_shot_001_000,ssim,mouth,0.68899763
42,540.196350,59cdb196328a33d4c7b1248b916e5090_shot_001_000,ssim,full,0.70412409
42,540.196350,59cdb196328a33d4c7b1248b916e5090_shot_001_000,lpips,mouth,0.44048384
42,540.196350,59cdb196328a33d4c7b1248b916e5090_shot_001_000,lpips,full,0.42998487
42,540.196350,59cdb196328a33d4c7b1248b916e5090_shot_001_000,sharpness,mouth,6.5735
42,540.196350,59cdb196328a33d4c7b1248b916e5090_shot_001_000,lmd,mouth,5.445511
42,540.196350,59cdb196328a33d4c7b1248b916e5090_shot_001_000,sync_d,mouth,11.090007
42,540.196350,59cdb196328a33d4c7b1248b916e5090_shot_001_000,sync_c,mouth,1.478724
43,496.152893,59cdb196328a33d4c7b1248b916e5090_shot_001_000,pixel_mse,mouth,0.0144085
43,496.152893,59cdb196328a33d4c7b1248b916e5090_shot_001_000,pixel_mse,full,0.0189495
43,496.152893,59cdb196328a33d4c7b1248b916e5090_shot_001_000,ssim,mouth,0.69015676
43,496.152893,59cdb196328a33d4c7b1248b916e5090_shot_001_000,ssim,full,0.70498937
43,496.152893,59cdb196328a33d4c7b1248b916e5090_shot_001_000,lpips,mouth,0.44369143
43,496.152893,59cdb196328a33d4c7b1248b916e5090_shot_001_000,lpips,full,0.43067557
43,496.152893,59cdb196328a33d4c7b1248b916e5090_shot_001_000,sharpness,mouth,6.7407
43,496.152893,59cdb196328a33d4c7b1248b916e5090_shot_001_000,lmd,mouth,5.269682
43,496.152893,59cdb196328a33d4c7b1248b916e5090_shot_001_000,sync_d,mouth,11.202973
43,496.152893,59cdb196328a33d4c7b1248b916e5090_shot_001_000,sync_c,mouth,1.247676
44,445.448151,59cdb196328a33d4c7b1248b916e5090_shot_001_000,pixel_mse,mouth,0.01442238
44,445.448151,59cdb196328a33d4c7b1248b916e5090_shot_001_000,pixel_mse,full,0.01896013
44,445.448151,59cdb196328a33d4c7b1248b916e5090_shot_001_000,ssim,mouth,0.69123161
44,445.448151,59cdb196328a33d4c7b1248b916e5090_shot_001_000,ssim,full,0.70539057
44,445.448151,59cdb196328a33d4c7b1248b916e5090_shot_001_000,lpips,mouth,0.44403887
44,445.448151,59cdb196328a33d4c7b1248b916e5090_shot_001_000,lpips,full,0.43122467
44,445.448151,59cdb196328a33d4c7b1248b916e5090_shot_001_000,sharpness,mouth,6.752
44,445.448151,59cdb196328a33d4c7b1248b916e5090_shot_001_000,lmd,mouth,4.933088
44,445.448151,59cdb196328a33d4c7b1248b916e5090_shot_001_000,sync_d,mouth,11.202482
44,445.448151,59cdb196328a33d4c7b1248b916e5090_shot_001_000,sync_c,mouth,1.385843
45,386.447418,59cdb196328a33d4c7b1248b916e5090_shot_001_000,pixel_mse,mouth,0.01452776
45,386.447418,59cdb196328a33d4c7b1248b916e5090_shot_001_000,pixel_mse,full,0.01895079
45,386.447418,59cdb196328a33d4c7b1248b916e5090_shot_001_000,ssim,mouth,0.69038302
45,386.447418,59cdb196328a33d4c7b1248b916e5090_shot_001_000,ssim,full,0.70583916
45,386.447418,59cdb196328a33d4c7b1248b916e5090_shot_001_000,lpips,mouth,0.44453618
45,386.447418,59cdb196328a33d4c7b1248b916e5090_shot_001_000,lpips,full,0.4315581
45,386.447418,59cdb196328a33d4c7b1248b916e5090_shot_001_000,sharpness,mouth,6.7949
45,386.447418,59cdb196328a33d4c7b1248b916e5090_shot_001_000,lmd,mouth,5.039626
45,386.447418,59cdb196328a33d4c7b1248b916e5090_shot_001_000,sync_d,mouth,11.024757
45,386.447418,59cdb196328a33d4c7b1248b916e5090_shot_001_000,sync_c,mouth,1.590178
46,316.933258,59cdb196328a33d4c7b1248b916e5090_shot_001_000,pixel_mse,mouth,0.01456666
46,316.933258,59cdb196328a33d4c7b1248b916e5090_shot_001_000,pixel_mse,full,0.01898717
46,316.933258,59cdb196328a33d4c7b1248b916e5090_shot_001_000,ssim,mouth,0.69099212
46,316.933258,59cdb196328a33d4c7b1248b916e5090_shot_001_000,ssim,full,0.70593458
46,316.933258,59cdb196328a33d4c7b1248b916e5090_shot_001_000,lpips,mouth,0.44275665
46,316.933258,59cdb196328a33d4c7b1248b916e5090_shot_001_000,lpips,full,0.43231094
46,316.933258,59cdb196328a33d4c7b1248b916e5090_shot_001_000,sharpness,mouth,6.8423
46,316.933258,59cdb196328a33d4c7b1248b916e5090_shot_001_000,lmd,mouth,5.31514
46,316.933258,59cdb196328a33d4c7b1248b916e5090_shot_001_000,sync_d,mouth,10.966155
46,316.933258,59cdb196328a33d4c7b1248b916e5090_shot_001_000,sync_c,mouth,1.769904
47,233.820694,59cdb196328a33d4c7b1248b916e5090_shot_001_000,pixel_mse,mouth,0.01455728
47,233.820694,59cdb196328a33d4c7b1248b916e5090_shot_001_000,pixel_mse,full,0.01901259
47,233.820694,59cdb196328a33d4c7b1248b916e5090_shot_001_000,ssim,mouth,0.69203085
47,233.820694,59cdb196328a33d4c7b1248b916e5090_shot_001_000,ssim,full,0.70648897
47,233.820694,59cdb196328a33d4c7b1248b916e5090_shot_001_000,lpips,mouth,0.44312182
47,233.820694,59cdb196328a33d4c7b1248b916e5090_shot_001_000,lpips,full,0.43305019
47,233.820694,59cdb196328a33d4c7b1248b916e5090_shot_001_000,sharpness,mouth,6.9507
47,233.820694,59cdb196328a33d4c7b1248b916e5090_shot_001_000,lmd,mouth,5.089085
47,233.820694,59cdb196328a33d4c7b1248b916e5090_shot_001_000,sync_d,mouth,10.779505
47,233.820694,59cdb196328a33d4c7b1248b916e5090_shot_001_000,sync_c,mouth,1.935704
48,132.687027,59cdb196328a33d4c7b1248b916e5090_shot_001_000,pixel_mse,mouth,0.014565
48,132.687027,59cdb196328a33d4c7b1248b916e5090_shot_001_000,pixel_mse,full,0.01906832
48,132.687027,59cdb196328a33d4c7b1248b916e5090_shot_001_000,ssim,mouth,0.69197881
48,132.687027,59cdb196328a33d4c7b1248b916e5090_shot_001_000,ssim,full,0.70698506
48,132.687027,59cdb196328a33d4c7b1248b916e5090_shot_001_000,lpips,mouth,0.44124529
48,132.687027,59cdb196328a33d4c7b1248b916e5090_shot_001_000,lpips,full,0.43337226
48,132.687027,59cdb196328a33d4c7b1248b916e5090_shot_001_000,sharpness,mouth,6.9821
48,132.687027,59cdb196328a33d4c7b1248b916e5090_shot_001_000,lmd,mouth,4.861496
48,132.687027,59cdb196328a33d4c7b1248b916e5090_shot_001_000,sync_d,mouth,10.905147
48,132.687027,59cdb196328a33d4c7b1248b916e5090_shot_001_000,sync_c,mouth,1.748951
49,6.958251,59cdb196328a33d4c7b1248b916e5090_shot_001_000,pixel_mse,mouth,0.01468885
49,6.958251,59cdb196328a33d4c7b1248b916e5090_shot_001_000,pixel_mse,full,0.01910964
49,6.958251,59cdb196328a33d4c7b1248b916e5090_shot_001_000,ssim,mouth,0.6879878
49,6.958251,59cdb196328a33d4c7b1248b916e5090_shot_001_000,ssim,full,0.70494157
49,6.958251,59cdb196328a33d4c7b1248b916e5090_shot_001_000,lpips,mouth,0.43503213
49,6.958251,59cdb196328a33d4c7b1248b916e5090_shot_001_000,lpips,full,0.43100733
49,6.958251,59cdb196328a33d4c7b1248b916e5090_shot_001_000,sharpness,mouth,6.6734
49,6.958251,59cdb196328a33d4c7b1248b916e5090_shot_001_000,lmd,mouth,4.955851
49,6.958251,59cdb196328a33d4c7b1248b916e5090_shot_001_000,sync_d,mouth,10.756888
49,6.958251,59cdb196328a33d4c7b1248b916e5090_shot_001_000,sync_c,mouth,1.483932
-1,gt,1ec7a45d803ab472e7fe5c6625667289_shot_001_000,sharpness,mouth,79.1141
-1,gt,1ec7a45d803ab472e7fe5c6625667289_shot_001_000,sync_d,mouth,9.913376
-1,gt,1ec7a45d803ab472e7fe5c6625667289_shot_001_000,sync_c,mouth,3.789347
0,1000.000000,1ec7a45d803ab472e7fe5c6625667289_shot_001_000,pixel_mse,mouth,0.02111695
0,1000.000000,1ec7a45d803ab472e7fe5c6625667289_shot_001_000,pixel_mse,full,0.01127412
0,1000.000000,1ec7a45d803ab472e7fe5c6625667289_shot_001_000,ssim,mouth,0.39886671
0,1000.000000,1ec7a45d803ab472e7fe5c6625667289_shot_001_000,ssim,full,0.70723826
0,1000.000000,1ec7a45d803ab472e7fe5c6625667289_shot_001_000,lpips,mouth,0.55370814
0,1000.000000,1ec7a45d803ab472e7fe5c6625667289_shot_001_000,lpips,full,0.34990883
0,1000.000000,1ec7a45d803ab472e7fe5c6625667289_shot_001_000,sharpness,mouth,17.5207
0,1000.000000,1ec7a45d803ab472e7fe5c6625667289_shot_001_000,lmd,mouth,3.238601
1,997.035706,1ec7a45d803ab472e7fe5c6625667289_shot_001_000,pixel_mse,mouth,0.0197907
1,997.035706,1ec7a45d803ab472e7fe5c6625667289_shot_001_000,pixel_mse,full,0.01133106
1,997.035706,1ec7a45d803ab472e7fe5c6625667289_shot_001_000,ssim,mouth,0.40062487
1,997.035706,1ec7a45d803ab472e7fe5c6625667289_shot_001_000,ssim,full,0.71102756
1,997.035706,1ec7a45d803ab472e7fe5c6625667289_shot_001_000,lpips,mouth,0.55143845
1,997.035706,1ec7a45d803ab472e7fe5c6625667289_shot_001_000,lpips,full,0.35112366
1,997.035706,1ec7a45d803ab472e7fe5c6625667289_shot_001_000,sharpness,mouth,17.7122
1,997.035706,1ec7a45d803ab472e7fe5c6625667289_shot_001_000,lmd,mouth,3.779121
2,993.963867,1ec7a45d803ab472e7fe5c6625667289_shot_001_000,pixel_mse,mouth,0.01890549
2,993.963867,1ec7a45d803ab472e7fe5c6625667289_shot_001_000,pixel_mse,full,0.01091556
2,993.963867,1ec7a45d803ab472e7fe5c6625667289_shot_001_000,ssim,mouth,0.39692593
2,993.963867,1ec7a45d803ab472e7fe5c6625667289_shot_001_000,ssim,full,0.72149944
2,993.963867,1ec7a45d803ab472e7fe5c6625667289_shot_001_000,lpips,mouth,0.54867017
2,993.963867,1ec7a45d803ab472e7fe5c6625667289_shot_001_000,lpips,full,0.34715176
2,993.963867,1ec7a45d803ab472e7fe5c6625667289_shot_001_000,sharpness,mouth,15.9509
2,993.963867,1ec7a45d803ab472e7fe5c6625667289_shot_001_000,lmd,mouth,3.279426
2,993.963867,1ec7a45d803ab472e7fe5c6625667289_shot_001_000,sync_d,mouth,10.397745
2,993.963867,1ec7a45d803ab472e7fe5c6625667289_shot_001_000,sync_c,mouth,1.143218
3,990.779053,1ec7a45d803ab472e7fe5c6625667289_shot_001_000,pixel_mse,mouth,0.02130692
3,990.779053,1ec7a45d803ab472e7fe5c6625667289_shot_001_000,pixel_mse,full,0.01155684
3,990.779053,1ec7a45d803ab472e7fe5c6625667289_shot_001_000,ssim,mouth,0.38348362
3,990.779053,1ec7a45d803ab472e7fe5c6625667289_shot_001_000,ssim,full,0.71754372
3,990.779053,1ec7a45d803ab472e7fe5c6625667289_shot_001_000,lpips,mouth,0.55483192
3,990.779053,1ec7a45d803ab472e7fe5c6625667289_shot_001_000,lpips,full,0.35490608
3,990.779053,1ec7a45d803ab472e7fe5c6625667289_shot_001_000,sharpness,mouth,15.9074
3,990.779053,1ec7a45d803ab472e7fe5c6625667289_shot_001_000,lmd,mouth,3.311893
3,990.779053,1ec7a45d803ab472e7fe5c6625667289_shot_001_000,sync_d,mouth,10.376335
3,990.779053,1ec7a45d803ab472e7fe5c6625667289_shot_001_000,sync_c,mouth,0.939194
4,987.474243,1ec7a45d803ab472e7fe5c6625667289_shot_001_000,pixel_mse,mouth,0.02148737
4,987.474243,1ec7a45d803ab472e7fe5c6625667289_shot_001_000,pixel_mse,full,0.01162407
4,987.474243,1ec7a45d803ab472e7fe5c6625667289_shot_001_000,ssim,mouth,0.37918389
4,987.474243,1ec7a45d803ab472e7fe5c6625667289_shot_001_000,ssim,full,0.71941757
4,987.474243,1ec7a45d803ab472e7fe5c6625667289_shot_001_000,lpips,mouth,0.54559976
4,987.474243,1ec7a45d803ab472e7fe5c6625667289_shot_001_000,lpips,full,0.3484838
4,987.474243,1ec7a45d803ab472e7fe5c6625667289_shot_001_000,sharpness,mouth,21.9694
4,987.474243,1ec7a45d803ab472e7fe5c6625667289_shot_001_000,lmd,mouth,4.138752
4,987.474243,1ec7a45d803ab472e7fe5c6625667289_shot_001_000,sync_d,mouth,10.212844
4,987.474243,1ec7a45d803ab472e7fe5c6625667289_shot_001_000,sync_c,mouth,1.151489
5,984.043091,1ec7a45d803ab472e7fe5c6625667289_shot_001_000,pixel_mse,mouth,0.02151946
5,984.043091,1ec7a45d803ab472e7fe5c6625667289_shot_001_000,pixel_mse,full,0.01185303
5,984.043091,1ec7a45d803ab472e7fe5c6625667289_shot_001_000,ssim,mouth,0.38506827
5,984.043091,1ec7a45d803ab472e7fe5c6625667289_shot_001_000,ssim,full,0.72249699
5,984.043091,1ec7a45d803ab472e7fe5c6625667289_shot_001_000,lpips,mouth,0.5320558
5,984.043091,1ec7a45d803ab472e7fe5c6625667289_shot_001_000,lpips,full,0.33961561
5,984.043091,1ec7a45d803ab472e7fe5c6625667289_shot_001_000,sharpness,mouth,22.0449
5,984.043091,1ec7a45d803ab472e7fe5c6625667289_shot_001_000,lmd,mouth,5.107709
5,984.043091,1ec7a45d803ab472e7fe5c6625667289_shot_001_000,sync_d,mouth,10.655407
5,984.043091,1ec7a45d803ab472e7fe5c6625667289_shot_001_000,sync_c,mouth,0.668559
6,980.477844,1ec7a45d803ab472e7fe5c6625667289_shot_001_000,pixel_mse,mouth,0.02249683
6,980.477844,1ec7a45d803ab472e7fe5c6625667289_shot_001_000,pixel_mse,full,0.01207188
6,980.477844,1ec7a45d803ab472e7fe5c6625667289_shot_001_000,ssim,mouth,0.38667631
6,980.477844,1ec7a45d803ab472e7fe5c6625667289_shot_001_000,ssim,full,0.72410393
6,980.477844,1ec7a45d803ab472e7fe5c6625667289_shot_001_000,lpips,mouth,0.52223384
6,980.477844,1ec7a45d803ab472e7fe5c6625667289_shot_001_000,lpips,full,0.33798435
6,980.477844,1ec7a45d803ab472e7fe5c6625667289_shot_001_000,sharpness,mouth,19.1999
6,980.477844,1ec7a45d803ab472e7fe5c6625667289_shot_001_000,lmd,mouth,5.161086
6,980.477844,1ec7a45d803ab472e7fe5c6625667289_shot_001_000,sync_d,mouth,10.658664
6,980.477844,1ec7a45d803ab472e7fe5c6625667289_shot_001_000,sync_c,mouth,0.845719
7,976.770691,1ec7a45d803ab472e7fe5c6625667289_shot_001_000,pixel_mse,mouth,0.02342853
7,976.770691,1ec7a45d803ab472e7fe5c6625667289_shot_001_000,pixel_mse,full,0.01211796
7,976.770691,1ec7a45d803ab472e7fe5c6625667289_shot_001_000,ssim,mouth,0.38026598
7,976.770691,1ec7a45d803ab472e7fe5c6625667289_shot_001_000,ssim,full,0.72362584
7,976.770691,1ec7a45d803ab472e7fe5c6625667289_shot_001_000,lpips,mouth,0.51660186
7,976.770691,1ec7a45d803ab472e7fe5c6625667289_shot_001_000,lpips,full,0.33425683
7,976.770691,1ec7a45d803ab472e7fe5c6625667289_shot_001_000,sharpness,mouth,19.2897
7,976.770691,1ec7a45d803ab472e7fe5c6625667289_shot_001_000,lmd,mouth,5.69941
7,976.770691,1ec7a45d803ab472e7fe5c6625667289_shot_001_000,sync_d,mouth,10.217497
7,976.770691,1ec7a45d803ab472e7fe5c6625667289_shot_001_000,sync_c,mouth,1.294864
8,972.912842,1ec7a45d803ab472e7fe5c6625667289_shot_001_000,pixel_mse,mouth,0.02485898
8,972.912842,1ec7a45d803ab472e7fe5c6625667289_shot_001_000,pixel_mse,full,0.01252367
8,972.912842,1ec7a45d803ab472e7fe5c6625667289_shot_001_000,ssim,mouth,0.37478262
8,972.912842,1ec7a45d803ab472e7fe5c6625667289_shot_001_000,ssim,full,0.72288257
8,972.912842,1ec7a45d803ab472e7fe5c6625667289_shot_001_000,lpips,mouth,0.50374645
8,972.912842,1ec7a45d803ab472e7fe5c6625667289_shot_001_000,lpips,full,0.3281807
8,972.912842,1ec7a45d803ab472e7fe5c6625667289_shot_001_000,sharpness,mouth,21.6142
8,972.912842,1ec7a45d803ab472e7fe5c6625667289_shot_001_000,lmd,mouth,5.313256
8,972.912842,1ec7a45d803ab472e7fe5c6625667289_shot_001_000,sync_d,mouth,10.536533
8,972.912842,1ec7a45d803ab472e7fe5c6625667289_shot_001_000,sync_c,mouth,0.950537
9,968.895081,1ec7a45d803ab472e7fe5c6625667289_shot_001_000,pixel_mse,mouth,0.02554896
9,968.895081,1ec7a45d803ab472e7fe5c6625667289_shot_001_000,pixel_mse,full,0.01296873
9,968.895081,1ec7a45d803ab472e7fe5c6625667289_shot_001_000,ssim,mouth,0.36952886
9,968.895081,1ec7a45d803ab472e7fe5c6625667289_shot_001_000,ssim,full,0.71840006
9,968.895081,1ec7a45d803ab472e7fe5c6625667289_shot_001_000,lpips,mouth,0.49295685
9,968.895081,1ec7a45d803ab472e7fe5c6625667289_shot_001_000,lpips,full,0.3237716
9,968.895081,1ec7a45d803ab472e7fe5c6625667289_shot_001_000,sharpness,mouth,18.9303
9,968.895081,1ec7a45d803ab472e7fe5c6625667289_shot_001_000,lmd,mouth,5.328771
9,968.895081,1ec7a45d803ab472e7fe5c6625667289_shot_001_000,sync_d,mouth,10.322733
9,968.895081,1ec7a45d803ab472e7fe5c6625667289_shot_001_000,sync_c,mouth,1.435824
10,964.707153,1ec7a45d803ab472e7fe5c6625667289_shot_001_000,pixel_mse,mouth,0.02589448
10,964.707153,1ec7a45d803ab472e7fe5c6625667289_shot_001_000,pixel_mse,full,0.01344327
10,964.707153,1ec7a45d803ab472e7fe5c6625667289_shot_001_000,ssim,mouth,0.36660445
10,964.707153,1ec7a45d803ab472e7fe5c6625667289_shot_001_000,ssim,full,0.7138347
10,964.707153,1ec7a45d803ab472e7fe5c6625667289_shot_001_000,lpips,mouth,0.48543623
10,964.707153,1ec7a45d803ab472e7fe5c6625667289_shot_001_000,lpips,full,0.3199389
10,964.707153,1ec7a45d803ab472e7fe5c6625667289_shot_001_000,sharpness,mouth,19.6736
10,964.707153,1ec7a45d803ab472e7fe5c6625667289_shot_001_000,lmd,mouth,4.932555
10,964.707153,1ec7a45d803ab472e7fe5c6625667289_shot_001_000,sync_d,mouth,10.659677
10,964.707153,1ec7a45d803ab472e7fe5c6625667289_shot_001_000,sync_c,mouth,1.351962
11,960.337952,1ec7a45d803ab472e7fe5c6625667289_shot_001_000,pixel_mse,mouth,0.02515504
11,960.337952,1ec7a45d803ab472e7fe5c6625667289_shot_001_000,pixel_mse,full,0.01346755
11,960.337952,1ec7a45d803ab472e7fe5c6625667289_shot_001_000,ssim,mouth,0.37321919
11,960.337952,1ec7a45d803ab472e7fe5c6625667289_shot_001_000,ssim,full,0.7150088
11,960.337952,1ec7a45d803ab472e7fe5c6625667289_shot_001_000,lpips,mouth,0.48637432
11,960.337952,1ec7a45d803ab472e7fe5c6625667289_shot_001_000,lpips,full,0.3184568
11,960.337952,1ec7a45d803ab472e7fe5c6625667289_shot_001_000,sharpness,mouth,19.8899
11,960.337952,1ec7a45d803ab472e7fe5c6625667289_shot_001_000,lmd,mouth,4.490476
11,960.337952,1ec7a45d803ab472e7fe5c6625667289_shot_001_000,sync_d,mouth,10.321603
11,960.337952,1ec7a45d803ab472e7fe5c6625667289_shot_001_000,sync_c,mouth,1.182483
12,955.775635,1ec7a45d803ab472e7fe5c6625667289_shot_001_000,pixel_mse,mouth,0.02665455
12,955.775635,1ec7a45d803ab472e7fe5c6625667289_shot_001_000,pixel_mse,full,0.01359309
12,955.775635,1ec7a45d803ab472e7fe5c6625667289_shot_001_000,ssim,mouth,0.36576265
12,955.775635,1ec7a45d803ab472e7fe5c6625667289_shot_001_000,ssim,full,0.71273869
12,955.775635,1ec7a45d803ab472e7fe5c6625667289_shot_001_000,lpips,mouth,0.4822115
12,955.775635,1ec7a45d803ab472e7fe5c6625667289_shot_001_000,lpips,full,0.31742606
12,955.775635,1ec7a45d803ab472e7fe5c6625667289_shot_001_000,sharpness,mouth,19.6022
12,955.775635,1ec7a45d803ab472e7fe5c6625667289_shot_001_000,lmd,mouth,4.562062
12,955.775635,1ec7a45d803ab472e7fe5c6625667289_shot_001_000,sync_d,mouth,10.135533
12,955.775635,1ec7a45d803ab472e7fe5c6625667289_shot_001_000,sync_c,mouth,1.37478
13,951.006897,1ec7a45d803ab472e7fe5c6625667289_shot_001_000,pixel_mse,mouth,0.0509523
13,951.006897,1ec7a45d803ab472e7fe5c6625667289_shot_001_000,pixel_mse,full,0.01720378
13,951.006897,1ec7a45d803ab472e7fe5c6625667289_shot_001_000,ssim,mouth,0.26107198
13,951.006897,1ec7a45d803ab472e7fe5c6625667289_shot_001_000,ssim,full,0.69508809
13,951.006897,1ec7a45d803ab472e7fe5c6625667289_shot_001_000,lpips,mouth,0.46813038
13,951.006897,1ec7a45d803ab472e7fe5c6625667289_shot_001_000,lpips,full,0.31341839
13,951.006897,1ec7a45d803ab472e7fe5c6625667289_shot_001_000,sharpness,mouth,42.6941
13,951.006897,1ec7a45d803ab472e7fe5c6625667289_shot_001_000,lmd,mouth,4.522335
13,951.006897,1ec7a45d803ab472e7fe5c6625667289_shot_001_000,sync_d,mouth,9.545791
13,951.006897,1ec7a45d803ab472e7fe5c6625667289_shot_001_000,sync_c,mouth,2.510725
14,946.017517,1ec7a45d803ab472e7fe5c6625667289_shot_001_000,pixel_mse,mouth,0.05803567
14,946.017517,1ec7a45d803ab472e7fe5c6625667289_shot_001_000,pixel_mse,full,0.0189661
14,946.017517,1ec7a45d803ab472e7fe5c6625667289_shot_001_000,ssim,mouth,0.23904021
14,946.017517,1ec7a45d803ab472e7fe5c6625667289_shot_001_000,ssim,full,0.68686914
14,946.017517,1ec7a45d803ab472e7fe5c6625667289_shot_001_000,lpips,mouth,0.46413258
14,946.017517,1ec7a45d803ab472e7fe5c6625667289_shot_001_000,lpips,full,0.31423917
14,946.017517,1ec7a45d803ab472e7fe5c6625667289_shot_001_000,sharpness,mouth,55.8157
14,946.017517,1ec7a45d803ab472e7fe5c6625667289_shot_001_000,lmd,mouth,4.522367
14,946.017517,1ec7a45d803ab472e7fe5c6625667289_shot_001_000,sync_d,mouth,9.706312
14,946.017517,1ec7a45d803ab472e7fe5c6625667289_shot_001_000,sync_c,mouth,2.698147
15,940.791870,1ec7a45d803ab472e7fe5c6625667289_shot_001_000,pixel_mse,mouth,0.04002776
15,940.791870,1ec7a45d803ab472e7fe5c6625667289_shot_001_000,pixel_mse,full,0.01625868
15,940.791870,1ec7a45d803ab472e7fe5c6625667289_shot_001_000,ssim,mouth,0.30886695
15,940.791870,1ec7a45d803ab472e7fe5c6625667289_shot_001_000,ssim,full,0.69731116
15,940.791870,1ec7a45d803ab472e7fe5c6625667289_shot_001_000,lpips,mouth,0.45818573
15,940.791870,1ec7a45d803ab472e7fe5c6625667289_shot_001_000,lpips,full,0.31331488
15,940.791870,1ec7a45d803ab472e7fe5c6625667289_shot_001_000,sharpness,mouth,24.0542
15,940.791870,1ec7a45d803ab472e7fe5c6625667289_shot_001_000,lmd,mouth,5.451749
15,940.791870,1ec7a45d803ab472e7fe5c6625667289_shot_001_000,sync_d,mouth,9.91019
15,940.791870,1ec7a45d803ab472e7fe5c6625667289_shot_001_000,sync_c,mouth,2.305955
16,935.312622,1ec7a45d803ab472e7fe5c6625667289_shot_001_000,pixel_mse,mouth,0.02308961
16,935.312622,1ec7a45d803ab472e7fe5c6625667289_shot_001_000,pixel_mse,full,0.01258093
16,935.312622,1ec7a45d803ab472e7fe5c6625667289_shot_001_000,ssim,mouth,0.37578207
16,935.312622,1ec7a45d803ab472e7fe5c6625667289_shot_001_000,ssim,full,0.71669155
16,935.312622,1ec7a45d803ab472e7fe5c6625667289_shot_001_000,lpips,mouth,0.51155436
16,935.312622,1ec7a45d803ab472e7fe5c6625667289_shot_001_000,lpips,full,0.33045164
16,935.312622,1ec7a45d803ab472e7fe5c6625667289_shot_001_000,sharpness,mouth,20.9112
16,935.312622,1ec7a45d803ab472e7fe5c6625667289_shot_001_000,lmd,mouth,4.396979
16,935.312622,1ec7a45d803ab472e7fe5c6625667289_shot_001_000,sync_d,mouth,10.227285
16,935.312622,1ec7a45d803ab472e7fe5c6625667289_shot_001_000,sync_c,mouth,1.321175
17,929.560913,1ec7a45d803ab472e7fe5c6625667289_shot_001_000,pixel_mse,mouth,0.02135351
17,929.560913,1ec7a45d803ab472e7fe5c6625667289_shot_001_000,pixel_mse,full,0.0118791
17,929.560913,1ec7a45d803ab472e7fe5c6625667289_shot_001_000,ssim,mouth,0.38015959
17,929.560913,1ec7a45d803ab472e7fe5c6625667289_shot_001_000,ssim,full,0.71782327
17,929.560913,1ec7a45d803ab472e7fe5c6625667289_shot_001_000,lpips,mouth,0.52965087
17,929.560913,1ec7a45d803ab472e7fe5c6625667289_shot_001_000,lpips,full,0.33389142
17,929.560913,1ec7a45d803ab472e7fe5c6625667289_shot_001_000,sharpness,mouth,24.3045
17,929.560913,1ec7a45d803ab472e7fe5c6625667289_shot_001_000,lmd,mouth,5.031406
17,929.560913,1ec7a45d803ab472e7fe5c6625667289_shot_001_000,sync_d,mouth,10.031147
17,929.560913,1ec7a45d803ab472e7fe5c6625667289_shot_001_000,sync_c,mouth,1.576015
18,923.515991,1ec7a45d803ab472e7fe5c6625667289_shot_001_000,pixel_mse,mouth,0.02217599
18,923.515991,1ec7a45d803ab472e7fe5c6625667289_shot_001_000,pixel_mse,full,0.01150762
18,923.515991,1ec7a45d803ab472e7fe5c6625667289_shot_001_000,ssim,mouth,0.38505894
18,923.515991,1ec7a45d803ab472e7fe5c6625667289_shot_001_000,ssim,full,0.72145593
18,923.515991,1ec7a45d803ab472e7fe5c6625667289_shot_001_000,lpips,mouth,0.52234155
18,923.515991,1ec7a45d803ab472e7fe5c6625667289_shot_001_000,lpips,full,0.33040562
18,923.515991,1ec7a45d803ab472e7fe5c6625667289_shot_001_000,sharpness,mouth,19.9116
18,923.515991,1ec7a45d803ab472e7fe5c6625667289_shot_001_000,lmd,mouth,3.526193
18,923.515991,1ec7a45d803ab472e7fe5c6625667289_shot_001_000,sync_d,mouth,10.481659
18,923.515991,1ec7a45d803ab472e7fe5c6625667289_shot_001_000,sync_c,mouth,1.181835
19,917.154785,1ec7a45d803ab472e7fe5c6625667289_shot_001_000,pixel_mse,mouth,0.02498242
19,917.154785,1ec7a45d803ab472e7fe5c6625667289_shot_001_000,pixel_mse,full,0.011803
19,917.154785,1ec7a45d803ab472e7fe5c6625667289_shot_001_000,ssim,mouth,0.38513523
19,917.154785,1ec7a45d803ab472e7fe5c6625667289_shot_001_000,ssim,full,0.72093248
19,917.154785,1ec7a45d803ab472e7fe5c6625667289_shot_001_000,lpips,mouth,0.52037847
19,917.154785,1ec7a45d803ab472e7fe5c6625667289_shot_001_000,lpips,full,0.33468625
19,917.154785,1ec7a45d803ab472e7fe5c6625667289_shot_001_000,sharpness,mouth,17.7054
19,917.154785,1ec7a45d803ab472e7fe5c6625667289_shot_001_000,lmd,mouth,5.371903
19,917.154785,1ec7a45d803ab472e7fe5c6625667289_shot_001_000,sync_d,mouth,9.774635
19,917.154785,1ec7a45d803ab472e7fe5c6625667289_shot_001_000,sync_c,mouth,1.414256
20,910.451721,1ec7a45d803ab472e7fe5c6625667289_shot_001_000,pixel_mse,mouth,0.02457441
20,910.451721,1ec7a45d803ab472e7fe5c6625667289_shot_001_000,pixel_mse,full,0.01168167
20,910.451721,1ec7a45d803ab472e7fe5c6625667289_shot_001_000,ssim,mouth,0.39061674
20,910.451721,1ec7a45d803ab472e7fe5c6625667289_shot_001_000,ssim,full,0.72185892
20,910.451721,1ec7a45d803ab472e7fe5c6625667289_shot_001_000,lpips,mouth,0.53045845
20,910.451721,1ec7a45d803ab472e7fe5c6625667289_shot_001_000,lpips,full,0.33420813
20,910.451721,1ec7a45d803ab472e7fe5c6625667289_shot_001_000,sharpness,mouth,17.1292
20,910.451721,1ec7a45d803ab472e7fe5c6625667289_shot_001_000,lmd,mouth,3.783198
20,910.451721,1ec7a45d803ab472e7fe5c6625667289_shot_001_000,sync_d,mouth,9.623044
20,910.451721,1ec7a45d803ab472e7fe5c6625667289_shot_001_000,sync_c,mouth,1.462635
21,903.378723,1ec7a45d803ab472e7fe5c6625667289_shot_001_000,pixel_mse,mouth,0.02295738
21,903.378723,1ec7a45d803ab472e7fe5c6625667289_shot_001_000,pixel_mse,full,0.01129277
21,903.378723,1ec7a45d803ab472e7fe5c6625667289_shot_001_000,ssim,mouth,0.39850116
21,903.378723,1ec7a45d803ab472e7fe5c6625667289_shot_001_000,ssim,full,0.72294581
21,903.378723,1ec7a45d803ab472e7fe5c6625667289_shot_001_000,lpips,mouth,0.55008352
21,903.378723,1ec7a45d803ab472e7fe5c6625667289_shot_001_000,lpips,full,0.33707982
21,903.378723,1ec7a45d803ab472e7fe5c6625667289_shot_001_000,sharpness,mouth,19.4802
21,903.378723,1ec7a45d803ab472e7fe5c6625667289_shot_001_000,lmd,mouth,2.810701
21,903.378723,1ec7a45d803ab472e7fe5c6625667289_shot_001_000,sync_d,mouth,10.183868
21,903.378723,1ec7a45d803ab472e7fe5c6625667289_shot_001_000,sync_c,mouth,1.321273
22,895.903931,1ec7a45d803ab472e7fe5c6625667289_shot_001_000,pixel_mse,mouth,0.02040316
22,895.903931,1ec7a45d803ab472e7fe5c6625667289_shot_001_000,pixel_mse,full,0.01104907
22,895.903931,1ec7a45d803ab472e7fe5c6625667289_shot_001_000,ssim,mouth,0.39949009
22,895.903931,1ec7a45d803ab472e7fe5c6625667289_shot_001_000,ssim,full,0.72145575
22,895.903931,1ec7a45d803ab472e7fe5c6625667289_shot_001_000,lpips,mouth,0.55392808
22,895.903931,1ec7a45d803ab472e7fe5c6625667289_shot_001_000,lpips,full,0.33894208
22,895.903931,1ec7a45d803ab472e7fe5c6625667289_shot_001_000,sharpness,mouth,20.485
22,895.903931,1ec7a45d803ab472e7fe5c6625667289_shot_001_000,lmd,mouth,2.368811
23,887.992493,1ec7a45d803ab472e7fe5c6625667289_shot_001_000,pixel_mse,mouth,0.02001956
23,887.992493,1ec7a45d803ab472e7fe5c6625667289_shot_001_000,pixel_mse,full,0.01100039
23,887.992493,1ec7a45d803ab472e7fe5c6625667289_shot_001_000,ssim,mouth,0.40076935
23,887.992493,1ec7a45d803ab472e7fe5c6625667289_shot_001_000,ssim,full,0.7191385
23,887.992493,1ec7a45d803ab472e7fe5c6625667289_shot_001_000,lpips,mouth,0.54979187
23,887.992493,1ec7a45d803ab472e7fe5c6625667289_shot_001_000,lpips,full,0.3407481
23,887.992493,1ec7a45d803ab472e7fe5c6625667289_shot_001_000,sharpness,mouth,19.1674
23,887.992493,1ec7a45d803ab472e7fe5c6625667289_shot_001_000,lmd,mouth,4.597125
23,887.992493,1ec7a45d803ab472e7fe5c6625667289_shot_001_000,sync_d,mouth,10.375244
23,887.992493,1ec7a45d803ab472e7fe5c6625667289_shot_001_000,sync_c,mouth,1.748947
24,879.604736,1ec7a45d803ab472e7fe5c6625667289_shot_001_000,pixel_mse,mouth,0.02050655
24,879.604736,1ec7a45d803ab472e7fe5c6625667289_shot_001_000,pixel_mse,full,0.01101498
24,879.604736,1ec7a45d803ab472e7fe5c6625667289_shot_001_000,ssim,mouth,0.3975549
24,879.604736,1ec7a45d803ab472e7fe5c6625667289_shot_001_000,ssim,full,0.71967918
24,879.604736,1ec7a45d803ab472e7fe5c6625667289_shot_001_000,lpips,mouth,0.545183
24,879.604736,1ec7a45d803ab472e7fe5c6625667289_shot_001_000,lpips,full,0.34182546
24,879.604736,1ec7a45d803ab472e7fe5c6625667289_shot_001_000,sharpness,mouth,20.2142
24,879.604736,1ec7a45d803ab472e7fe5c6625667289_shot_001_000,lmd,mouth,5.118156
24,879.604736,1ec7a45d803ab472e7fe5c6625667289_shot_001_000,sync_d,mouth,10.080299
24,879.604736,1ec7a45d803ab472e7fe5c6625667289_shot_001_000,sync_c,mouth,2.18562
25,870.696350,1ec7a45d803ab472e7fe5c6625667289_shot_001_000,pixel_mse,mouth,0.02120118
25,870.696350,1ec7a45d803ab472e7fe5c6625667289_shot_001_000,pixel_mse,full,0.01112256
25,870.696350,1ec7a45d803ab472e7fe5c6625667289_shot_001_000,ssim,mouth,0.39584869
25,870.696350,1ec7a45d803ab472e7fe5c6625667289_shot_001_000,ssim,full,0.71820664
25,870.696350,1ec7a45d803ab472e7fe5c6625667289_shot_001_000,lpips,mouth,0.54436505
25,870.696350,1ec7a45d803ab472e7fe5c6625667289_shot_001_000,lpips,full,0.34112841
25,870.696350,1ec7a45d803ab472e7fe5c6625667289_shot_001_000,sharpness,mouth,19.1219
25,870.696350,1ec7a45d803ab472e7fe5c6625667289_shot_001_000,lmd,mouth,2.699083
25,870.696350,1ec7a45d803ab472e7fe5c6625667289_shot_001_000,sync_d,mouth,10.11212
25,870.696350,1ec7a45d803ab472e7fe5c6625667289_shot_001_000,sync_c,mouth,1.789916
26,861.217407,1ec7a45d803ab472e7fe5c6625667289_shot_001_000,pixel_mse,mouth,0.02157373
26,861.217407,1ec7a45d803ab472e7fe5c6625667289_shot_001_000,pixel_mse,full,0.01123143
26,861.217407,1ec7a45d803ab472e7fe5c6625667289_shot_001_000,ssim,mouth,0.39029455
26,861.217407,1ec7a45d803ab472e7fe5c6625667289_shot_001_000,ssim,full,0.721205
26,861.217407,1ec7a45d803ab472e7fe5c6625667289_shot_001_000,lpips,mouth,0.53909445
26,861.217407,1ec7a45d803ab472e7fe5c6625667289_shot_001_000,lpips,full,0.34015858
26,861.217407,1ec7a45d803ab472e7fe5c6625667289_shot_001_000,sharpness,mouth,20.6613
26,861.217407,1ec7a45d803ab472e7fe5c6625667289_shot_001_000,lmd,mouth,2.917512
26,861.217407,1ec7a45d803ab472e7fe5c6625667289_shot_001_000,sync_d,mouth,9.644191
26,861.217407,1ec7a45d803ab472e7fe5c6625667289_shot_001_000,sync_c,mouth,1.746799
27,851.111145,1ec7a45d803ab472e7fe5c6625667289_shot_001_000,pixel_mse,mouth,0.02178533
27,851.111145,1ec7a45d803ab472e7fe5c6625667289_shot_001_000,pixel_mse,full,0.01127311
27,851.111145,1ec7a45d803ab472e7fe5c6625667289_shot_001_000,ssim,mouth,0.38657019
27,851.111145,1ec7a45d803ab472e7fe5c6625667289_shot_001_000,ssim,full,0.71889347
27,851.111145,1ec7a45d803ab472e7fe5c6625667289_shot_001_000,lpips,mouth,0.53648788
27,851.111145,1ec7a45d803ab472e7fe5c6625667289_shot_001_000,lpips,full,0.33939737
27,851.111145,1ec7a45d803ab472e7fe5c6625667289_shot_001_000,sharpness,mouth,20.3914
27,851.111145,1ec7a45d803ab472e7fe5c6625667289_shot_001_000,lmd,mouth,2.960758
27,851.111145,1ec7a45d803ab472e7fe5c6625667289_shot_001_000,sync_d,mouth,10.536552
27,851.111145,1ec7a45d803ab472e7fe5c6625667289_shot_001_000,sync_c,mouth,1.308499
28,840.313232,1ec7a45d803ab472e7fe5c6625667289_shot_001_000,pixel_mse,mouth,0.02164258
28,840.313232,1ec7a45d803ab472e7fe5c6625667289_shot_001_000,pixel_mse,full,0.01129198
28,840.313232,1ec7a45d803ab472e7fe5c6625667289_shot_001_000,ssim,mouth,0.38854584
28,840.313232,1ec7a45d803ab472e7fe5c6625667289_shot_001_000,ssim,full,0.71481603
28,840.313232,1ec7a45d803ab472e7fe5c6625667289_shot_001_000,lpips,mouth,0.53942287
28,840.313232,1ec7a45d803ab472e7fe5c6625667289_shot_001_000,lpips,full,0.34011543
28,840.313232,1ec7a45d803ab472e7fe5c6625667289_shot_001_000,sharpness,mouth,19.6827
28,840.313232,1ec7a45d803ab472e7fe5c6625667289_shot_001_000,lmd,mouth,2.847703
29,828.750244,1ec7a45d803ab472e7fe5c6625667289_shot_001_000,pixel_mse,mouth,0.02224735
29,828.750244,1ec7a45d803ab472e7fe5c6625667289_shot_001_000,pixel_mse,full,0.01137693
29,828.750244,1ec7a45d803ab472e7fe5c6625667289_shot_001_000,ssim,mouth,0.38847142
29,828.750244,1ec7a45d803ab472e7fe5c6625667289_shot_001_000,ssim,full,0.71363026
29,828.750244,1ec7a45d803ab472e7fe5c6625667289_shot_001_000,lpips,mouth,0.54036552
29,828.750244,1ec7a45d803ab472e7fe5c6625667289_shot_001_000,lpips,full,0.34013349
29,828.750244,1ec7a45d803ab472e7fe5c6625667289_shot_001_000,sharpness,mouth,19.1055
29,828.750244,1ec7a45d803ab472e7fe5c6625667289_shot_001_000,lmd,mouth,3.176638
30,816.337830,1ec7a45d803ab472e7fe5c6625667289_shot_001_000,pixel_mse,mouth,0.02255586
30,816.337830,1ec7a45d803ab472e7fe5c6625667289_shot_001_000,pixel_mse,full,0.01136959
30,816.337830,1ec7a45d803ab472e7fe5c6625667289_shot_001_000,ssim,mouth,0.38830826
30,816.337830,1ec7a45d803ab472e7fe5c6625667289_shot_001_000,ssim,full,0.71500635
30,816.337830,1ec7a45d803ab472e7fe5c6625667289_shot_001_000,lpips,mouth,0.54080772
30,816.337830,1ec7a45d803ab472e7fe5c6625667289_shot_001_000,lpips,full,0.3408713
30,816.337830,1ec7a45d803ab472e7fe5c6625667289_shot_001_000,sharpness,mouth,18.95
30,816.337830,1ec7a45d803ab472e7fe5c6625667289_shot_001_000,lmd,mouth,3.272763
31,802.978699,1ec7a45d803ab472e7fe5c6625667289_shot_001_000,pixel_mse,mouth,0.02220415
31,802.978699,1ec7a45d803ab472e7fe5c6625667289_shot_001_000,pixel_mse,full,0.01128841
31,802.978699,1ec7a45d803ab472e7fe5c6625667289_shot_001_000,ssim,mouth,0.3900598
31,802.978699,1ec7a45d803ab472e7fe5c6625667289_shot_001_000,ssim,full,0.71682775
31,802.978699,1ec7a45d803ab472e7fe5c6625667289_shot_001_000,lpips,mouth,0.53937209
31,802.978699,1ec7a45d803ab472e7fe5c6625667289_shot_001_000,lpips,full,0.34057215
31,802.978699,1ec7a45d803ab472e7fe5c6625667289_shot_001_000,sharpness,mouth,19.3871
31,802.978699,1ec7a45d803ab472e7fe5c6625667289_shot_001_000,lmd,mouth,2.822822
32,788.560242,1ec7a45d803ab472e7fe5c6625667289_shot_001_000,pixel_mse,mouth,0.0212955
32,788.560242,1ec7a45d803ab472e7fe5c6625667289_shot_001_000,pixel_mse,full,0.0112305
32,788.560242,1ec7a45d803ab472e7fe5c6625667289_shot_001_000,ssim,mouth,0.39588839
32,788.560242,1ec7a45d803ab472e7fe5c6625667289_shot_001_000,ssim,full,0.71741468
32,788.560242,1ec7a45d803ab472e7fe5c6625667289_shot_001_000,lpips,mouth,0.54167813
32,788.560242,1ec7a45d803ab472e7fe5c6625667289_shot_001_000,lpips,full,0.34109035
32,788.560242,1ec7a45d803ab472e7fe5c6625667289_shot_001_000,sharpness,mouth,19.7775
32,788.560242,1ec7a45d803ab472e7fe5c6625667289_shot_001_000,lmd,mouth,3.665291
33,772.951477,1ec7a45d803ab472e7fe5c6625667289_shot_001_000,pixel_mse,mouth,0.02105535
33,772.951477,1ec7a45d803ab472e7fe5c6625667289_shot_001_000,pixel_mse,full,0.0111736
33,772.951477,1ec7a45d803ab472e7fe5c6625667289_shot_001_000,ssim,mouth,0.39816567
33,772.951477,1ec7a45d803ab472e7fe5c6625667289_shot_001_000,ssim,full,0.71720731
33,772.951477,1ec7a45d803ab472e7fe5c6625667289_shot_001_000,lpips,mouth,0.5425666
33,772.951477,1ec7a45d803ab472e7fe5c6625667289_shot_001_000,lpips,full,0.34130153
33,772.951477,1ec7a45d803ab472e7fe5c6625667289_shot_001_000,sharpness,mouth,19.9146
33,772.951477,1ec7a45d803ab472e7fe5c6625667289_shot_001_000,lmd,mouth,3.703468
34,755.998352,1ec7a45d803ab472e7fe5c6625667289_shot_001_000,pixel_mse,mouth,0.02152804
34,755.998352,1ec7a45d803ab472e7fe5c6625667289_shot_001_000,pixel_mse,full,0.01118517
34,755.998352,1ec7a45d803ab472e7fe5c6625667289_shot_001_000,ssim,mouth,0.39756092
34,755.998352,1ec7a45d803ab472e7fe5c6625667289_shot_001_000,ssim,full,0.71725351
34,755.998352,1ec7a45d803ab472e7fe5c6625667289_shot_001_000,lpips,mouth,0.54559433
34,755.998352,1ec7a45d803ab472e7fe5c6625667289_shot_001_000,lpips,full,0.34272131
34,755.998352,1ec7a45d803ab472e7fe5c6625667289_shot_001_000,sharpness,mouth,19.8577
34,755.998352,1ec7a45d803ab472e7fe5c6625667289_shot_001_000,lmd,mouth,3.464806
35,737.519714,1ec7a45d803ab472e7fe5c6625667289_shot_001_000,pixel_mse,mouth,0.02153432
35,737.519714,1ec7a45d803ab472e7fe5c6625667289_shot_001_000,pixel_mse,full,0.01117455
35,737.519714,1ec7a45d803ab472e7fe5c6625667289_shot_001_000,ssim,mouth,0.39798215
35,737.519714,1ec7a45d803ab472e7fe5c6625667289_shot_001_000,ssim,full,0.7171818
35,737.519714,1ec7a45d803ab472e7fe5c6625667289_shot_001_000,lpips,mouth,0.55015796
35,737.519714,1ec7a45d803ab472e7fe5c6625667289_shot_001_000,lpips,full,0.3433623
35,737.519714,1ec7a45d803ab472e7fe5c6625667289_shot_001_000,sharpness,mouth,20.4796
35,737.519714,1ec7a45d803ab472e7fe5c6625667289_shot_001_000,lmd,mouth,3.43407
36,717.299683,1ec7a45d803ab472e7fe5c6625667289_shot_001_000,pixel_mse,mouth,0.02148459
36,717.299683,1ec7a45d803ab472e7fe5c6625667289_shot_001_000,pixel_mse,full,0.01118818
36,717.299683,1ec7a45d803ab472e7fe5c6625667289_shot_001_000,ssim,mouth,0.39867443
36,717.299683,1ec7a45d803ab472e7fe5c6625667289_shot_001_000,ssim,full,0.71903145
36,717.299683,1ec7a45d803ab472e7fe5c6625667289_shot_001_000,lpips,mouth,0.55905902
36,717.299683,1ec7a45d803ab472e7fe5c6625667289_shot_001_000,lpips,full,0.34326831
36,717.299683,1ec7a45d803ab472e7fe5c6625667289_shot_001_000,sharpness,mouth,21.1486
36,717.299683,1ec7a45d803ab472e7fe5c6625667289_shot_001_000,lmd,mouth,3.195377
37,695.080139,1ec7a45d803ab472e7fe5c6625667289_shot_001_000,pixel_mse,mouth,0.0209589
37,695.080139,1ec7a45d803ab472e7fe5c6625667289_shot_001_000,pixel_mse,full,0.01113437
37,695.080139,1ec7a45d803ab472e7fe5c6625667289_shot_001_000,ssim,mouth,0.40129375
37,695.080139,1ec7a45d803ab472e7fe5c6625667289_shot_001_000,ssim,full,0.72016782
37,695.080139,1ec7a45d803ab472e7fe5c6625667289_shot_001_000,lpips,mouth,0.56364948
37,695.080139,1ec7a45d803ab472e7fe5c6625667289_shot_001_000,lpips,full,0.34374064
37,695.080139,1ec7a45d803ab472e7fe5c6625667289_shot_001_000,sharpness,mouth,21.0791
37,695.080139,1ec7a45d803ab472e7fe5c6625667289_shot_001_000,lmd,mouth,3.656709
38,670.548828,1ec7a45d803ab472e7fe5c6625667289_shot_001_000,pixel_mse,mouth,0.02058235
38,670.548828,1ec7a45d803ab472e7fe5c6625667289_shot_001_000,pixel_mse,full,0.01106815
38,670.548828,1ec7a45d803ab472e7fe5c6625667289_shot_001_000,ssim,mouth,0.4040775
38,670.548828,1ec7a45d803ab472e7fe5c6625667289_shot_001_000,ssim,full,0.72020322
38,670.548828,1ec7a45d803ab472e7fe5c6625667289_shot_001_000,lpips,mouth,0.56911343
38,670.548828,1ec7a45d803ab472e7fe5c6625667289_shot_001_000,lpips,full,0.34384239
38,670.548828,1ec7a45d803ab472e7fe5c6625667289_shot_001_000,sharpness,mouth,21.7275
38,670.548828,1ec7a45d803ab472e7fe5c6625667289_shot_001_000,lmd,mouth,3.155672
39,643.325317,1ec7a45d803ab472e7fe5c6625667289_shot_001_000,pixel_mse,mouth,0.02052926
39,643.325317,1ec7a45d803ab472e7fe5c6625667289_shot_001_000,pixel_mse,full,0.01105656
39,643.325317,1ec7a45d803ab472e7fe5c6625667289_shot_001_000,ssim,mouth,0.40455812
39,643.325317,1ec7a45d803ab472e7fe5c6625667289_shot_001_000,ssim,full,0.72022569
39,643.325317,1ec7a45d803ab472e7fe5c6625667289_shot_001_000,lpips,mouth,0.57336152
39,643.325317,1ec7a45d803ab472e7fe5c6625667289_shot_001_000,lpips,full,0.34299424
39,643.325317,1ec7a45d803ab472e7fe5c6625667289_shot_001_000,sharpness,mouth,21.5463
39,643.325317,1ec7a45d803ab472e7fe5c6625667289_shot_001_000,lmd,mouth,3.117293
40,612.940735,1ec7a45d803ab472e7fe5c6625667289_shot_001_000,pixel_mse,mouth,0.02013757
40,612.940735,1ec7a45d803ab472e7fe5c6625667289_shot_001_000,pixel_mse,full,0.01104508
40,612.940735,1ec7a45d803ab472e7fe5c6625667289_shot_001_000,ssim,mouth,0.40673408
40,612.940735,1ec7a45d803ab472e7fe5c6625667289_shot_001_000,ssim,full,0.7192539
40,612.940735,1ec7a45d803ab472e7fe5c6625667289_shot_001_000,lpips,mouth,0.57560629
40,612.940735,1ec7a45d803ab472e7fe5c6625667289_shot_001_000,lpips,full,0.34399936
40,612.940735,1ec7a45d803ab472e7fe5c6625667289_shot_001_000,sharpness,mouth,22.4663
40,612.940735,1ec7a45d803ab472e7fe5c6625667289_shot_001_000,lmd,mouth,3.060358
41,578.810425,1ec7a45d803ab472e7fe5c6625667289_shot_001_000,pixel_mse,mouth,0.02059807
41,578.810425,1ec7a45d803ab472e7fe5c6625667289_shot_001_000,pixel_mse,full,0.01105273
41,578.810425,1ec7a45d803ab472e7fe5c6625667289_shot_001_000,ssim,mouth,0.40613449
41,578.810425,1ec7a45d803ab472e7fe5c6625667289_shot_001_000,ssim,full,0.71901309
41,578.810425,1ec7a45d803ab472e7fe5c6625667289_shot_001_000,lpips,mouth,0.57528919
41,578.810425,1ec7a45d803ab472e7fe5c6625667289_shot_001_000,lpips,full,0.3438814
41,578.810425,1ec7a45d803ab472e7fe5c6625667289_shot_001_000,sharpness,mouth,22.6592
41,578.810425,1ec7a45d803ab472e7fe5c6625667289_shot_001_000,lmd,mouth,2.977595
42,540.196350,1ec7a45d803ab472e7fe5c6625667289_shot_001_000,pixel_mse,mouth,0.02093488
42,540.196350,1ec7a45d803ab472e7fe5c6625667289_shot_001_000,pixel_mse,full,0.01106304
42,540.196350,1ec7a45d803ab472e7fe5c6625667289_shot_001_000,ssim,mouth,0.40487957
42,540.196350,1ec7a45d803ab472e7fe5c6625667289_shot_001_000,ssim,full,0.71853805
42,540.196350,1ec7a45d803ab472e7fe5c6625667289_shot_001_000,lpips,mouth,0.57579625
42,540.196350,1ec7a45d803ab472e7fe5c6625667289_shot_001_000,lpips,full,0.34416071
42,540.196350,1ec7a45d803ab472e7fe5c6625667289_shot_001_000,sharpness,mouth,22.8646
42,540.196350,1ec7a45d803ab472e7fe5c6625667289_shot_001_000,lmd,mouth,3.03683
43,496.152893,1ec7a45d803ab472e7fe5c6625667289_shot_001_000,pixel_mse,mouth,0.02116008
43,496.152893,1ec7a45d803ab472e7fe5c6625667289_shot_001_000,pixel_mse,full,0.01108405
43,496.152893,1ec7a45d803ab472e7fe5c6625667289_shot_001_000,ssim,mouth,0.4043003
43,496.152893,1ec7a45d803ab472e7fe5c6625667289_shot_001_000,ssim,full,0.71799451
43,496.152893,1ec7a45d803ab472e7fe5c6625667289_shot_001_000,lpips,mouth,0.57825488
43,496.152893,1ec7a45d803ab472e7fe5c6625667289_shot_001_000,lpips,full,0.34422705
43,496.152893,1ec7a45d803ab472e7fe5c6625667289_shot_001_000,sharpness,mouth,22.5717
43,496.152893,1ec7a45d803ab472e7fe5c6625667289_shot_001_000,lmd,mouth,2.953892
44,445.448151,1ec7a45d803ab472e7fe5c6625667289_shot_001_000,pixel_mse,mouth,0.02113088
44,445.448151,1ec7a45d803ab472e7fe5c6625667289_shot_001_000,pixel_mse,full,0.0110822
44,445.448151,1ec7a45d803ab472e7fe5c6625667289_shot_001_000,ssim,mouth,0.40505445
44,445.448151,1ec7a45d803ab472e7fe5c6625667289_shot_001_000,ssim,full,0.71780372
44,445.448151,1ec7a45d803ab472e7fe5c6625667289_shot_001_000,lpips,mouth,0.57571578
44,445.448151,1ec7a45d803ab472e7fe5c6625667289_shot_001_000,lpips,full,0.34501836
44,445.448151,1ec7a45d803ab472e7fe5c6625667289_shot_001_000,sharpness,mouth,22.0717
44,445.448151,1ec7a45d803ab472e7fe5c6625667289_shot_001_000,lmd,mouth,2.904756
45,386.447418,1ec7a45d803ab472e7fe5c6625667289_shot_001_000,pixel_mse,mouth,0.02114575
45,386.447418,1ec7a45d803ab472e7fe5c6625667289_shot_001_000,pixel_mse,full,0.0110884
45,386.447418,1ec7a45d803ab472e7fe5c6625667289_shot_001_000,ssim,mouth,0.40549251
45,386.447418,1ec7a45d803ab472e7fe5c6625667289_shot_001_000,ssim,full,0.71775782
45,386.447418,1ec7a45d803ab472e7fe5c6625667289_shot_001_000,lpips,mouth,0.57899821
45,386.447418,1ec7a45d803ab472e7fe5c6625667289_shot_001_000,lpips,full,0.34552053
45,386.447418,1ec7a45d803ab472e7fe5c6625667289_shot_001_000,sharpness,mouth,22.0001
45,386.447418,1ec7a45d803ab472e7fe5c6625667289_shot_001_000,lmd,mouth,2.840717
46,316.933258,1ec7a45d803ab472e7fe5c6625667289_shot_001_000,pixel_mse,mouth,0.02099907
46,316.933258,1ec7a45d803ab472e7fe5c6625667289_shot_001_000,pixel_mse,full,0.01108999
46,316.933258,1ec7a45d803ab472e7fe5c6625667289_shot_001_000,ssim,mouth,0.40796387
46,316.933258,1ec7a45d803ab472e7fe5c6625667289_shot_001_000,ssim,full,0.71755153
46,316.933258,1ec7a45d803ab472e7fe5c6625667289_shot_001_000,lpips,mouth,0.58240628
46,316.933258,1ec7a45d803ab472e7fe5c6625667289_shot_001_000,lpips,full,0.34586206
46,316.933258,1ec7a45d803ab472e7fe5c6625667289_shot_001_000,sharpness,mouth,22.0393
46,316.933258,1ec7a45d803ab472e7fe5c6625667289_shot_001_000,lmd,mouth,2.824496
47,233.820694,1ec7a45d803ab472e7fe5c6625667289_shot_001_000,pixel_mse,mouth,0.02092974
47,233.820694,1ec7a45d803ab472e7fe5c6625667289_shot_001_000,pixel_mse,full,0.01109814
47,233.820694,1ec7a45d803ab472e7fe5c6625667289_shot_001_000,ssim,mouth,0.40908432
47,233.820694,1ec7a45d803ab472e7fe5c6625667289_shot_001_000,ssim,full,0.7172761
47,233.820694,1ec7a45d803ab472e7fe5c6625667289_shot_001_000,lpips,mouth,0.58203405
47,233.820694,1ec7a45d803ab472e7fe5c6625667289_shot_001_000,lpips,full,0.34704444
47,233.820694,1ec7a45d803ab472e7fe5c6625667289_shot_001_000,sharpness,mouth,22.0673
47,233.820694,1ec7a45d803ab472e7fe5c6625667289_shot_001_000,lmd,mouth,2.758062
48,132.687027,1ec7a45d803ab472e7fe5c6625667289_shot_001_000,pixel_mse,mouth,0.02091027
48,132.687027,1ec7a45d803ab472e7fe5c6625667289_shot_001_000,pixel_mse,full,0.01110396
48,132.687027,1ec7a45d803ab472e7fe5c6625667289_shot_001_000,ssim,mouth,0.4093399
48,132.687027,1ec7a45d803ab472e7fe5c6625667289_shot_001_000,ssim,full,0.7170893
48,132.687027,1ec7a45d803ab472e7fe5c6625667289_shot_001_000,lpips,mouth,0.58384693
48,132.687027,1ec7a45d803ab472e7fe5c6625667289_shot_001_000,lpips,full,0.34798115
48,132.687027,1ec7a45d803ab472e7fe5c6625667289_shot_001_000,sharpness,mouth,22.891
48,132.687027,1ec7a45d803ab472e7fe5c6625667289_shot_001_000,lmd,mouth,2.742565
49,6.958251,1ec7a45d803ab472e7fe5c6625667289_shot_001_000,pixel_mse,mouth,0.02083931
49,6.958251,1ec7a45d803ab472e7fe5c6625667289_shot_001_000,pixel_mse,full,0.0111228
49,6.958251,1ec7a45d803ab472e7fe5c6625667289_shot_001_000,ssim,mouth,0.40955055
49,6.958251,1ec7a45d803ab472e7fe5c6625667289_shot_001_000,ssim,full,0.71609908
49,6.958251,1ec7a45d803ab472e7fe5c6625667289_shot_001_000,lpips,mouth,0.54896206
49,6.958251,1ec7a45d803ab472e7fe5c6625667289_shot_001_000,lpips,full,0.34414679
49,6.958251,1ec7a45d803ab472e7fe5c6625667289_shot_001_000,sharpness,mouth,17.9533
49,6.958251,1ec7a45d803ab472e7fe5c6625667289_shot_001_000,lmd,mouth,2.911664
-1,gt,a6927ea4c0223aa08b320e86987e4c89_shot_001_001,sharpness,mouth,28.1485
-1,gt,a6927ea4c0223aa08b320e86987e4c89_shot_001_001,sync_d,mouth,5.773353
-1,gt,a6927ea4c0223aa08b320e86987e4c89_shot_001_001,sync_c,mouth,8.296562
0,1000.000000,a6927ea4c0223aa08b320e86987e4c89_shot_001_001,pixel_mse,mouth,0.02222022
0,1000.000000,a6927ea4c0223aa08b320e86987e4c89_shot_001_001,pixel_mse,full,0.02390212
0,1000.000000,a6927ea4c0223aa08b320e86987e4c89_shot_001_001,ssim,mouth,0.57940036
0,1000.000000,a6927ea4c0223aa08b320e86987e4c89_shot_001_001,ssim,full,0.75111616
0,1000.000000,a6927ea4c0223aa08b320e86987e4c89_shot_001_001,lpips,mouth,0.53613102
0,1000.000000,a6927ea4c0223aa08b320e86987e4c89_shot_001_001,lpips,full,0.35532415
0,1000.000000,a6927ea4c0223aa08b320e86987e4c89_shot_001_001,sharpness,mouth,15.895
0,1000.000000,a6927ea4c0223aa08b320e86987e4c89_shot_001_001,lmd,mouth,6.724205
0,1000.000000,a6927ea4c0223aa08b320e86987e4c89_shot_001_001,sync_d,mouth,12.020919
0,1000.000000,a6927ea4c0223aa08b320e86987e4c89_shot_001_001,sync_c,mouth,1.28796
1,997.035706,a6927ea4c0223aa08b320e86987e4c89_shot_001_001,pixel_mse,mouth,0.02679645
1,997.035706,a6927ea4c0223aa08b320e86987e4c89_shot_001_001,pixel_mse,full,0.02580742
1,997.035706,a6927ea4c0223aa08b320e86987e4c89_shot_001_001,ssim,mouth,0.55879378
1,997.035706,a6927ea4c0223aa08b320e86987e4c89_shot_001_001,ssim,full,0.74600381
1,997.035706,a6927ea4c0223aa08b320e86987e4c89_shot_001_001,lpips,mouth,0.50961018
1,997.035706,a6927ea4c0223aa08b320e86987e4c89_shot_001_001,lpips,full,0.36038837
1,997.035706,a6927ea4c0223aa08b320e86987e4c89_shot_001_001,sharpness,mouth,15.1842
1,997.035706,a6927ea4c0223aa08b320e86987e4c89_shot_001_001,lmd,mouth,5.607261
1,997.035706,a6927ea4c0223aa08b320e86987e4c89_shot_001_001,sync_d,mouth,12.407889
1,997.035706,a6927ea4c0223aa08b320e86987e4c89_shot_001_001,sync_c,mouth,0.923303
2,993.963867,a6927ea4c0223aa08b320e86987e4c89_shot_001_001,pixel_mse,mouth,0.02452089
2,993.963867,a6927ea4c0223aa08b320e86987e4c89_shot_001_001,pixel_mse,full,0.02149752
2,993.963867,a6927ea4c0223aa08b320e86987e4c89_shot_001_001,ssim,mouth,0.5563724
2,993.963867,a6927ea4c0223aa08b320e86987e4c89_shot_001_001,ssim,full,0.75714779
2,993.963867,a6927ea4c0223aa08b320e86987e4c89_shot_001_001,lpips,mouth,0.53521448
2,993.963867,a6927ea4c0223aa08b320e86987e4c89_shot_001_001,lpips,full,0.36632916
2,993.963867,a6927ea4c0223aa08b320e86987e4c89_shot_001_001,sharpness,mouth,20.3219
2,993.963867,a6927ea4c0223aa08b320e86987e4c89_shot_001_001,lmd,mouth,5.343312
2,993.963867,a6927ea4c0223aa08b320e86987e4c89_shot_001_001,sync_d,mouth,11.490797
2,993.963867,a6927ea4c0223aa08b320e86987e4c89_shot_001_001,sync_c,mouth,1.250452
3,990.779053,a6927ea4c0223aa08b320e86987e4c89_shot_001_001,pixel_mse,mouth,0.02328023
3,990.779053,a6927ea4c0223aa08b320e86987e4c89_shot_001_001,pixel_mse,full,0.02044457
3,990.779053,a6927ea4c0223aa08b320e86987e4c89_shot_001_001,ssim,mouth,0.57696885
3,990.779053,a6927ea4c0223aa08b320e86987e4c89_shot_001_001,ssim,full,0.76250893
3,990.779053,a6927ea4c0223aa08b320e86987e4c89_shot_001_001,lpips,mouth,0.52345842
3,990.779053,a6927ea4c0223aa08b320e86987e4c89_shot_001_001,lpips,full,0.36032158
3,990.779053,a6927ea4c0223aa08b320e86987e4c89_shot_001_001,sharpness,mouth,17.976
3,990.779053,a6927ea4c0223aa08b320e86987e4c89_shot_001_001,lmd,mouth,5.975585
3,990.779053,a6927ea4c0223aa08b320e86987e4c89_shot_001_001,sync_d,mouth,10.939214
3,990.779053,a6927ea4c0223aa08b320e86987e4c89_shot_001_001,sync_c,mouth,2.240376
4,987.474243,a6927ea4c0223aa08b320e86987e4c89_shot_001_001,pixel_mse,mouth,0.02295883
4,987.474243,a6927ea4c0223aa08b320e86987e4c89_shot_001_001,pixel_mse,full,0.02046756
4,987.474243,a6927ea4c0223aa08b320e86987e4c89_shot_001_001,ssim,mouth,0.57694423
4,987.474243,a6927ea4c0223aa08b320e86987e4c89_shot_001_001,ssim,full,0.76537746
4,987.474243,a6927ea4c0223aa08b320e86987e4c89_shot_001_001,lpips,mouth,0.51216942
4,987.474243,a6927ea4c0223aa08b320e86987e4c89_shot_001_001,lpips,full,0.33374667
4,987.474243,a6927ea4c0223aa08b320e86987e4c89_shot_001_001,sharpness,mouth,19.3738
4,987.474243,a6927ea4c0223aa08b320e86987e4c89_shot_001_001,lmd,mouth,4.041607
4,987.474243,a6927ea4c0223aa08b320e86987e4c89_shot_001_001,sync_d,mouth,8.218865
4,987.474243,a6927ea4c0223aa08b320e86987e4c89_shot_001_001,sync_c,mouth,5.236829
5,984.043091,a6927ea4c0223aa08b320e86987e4c89_shot_001_001,pixel_mse,mouth,0.02487005
5,984.043091,a6927ea4c0223aa08b320e86987e4c89_shot_001_001,pixel_mse,full,0.0219003
5,984.043091,a6927ea4c0223aa08b320e86987e4c89_shot_001_001,ssim,mouth,0.56404388
5,984.043091,a6927ea4c0223aa08b320e86987e4c89_shot_001_001,ssim,full,0.758138
5,984.043091,a6927ea4c0223aa08b320e86987e4c89_shot_001_001,lpips,mouth,0.47950661
5,984.043091,a6927ea4c0223aa08b320e86987e4c89_shot_001_001,lpips,full,0.32270122
5,984.043091,a6927ea4c0223aa08b320e86987e4c89_shot_001_001,sharpness,mouth,19.7091
5,984.043091,a6927ea4c0223aa08b320e86987e4c89_shot_001_001,lmd,mouth,3.482912
5,984.043091,a6927ea4c0223aa08b320e86987e4c89_shot_001_001,sync_d,mouth,7.263473
5,984.043091,a6927ea4c0223aa08b320e86987e4c89_shot_001_001,sync_c,mouth,6.698294
6,980.477844,a6927ea4c0223aa08b320e86987e4c89_shot_001_001,pixel_mse,mouth,0.02608714
6,980.477844,a6927ea4c0223aa08b320e86987e4c89_shot_001_001,pixel_mse,full,0.02316595
6,980.477844,a6927ea4c0223aa08b320e86987e4c89_shot_001_001,ssim,mouth,0.56050217
6,980.477844,a6927ea4c0223aa08b320e86987e4c89_shot_001_001,ssim,full,0.75081491
6,980.477844,a6927ea4c0223aa08b320e86987e4c89_shot_001_001,lpips,mouth,0.470824
6,980.477844,a6927ea4c0223aa08b320e86987e4c89_shot_001_001,lpips,full,0.31915653
6,980.477844,a6927ea4c0223aa08b320e86987e4c89_shot_001_001,sharpness,mouth,19.1344
6,980.477844,a6927ea4c0223aa08b320e86987e4c89_shot_001_001,lmd,mouth,3.362317
6,980.477844,a6927ea4c0223aa08b320e86987e4c89_shot_001_001,sync_d,mouth,6.803664
6,980.477844,a6927ea4c0223aa08b320e86987e4c89_shot_001_001,sync_c,mouth,7.229269
7,976.770691,a6927ea4c0223aa08b320e86987e4c89_shot_001_001,pixel_mse,mouth,0.02881964
7,976.770691,a6927ea4c0223aa08b320e86987e4c89_shot_001_001,pixel_mse,full,0.02352184
7,976.770691,a6927ea4c0223aa08b320e86987e4c89_shot_001_001,ssim,mouth,0.54918814
7,976.770691,a6927ea4c0223aa08b320e86987e4c89_shot_001_001,ssim,full,0.74774188
7,976.770691,a6927ea4c0223aa08b320e86987e4c89_shot_001_001,lpips,mouth,0.45490924
7,976.770691,a6927ea4c0223aa08b320e86987e4c89_shot_001_001,lpips,full,0.31476435
7,976.770691,a6927ea4c0223aa08b320e86987e4c89_shot_001_001,sharpness,mouth,19.4695
7,976.770691,a6927ea4c0223aa08b320e86987e4c89_shot_001_001,lmd,mouth,3.251141
7,976.770691,a6927ea4c0223aa08b320e86987e4c89_shot_001_001,sync_d,mouth,6.417352
7,976.770691,a6927ea4c0223aa08b320e86987e4c89_shot_001_001,sync_c,mouth,7.46195
8,972.912842,a6927ea4c0223aa08b320e86987e4c89_shot_001_001,pixel_mse,mouth,0.02981612
8,972.912842,a6927ea4c0223aa08b320e86987e4c89_shot_001_001,pixel_mse,full,0.02409709
8,972.912842,a6927ea4c0223aa08b320e86987e4c89_shot_001_001,ssim,mouth,0.54138654
8,972.912842,a6927ea4c0223aa08b320e86987e4c89_shot_001_001,ssim,full,0.74526048
8,972.912842,a6927ea4c0223aa08b320e86987e4c89_shot_001_001,lpips,mouth,0.44931078
8,972.912842,a6927ea4c0223aa08b320e86987e4c89_shot_001_001,lpips,full,0.30731606
8,972.912842,a6927ea4c0223aa08b320e86987e4c89_shot_001_001,sharpness,mouth,18.9732
8,972.912842,a6927ea4c0223aa08b320e86987e4c89_shot_001_001,lmd,mouth,3.226559
8,972.912842,a6927ea4c0223aa08b320e86987e4c89_shot_001_001,sync_d,mouth,6.520325
8,972.912842,a6927ea4c0223aa08b320e86987e4c89_shot_001_001,sync_c,mouth,7.401399
9,968.895081,a6927ea4c0223aa08b320e86987e4c89_shot_001_001,pixel_mse,mouth,0.03020876
9,968.895081,a6927ea4c0223aa08b320e86987e4c89_shot_001_001,pixel_mse,full,0.02452555
9,968.895081,a6927ea4c0223aa08b320e86987e4c89_shot_001_001,ssim,mouth,0.53376144
9,968.895081,a6927ea4c0223aa08b320e86987e4c89_shot_001_001,ssim,full,0.7438032
9,968.895081,a6927ea4c0223aa08b320e86987e4c89_shot_001_001,lpips,mouth,0.44681695
9,968.895081,a6927ea4c0223aa08b320e86987e4c89_shot_001_001,lpips,full,0.30466649
9,968.895081,a6927ea4c0223aa08b320e86987e4c89_shot_001_001,sharpness,mouth,18.8454
9,968.895081,a6927ea4c0223aa08b320e86987e4c89_shot_001_001,lmd,mouth,3.222659
9,968.895081,a6927ea4c0223aa08b320e86987e4c89_shot_001_001,sync_d,mouth,6.737278
9,968.895081,a6927ea4c0223aa08b320e86987e4c89_shot_001_001,sync_c,mouth,7.207025
10,964.707153,a6927ea4c0223aa08b320e86987e4c89_shot_001_001,pixel_mse,mouth,0.03168673
10,964.707153,a6927ea4c0223aa08b320e86987e4c89_shot_001_001,pixel_mse,full,0.02500373
10,964.707153,a6927ea4c0223aa08b320e86987e4c89_shot_001_001,ssim,mouth,0.51898938
10,964.707153,a6927ea4c0223aa08b320e86987e4c89_shot_001_001,ssim,full,0.7399627
10,964.707153,a6927ea4c0223aa08b320e86987e4c89_shot_001_001,lpips,mouth,0.43879497
10,964.707153,a6927ea4c0223aa08b320e86987e4c89_shot_001_001,lpips,full,0.30085266
10,964.707153,a6927ea4c0223aa08b320e86987e4c89_shot_001_001,sharpness,mouth,20.0219
10,964.707153,a6927ea4c0223aa08b320e86987e4c89_shot_001_001,lmd,mouth,3.291908
10,964.707153,a6927ea4c0223aa08b320e86987e4c89_shot_001_001,sync_d,mouth,6.747327
10,964.707153,a6927ea4c0223aa08b320e86987e4c89_shot_001_001,sync_c,mouth,7.413153
11,960.337952,a6927ea4c0223aa08b320e86987e4c89_shot_001_001,pixel_mse,mouth,0.03370138
11,960.337952,a6927ea4c0223aa08b320e86987e4c89_shot_001_001,pixel_mse,full,0.02558841
11,960.337952,a6927ea4c0223aa08b320e86987e4c89_shot_001_001,ssim,mouth,0.51019984
11,960.337952,a6927ea4c0223aa08b320e86987e4c89_shot_001_001,ssim,full,0.73719496
11,960.337952,a6927ea4c0223aa08b320e86987e4c89_shot_001_001,lpips,mouth,0.42752337
11,960.337952,a6927ea4c0223aa08b320e86987e4c89_shot_001_001,lpips,full,0.29739016
11,960.337952,a6927ea4c0223aa08b320e86987e4c89_shot_001_001,sharpness,mouth,19.1233
11,960.337952,a6927ea4c0223aa08b320e86987e4c89_shot_001_001,lmd,mouth,3.252972
11,960.337952,a6927ea4c0223aa08b320e86987e4c89_shot_001_001,sync_d,mouth,6.916675
11,960.337952,a6927ea4c0223aa08b320e86987e4c89_shot_001_001,sync_c,mouth,7.027344
12,955.775635,a6927ea4c0223aa08b320e86987e4c89_shot_001_001,pixel_mse,mouth,0.03437657
12,955.775635,a6927ea4c0223aa08b320e86987e4c89_shot_001_001,pixel_mse,full,0.02580385
12,955.775635,a6927ea4c0223aa08b320e86987e4c89_shot_001_001,ssim,mouth,0.50276279
12,955.775635,a6927ea4c0223aa08b320e86987e4c89_shot_001_001,ssim,full,0.73635441
12,955.775635,a6927ea4c0223aa08b320e86987e4c89_shot_001_001,lpips,mouth,0.41931549
12,955.775635,a6927ea4c0223aa08b320e86987e4c89_shot_001_001,lpips,full,0.29418883
12,955.775635,a6927ea4c0223aa08b320e86987e4c89_shot_001_001,sharpness,mouth,19.4873
12,955.775635,a6927ea4c0223aa08b320e86987e4c89_shot_001_001,lmd,mouth,3.231356
12,955.775635,a6927ea4c0223aa08b320e86987e4c89_shot_001_001,sync_d,mouth,6.898778
12,955.775635,a6927ea4c0223aa08b320e86987e4c89_shot_001_001,sync_c,mouth,7.01976
13,951.006897,a6927ea4c0223aa08b320e86987e4c89_shot_001_001,pixel_mse,mouth,0.03443662
13,951.006897,a6927ea4c0223aa08b320e86987e4c89_shot_001_001,pixel_mse,full,0.02649347
13,951.006897,a6927ea4c0223aa08b320e86987e4c89_shot_001_001,ssim,mouth,0.49698129
13,951.006897,a6927ea4c0223aa08b320e86987e4c89_shot_001_001,ssim,full,0.73321199
13,951.006897,a6927ea4c0223aa08b320e86987e4c89_shot_001_001,lpips,mouth,0.41507503
13,951.006897,a6927ea4c0223aa08b320e86987e4c89_shot_001_001,lpips,full,0.29316479
13,951.006897,a6927ea4c0223aa08b320e86987e4c89_shot_001_001,sharpness,mouth,19.4974
13,951.006897,a6927ea4c0223aa08b320e86987e4c89_shot_001_001,lmd,mouth,3.305541
13,951.006897,a6927ea4c0223aa08b320e86987e4c89_shot_001_001,sync_d,mouth,6.82835
13,951.006897,a6927ea4c0223aa08b320e86987e4c89_shot_001_001,sync_c,mouth,6.872601
14,946.017517,a6927ea4c0223aa08b320e86987e4c89_shot_001_001,pixel_mse,mouth,0.03873022
14,946.017517,a6927ea4c0223aa08b320e86987e4c89_shot_001_001,pixel_mse,full,0.02763681
14,946.017517,a6927ea4c0223aa08b320e86987e4c89_shot_001_001,ssim,mouth,0.47559729
14,946.017517,a6927ea4c0223aa08b320e86987e4c89_shot_001_001,ssim,full,0.72785211
14,946.017517,a6927ea4c0223aa08b320e86987e4c89_shot_001_001,lpips,mouth,0.40017107
14,946.017517,a6927ea4c0223aa08b320e86987e4c89_shot_001_001,lpips,full,0.29053333
14,946.017517,a6927ea4c0223aa08b320e86987e4c89_shot_001_001,sharpness,mouth,19.617
14,946.017517,a6927ea4c0223aa08b320e86987e4c89_shot_001_001,lmd,mouth,3.362461
14,946.017517,a6927ea4c0223aa08b320e86987e4c89_shot_001_001,sync_d,mouth,6.65333
14,946.017517,a6927ea4c0223aa08b320e86987e4c89_shot_001_001,sync_c,mouth,7.156265
15,940.791870,a6927ea4c0223aa08b320e86987e4c89_shot_001_001,pixel_mse,mouth,0.06897619
15,940.791870,a6927ea4c0223aa08b320e86987e4c89_shot_001_001,pixel_mse,full,0.03550484
15,940.791870,a6927ea4c0223aa08b320e86987e4c89_shot_001_001,ssim,mouth,0.37944961
15,940.791870,a6927ea4c0223aa08b320e86987e4c89_shot_001_001,ssim,full,0.69022256
15,940.791870,a6927ea4c0223aa08b320e86987e4c89_shot_001_001,lpips,mouth,0.4009957
15,940.791870,a6927ea4c0223aa08b320e86987e4c89_shot_001_001,lpips,full,0.30744281
15,940.791870,a6927ea4c0223aa08b320e86987e4c89_shot_001_001,sharpness,mouth,27.2481
15,940.791870,a6927ea4c0223aa08b320e86987e4c89_shot_001_001,lmd,mouth,3.733483
15,940.791870,a6927ea4c0223aa08b320e86987e4c89_shot_001_001,sync_d,mouth,6.714829
15,940.791870,a6927ea4c0223aa08b320e86987e4c89_shot_001_001,sync_c,mouth,7.422896
16,935.312622,a6927ea4c0223aa08b320e86987e4c89_shot_001_001,pixel_mse,mouth,0.07836565
16,935.312622,a6927ea4c0223aa08b320e86987e4c89_shot_001_001,pixel_mse,full,0.03864621
16,935.312622,a6927ea4c0223aa08b320e86987e4c89_shot_001_001,ssim,mouth,0.34738415
16,935.312622,a6927ea4c0223aa08b320e86987e4c89_shot_001_001,ssim,full,0.67179644
16,935.312622,a6927ea4c0223aa08b320e86987e4c89_shot_001_001,lpips,mouth,0.41878358
16,935.312622,a6927ea4c0223aa08b320e86987e4c89_shot_001_001,lpips,full,0.3226293
16,935.312622,a6927ea4c0223aa08b320e86987e4c89_shot_001_001,sharpness,mouth,33.6029
16,935.312622,a6927ea4c0223aa08b320e86987e4c89_shot_001_001,lmd,mouth,3.819478
16,935.312622,a6927ea4c0223aa08b320e86987e4c89_shot_001_001,sync_d,mouth,6.974449
16,935.312622,a6927ea4c0223aa08b320e86987e4c89_shot_001_001,sync_c,mouth,7.189024
17,929.560913,a6927ea4c0223aa08b320e86987e4c89_shot_001_001,pixel_mse,mouth,0.07950141
17,929.560913,a6927ea4c0223aa08b320e86987e4c89_shot_001_001,pixel_mse,full,0.04032321
17,929.560913,a6927ea4c0223aa08b320e86987e4c89_shot_001_001,ssim,mouth,0.33852786
17,929.560913,a6927ea4c0223aa08b320e86987e4c89_shot_001_001,ssim,full,0.66412544
17,929.560913,a6927ea4c0223aa08b320e86987e4c89_shot_001_001,lpips,mouth,0.42681429
17,929.560913,a6927ea4c0223aa08b320e86987e4c89_shot_001_001,lpips,full,0.33077604
17,929.560913,a6927ea4c0223aa08b320e86987e4c89_shot_001_001,sharpness,mouth,34.7153
17,929.560913,a6927ea4c0223aa08b320e86987e4c89_shot_001_001,lmd,mouth,3.905538
17,929.560913,a6927ea4c0223aa08b320e86987e4c89_shot_001_001,sync_d,mouth,7.367551
17,929.560913,a6927ea4c0223aa08b320e86987e4c89_shot_001_001,sync_c,mouth,6.130011
18,923.515991,a6927ea4c0223aa08b320e86987e4c89_shot_001_001,pixel_mse,mouth,0.04816679
18,923.515991,a6927ea4c0223aa08b320e86987e4c89_shot_001_001,pixel_mse,full,0.0308092
18,923.515991,a6927ea4c0223aa08b320e86987e4c89_shot_001_001,ssim,mouth,0.42327857
18,923.515991,a6927ea4c0223aa08b320e86987e4c89_shot_001_001,ssim,full,0.71142149
18,923.515991,a6927ea4c0223aa08b320e86987e4c89_shot_001_001,lpips,mouth,0.39499599
18,923.515991,a6927ea4c0223aa08b320e86987e4c89_shot_001_001,lpips,full,0.29595932
18,923.515991,a6927ea4c0223aa08b320e86987e4c89_shot_001_001,sharpness,mouth,22.4651
18,923.515991,a6927ea4c0223aa08b320e86987e4c89_shot_001_001,lmd,mouth,4.078828
18,923.515991,a6927ea4c0223aa08b320e86987e4c89_shot_001_001,sync_d,mouth,9.206678
18,923.515991,a6927ea4c0223aa08b320e86987e4c89_shot_001_001,sync_c,mouth,3.943066
19,917.154785,a6927ea4c0223aa08b320e86987e4c89_shot_001_001,pixel_mse,mouth,0.03313102
19,917.154785,a6927ea4c0223aa08b320e86987e4c89_shot_001_001,pixel_mse,full,0.0262806
19,917.154785,a6927ea4c0223aa08b320e86987e4c89_shot_001_001,ssim,mouth,0.48943385
19,917.154785,a6927ea4c0223aa08b320e86987e4c89_shot_001_001,ssim,full,0.73165417
19,917.154785,a6927ea4c0223aa08b320e86987e4c89_shot_001_001,lpips,mouth,0.39128301
19,917.154785,a6927ea4c0223aa08b320e86987e4c89_shot_001_001,lpips,full,0.29453409
19,917.154785,a6927ea4c0223aa08b320e86987e4c89_shot_001_001,sharpness,mouth,21.8451
19,917.154785,a6927ea4c0223aa08b320e86987e4c89_shot_001_001,lmd,mouth,3.793981
19,917.154785,a6927ea4c0223aa08b320e86987e4c89_shot_001_001,sync_d,mouth,10.397636
19,917.154785,a6927ea4c0223aa08b320e86987e4c89_shot_001_001,sync_c,mouth,2.960358
20,910.451721,a6927ea4c0223aa08b320e86987e4c89_shot_001_001,pixel_mse,mouth,0.03053603
20,910.451721,a6927ea4c0223aa08b320e86987e4c89_shot_001_001,pixel_mse,full,0.02443964
20,910.451721,a6927ea4c0223aa08b320e86987e4c89_shot_001_001,ssim,mouth,0.50982249
20,910.451721,a6927ea4c0223aa08b320e86987e4c89_shot_001_001,ssim,full,0.74245745
20,910.451721,a6927ea4c0223aa08b320e86987e4c89_shot_001_001,lpips,mouth,0.41688877
20,910.451721,a6927ea4c0223aa08b320e86987e4c89_shot_001_001,lpips,full,0.31289449
20,910.451721,a6927ea4c0223aa08b320e86987e4c89_shot_001_001,sharpness,mouth,18.5372
20,910.451721,a6927ea4c0223aa08b320e86987e4c89_shot_001_001,lmd,mouth,3.640995
20,910.451721,a6927ea4c0223aa08b320e86987e4c89_shot_001_001,sync_d,mouth,9.539316
20,910.451721,a6927ea4c0223aa08b320e86987e4c89_shot_001_001,sync_c,mouth,3.803226
21,903.378723,a6927ea4c0223aa08b320e86987e4c89_shot_001_001,pixel_mse,mouth,0.02985268
21,903.378723,a6927ea4c0223aa08b320e86987e4c89_shot_001_001,pixel_mse,full,0.02402911
21,903.378723,a6927ea4c0223aa08b320e86987e4c89_shot_001_001,ssim,mouth,0.51497078
21,903.378723,a6927ea4c0223aa08b320e86987e4c89_shot_001_001,ssim,full,0.74244034
21,903.378723,a6927ea4c0223aa08b320e86987e4c89_shot_001_001,lpips,mouth,0.43532327
21,903.378723,a6927ea4c0223aa08b320e86987e4c89_shot_001_001,lpips,full,0.31574821
21,903.378723,a6927ea4c0223aa08b320e86987e4c89_shot_001_001,sharpness,mouth,19.2619
21,903.378723,a6927ea4c0223aa08b320e86987e4c89_shot_001_001,lmd,mouth,3.631309
21,903.378723,a6927ea4c0223aa08b320e86987e4c89_shot_001_001,sync_d,mouth,10.483784
21,903.378723,a6927ea4c0223aa08b320e86987e4c89_shot_001_001,sync_c,mouth,3.185392
22,895.903931,a6927ea4c0223aa08b320e86987e4c89_shot_001_001,pixel_mse,mouth,0.02926746
22,895.903931,a6927ea4c0223aa08b320e86987e4c89_shot_001_001,pixel_mse,full,0.02356997
22,895.903931,a6927ea4c0223aa08b320e86987e4c89_shot_001_001,ssim,mouth,0.52280271
22,895.903931,a6927ea4c0223aa08b320e86987e4c89_shot_001_001,ssim,full,0.74450427
22,895.903931,a6927ea4c0223aa08b320e86987e4c89_shot_001_001,lpips,mouth,0.46208215
22,895.903931,a6927ea4c0223aa08b320e86987e4c89_shot_001_001,lpips,full,0.3230612
22,895.903931,a6927ea4c0223aa08b320e86987e4c89_shot_001_001,sharpness,mouth,24.8977
22,895.903931,a6927ea4c0223aa08b320e86987e4c89_shot_001_001,lmd,mouth,3.741016
22,895.903931,a6927ea4c0223aa08b320e86987e4c89_shot_001_001,sync_d,mouth,9.573576
22,895.903931,a6927ea4c0223aa08b320e86987e4c89_shot_001_001,sync_c,mouth,3.855371
23,887.992493,a6927ea4c0223aa08b320e86987e4c89_shot_001_001,pixel_mse,mouth,0.02920509
23,887.992493,a6927ea4c0223aa08b320e86987e4c89_shot_001_001,pixel_mse,full,0.02360917
23,887.992493,a6927ea4c0223aa08b320e86987e4c89_shot_001_001,ssim,mouth,0.52458268
23,887.992493,a6927ea4c0223aa08b320e86987e4c89_shot_001_001,ssim,full,0.74389815
23,887.992493,a6927ea4c0223aa08b320e86987e4c89_shot_001_001,lpips,mouth,0.46878719
23,887.992493,a6927ea4c0223aa08b320e86987e4c89_shot_001_001,lpips,full,0.32639667
23,887.992493,a6927ea4c0223aa08b320e86987e4c89_shot_001_001,sharpness,mouth,28.203
23,887.992493,a6927ea4c0223aa08b320e86987e4c89_shot_001_001,lmd,mouth,4.081937
23,887.992493,a6927ea4c0223aa08b320e86987e4c89_shot_001_001,sync_d,mouth,9.802481
23,887.992493,a6927ea4c0223aa08b320e86987e4c89_shot_001_001,sync_c,mouth,3.713008
24,879.604736,a6927ea4c0223aa08b320e86987e4c89_shot_001_001,pixel_mse,mouth,0.02753007
24,879.604736,a6927ea4c0223aa08b320e86987e4c89_shot_001_001,pixel_mse,full,0.02314246
24,879.604736,a6927ea4c0223aa08b320e86987e4c89_shot_001_001,ssim,mouth,0.54278207
24,879.604736,a6927ea4c0223aa08b320e86987e4c89_shot_001_001,ssim,full,0.74604392
24,879.604736,a6927ea4c0223aa08b320e86987e4c89_shot_001_001,lpips,mouth,0.4861016
24,879.604736,a6927ea4c0223aa08b320e86987e4c89_shot_001_001,lpips,full,0.32397225
24,879.604736,a6927ea4c0223aa08b320e86987e4c89_shot_001_001,sharpness,mouth,27.0722
24,879.604736,a6927ea4c0223aa08b320e86987e4c89_shot_001_001,lmd,mouth,4.640063
24,879.604736,a6927ea4c0223aa08b320e86987e4c89_shot_001_001,sync_d,mouth,9.938976
24,879.604736,a6927ea4c0223aa08b320e86987e4c89_shot_001_001,sync_c,mouth,3.256841
25,870.696350,a6927ea4c0223aa08b320e86987e4c89_shot_001_001,pixel_mse,mouth,0.02657662
25,870.696350,a6927ea4c0223aa08b320e86987e4c89_shot_001_001,pixel_mse,full,0.02323117
25,870.696350,a6927ea4c0223aa08b320e86987e4c89_shot_001_001,ssim,mouth,0.55261636
25,870.696350,a6927ea4c0223aa08b320e86987e4c89_shot_001_001,ssim,full,0.7478863
25,870.696350,a6927ea4c0223aa08b320e86987e4c89_shot_001_001,lpips,mouth,0.49094397
25,870.696350,a6927ea4c0223aa08b320e86987e4c89_shot_001_001,lpips,full,0.32202381
25,870.696350,a6927ea4c0223aa08b320e86987e4c89_shot_001_001,sharpness,mouth,25.5717
25,870.696350,a6927ea4c0223aa08b320e86987e4c89_shot_001_001,lmd,mouth,4.700696
25,870.696350,a6927ea4c0223aa08b320e86987e4c89_shot_001_001,sync_d,mouth,10.090439
25,870.696350,a6927ea4c0223aa08b320e86987e4c89_shot_001_001,sync_c,mouth,2.980346
26,861.217407,a6927ea4c0223aa08b320e86987e4c89_shot_001_001,pixel_mse,mouth,0.02484254
26,861.217407,a6927ea4c0223aa08b320e86987e4c89_shot_001_001,pixel_mse,full,0.02307852
26,861.217407,a6927ea4c0223aa08b320e86987e4c89_shot_001_001,ssim,mouth,0.55811638
26,861.217407,a6927ea4c0223aa08b320e86987e4c89_shot_001_001,ssim,full,0.74765408
26,861.217407,a6927ea4c0223aa08b320e86987e4c89_shot_001_001,lpips,mouth,0.50741678
26,861.217407,a6927ea4c0223aa08b320e86987e4c89_shot_001_001,lpips,full,0.32150051
26,861.217407,a6927ea4c0223aa08b320e86987e4c89_shot_001_001,sharpness,mouth,23.2148
26,861.217407,a6927ea4c0223aa08b320e86987e4c89_shot_001_001,lmd,mouth,4.59924
26,861.217407,a6927ea4c0223aa08b320e86987e4c89_shot_001_001,sync_d,mouth,9.388008
26,861.217407,a6927ea4c0223aa08b320e86987e4c89_shot_001_001,sync_c,mouth,3.798071
27,851.111145,a6927ea4c0223aa08b320e86987e4c89_shot_001_001,pixel_mse,mouth,0.02570726
27,851.111145,a6927ea4c0223aa08b320e86987e4c89_shot_001_001,pixel_mse,full,0.0231838
27,851.111145,a6927ea4c0223aa08b320e86987e4c89_shot_001_001,ssim,mouth,0.54465526
27,851.111145,a6927ea4c0223aa08b320e86987e4c89_shot_001_001,ssim,full,0.74714899
27,851.111145,a6927ea4c0223aa08b320e86987e4c89_shot_001_001,lpips,mouth,0.50298148
27,851.111145,a6927ea4c0223aa08b320e86987e4c89_shot_001_001,lpips,full,0.32255462
27,851.111145,a6927ea4c0223aa08b320e86987e4c89_shot_001_001,sharpness,mouth,23.8722
27,851.111145,a6927ea4c0223aa08b320e86987e4c89_shot_001_001,lmd,mouth,3.952179
27,851.111145,a6927ea4c0223aa08b320e86987e4c89_shot_001_001,sync_d,mouth,8.465397
27,851.111145,a6927ea4c0223aa08b320e86987e4c89_shot_001_001,sync_c,mouth,4.652348
28,840.313232,a6927ea4c0223aa08b320e86987e4c89_shot_001_001,pixel_mse,mouth,0.02505127
28,840.313232,a6927ea4c0223aa08b320e86987e4c89_shot_001_001,pixel_mse,full,0.02302516
28,840.313232,a6927ea4c0223aa08b320e86987e4c89_shot_001_001,ssim,mouth,0.54349595
28,840.313232,a6927ea4c0223aa08b320e86987e4c89_shot_001_001,ssim,full,0.74879068
28,840.313232,a6927ea4c0223aa08b320e86987e4c89_shot_001_001,lpips,mouth,0.50230914
28,840.313232,a6927ea4c0223aa08b320e86987e4c89_shot_001_001,lpips,full,0.32179096
28,840.313232,a6927ea4c0223aa08b320e86987e4c89_shot_001_001,sharpness,mouth,23.5183
28,840.313232,a6927ea4c0223aa08b320e86987e4c89_shot_001_001,lmd,mouth,3.995826
28,840.313232,a6927ea4c0223aa08b320e86987e4c89_shot_001_001,sync_d,mouth,8.600944
28,840.313232,a6927ea4c0223aa08b320e86987e4c89_shot_001_001,sync_c,mouth,4.487799
29,828.750244,a6927ea4c0223aa08b320e86987e4c89_shot_001_001,pixel_mse,mouth,0.02459934
29,828.750244,a6927ea4c0223aa08b320e86987e4c89_shot_001_001,pixel_mse,full,0.02306063
29,828.750244,a6927ea4c0223aa08b320e86987e4c89_shot_001_001,ssim,mouth,0.54861087
29,828.750244,a6927ea4c0223aa08b320e86987e4c89_shot_001_001,ssim,full,0.74920607
29,828.750244,a6927ea4c0223aa08b320e86987e4c89_shot_001_001,lpips,mouth,0.50653428
29,828.750244,a6927ea4c0223aa08b320e86987e4c89_shot_001_001,lpips,full,0.32325801
29,828.750244,a6927ea4c0223aa08b320e86987e4c89_shot_001_001,sharpness,mouth,23.1417
29,828.750244,a6927ea4c0223aa08b320e86987e4c89_shot_001_001,lmd,mouth,4.117332
29,828.750244,a6927ea4c0223aa08b320e86987e4c89_shot_001_001,sync_d,mouth,9.236855
29,828.750244,a6927ea4c0223aa08b320e86987e4c89_shot_001_001,sync_c,mouth,3.734966
30,816.337830,a6927ea4c0223aa08b320e86987e4c89_shot_001_001,pixel_mse,mouth,0.02436452
30,816.337830,a6927ea4c0223aa08b320e86987e4c89_shot_001_001,pixel_mse,full,0.02304851
30,816.337830,a6927ea4c0223aa08b320e86987e4c89_shot_001_001,ssim,mouth,0.55135965
30,816.337830,a6927ea4c0223aa08b320e86987e4c89_shot_001_001,ssim,full,0.75005776
30,816.337830,a6927ea4c0223aa08b320e86987e4c89_shot_001_001,lpips,mouth,0.51060933
30,816.337830,a6927ea4c0223aa08b320e86987e4c89_shot_001_001,lpips,full,0.3276591
30,816.337830,a6927ea4c0223aa08b320e86987e4c89_shot_001_001,sharpness,mouth,22.3364
30,816.337830,a6927ea4c0223aa08b320e86987e4c89_shot_001_001,lmd,mouth,4.249305
30,816.337830,a6927ea4c0223aa08b320e86987e4c89_shot_001_001,sync_d,mouth,9.144762
30,816.337830,a6927ea4c0223aa08b320e86987e4c89_shot_001_001,sync_c,mouth,3.96176
31,802.978699,a6927ea4c0223aa08b320e86987e4c89_shot_001_001,pixel_mse,mouth,0.02359617
31,802.978699,a6927ea4c0223aa08b320e86987e4c89_shot_001_001,pixel_mse,full,0.02304461
31,802.978699,a6927ea4c0223aa08b320e86987e4c89_shot_001_001,ssim,mouth,0.55850643
31,802.978699,a6927ea4c0223aa08b320e86987e4c89_shot_001_001,ssim,full,0.7503255
31,802.978699,a6927ea4c0223aa08b320e86987e4c89_shot_001_001,lpips,mouth,0.51507527
31,802.978699,a6927ea4c0223aa08b320e86987e4c89_shot_001_001,lpips,full,0.32897294
31,802.978699,a6927ea4c0223aa08b320e86987e4c89_shot_001_001,sharpness,mouth,20.9015
31,802.978699,a6927ea4c0223aa08b320e86987e4c89_shot_001_001,lmd,mouth,4.983924
31,802.978699,a6927ea4c0223aa08b320e86987e4c89_shot_001_001,sync_d,mouth,10.008531
31,802.978699,a6927ea4c0223aa08b320e86987e4c89_shot_001_001,sync_c,mouth,3.23382
32,788.560242,a6927ea4c0223aa08b320e86987e4c89_shot_001_001,pixel_mse,mouth,0.02274317
32,788.560242,a6927ea4c0223aa08b320e86987e4c89_shot_001_001,pixel_mse,full,0.02313343
32,788.560242,a6927ea4c0223aa08b320e86987e4c89_shot_001_001,ssim,mouth,0.56576413
32,788.560242,a6927ea4c0223aa08b320e86987e4c89_shot_001_001,ssim,full,0.75026602
32,788.560242,a6927ea4c0223aa08b320e86987e4c89_shot_001_001,lpips,mouth,0.51885968
32,788.560242,a6927ea4c0223aa08b320e86987e4c89_shot_001_001,lpips,full,0.33073157
32,788.560242,a6927ea4c0223aa08b320e86987e4c89_shot_001_001,sharpness,mouth,21.385
32,788.560242,a6927ea4c0223aa08b320e86987e4c89_shot_001_001,lmd,mouth,5.772925
32,788.560242,a6927ea4c0223aa08b320e86987e4c89_shot_001_001,sync_d,mouth,10.329337
32,788.560242,a6927ea4c0223aa08b320e86987e4c89_shot_001_001,sync_c,mouth,2.761671
33,772.951477,a6927ea4c0223aa08b320e86987e4c89_shot_001_001,pixel_mse,mouth,0.02213533
33,772.951477,a6927ea4c0223aa08b320e86987e4c89_shot_001_001,pixel_mse,full,0.02313639
33,772.951477,a6927ea4c0223aa08b320e86987e4c89_shot_001_001,ssim,mouth,0.57075173
33,772.951477,a6927ea4c0223aa08b320e86987e4c89_shot_001_001,ssim,full,0.75051081
33,772.951477,a6927ea4c0223aa08b320e86987e4c89_shot_001_001,lpips,mouth,0.52426392
33,772.951477,a6927ea4c0223aa08b320e86987e4c89_shot_001_001,lpips,full,0.33165446
33,772.951477,a6927ea4c0223aa08b320e86987e4c89_shot_001_001,sharpness,mouth,20.9975
33,772.951477,a6927ea4c0223aa08b320e86987e4c89_shot_001_001,lmd,mouth,5.511931
33,772.951477,a6927ea4c0223aa08b320e86987e4c89_shot_001_001,sync_d,mouth,10.148622
33,772.951477,a6927ea4c0223aa08b320e86987e4c89_shot_001_001,sync_c,mouth,2.890276
34,755.998352,a6927ea4c0223aa08b320e86987e4c89_shot_001_001,pixel_mse,mouth,0.02205926
34,755.998352,a6927ea4c0223aa08b320e86987e4c89_shot_001_001,pixel_mse,full,0.02317065
34,755.998352,a6927ea4c0223aa08b320e86987e4c89_shot_001_001,ssim,mouth,0.57167345
34,755.998352,a6927ea4c0223aa08b320e86987e4c89_shot_001_001,ssim,full,0.75068682
34,755.998352,a6927ea4c0223aa08b320e86987e4c89_shot_001_001,lpips,mouth,0.52506191
34,755.998352,a6927ea4c0223aa08b320e86987e4c89_shot_001_001,lpips,full,0.33211532
34,755.998352,a6927ea4c0223aa08b320e86987e4c89_shot_001_001,sharpness,mouth,20.7043
34,755.998352,a6927ea4c0223aa08b320e86987e4c89_shot_001_001,lmd,mouth,5.389675
34,755.998352,a6927ea4c0223aa08b320e86987e4c89_shot_001_001,sync_d,mouth,10.665471
34,755.998352,a6927ea4c0223aa08b320e86987e4c89_shot_001_001,sync_c,mouth,2.769298
35,737.519714,a6927ea4c0223aa08b320e86987e4c89_shot_001_001,pixel_mse,mouth,0.02218264
35,737.519714,a6927ea4c0223aa08b320e86987e4c89_shot_001_001,pixel_mse,full,0.0231525
35,737.519714,a6927ea4c0223aa08b320e86987e4c89_shot_001_001,ssim,mouth,0.57141775
35,737.519714,a6927ea4c0223aa08b320e86987e4c89_shot_001_001,ssim,full,0.751203
35,737.519714,a6927ea4c0223aa08b320e86987e4c89_shot_001_001,lpips,mouth,0.52136201
35,737.519714,a6927ea4c0223aa08b320e86987e4c89_shot_001_001,lpips,full,0.33292142
35,737.519714,a6927ea4c0223aa08b320e86987e4c89_shot_001_001,sharpness,mouth,20.3488
35,737.519714,a6927ea4c0223aa08b320e86987e4c89_shot_001_001,lmd,mouth,5.480917
35,737.519714,a6927ea4c0223aa08b320e86987e4c89_shot_001_001,sync_d,mouth,10.475
35,737.519714,a6927ea4c0223aa08b320e86987e4c89_shot_001_001,sync_c,mouth,2.660001
36,717.299683,a6927ea4c0223aa08b320e86987e4c89_shot_001_001,pixel_mse,mouth,0.02209885
36,717.299683,a6927ea4c0223aa08b320e86987e4c89_shot_001_001,pixel_mse,full,0.02314406
36,717.299683,a6927ea4c0223aa08b320e86987e4c89_shot_001_001,ssim,mouth,0.57138985
36,717.299683,a6927ea4c0223aa08b320e86987e4c89_shot_001_001,ssim,full,0.751616
36,717.299683,a6927ea4c0223aa08b320e86987e4c89_shot_001_001,lpips,mouth,0.51995903
36,717.299683,a6927ea4c0223aa08b320e86987e4c89_shot_001_001,lpips,full,0.33479017
36,717.299683,a6927ea4c0223aa08b320e86987e4c89_shot_001_001,sharpness,mouth,20.5215
36,717.299683,a6927ea4c0223aa08b320e86987e4c89_shot_001_001,lmd,mouth,5.202295
36,717.299683,a6927ea4c0223aa08b320e86987e4c89_shot_001_001,sync_d,mouth,10.400771
36,717.299683,a6927ea4c0223aa08b320e86987e4c89_shot_001_001,sync_c,mouth,2.662331
37,695.080139,a6927ea4c0223aa08b320e86987e4c89_shot_001_001,pixel_mse,mouth,0.02184095
37,695.080139,a6927ea4c0223aa08b320e86987e4c89_shot_001_001,pixel_mse,full,0.02307801
37,695.080139,a6927ea4c0223aa08b320e86987e4c89_shot_001_001,ssim,mouth,0.57511157
37,695.080139,a6927ea4c0223aa08b320e86987e4c89_shot_001_001,ssim,full,0.7522158
37,695.080139,a6927ea4c0223aa08b320e86987e4c89_shot_001_001,lpips,mouth,0.52811962
37,695.080139,a6927ea4c0223aa08b320e86987e4c89_shot_001_001,lpips,full,0.33716083
37,695.080139,a6927ea4c0223aa08b320e86987e4c89_shot_001_001,sharpness,mouth,20.5167
37,695.080139,a6927ea4c0223aa08b320e86987e4c89_shot_001_001,lmd,mouth,5.217572
37,695.080139,a6927ea4c0223aa08b320e86987e4c89_shot_001_001,sync_d,mouth,10.959161
37,695.080139,a6927ea4c0223aa08b320e86987e4c89_shot_001_001,sync_c,mouth,2.189084
38,670.548828,a6927ea4c0223aa08b320e86987e4c89_shot_001_001,pixel_mse,mouth,0.0216655
38,670.548828,a6927ea4c0223aa08b320e86987e4c89_shot_001_001,pixel_mse,full,0.02301983
38,670.548828,a6927ea4c0223aa08b320e86987e4c89_shot_001_001,ssim,mouth,0.57626867
38,670.548828,a6927ea4c0223aa08b320e86987e4c89_shot_001_001,ssim,full,0.7523731
38,670.548828,a6927ea4c0223aa08b320e86987e4c89_shot_001_001,lpips,mouth,0.53689116
38,670.548828,a6927ea4c0223aa08b320e86987e4c89_shot_001_001,lpips,full,0.33993468
38,670.548828,a6927ea4c0223aa08b320e86987e4c89_shot_001_001,sharpness,mouth,20.7194
38,670.548828,a6927ea4c0223aa08b320e86987e4c89_shot_001_001,lmd,mouth,5.199858
38,670.548828,a6927ea4c0223aa08b320e86987e4c89_shot_001_001,sync_d,mouth,10.888632
38,670.548828,a6927ea4c0223aa08b320e86987e4c89_shot_001_001,sync_c,mouth,2.431373
39,643.325317,a6927ea4c0223aa08b320e86987e4c89_shot_001_001,pixel_mse,mouth,0.02139416
39,643.325317,a6927ea4c0223aa08b320e86987e4c89_shot_001_001,pixel_mse,full,0.02303478
39,643.325317,a6927ea4c0223aa08b320e86987e4c89_shot_001_001,ssim,mouth,0.57769948
39,643.325317,a6927ea4c0223aa08b320e86987e4c89_shot_001_001,ssim,full,0.75339854
39,643.325317,a6927ea4c0223aa08b320e86987e4c89_shot_001_001,lpips,mouth,0.54421371
39,643.325317,a6927ea4c0223aa08b320e86987e4c89_shot_001_001,lpips,full,0.34305173
39,643.325317,a6927ea4c0223aa08b320e86987e4c89_shot_001_001,sharpness,mouth,20.7335
39,643.325317,a6927ea4c0223aa08b320e86987e4c89_shot_001_001,lmd,mouth,5.594009
39,643.325317,a6927ea4c0223aa08b320e86987e4c89_shot_001_001,sync_d,mouth,11.628573
39,643.325317,a6927ea4c0223aa08b320e86987e4c89_shot_001_001,sync_c,mouth,1.567488
40,612.940735,a6927ea4c0223aa08b320e86987e4c89_shot_001_001,pixel_mse,mouth,0.0214693
40,612.940735,a6927ea4c0223aa08b320e86987e4c89_shot_001_001,pixel_mse,full,0.0232182
40,612.940735,a6927ea4c0223aa08b320e86987e4c89_shot_001_001,ssim,mouth,0.57807261
40,612.940735,a6927ea4c0223aa08b320e86987e4c89_shot_001_001,ssim,full,0.75324607
40,612.940735,a6927ea4c0223aa08b320e86987e4c89_shot_001_001,lpips,mouth,0.54869598
40,612.940735,a6927ea4c0223aa08b320e86987e4c89_shot_001_001,lpips,full,0.34390163
40,612.940735,a6927ea4c0223aa08b320e86987e4c89_shot_001_001,sharpness,mouth,20.2871
40,612.940735,a6927ea4c0223aa08b320e86987e4c89_shot_001_001,lmd,mouth,5.631531
40,612.940735,a6927ea4c0223aa08b320e86987e4c89_shot_001_001,sync_d,mouth,12.485776
40,612.940735,a6927ea4c0223aa08b320e86987e4c89_shot_001_001,sync_c,mouth,0.972289
41,578.810425,a6927ea4c0223aa08b320e86987e4c89_shot_001_001,pixel_mse,mouth,0.02166593
41,578.810425,a6927ea4c0223aa08b320e86987e4c89_shot_001_001,pixel_mse,full,0.02324638
41,578.810425,a6927ea4c0223aa08b320e86987e4c89_shot_001_001,ssim,mouth,0.57714844
41,578.810425,a6927ea4c0223aa08b320e86987e4c89_shot_001_001,ssim,full,0.7534703
41,578.810425,a6927ea4c0223aa08b320e86987e4c89_shot_001_001,lpips,mouth,0.54356533
41,578.810425,a6927ea4c0223aa08b320e86987e4c89_shot_001_001,lpips,full,0.34565437
41,578.810425,a6927ea4c0223aa08b320e86987e4c89_shot_001_001,sharpness,mouth,20.5935
41,578.810425,a6927ea4c0223aa08b320e86987e4c89_shot_001_001,lmd,mouth,5.817822
41,578.810425,a6927ea4c0223aa08b320e86987e4c89_shot_001_001,sync_d,mouth,12.52606
41,578.810425,a6927ea4c0223aa08b320e86987e4c89_shot_001_001,sync_c,mouth,0.998563
42,540.196350,a6927ea4c0223aa08b320e86987e4c89_shot_001_001,pixel_mse,mouth,0.02159164
42,540.196350,a6927ea4c0223aa08b320e86987e4c89_shot_001_001,pixel_mse,full,0.02330292
42,540.196350,a6927ea4c0223aa08b320e86987e4c89_shot_001_001,ssim,mouth,0.57957333
42,540.196350,a6927ea4c0223aa08b320e86987e4c89_shot_001_001,ssim,full,0.75364327
42,540.196350,a6927ea4c0223aa08b320e86987e4c89_shot_001_001,lpips,mouth,0.54420215
42,540.196350,a6927ea4c0223aa08b320e86987e4c89_shot_001_001,lpips,full,0.34872884
42,540.196350,a6927ea4c0223aa08b320e86987e4c89_shot_001_001,sharpness,mouth,20.4039
42,540.196350,a6927ea4c0223aa08b320e86987e4c89_shot_001_001,lmd,mouth,5.787288
42,540.196350,a6927ea4c0223aa08b320e86987e4c89_shot_001_001,sync_d,mouth,12.207012
42,540.196350,a6927ea4c0223aa08b320e86987e4c89_shot_001_001,sync_c,mouth,1.213177
43,496.152893,a6927ea4c0223aa08b320e86987e4c89_shot_001_001,pixel_mse,mouth,0.02159416
43,496.152893,a6927ea4c0223aa08b320e86987e4c89_shot_001_001,pixel_mse,full,0.02336665
43,496.152893,a6927ea4c0223aa08b320e86987e4c89_shot_001_001,ssim,mouth,0.58153456
43,496.152893,a6927ea4c0223aa08b320e86987e4c89_shot_001_001,ssim,full,0.75397587
43,496.152893,a6927ea4c0223aa08b320e86987e4c89_shot_001_001,lpips,mouth,0.5460003
43,496.152893,a6927ea4c0223aa08b320e86987e4c89_shot_001_001,lpips,full,0.35172412
43,496.152893,a6927ea4c0223aa08b320e86987e4c89_shot_001_001,sharpness,mouth,20.6724
43,496.152893,a6927ea4c0223aa08b320e86987e4c89_shot_001_001,lmd,mouth,6.106134
43,496.152893,a6927ea4c0223aa08b320e86987e4c89_shot_001_001,sync_d,mouth,12.274228
43,496.152893,a6927ea4c0223aa08b320e86987e4c89_shot_001_001,sync_c,mouth,1.068117
44,445.448151,a6927ea4c0223aa08b320e86987e4c89_shot_001_001,pixel_mse,mouth,0.0217143
44,445.448151,a6927ea4c0223aa08b320e86987e4c89_shot_001_001,pixel_mse,full,0.02337995
44,445.448151,a6927ea4c0223aa08b320e86987e4c89_shot_001_001,ssim,mouth,0.58324504
44,445.448151,a6927ea4c0223aa08b320e86987e4c89_shot_001_001,ssim,full,0.75423902
44,445.448151,a6927ea4c0223aa08b320e86987e4c89_shot_001_001,lpips,mouth,0.54487145
44,445.448151,a6927ea4c0223aa08b320e86987e4c89_shot_001_001,lpips,full,0.35295147
44,445.448151,a6927ea4c0223aa08b320e86987e4c89_shot_001_001,sharpness,mouth,20.6426
44,445.448151,a6927ea4c0223aa08b320e86987e4c89_shot_001_001,lmd,mouth,6.107594
44,445.448151,a6927ea4c0223aa08b320e86987e4c89_shot_001_001,sync_d,mouth,11.827108
44,445.448151,a6927ea4c0223aa08b320e86987e4c89_shot_001_001,sync_c,mouth,1.314938
45,386.447418,a6927ea4c0223aa08b320e86987e4c89_shot_001_001,pixel_mse,mouth,0.02167803
45,386.447418,a6927ea4c0223aa08b320e86987e4c89_shot_001_001,pixel_mse,full,0.02333912
45,386.447418,a6927ea4c0223aa08b320e86987e4c89_shot_001_001,ssim,mouth,0.58401591
45,386.447418,a6927ea4c0223aa08b320e86987e4c89_shot_001_001,ssim,full,0.75482154
45,386.447418,a6927ea4c0223aa08b320e86987e4c89_shot_001_001,lpips,mouth,0.54926658
45,386.447418,a6927ea4c0223aa08b320e86987e4c89_shot_001_001,lpips,full,0.35525909
45,386.447418,a6927ea4c0223aa08b320e86987e4c89_shot_001_001,sharpness,mouth,21.2163
45,386.447418,a6927ea4c0223aa08b320e86987e4c89_shot_001_001,lmd,mouth,6.205138
45,386.447418,a6927ea4c0223aa08b320e86987e4c89_shot_001_001,sync_d,mouth,12.009277
45,386.447418,a6927ea4c0223aa08b320e86987e4c89_shot_001_001,sync_c,mouth,1.309821
46,316.933258,a6927ea4c0223aa08b320e86987e4c89_shot_001_001,pixel_mse,mouth,0.02170059
46,316.933258,a6927ea4c0223aa08b320e86987e4c89_shot_001_001,pixel_mse,full,0.02331178
46,316.933258,a6927ea4c0223aa08b320e86987e4c89_shot_001_001,ssim,mouth,0.58483106
46,316.933258,a6927ea4c0223aa08b320e86987e4c89_shot_001_001,ssim,full,0.7550981
46,316.933258,a6927ea4c0223aa08b320e86987e4c89_shot_001_001,lpips,mouth,0.54769719
46,316.933258,a6927ea4c0223aa08b320e86987e4c89_shot_001_001,lpips,full,0.35734946
46,316.933258,a6927ea4c0223aa08b320e86987e4c89_shot_001_001,sharpness,mouth,20.9845
46,316.933258,a6927ea4c0223aa08b320e86987e4c89_shot_001_001,lmd,mouth,6.376838
46,316.933258,a6927ea4c0223aa08b320e86987e4c89_shot_001_001,sync_d,mouth,11.941289
46,316.933258,a6927ea4c0223aa08b320e86987e4c89_shot_001_001,sync_c,mouth,1.473288
47,233.820694,a6927ea4c0223aa08b320e86987e4c89_shot_001_001,pixel_mse,mouth,0.02168263
47,233.820694,a6927ea4c0223aa08b320e86987e4c89_shot_001_001,pixel_mse,full,0.02328627
47,233.820694,a6927ea4c0223aa08b320e86987e4c89_shot_001_001,ssim,mouth,0.58581823
47,233.820694,a6927ea4c0223aa08b320e86987e4c89_shot_001_001,ssim,full,0.75527585
47,233.820694,a6927ea4c0223aa08b320e86987e4c89_shot_001_001,lpips,mouth,0.5502485
47,233.820694,a6927ea4c0223aa08b320e86987e4c89_shot_001_001,lpips,full,0.36008918
47,233.820694,a6927ea4c0223aa08b320e86987e4c89_shot_001_001,sharpness,mouth,21.5529
47,233.820694,a6927ea4c0223aa08b320e86987e4c89_shot_001_001,lmd,mouth,6.533987
47,233.820694,a6927ea4c0223aa08b320e86987e4c89_shot_001_001,sync_d,mouth,12.151567
47,233.820694,a6927ea4c0223aa08b320e86987e4c89_shot_001_001,sync_c,mouth,1.377128
48,132.687027,a6927ea4c0223aa08b320e86987e4c89_shot_001_001,pixel_mse,mouth,0.0216893
48,132.687027,a6927ea4c0223aa08b320e86987e4c89_shot_001_001,pixel_mse,full,0.02326272
48,132.687027,a6927ea4c0223aa08b320e86987e4c89_shot_001_001,ssim,mouth,0.58543092
48,132.687027,a6927ea4c0223aa08b320e86987e4c89_shot_001_001,ssim,full,0.75556737
48,132.687027,a6927ea4c0223aa08b320e86987e4c89_shot_001_001,lpips,mouth,0.55080819
48,132.687027,a6927ea4c0223aa08b320e86987e4c89_shot_001_001,lpips,full,0.36175203
48,132.687027,a6927ea4c0223aa08b320e86987e4c89_shot_001_001,sharpness,mouth,21.799
48,132.687027,a6927ea4c0223aa08b320e86987e4c89_shot_001_001,lmd,mouth,6.807237
48,132.687027,a6927ea4c0223aa08b320e86987e4c89_shot_001_001,sync_d,mouth,12.148773
48,132.687027,a6927ea4c0223aa08b320e86987e4c89_shot_001_001,sync_c,mouth,1.219557
49,6.958251,a6927ea4c0223aa08b320e86987e4c89_shot_001_001,pixel_mse,mouth,0.02163774
49,6.958251,a6927ea4c0223aa08b320e86987e4c89_shot_001_001,pixel_mse,full,0.02328046
49,6.958251,a6927ea4c0223aa08b320e86987e4c89_shot_001_001,ssim,mouth,0.58318549
49,6.958251,a6927ea4c0223aa08b320e86987e4c89_shot_001_001,ssim,full,0.75424445
49,6.958251,a6927ea4c0223aa08b320e86987e4c89_shot_001_001,lpips,mouth,0.53100067
49,6.958251,a6927ea4c0223aa08b320e86987e4c89_shot_001_001,lpips,full,0.34987339
49,6.958251,a6927ea4c0223aa08b320e86987e4c89_shot_001_001,sharpness,mouth,15.7702
49,6.958251,a6927ea4c0223aa08b320e86987e4c89_shot_001_001,lmd,mouth,6.711082
49,6.958251,a6927ea4c0223aa08b320e86987e4c89_shot_001_001,sync_d,mouth,11.845944
49,6.958251,a6927ea4c0223aa08b320e86987e4c89_shot_001_001,sync_c,mouth,1.433971
-1,gt,283979598869ec6d8c5cdbe66eb5ecb8_shot_001_000,sharpness,mouth,16.4668
-1,gt,283979598869ec6d8c5cdbe66eb5ecb8_shot_001_000,sync_d,mouth,8.405603
-1,gt,283979598869ec6d8c5cdbe66eb5ecb8_shot_001_000,sync_c,mouth,4.753981
0,1000.000000,283979598869ec6d8c5cdbe66eb5ecb8_shot_001_000,pixel_mse,mouth,0.00558072
0,1000.000000,283979598869ec6d8c5cdbe66eb5ecb8_shot_001_000,pixel_mse,full,0.00437346
0,1000.000000,283979598869ec6d8c5cdbe66eb5ecb8_shot_001_000,ssim,mouth,0.66957825
0,1000.000000,283979598869ec6d8c5cdbe66eb5ecb8_shot_001_000,ssim,full,0.77054006
0,1000.000000,283979598869ec6d8c5cdbe66eb5ecb8_shot_001_000,lpips,mouth,0.38229632
0,1000.000000,283979598869ec6d8c5cdbe66eb5ecb8_shot_001_000,lpips,full,0.3205198
0,1000.000000,283979598869ec6d8c5cdbe66eb5ecb8_shot_001_000,sharpness,mouth,9.5115
0,1000.000000,283979598869ec6d8c5cdbe66eb5ecb8_shot_001_000,lmd,mouth,2.654632
1,997.035706,283979598869ec6d8c5cdbe66eb5ecb8_shot_001_000,pixel_mse,mouth,0.00712366
1,997.035706,283979598869ec6d8c5cdbe66eb5ecb8_shot_001_000,pixel_mse,full,0.00498667
1,997.035706,283979598869ec6d8c5cdbe66eb5ecb8_shot_001_000,ssim,mouth,0.65360898
1,997.035706,283979598869ec6d8c5cdbe66eb5ecb8_shot_001_000,ssim,full,0.7531032
1,997.035706,283979598869ec6d8c5cdbe66eb5ecb8_shot_001_000,lpips,mouth,0.38828081
1,997.035706,283979598869ec6d8c5cdbe66eb5ecb8_shot_001_000,lpips,full,0.32025382
1,997.035706,283979598869ec6d8c5cdbe66eb5ecb8_shot_001_000,sharpness,mouth,8.5692
1,997.035706,283979598869ec6d8c5cdbe66eb5ecb8_shot_001_000,lmd,mouth,2.375346
1,997.035706,283979598869ec6d8c5cdbe66eb5ecb8_shot_001_000,sync_d,mouth,10.657595
1,997.035706,283979598869ec6d8c5cdbe66eb5ecb8_shot_001_000,sync_c,mouth,0.668767
2,993.963867,283979598869ec6d8c5cdbe66eb5ecb8_shot_001_000,pixel_mse,mouth,0.00716945
2,993.963867,283979598869ec6d8c5cdbe66eb5ecb8_shot_001_000,pixel_mse,full,0.00507639
2,993.963867,283979598869ec6d8c5cdbe66eb5ecb8_shot_001_000,ssim,mouth,0.64394253
2,993.963867,283979598869ec6d8c5cdbe66eb5ecb8_shot_001_000,ssim,full,0.74831378
2,993.963867,283979598869ec6d8c5cdbe66eb5ecb8_shot_001_000,lpips,mouth,0.38227633
2,993.963867,283979598869ec6d8c5cdbe66eb5ecb8_shot_001_000,lpips,full,0.31542635
2,993.963867,283979598869ec6d8c5cdbe66eb5ecb8_shot_001_000,sharpness,mouth,9.5407
2,993.963867,283979598869ec6d8c5cdbe66eb5ecb8_shot_001_000,lmd,mouth,2.475032
2,993.963867,283979598869ec6d8c5cdbe66eb5ecb8_shot_001_000,sync_d,mouth,10.95681
2,993.963867,283979598869ec6d8c5cdbe66eb5ecb8_shot_001_000,sync_c,mouth,0.630425
3,990.779053,283979598869ec6d8c5cdbe66eb5ecb8_shot_001_000,pixel_mse,mouth,0.00774773
3,990.779053,283979598869ec6d8c5cdbe66eb5ecb8_shot_001_000,pixel_mse,full,0.00493688
3,990.779053,283979598869ec6d8c5cdbe66eb5ecb8_shot_001_000,ssim,mouth,0.64083314
3,990.779053,283979598869ec6d8c5cdbe66eb5ecb8_shot_001_000,ssim,full,0.74977165
3,990.779053,283979598869ec6d8c5cdbe66eb5ecb8_shot_001_000,lpips,mouth,0.39265007
3,990.779053,283979598869ec6d8c5cdbe66eb5ecb8_shot_001_000,lpips,full,0.32775313
3,990.779053,283979598869ec6d8c5cdbe66eb5ecb8_shot_001_000,sharpness,mouth,8.7894
3,990.779053,283979598869ec6d8c5cdbe66eb5ecb8_shot_001_000,lmd,mouth,2.669959
3,990.779053,283979598869ec6d8c5cdbe66eb5ecb8_shot_001_000,sync_d,mouth,11.171866
3,990.779053,283979598869ec6d8c5cdbe66eb5ecb8_shot_001_000,sync_c,mouth,0.487925
4,987.474243,283979598869ec6d8c5cdbe66eb5ecb8_shot_001_000,pixel_mse,mouth,0.0073218
4,987.474243,283979598869ec6d8c5cdbe66eb5ecb8_shot_001_000,pixel_mse,full,0.00501797
4,987.474243,283979598869ec6d8c5cdbe66eb5ecb8_shot_001_000,ssim,mouth,0.64062101
4,987.474243,283979598869ec6d8c5cdbe66eb5ecb8_shot_001_000,ssim,full,0.7563929
4,987.474243,283979598869ec6d8c5cdbe66eb5ecb8_shot_001_000,lpips,mouth,0.38617522
4,987.474243,283979598869ec6d8c5cdbe66eb5ecb8_shot_001_000,lpips,full,0.32124177
4,987.474243,283979598869ec6d8c5cdbe66eb5ecb8_shot_001_000,sharpness,mouth,8.6894
4,987.474243,283979598869ec6d8c5cdbe66eb5ecb8_shot_001_000,lmd,mouth,2.628414
4,987.474243,283979598869ec6d8c5cdbe66eb5ecb8_shot_001_000,sync_d,mouth,10.738216
4,987.474243,283979598869ec6d8c5cdbe66eb5ecb8_shot_001_000,sync_c,mouth,0.608029
5,984.043091,283979598869ec6d8c5cdbe66eb5ecb8_shot_001_000,pixel_mse,mouth,0.00780245
5,984.043091,283979598869ec6d8c5cdbe66eb5ecb8_shot_001_000,pixel_mse,full,0.0047466
5,984.043091,283979598869ec6d8c5cdbe66eb5ecb8_shot_001_000,ssim,mouth,0.63627034
5,984.043091,283979598869ec6d8c5cdbe66eb5ecb8_shot_001_000,ssim,full,0.76385772
5,984.043091,283979598869ec6d8c5cdbe66eb5ecb8_shot_001_000,lpips,mouth,0.38367686
5,984.043091,283979598869ec6d8c5cdbe66eb5ecb8_shot_001_000,lpips,full,0.30678639
5,984.043091,283979598869ec6d8c5cdbe66eb5ecb8_shot_001_000,sharpness,mouth,8.908
5,984.043091,283979598869ec6d8c5cdbe66eb5ecb8_shot_001_000,lmd,mouth,1.598403
5,984.043091,283979598869ec6d8c5cdbe66eb5ecb8_shot_001_000,sync_d,mouth,11.14984
5,984.043091,283979598869ec6d8c5cdbe66eb5ecb8_shot_001_000,sync_c,mouth,0.447576
6,980.477844,283979598869ec6d8c5cdbe66eb5ecb8_shot_001_000,pixel_mse,mouth,0.00941965
6,980.477844,283979598869ec6d8c5cdbe66eb5ecb8_shot_001_000,pixel_mse,full,0.00511344
6,980.477844,283979598869ec6d8c5cdbe66eb5ecb8_shot_001_000,ssim,mouth,0.62557524
6,980.477844,283979598869ec6d8c5cdbe66eb5ecb8_shot_001_000,ssim,full,0.75428545
6,980.477844,283979598869ec6d8c5cdbe66eb5ecb8_shot_001_000,lpips,mouth,0.39027315
6,980.477844,283979598869ec6d8c5cdbe66eb5ecb8_shot_001_000,lpips,full,0.30161166
6,980.477844,283979598869ec6d8c5cdbe66eb5ecb8_shot_001_000,sharpness,mouth,9.3886
6,980.477844,283979598869ec6d8c5cdbe66eb5ecb8_shot_001_000,lmd,mouth,2.968527
6,980.477844,283979598869ec6d8c5cdbe66eb5ecb8_shot_001_000,sync_d,mouth,10.568763
6,980.477844,283979598869ec6d8c5cdbe66eb5ecb8_shot_001_000,sync_c,mouth,0.526836
7,976.770691,283979598869ec6d8c5cdbe66eb5ecb8_shot_001_000,pixel_mse,mouth,0.01085786
7,976.770691,283979598869ec6d8c5cdbe66eb5ecb8_shot_001_000,pixel_mse,full,0.00529854
7,976.770691,283979598869ec6d8c5cdbe66eb5ecb8_shot_001_000,ssim,mouth,0.61421788
7,976.770691,283979598869ec6d8c5cdbe66eb5ecb8_shot_001_000,ssim,full,0.74804753
7,976.770691,283979598869ec6d8c5cdbe66eb5ecb8_shot_001_000,lpips,mouth,0.38011724
7,976.770691,283979598869ec6d8c5cdbe66eb5ecb8_shot_001_000,lpips,full,0.289336
7,976.770691,283979598869ec6d8c5cdbe66eb5ecb8_shot_001_000,sharpness,mouth,9.1788
7,976.770691,283979598869ec6d8c5cdbe66eb5ecb8_shot_001_000,lmd,mouth,3.575248
7,976.770691,283979598869ec6d8c5cdbe66eb5ecb8_shot_001_000,sync_d,mouth,10.751452
7,976.770691,283979598869ec6d8c5cdbe66eb5ecb8_shot_001_000,sync_c,mouth,0.763375
8,972.912842,283979598869ec6d8c5cdbe66eb5ecb8_shot_001_000,pixel_mse,mouth,0.01138581
8,972.912842,283979598869ec6d8c5cdbe66eb5ecb8_shot_001_000,pixel_mse,full,0.00566405
8,972.912842,283979598869ec6d8c5cdbe66eb5ecb8_shot_001_000,ssim,mouth,0.60254812
8,972.912842,283979598869ec6d8c5cdbe66eb5ecb8_shot_001_000,ssim,full,0.74028742
8,972.912842,283979598869ec6d8c5cdbe66eb5ecb8_shot_001_000,lpips,mouth,0.38567716
8,972.912842,283979598869ec6d8c5cdbe66eb5ecb8_shot_001_000,lpips,full,0.28343272
8,972.912842,283979598869ec6d8c5cdbe66eb5ecb8_shot_001_000,sharpness,mouth,9.4264
8,972.912842,283979598869ec6d8c5cdbe66eb5ecb8_shot_001_000,lmd,mouth,1.579064
8,972.912842,283979598869ec6d8c5cdbe66eb5ecb8_shot_001_000,sync_d,mouth,11.271821
8,972.912842,283979598869ec6d8c5cdbe66eb5ecb8_shot_001_000,sync_c,mouth,0.71426
9,968.895081,283979598869ec6d8c5cdbe66eb5ecb8_shot_001_000,pixel_mse,mouth,0.01276669
9,968.895081,283979598869ec6d8c5cdbe66eb5ecb8_shot_001_000,pixel_mse,full,0.00608993
9,968.895081,283979598869ec6d8c5cdbe66eb5ecb8_shot_001_000,ssim,mouth,0.59016794
9,968.895081,283979598869ec6d8c5cdbe66eb5ecb8_shot_001_000,ssim,full,0.73556978
9,968.895081,283979598869ec6d8c5cdbe66eb5ecb8_shot_001_000,lpips,mouth,0.39050049
9,968.895081,283979598869ec6d8c5cdbe66eb5ecb8_shot_001_000,lpips,full,0.27784911
9,968.895081,283979598869ec6d8c5cdbe66eb5ecb8_shot_001_000,sharpness,mouth,9.3454
9,968.895081,283979598869ec6d8c5cdbe66eb5ecb8_shot_001_000,lmd,mouth,2.672078
9,968.895081,283979598869ec6d8c5cdbe66eb5ecb8_shot_001_000,sync_d,mouth,11.694464
9,968.895081,283979598869ec6d8c5cdbe66eb5ecb8_shot_001_000,sync_c,mouth,0.731779
10,964.707153,283979598869ec6d8c5cdbe66eb5ecb8_shot_001_000,pixel_mse,mouth,0.01213035
10,964.707153,283979598869ec6d8c5cdbe66eb5ecb8_shot_001_000,pixel_mse,full,0.00577739
10,964.707153,283979598869ec6d8c5cdbe66eb5ecb8_shot_001_000,ssim,mouth,0.59952784
10,964.707153,283979598869ec6d8c5cdbe66eb5ecb8_shot_001_000,ssim,full,0.74452084
10,964.707153,283979598869ec6d8c5cdbe66eb5ecb8_shot_001_000,lpips,mouth,0.38839686
10,964.707153,283979598869ec6d8c5cdbe66eb5ecb8_shot_001_000,lpips,full,0.26938131
10,964.707153,283979598869ec6d8c5cdbe66eb5ecb8_shot_001_000,sharpness,mouth,9.2971
10,964.707153,283979598869ec6d8c5cdbe66eb5ecb8_shot_001_000,lmd,mouth,2.584458
10,964.707153,283979598869ec6d8c5cdbe66eb5ecb8_shot_001_000,sync_d,mouth,11.712086
10,964.707153,283979598869ec6d8c5cdbe66eb5ecb8_shot_001_000,sync_c,mouth,0.726689
11,960.337952,283979598869ec6d8c5cdbe66eb5ecb8_shot_001_000,pixel_mse,mouth,0.00838315
11,960.337952,283979598869ec6d8c5cdbe66eb5ecb8_shot_001_000,pixel_mse,full,0.00508909
11,960.337952,283979598869ec6d8c5cdbe66eb5ecb8_shot_001_000,ssim,mouth,0.63165814
11,960.337952,283979598869ec6d8c5cdbe66eb5ecb8_shot_001_000,ssim,full,0.7537446
11,960.337952,283979598869ec6d8c5cdbe66eb5ecb8_shot_001_000,lpips,mouth,0.36971444
11,960.337952,283979598869ec6d8c5cdbe66eb5ecb8_shot_001_000,lpips,full,0.26165575
11,960.337952,283979598869ec6d8c5cdbe66eb5ecb8_shot_001_000,sharpness,mouth,9.5345
11,960.337952,283979598869ec6d8c5cdbe66eb5ecb8_shot_001_000,lmd,mouth,2.705305
11,960.337952,283979598869ec6d8c5cdbe66eb5ecb8_shot_001_000,sync_d,mouth,10.748008
11,960.337952,283979598869ec6d8c5cdbe66eb5ecb8_shot_001_000,sync_c,mouth,0.941245
12,955.775635,283979598869ec6d8c5cdbe66eb5ecb8_shot_001_000,pixel_mse,mouth,0.00740811
12,955.775635,283979598869ec6d8c5cdbe66eb5ecb8_shot_001_000,pixel_mse,full,0.00499453
12,955.775635,283979598869ec6d8c5cdbe66eb5ecb8_shot_001_000,ssim,mouth,0.64299291
12,955.775635,283979598869ec6d8c5cdbe66eb5ecb8_shot_001_000,ssim,full,0.75457782
12,955.775635,283979598869ec6d8c5cdbe66eb5ecb8_shot_001_000,lpips,mouth,0.3602097
12,955.775635,283979598869ec6d8c5cdbe66eb5ecb8_shot_001_000,lpips,full,0.2574726
12,955.775635,283979598869ec6d8c5cdbe66eb5ecb8_shot_001_000,sharpness,mouth,9.4304
12,955.775635,283979598869ec6d8c5cdbe66eb5ecb8_shot_001_000,lmd,mouth,3.223165
12,955.775635,283979598869ec6d8c5cdbe66eb5ecb8_shot_001_000,sync_d,mouth,9.831009
12,955.775635,283979598869ec6d8c5cdbe66eb5ecb8_shot_001_000,sync_c,mouth,1.712386
13,951.006897,283979598869ec6d8c5cdbe66eb5ecb8_shot_001_000,pixel_mse,mouth,0.00714285
13,951.006897,283979598869ec6d8c5cdbe66eb5ecb8_shot_001_000,pixel_mse,full,0.00498149
13,951.006897,283979598869ec6d8c5cdbe66eb5ecb8_shot_001_000,ssim,mouth,0.64823049
13,951.006897,283979598869ec6d8c5cdbe66eb5ecb8_shot_001_000,ssim,full,0.75723779
13,951.006897,283979598869ec6d8c5cdbe66eb5ecb8_shot_001_000,lpips,mouth,0.36013722
13,951.006897,283979598869ec6d8c5cdbe66eb5ecb8_shot_001_000,lpips,full,0.25070783
13,951.006897,283979598869ec6d8c5cdbe66eb5ecb8_shot_001_000,sharpness,mouth,9.2592
13,951.006897,283979598869ec6d8c5cdbe66eb5ecb8_shot_001_000,lmd,mouth,2.997545
13,951.006897,283979598869ec6d8c5cdbe66eb5ecb8_shot_001_000,sync_d,mouth,9.606799
13,951.006897,283979598869ec6d8c5cdbe66eb5ecb8_shot_001_000,sync_c,mouth,2.043181
14,946.017517,283979598869ec6d8c5cdbe66eb5ecb8_shot_001_000,pixel_mse,mouth,0.0076331
14,946.017517,283979598869ec6d8c5cdbe66eb5ecb8_shot_001_000,pixel_mse,full,0.00503836
14,946.017517,283979598869ec6d8c5cdbe66eb5ecb8_shot_001_000,ssim,mouth,0.64250505
14,946.017517,283979598869ec6d8c5cdbe66eb5ecb8_shot_001_000,ssim,full,0.75671375
14,946.017517,283979598869ec6d8c5cdbe66eb5ecb8_shot_001_000,lpips,mouth,0.35507029
14,946.017517,283979598869ec6d8c5cdbe66eb5ecb8_shot_001_000,lpips,full,0.24365705
14,946.017517,283979598869ec6d8c5cdbe66eb5ecb8_shot_001_000,sharpness,mouth,9.6393
14,946.017517,283979598869ec6d8c5cdbe66eb5ecb8_shot_001_000,lmd,mouth,3.012212
14,946.017517,283979598869ec6d8c5cdbe66eb5ecb8_shot_001_000,sync_d,mouth,10.036777
14,946.017517,283979598869ec6d8c5cdbe66eb5ecb8_shot_001_000,sync_c,mouth,1.905285
15,940.791870,283979598869ec6d8c5cdbe66eb5ecb8_shot_001_000,pixel_mse,mouth,0.01355054
15,940.791870,283979598869ec6d8c5cdbe66eb5ecb8_shot_001_000,pixel_mse,full,0.00637601
15,940.791870,283979598869ec6d8c5cdbe66eb5ecb8_shot_001_000,ssim,mouth,0.58694065
15,940.791870,283979598869ec6d8c5cdbe66eb5ecb8_shot_001_000,ssim,full,0.73626858
15,940.791870,283979598869ec6d8c5cdbe66eb5ecb8_shot_001_000,lpips,mouth,0.35385805
15,940.791870,283979598869ec6d8c5cdbe66eb5ecb8_shot_001_000,lpips,full,0.23977202
15,940.791870,283979598869ec6d8c5cdbe66eb5ecb8_shot_001_000,sharpness,mouth,10.6704
15,940.791870,283979598869ec6d8c5cdbe66eb5ecb8_shot_001_000,lmd,mouth,3.02123
15,940.791870,283979598869ec6d8c5cdbe66eb5ecb8_shot_001_000,sync_d,mouth,10.573122
15,940.791870,283979598869ec6d8c5cdbe66eb5ecb8_shot_001_000,sync_c,mouth,2.353174
16,935.312622,283979598869ec6d8c5cdbe66eb5ecb8_shot_001_000,pixel_mse,mouth,0.02435708
16,935.312622,283979598869ec6d8c5cdbe66eb5ecb8_shot_001_000,pixel_mse,full,0.00799458
16,935.312622,283979598869ec6d8c5cdbe66eb5ecb8_shot_001_000,ssim,mouth,0.53542238
16,935.312622,283979598869ec6d8c5cdbe66eb5ecb8_shot_001_000,ssim,full,0.7167474
16,935.312622,283979598869ec6d8c5cdbe66eb5ecb8_shot_001_000,lpips,mouth,0.39103577
16,935.312622,283979598869ec6d8c5cdbe66eb5ecb8_shot_001_000,lpips,full,0.24900545
16,935.312622,283979598869ec6d8c5cdbe66eb5ecb8_shot_001_000,sharpness,mouth,10.9617
16,935.312622,283979598869ec6d8c5cdbe66eb5ecb8_shot_001_000,lmd,mouth,3.305792
16,935.312622,283979598869ec6d8c5cdbe66eb5ecb8_shot_001_000,sync_d,mouth,11.175564
16,935.312622,283979598869ec6d8c5cdbe66eb5ecb8_shot_001_000,sync_c,mouth,2.160786
17,929.560913,283979598869ec6d8c5cdbe66eb5ecb8_shot_001_000,pixel_mse,mouth,0.01568789
17,929.560913,283979598869ec6d8c5cdbe66eb5ecb8_shot_001_000,pixel_mse,full,0.00597786
17,929.560913,283979598869ec6d8c5cdbe66eb5ecb8_shot_001_000,ssim,mouth,0.59383821
17,929.560913,283979598869ec6d8c5cdbe66eb5ecb8_shot_001_000,ssim,full,0.74617457
17,929.560913,283979598869ec6d8c5cdbe66eb5ecb8_shot_001_000,lpips,mouth,0.38719657
17,929.560913,283979598869ec6d8c5cdbe66eb5ecb8_shot_001_000,lpips,full,0.25722337
17,929.560913,283979598869ec6d8c5cdbe66eb5ecb8_shot_001_000,sharpness,mouth,7.2605
17,929.560913,283979598869ec6d8c5cdbe66eb5ecb8_shot_001_000,lmd,mouth,4.147066
17,929.560913,283979598869ec6d8c5cdbe66eb5ecb8_shot_001_000,sync_d,mouth,11.440793
17,929.560913,283979598869ec6d8c5cdbe66eb5ecb8_shot_001_000,sync_c,mouth,1.004604
18,923.515991,283979598869ec6d8c5cdbe66eb5ecb8_shot_001_000,pixel_mse,mouth,0.01001486
18,923.515991,283979598869ec6d8c5cdbe66eb5ecb8_shot_001_000,pixel_mse,full,0.00526243
18,923.515991,283979598869ec6d8c5cdbe66eb5ecb8_shot_001_000,ssim,mouth,0.64360875
18,923.515991,283979598869ec6d8c5cdbe66eb5ecb8_shot_001_000,ssim,full,0.75768042
18,923.515991,283979598869ec6d8c5cdbe66eb5ecb8_shot_001_000,lpips,mouth,0.38483796
18,923.515991,283979598869ec6d8c5cdbe66eb5ecb8_shot_001_000,lpips,full,0.26614821
18,923.515991,283979598869ec6d8c5cdbe66eb5ecb8_shot_001_000,sharpness,mouth,7.1389
18,923.515991,283979598869ec6d8c5cdbe66eb5ecb8_shot_001_000,lmd,mouth,4.083112
18,923.515991,283979598869ec6d8c5cdbe66eb5ecb8_shot_001_000,sync_d,mouth,11.094481
18,923.515991,283979598869ec6d8c5cdbe66eb5ecb8_shot_001_000,sync_c,mouth,0.826845
19,917.154785,283979598869ec6d8c5cdbe66eb5ecb8_shot_001_000,pixel_mse,mouth,0.00735764
19,917.154785,283979598869ec6d8c5cdbe66eb5ecb8_shot_001_000,pixel_mse,full,0.00509447
19,917.154785,283979598869ec6d8c5cdbe66eb5ecb8_shot_001_000,ssim,mouth,0.66086107
19,917.154785,283979598869ec6d8c5cdbe66eb5ecb8_shot_001_000,ssim,full,0.7595045
19,917.154785,283979598869ec6d8c5cdbe66eb5ecb8_shot_001_000,lpips,mouth,0.36277843
19,917.154785,283979598869ec6d8c5cdbe66eb5ecb8_shot_001_000,lpips,full,0.2651999
19,917.154785,283979598869ec6d8c5cdbe66eb5ecb8_shot_001_000,sharpness,mouth,8.0383
19,917.154785,283979598869ec6d8c5cdbe66eb5ecb8_shot_001_000,lmd,mouth,2.6371
19,917.154785,283979598869ec6d8c5cdbe66eb5ecb8_shot_001_000,sync_d,mouth,10.934568
19,917.154785,283979598869ec6d8c5cdbe66eb5ecb8_shot_001_000,sync_c,mouth,0.866316
20,910.451721,283979598869ec6d8c5cdbe66eb5ecb8_shot_001_000,pixel_mse,mouth,0.00554073
20,910.451721,283979598869ec6d8c5cdbe66eb5ecb8_shot_001_000,pixel_mse,full,0.00485674
20,910.451721,283979598869ec6d8c5cdbe66eb5ecb8_shot_001_000,ssim,mouth,0.67323732
20,910.451721,283979598869ec6d8c5cdbe66eb5ecb8_shot_001_000,ssim,full,0.76064098
20,910.451721,283979598869ec6d8c5cdbe66eb5ecb8_shot_001_000,lpips,mouth,0.35050017
20,910.451721,283979598869ec6d8c5cdbe66eb5ecb8_shot_001_000,lpips,full,0.26637059
20,910.451721,283979598869ec6d8c5cdbe66eb5ecb8_shot_001_000,sharpness,mouth,8.8769
20,910.451721,283979598869ec6d8c5cdbe66eb5ecb8_shot_001_000,sync_d,mouth,10.375447
20,910.451721,283979598869ec6d8c5cdbe66eb5ecb8_shot_001_000,sync_c,mouth,0.996068
21,903.378723,283979598869ec6d8c5cdbe66eb5ecb8_shot_001_000,pixel_mse,mouth,0.00418162
21,903.378723,283979598869ec6d8c5cdbe66eb5ecb8_shot_001_000,pixel_mse,full,0.00411634
21,903.378723,283979598869ec6d8c5cdbe66eb5ecb8_shot_001_000,ssim,mouth,0.68508303
21,903.378723,283979598869ec6d8c5cdbe66eb5ecb8_shot_001_000,ssim,full,0.77458245
21,903.378723,283979598869ec6d8c5cdbe66eb5ecb8_shot_001_000,lpips,mouth,0.36207214
21,903.378723,283979598869ec6d8c5cdbe66eb5ecb8_shot_001_000,lpips,full,0.26895499
21,903.378723,283979598869ec6d8c5cdbe66eb5ecb8_shot_001_000,sharpness,mouth,10.0681
21,903.378723,283979598869ec6d8c5cdbe66eb5ecb8_shot_001_000,lmd,mouth,2.912945
21,903.378723,283979598869ec6d8c5cdbe66eb5ecb8_shot_001_000,sync_d,mouth,10.965585
21,903.378723,283979598869ec6d8c5cdbe66eb5ecb8_shot_001_000,sync_c,mouth,0.997491
22,895.903931,283979598869ec6d8c5cdbe66eb5ecb8_shot_001_000,pixel_mse,mouth,0.00552439
22,895.903931,283979598869ec6d8c5cdbe66eb5ecb8_shot_001_000,pixel_mse,full,0.00399521
22,895.903931,283979598869ec6d8c5cdbe66eb5ecb8_shot_001_000,ssim,mouth,0.67279041
22,895.903931,283979598869ec6d8c5cdbe66eb5ecb8_shot_001_000,ssim,full,0.77905476
22,895.903931,283979598869ec6d8c5cdbe66eb5ecb8_shot_001_000,lpips,mouth,0.37909243
22,895.903931,283979598869ec6d8c5cdbe66eb5ecb8_shot_001_000,lpips,full,0.2693015
22,895.903931,283979598869ec6d8c5cdbe66eb5ecb8_shot_001_000,sharpness,mouth,9.6378
22,895.903931,283979598869ec6d8c5cdbe66eb5ecb8_shot_001_000,lmd,mouth,3.886226
22,895.903931,283979598869ec6d8c5cdbe66eb5ecb8_shot_001_000,sync_d,mouth,11.139559
22,895.903931,283979598869ec6d8c5cdbe66eb5ecb8_shot_001_000,sync_c,mouth,0.995365
23,887.992493,283979598869ec6d8c5cdbe66eb5ecb8_shot_001_000,pixel_mse,mouth,0.00512218
23,887.992493,283979598869ec6d8c5cdbe66eb5ecb8_shot_001_000,pixel_mse,full,0.00402512
23,887.992493,283979598869ec6d8c5cdbe66eb5ecb8_shot_001_000,ssim,mouth,0.67909509
23,887.992493,283979598869ec6d8c5cdbe66eb5ecb8_shot_001_000,ssim,full,0.7778489
23,887.992493,283979598869ec6d8c5cdbe66eb5ecb8_shot_001_000,lpips,mouth,0.38293597
23,887.992493,283979598869ec6d8c5cdbe66eb5ecb8_shot_001_000,lpips,full,0.27183282
23,887.992493,283979598869ec6d8c5cdbe66eb5ecb8_shot_001_000,sharpness,mouth,10.3987
23,887.992493,283979598869ec6d8c5cdbe66eb5ecb8_shot_001_000,lmd,mouth,2.70757
23,887.992493,283979598869ec6d8c5cdbe66eb5ecb8_shot_001_000,sync_d,mouth,10.782085
23,887.992493,283979598869ec6d8c5cdbe66eb5ecb8_shot_001_000,sync_c,mouth,0.635961
24,879.604736,283979598869ec6d8c5cdbe66eb5ecb8_shot_001_000,pixel_mse,mouth,0.00500361
24,879.604736,283979598869ec6d8c5cdbe66eb5ecb8_shot_001_000,pixel_mse,full,0.00409576
24,879.604736,283979598869ec6d8c5cdbe66eb5ecb8_shot_001_000,ssim,mouth,0.67994547
24,879.604736,283979598869ec6d8c5cdbe66eb5ecb8_shot_001_000,ssim,full,0.77811444
24,879.604736,283979598869ec6d8c5cdbe66eb5ecb8_shot_001_000,lpips,mouth,0.38931474
24,879.604736,283979598869ec6d8c5cdbe66eb5ecb8_shot_001_000,lpips,full,0.26694506
24,879.604736,283979598869ec6d8c5cdbe66eb5ecb8_shot_001_000,sharpness,mouth,10.7186
24,879.604736,283979598869ec6d8c5cdbe66eb5ecb8_shot_001_000,lmd,mouth,3.303347
24,879.604736,283979598869ec6d8c5cdbe66eb5ecb8_shot_001_000,sync_d,mouth,11.030005
24,879.604736,283979598869ec6d8c5cdbe66eb5ecb8_shot_001_000,sync_c,mouth,0.397535
25,870.696350,283979598869ec6d8c5cdbe66eb5ecb8_shot_001_000,pixel_mse,mouth,0.00574534
25,870.696350,283979598869ec6d8c5cdbe66eb5ecb8_shot_001_000,pixel_mse,full,0.00407636
25,870.696350,283979598869ec6d8c5cdbe66eb5ecb8_shot_001_000,ssim,mouth,0.66982335
25,870.696350,283979598869ec6d8c5cdbe66eb5ecb8_shot_001_000,ssim,full,0.77782732
25,870.696350,283979598869ec6d8c5cdbe66eb5ecb8_shot_001_000,lpips,mouth,0.38245231
25,870.696350,283979598869ec6d8c5cdbe66eb5ecb8_shot_001_000,lpips,full,0.26270136
25,870.696350,283979598869ec6d8c5cdbe66eb5ecb8_shot_001_000,sharpness,mouth,10.7808
25,870.696350,283979598869ec6d8c5cdbe66eb5ecb8_shot_001_000,lmd,mouth,3.43212
25,870.696350,283979598869ec6d8c5cdbe66eb5ecb8_shot_001_000,sync_d,mouth,10.469748
25,870.696350,283979598869ec6d8c5cdbe66eb5ecb8_shot_001_000,sync_c,mouth,0.804298
26,861.217407,283979598869ec6d8c5cdbe66eb5ecb8_shot_001_000,pixel_mse,mouth,0.00666676
26,861.217407,283979598869ec6d8c5cdbe66eb5ecb8_shot_001_000,pixel_mse,full,0.00413131
26,861.217407,283979598869ec6d8c5cdbe66eb5ecb8_shot_001_000,ssim,mouth,0.65811884
26,861.217407,283979598869ec6d8c5cdbe66eb5ecb8_shot_001_000,ssim,full,0.77706653
26,861.217407,283979598869ec6d8c5cdbe66eb5ecb8_shot_001_000,lpips,mouth,0.37339702
26,861.217407,283979598869ec6d8c5cdbe66eb5ecb8_shot_001_000,lpips,full,0.26365662
26,861.217407,283979598869ec6d8c5cdbe66eb5ecb8_shot_001_000,sharpness,mouth,11.7818
26,861.217407,283979598869ec6d8c5cdbe66eb5ecb8_shot_001_000,lmd,mouth,2.53343
26,861.217407,283979598869ec6d8c5cdbe66eb5ecb8_shot_001_000,sync_d,mouth,10.945262
26,861.217407,283979598869ec6d8c5cdbe66eb5ecb8_shot_001_000,sync_c,mouth,0.425153
27,851.111145,283979598869ec6d8c5cdbe66eb5ecb8_shot_001_000,pixel_mse,mouth,0.00580756
27,851.111145,283979598869ec6d8c5cdbe66eb5ecb8_shot_001_000,pixel_mse,full,0.00407808
27,851.111145,283979598869ec6d8c5cdbe66eb5ecb8_shot_001_000,ssim,mouth,0.66637397
27,851.111145,283979598869ec6d8c5cdbe66eb5ecb8_shot_001_000,ssim,full,0.77603441
27,851.111145,283979598869ec6d8c5cdbe66eb5ecb8_shot_001_000,lpips,mouth,0.36606827
27,851.111145,283979598869ec6d8c5cdbe66eb5ecb8_shot_001_000,lpips,full,0.26382184
27,851.111145,283979598869ec6d8c5cdbe66eb5ecb8_shot_001_000,sharpness,mouth,10.9831
27,851.111145,283979598869ec6d8c5cdbe66eb5ecb8_shot_001_000,lmd,mouth,2.837004
27,851.111145,283979598869ec6d8c5cdbe66eb5ecb8_shot_001_000,sync_d,mouth,11.371334
27,851.111145,283979598869ec6d8c5cdbe66eb5ecb8_shot_001_000,sync_c,mouth,0.524945
28,840.313232,283979598869ec6d8c5cdbe66eb5ecb8_shot_001_000,pixel_mse,mouth,0.006001
28,840.313232,283979598869ec6d8c5cdbe66eb5ecb8_shot_001_000,pixel_mse,full,0.00414026
28,840.313232,283979598869ec6d8c5cdbe66eb5ecb8_shot_001_000,ssim,mouth,0.65852594
28,840.313232,283979598869ec6d8c5cdbe66eb5ecb8_shot_001_000,ssim,full,0.77517557
28,840.313232,283979598869ec6d8c5cdbe66eb5ecb8_shot_001_000,lpips,mouth,0.34873769
28,840.313232,283979598869ec6d8c5cdbe66eb5ecb8_shot_001_000,lpips,full,0.26219833
28,840.313232,283979598869ec6d8c5cdbe66eb5ecb8_shot_001_000,sharpness,mouth,10.3247
28,840.313232,283979598869ec6d8c5cdbe66eb5ecb8_shot_001_000,lmd,mouth,2.178162
28,840.313232,283979598869ec6d8c5cdbe66eb5ecb8_shot_001_000,sync_d,mouth,11.607185
28,840.313232,283979598869ec6d8c5cdbe66eb5ecb8_shot_001_000,sync_c,mouth,0.455407
29,828.750244,283979598869ec6d8c5cdbe66eb5ecb8_shot_001_000,pixel_mse,mouth,0.00560245
29,828.750244,283979598869ec6d8c5cdbe66eb5ecb8_shot_001_000,pixel_mse,full,0.00410669
29,828.750244,283979598869ec6d8c5cdbe66eb5ecb8_shot_001_000,ssim,mouth,0.66540426
29,828.750244,283979598869ec6d8c5cdbe66eb5ecb8_shot_001_000,ssim,full,0.77599639
29,828.750244,283979598869ec6d8c5cdbe66eb5ecb8_shot_001_000,lpips,mouth,0.34644803
29,828.750244,283979598869ec6d8c5cdbe66eb5ecb8_shot_001_000,lpips,full,0.26692358
29,828.750244,283979598869ec6d8c5cdbe66eb5ecb8_shot_001_000,sharpness,mouth,10.3566
29,828.750244,283979598869ec6d8c5cdbe66eb5ecb8_shot_001_000,lmd,mouth,3.083724
29,828.750244,283979598869ec6d8c5cdbe66eb5ecb8_shot_001_000,sync_d,mouth,11.430599
29,828.750244,283979598869ec6d8c5cdbe66eb5ecb8_shot_001_000,sync_c,mouth,0.650527
30,816.337830,283979598869ec6d8c5cdbe66eb5ecb8_shot_001_000,pixel_mse,mouth,0.00577124
30,816.337830,283979598869ec6d8c5cdbe66eb5ecb8_shot_001_000,pixel_mse,full,0.00415244
30,816.337830,283979598869ec6d8c5cdbe66eb5ecb8_shot_001_000,ssim,mouth,0.66420883
30,816.337830,283979598869ec6d8c5cdbe66eb5ecb8_shot_001_000,ssim,full,0.7759459
30,816.337830,283979598869ec6d8c5cdbe66eb5ecb8_shot_001_000,lpips,mouth,0.36001873
30,816.337830,283979598869ec6d8c5cdbe66eb5ecb8_shot_001_000,lpips,full,0.27159822
30,816.337830,283979598869ec6d8c5cdbe66eb5ecb8_shot_001_000,sharpness,mouth,10.4557
30,816.337830,283979598869ec6d8c5cdbe66eb5ecb8_shot_001_000,lmd,mouth,2.463284
30,816.337830,283979598869ec6d8c5cdbe66eb5ecb8_shot_001_000,sync_d,mouth,11.637905
30,816.337830,283979598869ec6d8c5cdbe66eb5ecb8_shot_001_000,sync_c,mouth,0.461573
31,802.978699,283979598869ec6d8c5cdbe66eb5ecb8_shot_001_000,pixel_mse,mouth,0.00622731
31,802.978699,283979598869ec6d8c5cdbe66eb5ecb8_shot_001_000,pixel_mse,full,0.00414564
31,802.978699,283979598869ec6d8c5cdbe66eb5ecb8_shot_001_000,ssim,mouth,0.66140938
31,802.978699,283979598869ec6d8c5cdbe66eb5ecb8_shot_001_000,ssim,full,0.77682072
31,802.978699,283979598869ec6d8c5cdbe66eb5ecb8_shot_001_000,lpips,mouth,0.37150192
31,802.978699,283979598869ec6d8c5cdbe66eb5ecb8_shot_001_000,lpips,full,0.27228963
31,802.978699,283979598869ec6d8c5cdbe66eb5ecb8_shot_001_000,sharpness,mouth,10.7004
31,802.978699,283979598869ec6d8c5cdbe66eb5ecb8_shot_001_000,lmd,mouth,1.857413
31,802.978699,283979598869ec6d8c5cdbe66eb5ecb8_shot_001_000,sync_d,mouth,11.40011
31,802.978699,283979598869ec6d8c5cdbe66eb5ecb8_shot_001_000,sync_c,mouth,0.384017
32,788.560242,283979598869ec6d8c5cdbe66eb5ecb8_shot_001_000,pixel_mse,mouth,0.00607498
32,788.560242,283979598869ec6d8c5cdbe66eb5ecb8_shot_001_000,pixel_mse,full,0.00412261
32,788.560242,283979598869ec6d8c5cdbe66eb5ecb8_shot_001_000,ssim,mouth,0.66122627
32,788.560242,283979598869ec6d8c5cdbe66eb5ecb8_shot_001_000,ssim,full,0.77907455
32,788.560242,283979598869ec6d8c5cdbe66eb5ecb8_shot_001_000,lpips,mouth,0.37235981
32,788.560242,283979598869ec6d8c5cdbe66eb5ecb8_shot_001_000,lpips,full,0.27557558
32,788.560242,283979598869ec6d8c5cdbe66eb5ecb8_shot_001_000,sharpness,mouth,10.975
32,788.560242,283979598869ec6d8c5cdbe66eb5ecb8_shot_001_000,lmd,mouth,1.746996
32,788.560242,283979598869ec6d8c5cdbe66eb5ecb8_shot_001_000,sync_d,mouth,11.41713
32,788.560242,283979598869ec6d8c5cdbe66eb5ecb8_shot_001_000,sync_c,mouth,0.332121
33,772.951477,283979598869ec6d8c5cdbe66eb5ecb8_shot_001_000,pixel_mse,mouth,0.00605475
33,772.951477,283979598869ec6d8c5cdbe66eb5ecb8_shot_001_000,pixel_mse,full,0.00408854
33,772.951477,283979598869ec6d8c5cdbe66eb5ecb8_shot_001_000,ssim,mouth,0.6589902
33,772.951477,283979598869ec6d8c5cdbe66eb5ecb8_shot_001_000,ssim,full,0.78034729
33,772.951477,283979598869ec6d8c5cdbe66eb5ecb8_shot_001_000,lpips,mouth,0.37136588
33,772.951477,283979598869ec6d8c5cdbe66eb5ecb8_shot_001_000,lpips,full,0.27917612
33,772.951477,283979598869ec6d8c5cdbe66eb5ecb8_shot_001_000,sharpness,mouth,11.2621
33,772.951477,283979598869ec6d8c5cdbe66eb5ecb8_shot_001_000,lmd,mouth,1.558616
33,772.951477,283979598869ec6d8c5cdbe66eb5ecb8_shot_001_000,sync_d,mouth,11.646648
33,772.951477,283979598869ec6d8c5cdbe66eb5ecb8_shot_001_000,sync_c,mouth,0.22654
34,755.998352,283979598869ec6d8c5cdbe66eb5ecb8_shot_001_000,pixel_mse,mouth,0.00622083
34,755.998352,283979598869ec6d8c5cdbe66eb5ecb8_shot_001_000,pixel_mse,full,0.00405031
34,755.998352,283979598869ec6d8c5cdbe66eb5ecb8_shot_001_000,ssim,mouth,0.65737206
34,755.998352,283979598869ec6d8c5cdbe66eb5ecb8_shot_001_000,ssim,full,0.78150368
34,755.998352,283979598869ec6d8c5cdbe66eb5ecb8_shot_001_000,lpips,mouth,0.37494457
34,755.998352,283979598869ec6d8c5cdbe66eb5ecb8_shot_001_000,lpips,full,0.28420132
34,755.998352,283979598869ec6d8c5cdbe66eb5ecb8_shot_001_000,sharpness,mouth,11.5694
34,755.998352,283979598869ec6d8c5cdbe66eb5ecb8_shot_001_000,lmd,mouth,1.33613
34,755.998352,283979598869ec6d8c5cdbe66eb5ecb8_shot_001_000,sync_d,mouth,11.283965
34,755.998352,283979598869ec6d8c5cdbe66eb5ecb8_shot_001_000,sync_c,mouth,0.318681
35,737.519714,283979598869ec6d8c5cdbe66eb5ecb8_shot_001_000,pixel_mse,mouth,0.00595629
35,737.519714,283979598869ec6d8c5cdbe66eb5ecb8_shot_001_000,pixel_mse,full,0.00403048
35,737.519714,283979598869ec6d8c5cdbe66eb5ecb8_shot_001_000,ssim,mouth,0.65872574
35,737.519714,283979598869ec6d8c5cdbe66eb5ecb8_shot_001_000,ssim,full,0.78201807
35,737.519714,283979598869ec6d8c5cdbe66eb5ecb8_shot_001_000,lpips,mouth,0.37286967
35,737.519714,283979598869ec6d8c5cdbe66eb5ecb8_shot_001_000,lpips,full,0.28594434
35,737.519714,283979598869ec6d8c5cdbe66eb5ecb8_shot_001_000,sharpness,mouth,11.905
35,737.519714,283979598869ec6d8c5cdbe66eb5ecb8_shot_001_000,lmd,mouth,1.488171
35,737.519714,283979598869ec6d8c5cdbe66eb5ecb8_shot_001_000,sync_d,mouth,11.501752
35,737.519714,283979598869ec6d8c5cdbe66eb5ecb8_shot_001_000,sync_c,mouth,0.29141
36,717.299683,283979598869ec6d8c5cdbe66eb5ecb8_shot_001_000,pixel_mse,mouth,0.00557305
36,717.299683,283979598869ec6d8c5cdbe66eb5ecb8_shot_001_000,pixel_mse,full,0.00404141
36,717.299683,283979598869ec6d8c5cdbe66eb5ecb8_shot_001_000,ssim,mouth,0.66474539
36,717.299683,283979598869ec6d8c5cdbe66eb5ecb8_shot_001_000,ssim,full,0.78209209
36,717.299683,283979598869ec6d8c5cdbe66eb5ecb8_shot_001_000,lpips,mouth,0.37881452
36,717.299683,283979598869ec6d8c5cdbe66eb5ecb8_shot_001_000,lpips,full,0.28772119
36,717.299683,283979598869ec6d8c5cdbe66eb5ecb8_shot_001_000,sharpness,mouth,11.8244
36,717.299683,283979598869ec6d8c5cdbe66eb5ecb8_shot_001_000,lmd,mouth,1.458019
36,717.299683,283979598869ec6d8c5cdbe66eb5ecb8_shot_001_000,sync_d,mouth,11.31861
36,717.299683,283979598869ec6d8c5cdbe66eb5ecb8_shot_001_000,sync_c,mouth,0.491111
37,695.080139,283979598869ec6d8c5cdbe66eb5ecb8_shot_001_000,pixel_mse,mouth,0.00527678
37,695.080139,283979598869ec6d8c5cdbe66eb5ecb8_shot_001_000,pixel_mse,full,0.00404802
37,695.080139,283979598869ec6d8c5cdbe66eb5ecb8_shot_001_000,ssim,mouth,0.66960019
37,695.080139,283979598869ec6d8c5cdbe66eb5ecb8_shot_001_000,ssim,full,0.78234982
37,695.080139,283979598869ec6d8c5cdbe66eb5ecb8_shot_001_000,lpips,mouth,0.38378996
37,695.080139,283979598869ec6d8c5cdbe66eb5ecb8_shot_001_000,lpips,full,0.28903273
37,695.080139,283979598869ec6d8c5cdbe66eb5ecb8_shot_001_000,sharpness,mouth,11.6839
37,695.080139,283979598869ec6d8c5cdbe66eb5ecb8_shot_001_000,lmd,mouth,1.606373
37,695.080139,283979598869ec6d8c5cdbe66eb5ecb8_shot_001_000,sync_d,mouth,10.77409
37,695.080139,283979598869ec6d8c5cdbe66eb5ecb8_shot_001_000,sync_c,mouth,0.809613
38,670.548828,283979598869ec6d8c5cdbe66eb5ecb8_shot_001_000,pixel_mse,mouth,0.00540451
38,670.548828,283979598869ec6d8c5cdbe66eb5ecb8_shot_001_000,pixel_mse,full,0.00408519
38,670.548828,283979598869ec6d8c5cdbe66eb5ecb8_shot_001_000,ssim,mouth,0.67109442
38,670.548828,283979598869ec6d8c5cdbe66eb5ecb8_shot_001_000,ssim,full,0.78248698
38,670.548828,283979598869ec6d8c5cdbe66eb5ecb8_shot_001_000,lpips,mouth,0.3920567
38,670.548828,283979598869ec6d8c5cdbe66eb5ecb8_shot_001_000,lpips,full,0.29109213
38,670.548828,283979598869ec6d8c5cdbe66eb5ecb8_shot_001_000,sharpness,mouth,11.824
38,670.548828,283979598869ec6d8c5cdbe66eb5ecb8_shot_001_000,lmd,mouth,1.779361
39,643.325317,283979598869ec6d8c5cdbe66eb5ecb8_shot_001_000,pixel_mse,mouth,0.00532395
39,643.325317,283979598869ec6d8c5cdbe66eb5ecb8_shot_001_000,pixel_mse,full,0.0040919
39,643.325317,283979598869ec6d8c5cdbe66eb5ecb8_shot_001_000,ssim,mouth,0.67424011
39,643.325317,283979598869ec6d8c5cdbe66eb5ecb8_shot_001_000,ssim,full,0.78264278
39,643.325317,283979598869ec6d8c5cdbe66eb5ecb8_shot_001_000,lpips,mouth,0.39598694
39,643.325317,283979598869ec6d8c5cdbe66eb5ecb8_shot_001_000,lpips,full,0.29301387
39,643.325317,283979598869ec6d8c5cdbe66eb5ecb8_shot_001_000,sharpness,mouth,11.7878
39,643.325317,283979598869ec6d8c5cdbe66eb5ecb8_shot_001_000,lmd,mouth,2.330557
40,612.940735,283979598869ec6d8c5cdbe66eb5ecb8_shot_001_000,pixel_mse,mouth,0.00526329
40,612.940735,283979598869ec6d8c5cdbe66eb5ecb8_shot_001_000,pixel_mse,full,0.00408197
40,612.940735,283979598869ec6d8c5cdbe66eb5ecb8_shot_001_000,ssim,mouth,0.67456603
40,612.940735,283979598869ec6d8c5cdbe66eb5ecb8_shot_001_000,ssim,full,0.78319395
40,612.940735,283979598869ec6d8c5cdbe66eb5ecb8_shot_001_000,lpips,mouth,0.40027773
40,612.940735,283979598869ec6d8c5cdbe66eb5ecb8_shot_001_000,lpips,full,0.29539394
40,612.940735,283979598869ec6d8c5cdbe66eb5ecb8_shot_001_000,sharpness,mouth,11.9562
40,612.940735,283979598869ec6d8c5cdbe66eb5ecb8_shot_001_000,lmd,mouth,2.046027
41,578.810425,283979598869ec6d8c5cdbe66eb5ecb8_shot_001_000,pixel_mse,mouth,0.00545036
41,578.810425,283979598869ec6d8c5cdbe66eb5ecb8_shot_001_000,pixel_mse,full,0.00407307
41,578.810425,283979598869ec6d8c5cdbe66eb5ecb8_shot_001_000,ssim,mouth,0.6732375
41,578.810425,283979598869ec6d8c5cdbe66eb5ecb8_shot_001_000,ssim,full,0.78353781
41,578.810425,283979598869ec6d8c5cdbe66eb5ecb8_shot_001_000,lpips,mouth,0.397614
41,578.810425,283979598869ec6d8c5cdbe66eb5ecb8_shot_001_000,lpips,full,0.29734021
41,578.810425,283979598869ec6d8c5cdbe66eb5ecb8_shot_001_000,sharpness,mouth,12.0198
41,578.810425,283979598869ec6d8c5cdbe66eb5ecb8_shot_001_000,lmd,mouth,1.786906
42,540.196350,283979598869ec6d8c5cdbe66eb5ecb8_shot_001_000,pixel_mse,mouth,0.00544282
42,540.196350,283979598869ec6d8c5cdbe66eb5ecb8_shot_001_000,pixel_mse,full,0.00409374
42,540.196350,283979598869ec6d8c5cdbe66eb5ecb8_shot_001_000,ssim,mouth,0.67353475
42,540.196350,283979598869ec6d8c5cdbe66eb5ecb8_shot_001_000,ssim,full,0.78406203
42,540.196350,283979598869ec6d8c5cdbe66eb5ecb8_shot_001_000,lpips,mouth,0.40083161
42,540.196350,283979598869ec6d8c5cdbe66eb5ecb8_shot_001_000,lpips,full,0.30018619
42,540.196350,283979598869ec6d8c5cdbe66eb5ecb8_shot_001_000,sharpness,mouth,11.9548
42,540.196350,283979598869ec6d8c5cdbe66eb5ecb8_shot_001_000,lmd,mouth,1.489792
43,496.152893,283979598869ec6d8c5cdbe66eb5ecb8_shot_001_000,pixel_mse,mouth,0.00532932
43,496.152893,283979598869ec6d8c5cdbe66eb5ecb8_shot_001_000,pixel_mse,full,0.00410309
43,496.152893,283979598869ec6d8c5cdbe66eb5ecb8_shot_001_000,ssim,mouth,0.67676675
43,496.152893,283979598869ec6d8c5cdbe66eb5ecb8_shot_001_000,ssim,full,0.78406
43,496.152893,283979598869ec6d8c5cdbe66eb5ecb8_shot_001_000,lpips,mouth,0.40244031
43,496.152893,283979598869ec6d8c5cdbe66eb5ecb8_shot_001_000,lpips,full,0.30425313
43,496.152893,283979598869ec6d8c5cdbe66eb5ecb8_shot_001_000,sharpness,mouth,11.8416
43,496.152893,283979598869ec6d8c5cdbe66eb5ecb8_shot_001_000,lmd,mouth,1.15493
44,445.448151,283979598869ec6d8c5cdbe66eb5ecb8_shot_001_000,pixel_mse,mouth,0.00523666
44,445.448151,283979598869ec6d8c5cdbe66eb5ecb8_shot_001_000,pixel_mse,full,0.00411343
44,445.448151,283979598869ec6d8c5cdbe66eb5ecb8_shot_001_000,ssim,mouth,0.67961121
44,445.448151,283979598869ec6d8c5cdbe66eb5ecb8_shot_001_000,ssim,full,0.78419745
44,445.448151,283979598869ec6d8c5cdbe66eb5ecb8_shot_001_000,lpips,mouth,0.40254933
44,445.448151,283979598869ec6d8c5cdbe66eb5ecb8_shot_001_000,lpips,full,0.30769077
44,445.448151,283979598869ec6d8c5cdbe66eb5ecb8_shot_001_000,sharpness,mouth,11.6286
44,445.448151,283979598869ec6d8c5cdbe66eb5ecb8_shot_001_000,lmd,mouth,0.898578
45,386.447418,283979598869ec6d8c5cdbe66eb5ecb8_shot_001_000,pixel_mse,mouth,0.00520167
45,386.447418,283979598869ec6d8c5cdbe66eb5ecb8_shot_001_000,pixel_mse,full,0.00411189
45,386.447418,283979598869ec6d8c5cdbe66eb5ecb8_shot_001_000,ssim,mouth,0.68053341
45,386.447418,283979598869ec6d8c5cdbe66eb5ecb8_shot_001_000,ssim,full,0.78434318
45,386.447418,283979598869ec6d8c5cdbe66eb5ecb8_shot_001_000,lpips,mouth,0.4002704
45,386.447418,283979598869ec6d8c5cdbe66eb5ecb8_shot_001_000,lpips,full,0.31146154
45,386.447418,283979598869ec6d8c5cdbe66eb5ecb8_shot_001_000,sharpness,mouth,11.5417
45,386.447418,283979598869ec6d8c5cdbe66eb5ecb8_shot_001_000,lmd,mouth,0.907165
46,316.933258,283979598869ec6d8c5cdbe66eb5ecb8_shot_001_000,pixel_mse,mouth,0.00520233
46,316.933258,283979598869ec6d8c5cdbe66eb5ecb8_shot_001_000,pixel_mse,full,0.00411464
46,316.933258,283979598869ec6d8c5cdbe66eb5ecb8_shot_001_000,ssim,mouth,0.68233341
46,316.933258,283979598869ec6d8c5cdbe66eb5ecb8_shot_001_000,ssim,full,0.78470552
46,316.933258,283979598869ec6d8c5cdbe66eb5ecb8_shot_001_000,lpips,mouth,0.40345758
46,316.933258,283979598869ec6d8c5cdbe66eb5ecb8_shot_001_000,lpips,full,0.31453678
46,316.933258,283979598869ec6d8c5cdbe66eb5ecb8_shot_001_000,sharpness,mouth,11.8362
46,316.933258,283979598869ec6d8c5cdbe66eb5ecb8_shot_001_000,lmd,mouth,0.97507
47,233.820694,283979598869ec6d8c5cdbe66eb5ecb8_shot_001_000,pixel_mse,mouth,0.00525622
47,233.820694,283979598869ec6d8c5cdbe66eb5ecb8_shot_001_000,pixel_mse,full,0.00411531
47,233.820694,283979598869ec6d8c5cdbe66eb5ecb8_shot_001_000,ssim,mouth,0.68344218
47,233.820694,283979598869ec6d8c5cdbe66eb5ecb8_shot_001_000,ssim,full,0.78499275
47,233.820694,283979598869ec6d8c5cdbe66eb5ecb8_shot_001_000,lpips,mouth,0.40279114
47,233.820694,283979598869ec6d8c5cdbe66eb5ecb8_shot_001_000,lpips,full,0.31763667
47,233.820694,283979598869ec6d8c5cdbe66eb5ecb8_shot_001_000,sharpness,mouth,11.8511
47,233.820694,283979598869ec6d8c5cdbe66eb5ecb8_shot_001_000,lmd,mouth,1.105241
48,132.687027,283979598869ec6d8c5cdbe66eb5ecb8_shot_001_000,pixel_mse,mouth,0.00528188
48,132.687027,283979598869ec6d8c5cdbe66eb5ecb8_shot_001_000,pixel_mse,full,0.0041236
48,132.687027,283979598869ec6d8c5cdbe66eb5ecb8_shot_001_000,ssim,mouth,0.68428701
48,132.687027,283979598869ec6d8c5cdbe66eb5ecb8_shot_001_000,ssim,full,0.78533179
48,132.687027,283979598869ec6d8c5cdbe66eb5ecb8_shot_001_000,lpips,mouth,0.39909044
48,132.687027,283979598869ec6d8c5cdbe66eb5ecb8_shot_001_000,lpips,full,0.31949645
48,132.687027,283979598869ec6d8c5cdbe66eb5ecb8_shot_001_000,sharpness,mouth,11.7197
48,132.687027,283979598869ec6d8c5cdbe66eb5ecb8_shot_001_000,lmd,mouth,1.124708
49,6.958251,283979598869ec6d8c5cdbe66eb5ecb8_shot_001_000,pixel_mse,mouth,0.00536152
49,6.958251,283979598869ec6d8c5cdbe66eb5ecb8_shot_001_000,pixel_mse,full,0.0041555
49,6.958251,283979598869ec6d8c5cdbe66eb5ecb8_shot_001_000,ssim,mouth,0.68101692
49,6.958251,283979598869ec6d8c5cdbe66eb5ecb8_shot_001_000,ssim,full,0.78332561
49,6.958251,283979598869ec6d8c5cdbe66eb5ecb8_shot_001_000,lpips,mouth,0.37906361
49,6.958251,283979598869ec6d8c5cdbe66eb5ecb8_shot_001_000,lpips,full,0.31252033
49,6.958251,283979598869ec6d8c5cdbe66eb5ecb8_shot_001_000,sharpness,mouth,9.682
49,6.958251,283979598869ec6d8c5cdbe66eb5ecb8_shot_001_000,lmd,mouth,1.941423
-1,gt,d39560e57ccf0d56a57604dda32c01f1_shot_001_000,sharpness,mouth,24.7787
-1,gt,d39560e57ccf0d56a57604dda32c01f1_shot_001_000,sync_d,mouth,8.545571
-1,gt,d39560e57ccf0d56a57604dda32c01f1_shot_001_000,sync_c,mouth,7.894006
0,1000.000000,d39560e57ccf0d56a57604dda32c01f1_shot_001_000,pixel_mse,mouth,0.00895501
0,1000.000000,d39560e57ccf0d56a57604dda32c01f1_shot_001_000,pixel_mse,full,0.01091907
0,1000.000000,d39560e57ccf0d56a57604dda32c01f1_shot_001_000,ssim,mouth,0.63472813
0,1000.000000,d39560e57ccf0d56a57604dda32c01f1_shot_001_000,ssim,full,0.68193948
0,1000.000000,d39560e57ccf0d56a57604dda32c01f1_shot_001_000,lpips,mouth,0.45191437
0,1000.000000,d39560e57ccf0d56a57604dda32c01f1_shot_001_000,lpips,full,0.47241473
0,1000.000000,d39560e57ccf0d56a57604dda32c01f1_shot_001_000,sharpness,mouth,9.2517
0,1000.000000,d39560e57ccf0d56a57604dda32c01f1_shot_001_000,lmd,mouth,3.461425
1,997.035706,d39560e57ccf0d56a57604dda32c01f1_shot_001_000,pixel_mse,mouth,0.01042596
1,997.035706,d39560e57ccf0d56a57604dda32c01f1_shot_001_000,pixel_mse,full,0.01817791
1,997.035706,d39560e57ccf0d56a57604dda32c01f1_shot_001_000,ssim,mouth,0.62782556
1,997.035706,d39560e57ccf0d56a57604dda32c01f1_shot_001_000,ssim,full,0.64246732
1,997.035706,d39560e57ccf0d56a57604dda32c01f1_shot_001_000,lpips,mouth,0.45673409
1,997.035706,d39560e57ccf0d56a57604dda32c01f1_shot_001_000,lpips,full,0.5049395
1,997.035706,d39560e57ccf0d56a57604dda32c01f1_shot_001_000,sharpness,mouth,9.3039
1,997.035706,d39560e57ccf0d56a57604dda32c01f1_shot_001_000,lmd,mouth,3.364981
2,993.963867,d39560e57ccf0d56a57604dda32c01f1_shot_001_000,pixel_mse,mouth,0.00899479
2,993.963867,d39560e57ccf0d56a57604dda32c01f1_shot_001_000,pixel_mse,full,0.01660614
2,993.963867,d39560e57ccf0d56a57604dda32c01f1_shot_001_000,ssim,mouth,0.63260812
2,993.963867,d39560e57ccf0d56a57604dda32c01f1_shot_001_000,ssim,full,0.65156925
2,993.963867,d39560e57ccf0d56a57604dda32c01f1_shot_001_000,lpips,mouth,0.45516416
2,993.963867,d39560e57ccf0d56a57604dda32c01f1_shot_001_000,lpips,full,0.52198893
2,993.963867,d39560e57ccf0d56a57604dda32c01f1_shot_001_000,sharpness,mouth,8.8335
2,993.963867,d39560e57ccf0d56a57604dda32c01f1_shot_001_000,lmd,mouth,3.403738
2,993.963867,d39560e57ccf0d56a57604dda32c01f1_shot_001_000,sync_d,mouth,10.989351
2,993.963867,d39560e57ccf0d56a57604dda32c01f1_shot_001_000,sync_c,mouth,1.722496
3,990.779053,d39560e57ccf0d56a57604dda32c01f1_shot_001_000,pixel_mse,mouth,0.00896092
3,990.779053,d39560e57ccf0d56a57604dda32c01f1_shot_001_000,pixel_mse,full,0.01795628
3,990.779053,d39560e57ccf0d56a57604dda32c01f1_shot_001_000,ssim,mouth,0.62702745
3,990.779053,d39560e57ccf0d56a57604dda32c01f1_shot_001_000,ssim,full,0.64773816
3,990.779053,d39560e57ccf0d56a57604dda32c01f1_shot_001_000,lpips,mouth,0.46026707
3,990.779053,d39560e57ccf0d56a57604dda32c01f1_shot_001_000,lpips,full,0.53475791
3,990.779053,d39560e57ccf0d56a57604dda32c01f1_shot_001_000,sharpness,mouth,10.9106
3,990.779053,d39560e57ccf0d56a57604dda32c01f1_shot_001_000,lmd,mouth,3.36323
3,990.779053,d39560e57ccf0d56a57604dda32c01f1_shot_001_000,sync_d,mouth,11.314373
3,990.779053,d39560e57ccf0d56a57604dda32c01f1_shot_001_000,sync_c,mouth,1.300289
4,987.474243,d39560e57ccf0d56a57604dda32c01f1_shot_001_000,pixel_mse,mouth,0.00875428
4,987.474243,d39560e57ccf0d56a57604dda32c01f1_shot_001_000,pixel_mse,full,0.01707891
4,987.474243,d39560e57ccf0d56a57604dda32c01f1_shot_001_000,ssim,mouth,0.63180465
4,987.474243,d39560e57ccf0d56a57604dda32c01f1_shot_001_000,ssim,full,0.64678699
4,987.474243,d39560e57ccf0d56a57604dda32c01f1_shot_001_000,lpips,mouth,0.46865714
4,987.474243,d39560e57ccf0d56a57604dda32c01f1_shot_001_000,lpips,full,0.50170296
4,987.474243,d39560e57ccf0d56a57604dda32c01f1_shot_001_000,sharpness,mouth,12.1252
4,987.474243,d39560e57ccf0d56a57604dda32c01f1_shot_001_000,lmd,mouth,3.37841
4,987.474243,d39560e57ccf0d56a57604dda32c01f1_shot_001_000,sync_d,mouth,11.499248
4,987.474243,d39560e57ccf0d56a57604dda32c01f1_shot_001_000,sync_c,mouth,0.97945
5,984.043091,d39560e57ccf0d56a57604dda32c01f1_shot_001_000,pixel_mse,mouth,0.00891354
5,984.043091,d39560e57ccf0d56a57604dda32c01f1_shot_001_000,pixel_mse,full,0.01463981
5,984.043091,d39560e57ccf0d56a57604dda32c01f1_shot_001_000,ssim,mouth,0.62856728
5,984.043091,d39560e57ccf0d56a57604dda32c01f1_shot_001_000,ssim,full,0.64646661
5,984.043091,d39560e57ccf0d56a57604dda32c01f1_shot_001_000,lpips,mouth,0.45356515
5,984.043091,d39560e57ccf0d56a57604dda32c01f1_shot_001_000,lpips,full,0.48628443
5,984.043091,d39560e57ccf0d56a57604dda32c01f1_shot_001_000,sharpness,mouth,10.1693
5,984.043091,d39560e57ccf0d56a57604dda32c01f1_shot_001_000,lmd,mouth,3.284706
5,984.043091,d39560e57ccf0d56a57604dda32c01f1_shot_001_000,sync_d,mouth,10.622498
5,984.043091,d39560e57ccf0d56a57604dda32c01f1_shot_001_000,sync_c,mouth,2.22076
6,980.477844,d39560e57ccf0d56a57604dda32c01f1_shot_001_000,pixel_mse,mouth,0.00958068
6,980.477844,d39560e57ccf0d56a57604dda32c01f1_shot_001_000,pixel_mse,full,0.0147414
6,980.477844,d39560e57ccf0d56a57604dda32c01f1_shot_001_000,ssim,mouth,0.62067568
6,980.477844,d39560e57ccf0d56a57604dda32c01f1_shot_001_000,ssim,full,0.63820302
6,980.477844,d39560e57ccf0d56a57604dda32c01f1_shot_001_000,lpips,mouth,0.44249612
6,980.477844,d39560e57ccf0d56a57604dda32c01f1_shot_001_000,lpips,full,0.46087328
6,980.477844,d39560e57ccf0d56a57604dda32c01f1_shot_001_000,sharpness,mouth,9.7433
6,980.477844,d39560e57ccf0d56a57604dda32c01f1_shot_001_000,lmd,mouth,2.8291
6,980.477844,d39560e57ccf0d56a57604dda32c01f1_shot_001_000,sync_d,mouth,10.039997
6,980.477844,d39560e57ccf0d56a57604dda32c01f1_shot_001_000,sync_c,mouth,3.547125
7,976.770691,d39560e57ccf0d56a57604dda32c01f1_shot_001_000,pixel_mse,mouth,0.00937387
7,976.770691,d39560e57ccf0d56a57604dda32c01f1_shot_001_000,pixel_mse,full,0.0143323
7,976.770691,d39560e57ccf0d56a57604dda32c01f1_shot_001_000,ssim,mouth,0.62153351
7,976.770691,d39560e57ccf0d56a57604dda32c01f1_shot_001_000,ssim,full,0.64070255
7,976.770691,d39560e57ccf0d56a57604dda32c01f1_shot_001_000,lpips,mouth,0.44012353
7,976.770691,d39560e57ccf0d56a57604dda32c01f1_shot_001_000,lpips,full,0.45867285
7,976.770691,d39560e57ccf0d56a57604dda32c01f1_shot_001_000,sharpness,mouth,9.0705
7,976.770691,d39560e57ccf0d56a57604dda32c01f1_shot_001_000,lmd,mouth,3.679107
7,976.770691,d39560e57ccf0d56a57604dda32c01f1_shot_001_000,sync_d,mouth,9.891859
7,976.770691,d39560e57ccf0d56a57604dda32c01f1_shot_001_000,sync_c,mouth,3.66537
8,972.912842,d39560e57ccf0d56a57604dda32c01f1_shot_001_000,pixel_mse,mouth,0.00960657
8,972.912842,d39560e57ccf0d56a57604dda32c01f1_shot_001_000,pixel_mse,full,0.01437841
8,972.912842,d39560e57ccf0d56a57604dda32c01f1_shot_001_000,ssim,mouth,0.6203807
8,972.912842,d39560e57ccf0d56a57604dda32c01f1_shot_001_000,ssim,full,0.64384246
8,972.912842,d39560e57ccf0d56a57604dda32c01f1_shot_001_000,lpips,mouth,0.4257997
8,972.912842,d39560e57ccf0d56a57604dda32c01f1_shot_001_000,lpips,full,0.44623306
8,972.912842,d39560e57ccf0d56a57604dda32c01f1_shot_001_000,sharpness,mouth,7.5693
8,972.912842,d39560e57ccf0d56a57604dda32c01f1_shot_001_000,lmd,mouth,3.346516
8,972.912842,d39560e57ccf0d56a57604dda32c01f1_shot_001_000,sync_d,mouth,9.701086
8,972.912842,d39560e57ccf0d56a57604dda32c01f1_shot_001_000,sync_c,mouth,3.779393
9,968.895081,d39560e57ccf0d56a57604dda32c01f1_shot_001_000,pixel_mse,mouth,0.01072199
9,968.895081,d39560e57ccf0d56a57604dda32c01f1_shot_001_000,pixel_mse,full,0.01450338
9,968.895081,d39560e57ccf0d56a57604dda32c01f1_shot_001_000,ssim,mouth,0.61607045
9,968.895081,d39560e57ccf0d56a57604dda32c01f1_shot_001_000,ssim,full,0.64270115
9,968.895081,d39560e57ccf0d56a57604dda32c01f1_shot_001_000,lpips,mouth,0.43011862
9,968.895081,d39560e57ccf0d56a57604dda32c01f1_shot_001_000,lpips,full,0.42339757
9,968.895081,d39560e57ccf0d56a57604dda32c01f1_shot_001_000,sharpness,mouth,7.7587
9,968.895081,d39560e57ccf0d56a57604dda32c01f1_shot_001_000,lmd,mouth,3.353104
9,968.895081,d39560e57ccf0d56a57604dda32c01f1_shot_001_000,sync_d,mouth,9.755529
9,968.895081,d39560e57ccf0d56a57604dda32c01f1_shot_001_000,sync_c,mouth,3.553998
10,964.707153,d39560e57ccf0d56a57604dda32c01f1_shot_001_000,pixel_mse,mouth,0.0114548
10,964.707153,d39560e57ccf0d56a57604dda32c01f1_shot_001_000,pixel_mse,full,0.01446035
10,964.707153,d39560e57ccf0d56a57604dda32c01f1_shot_001_000,ssim,mouth,0.60962689
10,964.707153,d39560e57ccf0d56a57604dda32c01f1_shot_001_000,ssim,full,0.64353967
10,964.707153,d39560e57ccf0d56a57604dda32c01f1_shot_001_000,lpips,mouth,0.42146498
10,964.707153,d39560e57ccf0d56a57604dda32c01f1_shot_001_000,lpips,full,0.41398808
10,964.707153,d39560e57ccf0d56a57604dda32c01f1_shot_001_000,sharpness,mouth,7.6797
10,964.707153,d39560e57ccf0d56a57604dda32c01f1_shot_001_000,lmd,mouth,4.602072
10,964.707153,d39560e57ccf0d56a57604dda32c01f1_shot_001_000,sync_d,mouth,9.132949
10,964.707153,d39560e57ccf0d56a57604dda32c01f1_shot_001_000,sync_c,mouth,4.909737
11,960.337952,d39560e57ccf0d56a57604dda32c01f1_shot_001_000,pixel_mse,mouth,0.01276599
11,960.337952,d39560e57ccf0d56a57604dda32c01f1_shot_001_000,pixel_mse,full,0.01470654
11,960.337952,d39560e57ccf0d56a57604dda32c01f1_shot_001_000,ssim,mouth,0.60323
11,960.337952,d39560e57ccf0d56a57604dda32c01f1_shot_001_000,ssim,full,0.64230126
11,960.337952,d39560e57ccf0d56a57604dda32c01f1_shot_001_000,lpips,mouth,0.41560194
11,960.337952,d39560e57ccf0d56a57604dda32c01f1_shot_001_000,lpips,full,0.42037916
11,960.337952,d39560e57ccf0d56a57604dda32c01f1_shot_001_000,sharpness,mouth,8.1463
11,960.337952,d39560e57ccf0d56a57604dda32c01f1_shot_001_000,lmd,mouth,4.827554
11,960.337952,d39560e57ccf0d56a57604dda32c01f1_shot_001_000,sync_d,mouth,9.069833
11,960.337952,d39560e57ccf0d56a57604dda32c01f1_shot_001_000,sync_c,mouth,4.97422
12,955.775635,d39560e57ccf0d56a57604dda32c01f1_shot_001_000,pixel_mse,mouth,0.01361608
12,955.775635,d39560e57ccf0d56a57604dda32c01f1_shot_001_000,pixel_mse,full,0.01677254
12,955.775635,d39560e57ccf0d56a57604dda32c01f1_shot_001_000,ssim,mouth,0.58388281
12,955.775635,d39560e57ccf0d56a57604dda32c01f1_shot_001_000,ssim,full,0.62981158
12,955.775635,d39560e57ccf0d56a57604dda32c01f1_shot_001_000,lpips,mouth,0.39711171
12,955.775635,d39560e57ccf0d56a57604dda32c01f1_shot_001_000,lpips,full,0.40222555
12,955.775635,d39560e57ccf0d56a57604dda32c01f1_shot_001_000,sharpness,mouth,8.9984
12,955.775635,d39560e57ccf0d56a57604dda32c01f1_shot_001_000,lmd,mouth,5.024395
12,955.775635,d39560e57ccf0d56a57604dda32c01f1_shot_001_000,sync_d,mouth,8.743693
12,955.775635,d39560e57ccf0d56a57604dda32c01f1_shot_001_000,sync_c,mouth,5.663382
13,951.006897,d39560e57ccf0d56a57604dda32c01f1_shot_001_000,pixel_mse,mouth,0.01456124
13,951.006897,d39560e57ccf0d56a57604dda32c01f1_shot_001_000,pixel_mse,full,0.01953604
13,951.006897,d39560e57ccf0d56a57604dda32c01f1_shot_001_000,ssim,mouth,0.57869506
13,951.006897,d39560e57ccf0d56a57604dda32c01f1_shot_001_000,ssim,full,0.61589867
13,951.006897,d39560e57ccf0d56a57604dda32c01f1_shot_001_000,lpips,mouth,0.39333361
13,951.006897,d39560e57ccf0d56a57604dda32c01f1_shot_001_000,lpips,full,0.37825221
13,951.006897,d39560e57ccf0d56a57604dda32c01f1_shot_001_000,sharpness,mouth,8.8657
13,951.006897,d39560e57ccf0d56a57604dda32c01f1_shot_001_000,lmd,mouth,5.261101
13,951.006897,d39560e57ccf0d56a57604dda32c01f1_shot_001_000,sync_d,mouth,9.238087
13,951.006897,d39560e57ccf0d56a57604dda32c01f1_shot_001_000,sync_c,mouth,5.01762
14,946.017517,d39560e57ccf0d56a57604dda32c01f1_shot_001_000,pixel_mse,mouth,0.01352001
14,946.017517,d39560e57ccf0d56a57604dda32c01f1_shot_001_000,pixel_mse,full,0.01455984
14,946.017517,d39560e57ccf0d56a57604dda32c01f1_shot_001_000,ssim,mouth,0.60651404
14,946.017517,d39560e57ccf0d56a57604dda32c01f1_shot_001_000,ssim,full,0.64725554
14,946.017517,d39560e57ccf0d56a57604dda32c01f1_shot_001_000,lpips,mouth,0.42320731
14,946.017517,d39560e57ccf0d56a57604dda32c01f1_shot_001_000,lpips,full,0.43484089
14,946.017517,d39560e57ccf0d56a57604dda32c01f1_shot_001_000,sharpness,mouth,8.9903
14,946.017517,d39560e57ccf0d56a57604dda32c01f1_shot_001_000,lmd,mouth,4.716943
14,946.017517,d39560e57ccf0d56a57604dda32c01f1_shot_001_000,sync_d,mouth,9.904249
14,946.017517,d39560e57ccf0d56a57604dda32c01f1_shot_001_000,sync_c,mouth,3.557895
15,940.791870,d39560e57ccf0d56a57604dda32c01f1_shot_001_000,pixel_mse,mouth,0.0099422
15,940.791870,d39560e57ccf0d56a57604dda32c01f1_shot_001_000,pixel_mse,full,0.01295449
15,940.791870,d39560e57ccf0d56a57604dda32c01f1_shot_001_000,ssim,mouth,0.62172914
15,940.791870,d39560e57ccf0d56a57604dda32c01f1_shot_001_000,ssim,full,0.65962905
15,940.791870,d39560e57ccf0d56a57604dda32c01f1_shot_001_000,lpips,mouth,0.43377286
15,940.791870,d39560e57ccf0d56a57604dda32c01f1_shot_001_000,lpips,full,0.45986632
15,940.791870,d39560e57ccf0d56a57604dda32c01f1_shot_001_000,sharpness,mouth,9.2236
15,940.791870,d39560e57ccf0d56a57604dda32c01f1_shot_001_000,lmd,mouth,5.000418
15,940.791870,d39560e57ccf0d56a57604dda32c01f1_shot_001_000,sync_d,mouth,10.525309
15,940.791870,d39560e57ccf0d56a57604dda32c01f1_shot_001_000,sync_c,mouth,3.241079
16,935.312622,d39560e57ccf0d56a57604dda32c01f1_shot_001_000,pixel_mse,mouth,0.0084255
16,935.312622,d39560e57ccf0d56a57604dda32c01f1_shot_001_000,pixel_mse,full,0.01344666
16,935.312622,d39560e57ccf0d56a57604dda32c01f1_shot_001_000,ssim,mouth,0.62769842
16,935.312622,d39560e57ccf0d56a57604dda32c01f1_shot_001_000,ssim,full,0.65829998
16,935.312622,d39560e57ccf0d56a57604dda32c01f1_shot_001_000,lpips,mouth,0.42193812
16,935.312622,d39560e57ccf0d56a57604dda32c01f1_shot_001_000,lpips,full,0.44803536
16,935.312622,d39560e57ccf0d56a57604dda32c01f1_shot_001_000,sharpness,mouth,9.8706
16,935.312622,d39560e57ccf0d56a57604dda32c01f1_shot_001_000,lmd,mouth,4.806638
16,935.312622,d39560e57ccf0d56a57604dda32c01f1_shot_001_000,sync_d,mouth,10.428975
16,935.312622,d39560e57ccf0d56a57604dda32c01f1_shot_001_000,sync_c,mouth,3.059799
17,929.560913,d39560e57ccf0d56a57604dda32c01f1_shot_001_000,pixel_mse,mouth,0.00904185
17,929.560913,d39560e57ccf0d56a57604dda32c01f1_shot_001_000,pixel_mse,full,0.01225497
17,929.560913,d39560e57ccf0d56a57604dda32c01f1_shot_001_000,ssim,mouth,0.6276722
17,929.560913,d39560e57ccf0d56a57604dda32c01f1_shot_001_000,ssim,full,0.66226542
17,929.560913,d39560e57ccf0d56a57604dda32c01f1_shot_001_000,lpips,mouth,0.41990563
17,929.560913,d39560e57ccf0d56a57604dda32c01f1_shot_001_000,lpips,full,0.4300347
17,929.560913,d39560e57ccf0d56a57604dda32c01f1_shot_001_000,sharpness,mouth,9.5991
17,929.560913,d39560e57ccf0d56a57604dda32c01f1_shot_001_000,lmd,mouth,3.752445
17,929.560913,d39560e57ccf0d56a57604dda32c01f1_shot_001_000,sync_d,mouth,10.971006
17,929.560913,d39560e57ccf0d56a57604dda32c01f1_shot_001_000,sync_c,mouth,2.28136
18,923.515991,d39560e57ccf0d56a57604dda32c01f1_shot_001_000,pixel_mse,mouth,0.00914394
18,923.515991,d39560e57ccf0d56a57604dda32c01f1_shot_001_000,pixel_mse,full,0.0116378
18,923.515991,d39560e57ccf0d56a57604dda32c01f1_shot_001_000,ssim,mouth,0.62393624
18,923.515991,d39560e57ccf0d56a57604dda32c01f1_shot_001_000,ssim,full,0.66245818
18,923.515991,d39560e57ccf0d56a57604dda32c01f1_shot_001_000,lpips,mouth,0.42809796
18,923.515991,d39560e57ccf0d56a57604dda32c01f1_shot_001_000,lpips,full,0.41796687
18,923.515991,d39560e57ccf0d56a57604dda32c01f1_shot_001_000,sharpness,mouth,10.2641
18,923.515991,d39560e57ccf0d56a57604dda32c01f1_shot_001_000,lmd,mouth,3.721048
18,923.515991,d39560e57ccf0d56a57604dda32c01f1_shot_001_000,sync_d,mouth,11.082097
18,923.515991,d39560e57ccf0d56a57604dda32c01f1_shot_001_000,sync_c,mouth,1.916224
19,917.154785,d39560e57ccf0d56a57604dda32c01f1_shot_001_000,pixel_mse,mouth,0.0089735
19,917.154785,d39560e57ccf0d56a57604dda32c01f1_shot_001_000,pixel_mse,full,0.01168849
19,917.154785,d39560e57ccf0d56a57604dda32c01f1_shot_001_000,ssim,mouth,0.62857485
19,917.154785,d39560e57ccf0d56a57604dda32c01f1_shot_001_000,ssim,full,0.66161293
19,917.154785,d39560e57ccf0d56a57604dda32c01f1_shot_001_000,lpips,mouth,0.43589708
19,917.154785,d39560e57ccf0d56a57604dda32c01f1_shot_001_000,lpips,full,0.44187608
19,917.154785,d39560e57ccf0d56a57604dda32c01f1_shot_001_000,sharpness,mouth,10.1211
19,917.154785,d39560e57ccf0d56a57604dda32c01f1_shot_001_000,lmd,mouth,3.173184
19,917.154785,d39560e57ccf0d56a57604dda32c01f1_shot_001_000,sync_d,mouth,10.713361
19,917.154785,d39560e57ccf0d56a57604dda32c01f1_shot_001_000,sync_c,mouth,2.412896
20,910.451721,d39560e57ccf0d56a57604dda32c01f1_shot_001_000,pixel_mse,mouth,0.00843599
20,910.451721,d39560e57ccf0d56a57604dda32c01f1_shot_001_000,pixel_mse,full,0.01188087
20,910.451721,d39560e57ccf0d56a57604dda32c01f1_shot_001_000,ssim,mouth,0.62924176
20,910.451721,d39560e57ccf0d56a57604dda32c01f1_shot_001_000,ssim,full,0.66213506
20,910.451721,d39560e57ccf0d56a57604dda32c01f1_shot_001_000,lpips,mouth,0.44259188
20,910.451721,d39560e57ccf0d56a57604dda32c01f1_shot_001_000,lpips,full,0.43883529
20,910.451721,d39560e57ccf0d56a57604dda32c01f1_shot_001_000,sharpness,mouth,10.4097
20,910.451721,d39560e57ccf0d56a57604dda32c01f1_shot_001_000,lmd,mouth,3.828404
20,910.451721,d39560e57ccf0d56a57604dda32c01f1_shot_001_000,sync_d,mouth,10.824797
20,910.451721,d39560e57ccf0d56a57604dda32c01f1_shot_001_000,sync_c,mouth,2.019993
21,903.378723,d39560e57ccf0d56a57604dda32c01f1_shot_001_000,pixel_mse,mouth,0.00801369
21,903.378723,d39560e57ccf0d56a57604dda32c01f1_shot_001_000,pixel_mse,full,0.01177058
21,903.378723,d39560e57ccf0d56a57604dda32c01f1_shot_001_000,ssim,mouth,0.63284802
21,903.378723,d39560e57ccf0d56a57604dda32c01f1_shot_001_000,ssim,full,0.66365737
21,903.378723,d39560e57ccf0d56a57604dda32c01f1_shot_001_000,lpips,mouth,0.44040656
21,903.378723,d39560e57ccf0d56a57604dda32c01f1_shot_001_000,lpips,full,0.43971878
21,903.378723,d39560e57ccf0d56a57604dda32c01f1_shot_001_000,sharpness,mouth,9.753
21,903.378723,d39560e57ccf0d56a57604dda32c01f1_shot_001_000,lmd,mouth,3.978577
21,903.378723,d39560e57ccf0d56a57604dda32c01f1_shot_001_000,sync_d,mouth,10.943588
21,903.378723,d39560e57ccf0d56a57604dda32c01f1_shot_001_000,sync_c,mouth,1.79761
22,895.903931,d39560e57ccf0d56a57604dda32c01f1_shot_001_000,pixel_mse,mouth,0.00772379
22,895.903931,d39560e57ccf0d56a57604dda32c01f1_shot_001_000,pixel_mse,full,0.01139259
22,895.903931,d39560e57ccf0d56a57604dda32c01f1_shot_001_000,ssim,mouth,0.6368109
22,895.903931,d39560e57ccf0d56a57604dda32c01f1_shot_001_000,ssim,full,0.66723913
22,895.903931,d39560e57ccf0d56a57604dda32c01f1_shot_001_000,lpips,mouth,0.43802333
22,895.903931,d39560e57ccf0d56a57604dda32c01f1_shot_001_000,lpips,full,0.4323577
22,895.903931,d39560e57ccf0d56a57604dda32c01f1_shot_001_000,sharpness,mouth,10.0378
22,895.903931,d39560e57ccf0d56a57604dda32c01f1_shot_001_000,lmd,mouth,4.136391
22,895.903931,d39560e57ccf0d56a57604dda32c01f1_shot_001_000,sync_d,mouth,10.278059
22,895.903931,d39560e57ccf0d56a57604dda32c01f1_shot_001_000,sync_c,mouth,3.032308
23,887.992493,d39560e57ccf0d56a57604dda32c01f1_shot_001_000,pixel_mse,mouth,0.00803293
23,887.992493,d39560e57ccf0d56a57604dda32c01f1_shot_001_000,pixel_mse,full,0.01133829
23,887.992493,d39560e57ccf0d56a57604dda32c01f1_shot_001_000,ssim,mouth,0.63429856
23,887.992493,d39560e57ccf0d56a57604dda32c01f1_shot_001_000,ssim,full,0.66827828
23,887.992493,d39560e57ccf0d56a57604dda32c01f1_shot_001_000,lpips,mouth,0.45384234
23,887.992493,d39560e57ccf0d56a57604dda32c01f1_shot_001_000,lpips,full,0.43911427
23,887.992493,d39560e57ccf0d56a57604dda32c01f1_shot_001_000,sharpness,mouth,11.1168
23,887.992493,d39560e57ccf0d56a57604dda32c01f1_shot_001_000,lmd,mouth,4.038342
23,887.992493,d39560e57ccf0d56a57604dda32c01f1_shot_001_000,sync_d,mouth,11.214095
23,887.992493,d39560e57ccf0d56a57604dda32c01f1_shot_001_000,sync_c,mouth,1.709597
24,879.604736,d39560e57ccf0d56a57604dda32c01f1_shot_001_000,pixel_mse,mouth,0.00790091
24,879.604736,d39560e57ccf0d56a57604dda32c01f1_shot_001_000,pixel_mse,full,0.01132721
24,879.604736,d39560e57ccf0d56a57604dda32c01f1_shot_001_000,ssim,mouth,0.63550293
24,879.604736,d39560e57ccf0d56a57604dda32c01f1_shot_001_000,ssim,full,0.66825688
24,879.604736,d39560e57ccf0d56a57604dda32c01f1_shot_001_000,lpips,mouth,0.45597506
24,879.604736,d39560e57ccf0d56a57604dda32c01f1_shot_001_000,lpips,full,0.44025704
24,879.604736,d39560e57ccf0d56a57604dda32c01f1_shot_001_000,sharpness,mouth,10.5744
24,879.604736,d39560e57ccf0d56a57604dda32c01f1_shot_001_000,lmd,mouth,3.833136
25,870.696350,d39560e57ccf0d56a57604dda32c01f1_shot_001_000,pixel_mse,mouth,0.00842125
25,870.696350,d39560e57ccf0d56a57604dda32c01f1_shot_001_000,pixel_mse,full,0.01099332
25,870.696350,d39560e57ccf0d56a57604dda32c01f1_shot_001_000,ssim,mouth,0.63586026
25,870.696350,d39560e57ccf0d56a57604dda32c01f1_shot_001_000,ssim,full,0.67516696
25,870.696350,d39560e57ccf0d56a57604dda32c01f1_shot_001_000,lpips,mouth,0.45543396
25,870.696350,d39560e57ccf0d56a57604dda32c01f1_shot_001_000,lpips,full,0.43226379
25,870.696350,d39560e57ccf0d56a57604dda32c01f1_shot_001_000,sharpness,mouth,10.8101
25,870.696350,d39560e57ccf0d56a57604dda32c01f1_shot_001_000,lmd,mouth,3.768048
26,861.217407,d39560e57ccf0d56a57604dda32c01f1_shot_001_000,pixel_mse,mouth,0.00859146
26,861.217407,d39560e57ccf0d56a57604dda32c01f1_shot_001_000,pixel_mse,full,0.01066464
26,861.217407,d39560e57ccf0d56a57604dda32c01f1_shot_001_000,ssim,mouth,0.63770431
26,861.217407,d39560e57ccf0d56a57604dda32c01f1_shot_001_000,ssim,full,0.67778563
26,861.217407,d39560e57ccf0d56a57604dda32c01f1_shot_001_000,lpips,mouth,0.45386252
26,861.217407,d39560e57ccf0d56a57604dda32c01f1_shot_001_000,lpips,full,0.433222
26,861.217407,d39560e57ccf0d56a57604dda32c01f1_shot_001_000,sharpness,mouth,10.6446
26,861.217407,d39560e57ccf0d56a57604dda32c01f1_shot_001_000,lmd,mouth,3.351826
27,851.111145,d39560e57ccf0d56a57604dda32c01f1_shot_001_000,pixel_mse,mouth,0.00810631
27,851.111145,d39560e57ccf0d56a57604dda32c01f1_shot_001_000,pixel_mse,full,0.01071487
27,851.111145,d39560e57ccf0d56a57604dda32c01f1_shot_001_000,ssim,mouth,0.64129847
27,851.111145,d39560e57ccf0d56a57604dda32c01f1_shot_001_000,ssim,full,0.67655361
27,851.111145,d39560e57ccf0d56a57604dda32c01f1_shot_001_000,lpips,mouth,0.45180181
27,851.111145,d39560e57ccf0d56a57604dda32c01f1_shot_001_000,lpips,full,0.43195036
27,851.111145,d39560e57ccf0d56a57604dda32c01f1_shot_001_000,sharpness,mouth,10.512
27,851.111145,d39560e57ccf0d56a57604dda32c01f1_shot_001_000,lmd,mouth,3.109382
28,840.313232,d39560e57ccf0d56a57604dda32c01f1_shot_001_000,pixel_mse,mouth,0.00830209
28,840.313232,d39560e57ccf0d56a57604dda32c01f1_shot_001_000,pixel_mse,full,0.01064953
28,840.313232,d39560e57ccf0d56a57604dda32c01f1_shot_001_000,ssim,mouth,0.64061052
28,840.313232,d39560e57ccf0d56a57604dda32c01f1_shot_001_000,ssim,full,0.67818671
28,840.313232,d39560e57ccf0d56a57604dda32c01f1_shot_001_000,lpips,mouth,0.44995606
28,840.313232,d39560e57ccf0d56a57604dda32c01f1_shot_001_000,lpips,full,0.43773967
28,840.313232,d39560e57ccf0d56a57604dda32c01f1_shot_001_000,sharpness,mouth,10.4486
28,840.313232,d39560e57ccf0d56a57604dda32c01f1_shot_001_000,lmd,mouth,3.268445
29,828.750244,d39560e57ccf0d56a57604dda32c01f1_shot_001_000,pixel_mse,mouth,0.00867037
29,828.750244,d39560e57ccf0d56a57604dda32c01f1_shot_001_000,pixel_mse,full,0.01053814
29,828.750244,d39560e57ccf0d56a57604dda32c01f1_shot_001_000,ssim,mouth,0.64077175
29,828.750244,d39560e57ccf0d56a57604dda32c01f1_shot_001_000,ssim,full,0.68248427
29,828.750244,d39560e57ccf0d56a57604dda32c01f1_shot_001_000,lpips,mouth,0.44609451
29,828.750244,d39560e57ccf0d56a57604dda32c01f1_shot_001_000,lpips,full,0.43561223
29,828.750244,d39560e57ccf0d56a57604dda32c01f1_shot_001_000,sharpness,mouth,10.6163
29,828.750244,d39560e57ccf0d56a57604dda32c01f1_shot_001_000,lmd,mouth,3.366573
29,828.750244,d39560e57ccf0d56a57604dda32c01f1_shot_001_000,sync_d,mouth,12.348716
29,828.750244,d39560e57ccf0d56a57604dda32c01f1_shot_001_000,sync_c,mouth,0.87742
30,816.337830,d39560e57ccf0d56a57604dda32c01f1_shot_001_000,pixel_mse,mouth,0.00846764
30,816.337830,d39560e57ccf0d56a57604dda32c01f1_shot_001_000,pixel_mse,full,0.01031921
30,816.337830,d39560e57ccf0d56a57604dda32c01f1_shot_001_000,ssim,mouth,0.64211512
30,816.337830,d39560e57ccf0d56a57604dda32c01f1_shot_001_000,ssim,full,0.68770462
30,816.337830,d39560e57ccf0d56a57604dda32c01f1_shot_001_000,lpips,mouth,0.44546628
30,816.337830,d39560e57ccf0d56a57604dda32c01f1_shot_001_000,lpips,full,0.42599794
30,816.337830,d39560e57ccf0d56a57604dda32c01f1_shot_001_000,sharpness,mouth,10.7429
30,816.337830,d39560e57ccf0d56a57604dda32c01f1_shot_001_000,lmd,mouth,3.213265
30,816.337830,d39560e57ccf0d56a57604dda32c01f1_shot_001_000,sync_d,mouth,11.626491
30,816.337830,d39560e57ccf0d56a57604dda32c01f1_shot_001_000,sync_c,mouth,1.572196
31,802.978699,d39560e57ccf0d56a57604dda32c01f1_shot_001_000,pixel_mse,mouth,0.00850062
31,802.978699,d39560e57ccf0d56a57604dda32c01f1_shot_001_000,pixel_mse,full,0.01025193
31,802.978699,d39560e57ccf0d56a57604dda32c01f1_shot_001_000,ssim,mouth,0.64344466
31,802.978699,d39560e57ccf0d56a57604dda32c01f1_shot_001_000,ssim,full,0.6893028
31,802.978699,d39560e57ccf0d56a57604dda32c01f1_shot_001_000,lpips,mouth,0.44384918
31,802.978699,d39560e57ccf0d56a57604dda32c01f1_shot_001_000,lpips,full,0.42372048
31,802.978699,d39560e57ccf0d56a57604dda32c01f1_shot_001_000,sharpness,mouth,10.8261
31,802.978699,d39560e57ccf0d56a57604dda32c01f1_shot_001_000,lmd,mouth,3.670232
32,788.560242,d39560e57ccf0d56a57604dda32c01f1_shot_001_000,pixel_mse,mouth,0.00864044
32,788.560242,d39560e57ccf0d56a57604dda32c01f1_shot_001_000,pixel_mse,full,0.01027202
32,788.560242,d39560e57ccf0d56a57604dda32c01f1_shot_001_000,ssim,mouth,0.64348948
32,788.560242,d39560e57ccf0d56a57604dda32c01f1_shot_001_000,ssim,full,0.68899983
32,788.560242,d39560e57ccf0d56a57604dda32c01f1_shot_001_000,lpips,mouth,0.4492501
32,788.560242,d39560e57ccf0d56a57604dda32c01f1_shot_001_000,lpips,full,0.42810181
32,788.560242,d39560e57ccf0d56a57604dda32c01f1_shot_001_000,sharpness,mouth,10.9574
32,788.560242,d39560e57ccf0d56a57604dda32c01f1_shot_001_000,lmd,mouth,3.731572
33,772.951477,d39560e57ccf0d56a57604dda32c01f1_shot_001_000,pixel_mse,mouth,0.00887994
33,772.951477,d39560e57ccf0d56a57604dda32c01f1_shot_001_000,pixel_mse,full,0.01027425
33,772.951477,d39560e57ccf0d56a57604dda32c01f1_shot_001_000,ssim,mouth,0.6416868
33,772.951477,d39560e57ccf0d56a57604dda32c01f1_shot_001_000,ssim,full,0.68895775
33,772.951477,d39560e57ccf0d56a57604dda32c01f1_shot_001_000,lpips,mouth,0.44682565
33,772.951477,d39560e57ccf0d56a57604dda32c01f1_shot_001_000,lpips,full,0.42527553
33,772.951477,d39560e57ccf0d56a57604dda32c01f1_shot_001_000,sharpness,mouth,11.3679
33,772.951477,d39560e57ccf0d56a57604dda32c01f1_shot_001_000,lmd,mouth,3.724287
33,772.951477,d39560e57ccf0d56a57604dda32c01f1_shot_001_000,sync_d,mouth,12.138683
33,772.951477,d39560e57ccf0d56a57604dda32c01f1_shot_001_000,sync_c,mouth,1.231632
34,755.998352,d39560e57ccf0d56a57604dda32c01f1_shot_001_000,pixel_mse,mouth,0.00861494
34,755.998352,d39560e57ccf0d56a57604dda32c01f1_shot_001_000,pixel_mse,full,0.01013854
34,755.998352,d39560e57ccf0d56a57604dda32c01f1_shot_001_000,ssim,mouth,0.64244843
34,755.998352,d39560e57ccf0d56a57604dda32c01f1_shot_001_000,ssim,full,0.68852091
34,755.998352,d39560e57ccf0d56a57604dda32c01f1_shot_001_000,lpips,mouth,0.44503191
34,755.998352,d39560e57ccf0d56a57604dda32c01f1_shot_001_000,lpips,full,0.42537561
34,755.998352,d39560e57ccf0d56a57604dda32c01f1_shot_001_000,sharpness,mouth,11.6955
34,755.998352,d39560e57ccf0d56a57604dda32c01f1_shot_001_000,lmd,mouth,3.628207
34,755.998352,d39560e57ccf0d56a57604dda32c01f1_shot_001_000,sync_d,mouth,11.443763
34,755.998352,d39560e57ccf0d56a57604dda32c01f1_shot_001_000,sync_c,mouth,1.931293
35,737.519714,d39560e57ccf0d56a57604dda32c01f1_shot_001_000,pixel_mse,mouth,0.00865409
35,737.519714,d39560e57ccf0d56a57604dda32c01f1_shot_001_000,pixel_mse,full,0.01008846
35,737.519714,d39560e57ccf0d56a57604dda32c01f1_shot_001_000,ssim,mouth,0.64022076
35,737.519714,d39560e57ccf0d56a57604dda32c01f1_shot_001_000,ssim,full,0.68861586
35,737.519714,d39560e57ccf0d56a57604dda32c01f1_shot_001_000,lpips,mouth,0.44524634
35,737.519714,d39560e57ccf0d56a57604dda32c01f1_shot_001_000,lpips,full,0.42597938
35,737.519714,d39560e57ccf0d56a57604dda32c01f1_shot_001_000,sharpness,mouth,11.3847
35,737.519714,d39560e57ccf0d56a57604dda32c01f1_shot_001_000,lmd,mouth,3.620109
35,737.519714,d39560e57ccf0d56a57604dda32c01f1_shot_001_000,sync_d,mouth,10.572506
35,737.519714,d39560e57ccf0d56a57604dda32c01f1_shot_001_000,sync_c,mouth,2.954682
36,717.299683,d39560e57ccf0d56a57604dda32c01f1_shot_001_000,pixel_mse,mouth,0.00879431
36,717.299683,d39560e57ccf0d56a57604dda32c01f1_shot_001_000,pixel_mse,full,0.01007415
36,717.299683,d39560e57ccf0d56a57604dda32c01f1_shot_001_000,ssim,mouth,0.63899362
36,717.299683,d39560e57ccf0d56a57604dda32c01f1_shot_001_000,ssim,full,0.6870628
36,717.299683,d39560e57ccf0d56a57604dda32c01f1_shot_001_000,lpips,mouth,0.44997707
36,717.299683,d39560e57ccf0d56a57604dda32c01f1_shot_001_000,lpips,full,0.43376231
36,717.299683,d39560e57ccf0d56a57604dda32c01f1_shot_001_000,sharpness,mouth,11.4191
36,717.299683,d39560e57ccf0d56a57604dda32c01f1_shot_001_000,lmd,mouth,3.702313
36,717.299683,d39560e57ccf0d56a57604dda32c01f1_shot_001_000,sync_d,mouth,10.007681
36,717.299683,d39560e57ccf0d56a57604dda32c01f1_shot_001_000,sync_c,mouth,3.735877
37,695.080139,d39560e57ccf0d56a57604dda32c01f1_shot_001_000,pixel_mse,mouth,0.00868462
37,695.080139,d39560e57ccf0d56a57604dda32c01f1_shot_001_000,pixel_mse,full,0.01008527
37,695.080139,d39560e57ccf0d56a57604dda32c01f1_shot_001_000,ssim,mouth,0.64024073
37,695.080139,d39560e57ccf0d56a57604dda32c01f1_shot_001_000,ssim,full,0.68531698
37,695.080139,d39560e57ccf0d56a57604dda32c01f1_shot_001_000,lpips,mouth,0.45021251
37,695.080139,d39560e57ccf0d56a57604dda32c01f1_shot_001_000,lpips,full,0.43913284
37,695.080139,d39560e57ccf0d56a57604dda32c01f1_shot_001_000,sharpness,mouth,11.3699
37,695.080139,d39560e57ccf0d56a57604dda32c01f1_shot_001_000,lmd,mouth,3.447487
37,695.080139,d39560e57ccf0d56a57604dda32c01f1_shot_001_000,sync_d,mouth,10.080452
37,695.080139,d39560e57ccf0d56a57604dda32c01f1_shot_001_000,sync_c,mouth,3.777491
38,670.548828,d39560e57ccf0d56a57604dda32c01f1_shot_001_000,pixel_mse,mouth,0.00852558
38,670.548828,d39560e57ccf0d56a57604dda32c01f1_shot_001_000,pixel_mse,full,0.00996561
38,670.548828,d39560e57ccf0d56a57604dda32c01f1_shot_001_000,ssim,mouth,0.63979751
38,670.548828,d39560e57ccf0d56a57604dda32c01f1_shot_001_000,ssim,full,0.68620825
38,670.548828,d39560e57ccf0d56a57604dda32c01f1_shot_001_000,lpips,mouth,0.45048928
38,670.548828,d39560e57ccf0d56a57604dda32c01f1_shot_001_000,lpips,full,0.4342562
38,670.548828,d39560e57ccf0d56a57604dda32c01f1_shot_001_000,sharpness,mouth,11.1396
38,670.548828,d39560e57ccf0d56a57604dda32c01f1_shot_001_000,lmd,mouth,3.439289
39,643.325317,d39560e57ccf0d56a57604dda32c01f1_shot_001_000,pixel_mse,mouth,0.0085103
39,643.325317,d39560e57ccf0d56a57604dda32c01f1_shot_001_000,pixel_mse,full,0.00997453
39,643.325317,d39560e57ccf0d56a57604dda32c01f1_shot_001_000,ssim,mouth,0.63862091
39,643.325317,d39560e57ccf0d56a57604dda32c01f1_shot_001_000,ssim,full,0.68538058
39,643.325317,d39560e57ccf0d56a57604dda32c01f1_shot_001_000,lpips,mouth,0.44710654
39,643.325317,d39560e57ccf0d56a57604dda32c01f1_shot_001_000,lpips,full,0.43379876
39,643.325317,d39560e57ccf0d56a57604dda32c01f1_shot_001_000,sharpness,mouth,11.3193
39,643.325317,d39560e57ccf0d56a57604dda32c01f1_shot_001_000,lmd,mouth,3.475371
40,612.940735,d39560e57ccf0d56a57604dda32c01f1_shot_001_000,pixel_mse,mouth,0.00845486
40,612.940735,d39560e57ccf0d56a57604dda32c01f1_shot_001_000,pixel_mse,full,0.01001688
40,612.940735,d39560e57ccf0d56a57604dda32c01f1_shot_001_000,ssim,mouth,0.63817561
40,612.940735,d39560e57ccf0d56a57604dda32c01f1_shot_001_000,ssim,full,0.68384516
40,612.940735,d39560e57ccf0d56a57604dda32c01f1_shot_001_000,lpips,mouth,0.44907695
40,612.940735,d39560e57ccf0d56a57604dda32c01f1_shot_001_000,lpips,full,0.43674016
40,612.940735,d39560e57ccf0d56a57604dda32c01f1_shot_001_000,sharpness,mouth,11.4516
40,612.940735,d39560e57ccf0d56a57604dda32c01f1_shot_001_000,lmd,mouth,3.708085
41,578.810425,d39560e57ccf0d56a57604dda32c01f1_shot_001_000,pixel_mse,mouth,0.00846696
41,578.810425,d39560e57ccf0d56a57604dda32c01f1_shot_001_000,pixel_mse,full,0.00998217
41,578.810425,d39560e57ccf0d56a57604dda32c01f1_shot_001_000,ssim,mouth,0.6390202
41,578.810425,d39560e57ccf0d56a57604dda32c01f1_shot_001_000,ssim,full,0.68416578
41,578.810425,d39560e57ccf0d56a57604dda32c01f1_shot_001_000,lpips,mouth,0.45194772
41,578.810425,d39560e57ccf0d56a57604dda32c01f1_shot_001_000,lpips,full,0.44121599
41,578.810425,d39560e57ccf0d56a57604dda32c01f1_shot_001_000,sharpness,mouth,11.4268
41,578.810425,d39560e57ccf0d56a57604dda32c01f1_shot_001_000,lmd,mouth,3.19964
42,540.196350,d39560e57ccf0d56a57604dda32c01f1_shot_001_000,pixel_mse,mouth,0.00828013
42,540.196350,d39560e57ccf0d56a57604dda32c01f1_shot_001_000,pixel_mse,full,0.00999002
42,540.196350,d39560e57ccf0d56a57604dda32c01f1_shot_001_000,ssim,mouth,0.64030099
42,540.196350,d39560e57ccf0d56a57604dda32c01f1_shot_001_000,ssim,full,0.68564892
42,540.196350,d39560e57ccf0d56a57604dda32c01f1_shot_001_000,lpips,mouth,0.45416772
42,540.196350,d39560e57ccf0d56a57604dda32c01f1_shot_001_000,lpips,full,0.44891927
42,540.196350,d39560e57ccf0d56a57604dda32c01f1_shot_001_000,sharpness,mouth,11.7726
42,540.196350,d39560e57ccf0d56a57604dda32c01f1_shot_001_000,lmd,mouth,3.351253
42,540.196350,d39560e57ccf0d56a57604dda32c01f1_shot_001_000,sync_d,mouth,9.962782
42,540.196350,d39560e57ccf0d56a57604dda32c01f1_shot_001_000,sync_c,mouth,3.546658
43,496.152893,d39560e57ccf0d56a57604dda32c01f1_shot_001_000,pixel_mse,mouth,0.00827108
43,496.152893,d39560e57ccf0d56a57604dda32c01f1_shot_001_000,pixel_mse,full,0.01003961
43,496.152893,d39560e57ccf0d56a57604dda32c01f1_shot_001_000,ssim,mouth,0.64019251
43,496.152893,d39560e57ccf0d56a57604dda32c01f1_shot_001_000,ssim,full,0.68506479
43,496.152893,d39560e57ccf0d56a57604dda32c01f1_shot_001_000,lpips,mouth,0.46224058
43,496.152893,d39560e57ccf0d56a57604dda32c01f1_shot_001_000,lpips,full,0.46027279
43,496.152893,d39560e57ccf0d56a57604dda32c01f1_shot_001_000,sharpness,mouth,11.9032
43,496.152893,d39560e57ccf0d56a57604dda32c01f1_shot_001_000,lmd,mouth,3.78019
43,496.152893,d39560e57ccf0d56a57604dda32c01f1_shot_001_000,sync_d,mouth,11.243362
43,496.152893,d39560e57ccf0d56a57604dda32c01f1_shot_001_000,sync_c,mouth,2.519994
44,445.448151,d39560e57ccf0d56a57604dda32c01f1_shot_001_000,pixel_mse,mouth,0.00812913
44,445.448151,d39560e57ccf0d56a57604dda32c01f1_shot_001_000,pixel_mse,full,0.01007039
44,445.448151,d39560e57ccf0d56a57604dda32c01f1_shot_001_000,ssim,mouth,0.64225346
44,445.448151,d39560e57ccf0d56a57604dda32c01f1_shot_001_000,ssim,full,0.68585956
44,445.448151,d39560e57ccf0d56a57604dda32c01f1_shot_001_000,lpips,mouth,0.46308321
44,445.448151,d39560e57ccf0d56a57604dda32c01f1_shot_001_000,lpips,full,0.46823248
44,445.448151,d39560e57ccf0d56a57604dda32c01f1_shot_001_000,sharpness,mouth,11.9927
44,445.448151,d39560e57ccf0d56a57604dda32c01f1_shot_001_000,lmd,mouth,3.796503
44,445.448151,d39560e57ccf0d56a57604dda32c01f1_shot_001_000,sync_d,mouth,11.289616
44,445.448151,d39560e57ccf0d56a57604dda32c01f1_shot_001_000,sync_c,mouth,2.476589
45,386.447418,d39560e57ccf0d56a57604dda32c01f1_shot_001_000,pixel_mse,mouth,0.00813304
45,386.447418,d39560e57ccf0d56a57604dda32c01f1_shot_001_000,pixel_mse,full,0.01013571
45,386.447418,d39560e57ccf0d56a57604dda32c01f1_shot_001_000,ssim,mouth,0.64128608
45,386.447418,d39560e57ccf0d56a57604dda32c01f1_shot_001_000,ssim,full,0.68557918
45,386.447418,d39560e57ccf0d56a57604dda32c01f1_shot_001_000,lpips,mouth,0.46116006
45,386.447418,d39560e57ccf0d56a57604dda32c01f1_shot_001_000,lpips,full,0.47888932
45,386.447418,d39560e57ccf0d56a57604dda32c01f1_shot_001_000,sharpness,mouth,11.7755
45,386.447418,d39560e57ccf0d56a57604dda32c01f1_shot_001_000,lmd,mouth,3.935851
45,386.447418,d39560e57ccf0d56a57604dda32c01f1_shot_001_000,sync_d,mouth,11.120719
45,386.447418,d39560e57ccf0d56a57604dda32c01f1_shot_001_000,sync_c,mouth,2.379791
46,316.933258,d39560e57ccf0d56a57604dda32c01f1_shot_001_000,pixel_mse,mouth,0.00813217
46,316.933258,d39560e57ccf0d56a57604dda32c01f1_shot_001_000,pixel_mse,full,0.01012828
46,316.933258,d39560e57ccf0d56a57604dda32c01f1_shot_001_000,ssim,mouth,0.64305866
46,316.933258,d39560e57ccf0d56a57604dda32c01f1_shot_001_000,ssim,full,0.68730861
46,316.933258,d39560e57ccf0d56a57604dda32c01f1_shot_001_000,lpips,mouth,0.46477979
46,316.933258,d39560e57ccf0d56a57604dda32c01f1_shot_001_000,lpips,full,0.48723471
46,316.933258,d39560e57ccf0d56a57604dda32c01f1_shot_001_000,sharpness,mouth,11.9577
46,316.933258,d39560e57ccf0d56a57604dda32c01f1_shot_001_000,lmd,mouth,3.387219
46,316.933258,d39560e57ccf0d56a57604dda32c01f1_shot_001_000,sync_d,mouth,11.302322
46,316.933258,d39560e57ccf0d56a57604dda32c01f1_shot_001_000,sync_c,mouth,2.368996
47,233.820694,d39560e57ccf0d56a57604dda32c01f1_shot_001_000,pixel_mse,mouth,0.0081641
47,233.820694,d39560e57ccf0d56a57604dda32c01f1_shot_001_000,pixel_mse,full,0.01014069
47,233.820694,d39560e57ccf0d56a57604dda32c01f1_shot_001_000,ssim,mouth,0.64264131
47,233.820694,d39560e57ccf0d56a57604dda32c01f1_shot_001_000,ssim,full,0.68839371
47,233.820694,d39560e57ccf0d56a57604dda32c01f1_shot_001_000,lpips,mouth,0.46765217
47,233.820694,d39560e57ccf0d56a57604dda32c01f1_shot_001_000,lpips,full,0.4906148
47,233.820694,d39560e57ccf0d56a57604dda32c01f1_shot_001_000,sharpness,mouth,11.8778
47,233.820694,d39560e57ccf0d56a57604dda32c01f1_shot_001_000,lmd,mouth,3.540714
48,132.687027,d39560e57ccf0d56a57604dda32c01f1_shot_001_000,pixel_mse,mouth,0.00815369
48,132.687027,d39560e57ccf0d56a57604dda32c01f1_shot_001_000,pixel_mse,full,0.01014224
48,132.687027,d39560e57ccf0d56a57604dda32c01f1_shot_001_000,ssim,mouth,0.64331108
48,132.687027,d39560e57ccf0d56a57604dda32c01f1_shot_001_000,ssim,full,0.68918329
48,132.687027,d39560e57ccf0d56a57604dda32c01f1_shot_001_000,lpips,mouth,0.46437219
48,132.687027,d39560e57ccf0d56a57604dda32c01f1_shot_001_000,lpips,full,0.49394712
48,132.687027,d39560e57ccf0d56a57604dda32c01f1_shot_001_000,sharpness,mouth,11.8427
48,132.687027,d39560e57ccf0d56a57604dda32c01f1_shot_001_000,lmd,mouth,3.503217
48,132.687027,d39560e57ccf0d56a57604dda32c01f1_shot_001_000,sync_d,mouth,10.437276
48,132.687027,d39560e57ccf0d56a57604dda32c01f1_shot_001_000,sync_c,mouth,2.763399
49,6.958251,d39560e57ccf0d56a57604dda32c01f1_shot_001_000,pixel_mse,mouth,0.00814193
49,6.958251,d39560e57ccf0d56a57604dda32c01f1_shot_001_000,pixel_mse,full,0.01017505
49,6.958251,d39560e57ccf0d56a57604dda32c01f1_shot_001_000,ssim,mouth,0.64099139
49,6.958251,d39560e57ccf0d56a57604dda32c01f1_shot_001_000,ssim,full,0.68763876
49,6.958251,d39560e57ccf0d56a57604dda32c01f1_shot_001_000,lpips,mouth,0.44218907
49,6.958251,d39560e57ccf0d56a57604dda32c01f1_shot_001_000,lpips,full,0.46205911
49,6.958251,d39560e57ccf0d56a57604dda32c01f1_shot_001_000,sharpness,mouth,9.5562
49,6.958251,d39560e57ccf0d56a57604dda32c01f1_shot_001_000,lmd,mouth,3.42122
49,6.958251,d39560e57ccf0d56a57604dda32c01f1_shot_001_000,sync_d,mouth,10.532592
49,6.958251,d39560e57ccf0d56a57604dda32c01f1_shot_001_000,sync_c,mouth,2.816534
-1,gt,4452d828f84c6a2b2dee9c7a81e6c102_shot_001_000,sharpness,mouth,43.2362
-1,gt,4452d828f84c6a2b2dee9c7a81e6c102_shot_001_000,sync_d,mouth,7.17123
-1,gt,4452d828f84c6a2b2dee9c7a81e6c102_shot_001_000,sync_c,mouth,8.023359
0,1000.000000,4452d828f84c6a2b2dee9c7a81e6c102_shot_001_000,pixel_mse,mouth,0.01736987
0,1000.000000,4452d828f84c6a2b2dee9c7a81e6c102_shot_001_000,pixel_mse,full,0.01678361
0,1000.000000,4452d828f84c6a2b2dee9c7a81e6c102_shot_001_000,ssim,mouth,0.67517537
0,1000.000000,4452d828f84c6a2b2dee9c7a81e6c102_shot_001_000,ssim,full,0.71698219
0,1000.000000,4452d828f84c6a2b2dee9c7a81e6c102_shot_001_000,lpips,mouth,0.53313076
0,1000.000000,4452d828f84c6a2b2dee9c7a81e6c102_shot_001_000,lpips,full,0.41962442
0,1000.000000,4452d828f84c6a2b2dee9c7a81e6c102_shot_001_000,sharpness,mouth,10.8961
0,1000.000000,4452d828f84c6a2b2dee9c7a81e6c102_shot_001_000,lmd,mouth,5.75561
0,1000.000000,4452d828f84c6a2b2dee9c7a81e6c102_shot_001_000,sync_d,mouth,12.07836
0,1000.000000,4452d828f84c6a2b2dee9c7a81e6c102_shot_001_000,sync_c,mouth,0.896196
1,997.035706,4452d828f84c6a2b2dee9c7a81e6c102_shot_001_000,pixel_mse,mouth,0.01728305
1,997.035706,4452d828f84c6a2b2dee9c7a81e6c102_shot_001_000,pixel_mse,full,0.02014257
1,997.035706,4452d828f84c6a2b2dee9c7a81e6c102_shot_001_000,ssim,mouth,0.67785501
1,997.035706,4452d828f84c6a2b2dee9c7a81e6c102_shot_001_000,ssim,full,0.70869881
1,997.035706,4452d828f84c6a2b2dee9c7a81e6c102_shot_001_000,lpips,mouth,0.53309011
1,997.035706,4452d828f84c6a2b2dee9c7a81e6c102_shot_001_000,lpips,full,0.43648502
1,997.035706,4452d828f84c6a2b2dee9c7a81e6c102_shot_001_000,sharpness,mouth,11.0867
1,997.035706,4452d828f84c6a2b2dee9c7a81e6c102_shot_001_000,lmd,mouth,5.832319
1,997.035706,4452d828f84c6a2b2dee9c7a81e6c102_shot_001_000,sync_d,mouth,11.689037
1,997.035706,4452d828f84c6a2b2dee9c7a81e6c102_shot_001_000,sync_c,mouth,1.447062
2,993.963867,4452d828f84c6a2b2dee9c7a81e6c102_shot_001_000,pixel_mse,mouth,0.01685582
2,993.963867,4452d828f84c6a2b2dee9c7a81e6c102_shot_001_000,pixel_mse,full,0.01868722
2,993.963867,4452d828f84c6a2b2dee9c7a81e6c102_shot_001_000,ssim,mouth,0.67303097
2,993.963867,4452d828f84c6a2b2dee9c7a81e6c102_shot_001_000,ssim,full,0.71229416
2,993.963867,4452d828f84c6a2b2dee9c7a81e6c102_shot_001_000,lpips,mouth,0.52714437
2,993.963867,4452d828f84c6a2b2dee9c7a81e6c102_shot_001_000,lpips,full,0.43429744
2,993.963867,4452d828f84c6a2b2dee9c7a81e6c102_shot_001_000,sharpness,mouth,12.0374
2,993.963867,4452d828f84c6a2b2dee9c7a81e6c102_shot_001_000,lmd,mouth,5.76033
2,993.963867,4452d828f84c6a2b2dee9c7a81e6c102_shot_001_000,sync_d,mouth,10.599166
2,993.963867,4452d828f84c6a2b2dee9c7a81e6c102_shot_001_000,sync_c,mouth,2.631406
3,990.779053,4452d828f84c6a2b2dee9c7a81e6c102_shot_001_000,pixel_mse,mouth,0.01701992
3,990.779053,4452d828f84c6a2b2dee9c7a81e6c102_shot_001_000,pixel_mse,full,0.01885102
3,990.779053,4452d828f84c6a2b2dee9c7a81e6c102_shot_001_000,ssim,mouth,0.66563541
3,990.779053,4452d828f84c6a2b2dee9c7a81e6c102_shot_001_000,ssim,full,0.71013498
3,990.779053,4452d828f84c6a2b2dee9c7a81e6c102_shot_001_000,lpips,mouth,0.51540744
3,990.779053,4452d828f84c6a2b2dee9c7a81e6c102_shot_001_000,lpips,full,0.43022001
3,990.779053,4452d828f84c6a2b2dee9c7a81e6c102_shot_001_000,sharpness,mouth,12.7982
3,990.779053,4452d828f84c6a2b2dee9c7a81e6c102_shot_001_000,lmd,mouth,5.333631
3,990.779053,4452d828f84c6a2b2dee9c7a81e6c102_shot_001_000,sync_d,mouth,9.067985
3,990.779053,4452d828f84c6a2b2dee9c7a81e6c102_shot_001_000,sync_c,mouth,4.113767
4,987.474243,4452d828f84c6a2b2dee9c7a81e6c102_shot_001_000,pixel_mse,mouth,0.01738568
4,987.474243,4452d828f84c6a2b2dee9c7a81e6c102_shot_001_000,pixel_mse,full,0.01860196
4,987.474243,4452d828f84c6a2b2dee9c7a81e6c102_shot_001_000,ssim,mouth,0.65418088
4,987.474243,4452d828f84c6a2b2dee9c7a81e6c102_shot_001_000,ssim,full,0.70847338
4,987.474243,4452d828f84c6a2b2dee9c7a81e6c102_shot_001_000,lpips,mouth,0.50548524
4,987.474243,4452d828f84c6a2b2dee9c7a81e6c102_shot_001_000,lpips,full,0.42099583
4,987.474243,4452d828f84c6a2b2dee9c7a81e6c102_shot_001_000,sharpness,mouth,13.1388
4,987.474243,4452d828f84c6a2b2dee9c7a81e6c102_shot_001_000,lmd,mouth,4.892447
4,987.474243,4452d828f84c6a2b2dee9c7a81e6c102_shot_001_000,sync_d,mouth,9.039731
4,987.474243,4452d828f84c6a2b2dee9c7a81e6c102_shot_001_000,sync_c,mouth,4.712787
5,984.043091,4452d828f84c6a2b2dee9c7a81e6c102_shot_001_000,pixel_mse,mouth,0.01793847
5,984.043091,4452d828f84c6a2b2dee9c7a81e6c102_shot_001_000,pixel_mse,full,0.01930517
5,984.043091,4452d828f84c6a2b2dee9c7a81e6c102_shot_001_000,ssim,mouth,0.65005141
5,984.043091,4452d828f84c6a2b2dee9c7a81e6c102_shot_001_000,ssim,full,0.70291984
5,984.043091,4452d828f84c6a2b2dee9c7a81e6c102_shot_001_000,lpips,mouth,0.50065935
5,984.043091,4452d828f84c6a2b2dee9c7a81e6c102_shot_001_000,lpips,full,0.41309258
5,984.043091,4452d828f84c6a2b2dee9c7a81e6c102_shot_001_000,sharpness,mouth,12.8995
5,984.043091,4452d828f84c6a2b2dee9c7a81e6c102_shot_001_000,lmd,mouth,5.068819
5,984.043091,4452d828f84c6a2b2dee9c7a81e6c102_shot_001_000,sync_d,mouth,8.141359
5,984.043091,4452d828f84c6a2b2dee9c7a81e6c102_shot_001_000,sync_c,mouth,5.42907
6,980.477844,4452d828f84c6a2b2dee9c7a81e6c102_shot_001_000,pixel_mse,mouth,0.0184076
6,980.477844,4452d828f84c6a2b2dee9c7a81e6c102_shot_001_000,pixel_mse,full,0.01882594
6,980.477844,4452d828f84c6a2b2dee9c7a81e6c102_shot_001_000,ssim,mouth,0.62886792
6,980.477844,4452d828f84c6a2b2dee9c7a81e6c102_shot_001_000,ssim,full,0.69918168
6,980.477844,4452d828f84c6a2b2dee9c7a81e6c102_shot_001_000,lpips,mouth,0.46641728
6,980.477844,4452d828f84c6a2b2dee9c7a81e6c102_shot_001_000,lpips,full,0.39691228
6,980.477844,4452d828f84c6a2b2dee9c7a81e6c102_shot_001_000,sharpness,mouth,15.0777
6,980.477844,4452d828f84c6a2b2dee9c7a81e6c102_shot_001_000,lmd,mouth,4.991385
6,980.477844,4452d828f84c6a2b2dee9c7a81e6c102_shot_001_000,sync_d,mouth,7.744794
6,980.477844,4452d828f84c6a2b2dee9c7a81e6c102_shot_001_000,sync_c,mouth,6.304482
7,976.770691,4452d828f84c6a2b2dee9c7a81e6c102_shot_001_000,pixel_mse,mouth,0.01849611
7,976.770691,4452d828f84c6a2b2dee9c7a81e6c102_shot_001_000,pixel_mse,full,0.0188574
7,976.770691,4452d828f84c6a2b2dee9c7a81e6c102_shot_001_000,ssim,mouth,0.61970013
7,976.770691,4452d828f84c6a2b2dee9c7a81e6c102_shot_001_000,ssim,full,0.69896621
7,976.770691,4452d828f84c6a2b2dee9c7a81e6c102_shot_001_000,lpips,mouth,0.44868112
7,976.770691,4452d828f84c6a2b2dee9c7a81e6c102_shot_001_000,lpips,full,0.3864558
7,976.770691,4452d828f84c6a2b2dee9c7a81e6c102_shot_001_000,sharpness,mouth,15.5167
7,976.770691,4452d828f84c6a2b2dee9c7a81e6c102_shot_001_000,lmd,mouth,4.940907
7,976.770691,4452d828f84c6a2b2dee9c7a81e6c102_shot_001_000,sync_d,mouth,7.605871
7,976.770691,4452d828f84c6a2b2dee9c7a81e6c102_shot_001_000,sync_c,mouth,6.599799
8,972.912842,4452d828f84c6a2b2dee9c7a81e6c102_shot_001_000,pixel_mse,mouth,0.01929969
8,972.912842,4452d828f84c6a2b2dee9c7a81e6c102_shot_001_000,pixel_mse,full,0.01876222
8,972.912842,4452d828f84c6a2b2dee9c7a81e6c102_shot_001_000,ssim,mouth,0.60916573
8,972.912842,4452d828f84c6a2b2dee9c7a81e6c102_shot_001_000,ssim,full,0.699812
8,972.912842,4452d828f84c6a2b2dee9c7a81e6c102_shot_001_000,lpips,mouth,0.43468142
8,972.912842,4452d828f84c6a2b2dee9c7a81e6c102_shot_001_000,lpips,full,0.38069907
8,972.912842,4452d828f84c6a2b2dee9c7a81e6c102_shot_001_000,sharpness,mouth,16.6104
8,972.912842,4452d828f84c6a2b2dee9c7a81e6c102_shot_001_000,lmd,mouth,4.95756
8,972.912842,4452d828f84c6a2b2dee9c7a81e6c102_shot_001_000,sync_d,mouth,7.653814
8,972.912842,4452d828f84c6a2b2dee9c7a81e6c102_shot_001_000,sync_c,mouth,6.536448
9,968.895081,4452d828f84c6a2b2dee9c7a81e6c102_shot_001_000,pixel_mse,mouth,0.01992572
9,968.895081,4452d828f84c6a2b2dee9c7a81e6c102_shot_001_000,pixel_mse,full,0.0187156
9,968.895081,4452d828f84c6a2b2dee9c7a81e6c102_shot_001_000,ssim,mouth,0.59688598
9,968.895081,4452d828f84c6a2b2dee9c7a81e6c102_shot_001_000,ssim,full,0.69865274
9,968.895081,4452d828f84c6a2b2dee9c7a81e6c102_shot_001_000,lpips,mouth,0.41754469
9,968.895081,4452d828f84c6a2b2dee9c7a81e6c102_shot_001_000,lpips,full,0.37125707
9,968.895081,4452d828f84c6a2b2dee9c7a81e6c102_shot_001_000,sharpness,mouth,19.0062
9,968.895081,4452d828f84c6a2b2dee9c7a81e6c102_shot_001_000,lmd,mouth,4.807395
9,968.895081,4452d828f84c6a2b2dee9c7a81e6c102_shot_001_000,sync_d,mouth,7.6684
9,968.895081,4452d828f84c6a2b2dee9c7a81e6c102_shot_001_000,sync_c,mouth,6.783826
10,964.707153,4452d828f84c6a2b2dee9c7a81e6c102_shot_001_000,pixel_mse,mouth,0.02003589
10,964.707153,4452d828f84c6a2b2dee9c7a81e6c102_shot_001_000,pixel_mse,full,0.01906122
10,964.707153,4452d828f84c6a2b2dee9c7a81e6c102_shot_001_000,ssim,mouth,0.59777069
10,964.707153,4452d828f84c6a2b2dee9c7a81e6c102_shot_001_000,ssim,full,0.69871432
10,964.707153,4452d828f84c6a2b2dee9c7a81e6c102_shot_001_000,lpips,mouth,0.41227025
10,964.707153,4452d828f84c6a2b2dee9c7a81e6c102_shot_001_000,lpips,full,0.36955506
10,964.707153,4452d828f84c6a2b2dee9c7a81e6c102_shot_001_000,sharpness,mouth,17.359
10,964.707153,4452d828f84c6a2b2dee9c7a81e6c102_shot_001_000,lmd,mouth,4.638409
10,964.707153,4452d828f84c6a2b2dee9c7a81e6c102_shot_001_000,sync_d,mouth,7.830034
10,964.707153,4452d828f84c6a2b2dee9c7a81e6c102_shot_001_000,sync_c,mouth,6.837996
11,960.337952,4452d828f84c6a2b2dee9c7a81e6c102_shot_001_000,pixel_mse,mouth,0.02059446
11,960.337952,4452d828f84c6a2b2dee9c7a81e6c102_shot_001_000,pixel_mse,full,0.01924006
11,960.337952,4452d828f84c6a2b2dee9c7a81e6c102_shot_001_000,ssim,mouth,0.59559011
11,960.337952,4452d828f84c6a2b2dee9c7a81e6c102_shot_001_000,ssim,full,0.69704157
11,960.337952,4452d828f84c6a2b2dee9c7a81e6c102_shot_001_000,lpips,mouth,0.41153499
11,960.337952,4452d828f84c6a2b2dee9c7a81e6c102_shot_001_000,lpips,full,0.36278129
11,960.337952,4452d828f84c6a2b2dee9c7a81e6c102_shot_001_000,sharpness,mouth,17.565
11,960.337952,4452d828f84c6a2b2dee9c7a81e6c102_shot_001_000,lmd,mouth,4.525879
11,960.337952,4452d828f84c6a2b2dee9c7a81e6c102_shot_001_000,sync_d,mouth,8.014742
11,960.337952,4452d828f84c6a2b2dee9c7a81e6c102_shot_001_000,sync_c,mouth,6.716252
12,955.775635,4452d828f84c6a2b2dee9c7a81e6c102_shot_001_000,pixel_mse,mouth,0.02115797
12,955.775635,4452d828f84c6a2b2dee9c7a81e6c102_shot_001_000,pixel_mse,full,0.01938288
12,955.775635,4452d828f84c6a2b2dee9c7a81e6c102_shot_001_000,ssim,mouth,0.58650857
12,955.775635,4452d828f84c6a2b2dee9c7a81e6c102_shot_001_000,ssim,full,0.69564092
12,955.775635,4452d828f84c6a2b2dee9c7a81e6c102_shot_001_000,lpips,mouth,0.39123371
12,955.775635,4452d828f84c6a2b2dee9c7a81e6c102_shot_001_000,lpips,full,0.35313356
12,955.775635,4452d828f84c6a2b2dee9c7a81e6c102_shot_001_000,sharpness,mouth,18.6006
12,955.775635,4452d828f84c6a2b2dee9c7a81e6c102_shot_001_000,lmd,mouth,4.538268
12,955.775635,4452d828f84c6a2b2dee9c7a81e6c102_shot_001_000,sync_d,mouth,7.995885
12,955.775635,4452d828f84c6a2b2dee9c7a81e6c102_shot_001_000,sync_c,mouth,6.694211
13,951.006897,4452d828f84c6a2b2dee9c7a81e6c102_shot_001_000,pixel_mse,mouth,0.02061802
13,951.006897,4452d828f84c6a2b2dee9c7a81e6c102_shot_001_000,pixel_mse,full,0.01936026
13,951.006897,4452d828f84c6a2b2dee9c7a81e6c102_shot_001_000,ssim,mouth,0.58971655
13,951.006897,4452d828f84c6a2b2dee9c7a81e6c102_shot_001_000,ssim,full,0.69583297
13,951.006897,4452d828f84c6a2b2dee9c7a81e6c102_shot_001_000,lpips,mouth,0.378369
13,951.006897,4452d828f84c6a2b2dee9c7a81e6c102_shot_001_000,lpips,full,0.34509495
13,951.006897,4452d828f84c6a2b2dee9c7a81e6c102_shot_001_000,sharpness,mouth,18.4067
13,951.006897,4452d828f84c6a2b2dee9c7a81e6c102_shot_001_000,lmd,mouth,4.393659
13,951.006897,4452d828f84c6a2b2dee9c7a81e6c102_shot_001_000,sync_d,mouth,7.935373
13,951.006897,4452d828f84c6a2b2dee9c7a81e6c102_shot_001_000,sync_c,mouth,6.449199
14,946.017517,4452d828f84c6a2b2dee9c7a81e6c102_shot_001_000,pixel_mse,mouth,0.02109799
14,946.017517,4452d828f84c6a2b2dee9c7a81e6c102_shot_001_000,pixel_mse,full,0.01920595
14,946.017517,4452d828f84c6a2b2dee9c7a81e6c102_shot_001_000,ssim,mouth,0.58534712
14,946.017517,4452d828f84c6a2b2dee9c7a81e6c102_shot_001_000,ssim,full,0.6958797
14,946.017517,4452d828f84c6a2b2dee9c7a81e6c102_shot_001_000,lpips,mouth,0.37260285
14,946.017517,4452d828f84c6a2b2dee9c7a81e6c102_shot_001_000,lpips,full,0.3423785
14,946.017517,4452d828f84c6a2b2dee9c7a81e6c102_shot_001_000,sharpness,mouth,20.0175
14,946.017517,4452d828f84c6a2b2dee9c7a81e6c102_shot_001_000,lmd,mouth,4.316325
14,946.017517,4452d828f84c6a2b2dee9c7a81e6c102_shot_001_000,sync_d,mouth,7.602594
14,946.017517,4452d828f84c6a2b2dee9c7a81e6c102_shot_001_000,sync_c,mouth,6.909101
15,940.791870,4452d828f84c6a2b2dee9c7a81e6c102_shot_001_000,pixel_mse,mouth,0.02140491
15,940.791870,4452d828f84c6a2b2dee9c7a81e6c102_shot_001_000,pixel_mse,full,0.0192662
15,940.791870,4452d828f84c6a2b2dee9c7a81e6c102_shot_001_000,ssim,mouth,0.57990158
15,940.791870,4452d828f84c6a2b2dee9c7a81e6c102_shot_001_000,ssim,full,0.69327354
15,940.791870,4452d828f84c6a2b2dee9c7a81e6c102_shot_001_000,lpips,mouth,0.36246529
15,940.791870,4452d828f84c6a2b2dee9c7a81e6c102_shot_001_000,lpips,full,0.33730984
15,940.791870,4452d828f84c6a2b2dee9c7a81e6c102_shot_001_000,sharpness,mouth,20.5146
15,940.791870,4452d828f84c6a2b2dee9c7a81e6c102_shot_001_000,lmd,mouth,4.177251
15,940.791870,4452d828f84c6a2b2dee9c7a81e6c102_shot_001_000,sync_d,mouth,7.387047
15,940.791870,4452d828f84c6a2b2dee9c7a81e6c102_shot_001_000,sync_c,mouth,7.14099
16,935.312622,4452d828f84c6a2b2dee9c7a81e6c102_shot_001_000,pixel_mse,mouth,0.02161247
16,935.312622,4452d828f84c6a2b2dee9c7a81e6c102_shot_001_000,pixel_mse,full,0.01928464
16,935.312622,4452d828f84c6a2b2dee9c7a81e6c102_shot_001_000,ssim,mouth,0.57672036
16,935.312622,4452d828f84c6a2b2dee9c7a81e6c102_shot_001_000,ssim,full,0.69272757
16,935.312622,4452d828f84c6a2b2dee9c7a81e6c102_shot_001_000,lpips,mouth,0.35854042
16,935.312622,4452d828f84c6a2b2dee9c7a81e6c102_shot_001_000,lpips,full,0.33175406
16,935.312622,4452d828f84c6a2b2dee9c7a81e6c102_shot_001_000,sharpness,mouth,20.3567
16,935.312622,4452d828f84c6a2b2dee9c7a81e6c102_shot_001_000,lmd,mouth,4.13717
16,935.312622,4452d828f84c6a2b2dee9c7a81e6c102_shot_001_000,sync_d,mouth,7.163606
16,935.312622,4452d828f84c6a2b2dee9c7a81e6c102_shot_001_000,sync_c,mouth,7.217587
17,929.560913,4452d828f84c6a2b2dee9c7a81e6c102_shot_001_000,pixel_mse,mouth,0.02147631
17,929.560913,4452d828f84c6a2b2dee9c7a81e6c102_shot_001_000,pixel_mse,full,0.01924814
17,929.560913,4452d828f84c6a2b2dee9c7a81e6c102_shot_001_000,ssim,mouth,0.57522184
17,929.560913,4452d828f84c6a2b2dee9c7a81e6c102_shot_001_000,ssim,full,0.69334489
17,929.560913,4452d828f84c6a2b2dee9c7a81e6c102_shot_001_000,lpips,mouth,0.3536292
17,929.560913,4452d828f84c6a2b2dee9c7a81e6c102_shot_001_000,lpips,full,0.33002347
17,929.560913,4452d828f84c6a2b2dee9c7a81e6c102_shot_001_000,sharpness,mouth,20.4124
17,929.560913,4452d828f84c6a2b2dee9c7a81e6c102_shot_001_000,lmd,mouth,4.150155
17,929.560913,4452d828f84c6a2b2dee9c7a81e6c102_shot_001_000,sync_d,mouth,7.369761
17,929.560913,4452d828f84c6a2b2dee9c7a81e6c102_shot_001_000,sync_c,mouth,6.994717
18,923.515991,4452d828f84c6a2b2dee9c7a81e6c102_shot_001_000,pixel_mse,mouth,0.02116318
18,923.515991,4452d828f84c6a2b2dee9c7a81e6c102_shot_001_000,pixel_mse,full,0.01923943
18,923.515991,4452d828f84c6a2b2dee9c7a81e6c102_shot_001_000,ssim,mouth,0.57737005
18,923.515991,4452d828f84c6a2b2dee9c7a81e6c102_shot_001_000,ssim,full,0.69393373
18,923.515991,4452d828f84c6a2b2dee9c7a81e6c102_shot_001_000,lpips,mouth,0.35186794
18,923.515991,4452d828f84c6a2b2dee9c7a81e6c102_shot_001_000,lpips,full,0.32697254
18,923.515991,4452d828f84c6a2b2dee9c7a81e6c102_shot_001_000,sharpness,mouth,19.6475
18,923.515991,4452d828f84c6a2b2dee9c7a81e6c102_shot_001_000,lmd,mouth,4.189874
18,923.515991,4452d828f84c6a2b2dee9c7a81e6c102_shot_001_000,sync_d,mouth,7.144428
18,923.515991,4452d828f84c6a2b2dee9c7a81e6c102_shot_001_000,sync_c,mouth,7.349229
19,917.154785,4452d828f84c6a2b2dee9c7a81e6c102_shot_001_000,pixel_mse,mouth,0.02647858
19,917.154785,4452d828f84c6a2b2dee9c7a81e6c102_shot_001_000,pixel_mse,full,0.02206122
19,917.154785,4452d828f84c6a2b2dee9c7a81e6c102_shot_001_000,ssim,mouth,0.54188389
19,917.154785,4452d828f84c6a2b2dee9c7a81e6c102_shot_001_000,ssim,full,0.67365777
19,917.154785,4452d828f84c6a2b2dee9c7a81e6c102_shot_001_000,lpips,mouth,0.35834521
19,917.154785,4452d828f84c6a2b2dee9c7a81e6c102_shot_001_000,lpips,full,0.31308794
19,917.154785,4452d828f84c6a2b2dee9c7a81e6c102_shot_001_000,sharpness,mouth,27.8488
19,917.154785,4452d828f84c6a2b2dee9c7a81e6c102_shot_001_000,lmd,mouth,4.420548
19,917.154785,4452d828f84c6a2b2dee9c7a81e6c102_shot_001_000,sync_d,mouth,6.523245
19,917.154785,4452d828f84c6a2b2dee9c7a81e6c102_shot_001_000,sync_c,mouth,8.219822
20,910.451721,4452d828f84c6a2b2dee9c7a81e6c102_shot_001_000,pixel_mse,mouth,0.03489612
20,910.451721,4452d828f84c6a2b2dee9c7a81e6c102_shot_001_000,pixel_mse,full,0.02617272
20,910.451721,4452d828f84c6a2b2dee9c7a81e6c102_shot_001_000,ssim,mouth,0.50455558
20,910.451721,4452d828f84c6a2b2dee9c7a81e6c102_shot_001_000,ssim,full,0.65160698
20,910.451721,4452d828f84c6a2b2dee9c7a81e6c102_shot_001_000,lpips,mouth,0.39116353
20,910.451721,4452d828f84c6a2b2dee9c7a81e6c102_shot_001_000,lpips,full,0.31938505
20,910.451721,4452d828f84c6a2b2dee9c7a81e6c102_shot_001_000,sharpness,mouth,43.5907
20,910.451721,4452d828f84c6a2b2dee9c7a81e6c102_shot_001_000,lmd,mouth,4.73402
20,910.451721,4452d828f84c6a2b2dee9c7a81e6c102_shot_001_000,sync_d,mouth,6.95861
20,910.451721,4452d828f84c6a2b2dee9c7a81e6c102_shot_001_000,sync_c,mouth,7.890919
21,903.378723,4452d828f84c6a2b2dee9c7a81e6c102_shot_001_000,pixel_mse,mouth,0.03486908
21,903.378723,4452d828f84c6a2b2dee9c7a81e6c102_shot_001_000,pixel_mse,full,0.02516311
21,903.378723,4452d828f84c6a2b2dee9c7a81e6c102_shot_001_000,ssim,mouth,0.50661027
21,903.378723,4452d828f84c6a2b2dee9c7a81e6c102_shot_001_000,ssim,full,0.66114527
21,903.378723,4452d828f84c6a2b2dee9c7a81e6c102_shot_001_000,lpips,mouth,0.39022711
21,903.378723,4452d828f84c6a2b2dee9c7a81e6c102_shot_001_000,lpips,full,0.32652545
21,903.378723,4452d828f84c6a2b2dee9c7a81e6c102_shot_001_000,sharpness,mouth,32.8174
21,903.378723,4452d828f84c6a2b2dee9c7a81e6c102_shot_001_000,lmd,mouth,4.928075
21,903.378723,4452d828f84c6a2b2dee9c7a81e6c102_shot_001_000,sync_d,mouth,7.255127
21,903.378723,4452d828f84c6a2b2dee9c7a81e6c102_shot_001_000,sync_c,mouth,7.493659
22,895.903931,4452d828f84c6a2b2dee9c7a81e6c102_shot_001_000,pixel_mse,mouth,0.0245466
22,895.903931,4452d828f84c6a2b2dee9c7a81e6c102_shot_001_000,pixel_mse,full,0.02004496
22,895.903931,4452d828f84c6a2b2dee9c7a81e6c102_shot_001_000,ssim,mouth,0.5675329
22,895.903931,4452d828f84c6a2b2dee9c7a81e6c102_shot_001_000,ssim,full,0.68933612
22,895.903931,4452d828f84c6a2b2dee9c7a81e6c102_shot_001_000,lpips,mouth,0.40494171
22,895.903931,4452d828f84c6a2b2dee9c7a81e6c102_shot_001_000,lpips,full,0.35384822
22,895.903931,4452d828f84c6a2b2dee9c7a81e6c102_shot_001_000,sharpness,mouth,17.5232
22,895.903931,4452d828f84c6a2b2dee9c7a81e6c102_shot_001_000,lmd,mouth,4.695712
22,895.903931,4452d828f84c6a2b2dee9c7a81e6c102_shot_001_000,sync_d,mouth,9.700401
22,895.903931,4452d828f84c6a2b2dee9c7a81e6c102_shot_001_000,sync_c,mouth,4.738921
23,887.992493,4452d828f84c6a2b2dee9c7a81e6c102_shot_001_000,pixel_mse,mouth,0.02196549
23,887.992493,4452d828f84c6a2b2dee9c7a81e6c102_shot_001_000,pixel_mse,full,0.01853933
23,887.992493,4452d828f84c6a2b2dee9c7a81e6c102_shot_001_000,ssim,mouth,0.57430595
23,887.992493,4452d828f84c6a2b2dee9c7a81e6c102_shot_001_000,ssim,full,0.6950528
23,887.992493,4452d828f84c6a2b2dee9c7a81e6c102_shot_001_000,lpips,mouth,0.41035867
23,887.992493,4452d828f84c6a2b2dee9c7a81e6c102_shot_001_000,lpips,full,0.35628834
23,887.992493,4452d828f84c6a2b2dee9c7a81e6c102_shot_001_000,sharpness,mouth,16.2458
23,887.992493,4452d828f84c6a2b2dee9c7a81e6c102_shot_001_000,lmd,mouth,4.331608
23,887.992493,4452d828f84c6a2b2dee9c7a81e6c102_shot_001_000,sync_d,mouth,9.31747
23,887.992493,4452d828f84c6a2b2dee9c7a81e6c102_shot_001_000,sync_c,mouth,4.69512
24,879.604736,4452d828f84c6a2b2dee9c7a81e6c102_shot_001_000,pixel_mse,mouth,0.0191443
24,879.604736,4452d828f84c6a2b2dee9c7a81e6c102_shot_001_000,pixel_mse,full,0.01789674
24,879.604736,4452d828f84c6a2b2dee9c7a81e6c102_shot_001_000,ssim,mouth,0.59457302
24,879.604736,4452d828f84c6a2b2dee9c7a81e6c102_shot_001_000,ssim,full,0.69994324
24,879.604736,4452d828f84c6a2b2dee9c7a81e6c102_shot_001_000,lpips,mouth,0.3883816
24,879.604736,4452d828f84c6a2b2dee9c7a81e6c102_shot_001_000,lpips,full,0.3432779
24,879.604736,4452d828f84c6a2b2dee9c7a81e6c102_shot_001_000,sharpness,mouth,15.0429
24,879.604736,4452d828f84c6a2b2dee9c7a81e6c102_shot_001_000,lmd,mouth,4.158842
24,879.604736,4452d828f84c6a2b2dee9c7a81e6c102_shot_001_000,sync_d,mouth,8.788236
24,879.604736,4452d828f84c6a2b2dee9c7a81e6c102_shot_001_000,sync_c,mouth,5.520034
25,870.696350,4452d828f84c6a2b2dee9c7a81e6c102_shot_001_000,pixel_mse,mouth,0.01813
25,870.696350,4452d828f84c6a2b2dee9c7a81e6c102_shot_001_000,pixel_mse,full,0.01739896
25,870.696350,4452d828f84c6a2b2dee9c7a81e6c102_shot_001_000,ssim,mouth,0.62788582
25,870.696350,4452d828f84c6a2b2dee9c7a81e6c102_shot_001_000,ssim,full,0.70300728
25,870.696350,4452d828f84c6a2b2dee9c7a81e6c102_shot_001_000,lpips,mouth,0.42102686
25,870.696350,4452d828f84c6a2b2dee9c7a81e6c102_shot_001_000,lpips,full,0.36332142
25,870.696350,4452d828f84c6a2b2dee9c7a81e6c102_shot_001_000,sharpness,mouth,15.5628
25,870.696350,4452d828f84c6a2b2dee9c7a81e6c102_shot_001_000,lmd,mouth,4.34006
25,870.696350,4452d828f84c6a2b2dee9c7a81e6c102_shot_001_000,sync_d,mouth,8.032807
25,870.696350,4452d828f84c6a2b2dee9c7a81e6c102_shot_001_000,sync_c,mouth,6.271106
26,861.217407,4452d828f84c6a2b2dee9c7a81e6c102_shot_001_000,pixel_mse,mouth,0.01854465
26,861.217407,4452d828f84c6a2b2dee9c7a81e6c102_shot_001_000,pixel_mse,full,0.01736579
26,861.217407,4452d828f84c6a2b2dee9c7a81e6c102_shot_001_000,ssim,mouth,0.63966089
26,861.217407,4452d828f84c6a2b2dee9c7a81e6c102_shot_001_000,ssim,full,0.70390165
26,861.217407,4452d828f84c6a2b2dee9c7a81e6c102_shot_001_000,lpips,mouth,0.46098423
26,861.217407,4452d828f84c6a2b2dee9c7a81e6c102_shot_001_000,lpips,full,0.37418076
26,861.217407,4452d828f84c6a2b2dee9c7a81e6c102_shot_001_000,sharpness,mouth,16.9419
26,861.217407,4452d828f84c6a2b2dee9c7a81e6c102_shot_001_000,lmd,mouth,4.843162
26,861.217407,4452d828f84c6a2b2dee9c7a81e6c102_shot_001_000,sync_d,mouth,8.797632
26,861.217407,4452d828f84c6a2b2dee9c7a81e6c102_shot_001_000,sync_c,mouth,5.319889
27,851.111145,4452d828f84c6a2b2dee9c7a81e6c102_shot_001_000,pixel_mse,mouth,0.01899182
27,851.111145,4452d828f84c6a2b2dee9c7a81e6c102_shot_001_000,pixel_mse,full,0.01738581
27,851.111145,4452d828f84c6a2b2dee9c7a81e6c102_shot_001_000,ssim,mouth,0.63752484
27,851.111145,4452d828f84c6a2b2dee9c7a81e6c102_shot_001_000,ssim,full,0.70462316
27,851.111145,4452d828f84c6a2b2dee9c7a81e6c102_shot_001_000,lpips,mouth,0.46879673
27,851.111145,4452d828f84c6a2b2dee9c7a81e6c102_shot_001_000,lpips,full,0.36816031
27,851.111145,4452d828f84c6a2b2dee9c7a81e6c102_shot_001_000,sharpness,mouth,16.2626
27,851.111145,4452d828f84c6a2b2dee9c7a81e6c102_shot_001_000,lmd,mouth,5.182529
27,851.111145,4452d828f84c6a2b2dee9c7a81e6c102_shot_001_000,sync_d,mouth,9.60554
27,851.111145,4452d828f84c6a2b2dee9c7a81e6c102_shot_001_000,sync_c,mouth,4.233458
28,840.313232,4452d828f84c6a2b2dee9c7a81e6c102_shot_001_000,pixel_mse,mouth,0.01863059
28,840.313232,4452d828f84c6a2b2dee9c7a81e6c102_shot_001_000,pixel_mse,full,0.01721196
28,840.313232,4452d828f84c6a2b2dee9c7a81e6c102_shot_001_000,ssim,mouth,0.64651686
28,840.313232,4452d828f84c6a2b2dee9c7a81e6c102_shot_001_000,ssim,full,0.70839059
28,840.313232,4452d828f84c6a2b2dee9c7a81e6c102_shot_001_000,lpips,mouth,0.48792419
28,840.313232,4452d828f84c6a2b2dee9c7a81e6c102_shot_001_000,lpips,full,0.37460631
28,840.313232,4452d828f84c6a2b2dee9c7a81e6c102_shot_001_000,sharpness,mouth,15.7724
28,840.313232,4452d828f84c6a2b2dee9c7a81e6c102_shot_001_000,lmd,mouth,4.826232
28,840.313232,4452d828f84c6a2b2dee9c7a81e6c102_shot_001_000,sync_d,mouth,9.609183
28,840.313232,4452d828f84c6a2b2dee9c7a81e6c102_shot_001_000,sync_c,mouth,4.107697
29,828.750244,4452d828f84c6a2b2dee9c7a81e6c102_shot_001_000,pixel_mse,mouth,0.01890202
29,828.750244,4452d828f84c6a2b2dee9c7a81e6c102_shot_001_000,pixel_mse,full,0.01715538
29,828.750244,4452d828f84c6a2b2dee9c7a81e6c102_shot_001_000,ssim,mouth,0.64845985
29,828.750244,4452d828f84c6a2b2dee9c7a81e6c102_shot_001_000,ssim,full,0.70942116
29,828.750244,4452d828f84c6a2b2dee9c7a81e6c102_shot_001_000,lpips,mouth,0.4933531
29,828.750244,4452d828f84c6a2b2dee9c7a81e6c102_shot_001_000,lpips,full,0.37699363
29,828.750244,4452d828f84c6a2b2dee9c7a81e6c102_shot_001_000,sharpness,mouth,14.7008
29,828.750244,4452d828f84c6a2b2dee9c7a81e6c102_shot_001_000,lmd,mouth,4.779854
29,828.750244,4452d828f84c6a2b2dee9c7a81e6c102_shot_001_000,sync_d,mouth,9.18714
29,828.750244,4452d828f84c6a2b2dee9c7a81e6c102_shot_001_000,sync_c,mouth,4.517424
30,816.337830,4452d828f84c6a2b2dee9c7a81e6c102_shot_001_000,pixel_mse,mouth,0.01904088
30,816.337830,4452d828f84c6a2b2dee9c7a81e6c102_shot_001_000,pixel_mse,full,0.01716804
30,816.337830,4452d828f84c6a2b2dee9c7a81e6c102_shot_001_000,ssim,mouth,0.6494559
30,816.337830,4452d828f84c6a2b2dee9c7a81e6c102_shot_001_000,ssim,full,0.70920265
30,816.337830,4452d828f84c6a2b2dee9c7a81e6c102_shot_001_000,lpips,mouth,0.49776492
30,816.337830,4452d828f84c6a2b2dee9c7a81e6c102_shot_001_000,lpips,full,0.37876242
30,816.337830,4452d828f84c6a2b2dee9c7a81e6c102_shot_001_000,sharpness,mouth,14.3339
30,816.337830,4452d828f84c6a2b2dee9c7a81e6c102_shot_001_000,lmd,mouth,4.892767
30,816.337830,4452d828f84c6a2b2dee9c7a81e6c102_shot_001_000,sync_d,mouth,8.959823
30,816.337830,4452d828f84c6a2b2dee9c7a81e6c102_shot_001_000,sync_c,mouth,4.801127
31,802.978699,4452d828f84c6a2b2dee9c7a81e6c102_shot_001_000,pixel_mse,mouth,0.01952432
31,802.978699,4452d828f84c6a2b2dee9c7a81e6c102_shot_001_000,pixel_mse,full,0.01699424
31,802.978699,4452d828f84c6a2b2dee9c7a81e6c102_shot_001_000,ssim,mouth,0.64743304
31,802.978699,4452d828f84c6a2b2dee9c7a81e6c102_shot_001_000,ssim,full,0.71022993
31,802.978699,4452d828f84c6a2b2dee9c7a81e6c102_shot_001_000,lpips,mouth,0.49502969
31,802.978699,4452d828f84c6a2b2dee9c7a81e6c102_shot_001_000,lpips,full,0.37955996
31,802.978699,4452d828f84c6a2b2dee9c7a81e6c102_shot_001_000,sharpness,mouth,13.9647
31,802.978699,4452d828f84c6a2b2dee9c7a81e6c102_shot_001_000,lmd,mouth,4.994559
31,802.978699,4452d828f84c6a2b2dee9c7a81e6c102_shot_001_000,sync_d,mouth,9.481081
31,802.978699,4452d828f84c6a2b2dee9c7a81e6c102_shot_001_000,sync_c,mouth,4.306847
32,788.560242,4452d828f84c6a2b2dee9c7a81e6c102_shot_001_000,pixel_mse,mouth,0.01928423
32,788.560242,4452d828f84c6a2b2dee9c7a81e6c102_shot_001_000,pixel_mse,full,0.01678241
32,788.560242,4452d828f84c6a2b2dee9c7a81e6c102_shot_001_000,ssim,mouth,0.64325494
32,788.560242,4452d828f84c6a2b2dee9c7a81e6c102_shot_001_000,ssim,full,0.71108013
32,788.560242,4452d828f84c6a2b2dee9c7a81e6c102_shot_001_000,lpips,mouth,0.47846344
32,788.560242,4452d828f84c6a2b2dee9c7a81e6c102_shot_001_000,lpips,full,0.3800877
32,788.560242,4452d828f84c6a2b2dee9c7a81e6c102_shot_001_000,sharpness,mouth,13.9824
32,788.560242,4452d828f84c6a2b2dee9c7a81e6c102_shot_001_000,lmd,mouth,5.054731
32,788.560242,4452d828f84c6a2b2dee9c7a81e6c102_shot_001_000,sync_d,mouth,9.760882
32,788.560242,4452d828f84c6a2b2dee9c7a81e6c102_shot_001_000,sync_c,mouth,4.166062
33,772.951477,4452d828f84c6a2b2dee9c7a81e6c102_shot_001_000,pixel_mse,mouth,0.01891502
33,772.951477,4452d828f84c6a2b2dee9c7a81e6c102_shot_001_000,pixel_mse,full,0.01658994
33,772.951477,4452d828f84c6a2b2dee9c7a81e6c102_shot_001_000,ssim,mouth,0.64525414
33,772.951477,4452d828f84c6a2b2dee9c7a81e6c102_shot_001_000,ssim,full,0.71193773
33,772.951477,4452d828f84c6a2b2dee9c7a81e6c102_shot_001_000,lpips,mouth,0.47216317
33,772.951477,4452d828f84c6a2b2dee9c7a81e6c102_shot_001_000,lpips,full,0.38057935
33,772.951477,4452d828f84c6a2b2dee9c7a81e6c102_shot_001_000,sharpness,mouth,13.5709
33,772.951477,4452d828f84c6a2b2dee9c7a81e6c102_shot_001_000,lmd,mouth,5.103362
33,772.951477,4452d828f84c6a2b2dee9c7a81e6c102_shot_001_000,sync_d,mouth,9.445664
33,772.951477,4452d828f84c6a2b2dee9c7a81e6c102_shot_001_000,sync_c,mouth,4.472447
34,755.998352,4452d828f84c6a2b2dee9c7a81e6c102_shot_001_000,pixel_mse,mouth,0.01832022
34,755.998352,4452d828f84c6a2b2dee9c7a81e6c102_shot_001_000,pixel_mse,full,0.01648693
34,755.998352,4452d828f84c6a2b2dee9c7a81e6c102_shot_001_000,ssim,mouth,0.65631175
34,755.998352,4452d828f84c6a2b2dee9c7a81e6c102_shot_001_000,ssim,full,0.71322536
34,755.998352,4452d828f84c6a2b2dee9c7a81e6c102_shot_001_000,lpips,mouth,0.47939724
34,755.998352,4452d828f84c6a2b2dee9c7a81e6c102_shot_001_000,lpips,full,0.38321123
34,755.998352,4452d828f84c6a2b2dee9c7a81e6c102_shot_001_000,sharpness,mouth,13.3561
34,755.998352,4452d828f84c6a2b2dee9c7a81e6c102_shot_001_000,lmd,mouth,5.598871
34,755.998352,4452d828f84c6a2b2dee9c7a81e6c102_shot_001_000,sync_d,mouth,9.650876
34,755.998352,4452d828f84c6a2b2dee9c7a81e6c102_shot_001_000,sync_c,mouth,4.483829
35,737.519714,4452d828f84c6a2b2dee9c7a81e6c102_shot_001_000,pixel_mse,mouth,0.01807362
35,737.519714,4452d828f84c6a2b2dee9c7a81e6c102_shot_001_000,pixel_mse,full,0.01652238
35,737.519714,4452d828f84c6a2b2dee9c7a81e6c102_shot_001_000,ssim,mouth,0.6595118
35,737.519714,4452d828f84c6a2b2dee9c7a81e6c102_shot_001_000,ssim,full,0.71364516
35,737.519714,4452d828f84c6a2b2dee9c7a81e6c102_shot_001_000,lpips,mouth,0.48802707
35,737.519714,4452d828f84c6a2b2dee9c7a81e6c102_shot_001_000,lpips,full,0.38423902
35,737.519714,4452d828f84c6a2b2dee9c7a81e6c102_shot_001_000,sharpness,mouth,13.653
35,737.519714,4452d828f84c6a2b2dee9c7a81e6c102_shot_001_000,lmd,mouth,5.444037
35,737.519714,4452d828f84c6a2b2dee9c7a81e6c102_shot_001_000,sync_d,mouth,9.991028
35,737.519714,4452d828f84c6a2b2dee9c7a81e6c102_shot_001_000,sync_c,mouth,3.950318
36,717.299683,4452d828f84c6a2b2dee9c7a81e6c102_shot_001_000,pixel_mse,mouth,0.01780316
36,717.299683,4452d828f84c6a2b2dee9c7a81e6c102_shot_001_000,pixel_mse,full,0.01639892
36,717.299683,4452d828f84c6a2b2dee9c7a81e6c102_shot_001_000,ssim,mouth,0.66205645
36,717.299683,4452d828f84c6a2b2dee9c7a81e6c102_shot_001_000,ssim,full,0.71550125
36,717.299683,4452d828f84c6a2b2dee9c7a81e6c102_shot_001_000,lpips,mouth,0.48515257
36,717.299683,4452d828f84c6a2b2dee9c7a81e6c102_shot_001_000,lpips,full,0.38462552
36,717.299683,4452d828f84c6a2b2dee9c7a81e6c102_shot_001_000,sharpness,mouth,13.8705
36,717.299683,4452d828f84c6a2b2dee9c7a81e6c102_shot_001_000,lmd,mouth,5.166829
36,717.299683,4452d828f84c6a2b2dee9c7a81e6c102_shot_001_000,sync_d,mouth,10.421833
36,717.299683,4452d828f84c6a2b2dee9c7a81e6c102_shot_001_000,sync_c,mouth,3.380255
37,695.080139,4452d828f84c6a2b2dee9c7a81e6c102_shot_001_000,pixel_mse,mouth,0.01778562
37,695.080139,4452d828f84c6a2b2dee9c7a81e6c102_shot_001_000,pixel_mse,full,0.01638485
37,695.080139,4452d828f84c6a2b2dee9c7a81e6c102_shot_001_000,ssim,mouth,0.66398025
37,695.080139,4452d828f84c6a2b2dee9c7a81e6c102_shot_001_000,ssim,full,0.71606785
37,695.080139,4452d828f84c6a2b2dee9c7a81e6c102_shot_001_000,lpips,mouth,0.48899466
37,695.080139,4452d828f84c6a2b2dee9c7a81e6c102_shot_001_000,lpips,full,0.38530543
37,695.080139,4452d828f84c6a2b2dee9c7a81e6c102_shot_001_000,sharpness,mouth,14.0701
37,695.080139,4452d828f84c6a2b2dee9c7a81e6c102_shot_001_000,lmd,mouth,5.040643
37,695.080139,4452d828f84c6a2b2dee9c7a81e6c102_shot_001_000,sync_d,mouth,10.267849
37,695.080139,4452d828f84c6a2b2dee9c7a81e6c102_shot_001_000,sync_c,mouth,3.374423
38,670.548828,4452d828f84c6a2b2dee9c7a81e6c102_shot_001_000,pixel_mse,mouth,0.01751664
38,670.548828,4452d828f84c6a2b2dee9c7a81e6c102_shot_001_000,pixel_mse,full,0.01636552
38,670.548828,4452d828f84c6a2b2dee9c7a81e6c102_shot_001_000,ssim,mouth,0.66483587
38,670.548828,4452d828f84c6a2b2dee9c7a81e6c102_shot_001_000,ssim,full,0.71711093
38,670.548828,4452d828f84c6a2b2dee9c7a81e6c102_shot_001_000,lpips,mouth,0.49435538
38,670.548828,4452d828f84c6a2b2dee9c7a81e6c102_shot_001_000,lpips,full,0.38773286
38,670.548828,4452d828f84c6a2b2dee9c7a81e6c102_shot_001_000,sharpness,mouth,14.4898
38,670.548828,4452d828f84c6a2b2dee9c7a81e6c102_shot_001_000,lmd,mouth,5.278667
38,670.548828,4452d828f84c6a2b2dee9c7a81e6c102_shot_001_000,sync_d,mouth,9.790477
38,670.548828,4452d828f84c6a2b2dee9c7a81e6c102_shot_001_000,sync_c,mouth,3.580672
39,643.325317,4452d828f84c6a2b2dee9c7a81e6c102_shot_001_000,pixel_mse,mouth,0.01757626
39,643.325317,4452d828f84c6a2b2dee9c7a81e6c102_shot_001_000,pixel_mse,full,0.01645811
39,643.325317,4452d828f84c6a2b2dee9c7a81e6c102_shot_001_000,ssim,mouth,0.66492724
39,643.325317,4452d828f84c6a2b2dee9c7a81e6c102_shot_001_000,ssim,full,0.71642578
39,643.325317,4452d828f84c6a2b2dee9c7a81e6c102_shot_001_000,lpips,mouth,0.50369591
39,643.325317,4452d828f84c6a2b2dee9c7a81e6c102_shot_001_000,lpips,full,0.39001516
39,643.325317,4452d828f84c6a2b2dee9c7a81e6c102_shot_001_000,sharpness,mouth,14.2287
39,643.325317,4452d828f84c6a2b2dee9c7a81e6c102_shot_001_000,lmd,mouth,5.350346
39,643.325317,4452d828f84c6a2b2dee9c7a81e6c102_shot_001_000,sync_d,mouth,9.528742
39,643.325317,4452d828f84c6a2b2dee9c7a81e6c102_shot_001_000,sync_c,mouth,4.143896
40,612.940735,4452d828f84c6a2b2dee9c7a81e6c102_shot_001_000,pixel_mse,mouth,0.01739962
40,612.940735,4452d828f84c6a2b2dee9c7a81e6c102_shot_001_000,pixel_mse,full,0.01645203
40,612.940735,4452d828f84c6a2b2dee9c7a81e6c102_shot_001_000,ssim,mouth,0.66844022
40,612.940735,4452d828f84c6a2b2dee9c7a81e6c102_shot_001_000,ssim,full,0.71685565
40,612.940735,4452d828f84c6a2b2dee9c7a81e6c102_shot_001_000,lpips,mouth,0.50883353
40,612.940735,4452d828f84c6a2b2dee9c7a81e6c102_shot_001_000,lpips,full,0.39320335
40,612.940735,4452d828f84c6a2b2dee9c7a81e6c102_shot_001_000,sharpness,mouth,13.3743
40,612.940735,4452d828f84c6a2b2dee9c7a81e6c102_shot_001_000,lmd,mouth,5.505173
40,612.940735,4452d828f84c6a2b2dee9c7a81e6c102_shot_001_000,sync_d,mouth,9.548632
40,612.940735,4452d828f84c6a2b2dee9c7a81e6c102_shot_001_000,sync_c,mouth,3.946514
41,578.810425,4452d828f84c6a2b2dee9c7a81e6c102_shot_001_000,pixel_mse,mouth,0.01717069
41,578.810425,4452d828f84c6a2b2dee9c7a81e6c102_shot_001_000,pixel_mse,full,0.01643243
41,578.810425,4452d828f84c6a2b2dee9c7a81e6c102_shot_001_000,ssim,mouth,0.67145866
41,578.810425,4452d828f84c6a2b2dee9c7a81e6c102_shot_001_000,ssim,full,0.71754885
41,578.810425,4452d828f84c6a2b2dee9c7a81e6c102_shot_001_000,lpips,mouth,0.51906824
41,578.810425,4452d828f84c6a2b2dee9c7a81e6c102_shot_001_000,lpips,full,0.39971241
41,578.810425,4452d828f84c6a2b2dee9c7a81e6c102_shot_001_000,sharpness,mouth,13.7369
41,578.810425,4452d828f84c6a2b2dee9c7a81e6c102_shot_001_000,lmd,mouth,5.454826
41,578.810425,4452d828f84c6a2b2dee9c7a81e6c102_shot_001_000,sync_d,mouth,9.833769
41,578.810425,4452d828f84c6a2b2dee9c7a81e6c102_shot_001_000,sync_c,mouth,3.6473
42,540.196350,4452d828f84c6a2b2dee9c7a81e6c102_shot_001_000,pixel_mse,mouth,0.01693802
42,540.196350,4452d828f84c6a2b2dee9c7a81e6c102_shot_001_000,pixel_mse,full,0.01643019
42,540.196350,4452d828f84c6a2b2dee9c7a81e6c102_shot_001_000,ssim,mouth,0.67300618
42,540.196350,4452d828f84c6a2b2dee9c7a81e6c102_shot_001_000,ssim,full,0.71844983
42,540.196350,4452d828f84c6a2b2dee9c7a81e6c102_shot_001_000,lpips,mouth,0.52939159
42,540.196350,4452d828f84c6a2b2dee9c7a81e6c102_shot_001_000,lpips,full,0.40825725
42,540.196350,4452d828f84c6a2b2dee9c7a81e6c102_shot_001_000,sharpness,mouth,13.2208
42,540.196350,4452d828f84c6a2b2dee9c7a81e6c102_shot_001_000,lmd,mouth,5.296672
42,540.196350,4452d828f84c6a2b2dee9c7a81e6c102_shot_001_000,sync_d,mouth,9.834852
42,540.196350,4452d828f84c6a2b2dee9c7a81e6c102_shot_001_000,sync_c,mouth,3.763165
43,496.152893,4452d828f84c6a2b2dee9c7a81e6c102_shot_001_000,pixel_mse,mouth,0.01667243
43,496.152893,4452d828f84c6a2b2dee9c7a81e6c102_shot_001_000,pixel_mse,full,0.01641214
43,496.152893,4452d828f84c6a2b2dee9c7a81e6c102_shot_001_000,ssim,mouth,0.67491198
43,496.152893,4452d828f84c6a2b2dee9c7a81e6c102_shot_001_000,ssim,full,0.71922886
43,496.152893,4452d828f84c6a2b2dee9c7a81e6c102_shot_001_000,lpips,mouth,0.53254175
43,496.152893,4452d828f84c6a2b2dee9c7a81e6c102_shot_001_000,lpips,full,0.41662672
43,496.152893,4452d828f84c6a2b2dee9c7a81e6c102_shot_001_000,sharpness,mouth,13.0799
43,496.152893,4452d828f84c6a2b2dee9c7a81e6c102_shot_001_000,lmd,mouth,5.409196
43,496.152893,4452d828f84c6a2b2dee9c7a81e6c102_shot_001_000,sync_d,mouth,9.76491
43,496.152893,4452d828f84c6a2b2dee9c7a81e6c102_shot_001_000,sync_c,mouth,3.458165
44,445.448151,4452d828f84c6a2b2dee9c7a81e6c102_shot_001_000,pixel_mse,mouth,0.01654399
44,445.448151,4452d828f84c6a2b2dee9c7a81e6c102_shot_001_000,pixel_mse,full,0.0163405
44,445.448151,4452d828f84c6a2b2dee9c7a81e6c102_shot_001_000,ssim,mouth,0.67581326
44,445.448151,4452d828f84c6a2b2dee9c7a81e6c102_shot_001_000,ssim,full,0.71994436
44,445.448151,4452d828f84c6a2b2dee9c7a81e6c102_shot_001_000,lpips,mouth,0.5325231
44,445.448151,4452d828f84c6a2b2dee9c7a81e6c102_shot_001_000,lpips,full,0.42268923
44,445.448151,4452d828f84c6a2b2dee9c7a81e6c102_shot_001_000,sharpness,mouth,13.1405
44,445.448151,4452d828f84c6a2b2dee9c7a81e6c102_shot_001_000,lmd,mouth,5.298401
44,445.448151,4452d828f84c6a2b2dee9c7a81e6c102_shot_001_000,sync_d,mouth,11.081112
44,445.448151,4452d828f84c6a2b2dee9c7a81e6c102_shot_001_000,sync_c,mouth,2.287773
45,386.447418,4452d828f84c6a2b2dee9c7a81e6c102_shot_001_000,pixel_mse,mouth,0.01646447
45,386.447418,4452d828f84c6a2b2dee9c7a81e6c102_shot_001_000,pixel_mse,full,0.01628593
45,386.447418,4452d828f84c6a2b2dee9c7a81e6c102_shot_001_000,ssim,mouth,0.67846066
45,386.447418,4452d828f84c6a2b2dee9c7a81e6c102_shot_001_000,ssim,full,0.72092068
45,386.447418,4452d828f84c6a2b2dee9c7a81e6c102_shot_001_000,lpips,mouth,0.53331167
45,386.447418,4452d828f84c6a2b2dee9c7a81e6c102_shot_001_000,lpips,full,0.42558047
45,386.447418,4452d828f84c6a2b2dee9c7a81e6c102_shot_001_000,sharpness,mouth,12.6897
45,386.447418,4452d828f84c6a2b2dee9c7a81e6c102_shot_001_000,lmd,mouth,5.424729
45,386.447418,4452d828f84c6a2b2dee9c7a81e6c102_shot_001_000,sync_d,mouth,10.72608
45,386.447418,4452d828f84c6a2b2dee9c7a81e6c102_shot_001_000,sync_c,mouth,2.765378
46,316.933258,4452d828f84c6a2b2dee9c7a81e6c102_shot_001_000,pixel_mse,mouth,0.01646425
46,316.933258,4452d828f84c6a2b2dee9c7a81e6c102_shot_001_000,pixel_mse,full,0.01626119
46,316.933258,4452d828f84c6a2b2dee9c7a81e6c102_shot_001_000,ssim,mouth,0.67914397
46,316.933258,4452d828f84c6a2b2dee9c7a81e6c102_shot_001_000,ssim,full,0.72156096
46,316.933258,4452d828f84c6a2b2dee9c7a81e6c102_shot_001_000,lpips,mouth,0.53740567
46,316.933258,4452d828f84c6a2b2dee9c7a81e6c102_shot_001_000,lpips,full,0.42905459
46,316.933258,4452d828f84c6a2b2dee9c7a81e6c102_shot_001_000,sharpness,mouth,12.8938
46,316.933258,4452d828f84c6a2b2dee9c7a81e6c102_shot_001_000,lmd,mouth,5.501834
46,316.933258,4452d828f84c6a2b2dee9c7a81e6c102_shot_001_000,sync_d,mouth,11.563413
46,316.933258,4452d828f84c6a2b2dee9c7a81e6c102_shot_001_000,sync_c,mouth,1.884953
47,233.820694,4452d828f84c6a2b2dee9c7a81e6c102_shot_001_000,pixel_mse,mouth,0.01642048
47,233.820694,4452d828f84c6a2b2dee9c7a81e6c102_shot_001_000,pixel_mse,full,0.01624155
47,233.820694,4452d828f84c6a2b2dee9c7a81e6c102_shot_001_000,ssim,mouth,0.67994457
47,233.820694,4452d828f84c6a2b2dee9c7a81e6c102_shot_001_000,ssim,full,0.72230923
47,233.820694,4452d828f84c6a2b2dee9c7a81e6c102_shot_001_000,lpips,mouth,0.5407148
47,233.820694,4452d828f84c6a2b2dee9c7a81e6c102_shot_001_000,lpips,full,0.43583679
47,233.820694,4452d828f84c6a2b2dee9c7a81e6c102_shot_001_000,sharpness,mouth,13.2489
47,233.820694,4452d828f84c6a2b2dee9c7a81e6c102_shot_001_000,lmd,mouth,5.516674
47,233.820694,4452d828f84c6a2b2dee9c7a81e6c102_shot_001_000,sync_d,mouth,12.634902
47,233.820694,4452d828f84c6a2b2dee9c7a81e6c102_shot_001_000,sync_c,mouth,0.883039
48,132.687027,4452d828f84c6a2b2dee9c7a81e6c102_shot_001_000,pixel_mse,mouth,0.0164234
48,132.687027,4452d828f84c6a2b2dee9c7a81e6c102_shot_001_000,pixel_mse,full,0.01623512
48,132.687027,4452d828f84c6a2b2dee9c7a81e6c102_shot_001_000,ssim,mouth,0.68052429
48,132.687027,4452d828f84c6a2b2dee9c7a81e6c102_shot_001_000,ssim,full,0.7227118
48,132.687027,4452d828f84c6a2b2dee9c7a81e6c102_shot_001_000,lpips,mouth,0.53906363
48,132.687027,4452d828f84c6a2b2dee9c7a81e6c102_shot_001_000,lpips,full,0.43869358
48,132.687027,4452d828f84c6a2b2dee9c7a81e6c102_shot_001_000,sharpness,mouth,13.3507
48,132.687027,4452d828f84c6a2b2dee9c7a81e6c102_shot_001_000,lmd,mouth,5.520257
48,132.687027,4452d828f84c6a2b2dee9c7a81e6c102_shot_001_000,sync_d,mouth,12.491913
48,132.687027,4452d828f84c6a2b2dee9c7a81e6c102_shot_001_000,sync_c,mouth,0.905177
49,6.958251,4452d828f84c6a2b2dee9c7a81e6c102_shot_001_000,pixel_mse,mouth,0.01644639
49,6.958251,4452d828f84c6a2b2dee9c7a81e6c102_shot_001_000,pixel_mse,full,0.01627141
49,6.958251,4452d828f84c6a2b2dee9c7a81e6c102_shot_001_000,ssim,mouth,0.67919749
49,6.958251,4452d828f84c6a2b2dee9c7a81e6c102_shot_001_000,ssim,full,0.72142756
49,6.958251,4452d828f84c6a2b2dee9c7a81e6c102_shot_001_000,lpips,mouth,0.52733147
49,6.958251,4452d828f84c6a2b2dee9c7a81e6c102_shot_001_000,lpips,full,0.41494685
49,6.958251,4452d828f84c6a2b2dee9c7a81e6c102_shot_001_000,sharpness,mouth,11.0154
49,6.958251,4452d828f84c6a2b2dee9c7a81e6c102_shot_001_000,lmd,mouth,5.653859
49,6.958251,4452d828f84c6a2b2dee9c7a81e6c102_shot_001_000,sync_d,mouth,12.376131
49,6.958251,4452d828f84c6a2b2dee9c7a81e6c102_shot_001_000,sync_c,mouth,0.82006
-1,gt,eb79a85e6b928add93a5fbf5168af5ac_shot_001_000,sharpness,mouth,61.6434
-1,gt,eb79a85e6b928add93a5fbf5168af5ac_shot_001_000,sync_d,mouth,8.478289
-1,gt,eb79a85e6b928add93a5fbf5168af5ac_shot_001_000,sync_c,mouth,6.715432
0,1000.000000,eb79a85e6b928add93a5fbf5168af5ac_shot_001_000,pixel_mse,mouth,0.01181626
0,1000.000000,eb79a85e6b928add93a5fbf5168af5ac_shot_001_000,pixel_mse,full,0.0090266
0,1000.000000,eb79a85e6b928add93a5fbf5168af5ac_shot_001_000,ssim,mouth,0.60462224
0,1000.000000,eb79a85e6b928add93a5fbf5168af5ac_shot_001_000,ssim,full,0.78312278
0,1000.000000,eb79a85e6b928add93a5fbf5168af5ac_shot_001_000,lpips,mouth,0.47987211
0,1000.000000,eb79a85e6b928add93a5fbf5168af5ac_shot_001_000,lpips,full,0.35698751
0,1000.000000,eb79a85e6b928add93a5fbf5168af5ac_shot_001_000,sharpness,mouth,18.5288
0,1000.000000,eb79a85e6b928add93a5fbf5168af5ac_shot_001_000,lmd,mouth,2.040219
0,1000.000000,eb79a85e6b928add93a5fbf5168af5ac_shot_001_000,sync_d,mouth,12.674447
0,1000.000000,eb79a85e6b928add93a5fbf5168af5ac_shot_001_000,sync_c,mouth,1.039496
1,997.035706,eb79a85e6b928add93a5fbf5168af5ac_shot_001_000,pixel_mse,mouth,0.01592637
1,997.035706,eb79a85e6b928add93a5fbf5168af5ac_shot_001_000,pixel_mse,full,0.01484879
1,997.035706,eb79a85e6b928add93a5fbf5168af5ac_shot_001_000,ssim,mouth,0.59179944
1,997.035706,eb79a85e6b928add93a5fbf5168af5ac_shot_001_000,ssim,full,0.75278252
1,997.035706,eb79a85e6b928add93a5fbf5168af5ac_shot_001_000,lpips,mouth,0.48740378
1,997.035706,eb79a85e6b928add93a5fbf5168af5ac_shot_001_000,lpips,full,0.39005247
1,997.035706,eb79a85e6b928add93a5fbf5168af5ac_shot_001_000,sharpness,mouth,14.1573
1,997.035706,eb79a85e6b928add93a5fbf5168af5ac_shot_001_000,lmd,mouth,1.588456
1,997.035706,eb79a85e6b928add93a5fbf5168af5ac_shot_001_000,sync_d,mouth,12.941326
1,997.035706,eb79a85e6b928add93a5fbf5168af5ac_shot_001_000,sync_c,mouth,0.832054
2,993.963867,eb79a85e6b928add93a5fbf5168af5ac_shot_001_000,pixel_mse,mouth,0.01712976
2,993.963867,eb79a85e6b928add93a5fbf5168af5ac_shot_001_000,pixel_mse,full,0.01614724
2,993.963867,eb79a85e6b928add93a5fbf5168af5ac_shot_001_000,ssim,mouth,0.59025335
2,993.963867,eb79a85e6b928add93a5fbf5168af5ac_shot_001_000,ssim,full,0.75098443
2,993.963867,eb79a85e6b928add93a5fbf5168af5ac_shot_001_000,lpips,mouth,0.49921247
2,993.963867,eb79a85e6b928add93a5fbf5168af5ac_shot_001_000,lpips,full,0.39542478
2,993.963867,eb79a85e6b928add93a5fbf5168af5ac_shot_001_000,sharpness,mouth,11.7814
2,993.963867,eb79a85e6b928add93a5fbf5168af5ac_shot_001_000,lmd,mouth,3.228279
2,993.963867,eb79a85e6b928add93a5fbf5168af5ac_shot_001_000,sync_d,mouth,12.833743
2,993.963867,eb79a85e6b928add93a5fbf5168af5ac_shot_001_000,sync_c,mouth,0.862514
3,990.779053,eb79a85e6b928add93a5fbf5168af5ac_shot_001_000,pixel_mse,mouth,0.01719717
3,990.779053,eb79a85e6b928add93a5fbf5168af5ac_shot_001_000,pixel_mse,full,0.01733848
3,990.779053,eb79a85e6b928add93a5fbf5168af5ac_shot_001_000,ssim,mouth,0.59047955
3,990.779053,eb79a85e6b928add93a5fbf5168af5ac_shot_001_000,ssim,full,0.74718934
3,990.779053,eb79a85e6b928add93a5fbf5168af5ac_shot_001_000,lpips,mouth,0.4920294
3,990.779053,eb79a85e6b928add93a5fbf5168af5ac_shot_001_000,lpips,full,0.38690695
3,990.779053,eb79a85e6b928add93a5fbf5168af5ac_shot_001_000,sharpness,mouth,12.2286
3,990.779053,eb79a85e6b928add93a5fbf5168af5ac_shot_001_000,lmd,mouth,5.099855
3,990.779053,eb79a85e6b928add93a5fbf5168af5ac_shot_001_000,sync_d,mouth,12.478696
3,990.779053,eb79a85e6b928add93a5fbf5168af5ac_shot_001_000,sync_c,mouth,1.35299
4,987.474243,eb79a85e6b928add93a5fbf5168af5ac_shot_001_000,pixel_mse,mouth,0.01619387
4,987.474243,eb79a85e6b928add93a5fbf5168af5ac_shot_001_000,pixel_mse,full,0.01517696
4,987.474243,eb79a85e6b928add93a5fbf5168af5ac_shot_001_000,ssim,mouth,0.58633745
4,987.474243,eb79a85e6b928add93a5fbf5168af5ac_shot_001_000,ssim,full,0.75775516
4,987.474243,eb79a85e6b928add93a5fbf5168af5ac_shot_001_000,lpips,mouth,0.4875218
4,987.474243,eb79a85e6b928add93a5fbf5168af5ac_shot_001_000,lpips,full,0.36764896
4,987.474243,eb79a85e6b928add93a5fbf5168af5ac_shot_001_000,sharpness,mouth,13.3167
4,987.474243,eb79a85e6b928add93a5fbf5168af5ac_shot_001_000,lmd,mouth,7.481061
4,987.474243,eb79a85e6b928add93a5fbf5168af5ac_shot_001_000,sync_d,mouth,12.057181
4,987.474243,eb79a85e6b928add93a5fbf5168af5ac_shot_001_000,sync_c,mouth,1.917002
5,984.043091,eb79a85e6b928add93a5fbf5168af5ac_shot_001_000,pixel_mse,mouth,0.01541416
5,984.043091,eb79a85e6b928add93a5fbf5168af5ac_shot_001_000,pixel_mse,full,0.01327032
5,984.043091,eb79a85e6b928add93a5fbf5168af5ac_shot_001_000,ssim,mouth,0.59099722
5,984.043091,eb79a85e6b928add93a5fbf5168af5ac_shot_001_000,ssim,full,0.76326853
5,984.043091,eb79a85e6b928add93a5fbf5168af5ac_shot_001_000,lpips,mouth,0.48443678
5,984.043091,eb79a85e6b928add93a5fbf5168af5ac_shot_001_000,lpips,full,0.35484937
5,984.043091,eb79a85e6b928add93a5fbf5168af5ac_shot_001_000,sharpness,mouth,13.4224
5,984.043091,eb79a85e6b928add93a5fbf5168af5ac_shot_001_000,lmd,mouth,1.532636
5,984.043091,eb79a85e6b928add93a5fbf5168af5ac_shot_001_000,sync_d,mouth,11.501954
5,984.043091,eb79a85e6b928add93a5fbf5168af5ac_shot_001_000,sync_c,mouth,2.364964
6,980.477844,eb79a85e6b928add93a5fbf5168af5ac_shot_001_000,pixel_mse,mouth,0.01350479
6,980.477844,eb79a85e6b928add93a5fbf5168af5ac_shot_001_000,pixel_mse,full,0.01182925
6,980.477844,eb79a85e6b928add93a5fbf5168af5ac_shot_001_000,ssim,mouth,0.59189773
6,980.477844,eb79a85e6b928add93a5fbf5168af5ac_shot_001_000,ssim,full,0.76635414
6,980.477844,eb79a85e6b928add93a5fbf5168af5ac_shot_001_000,lpips,mouth,0.46608093
6,980.477844,eb79a85e6b928add93a5fbf5168af5ac_shot_001_000,lpips,full,0.34314004
6,980.477844,eb79a85e6b928add93a5fbf5168af5ac_shot_001_000,sharpness,mouth,16.268
6,980.477844,eb79a85e6b928add93a5fbf5168af5ac_shot_001_000,lmd,mouth,6.014659
6,980.477844,eb79a85e6b928add93a5fbf5168af5ac_shot_001_000,sync_d,mouth,10.97049
6,980.477844,eb79a85e6b928add93a5fbf5168af5ac_shot_001_000,sync_c,mouth,3.149142
7,976.770691,eb79a85e6b928add93a5fbf5168af5ac_shot_001_000,pixel_mse,mouth,0.01411517
7,976.770691,eb79a85e6b928add93a5fbf5168af5ac_shot_001_000,pixel_mse,full,0.01147642
7,976.770691,eb79a85e6b928add93a5fbf5168af5ac_shot_001_000,ssim,mouth,0.58355629
7,976.770691,eb79a85e6b928add93a5fbf5168af5ac_shot_001_000,ssim,full,0.76803052
7,976.770691,eb79a85e6b928add93a5fbf5168af5ac_shot_001_000,lpips,mouth,0.45058569
7,976.770691,eb79a85e6b928add93a5fbf5168af5ac_shot_001_000,lpips,full,0.32701752
7,976.770691,eb79a85e6b928add93a5fbf5168af5ac_shot_001_000,sharpness,mouth,19.0198
7,976.770691,eb79a85e6b928add93a5fbf5168af5ac_shot_001_000,lmd,mouth,3.874741
7,976.770691,eb79a85e6b928add93a5fbf5168af5ac_shot_001_000,sync_d,mouth,10.656027
7,976.770691,eb79a85e6b928add93a5fbf5168af5ac_shot_001_000,sync_c,mouth,3.399135
8,972.912842,eb79a85e6b928add93a5fbf5168af5ac_shot_001_000,pixel_mse,mouth,0.01438072
8,972.912842,eb79a85e6b928add93a5fbf5168af5ac_shot_001_000,pixel_mse,full,0.01153054
8,972.912842,eb79a85e6b928add93a5fbf5168af5ac_shot_001_000,ssim,mouth,0.57577682
8,972.912842,eb79a85e6b928add93a5fbf5168af5ac_shot_001_000,ssim,full,0.76988566
8,972.912842,eb79a85e6b928add93a5fbf5168af5ac_shot_001_000,lpips,mouth,0.43509904
8,972.912842,eb79a85e6b928add93a5fbf5168af5ac_shot_001_000,lpips,full,0.30961892
8,972.912842,eb79a85e6b928add93a5fbf5168af5ac_shot_001_000,sharpness,mouth,20.8791
8,972.912842,eb79a85e6b928add93a5fbf5168af5ac_shot_001_000,lmd,mouth,5.277163
8,972.912842,eb79a85e6b928add93a5fbf5168af5ac_shot_001_000,sync_d,mouth,10.779118
8,972.912842,eb79a85e6b928add93a5fbf5168af5ac_shot_001_000,sync_c,mouth,3.316979
9,968.895081,eb79a85e6b928add93a5fbf5168af5ac_shot_001_000,pixel_mse,mouth,0.01568087
9,968.895081,eb79a85e6b928add93a5fbf5168af5ac_shot_001_000,pixel_mse,full,0.01181968
9,968.895081,eb79a85e6b928add93a5fbf5168af5ac_shot_001_000,ssim,mouth,0.56452245
9,968.895081,eb79a85e6b928add93a5fbf5168af5ac_shot_001_000,ssim,full,0.76789993
9,968.895081,eb79a85e6b928add93a5fbf5168af5ac_shot_001_000,lpips,mouth,0.41860679
9,968.895081,eb79a85e6b928add93a5fbf5168af5ac_shot_001_000,lpips,full,0.29834548
9,968.895081,eb79a85e6b928add93a5fbf5168af5ac_shot_001_000,sharpness,mouth,24.1456
9,968.895081,eb79a85e6b928add93a5fbf5168af5ac_shot_001_000,lmd,mouth,4.845229
9,968.895081,eb79a85e6b928add93a5fbf5168af5ac_shot_001_000,sync_d,mouth,10.596835
9,968.895081,eb79a85e6b928add93a5fbf5168af5ac_shot_001_000,sync_c,mouth,3.629729
10,964.707153,eb79a85e6b928add93a5fbf5168af5ac_shot_001_000,pixel_mse,mouth,0.01665925
10,964.707153,eb79a85e6b928add93a5fbf5168af5ac_shot_001_000,pixel_mse,full,0.01201387
10,964.707153,eb79a85e6b928add93a5fbf5168af5ac_shot_001_000,ssim,mouth,0.55713147
10,964.707153,eb79a85e6b928add93a5fbf5168af5ac_shot_001_000,ssim,full,0.76662338
10,964.707153,eb79a85e6b928add93a5fbf5168af5ac_shot_001_000,lpips,mouth,0.40633789
10,964.707153,eb79a85e6b928add93a5fbf5168af5ac_shot_001_000,lpips,full,0.2864522
10,964.707153,eb79a85e6b928add93a5fbf5168af5ac_shot_001_000,sharpness,mouth,25.7119
10,964.707153,eb79a85e6b928add93a5fbf5168af5ac_shot_001_000,lmd,mouth,4.865975
10,964.707153,eb79a85e6b928add93a5fbf5168af5ac_shot_001_000,sync_d,mouth,10.203986
10,964.707153,eb79a85e6b928add93a5fbf5168af5ac_shot_001_000,sync_c,mouth,3.833542
11,960.337952,eb79a85e6b928add93a5fbf5168af5ac_shot_001_000,pixel_mse,mouth,0.01565675
11,960.337952,eb79a85e6b928add93a5fbf5168af5ac_shot_001_000,pixel_mse,full,0.01135845
11,960.337952,eb79a85e6b928add93a5fbf5168af5ac_shot_001_000,ssim,mouth,0.55859536
11,960.337952,eb79a85e6b928add93a5fbf5168af5ac_shot_001_000,ssim,full,0.76963651
11,960.337952,eb79a85e6b928add93a5fbf5168af5ac_shot_001_000,lpips,mouth,0.40063649
11,960.337952,eb79a85e6b928add93a5fbf5168af5ac_shot_001_000,lpips,full,0.28072819
11,960.337952,eb79a85e6b928add93a5fbf5168af5ac_shot_001_000,sharpness,mouth,24.0641
11,960.337952,eb79a85e6b928add93a5fbf5168af5ac_shot_001_000,lmd,mouth,4.562999
11,960.337952,eb79a85e6b928add93a5fbf5168af5ac_shot_001_000,sync_d,mouth,9.851977
11,960.337952,eb79a85e6b928add93a5fbf5168af5ac_shot_001_000,sync_c,mouth,4.21716
12,955.775635,eb79a85e6b928add93a5fbf5168af5ac_shot_001_000,pixel_mse,mouth,0.01547712
12,955.775635,eb79a85e6b928add93a5fbf5168af5ac_shot_001_000,pixel_mse,full,0.01101373
12,955.775635,eb79a85e6b928add93a5fbf5168af5ac_shot_001_000,ssim,mouth,0.55666757
12,955.775635,eb79a85e6b928add93a5fbf5168af5ac_shot_001_000,ssim,full,0.77107871
12,955.775635,eb79a85e6b928add93a5fbf5168af5ac_shot_001_000,lpips,mouth,0.39083612
12,955.775635,eb79a85e6b928add93a5fbf5168af5ac_shot_001_000,lpips,full,0.27343217
12,955.775635,eb79a85e6b928add93a5fbf5168af5ac_shot_001_000,sharpness,mouth,26.2041
12,955.775635,eb79a85e6b928add93a5fbf5168af5ac_shot_001_000,lmd,mouth,4.728096
12,955.775635,eb79a85e6b928add93a5fbf5168af5ac_shot_001_000,sync_d,mouth,10.014411
12,955.775635,eb79a85e6b928add93a5fbf5168af5ac_shot_001_000,sync_c,mouth,4.205947
13,951.006897,eb79a85e6b928add93a5fbf5168af5ac_shot_001_000,pixel_mse,mouth,0.01541498
13,951.006897,eb79a85e6b928add93a5fbf5168af5ac_shot_001_000,pixel_mse,full,0.01075869
13,951.006897,eb79a85e6b928add93a5fbf5168af5ac_shot_001_000,ssim,mouth,0.55278409
13,951.006897,eb79a85e6b928add93a5fbf5168af5ac_shot_001_000,ssim,full,0.7720437
13,951.006897,eb79a85e6b928add93a5fbf5168af5ac_shot_001_000,lpips,mouth,0.38086942
13,951.006897,eb79a85e6b928add93a5fbf5168af5ac_shot_001_000,lpips,full,0.26783291
13,951.006897,eb79a85e6b928add93a5fbf5168af5ac_shot_001_000,sharpness,mouth,26.2723
13,951.006897,eb79a85e6b928add93a5fbf5168af5ac_shot_001_000,lmd,mouth,4.355483
13,951.006897,eb79a85e6b928add93a5fbf5168af5ac_shot_001_000,sync_d,mouth,10.24965
13,951.006897,eb79a85e6b928add93a5fbf5168af5ac_shot_001_000,sync_c,mouth,3.950311
14,946.017517,eb79a85e6b928add93a5fbf5168af5ac_shot_001_000,pixel_mse,mouth,0.01617851
14,946.017517,eb79a85e6b928add93a5fbf5168af5ac_shot_001_000,pixel_mse,full,0.01078458
14,946.017517,eb79a85e6b928add93a5fbf5168af5ac_shot_001_000,ssim,mouth,0.54694778
14,946.017517,eb79a85e6b928add93a5fbf5168af5ac_shot_001_000,ssim,full,0.77067345
14,946.017517,eb79a85e6b928add93a5fbf5168af5ac_shot_001_000,lpips,mouth,0.36965734
14,946.017517,eb79a85e6b928add93a5fbf5168af5ac_shot_001_000,lpips,full,0.26026919
14,946.017517,eb79a85e6b928add93a5fbf5168af5ac_shot_001_000,sharpness,mouth,28.6107
14,946.017517,eb79a85e6b928add93a5fbf5168af5ac_shot_001_000,lmd,mouth,4.319515
14,946.017517,eb79a85e6b928add93a5fbf5168af5ac_shot_001_000,sync_d,mouth,10.539687
14,946.017517,eb79a85e6b928add93a5fbf5168af5ac_shot_001_000,sync_c,mouth,3.75587
15,940.791870,eb79a85e6b928add93a5fbf5168af5ac_shot_001_000,pixel_mse,mouth,0.01829659
15,940.791870,eb79a85e6b928add93a5fbf5168af5ac_shot_001_000,pixel_mse,full,0.01260662
15,940.791870,eb79a85e6b928add93a5fbf5168af5ac_shot_001_000,ssim,mouth,0.52502042
15,940.791870,eb79a85e6b928add93a5fbf5168af5ac_shot_001_000,ssim,full,0.76225358
15,940.791870,eb79a85e6b928add93a5fbf5168af5ac_shot_001_000,lpips,mouth,0.35340518
15,940.791870,eb79a85e6b928add93a5fbf5168af5ac_shot_001_000,lpips,full,0.24125428
15,940.791870,eb79a85e6b928add93a5fbf5168af5ac_shot_001_000,sharpness,mouth,38.198
15,940.791870,eb79a85e6b928add93a5fbf5168af5ac_shot_001_000,lmd,mouth,4.448323
15,940.791870,eb79a85e6b928add93a5fbf5168af5ac_shot_001_000,sync_d,mouth,9.754732
15,940.791870,eb79a85e6b928add93a5fbf5168af5ac_shot_001_000,sync_c,mouth,4.669077
16,935.312622,eb79a85e6b928add93a5fbf5168af5ac_shot_001_000,pixel_mse,mouth,0.01718737
16,935.312622,eb79a85e6b928add93a5fbf5168af5ac_shot_001_000,pixel_mse,full,0.01141145
16,935.312622,eb79a85e6b928add93a5fbf5168af5ac_shot_001_000,ssim,mouth,0.53831309
16,935.312622,eb79a85e6b928add93a5fbf5168af5ac_shot_001_000,ssim,full,0.76434642
16,935.312622,eb79a85e6b928add93a5fbf5168af5ac_shot_001_000,lpips,mouth,0.36203694
16,935.312622,eb79a85e6b928add93a5fbf5168af5ac_shot_001_000,lpips,full,0.27882123
16,935.312622,eb79a85e6b928add93a5fbf5168af5ac_shot_001_000,sharpness,mouth,35.9906
16,935.312622,eb79a85e6b928add93a5fbf5168af5ac_shot_001_000,lmd,mouth,4.45321
16,935.312622,eb79a85e6b928add93a5fbf5168af5ac_shot_001_000,sync_d,mouth,10.053291
16,935.312622,eb79a85e6b928add93a5fbf5168af5ac_shot_001_000,sync_c,mouth,4.16472
17,929.560913,eb79a85e6b928add93a5fbf5168af5ac_shot_001_000,pixel_mse,mouth,0.01166571
17,929.560913,eb79a85e6b928add93a5fbf5168af5ac_shot_001_000,pixel_mse,full,0.00959228
17,929.560913,eb79a85e6b928add93a5fbf5168af5ac_shot_001_000,ssim,mouth,0.5871399
17,929.560913,eb79a85e6b928add93a5fbf5168af5ac_shot_001_000,ssim,full,0.77832294
17,929.560913,eb79a85e6b928add93a5fbf5168af5ac_shot_001_000,lpips,mouth,0.39676148
17,929.560913,eb79a85e6b928add93a5fbf5168af5ac_shot_001_000,lpips,full,0.28625807
17,929.560913,eb79a85e6b928add93a5fbf5168af5ac_shot_001_000,sharpness,mouth,23.2173
17,929.560913,eb79a85e6b928add93a5fbf5168af5ac_shot_001_000,lmd,mouth,5.332893
17,929.560913,eb79a85e6b928add93a5fbf5168af5ac_shot_001_000,sync_d,mouth,11.752048
17,929.560913,eb79a85e6b928add93a5fbf5168af5ac_shot_001_000,sync_c,mouth,2.214911
18,923.515991,eb79a85e6b928add93a5fbf5168af5ac_shot_001_000,pixel_mse,mouth,0.01439118
18,923.515991,eb79a85e6b928add93a5fbf5168af5ac_shot_001_000,pixel_mse,full,0.00957876
18,923.515991,eb79a85e6b928add93a5fbf5168af5ac_shot_001_000,ssim,mouth,0.57380575
18,923.515991,eb79a85e6b928add93a5fbf5168af5ac_shot_001_000,ssim,full,0.77624267
18,923.515991,eb79a85e6b928add93a5fbf5168af5ac_shot_001_000,lpips,mouth,0.39204976
18,923.515991,eb79a85e6b928add93a5fbf5168af5ac_shot_001_000,lpips,full,0.2764405
18,923.515991,eb79a85e6b928add93a5fbf5168af5ac_shot_001_000,sharpness,mouth,23.1721
18,923.515991,eb79a85e6b928add93a5fbf5168af5ac_shot_001_000,lmd,mouth,4.270585
18,923.515991,eb79a85e6b928add93a5fbf5168af5ac_shot_001_000,sync_d,mouth,10.923204
18,923.515991,eb79a85e6b928add93a5fbf5168af5ac_shot_001_000,sync_c,mouth,3.059406
19,917.154785,eb79a85e6b928add93a5fbf5168af5ac_shot_001_000,pixel_mse,mouth,0.01449412
19,917.154785,eb79a85e6b928add93a5fbf5168af5ac_shot_001_000,pixel_mse,full,0.01005191
19,917.154785,eb79a85e6b928add93a5fbf5168af5ac_shot_001_000,ssim,mouth,0.57325137
19,917.154785,eb79a85e6b928add93a5fbf5168af5ac_shot_001_000,ssim,full,0.77619004
19,917.154785,eb79a85e6b928add93a5fbf5168af5ac_shot_001_000,lpips,mouth,0.39478108
19,917.154785,eb79a85e6b928add93a5fbf5168af5ac_shot_001_000,lpips,full,0.28042513
19,917.154785,eb79a85e6b928add93a5fbf5168af5ac_shot_001_000,sharpness,mouth,18.5492
19,917.154785,eb79a85e6b928add93a5fbf5168af5ac_shot_001_000,lmd,mouth,4.368415
19,917.154785,eb79a85e6b928add93a5fbf5168af5ac_shot_001_000,sync_d,mouth,10.511267
19,917.154785,eb79a85e6b928add93a5fbf5168af5ac_shot_001_000,sync_c,mouth,3.378911
20,910.451721,eb79a85e6b928add93a5fbf5168af5ac_shot_001_000,pixel_mse,mouth,0.01359273
20,910.451721,eb79a85e6b928add93a5fbf5168af5ac_shot_001_000,pixel_mse,full,0.01000562
20,910.451721,eb79a85e6b928add93a5fbf5168af5ac_shot_001_000,ssim,mouth,0.57595378
20,910.451721,eb79a85e6b928add93a5fbf5168af5ac_shot_001_000,ssim,full,0.7757116
20,910.451721,eb79a85e6b928add93a5fbf5168af5ac_shot_001_000,lpips,mouth,0.40606388
20,910.451721,eb79a85e6b928add93a5fbf5168af5ac_shot_001_000,lpips,full,0.29653397
20,910.451721,eb79a85e6b928add93a5fbf5168af5ac_shot_001_000,sharpness,mouth,18.6765
20,910.451721,eb79a85e6b928add93a5fbf5168af5ac_shot_001_000,lmd,mouth,5.847032
20,910.451721,eb79a85e6b928add93a5fbf5168af5ac_shot_001_000,sync_d,mouth,11.690174
20,910.451721,eb79a85e6b928add93a5fbf5168af5ac_shot_001_000,sync_c,mouth,1.935397
21,903.378723,eb79a85e6b928add93a5fbf5168af5ac_shot_001_000,pixel_mse,mouth,0.01298686
21,903.378723,eb79a85e6b928add93a5fbf5168af5ac_shot_001_000,pixel_mse,full,0.0099289
21,903.378723,eb79a85e6b928add93a5fbf5168af5ac_shot_001_000,ssim,mouth,0.57867301
21,903.378723,eb79a85e6b928add93a5fbf5168af5ac_shot_001_000,ssim,full,0.77988738
21,903.378723,eb79a85e6b928add93a5fbf5168af5ac_shot_001_000,lpips,mouth,0.40173274
21,903.378723,eb79a85e6b928add93a5fbf5168af5ac_shot_001_000,lpips,full,0.30393803
21,903.378723,eb79a85e6b928add93a5fbf5168af5ac_shot_001_000,sharpness,mouth,19.2635
21,903.378723,eb79a85e6b928add93a5fbf5168af5ac_shot_001_000,lmd,mouth,5.299047
21,903.378723,eb79a85e6b928add93a5fbf5168af5ac_shot_001_000,sync_d,mouth,11.933172
21,903.378723,eb79a85e6b928add93a5fbf5168af5ac_shot_001_000,sync_c,mouth,1.556696
22,895.903931,eb79a85e6b928add93a5fbf5168af5ac_shot_001_000,pixel_mse,mouth,0.01444767
22,895.903931,eb79a85e6b928add93a5fbf5168af5ac_shot_001_000,pixel_mse,full,0.0103989
22,895.903931,eb79a85e6b928add93a5fbf5168af5ac_shot_001_000,ssim,mouth,0.56616944
22,895.903931,eb79a85e6b928add93a5fbf5168af5ac_shot_001_000,ssim,full,0.7784878
22,895.903931,eb79a85e6b928add93a5fbf5168af5ac_shot_001_000,lpips,mouth,0.39366254
22,895.903931,eb79a85e6b928add93a5fbf5168af5ac_shot_001_000,lpips,full,0.30242351
22,895.903931,eb79a85e6b928add93a5fbf5168af5ac_shot_001_000,sharpness,mouth,19.0129
22,895.903931,eb79a85e6b928add93a5fbf5168af5ac_shot_001_000,lmd,mouth,6.262984
22,895.903931,eb79a85e6b928add93a5fbf5168af5ac_shot_001_000,sync_d,mouth,12.380736
22,895.903931,eb79a85e6b928add93a5fbf5168af5ac_shot_001_000,sync_c,mouth,1.106723
23,887.992493,eb79a85e6b928add93a5fbf5168af5ac_shot_001_000,pixel_mse,mouth,0.01416112
23,887.992493,eb79a85e6b928add93a5fbf5168af5ac_shot_001_000,pixel_mse,full,0.0103826
23,887.992493,eb79a85e6b928add93a5fbf5168af5ac_shot_001_000,ssim,mouth,0.56847787
23,887.992493,eb79a85e6b928add93a5fbf5168af5ac_shot_001_000,ssim,full,0.77863312
23,887.992493,eb79a85e6b928add93a5fbf5168af5ac_shot_001_000,lpips,mouth,0.38941962
23,887.992493,eb79a85e6b928add93a5fbf5168af5ac_shot_001_000,lpips,full,0.30014166
23,887.992493,eb79a85e6b928add93a5fbf5168af5ac_shot_001_000,sharpness,mouth,20.1437
23,887.992493,eb79a85e6b928add93a5fbf5168af5ac_shot_001_000,lmd,mouth,6.696252
23,887.992493,eb79a85e6b928add93a5fbf5168af5ac_shot_001_000,sync_d,mouth,12.978247
23,887.992493,eb79a85e6b928add93a5fbf5168af5ac_shot_001_000,sync_c,mouth,0.725318
24,879.604736,eb79a85e6b928add93a5fbf5168af5ac_shot_001_000,pixel_mse,mouth,0.01429158
24,879.604736,eb79a85e6b928add93a5fbf5168af5ac_shot_001_000,pixel_mse,full,0.01017798
24,879.604736,eb79a85e6b928add93a5fbf5168af5ac_shot_001_000,ssim,mouth,0.56345266
24,879.604736,eb79a85e6b928add93a5fbf5168af5ac_shot_001_000,ssim,full,0.77764601
24,879.604736,eb79a85e6b928add93a5fbf5168af5ac_shot_001_000,lpips,mouth,0.39191273
24,879.604736,eb79a85e6b928add93a5fbf5168af5ac_shot_001_000,lpips,full,0.30640629
24,879.604736,eb79a85e6b928add93a5fbf5168af5ac_shot_001_000,sharpness,mouth,19.9981
24,879.604736,eb79a85e6b928add93a5fbf5168af5ac_shot_001_000,lmd,mouth,6.953897
24,879.604736,eb79a85e6b928add93a5fbf5168af5ac_shot_001_000,sync_d,mouth,13.054084
24,879.604736,eb79a85e6b928add93a5fbf5168af5ac_shot_001_000,sync_c,mouth,1.03104
25,870.696350,eb79a85e6b928add93a5fbf5168af5ac_shot_001_000,pixel_mse,mouth,0.01385549
25,870.696350,eb79a85e6b928add93a5fbf5168af5ac_shot_001_000,pixel_mse,full,0.00976015
25,870.696350,eb79a85e6b928add93a5fbf5168af5ac_shot_001_000,ssim,mouth,0.57181376
25,870.696350,eb79a85e6b928add93a5fbf5168af5ac_shot_001_000,ssim,full,0.77851534
25,870.696350,eb79a85e6b928add93a5fbf5168af5ac_shot_001_000,lpips,mouth,0.40514863
25,870.696350,eb79a85e6b928add93a5fbf5168af5ac_shot_001_000,lpips,full,0.31107071
25,870.696350,eb79a85e6b928add93a5fbf5168af5ac_shot_001_000,sharpness,mouth,19.1807
25,870.696350,eb79a85e6b928add93a5fbf5168af5ac_shot_001_000,lmd,mouth,6.512945
25,870.696350,eb79a85e6b928add93a5fbf5168af5ac_shot_001_000,sync_d,mouth,12.758012
25,870.696350,eb79a85e6b928add93a5fbf5168af5ac_shot_001_000,sync_c,mouth,1.079566
26,861.217407,eb79a85e6b928add93a5fbf5168af5ac_shot_001_000,pixel_mse,mouth,0.0134776
26,861.217407,eb79a85e6b928add93a5fbf5168af5ac_shot_001_000,pixel_mse,full,0.00938139
26,861.217407,eb79a85e6b928add93a5fbf5168af5ac_shot_001_000,ssim,mouth,0.58008891
26,861.217407,eb79a85e6b928add93a5fbf5168af5ac_shot_001_000,ssim,full,0.78142715
26,861.217407,eb79a85e6b928add93a5fbf5168af5ac_shot_001_000,lpips,mouth,0.41824406
26,861.217407,eb79a85e6b928add93a5fbf5168af5ac_shot_001_000,lpips,full,0.31238177
26,861.217407,eb79a85e6b928add93a5fbf5168af5ac_shot_001_000,sharpness,mouth,19.4903
26,861.217407,eb79a85e6b928add93a5fbf5168af5ac_shot_001_000,lmd,mouth,5.672605
26,861.217407,eb79a85e6b928add93a5fbf5168af5ac_shot_001_000,sync_d,mouth,12.676911
26,861.217407,eb79a85e6b928add93a5fbf5168af5ac_shot_001_000,sync_c,mouth,0.910287
27,851.111145,eb79a85e6b928add93a5fbf5168af5ac_shot_001_000,pixel_mse,mouth,0.0131235
27,851.111145,eb79a85e6b928add93a5fbf5168af5ac_shot_001_000,pixel_mse,full,0.00916725
27,851.111145,eb79a85e6b928add93a5fbf5168af5ac_shot_001_000,ssim,mouth,0.58306104
27,851.111145,eb79a85e6b928add93a5fbf5168af5ac_shot_001_000,ssim,full,0.78288907
27,851.111145,eb79a85e6b928add93a5fbf5168af5ac_shot_001_000,lpips,mouth,0.42943475
27,851.111145,eb79a85e6b928add93a5fbf5168af5ac_shot_001_000,lpips,full,0.31998515
27,851.111145,eb79a85e6b928add93a5fbf5168af5ac_shot_001_000,sharpness,mouth,19.2209
27,851.111145,eb79a85e6b928add93a5fbf5168af5ac_shot_001_000,lmd,mouth,5.221821
27,851.111145,eb79a85e6b928add93a5fbf5168af5ac_shot_001_000,sync_d,mouth,12.615714
27,851.111145,eb79a85e6b928add93a5fbf5168af5ac_shot_001_000,sync_c,mouth,0.814095
28,840.313232,eb79a85e6b928add93a5fbf5168af5ac_shot_001_000,pixel_mse,mouth,0.01258205
28,840.313232,eb79a85e6b928add93a5fbf5168af5ac_shot_001_000,pixel_mse,full,0.00917967
28,840.313232,eb79a85e6b928add93a5fbf5168af5ac_shot_001_000,ssim,mouth,0.58739233
28,840.313232,eb79a85e6b928add93a5fbf5168af5ac_shot_001_000,ssim,full,0.78258544
28,840.313232,eb79a85e6b928add93a5fbf5168af5ac_shot_001_000,lpips,mouth,0.43754762
28,840.313232,eb79a85e6b928add93a5fbf5168af5ac_shot_001_000,lpips,full,0.32647634
28,840.313232,eb79a85e6b928add93a5fbf5168af5ac_shot_001_000,sharpness,mouth,19.6536
28,840.313232,eb79a85e6b928add93a5fbf5168af5ac_shot_001_000,lmd,mouth,6.935466
28,840.313232,eb79a85e6b928add93a5fbf5168af5ac_shot_001_000,sync_d,mouth,12.379346
28,840.313232,eb79a85e6b928add93a5fbf5168af5ac_shot_001_000,sync_c,mouth,0.593246
29,828.750244,eb79a85e6b928add93a5fbf5168af5ac_shot_001_000,pixel_mse,mouth,0.01228443
29,828.750244,eb79a85e6b928add93a5fbf5168af5ac_shot_001_000,pixel_mse,full,0.00923139
29,828.750244,eb79a85e6b928add93a5fbf5168af5ac_shot_001_000,ssim,mouth,0.5891909
29,828.750244,eb79a85e6b928add93a5fbf5168af5ac_shot_001_000,ssim,full,0.7817111
29,828.750244,eb79a85e6b928add93a5fbf5168af5ac_shot_001_000,lpips,mouth,0.43121475
29,828.750244,eb79a85e6b928add93a5fbf5168af5ac_shot_001_000,lpips,full,0.32676467
29,828.750244,eb79a85e6b928add93a5fbf5168af5ac_shot_001_000,sharpness,mouth,19.9996
29,828.750244,eb79a85e6b928add93a5fbf5168af5ac_shot_001_000,lmd,mouth,7.393086
29,828.750244,eb79a85e6b928add93a5fbf5168af5ac_shot_001_000,sync_d,mouth,12.845264
29,828.750244,eb79a85e6b928add93a5fbf5168af5ac_shot_001_000,sync_c,mouth,0.37663
30,816.337830,eb79a85e6b928add93a5fbf5168af5ac_shot_001_000,pixel_mse,mouth,0.01226952
30,816.337830,eb79a85e6b928add93a5fbf5168af5ac_shot_001_000,pixel_mse,full,0.00934596
30,816.337830,eb79a85e6b928add93a5fbf5168af5ac_shot_001_000,ssim,mouth,0.58818007
30,816.337830,eb79a85e6b928add93a5fbf5168af5ac_shot_001_000,ssim,full,0.78078002
30,816.337830,eb79a85e6b928add93a5fbf5168af5ac_shot_001_000,lpips,mouth,0.42873251
30,816.337830,eb79a85e6b928add93a5fbf5168af5ac_shot_001_000,lpips,full,0.32564211
30,816.337830,eb79a85e6b928add93a5fbf5168af5ac_shot_001_000,sharpness,mouth,20.0311
30,816.337830,eb79a85e6b928add93a5fbf5168af5ac_shot_001_000,lmd,mouth,7.250914
30,816.337830,eb79a85e6b928add93a5fbf5168af5ac_shot_001_000,sync_d,mouth,12.921536
30,816.337830,eb79a85e6b928add93a5fbf5168af5ac_shot_001_000,sync_c,mouth,0.529466
31,802.978699,eb79a85e6b928add93a5fbf5168af5ac_shot_001_000,pixel_mse,mouth,0.01210889
31,802.978699,eb79a85e6b928add93a5fbf5168af5ac_shot_001_000,pixel_mse,full,0.00931593
31,802.978699,eb79a85e6b928add93a5fbf5168af5ac_shot_001_000,ssim,mouth,0.58998346
31,802.978699,eb79a85e6b928add93a5fbf5168af5ac_shot_001_000,ssim,full,0.7810691
31,802.978699,eb79a85e6b928add93a5fbf5168af5ac_shot_001_000,lpips,mouth,0.43054888
31,802.978699,eb79a85e6b928add93a5fbf5168af5ac_shot_001_000,lpips,full,0.32471302
31,802.978699,eb79a85e6b928add93a5fbf5168af5ac_shot_001_000,sharpness,mouth,20.5434
31,802.978699,eb79a85e6b928add93a5fbf5168af5ac_shot_001_000,lmd,mouth,6.591027
31,802.978699,eb79a85e6b928add93a5fbf5168af5ac_shot_001_000,sync_d,mouth,12.879738
31,802.978699,eb79a85e6b928add93a5fbf5168af5ac_shot_001_000,sync_c,mouth,0.722693
32,788.560242,eb79a85e6b928add93a5fbf5168af5ac_shot_001_000,pixel_mse,mouth,0.0116946
32,788.560242,eb79a85e6b928add93a5fbf5168af5ac_shot_001_000,pixel_mse,full,0.00922603
32,788.560242,eb79a85e6b928add93a5fbf5168af5ac_shot_001_000,ssim,mouth,0.59427708
32,788.560242,eb79a85e6b928add93a5fbf5168af5ac_shot_001_000,ssim,full,0.78195047
32,788.560242,eb79a85e6b928add93a5fbf5168af5ac_shot_001_000,lpips,mouth,0.44188651
32,788.560242,eb79a85e6b928add93a5fbf5168af5ac_shot_001_000,lpips,full,0.32789043
32,788.560242,eb79a85e6b928add93a5fbf5168af5ac_shot_001_000,sharpness,mouth,20.6194
32,788.560242,eb79a85e6b928add93a5fbf5168af5ac_shot_001_000,lmd,mouth,6.301272
32,788.560242,eb79a85e6b928add93a5fbf5168af5ac_shot_001_000,sync_d,mouth,12.857297
32,788.560242,eb79a85e6b928add93a5fbf5168af5ac_shot_001_000,sync_c,mouth,0.629528
33,772.951477,eb79a85e6b928add93a5fbf5168af5ac_shot_001_000,pixel_mse,mouth,0.01161439
33,772.951477,eb79a85e6b928add93a5fbf5168af5ac_shot_001_000,pixel_mse,full,0.00913291
33,772.951477,eb79a85e6b928add93a5fbf5168af5ac_shot_001_000,ssim,mouth,0.59703606
33,772.951477,eb79a85e6b928add93a5fbf5168af5ac_shot_001_000,ssim,full,0.78307825
33,772.951477,eb79a85e6b928add93a5fbf5168af5ac_shot_001_000,lpips,mouth,0.45058134
33,772.951477,eb79a85e6b928add93a5fbf5168af5ac_shot_001_000,lpips,full,0.33053011
33,772.951477,eb79a85e6b928add93a5fbf5168af5ac_shot_001_000,sharpness,mouth,20.2054
33,772.951477,eb79a85e6b928add93a5fbf5168af5ac_shot_001_000,lmd,mouth,6.306322
33,772.951477,eb79a85e6b928add93a5fbf5168af5ac_shot_001_000,sync_d,mouth,12.947442
33,772.951477,eb79a85e6b928add93a5fbf5168af5ac_shot_001_000,sync_c,mouth,0.680193
34,755.998352,eb79a85e6b928add93a5fbf5168af5ac_shot_001_000,pixel_mse,mouth,0.01096147
34,755.998352,eb79a85e6b928add93a5fbf5168af5ac_shot_001_000,pixel_mse,full,0.00904166
34,755.998352,eb79a85e6b928add93a5fbf5168af5ac_shot_001_000,ssim,mouth,0.60202104
34,755.998352,eb79a85e6b928add93a5fbf5168af5ac_shot_001_000,ssim,full,0.78432399
34,755.998352,eb79a85e6b928add93a5fbf5168af5ac_shot_001_000,lpips,mouth,0.44949853
34,755.998352,eb79a85e6b928add93a5fbf5168af5ac_shot_001_000,lpips,full,0.33003405
34,755.998352,eb79a85e6b928add93a5fbf5168af5ac_shot_001_000,sharpness,mouth,20.6024
34,755.998352,eb79a85e6b928add93a5fbf5168af5ac_shot_001_000,lmd,mouth,1.798842
34,755.998352,eb79a85e6b928add93a5fbf5168af5ac_shot_001_000,sync_d,mouth,13.214458
34,755.998352,eb79a85e6b928add93a5fbf5168af5ac_shot_001_000,sync_c,mouth,0.62845
35,737.519714,eb79a85e6b928add93a5fbf5168af5ac_shot_001_000,pixel_mse,mouth,0.01082295
35,737.519714,eb79a85e6b928add93a5fbf5168af5ac_shot_001_000,pixel_mse,full,0.00901297
35,737.519714,eb79a85e6b928add93a5fbf5168af5ac_shot_001_000,ssim,mouth,0.60142601
35,737.519714,eb79a85e6b928add93a5fbf5168af5ac_shot_001_000,ssim,full,0.78468084
35,737.519714,eb79a85e6b928add93a5fbf5168af5ac_shot_001_000,lpips,mouth,0.45018598
35,737.519714,eb79a85e6b928add93a5fbf5168af5ac_shot_001_000,lpips,full,0.33259499
35,737.519714,eb79a85e6b928add93a5fbf5168af5ac_shot_001_000,sharpness,mouth,20.8542
35,737.519714,eb79a85e6b928add93a5fbf5168af5ac_shot_001_000,lmd,mouth,1.689954
35,737.519714,eb79a85e6b928add93a5fbf5168af5ac_shot_001_000,sync_d,mouth,13.200387
35,737.519714,eb79a85e6b928add93a5fbf5168af5ac_shot_001_000,sync_c,mouth,0.593949
36,717.299683,eb79a85e6b928add93a5fbf5168af5ac_shot_001_000,pixel_mse,mouth,0.01064121
36,717.299683,eb79a85e6b928add93a5fbf5168af5ac_shot_001_000,pixel_mse,full,0.00892395
36,717.299683,eb79a85e6b928add93a5fbf5168af5ac_shot_001_000,ssim,mouth,0.60339075
36,717.299683,eb79a85e6b928add93a5fbf5168af5ac_shot_001_000,ssim,full,0.78518158
36,717.299683,eb79a85e6b928add93a5fbf5168af5ac_shot_001_000,lpips,mouth,0.45536527
36,717.299683,eb79a85e6b928add93a5fbf5168af5ac_shot_001_000,lpips,full,0.33497602
36,717.299683,eb79a85e6b928add93a5fbf5168af5ac_shot_001_000,sharpness,mouth,21.6485
36,717.299683,eb79a85e6b928add93a5fbf5168af5ac_shot_001_000,lmd,mouth,2.136711
36,717.299683,eb79a85e6b928add93a5fbf5168af5ac_shot_001_000,sync_d,mouth,13.380176
36,717.299683,eb79a85e6b928add93a5fbf5168af5ac_shot_001_000,sync_c,mouth,0.516299
37,695.080139,eb79a85e6b928add93a5fbf5168af5ac_shot_001_000,pixel_mse,mouth,0.0107135
37,695.080139,eb79a85e6b928add93a5fbf5168af5ac_shot_001_000,pixel_mse,full,0.00889166
37,695.080139,eb79a85e6b928add93a5fbf5168af5ac_shot_001_000,ssim,mouth,0.60156214
37,695.080139,eb79a85e6b928add93a5fbf5168af5ac_shot_001_000,ssim,full,0.78480506
37,695.080139,eb79a85e6b928add93a5fbf5168af5ac_shot_001_000,lpips,mouth,0.45641431
37,695.080139,eb79a85e6b928add93a5fbf5168af5ac_shot_001_000,lpips,full,0.34052944
37,695.080139,eb79a85e6b928add93a5fbf5168af5ac_shot_001_000,sharpness,mouth,21.2368
37,695.080139,eb79a85e6b928add93a5fbf5168af5ac_shot_001_000,lmd,mouth,1.951812
37,695.080139,eb79a85e6b928add93a5fbf5168af5ac_shot_001_000,sync_d,mouth,13.344464
37,695.080139,eb79a85e6b928add93a5fbf5168af5ac_shot_001_000,sync_c,mouth,0.660384
38,670.548828,eb79a85e6b928add93a5fbf5168af5ac_shot_001_000,pixel_mse,mouth,0.01063558
38,670.548828,eb79a85e6b928add93a5fbf5168af5ac_shot_001_000,pixel_mse,full,0.00884588
38,670.548828,eb79a85e6b928add93a5fbf5168af5ac_shot_001_000,ssim,mouth,0.60310805
38,670.548828,eb79a85e6b928add93a5fbf5168af5ac_shot_001_000,ssim,full,0.78546983
38,670.548828,eb79a85e6b928add93a5fbf5168af5ac_shot_001_000,lpips,mouth,0.45756626
38,670.548828,eb79a85e6b928add93a5fbf5168af5ac_shot_001_000,lpips,full,0.34475002
38,670.548828,eb79a85e6b928add93a5fbf5168af5ac_shot_001_000,sharpness,mouth,20.9924
38,670.548828,eb79a85e6b928add93a5fbf5168af5ac_shot_001_000,lmd,mouth,2.065286
38,670.548828,eb79a85e6b928add93a5fbf5168af5ac_shot_001_000,sync_d,mouth,13.185154
38,670.548828,eb79a85e6b928add93a5fbf5168af5ac_shot_001_000,sync_c,mouth,0.825975
39,643.325317,eb79a85e6b928add93a5fbf5168af5ac_shot_001_000,pixel_mse,mouth,0.01063448
39,643.325317,eb79a85e6b928add93a5fbf5168af5ac_shot_001_000,pixel_mse,full,0.00879623
39,643.325317,eb79a85e6b928add93a5fbf5168af5ac_shot_001_000,ssim,mouth,0.60513866
39,643.325317,eb79a85e6b928add93a5fbf5168af5ac_shot_001_000,ssim,full,0.78609896
39,643.325317,eb79a85e6b928add93a5fbf5168af5ac_shot_001_000,lpips,mouth,0.46564573
39,643.325317,eb79a85e6b928add93a5fbf5168af5ac_shot_001_000,lpips,full,0.34818432
39,643.325317,eb79a85e6b928add93a5fbf5168af5ac_shot_001_000,sharpness,mouth,20.6022
39,643.325317,eb79a85e6b928add93a5fbf5168af5ac_shot_001_000,lmd,mouth,1.976371
39,643.325317,eb79a85e6b928add93a5fbf5168af5ac_shot_001_000,sync_d,mouth,13.245686
39,643.325317,eb79a85e6b928add93a5fbf5168af5ac_shot_001_000,sync_c,mouth,0.775037
40,612.940735,eb79a85e6b928add93a5fbf5168af5ac_shot_001_000,pixel_mse,mouth,0.01074834
40,612.940735,eb79a85e6b928add93a5fbf5168af5ac_shot_001_000,pixel_mse,full,0.00878904
40,612.940735,eb79a85e6b928add93a5fbf5168af5ac_shot_001_000,ssim,mouth,0.60487294
40,612.940735,eb79a85e6b928add93a5fbf5168af5ac_shot_001_000,ssim,full,0.7860148
40,612.940735,eb79a85e6b928add93a5fbf5168af5ac_shot_001_000,lpips,mouth,0.47172123
40,612.940735,eb79a85e6b928add93a5fbf5168af5ac_shot_001_000,lpips,full,0.35145226
40,612.940735,eb79a85e6b928add93a5fbf5168af5ac_shot_001_000,sharpness,mouth,20.6001
40,612.940735,eb79a85e6b928add93a5fbf5168af5ac_shot_001_000,lmd,mouth,2.066368
40,612.940735,eb79a85e6b928add93a5fbf5168af5ac_shot_001_000,sync_d,mouth,13.340707
40,612.940735,eb79a85e6b928add93a5fbf5168af5ac_shot_001_000,sync_c,mouth,0.659531
41,578.810425,eb79a85e6b928add93a5fbf5168af5ac_shot_001_000,pixel_mse,mouth,0.01069708
41,578.810425,eb79a85e6b928add93a5fbf5168af5ac_shot_001_000,pixel_mse,full,0.00874245
41,578.810425,eb79a85e6b928add93a5fbf5168af5ac_shot_001_000,ssim,mouth,0.6055249
41,578.810425,eb79a85e6b928add93a5fbf5168af5ac_shot_001_000,ssim,full,0.78656512
41,578.810425,eb79a85e6b928add93a5fbf5168af5ac_shot_001_000,lpips,mouth,0.47192758
41,578.810425,eb79a85e6b928add93a5fbf5168af5ac_shot_001_000,lpips,full,0.3549743
41,578.810425,eb79a85e6b928add93a5fbf5168af5ac_shot_001_000,sharpness,mouth,20.6646
41,578.810425,eb79a85e6b928add93a5fbf5168af5ac_shot_001_000,lmd,mouth,2.015818
41,578.810425,eb79a85e6b928add93a5fbf5168af5ac_shot_001_000,sync_d,mouth,13.119679
41,578.810425,eb79a85e6b928add93a5fbf5168af5ac_shot_001_000,sync_c,mouth,0.731569
42,540.196350,eb79a85e6b928add93a5fbf5168af5ac_shot_001_000,pixel_mse,mouth,0.01074441
42,540.196350,eb79a85e6b928add93a5fbf5168af5ac_shot_001_000,pixel_mse,full,0.00867739
42,540.196350,eb79a85e6b928add93a5fbf5168af5ac_shot_001_000,ssim,mouth,0.60666382
42,540.196350,eb79a85e6b928add93a5fbf5168af5ac_shot_001_000,ssim,full,0.78720236
42,540.196350,eb79a85e6b928add93a5fbf5168af5ac_shot_001_000,lpips,mouth,0.47594929
42,540.196350,eb79a85e6b928add93a5fbf5168af5ac_shot_001_000,lpips,full,0.35725722
42,540.196350,eb79a85e6b928add93a5fbf5168af5ac_shot_001_000,sharpness,mouth,20.9461
42,540.196350,eb79a85e6b928add93a5fbf5168af5ac_shot_001_000,lmd,mouth,2.003794
42,540.196350,eb79a85e6b928add93a5fbf5168af5ac_shot_001_000,sync_d,mouth,12.940554
42,540.196350,eb79a85e6b928add93a5fbf5168af5ac_shot_001_000,sync_c,mouth,0.967825
43,496.152893,eb79a85e6b928add93a5fbf5168af5ac_shot_001_000,pixel_mse,mouth,0.01083086
43,496.152893,eb79a85e6b928add93a5fbf5168af5ac_shot_001_000,pixel_mse,full,0.00862493
43,496.152893,eb79a85e6b928add93a5fbf5168af5ac_shot_001_000,ssim,mouth,0.6067307
43,496.152893,eb79a85e6b928add93a5fbf5168af5ac_shot_001_000,ssim,full,0.78771734
43,496.152893,eb79a85e6b928add93a5fbf5168af5ac_shot_001_000,lpips,mouth,0.48481825
43,496.152893,eb79a85e6b928add93a5fbf5168af5ac_shot_001_000,lpips,full,0.36070701
43,496.152893,eb79a85e6b928add93a5fbf5168af5ac_shot_001_000,sharpness,mouth,21.584
43,496.152893,eb79a85e6b928add93a5fbf5168af5ac_shot_001_000,lmd,mouth,1.823307
43,496.152893,eb79a85e6b928add93a5fbf5168af5ac_shot_001_000,sync_d,mouth,12.896035
43,496.152893,eb79a85e6b928add93a5fbf5168af5ac_shot_001_000,sync_c,mouth,0.842477
44,445.448151,eb79a85e6b928add93a5fbf5168af5ac_shot_001_000,pixel_mse,mouth,0.01087401
44,445.448151,eb79a85e6b928add93a5fbf5168af5ac_shot_001_000,pixel_mse,full,0.00860608
44,445.448151,eb79a85e6b928add93a5fbf5168af5ac_shot_001_000,ssim,mouth,0.6071859
44,445.448151,eb79a85e6b928add93a5fbf5168af5ac_shot_001_000,ssim,full,0.78812915
44,445.448151,eb79a85e6b928add93a5fbf5168af5ac_shot_001_000,lpips,mouth,0.48725769
44,445.448151,eb79a85e6b928add93a5fbf5168af5ac_shot_001_000,lpips,full,0.363677
44,445.448151,eb79a85e6b928add93a5fbf5168af5ac_shot_001_000,sharpness,mouth,21.4411
44,445.448151,eb79a85e6b928add93a5fbf5168af5ac_shot_001_000,lmd,mouth,2.117952
44,445.448151,eb79a85e6b928add93a5fbf5168af5ac_shot_001_000,sync_d,mouth,13.05625
44,445.448151,eb79a85e6b928add93a5fbf5168af5ac_shot_001_000,sync_c,mouth,0.768283
45,386.447418,eb79a85e6b928add93a5fbf5168af5ac_shot_001_000,pixel_mse,mouth,0.0110128
45,386.447418,eb79a85e6b928add93a5fbf5168af5ac_shot_001_000,pixel_mse,full,0.00860209
45,386.447418,eb79a85e6b928add93a5fbf5168af5ac_shot_001_000,ssim,mouth,0.6073128
45,386.447418,eb79a85e6b928add93a5fbf5168af5ac_shot_001_000,ssim,full,0.78815889
45,386.447418,eb79a85e6b928add93a5fbf5168af5ac_shot_001_000,lpips,mouth,0.48886687
45,386.447418,eb79a85e6b928add93a5fbf5168af5ac_shot_001_000,lpips,full,0.36484107
45,386.447418,eb79a85e6b928add93a5fbf5168af5ac_shot_001_000,sharpness,mouth,22.0129
45,386.447418,eb79a85e6b928add93a5fbf5168af5ac_shot_001_000,lmd,mouth,2.203261
45,386.447418,eb79a85e6b928add93a5fbf5168af5ac_shot_001_000,sync_d,mouth,13.197694
45,386.447418,eb79a85e6b928add93a5fbf5168af5ac_shot_001_000,sync_c,mouth,0.639349
46,316.933258,eb79a85e6b928add93a5fbf5168af5ac_shot_001_000,pixel_mse,mouth,0.01112433
46,316.933258,eb79a85e6b928add93a5fbf5168af5ac_shot_001_000,pixel_mse,full,0.00860446
46,316.933258,eb79a85e6b928add93a5fbf5168af5ac_shot_001_000,ssim,mouth,0.60866129
46,316.933258,eb79a85e6b928add93a5fbf5168af5ac_shot_001_000,ssim,full,0.78843099
46,316.933258,eb79a85e6b928add93a5fbf5168af5ac_shot_001_000,lpips,mouth,0.49106297
46,316.933258,eb79a85e6b928add93a5fbf5168af5ac_shot_001_000,lpips,full,0.36759001
46,316.933258,eb79a85e6b928add93a5fbf5168af5ac_shot_001_000,sharpness,mouth,22.2177
46,316.933258,eb79a85e6b928add93a5fbf5168af5ac_shot_001_000,lmd,mouth,1.938655
46,316.933258,eb79a85e6b928add93a5fbf5168af5ac_shot_001_000,sync_d,mouth,13.163344
46,316.933258,eb79a85e6b928add93a5fbf5168af5ac_shot_001_000,sync_c,mouth,0.908041
47,233.820694,eb79a85e6b928add93a5fbf5168af5ac_shot_001_000,pixel_mse,mouth,0.01117263
47,233.820694,eb79a85e6b928add93a5fbf5168af5ac_shot_001_000,pixel_mse,full,0.0085912
47,233.820694,eb79a85e6b928add93a5fbf5168af5ac_shot_001_000,ssim,mouth,0.60922486
47,233.820694,eb79a85e6b928add93a5fbf5168af5ac_shot_001_000,ssim,full,0.78875881
47,233.820694,eb79a85e6b928add93a5fbf5168af5ac_shot_001_000,lpips,mouth,0.49246582
47,233.820694,eb79a85e6b928add93a5fbf5168af5ac_shot_001_000,lpips,full,0.37012094
47,233.820694,eb79a85e6b928add93a5fbf5168af5ac_shot_001_000,sharpness,mouth,22.3476
47,233.820694,eb79a85e6b928add93a5fbf5168af5ac_shot_001_000,lmd,mouth,1.970448
47,233.820694,eb79a85e6b928add93a5fbf5168af5ac_shot_001_000,sync_d,mouth,13.078365
47,233.820694,eb79a85e6b928add93a5fbf5168af5ac_shot_001_000,sync_c,mouth,0.844438
48,132.687027,eb79a85e6b928add93a5fbf5168af5ac_shot_001_000,pixel_mse,mouth,0.01116193
48,132.687027,eb79a85e6b928add93a5fbf5168af5ac_shot_001_000,pixel_mse,full,0.00858378
48,132.687027,eb79a85e6b928add93a5fbf5168af5ac_shot_001_000,ssim,mouth,0.60943097
48,132.687027,eb79a85e6b928add93a5fbf5168af5ac_shot_001_000,ssim,full,0.78898895
48,132.687027,eb79a85e6b928add93a5fbf5168af5ac_shot_001_000,lpips,mouth,0.49529529
48,132.687027,eb79a85e6b928add93a5fbf5168af5ac_shot_001_000,lpips,full,0.37279138
48,132.687027,eb79a85e6b928add93a5fbf5168af5ac_shot_001_000,sharpness,mouth,23.1346
48,132.687027,eb79a85e6b928add93a5fbf5168af5ac_shot_001_000,lmd,mouth,1.87277
48,132.687027,eb79a85e6b928add93a5fbf5168af5ac_shot_001_000,sync_d,mouth,13.202471
48,132.687027,eb79a85e6b928add93a5fbf5168af5ac_shot_001_000,sync_c,mouth,0.729575
49,6.958251,eb79a85e6b928add93a5fbf5168af5ac_shot_001_000,pixel_mse,mouth,0.01118025
49,6.958251,eb79a85e6b928add93a5fbf5168af5ac_shot_001_000,pixel_mse,full,0.00860475
49,6.958251,eb79a85e6b928add93a5fbf5168af5ac_shot_001_000,ssim,mouth,0.6080761
49,6.958251,eb79a85e6b928add93a5fbf5168af5ac_shot_001_000,ssim,full,0.78738111
49,6.958251,eb79a85e6b928add93a5fbf5168af5ac_shot_001_000,lpips,mouth,0.47266632
49,6.958251,eb79a85e6b928add93a5fbf5168af5ac_shot_001_000,lpips,full,0.3518908
49,6.958251,eb79a85e6b928add93a5fbf5168af5ac_shot_001_000,sharpness,mouth,18.162
49,6.958251,eb79a85e6b928add93a5fbf5168af5ac_shot_001_000,lmd,mouth,1.970439
49,6.958251,eb79a85e6b928add93a5fbf5168af5ac_shot_001_000,sync_d,mouth,12.780518
49,6.958251,eb79a85e6b928add93a5fbf5168af5ac_shot_001_000,sync_c,mouth,0.927958
-1,gt,4d5b044b30051de4f0a6b2dc419ea9ca_shot_001_000,sharpness,mouth,18.4649
-1,gt,4d5b044b30051de4f0a6b2dc419ea9ca_shot_001_000,sync_d,mouth,12.525859
-1,gt,4d5b044b30051de4f0a6b2dc419ea9ca_shot_001_000,sync_c,mouth,1.688734
0,1000.000000,4d5b044b30051de4f0a6b2dc419ea9ca_shot_001_000,pixel_mse,mouth,0.01622809
0,1000.000000,4d5b044b30051de4f0a6b2dc419ea9ca_shot_001_000,pixel_mse,full,0.01755592
0,1000.000000,4d5b044b30051de4f0a6b2dc419ea9ca_shot_001_000,ssim,mouth,0.56674534
0,1000.000000,4d5b044b30051de4f0a6b2dc419ea9ca_shot_001_000,ssim,full,0.59770751
0,1000.000000,4d5b044b30051de4f0a6b2dc419ea9ca_shot_001_000,lpips,mouth,0.40510836
0,1000.000000,4d5b044b30051de4f0a6b2dc419ea9ca_shot_001_000,lpips,full,0.43626234
0,1000.000000,4d5b044b30051de4f0a6b2dc419ea9ca_shot_001_000,sharpness,mouth,6.1024
0,1000.000000,4d5b044b30051de4f0a6b2dc419ea9ca_shot_001_000,lmd,mouth,6.238036
1,997.035706,4d5b044b30051de4f0a6b2dc419ea9ca_shot_001_000,pixel_mse,mouth,0.01930561
1,997.035706,4d5b044b30051de4f0a6b2dc419ea9ca_shot_001_000,pixel_mse,full,0.02162095
1,997.035706,4d5b044b30051de4f0a6b2dc419ea9ca_shot_001_000,ssim,mouth,0.56556672
1,997.035706,4d5b044b30051de4f0a6b2dc419ea9ca_shot_001_000,ssim,full,0.60582042
1,997.035706,4d5b044b30051de4f0a6b2dc419ea9ca_shot_001_000,lpips,mouth,0.42552128
1,997.035706,4d5b044b30051de4f0a6b2dc419ea9ca_shot_001_000,lpips,full,0.45270571
1,997.035706,4d5b044b30051de4f0a6b2dc419ea9ca_shot_001_000,sharpness,mouth,6.0287
1,997.035706,4d5b044b30051de4f0a6b2dc419ea9ca_shot_001_000,lmd,mouth,4.742761
2,993.963867,4d5b044b30051de4f0a6b2dc419ea9ca_shot_001_000,pixel_mse,mouth,0.0276107
2,993.963867,4d5b044b30051de4f0a6b2dc419ea9ca_shot_001_000,pixel_mse,full,0.02605002
2,993.963867,4d5b044b30051de4f0a6b2dc419ea9ca_shot_001_000,ssim,mouth,0.51426226
2,993.963867,4d5b044b30051de4f0a6b2dc419ea9ca_shot_001_000,ssim,full,0.59095073
2,993.963867,4d5b044b30051de4f0a6b2dc419ea9ca_shot_001_000,lpips,mouth,0.42565009
2,993.963867,4d5b044b30051de4f0a6b2dc419ea9ca_shot_001_000,lpips,full,0.46427396
2,993.963867,4d5b044b30051de4f0a6b2dc419ea9ca_shot_001_000,sharpness,mouth,6.3457
2,993.963867,4d5b044b30051de4f0a6b2dc419ea9ca_shot_001_000,lmd,mouth,4.540197
2,993.963867,4d5b044b30051de4f0a6b2dc419ea9ca_shot_001_000,sync_d,mouth,12.434824
2,993.963867,4d5b044b30051de4f0a6b2dc419ea9ca_shot_001_000,sync_c,mouth,0.608891
3,990.779053,4d5b044b30051de4f0a6b2dc419ea9ca_shot_001_000,pixel_mse,mouth,0.02539679
3,990.779053,4d5b044b30051de4f0a6b2dc419ea9ca_shot_001_000,pixel_mse,full,0.02348386
3,990.779053,4d5b044b30051de4f0a6b2dc419ea9ca_shot_001_000,ssim,mouth,0.53417259
3,990.779053,4d5b044b30051de4f0a6b2dc419ea9ca_shot_001_000,ssim,full,0.61235118
3,990.779053,4d5b044b30051de4f0a6b2dc419ea9ca_shot_001_000,lpips,mouth,0.41874921
3,990.779053,4d5b044b30051de4f0a6b2dc419ea9ca_shot_001_000,lpips,full,0.45093819
3,990.779053,4d5b044b30051de4f0a6b2dc419ea9ca_shot_001_000,sharpness,mouth,6.2762
3,990.779053,4d5b044b30051de4f0a6b2dc419ea9ca_shot_001_000,lmd,mouth,5.171549
3,990.779053,4d5b044b30051de4f0a6b2dc419ea9ca_shot_001_000,sync_d,mouth,11.283025
3,990.779053,4d5b044b30051de4f0a6b2dc419ea9ca_shot_001_000,sync_c,mouth,1.51557
4,987.474243,4d5b044b30051de4f0a6b2dc419ea9ca_shot_001_000,pixel_mse,mouth,0.02150733
4,987.474243,4d5b044b30051de4f0a6b2dc419ea9ca_shot_001_000,pixel_mse,full,0.02446067
4,987.474243,4d5b044b30051de4f0a6b2dc419ea9ca_shot_001_000,ssim,mouth,0.54559433
4,987.474243,4d5b044b30051de4f0a6b2dc419ea9ca_shot_001_000,ssim,full,0.62972265
4,987.474243,4d5b044b30051de4f0a6b2dc419ea9ca_shot_001_000,lpips,mouth,0.41279531
4,987.474243,4d5b044b30051de4f0a6b2dc419ea9ca_shot_001_000,lpips,full,0.43176928
4,987.474243,4d5b044b30051de4f0a6b2dc419ea9ca_shot_001_000,sharpness,mouth,6.9313
4,987.474243,4d5b044b30051de4f0a6b2dc419ea9ca_shot_001_000,lmd,mouth,4.31474
4,987.474243,4d5b044b30051de4f0a6b2dc419ea9ca_shot_001_000,sync_d,mouth,13.234538
4,987.474243,4d5b044b30051de4f0a6b2dc419ea9ca_shot_001_000,sync_c,mouth,0.947527
5,984.043091,4d5b044b30051de4f0a6b2dc419ea9ca_shot_001_000,pixel_mse,mouth,0.02259685
5,984.043091,4d5b044b30051de4f0a6b2dc419ea9ca_shot_001_000,pixel_mse,full,0.02134214
5,984.043091,4d5b044b30051de4f0a6b2dc419ea9ca_shot_001_000,ssim,mouth,0.55259478
5,984.043091,4d5b044b30051de4f0a6b2dc419ea9ca_shot_001_000,ssim,full,0.64379102
5,984.043091,4d5b044b30051de4f0a6b2dc419ea9ca_shot_001_000,lpips,mouth,0.40454435
5,984.043091,4d5b044b30051de4f0a6b2dc419ea9ca_shot_001_000,lpips,full,0.41380969
5,984.043091,4d5b044b30051de4f0a6b2dc419ea9ca_shot_001_000,sharpness,mouth,7.1067
5,984.043091,4d5b044b30051de4f0a6b2dc419ea9ca_shot_001_000,lmd,mouth,4.800433
5,984.043091,4d5b044b30051de4f0a6b2dc419ea9ca_shot_001_000,sync_d,mouth,12.604997
5,984.043091,4d5b044b30051de4f0a6b2dc419ea9ca_shot_001_000,sync_c,mouth,1.937604
6,980.477844,4d5b044b30051de4f0a6b2dc419ea9ca_shot_001_000,pixel_mse,mouth,0.02308216
6,980.477844,4d5b044b30051de4f0a6b2dc419ea9ca_shot_001_000,pixel_mse,full,0.02010768
6,980.477844,4d5b044b30051de4f0a6b2dc419ea9ca_shot_001_000,ssim,mouth,0.56549132
6,980.477844,4d5b044b30051de4f0a6b2dc419ea9ca_shot_001_000,ssim,full,0.65650713
6,980.477844,4d5b044b30051de4f0a6b2dc419ea9ca_shot_001_000,lpips,mouth,0.40241924
6,980.477844,4d5b044b30051de4f0a6b2dc419ea9ca_shot_001_000,lpips,full,0.40169087
6,980.477844,4d5b044b30051de4f0a6b2dc419ea9ca_shot_001_000,sharpness,mouth,7.1372
6,980.477844,4d5b044b30051de4f0a6b2dc419ea9ca_shot_001_000,lmd,mouth,5.040194
6,980.477844,4d5b044b30051de4f0a6b2dc419ea9ca_shot_001_000,sync_d,mouth,12.0931
6,980.477844,4d5b044b30051de4f0a6b2dc419ea9ca_shot_001_000,sync_c,mouth,2.36769
7,976.770691,4d5b044b30051de4f0a6b2dc419ea9ca_shot_001_000,pixel_mse,mouth,0.02265326
7,976.770691,4d5b044b30051de4f0a6b2dc419ea9ca_shot_001_000,pixel_mse,full,0.01872568
7,976.770691,4d5b044b30051de4f0a6b2dc419ea9ca_shot_001_000,ssim,mouth,0.55719239
7,976.770691,4d5b044b30051de4f0a6b2dc419ea9ca_shot_001_000,ssim,full,0.65909958
7,976.770691,4d5b044b30051de4f0a6b2dc419ea9ca_shot_001_000,lpips,mouth,0.40385583
7,976.770691,4d5b044b30051de4f0a6b2dc419ea9ca_shot_001_000,lpips,full,0.39424431
7,976.770691,4d5b044b30051de4f0a6b2dc419ea9ca_shot_001_000,sharpness,mouth,7.2523
7,976.770691,4d5b044b30051de4f0a6b2dc419ea9ca_shot_001_000,lmd,mouth,5.264324
7,976.770691,4d5b044b30051de4f0a6b2dc419ea9ca_shot_001_000,sync_d,mouth,9.692804
7,976.770691,4d5b044b30051de4f0a6b2dc419ea9ca_shot_001_000,sync_c,mouth,4.288814
8,972.912842,4d5b044b30051de4f0a6b2dc419ea9ca_shot_001_000,pixel_mse,mouth,0.02255601
8,972.912842,4d5b044b30051de4f0a6b2dc419ea9ca_shot_001_000,pixel_mse,full,0.01805426
8,972.912842,4d5b044b30051de4f0a6b2dc419ea9ca_shot_001_000,ssim,mouth,0.55365807
8,972.912842,4d5b044b30051de4f0a6b2dc419ea9ca_shot_001_000,ssim,full,0.65822405
8,972.912842,4d5b044b30051de4f0a6b2dc419ea9ca_shot_001_000,lpips,mouth,0.3945691
8,972.912842,4d5b044b30051de4f0a6b2dc419ea9ca_shot_001_000,lpips,full,0.38910732
8,972.912842,4d5b044b30051de4f0a6b2dc419ea9ca_shot_001_000,sharpness,mouth,7.1459
8,972.912842,4d5b044b30051de4f0a6b2dc419ea9ca_shot_001_000,lmd,mouth,5.537683
8,972.912842,4d5b044b30051de4f0a6b2dc419ea9ca_shot_001_000,sync_d,mouth,9.394767
8,972.912842,4d5b044b30051de4f0a6b2dc419ea9ca_shot_001_000,sync_c,mouth,4.757763
9,968.895081,4d5b044b30051de4f0a6b2dc419ea9ca_shot_001_000,pixel_mse,mouth,0.02277525
9,968.895081,4d5b044b30051de4f0a6b2dc419ea9ca_shot_001_000,pixel_mse,full,0.01803573
9,968.895081,4d5b044b30051de4f0a6b2dc419ea9ca_shot_001_000,ssim,mouth,0.55191445
9,968.895081,4d5b044b30051de4f0a6b2dc419ea9ca_shot_001_000,ssim,full,0.65096968
9,968.895081,4d5b044b30051de4f0a6b2dc419ea9ca_shot_001_000,lpips,mouth,0.38753834
9,968.895081,4d5b044b30051de4f0a6b2dc419ea9ca_shot_001_000,lpips,full,0.3842895
9,968.895081,4d5b044b30051de4f0a6b2dc419ea9ca_shot_001_000,sharpness,mouth,7.6034
9,968.895081,4d5b044b30051de4f0a6b2dc419ea9ca_shot_001_000,lmd,mouth,6.152001
9,968.895081,4d5b044b30051de4f0a6b2dc419ea9ca_shot_001_000,sync_d,mouth,8.785667
9,968.895081,4d5b044b30051de4f0a6b2dc419ea9ca_shot_001_000,sync_c,mouth,5.222714
10,964.707153,4d5b044b30051de4f0a6b2dc419ea9ca_shot_001_000,pixel_mse,mouth,0.02114734
10,964.707153,4d5b044b30051de4f0a6b2dc419ea9ca_shot_001_000,pixel_mse,full,0.01758009
10,964.707153,4d5b044b30051de4f0a6b2dc419ea9ca_shot_001_000,ssim,mouth,0.55680931
10,964.707153,4d5b044b30051de4f0a6b2dc419ea9ca_shot_001_000,ssim,full,0.65169024
10,964.707153,4d5b044b30051de4f0a6b2dc419ea9ca_shot_001_000,lpips,mouth,0.39384079
10,964.707153,4d5b044b30051de4f0a6b2dc419ea9ca_shot_001_000,lpips,full,0.38352746
10,964.707153,4d5b044b30051de4f0a6b2dc419ea9ca_shot_001_000,sharpness,mouth,7.4905
10,964.707153,4d5b044b30051de4f0a6b2dc419ea9ca_shot_001_000,lmd,mouth,5.865293
10,964.707153,4d5b044b30051de4f0a6b2dc419ea9ca_shot_001_000,sync_d,mouth,8.759482
10,964.707153,4d5b044b30051de4f0a6b2dc419ea9ca_shot_001_000,sync_c,mouth,5.13112
11,960.337952,4d5b044b30051de4f0a6b2dc419ea9ca_shot_001_000,pixel_mse,mouth,0.02112831
11,960.337952,4d5b044b30051de4f0a6b2dc419ea9ca_shot_001_000,pixel_mse,full,0.0185899
11,960.337952,4d5b044b30051de4f0a6b2dc419ea9ca_shot_001_000,ssim,mouth,0.54909897
11,960.337952,4d5b044b30051de4f0a6b2dc419ea9ca_shot_001_000,ssim,full,0.64539045
11,960.337952,4d5b044b30051de4f0a6b2dc419ea9ca_shot_001_000,lpips,mouth,0.3911894
11,960.337952,4d5b044b30051de4f0a6b2dc419ea9ca_shot_001_000,lpips,full,0.38178807
11,960.337952,4d5b044b30051de4f0a6b2dc419ea9ca_shot_001_000,sharpness,mouth,8.3038
11,960.337952,4d5b044b30051de4f0a6b2dc419ea9ca_shot_001_000,lmd,mouth,5.579294
11,960.337952,4d5b044b30051de4f0a6b2dc419ea9ca_shot_001_000,sync_d,mouth,9.192306
11,960.337952,4d5b044b30051de4f0a6b2dc419ea9ca_shot_001_000,sync_c,mouth,4.688196
12,955.775635,4d5b044b30051de4f0a6b2dc419ea9ca_shot_001_000,pixel_mse,mouth,0.02755051
12,955.775635,4d5b044b30051de4f0a6b2dc419ea9ca_shot_001_000,pixel_mse,full,0.02637622
12,955.775635,4d5b044b30051de4f0a6b2dc419ea9ca_shot_001_000,ssim,mouth,0.50417274
12,955.775635,4d5b044b30051de4f0a6b2dc419ea9ca_shot_001_000,ssim,full,0.62505913
12,955.775635,4d5b044b30051de4f0a6b2dc419ea9ca_shot_001_000,lpips,mouth,0.36605144
12,955.775635,4d5b044b30051de4f0a6b2dc419ea9ca_shot_001_000,lpips,full,0.38641205
12,955.775635,4d5b044b30051de4f0a6b2dc419ea9ca_shot_001_000,sharpness,mouth,8.56
12,955.775635,4d5b044b30051de4f0a6b2dc419ea9ca_shot_001_000,lmd,mouth,6.721594
12,955.775635,4d5b044b30051de4f0a6b2dc419ea9ca_shot_001_000,sync_d,mouth,9.254748
12,955.775635,4d5b044b30051de4f0a6b2dc419ea9ca_shot_001_000,sync_c,mouth,4.768908
13,951.006897,4d5b044b30051de4f0a6b2dc419ea9ca_shot_001_000,pixel_mse,mouth,0.02507904
13,951.006897,4d5b044b30051de4f0a6b2dc419ea9ca_shot_001_000,pixel_mse,full,0.02742054
13,951.006897,4d5b044b30051de4f0a6b2dc419ea9ca_shot_001_000,ssim,mouth,0.51129645
13,951.006897,4d5b044b30051de4f0a6b2dc419ea9ca_shot_001_000,ssim,full,0.61616999
13,951.006897,4d5b044b30051de4f0a6b2dc419ea9ca_shot_001_000,lpips,mouth,0.3608757
13,951.006897,4d5b044b30051de4f0a6b2dc419ea9ca_shot_001_000,lpips,full,0.39127785
13,951.006897,4d5b044b30051de4f0a6b2dc419ea9ca_shot_001_000,sharpness,mouth,7.2763
13,951.006897,4d5b044b30051de4f0a6b2dc419ea9ca_shot_001_000,lmd,mouth,7.334225
13,951.006897,4d5b044b30051de4f0a6b2dc419ea9ca_shot_001_000,sync_d,mouth,9.128123
13,951.006897,4d5b044b30051de4f0a6b2dc419ea9ca_shot_001_000,sync_c,mouth,4.539544
14,946.017517,4d5b044b30051de4f0a6b2dc419ea9ca_shot_001_000,pixel_mse,mouth,0.01758684
14,946.017517,4d5b044b30051de4f0a6b2dc419ea9ca_shot_001_000,pixel_mse,full,0.01851309
14,946.017517,4d5b044b30051de4f0a6b2dc419ea9ca_shot_001_000,ssim,mouth,0.5472759
14,946.017517,4d5b044b30051de4f0a6b2dc419ea9ca_shot_001_000,ssim,full,0.62095028
14,946.017517,4d5b044b30051de4f0a6b2dc419ea9ca_shot_001_000,lpips,mouth,0.39611271
14,946.017517,4d5b044b30051de4f0a6b2dc419ea9ca_shot_001_000,lpips,full,0.3969762
14,946.017517,4d5b044b30051de4f0a6b2dc419ea9ca_shot_001_000,sharpness,mouth,7.2343
14,946.017517,4d5b044b30051de4f0a6b2dc419ea9ca_shot_001_000,lmd,mouth,6.609674
14,946.017517,4d5b044b30051de4f0a6b2dc419ea9ca_shot_001_000,sync_d,mouth,11.499868
14,946.017517,4d5b044b30051de4f0a6b2dc419ea9ca_shot_001_000,sync_c,mouth,1.800271
15,940.791870,4d5b044b30051de4f0a6b2dc419ea9ca_shot_001_000,pixel_mse,mouth,0.01817187
15,940.791870,4d5b044b30051de4f0a6b2dc419ea9ca_shot_001_000,pixel_mse,full,0.01737154
15,940.791870,4d5b044b30051de4f0a6b2dc419ea9ca_shot_001_000,ssim,mouth,0.57493764
15,940.791870,4d5b044b30051de4f0a6b2dc419ea9ca_shot_001_000,ssim,full,0.63383752
15,940.791870,4d5b044b30051de4f0a6b2dc419ea9ca_shot_001_000,lpips,mouth,0.40446141
15,940.791870,4d5b044b30051de4f0a6b2dc419ea9ca_shot_001_000,lpips,full,0.40154082
15,940.791870,4d5b044b30051de4f0a6b2dc419ea9ca_shot_001_000,sharpness,mouth,6.4202
15,940.791870,4d5b044b30051de4f0a6b2dc419ea9ca_shot_001_000,lmd,mouth,5.571533
15,940.791870,4d5b044b30051de4f0a6b2dc419ea9ca_shot_001_000,sync_d,mouth,9.971266
15,940.791870,4d5b044b30051de4f0a6b2dc419ea9ca_shot_001_000,sync_c,mouth,2.834439
16,935.312622,4d5b044b30051de4f0a6b2dc419ea9ca_shot_001_000,pixel_mse,mouth,0.01944567
16,935.312622,4d5b044b30051de4f0a6b2dc419ea9ca_shot_001_000,pixel_mse,full,0.0164476
16,935.312622,4d5b044b30051de4f0a6b2dc419ea9ca_shot_001_000,ssim,mouth,0.57093275
16,935.312622,4d5b044b30051de4f0a6b2dc419ea9ca_shot_001_000,ssim,full,0.63676262
16,935.312622,4d5b044b30051de4f0a6b2dc419ea9ca_shot_001_000,lpips,mouth,0.41525912
16,935.312622,4d5b044b30051de4f0a6b2dc419ea9ca_shot_001_000,lpips,full,0.41517487
16,935.312622,4d5b044b30051de4f0a6b2dc419ea9ca_shot_001_000,sharpness,mouth,6.3167
16,935.312622,4d5b044b30051de4f0a6b2dc419ea9ca_shot_001_000,lmd,mouth,5.181739
16,935.312622,4d5b044b30051de4f0a6b2dc419ea9ca_shot_001_000,sync_d,mouth,10.163945
16,935.312622,4d5b044b30051de4f0a6b2dc419ea9ca_shot_001_000,sync_c,mouth,1.67909
17,929.560913,4d5b044b30051de4f0a6b2dc419ea9ca_shot_001_000,pixel_mse,mouth,0.01943366
17,929.560913,4d5b044b30051de4f0a6b2dc419ea9ca_shot_001_000,pixel_mse,full,0.01584688
17,929.560913,4d5b044b30051de4f0a6b2dc419ea9ca_shot_001_000,ssim,mouth,0.57240283
17,929.560913,4d5b044b30051de4f0a6b2dc419ea9ca_shot_001_000,ssim,full,0.63959414
17,929.560913,4d5b044b30051de4f0a6b2dc419ea9ca_shot_001_000,lpips,mouth,0.41436046
17,929.560913,4d5b044b30051de4f0a6b2dc419ea9ca_shot_001_000,lpips,full,0.40557635
17,929.560913,4d5b044b30051de4f0a6b2dc419ea9ca_shot_001_000,sharpness,mouth,6.5185
17,929.560913,4d5b044b30051de4f0a6b2dc419ea9ca_shot_001_000,lmd,mouth,5.676348
17,929.560913,4d5b044b30051de4f0a6b2dc419ea9ca_shot_001_000,sync_d,mouth,11.727155
17,929.560913,4d5b044b30051de4f0a6b2dc419ea9ca_shot_001_000,sync_c,mouth,1.309101
18,923.515991,4d5b044b30051de4f0a6b2dc419ea9ca_shot_001_000,pixel_mse,mouth,0.01800471
18,923.515991,4d5b044b30051de4f0a6b2dc419ea9ca_shot_001_000,pixel_mse,full,0.0163191
18,923.515991,4d5b044b30051de4f0a6b2dc419ea9ca_shot_001_000,ssim,mouth,0.57346529
18,923.515991,4d5b044b30051de4f0a6b2dc419ea9ca_shot_001_000,ssim,full,0.6429199
18,923.515991,4d5b044b30051de4f0a6b2dc419ea9ca_shot_001_000,lpips,mouth,0.41206068
18,923.515991,4d5b044b30051de4f0a6b2dc419ea9ca_shot_001_000,lpips,full,0.40977201
18,923.515991,4d5b044b30051de4f0a6b2dc419ea9ca_shot_001_000,sharpness,mouth,6.5292
18,923.515991,4d5b044b30051de4f0a6b2dc419ea9ca_shot_001_000,lmd,mouth,4.956313
18,923.515991,4d5b044b30051de4f0a6b2dc419ea9ca_shot_001_000,sync_d,mouth,11.349457
18,923.515991,4d5b044b30051de4f0a6b2dc419ea9ca_shot_001_000,sync_c,mouth,1.780851
19,917.154785,4d5b044b30051de4f0a6b2dc419ea9ca_shot_001_000,pixel_mse,mouth,0.01769799
19,917.154785,4d5b044b30051de4f0a6b2dc419ea9ca_shot_001_000,pixel_mse,full,0.01685611
19,917.154785,4d5b044b30051de4f0a6b2dc419ea9ca_shot_001_000,ssim,mouth,0.57481909
19,917.154785,4d5b044b30051de4f0a6b2dc419ea9ca_shot_001_000,ssim,full,0.63871825
19,917.154785,4d5b044b30051de4f0a6b2dc419ea9ca_shot_001_000,lpips,mouth,0.4161303
19,917.154785,4d5b044b30051de4f0a6b2dc419ea9ca_shot_001_000,lpips,full,0.41039389
19,917.154785,4d5b044b30051de4f0a6b2dc419ea9ca_shot_001_000,sharpness,mouth,6.6124
19,917.154785,4d5b044b30051de4f0a6b2dc419ea9ca_shot_001_000,lmd,mouth,4.965147
19,917.154785,4d5b044b30051de4f0a6b2dc419ea9ca_shot_001_000,sync_d,mouth,11.424751
19,917.154785,4d5b044b30051de4f0a6b2dc419ea9ca_shot_001_000,sync_c,mouth,1.732667
20,910.451721,4d5b044b30051de4f0a6b2dc419ea9ca_shot_001_000,pixel_mse,mouth,0.01849405
20,910.451721,4d5b044b30051de4f0a6b2dc419ea9ca_shot_001_000,pixel_mse,full,0.01693834
20,910.451721,4d5b044b30051de4f0a6b2dc419ea9ca_shot_001_000,ssim,mouth,0.56906366
20,910.451721,4d5b044b30051de4f0a6b2dc419ea9ca_shot_001_000,ssim,full,0.63475567
20,910.451721,4d5b044b30051de4f0a6b2dc419ea9ca_shot_001_000,lpips,mouth,0.41537818
20,910.451721,4d5b044b30051de4f0a6b2dc419ea9ca_shot_001_000,lpips,full,0.40770924
20,910.451721,4d5b044b30051de4f0a6b2dc419ea9ca_shot_001_000,sharpness,mouth,6.5583
20,910.451721,4d5b044b30051de4f0a6b2dc419ea9ca_shot_001_000,lmd,mouth,3.789228
20,910.451721,4d5b044b30051de4f0a6b2dc419ea9ca_shot_001_000,sync_d,mouth,11.37796
20,910.451721,4d5b044b30051de4f0a6b2dc419ea9ca_shot_001_000,sync_c,mouth,1.654889
21,903.378723,4d5b044b30051de4f0a6b2dc419ea9ca_shot_001_000,pixel_mse,mouth,0.01870228
21,903.378723,4d5b044b30051de4f0a6b2dc419ea9ca_shot_001_000,pixel_mse,full,0.01679671
21,903.378723,4d5b044b30051de4f0a6b2dc419ea9ca_shot_001_000,ssim,mouth,0.56976253
21,903.378723,4d5b044b30051de4f0a6b2dc419ea9ca_shot_001_000,ssim,full,0.63250721
21,903.378723,4d5b044b30051de4f0a6b2dc419ea9ca_shot_001_000,lpips,mouth,0.41221231
21,903.378723,4d5b044b30051de4f0a6b2dc419ea9ca_shot_001_000,lpips,full,0.40843353
21,903.378723,4d5b044b30051de4f0a6b2dc419ea9ca_shot_001_000,sharpness,mouth,6.6774
21,903.378723,4d5b044b30051de4f0a6b2dc419ea9ca_shot_001_000,lmd,mouth,4.153445
21,903.378723,4d5b044b30051de4f0a6b2dc419ea9ca_shot_001_000,sync_d,mouth,11.552555
21,903.378723,4d5b044b30051de4f0a6b2dc419ea9ca_shot_001_000,sync_c,mouth,1.264129
22,895.903931,4d5b044b30051de4f0a6b2dc419ea9ca_shot_001_000,pixel_mse,mouth,0.01810947
22,895.903931,4d5b044b30051de4f0a6b2dc419ea9ca_shot_001_000,pixel_mse,full,0.01667729
22,895.903931,4d5b044b30051de4f0a6b2dc419ea9ca_shot_001_000,ssim,mouth,0.5739314
22,895.903931,4d5b044b30051de4f0a6b2dc419ea9ca_shot_001_000,ssim,full,0.6352362
22,895.903931,4d5b044b30051de4f0a6b2dc419ea9ca_shot_001_000,lpips,mouth,0.41241851
22,895.903931,4d5b044b30051de4f0a6b2dc419ea9ca_shot_001_000,lpips,full,0.41345394
22,895.903931,4d5b044b30051de4f0a6b2dc419ea9ca_shot_001_000,sharpness,mouth,6.6397
22,895.903931,4d5b044b30051de4f0a6b2dc419ea9ca_shot_001_000,lmd,mouth,4.088871
22,895.903931,4d5b044b30051de4f0a6b2dc419ea9ca_shot_001_000,sync_d,mouth,11.726462
22,895.903931,4d5b044b30051de4f0a6b2dc419ea9ca_shot_001_000,sync_c,mouth,1.056206
23,887.992493,4d5b044b30051de4f0a6b2dc419ea9ca_shot_001_000,pixel_mse,mouth,0.01710448
23,887.992493,4d5b044b30051de4f0a6b2dc419ea9ca_shot_001_000,pixel_mse,full,0.01654652
23,887.992493,4d5b044b30051de4f0a6b2dc419ea9ca_shot_001_000,ssim,mouth,0.57602572
23,887.992493,4d5b044b30051de4f0a6b2dc419ea9ca_shot_001_000,ssim,full,0.63401467
23,887.992493,4d5b044b30051de4f0a6b2dc419ea9ca_shot_001_000,lpips,mouth,0.40874431
23,887.992493,4d5b044b30051de4f0a6b2dc419ea9ca_shot_001_000,lpips,full,0.41751271
23,887.992493,4d5b044b30051de4f0a6b2dc419ea9ca_shot_001_000,sharpness,mouth,6.729
23,887.992493,4d5b044b30051de4f0a6b2dc419ea9ca_shot_001_000,lmd,mouth,4.359143
23,887.992493,4d5b044b30051de4f0a6b2dc419ea9ca_shot_001_000,sync_d,mouth,11.643229
23,887.992493,4d5b044b30051de4f0a6b2dc419ea9ca_shot_001_000,sync_c,mouth,1.234365
24,879.604736,4d5b044b30051de4f0a6b2dc419ea9ca_shot_001_000,pixel_mse,mouth,0.01645769
24,879.604736,4d5b044b30051de4f0a6b2dc419ea9ca_shot_001_000,pixel_mse,full,0.01661286
24,879.604736,4d5b044b30051de4f0a6b2dc419ea9ca_shot_001_000,ssim,mouth,0.57666832
24,879.604736,4d5b044b30051de4f0a6b2dc419ea9ca_shot_001_000,ssim,full,0.63413608
24,879.604736,4d5b044b30051de4f0a6b2dc419ea9ca_shot_001_000,lpips,mouth,0.41053554
24,879.604736,4d5b044b30051de4f0a6b2dc419ea9ca_shot_001_000,lpips,full,0.4206875
24,879.604736,4d5b044b30051de4f0a6b2dc419ea9ca_shot_001_000,sharpness,mouth,6.7308
24,879.604736,4d5b044b30051de4f0a6b2dc419ea9ca_shot_001_000,lmd,mouth,4.288056
25,870.696350,4d5b044b30051de4f0a6b2dc419ea9ca_shot_001_000,pixel_mse,mouth,0.01666324
25,870.696350,4d5b044b30051de4f0a6b2dc419ea9ca_shot_001_000,pixel_mse,full,0.01687633
25,870.696350,4d5b044b30051de4f0a6b2dc419ea9ca_shot_001_000,ssim,mouth,0.58121824
25,870.696350,4d5b044b30051de4f0a6b2dc419ea9ca_shot_001_000,ssim,full,0.63588494
25,870.696350,4d5b044b30051de4f0a6b2dc419ea9ca_shot_001_000,lpips,mouth,0.41100141
25,870.696350,4d5b044b30051de4f0a6b2dc419ea9ca_shot_001_000,lpips,full,0.42074335
25,870.696350,4d5b044b30051de4f0a6b2dc419ea9ca_shot_001_000,sharpness,mouth,6.563
25,870.696350,4d5b044b30051de4f0a6b2dc419ea9ca_shot_001_000,lmd,mouth,4.231546
26,861.217407,4d5b044b30051de4f0a6b2dc419ea9ca_shot_001_000,pixel_mse,mouth,0.01665732
26,861.217407,4d5b044b30051de4f0a6b2dc419ea9ca_shot_001_000,pixel_mse,full,0.01675664
26,861.217407,4d5b044b30051de4f0a6b2dc419ea9ca_shot_001_000,ssim,mouth,0.57811856
26,861.217407,4d5b044b30051de4f0a6b2dc419ea9ca_shot_001_000,ssim,full,0.63486278
26,861.217407,4d5b044b30051de4f0a6b2dc419ea9ca_shot_001_000,lpips,mouth,0.40972194
26,861.217407,4d5b044b30051de4f0a6b2dc419ea9ca_shot_001_000,lpips,full,0.42118302
26,861.217407,4d5b044b30051de4f0a6b2dc419ea9ca_shot_001_000,sharpness,mouth,6.6037
26,861.217407,4d5b044b30051de4f0a6b2dc419ea9ca_shot_001_000,lmd,mouth,4.219846
27,851.111145,4d5b044b30051de4f0a6b2dc419ea9ca_shot_001_000,pixel_mse,mouth,0.01578568
27,851.111145,4d5b044b30051de4f0a6b2dc419ea9ca_shot_001_000,pixel_mse,full,0.01656619
27,851.111145,4d5b044b30051de4f0a6b2dc419ea9ca_shot_001_000,ssim,mouth,0.5834325
27,851.111145,4d5b044b30051de4f0a6b2dc419ea9ca_shot_001_000,ssim,full,0.6353116
27,851.111145,4d5b044b30051de4f0a6b2dc419ea9ca_shot_001_000,lpips,mouth,0.40782386
27,851.111145,4d5b044b30051de4f0a6b2dc419ea9ca_shot_001_000,lpips,full,0.42017797
27,851.111145,4d5b044b30051de4f0a6b2dc419ea9ca_shot_001_000,sharpness,mouth,6.6194
27,851.111145,4d5b044b30051de4f0a6b2dc419ea9ca_shot_001_000,lmd,mouth,4.029858
28,840.313232,4d5b044b30051de4f0a6b2dc419ea9ca_shot_001_000,pixel_mse,mouth,0.01543661
28,840.313232,4d5b044b30051de4f0a6b2dc419ea9ca_shot_001_000,pixel_mse,full,0.01660226
28,840.313232,4d5b044b30051de4f0a6b2dc419ea9ca_shot_001_000,ssim,mouth,0.58307195
28,840.313232,4d5b044b30051de4f0a6b2dc419ea9ca_shot_001_000,ssim,full,0.63319159
28,840.313232,4d5b044b30051de4f0a6b2dc419ea9ca_shot_001_000,lpips,mouth,0.40470994
28,840.313232,4d5b044b30051de4f0a6b2dc419ea9ca_shot_001_000,lpips,full,0.41864151
28,840.313232,4d5b044b30051de4f0a6b2dc419ea9ca_shot_001_000,sharpness,mouth,6.3625
28,840.313232,4d5b044b30051de4f0a6b2dc419ea9ca_shot_001_000,lmd,mouth,3.975314
29,828.750244,4d5b044b30051de4f0a6b2dc419ea9ca_shot_001_000,pixel_mse,mouth,0.01502522
29,828.750244,4d5b044b30051de4f0a6b2dc419ea9ca_shot_001_000,pixel_mse,full,0.01654599
29,828.750244,4d5b044b30051de4f0a6b2dc419ea9ca_shot_001_000,ssim,mouth,0.58625746
29,828.750244,4d5b044b30051de4f0a6b2dc419ea9ca_shot_001_000,ssim,full,0.63278121
29,828.750244,4d5b044b30051de4f0a6b2dc419ea9ca_shot_001_000,lpips,mouth,0.40411767
29,828.750244,4d5b044b30051de4f0a6b2dc419ea9ca_shot_001_000,lpips,full,0.42010903
29,828.750244,4d5b044b30051de4f0a6b2dc419ea9ca_shot_001_000,sharpness,mouth,6.3034
29,828.750244,4d5b044b30051de4f0a6b2dc419ea9ca_shot_001_000,lmd,mouth,4.362377
30,816.337830,4d5b044b30051de4f0a6b2dc419ea9ca_shot_001_000,pixel_mse,mouth,0.01491866
30,816.337830,4d5b044b30051de4f0a6b2dc419ea9ca_shot_001_000,pixel_mse,full,0.0165657
30,816.337830,4d5b044b30051de4f0a6b2dc419ea9ca_shot_001_000,ssim,mouth,0.58569217
30,816.337830,4d5b044b30051de4f0a6b2dc419ea9ca_shot_001_000,ssim,full,0.63103062
30,816.337830,4d5b044b30051de4f0a6b2dc419ea9ca_shot_001_000,lpips,mouth,0.40499121
30,816.337830,4d5b044b30051de4f0a6b2dc419ea9ca_shot_001_000,lpips,full,0.41895059
30,816.337830,4d5b044b30051de4f0a6b2dc419ea9ca_shot_001_000,sharpness,mouth,6.2063
30,816.337830,4d5b044b30051de4f0a6b2dc419ea9ca_shot_001_000,lmd,mouth,4.295104
31,802.978699,4d5b044b30051de4f0a6b2dc419ea9ca_shot_001_000,pixel_mse,mouth,0.01482229
31,802.978699,4d5b044b30051de4f0a6b2dc419ea9ca_shot_001_000,pixel_mse,full,0.01666924
31,802.978699,4d5b044b30051de4f0a6b2dc419ea9ca_shot_001_000,ssim,mouth,0.58626431
31,802.978699,4d5b044b30051de4f0a6b2dc419ea9ca_shot_001_000,ssim,full,0.63075429
31,802.978699,4d5b044b30051de4f0a6b2dc419ea9ca_shot_001_000,lpips,mouth,0.40507579
31,802.978699,4d5b044b30051de4f0a6b2dc419ea9ca_shot_001_000,lpips,full,0.42144176
31,802.978699,4d5b044b30051de4f0a6b2dc419ea9ca_shot_001_000,sharpness,mouth,6.2444
31,802.978699,4d5b044b30051de4f0a6b2dc419ea9ca_shot_001_000,lmd,mouth,4.139103
32,788.560242,4d5b044b30051de4f0a6b2dc419ea9ca_shot_001_000,pixel_mse,mouth,0.0150525
32,788.560242,4d5b044b30051de4f0a6b2dc419ea9ca_shot_001_000,pixel_mse,full,0.01677999
32,788.560242,4d5b044b30051de4f0a6b2dc419ea9ca_shot_001_000,ssim,mouth,0.58423632
32,788.560242,4d5b044b30051de4f0a6b2dc419ea9ca_shot_001_000,ssim,full,0.62932336
32,788.560242,4d5b044b30051de4f0a6b2dc419ea9ca_shot_001_000,lpips,mouth,0.4051275
32,788.560242,4d5b044b30051de4f0a6b2dc419ea9ca_shot_001_000,lpips,full,0.42256302
32,788.560242,4d5b044b30051de4f0a6b2dc419ea9ca_shot_001_000,sharpness,mouth,6.3887
32,788.560242,4d5b044b30051de4f0a6b2dc419ea9ca_shot_001_000,lmd,mouth,4.034494
32,788.560242,4d5b044b30051de4f0a6b2dc419ea9ca_shot_001_000,sync_d,mouth,12.419873
32,788.560242,4d5b044b30051de4f0a6b2dc419ea9ca_shot_001_000,sync_c,mouth,0.64617
33,772.951477,4d5b044b30051de4f0a6b2dc419ea9ca_shot_001_000,pixel_mse,mouth,0.01539159
33,772.951477,4d5b044b30051de4f0a6b2dc419ea9ca_shot_001_000,pixel_mse,full,0.01682516
33,772.951477,4d5b044b30051de4f0a6b2dc419ea9ca_shot_001_000,ssim,mouth,0.5784151
33,772.951477,4d5b044b30051de4f0a6b2dc419ea9ca_shot_001_000,ssim,full,0.62841773
33,772.951477,4d5b044b30051de4f0a6b2dc419ea9ca_shot_001_000,lpips,mouth,0.40499058
33,772.951477,4d5b044b30051de4f0a6b2dc419ea9ca_shot_001_000,lpips,full,0.4216041
33,772.951477,4d5b044b30051de4f0a6b2dc419ea9ca_shot_001_000,sharpness,mouth,6.4051
33,772.951477,4d5b044b30051de4f0a6b2dc419ea9ca_shot_001_000,lmd,mouth,4.075334
34,755.998352,4d5b044b30051de4f0a6b2dc419ea9ca_shot_001_000,pixel_mse,mouth,0.01526221
34,755.998352,4d5b044b30051de4f0a6b2dc419ea9ca_shot_001_000,pixel_mse,full,0.01686724
34,755.998352,4d5b044b30051de4f0a6b2dc419ea9ca_shot_001_000,ssim,mouth,0.58014566
34,755.998352,4d5b044b30051de4f0a6b2dc419ea9ca_shot_001_000,ssim,full,0.62918019
34,755.998352,4d5b044b30051de4f0a6b2dc419ea9ca_shot_001_000,lpips,mouth,0.4034017
34,755.998352,4d5b044b30051de4f0a6b2dc419ea9ca_shot_001_000,lpips,full,0.42295465
34,755.998352,4d5b044b30051de4f0a6b2dc419ea9ca_shot_001_000,sharpness,mouth,6.2926
34,755.998352,4d5b044b30051de4f0a6b2dc419ea9ca_shot_001_000,lmd,mouth,4.198251
35,737.519714,4d5b044b30051de4f0a6b2dc419ea9ca_shot_001_000,pixel_mse,mouth,0.01565561
35,737.519714,4d5b044b30051de4f0a6b2dc419ea9ca_shot_001_000,pixel_mse,full,0.01692788
35,737.519714,4d5b044b30051de4f0a6b2dc419ea9ca_shot_001_000,ssim,mouth,0.5757544
35,737.519714,4d5b044b30051de4f0a6b2dc419ea9ca_shot_001_000,ssim,full,0.62855899
35,737.519714,4d5b044b30051de4f0a6b2dc419ea9ca_shot_001_000,lpips,mouth,0.4025836
35,737.519714,4d5b044b30051de4f0a6b2dc419ea9ca_shot_001_000,lpips,full,0.42470422
35,737.519714,4d5b044b30051de4f0a6b2dc419ea9ca_shot_001_000,sharpness,mouth,6.4391
35,737.519714,4d5b044b30051de4f0a6b2dc419ea9ca_shot_001_000,lmd,mouth,4.254007
36,717.299683,4d5b044b30051de4f0a6b2dc419ea9ca_shot_001_000,pixel_mse,mouth,0.01579384
36,717.299683,4d5b044b30051de4f0a6b2dc419ea9ca_shot_001_000,pixel_mse,full,0.01693773
36,717.299683,4d5b044b30051de4f0a6b2dc419ea9ca_shot_001_000,ssim,mouth,0.57643855
36,717.299683,4d5b044b30051de4f0a6b2dc419ea9ca_shot_001_000,ssim,full,0.62896311
36,717.299683,4d5b044b30051de4f0a6b2dc419ea9ca_shot_001_000,lpips,mouth,0.40219465
36,717.299683,4d5b044b30051de4f0a6b2dc419ea9ca_shot_001_000,lpips,full,0.42451185
36,717.299683,4d5b044b30051de4f0a6b2dc419ea9ca_shot_001_000,sharpness,mouth,6.4465
36,717.299683,4d5b044b30051de4f0a6b2dc419ea9ca_shot_001_000,lmd,mouth,4.083005
37,695.080139,4d5b044b30051de4f0a6b2dc419ea9ca_shot_001_000,pixel_mse,mouth,0.0160109
37,695.080139,4d5b044b30051de4f0a6b2dc419ea9ca_shot_001_000,pixel_mse,full,0.01697832
37,695.080139,4d5b044b30051de4f0a6b2dc419ea9ca_shot_001_000,ssim,mouth,0.57479519
37,695.080139,4d5b044b30051de4f0a6b2dc419ea9ca_shot_001_000,ssim,full,0.62915027
37,695.080139,4d5b044b30051de4f0a6b2dc419ea9ca_shot_001_000,lpips,mouth,0.40559849
37,695.080139,4d5b044b30051de4f0a6b2dc419ea9ca_shot_001_000,lpips,full,0.42493683
37,695.080139,4d5b044b30051de4f0a6b2dc419ea9ca_shot_001_000,sharpness,mouth,6.4414
37,695.080139,4d5b044b30051de4f0a6b2dc419ea9ca_shot_001_000,lmd,mouth,4.292396
38,670.548828,4d5b044b30051de4f0a6b2dc419ea9ca_shot_001_000,pixel_mse,mouth,0.01562843
38,670.548828,4d5b044b30051de4f0a6b2dc419ea9ca_shot_001_000,pixel_mse,full,0.01701571
38,670.548828,4d5b044b30051de4f0a6b2dc419ea9ca_shot_001_000,ssim,mouth,0.57536918
38,670.548828,4d5b044b30051de4f0a6b2dc419ea9ca_shot_001_000,ssim,full,0.62875062
38,670.548828,4d5b044b30051de4f0a6b2dc419ea9ca_shot_001_000,lpips,mouth,0.40377563
38,670.548828,4d5b044b30051de4f0a6b2dc419ea9ca_shot_001_000,lpips,full,0.42507783
38,670.548828,4d5b044b30051de4f0a6b2dc419ea9ca_shot_001_000,sharpness,mouth,6.4578
38,670.548828,4d5b044b30051de4f0a6b2dc419ea9ca_shot_001_000,lmd,mouth,4.296899
39,643.325317,4d5b044b30051de4f0a6b2dc419ea9ca_shot_001_000,pixel_mse,mouth,0.0153454
39,643.325317,4d5b044b30051de4f0a6b2dc419ea9ca_shot_001_000,pixel_mse,full,0.01704171
39,643.325317,4d5b044b30051de4f0a6b2dc419ea9ca_shot_001_000,ssim,mouth,0.57933152
39,643.325317,4d5b044b30051de4f0a6b2dc419ea9ca_shot_001_000,ssim,full,0.62790453
39,643.325317,4d5b044b30051de4f0a6b2dc419ea9ca_shot_001_000,lpips,mouth,0.40381932
39,643.325317,4d5b044b30051de4f0a6b2dc419ea9ca_shot_001_000,lpips,full,0.425969
39,643.325317,4d5b044b30051de4f0a6b2dc419ea9ca_shot_001_000,sharpness,mouth,6.3901
39,643.325317,4d5b044b30051de4f0a6b2dc419ea9ca_shot_001_000,lmd,mouth,4.314118
40,612.940735,4d5b044b30051de4f0a6b2dc419ea9ca_shot_001_000,pixel_mse,mouth,0.01543774
40,612.940735,4d5b044b30051de4f0a6b2dc419ea9ca_shot_001_000,pixel_mse,full,0.0170654
40,612.940735,4d5b044b30051de4f0a6b2dc419ea9ca_shot_001_000,ssim,mouth,0.58000869
40,612.940735,4d5b044b30051de4f0a6b2dc419ea9ca_shot_001_000,ssim,full,0.62703097
40,612.940735,4d5b044b30051de4f0a6b2dc419ea9ca_shot_001_000,lpips,mouth,0.40656847
40,612.940735,4d5b044b30051de4f0a6b2dc419ea9ca_shot_001_000,lpips,full,0.42666674
40,612.940735,4d5b044b30051de4f0a6b2dc419ea9ca_shot_001_000,sharpness,mouth,6.37
40,612.940735,4d5b044b30051de4f0a6b2dc419ea9ca_shot_001_000,lmd,mouth,4.231554
41,578.810425,4d5b044b30051de4f0a6b2dc419ea9ca_shot_001_000,pixel_mse,mouth,0.01541786
41,578.810425,4d5b044b30051de4f0a6b2dc419ea9ca_shot_001_000,pixel_mse,full,0.0170825
41,578.810425,4d5b044b30051de4f0a6b2dc419ea9ca_shot_001_000,ssim,mouth,0.58024877
41,578.810425,4d5b044b30051de4f0a6b2dc419ea9ca_shot_001_000,ssim,full,0.62612438
41,578.810425,4d5b044b30051de4f0a6b2dc419ea9ca_shot_001_000,lpips,mouth,0.40575182
41,578.810425,4d5b044b30051de4f0a6b2dc419ea9ca_shot_001_000,lpips,full,0.42729098
41,578.810425,4d5b044b30051de4f0a6b2dc419ea9ca_shot_001_000,sharpness,mouth,6.4395
41,578.810425,4d5b044b30051de4f0a6b2dc419ea9ca_shot_001_000,lmd,mouth,4.221176
42,540.196350,4d5b044b30051de4f0a6b2dc419ea9ca_shot_001_000,pixel_mse,mouth,0.01555838
42,540.196350,4d5b044b30051de4f0a6b2dc419ea9ca_shot_001_000,pixel_mse,full,0.01709724
42,540.196350,4d5b044b30051de4f0a6b2dc419ea9ca_shot_001_000,ssim,mouth,0.58012915
42,540.196350,4d5b044b30051de4f0a6b2dc419ea9ca_shot_001_000,ssim,full,0.6250186
42,540.196350,4d5b044b30051de4f0a6b2dc419ea9ca_shot_001_000,lpips,mouth,0.4067362
42,540.196350,4d5b044b30051de4f0a6b2dc419ea9ca_shot_001_000,lpips,full,0.42851219
42,540.196350,4d5b044b30051de4f0a6b2dc419ea9ca_shot_001_000,sharpness,mouth,6.3903
42,540.196350,4d5b044b30051de4f0a6b2dc419ea9ca_shot_001_000,lmd,mouth,4.471821
43,496.152893,4d5b044b30051de4f0a6b2dc419ea9ca_shot_001_000,pixel_mse,mouth,0.01551213
43,496.152893,4d5b044b30051de4f0a6b2dc419ea9ca_shot_001_000,pixel_mse,full,0.01712243
43,496.152893,4d5b044b30051de4f0a6b2dc419ea9ca_shot_001_000,ssim,mouth,0.58047724
43,496.152893,4d5b044b30051de4f0a6b2dc419ea9ca_shot_001_000,ssim,full,0.62366587
43,496.152893,4d5b044b30051de4f0a6b2dc419ea9ca_shot_001_000,lpips,mouth,0.40801343
43,496.152893,4d5b044b30051de4f0a6b2dc419ea9ca_shot_001_000,lpips,full,0.42997354
43,496.152893,4d5b044b30051de4f0a6b2dc419ea9ca_shot_001_000,sharpness,mouth,6.3679
43,496.152893,4d5b044b30051de4f0a6b2dc419ea9ca_shot_001_000,lmd,mouth,4.314597
44,445.448151,4d5b044b30051de4f0a6b2dc419ea9ca_shot_001_000,pixel_mse,mouth,0.01555026
44,445.448151,4d5b044b30051de4f0a6b2dc419ea9ca_shot_001_000,pixel_mse,full,0.01716283
44,445.448151,4d5b044b30051de4f0a6b2dc419ea9ca_shot_001_000,ssim,mouth,0.58011431
44,445.448151,4d5b044b30051de4f0a6b2dc419ea9ca_shot_001_000,ssim,full,0.62217736
44,445.448151,4d5b044b30051de4f0a6b2dc419ea9ca_shot_001_000,lpips,mouth,0.40578648
44,445.448151,4d5b044b30051de4f0a6b2dc419ea9ca_shot_001_000,lpips,full,0.42975456
44,445.448151,4d5b044b30051de4f0a6b2dc419ea9ca_shot_001_000,sharpness,mouth,6.3568
44,445.448151,4d5b044b30051de4f0a6b2dc419ea9ca_shot_001_000,lmd,mouth,4.315561
45,386.447418,4d5b044b30051de4f0a6b2dc419ea9ca_shot_001_000,pixel_mse,mouth,0.01561852
45,386.447418,4d5b044b30051de4f0a6b2dc419ea9ca_shot_001_000,pixel_mse,full,0.01720335
45,386.447418,4d5b044b30051de4f0a6b2dc419ea9ca_shot_001_000,ssim,mouth,0.58052075
45,386.447418,4d5b044b30051de4f0a6b2dc419ea9ca_shot_001_000,ssim,full,0.62004811
45,386.447418,4d5b044b30051de4f0a6b2dc419ea9ca_shot_001_000,lpips,mouth,0.40962917
45,386.447418,4d5b044b30051de4f0a6b2dc419ea9ca_shot_001_000,lpips,full,0.43172473
45,386.447418,4d5b044b30051de4f0a6b2dc419ea9ca_shot_001_000,sharpness,mouth,6.3671
45,386.447418,4d5b044b30051de4f0a6b2dc419ea9ca_shot_001_000,lmd,mouth,4.306227
46,316.933258,4d5b044b30051de4f0a6b2dc419ea9ca_shot_001_000,pixel_mse,mouth,0.01555257
46,316.933258,4d5b044b30051de4f0a6b2dc419ea9ca_shot_001_000,pixel_mse,full,0.01722805
46,316.933258,4d5b044b30051de4f0a6b2dc419ea9ca_shot_001_000,ssim,mouth,0.58131754
46,316.933258,4d5b044b30051de4f0a6b2dc419ea9ca_shot_001_000,ssim,full,0.61829162
46,316.933258,4d5b044b30051de4f0a6b2dc419ea9ca_shot_001_000,lpips,mouth,0.41135535
46,316.933258,4d5b044b30051de4f0a6b2dc419ea9ca_shot_001_000,lpips,full,0.43282107
46,316.933258,4d5b044b30051de4f0a6b2dc419ea9ca_shot_001_000,sharpness,mouth,6.3347
46,316.933258,4d5b044b30051de4f0a6b2dc419ea9ca_shot_001_000,lmd,mouth,4.418492
47,233.820694,4d5b044b30051de4f0a6b2dc419ea9ca_shot_001_000,pixel_mse,mouth,0.01565255
47,233.820694,4d5b044b30051de4f0a6b2dc419ea9ca_shot_001_000,pixel_mse,full,0.01728314
47,233.820694,4d5b044b30051de4f0a6b2dc419ea9ca_shot_001_000,ssim,mouth,0.58052188
47,233.820694,4d5b044b30051de4f0a6b2dc419ea9ca_shot_001_000,ssim,full,0.61639804
47,233.820694,4d5b044b30051de4f0a6b2dc419ea9ca_shot_001_000,lpips,mouth,0.41080719
47,233.820694,4d5b044b30051de4f0a6b2dc419ea9ca_shot_001_000,lpips,full,0.43349198
47,233.820694,4d5b044b30051de4f0a6b2dc419ea9ca_shot_001_000,sharpness,mouth,6.258
47,233.820694,4d5b044b30051de4f0a6b2dc419ea9ca_shot_001_000,lmd,mouth,4.098155
48,132.687027,4d5b044b30051de4f0a6b2dc419ea9ca_shot_001_000,pixel_mse,mouth,0.01563908
48,132.687027,4d5b044b30051de4f0a6b2dc419ea9ca_shot_001_000,pixel_mse,full,0.01731838
48,132.687027,4d5b044b30051de4f0a6b2dc419ea9ca_shot_001_000,ssim,mouth,0.58048773
48,132.687027,4d5b044b30051de4f0a6b2dc419ea9ca_shot_001_000,ssim,full,0.61440128
48,132.687027,4d5b044b30051de4f0a6b2dc419ea9ca_shot_001_000,lpips,mouth,0.40835613
48,132.687027,4d5b044b30051de4f0a6b2dc419ea9ca_shot_001_000,lpips,full,0.43349001
48,132.687027,4d5b044b30051de4f0a6b2dc419ea9ca_shot_001_000,sharpness,mouth,6.2989
48,132.687027,4d5b044b30051de4f0a6b2dc419ea9ca_shot_001_000,lmd,mouth,4.371038
49,6.958251,4d5b044b30051de4f0a6b2dc419ea9ca_shot_001_000,pixel_mse,mouth,0.01565894
49,6.958251,4d5b044b30051de4f0a6b2dc419ea9ca_shot_001_000,pixel_mse,full,0.01734292
49,6.958251,4d5b044b30051de4f0a6b2dc419ea9ca_shot_001_000,ssim,mouth,0.57748318
49,6.958251,4d5b044b30051de4f0a6b2dc419ea9ca_shot_001_000,ssim,full,0.61075157
49,6.958251,4d5b044b30051de4f0a6b2dc419ea9ca_shot_001_000,lpips,mouth,0.39917982
49,6.958251,4d5b044b30051de4f0a6b2dc419ea9ca_shot_001_000,lpips,full,0.4307946
49,6.958251,4d5b044b30051de4f0a6b2dc419ea9ca_shot_001_000,sharpness,mouth,6.1677
49,6.958251,4d5b044b30051de4f0a6b2dc419ea9ca_shot_001_000,lmd,mouth,4.106603
-1,gt,ecb359eb6753b3b64a027f66d912892e_shot_001_000,sharpness,mouth,98.9313
-1,gt,ecb359eb6753b3b64a027f66d912892e_shot_001_000,sync_d,mouth,7.469956
-1,gt,ecb359eb6753b3b64a027f66d912892e_shot_001_000,sync_c,mouth,8.065294
0,1000.000000,ecb359eb6753b3b64a027f66d912892e_shot_001_000,pixel_mse,mouth,0.02842423
0,1000.000000,ecb359eb6753b3b64a027f66d912892e_shot_001_000,pixel_mse,full,0.00785751
0,1000.000000,ecb359eb6753b3b64a027f66d912892e_shot_001_000,ssim,mouth,0.57144254
0,1000.000000,ecb359eb6753b3b64a027f66d912892e_shot_001_000,ssim,full,0.79753262
0,1000.000000,ecb359eb6753b3b64a027f66d912892e_shot_001_000,lpips,mouth,0.49673697
0,1000.000000,ecb359eb6753b3b64a027f66d912892e_shot_001_000,lpips,full,0.29638109
0,1000.000000,ecb359eb6753b3b64a027f66d912892e_shot_001_000,sharpness,mouth,17.2421
0,1000.000000,ecb359eb6753b3b64a027f66d912892e_shot_001_000,lmd,mouth,5.008181
0,1000.000000,ecb359eb6753b3b64a027f66d912892e_shot_001_000,sync_d,mouth,11.354943
0,1000.000000,ecb359eb6753b3b64a027f66d912892e_shot_001_000,sync_c,mouth,2.875633
1,997.035706,ecb359eb6753b3b64a027f66d912892e_shot_001_000,pixel_mse,mouth,0.03078779
1,997.035706,ecb359eb6753b3b64a027f66d912892e_shot_001_000,pixel_mse,full,0.00788124
1,997.035706,ecb359eb6753b3b64a027f66d912892e_shot_001_000,ssim,mouth,0.55498111
1,997.035706,ecb359eb6753b3b64a027f66d912892e_shot_001_000,ssim,full,0.79959208
1,997.035706,ecb359eb6753b3b64a027f66d912892e_shot_001_000,lpips,mouth,0.5038318
1,997.035706,ecb359eb6753b3b64a027f66d912892e_shot_001_000,lpips,full,0.28824711
1,997.035706,ecb359eb6753b3b64a027f66d912892e_shot_001_000,sharpness,mouth,21.1318
1,997.035706,ecb359eb6753b3b64a027f66d912892e_shot_001_000,lmd,mouth,6.232597
1,997.035706,ecb359eb6753b3b64a027f66d912892e_shot_001_000,sync_d,mouth,11.783178
1,997.035706,ecb359eb6753b3b64a027f66d912892e_shot_001_000,sync_c,mouth,2.528274
2,993.963867,ecb359eb6753b3b64a027f66d912892e_shot_001_000,pixel_mse,mouth,0.03531215
2,993.963867,ecb359eb6753b3b64a027f66d912892e_shot_001_000,pixel_mse,full,0.00872774
2,993.963867,ecb359eb6753b3b64a027f66d912892e_shot_001_000,ssim,mouth,0.54121995
2,993.963867,ecb359eb6753b3b64a027f66d912892e_shot_001_000,ssim,full,0.79433316
2,993.963867,ecb359eb6753b3b64a027f66d912892e_shot_001_000,lpips,mouth,0.49211463
2,993.963867,ecb359eb6753b3b64a027f66d912892e_shot_001_000,lpips,full,0.2811667
2,993.963867,ecb359eb6753b3b64a027f66d912892e_shot_001_000,sharpness,mouth,21.764
2,993.963867,ecb359eb6753b3b64a027f66d912892e_shot_001_000,lmd,mouth,6.478705
2,993.963867,ecb359eb6753b3b64a027f66d912892e_shot_001_000,sync_d,mouth,11.635159
2,993.963867,ecb359eb6753b3b64a027f66d912892e_shot_001_000,sync_c,mouth,2.902768
3,990.779053,ecb359eb6753b3b64a027f66d912892e_shot_001_000,pixel_mse,mouth,0.03703172
3,990.779053,ecb359eb6753b3b64a027f66d912892e_shot_001_000,pixel_mse,full,0.00870065
3,990.779053,ecb359eb6753b3b64a027f66d912892e_shot_001_000,ssim,mouth,0.53386652
3,990.779053,ecb359eb6753b3b64a027f66d912892e_shot_001_000,ssim,full,0.79652709
3,990.779053,ecb359eb6753b3b64a027f66d912892e_shot_001_000,lpips,mouth,0.50195956
3,990.779053,ecb359eb6753b3b64a027f66d912892e_shot_001_000,lpips,full,0.27618089
3,990.779053,ecb359eb6753b3b64a027f66d912892e_shot_001_000,sharpness,mouth,28.4893
3,990.779053,ecb359eb6753b3b64a027f66d912892e_shot_001_000,lmd,mouth,4.93928
3,990.779053,ecb359eb6753b3b64a027f66d912892e_shot_001_000,sync_d,mouth,10.811106
3,990.779053,ecb359eb6753b3b64a027f66d912892e_shot_001_000,sync_c,mouth,3.844315
4,987.474243,ecb359eb6753b3b64a027f66d912892e_shot_001_000,pixel_mse,mouth,0.04041901
4,987.474243,ecb359eb6753b3b64a027f66d912892e_shot_001_000,pixel_mse,full,0.00910701
4,987.474243,ecb359eb6753b3b64a027f66d912892e_shot_001_000,ssim,mouth,0.5307557
4,987.474243,ecb359eb6753b3b64a027f66d912892e_shot_001_000,ssim,full,0.7948826
4,987.474243,ecb359eb6753b3b64a027f66d912892e_shot_001_000,lpips,mouth,0.4910517
4,987.474243,ecb359eb6753b3b64a027f66d912892e_shot_001_000,lpips,full,0.27070111
4,987.474243,ecb359eb6753b3b64a027f66d912892e_shot_001_000,sharpness,mouth,26.8576
4,987.474243,ecb359eb6753b3b64a027f66d912892e_shot_001_000,lmd,mouth,6.001415
4,987.474243,ecb359eb6753b3b64a027f66d912892e_shot_001_000,sync_d,mouth,11.129642
4,987.474243,ecb359eb6753b3b64a027f66d912892e_shot_001_000,sync_c,mouth,3.446394
5,984.043091,ecb359eb6753b3b64a027f66d912892e_shot_001_000,pixel_mse,mouth,0.04285325
5,984.043091,ecb359eb6753b3b64a027f66d912892e_shot_001_000,pixel_mse,full,0.00937084
5,984.043091,ecb359eb6753b3b64a027f66d912892e_shot_001_000,ssim,mouth,0.52069908
5,984.043091,ecb359eb6753b3b64a027f66d912892e_shot_001_000,ssim,full,0.79212481
5,984.043091,ecb359eb6753b3b64a027f66d912892e_shot_001_000,lpips,mouth,0.48185354
5,984.043091,ecb359eb6753b3b64a027f66d912892e_shot_001_000,lpips,full,0.26094881
5,984.043091,ecb359eb6753b3b64a027f66d912892e_shot_001_000,sharpness,mouth,41.2456
5,984.043091,ecb359eb6753b3b64a027f66d912892e_shot_001_000,lmd,mouth,5.70855
5,984.043091,ecb359eb6753b3b64a027f66d912892e_shot_001_000,sync_d,mouth,11.476271
5,984.043091,ecb359eb6753b3b64a027f66d912892e_shot_001_000,sync_c,mouth,3.527605
6,980.477844,ecb359eb6753b3b64a027f66d912892e_shot_001_000,pixel_mse,mouth,0.04190543
6,980.477844,ecb359eb6753b3b64a027f66d912892e_shot_001_000,pixel_mse,full,0.00919732
6,980.477844,ecb359eb6753b3b64a027f66d912892e_shot_001_000,ssim,mouth,0.52035451
6,980.477844,ecb359eb6753b3b64a027f66d912892e_shot_001_000,ssim,full,0.79341024
6,980.477844,ecb359eb6753b3b64a027f66d912892e_shot_001_000,lpips,mouth,0.46492937
6,980.477844,ecb359eb6753b3b64a027f66d912892e_shot_001_000,lpips,full,0.25345778
6,980.477844,ecb359eb6753b3b64a027f66d912892e_shot_001_000,sharpness,mouth,43.4622
6,980.477844,ecb359eb6753b3b64a027f66d912892e_shot_001_000,lmd,mouth,5.668337
6,980.477844,ecb359eb6753b3b64a027f66d912892e_shot_001_000,sync_d,mouth,10.503663
6,980.477844,ecb359eb6753b3b64a027f66d912892e_shot_001_000,sync_c,mouth,4.486968
7,976.770691,ecb359eb6753b3b64a027f66d912892e_shot_001_000,pixel_mse,mouth,0.04546419
7,976.770691,ecb359eb6753b3b64a027f66d912892e_shot_001_000,pixel_mse,full,0.0097512
7,976.770691,ecb359eb6753b3b64a027f66d912892e_shot_001_000,ssim,mouth,0.50437754
7,976.770691,ecb359eb6753b3b64a027f66d912892e_shot_001_000,ssim,full,0.7892409
7,976.770691,ecb359eb6753b3b64a027f66d912892e_shot_001_000,lpips,mouth,0.45392072
7,976.770691,ecb359eb6753b3b64a027f66d912892e_shot_001_000,lpips,full,0.2478283
7,976.770691,ecb359eb6753b3b64a027f66d912892e_shot_001_000,sharpness,mouth,55.5086
7,976.770691,ecb359eb6753b3b64a027f66d912892e_shot_001_000,lmd,mouth,5.684018
7,976.770691,ecb359eb6753b3b64a027f66d912892e_shot_001_000,sync_d,mouth,10.323556
7,976.770691,ecb359eb6753b3b64a027f66d912892e_shot_001_000,sync_c,mouth,4.71813
8,972.912842,ecb359eb6753b3b64a027f66d912892e_shot_001_000,pixel_mse,mouth,0.04270905
8,972.912842,ecb359eb6753b3b64a027f66d912892e_shot_001_000,pixel_mse,full,0.00931104
8,972.912842,ecb359eb6753b3b64a027f66d912892e_shot_001_000,ssim,mouth,0.51215643
8,972.912842,ecb359eb6753b3b64a027f66d912892e_shot_001_000,ssim,full,0.79365391
8,972.912842,ecb359eb6753b3b64a027f66d912892e_shot_001_000,lpips,mouth,0.45083836
8,972.912842,ecb359eb6753b3b64a027f66d912892e_shot_001_000,lpips,full,0.2424209
8,972.912842,ecb359eb6753b3b64a027f66d912892e_shot_001_000,sharpness,mouth,44.2508
8,972.912842,ecb359eb6753b3b64a027f66d912892e_shot_001_000,lmd,mouth,5.497985
8,972.912842,ecb359eb6753b3b64a027f66d912892e_shot_001_000,sync_d,mouth,9.069252
8,972.912842,ecb359eb6753b3b64a027f66d912892e_shot_001_000,sync_c,mouth,6.015647
9,968.895081,ecb359eb6753b3b64a027f66d912892e_shot_001_000,pixel_mse,mouth,0.04073183
9,968.895081,ecb359eb6753b3b64a027f66d912892e_shot_001_000,pixel_mse,full,0.00915862
9,968.895081,ecb359eb6753b3b64a027f66d912892e_shot_001_000,ssim,mouth,0.51745886
9,968.895081,ecb359eb6753b3b64a027f66d912892e_shot_001_000,ssim,full,0.79494363
9,968.895081,ecb359eb6753b3b64a027f66d912892e_shot_001_000,lpips,mouth,0.43519577
9,968.895081,ecb359eb6753b3b64a027f66d912892e_shot_001_000,lpips,full,0.23887788
9,968.895081,ecb359eb6753b3b64a027f66d912892e_shot_001_000,sharpness,mouth,38.1494
9,968.895081,ecb359eb6753b3b64a027f66d912892e_shot_001_000,lmd,mouth,5.484082
9,968.895081,ecb359eb6753b3b64a027f66d912892e_shot_001_000,sync_d,mouth,8.452251
9,968.895081,ecb359eb6753b3b64a027f66d912892e_shot_001_000,sync_c,mouth,6.749501
10,964.707153,ecb359eb6753b3b64a027f66d912892e_shot_001_000,pixel_mse,mouth,0.03958986
10,964.707153,ecb359eb6753b3b64a027f66d912892e_shot_001_000,pixel_mse,full,0.008894
10,964.707153,ecb359eb6753b3b64a027f66d912892e_shot_001_000,ssim,mouth,0.52248538
10,964.707153,ecb359eb6753b3b64a027f66d912892e_shot_001_000,ssim,full,0.79564905
10,964.707153,ecb359eb6753b3b64a027f66d912892e_shot_001_000,lpips,mouth,0.43085527
10,964.707153,ecb359eb6753b3b64a027f66d912892e_shot_001_000,lpips,full,0.23573793
10,964.707153,ecb359eb6753b3b64a027f66d912892e_shot_001_000,sharpness,mouth,38.7047
10,964.707153,ecb359eb6753b3b64a027f66d912892e_shot_001_000,lmd,mouth,5.482303
10,964.707153,ecb359eb6753b3b64a027f66d912892e_shot_001_000,sync_d,mouth,9.621862
10,964.707153,ecb359eb6753b3b64a027f66d912892e_shot_001_000,sync_c,mouth,5.780346
11,960.337952,ecb359eb6753b3b64a027f66d912892e_shot_001_000,pixel_mse,mouth,0.03958593
11,960.337952,ecb359eb6753b3b64a027f66d912892e_shot_001_000,pixel_mse,full,0.00888211
11,960.337952,ecb359eb6753b3b64a027f66d912892e_shot_001_000,ssim,mouth,0.51982939
11,960.337952,ecb359eb6753b3b64a027f66d912892e_shot_001_000,ssim,full,0.79453409
11,960.337952,ecb359eb6753b3b64a027f66d912892e_shot_001_000,lpips,mouth,0.42310169
11,960.337952,ecb359eb6753b3b64a027f66d912892e_shot_001_000,lpips,full,0.23186882
11,960.337952,ecb359eb6753b3b64a027f66d912892e_shot_001_000,sharpness,mouth,38.8041
11,960.337952,ecb359eb6753b3b64a027f66d912892e_shot_001_000,lmd,mouth,5.503495
11,960.337952,ecb359eb6753b3b64a027f66d912892e_shot_001_000,sync_d,mouth,9.029893
11,960.337952,ecb359eb6753b3b64a027f66d912892e_shot_001_000,sync_c,mouth,6.168384
12,955.775635,ecb359eb6753b3b64a027f66d912892e_shot_001_000,pixel_mse,mouth,0.04113333
12,955.775635,ecb359eb6753b3b64a027f66d912892e_shot_001_000,pixel_mse,full,0.00903359
12,955.775635,ecb359eb6753b3b64a027f66d912892e_shot_001_000,ssim,mouth,0.51289523
12,955.775635,ecb359eb6753b3b64a027f66d912892e_shot_001_000,ssim,full,0.79291993
12,955.775635,ecb359eb6753b3b64a027f66d912892e_shot_001_000,lpips,mouth,0.41366506
12,955.775635,ecb359eb6753b3b64a027f66d912892e_shot_001_000,lpips,full,0.22872911
12,955.775635,ecb359eb6753b3b64a027f66d912892e_shot_001_000,sharpness,mouth,41.3618
12,955.775635,ecb359eb6753b3b64a027f66d912892e_shot_001_000,lmd,mouth,5.457044
12,955.775635,ecb359eb6753b3b64a027f66d912892e_shot_001_000,sync_d,mouth,9.080881
12,955.775635,ecb359eb6753b3b64a027f66d912892e_shot_001_000,sync_c,mouth,6.225985
13,951.006897,ecb359eb6753b3b64a027f66d912892e_shot_001_000,pixel_mse,mouth,0.04320014
13,951.006897,ecb359eb6753b3b64a027f66d912892e_shot_001_000,pixel_mse,full,0.00947771
13,951.006897,ecb359eb6753b3b64a027f66d912892e_shot_001_000,ssim,mouth,0.50177294
13,951.006897,ecb359eb6753b3b64a027f66d912892e_shot_001_000,ssim,full,0.78859735
13,951.006897,ecb359eb6753b3b64a027f66d912892e_shot_001_000,lpips,mouth,0.40765601
13,951.006897,ecb359eb6753b3b64a027f66d912892e_shot_001_000,lpips,full,0.22776747
13,951.006897,ecb359eb6753b3b64a027f66d912892e_shot_001_000,sharpness,mouth,50.2371
13,951.006897,ecb359eb6753b3b64a027f66d912892e_shot_001_000,lmd,mouth,5.497112
13,951.006897,ecb359eb6753b3b64a027f66d912892e_shot_001_000,sync_d,mouth,8.769895
13,951.006897,ecb359eb6753b3b64a027f66d912892e_shot_001_000,sync_c,mouth,6.437568
14,946.017517,ecb359eb6753b3b64a027f66d912892e_shot_001_000,pixel_mse,mouth,0.04349073
14,946.017517,ecb359eb6753b3b64a027f66d912892e_shot_001_000,pixel_mse,full,0.00958471
14,946.017517,ecb359eb6753b3b64a027f66d912892e_shot_001_000,ssim,mouth,0.50118959
14,946.017517,ecb359eb6753b3b64a027f66d912892e_shot_001_000,ssim,full,0.78782105
14,946.017517,ecb359eb6753b3b64a027f66d912892e_shot_001_000,lpips,mouth,0.40858275
14,946.017517,ecb359eb6753b3b64a027f66d912892e_shot_001_000,lpips,full,0.22512287
14,946.017517,ecb359eb6753b3b64a027f66d912892e_shot_001_000,sharpness,mouth,52.8177
14,946.017517,ecb359eb6753b3b64a027f66d912892e_shot_001_000,lmd,mouth,5.449195
14,946.017517,ecb359eb6753b3b64a027f66d912892e_shot_001_000,sync_d,mouth,8.621797
14,946.017517,ecb359eb6753b3b64a027f66d912892e_shot_001_000,sync_c,mouth,6.832095
15,940.791870,ecb359eb6753b3b64a027f66d912892e_shot_001_000,pixel_mse,mouth,0.07918815
15,940.791870,ecb359eb6753b3b64a027f66d912892e_shot_001_000,pixel_mse,full,0.01632582
15,940.791870,ecb359eb6753b3b64a027f66d912892e_shot_001_000,ssim,mouth,0.3762432
15,940.791870,ecb359eb6753b3b64a027f66d912892e_shot_001_000,ssim,full,0.74182093
15,940.791870,ecb359eb6753b3b64a027f66d912892e_shot_001_000,lpips,mouth,0.4373703
15,940.791870,ecb359eb6753b3b64a027f66d912892e_shot_001_000,lpips,full,0.2360753
15,940.791870,ecb359eb6753b3b64a027f66d912892e_shot_001_000,sharpness,mouth,391.0676
15,940.791870,ecb359eb6753b3b64a027f66d912892e_shot_001_000,lmd,mouth,5.508428
15,940.791870,ecb359eb6753b3b64a027f66d912892e_shot_001_000,sync_d,mouth,7.85735
15,940.791870,ecb359eb6753b3b64a027f66d912892e_shot_001_000,sync_c,mouth,7.671372
16,935.312622,ecb359eb6753b3b64a027f66d912892e_shot_001_000,pixel_mse,mouth,0.05997767
16,935.312622,ecb359eb6753b3b64a027f66d912892e_shot_001_000,pixel_mse,full,0.01318258
16,935.312622,ecb359eb6753b3b64a027f66d912892e_shot_001_000,ssim,mouth,0.43716577
16,935.312622,ecb359eb6753b3b64a027f66d912892e_shot_001_000,ssim,full,0.75821519
16,935.312622,ecb359eb6753b3b64a027f66d912892e_shot_001_000,lpips,mouth,0.41173252
16,935.312622,ecb359eb6753b3b64a027f66d912892e_shot_001_000,lpips,full,0.23241359
16,935.312622,ecb359eb6753b3b64a027f66d912892e_shot_001_000,sharpness,mouth,61.3935
16,935.312622,ecb359eb6753b3b64a027f66d912892e_shot_001_000,lmd,mouth,5.379259
16,935.312622,ecb359eb6753b3b64a027f66d912892e_shot_001_000,sync_d,mouth,8.770129
16,935.312622,ecb359eb6753b3b64a027f66d912892e_shot_001_000,sync_c,mouth,6.243754
17,929.560913,ecb359eb6753b3b64a027f66d912892e_shot_001_000,pixel_mse,mouth,0.04521924
17,929.560913,ecb359eb6753b3b64a027f66d912892e_shot_001_000,pixel_mse,full,0.0102885
17,929.560913,ecb359eb6753b3b64a027f66d912892e_shot_001_000,ssim,mouth,0.48566893
17,929.560913,ecb359eb6753b3b64a027f66d912892e_shot_001_000,ssim,full,0.77303088
17,929.560913,ecb359eb6753b3b64a027f66d912892e_shot_001_000,lpips,mouth,0.38992164
17,929.560913,ecb359eb6753b3b64a027f66d912892e_shot_001_000,lpips,full,0.23514397
17,929.560913,ecb359eb6753b3b64a027f66d912892e_shot_001_000,sharpness,mouth,32.7988
17,929.560913,ecb359eb6753b3b64a027f66d912892e_shot_001_000,lmd,mouth,5.699926
17,929.560913,ecb359eb6753b3b64a027f66d912892e_shot_001_000,sync_d,mouth,10.889731
17,929.560913,ecb359eb6753b3b64a027f66d912892e_shot_001_000,sync_c,mouth,4.171426
18,923.515991,ecb359eb6753b3b64a027f66d912892e_shot_001_000,pixel_mse,mouth,0.03777207
18,923.515991,ecb359eb6753b3b64a027f66d912892e_shot_001_000,pixel_mse,full,0.00857451
18,923.515991,ecb359eb6753b3b64a027f66d912892e_shot_001_000,ssim,mouth,0.51628006
18,923.515991,ecb359eb6753b3b64a027f66d912892e_shot_001_000,ssim,full,0.78814793
18,923.515991,ecb359eb6753b3b64a027f66d912892e_shot_001_000,lpips,mouth,0.42541072
18,923.515991,ecb359eb6753b3b64a027f66d912892e_shot_001_000,lpips,full,0.24746954
18,923.515991,ecb359eb6753b3b64a027f66d912892e_shot_001_000,sharpness,mouth,27.1945
18,923.515991,ecb359eb6753b3b64a027f66d912892e_shot_001_000,lmd,mouth,5.994843
18,923.515991,ecb359eb6753b3b64a027f66d912892e_shot_001_000,sync_d,mouth,11.100039
18,923.515991,ecb359eb6753b3b64a027f66d912892e_shot_001_000,sync_c,mouth,3.693212
19,917.154785,ecb359eb6753b3b64a027f66d912892e_shot_001_000,pixel_mse,mouth,0.03404015
19,917.154785,ecb359eb6753b3b64a027f66d912892e_shot_001_000,pixel_mse,full,0.00782144
19,917.154785,ecb359eb6753b3b64a027f66d912892e_shot_001_000,ssim,mouth,0.54337811
19,917.154785,ecb359eb6753b3b64a027f66d912892e_shot_001_000,ssim,full,0.79534441
19,917.154785,ecb359eb6753b3b64a027f66d912892e_shot_001_000,lpips,mouth,0.45918763
19,917.154785,ecb359eb6753b3b64a027f66d912892e_shot_001_000,lpips,full,0.25942236
19,917.154785,ecb359eb6753b3b64a027f66d912892e_shot_001_000,sharpness,mouth,20.9228
19,917.154785,ecb359eb6753b3b64a027f66d912892e_shot_001_000,lmd,mouth,6.481052
19,917.154785,ecb359eb6753b3b64a027f66d912892e_shot_001_000,sync_d,mouth,10.621469
19,917.154785,ecb359eb6753b3b64a027f66d912892e_shot_001_000,sync_c,mouth,4.387709
20,910.451721,ecb359eb6753b3b64a027f66d912892e_shot_001_000,pixel_mse,mouth,0.03355813
20,910.451721,ecb359eb6753b3b64a027f66d912892e_shot_001_000,pixel_mse,full,0.00776427
20,910.451721,ecb359eb6753b3b64a027f66d912892e_shot_001_000,ssim,mouth,0.53548408
20,910.451721,ecb359eb6753b3b64a027f66d912892e_shot_001_000,ssim,full,0.79648083
20,910.451721,ecb359eb6753b3b64a027f66d912892e_shot_001_000,lpips,mouth,0.45384008
20,910.451721,ecb359eb6753b3b64a027f66d912892e_shot_001_000,lpips,full,0.25938514
20,910.451721,ecb359eb6753b3b64a027f66d912892e_shot_001_000,sharpness,mouth,21.2078
20,910.451721,ecb359eb6753b3b64a027f66d912892e_shot_001_000,lmd,mouth,6.331639
20,910.451721,ecb359eb6753b3b64a027f66d912892e_shot_001_000,sync_d,mouth,9.832006
20,910.451721,ecb359eb6753b3b64a027f66d912892e_shot_001_000,sync_c,mouth,4.867687
21,903.378723,ecb359eb6753b3b64a027f66d912892e_shot_001_000,pixel_mse,mouth,0.03715701
21,903.378723,ecb359eb6753b3b64a027f66d912892e_shot_001_000,pixel_mse,full,0.00835261
21,903.378723,ecb359eb6753b3b64a027f66d912892e_shot_001_000,ssim,mouth,0.5245412
21,903.378723,ecb359eb6753b3b64a027f66d912892e_shot_001_000,ssim,full,0.78864491
21,903.378723,ecb359eb6753b3b64a027f66d912892e_shot_001_000,lpips,mouth,0.42927343
21,903.378723,ecb359eb6753b3b64a027f66d912892e_shot_001_000,lpips,full,0.24746862
21,903.378723,ecb359eb6753b3b64a027f66d912892e_shot_001_000,sharpness,mouth,25.0722
21,903.378723,ecb359eb6753b3b64a027f66d912892e_shot_001_000,lmd,mouth,5.826095
21,903.378723,ecb359eb6753b3b64a027f66d912892e_shot_001_000,sync_d,mouth,9.605824
21,903.378723,ecb359eb6753b3b64a027f66d912892e_shot_001_000,sync_c,mouth,5.438687
22,895.903931,ecb359eb6753b3b64a027f66d912892e_shot_001_000,pixel_mse,mouth,0.03746776
22,895.903931,ecb359eb6753b3b64a027f66d912892e_shot_001_000,pixel_mse,full,0.00841772
22,895.903931,ecb359eb6753b3b64a027f66d912892e_shot_001_000,ssim,mouth,0.5256176
22,895.903931,ecb359eb6753b3b64a027f66d912892e_shot_001_000,ssim,full,0.78651416
22,895.903931,ecb359eb6753b3b64a027f66d912892e_shot_001_000,lpips,mouth,0.41685447
22,895.903931,ecb359eb6753b3b64a027f66d912892e_shot_001_000,lpips,full,0.24212301
22,895.903931,ecb359eb6753b3b64a027f66d912892e_shot_001_000,sharpness,mouth,27.3977
22,895.903931,ecb359eb6753b3b64a027f66d912892e_shot_001_000,lmd,mouth,6.07461
22,895.903931,ecb359eb6753b3b64a027f66d912892e_shot_001_000,sync_d,mouth,10.765388
22,895.903931,ecb359eb6753b3b64a027f66d912892e_shot_001_000,sync_c,mouth,4.169137
23,887.992493,ecb359eb6753b3b64a027f66d912892e_shot_001_000,pixel_mse,mouth,0.03677893
23,887.992493,ecb359eb6753b3b64a027f66d912892e_shot_001_000,pixel_mse,full,0.00828055
23,887.992493,ecb359eb6753b3b64a027f66d912892e_shot_001_000,ssim,mouth,0.53819931
23,887.992493,ecb359eb6753b3b64a027f66d912892e_shot_001_000,ssim,full,0.78949767
23,887.992493,ecb359eb6753b3b64a027f66d912892e_shot_001_000,lpips,mouth,0.41986459
23,887.992493,ecb359eb6753b3b64a027f66d912892e_shot_001_000,lpips,full,0.24309252
23,887.992493,ecb359eb6753b3b64a027f66d912892e_shot_001_000,sharpness,mouth,27.9994
23,887.992493,ecb359eb6753b3b64a027f66d912892e_shot_001_000,lmd,mouth,5.772785
23,887.992493,ecb359eb6753b3b64a027f66d912892e_shot_001_000,sync_d,mouth,10.654876
23,887.992493,ecb359eb6753b3b64a027f66d912892e_shot_001_000,sync_c,mouth,3.987621
24,879.604736,ecb359eb6753b3b64a027f66d912892e_shot_001_000,pixel_mse,mouth,0.034768
24,879.604736,ecb359eb6753b3b64a027f66d912892e_shot_001_000,pixel_mse,full,0.00823549
24,879.604736,ecb359eb6753b3b64a027f66d912892e_shot_001_000,ssim,mouth,0.53799582
24,879.604736,ecb359eb6753b3b64a027f66d912892e_shot_001_000,ssim,full,0.79016519
24,879.604736,ecb359eb6753b3b64a027f66d912892e_shot_001_000,lpips,mouth,0.4223077
24,879.604736,ecb359eb6753b3b64a027f66d912892e_shot_001_000,lpips,full,0.24574044
24,879.604736,ecb359eb6753b3b64a027f66d912892e_shot_001_000,sharpness,mouth,27.2618
24,879.604736,ecb359eb6753b3b64a027f66d912892e_shot_001_000,lmd,mouth,6.777833
24,879.604736,ecb359eb6753b3b64a027f66d912892e_shot_001_000,sync_d,mouth,10.967767
24,879.604736,ecb359eb6753b3b64a027f66d912892e_shot_001_000,sync_c,mouth,3.551691
25,870.696350,ecb359eb6753b3b64a027f66d912892e_shot_001_000,pixel_mse,mouth,0.03260728
25,870.696350,ecb359eb6753b3b64a027f66d912892e_shot_001_000,pixel_mse,full,0.00793295
25,870.696350,ecb359eb6753b3b64a027f66d912892e_shot_001_000,ssim,mouth,0.54698515
25,870.696350,ecb359eb6753b3b64a027f66d912892e_shot_001_000,ssim,full,0.7936759
25,870.696350,ecb359eb6753b3b64a027f66d912892e_shot_001_000,lpips,mouth,0.42829901
25,870.696350,ecb359eb6753b3b64a027f66d912892e_shot_001_000,lpips,full,0.24602741
25,870.696350,ecb359eb6753b3b64a027f66d912892e_shot_001_000,sharpness,mouth,23.7924
25,870.696350,ecb359eb6753b3b64a027f66d912892e_shot_001_000,lmd,mouth,6.948825
25,870.696350,ecb359eb6753b3b64a027f66d912892e_shot_001_000,sync_d,mouth,11.082066
25,870.696350,ecb359eb6753b3b64a027f66d912892e_shot_001_000,sync_c,mouth,3.219165
26,861.217407,ecb359eb6753b3b64a027f66d912892e_shot_001_000,pixel_mse,mouth,0.0308478
26,861.217407,ecb359eb6753b3b64a027f66d912892e_shot_001_000,pixel_mse,full,0.00761627
26,861.217407,ecb359eb6753b3b64a027f66d912892e_shot_001_000,ssim,mouth,0.55783588
26,861.217407,ecb359eb6753b3b64a027f66d912892e_shot_001_000,ssim,full,0.79849589
26,861.217407,ecb359eb6753b3b64a027f66d912892e_shot_001_000,lpips,mouth,0.44572294
26,861.217407,ecb359eb6753b3b64a027f66d912892e_shot_001_000,lpips,full,0.25055885
26,861.217407,ecb359eb6753b3b64a027f66d912892e_shot_001_000,sharpness,mouth,21.4898
26,861.217407,ecb359eb6753b3b64a027f66d912892e_shot_001_000,lmd,mouth,6.528247
26,861.217407,ecb359eb6753b3b64a027f66d912892e_shot_001_000,sync_d,mouth,11.256545
26,861.217407,ecb359eb6753b3b64a027f66d912892e_shot_001_000,sync_c,mouth,2.683592
27,851.111145,ecb359eb6753b3b64a027f66d912892e_shot_001_000,pixel_mse,mouth,0.02946496
27,851.111145,ecb359eb6753b3b64a027f66d912892e_shot_001_000,pixel_mse,full,0.0074751
27,851.111145,ecb359eb6753b3b64a027f66d912892e_shot_001_000,ssim,mouth,0.56355524
27,851.111145,ecb359eb6753b3b64a027f66d912892e_shot_001_000,ssim,full,0.80086499
27,851.111145,ecb359eb6753b3b64a027f66d912892e_shot_001_000,lpips,mouth,0.45689562
27,851.111145,ecb359eb6753b3b64a027f66d912892e_shot_001_000,lpips,full,0.25401449
27,851.111145,ecb359eb6753b3b64a027f66d912892e_shot_001_000,sharpness,mouth,20.1905
27,851.111145,ecb359eb6753b3b64a027f66d912892e_shot_001_000,lmd,mouth,5.217588
27,851.111145,ecb359eb6753b3b64a027f66d912892e_shot_001_000,sync_d,mouth,11.786832
27,851.111145,ecb359eb6753b3b64a027f66d912892e_shot_001_000,sync_c,mouth,2.135285
28,840.313232,ecb359eb6753b3b64a027f66d912892e_shot_001_000,pixel_mse,mouth,0.02908525
28,840.313232,ecb359eb6753b3b64a027f66d912892e_shot_001_000,pixel_mse,full,0.00736145
28,840.313232,ecb359eb6753b3b64a027f66d912892e_shot_001_000,ssim,mouth,0.56720817
28,840.313232,ecb359eb6753b3b64a027f66d912892e_shot_001_000,ssim,full,0.80263782
28,840.313232,ecb359eb6753b3b64a027f66d912892e_shot_001_000,lpips,mouth,0.45937657
28,840.313232,ecb359eb6753b3b64a027f66d912892e_shot_001_000,lpips,full,0.25448632
28,840.313232,ecb359eb6753b3b64a027f66d912892e_shot_001_000,sharpness,mouth,19.6908
28,840.313232,ecb359eb6753b3b64a027f66d912892e_shot_001_000,lmd,mouth,4.483422
28,840.313232,ecb359eb6753b3b64a027f66d912892e_shot_001_000,sync_d,mouth,11.823476
28,840.313232,ecb359eb6753b3b64a027f66d912892e_shot_001_000,sync_c,mouth,2.376028
29,828.750244,ecb359eb6753b3b64a027f66d912892e_shot_001_000,pixel_mse,mouth,0.0290196
29,828.750244,ecb359eb6753b3b64a027f66d912892e_shot_001_000,pixel_mse,full,0.00729059
29,828.750244,ecb359eb6753b3b64a027f66d912892e_shot_001_000,ssim,mouth,0.56615484
29,828.750244,ecb359eb6753b3b64a027f66d912892e_shot_001_000,ssim,full,0.80286586
29,828.750244,ecb359eb6753b3b64a027f66d912892e_shot_001_000,lpips,mouth,0.45882165
29,828.750244,ecb359eb6753b3b64a027f66d912892e_shot_001_000,lpips,full,0.25680938
29,828.750244,ecb359eb6753b3b64a027f66d912892e_shot_001_000,sharpness,mouth,18.8576
29,828.750244,ecb359eb6753b3b64a027f66d912892e_shot_001_000,lmd,mouth,5.441693
29,828.750244,ecb359eb6753b3b64a027f66d912892e_shot_001_000,sync_d,mouth,11.838682
29,828.750244,ecb359eb6753b3b64a027f66d912892e_shot_001_000,sync_c,mouth,2.193542
30,816.337830,ecb359eb6753b3b64a027f66d912892e_shot_001_000,pixel_mse,mouth,0.02764737
30,816.337830,ecb359eb6753b3b64a027f66d912892e_shot_001_000,pixel_mse,full,0.00724129
30,816.337830,ecb359eb6753b3b64a027f66d912892e_shot_001_000,ssim,mouth,0.56996036
30,816.337830,ecb359eb6753b3b64a027f66d912892e_shot_001_000,ssim,full,0.80353707
30,816.337830,ecb359eb6753b3b64a027f66d912892e_shot_001_000,lpips,mouth,0.45288518
30,816.337830,ecb359eb6753b3b64a027f66d912892e_shot_001_000,lpips,full,0.25748709
30,816.337830,ecb359eb6753b3b64a027f66d912892e_shot_001_000,sharpness,mouth,17.5748
30,816.337830,ecb359eb6753b3b64a027f66d912892e_shot_001_000,lmd,mouth,5.319446
30,816.337830,ecb359eb6753b3b64a027f66d912892e_shot_001_000,sync_d,mouth,11.885648
30,816.337830,ecb359eb6753b3b64a027f66d912892e_shot_001_000,sync_c,mouth,2.173278
31,802.978699,ecb359eb6753b3b64a027f66d912892e_shot_001_000,pixel_mse,mouth,0.02779436
31,802.978699,ecb359eb6753b3b64a027f66d912892e_shot_001_000,pixel_mse,full,0.00726518
31,802.978699,ecb359eb6753b3b64a027f66d912892e_shot_001_000,ssim,mouth,0.56894046
31,802.978699,ecb359eb6753b3b64a027f66d912892e_shot_001_000,ssim,full,0.80393219
31,802.978699,ecb359eb6753b3b64a027f66d912892e_shot_001_000,lpips,mouth,0.45379308
31,802.978699,ecb359eb6753b3b64a027f66d912892e_shot_001_000,lpips,full,0.26164752
31,802.978699,ecb359eb6753b3b64a027f66d912892e_shot_001_000,sharpness,mouth,18.6208
31,802.978699,ecb359eb6753b3b64a027f66d912892e_shot_001_000,lmd,mouth,5.912952
31,802.978699,ecb359eb6753b3b64a027f66d912892e_shot_001_000,sync_d,mouth,11.535009
31,802.978699,ecb359eb6753b3b64a027f66d912892e_shot_001_000,sync_c,mouth,2.283788
32,788.560242,ecb359eb6753b3b64a027f66d912892e_shot_001_000,pixel_mse,mouth,0.02835958
32,788.560242,ecb359eb6753b3b64a027f66d912892e_shot_001_000,pixel_mse,full,0.00738126
32,788.560242,ecb359eb6753b3b64a027f66d912892e_shot_001_000,ssim,mouth,0.56922603
32,788.560242,ecb359eb6753b3b64a027f66d912892e_shot_001_000,ssim,full,0.80321223
32,788.560242,ecb359eb6753b3b64a027f66d912892e_shot_001_000,lpips,mouth,0.45523608
32,788.560242,ecb359eb6753b3b64a027f66d912892e_shot_001_000,lpips,full,0.26401818
32,788.560242,ecb359eb6753b3b64a027f66d912892e_shot_001_000,sharpness,mouth,18.9169
32,788.560242,ecb359eb6753b3b64a027f66d912892e_shot_001_000,lmd,mouth,5.482653
32,788.560242,ecb359eb6753b3b64a027f66d912892e_shot_001_000,sync_d,mouth,11.235598
32,788.560242,ecb359eb6753b3b64a027f66d912892e_shot_001_000,sync_c,mouth,2.513657
33,772.951477,ecb359eb6753b3b64a027f66d912892e_shot_001_000,pixel_mse,mouth,0.02796362
33,772.951477,ecb359eb6753b3b64a027f66d912892e_shot_001_000,pixel_mse,full,0.00736062
33,772.951477,ecb359eb6753b3b64a027f66d912892e_shot_001_000,ssim,mouth,0.56827885
33,772.951477,ecb359eb6753b3b64a027f66d912892e_shot_001_000,ssim,full,0.80385005
33,772.951477,ecb359eb6753b3b64a027f66d912892e_shot_001_000,lpips,mouth,0.4578059
33,772.951477,ecb359eb6753b3b64a027f66d912892e_shot_001_000,lpips,full,0.26628467
33,772.951477,ecb359eb6753b3b64a027f66d912892e_shot_001_000,sharpness,mouth,18.7119
33,772.951477,ecb359eb6753b3b64a027f66d912892e_shot_001_000,lmd,mouth,6.101159
33,772.951477,ecb359eb6753b3b64a027f66d912892e_shot_001_000,sync_d,mouth,10.89419
33,772.951477,ecb359eb6753b3b64a027f66d912892e_shot_001_000,sync_c,mouth,2.805892
34,755.998352,ecb359eb6753b3b64a027f66d912892e_shot_001_000,pixel_mse,mouth,0.02829892
34,755.998352,ecb359eb6753b3b64a027f66d912892e_shot_001_000,pixel_mse,full,0.00740567
34,755.998352,ecb359eb6753b3b64a027f66d912892e_shot_001_000,ssim,mouth,0.56791967
34,755.998352,ecb359eb6753b3b64a027f66d912892e_shot_001_000,ssim,full,0.80399042
34,755.998352,ecb359eb6753b3b64a027f66d912892e_shot_001_000,lpips,mouth,0.45442653
34,755.998352,ecb359eb6753b3b64a027f66d912892e_shot_001_000,lpips,full,0.26768461
34,755.998352,ecb359eb6753b3b64a027f66d912892e_shot_001_000,sharpness,mouth,18.3008
34,755.998352,ecb359eb6753b3b64a027f66d912892e_shot_001_000,lmd,mouth,5.226165
34,755.998352,ecb359eb6753b3b64a027f66d912892e_shot_001_000,sync_d,mouth,11.538938
34,755.998352,ecb359eb6753b3b64a027f66d912892e_shot_001_000,sync_c,mouth,2.152448
35,737.519714,ecb359eb6753b3b64a027f66d912892e_shot_001_000,pixel_mse,mouth,0.0287215
35,737.519714,ecb359eb6753b3b64a027f66d912892e_shot_001_000,pixel_mse,full,0.00743955
35,737.519714,ecb359eb6753b3b64a027f66d912892e_shot_001_000,ssim,mouth,0.56664169
35,737.519714,ecb359eb6753b3b64a027f66d912892e_shot_001_000,ssim,full,0.80439013
35,737.519714,ecb359eb6753b3b64a027f66d912892e_shot_001_000,lpips,mouth,0.45427427
35,737.519714,ecb359eb6753b3b64a027f66d912892e_shot_001_000,lpips,full,0.27047753
35,737.519714,ecb359eb6753b3b64a027f66d912892e_shot_001_000,sharpness,mouth,17.8258
35,737.519714,ecb359eb6753b3b64a027f66d912892e_shot_001_000,lmd,mouth,5.317855
35,737.519714,ecb359eb6753b3b64a027f66d912892e_shot_001_000,sync_d,mouth,11.921345
35,737.519714,ecb359eb6753b3b64a027f66d912892e_shot_001_000,sync_c,mouth,1.735686
36,717.299683,ecb359eb6753b3b64a027f66d912892e_shot_001_000,pixel_mse,mouth,0.02843939
36,717.299683,ecb359eb6753b3b64a027f66d912892e_shot_001_000,pixel_mse,full,0.00741795
36,717.299683,ecb359eb6753b3b64a027f66d912892e_shot_001_000,ssim,mouth,0.56720799
36,717.299683,ecb359eb6753b3b64a027f66d912892e_shot_001_000,ssim,full,0.80422956
36,717.299683,ecb359eb6753b3b64a027f66d912892e_shot_001_000,lpips,mouth,0.45632342
36,717.299683,ecb359eb6753b3b64a027f66d912892e_shot_001_000,lpips,full,0.27273545
36,717.299683,ecb359eb6753b3b64a027f66d912892e_shot_001_000,sharpness,mouth,17.9137
36,717.299683,ecb359eb6753b3b64a027f66d912892e_shot_001_000,lmd,mouth,5.724999
36,717.299683,ecb359eb6753b3b64a027f66d912892e_shot_001_000,sync_d,mouth,11.399838
36,717.299683,ecb359eb6753b3b64a027f66d912892e_shot_001_000,sync_c,mouth,2.618225
37,695.080139,ecb359eb6753b3b64a027f66d912892e_shot_001_000,pixel_mse,mouth,0.02858421
37,695.080139,ecb359eb6753b3b64a027f66d912892e_shot_001_000,pixel_mse,full,0.00744308
37,695.080139,ecb359eb6753b3b64a027f66d912892e_shot_001_000,ssim,mouth,0.56887639
37,695.080139,ecb359eb6753b3b64a027f66d912892e_shot_001_000,ssim,full,0.80478036
37,695.080139,ecb359eb6753b3b64a027f66d912892e_shot_001_000,lpips,mouth,0.45834845
37,695.080139,ecb359eb6753b3b64a027f66d912892e_shot_001_000,lpips,full,0.27292633
37,695.080139,ecb359eb6753b3b64a027f66d912892e_shot_001_000,sharpness,mouth,17.8808
37,695.080139,ecb359eb6753b3b64a027f66d912892e_shot_001_000,lmd,mouth,5.668085
37,695.080139,ecb359eb6753b3b64a027f66d912892e_shot_001_000,sync_d,mouth,11.29633
37,695.080139,ecb359eb6753b3b64a027f66d912892e_shot_001_000,sync_c,mouth,2.805058
38,670.548828,ecb359eb6753b3b64a027f66d912892e_shot_001_000,pixel_mse,mouth,0.02898666
38,670.548828,ecb359eb6753b3b64a027f66d912892e_shot_001_000,pixel_mse,full,0.0075041
38,670.548828,ecb359eb6753b3b64a027f66d912892e_shot_001_000,ssim,mouth,0.56812191
38,670.548828,ecb359eb6753b3b64a027f66d912892e_shot_001_000,ssim,full,0.80417651
38,670.548828,ecb359eb6753b3b64a027f66d912892e_shot_001_000,lpips,mouth,0.46070358
38,670.548828,ecb359eb6753b3b64a027f66d912892e_shot_001_000,lpips,full,0.2764616
38,670.548828,ecb359eb6753b3b64a027f66d912892e_shot_001_000,sharpness,mouth,18.1277
38,670.548828,ecb359eb6753b3b64a027f66d912892e_shot_001_000,lmd,mouth,5.961349
38,670.548828,ecb359eb6753b3b64a027f66d912892e_shot_001_000,sync_d,mouth,10.999405
38,670.548828,ecb359eb6753b3b64a027f66d912892e_shot_001_000,sync_c,mouth,3.083204
39,643.325317,ecb359eb6753b3b64a027f66d912892e_shot_001_000,pixel_mse,mouth,0.02922989
39,643.325317,ecb359eb6753b3b64a027f66d912892e_shot_001_000,pixel_mse,full,0.00754853
39,643.325317,ecb359eb6753b3b64a027f66d912892e_shot_001_000,ssim,mouth,0.56843114
39,643.325317,ecb359eb6753b3b64a027f66d912892e_shot_001_000,ssim,full,0.80402881
39,643.325317,ecb359eb6753b3b64a027f66d912892e_shot_001_000,lpips,mouth,0.46838152
39,643.325317,ecb359eb6753b3b64a027f66d912892e_shot_001_000,lpips,full,0.27762583
39,643.325317,ecb359eb6753b3b64a027f66d912892e_shot_001_000,sharpness,mouth,18.6629
39,643.325317,ecb359eb6753b3b64a027f66d912892e_shot_001_000,lmd,mouth,5.374488
39,643.325317,ecb359eb6753b3b64a027f66d912892e_shot_001_000,sync_d,mouth,11.341187
39,643.325317,ecb359eb6753b3b64a027f66d912892e_shot_001_000,sync_c,mouth,2.961645
40,612.940735,ecb359eb6753b3b64a027f66d912892e_shot_001_000,pixel_mse,mouth,0.02896846
40,612.940735,ecb359eb6753b3b64a027f66d912892e_shot_001_000,pixel_mse,full,0.00752442
40,612.940735,ecb359eb6753b3b64a027f66d912892e_shot_001_000,ssim,mouth,0.57166195
40,612.940735,ecb359eb6753b3b64a027f66d912892e_shot_001_000,ssim,full,0.80456936
40,612.940735,ecb359eb6753b3b64a027f66d912892e_shot_001_000,lpips,mouth,0.4761036
40,612.940735,ecb359eb6753b3b64a027f66d912892e_shot_001_000,lpips,full,0.27668169
40,612.940735,ecb359eb6753b3b64a027f66d912892e_shot_001_000,sharpness,mouth,18.2934
40,612.940735,ecb359eb6753b3b64a027f66d912892e_shot_001_000,lmd,mouth,5.136359
40,612.940735,ecb359eb6753b3b64a027f66d912892e_shot_001_000,sync_d,mouth,11.794231
40,612.940735,ecb359eb6753b3b64a027f66d912892e_shot_001_000,sync_c,mouth,2.627593
41,578.810425,ecb359eb6753b3b64a027f66d912892e_shot_001_000,pixel_mse,mouth,0.02874761
41,578.810425,ecb359eb6753b3b64a027f66d912892e_shot_001_000,pixel_mse,full,0.00750224
41,578.810425,ecb359eb6753b3b64a027f66d912892e_shot_001_000,ssim,mouth,0.57147288
41,578.810425,ecb359eb6753b3b64a027f66d912892e_shot_001_000,ssim,full,0.80471557
41,578.810425,ecb359eb6753b3b64a027f66d912892e_shot_001_000,lpips,mouth,0.48445728
41,578.810425,ecb359eb6753b3b64a027f66d912892e_shot_001_000,lpips,full,0.27995348
41,578.810425,ecb359eb6753b3b64a027f66d912892e_shot_001_000,sharpness,mouth,17.9094
41,578.810425,ecb359eb6753b3b64a027f66d912892e_shot_001_000,lmd,mouth,4.364272
41,578.810425,ecb359eb6753b3b64a027f66d912892e_shot_001_000,sync_d,mouth,11.302876
41,578.810425,ecb359eb6753b3b64a027f66d912892e_shot_001_000,sync_c,mouth,2.9734
42,540.196350,ecb359eb6753b3b64a027f66d912892e_shot_001_000,pixel_mse,mouth,0.02843232
42,540.196350,ecb359eb6753b3b64a027f66d912892e_shot_001_000,pixel_mse,full,0.0074822
42,540.196350,ecb359eb6753b3b64a027f66d912892e_shot_001_000,ssim,mouth,0.57358354
42,540.196350,ecb359eb6753b3b64a027f66d912892e_shot_001_000,ssim,full,0.80480826
42,540.196350,ecb359eb6753b3b64a027f66d912892e_shot_001_000,lpips,mouth,0.4910461
42,540.196350,ecb359eb6753b3b64a027f66d912892e_shot_001_000,lpips,full,0.28267518
42,540.196350,ecb359eb6753b3b64a027f66d912892e_shot_001_000,sharpness,mouth,17.8536
42,540.196350,ecb359eb6753b3b64a027f66d912892e_shot_001_000,lmd,mouth,5.459702
42,540.196350,ecb359eb6753b3b64a027f66d912892e_shot_001_000,sync_d,mouth,11.436237
42,540.196350,ecb359eb6753b3b64a027f66d912892e_shot_001_000,sync_c,mouth,2.643168
43,496.152893,ecb359eb6753b3b64a027f66d912892e_shot_001_000,pixel_mse,mouth,0.02817839
43,496.152893,ecb359eb6753b3b64a027f66d912892e_shot_001_000,pixel_mse,full,0.00748531
43,496.152893,ecb359eb6753b3b64a027f66d912892e_shot_001_000,ssim,mouth,0.57617491
43,496.152893,ecb359eb6753b3b64a027f66d912892e_shot_001_000,ssim,full,0.8053177
43,496.152893,ecb359eb6753b3b64a027f66d912892e_shot_001_000,lpips,mouth,0.49996802
43,496.152893,ecb359eb6753b3b64a027f66d912892e_shot_001_000,lpips,full,0.28525415
43,496.152893,ecb359eb6753b3b64a027f66d912892e_shot_001_000,sharpness,mouth,18.1472
43,496.152893,ecb359eb6753b3b64a027f66d912892e_shot_001_000,lmd,mouth,5.250264
43,496.152893,ecb359eb6753b3b64a027f66d912892e_shot_001_000,sync_d,mouth,11.538052
43,496.152893,ecb359eb6753b3b64a027f66d912892e_shot_001_000,sync_c,mouth,2.508862
44,445.448151,ecb359eb6753b3b64a027f66d912892e_shot_001_000,pixel_mse,mouth,0.02781041
44,445.448151,ecb359eb6753b3b64a027f66d912892e_shot_001_000,pixel_mse,full,0.00749112
44,445.448151,ecb359eb6753b3b64a027f66d912892e_shot_001_000,ssim,mouth,0.5776096
44,445.448151,ecb359eb6753b3b64a027f66d912892e_shot_001_000,ssim,full,0.80568212
44,445.448151,ecb359eb6753b3b64a027f66d912892e_shot_001_000,lpips,mouth,0.50266814
44,445.448151,ecb359eb6753b3b64a027f66d912892e_shot_001_000,lpips,full,0.28809267
44,445.448151,ecb359eb6753b3b64a027f66d912892e_shot_001_000,sharpness,mouth,19.321
44,445.448151,ecb359eb6753b3b64a027f66d912892e_shot_001_000,lmd,mouth,4.002558
44,445.448151,ecb359eb6753b3b64a027f66d912892e_shot_001_000,sync_d,mouth,11.181265
44,445.448151,ecb359eb6753b3b64a027f66d912892e_shot_001_000,sync_c,mouth,3.010033
45,386.447418,ecb359eb6753b3b64a027f66d912892e_shot_001_000,pixel_mse,mouth,0.02784594
45,386.447418,ecb359eb6753b3b64a027f66d912892e_shot_001_000,pixel_mse,full,0.00750411
45,386.447418,ecb359eb6753b3b64a027f66d912892e_shot_001_000,ssim,mouth,0.57697415
45,386.447418,ecb359eb6753b3b64a027f66d912892e_shot_001_000,ssim,full,0.80597168
45,386.447418,ecb359eb6753b3b64a027f66d912892e_shot_001_000,lpips,mouth,0.50628942
45,386.447418,ecb359eb6753b3b64a027f66d912892e_shot_001_000,lpips,full,0.29048094
45,386.447418,ecb359eb6753b3b64a027f66d912892e_shot_001_000,sharpness,mouth,19.1229
45,386.447418,ecb359eb6753b3b64a027f66d912892e_shot_001_000,lmd,mouth,3.792635
45,386.447418,ecb359eb6753b3b64a027f66d912892e_shot_001_000,sync_d,mouth,11.092782
45,386.447418,ecb359eb6753b3b64a027f66d912892e_shot_001_000,sync_c,mouth,2.975656
46,316.933258,ecb359eb6753b3b64a027f66d912892e_shot_001_000,pixel_mse,mouth,0.02789412
46,316.933258,ecb359eb6753b3b64a027f66d912892e_shot_001_000,pixel_mse,full,0.0075162
46,316.933258,ecb359eb6753b3b64a027f66d912892e_shot_001_000,ssim,mouth,0.577106
46,316.933258,ecb359eb6753b3b64a027f66d912892e_shot_001_000,ssim,full,0.80632544
46,316.933258,ecb359eb6753b3b64a027f66d912892e_shot_001_000,lpips,mouth,0.50819999
46,316.933258,ecb359eb6753b3b64a027f66d912892e_shot_001_000,lpips,full,0.29079819
46,316.933258,ecb359eb6753b3b64a027f66d912892e_shot_001_000,sharpness,mouth,19.3288
46,316.933258,ecb359eb6753b3b64a027f66d912892e_shot_001_000,lmd,mouth,4.004382
46,316.933258,ecb359eb6753b3b64a027f66d912892e_shot_001_000,sync_d,mouth,11.220677
46,316.933258,ecb359eb6753b3b64a027f66d912892e_shot_001_000,sync_c,mouth,2.702415
47,233.820694,ecb359eb6753b3b64a027f66d912892e_shot_001_000,pixel_mse,mouth,0.0278734
47,233.820694,ecb359eb6753b3b64a027f66d912892e_shot_001_000,pixel_mse,full,0.00753691
47,233.820694,ecb359eb6753b3b64a027f66d912892e_shot_001_000,ssim,mouth,0.57711864
47,233.820694,ecb359eb6753b3b64a027f66d912892e_shot_001_000,ssim,full,0.80641145
47,233.820694,ecb359eb6753b3b64a027f66d912892e_shot_001_000,lpips,mouth,0.51167202
47,233.820694,ecb359eb6753b3b64a027f66d912892e_shot_001_000,lpips,full,0.29212961
47,233.820694,ecb359eb6753b3b64a027f66d912892e_shot_001_000,sharpness,mouth,19.8461
47,233.820694,ecb359eb6753b3b64a027f66d912892e_shot_001_000,lmd,mouth,3.503002
47,233.820694,ecb359eb6753b3b64a027f66d912892e_shot_001_000,sync_d,mouth,11.259735
47,233.820694,ecb359eb6753b3b64a027f66d912892e_shot_001_000,sync_c,mouth,2.925167
48,132.687027,ecb359eb6753b3b64a027f66d912892e_shot_001_000,pixel_mse,mouth,0.02787218
48,132.687027,ecb359eb6753b3b64a027f66d912892e_shot_001_000,pixel_mse,full,0.00755332
48,132.687027,ecb359eb6753b3b64a027f66d912892e_shot_001_000,ssim,mouth,0.57713622
48,132.687027,ecb359eb6753b3b64a027f66d912892e_shot_001_000,ssim,full,0.80656171
48,132.687027,ecb359eb6753b3b64a027f66d912892e_shot_001_000,lpips,mouth,0.51425546
48,132.687027,ecb359eb6753b3b64a027f66d912892e_shot_001_000,lpips,full,0.29326212
48,132.687027,ecb359eb6753b3b64a027f66d912892e_shot_001_000,sharpness,mouth,20.8657
48,132.687027,ecb359eb6753b3b64a027f66d912892e_shot_001_000,lmd,mouth,3.207019
48,132.687027,ecb359eb6753b3b64a027f66d912892e_shot_001_000,sync_d,mouth,11.298775
48,132.687027,ecb359eb6753b3b64a027f66d912892e_shot_001_000,sync_c,mouth,2.748878
49,6.958251,ecb359eb6753b3b64a027f66d912892e_shot_001_000,pixel_mse,mouth,0.0279721
49,6.958251,ecb359eb6753b3b64a027f66d912892e_shot_001_000,pixel_mse,full,0.00758866
49,6.958251,ecb359eb6753b3b64a027f66d912892e_shot_001_000,ssim,mouth,0.57442218
49,6.958251,ecb359eb6753b3b64a027f66d912892e_shot_001_000,ssim,full,0.8040629
49,6.958251,ecb359eb6753b3b64a027f66d912892e_shot_001_000,lpips,mouth,0.49257815
49,6.958251,ecb359eb6753b3b64a027f66d912892e_shot_001_000,lpips,full,0.29041171
49,6.958251,ecb359eb6753b3b64a027f66d912892e_shot_001_000,sharpness,mouth,17.0008
49,6.958251,ecb359eb6753b3b64a027f66d912892e_shot_001_000,lmd,mouth,4.482593
49,6.958251,ecb359eb6753b3b64a027f66d912892e_shot_001_000,sync_d,mouth,11.493637
49,6.958251,ecb359eb6753b3b64a027f66d912892e_shot_001_000,sync_c,mouth,2.670623
