step,t,sample,metric,region,value
-1,gt,17ef723a912e46713e84fc2b7dd74e23_shot_001_000,sharpness,mouth,60.6479
-1,gt,17ef723a912e46713e84fc2b7dd74e23_shot_001_000,sync_d,mouth,6.698332
-1,gt,17ef723a912e46713e84fc2b7dd74e23_shot_001_000,sync_c,mouth,7.826336
0,1000.000000,17ef723a912e46713e84fc2b7dd74e23_shot_001_000,pixel_mse,mouth,0.01394305
0,1000.000000,17ef723a912e46713e84fc2b7dd74e23_shot_001_000,pixel_mse,full,0.00630046
0,1000.000000,17ef723a912e46713e84fc2b7dd74e23_shot_001_000,ssim,mouth,0.66096115
0,1000.000000,17ef723a912e46713e84fc2b7dd74e23_shot_001_000,ssim,full,0.82362378
0,1000.000000,17ef723a912e46713e84fc2b7dd74e23_shot_001_000,lpips,mouth,0.53611004
0,1000.000000,17ef723a912e46713e84fc2b7dd74e23_shot_001_000,lpips,full,0.34300265
0,1000.000000,17ef723a912e46713e84fc2b7dd74e23_shot_001_000,sharpness,mouth,24.7327
0,1000.000000,17ef723a912e46713e84fc2b7dd74e23_shot_001_000,lmd,mouth,5.511967
0,1000.000000,17ef723a912e46713e84fc2b7dd74e23_shot_001_000,sync_d,mouth,10.094985
0,1000.000000,17ef723a912e46713e84fc2b7dd74e23_shot_001_000,sync_c,mouth,0.746443
1,997.035706,17ef723a912e46713e84fc2b7dd74e23_shot_001_000,pixel_mse,mouth,0.01332131
1,997.035706,17ef723a912e46713e84fc2b7dd74e23_shot_001_000,pixel_mse,full,0.00625009
1,997.035706,17ef723a912e46713e84fc2b7dd74e23_shot_001_000,ssim,mouth,0.66789055
1,997.035706,17ef723a912e46713e84fc2b7dd74e23_shot_001_000,ssim,full,0.82860398
1,997.035706,17ef723a912e46713e84fc2b7dd74e23_shot_001_000,lpips,mouth,0.54078019
1,997.035706,17ef723a912e46713e84fc2b7dd74e23_shot_001_000,lpips,full,0.33727863
1,997.035706,17ef723a912e46713e84fc2b7dd74e23_shot_001_000,sharpness,mouth,24.6737
1,997.035706,17ef723a912e46713e84fc2b7dd74e23_shot_001_000,lmd,mouth,5.712177
1,997.035706,17ef723a912e46713e84fc2b7dd74e23_shot_001_000,sync_d,mouth,10.336461
1,997.035706,17ef723a912e46713e84fc2b7dd74e23_shot_001_000,sync_c,mouth,0.750159
2,993.963867,17ef723a912e46713e84fc2b7dd74e23_shot_001_000,pixel_mse,mouth,0.01299572
2,993.963867,17ef723a912e46713e84fc2b7dd74e23_shot_001_000,pixel_mse,full,0.00668362
2,993.963867,17ef723a912e46713e84fc2b7dd74e23_shot_001_000,ssim,mouth,0.67328453
2,993.963867,17ef723a912e46713e84fc2b7dd74e23_shot_001_000,ssim,full,0.82914543
2,993.963867,17ef723a912e46713e84fc2b7dd74e23_shot_001_000,lpips,mouth,0.54439521
2,993.963867,17ef723a912e46713e84fc2b7dd74e23_shot_001_000,lpips,full,0.33179256
2,993.963867,17ef723a912e46713e84fc2b7dd74e23_shot_001_000,sharpness,mouth,24.636
2,993.963867,17ef723a912e46713e84fc2b7dd74e23_shot_001_000,lmd,mouth,5.672457
2,993.963867,17ef723a912e46713e84fc2b7dd74e23_shot_001_000,sync_d,mouth,10.213835
2,993.963867,17ef723a912e46713e84fc2b7dd74e23_shot_001_000,sync_c,mouth,1.082106
3,990.779053,17ef723a912e46713e84fc2b7dd74e23_shot_001_000,pixel_mse,mouth,0.01325404
3,990.779053,17ef723a912e46713e84fc2b7dd74e23_shot_001_000,pixel_mse,full,0.00757102
3,990.779053,17ef723a912e46713e84fc2b7dd74e23_shot_001_000,ssim,mouth,0.6733799
3,990.779053,17ef723a912e46713e84fc2b7dd74e23_shot_001_000,ssim,full,0.82609653
3,990.779053,17ef723a912e46713e84fc2b7dd74e23_shot_001_000,lpips,mouth,0.5434286
3,990.779053,17ef723a912e46713e84fc2b7dd74e23_shot_001_000,lpips,full,0.3258763
3,990.779053,17ef723a912e46713e84fc2b7dd74e23_shot_001_000,sharpness,mouth,25.3665
3,990.779053,17ef723a912e46713e84fc2b7dd74e23_shot_001_000,lmd,mouth,5.659575
3,990.779053,17ef723a912e46713e84fc2b7dd74e23_shot_001_000,sync_d,mouth,10.152887
3,990.779053,17ef723a912e46713e84fc2b7dd74e23_shot_001_000,sync_c,mouth,1.642921
4,987.474243,17ef723a912e46713e84fc2b7dd74e23_shot_001_000,pixel_mse,mouth,0.01403565
4,987.474243,17ef723a912e46713e84fc2b7dd74e23_shot_001_000,pixel_mse,full,0.00861891
4,987.474243,17ef723a912e46713e84fc2b7dd74e23_shot_001_000,ssim,mouth,0.66817975
4,987.474243,17ef723a912e46713e84fc2b7dd74e23_shot_001_000,ssim,full,0.82135236
4,987.474243,17ef723a912e46713e84fc2b7dd74e23_shot_001_000,lpips,mouth,0.53922361
4,987.474243,17ef723a912e46713e84fc2b7dd74e23_shot_001_000,lpips,full,0.32072502
4,987.474243,17ef723a912e46713e84fc2b7dd74e23_shot_001_000,sharpness,mouth,26.202
4,987.474243,17ef723a912e46713e84fc2b7dd74e23_shot_001_000,lmd,mouth,7.087048
4,987.474243,17ef723a912e46713e84fc2b7dd74e23_shot_001_000,sync_d,mouth,9.572655
4,987.474243,17ef723a912e46713e84fc2b7dd74e23_shot_001_000,sync_c,mouth,2.208881
5,984.043091,17ef723a912e46713e84fc2b7dd74e23_shot_001_000,pixel_mse,mouth,0.01499627
5,984.043091,17ef723a912e46713e84fc2b7dd74e23_shot_001_000,pixel_mse,full,0.00952462
5,984.043091,17ef723a912e46713e84fc2b7dd74e23_shot_001_000,ssim,mouth,0.66188103
5,984.043091,17ef723a912e46713e84fc2b7dd74e23_shot_001_000,ssim,full,0.8168335
5,984.043091,17ef723a912e46713e84fc2b7dd74e23_shot_001_000,lpips,mouth,0.53401589
5,984.043091,17ef723a912e46713e84fc2b7dd74e23_shot_001_000,lpips,full,0.31615603
5,984.043091,17ef723a912e46713e84fc2b7dd74e23_shot_001_000,sharpness,mouth,25.9449
5,984.043091,17ef723a912e46713e84fc2b7dd74e23_shot_001_000,lmd,mouth,6.76692
5,984.043091,17ef723a912e46713e84fc2b7dd74e23_shot_001_000,sync_d,mouth,9.297194
5,984.043091,17ef723a912e46713e84fc2b7dd74e23_shot_001_000,sync_c,mouth,2.755043
6,980.477844,17ef723a912e46713e84fc2b7dd74e23_shot_001_000,pixel_mse,mouth,0.01561407
6,980.477844,17ef723a912e46713e84fc2b7dd74e23_shot_001_000,pixel_mse,full,0.01025663
6,980.477844,17ef723a912e46713e84fc2b7dd74e23_shot_001_000,ssim,mouth,0.65599459
6,980.477844,17ef723a912e46713e84fc2b7dd74e23_shot_001_000,ssim,full,0.81257224
6,980.477844,17ef723a912e46713e84fc2b7dd74e23_shot_001_000,lpips,mouth,0.5248903
6,980.477844,17ef723a912e46713e84fc2b7dd74e23_shot_001_000,lpips,full,0.31224775
6,980.477844,17ef723a912e46713e84fc2b7dd74e23_shot_001_000,sharpness,mouth,26.4725
6,980.477844,17ef723a912e46713e84fc2b7dd74e23_shot_001_000,lmd,mouth,6.359863
6,980.477844,17ef723a912e46713e84fc2b7dd74e23_shot_001_000,sync_d,mouth,9.136933
6,980.477844,17ef723a912e46713e84fc2b7dd74e23_shot_001_000,sync_c,mouth,3.104263
7,976.770691,17ef723a912e46713e84fc2b7dd74e23_shot_001_000,pixel_mse,mouth,0.0159136
7,976.770691,17ef723a912e46713e84fc2b7dd74e23_shot_001_000,pixel_mse,full,0.01061861
7,976.770691,17ef723a912e46713e84fc2b7dd74e23_shot_001_000,ssim,mouth,0.651326
7,976.770691,17ef723a912e46713e84fc2b7dd74e23_shot_001_000,ssim,full,0.8103618
7,976.770691,17ef723a912e46713e84fc2b7dd74e23_shot_001_000,lpips,mouth,0.51001573
7,976.770691,17ef723a912e46713e84fc2b7dd74e23_shot_001_000,lpips,full,0.30736125
7,976.770691,17ef723a912e46713e84fc2b7dd74e23_shot_001_000,sharpness,mouth,28.4646
7,976.770691,17ef723a912e46713e84fc2b7dd74e23_shot_001_000,lmd,mouth,6.38577
7,976.770691,17ef723a912e46713e84fc2b7dd74e23_shot_001_000,sync_d,mouth,8.828829
7,976.770691,17ef723a912e46713e84fc2b7dd74e23_shot_001_000,sync_c,mouth,3.557832
8,972.912842,17ef723a912e46713e84fc2b7dd74e23_shot_001_000,pixel_mse,mouth,0.01611784
8,972.912842,17ef723a912e46713e84fc2b7dd74e23_shot_001_000,pixel_mse,full,0.01084077
8,972.912842,17ef723a912e46713e84fc2b7dd74e23_shot_001_000,ssim,mouth,0.64870334
8,972.912842,17ef723a912e46713e84fc2b7dd74e23_shot_001_000,ssim,full,0.80881554
8,972.912842,17ef723a912e46713e84fc2b7dd74e23_shot_001_000,lpips,mouth,0.494232
8,972.912842,17ef723a912e46713e84fc2b7dd74e23_shot_001_000,lpips,full,0.30104899
8,972.912842,17ef723a912e46713e84fc2b7dd74e23_shot_001_000,sharpness,mouth,29.7281
8,972.912842,17ef723a912e46713e84fc2b7dd74e23_shot_001_000,lmd,mouth,6.117614
8,972.912842,17ef723a912e46713e84fc2b7dd74e23_shot_001_000,sync_d,mouth,8.449884
8,972.912842,17ef723a912e46713e84fc2b7dd74e23_shot_001_000,sync_c,mouth,4.140966
9,968.895081,17ef723a912e46713e84fc2b7dd74e23_shot_001_000,pixel_mse,mouth,0.01616674
9,968.895081,17ef723a912e46713e84fc2b7dd74e23_shot_001_000,pixel_mse,full,0.01093844
9,968.895081,17ef723a912e46713e84fc2b7dd74e23_shot_001_000,ssim,mouth,0.64719015
9,968.895081,17ef723a912e46713e84fc2b7dd74e23_shot_001_000,ssim,full,0.80802238
9,968.895081,17ef723a912e46713e84fc2b7dd74e23_shot_001_000,lpips,mouth,0.47527379
9,968.895081,17ef723a912e46713e84fc2b7dd74e23_shot_001_000,lpips,full,0.29481083
9,968.895081,17ef723a912e46713e84fc2b7dd74e23_shot_001_000,sharpness,mouth,32.5462
9,968.895081,17ef723a912e46713e84fc2b7dd74e23_shot_001_000,lmd,mouth,5.90456
9,968.895081,17ef723a912e46713e84fc2b7dd74e23_shot_001_000,sync_d,mouth,7.97807
9,968.895081,17ef723a912e46713e84fc2b7dd74e23_shot_001_000,sync_c,mouth,4.758832
10,964.707153,17ef723a912e46713e84fc2b7dd74e23_shot_001_000,pixel_mse,mouth,0.01629373
10,964.707153,17ef723a912e46713e84fc2b7dd74e23_shot_001_000,pixel_mse,full,0.0110085
10,964.707153,17ef723a912e46713e84fc2b7dd74e23_shot_001_000,ssim,mouth,0.64525902
10,964.707153,17ef723a912e46713e84fc2b7dd74e23_shot_001_000,ssim,full,0.80750763
10,964.707153,17ef723a912e46713e84fc2b7dd74e23_shot_001_000,lpips,mouth,0.45379281
10,964.707153,17ef723a912e46713e84fc2b7dd74e23_shot_001_000,lpips,full,0.28855541
10,964.707153,17ef723a912e46713e84fc2b7dd74e23_shot_001_000,sharpness,mouth,34.7972
10,964.707153,17ef723a912e46713e84fc2b7dd74e23_shot_001_000,lmd,mouth,5.75291
10,964.707153,17ef723a912e46713e84fc2b7dd74e23_shot_001_000,sync_d,mouth,7.789077
10,964.707153,17ef723a912e46713e84fc2b7dd74e23_shot_001_000,sync_c,mouth,4.994234
11,960.337952,17ef723a912e46713e84fc2b7dd74e23_shot_001_000,pixel_mse,mouth,0.01659645
11,960.337952,17ef723a912e46713e84fc2b7dd74e23_shot_001_000,pixel_mse,full,0.01110232
11,960.337952,17ef723a912e46713e84fc2b7dd74e23_shot_001_000,ssim,mouth,0.64197099
11,960.337952,17ef723a912e46713e84fc2b7dd74e23_shot_001_000,ssim,full,0.80673218
11,960.337952,17ef723a912e46713e84fc2b7dd74e23_shot_001_000,lpips,mouth,0.43473473
11,960.337952,17ef723a912e46713e84fc2b7dd74e23_shot_001_000,lpips,full,0.28184721
11,960.337952,17ef723a912e46713e84fc2b7dd74e23_shot_001_000,sharpness,mouth,37.2459
11,960.337952,17ef723a912e46713e84fc2b7dd74e23_shot_001_000,lmd,mouth,5.767777
11,960.337952,17ef723a912e46713e84fc2b7dd74e23_shot_001_000,sync_d,mouth,7.490932
11,960.337952,17ef723a912e46713e84fc2b7dd74e23_shot_001_000,sync_c,mouth,5.49687
12,955.775635,17ef723a912e46713e84fc2b7dd74e23_shot_001_000,pixel_mse,mouth,0.01695528
12,955.775635,17ef723a912e46713e84fc2b7dd74e23_shot_001_000,pixel_mse,full,0.01119046
12,955.775635,17ef723a912e46713e84fc2b7dd74e23_shot_001_000,ssim,mouth,0.63853163
12,955.775635,17ef723a912e46713e84fc2b7dd74e23_shot_001_000,ssim,full,0.80602509
12,955.775635,17ef723a912e46713e84fc2b7dd74e23_shot_001_000,lpips,mouth,0.41889465
12,955.775635,17ef723a912e46713e84fc2b7dd74e23_shot_001_000,lpips,full,0.27598986
12,955.775635,17ef723a912e46713e84fc2b7dd74e23_shot_001_000,sharpness,mouth,38.444
12,955.775635,17ef723a912e46713e84fc2b7dd74e23_shot_001_000,lmd,mouth,5.817268
12,955.775635,17ef723a912e46713e84fc2b7dd74e23_shot_001_000,sync_d,mouth,7.527737
12,955.775635,17ef723a912e46713e84fc2b7dd74e23_shot_001_000,sync_c,mouth,5.660631
13,951.006897,17ef723a912e46713e84fc2b7dd74e23_shot_001_000,pixel_mse,mouth,0.01726625
13,951.006897,17ef723a912e46713e84fc2b7dd74e23_shot_001_000,pixel_mse,full,0.01127134
13,951.006897,17ef723a912e46713e84fc2b7dd74e23_shot_001_000,ssim,mouth,0.6356709
13,951.006897,17ef723a912e46713e84fc2b7dd74e23_shot_001_000,ssim,full,0.80542219
13,951.006897,17ef723a912e46713e84fc2b7dd74e23_shot_001_000,lpips,mouth,0.40307343
13,951.006897,17ef723a912e46713e84fc2b7dd74e23_shot_001_000,lpips,full,0.2706379
13,951.006897,17ef723a912e46713e84fc2b7dd74e23_shot_001_000,sharpness,mouth,39.2627
13,951.006897,17ef723a912e46713e84fc2b7dd74e23_shot_001_000,lmd,mouth,5.867573
13,951.006897,17ef723a912e46713e84fc2b7dd74e23_shot_001_000,sync_d,mouth,7.380264
13,951.006897,17ef723a912e46713e84fc2b7dd74e23_shot_001_000,sync_c,mouth,6.103087
14,946.017517,17ef723a912e46713e84fc2b7dd74e23_shot_001_000,pixel_mse,mouth,0.01761343
14,946.017517,17ef723a912e46713e84fc2b7dd74e23_shot_001_000,pixel_mse,full,0.0113425
14,946.017517,17ef723a912e46713e84fc2b7dd74e23_shot_001_000,ssim,mouth,0.63249052
14,946.017517,17ef723a912e46713e84fc2b7dd74e23_shot_001_000,ssim,full,0.80482936
14,946.017517,17ef723a912e46713e84fc2b7dd74e23_shot_001_000,lpips,mouth,0.38659686
14,946.017517,17ef723a912e46713e84fc2b7dd74e23_shot_001_000,lpips,full,0.26555118
14,946.017517,17ef723a912e46713e84fc2b7dd74e23_shot_001_000,sharpness,mouth,38.4332
14,946.017517,17ef723a912e46713e84fc2b7dd74e23_shot_001_000,lmd,mouth,5.891863
14,946.017517,17ef723a912e46713e84fc2b7dd74e23_shot_001_000,sync_d,mouth,7.552383
14,946.017517,17ef723a912e46713e84fc2b7dd74e23_shot_001_000,sync_c,mouth,5.919322
15,940.791870,17ef723a912e46713e84fc2b7dd74e23_shot_001_000,pixel_mse,mouth,0.01787548
15,940.791870,17ef723a912e46713e84fc2b7dd74e23_shot_001_000,pixel_mse,full,0.0114222
15,940.791870,17ef723a912e46713e84fc2b7dd74e23_shot_001_000,ssim,mouth,0.62939912
15,940.791870,17ef723a912e46713e84fc2b7dd74e23_shot_001_000,ssim,full,0.80437064
15,940.791870,17ef723a912e46713e84fc2b7dd74e23_shot_001_000,lpips,mouth,0.37369552
15,940.791870,17ef723a912e46713e84fc2b7dd74e23_shot_001_000,lpips,full,0.26169252
15,940.791870,17ef723a912e46713e84fc2b7dd74e23_shot_001_000,sharpness,mouth,38.6555
15,940.791870,17ef723a912e46713e84fc2b7dd74e23_shot_001_000,lmd,mouth,5.903015
15,940.791870,17ef723a912e46713e84fc2b7dd74e23_shot_001_000,sync_d,mouth,7.533606
15,940.791870,17ef723a912e46713e84fc2b7dd74e23_shot_001_000,sync_c,mouth,6.036335
16,935.312622,17ef723a912e46713e84fc2b7dd74e23_shot_001_000,pixel_mse,mouth,0.01822444
16,935.312622,17ef723a912e46713e84fc2b7dd74e23_shot_001_000,pixel_mse,full,0.01149239
16,935.312622,17ef723a912e46713e84fc2b7dd74e23_shot_001_000,ssim,mouth,0.62596744
16,935.312622,17ef723a912e46713e84fc2b7dd74e23_shot_001_000,ssim,full,0.80386889
16,935.312622,17ef723a912e46713e84fc2b7dd74e23_shot_001_000,lpips,mouth,0.36166668
16,935.312622,17ef723a912e46713e84fc2b7dd74e23_shot_001_000,lpips,full,0.25840303
16,935.312622,17ef723a912e46713e84fc2b7dd74e23_shot_001_000,sharpness,mouth,38.9164
16,935.312622,17ef723a912e46713e84fc2b7dd74e23_shot_001_000,lmd,mouth,5.913215
16,935.312622,17ef723a912e46713e84fc2b7dd74e23_shot_001_000,sync_d,mouth,7.374989
16,935.312622,17ef723a912e46713e84fc2b7dd74e23_shot_001_000,sync_c,mouth,6.157898
17,929.560913,17ef723a912e46713e84fc2b7dd74e23_shot_001_000,pixel_mse,mouth,0.01854128
17,929.560913,17ef723a912e46713e84fc2b7dd74e23_shot_001_000,pixel_mse,full,0.01156214
17,929.560913,17ef723a912e46713e84fc2b7dd74e23_shot_001_000,ssim,mouth,0.62262535
17,929.560913,17ef723a912e46713e84fc2b7dd74e23_shot_001_000,ssim,full,0.80329037
17,929.560913,17ef723a912e46713e84fc2b7dd74e23_shot_001_000,lpips,mouth,0.3507911
17,929.560913,17ef723a912e46713e84fc2b7dd74e23_shot_001_000,lpips,full,0.25550881
17,929.560913,17ef723a912e46713e84fc2b7dd74e23_shot_001_000,sharpness,mouth,38.7016
17,929.560913,17ef723a912e46713e84fc2b7dd74e23_shot_001_000,lmd,mouth,5.998519
17,929.560913,17ef723a912e46713e84fc2b7dd74e23_shot_001_000,sync_d,mouth,7.378077
17,929.560913,17ef723a912e46713e84fc2b7dd74e23_shot_001_000,sync_c,mouth,6.116527
18,923.515991,17ef723a912e46713e84fc2b7dd74e23_shot_001_000,pixel_mse,mouth,0.01880989
18,923.515991,17ef723a912e46713e84fc2b7dd74e23_shot_001_000,pixel_mse,full,0.0116377
18,923.515991,17ef723a912e46713e84fc2b7dd74e23_shot_001_000,ssim,mouth,0.61949331
18,923.515991,17ef723a912e46713e84fc2b7dd74e23_shot_001_000,ssim,full,0.80267346
18,923.515991,17ef723a912e46713e84fc2b7dd74e23_shot_001_000,lpips,mouth,0.3438352
18,923.515991,17ef723a912e46713e84fc2b7dd74e23_shot_001_000,lpips,full,0.2538003
18,923.515991,17ef723a912e46713e84fc2b7dd74e23_shot_001_000,sharpness,mouth,39.149
18,923.515991,17ef723a912e46713e84fc2b7dd74e23_shot_001_000,lmd,mouth,6.018549
18,923.515991,17ef723a912e46713e84fc2b7dd74e23_shot_001_000,sync_d,mouth,7.169022
18,923.515991,17ef723a912e46713e84fc2b7dd74e23_shot_001_000,sync_c,mouth,6.39962
19,917.154785,17ef723a912e46713e84fc2b7dd74e23_shot_001_000,pixel_mse,mouth,0.01905934
19,917.154785,17ef723a912e46713e84fc2b7dd74e23_shot_001_000,pixel_mse,full,0.01171154
19,917.154785,17ef723a912e46713e84fc2b7dd74e23_shot_001_000,ssim,mouth,0.617127
19,917.154785,17ef723a912e46713e84fc2b7dd74e23_shot_001_000,ssim,full,0.80208945
19,917.154785,17ef723a912e46713e84fc2b7dd74e23_shot_001_000,lpips,mouth,0.33542389
19,917.154785,17ef723a912e46713e84fc2b7dd74e23_shot_001_000,lpips,full,0.25166327
19,917.154785,17ef723a912e46713e84fc2b7dd74e23_shot_001_000,sharpness,mouth,38.4134
19,917.154785,17ef723a912e46713e84fc2b7dd74e23_shot_001_000,lmd,mouth,6.098751
19,917.154785,17ef723a912e46713e84fc2b7dd74e23_shot_001_000,sync_d,mouth,7.352892
19,917.154785,17ef723a912e46713e84fc2b7dd74e23_shot_001_000,sync_c,mouth,6.167598
20,910.451721,17ef723a912e46713e84fc2b7dd74e23_shot_001_000,pixel_mse,mouth,0.01928761
20,910.451721,17ef723a912e46713e84fc2b7dd74e23_shot_001_000,pixel_mse,full,0.01177913
20,910.451721,17ef723a912e46713e84fc2b7dd74e23_shot_001_000,ssim,mouth,0.6147269
20,910.451721,17ef723a912e46713e84fc2b7dd74e23_shot_001_000,ssim,full,0.80161613
20,910.451721,17ef723a912e46713e84fc2b7dd74e23_shot_001_000,lpips,mouth,0.32691664
20,910.451721,17ef723a912e46713e84fc2b7dd74e23_shot_001_000,lpips,full,0.24942103
20,910.451721,17ef723a912e46713e84fc2b7dd74e23_shot_001_000,sharpness,mouth,37.8648
20,910.451721,17ef723a912e46713e84fc2b7dd74e23_shot_001_000,lmd,mouth,6.146986
20,910.451721,17ef723a912e46713e84fc2b7dd74e23_shot_001_000,sync_d,mouth,7.174608
20,910.451721,17ef723a912e46713e84fc2b7dd74e23_shot_001_000,sync_c,mouth,6.407395
21,903.378723,17ef723a912e46713e84fc2b7dd74e23_shot_001_000,pixel_mse,mouth,0.01947681
21,903.378723,17ef723a912e46713e84fc2b7dd74e23_shot_001_000,pixel_mse,full,0.01183955
21,903.378723,17ef723a912e46713e84fc2b7dd74e23_shot_001_000,ssim,mouth,0.61226308
21,903.378723,17ef723a912e46713e84fc2b7dd74e23_shot_001_000,ssim,full,0.80098093
21,903.378723,17ef723a912e46713e84fc2b7dd74e23_shot_001_000,lpips,mouth,0.32120833
21,903.378723,17ef723a912e46713e84fc2b7dd74e23_shot_001_000,lpips,full,0.24758689
21,903.378723,17ef723a912e46713e84fc2b7dd74e23_shot_001_000,sharpness,mouth,37.2837
21,903.378723,17ef723a912e46713e84fc2b7dd74e23_shot_001_000,lmd,mouth,6.187371
21,903.378723,17ef723a912e46713e84fc2b7dd74e23_shot_001_000,sync_d,mouth,7.180974
21,903.378723,17ef723a912e46713e84fc2b7dd74e23_shot_001_000,sync_c,mouth,6.42379
22,895.903931,17ef723a912e46713e84fc2b7dd74e23_shot_001_000,pixel_mse,mouth,0.01959344
22,895.903931,17ef723a912e46713e84fc2b7dd74e23_shot_001_000,pixel_mse,full,0.01186406
22,895.903931,17ef723a912e46713e84fc2b7dd74e23_shot_001_000,ssim,mouth,0.61106169
22,895.903931,17ef723a912e46713e84fc2b7dd74e23_shot_001_000,ssim,full,0.80077314
22,895.903931,17ef723a912e46713e84fc2b7dd74e23_shot_001_000,lpips,mouth,0.31623036
22,895.903931,17ef723a912e46713e84fc2b7dd74e23_shot_001_000,lpips,full,0.24629301
22,895.903931,17ef723a912e46713e84fc2b7dd74e23_shot_001_000,sharpness,mouth,37.0233
22,895.903931,17ef723a912e46713e84fc2b7dd74e23_shot_001_000,lmd,mouth,6.214905
22,895.903931,17ef723a912e46713e84fc2b7dd74e23_shot_001_000,sync_d,mouth,7.085824
22,895.903931,17ef723a912e46713e84fc2b7dd74e23_shot_001_000,sync_c,mouth,6.615539
23,887.992493,17ef723a912e46713e84fc2b7dd74e23_shot_001_000,pixel_mse,mouth,0.0197853
23,887.992493,17ef723a912e46713e84fc2b7dd74e23_shot_001_000,pixel_mse,full,0.01189259
23,887.992493,17ef723a912e46713e84fc2b7dd74e23_shot_001_000,ssim,mouth,0.60959399
23,887.992493,17ef723a912e46713e84fc2b7dd74e23_shot_001_000,ssim,full,0.80040902
23,887.992493,17ef723a912e46713e84fc2b7dd74e23_shot_001_000,lpips,mouth,0.3134509
23,887.992493,17ef723a912e46713e84fc2b7dd74e23_shot_001_000,lpips,full,0.24488007
23,887.992493,17ef723a912e46713e84fc2b7dd74e23_shot_001_000,sharpness,mouth,35.874
23,887.992493,17ef723a912e46713e84fc2b7dd74e23_shot_001_000,lmd,mouth,6.240103
23,887.992493,17ef723a912e46713e84fc2b7dd74e23_shot_001_000,sync_d,mouth,7.046252
23,887.992493,17ef723a912e46713e84fc2b7dd74e23_shot_001_000,sync_c,mouth,6.629379
24,879.604736,17ef723a912e46713e84fc2b7dd74e23_shot_001_000,pixel_mse,mouth,0.01987084
24,879.604736,17ef723a912e46713e84fc2b7dd74e23_shot_001_000,pixel_mse,full,0.01192863
24,879.604736,17ef723a912e46713e84fc2b7dd74e23_shot_001_000,ssim,mouth,0.60871327
24,879.604736,17ef723a912e46713e84fc2b7dd74e23_shot_001_000,ssim,full,0.80003649
24,879.604736,17ef723a912e46713e84fc2b7dd74e23_shot_001_000,lpips,mouth,0.30942118
24,879.604736,17ef723a912e46713e84fc2b7dd74e23_shot_001_000,lpips,full,0.2436637
24,879.604736,17ef723a912e46713e84fc2b7dd74e23_shot_001_000,sharpness,mouth,35.5279
24,879.604736,17ef723a912e46713e84fc2b7dd74e23_shot_001_000,lmd,mouth,6.262873
24,879.604736,17ef723a912e46713e84fc2b7dd74e23_shot_001_000,sync_d,mouth,7.142616
24,879.604736,17ef723a912e46713e84fc2b7dd74e23_shot_001_000,sync_c,mouth,6.549287
25,870.696350,17ef723a912e46713e84fc2b7dd74e23_shot_001_000,pixel_mse,mouth,0.01994216
25,870.696350,17ef723a912e46713e84fc2b7dd74e23_shot_001_000,pixel_mse,full,0.01196071
25,870.696350,17ef723a912e46713e84fc2b7dd74e23_shot_001_000,ssim,mouth,0.60793519
25,870.696350,17ef723a912e46713e84fc2b7dd74e23_shot_001_000,ssim,full,0.79969823
25,870.696350,17ef723a912e46713e84fc2b7dd74e23_shot_001_000,lpips,mouth,0.30596796
25,870.696350,17ef723a912e46713e84fc2b7dd74e23_shot_001_000,lpips,full,0.24248342
25,870.696350,17ef723a912e46713e84fc2b7dd74e23_shot_001_000,sharpness,mouth,34.9008
25,870.696350,17ef723a912e46713e84fc2b7dd74e23_shot_001_000,lmd,mouth,6.259809
25,870.696350,17ef723a912e46713e84fc2b7dd74e23_shot_001_000,sync_d,mouth,7.297547
25,870.696350,17ef723a912e46713e84fc2b7dd74e23_shot_001_000,sync_c,mouth,6.492056
26,861.217407,17ef723a912e46713e84fc2b7dd74e23_shot_001_000,pixel_mse,mouth,0.02003008
26,861.217407,17ef723a912e46713e84fc2b7dd74e23_shot_001_000,pixel_mse,full,0.01199293
26,861.217407,17ef723a912e46713e84fc2b7dd74e23_shot_001_000,ssim,mouth,0.60721064
26,861.217407,17ef723a912e46713e84fc2b7dd74e23_shot_001_000,ssim,full,0.79941624
26,861.217407,17ef723a912e46713e84fc2b7dd74e23_shot_001_000,lpips,mouth,0.30470511
26,861.217407,17ef723a912e46713e84fc2b7dd74e23_shot_001_000,lpips,full,0.24168113
26,861.217407,17ef723a912e46713e84fc2b7dd74e23_shot_001_000,sharpness,mouth,34.4677
26,861.217407,17ef723a912e46713e84fc2b7dd74e23_shot_001_000,lmd,mouth,6.297223
26,861.217407,17ef723a912e46713e84fc2b7dd74e23_shot_001_000,sync_d,mouth,7.263931
26,861.217407,17ef723a912e46713e84fc2b7dd74e23_shot_001_000,sync_c,mouth,6.483209
27,851.111145,17ef723a912e46713e84fc2b7dd74e23_shot_001_000,pixel_mse,mouth,0.02005806
27,851.111145,17ef723a912e46713e84fc2b7dd74e23_shot_001_000,pixel_mse,full,0.01201311
27,851.111145,17ef723a912e46713e84fc2b7dd74e23_shot_001_000,ssim,mouth,0.60671943
27,851.111145,17ef723a912e46713e84fc2b7dd74e23_shot_001_000,ssim,full,0.79918975
27,851.111145,17ef723a912e46713e84fc2b7dd74e23_shot_001_000,lpips,mouth,0.30194417
27,851.111145,17ef723a912e46713e84fc2b7dd74e23_shot_001_000,lpips,full,0.24065091
27,851.111145,17ef723a912e46713e84fc2b7dd74e23_shot_001_000,sharpness,mouth,33.9743
27,851.111145,17ef723a912e46713e84fc2b7dd74e23_shot_001_000,lmd,mouth,6.31711
27,851.111145,17ef723a912e46713e84fc2b7dd74e23_shot_001_000,sync_d,mouth,7.212582
27,851.111145,17ef723a912e46713e84fc2b7dd74e23_shot_001_000,sync_c,mouth,6.492584
28,840.313232,17ef723a912e46713e84fc2b7dd74e23_shot_001_000,pixel_mse,mouth,0.02011738
28,840.313232,17ef723a912e46713e84fc2b7dd74e23_shot_001_000,pixel_mse,full,0.01203538
28,840.313232,17ef723a912e46713e84fc2b7dd74e23_shot_001_000,ssim,mouth,0.60625571
28,840.313232,17ef723a912e46713e84fc2b7dd74e23_shot_001_000,ssim,full,0.79891932
28,840.313232,17ef723a912e46713e84fc2b7dd74e23_shot_001_000,lpips,mouth,0.30035219
28,840.313232,17ef723a912e46713e84fc2b7dd74e23_shot_001_000,lpips,full,0.23985489
28,840.313232,17ef723a912e46713e84fc2b7dd74e23_shot_001_000,sharpness,mouth,33.1696
28,840.313232,17ef723a912e46713e84fc2b7dd74e23_shot_001_000,lmd,mouth,6.356752
28,840.313232,17ef723a912e46713e84fc2b7dd74e23_shot_001_000,sync_d,mouth,7.191238
28,840.313232,17ef723a912e46713e84fc2b7dd74e23_shot_001_000,sync_c,mouth,6.472388
29,828.750244,17ef723a912e46713e84fc2b7dd74e23_shot_001_000,pixel_mse,mouth,0.02018378
29,828.750244,17ef723a912e46713e84fc2b7dd74e23_shot_001_000,pixel_mse,full,0.01206812
29,828.750244,17ef723a912e46713e84fc2b7dd74e23_shot_001_000,ssim,mouth,0.6057561
29,828.750244,17ef723a912e46713e84fc2b7dd74e23_shot_001_000,ssim,full,0.79856449
29,828.750244,17ef723a912e46713e84fc2b7dd74e23_shot_001_000,lpips,mouth,0.29792508
29,828.750244,17ef723a912e46713e84fc2b7dd74e23_shot_001_000,lpips,full,0.23846318
29,828.750244,17ef723a912e46713e84fc2b7dd74e23_shot_001_000,sharpness,mouth,32.7656
29,828.750244,17ef723a912e46713e84fc2b7dd74e23_shot_001_000,lmd,mouth,6.394072
29,828.750244,17ef723a912e46713e84fc2b7dd74e23_shot_001_000,sync_d,mouth,7.220862
29,828.750244,17ef723a912e46713e84fc2b7dd74e23_shot_001_000,sync_c,mouth,6.503617
30,816.337830,17ef723a912e46713e84fc2b7dd74e23_shot_001_000,pixel_mse,mouth,0.02016967
30,816.337830,17ef723a912e46713e84fc2b7dd74e23_shot_001_000,pixel_mse,full,0.01208465
30,816.337830,17ef723a912e46713e84fc2b7dd74e23_shot_001_000,ssim,mouth,0.60557097
30,816.337830,17ef723a912e46713e84fc2b7dd74e23_shot_001_000,ssim,full,0.7983098
30,816.337830,17ef723a912e46713e84fc2b7dd74e23_shot_001_000,lpips,mouth,0.29703975
30,816.337830,17ef723a912e46713e84fc2b7dd74e23_shot_001_000,lpips,full,0.23787962
30,816.337830,17ef723a912e46713e84fc2b7dd74e23_shot_001_000,sharpness,mouth,32.4804
30,816.337830,17ef723a912e46713e84fc2b7dd74e23_shot_001_000,lmd,mouth,6.395588
30,816.337830,17ef723a912e46713e84fc2b7dd74e23_shot_001_000,sync_d,mouth,7.30615
30,816.337830,17ef723a912e46713e84fc2b7dd74e23_shot_001_000,sync_c,mouth,6.337721
31,802.978699,17ef723a912e46713e84fc2b7dd74e23_shot_001_000,pixel_mse,mouth,0.02020323
31,802.978699,17ef723a912e46713e84fc2b7dd74e23_shot_001_000,pixel_mse,full,0.01210814
31,802.978699,17ef723a912e46713e84fc2b7dd74e23_shot_001_000,ssim,mouth,0.60540646
31,802.978699,17ef723a912e46713e84fc2b7dd74e23_shot_001_000,ssim,full,0.79808664
31,802.978699,17ef723a912e46713e84fc2b7dd74e23_shot_001_000,lpips,mouth,0.29723591
31,802.978699,17ef723a912e46713e84fc2b7dd74e23_shot_001_000,lpips,full,0.23704688
31,802.978699,17ef723a912e46713e84fc2b7dd74e23_shot_001_000,sharpness,mouth,32.0373
31,802.978699,17ef723a912e46713e84fc2b7dd74e23_shot_001_000,lmd,mouth,6.406867
31,802.978699,17ef723a912e46713e84fc2b7dd74e23_shot_001_000,sync_d,mouth,7.432643
31,802.978699,17ef723a912e46713e84fc2b7dd74e23_shot_001_000,sync_c,mouth,6.308494
32,788.560242,17ef723a912e46713e84fc2b7dd74e23_shot_001_000,pixel_mse,mouth,0.02025059
32,788.560242,17ef723a912e46713e84fc2b7dd74e23_shot_001_000,pixel_mse,full,0.01212888
32,788.560242,17ef723a912e46713e84fc2b7dd74e23_shot_001_000,ssim,mouth,0.60474819
32,788.560242,17ef723a912e46713e84fc2b7dd74e23_shot_001_000,ssim,full,0.79785955
32,788.560242,17ef723a912e46713e84fc2b7dd74e23_shot_001_000,lpips,mouth,0.29486212
32,788.560242,17ef723a912e46713e84fc2b7dd74e23_shot_001_000,lpips,full,0.23650596
32,788.560242,17ef723a912e46713e84fc2b7dd74e23_shot_001_000,sharpness,mouth,31.4779
32,788.560242,17ef723a912e46713e84fc2b7dd74e23_shot_001_000,lmd,mouth,6.39849
32,788.560242,17ef723a912e46713e84fc2b7dd74e23_shot_001_000,sync_d,mouth,7.46872
32,788.560242,17ef723a912e46713e84fc2b7dd74e23_shot_001_000,sync_c,mouth,6.120587
33,772.951477,17ef723a912e46713e84fc2b7dd74e23_shot_001_000,pixel_mse,mouth,0.02030456
33,772.951477,17ef723a912e46713e84fc2b7dd74e23_shot_001_000,pixel_mse,full,0.0121462
33,772.951477,17ef723a912e46713e84fc2b7dd74e23_shot_001_000,ssim,mouth,0.60404229
33,772.951477,17ef723a912e46713e84fc2b7dd74e23_shot_001_000,ssim,full,0.79765159
33,772.951477,17ef723a912e46713e84fc2b7dd74e23_shot_001_000,lpips,mouth,0.2924149
33,772.951477,17ef723a912e46713e84fc2b7dd74e23_shot_001_000,lpips,full,0.23568916
33,772.951477,17ef723a912e46713e84fc2b7dd74e23_shot_001_000,sharpness,mouth,31.0219
33,772.951477,17ef723a912e46713e84fc2b7dd74e23_shot_001_000,lmd,mouth,6.357628
33,772.951477,17ef723a912e46713e84fc2b7dd74e23_shot_001_000,sync_d,mouth,7.522318
33,772.951477,17ef723a912e46713e84fc2b7dd74e23_shot_001_000,sync_c,mouth,6.107922
34,755.998352,17ef723a912e46713e84fc2b7dd74e23_shot_001_000,pixel_mse,mouth,0.02029771
34,755.998352,17ef723a912e46713e84fc2b7dd74e23_shot_001_000,pixel_mse,full,0.01215968
34,755.998352,17ef723a912e46713e84fc2b7dd74e23_shot_001_000,ssim,mouth,0.60370308
34,755.998352,17ef723a912e46713e84fc2b7dd74e23_shot_001_000,ssim,full,0.79744136
34,755.998352,17ef723a912e46713e84fc2b7dd74e23_shot_001_000,lpips,mouth,0.2907964
34,755.998352,17ef723a912e46713e84fc2b7dd74e23_shot_001_000,lpips,full,0.23490593
34,755.998352,17ef723a912e46713e84fc2b7dd74e23_shot_001_000,sharpness,mouth,30.5849
34,755.998352,17ef723a912e46713e84fc2b7dd74e23_shot_001_000,lmd,mouth,6.407069
34,755.998352,17ef723a912e46713e84fc2b7dd74e23_shot_001_000,sync_d,mouth,7.513087
34,755.998352,17ef723a912e46713e84fc2b7dd74e23_shot_001_000,sync_c,mouth,6.064266
35,737.519714,17ef723a912e46713e84fc2b7dd74e23_shot_001_000,pixel_mse,mouth,0.02033781
35,737.519714,17ef723a912e46713e84fc2b7dd74e23_shot_001_000,pixel_mse,full,0.01218143
35,737.519714,17ef723a912e46713e84fc2b7dd74e23_shot_001_000,ssim,mouth,0.60302943
35,737.519714,17ef723a912e46713e84fc2b7dd74e23_shot_001_000,ssim,full,0.79720902
35,737.519714,17ef723a912e46713e84fc2b7dd74e23_shot_001_000,lpips,mouth,0.28958708
35,737.519714,17ef723a912e46713e84fc2b7dd74e23_shot_001_000,lpips,full,0.23391967
35,737.519714,17ef723a912e46713e84fc2b7dd74e23_shot_001_000,sharpness,mouth,29.9662
35,737.519714,17ef723a912e46713e84fc2b7dd74e23_shot_001_000,lmd,mouth,6.437217
35,737.519714,17ef723a912e46713e84fc2b7dd74e23_shot_001_000,sync_d,mouth,7.679226
35,737.519714,17ef723a912e46713e84fc2b7dd74e23_shot_001_000,sync_c,mouth,5.936025
36,717.299683,17ef723a912e46713e84fc2b7dd74e23_shot_001_000,pixel_mse,mouth,0.02037481
36,717.299683,17ef723a912e46713e84fc2b7dd74e23_shot_001_000,pixel_mse,full,0.01219418
36,717.299683,17ef723a912e46713e84fc2b7dd74e23_shot_001_000,ssim,mouth,0.6024943
36,717.299683,17ef723a912e46713e84fc2b7dd74e23_shot_001_000,ssim,full,0.79699528
36,717.299683,17ef723a912e46713e84fc2b7dd74e23_shot_001_000,lpips,mouth,0.28848815
36,717.299683,17ef723a912e46713e84fc2b7dd74e23_shot_001_000,lpips,full,0.23317358
36,717.299683,17ef723a912e46713e84fc2b7dd74e23_shot_001_000,sharpness,mouth,29.7222
36,717.299683,17ef723a912e46713e84fc2b7dd74e23_shot_001_000,lmd,mouth,6.451652
36,717.299683,17ef723a912e46713e84fc2b7dd74e23_shot_001_000,sync_d,mouth,7.712956
36,717.299683,17ef723a912e46713e84fc2b7dd74e23_shot_001_000,sync_c,mouth,5.863186
37,695.080139,17ef723a912e46713e84fc2b7dd74e23_shot_001_000,pixel_mse,mouth,0.0204085
37,695.080139,17ef723a912e46713e84fc2b7dd74e23_shot_001_000,pixel_mse,full,0.01219682
37,695.080139,17ef723a912e46713e84fc2b7dd74e23_shot_001_000,ssim,mouth,0.60211676
37,695.080139,17ef723a912e46713e84fc2b7dd74e23_shot_001_000,ssim,full,0.79681271
37,695.080139,17ef723a912e46713e84fc2b7dd74e23_shot_001_000,lpips,mouth,0.28749958
37,695.080139,17ef723a912e46713e84fc2b7dd74e23_shot_001_000,lpips,full,0.23224172
37,695.080139,17ef723a912e46713e84fc2b7dd74e23_shot_001_000,sharpness,mouth,29.4835
37,695.080139,17ef723a912e46713e84fc2b7dd74e23_shot_001_000,lmd,mouth,6.418219
37,695.080139,17ef723a912e46713e84fc2b7dd74e23_shot_001_000,sync_d,mouth,7.685134
37,695.080139,17ef723a912e46713e84fc2b7dd74e23_shot_001_000,sync_c,mouth,5.945643
38,670.548828,17ef723a912e46713e84fc2b7dd74e23_shot_001_000,pixel_mse,mouth,0.02047959
38,670.548828,17ef723a912e46713e84fc2b7dd74e23_shot_001_000,pixel_mse,full,0.01221251
38,670.548828,17ef723a912e46713e84fc2b7dd74e23_shot_001_000,ssim,mouth,0.60113657
38,670.548828,17ef723a912e46713e84fc2b7dd74e23_shot_001_000,ssim,full,0.79643232
38,670.548828,17ef723a912e46713e84fc2b7dd74e23_shot_001_000,lpips,mouth,0.28669223
38,670.548828,17ef723a912e46713e84fc2b7dd74e23_shot_001_000,lpips,full,0.23130007
38,670.548828,17ef723a912e46713e84fc2b7dd74e23_shot_001_000,sharpness,mouth,29.2449
38,670.548828,17ef723a912e46713e84fc2b7dd74e23_shot_001_000,lmd,mouth,6.426551
38,670.548828,17ef723a912e46713e84fc2b7dd74e23_shot_001_000,sync_d,mouth,7.809816
38,670.548828,17ef723a912e46713e84fc2b7dd74e23_shot_001_000,sync_c,mouth,5.870063
39,643.325317,17ef723a912e46713e84fc2b7dd74e23_shot_001_000,pixel_mse,mouth,0.02054474
39,643.325317,17ef723a912e46713e84fc2b7dd74e23_shot_001_000,pixel_mse,full,0.01222412
39,643.325317,17ef723a912e46713e84fc2b7dd74e23_shot_001_000,ssim,mouth,0.6000663
39,643.325317,17ef723a912e46713e84fc2b7dd74e23_shot_001_000,ssim,full,0.79611403
39,643.325317,17ef723a912e46713e84fc2b7dd74e23_shot_001_000,lpips,mouth,0.28588456
39,643.325317,17ef723a912e46713e84fc2b7dd74e23_shot_001_000,lpips,full,0.23065238
39,643.325317,17ef723a912e46713e84fc2b7dd74e23_shot_001_000,sharpness,mouth,29.0866
39,643.325317,17ef723a912e46713e84fc2b7dd74e23_shot_001_000,lmd,mouth,6.462765
39,643.325317,17ef723a912e46713e84fc2b7dd74e23_shot_001_000,sync_d,mouth,7.885719
39,643.325317,17ef723a912e46713e84fc2b7dd74e23_shot_001_000,sync_c,mouth,5.698229
40,612.940735,17ef723a912e46713e84fc2b7dd74e23_shot_001_000,pixel_mse,mouth,0.02058239
40,612.940735,17ef723a912e46713e84fc2b7dd74e23_shot_001_000,pixel_mse,full,0.01222675
40,612.940735,17ef723a912e46713e84fc2b7dd74e23_shot_001_000,ssim,mouth,0.59956461
40,612.940735,17ef723a912e46713e84fc2b7dd74e23_shot_001_000,ssim,full,0.79578006
40,612.940735,17ef723a912e46713e84fc2b7dd74e23_shot_001_000,lpips,mouth,0.28443629
40,612.940735,17ef723a912e46713e84fc2b7dd74e23_shot_001_000,lpips,full,0.22934631
40,612.940735,17ef723a912e46713e84fc2b7dd74e23_shot_001_000,sharpness,mouth,29.0968
40,612.940735,17ef723a912e46713e84fc2b7dd74e23_shot_001_000,lmd,mouth,6.466357
40,612.940735,17ef723a912e46713e84fc2b7dd74e23_shot_001_000,sync_d,mouth,8.001861
40,612.940735,17ef723a912e46713e84fc2b7dd74e23_shot_001_000,sync_c,mouth,5.587332
41,578.810425,17ef723a912e46713e84fc2b7dd74e23_shot_001_000,pixel_mse,mouth,0.02062075
41,578.810425,17ef723a912e46713e84fc2b7dd74e23_shot_001_000,pixel_mse,full,0.01223168
41,578.810425,17ef723a912e46713e84fc2b7dd74e23_shot_001_000,ssim,mouth,0.59874445
41,578.810425,17ef723a912e46713e84fc2b7dd74e23_shot_001_000,ssim,full,0.79542804
41,578.810425,17ef723a912e46713e84fc2b7dd74e23_shot_001_000,lpips,mouth,0.2829237
41,578.810425,17ef723a912e46713e84fc2b7dd74e23_shot_001_000,lpips,full,0.22848648
41,578.810425,17ef723a912e46713e84fc2b7dd74e23_shot_001_000,sharpness,mouth,28.8869
41,578.810425,17ef723a912e46713e84fc2b7dd74e23_shot_001_000,lmd,mouth,6.444747
41,578.810425,17ef723a912e46713e84fc2b7dd74e23_shot_001_000,sync_d,mouth,8.04265
41,578.810425,17ef723a912e46713e84fc2b7dd74e23_shot_001_000,sync_c,mouth,5.558871
42,540.196350,17ef723a912e46713e84fc2b7dd74e23_shot_001_000,pixel_mse,mouth,0.02065316
42,540.196350,17ef723a912e46713e84fc2b7dd74e23_shot_001_000,pixel_mse,full,0.01223155
42,540.196350,17ef723a912e46713e84fc2b7dd74e23_shot_001_000,ssim,mouth,0.5981189
42,540.196350,17ef723a912e46713e84fc2b7dd74e23_shot_001_000,ssim,full,0.79508144
42,540.196350,17ef723a912e46713e84fc2b7dd74e23_shot_001_000,lpips,mouth,0.28200728
42,540.196350,17ef723a912e46713e84fc2b7dd74e23_shot_001_000,lpips,full,0.22753629
42,540.196350,17ef723a912e46713e84fc2b7dd74e23_shot_001_000,sharpness,mouth,28.7136
42,540.196350,17ef723a912e46713e84fc2b7dd74e23_shot_001_000,lmd,mouth,6.464439
42,540.196350,17ef723a912e46713e84fc2b7dd74e23_shot_001_000,sync_d,mouth,7.997042
42,540.196350,17ef723a912e46713e84fc2b7dd74e23_shot_001_000,sync_c,mouth,5.676112
43,496.152893,17ef723a912e46713e84fc2b7dd74e23_shot_001_000,pixel_mse,mouth,0.0207054
43,496.152893,17ef723a912e46713e84fc2b7dd74e23_shot_001_000,pixel_mse,full,0.01224245
43,496.152893,17ef723a912e46713e84fc2b7dd74e23_shot_001_000,ssim,mouth,0.59743661
43,496.152893,17ef723a912e46713e84fc2b7dd74e23_shot_001_000,ssim,full,0.79466754
43,496.152893,17ef723a912e46713e84fc2b7dd74e23_shot_001_000,lpips,mouth,0.28171581
43,496.152893,17ef723a912e46713e84fc2b7dd74e23_shot_001_000,lpips,full,0.22604853
43,496.152893,17ef723a912e46713e84fc2b7dd74e23_shot_001_000,sharpness,mouth,28.2319
43,496.152893,17ef723a912e46713e84fc2b7dd74e23_shot_001_000,lmd,mouth,6.517559
43,496.152893,17ef723a912e46713e84fc2b7dd74e23_shot_001_000,sync_d,mouth,8.192623
43,496.152893,17ef723a912e46713e84fc2b7dd74e23_shot_001_000,sync_c,mouth,5.44628
44,445.448151,17ef723a912e46713e84fc2b7dd74e23_shot_001_000,pixel_mse,mouth,0.02073716
44,445.448151,17ef723a912e46713e84fc2b7dd74e23_shot_001_000,pixel_mse,full,0.01225216
44,445.448151,17ef723a912e46713e84fc2b7dd74e23_shot_001_000,ssim,mouth,0.59652758
44,445.448151,17ef723a912e46713e84fc2b7dd74e23_shot_001_000,ssim,full,0.79417795
44,445.448151,17ef723a912e46713e84fc2b7dd74e23_shot_001_000,lpips,mouth,0.27993134
44,445.448151,17ef723a912e46713e84fc2b7dd74e23_shot_001_000,lpips,full,0.22522166
44,445.448151,17ef723a912e46713e84fc2b7dd74e23_shot_001_000,sharpness,mouth,28.1155
44,445.448151,17ef723a912e46713e84fc2b7dd74e23_shot_001_000,lmd,mouth,6.5073
44,445.448151,17ef723a912e46713e84fc2b7dd74e23_shot_001_000,sync_d,mouth,8.226968
44,445.448151,17ef723a912e46713e84fc2b7dd74e23_shot_001_000,sync_c,mouth,5.451094
45,386.447418,17ef723a912e46713e84fc2b7dd74e23_shot_001_000,pixel_mse,mouth,0.02078263
45,386.447418,17ef723a912e46713e84fc2b7dd74e23_shot_001_000,pixel_mse,full,0.01225851
45,386.447418,17ef723a912e46713e84fc2b7dd74e23_shot_001_000,ssim,mouth,0.59562987
45,386.447418,17ef723a912e46713e84fc2b7dd74e23_shot_001_000,ssim,full,0.79366964
45,386.447418,17ef723a912e46713e84fc2b7dd74e23_shot_001_000,lpips,mouth,0.27936044
45,386.447418,17ef723a912e46713e84fc2b7dd74e23_shot_001_000,lpips,full,0.22434121
45,386.447418,17ef723a912e46713e84fc2b7dd74e23_shot_001_000,sharpness,mouth,27.7371
45,386.447418,17ef723a912e46713e84fc2b7dd74e23_shot_001_000,lmd,mouth,6.559716
45,386.447418,17ef723a912e46713e84fc2b7dd74e23_shot_001_000,sync_d,mouth,8.202101
45,386.447418,17ef723a912e46713e84fc2b7dd74e23_shot_001_000,sync_c,mouth,5.457258
46,316.933258,17ef723a912e46713e84fc2b7dd74e23_shot_001_000,pixel_mse,mouth,0.02082014
46,316.933258,17ef723a912e46713e84fc2b7dd74e23_shot_001_000,pixel_mse,full,0.01226546
46,316.933258,17ef723a912e46713e84fc2b7dd74e23_shot_001_000,ssim,mouth,0.5947184
46,316.933258,17ef723a912e46713e84fc2b7dd74e23_shot_001_000,ssim,full,0.79316354
46,316.933258,17ef723a912e46713e84fc2b7dd74e23_shot_001_000,lpips,mouth,0.27864558
46,316.933258,17ef723a912e46713e84fc2b7dd74e23_shot_001_000,lpips,full,0.22348955
46,316.933258,17ef723a912e46713e84fc2b7dd74e23_shot_001_000,sharpness,mouth,27.2973
46,316.933258,17ef723a912e46713e84fc2b7dd74e23_shot_001_000,lmd,mouth,6.491065
46,316.933258,17ef723a912e46713e84fc2b7dd74e23_shot_001_000,sync_d,mouth,8.113601
46,316.933258,17ef723a912e46713e84fc2b7dd74e23_shot_001_000,sync_c,mouth,5.564636
47,233.820694,17ef723a912e46713e84fc2b7dd74e23_shot_001_000,pixel_mse,mouth,0.02086561
47,233.820694,17ef723a912e46713e84fc2b7dd74e23_shot_001_000,pixel_mse,full,0.01227172
47,233.820694,17ef723a912e46713e84fc2b7dd74e23_shot_001_000,ssim,mouth,0.59305125
47,233.820694,17ef723a912e46713e84fc2b7dd74e23_shot_001_000,ssim,full,0.79267108
47,233.820694,17ef723a912e46713e84fc2b7dd74e23_shot_001_000,lpips,mouth,0.27686411
47,233.820694,17ef723a912e46713e84fc2b7dd74e23_shot_001_000,lpips,full,0.22188747
47,233.820694,17ef723a912e46713e84fc2b7dd74e23_shot_001_000,sharpness,mouth,27.1688
47,233.820694,17ef723a912e46713e84fc2b7dd74e23_shot_001_000,lmd,mouth,6.545143
47,233.820694,17ef723a912e46713e84fc2b7dd74e23_shot_001_000,sync_d,mouth,8.238237
47,233.820694,17ef723a912e46713e84fc2b7dd74e23_shot_001_000,sync_c,mouth,5.42013
48,132.687027,17ef723a912e46713e84fc2b7dd74e23_shot_001_000,pixel_mse,mouth,0.02091779
48,132.687027,17ef723a912e46713e84fc2b7dd74e23_shot_001_000,pixel_mse,full,0.01227488
48,132.687027,17ef723a912e46713e84fc2b7dd74e23_shot_001_000,ssim,mouth,0.59150147
48,132.687027,17ef723a912e46713e84fc2b7dd74e23_shot_001_000,ssim,full,0.79219091
48,132.687027,17ef723a912e46713e84fc2b7dd74e23_shot_001_000,lpips,mouth,0.27600816
48,132.687027,17ef723a912e46713e84fc2b7dd74e23_shot_001_000,lpips,full,0.22076318
48,132.687027,17ef723a912e46713e84fc2b7dd74e23_shot_001_000,sharpness,mouth,26.9049
48,132.687027,17ef723a912e46713e84fc2b7dd74e23_shot_001_000,lmd,mouth,6.524403
48,132.687027,17ef723a912e46713e84fc2b7dd74e23_shot_001_000,sync_d,mouth,8.221954
48,132.687027,17ef723a912e46713e84fc2b7dd74e23_shot_001_000,sync_c,mouth,5.55061
49,6.958251,17ef723a912e46713e84fc2b7dd74e23_shot_001_000,pixel_mse,mouth,0.02091349
49,6.958251,17ef723a912e46713e84fc2b7dd74e23_shot_001_000,pixel_mse,full,0.01226887
49,6.958251,17ef723a912e46713e84fc2b7dd74e23_shot_001_000,ssim,mouth,0.59148157
49,6.958251,17ef723a912e46713e84fc2b7dd74e23_shot_001_000,ssim,full,0.79259682
49,6.958251,17ef723a912e46713e84fc2b7dd74e23_shot_001_000,lpips,mouth,0.27551946
49,6.958251,17ef723a912e46713e84fc2b7dd74e23_shot_001_000,lpips,full,0.22001104
49,6.958251,17ef723a912e46713e84fc2b7dd74e23_shot_001_000,sharpness,mouth,26.6795
49,6.958251,17ef723a912e46713e84fc2b7dd74e23_shot_001_000,lmd,mouth,6.486737
49,6.958251,17ef723a912e46713e84fc2b7dd74e23_shot_001_000,sync_d,mouth,8.173872
49,6.958251,17ef723a912e46713e84fc2b7dd74e23_shot_001_000,sync_c,mouth,5.516561
-1,gt,59cdb196328a33d4c7b1248b916e5090_shot_001_000,sharpness,mouth,9.6426
-1,gt,59cdb196328a33d4c7b1248b916e5090_shot_001_000,sync_d,mouth,10.239491
-1,gt,59cdb196328a33d4c7b1248b916e5090_shot_001_000,sync_c,mouth,5.128555
0,1000.000000,59cdb196328a33d4c7b1248b916e5090_shot_001_000,pixel_mse,mouth,0.00902185
0,1000.000000,59cdb196328a33d4c7b1248b916e5090_shot_001_000,pixel_mse,full,0.01377466
0,1000.000000,59cdb196328a33d4c7b1248b916e5090_shot_001_000,ssim,mouth,0.71058941
0,1000.000000,59cdb196328a33d4c7b1248b916e5090_shot_001_000,ssim,full,0.72457987
0,1000.000000,59cdb196328a33d4c7b1248b916e5090_shot_001_000,lpips,mouth,0.43148455
0,1000.000000,59cdb196328a33d4c7b1248b916e5090_shot_001_000,lpips,full,0.44445249
0,1000.000000,59cdb196328a33d4c7b1248b916e5090_shot_001_000,sharpness,mouth,8.9846
0,1000.000000,59cdb196328a33d4c7b1248b916e5090_shot_001_000,lmd,mouth,5.905626
1,997.035706,59cdb196328a33d4c7b1248b916e5090_shot_001_000,pixel_mse,mouth,0.0098653
1,997.035706,59cdb196328a33d4c7b1248b916e5090_shot_001_000,pixel_mse,full,0.01432765
1,997.035706,59cdb196328a33d4c7b1248b916e5090_shot_001_000,ssim,mouth,0.70438802
1,997.035706,59cdb196328a33d4c7b1248b916e5090_shot_001_000,ssim,full,0.72115982
1,997.035706,59cdb196328a33d4c7b1248b916e5090_shot_001_000,lpips,mouth,0.44279599
1,997.035706,59cdb196328a33d4c7b1248b916e5090_shot_001_000,lpips,full,0.45207629
1,997.035706,59cdb196328a33d4c7b1248b916e5090_shot_001_000,sharpness,mouth,8.8303
1,997.035706,59cdb196328a33d4c7b1248b916e5090_shot_001_000,lmd,mouth,5.624583
2,993.963867,59cdb196328a33d4c7b1248b916e5090_shot_001_000,pixel_mse,mouth,0.01191378
2,993.963867,59cdb196328a33d4c7b1248b916e5090_shot_001_000,pixel_mse,full,0.01623744
2,993.963867,59cdb196328a33d4c7b1248b916e5090_shot_001_000,ssim,mouth,0.69312358
2,993.963867,59cdb196328a33d4c7b1248b916e5090_shot_001_000,ssim,full,0.70881915
2,993.963867,59cdb196328a33d4c7b1248b916e5090_shot_001_000,lpips,mouth,0.46769512
2,993.963867,59cdb196328a33d4c7b1248b916e5090_shot_001_000,lpips,full,0.46127945
2,993.963867,59cdb196328a33d4c7b1248b916e5090_shot_001_000,sharpness,mouth,8.6464
2,993.963867,59cdb196328a33d4c7b1248b916e5090_shot_001_000,lmd,mouth,5.27137
3,990.779053,59cdb196328a33d4c7b1248b916e5090_shot_001_000,pixel_mse,mouth,0.01343538
3,990.779053,59cdb196328a33d4c7b1248b916e5090_shot_001_000,pixel_mse,full,0.01803316
3,990.779053,59cdb196328a33d4c7b1248b916e5090_shot_001_000,ssim,mouth,0.68413353
3,990.779053,59cdb196328a33d4c7b1248b916e5090_shot_001_000,ssim,full,0.69768381
3,990.779053,59cdb196328a33d4c7b1248b916e5090_shot_001_000,lpips,mouth,0.48338595
3,990.779053,59cdb196328a33d4c7b1248b916e5090_shot_001_000,lpips,full,0.46387362
3,990.779053,59cdb196328a33d4c7b1248b916e5090_shot_001_000,sharpness,mouth,8.7306
3,990.779053,59cdb196328a33d4c7b1248b916e5090_shot_001_000,lmd,mouth,5.213828
3,990.779053,59cdb196328a33d4c7b1248b916e5090_shot_001_000,sync_d,mouth,10.299746
3,990.779053,59cdb196328a33d4c7b1248b916e5090_shot_001_000,sync_c,mouth,1.764957
4,987.474243,59cdb196328a33d4c7b1248b916e5090_shot_001_000,pixel_mse,mouth,0.01437917
4,987.474243,59cdb196328a33d4c7b1248b916e5090_shot_001_000,pixel_mse,full,0.01919566
4,987.474243,59cdb196328a33d4c7b1248b916e5090_shot_001_000,ssim,mouth,0.67703241
4,987.474243,59cdb196328a33d4c7b1248b916e5090_shot_001_000,ssim,full,0.69089162
4,987.474243,59cdb196328a33d4c7b1248b916e5090_shot_001_000,lpips,mouth,0.49120146
4,987.474243,59cdb196328a33d4c7b1248b916e5090_shot_001_000,lpips,full,0.46401188
4,987.474243,59cdb196328a33d4c7b1248b916e5090_shot_001_000,sharpness,mouth,9.2111
4,987.474243,59cdb196328a33d4c7b1248b916e5090_shot_001_000,lmd,mouth,5.291336
4,987.474243,59cdb196328a33d4c7b1248b916e5090_shot_001_000,sync_d,mouth,10.839807
4,987.474243,59cdb196328a33d4c7b1248b916e5090_shot_001_000,sync_c,mouth,1.230342
5,984.043091,59cdb196328a33d4c7b1248b916e5090_shot_001_000,pixel_mse,mouth,0.01531013
5,984.043091,59cdb196328a33d4c7b1248b916e5090_shot_001_000,pixel_mse,full,0.01995841
5,984.043091,59cdb196328a33d4c7b1248b916e5090_shot_001_000,ssim,mouth,0.6688779
5,984.043091,59cdb196328a33d4c7b1248b916e5090_shot_001_000,ssim,full,0.68607807
5,984.043091,59cdb196328a33d4c7b1248b916e5090_shot_001_000,lpips,mouth,0.49264196
5,984.043091,59cdb196328a33d4c7b1248b916e5090_shot_001_000,lpips,full,0.46436429
5,984.043091,59cdb196328a33d4c7b1248b916e5090_shot_001_000,sharpness,mouth,9.3267
5,984.043091,59cdb196328a33d4c7b1248b916e5090_shot_001_000,lmd,mouth,5.655572
5,984.043091,59cdb196328a33d4c7b1248b916e5090_shot_001_000,sync_d,mouth,11.243873
5,984.043091,59cdb196328a33d4c7b1248b916e5090_shot_001_000,sync_c,mouth,1.1505
6,980.477844,59cdb196328a33d4c7b1248b916e5090_shot_001_000,pixel_mse,mouth,0.01573261
6,980.477844,59cdb196328a33d4c7b1248b916e5090_shot_001_000,pixel_mse,full,0.02047766
6,980.477844,59cdb196328a33d4c7b1248b916e5090_shot_001_000,ssim,mouth,0.66242599
6,980.477844,59cdb196328a33d4c7b1248b916e5090_shot_001_000,ssim,full,0.68171954
6,980.477844,59cdb196328a33d4c7b1248b916e5090_shot_001_000,lpips,mouth,0.48869497
6,980.477844,59cdb196328a33d4c7b1248b916e5090_shot_001_000,lpips,full,0.46432927
6,980.477844,59cdb196328a33d4c7b1248b916e5090_shot_001_000,sharpness,mouth,9.2682
6,980.477844,59cdb196328a33d4c7b1248b916e5090_shot_001_000,lmd,mouth,4.689601
6,980.477844,59cdb196328a33d4c7b1248b916e5090_shot_001_000,sync_d,mouth,10.941719
6,980.477844,59cdb196328a33d4c7b1248b916e5090_shot_001_000,sync_c,mouth,1.698437
7,976.770691,59cdb196328a33d4c7b1248b916e5090_shot_001_000,pixel_mse,mouth,0.01593232
7,976.770691,59cdb196328a33d4c7b1248b916e5090_shot_001_000,pixel_mse,full,0.02082868
7,976.770691,59cdb196328a33d4c7b1248b916e5090_shot_001_000,ssim,mouth,0.65925962
7,976.770691,59cdb196328a33d4c7b1248b916e5090_shot_001_000,ssim,full,0.67906225
7,976.770691,59cdb196328a33d4c7b1248b916e5090_shot_001_000,lpips,mouth,0.48584902
7,976.770691,59cdb196328a33d4c7b1248b916e5090_shot_001_000,lpips,full,0.46386573
7,976.770691,59cdb196328a33d4c7b1248b916e5090_shot_001_000,sharpness,mouth,9.3653
7,976.770691,59cdb196328a33d4c7b1248b916e5090_shot_001_000,lmd,mouth,5.214603
7,976.770691,59cdb196328a33d4c7b1248b916e5090_shot_001_000,sync_d,mouth,10.728771
7,976.770691,59cdb196328a33d4c7b1248b916e5090_shot_001_000,sync_c,mouth,2.437273
8,972.912842,59cdb196328a33d4c7b1248b916e5090_shot_001_000,pixel_mse,mouth,0.01602289
8,972.912842,59cdb196328a33d4c7b1248b916e5090_shot_001_000,pixel_mse,full,0.02104513
8,972.912842,59cdb196328a33d4c7b1248b916e5090_shot_001_000,ssim,mouth,0.65693676
8,972.912842,59cdb196328a33d4c7b1248b916e5090_shot_001_000,ssim,full,0.67669725
8,972.912842,59cdb196328a33d4c7b1248b916e5090_shot_001_000,lpips,mouth,0.48203504
8,972.912842,59cdb196328a33d4c7b1248b916e5090_shot_001_000,lpips,full,0.46321237
8,972.912842,59cdb196328a33d4c7b1248b916e5090_shot_001_000,sharpness,mouth,9.3828
8,972.912842,59cdb196328a33d4c7b1248b916e5090_shot_001_000,lmd,mouth,5.580685
8,972.912842,59cdb196328a33d4c7b1248b916e5090_shot_001_000,sync_d,mouth,10.419214
8,972.912842,59cdb196328a33d4c7b1248b916e5090_shot_001_000,sync_c,mouth,2.920044
9,968.895081,59cdb196328a33d4c7b1248b916e5090_shot_001_000,pixel_mse,mouth,0.01633006
9,968.895081,59cdb196328a33d4c7b1248b916e5090_shot_001_000,pixel_mse,full,0.02125836
9,968.895081,59cdb196328a33d4c7b1248b916e5090_shot_001_000,ssim,mouth,0.65294641
9,968.895081,59cdb196328a33d4c7b1248b916e5090_shot_001_000,ssim,full,0.67415082
9,968.895081,59cdb196328a33d4c7b1248b916e5090_shot_001_000,lpips,mouth,0.48007032
9,968.895081,59cdb196328a33d4c7b1248b916e5090_shot_001_000,lpips,full,0.46326441
9,968.895081,59cdb196328a33d4c7b1248b916e5090_shot_001_000,sharpness,mouth,9.401
9,968.895081,59cdb196328a33d4c7b1248b916e5090_shot_001_000,lmd,mouth,5.566021
9,968.895081,59cdb196328a33d4c7b1248b916e5090_shot_001_000,sync_d,mouth,10.304871
9,968.895081,59cdb196328a33d4c7b1248b916e5090_shot_001_000,sync_c,mouth,3.211993
10,964.707153,59cdb196328a33d4c7b1248b916e5090_shot_001_000,pixel_mse,mouth,0.01669007
10,964.707153,59cdb196328a33d4c7b1248b916e5090_shot_001_000,pixel_mse,full,0.02139091
10,964.707153,59cdb196328a33d4c7b1248b916e5090_shot_001_000,ssim,mouth,0.64791101
10,964.707153,59cdb196328a33d4c7b1248b916e5090_shot_001_000,ssim,full,0.67221218
10,964.707153,59cdb196328a33d4c7b1248b916e5090_shot_001_000,lpips,mouth,0.47774822
10,964.707153,59cdb196328a33d4c7b1248b916e5090_shot_001_000,lpips,full,0.46295792
10,964.707153,59cdb196328a33d4c7b1248b916e5090_shot_001_000,sharpness,mouth,9.7234
10,964.707153,59cdb196328a33d4c7b1248b916e5090_shot_001_000,lmd,mouth,5.345006
10,964.707153,59cdb196328a33d4c7b1248b916e5090_shot_001_000,sync_d,mouth,10.180408
10,964.707153,59cdb196328a33d4c7b1248b916e5090_shot_001_000,sync_c,mouth,3.529012
11,960.337952,59cdb196328a33d4c7b1248b916e5090_shot_001_000,pixel_mse,mouth,0.01711188
11,960.337952,59cdb196328a33d4c7b1248b916e5090_shot_001_000,pixel_mse,full,0.0214384
11,960.337952,59cdb196328a33d4c7b1248b916e5090_shot_001_000,ssim,mouth,0.64189565
11,960.337952,59cdb196328a33d4c7b1248b916e5090_shot_001_000,ssim,full,0.67088485
11,960.337952,59cdb196328a33d4c7b1248b916e5090_shot_001_000,lpips,mouth,0.47602636
11,960.337952,59cdb196328a33d4c7b1248b916e5090_shot_001_000,lpips,full,0.46230489
11,960.337952,59cdb196328a33d4c7b1248b916e5090_shot_001_000,sharpness,mouth,10.0436
11,960.337952,59cdb196328a33d4c7b1248b916e5090_shot_001_000,lmd,mouth,5.004406
11,960.337952,59cdb196328a33d4c7b1248b916e5090_shot_001_000,sync_d,mouth,9.530406
11,960.337952,59cdb196328a33d4c7b1248b916e5090_shot_001_000,sync_c,mouth,3.923598
12,955.775635,59cdb196328a33d4c7b1248b916e5090_shot_001_000,pixel_mse,mouth,0.01734056
12,955.775635,59cdb196328a33d4c7b1248b916e5090_shot_001_000,pixel_mse,full,0.02159333
12,955.775635,59cdb196328a33d4c7b1248b916e5090_shot_001_000,ssim,mouth,0.63770676
12,955.775635,59cdb196328a33d4c7b1248b916e5090_shot_001_000,ssim,full,0.66969603
12,955.775635,59cdb196328a33d4c7b1248b916e5090_shot_001_000,lpips,mouth,0.47395542
12,955.775635,59cdb196328a33d4c7b1248b916e5090_shot_001_000,lpips,full,0.46164584
12,955.775635,59cdb196328a33d4c7b1248b916e5090_shot_001_000,sharpness,mouth,9.8987
12,955.775635,59cdb196328a33d4c7b1248b916e5090_shot_001_000,lmd,mouth,5.125616
12,955.775635,59cdb196328a33d4c7b1248b916e5090_shot_001_000,sync_d,mouth,9.114849
12,955.775635,59cdb196328a33d4c7b1248b916e5090_shot_001_000,sync_c,mouth,4.131137
13,951.006897,59cdb196328a33d4c7b1248b916e5090_shot_001_000,pixel_mse,mouth,0.01753203
13,951.006897,59cdb196328a33d4c7b1248b916e5090_shot_001_000,pixel_mse,full,0.02165641
13,951.006897,59cdb196328a33d4c7b1248b916e5090_shot_001_000,ssim,mouth,0.63321072
13,951.006897,59cdb196328a33d4c7b1248b916e5090_shot_001_000,ssim,full,0.66806185
13,951.006897,59cdb196328a33d4c7b1248b916e5090_shot_001_000,lpips,mouth,0.47178823
13,951.006897,59cdb196328a33d4c7b1248b916e5090_shot_001_000,lpips,full,0.46130759
13,951.006897,59cdb196328a33d4c7b1248b916e5090_shot_001_000,sharpness,mouth,9.9242
13,951.006897,59cdb196328a33d4c7b1248b916e5090_shot_001_000,lmd,mouth,5.378791
13,951.006897,59cdb196328a33d4c7b1248b916e5090_shot_001_000,sync_d,mouth,8.84116
13,951.006897,59cdb196328a33d4c7b1248b916e5090_shot_001_000,sync_c,mouth,4.358695
14,946.017517,59cdb196328a33d4c7b1248b916e5090_shot_001_000,pixel_mse,mouth,0.01783343
14,946.017517,59cdb196328a33d4c7b1248b916e5090_shot_001_000,pixel_mse,full,0.02181748
14,946.017517,59cdb196328a33d4c7b1248b916e5090_shot_001_000,ssim,mouth,0.62774467
14,946.017517,59cdb196328a33d4c7b1248b916e5090_shot_001_000,ssim,full,0.66593808
14,946.017517,59cdb196328a33d4c7b1248b916e5090_shot_001_000,lpips,mouth,0.47027743
14,946.017517,59cdb196328a33d4c7b1248b916e5090_shot_001_000,lpips,full,0.46086234
14,946.017517,59cdb196328a33d4c7b1248b916e5090_shot_001_000,sharpness,mouth,9.9791
14,946.017517,59cdb196328a33d4c7b1248b916e5090_shot_001_000,lmd,mouth,5.469698
14,946.017517,59cdb196328a33d4c7b1248b916e5090_shot_001_000,sync_d,mouth,8.926554
14,946.017517,59cdb196328a33d4c7b1248b916e5090_shot_001_000,sync_c,mouth,4.26594
15,940.791870,59cdb196328a33d4c7b1248b916e5090_shot_001_000,pixel_mse,mouth,0.01812283
15,940.791870,59cdb196328a33d4c7b1248b916e5090_shot_001_000,pixel_mse,full,0.02190906
15,940.791870,59cdb196328a33d4c7b1248b916e5090_shot_001_000,ssim,mouth,0.62299353
15,940.791870,59cdb196328a33d4c7b1248b916e5090_shot_001_000,ssim,full,0.66421026
15,940.791870,59cdb196328a33d4c7b1248b916e5090_shot_001_000,lpips,mouth,0.46840498
15,940.791870,59cdb196328a33d4c7b1248b916e5090_shot_001_000,lpips,full,0.46042171
15,940.791870,59cdb196328a33d4c7b1248b916e5090_shot_001_000,sharpness,mouth,9.9042
15,940.791870,59cdb196328a33d4c7b1248b916e5090_shot_001_000,lmd,mouth,5.585269
15,940.791870,59cdb196328a33d4c7b1248b916e5090_shot_001_000,sync_d,mouth,8.949832
15,940.791870,59cdb196328a33d4c7b1248b916e5090_shot_001_000,sync_c,mouth,4.231081
16,935.312622,59cdb196328a33d4c7b1248b916e5090_shot_001_000,pixel_mse,mouth,0.01835884
16,935.312622,59cdb196328a33d4c7b1248b916e5090_shot_001_000,pixel_mse,full,0.02202314
16,935.312622,59cdb196328a33d4c7b1248b916e5090_shot_001_000,ssim,mouth,0.61865008
16,935.312622,59cdb196328a33d4c7b1248b916e5090_shot_001_000,ssim,full,0.66247892
16,935.312622,59cdb196328a33d4c7b1248b916e5090_shot_001_000,lpips,mouth,0.46772829
16,935.312622,59cdb196328a33d4c7b1248b916e5090_shot_001_000,lpips,full,0.45954189
16,935.312622,59cdb196328a33d4c7b1248b916e5090_shot_001_000,sharpness,mouth,9.9715
16,935.312622,59cdb196328a33d4c7b1248b916e5090_shot_001_000,lmd,mouth,5.592595
16,935.312622,59cdb196328a33d4c7b1248b916e5090_shot_001_000,sync_d,mouth,8.580514
16,935.312622,59cdb196328a33d4c7b1248b916e5090_shot_001_000,sync_c,mouth,4.713262
17,929.560913,59cdb196328a33d4c7b1248b916e5090_shot_001_000,pixel_mse,mouth,0.01874943
17,929.560913,59cdb196328a33d4c7b1248b916e5090_shot_001_000,pixel_mse,full,0.02214219
17,929.560913,59cdb196328a33d4c7b1248b916e5090_shot_001_000,ssim,mouth,0.61268198
17,929.560913,59cdb196328a33d4c7b1248b916e5090_shot_001_000,ssim,full,0.66060042
17,929.560913,59cdb196328a33d4c7b1248b916e5090_shot_001_000,lpips,mouth,0.46575978
17,929.560913,59cdb196328a33d4c7b1248b916e5090_shot_001_000,lpips,full,0.45917836
17,929.560913,59cdb196328a33d4c7b1248b916e5090_shot_001_000,sharpness,mouth,10.047
17,929.560913,59cdb196328a33d4c7b1248b916e5090_shot_001_000,lmd,mouth,5.589343
17,929.560913,59cdb196328a33d4c7b1248b916e5090_shot_001_000,sync_d,mouth,7.834409
17,929.560913,59cdb196328a33d4c7b1248b916e5090_shot_001_000,sync_c,mouth,5.423304
18,923.515991,59cdb196328a33d4c7b1248b916e5090_shot_001_000,pixel_mse,mouth,0.01899331
18,923.515991,59cdb196328a33d4c7b1248b916e5090_shot_001_000,pixel_mse,full,0.02218203
18,923.515991,59cdb196328a33d4c7b1248b916e5090_shot_001_000,ssim,mouth,0.6086632
18,923.515991,59cdb196328a33d4c7b1248b916e5090_shot_001_000,ssim,full,0.65969813
18,923.515991,59cdb196328a33d4c7b1248b916e5090_shot_001_000,lpips,mouth,0.46426117
18,923.515991,59cdb196328a33d4c7b1248b916e5090_shot_001_000,lpips,full,0.45830074
18,923.515991,59cdb196328a33d4c7b1248b916e5090_shot_001_000,sharpness,mouth,10.3226
18,923.515991,59cdb196328a33d4c7b1248b916e5090_shot_001_000,lmd,mouth,5.517153
18,923.515991,59cdb196328a33d4c7b1248b916e5090_shot_001_000,sync_d,mouth,7.543021
18,923.515991,59cdb196328a33d4c7b1248b916e5090_shot_001_000,sync_c,mouth,5.877023
19,917.154785,59cdb196328a33d4c7b1248b916e5090_shot_001_000,pixel_mse,mouth,0.019257
19,917.154785,59cdb196328a33d4c7b1248b916e5090_shot_001_000,pixel_mse,full,0.02228383
19,917.154785,59cdb196328a33d4c7b1248b916e5090_shot_001_000,ssim,mouth,0.60555321
19,917.154785,59cdb196328a33d4c7b1248b916e5090_shot_001_000,ssim,full,0.65871727
19,917.154785,59cdb196328a33d4c7b1248b916e5090_shot_001_000,lpips,mouth,0.46491987
19,917.154785,59cdb196328a33d4c7b1248b916e5090_shot_001_000,lpips,full,0.45790669
19,917.154785,59cdb196328a33d4c7b1248b916e5090_shot_001_000,sharpness,mouth,10.2635
19,917.154785,59cdb196328a33d4c7b1248b916e5090_shot_001_000,lmd,mouth,5.51747
19,917.154785,59cdb196328a33d4c7b1248b916e5090_shot_001_000,sync_d,mouth,7.33211
19,917.154785,59cdb196328a33d4c7b1248b916e5090_shot_001_000,sync_c,mouth,6.149213
20,910.451721,59cdb196328a33d4c7b1248b916e5090_shot_001_000,pixel_mse,mouth,0.01939589
20,910.451721,59cdb196328a33d4c7b1248b916e5090_shot_001_000,pixel_mse,full,0.02234917
20,910.451721,59cdb196328a33d4c7b1248b916e5090_shot_001_000,ssim,mouth,0.60295194
20,910.451721,59cdb196328a33d4c7b1248b916e5090_shot_001_000,ssim,full,0.65799457
20,910.451721,59cdb196328a33d4c7b1248b916e5090_shot_001_000,lpips,mouth,0.46303129
20,910.451721,59cdb196328a33d4c7b1248b916e5090_shot_001_000,lpips,full,0.45709333
20,910.451721,59cdb196328a33d4c7b1248b916e5090_shot_001_000,sharpness,mouth,10.4237
20,910.451721,59cdb196328a33d4c7b1248b916e5090_shot_001_000,lmd,mouth,5.483819
20,910.451721,59cdb196328a33d4c7b1248b916e5090_shot_001_000,sync_d,mouth,7.110749
20,910.451721,59cdb196328a33d4c7b1248b916e5090_shot_001_000,sync_c,mouth,6.477873
21,903.378723,59cdb196328a33d4c7b1248b916e5090_shot_001_000,pixel_mse,mouth,0.01938059
21,903.378723,59cdb196328a33d4c7b1248b916e5090_shot_001_000,pixel_mse,full,0.0223955
21,903.378723,59cdb196328a33d4c7b1248b916e5090_shot_001_000,ssim,mouth,0.60118753
21,903.378723,59cdb196328a33d4c7b1248b916e5090_shot_001_000,ssim,full,0.65714228
21,903.378723,59cdb196328a33d4c7b1248b916e5090_shot_001_000,lpips,mouth,0.46127003
21,903.378723,59cdb196328a33d4c7b1248b916e5090_shot_001_000,lpips,full,0.45668727
21,903.378723,59cdb196328a33d4c7b1248b916e5090_shot_001_000,sharpness,mouth,10.2426
21,903.378723,59cdb196328a33d4c7b1248b916e5090_shot_001_000,lmd,mouth,5.521897
21,903.378723,59cdb196328a33d4c7b1248b916e5090_shot_001_000,sync_d,mouth,6.697653
21,903.378723,59cdb196328a33d4c7b1248b916e5090_shot_001_000,sync_c,mouth,6.859934
22,895.903931,59cdb196328a33d4c7b1248b916e5090_shot_001_000,pixel_mse,mouth,0.01953109
22,895.903931,59cdb196328a33d4c7b1248b916e5090_shot_001_000,pixel_mse,full,0.02245677
22,895.903931,59cdb196328a33d4c7b1248b916e5090_shot_001_000,ssim,mouth,0.59874797
22,895.903931,59cdb196328a33d4c7b1248b916e5090_shot_001_000,ssim,full,0.65655148
22,895.903931,59cdb196328a33d4c7b1248b916e5090_shot_001_000,lpips,mouth,0.45997065
22,895.903931,59cdb196328a33d4c7b1248b916e5090_shot_001_000,lpips,full,0.45621476
22,895.903931,59cdb196328a33d4c7b1248b916e5090_shot_001_000,sharpness,mouth,10.2678
22,895.903931,59cdb196328a33d4c7b1248b916e5090_shot_001_000,lmd,mouth,5.447564
22,895.903931,59cdb196328a33d4c7b1248b916e5090_shot_001_000,sync_d,mouth,6.887976
22,895.903931,59cdb196328a33d4c7b1248b916e5090_shot_001_000,sync_c,mouth,6.899207
23,887.992493,59cdb196328a33d4c7b1248b916e5090_shot_001_000,pixel_mse,mouth,0.01950066
23,887.992493,59cdb196328a33d4c7b1248b916e5090_shot_001_000,pixel_mse,full,0.02250583
23,887.992493,59cdb196328a33d4c7b1248b916e5090_shot_001_000,ssim,mouth,0.59724259
23,887.992493,59cdb196328a33d4c7b1248b916e5090_shot_001_000,ssim,full,0.65575933
23,887.992493,59cdb196328a33d4c7b1248b916e5090_shot_001_000,lpips,mouth,0.46080747
23,887.992493,59cdb196328a33d4c7b1248b916e5090_shot_001_000,lpips,full,0.45578402
23,887.992493,59cdb196328a33d4c7b1248b916e5090_shot_001_000,sharpness,mouth,10.3108
23,887.992493,59cdb196328a33d4c7b1248b916e5090_shot_001_000,lmd,mouth,5.398775
23,887.992493,59cdb196328a33d4c7b1248b916e5090_shot_001_000,sync_d,mouth,7.381051
23,887.992493,59cdb196328a33d4c7b1248b916e5090_shot_001_000,sync_c,mouth,6.472686
24,879.604736,59cdb196328a33d4c7b1248b916e5090_shot_001_000,pixel_mse,mouth,0.01959228
24,879.604736,59cdb196328a33d4c7b1248b916e5090_shot_001_000,pixel_mse,full,0.02254413
24,879.604736,59cdb196328a33d4c7b1248b916e5090_shot_001_000,ssim,mouth,0.59531391
24,879.604736,59cdb196328a33d4c7b1248b916e5090_shot_001_000,ssim,full,0.65516788
24,879.604736,59cdb196328a33d4c7b1248b916e5090_shot_001_000,lpips,mouth,0.4593811
24,879.604736,59cdb196328a33d4c7b1248b916e5090_shot_001_000,lpips,full,0.45539603
24,879.604736,59cdb196328a33d4c7b1248b916e5090_shot_001_000,sharpness,mouth,10.2937
24,879.604736,59cdb196328a33d4c7b1248b916e5090_shot_001_000,lmd,mouth,5.381749
24,879.604736,59cdb196328a33d4c7b1248b916e5090_shot_001_000,sync_d,mouth,7.1601
24,879.604736,59cdb196328a33d4c7b1248b916e5090_shot_001_000,sync_c,mouth,6.910604
25,870.696350,59cdb196328a33d4c7b1248b916e5090_shot_001_000,pixel_mse,mouth,0.01961264
25,870.696350,59cdb196328a33d4c7b1248b916e5090_shot_001_000,pixel_mse,full,0.0225789
25,870.696350,59cdb196328a33d4c7b1248b916e5090_shot_001_000,ssim,mouth,0.59359002
25,870.696350,59cdb196328a33d4c7b1248b916e5090_shot_001_000,ssim,full,0.65459174
25,870.696350,59cdb196328a33d4c7b1248b916e5090_shot_001_000,lpips,mouth,0.45866624
25,870.696350,59cdb196328a33d4c7b1248b916e5090_shot_001_000,lpips,full,0.45462781
25,870.696350,59cdb196328a33d4c7b1248b916e5090_shot_001_000,sharpness,mouth,10.4888
25,870.696350,59cdb196328a33d4c7b1248b916e5090_shot_001_000,lmd,mouth,5.401588
25,870.696350,59cdb196328a33d4c7b1248b916e5090_shot_001_000,sync_d,mouth,7.544482
25,870.696350,59cdb196328a33d4c7b1248b916e5090_shot_001_000,sync_c,mouth,6.421509
26,861.217407,59cdb196328a33d4c7b1248b916e5090_shot_001_000,pixel_mse,mouth,0.01967305
26,861.217407,59cdb196328a33d4c7b1248b916e5090_shot_001_000,pixel_mse,full,0.02261469
26,861.217407,59cdb196328a33d4c7b1248b916e5090_shot_001_000,ssim,mouth,0.59273618
26,861.217407,59cdb196328a33d4c7b1248b916e5090_shot_001_000,ssim,full,0.65433884
26,861.217407,59cdb196328a33d4c7b1248b916e5090_shot_001_000,lpips,mouth,0.45908552
26,861.217407,59cdb196328a33d4c7b1248b916e5090_shot_001_000,lpips,full,0.45424151
26,861.217407,59cdb196328a33d4c7b1248b916e5090_shot_001_000,sharpness,mouth,10.355
26,861.217407,59cdb196328a33d4c7b1248b916e5090_shot_001_000,lmd,mouth,5.438749
26,861.217407,59cdb196328a33d4c7b1248b916e5090_shot_001_000,sync_d,mouth,7.419195
26,861.217407,59cdb196328a33d4c7b1248b916e5090_shot_001_000,sync_c,mouth,6.705607
27,851.111145,59cdb196328a33d4c7b1248b916e5090_shot_001_000,pixel_mse,mouth,0.0196373
27,851.111145,59cdb196328a33d4c7b1248b916e5090_shot_001_000,pixel_mse,full,0.02262446
27,851.111145,59cdb196328a33d4c7b1248b916e5090_shot_001_000,ssim,mouth,0.59100837
27,851.111145,59cdb196328a33d4c7b1248b916e5090_shot_001_000,ssim,full,0.65395582
27,851.111145,59cdb196328a33d4c7b1248b916e5090_shot_001_000,lpips,mouth,0.45822799
27,851.111145,59cdb196328a33d4c7b1248b916e5090_shot_001_000,lpips,full,0.45388463
27,851.111145,59cdb196328a33d4c7b1248b916e5090_shot_001_000,sharpness,mouth,10.6301
27,851.111145,59cdb196328a33d4c7b1248b916e5090_shot_001_000,lmd,mouth,5.471929
27,851.111145,59cdb196328a33d4c7b1248b916e5090_shot_001_000,sync_d,mouth,7.382177
27,851.111145,59cdb196328a33d4c7b1248b916e5090_shot_001_000,sync_c,mouth,6.86775
28,840.313232,59cdb196328a33d4c7b1248b916e5090_shot_001_000,pixel_mse,mouth,0.01969534
28,840.313232,59cdb196328a33d4c7b1248b916e5090_shot_001_000,pixel_mse,full,0.02266447
28,840.313232,59cdb196328a33d4c7b1248b916e5090_shot_001_000,ssim,mouth,0.58996797
28,840.313232,59cdb196328a33d4c7b1248b916e5090_shot_001_000,ssim,full,0.65368146
28,840.313232,59cdb196328a33d4c7b1248b916e5090_shot_001_000,lpips,mouth,0.45819676
28,840.313232,59cdb196328a33d4c7b1248b916e5090_shot_001_000,lpips,full,0.45363462
28,840.313232,59cdb196328a33d4c7b1248b916e5090_shot_001_000,sharpness,mouth,10.6202
28,840.313232,59cdb196328a33d4c7b1248b916e5090_shot_001_000,lmd,mouth,5.426551
28,840.313232,59cdb196328a33d4c7b1248b916e5090_shot_001_000,sync_d,mouth,7.428415
28,840.313232,59cdb196328a33d4c7b1248b916e5090_shot_001_000,sync_c,mouth,6.847947
29,828.750244,59cdb196328a33d4c7b1248b916e5090_shot_001_000,pixel_mse,mouth,0.01966893
29,828.750244,59cdb196328a33d4c7b1248b916e5090_shot_001_000,pixel_mse,full,0.02269849
29,828.750244,59cdb196328a33d4c7b1248b916e5090_shot_001_000,ssim,mouth,0.58888018
29,828.750244,59cdb196328a33d4c7b1248b916e5090_shot_001_000,ssim,full,0.65311986
29,828.750244,59cdb196328a33d4c7b1248b916e5090_shot_001_000,lpips,mouth,0.45753047
29,828.750244,59cdb196328a33d4c7b1248b916e5090_shot_001_000,lpips,full,0.45334008
29,828.750244,59cdb196328a33d4c7b1248b916e5090_shot_001_000,sharpness,mouth,10.6456
29,828.750244,59cdb196328a33d4c7b1248b916e5090_shot_001_000,lmd,mouth,5.40424
29,828.750244,59cdb196328a33d4c7b1248b916e5090_shot_001_000,sync_d,mouth,7.925955
29,828.750244,59cdb196328a33d4c7b1248b916e5090_shot_001_000,sync_c,mouth,6.252048
30,816.337830,59cdb196328a33d4c7b1248b916e5090_shot_001_000,pixel_mse,mouth,0.01965668
30,816.337830,59cdb196328a33d4c7b1248b916e5090_shot_001_000,pixel_mse,full,0.02273468
30,816.337830,59cdb196328a33d4c7b1248b916e5090_shot_001_000,ssim,mouth,0.58806062
30,816.337830,59cdb196328a33d4c7b1248b916e5090_shot_001_000,ssim,full,0.65283507
30,816.337830,59cdb196328a33d4c7b1248b916e5090_shot_001_000,lpips,mouth,0.45754761
30,816.337830,59cdb196328a33d4c7b1248b916e5090_shot_001_000,lpips,full,0.45314154
30,816.337830,59cdb196328a33d4c7b1248b916e5090_shot_001_000,sharpness,mouth,10.7077
30,816.337830,59cdb196328a33d4c7b1248b916e5090_shot_001_000,lmd,mouth,5.443783
30,816.337830,59cdb196328a33d4c7b1248b916e5090_shot_001_000,sync_d,mouth,7.843843
30,816.337830,59cdb196328a33d4c7b1248b916e5090_shot_001_000,sync_c,mouth,6.586046
31,802.978699,59cdb196328a33d4c7b1248b916e5090_shot_001_000,pixel_mse,mouth,0.01970853
31,802.978699,59cdb196328a33d4c7b1248b916e5090_shot_001_000,pixel_mse,full,0.02275485
31,802.978699,59cdb196328a33d4c7b1248b916e5090_shot_001_000,ssim,mouth,0.58715248
31,802.978699,59cdb196328a33d4c7b1248b916e5090_shot_001_000,ssim,full,0.65251887
31,802.978699,59cdb196328a33d4c7b1248b916e5090_shot_001_000,lpips,mouth,0.45733416
31,802.978699,59cdb196328a33d4c7b1248b916e5090_shot_001_000,lpips,full,0.45279622
31,802.978699,59cdb196328a33d4c7b1248b916e5090_shot_001_000,sharpness,mouth,10.636
31,802.978699,59cdb196328a33d4c7b1248b916e5090_shot_001_000,lmd,mouth,5.469138
31,802.978699,59cdb196328a33d4c7b1248b916e5090_shot_001_000,sync_d,mouth,7.718514
31,802.978699,59cdb196328a33d4c7b1248b916e5090_shot_001_000,sync_c,mouth,6.74862
32,788.560242,59cdb196328a33d4c7b1248b916e5090_shot_001_000,pixel_mse,mouth,0.01967671
32,788.560242,59cdb196328a33d4c7b1248b916e5090_shot_001_000,pixel_mse,full,0.02276379
32,788.560242,59cdb196328a33d4c7b1248b916e5090_shot_001_000,ssim,mouth,0.58651477
32,788.560242,59cdb196328a33d4c7b1248b916e5090_shot_001_000,ssim,full,0.6522848
32,788.560242,59cdb196328a33d4c7b1248b916e5090_shot_001_000,lpips,mouth,0.45656472
32,788.560242,59cdb196328a33d4c7b1248b916e5090_shot_001_000,lpips,full,0.45255208
32,788.560242,59cdb196328a33d4c7b1248b916e5090_shot_001_000,sharpness,mouth,10.7154
32,788.560242,59cdb196328a33d4c7b1248b916e5090_shot_001_000,lmd,mouth,5.414563
32,788.560242,59cdb196328a33d4c7b1248b916e5090_shot_001_000,sync_d,mouth,7.920598
32,788.560242,59cdb196328a33d4c7b1248b916e5090_shot_001_000,sync_c,mouth,6.464362
33,772.951477,59cdb196328a33d4c7b1248b916e5090_shot_001_000,pixel_mse,mouth,0.01968184
33,772.951477,59cdb196328a33d4c7b1248b916e5090_shot_001_000,pixel_mse,full,0.02276396
33,772.951477,59cdb196328a33d4c7b1248b916e5090_shot_001_000,ssim,mouth,0.58623117
33,772.951477,59cdb196328a33d4c7b1248b916e5090_shot_001_000,ssim,full,0.65216732
33,772.951477,59cdb196328a33d4c7b1248b916e5090_shot_001_000,lpips,mouth,0.45647895
33,772.951477,59cdb196328a33d4c7b1248b916e5090_shot_001_000,lpips,full,0.45203504
33,772.951477,59cdb196328a33d4c7b1248b916e5090_shot_001_000,sharpness,mouth,10.6319
33,772.951477,59cdb196328a33d4c7b1248b916e5090_shot_001_000,lmd,mouth,5.476912
33,772.951477,59cdb196328a33d4c7b1248b916e5090_shot_001_000,sync_d,mouth,8.002357
33,772.951477,59cdb196328a33d4c7b1248b916e5090_shot_001_000,sync_c,mouth,6.447312
34,755.998352,59cdb196328a33d4c7b1248b916e5090_shot_001_000,pixel_mse,mouth,0.01967038
34,755.998352,59cdb196328a33d4c7b1248b916e5090_shot_001_000,pixel_mse,full,0.02278373
34,755.998352,59cdb196328a33d4c7b1248b916e5090_shot_001_000,ssim,mouth,0.58624458
34,755.998352,59cdb196328a33d4c7b1248b916e5090_shot_001_000,ssim,full,0.65209055
34,755.998352,59cdb196328a33d4c7b1248b916e5090_shot_001_000,lpips,mouth,0.45513821
34,755.998352,59cdb196328a33d4c7b1248b916e5090_shot_001_000,lpips,full,0.45169303
34,755.998352,59cdb196328a33d4c7b1248b916e5090_shot_001_000,sharpness,mouth,10.6818
34,755.998352,59cdb196328a33d4c7b1248b916e5090_shot_001_000,lmd,mouth,5.46094
34,755.998352,59cdb196328a33d4c7b1248b916e5090_shot_001_000,sync_d,mouth,7.904148
34,755.998352,59cdb196328a33d4c7b1248b916e5090_shot_001_000,sync_c,mouth,6.641704
35,737.519714,59cdb196328a33d4c7b1248b916e5090_shot_001_000,pixel_mse,mouth,0.01971713
35,737.519714,59cdb196328a33d4c7b1248b916e5090_shot_001_000,pixel_mse,full,0.02280654
35,737.519714,59cdb196328a33d4c7b1248b916e5090_shot_001_000,ssim,mouth,0.58545089
35,737.519714,59cdb196328a33d4c7b1248b916e5090_shot_001_000,ssim,full,0.65192974
35,737.519714,59cdb196328a33d4c7b1248b916e5090_shot_001_000,lpips,mouth,0.45465195
35,737.519714,59cdb196328a33d4c7b1248b916e5090_shot_001_000,lpips,full,0.45160669
35,737.519714,59cdb196328a33d4c7b1248b916e5090_shot_001_000,sharpness,mouth,10.6563
35,737.519714,59cdb196328a33d4c7b1248b916e5090_shot_001_000,lmd,mouth,5.471585
35,737.519714,59cdb196328a33d4c7b1248b916e5090_shot_001_000,sync_d,mouth,8.163557
35,737.519714,59cdb196328a33d4c7b1248b916e5090_shot_001_000,sync_c,mouth,6.216973
36,717.299683,59cdb196328a33d4c7b1248b916e5090_shot_001_000,pixel_mse,mouth,0.01962423
36,717.299683,59cdb196328a33d4c7b1248b916e5090_shot_001_000,pixel_mse,full,0.02282296
36,717.299683,59cdb196328a33d4c7b1248b916e5090_shot_001_000,ssim,mouth,0.58513635
36,717.299683,59cdb196328a33d4c7b1248b916e5090_shot_001_000,ssim,full,0.65166414
36,717.299683,59cdb196328a33d4c7b1248b916e5090_shot_001_000,lpips,mouth,0.45467585
36,717.299683,59cdb196328a33d4c7b1248b916e5090_shot_001_000,lpips,full,0.45125905
36,717.299683,59cdb196328a33d4c7b1248b916e5090_shot_001_000,sharpness,mouth,10.7999
36,717.299683,59cdb196328a33d4c7b1248b916e5090_shot_001_000,lmd,mouth,5.429759
36,717.299683,59cdb196328a33d4c7b1248b916e5090_shot_001_000,sync_d,mouth,7.94846
36,717.299683,59cdb196328a33d4c7b1248b916e5090_shot_001_000,sync_c,mouth,6.527235
37,695.080139,59cdb196328a33d4c7b1248b916e5090_shot_001_000,pixel_mse,mouth,0.01967097
37,695.080139,59cdb196328a33d4c7b1248b916e5090_shot_001_000,pixel_mse,full,0.0228358
37,695.080139,59cdb196328a33d4c7b1248b916e5090_shot_001_000,ssim,mouth,0.58478302
37,695.080139,59cdb196328a33d4c7b1248b916e5090_shot_001_000,ssim,full,0.6514594
37,695.080139,59cdb196328a33d4c7b1248b916e5090_shot_001_000,lpips,mouth,0.4542574
37,695.080139,59cdb196328a33d4c7b1248b916e5090_shot_001_000,lpips,full,0.451076
37,695.080139,59cdb196328a33d4c7b1248b916e5090_shot_001_000,sharpness,mouth,10.8452
37,695.080139,59cdb196328a33d4c7b1248b916e5090_shot_001_000,lmd,mouth,5.465272
37,695.080139,59cdb196328a33d4c7b1248b916e5090_shot_001_000,sync_d,mouth,8.225246
37,695.080139,59cdb196328a33d4c7b1248b916e5090_shot_001_000,sync_c,mouth,6.171448
38,670.548828,59cdb196328a33d4c7b1248b916e5090_shot_001_000,pixel_mse,mouth,0.01969824
38,670.548828,59cdb196328a33d4c7b1248b916e5090_shot_001_000,pixel_mse,full,0.02285554
38,670.548828,59cdb196328a33d4c7b1248b916e5090_shot_001_000,ssim,mouth,0.5850426
38,670.548828,59cdb196328a33d4c7b1248b916e5090_shot_001_000,ssim,full,0.65138859
38,670.548828,59cdb196328a33d4c7b1248b916e5090_shot_001_000,lpips,mouth,0.4540298
38,670.548828,59cdb196328a33d4c7b1248b916e5090_shot_001_000,lpips,full,0.4510037
38,670.548828,59cdb196328a33d4c7b1248b916e5090_shot_001_000,sharpness,mouth,10.7908
38,670.548828,59cdb196328a33d4c7b1248b916e5090_shot_001_000,lmd,mouth,5.442731
38,670.548828,59cdb196328a33d4c7b1248b916e5090_shot_001_000,sync_d,mouth,8.292439
38,670.548828,59cdb196328a33d4c7b1248b916e5090_shot_001_000,sync_c,mouth,6.160617
39,643.325317,59cdb196328a33d4c7b1248b916e5090_shot_001_000,pixel_mse,mouth,0.01967638
39,643.325317,59cdb196328a33d4c7b1248b916e5090_shot_001_000,pixel_mse,full,0.02286431
39,643.325317,59cdb196328a33d4c7b1248b916e5090_shot_001_000,ssim,mouth,0.58496982
39,643.325317,59cdb196328a33d4c7b1248b916e5090_shot_001_000,ssim,full,0.65114623
39,643.325317,59cdb196328a33d4c7b1248b916e5090_shot_001_000,lpips,mouth,0.45353529
39,643.325317,59cdb196328a33d4c7b1248b916e5090_shot_001_000,lpips,full,0.45089042
39,643.325317,59cdb196328a33d4c7b1248b916e5090_shot_001_000,sharpness,mouth,10.7692
39,643.325317,59cdb196328a33d4c7b1248b916e5090_shot_001_000,lmd,mouth,5.47303
39,643.325317,59cdb196328a33d4c7b1248b916e5090_shot_001_000,sync_d,mouth,8.484826
39,643.325317,59cdb196328a33d4c7b1248b916e5090_shot_001_000,sync_c,mouth,5.914321
40,612.940735,59cdb196328a33d4c7b1248b916e5090_shot_001_000,pixel_mse,mouth,0.01960774
40,612.940735,59cdb196328a33d4c7b1248b916e5090_shot_001_000,pixel_mse,full,0.02289432
40,612.940735,59cdb196328a33d4c7b1248b916e5090_shot_001_000,ssim,mouth,0.58583093
40,612.940735,59cdb196328a33d4c7b1248b916e5090_shot_001_000,ssim,full,0.65103996
40,612.940735,59cdb196328a33d4c7b1248b916e5090_shot_001_000,lpips,mouth,0.45332882
40,612.940735,59cdb196328a33d4c7b1248b916e5090_shot_001_000,lpips,full,0.45039237
40,612.940735,59cdb196328a33d4c7b1248b916e5090_shot_001_000,sharpness,mouth,10.6137
40,612.940735,59cdb196328a33d4c7b1248b916e5090_shot_001_000,lmd,mouth,5.403773
40,612.940735,59cdb196328a33d4c7b1248b916e5090_shot_001_000,sync_d,mouth,8.251956
40,612.940735,59cdb196328a33d4c7b1248b916e5090_shot_001_000,sync_c,mouth,6.103161
41,578.810425,59cdb196328a33d4c7b1248b916e5090_shot_001_000,pixel_mse,mouth,0.0196073
41,578.810425,59cdb196328a33d4c7b1248b916e5090_shot_001_000,pixel_mse,full,0.0229016
41,578.810425,59cdb196328a33d4c7b1248b916e5090_shot_001_000,ssim,mouth,0.58571482
41,578.810425,59cdb196328a33d4c7b1248b916e5090_shot_001_000,ssim,full,0.65091771
41,578.810425,59cdb196328a33d4c7b1248b916e5090_shot_001_000,lpips,mouth,0.45377311
41,578.810425,59cdb196328a33d4c7b1248b916e5090_shot_001_000,lpips,full,0.45033166
41,578.810425,59cdb196328a33d4c7b1248b916e5090_shot_001_000,sharpness,mouth,10.6325
41,578.810425,59cdb196328a33d4c7b1248b916e5090_shot_001_000,lmd,mouth,5.412978
41,578.810425,59cdb196328a33d4c7b1248b916e5090_shot_001_000,sync_d,mouth,8.496616
41,578.810425,59cdb196328a33d4c7b1248b916e5090_shot_001_000,sync_c,mouth,6.008066
42,540.196350,59cdb196328a33d4c7b1248b916e5090_shot_001_000,pixel_mse,mouth,0.01958974
42,540.196350,59cdb196328a33d4c7b1248b916e5090_shot_001_000,pixel_mse,full,0.02290989
42,540.196350,59cdb196328a33d4c7b1248b916e5090_shot_001_000,ssim,mouth,0.58598787
42,540.196350,59cdb196328a33d4c7b1248b916e5090_shot_001_000,ssim,full,0.6507706
42,540.196350,59cdb196328a33d4c7b1248b916e5090_shot_001_000,lpips,mouth,0.45330104
42,540.196350,59cdb196328a33d4c7b1248b916e5090_shot_001_000,lpips,full,0.45039564
42,540.196350,59cdb196328a33d4c7b1248b916e5090_shot_001_000,sharpness,mouth,10.6359
42,540.196350,59cdb196328a33d4c7b1248b916e5090_shot_001_000,lmd,mouth,5.410325
42,540.196350,59cdb196328a33d4c7b1248b916e5090_shot_001_000,sync_d,mouth,8.770123
42,540.196350,59cdb196328a33d4c7b1248b916e5090_shot_001_000,sync_c,mouth,5.575792
43,496.152893,59cdb196328a33d4c7b1248b916e5090_shot_001_000,pixel_mse,mouth,0.01948725
43,496.152893,59cdb196328a33d4c7b1248b916e5090_shot_001_000,pixel_mse,full,0.02290899
43,496.152893,59cdb196328a33d4c7b1248b916e5090_shot_001_000,ssim,mouth,0.58615553
43,496.152893,59cdb196328a33d4c7b1248b916e5090_shot_001_000,ssim,full,0.65061003
43,496.152893,59cdb196328a33d4c7b1248b916e5090_shot_001_000,lpips,mouth,0.45333329
43,496.152893,59cdb196328a33d4c7b1248b916e5090_shot_001_000,lpips,full,0.45053443
43,496.152893,59cdb196328a33d4c7b1248b916e5090_shot_001_000,sharpness,mouth,10.6474
43,496.152893,59cdb196328a33d4c7b1248b916e5090_shot_001_000,lmd,mouth,5.485414
43,496.152893,59cdb196328a33d4c7b1248b916e5090_shot_001_000,sync_d,mouth,8.626353
43,496.152893,59cdb196328a33d4c7b1248b916e5090_shot_001_000,sync_c,mouth,5.818326
44,445.448151,59cdb196328a33d4c7b1248b916e5090_shot_001_000,pixel_mse,mouth,0.01947829
44,445.448151,59cdb196328a33d4c7b1248b916e5090_shot_001_000,pixel_mse,full,0.02290761
44,445.448151,59cdb196328a33d4c7b1248b916e5090_shot_001_000,ssim,mouth,0.58607787
44,445.448151,59cdb196328a33d4c7b1248b916e5090_shot_001_000,ssim,full,0.65058017
44,445.448151,59cdb196328a33d4c7b1248b916e5090_shot_001_000,lpips,mouth,0.45234048
44,445.448151,59cdb196328a33d4c7b1248b916e5090_shot_001_000,lpips,full,0.45033953
44,445.448151,59cdb196328a33d4c7b1248b916e5090_shot_001_000,sharpness,mouth,10.4613
44,445.448151,59cdb196328a33d4c7b1248b916e5090_shot_001_000,lmd,mouth,5.40096
44,445.448151,59cdb196328a33d4c7b1248b916e5090_shot_001_000,sync_d,mouth,8.869334
44,445.448151,59cdb196328a33d4c7b1248b916e5090_shot_001_000,sync_c,mouth,5.680584
45,386.447418,59cdb196328a33d4c7b1248b916e5090_shot_001_000,pixel_mse,mouth,0.01944809
45,386.447418,59cdb196328a33d4c7b1248b916e5090_shot_001_000,pixel_mse,full,0.02292339
45,386.447418,59cdb196328a33d4c7b1248b916e5090_shot_001_000,ssim,mouth,0.58601004
45,386.447418,59cdb196328a33d4c7b1248b916e5090_shot_001_000,ssim,full,0.65054131
45,386.447418,59cdb196328a33d4c7b1248b916e5090_shot_001_000,lpips,mouth,0.45221362
45,386.447418,59cdb196328a33d4c7b1248b916e5090_shot_001_000,lpips,full,0.45027024
45,386.447418,59cdb196328a33d4c7b1248b916e5090_shot_001_000,sharpness,mouth,10.403
45,386.447418,59cdb196328a33d4c7b1248b916e5090_shot_001_000,lmd,mouth,5.434624
45,386.447418,59cdb196328a33d4c7b1248b916e5090_shot_001_000,sync_d,mouth,8.889575
45,386.447418,59cdb196328a33d4c7b1248b916e5090_shot_001_000,sync_c,mouth,5.556933
46,316.933258,59cdb196328a33d4c7b1248b916e5090_shot_001_000,pixel_mse,mouth,0.01940885
46,316.933258,59cdb196328a33d4c7b1248b916e5090_shot_001_000,pixel_mse,full,0.02294517
46,316.933258,59cdb196328a33d4c7b1248b916e5090_shot_001_000,ssim,mouth,0.58637851
46,316.933258,59cdb196328a33d4c7b1248b916e5090_shot_001_000,ssim,full,0.65047288
46,316.933258,59cdb196328a33d4c7b1248b916e5090_shot_001_000,lpips,mouth,0.45121938
46,316.933258,59cdb196328a33d4c7b1248b916e5090_shot_001_000,lpips,full,0.45010489
46,316.933258,59cdb196328a33d4c7b1248b916e5090_shot_001_000,sharpness,mouth,10.2971
46,316.933258,59cdb196328a33d4c7b1248b916e5090_shot_001_000,lmd,mouth,5.459776
46,316.933258,59cdb196328a33d4c7b1248b916e5090_shot_001_000,sync_d,mouth,8.786792
46,316.933258,59cdb196328a33d4c7b1248b916e5090_shot_001_000,sync_c,mouth,5.770185
47,233.820694,59cdb196328a33d4c7b1248b916e5090_shot_001_000,pixel_mse,mouth,0.01939379
47,233.820694,59cdb196328a33d4c7b1248b916e5090_shot_001_000,pixel_mse,full,0.02296693
47,233.820694,59cdb196328a33d4c7b1248b916e5090_shot_001_000,ssim,mouth,0.58597422
47,233.820694,59cdb196328a33d4c7b1248b916e5090_shot_001_000,ssim,full,0.65067542
47,233.820694,59cdb196328a33d4c7b1248b916e5090_shot_001_000,lpips,mouth,0.4508149
47,233.820694,59cdb196328a33d4c7b1248b916e5090_shot_001_000,lpips,full,0.44928375
47,233.820694,59cdb196328a33d4c7b1248b916e5090_shot_001_000,sharpness,mouth,10.1759
47,233.820694,59cdb196328a33d4c7b1248b916e5090_shot_001_000,lmd,mouth,5.448475
47,233.820694,59cdb196328a33d4c7b1248b916e5090_shot_001_000,sync_d,mouth,8.804742
47,233.820694,59cdb196328a33d4c7b1248b916e5090_shot_001_000,sync_c,mouth,5.722054
48,132.687027,59cdb196328a33d4c7b1248b916e5090_shot_001_000,pixel_mse,mouth,0.0193827
48,132.687027,59cdb196328a33d4c7b1248b916e5090_shot_001_000,pixel_mse,full,0.02298252
48,132.687027,59cdb196328a33d4c7b1248b916e5090_shot_001_000,ssim,mouth,0.58510023
48,132.687027,59cdb196328a33d4c7b1248b916e5090_shot_001_000,ssim,full,0.65111309
48,132.687027,59cdb196328a33d4c7b1248b916e5090_shot_001_000,lpips,mouth,0.44976214
48,132.687027,59cdb196328a33d4c7b1248b916e5090_shot_001_000,lpips,full,0.44849858
48,132.687027,59cdb196328a33d4c7b1248b916e5090_shot_001_000,sharpness,mouth,10.1523
48,132.687027,59cdb196328a33d4c7b1248b916e5090_shot_001_000,lmd,mouth,5.474929
48,132.687027,59cdb196328a33d4c7b1248b916e5090_shot_001_000,sync_d,mouth,8.747875
48,132.687027,59cdb196328a33d4c7b1248b916e5090_shot_001_000,sync_c,mouth,5.789008
49,6.958251,59cdb196328a33d4c7b1248b916e5090_shot_001_000,pixel_mse,mouth,0.01939481
49,6.958251,59cdb196328a33d4c7b1248b916e5090_shot_001_000,pixel_mse,full,0.0229813
49,6.958251,59cdb196328a33d4c7b1248b916e5090_shot_001_000,ssim,mouth,0.58495545
49,6.958251,59cdb196328a33d4c7b1248b916e5090_shot_001_000,ssim,full,0.65270585
49,6.958251,59cdb196328a33d4c7b1248b916e5090_shot_001_000,lpips,mouth,0.44996271
49,6.958251,59cdb196328a33d4c7b1248b916e5090_shot_001_000,lpips,full,0.44793165
49,6.958251,59cdb196328a33d4c7b1248b916e5090_shot_001_000,sharpness,mouth,10.273
49,6.958251,59cdb196328a33d4c7b1248b916e5090_shot_001_000,lmd,mouth,5.428426
49,6.958251,59cdb196328a33d4c7b1248b916e5090_shot_001_000,sync_d,mouth,8.762586
49,6.958251,59cdb196328a33d4c7b1248b916e5090_shot_001_000,sync_c,mouth,5.78844
-1,gt,1ec7a45d803ab472e7fe5c6625667289_shot_001_000,sharpness,mouth,79.1141
-1,gt,1ec7a45d803ab472e7fe5c6625667289_shot_001_000,sync_d,mouth,9.913376
-1,gt,1ec7a45d803ab472e7fe5c6625667289_shot_001_000,sync_c,mouth,3.789347
0,1000.000000,1ec7a45d803ab472e7fe5c6625667289_shot_001_000,pixel_mse,mouth,0.01878645
0,1000.000000,1ec7a45d803ab472e7fe5c6625667289_shot_001_000,pixel_mse,full,0.00997458
0,1000.000000,1ec7a45d803ab472e7fe5c6625667289_shot_001_000,ssim,mouth,0.40286034
0,1000.000000,1ec7a45d803ab472e7fe5c6625667289_shot_001_000,ssim,full,0.72135848
0,1000.000000,1ec7a45d803ab472e7fe5c6625667289_shot_001_000,lpips,mouth,0.61002302
0,1000.000000,1ec7a45d803ab472e7fe5c6625667289_shot_001_000,lpips,full,0.36948848
0,1000.000000,1ec7a45d803ab472e7fe5c6625667289_shot_001_000,sharpness,mouth,23.7782
0,1000.000000,1ec7a45d803ab472e7fe5c6625667289_shot_001_000,lmd,mouth,2.967827
1,997.035706,1ec7a45d803ab472e7fe5c6625667289_shot_001_000,pixel_mse,mouth,0.01935708
1,997.035706,1ec7a45d803ab472e7fe5c6625667289_shot_001_000,pixel_mse,full,0.01062233
1,997.035706,1ec7a45d803ab472e7fe5c6625667289_shot_001_000,ssim,mouth,0.40092459
1,997.035706,1ec7a45d803ab472e7fe5c6625667289_shot_001_000,ssim,full,0.72076136
1,997.035706,1ec7a45d803ab472e7fe5c6625667289_shot_001_000,lpips,mouth,0.60708672
1,997.035706,1ec7a45d803ab472e7fe5c6625667289_shot_001_000,lpips,full,0.3684499
1,997.035706,1ec7a45d803ab472e7fe5c6625667289_shot_001_000,sharpness,mouth,22.5293
1,997.035706,1ec7a45d803ab472e7fe5c6625667289_shot_001_000,lmd,mouth,2.731286
2,993.963867,1ec7a45d803ab472e7fe5c6625667289_shot_001_000,pixel_mse,mouth,0.02029763
2,993.963867,1ec7a45d803ab472e7fe5c6625667289_shot_001_000,pixel_mse,full,0.01135967
2,993.963867,1ec7a45d803ab472e7fe5c6625667289_shot_001_000,ssim,mouth,0.39646596
2,993.963867,1ec7a45d803ab472e7fe5c6625667289_shot_001_000,ssim,full,0.71981502
2,993.963867,1ec7a45d803ab472e7fe5c6625667289_shot_001_000,lpips,mouth,0.6056028
2,993.963867,1ec7a45d803ab472e7fe5c6625667289_shot_001_000,lpips,full,0.36715466
2,993.963867,1ec7a45d803ab472e7fe5c6625667289_shot_001_000,sharpness,mouth,22.3091
2,993.963867,1ec7a45d803ab472e7fe5c6625667289_shot_001_000,lmd,mouth,2.746508
3,990.779053,1ec7a45d803ab472e7fe5c6625667289_shot_001_000,pixel_mse,mouth,0.02108854
3,990.779053,1ec7a45d803ab472e7fe5c6625667289_shot_001_000,pixel_mse,full,0.01207261
3,990.779053,1ec7a45d803ab472e7fe5c6625667289_shot_001_000,ssim,mouth,0.39180642
3,990.779053,1ec7a45d803ab472e7fe5c6625667289_shot_001_000,ssim,full,0.71697468
3,990.779053,1ec7a45d803ab472e7fe5c6625667289_shot_001_000,lpips,mouth,0.60610026
3,990.779053,1ec7a45d803ab472e7fe5c6625667289_shot_001_000,lpips,full,0.36629534
3,990.779053,1ec7a45d803ab472e7fe5c6625667289_shot_001_000,sharpness,mouth,22.4433
3,990.779053,1ec7a45d803ab472e7fe5c6625667289_shot_001_000,lmd,mouth,2.447432
4,987.474243,1ec7a45d803ab472e7fe5c6625667289_shot_001_000,pixel_mse,mouth,0.02196758
4,987.474243,1ec7a45d803ab472e7fe5c6625667289_shot_001_000,pixel_mse,full,0.01276162
4,987.474243,1ec7a45d803ab472e7fe5c6625667289_shot_001_000,ssim,mouth,0.38482246
4,987.474243,1ec7a45d803ab472e7fe5c6625667289_shot_001_000,ssim,full,0.71274424
4,987.474243,1ec7a45d803ab472e7fe5c6625667289_shot_001_000,lpips,mouth,0.60306513
4,987.474243,1ec7a45d803ab472e7fe5c6625667289_shot_001_000,lpips,full,0.36707252
4,987.474243,1ec7a45d803ab472e7fe5c6625667289_shot_001_000,sharpness,mouth,23.3753
4,987.474243,1ec7a45d803ab472e7fe5c6625667289_shot_001_000,lmd,mouth,2.407787
4,987.474243,1ec7a45d803ab472e7fe5c6625667289_shot_001_000,sync_d,mouth,10.076083
4,987.474243,1ec7a45d803ab472e7fe5c6625667289_shot_001_000,sync_c,mouth,0.80796
5,984.043091,1ec7a45d803ab472e7fe5c6625667289_shot_001_000,pixel_mse,mouth,0.02316805
5,984.043091,1ec7a45d803ab472e7fe5c6625667289_shot_001_000,pixel_mse,full,0.01336678
5,984.043091,1ec7a45d803ab472e7fe5c6625667289_shot_001_000,ssim,mouth,0.37457404
5,984.043091,1ec7a45d803ab472e7fe5c6625667289_shot_001_000,ssim,full,0.70835507
5,984.043091,1ec7a45d803ab472e7fe5c6625667289_shot_001_000,lpips,mouth,0.60219872
5,984.043091,1ec7a45d803ab472e7fe5c6625667289_shot_001_000,lpips,full,0.36707857
5,984.043091,1ec7a45d803ab472e7fe5c6625667289_shot_001_000,sharpness,mouth,25.987
5,984.043091,1ec7a45d803ab472e7fe5c6625667289_shot_001_000,lmd,mouth,2.29962
5,984.043091,1ec7a45d803ab472e7fe5c6625667289_shot_001_000,sync_d,mouth,10.350063
5,984.043091,1ec7a45d803ab472e7fe5c6625667289_shot_001_000,sync_c,mouth,0.574511
6,980.477844,1ec7a45d803ab472e7fe5c6625667289_shot_001_000,pixel_mse,mouth,0.02491415
6,980.477844,1ec7a45d803ab472e7fe5c6625667289_shot_001_000,pixel_mse,full,0.01398416
6,980.477844,1ec7a45d803ab472e7fe5c6625667289_shot_001_000,ssim,mouth,0.35693124
6,980.477844,1ec7a45d803ab472e7fe5c6625667289_shot_001_000,ssim,full,0.70333314
6,980.477844,1ec7a45d803ab472e7fe5c6625667289_shot_001_000,lpips,mouth,0.59763116
6,980.477844,1ec7a45d803ab472e7fe5c6625667289_shot_001_000,lpips,full,0.36584076
6,980.477844,1ec7a45d803ab472e7fe5c6625667289_shot_001_000,sharpness,mouth,30.0742
6,980.477844,1ec7a45d803ab472e7fe5c6625667289_shot_001_000,lmd,mouth,4.856279
6,980.477844,1ec7a45d803ab472e7fe5c6625667289_shot_001_000,sync_d,mouth,10.837972
6,980.477844,1ec7a45d803ab472e7fe5c6625667289_shot_001_000,sync_c,mouth,0.611876
7,976.770691,1ec7a45d803ab472e7fe5c6625667289_shot_001_000,pixel_mse,mouth,0.02579818
7,976.770691,1ec7a45d803ab472e7fe5c6625667289_shot_001_000,pixel_mse,full,0.01435324
7,976.770691,1ec7a45d803ab472e7fe5c6625667289_shot_001_000,ssim,mouth,0.34847736
7,976.770691,1ec7a45d803ab472e7fe5c6625667289_shot_001_000,ssim,full,0.70140457
7,976.770691,1ec7a45d803ab472e7fe5c6625667289_shot_001_000,lpips,mouth,0.59350699
7,976.770691,1ec7a45d803ab472e7fe5c6625667289_shot_001_000,lpips,full,0.36384016
7,976.770691,1ec7a45d803ab472e7fe5c6625667289_shot_001_000,sharpness,mouth,33.573
7,976.770691,1ec7a45d803ab472e7fe5c6625667289_shot_001_000,lmd,mouth,5.147465
7,976.770691,1ec7a45d803ab472e7fe5c6625667289_shot_001_000,sync_d,mouth,10.974008
7,976.770691,1ec7a45d803ab472e7fe5c6625667289_shot_001_000,sync_c,mouth,0.850072
8,972.912842,1ec7a45d803ab472e7fe5c6625667289_shot_001_000,pixel_mse,mouth,0.02620939
8,972.912842,1ec7a45d803ab472e7fe5c6625667289_shot_001_000,pixel_mse,full,0.01458342
8,972.912842,1ec7a45d803ab472e7fe5c6625667289_shot_001_000,ssim,mouth,0.34485823
8,972.912842,1ec7a45d803ab472e7fe5c6625667289_shot_001_000,ssim,full,0.70059192
8,972.912842,1ec7a45d803ab472e7fe5c6625667289_shot_001_000,lpips,mouth,0.59039634
8,972.912842,1ec7a45d803ab472e7fe5c6625667289_shot_001_000,lpips,full,0.36102292
8,972.912842,1ec7a45d803ab472e7fe5c6625667289_shot_001_000,sharpness,mouth,34.5462
8,972.912842,1ec7a45d803ab472e7fe5c6625667289_shot_001_000,lmd,mouth,5.207793
8,972.912842,1ec7a45d803ab472e7fe5c6625667289_shot_001_000,sync_d,mouth,10.730793
8,972.912842,1ec7a45d803ab472e7fe5c6625667289_shot_001_000,sync_c,mouth,1.274315
9,968.895081,1ec7a45d803ab472e7fe5c6625667289_shot_001_000,pixel_mse,mouth,0.02655947
9,968.895081,1ec7a45d803ab472e7fe5c6625667289_shot_001_000,pixel_mse,full,0.01477097
9,968.895081,1ec7a45d803ab472e7fe5c6625667289_shot_001_000,ssim,mouth,0.34268707
9,968.895081,1ec7a45d803ab472e7fe5c6625667289_shot_001_000,ssim,full,0.70025784
9,968.895081,1ec7a45d803ab472e7fe5c6625667289_shot_001_000,lpips,mouth,0.58535492
9,968.895081,1ec7a45d803ab472e7fe5c6625667289_shot_001_000,lpips,full,0.35832143
9,968.895081,1ec7a45d803ab472e7fe5c6625667289_shot_001_000,sharpness,mouth,35.2907
9,968.895081,1ec7a45d803ab472e7fe5c6625667289_shot_001_000,lmd,mouth,5.249624
9,968.895081,1ec7a45d803ab472e7fe5c6625667289_shot_001_000,sync_d,mouth,10.396915
9,968.895081,1ec7a45d803ab472e7fe5c6625667289_shot_001_000,sync_c,mouth,1.606405
10,964.707153,1ec7a45d803ab472e7fe5c6625667289_shot_001_000,pixel_mse,mouth,0.02681604
10,964.707153,1ec7a45d803ab472e7fe5c6625667289_shot_001_000,pixel_mse,full,0.01494458
10,964.707153,1ec7a45d803ab472e7fe5c6625667289_shot_001_000,ssim,mouth,0.33999169
10,964.707153,1ec7a45d803ab472e7fe5c6625667289_shot_001_000,ssim,full,0.70002991
10,964.707153,1ec7a45d803ab472e7fe5c6625667289_shot_001_000,lpips,mouth,0.58090335
10,964.707153,1ec7a45d803ab472e7fe5c6625667289_shot_001_000,lpips,full,0.35566971
10,964.707153,1ec7a45d803ab472e7fe5c6625667289_shot_001_000,sharpness,mouth,36.5306
10,964.707153,1ec7a45d803ab472e7fe5c6625667289_shot_001_000,lmd,mouth,5.250819
10,964.707153,1ec7a45d803ab472e7fe5c6625667289_shot_001_000,sync_d,mouth,10.23721
10,964.707153,1ec7a45d803ab472e7fe5c6625667289_shot_001_000,sync_c,mouth,1.878853
11,960.337952,1ec7a45d803ab472e7fe5c6625667289_shot_001_000,pixel_mse,mouth,0.02698874
11,960.337952,1ec7a45d803ab472e7fe5c6625667289_shot_001_000,pixel_mse,full,0.01511014
11,960.337952,1ec7a45d803ab472e7fe5c6625667289_shot_001_000,ssim,mouth,0.33789611
11,960.337952,1ec7a45d803ab472e7fe5c6625667289_shot_001_000,ssim,full,0.69959813
11,960.337952,1ec7a45d803ab472e7fe5c6625667289_shot_001_000,lpips,mouth,0.57641298
11,960.337952,1ec7a45d803ab472e7fe5c6625667289_shot_001_000,lpips,full,0.35275075
11,960.337952,1ec7a45d803ab472e7fe5c6625667289_shot_001_000,sharpness,mouth,37.7797
11,960.337952,1ec7a45d803ab472e7fe5c6625667289_shot_001_000,lmd,mouth,5.300062
11,960.337952,1ec7a45d803ab472e7fe5c6625667289_shot_001_000,sync_d,mouth,10.179004
11,960.337952,1ec7a45d803ab472e7fe5c6625667289_shot_001_000,sync_c,mouth,1.961137
12,955.775635,1ec7a45d803ab472e7fe5c6625667289_shot_001_000,pixel_mse,mouth,0.0271215
12,955.775635,1ec7a45d803ab472e7fe5c6625667289_shot_001_000,pixel_mse,full,0.01523957
12,955.775635,1ec7a45d803ab472e7fe5c6625667289_shot_001_000,ssim,mouth,0.33637482
12,955.775635,1ec7a45d803ab472e7fe5c6625667289_shot_001_000,ssim,full,0.69944727
12,955.775635,1ec7a45d803ab472e7fe5c6625667289_shot_001_000,lpips,mouth,0.56941092
12,955.775635,1ec7a45d803ab472e7fe5c6625667289_shot_001_000,lpips,full,0.34995699
12,955.775635,1ec7a45d803ab472e7fe5c6625667289_shot_001_000,sharpness,mouth,39.2227
12,955.775635,1ec7a45d803ab472e7fe5c6625667289_shot_001_000,lmd,mouth,5.180264
12,955.775635,1ec7a45d803ab472e7fe5c6625667289_shot_001_000,sync_d,mouth,9.981015
12,955.775635,1ec7a45d803ab472e7fe5c6625667289_shot_001_000,sync_c,mouth,2.081569
13,951.006897,1ec7a45d803ab472e7fe5c6625667289_shot_001_000,pixel_mse,mouth,0.02723523
13,951.006897,1ec7a45d803ab472e7fe5c6625667289_shot_001_000,pixel_mse,full,0.01538271
13,951.006897,1ec7a45d803ab472e7fe5c6625667289_shot_001_000,ssim,mouth,0.3357943
13,951.006897,1ec7a45d803ab472e7fe5c6625667289_shot_001_000,ssim,full,0.69876236
13,951.006897,1ec7a45d803ab472e7fe5c6625667289_shot_001_000,lpips,mouth,0.56033653
13,951.006897,1ec7a45d803ab472e7fe5c6625667289_shot_001_000,lpips,full,0.34726453
13,951.006897,1ec7a45d803ab472e7fe5c6625667289_shot_001_000,sharpness,mouth,39.2064
13,951.006897,1ec7a45d803ab472e7fe5c6625667289_shot_001_000,lmd,mouth,5.230376
13,951.006897,1ec7a45d803ab472e7fe5c6625667289_shot_001_000,sync_d,mouth,9.927543
13,951.006897,1ec7a45d803ab472e7fe5c6625667289_shot_001_000,sync_c,mouth,2.100603
14,946.017517,1ec7a45d803ab472e7fe5c6625667289_shot_001_000,pixel_mse,mouth,0.02752465
14,946.017517,1ec7a45d803ab472e7fe5c6625667289_shot_001_000,pixel_mse,full,0.01549655
14,946.017517,1ec7a45d803ab472e7fe5c6625667289_shot_001_000,ssim,mouth,0.33407465
14,946.017517,1ec7a45d803ab472e7fe5c6625667289_shot_001_000,ssim,full,0.69870806
14,946.017517,1ec7a45d803ab472e7fe5c6625667289_shot_001_000,lpips,mouth,0.54848313
14,946.017517,1ec7a45d803ab472e7fe5c6625667289_shot_001_000,lpips,full,0.34419289
14,946.017517,1ec7a45d803ab472e7fe5c6625667289_shot_001_000,sharpness,mouth,39.6637
14,946.017517,1ec7a45d803ab472e7fe5c6625667289_shot_001_000,lmd,mouth,5.135795
14,946.017517,1ec7a45d803ab472e7fe5c6625667289_shot_001_000,sync_d,mouth,9.413335
14,946.017517,1ec7a45d803ab472e7fe5c6625667289_shot_001_000,sync_c,mouth,2.574194
15,940.791870,1ec7a45d803ab472e7fe5c6625667289_shot_001_000,pixel_mse,mouth,0.02793724
15,940.791870,1ec7a45d803ab472e7fe5c6625667289_shot_001_000,pixel_mse,full,0.01565772
15,940.791870,1ec7a45d803ab472e7fe5c6625667289_shot_001_000,ssim,mouth,0.33105654
15,940.791870,1ec7a45d803ab472e7fe5c6625667289_shot_001_000,ssim,full,0.69803256
15,940.791870,1ec7a45d803ab472e7fe5c6625667289_shot_001_000,lpips,mouth,0.53488678
15,940.791870,1ec7a45d803ab472e7fe5c6625667289_shot_001_000,lpips,full,0.34139225
15,940.791870,1ec7a45d803ab472e7fe5c6625667289_shot_001_000,sharpness,mouth,38.1345
15,940.791870,1ec7a45d803ab472e7fe5c6625667289_shot_001_000,lmd,mouth,5.090128
15,940.791870,1ec7a45d803ab472e7fe5c6625667289_shot_001_000,sync_d,mouth,8.830667
15,940.791870,1ec7a45d803ab472e7fe5c6625667289_shot_001_000,sync_c,mouth,3.328138
16,935.312622,1ec7a45d803ab472e7fe5c6625667289_shot_001_000,pixel_mse,mouth,0.02837402
16,935.312622,1ec7a45d803ab472e7fe5c6625667289_shot_001_000,pixel_mse,full,0.01577595
16,935.312622,1ec7a45d803ab472e7fe5c6625667289_shot_001_000,ssim,mouth,0.32908148
16,935.312622,1ec7a45d803ab472e7fe5c6625667289_shot_001_000,ssim,full,0.69770491
16,935.312622,1ec7a45d803ab472e7fe5c6625667289_shot_001_000,lpips,mouth,0.52413809
16,935.312622,1ec7a45d803ab472e7fe5c6625667289_shot_001_000,lpips,full,0.33864608
16,935.312622,1ec7a45d803ab472e7fe5c6625667289_shot_001_000,sharpness,mouth,37.5758
16,935.312622,1ec7a45d803ab472e7fe5c6625667289_shot_001_000,lmd,mouth,5.066493
16,935.312622,1ec7a45d803ab472e7fe5c6625667289_shot_001_000,sync_d,mouth,8.74711
16,935.312622,1ec7a45d803ab472e7fe5c6625667289_shot_001_000,sync_c,mouth,3.308869
17,929.560913,1ec7a45d803ab472e7fe5c6625667289_shot_001_000,pixel_mse,mouth,0.0288161
17,929.560913,1ec7a45d803ab472e7fe5c6625667289_shot_001_000,pixel_mse,full,0.01588305
17,929.560913,1ec7a45d803ab472e7fe5c6625667289_shot_001_000,ssim,mouth,0.32688496
17,929.560913,1ec7a45d803ab472e7fe5c6625667289_shot_001_000,ssim,full,0.69726151
17,929.560913,1ec7a45d803ab472e7fe5c6625667289_shot_001_000,lpips,mouth,0.51592511
17,929.560913,1ec7a45d803ab472e7fe5c6625667289_shot_001_000,lpips,full,0.33671272
17,929.560913,1ec7a45d803ab472e7fe5c6625667289_shot_001_000,sharpness,mouth,35.7585
17,929.560913,1ec7a45d803ab472e7fe5c6625667289_shot_001_000,lmd,mouth,5.022927
17,929.560913,1ec7a45d803ab472e7fe5c6625667289_shot_001_000,sync_d,mouth,8.834018
17,929.560913,1ec7a45d803ab472e7fe5c6625667289_shot_001_000,sync_c,mouth,3.266358
18,923.515991,1ec7a45d803ab472e7fe5c6625667289_shot_001_000,pixel_mse,mouth,0.02919484
18,923.515991,1ec7a45d803ab472e7fe5c6625667289_shot_001_000,pixel_mse,full,0.01599401
18,923.515991,1ec7a45d803ab472e7fe5c6625667289_shot_001_000,ssim,mouth,0.32487404
18,923.515991,1ec7a45d803ab472e7fe5c6625667289_shot_001_000,ssim,full,0.69719058
18,923.515991,1ec7a45d803ab472e7fe5c6625667289_shot_001_000,lpips,mouth,0.50844526
18,923.515991,1ec7a45d803ab472e7fe5c6625667289_shot_001_000,lpips,full,0.33486316
18,923.515991,1ec7a45d803ab472e7fe5c6625667289_shot_001_000,sharpness,mouth,34.2574
18,923.515991,1ec7a45d803ab472e7fe5c6625667289_shot_001_000,lmd,mouth,5.045971
18,923.515991,1ec7a45d803ab472e7fe5c6625667289_shot_001_000,sync_d,mouth,8.664837
18,923.515991,1ec7a45d803ab472e7fe5c6625667289_shot_001_000,sync_c,mouth,3.748949
19,917.154785,1ec7a45d803ab472e7fe5c6625667289_shot_001_000,pixel_mse,mouth,0.02939278
19,917.154785,1ec7a45d803ab472e7fe5c6625667289_shot_001_000,pixel_mse,full,0.01609094
19,917.154785,1ec7a45d803ab472e7fe5c6625667289_shot_001_000,ssim,mouth,0.32408696
19,917.154785,1ec7a45d803ab472e7fe5c6625667289_shot_001_000,ssim,full,0.69699377
19,917.154785,1ec7a45d803ab472e7fe5c6625667289_shot_001_000,lpips,mouth,0.50277746
19,917.154785,1ec7a45d803ab472e7fe5c6625667289_shot_001_000,lpips,full,0.3332665
19,917.154785,1ec7a45d803ab472e7fe5c6625667289_shot_001_000,sharpness,mouth,33.578
19,917.154785,1ec7a45d803ab472e7fe5c6625667289_shot_001_000,lmd,mouth,4.993265
19,917.154785,1ec7a45d803ab472e7fe5c6625667289_shot_001_000,sync_d,mouth,8.577199
19,917.154785,1ec7a45d803ab472e7fe5c6625667289_shot_001_000,sync_c,mouth,3.711628
20,910.451721,1ec7a45d803ab472e7fe5c6625667289_shot_001_000,pixel_mse,mouth,0.02953077
20,910.451721,1ec7a45d803ab472e7fe5c6625667289_shot_001_000,pixel_mse,full,0.01617842
20,910.451721,1ec7a45d803ab472e7fe5c6625667289_shot_001_000,ssim,mouth,0.32342321
20,910.451721,1ec7a45d803ab472e7fe5c6625667289_shot_001_000,ssim,full,0.69657862
20,910.451721,1ec7a45d803ab472e7fe5c6625667289_shot_001_000,lpips,mouth,0.49639869
20,910.451721,1ec7a45d803ab472e7fe5c6625667289_shot_001_000,lpips,full,0.33172968
20,910.451721,1ec7a45d803ab472e7fe5c6625667289_shot_001_000,sharpness,mouth,32.2738
20,910.451721,1ec7a45d803ab472e7fe5c6625667289_shot_001_000,lmd,mouth,4.950549
20,910.451721,1ec7a45d803ab472e7fe5c6625667289_shot_001_000,sync_d,mouth,8.738662
20,910.451721,1ec7a45d803ab472e7fe5c6625667289_shot_001_000,sync_c,mouth,3.663913
21,903.378723,1ec7a45d803ab472e7fe5c6625667289_shot_001_000,pixel_mse,mouth,0.02974009
21,903.378723,1ec7a45d803ab472e7fe5c6625667289_shot_001_000,pixel_mse,full,0.01625644
21,903.378723,1ec7a45d803ab472e7fe5c6625667289_shot_001_000,ssim,mouth,0.32267937
21,903.378723,1ec7a45d803ab472e7fe5c6625667289_shot_001_000,ssim,full,0.69630337
21,903.378723,1ec7a45d803ab472e7fe5c6625667289_shot_001_000,lpips,mouth,0.48934263
21,903.378723,1ec7a45d803ab472e7fe5c6625667289_shot_001_000,lpips,full,0.33039907
21,903.378723,1ec7a45d803ab472e7fe5c6625667289_shot_001_000,sharpness,mouth,31.1493
21,903.378723,1ec7a45d803ab472e7fe5c6625667289_shot_001_000,lmd,mouth,4.843313
21,903.378723,1ec7a45d803ab472e7fe5c6625667289_shot_001_000,sync_d,mouth,8.496342
21,903.378723,1ec7a45d803ab472e7fe5c6625667289_shot_001_000,sync_c,mouth,3.931932
22,895.903931,1ec7a45d803ab472e7fe5c6625667289_shot_001_000,pixel_mse,mouth,0.02984973
22,895.903931,1ec7a45d803ab472e7fe5c6625667289_shot_001_000,pixel_mse,full,0.01632785
22,895.903931,1ec7a45d803ab472e7fe5c6625667289_shot_001_000,ssim,mouth,0.32187065
22,895.903931,1ec7a45d803ab472e7fe5c6625667289_shot_001_000,ssim,full,0.69592184
22,895.903931,1ec7a45d803ab472e7fe5c6625667289_shot_001_000,lpips,mouth,0.48265004
22,895.903931,1ec7a45d803ab472e7fe5c6625667289_shot_001_000,lpips,full,0.32921049
22,895.903931,1ec7a45d803ab472e7fe5c6625667289_shot_001_000,sharpness,mouth,30.3766
22,895.903931,1ec7a45d803ab472e7fe5c6625667289_shot_001_000,lmd,mouth,4.93324
22,895.903931,1ec7a45d803ab472e7fe5c6625667289_shot_001_000,sync_d,mouth,8.536764
22,895.903931,1ec7a45d803ab472e7fe5c6625667289_shot_001_000,sync_c,mouth,3.903883
23,887.992493,1ec7a45d803ab472e7fe5c6625667289_shot_001_000,pixel_mse,mouth,0.02999179
23,887.992493,1ec7a45d803ab472e7fe5c6625667289_shot_001_000,pixel_mse,full,0.01639103
23,887.992493,1ec7a45d803ab472e7fe5c6625667289_shot_001_000,ssim,mouth,0.32103509
23,887.992493,1ec7a45d803ab472e7fe5c6625667289_shot_001_000,ssim,full,0.69570184
23,887.992493,1ec7a45d803ab472e7fe5c6625667289_shot_001_000,lpips,mouth,0.4768939
23,887.992493,1ec7a45d803ab472e7fe5c6625667289_shot_001_000,lpips,full,0.32758945
23,887.992493,1ec7a45d803ab472e7fe5c6625667289_shot_001_000,sharpness,mouth,29.0058
23,887.992493,1ec7a45d803ab472e7fe5c6625667289_shot_001_000,lmd,mouth,4.81911
23,887.992493,1ec7a45d803ab472e7fe5c6625667289_shot_001_000,sync_d,mouth,8.724245
23,887.992493,1ec7a45d803ab472e7fe5c6625667289_shot_001_000,sync_c,mouth,3.63525
24,879.604736,1ec7a45d803ab472e7fe5c6625667289_shot_001_000,pixel_mse,mouth,0.03013581
24,879.604736,1ec7a45d803ab472e7fe5c6625667289_shot_001_000,pixel_mse,full,0.01642518
24,879.604736,1ec7a45d803ab472e7fe5c6625667289_shot_001_000,ssim,mouth,0.32004371
24,879.604736,1ec7a45d803ab472e7fe5c6625667289_shot_001_000,ssim,full,0.69540823
24,879.604736,1ec7a45d803ab472e7fe5c6625667289_shot_001_000,lpips,mouth,0.47206068
24,879.604736,1ec7a45d803ab472e7fe5c6625667289_shot_001_000,lpips,full,0.32663655
24,879.604736,1ec7a45d803ab472e7fe5c6625667289_shot_001_000,sharpness,mouth,28.6008
24,879.604736,1ec7a45d803ab472e7fe5c6625667289_shot_001_000,lmd,mouth,4.800366
24,879.604736,1ec7a45d803ab472e7fe5c6625667289_shot_001_000,sync_d,mouth,8.639977
24,879.604736,1ec7a45d803ab472e7fe5c6625667289_shot_001_000,sync_c,mouth,4.011179
25,870.696350,1ec7a45d803ab472e7fe5c6625667289_shot_001_000,pixel_mse,mouth,0.03026059
25,870.696350,1ec7a45d803ab472e7fe5c6625667289_shot_001_000,pixel_mse,full,0.01646159
25,870.696350,1ec7a45d803ab472e7fe5c6625667289_shot_001_000,ssim,mouth,0.31954652
25,870.696350,1ec7a45d803ab472e7fe5c6625667289_shot_001_000,ssim,full,0.69505233
25,870.696350,1ec7a45d803ab472e7fe5c6625667289_shot_001_000,lpips,mouth,0.46720985
25,870.696350,1ec7a45d803ab472e7fe5c6625667289_shot_001_000,lpips,full,0.32528844
25,870.696350,1ec7a45d803ab472e7fe5c6625667289_shot_001_000,sharpness,mouth,27.9462
25,870.696350,1ec7a45d803ab472e7fe5c6625667289_shot_001_000,lmd,mouth,4.819142
25,870.696350,1ec7a45d803ab472e7fe5c6625667289_shot_001_000,sync_d,mouth,8.666429
25,870.696350,1ec7a45d803ab472e7fe5c6625667289_shot_001_000,sync_c,mouth,3.794995
26,861.217407,1ec7a45d803ab472e7fe5c6625667289_shot_001_000,pixel_mse,mouth,0.03036153
26,861.217407,1ec7a45d803ab472e7fe5c6625667289_shot_001_000,pixel_mse,full,0.01650026
26,861.217407,1ec7a45d803ab472e7fe5c6625667289_shot_001_000,ssim,mouth,0.31869477
26,861.217407,1ec7a45d803ab472e7fe5c6625667289_shot_001_000,ssim,full,0.69484359
26,861.217407,1ec7a45d803ab472e7fe5c6625667289_shot_001_000,lpips,mouth,0.46318957
26,861.217407,1ec7a45d803ab472e7fe5c6625667289_shot_001_000,lpips,full,0.32401967
26,861.217407,1ec7a45d803ab472e7fe5c6625667289_shot_001_000,sharpness,mouth,27.185
26,861.217407,1ec7a45d803ab472e7fe5c6625667289_shot_001_000,lmd,mouth,4.859322
26,861.217407,1ec7a45d803ab472e7fe5c6625667289_shot_001_000,sync_d,mouth,8.631788
26,861.217407,1ec7a45d803ab472e7fe5c6625667289_shot_001_000,sync_c,mouth,4.030475
27,851.111145,1ec7a45d803ab472e7fe5c6625667289_shot_001_000,pixel_mse,mouth,0.03041648
27,851.111145,1ec7a45d803ab472e7fe5c6625667289_shot_001_000,pixel_mse,full,0.01653177
27,851.111145,1ec7a45d803ab472e7fe5c6625667289_shot_001_000,ssim,mouth,0.3184337
27,851.111145,1ec7a45d803ab472e7fe5c6625667289_shot_001_000,ssim,full,0.69480222
27,851.111145,1ec7a45d803ab472e7fe5c6625667289_shot_001_000,lpips,mouth,0.45946461
27,851.111145,1ec7a45d803ab472e7fe5c6625667289_shot_001_000,lpips,full,0.32315001
27,851.111145,1ec7a45d803ab472e7fe5c6625667289_shot_001_000,sharpness,mouth,26.6716
27,851.111145,1ec7a45d803ab472e7fe5c6625667289_shot_001_000,lmd,mouth,4.880418
27,851.111145,1ec7a45d803ab472e7fe5c6625667289_shot_001_000,sync_d,mouth,8.659283
27,851.111145,1ec7a45d803ab472e7fe5c6625667289_shot_001_000,sync_c,mouth,3.914564
28,840.313232,1ec7a45d803ab472e7fe5c6625667289_shot_001_000,pixel_mse,mouth,0.0304635
28,840.313232,1ec7a45d803ab472e7fe5c6625667289_shot_001_000,pixel_mse,full,0.01655773
28,840.313232,1ec7a45d803ab472e7fe5c6625667289_shot_001_000,ssim,mouth,0.31797048
28,840.313232,1ec7a45d803ab472e7fe5c6625667289_shot_001_000,ssim,full,0.69472885
28,840.313232,1ec7a45d803ab472e7fe5c6625667289_shot_001_000,lpips,mouth,0.45695648
28,840.313232,1ec7a45d803ab472e7fe5c6625667289_shot_001_000,lpips,full,0.32223639
28,840.313232,1ec7a45d803ab472e7fe5c6625667289_shot_001_000,sharpness,mouth,25.9794
28,840.313232,1ec7a45d803ab472e7fe5c6625667289_shot_001_000,lmd,mouth,4.879101
28,840.313232,1ec7a45d803ab472e7fe5c6625667289_shot_001_000,sync_d,mouth,8.417764
28,840.313232,1ec7a45d803ab472e7fe5c6625667289_shot_001_000,sync_c,mouth,4.108979
29,828.750244,1ec7a45d803ab472e7fe5c6625667289_shot_001_000,pixel_mse,mouth,0.03057427
29,828.750244,1ec7a45d803ab472e7fe5c6625667289_shot_001_000,pixel_mse,full,0.01658278
29,828.750244,1ec7a45d803ab472e7fe5c6625667289_shot_001_000,ssim,mouth,0.31756854
29,828.750244,1ec7a45d803ab472e7fe5c6625667289_shot_001_000,ssim,full,0.69459814
29,828.750244,1ec7a45d803ab472e7fe5c6625667289_shot_001_000,lpips,mouth,0.45373049
29,828.750244,1ec7a45d803ab472e7fe5c6625667289_shot_001_000,lpips,full,0.32128119
29,828.750244,1ec7a45d803ab472e7fe5c6625667289_shot_001_000,sharpness,mouth,25.4951
29,828.750244,1ec7a45d803ab472e7fe5c6625667289_shot_001_000,lmd,mouth,4.892213
29,828.750244,1ec7a45d803ab472e7fe5c6625667289_shot_001_000,sync_d,mouth,8.308402
29,828.750244,1ec7a45d803ab472e7fe5c6625667289_shot_001_000,sync_c,mouth,4.329435
30,816.337830,1ec7a45d803ab472e7fe5c6625667289_shot_001_000,pixel_mse,mouth,0.03063507
30,816.337830,1ec7a45d803ab472e7fe5c6625667289_shot_001_000,pixel_mse,full,0.01659939
30,816.337830,1ec7a45d803ab472e7fe5c6625667289_shot_001_000,ssim,mouth,0.31726485
30,816.337830,1ec7a45d803ab472e7fe5c6625667289_shot_001_000,ssim,full,0.69443083
30,816.337830,1ec7a45d803ab472e7fe5c6625667289_shot_001_000,lpips,mouth,0.45096758
30,816.337830,1ec7a45d803ab472e7fe5c6625667289_shot_001_000,lpips,full,0.32072195
30,816.337830,1ec7a45d803ab472e7fe5c6625667289_shot_001_000,sharpness,mouth,24.9762
30,816.337830,1ec7a45d803ab472e7fe5c6625667289_shot_001_000,lmd,mouth,4.857224
30,816.337830,1ec7a45d803ab472e7fe5c6625667289_shot_001_000,sync_d,mouth,8.413569
30,816.337830,1ec7a45d803ab472e7fe5c6625667289_shot_001_000,sync_c,mouth,4.200577
31,802.978699,1ec7a45d803ab472e7fe5c6625667289_shot_001_000,pixel_mse,mouth,0.03075706
31,802.978699,1ec7a45d803ab472e7fe5c6625667289_shot_001_000,pixel_mse,full,0.01663815
31,802.978699,1ec7a45d803ab472e7fe5c6625667289_shot_001_000,ssim,mouth,0.31676757
31,802.978699,1ec7a45d803ab472e7fe5c6625667289_shot_001_000,ssim,full,0.69414979
31,802.978699,1ec7a45d803ab472e7fe5c6625667289_shot_001_000,lpips,mouth,0.44880092
31,802.978699,1ec7a45d803ab472e7fe5c6625667289_shot_001_000,lpips,full,0.3198826
31,802.978699,1ec7a45d803ab472e7fe5c6625667289_shot_001_000,sharpness,mouth,24.7161
31,802.978699,1ec7a45d803ab472e7fe5c6625667289_shot_001_000,lmd,mouth,4.854878
31,802.978699,1ec7a45d803ab472e7fe5c6625667289_shot_001_000,sync_d,mouth,8.365685
31,802.978699,1ec7a45d803ab472e7fe5c6625667289_shot_001_000,sync_c,mouth,4.208814
32,788.560242,1ec7a45d803ab472e7fe5c6625667289_shot_001_000,pixel_mse,mouth,0.03078177
32,788.560242,1ec7a45d803ab472e7fe5c6625667289_shot_001_000,pixel_mse,full,0.01666458
32,788.560242,1ec7a45d803ab472e7fe5c6625667289_shot_001_000,ssim,mouth,0.3164449
32,788.560242,1ec7a45d803ab472e7fe5c6625667289_shot_001_000,ssim,full,0.69399124
32,788.560242,1ec7a45d803ab472e7fe5c6625667289_shot_001_000,lpips,mouth,0.44596425
32,788.560242,1ec7a45d803ab472e7fe5c6625667289_shot_001_000,lpips,full,0.31917208
32,788.560242,1ec7a45d803ab472e7fe5c6625667289_shot_001_000,sharpness,mouth,24.5038
32,788.560242,1ec7a45d803ab472e7fe5c6625667289_shot_001_000,lmd,mouth,4.882676
32,788.560242,1ec7a45d803ab472e7fe5c6625667289_shot_001_000,sync_d,mouth,8.276636
32,788.560242,1ec7a45d803ab472e7fe5c6625667289_shot_001_000,sync_c,mouth,4.26018
33,772.951477,1ec7a45d803ab472e7fe5c6625667289_shot_001_000,pixel_mse,mouth,0.03087382
33,772.951477,1ec7a45d803ab472e7fe5c6625667289_shot_001_000,pixel_mse,full,0.01669327
33,772.951477,1ec7a45d803ab472e7fe5c6625667289_shot_001_000,ssim,mouth,0.31579736
33,772.951477,1ec7a45d803ab472e7fe5c6625667289_shot_001_000,ssim,full,0.69376558
33,772.951477,1ec7a45d803ab472e7fe5c6625667289_shot_001_000,lpips,mouth,0.444729
33,772.951477,1ec7a45d803ab472e7fe5c6625667289_shot_001_000,lpips,full,0.31872705
33,772.951477,1ec7a45d803ab472e7fe5c6625667289_shot_001_000,sharpness,mouth,24.6926
33,772.951477,1ec7a45d803ab472e7fe5c6625667289_shot_001_000,lmd,mouth,4.893869
33,772.951477,1ec7a45d803ab472e7fe5c6625667289_shot_001_000,sync_d,mouth,8.392559
33,772.951477,1ec7a45d803ab472e7fe5c6625667289_shot_001_000,sync_c,mouth,4.302089
34,755.998352,1ec7a45d803ab472e7fe5c6625667289_shot_001_000,pixel_mse,mouth,0.0309038
34,755.998352,1ec7a45d803ab472e7fe5c6625667289_shot_001_000,pixel_mse,full,0.01670084
34,755.998352,1ec7a45d803ab472e7fe5c6625667289_shot_001_000,ssim,mouth,0.31596893
34,755.998352,1ec7a45d803ab472e7fe5c6625667289_shot_001_000,ssim,full,0.69392985
34,755.998352,1ec7a45d803ab472e7fe5c6625667289_shot_001_000,lpips,mouth,0.44238201
34,755.998352,1ec7a45d803ab472e7fe5c6625667289_shot_001_000,lpips,full,0.31791902
34,755.998352,1ec7a45d803ab472e7fe5c6625667289_shot_001_000,sharpness,mouth,24.1754
34,755.998352,1ec7a45d803ab472e7fe5c6625667289_shot_001_000,lmd,mouth,4.932292
34,755.998352,1ec7a45d803ab472e7fe5c6625667289_shot_001_000,sync_d,mouth,8.544024
34,755.998352,1ec7a45d803ab472e7fe5c6625667289_shot_001_000,sync_c,mouth,4.121145
35,737.519714,1ec7a45d803ab472e7fe5c6625667289_shot_001_000,pixel_mse,mouth,0.03088536
35,737.519714,1ec7a45d803ab472e7fe5c6625667289_shot_001_000,pixel_mse,full,0.01671945
35,737.519714,1ec7a45d803ab472e7fe5c6625667289_shot_001_000,ssim,mouth,0.31641355
35,737.519714,1ec7a45d803ab472e7fe5c6625667289_shot_001_000,ssim,full,0.6939888
35,737.519714,1ec7a45d803ab472e7fe5c6625667289_shot_001_000,lpips,mouth,0.44102216
35,737.519714,1ec7a45d803ab472e7fe5c6625667289_shot_001_000,lpips,full,0.31734371
35,737.519714,1ec7a45d803ab472e7fe5c6625667289_shot_001_000,sharpness,mouth,24.0708
35,737.519714,1ec7a45d803ab472e7fe5c6625667289_shot_001_000,lmd,mouth,4.930181
35,737.519714,1ec7a45d803ab472e7fe5c6625667289_shot_001_000,sync_d,mouth,8.441731
35,737.519714,1ec7a45d803ab472e7fe5c6625667289_shot_001_000,sync_c,mouth,4.321535
36,717.299683,1ec7a45d803ab472e7fe5c6625667289_shot_001_000,pixel_mse,mouth,0.03092325
36,717.299683,1ec7a45d803ab472e7fe5c6625667289_shot_001_000,pixel_mse,full,0.01673734
36,717.299683,1ec7a45d803ab472e7fe5c6625667289_shot_001_000,ssim,mouth,0.31661975
36,717.299683,1ec7a45d803ab472e7fe5c6625667289_shot_001_000,ssim,full,0.69398105
36,717.299683,1ec7a45d803ab472e7fe5c6625667289_shot_001_000,lpips,mouth,0.43900308
36,717.299683,1ec7a45d803ab472e7fe5c6625667289_shot_001_000,lpips,full,0.31665638
36,717.299683,1ec7a45d803ab472e7fe5c6625667289_shot_001_000,sharpness,mouth,23.7884
36,717.299683,1ec7a45d803ab472e7fe5c6625667289_shot_001_000,lmd,mouth,4.92878
36,717.299683,1ec7a45d803ab472e7fe5c6625667289_shot_001_000,sync_d,mouth,8.626989
36,717.299683,1ec7a45d803ab472e7fe5c6625667289_shot_001_000,sync_c,mouth,4.172318
37,695.080139,1ec7a45d803ab472e7fe5c6625667289_shot_001_000,pixel_mse,mouth,0.03100103
37,695.080139,1ec7a45d803ab472e7fe5c6625667289_shot_001_000,pixel_mse,full,0.01674919
37,695.080139,1ec7a45d803ab472e7fe5c6625667289_shot_001_000,ssim,mouth,0.31636399
37,695.080139,1ec7a45d803ab472e7fe5c6625667289_shot_001_000,ssim,full,0.69393754
37,695.080139,1ec7a45d803ab472e7fe5c6625667289_shot_001_000,lpips,mouth,0.43708792
37,695.080139,1ec7a45d803ab472e7fe5c6625667289_shot_001_000,lpips,full,0.31613785
37,695.080139,1ec7a45d803ab472e7fe5c6625667289_shot_001_000,sharpness,mouth,23.7029
37,695.080139,1ec7a45d803ab472e7fe5c6625667289_shot_001_000,lmd,mouth,4.952928
37,695.080139,1ec7a45d803ab472e7fe5c6625667289_shot_001_000,sync_d,mouth,8.842407
37,695.080139,1ec7a45d803ab472e7fe5c6625667289_shot_001_000,sync_c,mouth,4.002277
38,670.548828,1ec7a45d803ab472e7fe5c6625667289_shot_001_000,pixel_mse,mouth,0.03106163
38,670.548828,1ec7a45d803ab472e7fe5c6625667289_shot_001_000,pixel_mse,full,0.0167655
38,670.548828,1ec7a45d803ab472e7fe5c6625667289_shot_001_000,ssim,mouth,0.31577706
38,670.548828,1ec7a45d803ab472e7fe5c6625667289_shot_001_000,ssim,full,0.69377911
38,670.548828,1ec7a45d803ab472e7fe5c6625667289_shot_001_000,lpips,mouth,0.43490902
38,670.548828,1ec7a45d803ab472e7fe5c6625667289_shot_001_000,lpips,full,0.31556046
38,670.548828,1ec7a45d803ab472e7fe5c6625667289_shot_001_000,sharpness,mouth,23.7862
38,670.548828,1ec7a45d803ab472e7fe5c6625667289_shot_001_000,lmd,mouth,4.970235
38,670.548828,1ec7a45d803ab472e7fe5c6625667289_shot_001_000,sync_d,mouth,8.922814
38,670.548828,1ec7a45d803ab472e7fe5c6625667289_shot_001_000,sync_c,mouth,4.02682
39,643.325317,1ec7a45d803ab472e7fe5c6625667289_shot_001_000,pixel_mse,mouth,0.03108831
39,643.325317,1ec7a45d803ab472e7fe5c6625667289_shot_001_000,pixel_mse,full,0.01678376
39,643.325317,1ec7a45d803ab472e7fe5c6625667289_shot_001_000,ssim,mouth,0.31571764
39,643.325317,1ec7a45d803ab472e7fe5c6625667289_shot_001_000,ssim,full,0.69365978
39,643.325317,1ec7a45d803ab472e7fe5c6625667289_shot_001_000,lpips,mouth,0.43405971
39,643.325317,1ec7a45d803ab472e7fe5c6625667289_shot_001_000,lpips,full,0.31507018
39,643.325317,1ec7a45d803ab472e7fe5c6625667289_shot_001_000,sharpness,mouth,23.9033
39,643.325317,1ec7a45d803ab472e7fe5c6625667289_shot_001_000,lmd,mouth,4.989211
39,643.325317,1ec7a45d803ab472e7fe5c6625667289_shot_001_000,sync_d,mouth,9.044361
39,643.325317,1ec7a45d803ab472e7fe5c6625667289_shot_001_000,sync_c,mouth,3.899261
40,612.940735,1ec7a45d803ab472e7fe5c6625667289_shot_001_000,pixel_mse,mouth,0.03110323
40,612.940735,1ec7a45d803ab472e7fe5c6625667289_shot_001_000,pixel_mse,full,0.01679387
40,612.940735,1ec7a45d803ab472e7fe5c6625667289_shot_001_000,ssim,mouth,0.31562227
40,612.940735,1ec7a45d803ab472e7fe5c6625667289_shot_001_000,ssim,full,0.69361031
40,612.940735,1ec7a45d803ab472e7fe5c6625667289_shot_001_000,lpips,mouth,0.43208945
40,612.940735,1ec7a45d803ab472e7fe5c6625667289_shot_001_000,lpips,full,0.31429833
40,612.940735,1ec7a45d803ab472e7fe5c6625667289_shot_001_000,sharpness,mouth,23.6997
40,612.940735,1ec7a45d803ab472e7fe5c6625667289_shot_001_000,lmd,mouth,5.033914
40,612.940735,1ec7a45d803ab472e7fe5c6625667289_shot_001_000,sync_d,mouth,8.905587
40,612.940735,1ec7a45d803ab472e7fe5c6625667289_shot_001_000,sync_c,mouth,3.981112
41,578.810425,1ec7a45d803ab472e7fe5c6625667289_shot_001_000,pixel_mse,mouth,0.03112873
41,578.810425,1ec7a45d803ab472e7fe5c6625667289_shot_001_000,pixel_mse,full,0.01680319
41,578.810425,1ec7a45d803ab472e7fe5c6625667289_shot_001_000,ssim,mouth,0.31553179
41,578.810425,1ec7a45d803ab472e7fe5c6625667289_shot_001_000,ssim,full,0.69354188
41,578.810425,1ec7a45d803ab472e7fe5c6625667289_shot_001_000,lpips,mouth,0.43163216
41,578.810425,1ec7a45d803ab472e7fe5c6625667289_shot_001_000,lpips,full,0.31389311
41,578.810425,1ec7a45d803ab472e7fe5c6625667289_shot_001_000,sharpness,mouth,23.7996
41,578.810425,1ec7a45d803ab472e7fe5c6625667289_shot_001_000,lmd,mouth,5.117077
41,578.810425,1ec7a45d803ab472e7fe5c6625667289_shot_001_000,sync_d,mouth,9.193804
41,578.810425,1ec7a45d803ab472e7fe5c6625667289_shot_001_000,sync_c,mouth,3.841722
42,540.196350,1ec7a45d803ab472e7fe5c6625667289_shot_001_000,pixel_mse,mouth,0.03118155
42,540.196350,1ec7a45d803ab472e7fe5c6625667289_shot_001_000,pixel_mse,full,0.01681468
42,540.196350,1ec7a45d803ab472e7fe5c6625667289_shot_001_000,ssim,mouth,0.31545135
42,540.196350,1ec7a45d803ab472e7fe5c6625667289_shot_001_000,ssim,full,0.693537
42,540.196350,1ec7a45d803ab472e7fe5c6625667289_shot_001_000,lpips,mouth,0.43024153
42,540.196350,1ec7a45d803ab472e7fe5c6625667289_shot_001_000,lpips,full,0.31319973
42,540.196350,1ec7a45d803ab472e7fe5c6625667289_shot_001_000,sharpness,mouth,23.9287
42,540.196350,1ec7a45d803ab472e7fe5c6625667289_shot_001_000,lmd,mouth,5.06042
42,540.196350,1ec7a45d803ab472e7fe5c6625667289_shot_001_000,sync_d,mouth,9.112838
42,540.196350,1ec7a45d803ab472e7fe5c6625667289_shot_001_000,sync_c,mouth,3.891753
43,496.152893,1ec7a45d803ab472e7fe5c6625667289_shot_001_000,pixel_mse,mouth,0.03119006
43,496.152893,1ec7a45d803ab472e7fe5c6625667289_shot_001_000,pixel_mse,full,0.01682675
43,496.152893,1ec7a45d803ab472e7fe5c6625667289_shot_001_000,ssim,mouth,0.31510964
43,496.152893,1ec7a45d803ab472e7fe5c6625667289_shot_001_000,ssim,full,0.69343811
43,496.152893,1ec7a45d803ab472e7fe5c6625667289_shot_001_000,lpips,mouth,0.42864203
43,496.152893,1ec7a45d803ab472e7fe5c6625667289_shot_001_000,lpips,full,0.31246674
43,496.152893,1ec7a45d803ab472e7fe5c6625667289_shot_001_000,sharpness,mouth,23.9513
43,496.152893,1ec7a45d803ab472e7fe5c6625667289_shot_001_000,lmd,mouth,5.085501
43,496.152893,1ec7a45d803ab472e7fe5c6625667289_shot_001_000,sync_d,mouth,9.107924
43,496.152893,1ec7a45d803ab472e7fe5c6625667289_shot_001_000,sync_c,mouth,3.812502
44,445.448151,1ec7a45d803ab472e7fe5c6625667289_shot_001_000,pixel_mse,mouth,0.03123454
44,445.448151,1ec7a45d803ab472e7fe5c6625667289_shot_001_000,pixel_mse,full,0.01683645
44,445.448151,1ec7a45d803ab472e7fe5c6625667289_shot_001_000,ssim,mouth,0.31475255
44,445.448151,1ec7a45d803ab472e7fe5c6625667289_shot_001_000,ssim,full,0.69343489
44,445.448151,1ec7a45d803ab472e7fe5c6625667289_shot_001_000,lpips,mouth,0.42804694
44,445.448151,1ec7a45d803ab472e7fe5c6625667289_shot_001_000,lpips,full,0.31180245
44,445.448151,1ec7a45d803ab472e7fe5c6625667289_shot_001_000,sharpness,mouth,23.8598
44,445.448151,1ec7a45d803ab472e7fe5c6625667289_shot_001_000,lmd,mouth,5.130435
44,445.448151,1ec7a45d803ab472e7fe5c6625667289_shot_001_000,sync_d,mouth,9.198651
44,445.448151,1ec7a45d803ab472e7fe5c6625667289_shot_001_000,sync_c,mouth,3.791653
45,386.447418,1ec7a45d803ab472e7fe5c6625667289_shot_001_000,pixel_mse,mouth,0.03128133
45,386.447418,1ec7a45d803ab472e7fe5c6625667289_shot_001_000,pixel_mse,full,0.01684539
45,386.447418,1ec7a45d803ab472e7fe5c6625667289_shot_001_000,ssim,mouth,0.31435007
45,386.447418,1ec7a45d803ab472e7fe5c6625667289_shot_001_000,ssim,full,0.69342858
45,386.447418,1ec7a45d803ab472e7fe5c6625667289_shot_001_000,lpips,mouth,0.42548117
45,386.447418,1ec7a45d803ab472e7fe5c6625667289_shot_001_000,lpips,full,0.31095052
45,386.447418,1ec7a45d803ab472e7fe5c6625667289_shot_001_000,sharpness,mouth,23.8384
45,386.447418,1ec7a45d803ab472e7fe5c6625667289_shot_001_000,lmd,mouth,5.134047
45,386.447418,1ec7a45d803ab472e7fe5c6625667289_shot_001_000,sync_d,mouth,9.271444
45,386.447418,1ec7a45d803ab472e7fe5c6625667289_shot_001_000,sync_c,mouth,3.714054
46,316.933258,1ec7a45d803ab472e7fe5c6625667289_shot_001_000,pixel_mse,mouth,0.0312959
46,316.933258,1ec7a45d803ab472e7fe5c6625667289_shot_001_000,pixel_mse,full,0.01685261
46,316.933258,1ec7a45d803ab472e7fe5c6625667289_shot_001_000,ssim,mouth,0.3143748
46,316.933258,1ec7a45d803ab472e7fe5c6625667289_shot_001_000,ssim,full,0.69333524
46,316.933258,1ec7a45d803ab472e7fe5c6625667289_shot_001_000,lpips,mouth,0.42410359
46,316.933258,1ec7a45d803ab472e7fe5c6625667289_shot_001_000,lpips,full,0.30994955
46,316.933258,1ec7a45d803ab472e7fe5c6625667289_shot_001_000,sharpness,mouth,23.6756
46,316.933258,1ec7a45d803ab472e7fe5c6625667289_shot_001_000,lmd,mouth,5.151287
46,316.933258,1ec7a45d803ab472e7fe5c6625667289_shot_001_000,sync_d,mouth,9.049756
46,316.933258,1ec7a45d803ab472e7fe5c6625667289_shot_001_000,sync_c,mouth,3.974287
47,233.820694,1ec7a45d803ab472e7fe5c6625667289_shot_001_000,pixel_mse,mouth,0.03133486
47,233.820694,1ec7a45d803ab472e7fe5c6625667289_shot_001_000,pixel_mse,full,0.01686425
47,233.820694,1ec7a45d803ab472e7fe5c6625667289_shot_001_000,ssim,mouth,0.3138186
47,233.820694,1ec7a45d803ab472e7fe5c6625667289_shot_001_000,ssim,full,0.69309634
47,233.820694,1ec7a45d803ab472e7fe5c6625667289_shot_001_000,lpips,mouth,0.42205715
47,233.820694,1ec7a45d803ab472e7fe5c6625667289_shot_001_000,lpips,full,0.30918902
47,233.820694,1ec7a45d803ab472e7fe5c6625667289_shot_001_000,sharpness,mouth,23.6555
47,233.820694,1ec7a45d803ab472e7fe5c6625667289_shot_001_000,lmd,mouth,5.106378
47,233.820694,1ec7a45d803ab472e7fe5c6625667289_shot_001_000,sync_d,mouth,9.146602
47,233.820694,1ec7a45d803ab472e7fe5c6625667289_shot_001_000,sync_c,mouth,3.947898
48,132.687027,1ec7a45d803ab472e7fe5c6625667289_shot_001_000,pixel_mse,mouth,0.03133088
48,132.687027,1ec7a45d803ab472e7fe5c6625667289_shot_001_000,pixel_mse,full,0.01686931
48,132.687027,1ec7a45d803ab472e7fe5c6625667289_shot_001_000,ssim,mouth,0.31409654
48,132.687027,1ec7a45d803ab472e7fe5c6625667289_shot_001_000,ssim,full,0.69316465
48,132.687027,1ec7a45d803ab472e7fe5c6625667289_shot_001_000,lpips,mouth,0.4195016
48,132.687027,1ec7a45d803ab472e7fe5c6625667289_shot_001_000,lpips,full,0.30822423
48,132.687027,1ec7a45d803ab472e7fe5c6625667289_shot_001_000,sharpness,mouth,23.6603
48,132.687027,1ec7a45d803ab472e7fe5c6625667289_shot_001_000,lmd,mouth,5.122634
48,132.687027,1ec7a45d803ab472e7fe5c6625667289_shot_001_000,sync_d,mouth,9.379728
48,132.687027,1ec7a45d803ab472e7fe5c6625667289_shot_001_000,sync_c,mouth,3.635478
49,6.958251,1ec7a45d803ab472e7fe5c6625667289_shot_001_000,pixel_mse,mouth,0.03131246
49,6.958251,1ec7a45d803ab472e7fe5c6625667289_shot_001_000,pixel_mse,full,0.01686682
49,6.958251,1ec7a45d803ab472e7fe5c6625667289_shot_001_000,ssim,mouth,0.31476867
49,6.958251,1ec7a45d803ab472e7fe5c6625667289_shot_001_000,ssim,full,0.69421375
49,6.958251,1ec7a45d803ab472e7fe5c6625667289_shot_001_000,lpips,mouth,0.41827297
49,6.958251,1ec7a45d803ab472e7fe5c6625667289_shot_001_000,lpips,full,0.30763847
49,6.958251,1ec7a45d803ab472e7fe5c6625667289_shot_001_000,sharpness,mouth,23.5682
49,6.958251,1ec7a45d803ab472e7fe5c6625667289_shot_001_000,lmd,mouth,5.154283
49,6.958251,1ec7a45d803ab472e7fe5c6625667289_shot_001_000,sync_d,mouth,9.204705
49,6.958251,1ec7a45d803ab472e7fe5c6625667289_shot_001_000,sync_c,mouth,3.735079
-1,gt,a6927ea4c0223aa08b320e86987e4c89_shot_001_001,sharpness,mouth,28.1485
-1,gt,a6927ea4c0223aa08b320e86987e4c89_shot_001_001,sync_d,mouth,5.773353
-1,gt,a6927ea4c0223aa08b320e86987e4c89_shot_001_001,sync_c,mouth,8.296562
0,1000.000000,a6927ea4c0223aa08b320e86987e4c89_shot_001_001,pixel_mse,mouth,0.01571072
0,1000.000000,a6927ea4c0223aa08b320e86987e4c89_shot_001_001,pixel_mse,full,0.01294619
0,1000.000000,a6927ea4c0223aa08b320e86987e4c89_shot_001_001,ssim,mouth,0.60993433
0,1000.000000,a6927ea4c0223aa08b320e86987e4c89_shot_001_001,ssim,full,0.79141575
0,1000.000000,a6927ea4c0223aa08b320e86987e4c89_shot_001_001,lpips,mouth,0.64341629
0,1000.000000,a6927ea4c0223aa08b320e86987e4c89_shot_001_001,lpips,full,0.38680664
0,1000.000000,a6927ea4c0223aa08b320e86987e4c89_shot_001_001,sharpness,mouth,26.5215
0,1000.000000,a6927ea4c0223aa08b320e86987e4c89_shot_001_001,lmd,mouth,4.212683
0,1000.000000,a6927ea4c0223aa08b320e86987e4c89_shot_001_001,sync_d,mouth,11.003042
0,1000.000000,a6927ea4c0223aa08b320e86987e4c89_shot_001_001,sync_c,mouth,0.923762
1,997.035706,a6927ea4c0223aa08b320e86987e4c89_shot_001_001,pixel_mse,mouth,0.01655297
1,997.035706,a6927ea4c0223aa08b320e86987e4c89_shot_001_001,pixel_mse,full,0.01468132
1,997.035706,a6927ea4c0223aa08b320e86987e4c89_shot_001_001,ssim,mouth,0.60482961
1,997.035706,a6927ea4c0223aa08b320e86987e4c89_shot_001_001,ssim,full,0.78576201
1,997.035706,a6927ea4c0223aa08b320e86987e4c89_shot_001_001,lpips,mouth,0.63777816
1,997.035706,a6927ea4c0223aa08b320e86987e4c89_shot_001_001,lpips,full,0.39380246
1,997.035706,a6927ea4c0223aa08b320e86987e4c89_shot_001_001,sharpness,mouth,24.7946
1,997.035706,a6927ea4c0223aa08b320e86987e4c89_shot_001_001,lmd,mouth,5.024723
1,997.035706,a6927ea4c0223aa08b320e86987e4c89_shot_001_001,sync_d,mouth,11.355018
1,997.035706,a6927ea4c0223aa08b320e86987e4c89_shot_001_001,sync_c,mouth,0.42719
2,993.963867,a6927ea4c0223aa08b320e86987e4c89_shot_001_001,pixel_mse,mouth,0.01786993
2,993.963867,a6927ea4c0223aa08b320e86987e4c89_shot_001_001,pixel_mse,full,0.01684345
2,993.963867,a6927ea4c0223aa08b320e86987e4c89_shot_001_001,ssim,mouth,0.59492791
2,993.963867,a6927ea4c0223aa08b320e86987e4c89_shot_001_001,ssim,full,0.77930415
2,993.963867,a6927ea4c0223aa08b320e86987e4c89_shot_001_001,lpips,mouth,0.62402374
2,993.963867,a6927ea4c0223aa08b320e86987e4c89_shot_001_001,lpips,full,0.39225924
2,993.963867,a6927ea4c0223aa08b320e86987e4c89_shot_001_001,sharpness,mouth,25.1055
2,993.963867,a6927ea4c0223aa08b320e86987e4c89_shot_001_001,lmd,mouth,4.369394
2,993.963867,a6927ea4c0223aa08b320e86987e4c89_shot_001_001,sync_d,mouth,11.52839
2,993.963867,a6927ea4c0223aa08b320e86987e4c89_shot_001_001,sync_c,mouth,0.472528
3,990.779053,a6927ea4c0223aa08b320e86987e4c89_shot_001_001,pixel_mse,mouth,0.01856604
3,990.779053,a6927ea4c0223aa08b320e86987e4c89_shot_001_001,pixel_mse,full,0.01811278
3,990.779053,a6927ea4c0223aa08b320e86987e4c89_shot_001_001,ssim,mouth,0.59010822
3,990.779053,a6927ea4c0223aa08b320e86987e4c89_shot_001_001,ssim,full,0.77505445
3,990.779053,a6927ea4c0223aa08b320e86987e4c89_shot_001_001,lpips,mouth,0.60144663
3,990.779053,a6927ea4c0223aa08b320e86987e4c89_shot_001_001,lpips,full,0.38675654
3,990.779053,a6927ea4c0223aa08b320e86987e4c89_shot_001_001,sharpness,mouth,25.0894
3,990.779053,a6927ea4c0223aa08b320e86987e4c89_shot_001_001,lmd,mouth,5.556343
3,990.779053,a6927ea4c0223aa08b320e86987e4c89_shot_001_001,sync_d,mouth,11.344036
3,990.779053,a6927ea4c0223aa08b320e86987e4c89_shot_001_001,sync_c,mouth,0.789728
4,987.474243,a6927ea4c0223aa08b320e86987e4c89_shot_001_001,pixel_mse,mouth,0.01982628
4,987.474243,a6927ea4c0223aa08b320e86987e4c89_shot_001_001,pixel_mse,full,0.01961951
4,987.474243,a6927ea4c0223aa08b320e86987e4c89_shot_001_001,ssim,mouth,0.58231699
4,987.474243,a6927ea4c0223aa08b320e86987e4c89_shot_001_001,ssim,full,0.77153164
4,987.474243,a6927ea4c0223aa08b320e86987e4c89_shot_001_001,lpips,mouth,0.57907754
4,987.474243,a6927ea4c0223aa08b320e86987e4c89_shot_001_001,lpips,full,0.37365252
4,987.474243,a6927ea4c0223aa08b320e86987e4c89_shot_001_001,sharpness,mouth,24.4286
4,987.474243,a6927ea4c0223aa08b320e86987e4c89_shot_001_001,lmd,mouth,4.527108
4,987.474243,a6927ea4c0223aa08b320e86987e4c89_shot_001_001,sync_d,mouth,11.165825
4,987.474243,a6927ea4c0223aa08b320e86987e4c89_shot_001_001,sync_c,mouth,1.474752
5,984.043091,a6927ea4c0223aa08b320e86987e4c89_shot_001_001,pixel_mse,mouth,0.0211343
5,984.043091,a6927ea4c0223aa08b320e86987e4c89_shot_001_001,pixel_mse,full,0.02079799
5,984.043091,a6927ea4c0223aa08b320e86987e4c89_shot_001_001,ssim,mouth,0.57448477
5,984.043091,a6927ea4c0223aa08b320e86987e4c89_shot_001_001,ssim,full,0.76831055
5,984.043091,a6927ea4c0223aa08b320e86987e4c89_shot_001_001,lpips,mouth,0.55562133
5,984.043091,a6927ea4c0223aa08b320e86987e4c89_shot_001_001,lpips,full,0.35679588
5,984.043091,a6927ea4c0223aa08b320e86987e4c89_shot_001_001,sharpness,mouth,23.6161
5,984.043091,a6927ea4c0223aa08b320e86987e4c89_shot_001_001,lmd,mouth,4.559913
5,984.043091,a6927ea4c0223aa08b320e86987e4c89_shot_001_001,sync_d,mouth,10.050812
5,984.043091,a6927ea4c0223aa08b320e86987e4c89_shot_001_001,sync_c,mouth,2.945538
6,980.477844,a6927ea4c0223aa08b320e86987e4c89_shot_001_001,pixel_mse,mouth,0.02274714
6,980.477844,a6927ea4c0223aa08b320e86987e4c89_shot_001_001,pixel_mse,full,0.02180858
6,980.477844,a6927ea4c0223aa08b320e86987e4c89_shot_001_001,ssim,mouth,0.56539309
6,980.477844,a6927ea4c0223aa08b320e86987e4c89_shot_001_001,ssim,full,0.76458943
6,980.477844,a6927ea4c0223aa08b320e86987e4c89_shot_001_001,lpips,mouth,0.53365761
6,980.477844,a6927ea4c0223aa08b320e86987e4c89_shot_001_001,lpips,full,0.34258455
6,980.477844,a6927ea4c0223aa08b320e86987e4c89_shot_001_001,sharpness,mouth,22.724
6,980.477844,a6927ea4c0223aa08b320e86987e4c89_shot_001_001,lmd,mouth,4.334526
6,980.477844,a6927ea4c0223aa08b320e86987e4c89_shot_001_001,sync_d,mouth,9.042298
6,980.477844,a6927ea4c0223aa08b320e86987e4c89_shot_001_001,sync_c,mouth,4.199039
7,976.770691,a6927ea4c0223aa08b320e86987e4c89_shot_001_001,pixel_mse,mouth,0.02450933
7,976.770691,a6927ea4c0223aa08b320e86987e4c89_shot_001_001,pixel_mse,full,0.02267748
7,976.770691,a6927ea4c0223aa08b320e86987e4c89_shot_001_001,ssim,mouth,0.55451304
7,976.770691,a6927ea4c0223aa08b320e86987e4c89_shot_001_001,ssim,full,0.76047122
7,976.770691,a6927ea4c0223aa08b320e86987e4c89_shot_001_001,lpips,mouth,0.51393813
7,976.770691,a6927ea4c0223aa08b320e86987e4c89_shot_001_001,lpips,full,0.33202851
7,976.770691,a6927ea4c0223aa08b320e86987e4c89_shot_001_001,sharpness,mouth,22.3891
7,976.770691,a6927ea4c0223aa08b320e86987e4c89_shot_001_001,lmd,mouth,4.1994
7,976.770691,a6927ea4c0223aa08b320e86987e4c89_shot_001_001,sync_d,mouth,8.713376
7,976.770691,a6927ea4c0223aa08b320e86987e4c89_shot_001_001,sync_c,mouth,4.447339
8,972.912842,a6927ea4c0223aa08b320e86987e4c89_shot_001_001,pixel_mse,mouth,0.02583262
8,972.912842,a6927ea4c0223aa08b320e86987e4c89_shot_001_001,pixel_mse,full,0.0232298
8,972.912842,a6927ea4c0223aa08b320e86987e4c89_shot_001_001,ssim,mouth,0.54713094
8,972.912842,a6927ea4c0223aa08b320e86987e4c89_shot_001_001,ssim,full,0.75730437
8,972.912842,a6927ea4c0223aa08b320e86987e4c89_shot_001_001,lpips,mouth,0.50190181
8,972.912842,a6927ea4c0223aa08b320e86987e4c89_shot_001_001,lpips,full,0.32302877
8,972.912842,a6927ea4c0223aa08b320e86987e4c89_shot_001_001,sharpness,mouth,22.3876
8,972.912842,a6927ea4c0223aa08b320e86987e4c89_shot_001_001,lmd,mouth,4.074575
8,972.912842,a6927ea4c0223aa08b320e86987e4c89_shot_001_001,sync_d,mouth,8.332888
8,972.912842,a6927ea4c0223aa08b320e86987e4c89_shot_001_001,sync_c,mouth,4.898483
9,968.895081,a6927ea4c0223aa08b320e86987e4c89_shot_001_001,pixel_mse,mouth,0.02695292
9,968.895081,a6927ea4c0223aa08b320e86987e4c89_shot_001_001,pixel_mse,full,0.02373767
9,968.895081,a6927ea4c0223aa08b320e86987e4c89_shot_001_001,ssim,mouth,0.53921276
9,968.895081,a6927ea4c0223aa08b320e86987e4c89_shot_001_001,ssim,full,0.75419539
9,968.895081,a6927ea4c0223aa08b320e86987e4c89_shot_001_001,lpips,mouth,0.48912168
9,968.895081,a6927ea4c0223aa08b320e86987e4c89_shot_001_001,lpips,full,0.31530574
9,968.895081,a6927ea4c0223aa08b320e86987e4c89_shot_001_001,sharpness,mouth,22.1546
9,968.895081,a6927ea4c0223aa08b320e86987e4c89_shot_001_001,lmd,mouth,3.988088
9,968.895081,a6927ea4c0223aa08b320e86987e4c89_shot_001_001,sync_d,mouth,8.14192
9,968.895081,a6927ea4c0223aa08b320e86987e4c89_shot_001_001,sync_c,mouth,5.25301
10,964.707153,a6927ea4c0223aa08b320e86987e4c89_shot_001_001,pixel_mse,mouth,0.0284172
10,964.707153,a6927ea4c0223aa08b320e86987e4c89_shot_001_001,pixel_mse,full,0.02423657
10,964.707153,a6927ea4c0223aa08b320e86987e4c89_shot_001_001,ssim,mouth,0.53003788
10,964.707153,a6927ea4c0223aa08b320e86987e4c89_shot_001_001,ssim,full,0.75103074
10,964.707153,a6927ea4c0223aa08b320e86987e4c89_shot_001_001,lpips,mouth,0.47610435
10,964.707153,a6927ea4c0223aa08b320e86987e4c89_shot_001_001,lpips,full,0.30784136
10,964.707153,a6927ea4c0223aa08b320e86987e4c89_shot_001_001,sharpness,mouth,22.296
10,964.707153,a6927ea4c0223aa08b320e86987e4c89_shot_001_001,lmd,mouth,3.828694
10,964.707153,a6927ea4c0223aa08b320e86987e4c89_shot_001_001,sync_d,mouth,7.698882
10,964.707153,a6927ea4c0223aa08b320e86987e4c89_shot_001_001,sync_c,mouth,5.91391
11,960.337952,a6927ea4c0223aa08b320e86987e4c89_shot_001_001,pixel_mse,mouth,0.02954393
11,960.337952,a6927ea4c0223aa08b320e86987e4c89_shot_001_001,pixel_mse,full,0.02460041
11,960.337952,a6927ea4c0223aa08b320e86987e4c89_shot_001_001,ssim,mouth,0.52185249
11,960.337952,a6927ea4c0223aa08b320e86987e4c89_shot_001_001,ssim,full,0.74854296
11,960.337952,a6927ea4c0223aa08b320e86987e4c89_shot_001_001,lpips,mouth,0.46152341
11,960.337952,a6927ea4c0223aa08b320e86987e4c89_shot_001_001,lpips,full,0.30175921
11,960.337952,a6927ea4c0223aa08b320e86987e4c89_shot_001_001,sharpness,mouth,22.3677
11,960.337952,a6927ea4c0223aa08b320e86987e4c89_shot_001_001,lmd,mouth,3.687233
11,960.337952,a6927ea4c0223aa08b320e86987e4c89_shot_001_001,sync_d,mouth,7.279596
11,960.337952,a6927ea4c0223aa08b320e86987e4c89_shot_001_001,sync_c,mouth,6.274734
12,955.775635,a6927ea4c0223aa08b320e86987e4c89_shot_001_001,pixel_mse,mouth,0.0302355
12,955.775635,a6927ea4c0223aa08b320e86987e4c89_shot_001_001,pixel_mse,full,0.02489407
12,955.775635,a6927ea4c0223aa08b320e86987e4c89_shot_001_001,ssim,mouth,0.51660836
12,955.775635,a6927ea4c0223aa08b320e86987e4c89_shot_001_001,ssim,full,0.74643886
12,955.775635,a6927ea4c0223aa08b320e86987e4c89_shot_001_001,lpips,mouth,0.44841704
12,955.775635,a6927ea4c0223aa08b320e86987e4c89_shot_001_001,lpips,full,0.29682517
12,955.775635,a6927ea4c0223aa08b320e86987e4c89_shot_001_001,sharpness,mouth,22.9464
12,955.775635,a6927ea4c0223aa08b320e86987e4c89_shot_001_001,lmd,mouth,3.671384
12,955.775635,a6927ea4c0223aa08b320e86987e4c89_shot_001_001,sync_d,mouth,7.176553
12,955.775635,a6927ea4c0223aa08b320e86987e4c89_shot_001_001,sync_c,mouth,6.545817
13,951.006897,a6927ea4c0223aa08b320e86987e4c89_shot_001_001,pixel_mse,mouth,0.03077651
13,951.006897,a6927ea4c0223aa08b320e86987e4c89_shot_001_001,pixel_mse,full,0.02511864
13,951.006897,a6927ea4c0223aa08b320e86987e4c89_shot_001_001,ssim,mouth,0.51296031
13,951.006897,a6927ea4c0223aa08b320e86987e4c89_shot_001_001,ssim,full,0.74487764
13,951.006897,a6927ea4c0223aa08b320e86987e4c89_shot_001_001,lpips,mouth,0.4384588
13,951.006897,a6927ea4c0223aa08b320e86987e4c89_shot_001_001,lpips,full,0.29292437
13,951.006897,a6927ea4c0223aa08b320e86987e4c89_shot_001_001,sharpness,mouth,22.9504
13,951.006897,a6927ea4c0223aa08b320e86987e4c89_shot_001_001,lmd,mouth,3.698561
13,951.006897,a6927ea4c0223aa08b320e86987e4c89_shot_001_001,sync_d,mouth,7.056039
13,951.006897,a6927ea4c0223aa08b320e86987e4c89_shot_001_001,sync_c,mouth,6.658077
14,946.017517,a6927ea4c0223aa08b320e86987e4c89_shot_001_001,pixel_mse,mouth,0.03106694
14,946.017517,a6927ea4c0223aa08b320e86987e4c89_shot_001_001,pixel_mse,full,0.02530363
14,946.017517,a6927ea4c0223aa08b320e86987e4c89_shot_001_001,ssim,mouth,0.51096952
14,946.017517,a6927ea4c0223aa08b320e86987e4c89_shot_001_001,ssim,full,0.74362469
14,946.017517,a6927ea4c0223aa08b320e86987e4c89_shot_001_001,lpips,mouth,0.43037227
14,946.017517,a6927ea4c0223aa08b320e86987e4c89_shot_001_001,lpips,full,0.28978601
14,946.017517,a6927ea4c0223aa08b320e86987e4c89_shot_001_001,sharpness,mouth,22.6974
14,946.017517,a6927ea4c0223aa08b320e86987e4c89_shot_001_001,lmd,mouth,3.726391
14,946.017517,a6927ea4c0223aa08b320e86987e4c89_shot_001_001,sync_d,mouth,7.030499
14,946.017517,a6927ea4c0223aa08b320e86987e4c89_shot_001_001,sync_c,mouth,6.755093
15,940.791870,a6927ea4c0223aa08b320e86987e4c89_shot_001_001,pixel_mse,mouth,0.03135391
15,940.791870,a6927ea4c0223aa08b320e86987e4c89_shot_001_001,pixel_mse,full,0.02550022
15,940.791870,a6927ea4c0223aa08b320e86987e4c89_shot_001_001,ssim,mouth,0.50860876
15,940.791870,a6927ea4c0223aa08b320e86987e4c89_shot_001_001,ssim,full,0.7422688
15,940.791870,a6927ea4c0223aa08b320e86987e4c89_shot_001_001,lpips,mouth,0.423783
15,940.791870,a6927ea4c0223aa08b320e86987e4c89_shot_001_001,lpips,full,0.28732145
15,940.791870,a6927ea4c0223aa08b320e86987e4c89_shot_001_001,sharpness,mouth,22.8677
15,940.791870,a6927ea4c0223aa08b320e86987e4c89_shot_001_001,lmd,mouth,3.766076
15,940.791870,a6927ea4c0223aa08b320e86987e4c89_shot_001_001,sync_d,mouth,6.978869
15,940.791870,a6927ea4c0223aa08b320e86987e4c89_shot_001_001,sync_c,mouth,6.895123
16,935.312622,a6927ea4c0223aa08b320e86987e4c89_shot_001_001,pixel_mse,mouth,0.0316466
16,935.312622,a6927ea4c0223aa08b320e86987e4c89_shot_001_001,pixel_mse,full,0.02568157
16,935.312622,a6927ea4c0223aa08b320e86987e4c89_shot_001_001,ssim,mouth,0.50610632
16,935.312622,a6927ea4c0223aa08b320e86987e4c89_shot_001_001,ssim,full,0.740879
16,935.312622,a6927ea4c0223aa08b320e86987e4c89_shot_001_001,lpips,mouth,0.41706002
16,935.312622,a6927ea4c0223aa08b320e86987e4c89_shot_001_001,lpips,full,0.28469384
16,935.312622,a6927ea4c0223aa08b320e86987e4c89_shot_001_001,sharpness,mouth,22.52
16,935.312622,a6927ea4c0223aa08b320e86987e4c89_shot_001_001,lmd,mouth,3.892217
16,935.312622,a6927ea4c0223aa08b320e86987e4c89_shot_001_001,sync_d,mouth,6.814643
16,935.312622,a6927ea4c0223aa08b320e86987e4c89_shot_001_001,sync_c,mouth,6.975874
17,929.560913,a6927ea4c0223aa08b320e86987e4c89_shot_001_001,pixel_mse,mouth,0.03178399
17,929.560913,a6927ea4c0223aa08b320e86987e4c89_shot_001_001,pixel_mse,full,0.02583253
17,929.560913,a6927ea4c0223aa08b320e86987e4c89_shot_001_001,ssim,mouth,0.5039258
17,929.560913,a6927ea4c0223aa08b320e86987e4c89_shot_001_001,ssim,full,0.73942137
17,929.560913,a6927ea4c0223aa08b320e86987e4c89_shot_001_001,lpips,mouth,0.40714151
17,929.560913,a6927ea4c0223aa08b320e86987e4c89_shot_001_001,lpips,full,0.28288776
17,929.560913,a6927ea4c0223aa08b320e86987e4c89_shot_001_001,sharpness,mouth,22.5078
17,929.560913,a6927ea4c0223aa08b320e86987e4c89_shot_001_001,lmd,mouth,4.073062
17,929.560913,a6927ea4c0223aa08b320e86987e4c89_shot_001_001,sync_d,mouth,6.844571
17,929.560913,a6927ea4c0223aa08b320e86987e4c89_shot_001_001,sync_c,mouth,6.977805
18,923.515991,a6927ea4c0223aa08b320e86987e4c89_shot_001_001,pixel_mse,mouth,0.03207441
18,923.515991,a6927ea4c0223aa08b320e86987e4c89_shot_001_001,pixel_mse,full,0.02594515
18,923.515991,a6927ea4c0223aa08b320e86987e4c89_shot_001_001,ssim,mouth,0.50090903
18,923.515991,a6927ea4c0223aa08b320e86987e4c89_shot_001_001,ssim,full,0.7382586
18,923.515991,a6927ea4c0223aa08b320e86987e4c89_shot_001_001,lpips,mouth,0.40141615
18,923.515991,a6927ea4c0223aa08b320e86987e4c89_shot_001_001,lpips,full,0.28099549
18,923.515991,a6927ea4c0223aa08b320e86987e4c89_shot_001_001,sharpness,mouth,22.8127
18,923.515991,a6927ea4c0223aa08b320e86987e4c89_shot_001_001,lmd,mouth,4.17403
18,923.515991,a6927ea4c0223aa08b320e86987e4c89_shot_001_001,sync_d,mouth,6.929692
18,923.515991,a6927ea4c0223aa08b320e86987e4c89_shot_001_001,sync_c,mouth,6.903109
19,917.154785,a6927ea4c0223aa08b320e86987e4c89_shot_001_001,pixel_mse,mouth,0.03223414
19,917.154785,a6927ea4c0223aa08b320e86987e4c89_shot_001_001,pixel_mse,full,0.02603056
19,917.154785,a6927ea4c0223aa08b320e86987e4c89_shot_001_001,ssim,mouth,0.49839482
19,917.154785,a6927ea4c0223aa08b320e86987e4c89_shot_001_001,ssim,full,0.73728162
19,917.154785,a6927ea4c0223aa08b320e86987e4c89_shot_001_001,lpips,mouth,0.39502347
19,917.154785,a6927ea4c0223aa08b320e86987e4c89_shot_001_001,lpips,full,0.27944693
19,917.154785,a6927ea4c0223aa08b320e86987e4c89_shot_001_001,sharpness,mouth,22.6784
19,917.154785,a6927ea4c0223aa08b320e86987e4c89_shot_001_001,lmd,mouth,4.29541
19,917.154785,a6927ea4c0223aa08b320e86987e4c89_shot_001_001,sync_d,mouth,7.07723
19,917.154785,a6927ea4c0223aa08b320e86987e4c89_shot_001_001,sync_c,mouth,6.799714
20,910.451721,a6927ea4c0223aa08b320e86987e4c89_shot_001_001,pixel_mse,mouth,0.0324096
20,910.451721,a6927ea4c0223aa08b320e86987e4c89_shot_001_001,pixel_mse,full,0.02610375
20,910.451721,a6927ea4c0223aa08b320e86987e4c89_shot_001_001,ssim,mouth,0.49625707
20,910.451721,a6927ea4c0223aa08b320e86987e4c89_shot_001_001,ssim,full,0.736341
20,910.451721,a6927ea4c0223aa08b320e86987e4c89_shot_001_001,lpips,mouth,0.3912169
20,910.451721,a6927ea4c0223aa08b320e86987e4c89_shot_001_001,lpips,full,0.27847722
20,910.451721,a6927ea4c0223aa08b320e86987e4c89_shot_001_001,sharpness,mouth,22.464
20,910.451721,a6927ea4c0223aa08b320e86987e4c89_shot_001_001,lmd,mouth,4.383996
20,910.451721,a6927ea4c0223aa08b320e86987e4c89_shot_001_001,sync_d,mouth,7.107179
20,910.451721,a6927ea4c0223aa08b320e86987e4c89_shot_001_001,sync_c,mouth,6.64808
21,903.378723,a6927ea4c0223aa08b320e86987e4c89_shot_001_001,pixel_mse,mouth,0.0326839
21,903.378723,a6927ea4c0223aa08b320e86987e4c89_shot_001_001,pixel_mse,full,0.02618346
21,903.378723,a6927ea4c0223aa08b320e86987e4c89_shot_001_001,ssim,mouth,0.49407351
21,903.378723,a6927ea4c0223aa08b320e86987e4c89_shot_001_001,ssim,full,0.7356348
21,903.378723,a6927ea4c0223aa08b320e86987e4c89_shot_001_001,lpips,mouth,0.38599548
21,903.378723,a6927ea4c0223aa08b320e86987e4c89_shot_001_001,lpips,full,0.27689421
21,903.378723,a6927ea4c0223aa08b320e86987e4c89_shot_001_001,sharpness,mouth,21.9401
21,903.378723,a6927ea4c0223aa08b320e86987e4c89_shot_001_001,lmd,mouth,4.424865
21,903.378723,a6927ea4c0223aa08b320e86987e4c89_shot_001_001,sync_d,mouth,7.153543
21,903.378723,a6927ea4c0223aa08b320e86987e4c89_shot_001_001,sync_c,mouth,6.667274
22,895.903931,a6927ea4c0223aa08b320e86987e4c89_shot_001_001,pixel_mse,mouth,0.03288706
22,895.903931,a6927ea4c0223aa08b320e86987e4c89_shot_001_001,pixel_mse,full,0.02623963
22,895.903931,a6927ea4c0223aa08b320e86987e4c89_shot_001_001,ssim,mouth,0.49226177
22,895.903931,a6927ea4c0223aa08b320e86987e4c89_shot_001_001,ssim,full,0.73492229
22,895.903931,a6927ea4c0223aa08b320e86987e4c89_shot_001_001,lpips,mouth,0.38301155
22,895.903931,a6927ea4c0223aa08b320e86987e4c89_shot_001_001,lpips,full,0.27614114
22,895.903931,a6927ea4c0223aa08b320e86987e4c89_shot_001_001,sharpness,mouth,22.1017
22,895.903931,a6927ea4c0223aa08b320e86987e4c89_shot_001_001,lmd,mouth,4.481278
22,895.903931,a6927ea4c0223aa08b320e86987e4c89_shot_001_001,sync_d,mouth,7.274415
22,895.903931,a6927ea4c0223aa08b320e86987e4c89_shot_001_001,sync_c,mouth,6.530643
23,887.992493,a6927ea4c0223aa08b320e86987e4c89_shot_001_001,pixel_mse,mouth,0.03301022
23,887.992493,a6927ea4c0223aa08b320e86987e4c89_shot_001_001,pixel_mse,full,0.02627788
23,887.992493,a6927ea4c0223aa08b320e86987e4c89_shot_001_001,ssim,mouth,0.49100366
23,887.992493,a6927ea4c0223aa08b320e86987e4c89_shot_001_001,ssim,full,0.73430729
23,887.992493,a6927ea4c0223aa08b320e86987e4c89_shot_001_001,lpips,mouth,0.37949786
23,887.992493,a6927ea4c0223aa08b320e86987e4c89_shot_001_001,lpips,full,0.27523276
23,887.992493,a6927ea4c0223aa08b320e86987e4c89_shot_001_001,sharpness,mouth,22.0653
23,887.992493,a6927ea4c0223aa08b320e86987e4c89_shot_001_001,lmd,mouth,4.502766
23,887.992493,a6927ea4c0223aa08b320e86987e4c89_shot_001_001,sync_d,mouth,7.278489
23,887.992493,a6927ea4c0223aa08b320e86987e4c89_shot_001_001,sync_c,mouth,6.572906
24,879.604736,a6927ea4c0223aa08b320e86987e4c89_shot_001_001,pixel_mse,mouth,0.03310939
24,879.604736,a6927ea4c0223aa08b320e86987e4c89_shot_001_001,pixel_mse,full,0.02629301
24,879.604736,a6927ea4c0223aa08b320e86987e4c89_shot_001_001,ssim,mouth,0.49010247
24,879.604736,a6927ea4c0223aa08b320e86987e4c89_shot_001_001,ssim,full,0.73382896
24,879.604736,a6927ea4c0223aa08b320e86987e4c89_shot_001_001,lpips,mouth,0.3776311
24,879.604736,a6927ea4c0223aa08b320e86987e4c89_shot_001_001,lpips,full,0.27457377
24,879.604736,a6927ea4c0223aa08b320e86987e4c89_shot_001_001,sharpness,mouth,22.0946
24,879.604736,a6927ea4c0223aa08b320e86987e4c89_shot_001_001,lmd,mouth,4.539357
24,879.604736,a6927ea4c0223aa08b320e86987e4c89_shot_001_001,sync_d,mouth,7.341365
24,879.604736,a6927ea4c0223aa08b320e86987e4c89_shot_001_001,sync_c,mouth,6.521914
25,870.696350,a6927ea4c0223aa08b320e86987e4c89_shot_001_001,pixel_mse,mouth,0.03319159
25,870.696350,a6927ea4c0223aa08b320e86987e4c89_shot_001_001,pixel_mse,full,0.02633696
25,870.696350,a6927ea4c0223aa08b320e86987e4c89_shot_001_001,ssim,mouth,0.48900777
25,870.696350,a6927ea4c0223aa08b320e86987e4c89_shot_001_001,ssim,full,0.7331686
25,870.696350,a6927ea4c0223aa08b320e86987e4c89_shot_001_001,lpips,mouth,0.37542176
25,870.696350,a6927ea4c0223aa08b320e86987e4c89_shot_001_001,lpips,full,0.27389026
25,870.696350,a6927ea4c0223aa08b320e86987e4c89_shot_001_001,sharpness,mouth,21.8569
25,870.696350,a6927ea4c0223aa08b320e86987e4c89_shot_001_001,lmd,mouth,4.562097
25,870.696350,a6927ea4c0223aa08b320e86987e4c89_shot_001_001,sync_d,mouth,7.459797
25,870.696350,a6927ea4c0223aa08b320e86987e4c89_shot_001_001,sync_c,mouth,6.364935
26,861.217407,a6927ea4c0223aa08b320e86987e4c89_shot_001_001,pixel_mse,mouth,0.03329617
26,861.217407,a6927ea4c0223aa08b320e86987e4c89_shot_001_001,pixel_mse,full,0.02636637
26,861.217407,a6927ea4c0223aa08b320e86987e4c89_shot_001_001,ssim,mouth,0.48721257
26,861.217407,a6927ea4c0223aa08b320e86987e4c89_shot_001_001,ssim,full,0.73263144
26,861.217407,a6927ea4c0223aa08b320e86987e4c89_shot_001_001,lpips,mouth,0.37365538
26,861.217407,a6927ea4c0223aa08b320e86987e4c89_shot_001_001,lpips,full,0.27325714
26,861.217407,a6927ea4c0223aa08b320e86987e4c89_shot_001_001,sharpness,mouth,21.881
26,861.217407,a6927ea4c0223aa08b320e86987e4c89_shot_001_001,lmd,mouth,4.615892
26,861.217407,a6927ea4c0223aa08b320e86987e4c89_shot_001_001,sync_d,mouth,7.411112
26,861.217407,a6927ea4c0223aa08b320e86987e4c89_shot_001_001,sync_c,mouth,6.452807
27,851.111145,a6927ea4c0223aa08b320e86987e4c89_shot_001_001,pixel_mse,mouth,0.03335224
27,851.111145,a6927ea4c0223aa08b320e86987e4c89_shot_001_001,pixel_mse,full,0.02638976
27,851.111145,a6927ea4c0223aa08b320e86987e4c89_shot_001_001,ssim,mouth,0.48665592
27,851.111145,a6927ea4c0223aa08b320e86987e4c89_shot_001_001,ssim,full,0.73215908
27,851.111145,a6927ea4c0223aa08b320e86987e4c89_shot_001_001,lpips,mouth,0.37260059
27,851.111145,a6927ea4c0223aa08b320e86987e4c89_shot_001_001,lpips,full,0.27275452
27,851.111145,a6927ea4c0223aa08b320e86987e4c89_shot_001_001,sharpness,mouth,21.7373
27,851.111145,a6927ea4c0223aa08b320e86987e4c89_shot_001_001,lmd,mouth,4.596415
27,851.111145,a6927ea4c0223aa08b320e86987e4c89_shot_001_001,sync_d,mouth,7.373591
27,851.111145,a6927ea4c0223aa08b320e86987e4c89_shot_001_001,sync_c,mouth,6.404084
28,840.313232,a6927ea4c0223aa08b320e86987e4c89_shot_001_001,pixel_mse,mouth,0.03352663
28,840.313232,a6927ea4c0223aa08b320e86987e4c89_shot_001_001,pixel_mse,full,0.02641188
28,840.313232,a6927ea4c0223aa08b320e86987e4c89_shot_001_001,ssim,mouth,0.48503956
28,840.313232,a6927ea4c0223aa08b320e86987e4c89_shot_001_001,ssim,full,0.73161215
28,840.313232,a6927ea4c0223aa08b320e86987e4c89_shot_001_001,lpips,mouth,0.37199134
28,840.313232,a6927ea4c0223aa08b320e86987e4c89_shot_001_001,lpips,full,0.27233651
28,840.313232,a6927ea4c0223aa08b320e86987e4c89_shot_001_001,sharpness,mouth,21.8595
28,840.313232,a6927ea4c0223aa08b320e86987e4c89_shot_001_001,lmd,mouth,4.676763
28,840.313232,a6927ea4c0223aa08b320e86987e4c89_shot_001_001,sync_d,mouth,7.355314
28,840.313232,a6927ea4c0223aa08b320e86987e4c89_shot_001_001,sync_c,mouth,6.498301
29,828.750244,a6927ea4c0223aa08b320e86987e4c89_shot_001_001,pixel_mse,mouth,0.03353783
29,828.750244,a6927ea4c0223aa08b320e86987e4c89_shot_001_001,pixel_mse,full,0.02643962
29,828.750244,a6927ea4c0223aa08b320e86987e4c89_shot_001_001,ssim,mouth,0.48439002
29,828.750244,a6927ea4c0223aa08b320e86987e4c89_shot_001_001,ssim,full,0.73124224
29,828.750244,a6927ea4c0223aa08b320e86987e4c89_shot_001_001,lpips,mouth,0.37038574
29,828.750244,a6927ea4c0223aa08b320e86987e4c89_shot_001_001,lpips,full,0.27175483
29,828.750244,a6927ea4c0223aa08b320e86987e4c89_shot_001_001,sharpness,mouth,21.3072
29,828.750244,a6927ea4c0223aa08b320e86987e4c89_shot_001_001,lmd,mouth,4.669511
29,828.750244,a6927ea4c0223aa08b320e86987e4c89_shot_001_001,sync_d,mouth,7.573791
29,828.750244,a6927ea4c0223aa08b320e86987e4c89_shot_001_001,sync_c,mouth,6.258918
30,816.337830,a6927ea4c0223aa08b320e86987e4c89_shot_001_001,pixel_mse,mouth,0.0335601
30,816.337830,a6927ea4c0223aa08b320e86987e4c89_shot_001_001,pixel_mse,full,0.02644895
30,816.337830,a6927ea4c0223aa08b320e86987e4c89_shot_001_001,ssim,mouth,0.48335308
30,816.337830,a6927ea4c0223aa08b320e86987e4c89_shot_001_001,ssim,full,0.73086244
30,816.337830,a6927ea4c0223aa08b320e86987e4c89_shot_001_001,lpips,mouth,0.37061787
30,816.337830,a6927ea4c0223aa08b320e86987e4c89_shot_001_001,lpips,full,0.27135935
30,816.337830,a6927ea4c0223aa08b320e86987e4c89_shot_001_001,sharpness,mouth,21.4118
30,816.337830,a6927ea4c0223aa08b320e86987e4c89_shot_001_001,lmd,mouth,4.708885
30,816.337830,a6927ea4c0223aa08b320e86987e4c89_shot_001_001,sync_d,mouth,7.451592
30,816.337830,a6927ea4c0223aa08b320e86987e4c89_shot_001_001,sync_c,mouth,6.356677
31,802.978699,a6927ea4c0223aa08b320e86987e4c89_shot_001_001,pixel_mse,mouth,0.03368107
31,802.978699,a6927ea4c0223aa08b320e86987e4c89_shot_001_001,pixel_mse,full,0.02645648
31,802.978699,a6927ea4c0223aa08b320e86987e4c89_shot_001_001,ssim,mouth,0.48218933
31,802.978699,a6927ea4c0223aa08b320e86987e4c89_shot_001_001,ssim,full,0.73050356
31,802.978699,a6927ea4c0223aa08b320e86987e4c89_shot_001_001,lpips,mouth,0.36965638
31,802.978699,a6927ea4c0223aa08b320e86987e4c89_shot_001_001,lpips,full,0.27092871
31,802.978699,a6927ea4c0223aa08b320e86987e4c89_shot_001_001,sharpness,mouth,21.2636
31,802.978699,a6927ea4c0223aa08b320e86987e4c89_shot_001_001,lmd,mouth,4.737815
31,802.978699,a6927ea4c0223aa08b320e86987e4c89_shot_001_001,sync_d,mouth,7.554186
31,802.978699,a6927ea4c0223aa08b320e86987e4c89_shot_001_001,sync_c,mouth,6.220267
32,788.560242,a6927ea4c0223aa08b320e86987e4c89_shot_001_001,pixel_mse,mouth,0.03379817
32,788.560242,a6927ea4c0223aa08b320e86987e4c89_shot_001_001,pixel_mse,full,0.0264786
32,788.560242,a6927ea4c0223aa08b320e86987e4c89_shot_001_001,ssim,mouth,0.48102456
32,788.560242,a6927ea4c0223aa08b320e86987e4c89_shot_001_001,ssim,full,0.73011178
32,788.560242,a6927ea4c0223aa08b320e86987e4c89_shot_001_001,lpips,mouth,0.36868212
32,788.560242,a6927ea4c0223aa08b320e86987e4c89_shot_001_001,lpips,full,0.27063784
32,788.560242,a6927ea4c0223aa08b320e86987e4c89_shot_001_001,sharpness,mouth,21.4341
32,788.560242,a6927ea4c0223aa08b320e86987e4c89_shot_001_001,lmd,mouth,4.710172
32,788.560242,a6927ea4c0223aa08b320e86987e4c89_shot_001_001,sync_d,mouth,7.669625
32,788.560242,a6927ea4c0223aa08b320e86987e4c89_shot_001_001,sync_c,mouth,6.120274
33,772.951477,a6927ea4c0223aa08b320e86987e4c89_shot_001_001,pixel_mse,mouth,0.03391939
33,772.951477,a6927ea4c0223aa08b320e86987e4c89_shot_001_001,pixel_mse,full,0.0265058
33,772.951477,a6927ea4c0223aa08b320e86987e4c89_shot_001_001,ssim,mouth,0.47982121
33,772.951477,a6927ea4c0223aa08b320e86987e4c89_shot_001_001,ssim,full,0.72965461
33,772.951477,a6927ea4c0223aa08b320e86987e4c89_shot_001_001,lpips,mouth,0.36770123
33,772.951477,a6927ea4c0223aa08b320e86987e4c89_shot_001_001,lpips,full,0.27020928
33,772.951477,a6927ea4c0223aa08b320e86987e4c89_shot_001_001,sharpness,mouth,21.3649
33,772.951477,a6927ea4c0223aa08b320e86987e4c89_shot_001_001,lmd,mouth,4.749717
33,772.951477,a6927ea4c0223aa08b320e86987e4c89_shot_001_001,sync_d,mouth,7.774024
33,772.951477,a6927ea4c0223aa08b320e86987e4c89_shot_001_001,sync_c,mouth,5.934222
34,755.998352,a6927ea4c0223aa08b320e86987e4c89_shot_001_001,pixel_mse,mouth,0.03390697
34,755.998352,a6927ea4c0223aa08b320e86987e4c89_shot_001_001,pixel_mse,full,0.02651704
34,755.998352,a6927ea4c0223aa08b320e86987e4c89_shot_001_001,ssim,mouth,0.47911185
34,755.998352,a6927ea4c0223aa08b320e86987e4c89_shot_001_001,ssim,full,0.72935289
34,755.998352,a6927ea4c0223aa08b320e86987e4c89_shot_001_001,lpips,mouth,0.36747757
34,755.998352,a6927ea4c0223aa08b320e86987e4c89_shot_001_001,lpips,full,0.26981631
34,755.998352,a6927ea4c0223aa08b320e86987e4c89_shot_001_001,sharpness,mouth,21.5049
34,755.998352,a6927ea4c0223aa08b320e86987e4c89_shot_001_001,lmd,mouth,4.775413
34,755.998352,a6927ea4c0223aa08b320e86987e4c89_shot_001_001,sync_d,mouth,7.81146
34,755.998352,a6927ea4c0223aa08b320e86987e4c89_shot_001_001,sync_c,mouth,5.974686
35,737.519714,a6927ea4c0223aa08b320e86987e4c89_shot_001_001,pixel_mse,mouth,0.03392504
35,737.519714,a6927ea4c0223aa08b320e86987e4c89_shot_001_001,pixel_mse,full,0.0265174
35,737.519714,a6927ea4c0223aa08b320e86987e4c89_shot_001_001,ssim,mouth,0.47859198
35,737.519714,a6927ea4c0223aa08b320e86987e4c89_shot_001_001,ssim,full,0.72894722
35,737.519714,a6927ea4c0223aa08b320e86987e4c89_shot_001_001,lpips,mouth,0.36726779
35,737.519714,a6927ea4c0223aa08b320e86987e4c89_shot_001_001,lpips,full,0.26934406
35,737.519714,a6927ea4c0223aa08b320e86987e4c89_shot_001_001,sharpness,mouth,21.9001
35,737.519714,a6927ea4c0223aa08b320e86987e4c89_shot_001_001,lmd,mouth,4.773245
35,737.519714,a6927ea4c0223aa08b320e86987e4c89_shot_001_001,sync_d,mouth,7.748058
35,737.519714,a6927ea4c0223aa08b320e86987e4c89_shot_001_001,sync_c,mouth,5.92916
36,717.299683,a6927ea4c0223aa08b320e86987e4c89_shot_001_001,pixel_mse,mouth,0.03399384
36,717.299683,a6927ea4c0223aa08b320e86987e4c89_shot_001_001,pixel_mse,full,0.02653137
36,717.299683,a6927ea4c0223aa08b320e86987e4c89_shot_001_001,ssim,mouth,0.47797433
36,717.299683,a6927ea4c0223aa08b320e86987e4c89_shot_001_001,ssim,full,0.72863442
36,717.299683,a6927ea4c0223aa08b320e86987e4c89_shot_001_001,lpips,mouth,0.3666786
36,717.299683,a6927ea4c0223aa08b320e86987e4c89_shot_001_001,lpips,full,0.2687853
36,717.299683,a6927ea4c0223aa08b320e86987e4c89_shot_001_001,sharpness,mouth,21.9761
36,717.299683,a6927ea4c0223aa08b320e86987e4c89_shot_001_001,lmd,mouth,4.819233
36,717.299683,a6927ea4c0223aa08b320e86987e4c89_shot_001_001,sync_d,mouth,7.909103
36,717.299683,a6927ea4c0223aa08b320e86987e4c89_shot_001_001,sync_c,mouth,5.80065
37,695.080139,a6927ea4c0223aa08b320e86987e4c89_shot_001_001,pixel_mse,mouth,0.03403652
37,695.080139,a6927ea4c0223aa08b320e86987e4c89_shot_001_001,pixel_mse,full,0.0265465
37,695.080139,a6927ea4c0223aa08b320e86987e4c89_shot_001_001,ssim,mouth,0.47750321
37,695.080139,a6927ea4c0223aa08b320e86987e4c89_shot_001_001,ssim,full,0.72844046
37,695.080139,a6927ea4c0223aa08b320e86987e4c89_shot_001_001,lpips,mouth,0.3654885
37,695.080139,a6927ea4c0223aa08b320e86987e4c89_shot_001_001,lpips,full,0.26809406
37,695.080139,a6927ea4c0223aa08b320e86987e4c89_shot_001_001,sharpness,mouth,21.8534
37,695.080139,a6927ea4c0223aa08b320e86987e4c89_shot_001_001,lmd,mouth,4.864966
37,695.080139,a6927ea4c0223aa08b320e86987e4c89_shot_001_001,sync_d,mouth,7.892785
37,695.080139,a6927ea4c0223aa08b320e86987e4c89_shot_001_001,sync_c,mouth,5.856813
38,670.548828,a6927ea4c0223aa08b320e86987e4c89_shot_001_001,pixel_mse,mouth,0.03409395
38,670.548828,a6927ea4c0223aa08b320e86987e4c89_shot_001_001,pixel_mse,full,0.0265485
38,670.548828,a6927ea4c0223aa08b320e86987e4c89_shot_001_001,ssim,mouth,0.47683698
38,670.548828,a6927ea4c0223aa08b320e86987e4c89_shot_001_001,ssim,full,0.72802937
38,670.548828,a6927ea4c0223aa08b320e86987e4c89_shot_001_001,lpips,mouth,0.36508042
38,670.548828,a6927ea4c0223aa08b320e86987e4c89_shot_001_001,lpips,full,0.26751554
38,670.548828,a6927ea4c0223aa08b320e86987e4c89_shot_001_001,sharpness,mouth,22.0088
38,670.548828,a6927ea4c0223aa08b320e86987e4c89_shot_001_001,lmd,mouth,4.889438
38,670.548828,a6927ea4c0223aa08b320e86987e4c89_shot_001_001,sync_d,mouth,7.948824
38,670.548828,a6927ea4c0223aa08b320e86987e4c89_shot_001_001,sync_c,mouth,5.869288
39,643.325317,a6927ea4c0223aa08b320e86987e4c89_shot_001_001,pixel_mse,mouth,0.03411955
39,643.325317,a6927ea4c0223aa08b320e86987e4c89_shot_001_001,pixel_mse,full,0.02654918
39,643.325317,a6927ea4c0223aa08b320e86987e4c89_shot_001_001,ssim,mouth,0.47642159
39,643.325317,a6927ea4c0223aa08b320e86987e4c89_shot_001_001,ssim,full,0.72777361
39,643.325317,a6927ea4c0223aa08b320e86987e4c89_shot_001_001,lpips,mouth,0.36450014
39,643.325317,a6927ea4c0223aa08b320e86987e4c89_shot_001_001,lpips,full,0.26660129
39,643.325317,a6927ea4c0223aa08b320e86987e4c89_shot_001_001,sharpness,mouth,22.0389
39,643.325317,a6927ea4c0223aa08b320e86987e4c89_shot_001_001,lmd,mouth,4.898185
39,643.325317,a6927ea4c0223aa08b320e86987e4c89_shot_001_001,sync_d,mouth,8.069475
39,643.325317,a6927ea4c0223aa08b320e86987e4c89_shot_001_001,sync_c,mouth,5.701461
40,612.940735,a6927ea4c0223aa08b320e86987e4c89_shot_001_001,pixel_mse,mouth,0.03411614
40,612.940735,a6927ea4c0223aa08b320e86987e4c89_shot_001_001,pixel_mse,full,0.0265506
40,612.940735,a6927ea4c0223aa08b320e86987e4c89_shot_001_001,ssim,mouth,0.47623616
40,612.940735,a6927ea4c0223aa08b320e86987e4c89_shot_001_001,ssim,full,0.72753978
40,612.940735,a6927ea4c0223aa08b320e86987e4c89_shot_001_001,lpips,mouth,0.36371896
40,612.940735,a6927ea4c0223aa08b320e86987e4c89_shot_001_001,lpips,full,0.26564392
40,612.940735,a6927ea4c0223aa08b320e86987e4c89_shot_001_001,sharpness,mouth,22.227
40,612.940735,a6927ea4c0223aa08b320e86987e4c89_shot_001_001,lmd,mouth,4.900844
40,612.940735,a6927ea4c0223aa08b320e86987e4c89_shot_001_001,sync_d,mouth,8.059238
40,612.940735,a6927ea4c0223aa08b320e86987e4c89_shot_001_001,sync_c,mouth,5.63202
41,578.810425,a6927ea4c0223aa08b320e86987e4c89_shot_001_001,pixel_mse,mouth,0.0341109
41,578.810425,a6927ea4c0223aa08b320e86987e4c89_shot_001_001,pixel_mse,full,0.02654849
41,578.810425,a6927ea4c0223aa08b320e86987e4c89_shot_001_001,ssim,mouth,0.47572222
41,578.810425,a6927ea4c0223aa08b320e86987e4c89_shot_001_001,ssim,full,0.72721088
41,578.810425,a6927ea4c0223aa08b320e86987e4c89_shot_001_001,lpips,mouth,0.36228797
41,578.810425,a6927ea4c0223aa08b320e86987e4c89_shot_001_001,lpips,full,0.26456401
41,578.810425,a6927ea4c0223aa08b320e86987e4c89_shot_001_001,sharpness,mouth,22.5246
41,578.810425,a6927ea4c0223aa08b320e86987e4c89_shot_001_001,lmd,mouth,4.958078
41,578.810425,a6927ea4c0223aa08b320e86987e4c89_shot_001_001,sync_d,mouth,8.103202
41,578.810425,a6927ea4c0223aa08b320e86987e4c89_shot_001_001,sync_c,mouth,5.637002
42,540.196350,a6927ea4c0223aa08b320e86987e4c89_shot_001_001,pixel_mse,mouth,0.03412911
42,540.196350,a6927ea4c0223aa08b320e86987e4c89_shot_001_001,pixel_mse,full,0.0265534
42,540.196350,a6927ea4c0223aa08b320e86987e4c89_shot_001_001,ssim,mouth,0.47530448
42,540.196350,a6927ea4c0223aa08b320e86987e4c89_shot_001_001,ssim,full,0.7268818
42,540.196350,a6927ea4c0223aa08b320e86987e4c89_shot_001_001,lpips,mouth,0.36119372
42,540.196350,a6927ea4c0223aa08b320e86987e4c89_shot_001_001,lpips,full,0.26367691
42,540.196350,a6927ea4c0223aa08b320e86987e4c89_shot_001_001,sharpness,mouth,22.496
42,540.196350,a6927ea4c0223aa08b320e86987e4c89_shot_001_001,lmd,mouth,4.966631
42,540.196350,a6927ea4c0223aa08b320e86987e4c89_shot_001_001,sync_d,mouth,8.119286
42,540.196350,a6927ea4c0223aa08b320e86987e4c89_shot_001_001,sync_c,mouth,5.508718
43,496.152893,a6927ea4c0223aa08b320e86987e4c89_shot_001_001,pixel_mse,mouth,0.03413762
43,496.152893,a6927ea4c0223aa08b320e86987e4c89_shot_001_001,pixel_mse,full,0.0265485
43,496.152893,a6927ea4c0223aa08b320e86987e4c89_shot_001_001,ssim,mouth,0.4746967
43,496.152893,a6927ea4c0223aa08b320e86987e4c89_shot_001_001,ssim,full,0.72656047
43,496.152893,a6927ea4c0223aa08b320e86987e4c89_shot_001_001,lpips,mouth,0.36043116
43,496.152893,a6927ea4c0223aa08b320e86987e4c89_shot_001_001,lpips,full,0.26262924
43,496.152893,a6927ea4c0223aa08b320e86987e4c89_shot_001_001,sharpness,mouth,22.5454
43,496.152893,a6927ea4c0223aa08b320e86987e4c89_shot_001_001,lmd,mouth,4.992885
43,496.152893,a6927ea4c0223aa08b320e86987e4c89_shot_001_001,sync_d,mouth,8.041705
43,496.152893,a6927ea4c0223aa08b320e86987e4c89_shot_001_001,sync_c,mouth,5.686324
44,445.448151,a6927ea4c0223aa08b320e86987e4c89_shot_001_001,pixel_mse,mouth,0.03414646
44,445.448151,a6927ea4c0223aa08b320e86987e4c89_shot_001_001,pixel_mse,full,0.02654696
44,445.448151,a6927ea4c0223aa08b320e86987e4c89_shot_001_001,ssim,mouth,0.47411272
44,445.448151,a6927ea4c0223aa08b320e86987e4c89_shot_001_001,ssim,full,0.72614527
44,445.448151,a6927ea4c0223aa08b320e86987e4c89_shot_001_001,lpips,mouth,0.35931626
44,445.448151,a6927ea4c0223aa08b320e86987e4c89_shot_001_001,lpips,full,0.26144186
44,445.448151,a6927ea4c0223aa08b320e86987e4c89_shot_001_001,sharpness,mouth,22.3534
44,445.448151,a6927ea4c0223aa08b320e86987e4c89_shot_001_001,lmd,mouth,5.001899
44,445.448151,a6927ea4c0223aa08b320e86987e4c89_shot_001_001,sync_d,mouth,8.042893
44,445.448151,a6927ea4c0223aa08b320e86987e4c89_shot_001_001,sync_c,mouth,5.609294
45,386.447418,a6927ea4c0223aa08b320e86987e4c89_shot_001_001,pixel_mse,mouth,0.03417098
45,386.447418,a6927ea4c0223aa08b320e86987e4c89_shot_001_001,pixel_mse,full,0.02653761
45,386.447418,a6927ea4c0223aa08b320e86987e4c89_shot_001_001,ssim,mouth,0.47300941
45,386.447418,a6927ea4c0223aa08b320e86987e4c89_shot_001_001,ssim,full,0.72573006
45,386.447418,a6927ea4c0223aa08b320e86987e4c89_shot_001_001,lpips,mouth,0.35869867
45,386.447418,a6927ea4c0223aa08b320e86987e4c89_shot_001_001,lpips,full,0.26045638
45,386.447418,a6927ea4c0223aa08b320e86987e4c89_shot_001_001,sharpness,mouth,22.372
45,386.447418,a6927ea4c0223aa08b320e86987e4c89_shot_001_001,lmd,mouth,5.009896
45,386.447418,a6927ea4c0223aa08b320e86987e4c89_shot_001_001,sync_d,mouth,8.150061
45,386.447418,a6927ea4c0223aa08b320e86987e4c89_shot_001_001,sync_c,mouth,5.479814
46,316.933258,a6927ea4c0223aa08b320e86987e4c89_shot_001_001,pixel_mse,mouth,0.03420591
46,316.933258,a6927ea4c0223aa08b320e86987e4c89_shot_001_001,pixel_mse,full,0.02653182
46,316.933258,a6927ea4c0223aa08b320e86987e4c89_shot_001_001,ssim,mouth,0.47218767
46,316.933258,a6927ea4c0223aa08b320e86987e4c89_shot_001_001,ssim,full,0.72528285
46,316.933258,a6927ea4c0223aa08b320e86987e4c89_shot_001_001,lpips,mouth,0.35781991
46,316.933258,a6927ea4c0223aa08b320e86987e4c89_shot_001_001,lpips,full,0.25932714
46,316.933258,a6927ea4c0223aa08b320e86987e4c89_shot_001_001,sharpness,mouth,22.3848
46,316.933258,a6927ea4c0223aa08b320e86987e4c89_shot_001_001,lmd,mouth,5.005475
46,316.933258,a6927ea4c0223aa08b320e86987e4c89_shot_001_001,sync_d,mouth,8.157917
46,316.933258,a6927ea4c0223aa08b320e86987e4c89_shot_001_001,sync_c,mouth,5.503269
47,233.820694,a6927ea4c0223aa08b320e86987e4c89_shot_001_001,pixel_mse,mouth,0.03422764
47,233.820694,a6927ea4c0223aa08b320e86987e4c89_shot_001_001,pixel_mse,full,0.02651793
47,233.820694,a6927ea4c0223aa08b320e86987e4c89_shot_001_001,ssim,mouth,0.47105992
47,233.820694,a6927ea4c0223aa08b320e86987e4c89_shot_001_001,ssim,full,0.72479939
47,233.820694,a6927ea4c0223aa08b320e86987e4c89_shot_001_001,lpips,mouth,0.35758072
47,233.820694,a6927ea4c0223aa08b320e86987e4c89_shot_001_001,lpips,full,0.25829145
47,233.820694,a6927ea4c0223aa08b320e86987e4c89_shot_001_001,sharpness,mouth,22.479
47,233.820694,a6927ea4c0223aa08b320e86987e4c89_shot_001_001,lmd,mouth,5.041514
47,233.820694,a6927ea4c0223aa08b320e86987e4c89_shot_001_001,sync_d,mouth,8.354717
47,233.820694,a6927ea4c0223aa08b320e86987e4c89_shot_001_001,sync_c,mouth,5.309337
48,132.687027,a6927ea4c0223aa08b320e86987e4c89_shot_001_001,pixel_mse,mouth,0.03423071
48,132.687027,a6927ea4c0223aa08b320e86987e4c89_shot_001_001,pixel_mse,full,0.02649941
48,132.687027,a6927ea4c0223aa08b320e86987e4c89_shot_001_001,ssim,mouth,0.46999043
48,132.687027,a6927ea4c0223aa08b320e86987e4c89_shot_001_001,ssim,full,0.72430372
48,132.687027,a6927ea4c0223aa08b320e86987e4c89_shot_001_001,lpips,mouth,0.35697329
48,132.687027,a6927ea4c0223aa08b320e86987e4c89_shot_001_001,lpips,full,0.25735208
48,132.687027,a6927ea4c0223aa08b320e86987e4c89_shot_001_001,sharpness,mouth,22.4917
48,132.687027,a6927ea4c0223aa08b320e86987e4c89_shot_001_001,lmd,mouth,5.076587
48,132.687027,a6927ea4c0223aa08b320e86987e4c89_shot_001_001,sync_d,mouth,8.340876
48,132.687027,a6927ea4c0223aa08b320e86987e4c89_shot_001_001,sync_c,mouth,5.239523
49,6.958251,a6927ea4c0223aa08b320e86987e4c89_shot_001_001,pixel_mse,mouth,0.03423721
49,6.958251,a6927ea4c0223aa08b320e86987e4c89_shot_001_001,pixel_mse,full,0.02649187
49,6.958251,a6927ea4c0223aa08b320e86987e4c89_shot_001_001,ssim,mouth,0.46961236
49,6.958251,a6927ea4c0223aa08b320e86987e4c89_shot_001_001,ssim,full,0.72429019
49,6.958251,a6927ea4c0223aa08b320e86987e4c89_shot_001_001,lpips,mouth,0.35649884
49,6.958251,a6927ea4c0223aa08b320e86987e4c89_shot_001_001,lpips,full,0.25704682
49,6.958251,a6927ea4c0223aa08b320e86987e4c89_shot_001_001,sharpness,mouth,22.2668
49,6.958251,a6927ea4c0223aa08b320e86987e4c89_shot_001_001,lmd,mouth,5.033491
49,6.958251,a6927ea4c0223aa08b320e86987e4c89_shot_001_001,sync_d,mouth,8.385873
49,6.958251,a6927ea4c0223aa08b320e86987e4c89_shot_001_001,sync_c,mouth,5.130577
-1,gt,283979598869ec6d8c5cdbe66eb5ecb8_shot_001_000,sharpness,mouth,16.4668
-1,gt,283979598869ec6d8c5cdbe66eb5ecb8_shot_001_000,sync_d,mouth,8.405603
-1,gt,283979598869ec6d8c5cdbe66eb5ecb8_shot_001_000,sync_c,mouth,4.753981
0,1000.000000,283979598869ec6d8c5cdbe66eb5ecb8_shot_001_000,pixel_mse,mouth,0.00301644
0,1000.000000,283979598869ec6d8c5cdbe66eb5ecb8_shot_001_000,pixel_mse,full,0.00316133
0,1000.000000,283979598869ec6d8c5cdbe66eb5ecb8_shot_001_000,ssim,mouth,0.69610763
0,1000.000000,283979598869ec6d8c5cdbe66eb5ecb8_shot_001_000,ssim,full,0.80372977
0,1000.000000,283979598869ec6d8c5cdbe66eb5ecb8_shot_001_000,lpips,mouth,0.40175176
0,1000.000000,283979598869ec6d8c5cdbe66eb5ecb8_shot_001_000,lpips,full,0.35466862
0,1000.000000,283979598869ec6d8c5cdbe66eb5ecb8_shot_001_000,sharpness,mouth,14.5262
0,1000.000000,283979598869ec6d8c5cdbe66eb5ecb8_shot_001_000,lmd,mouth,2.835914
1,997.035706,283979598869ec6d8c5cdbe66eb5ecb8_shot_001_000,pixel_mse,mouth,0.00310458
1,997.035706,283979598869ec6d8c5cdbe66eb5ecb8_shot_001_000,pixel_mse,full,0.00326596
1,997.035706,283979598869ec6d8c5cdbe66eb5ecb8_shot_001_000,ssim,mouth,0.69590408
1,997.035706,283979598869ec6d8c5cdbe66eb5ecb8_shot_001_000,ssim,full,0.79973209
1,997.035706,283979598869ec6d8c5cdbe66eb5ecb8_shot_001_000,lpips,mouth,0.40491119
1,997.035706,283979598869ec6d8c5cdbe66eb5ecb8_shot_001_000,lpips,full,0.35687801
1,997.035706,283979598869ec6d8c5cdbe66eb5ecb8_shot_001_000,sharpness,mouth,13.9273
1,997.035706,283979598869ec6d8c5cdbe66eb5ecb8_shot_001_000,lmd,mouth,2.61521
2,993.963867,283979598869ec6d8c5cdbe66eb5ecb8_shot_001_000,pixel_mse,mouth,0.00347952
2,993.963867,283979598869ec6d8c5cdbe66eb5ecb8_shot_001_000,pixel_mse,full,0.00360489
2,993.963867,283979598869ec6d8c5cdbe66eb5ecb8_shot_001_000,ssim,mouth,0.69124794
2,993.963867,283979598869ec6d8c5cdbe66eb5ecb8_shot_001_000,ssim,full,0.79104781
2,993.963867,283979598869ec6d8c5cdbe66eb5ecb8_shot_001_000,lpips,mouth,0.41329956
2,993.963867,283979598869ec6d8c5cdbe66eb5ecb8_shot_001_000,lpips,full,0.35555848
2,993.963867,283979598869ec6d8c5cdbe66eb5ecb8_shot_001_000,sharpness,mouth,13.7454
2,993.963867,283979598869ec6d8c5cdbe66eb5ecb8_shot_001_000,lmd,mouth,2.717804
3,990.779053,283979598869ec6d8c5cdbe66eb5ecb8_shot_001_000,pixel_mse,mouth,0.00390557
3,990.779053,283979598869ec6d8c5cdbe66eb5ecb8_shot_001_000,pixel_mse,full,0.00386982
3,990.779053,283979598869ec6d8c5cdbe66eb5ecb8_shot_001_000,ssim,mouth,0.6867646
3,990.779053,283979598869ec6d8c5cdbe66eb5ecb8_shot_001_000,ssim,full,0.78605092
3,990.779053,283979598869ec6d8c5cdbe66eb5ecb8_shot_001_000,lpips,mouth,0.41636696
3,990.779053,283979598869ec6d8c5cdbe66eb5ecb8_shot_001_000,lpips,full,0.34783188
3,990.779053,283979598869ec6d8c5cdbe66eb5ecb8_shot_001_000,sharpness,mouth,13.6324
3,990.779053,283979598869ec6d8c5cdbe66eb5ecb8_shot_001_000,lmd,mouth,2.753165
3,990.779053,283979598869ec6d8c5cdbe66eb5ecb8_shot_001_000,sync_d,mouth,10.525374
3,990.779053,283979598869ec6d8c5cdbe66eb5ecb8_shot_001_000,sync_c,mouth,0.530753
4,987.474243,283979598869ec6d8c5cdbe66eb5ecb8_shot_001_000,pixel_mse,mouth,0.00424453
4,987.474243,283979598869ec6d8c5cdbe66eb5ecb8_shot_001_000,pixel_mse,full,0.0039529
4,987.474243,283979598869ec6d8c5cdbe66eb5ecb8_shot_001_000,ssim,mouth,0.68483609
4,987.474243,283979598869ec6d8c5cdbe66eb5ecb8_shot_001_000,ssim,full,0.784091
4,987.474243,283979598869ec6d8c5cdbe66eb5ecb8_shot_001_000,lpips,mouth,0.41343439
4,987.474243,283979598869ec6d8c5cdbe66eb5ecb8_shot_001_000,lpips,full,0.34216437
4,987.474243,283979598869ec6d8c5cdbe66eb5ecb8_shot_001_000,sharpness,mouth,12.8931
4,987.474243,283979598869ec6d8c5cdbe66eb5ecb8_shot_001_000,lmd,mouth,2.889477
4,987.474243,283979598869ec6d8c5cdbe66eb5ecb8_shot_001_000,sync_d,mouth,10.655985
4,987.474243,283979598869ec6d8c5cdbe66eb5ecb8_shot_001_000,sync_c,mouth,0.488874
5,984.043091,283979598869ec6d8c5cdbe66eb5ecb8_shot_001_000,pixel_mse,mouth,0.00434557
5,984.043091,283979598869ec6d8c5cdbe66eb5ecb8_shot_001_000,pixel_mse,full,0.00409065
5,984.043091,283979598869ec6d8c5cdbe66eb5ecb8_shot_001_000,ssim,mouth,0.68454349
5,984.043091,283979598869ec6d8c5cdbe66eb5ecb8_shot_001_000,ssim,full,0.78037888
5,984.043091,283979598869ec6d8c5cdbe66eb5ecb8_shot_001_000,lpips,mouth,0.40857762
5,984.043091,283979598869ec6d8c5cdbe66eb5ecb8_shot_001_000,lpips,full,0.33623123
5,984.043091,283979598869ec6d8c5cdbe66eb5ecb8_shot_001_000,sharpness,mouth,12.9921
5,984.043091,283979598869ec6d8c5cdbe66eb5ecb8_shot_001_000,lmd,mouth,2.956829
5,984.043091,283979598869ec6d8c5cdbe66eb5ecb8_shot_001_000,sync_d,mouth,10.992547
5,984.043091,283979598869ec6d8c5cdbe66eb5ecb8_shot_001_000,sync_c,mouth,0.573137
6,980.477844,283979598869ec6d8c5cdbe66eb5ecb8_shot_001_000,pixel_mse,mouth,0.00458198
6,980.477844,283979598869ec6d8c5cdbe66eb5ecb8_shot_001_000,pixel_mse,full,0.00419483
6,980.477844,283979598869ec6d8c5cdbe66eb5ecb8_shot_001_000,ssim,mouth,0.68335211
6,980.477844,283979598869ec6d8c5cdbe66eb5ecb8_shot_001_000,ssim,full,0.77659941
6,980.477844,283979598869ec6d8c5cdbe66eb5ecb8_shot_001_000,lpips,mouth,0.40138561
6,980.477844,283979598869ec6d8c5cdbe66eb5ecb8_shot_001_000,lpips,full,0.3255232
6,980.477844,283979598869ec6d8c5cdbe66eb5ecb8_shot_001_000,sharpness,mouth,13.1446
6,980.477844,283979598869ec6d8c5cdbe66eb5ecb8_shot_001_000,lmd,mouth,2.654949
6,980.477844,283979598869ec6d8c5cdbe66eb5ecb8_shot_001_000,sync_d,mouth,11.040403
6,980.477844,283979598869ec6d8c5cdbe66eb5ecb8_shot_001_000,sync_c,mouth,0.60048
7,976.770691,283979598869ec6d8c5cdbe66eb5ecb8_shot_001_000,pixel_mse,mouth,0.00482567
7,976.770691,283979598869ec6d8c5cdbe66eb5ecb8_shot_001_000,pixel_mse,full,0.00431933
7,976.770691,283979598869ec6d8c5cdbe66eb5ecb8_shot_001_000,ssim,mouth,0.68097997
7,976.770691,283979598869ec6d8c5cdbe66eb5ecb8_shot_001_000,ssim,full,0.77232134
7,976.770691,283979598869ec6d8c5cdbe66eb5ecb8_shot_001_000,lpips,mouth,0.39410156
7,976.770691,283979598869ec6d8c5cdbe66eb5ecb8_shot_001_000,lpips,full,0.31618556
7,976.770691,283979598869ec6d8c5cdbe66eb5ecb8_shot_001_000,sharpness,mouth,13.4361
7,976.770691,283979598869ec6d8c5cdbe66eb5ecb8_shot_001_000,lmd,mouth,2.943231
7,976.770691,283979598869ec6d8c5cdbe66eb5ecb8_shot_001_000,sync_d,mouth,11.177922
7,976.770691,283979598869ec6d8c5cdbe66eb5ecb8_shot_001_000,sync_c,mouth,0.504243
8,972.912842,283979598869ec6d8c5cdbe66eb5ecb8_shot_001_000,pixel_mse,mouth,0.00551476
8,972.912842,283979598869ec6d8c5cdbe66eb5ecb8_shot_001_000,pixel_mse,full,0.00449204
8,972.912842,283979598869ec6d8c5cdbe66eb5ecb8_shot_001_000,ssim,mouth,0.67343032
8,972.912842,283979598869ec6d8c5cdbe66eb5ecb8_shot_001_000,ssim,full,0.76819909
8,972.912842,283979598869ec6d8c5cdbe66eb5ecb8_shot_001_000,lpips,mouth,0.38723928
8,972.912842,283979598869ec6d8c5cdbe66eb5ecb8_shot_001_000,lpips,full,0.30948251
8,972.912842,283979598869ec6d8c5cdbe66eb5ecb8_shot_001_000,sharpness,mouth,13.5832
8,972.912842,283979598869ec6d8c5cdbe66eb5ecb8_shot_001_000,lmd,mouth,2.971886
8,972.912842,283979598869ec6d8c5cdbe66eb5ecb8_shot_001_000,sync_d,mouth,11.157106
8,972.912842,283979598869ec6d8c5cdbe66eb5ecb8_shot_001_000,sync_c,mouth,0.536571
9,968.895081,283979598869ec6d8c5cdbe66eb5ecb8_shot_001_000,pixel_mse,mouth,0.00620995
9,968.895081,283979598869ec6d8c5cdbe66eb5ecb8_shot_001_000,pixel_mse,full,0.00460218
9,968.895081,283979598869ec6d8c5cdbe66eb5ecb8_shot_001_000,ssim,mouth,0.66649193
9,968.895081,283979598869ec6d8c5cdbe66eb5ecb8_shot_001_000,ssim,full,0.76599717
9,968.895081,283979598869ec6d8c5cdbe66eb5ecb8_shot_001_000,lpips,mouth,0.38078839
9,968.895081,283979598869ec6d8c5cdbe66eb5ecb8_shot_001_000,lpips,full,0.3002274
9,968.895081,283979598869ec6d8c5cdbe66eb5ecb8_shot_001_000,sharpness,mouth,13.5678
9,968.895081,283979598869ec6d8c5cdbe66eb5ecb8_shot_001_000,lmd,mouth,2.868466
9,968.895081,283979598869ec6d8c5cdbe66eb5ecb8_shot_001_000,sync_d,mouth,11.1345
9,968.895081,283979598869ec6d8c5cdbe66eb5ecb8_shot_001_000,sync_c,mouth,0.62223
10,964.707153,283979598869ec6d8c5cdbe66eb5ecb8_shot_001_000,pixel_mse,mouth,0.0065766
10,964.707153,283979598869ec6d8c5cdbe66eb5ecb8_shot_001_000,pixel_mse,full,0.0046846
10,964.707153,283979598869ec6d8c5cdbe66eb5ecb8_shot_001_000,ssim,mouth,0.66110355
10,964.707153,283979598869ec6d8c5cdbe66eb5ecb8_shot_001_000,ssim,full,0.76526189
10,964.707153,283979598869ec6d8c5cdbe66eb5ecb8_shot_001_000,lpips,mouth,0.37608153
10,964.707153,283979598869ec6d8c5cdbe66eb5ecb8_shot_001_000,lpips,full,0.28982595
10,964.707153,283979598869ec6d8c5cdbe66eb5ecb8_shot_001_000,sharpness,mouth,13.5678
10,964.707153,283979598869ec6d8c5cdbe66eb5ecb8_shot_001_000,lmd,mouth,3.741551
10,964.707153,283979598869ec6d8c5cdbe66eb5ecb8_shot_001_000,sync_d,mouth,10.831821
10,964.707153,283979598869ec6d8c5cdbe66eb5ecb8_shot_001_000,sync_c,mouth,0.817816
11,960.337952,283979598869ec6d8c5cdbe66eb5ecb8_shot_001_000,pixel_mse,mouth,0.00699246
11,960.337952,283979598869ec6d8c5cdbe66eb5ecb8_shot_001_000,pixel_mse,full,0.00475899
11,960.337952,283979598869ec6d8c5cdbe66eb5ecb8_shot_001_000,ssim,mouth,0.65503579
11,960.337952,283979598869ec6d8c5cdbe66eb5ecb8_shot_001_000,ssim,full,0.7636919
11,960.337952,283979598869ec6d8c5cdbe66eb5ecb8_shot_001_000,lpips,mouth,0.37093517
11,960.337952,283979598869ec6d8c5cdbe66eb5ecb8_shot_001_000,lpips,full,0.28316668
11,960.337952,283979598869ec6d8c5cdbe66eb5ecb8_shot_001_000,sharpness,mouth,14.0333
11,960.337952,283979598869ec6d8c5cdbe66eb5ecb8_shot_001_000,lmd,mouth,2.459994
11,960.337952,283979598869ec6d8c5cdbe66eb5ecb8_shot_001_000,sync_d,mouth,10.928042
11,960.337952,283979598869ec6d8c5cdbe66eb5ecb8_shot_001_000,sync_c,mouth,0.996759
12,955.775635,283979598869ec6d8c5cdbe66eb5ecb8_shot_001_000,pixel_mse,mouth,0.00723622
12,955.775635,283979598869ec6d8c5cdbe66eb5ecb8_shot_001_000,pixel_mse,full,0.00484317
12,955.775635,283979598869ec6d8c5cdbe66eb5ecb8_shot_001_000,ssim,mouth,0.65098357
12,955.775635,283979598869ec6d8c5cdbe66eb5ecb8_shot_001_000,ssim,full,0.7625224
12,955.775635,283979598869ec6d8c5cdbe66eb5ecb8_shot_001_000,lpips,mouth,0.36574802
12,955.775635,283979598869ec6d8c5cdbe66eb5ecb8_shot_001_000,lpips,full,0.27750292
12,955.775635,283979598869ec6d8c5cdbe66eb5ecb8_shot_001_000,sharpness,mouth,13.9594
12,955.775635,283979598869ec6d8c5cdbe66eb5ecb8_shot_001_000,lmd,mouth,2.492037
12,955.775635,283979598869ec6d8c5cdbe66eb5ecb8_shot_001_000,sync_d,mouth,10.594934
12,955.775635,283979598869ec6d8c5cdbe66eb5ecb8_shot_001_000,sync_c,mouth,1.308778
13,951.006897,283979598869ec6d8c5cdbe66eb5ecb8_shot_001_000,pixel_mse,mouth,0.00754362
13,951.006897,283979598869ec6d8c5cdbe66eb5ecb8_shot_001_000,pixel_mse,full,0.00494963
13,951.006897,283979598869ec6d8c5cdbe66eb5ecb8_shot_001_000,ssim,mouth,0.64716202
13,951.006897,283979598869ec6d8c5cdbe66eb5ecb8_shot_001_000,ssim,full,0.76071024
13,951.006897,283979598869ec6d8c5cdbe66eb5ecb8_shot_001_000,lpips,mouth,0.3592124
13,951.006897,283979598869ec6d8c5cdbe66eb5ecb8_shot_001_000,lpips,full,0.27308777
13,951.006897,283979598869ec6d8c5cdbe66eb5ecb8_shot_001_000,sharpness,mouth,14.294
13,951.006897,283979598869ec6d8c5cdbe66eb5ecb8_shot_001_000,lmd,mouth,3.658996
13,951.006897,283979598869ec6d8c5cdbe66eb5ecb8_shot_001_000,sync_d,mouth,10.096756
13,951.006897,283979598869ec6d8c5cdbe66eb5ecb8_shot_001_000,sync_c,mouth,1.919572
14,946.017517,283979598869ec6d8c5cdbe66eb5ecb8_shot_001_000,pixel_mse,mouth,0.00782967
14,946.017517,283979598869ec6d8c5cdbe66eb5ecb8_shot_001_000,pixel_mse,full,0.00505697
14,946.017517,283979598869ec6d8c5cdbe66eb5ecb8_shot_001_000,ssim,mouth,0.64304912
14,946.017517,283979598869ec6d8c5cdbe66eb5ecb8_shot_001_000,ssim,full,0.75895929
14,946.017517,283979598869ec6d8c5cdbe66eb5ecb8_shot_001_000,lpips,mouth,0.35645503
14,946.017517,283979598869ec6d8c5cdbe66eb5ecb8_shot_001_000,lpips,full,0.26876283
14,946.017517,283979598869ec6d8c5cdbe66eb5ecb8_shot_001_000,sharpness,mouth,14.0379
14,946.017517,283979598869ec6d8c5cdbe66eb5ecb8_shot_001_000,lmd,mouth,3.089002
14,946.017517,283979598869ec6d8c5cdbe66eb5ecb8_shot_001_000,sync_d,mouth,10.235941
14,946.017517,283979598869ec6d8c5cdbe66eb5ecb8_shot_001_000,sync_c,mouth,2.253619
15,940.791870,283979598869ec6d8c5cdbe66eb5ecb8_shot_001_000,pixel_mse,mouth,0.00808415
15,940.791870,283979598869ec6d8c5cdbe66eb5ecb8_shot_001_000,pixel_mse,full,0.00514404
15,940.791870,283979598869ec6d8c5cdbe66eb5ecb8_shot_001_000,ssim,mouth,0.63898355
15,940.791870,283979598869ec6d8c5cdbe66eb5ecb8_shot_001_000,ssim,full,0.75741923
15,940.791870,283979598869ec6d8c5cdbe66eb5ecb8_shot_001_000,lpips,mouth,0.35236487
15,940.791870,283979598869ec6d8c5cdbe66eb5ecb8_shot_001_000,lpips,full,0.26444665
15,940.791870,283979598869ec6d8c5cdbe66eb5ecb8_shot_001_000,sharpness,mouth,13.746
15,940.791870,283979598869ec6d8c5cdbe66eb5ecb8_shot_001_000,lmd,mouth,2.578051
15,940.791870,283979598869ec6d8c5cdbe66eb5ecb8_shot_001_000,sync_d,mouth,10.197052
15,940.791870,283979598869ec6d8c5cdbe66eb5ecb8_shot_001_000,sync_c,mouth,2.245655
16,935.312622,283979598869ec6d8c5cdbe66eb5ecb8_shot_001_000,pixel_mse,mouth,0.00848889
16,935.312622,283979598869ec6d8c5cdbe66eb5ecb8_shot_001_000,pixel_mse,full,0.0052197
16,935.312622,283979598869ec6d8c5cdbe66eb5ecb8_shot_001_000,ssim,mouth,0.63362771
16,935.312622,283979598869ec6d8c5cdbe66eb5ecb8_shot_001_000,ssim,full,0.75564408
16,935.312622,283979598869ec6d8c5cdbe66eb5ecb8_shot_001_000,lpips,mouth,0.34884357
16,935.312622,283979598869ec6d8c5cdbe66eb5ecb8_shot_001_000,lpips,full,0.26109523
16,935.312622,283979598869ec6d8c5cdbe66eb5ecb8_shot_001_000,sharpness,mouth,13.7504
16,935.312622,283979598869ec6d8c5cdbe66eb5ecb8_shot_001_000,lmd,mouth,3.319703
16,935.312622,283979598869ec6d8c5cdbe66eb5ecb8_shot_001_000,sync_d,mouth,10.400028
16,935.312622,283979598869ec6d8c5cdbe66eb5ecb8_shot_001_000,sync_c,mouth,2.182223
17,929.560913,283979598869ec6d8c5cdbe66eb5ecb8_shot_001_000,pixel_mse,mouth,0.008698
17,929.560913,283979598869ec6d8c5cdbe66eb5ecb8_shot_001_000,pixel_mse,full,0.00527759
17,929.560913,283979598869ec6d8c5cdbe66eb5ecb8_shot_001_000,ssim,mouth,0.62925458
17,929.560913,283979598869ec6d8c5cdbe66eb5ecb8_shot_001_000,ssim,full,0.75430995
17,929.560913,283979598869ec6d8c5cdbe66eb5ecb8_shot_001_000,lpips,mouth,0.34520298
17,929.560913,283979598869ec6d8c5cdbe66eb5ecb8_shot_001_000,lpips,full,0.25820923
17,929.560913,283979598869ec6d8c5cdbe66eb5ecb8_shot_001_000,sharpness,mouth,13.6666
17,929.560913,283979598869ec6d8c5cdbe66eb5ecb8_shot_001_000,lmd,mouth,3.506655
17,929.560913,283979598869ec6d8c5cdbe66eb5ecb8_shot_001_000,sync_d,mouth,10.017535
17,929.560913,283979598869ec6d8c5cdbe66eb5ecb8_shot_001_000,sync_c,mouth,2.93931
18,923.515991,283979598869ec6d8c5cdbe66eb5ecb8_shot_001_000,pixel_mse,mouth,0.00898479
18,923.515991,283979598869ec6d8c5cdbe66eb5ecb8_shot_001_000,pixel_mse,full,0.00534582
18,923.515991,283979598869ec6d8c5cdbe66eb5ecb8_shot_001_000,ssim,mouth,0.62380379
18,923.515991,283979598869ec6d8c5cdbe66eb5ecb8_shot_001_000,ssim,full,0.75271887
18,923.515991,283979598869ec6d8c5cdbe66eb5ecb8_shot_001_000,lpips,mouth,0.34163681
18,923.515991,283979598869ec6d8c5cdbe66eb5ecb8_shot_001_000,lpips,full,0.25507823
18,923.515991,283979598869ec6d8c5cdbe66eb5ecb8_shot_001_000,sharpness,mouth,13.8941
18,923.515991,283979598869ec6d8c5cdbe66eb5ecb8_shot_001_000,lmd,mouth,3.213457
18,923.515991,283979598869ec6d8c5cdbe66eb5ecb8_shot_001_000,sync_d,mouth,9.945661
18,923.515991,283979598869ec6d8c5cdbe66eb5ecb8_shot_001_000,sync_c,mouth,2.99299
19,917.154785,283979598869ec6d8c5cdbe66eb5ecb8_shot_001_000,pixel_mse,mouth,0.00924316
19,917.154785,283979598869ec6d8c5cdbe66eb5ecb8_shot_001_000,pixel_mse,full,0.00541124
19,917.154785,283979598869ec6d8c5cdbe66eb5ecb8_shot_001_000,ssim,mouth,0.61782455
19,917.154785,283979598869ec6d8c5cdbe66eb5ecb8_shot_001_000,ssim,full,0.75145012
19,917.154785,283979598869ec6d8c5cdbe66eb5ecb8_shot_001_000,lpips,mouth,0.33895263
19,917.154785,283979598869ec6d8c5cdbe66eb5ecb8_shot_001_000,lpips,full,0.25232029
19,917.154785,283979598869ec6d8c5cdbe66eb5ecb8_shot_001_000,sharpness,mouth,14.1545
19,917.154785,283979598869ec6d8c5cdbe66eb5ecb8_shot_001_000,lmd,mouth,3.348076
19,917.154785,283979598869ec6d8c5cdbe66eb5ecb8_shot_001_000,sync_d,mouth,10.18239
19,917.154785,283979598869ec6d8c5cdbe66eb5ecb8_shot_001_000,sync_c,mouth,2.704875
20,910.451721,283979598869ec6d8c5cdbe66eb5ecb8_shot_001_000,pixel_mse,mouth,0.00929686
20,910.451721,283979598869ec6d8c5cdbe66eb5ecb8_shot_001_000,pixel_mse,full,0.00546509
20,910.451721,283979598869ec6d8c5cdbe66eb5ecb8_shot_001_000,ssim,mouth,0.614833
20,910.451721,283979598869ec6d8c5cdbe66eb5ecb8_shot_001_000,ssim,full,0.7498765
20,910.451721,283979598869ec6d8c5cdbe66eb5ecb8_shot_001_000,lpips,mouth,0.33584878
20,910.451721,283979598869ec6d8c5cdbe66eb5ecb8_shot_001_000,lpips,full,0.24980658
20,910.451721,283979598869ec6d8c5cdbe66eb5ecb8_shot_001_000,sharpness,mouth,13.9473
20,910.451721,283979598869ec6d8c5cdbe66eb5ecb8_shot_001_000,lmd,mouth,2.216465
20,910.451721,283979598869ec6d8c5cdbe66eb5ecb8_shot_001_000,sync_d,mouth,9.808948
20,910.451721,283979598869ec6d8c5cdbe66eb5ecb8_shot_001_000,sync_c,mouth,3.018097
21,903.378723,283979598869ec6d8c5cdbe66eb5ecb8_shot_001_000,pixel_mse,mouth,0.00939499
21,903.378723,283979598869ec6d8c5cdbe66eb5ecb8_shot_001_000,pixel_mse,full,0.00551293
21,903.378723,283979598869ec6d8c5cdbe66eb5ecb8_shot_001_000,ssim,mouth,0.61132532
21,903.378723,283979598869ec6d8c5cdbe66eb5ecb8_shot_001_000,ssim,full,0.748586
21,903.378723,283979598869ec6d8c5cdbe66eb5ecb8_shot_001_000,lpips,mouth,0.33200479
21,903.378723,283979598869ec6d8c5cdbe66eb5ecb8_shot_001_000,lpips,full,0.24648653
21,903.378723,283979598869ec6d8c5cdbe66eb5ecb8_shot_001_000,sharpness,mouth,13.9215
21,903.378723,283979598869ec6d8c5cdbe66eb5ecb8_shot_001_000,lmd,mouth,3.462981
21,903.378723,283979598869ec6d8c5cdbe66eb5ecb8_shot_001_000,sync_d,mouth,9.803641
21,903.378723,283979598869ec6d8c5cdbe66eb5ecb8_shot_001_000,sync_c,mouth,2.981016
22,895.903931,283979598869ec6d8c5cdbe66eb5ecb8_shot_001_000,pixel_mse,mouth,0.0094551
22,895.903931,283979598869ec6d8c5cdbe66eb5ecb8_shot_001_000,pixel_mse,full,0.00553608
22,895.903931,283979598869ec6d8c5cdbe66eb5ecb8_shot_001_000,ssim,mouth,0.60947824
22,895.903931,283979598869ec6d8c5cdbe66eb5ecb8_shot_001_000,ssim,full,0.74761862
22,895.903931,283979598869ec6d8c5cdbe66eb5ecb8_shot_001_000,lpips,mouth,0.3279736
22,895.903931,283979598869ec6d8c5cdbe66eb5ecb8_shot_001_000,lpips,full,0.2431079
22,895.903931,283979598869ec6d8c5cdbe66eb5ecb8_shot_001_000,sharpness,mouth,14.0631
22,895.903931,283979598869ec6d8c5cdbe66eb5ecb8_shot_001_000,lmd,mouth,2.319276
22,895.903931,283979598869ec6d8c5cdbe66eb5ecb8_shot_001_000,sync_d,mouth,10.063332
22,895.903931,283979598869ec6d8c5cdbe66eb5ecb8_shot_001_000,sync_c,mouth,2.841474
23,887.992493,283979598869ec6d8c5cdbe66eb5ecb8_shot_001_000,pixel_mse,mouth,0.00939971
23,887.992493,283979598869ec6d8c5cdbe66eb5ecb8_shot_001_000,pixel_mse,full,0.00556293
23,887.992493,283979598869ec6d8c5cdbe66eb5ecb8_shot_001_000,ssim,mouth,0.60740983
23,887.992493,283979598869ec6d8c5cdbe66eb5ecb8_shot_001_000,ssim,full,0.74632847
23,887.992493,283979598869ec6d8c5cdbe66eb5ecb8_shot_001_000,lpips,mouth,0.32336017
23,887.992493,283979598869ec6d8c5cdbe66eb5ecb8_shot_001_000,lpips,full,0.24048287
23,887.992493,283979598869ec6d8c5cdbe66eb5ecb8_shot_001_000,sharpness,mouth,14.1368
23,887.992493,283979598869ec6d8c5cdbe66eb5ecb8_shot_001_000,lmd,mouth,2.704181
23,887.992493,283979598869ec6d8c5cdbe66eb5ecb8_shot_001_000,sync_d,mouth,9.804377
23,887.992493,283979598869ec6d8c5cdbe66eb5ecb8_shot_001_000,sync_c,mouth,2.921185
24,879.604736,283979598869ec6d8c5cdbe66eb5ecb8_shot_001_000,pixel_mse,mouth,0.00950723
24,879.604736,283979598869ec6d8c5cdbe66eb5ecb8_shot_001_000,pixel_mse,full,0.0055911
24,879.604736,283979598869ec6d8c5cdbe66eb5ecb8_shot_001_000,ssim,mouth,0.60567904
24,879.604736,283979598869ec6d8c5cdbe66eb5ecb8_shot_001_000,ssim,full,0.74530333
24,879.604736,283979598869ec6d8c5cdbe66eb5ecb8_shot_001_000,lpips,mouth,0.32152718
24,879.604736,283979598869ec6d8c5cdbe66eb5ecb8_shot_001_000,lpips,full,0.23905194
24,879.604736,283979598869ec6d8c5cdbe66eb5ecb8_shot_001_000,sharpness,mouth,14.0555
24,879.604736,283979598869ec6d8c5cdbe66eb5ecb8_shot_001_000,lmd,mouth,2.659671
24,879.604736,283979598869ec6d8c5cdbe66eb5ecb8_shot_001_000,sync_d,mouth,9.678414
24,879.604736,283979598869ec6d8c5cdbe66eb5ecb8_shot_001_000,sync_c,mouth,3.373773
25,870.696350,283979598869ec6d8c5cdbe66eb5ecb8_shot_001_000,pixel_mse,mouth,0.00959683
25,870.696350,283979598869ec6d8c5cdbe66eb5ecb8_shot_001_000,pixel_mse,full,0.00563046
25,870.696350,283979598869ec6d8c5cdbe66eb5ecb8_shot_001_000,ssim,mouth,0.60399824
25,870.696350,283979598869ec6d8c5cdbe66eb5ecb8_shot_001_000,ssim,full,0.74406266
25,870.696350,283979598869ec6d8c5cdbe66eb5ecb8_shot_001_000,lpips,mouth,0.31919536
25,870.696350,283979598869ec6d8c5cdbe66eb5ecb8_shot_001_000,lpips,full,0.23715954
25,870.696350,283979598869ec6d8c5cdbe66eb5ecb8_shot_001_000,sharpness,mouth,13.7721
25,870.696350,283979598869ec6d8c5cdbe66eb5ecb8_shot_001_000,lmd,mouth,3.684825
25,870.696350,283979598869ec6d8c5cdbe66eb5ecb8_shot_001_000,sync_d,mouth,10.044733
25,870.696350,283979598869ec6d8c5cdbe66eb5ecb8_shot_001_000,sync_c,mouth,3.107381
26,861.217407,283979598869ec6d8c5cdbe66eb5ecb8_shot_001_000,pixel_mse,mouth,0.00961429
26,861.217407,283979598869ec6d8c5cdbe66eb5ecb8_shot_001_000,pixel_mse,full,0.00565903
26,861.217407,283979598869ec6d8c5cdbe66eb5ecb8_shot_001_000,ssim,mouth,0.6018647
26,861.217407,283979598869ec6d8c5cdbe66eb5ecb8_shot_001_000,ssim,full,0.74317265
26,861.217407,283979598869ec6d8c5cdbe66eb5ecb8_shot_001_000,lpips,mouth,0.31698716
26,861.217407,283979598869ec6d8c5cdbe66eb5ecb8_shot_001_000,lpips,full,0.23517196
26,861.217407,283979598869ec6d8c5cdbe66eb5ecb8_shot_001_000,sharpness,mouth,13.785
26,861.217407,283979598869ec6d8c5cdbe66eb5ecb8_shot_001_000,lmd,mouth,3.47064
26,861.217407,283979598869ec6d8c5cdbe66eb5ecb8_shot_001_000,sync_d,mouth,10.154855
26,861.217407,283979598869ec6d8c5cdbe66eb5ecb8_shot_001_000,sync_c,mouth,3.193002
27,851.111145,283979598869ec6d8c5cdbe66eb5ecb8_shot_001_000,pixel_mse,mouth,0.00961914
27,851.111145,283979598869ec6d8c5cdbe66eb5ecb8_shot_001_000,pixel_mse,full,0.00566719
27,851.111145,283979598869ec6d8c5cdbe66eb5ecb8_shot_001_000,ssim,mouth,0.60077292
27,851.111145,283979598869ec6d8c5cdbe66eb5ecb8_shot_001_000,ssim,full,0.74270594
27,851.111145,283979598869ec6d8c5cdbe66eb5ecb8_shot_001_000,lpips,mouth,0.31611666
27,851.111145,283979598869ec6d8c5cdbe66eb5ecb8_shot_001_000,lpips,full,0.23364545
27,851.111145,283979598869ec6d8c5cdbe66eb5ecb8_shot_001_000,sharpness,mouth,13.9339
27,851.111145,283979598869ec6d8c5cdbe66eb5ecb8_shot_001_000,lmd,mouth,3.593377
27,851.111145,283979598869ec6d8c5cdbe66eb5ecb8_shot_001_000,sync_d,mouth,10.139828
27,851.111145,283979598869ec6d8c5cdbe66eb5ecb8_shot_001_000,sync_c,mouth,3.078588
28,840.313232,283979598869ec6d8c5cdbe66eb5ecb8_shot_001_000,pixel_mse,mouth,0.00964342
28,840.313232,283979598869ec6d8c5cdbe66eb5ecb8_shot_001_000,pixel_mse,full,0.00568483
28,840.313232,283979598869ec6d8c5cdbe66eb5ecb8_shot_001_000,ssim,mouth,0.60030466
28,840.313232,283979598869ec6d8c5cdbe66eb5ecb8_shot_001_000,ssim,full,0.74214172
28,840.313232,283979598869ec6d8c5cdbe66eb5ecb8_shot_001_000,lpips,mouth,0.31605658
28,840.313232,283979598869ec6d8c5cdbe66eb5ecb8_shot_001_000,lpips,full,0.2324377
28,840.313232,283979598869ec6d8c5cdbe66eb5ecb8_shot_001_000,sharpness,mouth,13.6484
28,840.313232,283979598869ec6d8c5cdbe66eb5ecb8_shot_001_000,lmd,mouth,3.468254
28,840.313232,283979598869ec6d8c5cdbe66eb5ecb8_shot_001_000,sync_d,mouth,10.323991
28,840.313232,283979598869ec6d8c5cdbe66eb5ecb8_shot_001_000,sync_c,mouth,3.109757
29,828.750244,283979598869ec6d8c5cdbe66eb5ecb8_shot_001_000,pixel_mse,mouth,0.00965778
29,828.750244,283979598869ec6d8c5cdbe66eb5ecb8_shot_001_000,pixel_mse,full,0.00570981
29,828.750244,283979598869ec6d8c5cdbe66eb5ecb8_shot_001_000,ssim,mouth,0.59913182
29,828.750244,283979598869ec6d8c5cdbe66eb5ecb8_shot_001_000,ssim,full,0.74144131
29,828.750244,283979598869ec6d8c5cdbe66eb5ecb8_shot_001_000,lpips,mouth,0.31499681
29,828.750244,283979598869ec6d8c5cdbe66eb5ecb8_shot_001_000,lpips,full,0.23143314
29,828.750244,283979598869ec6d8c5cdbe66eb5ecb8_shot_001_000,sharpness,mouth,13.348
29,828.750244,283979598869ec6d8c5cdbe66eb5ecb8_shot_001_000,lmd,mouth,3.551072
29,828.750244,283979598869ec6d8c5cdbe66eb5ecb8_shot_001_000,sync_d,mouth,10.169181
29,828.750244,283979598869ec6d8c5cdbe66eb5ecb8_shot_001_000,sync_c,mouth,3.13813
30,816.337830,283979598869ec6d8c5cdbe66eb5ecb8_shot_001_000,pixel_mse,mouth,0.00965901
30,816.337830,283979598869ec6d8c5cdbe66eb5ecb8_shot_001_000,pixel_mse,full,0.00571414
30,816.337830,283979598869ec6d8c5cdbe66eb5ecb8_shot_001_000,ssim,mouth,0.59862483
30,816.337830,283979598869ec6d8c5cdbe66eb5ecb8_shot_001_000,ssim,full,0.74113464
30,816.337830,283979598869ec6d8c5cdbe66eb5ecb8_shot_001_000,lpips,mouth,0.31471598
30,816.337830,283979598869ec6d8c5cdbe66eb5ecb8_shot_001_000,lpips,full,0.23005068
30,816.337830,283979598869ec6d8c5cdbe66eb5ecb8_shot_001_000,sharpness,mouth,13.1735
30,816.337830,283979598869ec6d8c5cdbe66eb5ecb8_shot_001_000,lmd,mouth,3.442268
30,816.337830,283979598869ec6d8c5cdbe66eb5ecb8_shot_001_000,sync_d,mouth,9.913862
30,816.337830,283979598869ec6d8c5cdbe66eb5ecb8_shot_001_000,sync_c,mouth,3.289399
31,802.978699,283979598869ec6d8c5cdbe66eb5ecb8_shot_001_000,pixel_mse,mouth,0.00959271
31,802.978699,283979598869ec6d8c5cdbe66eb5ecb8_shot_001_000,pixel_mse,full,0.0057317
31,802.978699,283979598869ec6d8c5cdbe66eb5ecb8_shot_001_000,ssim,mouth,0.5983302
31,802.978699,283979598869ec6d8c5cdbe66eb5ecb8_shot_001_000,ssim,full,0.74057442
31,802.978699,283979598869ec6d8c5cdbe66eb5ecb8_shot_001_000,lpips,mouth,0.31305847
31,802.978699,283979598869ec6d8c5cdbe66eb5ecb8_shot_001_000,lpips,full,0.22889036
31,802.978699,283979598869ec6d8c5cdbe66eb5ecb8_shot_001_000,sharpness,mouth,13.2686
31,802.978699,283979598869ec6d8c5cdbe66eb5ecb8_shot_001_000,lmd,mouth,3.607431
31,802.978699,283979598869ec6d8c5cdbe66eb5ecb8_shot_001_000,sync_d,mouth,9.576367
31,802.978699,283979598869ec6d8c5cdbe66eb5ecb8_shot_001_000,sync_c,mouth,3.5112
32,788.560242,283979598869ec6d8c5cdbe66eb5ecb8_shot_001_000,pixel_mse,mouth,0.00961409
32,788.560242,283979598869ec6d8c5cdbe66eb5ecb8_shot_001_000,pixel_mse,full,0.00574161
32,788.560242,283979598869ec6d8c5cdbe66eb5ecb8_shot_001_000,ssim,mouth,0.59744805
32,788.560242,283979598869ec6d8c5cdbe66eb5ecb8_shot_001_000,ssim,full,0.74018914
32,788.560242,283979598869ec6d8c5cdbe66eb5ecb8_shot_001_000,lpips,mouth,0.31409177
32,788.560242,283979598869ec6d8c5cdbe66eb5ecb8_shot_001_000,lpips,full,0.22796857
32,788.560242,283979598869ec6d8c5cdbe66eb5ecb8_shot_001_000,sharpness,mouth,13.3193
32,788.560242,283979598869ec6d8c5cdbe66eb5ecb8_shot_001_000,lmd,mouth,3.489517
32,788.560242,283979598869ec6d8c5cdbe66eb5ecb8_shot_001_000,sync_d,mouth,9.871902
32,788.560242,283979598869ec6d8c5cdbe66eb5ecb8_shot_001_000,sync_c,mouth,3.559902
33,772.951477,283979598869ec6d8c5cdbe66eb5ecb8_shot_001_000,pixel_mse,mouth,0.00957069
33,772.951477,283979598869ec6d8c5cdbe66eb5ecb8_shot_001_000,pixel_mse,full,0.00575706
33,772.951477,283979598869ec6d8c5cdbe66eb5ecb8_shot_001_000,ssim,mouth,0.59807229
33,772.951477,283979598869ec6d8c5cdbe66eb5ecb8_shot_001_000,ssim,full,0.73971868
33,772.951477,283979598869ec6d8c5cdbe66eb5ecb8_shot_001_000,lpips,mouth,0.31274197
33,772.951477,283979598869ec6d8c5cdbe66eb5ecb8_shot_001_000,lpips,full,0.22719587
33,772.951477,283979598869ec6d8c5cdbe66eb5ecb8_shot_001_000,sharpness,mouth,13.204
33,772.951477,283979598869ec6d8c5cdbe66eb5ecb8_shot_001_000,lmd,mouth,3.649203
33,772.951477,283979598869ec6d8c5cdbe66eb5ecb8_shot_001_000,sync_d,mouth,9.942697
33,772.951477,283979598869ec6d8c5cdbe66eb5ecb8_shot_001_000,sync_c,mouth,3.408116
34,755.998352,283979598869ec6d8c5cdbe66eb5ecb8_shot_001_000,pixel_mse,mouth,0.00958773
34,755.998352,283979598869ec6d8c5cdbe66eb5ecb8_shot_001_000,pixel_mse,full,0.00577102
34,755.998352,283979598869ec6d8c5cdbe66eb5ecb8_shot_001_000,ssim,mouth,0.59700876
34,755.998352,283979598869ec6d8c5cdbe66eb5ecb8_shot_001_000,ssim,full,0.7394793
34,755.998352,283979598869ec6d8c5cdbe66eb5ecb8_shot_001_000,lpips,mouth,0.31299058
34,755.998352,283979598869ec6d8c5cdbe66eb5ecb8_shot_001_000,lpips,full,0.22658649
34,755.998352,283979598869ec6d8c5cdbe66eb5ecb8_shot_001_000,sharpness,mouth,13.1267
34,755.998352,283979598869ec6d8c5cdbe66eb5ecb8_shot_001_000,lmd,mouth,3.741375
34,755.998352,283979598869ec6d8c5cdbe66eb5ecb8_shot_001_000,sync_d,mouth,9.850306
34,755.998352,283979598869ec6d8c5cdbe66eb5ecb8_shot_001_000,sync_c,mouth,3.584881
35,737.519714,283979598869ec6d8c5cdbe66eb5ecb8_shot_001_000,pixel_mse,mouth,0.00960167
35,737.519714,283979598869ec6d8c5cdbe66eb5ecb8_shot_001_000,pixel_mse,full,0.00578618
35,737.519714,283979598869ec6d8c5cdbe66eb5ecb8_shot_001_000,ssim,mouth,0.59672308
35,737.519714,283979598869ec6d8c5cdbe66eb5ecb8_shot_001_000,ssim,full,0.73911726
35,737.519714,283979598869ec6d8c5cdbe66eb5ecb8_shot_001_000,lpips,mouth,0.31349996
35,737.519714,283979598869ec6d8c5cdbe66eb5ecb8_shot_001_000,lpips,full,0.2264474
35,737.519714,283979598869ec6d8c5cdbe66eb5ecb8_shot_001_000,sharpness,mouth,13.2432
35,737.519714,283979598869ec6d8c5cdbe66eb5ecb8_shot_001_000,lmd,mouth,3.831639
35,737.519714,283979598869ec6d8c5cdbe66eb5ecb8_shot_001_000,sync_d,mouth,10.002317
35,737.519714,283979598869ec6d8c5cdbe66eb5ecb8_shot_001_000,sync_c,mouth,3.149208
36,717.299683,283979598869ec6d8c5cdbe66eb5ecb8_shot_001_000,pixel_mse,mouth,0.00952611
36,717.299683,283979598869ec6d8c5cdbe66eb5ecb8_shot_001_000,pixel_mse,full,0.00579487
36,717.299683,283979598869ec6d8c5cdbe66eb5ecb8_shot_001_000,ssim,mouth,0.59725809
36,717.299683,283979598869ec6d8c5cdbe66eb5ecb8_shot_001_000,ssim,full,0.73892307
36,717.299683,283979598869ec6d8c5cdbe66eb5ecb8_shot_001_000,lpips,mouth,0.31329316
36,717.299683,283979598869ec6d8c5cdbe66eb5ecb8_shot_001_000,lpips,full,0.22573221
36,717.299683,283979598869ec6d8c5cdbe66eb5ecb8_shot_001_000,sharpness,mouth,13.0228
36,717.299683,283979598869ec6d8c5cdbe66eb5ecb8_shot_001_000,lmd,mouth,3.724775
36,717.299683,283979598869ec6d8c5cdbe66eb5ecb8_shot_001_000,sync_d,mouth,10.002793
36,717.299683,283979598869ec6d8c5cdbe66eb5ecb8_shot_001_000,sync_c,mouth,3.456313
37,695.080139,283979598869ec6d8c5cdbe66eb5ecb8_shot_001_000,pixel_mse,mouth,0.00952205
37,695.080139,283979598869ec6d8c5cdbe66eb5ecb8_shot_001_000,pixel_mse,full,0.00580681
37,695.080139,283979598869ec6d8c5cdbe66eb5ecb8_shot_001_000,ssim,mouth,0.59699464
37,695.080139,283979598869ec6d8c5cdbe66eb5ecb8_shot_001_000,ssim,full,0.73864973
37,695.080139,283979598869ec6d8c5cdbe66eb5ecb8_shot_001_000,lpips,mouth,0.31418437
37,695.080139,283979598869ec6d8c5cdbe66eb5ecb8_shot_001_000,lpips,full,0.22532187
37,695.080139,283979598869ec6d8c5cdbe66eb5ecb8_shot_001_000,sharpness,mouth,12.9027
37,695.080139,283979598869ec6d8c5cdbe66eb5ecb8_shot_001_000,lmd,mouth,3.690522
37,695.080139,283979598869ec6d8c5cdbe66eb5ecb8_shot_001_000,sync_d,mouth,10.19592
37,695.080139,283979598869ec6d8c5cdbe66eb5ecb8_shot_001_000,sync_c,mouth,2.96936
38,670.548828,283979598869ec6d8c5cdbe66eb5ecb8_shot_001_000,pixel_mse,mouth,0.00945803
38,670.548828,283979598869ec6d8c5cdbe66eb5ecb8_shot_001_000,pixel_mse,full,0.00581568
38,670.548828,283979598869ec6d8c5cdbe66eb5ecb8_shot_001_000,ssim,mouth,0.59715664
38,670.548828,283979598869ec6d8c5cdbe66eb5ecb8_shot_001_000,ssim,full,0.73831034
38,670.548828,283979598869ec6d8c5cdbe66eb5ecb8_shot_001_000,lpips,mouth,0.31267646
38,670.548828,283979598869ec6d8c5cdbe66eb5ecb8_shot_001_000,lpips,full,0.22516286
38,670.548828,283979598869ec6d8c5cdbe66eb5ecb8_shot_001_000,sharpness,mouth,12.8993
38,670.548828,283979598869ec6d8c5cdbe66eb5ecb8_shot_001_000,lmd,mouth,3.827379
38,670.548828,283979598869ec6d8c5cdbe66eb5ecb8_shot_001_000,sync_d,mouth,10.095934
38,670.548828,283979598869ec6d8c5cdbe66eb5ecb8_shot_001_000,sync_c,mouth,3.340272
39,643.325317,283979598869ec6d8c5cdbe66eb5ecb8_shot_001_000,pixel_mse,mouth,0.00947075
39,643.325317,283979598869ec6d8c5cdbe66eb5ecb8_shot_001_000,pixel_mse,full,0.00582387
39,643.325317,283979598869ec6d8c5cdbe66eb5ecb8_shot_001_000,ssim,mouth,0.59748936
39,643.325317,283979598869ec6d8c5cdbe66eb5ecb8_shot_001_000,ssim,full,0.7380113
39,643.325317,283979598869ec6d8c5cdbe66eb5ecb8_shot_001_000,lpips,mouth,0.31296948
39,643.325317,283979598869ec6d8c5cdbe66eb5ecb8_shot_001_000,lpips,full,0.2247573
39,643.325317,283979598869ec6d8c5cdbe66eb5ecb8_shot_001_000,sharpness,mouth,12.8405
39,643.325317,283979598869ec6d8c5cdbe66eb5ecb8_shot_001_000,lmd,mouth,3.824907
39,643.325317,283979598869ec6d8c5cdbe66eb5ecb8_shot_001_000,sync_d,mouth,10.186038
39,643.325317,283979598869ec6d8c5cdbe66eb5ecb8_shot_001_000,sync_c,mouth,3.270191
40,612.940735,283979598869ec6d8c5cdbe66eb5ecb8_shot_001_000,pixel_mse,mouth,0.00942545
40,612.940735,283979598869ec6d8c5cdbe66eb5ecb8_shot_001_000,pixel_mse,full,0.00583392
40,612.940735,283979598869ec6d8c5cdbe66eb5ecb8_shot_001_000,ssim,mouth,0.59839231
40,612.940735,283979598869ec6d8c5cdbe66eb5ecb8_shot_001_000,ssim,full,0.73783511
40,612.940735,283979598869ec6d8c5cdbe66eb5ecb8_shot_001_000,lpips,mouth,0.3111515
40,612.940735,283979598869ec6d8c5cdbe66eb5ecb8_shot_001_000,lpips,full,0.22434677
40,612.940735,283979598869ec6d8c5cdbe66eb5ecb8_shot_001_000,sharpness,mouth,12.8544
40,612.940735,283979598869ec6d8c5cdbe66eb5ecb8_shot_001_000,lmd,mouth,3.739422
40,612.940735,283979598869ec6d8c5cdbe66eb5ecb8_shot_001_000,sync_d,mouth,10.071587
40,612.940735,283979598869ec6d8c5cdbe66eb5ecb8_shot_001_000,sync_c,mouth,3.52849
41,578.810425,283979598869ec6d8c5cdbe66eb5ecb8_shot_001_000,pixel_mse,mouth,0.00937648
41,578.810425,283979598869ec6d8c5cdbe66eb5ecb8_shot_001_000,pixel_mse,full,0.00584419
41,578.810425,283979598869ec6d8c5cdbe66eb5ecb8_shot_001_000,ssim,mouth,0.59898567
41,578.810425,283979598869ec6d8c5cdbe66eb5ecb8_shot_001_000,ssim,full,0.737625
41,578.810425,283979598869ec6d8c5cdbe66eb5ecb8_shot_001_000,lpips,mouth,0.31030887
41,578.810425,283979598869ec6d8c5cdbe66eb5ecb8_shot_001_000,lpips,full,0.22403686
41,578.810425,283979598869ec6d8c5cdbe66eb5ecb8_shot_001_000,sharpness,mouth,12.7821
41,578.810425,283979598869ec6d8c5cdbe66eb5ecb8_shot_001_000,lmd,mouth,3.785383
41,578.810425,283979598869ec6d8c5cdbe66eb5ecb8_shot_001_000,sync_d,mouth,10.253987
41,578.810425,283979598869ec6d8c5cdbe66eb5ecb8_shot_001_000,sync_c,mouth,3.423692
42,540.196350,283979598869ec6d8c5cdbe66eb5ecb8_shot_001_000,pixel_mse,mouth,0.009352
42,540.196350,283979598869ec6d8c5cdbe66eb5ecb8_shot_001_000,pixel_mse,full,0.00585072
42,540.196350,283979598869ec6d8c5cdbe66eb5ecb8_shot_001_000,ssim,mouth,0.59922153
42,540.196350,283979598869ec6d8c5cdbe66eb5ecb8_shot_001_000,ssim,full,0.73737383
42,540.196350,283979598869ec6d8c5cdbe66eb5ecb8_shot_001_000,lpips,mouth,0.30984753
42,540.196350,283979598869ec6d8c5cdbe66eb5ecb8_shot_001_000,lpips,full,0.22350028
42,540.196350,283979598869ec6d8c5cdbe66eb5ecb8_shot_001_000,sharpness,mouth,12.7958
42,540.196350,283979598869ec6d8c5cdbe66eb5ecb8_shot_001_000,lmd,mouth,3.795825
42,540.196350,283979598869ec6d8c5cdbe66eb5ecb8_shot_001_000,sync_d,mouth,10.01972
42,540.196350,283979598869ec6d8c5cdbe66eb5ecb8_shot_001_000,sync_c,mouth,3.415398
43,496.152893,283979598869ec6d8c5cdbe66eb5ecb8_shot_001_000,pixel_mse,mouth,0.00933439
43,496.152893,283979598869ec6d8c5cdbe66eb5ecb8_shot_001_000,pixel_mse,full,0.00585721
43,496.152893,283979598869ec6d8c5cdbe66eb5ecb8_shot_001_000,ssim,mouth,0.59942997
43,496.152893,283979598869ec6d8c5cdbe66eb5ecb8_shot_001_000,ssim,full,0.73703992
43,496.152893,283979598869ec6d8c5cdbe66eb5ecb8_shot_001_000,lpips,mouth,0.30896288
43,496.152893,283979598869ec6d8c5cdbe66eb5ecb8_shot_001_000,lpips,full,0.2228166
43,496.152893,283979598869ec6d8c5cdbe66eb5ecb8_shot_001_000,sharpness,mouth,12.7832
43,496.152893,283979598869ec6d8c5cdbe66eb5ecb8_shot_001_000,lmd,mouth,3.844347
43,496.152893,283979598869ec6d8c5cdbe66eb5ecb8_shot_001_000,sync_d,mouth,10.006456
43,496.152893,283979598869ec6d8c5cdbe66eb5ecb8_shot_001_000,sync_c,mouth,3.553304
44,445.448151,283979598869ec6d8c5cdbe66eb5ecb8_shot_001_000,pixel_mse,mouth,0.00931993
44,445.448151,283979598869ec6d8c5cdbe66eb5ecb8_shot_001_000,pixel_mse,full,0.00586043
44,445.448151,283979598869ec6d8c5cdbe66eb5ecb8_shot_001_000,ssim,mouth,0.59910446
44,445.448151,283979598869ec6d8c5cdbe66eb5ecb8_shot_001_000,ssim,full,0.73684925
44,445.448151,283979598869ec6d8c5cdbe66eb5ecb8_shot_001_000,lpips,mouth,0.30832478
44,445.448151,283979598869ec6d8c5cdbe66eb5ecb8_shot_001_000,lpips,full,0.22268446
44,445.448151,283979598869ec6d8c5cdbe66eb5ecb8_shot_001_000,sharpness,mouth,12.6204
44,445.448151,283979598869ec6d8c5cdbe66eb5ecb8_shot_001_000,lmd,mouth,3.759077
44,445.448151,283979598869ec6d8c5cdbe66eb5ecb8_shot_001_000,sync_d,mouth,10.26653
44,445.448151,283979598869ec6d8c5cdbe66eb5ecb8_shot_001_000,sync_c,mouth,3.179201
45,386.447418,283979598869ec6d8c5cdbe66eb5ecb8_shot_001_000,pixel_mse,mouth,0.009257
45,386.447418,283979598869ec6d8c5cdbe66eb5ecb8_shot_001_000,pixel_mse,full,0.0058617
45,386.447418,283979598869ec6d8c5cdbe66eb5ecb8_shot_001_000,ssim,mouth,0.59910256
45,386.447418,283979598869ec6d8c5cdbe66eb5ecb8_shot_001_000,ssim,full,0.73653662
45,386.447418,283979598869ec6d8c5cdbe66eb5ecb8_shot_001_000,lpips,mouth,0.30873013
45,386.447418,283979598869ec6d8c5cdbe66eb5ecb8_shot_001_000,lpips,full,0.22211477
45,386.447418,283979598869ec6d8c5cdbe66eb5ecb8_shot_001_000,sharpness,mouth,12.4562
45,386.447418,283979598869ec6d8c5cdbe66eb5ecb8_shot_001_000,lmd,mouth,3.83139
45,386.447418,283979598869ec6d8c5cdbe66eb5ecb8_shot_001_000,sync_d,mouth,10.116125
45,386.447418,283979598869ec6d8c5cdbe66eb5ecb8_shot_001_000,sync_c,mouth,3.508266
46,316.933258,283979598869ec6d8c5cdbe66eb5ecb8_shot_001_000,pixel_mse,mouth,0.00924971
46,316.933258,283979598869ec6d8c5cdbe66eb5ecb8_shot_001_000,pixel_mse,full,0.00586802
46,316.933258,283979598869ec6d8c5cdbe66eb5ecb8_shot_001_000,ssim,mouth,0.59815902
46,316.933258,283979598869ec6d8c5cdbe66eb5ecb8_shot_001_000,ssim,full,0.73621756
46,316.933258,283979598869ec6d8c5cdbe66eb5ecb8_shot_001_000,lpips,mouth,0.30697602
46,316.933258,283979598869ec6d8c5cdbe66eb5ecb8_shot_001_000,lpips,full,0.22112943
46,316.933258,283979598869ec6d8c5cdbe66eb5ecb8_shot_001_000,sharpness,mouth,12.4687
46,316.933258,283979598869ec6d8c5cdbe66eb5ecb8_shot_001_000,lmd,mouth,3.859928
46,316.933258,283979598869ec6d8c5cdbe66eb5ecb8_shot_001_000,sync_d,mouth,10.285001
46,316.933258,283979598869ec6d8c5cdbe66eb5ecb8_shot_001_000,sync_c,mouth,3.328531
47,233.820694,283979598869ec6d8c5cdbe66eb5ecb8_shot_001_000,pixel_mse,mouth,0.00922945
47,233.820694,283979598869ec6d8c5cdbe66eb5ecb8_shot_001_000,pixel_mse,full,0.00587022
47,233.820694,283979598869ec6d8c5cdbe66eb5ecb8_shot_001_000,ssim,mouth,0.59765136
47,233.820694,283979598869ec6d8c5cdbe66eb5ecb8_shot_001_000,ssim,full,0.73596942
47,233.820694,283979598869ec6d8c5cdbe66eb5ecb8_shot_001_000,lpips,mouth,0.30677688
47,233.820694,283979598869ec6d8c5cdbe66eb5ecb8_shot_001_000,lpips,full,0.22057059
47,233.820694,283979598869ec6d8c5cdbe66eb5ecb8_shot_001_000,sharpness,mouth,12.2672
47,233.820694,283979598869ec6d8c5cdbe66eb5ecb8_shot_001_000,lmd,mouth,3.844339
47,233.820694,283979598869ec6d8c5cdbe66eb5ecb8_shot_001_000,sync_d,mouth,10.417696
47,233.820694,283979598869ec6d8c5cdbe66eb5ecb8_shot_001_000,sync_c,mouth,3.446259
48,132.687027,283979598869ec6d8c5cdbe66eb5ecb8_shot_001_000,pixel_mse,mouth,0.00920507
48,132.687027,283979598869ec6d8c5cdbe66eb5ecb8_shot_001_000,pixel_mse,full,0.00587002
48,132.687027,283979598869ec6d8c5cdbe66eb5ecb8_shot_001_000,ssim,mouth,0.59698403
48,132.687027,283979598869ec6d8c5cdbe66eb5ecb8_shot_001_000,ssim,full,0.73617554
48,132.687027,283979598869ec6d8c5cdbe66eb5ecb8_shot_001_000,lpips,mouth,0.30662286
48,132.687027,283979598869ec6d8c5cdbe66eb5ecb8_shot_001_000,lpips,full,0.21986434
48,132.687027,283979598869ec6d8c5cdbe66eb5ecb8_shot_001_000,sharpness,mouth,11.9028
48,132.687027,283979598869ec6d8c5cdbe66eb5ecb8_shot_001_000,lmd,mouth,3.777249
48,132.687027,283979598869ec6d8c5cdbe66eb5ecb8_shot_001_000,sync_d,mouth,10.547515
48,132.687027,283979598869ec6d8c5cdbe66eb5ecb8_shot_001_000,sync_c,mouth,3.082105
49,6.958251,283979598869ec6d8c5cdbe66eb5ecb8_shot_001_000,pixel_mse,mouth,0.00919918
49,6.958251,283979598869ec6d8c5cdbe66eb5ecb8_shot_001_000,pixel_mse,full,0.00586738
49,6.958251,283979598869ec6d8c5cdbe66eb5ecb8_shot_001_000,ssim,mouth,0.59766221
49,6.958251,283979598869ec6d8c5cdbe66eb5ecb8_shot_001_000,ssim,full,0.73680127
49,6.958251,283979598869ec6d8c5cdbe66eb5ecb8_shot_001_000,lpips,mouth,0.30676323
49,6.958251,283979598869ec6d8c5cdbe66eb5ecb8_shot_001_000,lpips,full,0.2193321
49,6.958251,283979598869ec6d8c5cdbe66eb5ecb8_shot_001_000,sharpness,mouth,11.9707
49,6.958251,283979598869ec6d8c5cdbe66eb5ecb8_shot_001_000,lmd,mouth,3.742627
49,6.958251,283979598869ec6d8c5cdbe66eb5ecb8_shot_001_000,sync_d,mouth,10.531978
49,6.958251,283979598869ec6d8c5cdbe66eb5ecb8_shot_001_000,sync_c,mouth,3.287004
-1,gt,d39560e57ccf0d56a57604dda32c01f1_shot_001_000,sharpness,mouth,24.7787
-1,gt,d39560e57ccf0d56a57604dda32c01f1_shot_001_000,sync_d,mouth,8.545571
-1,gt,d39560e57ccf0d56a57604dda32c01f1_shot_001_000,sync_c,mouth,7.894006
0,1000.000000,d39560e57ccf0d56a57604dda32c01f1_shot_001_000,pixel_mse,mouth,0.00668598
0,1000.000000,d39560e57ccf0d56a57604dda32c01f1_shot_001_000,pixel_mse,full,0.00744807
0,1000.000000,d39560e57ccf0d56a57604dda32c01f1_shot_001_000,ssim,mouth,0.64353716
0,1000.000000,d39560e57ccf0d56a57604dda32c01f1_shot_001_000,ssim,full,0.69557506
0,1000.000000,d39560e57ccf0d56a57604dda32c01f1_shot_001_000,lpips,mouth,0.49902993
0,1000.000000,d39560e57ccf0d56a57604dda32c01f1_shot_001_000,lpips,full,0.51461995
0,1000.000000,d39560e57ccf0d56a57604dda32c01f1_shot_001_000,sharpness,mouth,19.1889
0,1000.000000,d39560e57ccf0d56a57604dda32c01f1_shot_001_000,lmd,mouth,3.331977
0,1000.000000,d39560e57ccf0d56a57604dda32c01f1_shot_001_000,sync_d,mouth,10.794893
0,1000.000000,d39560e57ccf0d56a57604dda32c01f1_shot_001_000,sync_c,mouth,2.392897
1,997.035706,d39560e57ccf0d56a57604dda32c01f1_shot_001_000,pixel_mse,mouth,0.00693485
1,997.035706,d39560e57ccf0d56a57604dda32c01f1_shot_001_000,pixel_mse,full,0.00864027
1,997.035706,d39560e57ccf0d56a57604dda32c01f1_shot_001_000,ssim,mouth,0.6418373
1,997.035706,d39560e57ccf0d56a57604dda32c01f1_shot_001_000,ssim,full,0.68477237
1,997.035706,d39560e57ccf0d56a57604dda32c01f1_shot_001_000,lpips,mouth,0.50386375
1,997.035706,d39560e57ccf0d56a57604dda32c01f1_shot_001_000,lpips,full,0.55512226
1,997.035706,d39560e57ccf0d56a57604dda32c01f1_shot_001_000,sharpness,mouth,19.1485
1,997.035706,d39560e57ccf0d56a57604dda32c01f1_shot_001_000,lmd,mouth,3.130697
1,997.035706,d39560e57ccf0d56a57604dda32c01f1_shot_001_000,sync_d,mouth,11.136401
1,997.035706,d39560e57ccf0d56a57604dda32c01f1_shot_001_000,sync_c,mouth,1.712626
2,993.963867,d39560e57ccf0d56a57604dda32c01f1_shot_001_000,pixel_mse,mouth,0.00718941
2,993.963867,d39560e57ccf0d56a57604dda32c01f1_shot_001_000,pixel_mse,full,0.01140952
2,993.963867,d39560e57ccf0d56a57604dda32c01f1_shot_001_000,ssim,mouth,0.63760448
2,993.963867,d39560e57ccf0d56a57604dda32c01f1_shot_001_000,ssim,full,0.66363984
2,993.963867,d39560e57ccf0d56a57604dda32c01f1_shot_001_000,lpips,mouth,0.51605225
2,993.963867,d39560e57ccf0d56a57604dda32c01f1_shot_001_000,lpips,full,0.6084429
2,993.963867,d39560e57ccf0d56a57604dda32c01f1_shot_001_000,sharpness,mouth,20.0703
2,993.963867,d39560e57ccf0d56a57604dda32c01f1_shot_001_000,lmd,mouth,2.354166
2,993.963867,d39560e57ccf0d56a57604dda32c01f1_shot_001_000,sync_d,mouth,10.788361
2,993.963867,d39560e57ccf0d56a57604dda32c01f1_shot_001_000,sync_c,mouth,1.291648
3,990.779053,d39560e57ccf0d56a57604dda32c01f1_shot_001_000,pixel_mse,mouth,0.0072917
3,990.779053,d39560e57ccf0d56a57604dda32c01f1_shot_001_000,pixel_mse,full,0.01346298
3,990.779053,d39560e57ccf0d56a57604dda32c01f1_shot_001_000,ssim,mouth,0.63698363
3,990.779053,d39560e57ccf0d56a57604dda32c01f1_shot_001_000,ssim,full,0.65407324
3,990.779053,d39560e57ccf0d56a57604dda32c01f1_shot_001_000,lpips,mouth,0.51859611
3,990.779053,d39560e57ccf0d56a57604dda32c01f1_shot_001_000,lpips,full,0.62206972
3,990.779053,d39560e57ccf0d56a57604dda32c01f1_shot_001_000,sharpness,mouth,19.8193
3,990.779053,d39560e57ccf0d56a57604dda32c01f1_shot_001_000,lmd,mouth,1.945831
3,990.779053,d39560e57ccf0d56a57604dda32c01f1_shot_001_000,sync_d,mouth,10.138694
3,990.779053,d39560e57ccf0d56a57604dda32c01f1_shot_001_000,sync_c,mouth,1.5241
4,987.474243,d39560e57ccf0d56a57604dda32c01f1_shot_001_000,pixel_mse,mouth,0.00730427
4,987.474243,d39560e57ccf0d56a57604dda32c01f1_shot_001_000,pixel_mse,full,0.0142099
4,987.474243,d39560e57ccf0d56a57604dda32c01f1_shot_001_000,ssim,mouth,0.6373862
4,987.474243,d39560e57ccf0d56a57604dda32c01f1_shot_001_000,ssim,full,0.64855802
4,987.474243,d39560e57ccf0d56a57604dda32c01f1_shot_001_000,lpips,mouth,0.51353371
4,987.474243,d39560e57ccf0d56a57604dda32c01f1_shot_001_000,lpips,full,0.61162782
4,987.474243,d39560e57ccf0d56a57604dda32c01f1_shot_001_000,sharpness,mouth,18.9478
4,987.474243,d39560e57ccf0d56a57604dda32c01f1_shot_001_000,lmd,mouth,1.931965
4,987.474243,d39560e57ccf0d56a57604dda32c01f1_shot_001_000,sync_d,mouth,10.899939
4,987.474243,d39560e57ccf0d56a57604dda32c01f1_shot_001_000,sync_c,mouth,1.181834
5,984.043091,d39560e57ccf0d56a57604dda32c01f1_shot_001_000,pixel_mse,mouth,0.00779788
5,984.043091,d39560e57ccf0d56a57604dda32c01f1_shot_001_000,pixel_mse,full,0.01484802
5,984.043091,d39560e57ccf0d56a57604dda32c01f1_shot_001_000,ssim,mouth,0.63528621
5,984.043091,d39560e57ccf0d56a57604dda32c01f1_shot_001_000,ssim,full,0.64470023
5,984.043091,d39560e57ccf0d56a57604dda32c01f1_shot_001_000,lpips,mouth,0.51895225
5,984.043091,d39560e57ccf0d56a57604dda32c01f1_shot_001_000,lpips,full,0.60209507
5,984.043091,d39560e57ccf0d56a57604dda32c01f1_shot_001_000,sharpness,mouth,19.9885
5,984.043091,d39560e57ccf0d56a57604dda32c01f1_shot_001_000,lmd,mouth,1.999151
6,980.477844,d39560e57ccf0d56a57604dda32c01f1_shot_001_000,pixel_mse,mouth,0.00825584
6,980.477844,d39560e57ccf0d56a57604dda32c01f1_shot_001_000,pixel_mse,full,0.01551576
6,980.477844,d39560e57ccf0d56a57604dda32c01f1_shot_001_000,ssim,mouth,0.63313621
6,980.477844,d39560e57ccf0d56a57604dda32c01f1_shot_001_000,ssim,full,0.64136606
6,980.477844,d39560e57ccf0d56a57604dda32c01f1_shot_001_000,lpips,mouth,0.52550668
6,980.477844,d39560e57ccf0d56a57604dda32c01f1_shot_001_000,lpips,full,0.59481597
6,980.477844,d39560e57ccf0d56a57604dda32c01f1_shot_001_000,sharpness,mouth,21.9182
6,980.477844,d39560e57ccf0d56a57604dda32c01f1_shot_001_000,lmd,mouth,1.889863
7,976.770691,d39560e57ccf0d56a57604dda32c01f1_shot_001_000,pixel_mse,mouth,0.0084903
7,976.770691,d39560e57ccf0d56a57604dda32c01f1_shot_001_000,pixel_mse,full,0.01614974
7,976.770691,d39560e57ccf0d56a57604dda32c01f1_shot_001_000,ssim,mouth,0.63273174
7,976.770691,d39560e57ccf0d56a57604dda32c01f1_shot_001_000,ssim,full,0.63897032
7,976.770691,d39560e57ccf0d56a57604dda32c01f1_shot_001_000,lpips,mouth,0.52485538
7,976.770691,d39560e57ccf0d56a57604dda32c01f1_shot_001_000,lpips,full,0.59354246
7,976.770691,d39560e57ccf0d56a57604dda32c01f1_shot_001_000,sharpness,mouth,22.7835
7,976.770691,d39560e57ccf0d56a57604dda32c01f1_shot_001_000,lmd,mouth,1.898491
8,972.912842,d39560e57ccf0d56a57604dda32c01f1_shot_001_000,pixel_mse,mouth,0.00946173
8,972.912842,d39560e57ccf0d56a57604dda32c01f1_shot_001_000,pixel_mse,full,0.01660578
8,972.912842,d39560e57ccf0d56a57604dda32c01f1_shot_001_000,ssim,mouth,0.63041902
8,972.912842,d39560e57ccf0d56a57604dda32c01f1_shot_001_000,ssim,full,0.6363585
8,972.912842,d39560e57ccf0d56a57604dda32c01f1_shot_001_000,lpips,mouth,0.52220315
8,972.912842,d39560e57ccf0d56a57604dda32c01f1_shot_001_000,lpips,full,0.58533627
8,972.912842,d39560e57ccf0d56a57604dda32c01f1_shot_001_000,sharpness,mouth,23.3606
8,972.912842,d39560e57ccf0d56a57604dda32c01f1_shot_001_000,lmd,mouth,1.950053
9,968.895081,d39560e57ccf0d56a57604dda32c01f1_shot_001_000,pixel_mse,mouth,0.01052055
9,968.895081,d39560e57ccf0d56a57604dda32c01f1_shot_001_000,pixel_mse,full,0.01689538
9,968.895081,d39560e57ccf0d56a57604dda32c01f1_shot_001_000,ssim,mouth,0.62624979
9,968.895081,d39560e57ccf0d56a57604dda32c01f1_shot_001_000,ssim,full,0.63481939
9,968.895081,d39560e57ccf0d56a57604dda32c01f1_shot_001_000,lpips,mouth,0.51666975
9,968.895081,d39560e57ccf0d56a57604dda32c01f1_shot_001_000,lpips,full,0.57784373
9,968.895081,d39560e57ccf0d56a57604dda32c01f1_shot_001_000,sharpness,mouth,23.8892
9,968.895081,d39560e57ccf0d56a57604dda32c01f1_shot_001_000,lmd,mouth,2.225998
9,968.895081,d39560e57ccf0d56a57604dda32c01f1_shot_001_000,sync_d,mouth,10.516411
9,968.895081,d39560e57ccf0d56a57604dda32c01f1_shot_001_000,sync_c,mouth,1.351882
10,964.707153,d39560e57ccf0d56a57604dda32c01f1_shot_001_000,pixel_mse,mouth,0.01216666
10,964.707153,d39560e57ccf0d56a57604dda32c01f1_shot_001_000,pixel_mse,full,0.01734889
10,964.707153,d39560e57ccf0d56a57604dda32c01f1_shot_001_000,ssim,mouth,0.61971873
10,964.707153,d39560e57ccf0d56a57604dda32c01f1_shot_001_000,ssim,full,0.63245696
10,964.707153,d39560e57ccf0d56a57604dda32c01f1_shot_001_000,lpips,mouth,0.49408472
10,964.707153,d39560e57ccf0d56a57604dda32c01f1_shot_001_000,lpips,full,0.5653407
10,964.707153,d39560e57ccf0d56a57604dda32c01f1_shot_001_000,sharpness,mouth,23.6554
10,964.707153,d39560e57ccf0d56a57604dda32c01f1_shot_001_000,lmd,mouth,7.169856
10,964.707153,d39560e57ccf0d56a57604dda32c01f1_shot_001_000,sync_d,mouth,10.970554
10,964.707153,d39560e57ccf0d56a57604dda32c01f1_shot_001_000,sync_c,mouth,1.581638
11,960.337952,d39560e57ccf0d56a57604dda32c01f1_shot_001_000,pixel_mse,mouth,0.01354955
11,960.337952,d39560e57ccf0d56a57604dda32c01f1_shot_001_000,pixel_mse,full,0.01791921
11,960.337952,d39560e57ccf0d56a57604dda32c01f1_shot_001_000,ssim,mouth,0.61203194
11,960.337952,d39560e57ccf0d56a57604dda32c01f1_shot_001_000,ssim,full,0.63058549
11,960.337952,d39560e57ccf0d56a57604dda32c01f1_shot_001_000,lpips,mouth,0.46859002
11,960.337952,d39560e57ccf0d56a57604dda32c01f1_shot_001_000,lpips,full,0.55089992
11,960.337952,d39560e57ccf0d56a57604dda32c01f1_shot_001_000,sharpness,mouth,22.5581
11,960.337952,d39560e57ccf0d56a57604dda32c01f1_shot_001_000,lmd,mouth,6.357234
11,960.337952,d39560e57ccf0d56a57604dda32c01f1_shot_001_000,sync_d,mouth,9.709723
11,960.337952,d39560e57ccf0d56a57604dda32c01f1_shot_001_000,sync_c,mouth,3.580497
12,955.775635,d39560e57ccf0d56a57604dda32c01f1_shot_001_000,pixel_mse,mouth,0.01373329
12,955.775635,d39560e57ccf0d56a57604dda32c01f1_shot_001_000,pixel_mse,full,0.01826124
12,955.775635,d39560e57ccf0d56a57604dda32c01f1_shot_001_000,ssim,mouth,0.60890561
12,955.775635,d39560e57ccf0d56a57604dda32c01f1_shot_001_000,ssim,full,0.62932736
12,955.775635,d39560e57ccf0d56a57604dda32c01f1_shot_001_000,lpips,mouth,0.45840168
12,955.775635,d39560e57ccf0d56a57604dda32c01f1_shot_001_000,lpips,full,0.53615767
12,955.775635,d39560e57ccf0d56a57604dda32c01f1_shot_001_000,sharpness,mouth,22.0141
12,955.775635,d39560e57ccf0d56a57604dda32c01f1_shot_001_000,lmd,mouth,5.952585
12,955.775635,d39560e57ccf0d56a57604dda32c01f1_shot_001_000,sync_d,mouth,9.47933
12,955.775635,d39560e57ccf0d56a57604dda32c01f1_shot_001_000,sync_c,mouth,4.415356
13,951.006897,d39560e57ccf0d56a57604dda32c01f1_shot_001_000,pixel_mse,mouth,0.01439677
13,951.006897,d39560e57ccf0d56a57604dda32c01f1_shot_001_000,pixel_mse,full,0.01871903
13,951.006897,d39560e57ccf0d56a57604dda32c01f1_shot_001_000,ssim,mouth,0.60553014
13,951.006897,d39560e57ccf0d56a57604dda32c01f1_shot_001_000,ssim,full,0.62649268
13,951.006897,d39560e57ccf0d56a57604dda32c01f1_shot_001_000,lpips,mouth,0.45158541
13,951.006897,d39560e57ccf0d56a57604dda32c01f1_shot_001_000,lpips,full,0.52714133
13,951.006897,d39560e57ccf0d56a57604dda32c01f1_shot_001_000,sharpness,mouth,22.2556
13,951.006897,d39560e57ccf0d56a57604dda32c01f1_shot_001_000,lmd,mouth,5.908025
13,951.006897,d39560e57ccf0d56a57604dda32c01f1_shot_001_000,sync_d,mouth,9.347204
13,951.006897,d39560e57ccf0d56a57604dda32c01f1_shot_001_000,sync_c,mouth,4.59526
14,946.017517,d39560e57ccf0d56a57604dda32c01f1_shot_001_000,pixel_mse,mouth,0.01451214
14,946.017517,d39560e57ccf0d56a57604dda32c01f1_shot_001_000,pixel_mse,full,0.01884411
14,946.017517,d39560e57ccf0d56a57604dda32c01f1_shot_001_000,ssim,mouth,0.60384446
14,946.017517,d39560e57ccf0d56a57604dda32c01f1_shot_001_000,ssim,full,0.62500143
14,946.017517,d39560e57ccf0d56a57604dda32c01f1_shot_001_000,lpips,mouth,0.44849876
14,946.017517,d39560e57ccf0d56a57604dda32c01f1_shot_001_000,lpips,full,0.51854628
14,946.017517,d39560e57ccf0d56a57604dda32c01f1_shot_001_000,sharpness,mouth,21.3993
14,946.017517,d39560e57ccf0d56a57604dda32c01f1_shot_001_000,lmd,mouth,5.717312
14,946.017517,d39560e57ccf0d56a57604dda32c01f1_shot_001_000,sync_d,mouth,9.328897
14,946.017517,d39560e57ccf0d56a57604dda32c01f1_shot_001_000,sync_c,mouth,4.762527
15,940.791870,d39560e57ccf0d56a57604dda32c01f1_shot_001_000,pixel_mse,mouth,0.01457998
15,940.791870,d39560e57ccf0d56a57604dda32c01f1_shot_001_000,pixel_mse,full,0.01909981
15,940.791870,d39560e57ccf0d56a57604dda32c01f1_shot_001_000,ssim,mouth,0.60086465
15,940.791870,d39560e57ccf0d56a57604dda32c01f1_shot_001_000,ssim,full,0.6238032
15,940.791870,d39560e57ccf0d56a57604dda32c01f1_shot_001_000,lpips,mouth,0.44221237
15,940.791870,d39560e57ccf0d56a57604dda32c01f1_shot_001_000,lpips,full,0.5069204
15,940.791870,d39560e57ccf0d56a57604dda32c01f1_shot_001_000,sharpness,mouth,21.3678
15,940.791870,d39560e57ccf0d56a57604dda32c01f1_shot_001_000,lmd,mouth,5.703438
15,940.791870,d39560e57ccf0d56a57604dda32c01f1_shot_001_000,sync_d,mouth,8.935399
15,940.791870,d39560e57ccf0d56a57604dda32c01f1_shot_001_000,sync_c,mouth,5.1241
16,935.312622,d39560e57ccf0d56a57604dda32c01f1_shot_001_000,pixel_mse,mouth,0.01496951
16,935.312622,d39560e57ccf0d56a57604dda32c01f1_shot_001_000,pixel_mse,full,0.01938866
16,935.312622,d39560e57ccf0d56a57604dda32c01f1_shot_001_000,ssim,mouth,0.59705567
16,935.312622,d39560e57ccf0d56a57604dda32c01f1_shot_001_000,ssim,full,0.62158018
16,935.312622,d39560e57ccf0d56a57604dda32c01f1_shot_001_000,lpips,mouth,0.43395987
16,935.312622,d39560e57ccf0d56a57604dda32c01f1_shot_001_000,lpips,full,0.49333572
16,935.312622,d39560e57ccf0d56a57604dda32c01f1_shot_001_000,sharpness,mouth,21.7101
16,935.312622,d39560e57ccf0d56a57604dda32c01f1_shot_001_000,lmd,mouth,5.537533
16,935.312622,d39560e57ccf0d56a57604dda32c01f1_shot_001_000,sync_d,mouth,8.659967
16,935.312622,d39560e57ccf0d56a57604dda32c01f1_shot_001_000,sync_c,mouth,5.567935
17,929.560913,d39560e57ccf0d56a57604dda32c01f1_shot_001_000,pixel_mse,mouth,0.01490401
17,929.560913,d39560e57ccf0d56a57604dda32c01f1_shot_001_000,pixel_mse,full,0.01954654
17,929.560913,d39560e57ccf0d56a57604dda32c01f1_shot_001_000,ssim,mouth,0.59393364
17,929.560913,d39560e57ccf0d56a57604dda32c01f1_shot_001_000,ssim,full,0.6187889
17,929.560913,d39560e57ccf0d56a57604dda32c01f1_shot_001_000,lpips,mouth,0.42804906
17,929.560913,d39560e57ccf0d56a57604dda32c01f1_shot_001_000,lpips,full,0.48054218
17,929.560913,d39560e57ccf0d56a57604dda32c01f1_shot_001_000,sharpness,mouth,21.9043
17,929.560913,d39560e57ccf0d56a57604dda32c01f1_shot_001_000,lmd,mouth,5.421027
17,929.560913,d39560e57ccf0d56a57604dda32c01f1_shot_001_000,sync_d,mouth,8.32719
17,929.560913,d39560e57ccf0d56a57604dda32c01f1_shot_001_000,sync_c,mouth,6.406981
18,923.515991,d39560e57ccf0d56a57604dda32c01f1_shot_001_000,pixel_mse,mouth,0.01551636
18,923.515991,d39560e57ccf0d56a57604dda32c01f1_shot_001_000,pixel_mse,full,0.01972002
18,923.515991,d39560e57ccf0d56a57604dda32c01f1_shot_001_000,ssim,mouth,0.58890408
18,923.515991,d39560e57ccf0d56a57604dda32c01f1_shot_001_000,ssim,full,0.61765814
18,923.515991,d39560e57ccf0d56a57604dda32c01f1_shot_001_000,lpips,mouth,0.41937611
18,923.515991,d39560e57ccf0d56a57604dda32c01f1_shot_001_000,lpips,full,0.47087917
18,923.515991,d39560e57ccf0d56a57604dda32c01f1_shot_001_000,sharpness,mouth,22.2814
18,923.515991,d39560e57ccf0d56a57604dda32c01f1_shot_001_000,lmd,mouth,5.440162
18,923.515991,d39560e57ccf0d56a57604dda32c01f1_shot_001_000,sync_d,mouth,8.239282
18,923.515991,d39560e57ccf0d56a57604dda32c01f1_shot_001_000,sync_c,mouth,6.68895
19,917.154785,d39560e57ccf0d56a57604dda32c01f1_shot_001_000,pixel_mse,mouth,0.01567357
19,917.154785,d39560e57ccf0d56a57604dda32c01f1_shot_001_000,pixel_mse,full,0.01988936
19,917.154785,d39560e57ccf0d56a57604dda32c01f1_shot_001_000,ssim,mouth,0.58594888
19,917.154785,d39560e57ccf0d56a57604dda32c01f1_shot_001_000,ssim,full,0.61616558
19,917.154785,d39560e57ccf0d56a57604dda32c01f1_shot_001_000,lpips,mouth,0.41059971
19,917.154785,d39560e57ccf0d56a57604dda32c01f1_shot_001_000,lpips,full,0.46064833
19,917.154785,d39560e57ccf0d56a57604dda32c01f1_shot_001_000,sharpness,mouth,21.7657
19,917.154785,d39560e57ccf0d56a57604dda32c01f1_shot_001_000,lmd,mouth,5.388642
19,917.154785,d39560e57ccf0d56a57604dda32c01f1_shot_001_000,sync_d,mouth,8.009686
19,917.154785,d39560e57ccf0d56a57604dda32c01f1_shot_001_000,sync_c,mouth,7.002286
20,910.451721,d39560e57ccf0d56a57604dda32c01f1_shot_001_000,pixel_mse,mouth,0.01587196
20,910.451721,d39560e57ccf0d56a57604dda32c01f1_shot_001_000,pixel_mse,full,0.02005664
20,910.451721,d39560e57ccf0d56a57604dda32c01f1_shot_001_000,ssim,mouth,0.58413911
20,910.451721,d39560e57ccf0d56a57604dda32c01f1_shot_001_000,ssim,full,0.61385852
20,910.451721,d39560e57ccf0d56a57604dda32c01f1_shot_001_000,lpips,mouth,0.40406013
20,910.451721,d39560e57ccf0d56a57604dda32c01f1_shot_001_000,lpips,full,0.4519158
20,910.451721,d39560e57ccf0d56a57604dda32c01f1_shot_001_000,sharpness,mouth,21.5814
20,910.451721,d39560e57ccf0d56a57604dda32c01f1_shot_001_000,lmd,mouth,5.296567
20,910.451721,d39560e57ccf0d56a57604dda32c01f1_shot_001_000,sync_d,mouth,8.186222
20,910.451721,d39560e57ccf0d56a57604dda32c01f1_shot_001_000,sync_c,mouth,6.894876
21,903.378723,d39560e57ccf0d56a57604dda32c01f1_shot_001_000,pixel_mse,mouth,0.01614871
21,903.378723,d39560e57ccf0d56a57604dda32c01f1_shot_001_000,pixel_mse,full,0.02026633
21,903.378723,d39560e57ccf0d56a57604dda32c01f1_shot_001_000,ssim,mouth,0.58264399
21,903.378723,d39560e57ccf0d56a57604dda32c01f1_shot_001_000,ssim,full,0.61180222
21,903.378723,d39560e57ccf0d56a57604dda32c01f1_shot_001_000,lpips,mouth,0.40085173
21,903.378723,d39560e57ccf0d56a57604dda32c01f1_shot_001_000,lpips,full,0.44420841
21,903.378723,d39560e57ccf0d56a57604dda32c01f1_shot_001_000,sharpness,mouth,22.3554
21,903.378723,d39560e57ccf0d56a57604dda32c01f1_shot_001_000,lmd,mouth,5.289432
21,903.378723,d39560e57ccf0d56a57604dda32c01f1_shot_001_000,sync_d,mouth,8.108068
21,903.378723,d39560e57ccf0d56a57604dda32c01f1_shot_001_000,sync_c,mouth,7.181378
22,895.903931,d39560e57ccf0d56a57604dda32c01f1_shot_001_000,pixel_mse,mouth,0.01697824
22,895.903931,d39560e57ccf0d56a57604dda32c01f1_shot_001_000,pixel_mse,full,0.02045047
22,895.903931,d39560e57ccf0d56a57604dda32c01f1_shot_001_000,ssim,mouth,0.56910717
22,895.903931,d39560e57ccf0d56a57604dda32c01f1_shot_001_000,ssim,full,0.60964555
22,895.903931,d39560e57ccf0d56a57604dda32c01f1_shot_001_000,lpips,mouth,0.37659302
22,895.903931,d39560e57ccf0d56a57604dda32c01f1_shot_001_000,lpips,full,0.43383789
22,895.903931,d39560e57ccf0d56a57604dda32c01f1_shot_001_000,sharpness,mouth,23.867
22,895.903931,d39560e57ccf0d56a57604dda32c01f1_shot_001_000,lmd,mouth,5.157451
22,895.903931,d39560e57ccf0d56a57604dda32c01f1_shot_001_000,sync_d,mouth,7.434402
22,895.903931,d39560e57ccf0d56a57604dda32c01f1_shot_001_000,sync_c,mouth,7.735896
23,887.992493,d39560e57ccf0d56a57604dda32c01f1_shot_001_000,pixel_mse,mouth,0.01729934
23,887.992493,d39560e57ccf0d56a57604dda32c01f1_shot_001_000,pixel_mse,full,0.02062034
23,887.992493,d39560e57ccf0d56a57604dda32c01f1_shot_001_000,ssim,mouth,0.56195951
23,887.992493,d39560e57ccf0d56a57604dda32c01f1_shot_001_000,ssim,full,0.60796613
23,887.992493,d39560e57ccf0d56a57604dda32c01f1_shot_001_000,lpips,mouth,0.35916269
23,887.992493,d39560e57ccf0d56a57604dda32c01f1_shot_001_000,lpips,full,0.42474681
23,887.992493,d39560e57ccf0d56a57604dda32c01f1_shot_001_000,sharpness,mouth,23.7652
23,887.992493,d39560e57ccf0d56a57604dda32c01f1_shot_001_000,lmd,mouth,5.095437
23,887.992493,d39560e57ccf0d56a57604dda32c01f1_shot_001_000,sync_d,mouth,7.826655
23,887.992493,d39560e57ccf0d56a57604dda32c01f1_shot_001_000,sync_c,mouth,7.599068
24,879.604736,d39560e57ccf0d56a57604dda32c01f1_shot_001_000,pixel_mse,mouth,0.01742959
24,879.604736,d39560e57ccf0d56a57604dda32c01f1_shot_001_000,pixel_mse,full,0.02074106
24,879.604736,d39560e57ccf0d56a57604dda32c01f1_shot_001_000,ssim,mouth,0.55862153
24,879.604736,d39560e57ccf0d56a57604dda32c01f1_shot_001_000,ssim,full,0.60679942
24,879.604736,d39560e57ccf0d56a57604dda32c01f1_shot_001_000,lpips,mouth,0.35188687
24,879.604736,d39560e57ccf0d56a57604dda32c01f1_shot_001_000,lpips,full,0.41675058
24,879.604736,d39560e57ccf0d56a57604dda32c01f1_shot_001_000,sharpness,mouth,24.4919
24,879.604736,d39560e57ccf0d56a57604dda32c01f1_shot_001_000,lmd,mouth,5.105591
24,879.604736,d39560e57ccf0d56a57604dda32c01f1_shot_001_000,sync_d,mouth,7.430788
24,879.604736,d39560e57ccf0d56a57604dda32c01f1_shot_001_000,sync_c,mouth,8.043108
25,870.696350,d39560e57ccf0d56a57604dda32c01f1_shot_001_000,pixel_mse,mouth,0.0174942
25,870.696350,d39560e57ccf0d56a57604dda32c01f1_shot_001_000,pixel_mse,full,0.02084266
25,870.696350,d39560e57ccf0d56a57604dda32c01f1_shot_001_000,ssim,mouth,0.55658358
25,870.696350,d39560e57ccf0d56a57604dda32c01f1_shot_001_000,ssim,full,0.60560095
25,870.696350,d39560e57ccf0d56a57604dda32c01f1_shot_001_000,lpips,mouth,0.34578183
25,870.696350,d39560e57ccf0d56a57604dda32c01f1_shot_001_000,lpips,full,0.40962178
25,870.696350,d39560e57ccf0d56a57604dda32c01f1_shot_001_000,sharpness,mouth,23.9594
25,870.696350,d39560e57ccf0d56a57604dda32c01f1_shot_001_000,lmd,mouth,5.178177
25,870.696350,d39560e57ccf0d56a57604dda32c01f1_shot_001_000,sync_d,mouth,7.604618
25,870.696350,d39560e57ccf0d56a57604dda32c01f1_shot_001_000,sync_c,mouth,7.883045
26,861.217407,d39560e57ccf0d56a57604dda32c01f1_shot_001_000,pixel_mse,mouth,0.01755104
26,861.217407,d39560e57ccf0d56a57604dda32c01f1_shot_001_000,pixel_mse,full,0.02093318
26,861.217407,d39560e57ccf0d56a57604dda32c01f1_shot_001_000,ssim,mouth,0.55479896
26,861.217407,d39560e57ccf0d56a57604dda32c01f1_shot_001_000,ssim,full,0.60458857
26,861.217407,d39560e57ccf0d56a57604dda32c01f1_shot_001_000,lpips,mouth,0.33979708
26,861.217407,d39560e57ccf0d56a57604dda32c01f1_shot_001_000,lpips,full,0.4029296
26,861.217407,d39560e57ccf0d56a57604dda32c01f1_shot_001_000,sharpness,mouth,24.4912
26,861.217407,d39560e57ccf0d56a57604dda32c01f1_shot_001_000,lmd,mouth,5.182647
26,861.217407,d39560e57ccf0d56a57604dda32c01f1_shot_001_000,sync_d,mouth,7.371666
26,861.217407,d39560e57ccf0d56a57604dda32c01f1_shot_001_000,sync_c,mouth,8.245259
27,851.111145,d39560e57ccf0d56a57604dda32c01f1_shot_001_000,pixel_mse,mouth,0.01757961
27,851.111145,d39560e57ccf0d56a57604dda32c01f1_shot_001_000,pixel_mse,full,0.02102337
27,851.111145,d39560e57ccf0d56a57604dda32c01f1_shot_001_000,ssim,mouth,0.5534265
27,851.111145,d39560e57ccf0d56a57604dda32c01f1_shot_001_000,ssim,full,0.60363537
27,851.111145,d39560e57ccf0d56a57604dda32c01f1_shot_001_000,lpips,mouth,0.33560589
27,851.111145,d39560e57ccf0d56a57604dda32c01f1_shot_001_000,lpips,full,0.39719367
27,851.111145,d39560e57ccf0d56a57604dda32c01f1_shot_001_000,sharpness,mouth,23.9097
27,851.111145,d39560e57ccf0d56a57604dda32c01f1_shot_001_000,lmd,mouth,5.218555
27,851.111145,d39560e57ccf0d56a57604dda32c01f1_shot_001_000,sync_d,mouth,7.619097
27,851.111145,d39560e57ccf0d56a57604dda32c01f1_shot_001_000,sync_c,mouth,8.020232
28,840.313232,d39560e57ccf0d56a57604dda32c01f1_shot_001_000,pixel_mse,mouth,0.01753877
28,840.313232,d39560e57ccf0d56a57604dda32c01f1_shot_001_000,pixel_mse,full,0.0211073
28,840.313232,d39560e57ccf0d56a57604dda32c01f1_shot_001_000,ssim,mouth,0.55167472
28,840.313232,d39560e57ccf0d56a57604dda32c01f1_shot_001_000,ssim,full,0.6025086
28,840.313232,d39560e57ccf0d56a57604dda32c01f1_shot_001_000,lpips,mouth,0.32987481
28,840.313232,d39560e57ccf0d56a57604dda32c01f1_shot_001_000,lpips,full,0.39148027
28,840.313232,d39560e57ccf0d56a57604dda32c01f1_shot_001_000,sharpness,mouth,23.9411
28,840.313232,d39560e57ccf0d56a57604dda32c01f1_shot_001_000,lmd,mouth,5.365336
28,840.313232,d39560e57ccf0d56a57604dda32c01f1_shot_001_000,sync_d,mouth,7.731996
28,840.313232,d39560e57ccf0d56a57604dda32c01f1_shot_001_000,sync_c,mouth,7.955527
29,828.750244,d39560e57ccf0d56a57604dda32c01f1_shot_001_000,pixel_mse,mouth,0.01763321
29,828.750244,d39560e57ccf0d56a57604dda32c01f1_shot_001_000,pixel_mse,full,0.02122239
29,828.750244,d39560e57ccf0d56a57604dda32c01f1_shot_001_000,ssim,mouth,0.54945678
29,828.750244,d39560e57ccf0d56a57604dda32c01f1_shot_001_000,ssim,full,0.60107481
29,828.750244,d39560e57ccf0d56a57604dda32c01f1_shot_001_000,lpips,mouth,0.32253775
29,828.750244,d39560e57ccf0d56a57604dda32c01f1_shot_001_000,lpips,full,0.38607419
29,828.750244,d39560e57ccf0d56a57604dda32c01f1_shot_001_000,sharpness,mouth,23.8747
29,828.750244,d39560e57ccf0d56a57604dda32c01f1_shot_001_000,lmd,mouth,5.506615
29,828.750244,d39560e57ccf0d56a57604dda32c01f1_shot_001_000,sync_d,mouth,7.608636
29,828.750244,d39560e57ccf0d56a57604dda32c01f1_shot_001_000,sync_c,mouth,7.957913
30,816.337830,d39560e57ccf0d56a57604dda32c01f1_shot_001_000,pixel_mse,mouth,0.01774578
30,816.337830,d39560e57ccf0d56a57604dda32c01f1_shot_001_000,pixel_mse,full,0.02128747
30,816.337830,d39560e57ccf0d56a57604dda32c01f1_shot_001_000,ssim,mouth,0.54698688
30,816.337830,d39560e57ccf0d56a57604dda32c01f1_shot_001_000,ssim,full,0.59993315
30,816.337830,d39560e57ccf0d56a57604dda32c01f1_shot_001_000,lpips,mouth,0.31678954
30,816.337830,d39560e57ccf0d56a57604dda32c01f1_shot_001_000,lpips,full,0.3814413
30,816.337830,d39560e57ccf0d56a57604dda32c01f1_shot_001_000,sharpness,mouth,23.7314
30,816.337830,d39560e57ccf0d56a57604dda32c01f1_shot_001_000,lmd,mouth,5.606607
30,816.337830,d39560e57ccf0d56a57604dda32c01f1_shot_001_000,sync_d,mouth,7.563138
30,816.337830,d39560e57ccf0d56a57604dda32c01f1_shot_001_000,sync_c,mouth,8.106249
31,802.978699,d39560e57ccf0d56a57604dda32c01f1_shot_001_000,pixel_mse,mouth,0.017857
31,802.978699,d39560e57ccf0d56a57604dda32c01f1_shot_001_000,pixel_mse,full,0.0213807
31,802.978699,d39560e57ccf0d56a57604dda32c01f1_shot_001_000,ssim,mouth,0.54407716
31,802.978699,d39560e57ccf0d56a57604dda32c01f1_shot_001_000,ssim,full,0.59871012
31,802.978699,d39560e57ccf0d56a57604dda32c01f1_shot_001_000,lpips,mouth,0.31178781
31,802.978699,d39560e57ccf0d56a57604dda32c01f1_shot_001_000,lpips,full,0.37656996
31,802.978699,d39560e57ccf0d56a57604dda32c01f1_shot_001_000,sharpness,mouth,23.4089
31,802.978699,d39560e57ccf0d56a57604dda32c01f1_shot_001_000,lmd,mouth,5.689611
31,802.978699,d39560e57ccf0d56a57604dda32c01f1_shot_001_000,sync_d,mouth,7.535491
31,802.978699,d39560e57ccf0d56a57604dda32c01f1_shot_001_000,sync_c,mouth,8.19767
32,788.560242,d39560e57ccf0d56a57604dda32c01f1_shot_001_000,pixel_mse,mouth,0.01780862
32,788.560242,d39560e57ccf0d56a57604dda32c01f1_shot_001_000,pixel_mse,full,0.0214532
32,788.560242,d39560e57ccf0d56a57604dda32c01f1_shot_001_000,ssim,mouth,0.54265904
32,788.560242,d39560e57ccf0d56a57604dda32c01f1_shot_001_000,ssim,full,0.59754992
32,788.560242,d39560e57ccf0d56a57604dda32c01f1_shot_001_000,lpips,mouth,0.30775771
32,788.560242,d39560e57ccf0d56a57604dda32c01f1_shot_001_000,lpips,full,0.37221003
32,788.560242,d39560e57ccf0d56a57604dda32c01f1_shot_001_000,sharpness,mouth,23.0285
32,788.560242,d39560e57ccf0d56a57604dda32c01f1_shot_001_000,lmd,mouth,5.751004
32,788.560242,d39560e57ccf0d56a57604dda32c01f1_shot_001_000,sync_d,mouth,7.546764
32,788.560242,d39560e57ccf0d56a57604dda32c01f1_shot_001_000,sync_c,mouth,8.161561
33,772.951477,d39560e57ccf0d56a57604dda32c01f1_shot_001_000,pixel_mse,mouth,0.01790177
33,772.951477,d39560e57ccf0d56a57604dda32c01f1_shot_001_000,pixel_mse,full,0.02154316
33,772.951477,d39560e57ccf0d56a57604dda32c01f1_shot_001_000,ssim,mouth,0.54094332
33,772.951477,d39560e57ccf0d56a57604dda32c01f1_shot_001_000,ssim,full,0.59643847
33,772.951477,d39560e57ccf0d56a57604dda32c01f1_shot_001_000,lpips,mouth,0.3044965
33,772.951477,d39560e57ccf0d56a57604dda32c01f1_shot_001_000,lpips,full,0.36847869
33,772.951477,d39560e57ccf0d56a57604dda32c01f1_shot_001_000,sharpness,mouth,22.6535
33,772.951477,d39560e57ccf0d56a57604dda32c01f1_shot_001_000,lmd,mouth,5.783659
33,772.951477,d39560e57ccf0d56a57604dda32c01f1_shot_001_000,sync_d,mouth,7.661877
33,772.951477,d39560e57ccf0d56a57604dda32c01f1_shot_001_000,sync_c,mouth,8.01729
34,755.998352,d39560e57ccf0d56a57604dda32c01f1_shot_001_000,pixel_mse,mouth,0.0179591
34,755.998352,d39560e57ccf0d56a57604dda32c01f1_shot_001_000,pixel_mse,full,0.02161755
34,755.998352,d39560e57ccf0d56a57604dda32c01f1_shot_001_000,ssim,mouth,0.53939784
34,755.998352,d39560e57ccf0d56a57604dda32c01f1_shot_001_000,ssim,full,0.59541053
34,755.998352,d39560e57ccf0d56a57604dda32c01f1_shot_001_000,lpips,mouth,0.30215237
34,755.998352,d39560e57ccf0d56a57604dda32c01f1_shot_001_000,lpips,full,0.36523056
34,755.998352,d39560e57ccf0d56a57604dda32c01f1_shot_001_000,sharpness,mouth,22.1986
34,755.998352,d39560e57ccf0d56a57604dda32c01f1_shot_001_000,lmd,mouth,5.831061
34,755.998352,d39560e57ccf0d56a57604dda32c01f1_shot_001_000,sync_d,mouth,7.793488
34,755.998352,d39560e57ccf0d56a57604dda32c01f1_shot_001_000,sync_c,mouth,7.987332
35,737.519714,d39560e57ccf0d56a57604dda32c01f1_shot_001_000,pixel_mse,mouth,0.01818291
35,737.519714,d39560e57ccf0d56a57604dda32c01f1_shot_001_000,pixel_mse,full,0.02172794
35,737.519714,d39560e57ccf0d56a57604dda32c01f1_shot_001_000,ssim,mouth,0.53682905
35,737.519714,d39560e57ccf0d56a57604dda32c01f1_shot_001_000,ssim,full,0.59405053
35,737.519714,d39560e57ccf0d56a57604dda32c01f1_shot_001_000,lpips,mouth,0.29824185
35,737.519714,d39560e57ccf0d56a57604dda32c01f1_shot_001_000,lpips,full,0.36146051
35,737.519714,d39560e57ccf0d56a57604dda32c01f1_shot_001_000,sharpness,mouth,21.9395
35,737.519714,d39560e57ccf0d56a57604dda32c01f1_shot_001_000,lmd,mouth,5.875493
35,737.519714,d39560e57ccf0d56a57604dda32c01f1_shot_001_000,sync_d,mouth,7.505135
35,737.519714,d39560e57ccf0d56a57604dda32c01f1_shot_001_000,sync_c,mouth,8.256336
36,717.299683,d39560e57ccf0d56a57604dda32c01f1_shot_001_000,pixel_mse,mouth,0.0183259
36,717.299683,d39560e57ccf0d56a57604dda32c01f1_shot_001_000,pixel_mse,full,0.02181819
36,717.299683,d39560e57ccf0d56a57604dda32c01f1_shot_001_000,ssim,mouth,0.53502899
36,717.299683,d39560e57ccf0d56a57604dda32c01f1_shot_001_000,ssim,full,0.59299123
36,717.299683,d39560e57ccf0d56a57604dda32c01f1_shot_001_000,lpips,mouth,0.29583216
36,717.299683,d39560e57ccf0d56a57604dda32c01f1_shot_001_000,lpips,full,0.35813472
36,717.299683,d39560e57ccf0d56a57604dda32c01f1_shot_001_000,sharpness,mouth,21.4804
36,717.299683,d39560e57ccf0d56a57604dda32c01f1_shot_001_000,lmd,mouth,5.895168
36,717.299683,d39560e57ccf0d56a57604dda32c01f1_shot_001_000,sync_d,mouth,7.695319
36,717.299683,d39560e57ccf0d56a57604dda32c01f1_shot_001_000,sync_c,mouth,8.070781
37,695.080139,d39560e57ccf0d56a57604dda32c01f1_shot_001_000,pixel_mse,mouth,0.01849145
37,695.080139,d39560e57ccf0d56a57604dda32c01f1_shot_001_000,pixel_mse,full,0.02190595
37,695.080139,d39560e57ccf0d56a57604dda32c01f1_shot_001_000,ssim,mouth,0.53334528
37,695.080139,d39560e57ccf0d56a57604dda32c01f1_shot_001_000,ssim,full,0.59178531
37,695.080139,d39560e57ccf0d56a57604dda32c01f1_shot_001_000,lpips,mouth,0.29342103
37,695.080139,d39560e57ccf0d56a57604dda32c01f1_shot_001_000,lpips,full,0.35503811
37,695.080139,d39560e57ccf0d56a57604dda32c01f1_shot_001_000,sharpness,mouth,20.9051
37,695.080139,d39560e57ccf0d56a57604dda32c01f1_shot_001_000,lmd,mouth,5.897593
37,695.080139,d39560e57ccf0d56a57604dda32c01f1_shot_001_000,sync_d,mouth,7.704387
37,695.080139,d39560e57ccf0d56a57604dda32c01f1_shot_001_000,sync_c,mouth,8.129063
38,670.548828,d39560e57ccf0d56a57604dda32c01f1_shot_001_000,pixel_mse,mouth,0.01852646
38,670.548828,d39560e57ccf0d56a57604dda32c01f1_shot_001_000,pixel_mse,full,0.0219752
38,670.548828,d39560e57ccf0d56a57604dda32c01f1_shot_001_000,ssim,mouth,0.53206807
38,670.548828,d39560e57ccf0d56a57604dda32c01f1_shot_001_000,ssim,full,0.59086275
38,670.548828,d39560e57ccf0d56a57604dda32c01f1_shot_001_000,lpips,mouth,0.29095814
38,670.548828,d39560e57ccf0d56a57604dda32c01f1_shot_001_000,lpips,full,0.3522996
38,670.548828,d39560e57ccf0d56a57604dda32c01f1_shot_001_000,sharpness,mouth,20.4987
38,670.548828,d39560e57ccf0d56a57604dda32c01f1_shot_001_000,lmd,mouth,5.890499
38,670.548828,d39560e57ccf0d56a57604dda32c01f1_shot_001_000,sync_d,mouth,7.778246
38,670.548828,d39560e57ccf0d56a57604dda32c01f1_shot_001_000,sync_c,mouth,7.967612
39,643.325317,d39560e57ccf0d56a57604dda32c01f1_shot_001_000,pixel_mse,mouth,0.01866504
39,643.325317,d39560e57ccf0d56a57604dda32c01f1_shot_001_000,pixel_mse,full,0.02205858
39,643.325317,d39560e57ccf0d56a57604dda32c01f1_shot_001_000,ssim,mouth,0.52992183
39,643.325317,d39560e57ccf0d56a57604dda32c01f1_shot_001_000,ssim,full,0.58982772
39,643.325317,d39560e57ccf0d56a57604dda32c01f1_shot_001_000,lpips,mouth,0.28908366
39,643.325317,d39560e57ccf0d56a57604dda32c01f1_shot_001_000,lpips,full,0.34955189
39,643.325317,d39560e57ccf0d56a57604dda32c01f1_shot_001_000,sharpness,mouth,20.5602
39,643.325317,d39560e57ccf0d56a57604dda32c01f1_shot_001_000,lmd,mouth,5.914182
39,643.325317,d39560e57ccf0d56a57604dda32c01f1_shot_001_000,sync_d,mouth,8.050552
39,643.325317,d39560e57ccf0d56a57604dda32c01f1_shot_001_000,sync_c,mouth,7.691875
40,612.940735,d39560e57ccf0d56a57604dda32c01f1_shot_001_000,pixel_mse,mouth,0.01872379
40,612.940735,d39560e57ccf0d56a57604dda32c01f1_shot_001_000,pixel_mse,full,0.02212328
40,612.940735,d39560e57ccf0d56a57604dda32c01f1_shot_001_000,ssim,mouth,0.52840865
40,612.940735,d39560e57ccf0d56a57604dda32c01f1_shot_001_000,ssim,full,0.58888328
40,612.940735,d39560e57ccf0d56a57604dda32c01f1_shot_001_000,lpips,mouth,0.28762066
40,612.940735,d39560e57ccf0d56a57604dda32c01f1_shot_001_000,lpips,full,0.34667978
40,612.940735,d39560e57ccf0d56a57604dda32c01f1_shot_001_000,sharpness,mouth,20.572
40,612.940735,d39560e57ccf0d56a57604dda32c01f1_shot_001_000,lmd,mouth,5.969439
40,612.940735,d39560e57ccf0d56a57604dda32c01f1_shot_001_000,sync_d,mouth,7.90436
40,612.940735,d39560e57ccf0d56a57604dda32c01f1_shot_001_000,sync_c,mouth,7.794723
41,578.810425,d39560e57ccf0d56a57604dda32c01f1_shot_001_000,pixel_mse,mouth,0.01875716
41,578.810425,d39560e57ccf0d56a57604dda32c01f1_shot_001_000,pixel_mse,full,0.02218914
41,578.810425,d39560e57ccf0d56a57604dda32c01f1_shot_001_000,ssim,mouth,0.52640539
41,578.810425,d39560e57ccf0d56a57604dda32c01f1_shot_001_000,ssim,full,0.58785248
41,578.810425,d39560e57ccf0d56a57604dda32c01f1_shot_001_000,lpips,mouth,0.28636846
41,578.810425,d39560e57ccf0d56a57604dda32c01f1_shot_001_000,lpips,full,0.34417334
41,578.810425,d39560e57ccf0d56a57604dda32c01f1_shot_001_000,sharpness,mouth,20.2908
41,578.810425,d39560e57ccf0d56a57604dda32c01f1_shot_001_000,lmd,mouth,5.95904
41,578.810425,d39560e57ccf0d56a57604dda32c01f1_shot_001_000,sync_d,mouth,8.075098
41,578.810425,d39560e57ccf0d56a57604dda32c01f1_shot_001_000,sync_c,mouth,7.733164
42,540.196350,d39560e57ccf0d56a57604dda32c01f1_shot_001_000,pixel_mse,mouth,0.01881864
42,540.196350,d39560e57ccf0d56a57604dda32c01f1_shot_001_000,pixel_mse,full,0.02223462
42,540.196350,d39560e57ccf0d56a57604dda32c01f1_shot_001_000,ssim,mouth,0.52538288
42,540.196350,d39560e57ccf0d56a57604dda32c01f1_shot_001_000,ssim,full,0.58695459
42,540.196350,d39560e57ccf0d56a57604dda32c01f1_shot_001_000,lpips,mouth,0.28419909
42,540.196350,d39560e57ccf0d56a57604dda32c01f1_shot_001_000,lpips,full,0.34188765
42,540.196350,d39560e57ccf0d56a57604dda32c01f1_shot_001_000,sharpness,mouth,20.5027
42,540.196350,d39560e57ccf0d56a57604dda32c01f1_shot_001_000,lmd,mouth,5.989617
42,540.196350,d39560e57ccf0d56a57604dda32c01f1_shot_001_000,sync_d,mouth,8.16528
42,540.196350,d39560e57ccf0d56a57604dda32c01f1_shot_001_000,sync_c,mouth,7.516049
43,496.152893,d39560e57ccf0d56a57604dda32c01f1_shot_001_000,pixel_mse,mouth,0.01882398
43,496.152893,d39560e57ccf0d56a57604dda32c01f1_shot_001_000,pixel_mse,full,0.02229687
43,496.152893,d39560e57ccf0d56a57604dda32c01f1_shot_001_000,ssim,mouth,0.52406198
43,496.152893,d39560e57ccf0d56a57604dda32c01f1_shot_001_000,ssim,full,0.58597565
43,496.152893,d39560e57ccf0d56a57604dda32c01f1_shot_001_000,lpips,mouth,0.28245002
43,496.152893,d39560e57ccf0d56a57604dda32c01f1_shot_001_000,lpips,full,0.33927575
43,496.152893,d39560e57ccf0d56a57604dda32c01f1_shot_001_000,sharpness,mouth,19.9977
43,496.152893,d39560e57ccf0d56a57604dda32c01f1_shot_001_000,lmd,mouth,5.984384
43,496.152893,d39560e57ccf0d56a57604dda32c01f1_shot_001_000,sync_d,mouth,8.04194
43,496.152893,d39560e57ccf0d56a57604dda32c01f1_shot_001_000,sync_c,mouth,7.654745
44,445.448151,d39560e57ccf0d56a57604dda32c01f1_shot_001_000,pixel_mse,mouth,0.01883113
44,445.448151,d39560e57ccf0d56a57604dda32c01f1_shot_001_000,pixel_mse,full,0.02233015
44,445.448151,d39560e57ccf0d56a57604dda32c01f1_shot_001_000,ssim,mouth,0.52309394
44,445.448151,d39560e57ccf0d56a57604dda32c01f1_shot_001_000,ssim,full,0.58509696
44,445.448151,d39560e57ccf0d56a57604dda32c01f1_shot_001_000,lpips,mouth,0.28022859
44,445.448151,d39560e57ccf0d56a57604dda32c01f1_shot_001_000,lpips,full,0.33673626
44,445.448151,d39560e57ccf0d56a57604dda32c01f1_shot_001_000,sharpness,mouth,19.7681
44,445.448151,d39560e57ccf0d56a57604dda32c01f1_shot_001_000,lmd,mouth,6.028051
44,445.448151,d39560e57ccf0d56a57604dda32c01f1_shot_001_000,sync_d,mouth,8.244605
44,445.448151,d39560e57ccf0d56a57604dda32c01f1_shot_001_000,sync_c,mouth,7.486207
45,386.447418,d39560e57ccf0d56a57604dda32c01f1_shot_001_000,pixel_mse,mouth,0.01881088
45,386.447418,d39560e57ccf0d56a57604dda32c01f1_shot_001_000,pixel_mse,full,0.02237223
45,386.447418,d39560e57ccf0d56a57604dda32c01f1_shot_001_000,ssim,mouth,0.52157736
45,386.447418,d39560e57ccf0d56a57604dda32c01f1_shot_001_000,ssim,full,0.58407414
45,386.447418,d39560e57ccf0d56a57604dda32c01f1_shot_001_000,lpips,mouth,0.27814147
45,386.447418,d39560e57ccf0d56a57604dda32c01f1_shot_001_000,lpips,full,0.33404157
45,386.447418,d39560e57ccf0d56a57604dda32c01f1_shot_001_000,sharpness,mouth,19.4549
45,386.447418,d39560e57ccf0d56a57604dda32c01f1_shot_001_000,lmd,mouth,6.015506
45,386.447418,d39560e57ccf0d56a57604dda32c01f1_shot_001_000,sync_d,mouth,8.339983
45,386.447418,d39560e57ccf0d56a57604dda32c01f1_shot_001_000,sync_c,mouth,7.409167
46,316.933258,d39560e57ccf0d56a57604dda32c01f1_shot_001_000,pixel_mse,mouth,0.01878024
46,316.933258,d39560e57ccf0d56a57604dda32c01f1_shot_001_000,pixel_mse,full,0.02240694
46,316.933258,d39560e57ccf0d56a57604dda32c01f1_shot_001_000,ssim,mouth,0.51978809
46,316.933258,d39560e57ccf0d56a57604dda32c01f1_shot_001_000,ssim,full,0.58298773
46,316.933258,d39560e57ccf0d56a57604dda32c01f1_shot_001_000,lpips,mouth,0.27551377
46,316.933258,d39560e57ccf0d56a57604dda32c01f1_shot_001_000,lpips,full,0.33168265
46,316.933258,d39560e57ccf0d56a57604dda32c01f1_shot_001_000,sharpness,mouth,18.9463
46,316.933258,d39560e57ccf0d56a57604dda32c01f1_shot_001_000,lmd,mouth,6.072419
46,316.933258,d39560e57ccf0d56a57604dda32c01f1_shot_001_000,sync_d,mouth,8.603377
46,316.933258,d39560e57ccf0d56a57604dda32c01f1_shot_001_000,sync_c,mouth,7.127294
47,233.820694,d39560e57ccf0d56a57604dda32c01f1_shot_001_000,pixel_mse,mouth,0.0187637
47,233.820694,d39560e57ccf0d56a57604dda32c01f1_shot_001_000,pixel_mse,full,0.02244474
47,233.820694,d39560e57ccf0d56a57604dda32c01f1_shot_001_000,ssim,mouth,0.51730347
47,233.820694,d39560e57ccf0d56a57604dda32c01f1_shot_001_000,ssim,full,0.5818342
47,233.820694,d39560e57ccf0d56a57604dda32c01f1_shot_001_000,lpips,mouth,0.27224204
47,233.820694,d39560e57ccf0d56a57604dda32c01f1_shot_001_000,lpips,full,0.32917014
47,233.820694,d39560e57ccf0d56a57604dda32c01f1_shot_001_000,sharpness,mouth,18.5681
47,233.820694,d39560e57ccf0d56a57604dda32c01f1_shot_001_000,lmd,mouth,6.116495
47,233.820694,d39560e57ccf0d56a57604dda32c01f1_shot_001_000,sync_d,mouth,8.428479
47,233.820694,d39560e57ccf0d56a57604dda32c01f1_shot_001_000,sync_c,mouth,7.276679
48,132.687027,d39560e57ccf0d56a57604dda32c01f1_shot_001_000,pixel_mse,mouth,0.0187701
48,132.687027,d39560e57ccf0d56a57604dda32c01f1_shot_001_000,pixel_mse,full,0.02246766
48,132.687027,d39560e57ccf0d56a57604dda32c01f1_shot_001_000,ssim,mouth,0.51490468
48,132.687027,d39560e57ccf0d56a57604dda32c01f1_shot_001_000,ssim,full,0.58090699
48,132.687027,d39560e57ccf0d56a57604dda32c01f1_shot_001_000,lpips,mouth,0.26947021
48,132.687027,d39560e57ccf0d56a57604dda32c01f1_shot_001_000,lpips,full,0.32649726
48,132.687027,d39560e57ccf0d56a57604dda32c01f1_shot_001_000,sharpness,mouth,17.6843
48,132.687027,d39560e57ccf0d56a57604dda32c01f1_shot_001_000,lmd,mouth,6.108886
48,132.687027,d39560e57ccf0d56a57604dda32c01f1_shot_001_000,sync_d,mouth,8.663793
48,132.687027,d39560e57ccf0d56a57604dda32c01f1_shot_001_000,sync_c,mouth,7.093377
49,6.958251,d39560e57ccf0d56a57604dda32c01f1_shot_001_000,pixel_mse,mouth,0.01878167
49,6.958251,d39560e57ccf0d56a57604dda32c01f1_shot_001_000,pixel_mse,full,0.02246181
49,6.958251,d39560e57ccf0d56a57604dda32c01f1_shot_001_000,ssim,mouth,0.51451558
49,6.958251,d39560e57ccf0d56a57604dda32c01f1_shot_001_000,ssim,full,0.58097541
49,6.958251,d39560e57ccf0d56a57604dda32c01f1_shot_001_000,lpips,mouth,0.26845685
49,6.958251,d39560e57ccf0d56a57604dda32c01f1_shot_001_000,lpips,full,0.32582891
49,6.958251,d39560e57ccf0d56a57604dda32c01f1_shot_001_000,sharpness,mouth,17.7355
49,6.958251,d39560e57ccf0d56a57604dda32c01f1_shot_001_000,lmd,mouth,6.107893
49,6.958251,d39560e57ccf0d56a57604dda32c01f1_shot_001_000,sync_d,mouth,8.571796
49,6.958251,d39560e57ccf0d56a57604dda32c01f1_shot_001_000,sync_c,mouth,7.248848
-1,gt,4452d828f84c6a2b2dee9c7a81e6c102_shot_001_000,sharpness,mouth,43.2362
-1,gt,4452d828f84c6a2b2dee9c7a81e6c102_shot_001_000,sync_d,mouth,7.17123
-1,gt,4452d828f84c6a2b2dee9c7a81e6c102_shot_001_000,sync_c,mouth,8.023359
0,1000.000000,4452d828f84c6a2b2dee9c7a81e6c102_shot_001_000,pixel_mse,mouth,0.01598111
0,1000.000000,4452d828f84c6a2b2dee9c7a81e6c102_shot_001_000,pixel_mse,full,0.01335116
0,1000.000000,4452d828f84c6a2b2dee9c7a81e6c102_shot_001_000,ssim,mouth,0.68445104
0,1000.000000,4452d828f84c6a2b2dee9c7a81e6c102_shot_001_000,ssim,full,0.73642361
0,1000.000000,4452d828f84c6a2b2dee9c7a81e6c102_shot_001_000,lpips,mouth,0.58744591
0,1000.000000,4452d828f84c6a2b2dee9c7a81e6c102_shot_001_000,lpips,full,0.47709364
0,1000.000000,4452d828f84c6a2b2dee9c7a81e6c102_shot_001_000,sharpness,mouth,16.4337
0,1000.000000,4452d828f84c6a2b2dee9c7a81e6c102_shot_001_000,lmd,mouth,5.485922
0,1000.000000,4452d828f84c6a2b2dee9c7a81e6c102_shot_001_000,sync_d,mouth,11.505411
0,1000.000000,4452d828f84c6a2b2dee9c7a81e6c102_shot_001_000,sync_c,mouth,0.67131
1,997.035706,4452d828f84c6a2b2dee9c7a81e6c102_shot_001_000,pixel_mse,mouth,0.01653307
1,997.035706,4452d828f84c6a2b2dee9c7a81e6c102_shot_001_000,pixel_mse,full,0.01667361
1,997.035706,4452d828f84c6a2b2dee9c7a81e6c102_shot_001_000,ssim,mouth,0.6841265
1,997.035706,4452d828f84c6a2b2dee9c7a81e6c102_shot_001_000,ssim,full,0.72485989
1,997.035706,4452d828f84c6a2b2dee9c7a81e6c102_shot_001_000,lpips,mouth,0.58617187
1,997.035706,4452d828f84c6a2b2dee9c7a81e6c102_shot_001_000,lpips,full,0.4851054
1,997.035706,4452d828f84c6a2b2dee9c7a81e6c102_shot_001_000,sharpness,mouth,15.5618
1,997.035706,4452d828f84c6a2b2dee9c7a81e6c102_shot_001_000,lmd,mouth,5.392656
1,997.035706,4452d828f84c6a2b2dee9c7a81e6c102_shot_001_000,sync_d,mouth,11.862482
1,997.035706,4452d828f84c6a2b2dee9c7a81e6c102_shot_001_000,sync_c,mouth,0.650452
2,993.963867,4452d828f84c6a2b2dee9c7a81e6c102_shot_001_000,pixel_mse,mouth,0.0170245
2,993.963867,4452d828f84c6a2b2dee9c7a81e6c102_shot_001_000,pixel_mse,full,0.01924265
2,993.963867,4452d828f84c6a2b2dee9c7a81e6c102_shot_001_000,ssim,mouth,0.68222147
2,993.963867,4452d828f84c6a2b2dee9c7a81e6c102_shot_001_000,ssim,full,0.71592671
2,993.963867,4452d828f84c6a2b2dee9c7a81e6c102_shot_001_000,lpips,mouth,0.5835849
2,993.963867,4452d828f84c6a2b2dee9c7a81e6c102_shot_001_000,lpips,full,0.48817024
2,993.963867,4452d828f84c6a2b2dee9c7a81e6c102_shot_001_000,sharpness,mouth,15.4051
2,993.963867,4452d828f84c6a2b2dee9c7a81e6c102_shot_001_000,lmd,mouth,5.43029
2,993.963867,4452d828f84c6a2b2dee9c7a81e6c102_shot_001_000,sync_d,mouth,12.090611
2,993.963867,4452d828f84c6a2b2dee9c7a81e6c102_shot_001_000,sync_c,mouth,0.589323
3,990.779053,4452d828f84c6a2b2dee9c7a81e6c102_shot_001_000,pixel_mse,mouth,0.01754496
3,990.779053,4452d828f84c6a2b2dee9c7a81e6c102_shot_001_000,pixel_mse,full,0.02144585
3,990.779053,4452d828f84c6a2b2dee9c7a81e6c102_shot_001_000,ssim,mouth,0.68026459
3,990.779053,4452d828f84c6a2b2dee9c7a81e6c102_shot_001_000,ssim,full,0.70749068
3,990.779053,4452d828f84c6a2b2dee9c7a81e6c102_shot_001_000,lpips,mouth,0.57623518
3,990.779053,4452d828f84c6a2b2dee9c7a81e6c102_shot_001_000,lpips,full,0.49031365
3,990.779053,4452d828f84c6a2b2dee9c7a81e6c102_shot_001_000,sharpness,mouth,14.9386
3,990.779053,4452d828f84c6a2b2dee9c7a81e6c102_shot_001_000,lmd,mouth,5.523641
3,990.779053,4452d828f84c6a2b2dee9c7a81e6c102_shot_001_000,sync_d,mouth,11.336034
3,990.779053,4452d828f84c6a2b2dee9c7a81e6c102_shot_001_000,sync_c,mouth,1.332831
4,987.474243,4452d828f84c6a2b2dee9c7a81e6c102_shot_001_000,pixel_mse,mouth,0.01837097
4,987.474243,4452d828f84c6a2b2dee9c7a81e6c102_shot_001_000,pixel_mse,full,0.02258378
4,987.474243,4452d828f84c6a2b2dee9c7a81e6c102_shot_001_000,ssim,mouth,0.6739735
4,987.474243,4452d828f84c6a2b2dee9c7a81e6c102_shot_001_000,ssim,full,0.70097297
4,987.474243,4452d828f84c6a2b2dee9c7a81e6c102_shot_001_000,lpips,mouth,0.57424206
4,987.474243,4452d828f84c6a2b2dee9c7a81e6c102_shot_001_000,lpips,full,0.49037334
4,987.474243,4452d828f84c6a2b2dee9c7a81e6c102_shot_001_000,sharpness,mouth,14.9659
4,987.474243,4452d828f84c6a2b2dee9c7a81e6c102_shot_001_000,lmd,mouth,5.543429
4,987.474243,4452d828f84c6a2b2dee9c7a81e6c102_shot_001_000,sync_d,mouth,10.428029
4,987.474243,4452d828f84c6a2b2dee9c7a81e6c102_shot_001_000,sync_c,mouth,2.540434
5,984.043091,4452d828f84c6a2b2dee9c7a81e6c102_shot_001_000,pixel_mse,mouth,0.01934094
5,984.043091,4452d828f84c6a2b2dee9c7a81e6c102_shot_001_000,pixel_mse,full,0.02365297
5,984.043091,4452d828f84c6a2b2dee9c7a81e6c102_shot_001_000,ssim,mouth,0.66401827
5,984.043091,4452d828f84c6a2b2dee9c7a81e6c102_shot_001_000,ssim,full,0.69462174
5,984.043091,4452d828f84c6a2b2dee9c7a81e6c102_shot_001_000,lpips,mouth,0.56569707
5,984.043091,4452d828f84c6a2b2dee9c7a81e6c102_shot_001_000,lpips,full,0.48567104
5,984.043091,4452d828f84c6a2b2dee9c7a81e6c102_shot_001_000,sharpness,mouth,15.4158
5,984.043091,4452d828f84c6a2b2dee9c7a81e6c102_shot_001_000,lmd,mouth,5.648025
5,984.043091,4452d828f84c6a2b2dee9c7a81e6c102_shot_001_000,sync_d,mouth,9.507145
5,984.043091,4452d828f84c6a2b2dee9c7a81e6c102_shot_001_000,sync_c,mouth,3.772556
6,980.477844,4452d828f84c6a2b2dee9c7a81e6c102_shot_001_000,pixel_mse,mouth,0.01994219
6,980.477844,4452d828f84c6a2b2dee9c7a81e6c102_shot_001_000,pixel_mse,full,0.02421202
6,980.477844,4452d828f84c6a2b2dee9c7a81e6c102_shot_001_000,ssim,mouth,0.65445173
6,980.477844,4452d828f84c6a2b2dee9c7a81e6c102_shot_001_000,ssim,full,0.69075501
6,980.477844,4452d828f84c6a2b2dee9c7a81e6c102_shot_001_000,lpips,mouth,0.54524744
6,980.477844,4452d828f84c6a2b2dee9c7a81e6c102_shot_001_000,lpips,full,0.47782484
6,980.477844,4452d828f84c6a2b2dee9c7a81e6c102_shot_001_000,sharpness,mouth,15.7211
6,980.477844,4452d828f84c6a2b2dee9c7a81e6c102_shot_001_000,lmd,mouth,5.700141
6,980.477844,4452d828f84c6a2b2dee9c7a81e6c102_shot_001_000,sync_d,mouth,9.190822
6,980.477844,4452d828f84c6a2b2dee9c7a81e6c102_shot_001_000,sync_c,mouth,4.333745
7,976.770691,4452d828f84c6a2b2dee9c7a81e6c102_shot_001_000,pixel_mse,mouth,0.0206741
7,976.770691,4452d828f84c6a2b2dee9c7a81e6c102_shot_001_000,pixel_mse,full,0.02448718
7,976.770691,4452d828f84c6a2b2dee9c7a81e6c102_shot_001_000,ssim,mouth,0.64570653
7,976.770691,4452d828f84c6a2b2dee9c7a81e6c102_shot_001_000,ssim,full,0.68875402
7,976.770691,4452d828f84c6a2b2dee9c7a81e6c102_shot_001_000,lpips,mouth,0.52907765
7,976.770691,4452d828f84c6a2b2dee9c7a81e6c102_shot_001_000,lpips,full,0.46934631
7,976.770691,4452d828f84c6a2b2dee9c7a81e6c102_shot_001_000,sharpness,mouth,15.9877
7,976.770691,4452d828f84c6a2b2dee9c7a81e6c102_shot_001_000,lmd,mouth,5.72952
7,976.770691,4452d828f84c6a2b2dee9c7a81e6c102_shot_001_000,sync_d,mouth,8.624376
7,976.770691,4452d828f84c6a2b2dee9c7a81e6c102_shot_001_000,sync_c,mouth,4.959261
8,972.912842,4452d828f84c6a2b2dee9c7a81e6c102_shot_001_000,pixel_mse,mouth,0.02131793
8,972.912842,4452d828f84c6a2b2dee9c7a81e6c102_shot_001_000,pixel_mse,full,0.02471725
8,972.912842,4452d828f84c6a2b2dee9c7a81e6c102_shot_001_000,ssim,mouth,0.63696593
8,972.912842,4452d828f84c6a2b2dee9c7a81e6c102_shot_001_000,ssim,full,0.68673342
8,972.912842,4452d828f84c6a2b2dee9c7a81e6c102_shot_001_000,lpips,mouth,0.51231068
8,972.912842,4452d828f84c6a2b2dee9c7a81e6c102_shot_001_000,lpips,full,0.46154013
8,972.912842,4452d828f84c6a2b2dee9c7a81e6c102_shot_001_000,sharpness,mouth,16.7664
8,972.912842,4452d828f84c6a2b2dee9c7a81e6c102_shot_001_000,lmd,mouth,5.773781
8,972.912842,4452d828f84c6a2b2dee9c7a81e6c102_shot_001_000,sync_d,mouth,8.77442
8,972.912842,4452d828f84c6a2b2dee9c7a81e6c102_shot_001_000,sync_c,mouth,5.030398
9,968.895081,4452d828f84c6a2b2dee9c7a81e6c102_shot_001_000,pixel_mse,mouth,0.02204333
9,968.895081,4452d828f84c6a2b2dee9c7a81e6c102_shot_001_000,pixel_mse,full,0.02499812
9,968.895081,4452d828f84c6a2b2dee9c7a81e6c102_shot_001_000,ssim,mouth,0.62819213
9,968.895081,4452d828f84c6a2b2dee9c7a81e6c102_shot_001_000,ssim,full,0.68484521
9,968.895081,4452d828f84c6a2b2dee9c7a81e6c102_shot_001_000,lpips,mouth,0.49680167
9,968.895081,4452d828f84c6a2b2dee9c7a81e6c102_shot_001_000,lpips,full,0.45414862
9,968.895081,4452d828f84c6a2b2dee9c7a81e6c102_shot_001_000,sharpness,mouth,17.0187
9,968.895081,4452d828f84c6a2b2dee9c7a81e6c102_shot_001_000,lmd,mouth,5.836956
9,968.895081,4452d828f84c6a2b2dee9c7a81e6c102_shot_001_000,sync_d,mouth,8.790532
9,968.895081,4452d828f84c6a2b2dee9c7a81e6c102_shot_001_000,sync_c,mouth,5.154714
10,964.707153,4452d828f84c6a2b2dee9c7a81e6c102_shot_001_000,pixel_mse,mouth,0.02264589
10,964.707153,4452d828f84c6a2b2dee9c7a81e6c102_shot_001_000,pixel_mse,full,0.02535902
10,964.707153,4452d828f84c6a2b2dee9c7a81e6c102_shot_001_000,ssim,mouth,0.61989653
10,964.707153,4452d828f84c6a2b2dee9c7a81e6c102_shot_001_000,ssim,full,0.68232644
10,964.707153,4452d828f84c6a2b2dee9c7a81e6c102_shot_001_000,lpips,mouth,0.4816983
10,964.707153,4452d828f84c6a2b2dee9c7a81e6c102_shot_001_000,lpips,full,0.44791338
10,964.707153,4452d828f84c6a2b2dee9c7a81e6c102_shot_001_000,sharpness,mouth,17.2798
10,964.707153,4452d828f84c6a2b2dee9c7a81e6c102_shot_001_000,lmd,mouth,5.799653
10,964.707153,4452d828f84c6a2b2dee9c7a81e6c102_shot_001_000,sync_d,mouth,8.917419
10,964.707153,4452d828f84c6a2b2dee9c7a81e6c102_shot_001_000,sync_c,mouth,5.379568
11,960.337952,4452d828f84c6a2b2dee9c7a81e6c102_shot_001_000,pixel_mse,mouth,0.02320017
11,960.337952,4452d828f84c6a2b2dee9c7a81e6c102_shot_001_000,pixel_mse,full,0.02573116
11,960.337952,4452d828f84c6a2b2dee9c7a81e6c102_shot_001_000,ssim,mouth,0.6112861
11,960.337952,4452d828f84c6a2b2dee9c7a81e6c102_shot_001_000,ssim,full,0.67986465
11,960.337952,4452d828f84c6a2b2dee9c7a81e6c102_shot_001_000,lpips,mouth,0.46812284
11,960.337952,4452d828f84c6a2b2dee9c7a81e6c102_shot_001_000,lpips,full,0.44177577
11,960.337952,4452d828f84c6a2b2dee9c7a81e6c102_shot_001_000,sharpness,mouth,17.8266
11,960.337952,4452d828f84c6a2b2dee9c7a81e6c102_shot_001_000,lmd,mouth,5.863407
11,960.337952,4452d828f84c6a2b2dee9c7a81e6c102_shot_001_000,sync_d,mouth,8.982409
11,960.337952,4452d828f84c6a2b2dee9c7a81e6c102_shot_001_000,sync_c,mouth,5.451049
12,955.775635,4452d828f84c6a2b2dee9c7a81e6c102_shot_001_000,pixel_mse,mouth,0.02378195
12,955.775635,4452d828f84c6a2b2dee9c7a81e6c102_shot_001_000,pixel_mse,full,0.02610464
12,955.775635,4452d828f84c6a2b2dee9c7a81e6c102_shot_001_000,ssim,mouth,0.60329431
12,955.775635,4452d828f84c6a2b2dee9c7a81e6c102_shot_001_000,ssim,full,0.67734629
12,955.775635,4452d828f84c6a2b2dee9c7a81e6c102_shot_001_000,lpips,mouth,0.45408535
12,955.775635,4452d828f84c6a2b2dee9c7a81e6c102_shot_001_000,lpips,full,0.43563688
12,955.775635,4452d828f84c6a2b2dee9c7a81e6c102_shot_001_000,sharpness,mouth,17.8897
12,955.775635,4452d828f84c6a2b2dee9c7a81e6c102_shot_001_000,lmd,mouth,5.86103
12,955.775635,4452d828f84c6a2b2dee9c7a81e6c102_shot_001_000,sync_d,mouth,8.424761
12,955.775635,4452d828f84c6a2b2dee9c7a81e6c102_shot_001_000,sync_c,mouth,5.793467
13,951.006897,4452d828f84c6a2b2dee9c7a81e6c102_shot_001_000,pixel_mse,mouth,0.02419871
13,951.006897,4452d828f84c6a2b2dee9c7a81e6c102_shot_001_000,pixel_mse,full,0.0264608
13,951.006897,4452d828f84c6a2b2dee9c7a81e6c102_shot_001_000,ssim,mouth,0.59787142
13,951.006897,4452d828f84c6a2b2dee9c7a81e6c102_shot_001_000,ssim,full,0.67532682
13,951.006897,4452d828f84c6a2b2dee9c7a81e6c102_shot_001_000,lpips,mouth,0.44417143
13,951.006897,4452d828f84c6a2b2dee9c7a81e6c102_shot_001_000,lpips,full,0.4290933
13,951.006897,4452d828f84c6a2b2dee9c7a81e6c102_shot_001_000,sharpness,mouth,18.0795
13,951.006897,4452d828f84c6a2b2dee9c7a81e6c102_shot_001_000,lmd,mouth,5.932524
13,951.006897,4452d828f84c6a2b2dee9c7a81e6c102_shot_001_000,sync_d,mouth,8.504045
13,951.006897,4452d828f84c6a2b2dee9c7a81e6c102_shot_001_000,sync_c,mouth,5.564895
14,946.017517,4452d828f84c6a2b2dee9c7a81e6c102_shot_001_000,pixel_mse,mouth,0.02462748
14,946.017517,4452d828f84c6a2b2dee9c7a81e6c102_shot_001_000,pixel_mse,full,0.02666781
14,946.017517,4452d828f84c6a2b2dee9c7a81e6c102_shot_001_000,ssim,mouth,0.59290171
14,946.017517,4452d828f84c6a2b2dee9c7a81e6c102_shot_001_000,ssim,full,0.67359656
14,946.017517,4452d828f84c6a2b2dee9c7a81e6c102_shot_001_000,lpips,mouth,0.4361186
14,946.017517,4452d828f84c6a2b2dee9c7a81e6c102_shot_001_000,lpips,full,0.42298591
14,946.017517,4452d828f84c6a2b2dee9c7a81e6c102_shot_001_000,sharpness,mouth,18.2575
14,946.017517,4452d828f84c6a2b2dee9c7a81e6c102_shot_001_000,lmd,mouth,5.916856
14,946.017517,4452d828f84c6a2b2dee9c7a81e6c102_shot_001_000,sync_d,mouth,8.218833
14,946.017517,4452d828f84c6a2b2dee9c7a81e6c102_shot_001_000,sync_c,mouth,5.928561
15,940.791870,4452d828f84c6a2b2dee9c7a81e6c102_shot_001_000,pixel_mse,mouth,0.0249267
15,940.791870,4452d828f84c6a2b2dee9c7a81e6c102_shot_001_000,pixel_mse,full,0.02689272
15,940.791870,4452d828f84c6a2b2dee9c7a81e6c102_shot_001_000,ssim,mouth,0.58929992
15,940.791870,4452d828f84c6a2b2dee9c7a81e6c102_shot_001_000,ssim,full,0.6717838
15,940.791870,4452d828f84c6a2b2dee9c7a81e6c102_shot_001_000,lpips,mouth,0.4312197
15,940.791870,4452d828f84c6a2b2dee9c7a81e6c102_shot_001_000,lpips,full,0.41664714
15,940.791870,4452d828f84c6a2b2dee9c7a81e6c102_shot_001_000,sharpness,mouth,18.5002
15,940.791870,4452d828f84c6a2b2dee9c7a81e6c102_shot_001_000,lmd,mouth,5.972089
15,940.791870,4452d828f84c6a2b2dee9c7a81e6c102_shot_001_000,sync_d,mouth,8.029023
15,940.791870,4452d828f84c6a2b2dee9c7a81e6c102_shot_001_000,sync_c,mouth,6.116998
16,935.312622,4452d828f84c6a2b2dee9c7a81e6c102_shot_001_000,pixel_mse,mouth,0.02524871
16,935.312622,4452d828f84c6a2b2dee9c7a81e6c102_shot_001_000,pixel_mse,full,0.02708061
16,935.312622,4452d828f84c6a2b2dee9c7a81e6c102_shot_001_000,ssim,mouth,0.58633554
16,935.312622,4452d828f84c6a2b2dee9c7a81e6c102_shot_001_000,ssim,full,0.6703192
16,935.312622,4452d828f84c6a2b2dee9c7a81e6c102_shot_001_000,lpips,mouth,0.42590314
16,935.312622,4452d828f84c6a2b2dee9c7a81e6c102_shot_001_000,lpips,full,0.41040754
16,935.312622,4452d828f84c6a2b2dee9c7a81e6c102_shot_001_000,sharpness,mouth,18.5829
16,935.312622,4452d828f84c6a2b2dee9c7a81e6c102_shot_001_000,lmd,mouth,6.12645
16,935.312622,4452d828f84c6a2b2dee9c7a81e6c102_shot_001_000,sync_d,mouth,7.955034
16,935.312622,4452d828f84c6a2b2dee9c7a81e6c102_shot_001_000,sync_c,mouth,6.228742
17,929.560913,4452d828f84c6a2b2dee9c7a81e6c102_shot_001_000,pixel_mse,mouth,0.02544394
17,929.560913,4452d828f84c6a2b2dee9c7a81e6c102_shot_001_000,pixel_mse,full,0.02727566
17,929.560913,4452d828f84c6a2b2dee9c7a81e6c102_shot_001_000,ssim,mouth,0.58393043
17,929.560913,4452d828f84c6a2b2dee9c7a81e6c102_shot_001_000,ssim,full,0.66875285
17,929.560913,4452d828f84c6a2b2dee9c7a81e6c102_shot_001_000,lpips,mouth,0.42194617
17,929.560913,4452d828f84c6a2b2dee9c7a81e6c102_shot_001_000,lpips,full,0.40542936
17,929.560913,4452d828f84c6a2b2dee9c7a81e6c102_shot_001_000,sharpness,mouth,18.7315
17,929.560913,4452d828f84c6a2b2dee9c7a81e6c102_shot_001_000,lmd,mouth,6.109676
17,929.560913,4452d828f84c6a2b2dee9c7a81e6c102_shot_001_000,sync_d,mouth,7.872798
17,929.560913,4452d828f84c6a2b2dee9c7a81e6c102_shot_001_000,sync_c,mouth,6.301384
18,923.515991,4452d828f84c6a2b2dee9c7a81e6c102_shot_001_000,pixel_mse,mouth,0.02574776
18,923.515991,4452d828f84c6a2b2dee9c7a81e6c102_shot_001_000,pixel_mse,full,0.02740943
18,923.515991,4452d828f84c6a2b2dee9c7a81e6c102_shot_001_000,ssim,mouth,0.58125025
18,923.515991,4452d828f84c6a2b2dee9c7a81e6c102_shot_001_000,ssim,full,0.66755891
18,923.515991,4452d828f84c6a2b2dee9c7a81e6c102_shot_001_000,lpips,mouth,0.41970113
18,923.515991,4452d828f84c6a2b2dee9c7a81e6c102_shot_001_000,lpips,full,0.40102938
18,923.515991,4452d828f84c6a2b2dee9c7a81e6c102_shot_001_000,sharpness,mouth,18.8275
18,923.515991,4452d828f84c6a2b2dee9c7a81e6c102_shot_001_000,lmd,mouth,6.197513
18,923.515991,4452d828f84c6a2b2dee9c7a81e6c102_shot_001_000,sync_d,mouth,7.746418
18,923.515991,4452d828f84c6a2b2dee9c7a81e6c102_shot_001_000,sync_c,mouth,6.580786
19,917.154785,4452d828f84c6a2b2dee9c7a81e6c102_shot_001_000,pixel_mse,mouth,0.02596279
19,917.154785,4452d828f84c6a2b2dee9c7a81e6c102_shot_001_000,pixel_mse,full,0.02756212
19,917.154785,4452d828f84c6a2b2dee9c7a81e6c102_shot_001_000,ssim,mouth,0.57932919
19,917.154785,4452d828f84c6a2b2dee9c7a81e6c102_shot_001_000,ssim,full,0.66627455
19,917.154785,4452d828f84c6a2b2dee9c7a81e6c102_shot_001_000,lpips,mouth,0.41781899
19,917.154785,4452d828f84c6a2b2dee9c7a81e6c102_shot_001_000,lpips,full,0.39612368
19,917.154785,4452d828f84c6a2b2dee9c7a81e6c102_shot_001_000,sharpness,mouth,18.8823
19,917.154785,4452d828f84c6a2b2dee9c7a81e6c102_shot_001_000,lmd,mouth,6.201208
19,917.154785,4452d828f84c6a2b2dee9c7a81e6c102_shot_001_000,sync_d,mouth,7.776119
19,917.154785,4452d828f84c6a2b2dee9c7a81e6c102_shot_001_000,sync_c,mouth,6.501524
20,910.451721,4452d828f84c6a2b2dee9c7a81e6c102_shot_001_000,pixel_mse,mouth,0.02620982
20,910.451721,4452d828f84c6a2b2dee9c7a81e6c102_shot_001_000,pixel_mse,full,0.027699
20,910.451721,4452d828f84c6a2b2dee9c7a81e6c102_shot_001_000,ssim,mouth,0.57724506
20,910.451721,4452d828f84c6a2b2dee9c7a81e6c102_shot_001_000,ssim,full,0.66498184
20,910.451721,4452d828f84c6a2b2dee9c7a81e6c102_shot_001_000,lpips,mouth,0.41603982
20,910.451721,4452d828f84c6a2b2dee9c7a81e6c102_shot_001_000,lpips,full,0.39187762
20,910.451721,4452d828f84c6a2b2dee9c7a81e6c102_shot_001_000,sharpness,mouth,18.9057
20,910.451721,4452d828f84c6a2b2dee9c7a81e6c102_shot_001_000,lmd,mouth,6.273618
20,910.451721,4452d828f84c6a2b2dee9c7a81e6c102_shot_001_000,sync_d,mouth,7.942347
20,910.451721,4452d828f84c6a2b2dee9c7a81e6c102_shot_001_000,sync_c,mouth,6.375882
21,903.378723,4452d828f84c6a2b2dee9c7a81e6c102_shot_001_000,pixel_mse,mouth,0.02638549
21,903.378723,4452d828f84c6a2b2dee9c7a81e6c102_shot_001_000,pixel_mse,full,0.02783625
21,903.378723,4452d828f84c6a2b2dee9c7a81e6c102_shot_001_000,ssim,mouth,0.5758062
21,903.378723,4452d828f84c6a2b2dee9c7a81e6c102_shot_001_000,ssim,full,0.66378772
21,903.378723,4452d828f84c6a2b2dee9c7a81e6c102_shot_001_000,lpips,mouth,0.4144631
21,903.378723,4452d828f84c6a2b2dee9c7a81e6c102_shot_001_000,lpips,full,0.38789093
21,903.378723,4452d828f84c6a2b2dee9c7a81e6c102_shot_001_000,sharpness,mouth,19.1401
21,903.378723,4452d828f84c6a2b2dee9c7a81e6c102_shot_001_000,lmd,mouth,6.285927
21,903.378723,4452d828f84c6a2b2dee9c7a81e6c102_shot_001_000,sync_d,mouth,7.816738
21,903.378723,4452d828f84c6a2b2dee9c7a81e6c102_shot_001_000,sync_c,mouth,6.601585
22,895.903931,4452d828f84c6a2b2dee9c7a81e6c102_shot_001_000,pixel_mse,mouth,0.02655775
22,895.903931,4452d828f84c6a2b2dee9c7a81e6c102_shot_001_000,pixel_mse,full,0.02791339
22,895.903931,4452d828f84c6a2b2dee9c7a81e6c102_shot_001_000,ssim,mouth,0.57440567
22,895.903931,4452d828f84c6a2b2dee9c7a81e6c102_shot_001_000,ssim,full,0.66271716
22,895.903931,4452d828f84c6a2b2dee9c7a81e6c102_shot_001_000,lpips,mouth,0.41406187
22,895.903931,4452d828f84c6a2b2dee9c7a81e6c102_shot_001_000,lpips,full,0.3841362
22,895.903931,4452d828f84c6a2b2dee9c7a81e6c102_shot_001_000,sharpness,mouth,19.2777
22,895.903931,4452d828f84c6a2b2dee9c7a81e6c102_shot_001_000,lmd,mouth,6.335882
22,895.903931,4452d828f84c6a2b2dee9c7a81e6c102_shot_001_000,sync_d,mouth,7.920955
22,895.903931,4452d828f84c6a2b2dee9c7a81e6c102_shot_001_000,sync_c,mouth,6.502394
23,887.992493,4452d828f84c6a2b2dee9c7a81e6c102_shot_001_000,pixel_mse,mouth,0.02672485
23,887.992493,4452d828f84c6a2b2dee9c7a81e6c102_shot_001_000,pixel_mse,full,0.02801077
23,887.992493,4452d828f84c6a2b2dee9c7a81e6c102_shot_001_000,ssim,mouth,0.5730691
23,887.992493,4452d828f84c6a2b2dee9c7a81e6c102_shot_001_000,ssim,full,0.66146785
23,887.992493,4452d828f84c6a2b2dee9c7a81e6c102_shot_001_000,lpips,mouth,0.41405624
23,887.992493,4452d828f84c6a2b2dee9c7a81e6c102_shot_001_000,lpips,full,0.38038784
23,887.992493,4452d828f84c6a2b2dee9c7a81e6c102_shot_001_000,sharpness,mouth,19.1215
23,887.992493,4452d828f84c6a2b2dee9c7a81e6c102_shot_001_000,lmd,mouth,6.359205
23,887.992493,4452d828f84c6a2b2dee9c7a81e6c102_shot_001_000,sync_d,mouth,7.923429
23,887.992493,4452d828f84c6a2b2dee9c7a81e6c102_shot_001_000,sync_c,mouth,6.623946
24,879.604736,4452d828f84c6a2b2dee9c7a81e6c102_shot_001_000,pixel_mse,mouth,0.02694287
24,879.604736,4452d828f84c6a2b2dee9c7a81e6c102_shot_001_000,pixel_mse,full,0.02810018
24,879.604736,4452d828f84c6a2b2dee9c7a81e6c102_shot_001_000,ssim,mouth,0.57158965
24,879.604736,4452d828f84c6a2b2dee9c7a81e6c102_shot_001_000,ssim,full,0.66042876
24,879.604736,4452d828f84c6a2b2dee9c7a81e6c102_shot_001_000,lpips,mouth,0.41350338
24,879.604736,4452d828f84c6a2b2dee9c7a81e6c102_shot_001_000,lpips,full,0.3773379
24,879.604736,4452d828f84c6a2b2dee9c7a81e6c102_shot_001_000,sharpness,mouth,19.2908
24,879.604736,4452d828f84c6a2b2dee9c7a81e6c102_shot_001_000,lmd,mouth,6.397101
24,879.604736,4452d828f84c6a2b2dee9c7a81e6c102_shot_001_000,sync_d,mouth,8.075194
24,879.604736,4452d828f84c6a2b2dee9c7a81e6c102_shot_001_000,sync_c,mouth,6.503757
25,870.696350,4452d828f84c6a2b2dee9c7a81e6c102_shot_001_000,pixel_mse,mouth,0.02708635
25,870.696350,4452d828f84c6a2b2dee9c7a81e6c102_shot_001_000,pixel_mse,full,0.02816728
25,870.696350,4452d828f84c6a2b2dee9c7a81e6c102_shot_001_000,ssim,mouth,0.57042724
25,870.696350,4452d828f84c6a2b2dee9c7a81e6c102_shot_001_000,ssim,full,0.65930319
25,870.696350,4452d828f84c6a2b2dee9c7a81e6c102_shot_001_000,lpips,mouth,0.41378444
25,870.696350,4452d828f84c6a2b2dee9c7a81e6c102_shot_001_000,lpips,full,0.37399024
25,870.696350,4452d828f84c6a2b2dee9c7a81e6c102_shot_001_000,sharpness,mouth,19.2929
25,870.696350,4452d828f84c6a2b2dee9c7a81e6c102_shot_001_000,lmd,mouth,6.426527
25,870.696350,4452d828f84c6a2b2dee9c7a81e6c102_shot_001_000,sync_d,mouth,7.794657
25,870.696350,4452d828f84c6a2b2dee9c7a81e6c102_shot_001_000,sync_c,mouth,6.766376
26,861.217407,4452d828f84c6a2b2dee9c7a81e6c102_shot_001_000,pixel_mse,mouth,0.02721504
26,861.217407,4452d828f84c6a2b2dee9c7a81e6c102_shot_001_000,pixel_mse,full,0.02822671
26,861.217407,4452d828f84c6a2b2dee9c7a81e6c102_shot_001_000,ssim,mouth,0.56931525
26,861.217407,4452d828f84c6a2b2dee9c7a81e6c102_shot_001_000,ssim,full,0.65834522
26,861.217407,4452d828f84c6a2b2dee9c7a81e6c102_shot_001_000,lpips,mouth,0.41318479
26,861.217407,4452d828f84c6a2b2dee9c7a81e6c102_shot_001_000,lpips,full,0.37114802
26,861.217407,4452d828f84c6a2b2dee9c7a81e6c102_shot_001_000,sharpness,mouth,19.4035
26,861.217407,4452d828f84c6a2b2dee9c7a81e6c102_shot_001_000,lmd,mouth,6.45403
26,861.217407,4452d828f84c6a2b2dee9c7a81e6c102_shot_001_000,sync_d,mouth,8.031653
26,861.217407,4452d828f84c6a2b2dee9c7a81e6c102_shot_001_000,sync_c,mouth,6.480007
27,851.111145,4452d828f84c6a2b2dee9c7a81e6c102_shot_001_000,pixel_mse,mouth,0.02727523
27,851.111145,4452d828f84c6a2b2dee9c7a81e6c102_shot_001_000,pixel_mse,full,0.02827002
27,851.111145,4452d828f84c6a2b2dee9c7a81e6c102_shot_001_000,ssim,mouth,0.56876183
27,851.111145,4452d828f84c6a2b2dee9c7a81e6c102_shot_001_000,ssim,full,0.65747464
27,851.111145,4452d828f84c6a2b2dee9c7a81e6c102_shot_001_000,lpips,mouth,0.41343448
27,851.111145,4452d828f84c6a2b2dee9c7a81e6c102_shot_001_000,lpips,full,0.36822155
27,851.111145,4452d828f84c6a2b2dee9c7a81e6c102_shot_001_000,sharpness,mouth,19.3786
27,851.111145,4452d828f84c6a2b2dee9c7a81e6c102_shot_001_000,lmd,mouth,6.452913
27,851.111145,4452d828f84c6a2b2dee9c7a81e6c102_shot_001_000,sync_d,mouth,7.812431
27,851.111145,4452d828f84c6a2b2dee9c7a81e6c102_shot_001_000,sync_c,mouth,6.646578
28,840.313232,4452d828f84c6a2b2dee9c7a81e6c102_shot_001_000,pixel_mse,mouth,0.02735167
28,840.313232,4452d828f84c6a2b2dee9c7a81e6c102_shot_001_000,pixel_mse,full,0.02832311
28,840.313232,4452d828f84c6a2b2dee9c7a81e6c102_shot_001_000,ssim,mouth,0.56805819
28,840.313232,4452d828f84c6a2b2dee9c7a81e6c102_shot_001_000,ssim,full,0.6565299
28,840.313232,4452d828f84c6a2b2dee9c7a81e6c102_shot_001_000,lpips,mouth,0.41293463
28,840.313232,4452d828f84c6a2b2dee9c7a81e6c102_shot_001_000,lpips,full,0.36574772
28,840.313232,4452d828f84c6a2b2dee9c7a81e6c102_shot_001_000,sharpness,mouth,19.3685
28,840.313232,4452d828f84c6a2b2dee9c7a81e6c102_shot_001_000,lmd,mouth,6.500633
28,840.313232,4452d828f84c6a2b2dee9c7a81e6c102_shot_001_000,sync_d,mouth,8.042768
28,840.313232,4452d828f84c6a2b2dee9c7a81e6c102_shot_001_000,sync_c,mouth,6.434086
29,828.750244,4452d828f84c6a2b2dee9c7a81e6c102_shot_001_000,pixel_mse,mouth,0.02749234
29,828.750244,4452d828f84c6a2b2dee9c7a81e6c102_shot_001_000,pixel_mse,full,0.02839934
29,828.750244,4452d828f84c6a2b2dee9c7a81e6c102_shot_001_000,ssim,mouth,0.56695831
29,828.750244,4452d828f84c6a2b2dee9c7a81e6c102_shot_001_000,ssim,full,0.65546393
29,828.750244,4452d828f84c6a2b2dee9c7a81e6c102_shot_001_000,lpips,mouth,0.41257858
29,828.750244,4452d828f84c6a2b2dee9c7a81e6c102_shot_001_000,lpips,full,0.36318979
29,828.750244,4452d828f84c6a2b2dee9c7a81e6c102_shot_001_000,sharpness,mouth,19.3062
29,828.750244,4452d828f84c6a2b2dee9c7a81e6c102_shot_001_000,lmd,mouth,6.513914
29,828.750244,4452d828f84c6a2b2dee9c7a81e6c102_shot_001_000,sync_d,mouth,7.941284
29,828.750244,4452d828f84c6a2b2dee9c7a81e6c102_shot_001_000,sync_c,mouth,6.592343
30,816.337830,4452d828f84c6a2b2dee9c7a81e6c102_shot_001_000,pixel_mse,mouth,0.02749893
30,816.337830,4452d828f84c6a2b2dee9c7a81e6c102_shot_001_000,pixel_mse,full,0.02842739
30,816.337830,4452d828f84c6a2b2dee9c7a81e6c102_shot_001_000,ssim,mouth,0.56695193
30,816.337830,4452d828f84c6a2b2dee9c7a81e6c102_shot_001_000,ssim,full,0.65468943
30,816.337830,4452d828f84c6a2b2dee9c7a81e6c102_shot_001_000,lpips,mouth,0.41176555
30,816.337830,4452d828f84c6a2b2dee9c7a81e6c102_shot_001_000,lpips,full,0.361029
30,816.337830,4452d828f84c6a2b2dee9c7a81e6c102_shot_001_000,sharpness,mouth,19.4671
30,816.337830,4452d828f84c6a2b2dee9c7a81e6c102_shot_001_000,lmd,mouth,6.555575
30,816.337830,4452d828f84c6a2b2dee9c7a81e6c102_shot_001_000,sync_d,mouth,7.895604
30,816.337830,4452d828f84c6a2b2dee9c7a81e6c102_shot_001_000,sync_c,mouth,6.627681
31,802.978699,4452d828f84c6a2b2dee9c7a81e6c102_shot_001_000,pixel_mse,mouth,0.02758296
31,802.978699,4452d828f84c6a2b2dee9c7a81e6c102_shot_001_000,pixel_mse,full,0.0284713
31,802.978699,4452d828f84c6a2b2dee9c7a81e6c102_shot_001_000,ssim,mouth,0.56629014
31,802.978699,4452d828f84c6a2b2dee9c7a81e6c102_shot_001_000,ssim,full,0.65377355
31,802.978699,4452d828f84c6a2b2dee9c7a81e6c102_shot_001_000,lpips,mouth,0.41254142
31,802.978699,4452d828f84c6a2b2dee9c7a81e6c102_shot_001_000,lpips,full,0.35909012
31,802.978699,4452d828f84c6a2b2dee9c7a81e6c102_shot_001_000,sharpness,mouth,19.3975
31,802.978699,4452d828f84c6a2b2dee9c7a81e6c102_shot_001_000,lmd,mouth,6.586098
31,802.978699,4452d828f84c6a2b2dee9c7a81e6c102_shot_001_000,sync_d,mouth,8.050246
31,802.978699,4452d828f84c6a2b2dee9c7a81e6c102_shot_001_000,sync_c,mouth,6.370084
32,788.560242,4452d828f84c6a2b2dee9c7a81e6c102_shot_001_000,pixel_mse,mouth,0.02759376
32,788.560242,4452d828f84c6a2b2dee9c7a81e6c102_shot_001_000,pixel_mse,full,0.02850105
32,788.560242,4452d828f84c6a2b2dee9c7a81e6c102_shot_001_000,ssim,mouth,0.56585771
32,788.560242,4452d828f84c6a2b2dee9c7a81e6c102_shot_001_000,ssim,full,0.65288669
32,788.560242,4452d828f84c6a2b2dee9c7a81e6c102_shot_001_000,lpips,mouth,0.41209307
32,788.560242,4452d828f84c6a2b2dee9c7a81e6c102_shot_001_000,lpips,full,0.3574883
32,788.560242,4452d828f84c6a2b2dee9c7a81e6c102_shot_001_000,sharpness,mouth,19.5401
32,788.560242,4452d828f84c6a2b2dee9c7a81e6c102_shot_001_000,lmd,mouth,6.575701
32,788.560242,4452d828f84c6a2b2dee9c7a81e6c102_shot_001_000,sync_d,mouth,8.133714
32,788.560242,4452d828f84c6a2b2dee9c7a81e6c102_shot_001_000,sync_c,mouth,6.386493
33,772.951477,4452d828f84c6a2b2dee9c7a81e6c102_shot_001_000,pixel_mse,mouth,0.02762999
33,772.951477,4452d828f84c6a2b2dee9c7a81e6c102_shot_001_000,pixel_mse,full,0.02855449
33,772.951477,4452d828f84c6a2b2dee9c7a81e6c102_shot_001_000,ssim,mouth,0.56529808
33,772.951477,4452d828f84c6a2b2dee9c7a81e6c102_shot_001_000,ssim,full,0.65193814
33,772.951477,4452d828f84c6a2b2dee9c7a81e6c102_shot_001_000,lpips,mouth,0.41208512
33,772.951477,4452d828f84c6a2b2dee9c7a81e6c102_shot_001_000,lpips,full,0.35559732
33,772.951477,4452d828f84c6a2b2dee9c7a81e6c102_shot_001_000,sharpness,mouth,19.6182
33,772.951477,4452d828f84c6a2b2dee9c7a81e6c102_shot_001_000,lmd,mouth,6.600316
33,772.951477,4452d828f84c6a2b2dee9c7a81e6c102_shot_001_000,sync_d,mouth,8.067646
33,772.951477,4452d828f84c6a2b2dee9c7a81e6c102_shot_001_000,sync_c,mouth,6.355821
34,755.998352,4452d828f84c6a2b2dee9c7a81e6c102_shot_001_000,pixel_mse,mouth,0.0276763
34,755.998352,4452d828f84c6a2b2dee9c7a81e6c102_shot_001_000,pixel_mse,full,0.02857439
34,755.998352,4452d828f84c6a2b2dee9c7a81e6c102_shot_001_000,ssim,mouth,0.56464261
34,755.998352,4452d828f84c6a2b2dee9c7a81e6c102_shot_001_000,ssim,full,0.65108389
34,755.998352,4452d828f84c6a2b2dee9c7a81e6c102_shot_001_000,lpips,mouth,0.4125315
34,755.998352,4452d828f84c6a2b2dee9c7a81e6c102_shot_001_000,lpips,full,0.35371131
34,755.998352,4452d828f84c6a2b2dee9c7a81e6c102_shot_001_000,sharpness,mouth,19.6917
34,755.998352,4452d828f84c6a2b2dee9c7a81e6c102_shot_001_000,lmd,mouth,6.637748
34,755.998352,4452d828f84c6a2b2dee9c7a81e6c102_shot_001_000,sync_d,mouth,8.16088
34,755.998352,4452d828f84c6a2b2dee9c7a81e6c102_shot_001_000,sync_c,mouth,6.26321
35,737.519714,4452d828f84c6a2b2dee9c7a81e6c102_shot_001_000,pixel_mse,mouth,0.02766592
35,737.519714,4452d828f84c6a2b2dee9c7a81e6c102_shot_001_000,pixel_mse,full,0.02859156
35,737.519714,4452d828f84c6a2b2dee9c7a81e6c102_shot_001_000,ssim,mouth,0.5644635
35,737.519714,4452d828f84c6a2b2dee9c7a81e6c102_shot_001_000,ssim,full,0.65030164
35,737.519714,4452d828f84c6a2b2dee9c7a81e6c102_shot_001_000,lpips,mouth,0.41218236
35,737.519714,4452d828f84c6a2b2dee9c7a81e6c102_shot_001_000,lpips,full,0.35211772
35,737.519714,4452d828f84c6a2b2dee9c7a81e6c102_shot_001_000,sharpness,mouth,19.7799
35,737.519714,4452d828f84c6a2b2dee9c7a81e6c102_shot_001_000,lmd,mouth,6.621354
35,737.519714,4452d828f84c6a2b2dee9c7a81e6c102_shot_001_000,sync_d,mouth,8.216724
35,737.519714,4452d828f84c6a2b2dee9c7a81e6c102_shot_001_000,sync_c,mouth,6.260285
36,717.299683,4452d828f84c6a2b2dee9c7a81e6c102_shot_001_000,pixel_mse,mouth,0.02771827
36,717.299683,4452d828f84c6a2b2dee9c7a81e6c102_shot_001_000,pixel_mse,full,0.02862427
36,717.299683,4452d828f84c6a2b2dee9c7a81e6c102_shot_001_000,ssim,mouth,0.56413525
36,717.299683,4452d828f84c6a2b2dee9c7a81e6c102_shot_001_000,ssim,full,0.64955151
36,717.299683,4452d828f84c6a2b2dee9c7a81e6c102_shot_001_000,lpips,mouth,0.41289285
36,717.299683,4452d828f84c6a2b2dee9c7a81e6c102_shot_001_000,lpips,full,0.35058326
36,717.299683,4452d828f84c6a2b2dee9c7a81e6c102_shot_001_000,sharpness,mouth,19.8394
36,717.299683,4452d828f84c6a2b2dee9c7a81e6c102_shot_001_000,lmd,mouth,6.598909
36,717.299683,4452d828f84c6a2b2dee9c7a81e6c102_shot_001_000,sync_d,mouth,8.340184
36,717.299683,4452d828f84c6a2b2dee9c7a81e6c102_shot_001_000,sync_c,mouth,6.15254
37,695.080139,4452d828f84c6a2b2dee9c7a81e6c102_shot_001_000,pixel_mse,mouth,0.02774185
37,695.080139,4452d828f84c6a2b2dee9c7a81e6c102_shot_001_000,pixel_mse,full,0.02865642
37,695.080139,4452d828f84c6a2b2dee9c7a81e6c102_shot_001_000,ssim,mouth,0.56371766
37,695.080139,4452d828f84c6a2b2dee9c7a81e6c102_shot_001_000,ssim,full,0.64882284
37,695.080139,4452d828f84c6a2b2dee9c7a81e6c102_shot_001_000,lpips,mouth,0.41160601
37,695.080139,4452d828f84c6a2b2dee9c7a81e6c102_shot_001_000,lpips,full,0.34899837
37,695.080139,4452d828f84c6a2b2dee9c7a81e6c102_shot_001_000,sharpness,mouth,19.7408
37,695.080139,4452d828f84c6a2b2dee9c7a81e6c102_shot_001_000,lmd,mouth,6.613234
37,695.080139,4452d828f84c6a2b2dee9c7a81e6c102_shot_001_000,sync_d,mouth,8.339412
37,695.080139,4452d828f84c6a2b2dee9c7a81e6c102_shot_001_000,sync_c,mouth,6.122415
38,670.548828,4452d828f84c6a2b2dee9c7a81e6c102_shot_001_000,pixel_mse,mouth,0.02778075
38,670.548828,4452d828f84c6a2b2dee9c7a81e6c102_shot_001_000,pixel_mse,full,0.0286643
38,670.548828,4452d828f84c6a2b2dee9c7a81e6c102_shot_001_000,ssim,mouth,0.56311488
38,670.548828,4452d828f84c6a2b2dee9c7a81e6c102_shot_001_000,ssim,full,0.64809364
38,670.548828,4452d828f84c6a2b2dee9c7a81e6c102_shot_001_000,lpips,mouth,0.4123992
38,670.548828,4452d828f84c6a2b2dee9c7a81e6c102_shot_001_000,lpips,full,0.34721857
38,670.548828,4452d828f84c6a2b2dee9c7a81e6c102_shot_001_000,sharpness,mouth,19.7359
38,670.548828,4452d828f84c6a2b2dee9c7a81e6c102_shot_001_000,lmd,mouth,6.633956
38,670.548828,4452d828f84c6a2b2dee9c7a81e6c102_shot_001_000,sync_d,mouth,8.36995
38,670.548828,4452d828f84c6a2b2dee9c7a81e6c102_shot_001_000,sync_c,mouth,6.09335
39,643.325317,4452d828f84c6a2b2dee9c7a81e6c102_shot_001_000,pixel_mse,mouth,0.02785365
39,643.325317,4452d828f84c6a2b2dee9c7a81e6c102_shot_001_000,pixel_mse,full,0.02870017
39,643.325317,4452d828f84c6a2b2dee9c7a81e6c102_shot_001_000,ssim,mouth,0.56238174
39,643.325317,4452d828f84c6a2b2dee9c7a81e6c102_shot_001_000,ssim,full,0.64715576
39,643.325317,4452d828f84c6a2b2dee9c7a81e6c102_shot_001_000,lpips,mouth,0.41267192
39,643.325317,4452d828f84c6a2b2dee9c7a81e6c102_shot_001_000,lpips,full,0.34548441
39,643.325317,4452d828f84c6a2b2dee9c7a81e6c102_shot_001_000,sharpness,mouth,19.7841
39,643.325317,4452d828f84c6a2b2dee9c7a81e6c102_shot_001_000,lmd,mouth,6.691018
39,643.325317,4452d828f84c6a2b2dee9c7a81e6c102_shot_001_000,sync_d,mouth,8.484606
39,643.325317,4452d828f84c6a2b2dee9c7a81e6c102_shot_001_000,sync_c,mouth,5.905107
40,612.940735,4452d828f84c6a2b2dee9c7a81e6c102_shot_001_000,pixel_mse,mouth,0.02788046
40,612.940735,4452d828f84c6a2b2dee9c7a81e6c102_shot_001_000,pixel_mse,full,0.02871617
40,612.940735,4452d828f84c6a2b2dee9c7a81e6c102_shot_001_000,ssim,mouth,0.56182551
40,612.940735,4452d828f84c6a2b2dee9c7a81e6c102_shot_001_000,ssim,full,0.6463632
40,612.940735,4452d828f84c6a2b2dee9c7a81e6c102_shot_001_000,lpips,mouth,0.41214931
40,612.940735,4452d828f84c6a2b2dee9c7a81e6c102_shot_001_000,lpips,full,0.34378108
40,612.940735,4452d828f84c6a2b2dee9c7a81e6c102_shot_001_000,sharpness,mouth,19.8116
40,612.940735,4452d828f84c6a2b2dee9c7a81e6c102_shot_001_000,lmd,mouth,6.661085
40,612.940735,4452d828f84c6a2b2dee9c7a81e6c102_shot_001_000,sync_d,mouth,8.585324
40,612.940735,4452d828f84c6a2b2dee9c7a81e6c102_shot_001_000,sync_c,mouth,5.978081
41,578.810425,4452d828f84c6a2b2dee9c7a81e6c102_shot_001_000,pixel_mse,mouth,0.02790692
41,578.810425,4452d828f84c6a2b2dee9c7a81e6c102_shot_001_000,pixel_mse,full,0.02875891
41,578.810425,4452d828f84c6a2b2dee9c7a81e6c102_shot_001_000,ssim,mouth,0.56129777
41,578.810425,4452d828f84c6a2b2dee9c7a81e6c102_shot_001_000,ssim,full,0.64545381
41,578.810425,4452d828f84c6a2b2dee9c7a81e6c102_shot_001_000,lpips,mouth,0.41313162
41,578.810425,4452d828f84c6a2b2dee9c7a81e6c102_shot_001_000,lpips,full,0.34209517
41,578.810425,4452d828f84c6a2b2dee9c7a81e6c102_shot_001_000,sharpness,mouth,19.793
41,578.810425,4452d828f84c6a2b2dee9c7a81e6c102_shot_001_000,lmd,mouth,6.698966
41,578.810425,4452d828f84c6a2b2dee9c7a81e6c102_shot_001_000,sync_d,mouth,8.738255
41,578.810425,4452d828f84c6a2b2dee9c7a81e6c102_shot_001_000,sync_c,mouth,5.725638
42,540.196350,4452d828f84c6a2b2dee9c7a81e6c102_shot_001_000,pixel_mse,mouth,0.02794311
42,540.196350,4452d828f84c6a2b2dee9c7a81e6c102_shot_001_000,pixel_mse,full,0.02877538
42,540.196350,4452d828f84c6a2b2dee9c7a81e6c102_shot_001_000,ssim,mouth,0.56089383
42,540.196350,4452d828f84c6a2b2dee9c7a81e6c102_shot_001_000,ssim,full,0.64460588
42,540.196350,4452d828f84c6a2b2dee9c7a81e6c102_shot_001_000,lpips,mouth,0.4127728
42,540.196350,4452d828f84c6a2b2dee9c7a81e6c102_shot_001_000,lpips,full,0.34051099
42,540.196350,4452d828f84c6a2b2dee9c7a81e6c102_shot_001_000,sharpness,mouth,19.8414
42,540.196350,4452d828f84c6a2b2dee9c7a81e6c102_shot_001_000,lmd,mouth,6.721018
42,540.196350,4452d828f84c6a2b2dee9c7a81e6c102_shot_001_000,sync_d,mouth,8.742584
42,540.196350,4452d828f84c6a2b2dee9c7a81e6c102_shot_001_000,sync_c,mouth,5.698281
43,496.152893,4452d828f84c6a2b2dee9c7a81e6c102_shot_001_000,pixel_mse,mouth,0.02795566
43,496.152893,4452d828f84c6a2b2dee9c7a81e6c102_shot_001_000,pixel_mse,full,0.02879786
43,496.152893,4452d828f84c6a2b2dee9c7a81e6c102_shot_001_000,ssim,mouth,0.56019109
43,496.152893,4452d828f84c6a2b2dee9c7a81e6c102_shot_001_000,ssim,full,0.64366317
43,496.152893,4452d828f84c6a2b2dee9c7a81e6c102_shot_001_000,lpips,mouth,0.41272607
43,496.152893,4452d828f84c6a2b2dee9c7a81e6c102_shot_001_000,lpips,full,0.33871996
43,496.152893,4452d828f84c6a2b2dee9c7a81e6c102_shot_001_000,sharpness,mouth,19.8569
43,496.152893,4452d828f84c6a2b2dee9c7a81e6c102_shot_001_000,lmd,mouth,6.724602
43,496.152893,4452d828f84c6a2b2dee9c7a81e6c102_shot_001_000,sync_d,mouth,8.768211
43,496.152893,4452d828f84c6a2b2dee9c7a81e6c102_shot_001_000,sync_c,mouth,5.67626
44,445.448151,4452d828f84c6a2b2dee9c7a81e6c102_shot_001_000,pixel_mse,mouth,0.02800626
44,445.448151,4452d828f84c6a2b2dee9c7a81e6c102_shot_001_000,pixel_mse,full,0.02881753
44,445.448151,4452d828f84c6a2b2dee9c7a81e6c102_shot_001_000,ssim,mouth,0.55944008
44,445.448151,4452d828f84c6a2b2dee9c7a81e6c102_shot_001_000,ssim,full,0.64269
44,445.448151,4452d828f84c6a2b2dee9c7a81e6c102_shot_001_000,lpips,mouth,0.4127152
44,445.448151,4452d828f84c6a2b2dee9c7a81e6c102_shot_001_000,lpips,full,0.3369025
44,445.448151,4452d828f84c6a2b2dee9c7a81e6c102_shot_001_000,sharpness,mouth,19.8535
44,445.448151,4452d828f84c6a2b2dee9c7a81e6c102_shot_001_000,lmd,mouth,6.744455
44,445.448151,4452d828f84c6a2b2dee9c7a81e6c102_shot_001_000,sync_d,mouth,8.783167
44,445.448151,4452d828f84c6a2b2dee9c7a81e6c102_shot_001_000,sync_c,mouth,5.581701
45,386.447418,4452d828f84c6a2b2dee9c7a81e6c102_shot_001_000,pixel_mse,mouth,0.02806685
45,386.447418,4452d828f84c6a2b2dee9c7a81e6c102_shot_001_000,pixel_mse,full,0.02885891
45,386.447418,4452d828f84c6a2b2dee9c7a81e6c102_shot_001_000,ssim,mouth,0.558294
45,386.447418,4452d828f84c6a2b2dee9c7a81e6c102_shot_001_000,ssim,full,0.64139718
45,386.447418,4452d828f84c6a2b2dee9c7a81e6c102_shot_001_000,lpips,mouth,0.41311157
45,386.447418,4452d828f84c6a2b2dee9c7a81e6c102_shot_001_000,lpips,full,0.33503237
45,386.447418,4452d828f84c6a2b2dee9c7a81e6c102_shot_001_000,sharpness,mouth,19.8349
45,386.447418,4452d828f84c6a2b2dee9c7a81e6c102_shot_001_000,lmd,mouth,6.769384
45,386.447418,4452d828f84c6a2b2dee9c7a81e6c102_shot_001_000,sync_d,mouth,8.692177
45,386.447418,4452d828f84c6a2b2dee9c7a81e6c102_shot_001_000,sync_c,mouth,5.689784
46,316.933258,4452d828f84c6a2b2dee9c7a81e6c102_shot_001_000,pixel_mse,mouth,0.02807185
46,316.933258,4452d828f84c6a2b2dee9c7a81e6c102_shot_001_000,pixel_mse,full,0.02888115
46,316.933258,4452d828f84c6a2b2dee9c7a81e6c102_shot_001_000,ssim,mouth,0.55754286
46,316.933258,4452d828f84c6a2b2dee9c7a81e6c102_shot_001_000,ssim,full,0.64017862
46,316.933258,4452d828f84c6a2b2dee9c7a81e6c102_shot_001_000,lpips,mouth,0.41251469
46,316.933258,4452d828f84c6a2b2dee9c7a81e6c102_shot_001_000,lpips,full,0.33314094
46,316.933258,4452d828f84c6a2b2dee9c7a81e6c102_shot_001_000,sharpness,mouth,19.7599
46,316.933258,4452d828f84c6a2b2dee9c7a81e6c102_shot_001_000,lmd,mouth,6.751425
46,316.933258,4452d828f84c6a2b2dee9c7a81e6c102_shot_001_000,sync_d,mouth,8.723914
46,316.933258,4452d828f84c6a2b2dee9c7a81e6c102_shot_001_000,sync_c,mouth,5.667809
47,233.820694,4452d828f84c6a2b2dee9c7a81e6c102_shot_001_000,pixel_mse,mouth,0.02810783
47,233.820694,4452d828f84c6a2b2dee9c7a81e6c102_shot_001_000,pixel_mse,full,0.02891037
47,233.820694,4452d828f84c6a2b2dee9c7a81e6c102_shot_001_000,ssim,mouth,0.5565182
47,233.820694,4452d828f84c6a2b2dee9c7a81e6c102_shot_001_000,ssim,full,0.63882411
47,233.820694,4452d828f84c6a2b2dee9c7a81e6c102_shot_001_000,lpips,mouth,0.41181841
47,233.820694,4452d828f84c6a2b2dee9c7a81e6c102_shot_001_000,lpips,full,0.3315323
47,233.820694,4452d828f84c6a2b2dee9c7a81e6c102_shot_001_000,sharpness,mouth,19.7179
47,233.820694,4452d828f84c6a2b2dee9c7a81e6c102_shot_001_000,lmd,mouth,6.714361
47,233.820694,4452d828f84c6a2b2dee9c7a81e6c102_shot_001_000,sync_d,mouth,8.696568
47,233.820694,4452d828f84c6a2b2dee9c7a81e6c102_shot_001_000,sync_c,mouth,5.637801
48,132.687027,4452d828f84c6a2b2dee9c7a81e6c102_shot_001_000,pixel_mse,mouth,0.02811186
48,132.687027,4452d828f84c6a2b2dee9c7a81e6c102_shot_001_000,pixel_mse,full,0.02891932
48,132.687027,4452d828f84c6a2b2dee9c7a81e6c102_shot_001_000,ssim,mouth,0.55553269
48,132.687027,4452d828f84c6a2b2dee9c7a81e6c102_shot_001_000,ssim,full,0.63773334
48,132.687027,4452d828f84c6a2b2dee9c7a81e6c102_shot_001_000,lpips,mouth,0.41079012
48,132.687027,4452d828f84c6a2b2dee9c7a81e6c102_shot_001_000,lpips,full,0.3301844
48,132.687027,4452d828f84c6a2b2dee9c7a81e6c102_shot_001_000,sharpness,mouth,19.7885
48,132.687027,4452d828f84c6a2b2dee9c7a81e6c102_shot_001_000,lmd,mouth,6.729492
48,132.687027,4452d828f84c6a2b2dee9c7a81e6c102_shot_001_000,sync_d,mouth,8.824868
48,132.687027,4452d828f84c6a2b2dee9c7a81e6c102_shot_001_000,sync_c,mouth,5.491289
49,6.958251,4452d828f84c6a2b2dee9c7a81e6c102_shot_001_000,pixel_mse,mouth,0.02810579
49,6.958251,4452d828f84c6a2b2dee9c7a81e6c102_shot_001_000,pixel_mse,full,0.02891523
49,6.958251,4452d828f84c6a2b2dee9c7a81e6c102_shot_001_000,ssim,mouth,0.55524492
49,6.958251,4452d828f84c6a2b2dee9c7a81e6c102_shot_001_000,ssim,full,0.63776326
49,6.958251,4452d828f84c6a2b2dee9c7a81e6c102_shot_001_000,lpips,mouth,0.41075671
49,6.958251,4452d828f84c6a2b2dee9c7a81e6c102_shot_001_000,lpips,full,0.32942265
49,6.958251,4452d828f84c6a2b2dee9c7a81e6c102_shot_001_000,sharpness,mouth,19.479
49,6.958251,4452d828f84c6a2b2dee9c7a81e6c102_shot_001_000,lmd,mouth,6.757102
49,6.958251,4452d828f84c6a2b2dee9c7a81e6c102_shot_001_000,sync_d,mouth,8.752386
49,6.958251,4452d828f84c6a2b2dee9c7a81e6c102_shot_001_000,sync_c,mouth,5.573786
-1,gt,eb79a85e6b928add93a5fbf5168af5ac_shot_001_000,sharpness,mouth,61.6434
-1,gt,eb79a85e6b928add93a5fbf5168af5ac_shot_001_000,sync_d,mouth,8.478289
-1,gt,eb79a85e6b928add93a5fbf5168af5ac_shot_001_000,sync_c,mouth,6.715432
0,1000.000000,eb79a85e6b928add93a5fbf5168af5ac_shot_001_000,pixel_mse,mouth,0.00925284
0,1000.000000,eb79a85e6b928add93a5fbf5168af5ac_shot_001_000,pixel_mse,full,0.00818162
0,1000.000000,eb79a85e6b928add93a5fbf5168af5ac_shot_001_000,ssim,mouth,0.60883188
0,1000.000000,eb79a85e6b928add93a5fbf5168af5ac_shot_001_000,ssim,full,0.7932502
0,1000.000000,eb79a85e6b928add93a5fbf5168af5ac_shot_001_000,lpips,mouth,0.57087362
0,1000.000000,eb79a85e6b928add93a5fbf5168af5ac_shot_001_000,lpips,full,0.39076909
0,1000.000000,eb79a85e6b928add93a5fbf5168af5ac_shot_001_000,sharpness,mouth,28.9306
0,1000.000000,eb79a85e6b928add93a5fbf5168af5ac_shot_001_000,lmd,mouth,1.406637
0,1000.000000,eb79a85e6b928add93a5fbf5168af5ac_shot_001_000,sync_d,mouth,13.41944
0,1000.000000,eb79a85e6b928add93a5fbf5168af5ac_shot_001_000,sync_c,mouth,0.678369
1,997.035706,eb79a85e6b928add93a5fbf5168af5ac_shot_001_000,pixel_mse,mouth,0.00971389
1,997.035706,eb79a85e6b928add93a5fbf5168af5ac_shot_001_000,pixel_mse,full,0.00991606
1,997.035706,eb79a85e6b928add93a5fbf5168af5ac_shot_001_000,ssim,mouth,0.60831296
1,997.035706,eb79a85e6b928add93a5fbf5168af5ac_shot_001_000,ssim,full,0.78768271
1,997.035706,eb79a85e6b928add93a5fbf5168af5ac_shot_001_000,lpips,mouth,0.56224006
1,997.035706,eb79a85e6b928add93a5fbf5168af5ac_shot_001_000,lpips,full,0.40004081
1,997.035706,eb79a85e6b928add93a5fbf5168af5ac_shot_001_000,sharpness,mouth,26.8781
1,997.035706,eb79a85e6b928add93a5fbf5168af5ac_shot_001_000,lmd,mouth,1.356169
1,997.035706,eb79a85e6b928add93a5fbf5168af5ac_shot_001_000,sync_d,mouth,13.406114
1,997.035706,eb79a85e6b928add93a5fbf5168af5ac_shot_001_000,sync_c,mouth,0.619729
2,993.963867,eb79a85e6b928add93a5fbf5168af5ac_shot_001_000,pixel_mse,mouth,0.01028366
2,993.963867,eb79a85e6b928add93a5fbf5168af5ac_shot_001_000,pixel_mse,full,0.01179958
2,993.963867,eb79a85e6b928add93a5fbf5168af5ac_shot_001_000,ssim,mouth,0.60705179
2,993.963867,eb79a85e6b928add93a5fbf5168af5ac_shot_001_000,ssim,full,0.77996969
2,993.963867,eb79a85e6b928add93a5fbf5168af5ac_shot_001_000,lpips,mouth,0.55677992
2,993.963867,eb79a85e6b928add93a5fbf5168af5ac_shot_001_000,lpips,full,0.40908828
2,993.963867,eb79a85e6b928add93a5fbf5168af5ac_shot_001_000,sharpness,mouth,24.8074
2,993.963867,eb79a85e6b928add93a5fbf5168af5ac_shot_001_000,lmd,mouth,1.594396
2,993.963867,eb79a85e6b928add93a5fbf5168af5ac_shot_001_000,sync_d,mouth,13.618622
2,993.963867,eb79a85e6b928add93a5fbf5168af5ac_shot_001_000,sync_c,mouth,0.676307
3,990.779053,eb79a85e6b928add93a5fbf5168af5ac_shot_001_000,pixel_mse,mouth,0.01081528
3,990.779053,eb79a85e6b928add93a5fbf5168af5ac_shot_001_000,pixel_mse,full,0.01364785
3,990.779053,eb79a85e6b928add93a5fbf5168af5ac_shot_001_000,ssim,mouth,0.6051001
3,990.779053,eb79a85e6b928add93a5fbf5168af5ac_shot_001_000,ssim,full,0.77123255
3,990.779053,eb79a85e6b928add93a5fbf5168af5ac_shot_001_000,lpips,mouth,0.54554719
3,990.779053,eb79a85e6b928add93a5fbf5168af5ac_shot_001_000,lpips,full,0.41398069
3,990.779053,eb79a85e6b928add93a5fbf5168af5ac_shot_001_000,sharpness,mouth,23.8431
3,990.779053,eb79a85e6b928add93a5fbf5168af5ac_shot_001_000,lmd,mouth,1.38671
3,990.779053,eb79a85e6b928add93a5fbf5168af5ac_shot_001_000,sync_d,mouth,13.257916
3,990.779053,eb79a85e6b928add93a5fbf5168af5ac_shot_001_000,sync_c,mouth,0.9314
4,987.474243,eb79a85e6b928add93a5fbf5168af5ac_shot_001_000,pixel_mse,mouth,0.0112768
4,987.474243,eb79a85e6b928add93a5fbf5168af5ac_shot_001_000,pixel_mse,full,0.01543316
4,987.474243,eb79a85e6b928add93a5fbf5168af5ac_shot_001_000,ssim,mouth,0.6028502
4,987.474243,eb79a85e6b928add93a5fbf5168af5ac_shot_001_000,ssim,full,0.76302963
4,987.474243,eb79a85e6b928add93a5fbf5168af5ac_shot_001_000,lpips,mouth,0.5321275
4,987.474243,eb79a85e6b928add93a5fbf5168af5ac_shot_001_000,lpips,full,0.41103816
4,987.474243,eb79a85e6b928add93a5fbf5168af5ac_shot_001_000,sharpness,mouth,24.5687
4,987.474243,eb79a85e6b928add93a5fbf5168af5ac_shot_001_000,lmd,mouth,1.980561
4,987.474243,eb79a85e6b928add93a5fbf5168af5ac_shot_001_000,sync_d,mouth,12.744765
4,987.474243,eb79a85e6b928add93a5fbf5168af5ac_shot_001_000,sync_c,mouth,1.276583
5,984.043091,eb79a85e6b928add93a5fbf5168af5ac_shot_001_000,pixel_mse,mouth,0.01185818
5,984.043091,eb79a85e6b928add93a5fbf5168af5ac_shot_001_000,pixel_mse,full,0.01697757
5,984.043091,eb79a85e6b928add93a5fbf5168af5ac_shot_001_000,ssim,mouth,0.59806955
5,984.043091,eb79a85e6b928add93a5fbf5168af5ac_shot_001_000,ssim,full,0.75603175
5,984.043091,eb79a85e6b928add93a5fbf5168af5ac_shot_001_000,lpips,mouth,0.51528335
5,984.043091,eb79a85e6b928add93a5fbf5168af5ac_shot_001_000,lpips,full,0.40371329
5,984.043091,eb79a85e6b928add93a5fbf5168af5ac_shot_001_000,sharpness,mouth,26.2919
5,984.043091,eb79a85e6b928add93a5fbf5168af5ac_shot_001_000,lmd,mouth,1.394959
5,984.043091,eb79a85e6b928add93a5fbf5168af5ac_shot_001_000,sync_d,mouth,12.544178
5,984.043091,eb79a85e6b928add93a5fbf5168af5ac_shot_001_000,sync_c,mouth,1.848458
6,980.477844,eb79a85e6b928add93a5fbf5168af5ac_shot_001_000,pixel_mse,mouth,0.01239749
6,980.477844,eb79a85e6b928add93a5fbf5168af5ac_shot_001_000,pixel_mse,full,0.0179512
6,980.477844,eb79a85e6b928add93a5fbf5168af5ac_shot_001_000,ssim,mouth,0.59286863
6,980.477844,eb79a85e6b928add93a5fbf5168af5ac_shot_001_000,ssim,full,0.75156426
6,980.477844,eb79a85e6b928add93a5fbf5168af5ac_shot_001_000,lpips,mouth,0.49804166
6,980.477844,eb79a85e6b928add93a5fbf5168af5ac_shot_001_000,lpips,full,0.39280123
6,980.477844,eb79a85e6b928add93a5fbf5168af5ac_shot_001_000,sharpness,mouth,29.0704
6,980.477844,eb79a85e6b928add93a5fbf5168af5ac_shot_001_000,lmd,mouth,2.451955
6,980.477844,eb79a85e6b928add93a5fbf5168af5ac_shot_001_000,sync_d,mouth,12.182283
6,980.477844,eb79a85e6b928add93a5fbf5168af5ac_shot_001_000,sync_c,mouth,2.264398
7,976.770691,eb79a85e6b928add93a5fbf5168af5ac_shot_001_000,pixel_mse,mouth,0.0129174
7,976.770691,eb79a85e6b928add93a5fbf5168af5ac_shot_001_000,pixel_mse,full,0.01856551
7,976.770691,eb79a85e6b928add93a5fbf5168af5ac_shot_001_000,ssim,mouth,0.58746463
7,976.770691,eb79a85e6b928add93a5fbf5168af5ac_shot_001_000,ssim,full,0.74913114
7,976.770691,eb79a85e6b928add93a5fbf5168af5ac_shot_001_000,lpips,mouth,0.47671247
7,976.770691,eb79a85e6b928add93a5fbf5168af5ac_shot_001_000,lpips,full,0.37935883
7,976.770691,eb79a85e6b928add93a5fbf5168af5ac_shot_001_000,sharpness,mouth,32.5612
7,976.770691,eb79a85e6b928add93a5fbf5168af5ac_shot_001_000,lmd,mouth,5.00672
7,976.770691,eb79a85e6b928add93a5fbf5168af5ac_shot_001_000,sync_d,mouth,11.644936
7,976.770691,eb79a85e6b928add93a5fbf5168af5ac_shot_001_000,sync_c,mouth,2.749149
8,972.912842,eb79a85e6b928add93a5fbf5168af5ac_shot_001_000,pixel_mse,mouth,0.01363083
8,972.912842,eb79a85e6b928add93a5fbf5168af5ac_shot_001_000,pixel_mse,full,0.01901437
8,972.912842,eb79a85e6b928add93a5fbf5168af5ac_shot_001_000,ssim,mouth,0.58047342
8,972.912842,eb79a85e6b928add93a5fbf5168af5ac_shot_001_000,ssim,full,0.7473743
8,972.912842,eb79a85e6b928add93a5fbf5168af5ac_shot_001_000,lpips,mouth,0.46055853
8,972.912842,eb79a85e6b928add93a5fbf5168af5ac_shot_001_000,lpips,full,0.36631688
8,972.912842,eb79a85e6b928add93a5fbf5168af5ac_shot_001_000,sharpness,mouth,34.7071
8,972.912842,eb79a85e6b928add93a5fbf5168af5ac_shot_001_000,lmd,mouth,5.223431
8,972.912842,eb79a85e6b928add93a5fbf5168af5ac_shot_001_000,sync_d,mouth,11.581886
8,972.912842,eb79a85e6b928add93a5fbf5168af5ac_shot_001_000,sync_c,mouth,2.840668
9,968.895081,eb79a85e6b928add93a5fbf5168af5ac_shot_001_000,pixel_mse,mouth,0.01414445
9,968.895081,eb79a85e6b928add93a5fbf5168af5ac_shot_001_000,pixel_mse,full,0.01941631
9,968.895081,eb79a85e6b928add93a5fbf5168af5ac_shot_001_000,ssim,mouth,0.57490051
9,968.895081,eb79a85e6b928add93a5fbf5168af5ac_shot_001_000,ssim,full,0.74563664
9,968.895081,eb79a85e6b928add93a5fbf5168af5ac_shot_001_000,lpips,mouth,0.44667473
9,968.895081,eb79a85e6b928add93a5fbf5168af5ac_shot_001_000,lpips,full,0.35569981
9,968.895081,eb79a85e6b928add93a5fbf5168af5ac_shot_001_000,sharpness,mouth,37.5632
9,968.895081,eb79a85e6b928add93a5fbf5168af5ac_shot_001_000,lmd,mouth,4.864258
9,968.895081,eb79a85e6b928add93a5fbf5168af5ac_shot_001_000,sync_d,mouth,11.314219
9,968.895081,eb79a85e6b928add93a5fbf5168af5ac_shot_001_000,sync_c,mouth,3.095381
10,964.707153,eb79a85e6b928add93a5fbf5168af5ac_shot_001_000,pixel_mse,mouth,0.01494531
10,964.707153,eb79a85e6b928add93a5fbf5168af5ac_shot_001_000,pixel_mse,full,0.01980851
10,964.707153,eb79a85e6b928add93a5fbf5168af5ac_shot_001_000,ssim,mouth,0.56789029
10,964.707153,eb79a85e6b928add93a5fbf5168af5ac_shot_001_000,ssim,full,0.74413037
10,964.707153,eb79a85e6b928add93a5fbf5168af5ac_shot_001_000,lpips,mouth,0.43481866
10,964.707153,eb79a85e6b928add93a5fbf5168af5ac_shot_001_000,lpips,full,0.34661373
10,964.707153,eb79a85e6b928add93a5fbf5168af5ac_shot_001_000,sharpness,mouth,38.1752
10,964.707153,eb79a85e6b928add93a5fbf5168af5ac_shot_001_000,lmd,mouth,5.328398
10,964.707153,eb79a85e6b928add93a5fbf5168af5ac_shot_001_000,sync_d,mouth,11.19207
10,964.707153,eb79a85e6b928add93a5fbf5168af5ac_shot_001_000,sync_c,mouth,3.172441
11,960.337952,eb79a85e6b928add93a5fbf5168af5ac_shot_001_000,pixel_mse,mouth,0.01554215
11,960.337952,eb79a85e6b928add93a5fbf5168af5ac_shot_001_000,pixel_mse,full,0.02005481
11,960.337952,eb79a85e6b928add93a5fbf5168af5ac_shot_001_000,ssim,mouth,0.56249303
11,960.337952,eb79a85e6b928add93a5fbf5168af5ac_shot_001_000,ssim,full,0.74271238
11,960.337952,eb79a85e6b928add93a5fbf5168af5ac_shot_001_000,lpips,mouth,0.42125335
11,960.337952,eb79a85e6b928add93a5fbf5168af5ac_shot_001_000,lpips,full,0.33802068
11,960.337952,eb79a85e6b928add93a5fbf5168af5ac_shot_001_000,sharpness,mouth,39.975
11,960.337952,eb79a85e6b928add93a5fbf5168af5ac_shot_001_000,lmd,mouth,5.137773
11,960.337952,eb79a85e6b928add93a5fbf5168af5ac_shot_001_000,sync_d,mouth,10.854462
11,960.337952,eb79a85e6b928add93a5fbf5168af5ac_shot_001_000,sync_c,mouth,3.436222
12,955.775635,eb79a85e6b928add93a5fbf5168af5ac_shot_001_000,pixel_mse,mouth,0.01594978
12,955.775635,eb79a85e6b928add93a5fbf5168af5ac_shot_001_000,pixel_mse,full,0.02024769
12,955.775635,eb79a85e6b928add93a5fbf5168af5ac_shot_001_000,ssim,mouth,0.5582357
12,955.775635,eb79a85e6b928add93a5fbf5168af5ac_shot_001_000,ssim,full,0.74176788
12,955.775635,eb79a85e6b928add93a5fbf5168af5ac_shot_001_000,lpips,mouth,0.40969929
12,955.775635,eb79a85e6b928add93a5fbf5168af5ac_shot_001_000,lpips,full,0.33023873
12,955.775635,eb79a85e6b928add93a5fbf5168af5ac_shot_001_000,sharpness,mouth,41.0556
12,955.775635,eb79a85e6b928add93a5fbf5168af5ac_shot_001_000,lmd,mouth,5.178756
12,955.775635,eb79a85e6b928add93a5fbf5168af5ac_shot_001_000,sync_d,mouth,10.821808
12,955.775635,eb79a85e6b928add93a5fbf5168af5ac_shot_001_000,sync_c,mouth,3.512916
13,951.006897,eb79a85e6b928add93a5fbf5168af5ac_shot_001_000,pixel_mse,mouth,0.01632515
13,951.006897,eb79a85e6b928add93a5fbf5168af5ac_shot_001_000,pixel_mse,full,0.02045662
13,951.006897,eb79a85e6b928add93a5fbf5168af5ac_shot_001_000,ssim,mouth,0.55483526
13,951.006897,eb79a85e6b928add93a5fbf5168af5ac_shot_001_000,ssim,full,0.74091405
13,951.006897,eb79a85e6b928add93a5fbf5168af5ac_shot_001_000,lpips,mouth,0.39976582
13,951.006897,eb79a85e6b928add93a5fbf5168af5ac_shot_001_000,lpips,full,0.32266608
13,951.006897,eb79a85e6b928add93a5fbf5168af5ac_shot_001_000,sharpness,mouth,41.2076
13,951.006897,eb79a85e6b928add93a5fbf5168af5ac_shot_001_000,lmd,mouth,5.354909
13,951.006897,eb79a85e6b928add93a5fbf5168af5ac_shot_001_000,sync_d,mouth,10.741047
13,951.006897,eb79a85e6b928add93a5fbf5168af5ac_shot_001_000,sync_c,mouth,3.693787
14,946.017517,eb79a85e6b928add93a5fbf5168af5ac_shot_001_000,pixel_mse,mouth,0.016683
14,946.017517,eb79a85e6b928add93a5fbf5168af5ac_shot_001_000,pixel_mse,full,0.02061905
14,946.017517,eb79a85e6b928add93a5fbf5168af5ac_shot_001_000,ssim,mouth,0.55136263
14,946.017517,eb79a85e6b928add93a5fbf5168af5ac_shot_001_000,ssim,full,0.73993987
14,946.017517,eb79a85e6b928add93a5fbf5168af5ac_shot_001_000,lpips,mouth,0.39097539
14,946.017517,eb79a85e6b928add93a5fbf5168af5ac_shot_001_000,lpips,full,0.31585589
14,946.017517,eb79a85e6b928add93a5fbf5168af5ac_shot_001_000,sharpness,mouth,41.7909
14,946.017517,eb79a85e6b928add93a5fbf5168af5ac_shot_001_000,lmd,mouth,5.377286
14,946.017517,eb79a85e6b928add93a5fbf5168af5ac_shot_001_000,sync_d,mouth,10.41642
14,946.017517,eb79a85e6b928add93a5fbf5168af5ac_shot_001_000,sync_c,mouth,3.953834
15,940.791870,eb79a85e6b928add93a5fbf5168af5ac_shot_001_000,pixel_mse,mouth,0.01695183
15,940.791870,eb79a85e6b928add93a5fbf5168af5ac_shot_001_000,pixel_mse,full,0.02074604
15,940.791870,eb79a85e6b928add93a5fbf5168af5ac_shot_001_000,ssim,mouth,0.54735893
15,940.791870,eb79a85e6b928add93a5fbf5168af5ac_shot_001_000,ssim,full,0.7390129
15,940.791870,eb79a85e6b928add93a5fbf5168af5ac_shot_001_000,lpips,mouth,0.38391891
15,940.791870,eb79a85e6b928add93a5fbf5168af5ac_shot_001_000,lpips,full,0.31005147
15,940.791870,eb79a85e6b928add93a5fbf5168af5ac_shot_001_000,sharpness,mouth,42.1727
15,940.791870,eb79a85e6b928add93a5fbf5168af5ac_shot_001_000,lmd,mouth,5.469011
15,940.791870,eb79a85e6b928add93a5fbf5168af5ac_shot_001_000,sync_d,mouth,10.32849
15,940.791870,eb79a85e6b928add93a5fbf5168af5ac_shot_001_000,sync_c,mouth,4.132633
16,935.312622,eb79a85e6b928add93a5fbf5168af5ac_shot_001_000,pixel_mse,mouth,0.01722392
16,935.312622,eb79a85e6b928add93a5fbf5168af5ac_shot_001_000,pixel_mse,full,0.02083107
16,935.312622,eb79a85e6b928add93a5fbf5168af5ac_shot_001_000,ssim,mouth,0.5437122
16,935.312622,eb79a85e6b928add93a5fbf5168af5ac_shot_001_000,ssim,full,0.73831975
16,935.312622,eb79a85e6b928add93a5fbf5168af5ac_shot_001_000,lpips,mouth,0.37550831
16,935.312622,eb79a85e6b928add93a5fbf5168af5ac_shot_001_000,lpips,full,0.30385798
16,935.312622,eb79a85e6b928add93a5fbf5168af5ac_shot_001_000,sharpness,mouth,42.4757
16,935.312622,eb79a85e6b928add93a5fbf5168af5ac_shot_001_000,lmd,mouth,5.484064
16,935.312622,eb79a85e6b928add93a5fbf5168af5ac_shot_001_000,sync_d,mouth,10.033289
16,935.312622,eb79a85e6b928add93a5fbf5168af5ac_shot_001_000,sync_c,mouth,4.390458
17,929.560913,eb79a85e6b928add93a5fbf5168af5ac_shot_001_000,pixel_mse,mouth,0.01741739
17,929.560913,eb79a85e6b928add93a5fbf5168af5ac_shot_001_000,pixel_mse,full,0.02094203
17,929.560913,eb79a85e6b928add93a5fbf5168af5ac_shot_001_000,ssim,mouth,0.54084653
17,929.560913,eb79a85e6b928add93a5fbf5168af5ac_shot_001_000,ssim,full,0.73748946
17,929.560913,eb79a85e6b928add93a5fbf5168af5ac_shot_001_000,lpips,mouth,0.36925516
17,929.560913,eb79a85e6b928add93a5fbf5168af5ac_shot_001_000,lpips,full,0.29847836
17,929.560913,eb79a85e6b928add93a5fbf5168af5ac_shot_001_000,sharpness,mouth,42.5103
17,929.560913,eb79a85e6b928add93a5fbf5168af5ac_shot_001_000,lmd,mouth,5.485942
17,929.560913,eb79a85e6b928add93a5fbf5168af5ac_shot_001_000,sync_d,mouth,10.151603
17,929.560913,eb79a85e6b928add93a5fbf5168af5ac_shot_001_000,sync_c,mouth,4.298107
18,923.515991,eb79a85e6b928add93a5fbf5168af5ac_shot_001_000,pixel_mse,mouth,0.01745955
18,923.515991,eb79a85e6b928add93a5fbf5168af5ac_shot_001_000,pixel_mse,full,0.02099407
18,923.515991,eb79a85e6b928add93a5fbf5168af5ac_shot_001_000,ssim,mouth,0.53957665
18,923.515991,eb79a85e6b928add93a5fbf5168af5ac_shot_001_000,ssim,full,0.73677462
18,923.515991,eb79a85e6b928add93a5fbf5168af5ac_shot_001_000,lpips,mouth,0.3645812
18,923.515991,eb79a85e6b928add93a5fbf5168af5ac_shot_001_000,lpips,full,0.29342914
18,923.515991,eb79a85e6b928add93a5fbf5168af5ac_shot_001_000,sharpness,mouth,42.4539
18,923.515991,eb79a85e6b928add93a5fbf5168af5ac_shot_001_000,lmd,mouth,5.53652
18,923.515991,eb79a85e6b928add93a5fbf5168af5ac_shot_001_000,sync_d,mouth,10.022479
18,923.515991,eb79a85e6b928add93a5fbf5168af5ac_shot_001_000,sync_c,mouth,4.392318
19,917.154785,eb79a85e6b928add93a5fbf5168af5ac_shot_001_000,pixel_mse,mouth,0.01754317
19,917.154785,eb79a85e6b928add93a5fbf5168af5ac_shot_001_000,pixel_mse,full,0.0210784
19,917.154785,eb79a85e6b928add93a5fbf5168af5ac_shot_001_000,ssim,mouth,0.5372811
19,917.154785,eb79a85e6b928add93a5fbf5168af5ac_shot_001_000,ssim,full,0.73597288
19,917.154785,eb79a85e6b928add93a5fbf5168af5ac_shot_001_000,lpips,mouth,0.35993487
19,917.154785,eb79a85e6b928add93a5fbf5168af5ac_shot_001_000,lpips,full,0.28854796
19,917.154785,eb79a85e6b928add93a5fbf5168af5ac_shot_001_000,sharpness,mouth,42.6639
19,917.154785,eb79a85e6b928add93a5fbf5168af5ac_shot_001_000,lmd,mouth,5.542836
19,917.154785,eb79a85e6b928add93a5fbf5168af5ac_shot_001_000,sync_d,mouth,9.99603
19,917.154785,eb79a85e6b928add93a5fbf5168af5ac_shot_001_000,sync_c,mouth,4.479586
20,910.451721,eb79a85e6b928add93a5fbf5168af5ac_shot_001_000,pixel_mse,mouth,0.01766554
20,910.451721,eb79a85e6b928add93a5fbf5168af5ac_shot_001_000,pixel_mse,full,0.02115014
20,910.451721,eb79a85e6b928add93a5fbf5168af5ac_shot_001_000,ssim,mouth,0.53503609
20,910.451721,eb79a85e6b928add93a5fbf5168af5ac_shot_001_000,ssim,full,0.73505169
20,910.451721,eb79a85e6b928add93a5fbf5168af5ac_shot_001_000,lpips,mouth,0.3546907
20,910.451721,eb79a85e6b928add93a5fbf5168af5ac_shot_001_000,lpips,full,0.28432864
20,910.451721,eb79a85e6b928add93a5fbf5168af5ac_shot_001_000,sharpness,mouth,42.5508
20,910.451721,eb79a85e6b928add93a5fbf5168af5ac_shot_001_000,lmd,mouth,5.482083
20,910.451721,eb79a85e6b928add93a5fbf5168af5ac_shot_001_000,sync_d,mouth,9.93922
20,910.451721,eb79a85e6b928add93a5fbf5168af5ac_shot_001_000,sync_c,mouth,4.650211
21,903.378723,eb79a85e6b928add93a5fbf5168af5ac_shot_001_000,pixel_mse,mouth,0.01784506
21,903.378723,eb79a85e6b928add93a5fbf5168af5ac_shot_001_000,pixel_mse,full,0.02118875
21,903.378723,eb79a85e6b928add93a5fbf5168af5ac_shot_001_000,ssim,mouth,0.53233469
21,903.378723,eb79a85e6b928add93a5fbf5168af5ac_shot_001_000,ssim,full,0.73430949
21,903.378723,eb79a85e6b928add93a5fbf5168af5ac_shot_001_000,lpips,mouth,0.35044757
21,903.378723,eb79a85e6b928add93a5fbf5168af5ac_shot_001_000,lpips,full,0.28070313
21,903.378723,eb79a85e6b928add93a5fbf5168af5ac_shot_001_000,sharpness,mouth,42.3205
21,903.378723,eb79a85e6b928add93a5fbf5168af5ac_shot_001_000,lmd,mouth,5.460384
21,903.378723,eb79a85e6b928add93a5fbf5168af5ac_shot_001_000,sync_d,mouth,9.868126
21,903.378723,eb79a85e6b928add93a5fbf5168af5ac_shot_001_000,sync_c,mouth,4.631324
22,895.903931,eb79a85e6b928add93a5fbf5168af5ac_shot_001_000,pixel_mse,mouth,0.01788088
22,895.903931,eb79a85e6b928add93a5fbf5168af5ac_shot_001_000,pixel_mse,full,0.02122466
22,895.903931,eb79a85e6b928add93a5fbf5168af5ac_shot_001_000,ssim,mouth,0.53095287
22,895.903931,eb79a85e6b928add93a5fbf5168af5ac_shot_001_000,ssim,full,0.73366511
22,895.903931,eb79a85e6b928add93a5fbf5168af5ac_shot_001_000,lpips,mouth,0.34794876
22,895.903931,eb79a85e6b928add93a5fbf5168af5ac_shot_001_000,lpips,full,0.27725518
22,895.903931,eb79a85e6b928add93a5fbf5168af5ac_shot_001_000,sharpness,mouth,41.3979
22,895.903931,eb79a85e6b928add93a5fbf5168af5ac_shot_001_000,lmd,mouth,5.483279
22,895.903931,eb79a85e6b928add93a5fbf5168af5ac_shot_001_000,sync_d,mouth,9.696936
22,895.903931,eb79a85e6b928add93a5fbf5168af5ac_shot_001_000,sync_c,mouth,4.834694
23,887.992493,eb79a85e6b928add93a5fbf5168af5ac_shot_001_000,pixel_mse,mouth,0.01794133
23,887.992493,eb79a85e6b928add93a5fbf5168af5ac_shot_001_000,pixel_mse,full,0.02128323
23,887.992493,eb79a85e6b928add93a5fbf5168af5ac_shot_001_000,ssim,mouth,0.52989382
23,887.992493,eb79a85e6b928add93a5fbf5168af5ac_shot_001_000,ssim,full,0.73304331
23,887.992493,eb79a85e6b928add93a5fbf5168af5ac_shot_001_000,lpips,mouth,0.34538668
23,887.992493,eb79a85e6b928add93a5fbf5168af5ac_shot_001_000,lpips,full,0.27467352
23,887.992493,eb79a85e6b928add93a5fbf5168af5ac_shot_001_000,sharpness,mouth,40.8316
23,887.992493,eb79a85e6b928add93a5fbf5168af5ac_shot_001_000,lmd,mouth,5.425749
23,887.992493,eb79a85e6b928add93a5fbf5168af5ac_shot_001_000,sync_d,mouth,9.905431
23,887.992493,eb79a85e6b928add93a5fbf5168af5ac_shot_001_000,sync_c,mouth,4.704757
24,879.604736,eb79a85e6b928add93a5fbf5168af5ac_shot_001_000,pixel_mse,mouth,0.01801907
24,879.604736,eb79a85e6b928add93a5fbf5168af5ac_shot_001_000,pixel_mse,full,0.02132214
24,879.604736,eb79a85e6b928add93a5fbf5168af5ac_shot_001_000,ssim,mouth,0.52822983
24,879.604736,eb79a85e6b928add93a5fbf5168af5ac_shot_001_000,ssim,full,0.73252898
24,879.604736,eb79a85e6b928add93a5fbf5168af5ac_shot_001_000,lpips,mouth,0.34381419
24,879.604736,eb79a85e6b928add93a5fbf5168af5ac_shot_001_000,lpips,full,0.27216971
24,879.604736,eb79a85e6b928add93a5fbf5168af5ac_shot_001_000,sharpness,mouth,39.9513
24,879.604736,eb79a85e6b928add93a5fbf5168af5ac_shot_001_000,lmd,mouth,5.496959
24,879.604736,eb79a85e6b928add93a5fbf5168af5ac_shot_001_000,sync_d,mouth,9.700866
24,879.604736,eb79a85e6b928add93a5fbf5168af5ac_shot_001_000,sync_c,mouth,4.903258
25,870.696350,eb79a85e6b928add93a5fbf5168af5ac_shot_001_000,pixel_mse,mouth,0.01813853
25,870.696350,eb79a85e6b928add93a5fbf5168af5ac_shot_001_000,pixel_mse,full,0.02135107
25,870.696350,eb79a85e6b928add93a5fbf5168af5ac_shot_001_000,ssim,mouth,0.52682501
25,870.696350,eb79a85e6b928add93a5fbf5168af5ac_shot_001_000,ssim,full,0.73203951
25,870.696350,eb79a85e6b928add93a5fbf5168af5ac_shot_001_000,lpips,mouth,0.34366524
25,870.696350,eb79a85e6b928add93a5fbf5168af5ac_shot_001_000,lpips,full,0.26999646
25,870.696350,eb79a85e6b928add93a5fbf5168af5ac_shot_001_000,sharpness,mouth,39.3652
25,870.696350,eb79a85e6b928add93a5fbf5168af5ac_shot_001_000,lmd,mouth,5.420455
25,870.696350,eb79a85e6b928add93a5fbf5168af5ac_shot_001_000,sync_d,mouth,9.59215
25,870.696350,eb79a85e6b928add93a5fbf5168af5ac_shot_001_000,sync_c,mouth,4.9688
26,861.217407,eb79a85e6b928add93a5fbf5168af5ac_shot_001_000,pixel_mse,mouth,0.01822521
26,861.217407,eb79a85e6b928add93a5fbf5168af5ac_shot_001_000,pixel_mse,full,0.02136329
26,861.217407,eb79a85e6b928add93a5fbf5168af5ac_shot_001_000,ssim,mouth,0.52543867
26,861.217407,eb79a85e6b928add93a5fbf5168af5ac_shot_001_000,ssim,full,0.73158932
26,861.217407,eb79a85e6b928add93a5fbf5168af5ac_shot_001_000,lpips,mouth,0.3427895
26,861.217407,eb79a85e6b928add93a5fbf5168af5ac_shot_001_000,lpips,full,0.26836315
26,861.217407,eb79a85e6b928add93a5fbf5168af5ac_shot_001_000,sharpness,mouth,38.5118
26,861.217407,eb79a85e6b928add93a5fbf5168af5ac_shot_001_000,lmd,mouth,5.389643
26,861.217407,eb79a85e6b928add93a5fbf5168af5ac_shot_001_000,sync_d,mouth,9.616103
26,861.217407,eb79a85e6b928add93a5fbf5168af5ac_shot_001_000,sync_c,mouth,4.905195
27,851.111145,eb79a85e6b928add93a5fbf5168af5ac_shot_001_000,pixel_mse,mouth,0.01822768
27,851.111145,eb79a85e6b928add93a5fbf5168af5ac_shot_001_000,pixel_mse,full,0.02137782
27,851.111145,eb79a85e6b928add93a5fbf5168af5ac_shot_001_000,ssim,mouth,0.52475387
27,851.111145,eb79a85e6b928add93a5fbf5168af5ac_shot_001_000,ssim,full,0.73122346
27,851.111145,eb79a85e6b928add93a5fbf5168af5ac_shot_001_000,lpips,mouth,0.34182167
27,851.111145,eb79a85e6b928add93a5fbf5168af5ac_shot_001_000,lpips,full,0.26678354
27,851.111145,eb79a85e6b928add93a5fbf5168af5ac_shot_001_000,sharpness,mouth,38.3676
27,851.111145,eb79a85e6b928add93a5fbf5168af5ac_shot_001_000,lmd,mouth,5.426963
27,851.111145,eb79a85e6b928add93a5fbf5168af5ac_shot_001_000,sync_d,mouth,9.320784
27,851.111145,eb79a85e6b928add93a5fbf5168af5ac_shot_001_000,sync_c,mouth,5.296752
28,840.313232,eb79a85e6b928add93a5fbf5168af5ac_shot_001_000,pixel_mse,mouth,0.01829098
28,840.313232,eb79a85e6b928add93a5fbf5168af5ac_shot_001_000,pixel_mse,full,0.02138536
28,840.313232,eb79a85e6b928add93a5fbf5168af5ac_shot_001_000,ssim,mouth,0.52428174
28,840.313232,eb79a85e6b928add93a5fbf5168af5ac_shot_001_000,ssim,full,0.73089546
28,840.313232,eb79a85e6b928add93a5fbf5168af5ac_shot_001_000,lpips,mouth,0.34053263
28,840.313232,eb79a85e6b928add93a5fbf5168af5ac_shot_001_000,lpips,full,0.26543477
28,840.313232,eb79a85e6b928add93a5fbf5168af5ac_shot_001_000,sharpness,mouth,38.009
28,840.313232,eb79a85e6b928add93a5fbf5168af5ac_shot_001_000,lmd,mouth,5.38219
28,840.313232,eb79a85e6b928add93a5fbf5168af5ac_shot_001_000,sync_d,mouth,9.516067
28,840.313232,eb79a85e6b928add93a5fbf5168af5ac_shot_001_000,sync_c,mouth,5.08505
29,828.750244,eb79a85e6b928add93a5fbf5168af5ac_shot_001_000,pixel_mse,mouth,0.01832247
29,828.750244,eb79a85e6b928add93a5fbf5168af5ac_shot_001_000,pixel_mse,full,0.02139918
29,828.750244,eb79a85e6b928add93a5fbf5168af5ac_shot_001_000,ssim,mouth,0.52374804
29,828.750244,eb79a85e6b928add93a5fbf5168af5ac_shot_001_000,ssim,full,0.7305584
29,828.750244,eb79a85e6b928add93a5fbf5168af5ac_shot_001_000,lpips,mouth,0.34031332
29,828.750244,eb79a85e6b928add93a5fbf5168af5ac_shot_001_000,lpips,full,0.26428306
29,828.750244,eb79a85e6b928add93a5fbf5168af5ac_shot_001_000,sharpness,mouth,37.7269
29,828.750244,eb79a85e6b928add93a5fbf5168af5ac_shot_001_000,lmd,mouth,5.353877
29,828.750244,eb79a85e6b928add93a5fbf5168af5ac_shot_001_000,sync_d,mouth,9.415854
29,828.750244,eb79a85e6b928add93a5fbf5168af5ac_shot_001_000,sync_c,mouth,5.250573
30,816.337830,eb79a85e6b928add93a5fbf5168af5ac_shot_001_000,pixel_mse,mouth,0.01833182
30,816.337830,eb79a85e6b928add93a5fbf5168af5ac_shot_001_000,pixel_mse,full,0.02139444
30,816.337830,eb79a85e6b928add93a5fbf5168af5ac_shot_001_000,ssim,mouth,0.52321303
30,816.337830,eb79a85e6b928add93a5fbf5168af5ac_shot_001_000,ssim,full,0.73032594
30,816.337830,eb79a85e6b928add93a5fbf5168af5ac_shot_001_000,lpips,mouth,0.33976448
30,816.337830,eb79a85e6b928add93a5fbf5168af5ac_shot_001_000,lpips,full,0.26326445
30,816.337830,eb79a85e6b928add93a5fbf5168af5ac_shot_001_000,sharpness,mouth,37.6015
30,816.337830,eb79a85e6b928add93a5fbf5168af5ac_shot_001_000,lmd,mouth,5.35342
30,816.337830,eb79a85e6b928add93a5fbf5168af5ac_shot_001_000,sync_d,mouth,9.370708
30,816.337830,eb79a85e6b928add93a5fbf5168af5ac_shot_001_000,sync_c,mouth,5.322552
31,802.978699,eb79a85e6b928add93a5fbf5168af5ac_shot_001_000,pixel_mse,mouth,0.01835536
31,802.978699,eb79a85e6b928add93a5fbf5168af5ac_shot_001_000,pixel_mse,full,0.02139156
31,802.978699,eb79a85e6b928add93a5fbf5168af5ac_shot_001_000,ssim,mouth,0.52281076
31,802.978699,eb79a85e6b928add93a5fbf5168af5ac_shot_001_000,ssim,full,0.73004037
31,802.978699,eb79a85e6b928add93a5fbf5168af5ac_shot_001_000,lpips,mouth,0.34061715
31,802.978699,eb79a85e6b928add93a5fbf5168af5ac_shot_001_000,lpips,full,0.26229522
31,802.978699,eb79a85e6b928add93a5fbf5168af5ac_shot_001_000,sharpness,mouth,36.9846
31,802.978699,eb79a85e6b928add93a5fbf5168af5ac_shot_001_000,lmd,mouth,5.332695
31,802.978699,eb79a85e6b928add93a5fbf5168af5ac_shot_001_000,sync_d,mouth,9.438833
31,802.978699,eb79a85e6b928add93a5fbf5168af5ac_shot_001_000,sync_c,mouth,5.262226
32,788.560242,eb79a85e6b928add93a5fbf5168af5ac_shot_001_000,pixel_mse,mouth,0.01837548
32,788.560242,eb79a85e6b928add93a5fbf5168af5ac_shot_001_000,pixel_mse,full,0.0213959
32,788.560242,eb79a85e6b928add93a5fbf5168af5ac_shot_001_000,ssim,mouth,0.52225709
32,788.560242,eb79a85e6b928add93a5fbf5168af5ac_shot_001_000,ssim,full,0.72980523
32,788.560242,eb79a85e6b928add93a5fbf5168af5ac_shot_001_000,lpips,mouth,0.3408263
32,788.560242,eb79a85e6b928add93a5fbf5168af5ac_shot_001_000,lpips,full,0.26165509
32,788.560242,eb79a85e6b928add93a5fbf5168af5ac_shot_001_000,sharpness,mouth,36.9176
32,788.560242,eb79a85e6b928add93a5fbf5168af5ac_shot_001_000,lmd,mouth,5.353348
32,788.560242,eb79a85e6b928add93a5fbf5168af5ac_shot_001_000,sync_d,mouth,9.61906
32,788.560242,eb79a85e6b928add93a5fbf5168af5ac_shot_001_000,sync_c,mouth,5.127317
33,772.951477,eb79a85e6b928add93a5fbf5168af5ac_shot_001_000,pixel_mse,mouth,0.0183898
33,772.951477,eb79a85e6b928add93a5fbf5168af5ac_shot_001_000,pixel_mse,full,0.02139327
33,772.951477,eb79a85e6b928add93a5fbf5168af5ac_shot_001_000,ssim,mouth,0.52150923
33,772.951477,eb79a85e6b928add93a5fbf5168af5ac_shot_001_000,ssim,full,0.72941518
33,772.951477,eb79a85e6b928add93a5fbf5168af5ac_shot_001_000,lpips,mouth,0.33841342
33,772.951477,eb79a85e6b928add93a5fbf5168af5ac_shot_001_000,lpips,full,0.26068172
33,772.951477,eb79a85e6b928add93a5fbf5168af5ac_shot_001_000,sharpness,mouth,36.3621
33,772.951477,eb79a85e6b928add93a5fbf5168af5ac_shot_001_000,lmd,mouth,5.37657
33,772.951477,eb79a85e6b928add93a5fbf5168af5ac_shot_001_000,sync_d,mouth,9.44908
33,772.951477,eb79a85e6b928add93a5fbf5168af5ac_shot_001_000,sync_c,mouth,5.339018
34,755.998352,eb79a85e6b928add93a5fbf5168af5ac_shot_001_000,pixel_mse,mouth,0.01840773
34,755.998352,eb79a85e6b928add93a5fbf5168af5ac_shot_001_000,pixel_mse,full,0.02138349
34,755.998352,eb79a85e6b928add93a5fbf5168af5ac_shot_001_000,ssim,mouth,0.52111065
34,755.998352,eb79a85e6b928add93a5fbf5168af5ac_shot_001_000,ssim,full,0.72915697
34,755.998352,eb79a85e6b928add93a5fbf5168af5ac_shot_001_000,lpips,mouth,0.33796832
34,755.998352,eb79a85e6b928add93a5fbf5168af5ac_shot_001_000,lpips,full,0.26003638
34,755.998352,eb79a85e6b928add93a5fbf5168af5ac_shot_001_000,sharpness,mouth,35.9657
34,755.998352,eb79a85e6b928add93a5fbf5168af5ac_shot_001_000,lmd,mouth,5.355646
34,755.998352,eb79a85e6b928add93a5fbf5168af5ac_shot_001_000,sync_d,mouth,9.55433
34,755.998352,eb79a85e6b928add93a5fbf5168af5ac_shot_001_000,sync_c,mouth,5.175376
35,737.519714,eb79a85e6b928add93a5fbf5168af5ac_shot_001_000,pixel_mse,mouth,0.0184039
35,737.519714,eb79a85e6b928add93a5fbf5168af5ac_shot_001_000,pixel_mse,full,0.02137527
35,737.519714,eb79a85e6b928add93a5fbf5168af5ac_shot_001_000,ssim,mouth,0.52070105
35,737.519714,eb79a85e6b928add93a5fbf5168af5ac_shot_001_000,ssim,full,0.72888827
35,737.519714,eb79a85e6b928add93a5fbf5168af5ac_shot_001_000,lpips,mouth,0.33790192
35,737.519714,eb79a85e6b928add93a5fbf5168af5ac_shot_001_000,lpips,full,0.25913188
35,737.519714,eb79a85e6b928add93a5fbf5168af5ac_shot_001_000,sharpness,mouth,35.9778
35,737.519714,eb79a85e6b928add93a5fbf5168af5ac_shot_001_000,lmd,mouth,5.325061
35,737.519714,eb79a85e6b928add93a5fbf5168af5ac_shot_001_000,sync_d,mouth,9.499457
35,737.519714,eb79a85e6b928add93a5fbf5168af5ac_shot_001_000,sync_c,mouth,5.256227
36,717.299683,eb79a85e6b928add93a5fbf5168af5ac_shot_001_000,pixel_mse,mouth,0.01837585
36,717.299683,eb79a85e6b928add93a5fbf5168af5ac_shot_001_000,pixel_mse,full,0.02136552
36,717.299683,eb79a85e6b928add93a5fbf5168af5ac_shot_001_000,ssim,mouth,0.52035916
36,717.299683,eb79a85e6b928add93a5fbf5168af5ac_shot_001_000,ssim,full,0.72863483
36,717.299683,eb79a85e6b928add93a5fbf5168af5ac_shot_001_000,lpips,mouth,0.33845624
36,717.299683,eb79a85e6b928add93a5fbf5168af5ac_shot_001_000,lpips,full,0.25841126
36,717.299683,eb79a85e6b928add93a5fbf5168af5ac_shot_001_000,sharpness,mouth,35.4924
36,717.299683,eb79a85e6b928add93a5fbf5168af5ac_shot_001_000,lmd,mouth,5.354306
36,717.299683,eb79a85e6b928add93a5fbf5168af5ac_shot_001_000,sync_d,mouth,9.67024
36,717.299683,eb79a85e6b928add93a5fbf5168af5ac_shot_001_000,sync_c,mouth,5.103561
37,695.080139,eb79a85e6b928add93a5fbf5168af5ac_shot_001_000,pixel_mse,mouth,0.01838309
37,695.080139,eb79a85e6b928add93a5fbf5168af5ac_shot_001_000,pixel_mse,full,0.02136434
37,695.080139,eb79a85e6b928add93a5fbf5168af5ac_shot_001_000,ssim,mouth,0.52028263
37,695.080139,eb79a85e6b928add93a5fbf5168af5ac_shot_001_000,ssim,full,0.72841811
37,695.080139,eb79a85e6b928add93a5fbf5168af5ac_shot_001_000,lpips,mouth,0.33839694
37,695.080139,eb79a85e6b928add93a5fbf5168af5ac_shot_001_000,lpips,full,0.25767109
37,695.080139,eb79a85e6b928add93a5fbf5168af5ac_shot_001_000,sharpness,mouth,35.032
37,695.080139,eb79a85e6b928add93a5fbf5168af5ac_shot_001_000,lmd,mouth,5.29917
37,695.080139,eb79a85e6b928add93a5fbf5168af5ac_shot_001_000,sync_d,mouth,9.835402
37,695.080139,eb79a85e6b928add93a5fbf5168af5ac_shot_001_000,sync_c,mouth,4.946658
38,670.548828,eb79a85e6b928add93a5fbf5168af5ac_shot_001_000,pixel_mse,mouth,0.01838098
38,670.548828,eb79a85e6b928add93a5fbf5168af5ac_shot_001_000,pixel_mse,full,0.02136261
38,670.548828,eb79a85e6b928add93a5fbf5168af5ac_shot_001_000,ssim,mouth,0.5200423
38,670.548828,eb79a85e6b928add93a5fbf5168af5ac_shot_001_000,ssim,full,0.72822624
38,670.548828,eb79a85e6b928add93a5fbf5168af5ac_shot_001_000,lpips,mouth,0.33813128
38,670.548828,eb79a85e6b928add93a5fbf5168af5ac_shot_001_000,lpips,full,0.25700864
38,670.548828,eb79a85e6b928add93a5fbf5168af5ac_shot_001_000,sharpness,mouth,34.5472
38,670.548828,eb79a85e6b928add93a5fbf5168af5ac_shot_001_000,lmd,mouth,5.385609
38,670.548828,eb79a85e6b928add93a5fbf5168af5ac_shot_001_000,sync_d,mouth,9.796986
38,670.548828,eb79a85e6b928add93a5fbf5168af5ac_shot_001_000,sync_c,mouth,4.948799
39,643.325317,eb79a85e6b928add93a5fbf5168af5ac_shot_001_000,pixel_mse,mouth,0.01838008
39,643.325317,eb79a85e6b928add93a5fbf5168af5ac_shot_001_000,pixel_mse,full,0.02135705
39,643.325317,eb79a85e6b928add93a5fbf5168af5ac_shot_001_000,ssim,mouth,0.51952797
39,643.325317,eb79a85e6b928add93a5fbf5168af5ac_shot_001_000,ssim,full,0.72796637
39,643.325317,eb79a85e6b928add93a5fbf5168af5ac_shot_001_000,lpips,mouth,0.33870497
39,643.325317,eb79a85e6b928add93a5fbf5168af5ac_shot_001_000,lpips,full,0.25601399
39,643.325317,eb79a85e6b928add93a5fbf5168af5ac_shot_001_000,sharpness,mouth,34.6737
39,643.325317,eb79a85e6b928add93a5fbf5168af5ac_shot_001_000,lmd,mouth,5.311059
39,643.325317,eb79a85e6b928add93a5fbf5168af5ac_shot_001_000,sync_d,mouth,9.989341
39,643.325317,eb79a85e6b928add93a5fbf5168af5ac_shot_001_000,sync_c,mouth,4.801514
40,612.940735,eb79a85e6b928add93a5fbf5168af5ac_shot_001_000,pixel_mse,mouth,0.01834513
40,612.940735,eb79a85e6b928add93a5fbf5168af5ac_shot_001_000,pixel_mse,full,0.02134538
40,612.940735,eb79a85e6b928add93a5fbf5168af5ac_shot_001_000,ssim,mouth,0.51930469
40,612.940735,eb79a85e6b928add93a5fbf5168af5ac_shot_001_000,ssim,full,0.72775394
40,612.940735,eb79a85e6b928add93a5fbf5168af5ac_shot_001_000,lpips,mouth,0.33889687
40,612.940735,eb79a85e6b928add93a5fbf5168af5ac_shot_001_000,lpips,full,0.25516194
40,612.940735,eb79a85e6b928add93a5fbf5168af5ac_shot_001_000,sharpness,mouth,34.5072
40,612.940735,eb79a85e6b928add93a5fbf5168af5ac_shot_001_000,lmd,mouth,5.273146
40,612.940735,eb79a85e6b928add93a5fbf5168af5ac_shot_001_000,sync_d,mouth,9.987451
40,612.940735,eb79a85e6b928add93a5fbf5168af5ac_shot_001_000,sync_c,mouth,4.816175
41,578.810425,eb79a85e6b928add93a5fbf5168af5ac_shot_001_000,pixel_mse,mouth,0.0183448
41,578.810425,eb79a85e6b928add93a5fbf5168af5ac_shot_001_000,pixel_mse,full,0.02134468
41,578.810425,eb79a85e6b928add93a5fbf5168af5ac_shot_001_000,ssim,mouth,0.51904935
41,578.810425,eb79a85e6b928add93a5fbf5168af5ac_shot_001_000,ssim,full,0.72755241
41,578.810425,eb79a85e6b928add93a5fbf5168af5ac_shot_001_000,lpips,mouth,0.33816808
41,578.810425,eb79a85e6b928add93a5fbf5168af5ac_shot_001_000,lpips,full,0.25411379
41,578.810425,eb79a85e6b928add93a5fbf5168af5ac_shot_001_000,sharpness,mouth,34.0217
41,578.810425,eb79a85e6b928add93a5fbf5168af5ac_shot_001_000,lmd,mouth,5.326272
41,578.810425,eb79a85e6b928add93a5fbf5168af5ac_shot_001_000,sync_d,mouth,10.052588
41,578.810425,eb79a85e6b928add93a5fbf5168af5ac_shot_001_000,sync_c,mouth,4.815007
42,540.196350,eb79a85e6b928add93a5fbf5168af5ac_shot_001_000,pixel_mse,mouth,0.01832581
42,540.196350,eb79a85e6b928add93a5fbf5168af5ac_shot_001_000,pixel_mse,full,0.02134749
42,540.196350,eb79a85e6b928add93a5fbf5168af5ac_shot_001_000,ssim,mouth,0.5188427
42,540.196350,eb79a85e6b928add93a5fbf5168af5ac_shot_001_000,ssim,full,0.72725981
42,540.196350,eb79a85e6b928add93a5fbf5168af5ac_shot_001_000,lpips,mouth,0.33669975
42,540.196350,eb79a85e6b928add93a5fbf5168af5ac_shot_001_000,lpips,full,0.25339586
42,540.196350,eb79a85e6b928add93a5fbf5168af5ac_shot_001_000,sharpness,mouth,34.2654
42,540.196350,eb79a85e6b928add93a5fbf5168af5ac_shot_001_000,lmd,mouth,5.339614
42,540.196350,eb79a85e6b928add93a5fbf5168af5ac_shot_001_000,sync_d,mouth,10.166055
42,540.196350,eb79a85e6b928add93a5fbf5168af5ac_shot_001_000,sync_c,mouth,4.675947
43,496.152893,eb79a85e6b928add93a5fbf5168af5ac_shot_001_000,pixel_mse,mouth,0.01837396
43,496.152893,eb79a85e6b928add93a5fbf5168af5ac_shot_001_000,pixel_mse,full,0.02134981
43,496.152893,eb79a85e6b928add93a5fbf5168af5ac_shot_001_000,ssim,mouth,0.51795566
43,496.152893,eb79a85e6b928add93a5fbf5168af5ac_shot_001_000,ssim,full,0.72692913
43,496.152893,eb79a85e6b928add93a5fbf5168af5ac_shot_001_000,lpips,mouth,0.33630866
43,496.152893,eb79a85e6b928add93a5fbf5168af5ac_shot_001_000,lpips,full,0.25257999
43,496.152893,eb79a85e6b928add93a5fbf5168af5ac_shot_001_000,sharpness,mouth,34.0963
43,496.152893,eb79a85e6b928add93a5fbf5168af5ac_shot_001_000,lmd,mouth,5.33189
43,496.152893,eb79a85e6b928add93a5fbf5168af5ac_shot_001_000,sync_d,mouth,10.145973
43,496.152893,eb79a85e6b928add93a5fbf5168af5ac_shot_001_000,sync_c,mouth,4.583952
44,445.448151,eb79a85e6b928add93a5fbf5168af5ac_shot_001_000,pixel_mse,mouth,0.01839269
44,445.448151,eb79a85e6b928add93a5fbf5168af5ac_shot_001_000,pixel_mse,full,0.02134271
44,445.448151,eb79a85e6b928add93a5fbf5168af5ac_shot_001_000,ssim,mouth,0.51738214
44,445.448151,eb79a85e6b928add93a5fbf5168af5ac_shot_001_000,ssim,full,0.7265659
44,445.448151,eb79a85e6b928add93a5fbf5168af5ac_shot_001_000,lpips,mouth,0.33534789
44,445.448151,eb79a85e6b928add93a5fbf5168af5ac_shot_001_000,lpips,full,0.2514711
44,445.448151,eb79a85e6b928add93a5fbf5168af5ac_shot_001_000,sharpness,mouth,33.9359
44,445.448151,eb79a85e6b928add93a5fbf5168af5ac_shot_001_000,lmd,mouth,5.341315
44,445.448151,eb79a85e6b928add93a5fbf5168af5ac_shot_001_000,sync_d,mouth,10.230402
44,445.448151,eb79a85e6b928add93a5fbf5168af5ac_shot_001_000,sync_c,mouth,4.511157
45,386.447418,eb79a85e6b928add93a5fbf5168af5ac_shot_001_000,pixel_mse,mouth,0.01842435
45,386.447418,eb79a85e6b928add93a5fbf5168af5ac_shot_001_000,pixel_mse,full,0.02134391
45,386.447418,eb79a85e6b928add93a5fbf5168af5ac_shot_001_000,ssim,mouth,0.51592827
45,386.447418,eb79a85e6b928add93a5fbf5168af5ac_shot_001_000,ssim,full,0.72593206
45,386.447418,eb79a85e6b928add93a5fbf5168af5ac_shot_001_000,lpips,mouth,0.33229083
45,386.447418,eb79a85e6b928add93a5fbf5168af5ac_shot_001_000,lpips,full,0.25012326
45,386.447418,eb79a85e6b928add93a5fbf5168af5ac_shot_001_000,sharpness,mouth,33.9869
45,386.447418,eb79a85e6b928add93a5fbf5168af5ac_shot_001_000,lmd,mouth,5.341088
45,386.447418,eb79a85e6b928add93a5fbf5168af5ac_shot_001_000,sync_d,mouth,10.13161
45,386.447418,eb79a85e6b928add93a5fbf5168af5ac_shot_001_000,sync_c,mouth,4.55352
46,316.933258,eb79a85e6b928add93a5fbf5168af5ac_shot_001_000,pixel_mse,mouth,0.01846033
46,316.933258,eb79a85e6b928add93a5fbf5168af5ac_shot_001_000,pixel_mse,full,0.02133124
46,316.933258,eb79a85e6b928add93a5fbf5168af5ac_shot_001_000,ssim,mouth,0.51529074
46,316.933258,eb79a85e6b928add93a5fbf5168af5ac_shot_001_000,ssim,full,0.72559881
46,316.933258,eb79a85e6b928add93a5fbf5168af5ac_shot_001_000,lpips,mouth,0.33303955
46,316.933258,eb79a85e6b928add93a5fbf5168af5ac_shot_001_000,lpips,full,0.2492453
46,316.933258,eb79a85e6b928add93a5fbf5168af5ac_shot_001_000,sharpness,mouth,33.8951
46,316.933258,eb79a85e6b928add93a5fbf5168af5ac_shot_001_000,lmd,mouth,5.459485
46,316.933258,eb79a85e6b928add93a5fbf5168af5ac_shot_001_000,sync_d,mouth,10.214913
46,316.933258,eb79a85e6b928add93a5fbf5168af5ac_shot_001_000,sync_c,mouth,4.540668
47,233.820694,eb79a85e6b928add93a5fbf5168af5ac_shot_001_000,pixel_mse,mouth,0.01851824
47,233.820694,eb79a85e6b928add93a5fbf5168af5ac_shot_001_000,pixel_mse,full,0.02133511
47,233.820694,eb79a85e6b928add93a5fbf5168af5ac_shot_001_000,ssim,mouth,0.51355284
47,233.820694,eb79a85e6b928add93a5fbf5168af5ac_shot_001_000,ssim,full,0.72495639
47,233.820694,eb79a85e6b928add93a5fbf5168af5ac_shot_001_000,lpips,mouth,0.33105952
47,233.820694,eb79a85e6b928add93a5fbf5168af5ac_shot_001_000,lpips,full,0.24821143
47,233.820694,eb79a85e6b928add93a5fbf5168af5ac_shot_001_000,sharpness,mouth,33.9219
47,233.820694,eb79a85e6b928add93a5fbf5168af5ac_shot_001_000,lmd,mouth,5.428481
47,233.820694,eb79a85e6b928add93a5fbf5168af5ac_shot_001_000,sync_d,mouth,10.160518
47,233.820694,eb79a85e6b928add93a5fbf5168af5ac_shot_001_000,sync_c,mouth,4.428764
48,132.687027,eb79a85e6b928add93a5fbf5168af5ac_shot_001_000,pixel_mse,mouth,0.01855017
48,132.687027,eb79a85e6b928add93a5fbf5168af5ac_shot_001_000,pixel_mse,full,0.02133277
48,132.687027,eb79a85e6b928add93a5fbf5168af5ac_shot_001_000,ssim,mouth,0.51230705
48,132.687027,eb79a85e6b928add93a5fbf5168af5ac_shot_001_000,ssim,full,0.72438097
48,132.687027,eb79a85e6b928add93a5fbf5168af5ac_shot_001_000,lpips,mouth,0.32858348
48,132.687027,eb79a85e6b928add93a5fbf5168af5ac_shot_001_000,lpips,full,0.24708545
48,132.687027,eb79a85e6b928add93a5fbf5168af5ac_shot_001_000,sharpness,mouth,33.7274
48,132.687027,eb79a85e6b928add93a5fbf5168af5ac_shot_001_000,lmd,mouth,5.448399
48,132.687027,eb79a85e6b928add93a5fbf5168af5ac_shot_001_000,sync_d,mouth,10.224418
48,132.687027,eb79a85e6b928add93a5fbf5168af5ac_shot_001_000,sync_c,mouth,4.400371
49,6.958251,eb79a85e6b928add93a5fbf5168af5ac_shot_001_000,pixel_mse,mouth,0.01854884
49,6.958251,eb79a85e6b928add93a5fbf5168af5ac_shot_001_000,pixel_mse,full,0.02132223
49,6.958251,eb79a85e6b928add93a5fbf5168af5ac_shot_001_000,ssim,mouth,0.51189351
49,6.958251,eb79a85e6b928add93a5fbf5168af5ac_shot_001_000,ssim,full,0.72463822
49,6.958251,eb79a85e6b928add93a5fbf5168af5ac_shot_001_000,lpips,mouth,0.32699305
49,6.958251,eb79a85e6b928add93a5fbf5168af5ac_shot_001_000,lpips,full,0.24639203
49,6.958251,eb79a85e6b928add93a5fbf5168af5ac_shot_001_000,sharpness,mouth,33.135
49,6.958251,eb79a85e6b928add93a5fbf5168af5ac_shot_001_000,lmd,mouth,5.421639
49,6.958251,eb79a85e6b928add93a5fbf5168af5ac_shot_001_000,sync_d,mouth,10.06968
49,6.958251,eb79a85e6b928add93a5fbf5168af5ac_shot_001_000,sync_c,mouth,4.531451
-1,gt,4d5b044b30051de4f0a6b2dc419ea9ca_shot_001_000,sharpness,mouth,18.4649
-1,gt,4d5b044b30051de4f0a6b2dc419ea9ca_shot_001_000,sync_d,mouth,12.525859
-1,gt,4d5b044b30051de4f0a6b2dc419ea9ca_shot_001_000,sync_c,mouth,1.688734
0,1000.000000,4d5b044b30051de4f0a6b2dc419ea9ca_shot_001_000,pixel_mse,mouth,0.02341843
0,1000.000000,4d5b044b30051de4f0a6b2dc419ea9ca_shot_001_000,pixel_mse,full,0.0095673
0,1000.000000,4d5b044b30051de4f0a6b2dc419ea9ca_shot_001_000,ssim,mouth,0.5795238
0,1000.000000,4d5b044b30051de4f0a6b2dc419ea9ca_shot_001_000,ssim,full,0.67271739
0,1000.000000,4d5b044b30051de4f0a6b2dc419ea9ca_shot_001_000,lpips,mouth,0.45293266
0,1000.000000,4d5b044b30051de4f0a6b2dc419ea9ca_shot_001_000,lpips,full,0.40971223
0,1000.000000,4d5b044b30051de4f0a6b2dc419ea9ca_shot_001_000,sharpness,mouth,10.5995
0,1000.000000,4d5b044b30051de4f0a6b2dc419ea9ca_shot_001_000,lmd,mouth,4.221536
1,997.035706,4d5b044b30051de4f0a6b2dc419ea9ca_shot_001_000,pixel_mse,mouth,0.02180739
1,997.035706,4d5b044b30051de4f0a6b2dc419ea9ca_shot_001_000,pixel_mse,full,0.00912374
1,997.035706,4d5b044b30051de4f0a6b2dc419ea9ca_shot_001_000,ssim,mouth,0.58620119
1,997.035706,4d5b044b30051de4f0a6b2dc419ea9ca_shot_001_000,ssim,full,0.68229818
1,997.035706,4d5b044b30051de4f0a6b2dc419ea9ca_shot_001_000,lpips,mouth,0.45299134
1,997.035706,4d5b044b30051de4f0a6b2dc419ea9ca_shot_001_000,lpips,full,0.40709367
1,997.035706,4d5b044b30051de4f0a6b2dc419ea9ca_shot_001_000,sharpness,mouth,10.1617
1,997.035706,4d5b044b30051de4f0a6b2dc419ea9ca_shot_001_000,lmd,mouth,4.294656
2,993.963867,4d5b044b30051de4f0a6b2dc419ea9ca_shot_001_000,pixel_mse,mouth,0.01820481
2,993.963867,4d5b044b30051de4f0a6b2dc419ea9ca_shot_001_000,pixel_mse,full,0.00823701
2,993.963867,4d5b044b30051de4f0a6b2dc419ea9ca_shot_001_000,ssim,mouth,0.60026789
2,993.963867,4d5b044b30051de4f0a6b2dc419ea9ca_shot_001_000,ssim,full,0.70913726
2,993.963867,4d5b044b30051de4f0a6b2dc419ea9ca_shot_001_000,lpips,mouth,0.45719561
2,993.963867,4d5b044b30051de4f0a6b2dc419ea9ca_shot_001_000,lpips,full,0.39886013
2,993.963867,4d5b044b30051de4f0a6b2dc419ea9ca_shot_001_000,sharpness,mouth,10.2081
2,993.963867,4d5b044b30051de4f0a6b2dc419ea9ca_shot_001_000,lmd,mouth,4.165302
3,990.779053,4d5b044b30051de4f0a6b2dc419ea9ca_shot_001_000,pixel_mse,mouth,0.01603876
3,990.779053,4d5b044b30051de4f0a6b2dc419ea9ca_shot_001_000,pixel_mse,full,0.00862092
3,990.779053,4d5b044b30051de4f0a6b2dc419ea9ca_shot_001_000,ssim,mouth,0.60795832
3,990.779053,4d5b044b30051de4f0a6b2dc419ea9ca_shot_001_000,ssim,full,0.72271645
3,990.779053,4d5b044b30051de4f0a6b2dc419ea9ca_shot_001_000,lpips,mouth,0.46092734
3,990.779053,4d5b044b30051de4f0a6b2dc419ea9ca_shot_001_000,lpips,full,0.39054254
3,990.779053,4d5b044b30051de4f0a6b2dc419ea9ca_shot_001_000,sharpness,mouth,10.4381
3,990.779053,4d5b044b30051de4f0a6b2dc419ea9ca_shot_001_000,lmd,mouth,4.047651
4,987.474243,4d5b044b30051de4f0a6b2dc419ea9ca_shot_001_000,pixel_mse,mouth,0.01371662
4,987.474243,4d5b044b30051de4f0a6b2dc419ea9ca_shot_001_000,pixel_mse,full,0.00904377
4,987.474243,4d5b044b30051de4f0a6b2dc419ea9ca_shot_001_000,ssim,mouth,0.61459249
4,987.474243,4d5b044b30051de4f0a6b2dc419ea9ca_shot_001_000,ssim,full,0.7358309
4,987.474243,4d5b044b30051de4f0a6b2dc419ea9ca_shot_001_000,lpips,mouth,0.46143642
4,987.474243,4d5b044b30051de4f0a6b2dc419ea9ca_shot_001_000,lpips,full,0.3718417
4,987.474243,4d5b044b30051de4f0a6b2dc419ea9ca_shot_001_000,sharpness,mouth,11.1807
4,987.474243,4d5b044b30051de4f0a6b2dc419ea9ca_shot_001_000,lmd,mouth,3.831634
5,984.043091,4d5b044b30051de4f0a6b2dc419ea9ca_shot_001_000,pixel_mse,mouth,0.01171134
5,984.043091,4d5b044b30051de4f0a6b2dc419ea9ca_shot_001_000,pixel_mse,full,0.00963955
5,984.043091,4d5b044b30051de4f0a6b2dc419ea9ca_shot_001_000,ssim,mouth,0.61524999
5,984.043091,4d5b044b30051de4f0a6b2dc419ea9ca_shot_001_000,ssim,full,0.73774141
5,984.043091,4d5b044b30051de4f0a6b2dc419ea9ca_shot_001_000,lpips,mouth,0.44567814
5,984.043091,4d5b044b30051de4f0a6b2dc419ea9ca_shot_001_000,lpips,full,0.35749003
5,984.043091,4d5b044b30051de4f0a6b2dc419ea9ca_shot_001_000,sharpness,mouth,11.3728
5,984.043091,4d5b044b30051de4f0a6b2dc419ea9ca_shot_001_000,lmd,mouth,4.279543
5,984.043091,4d5b044b30051de4f0a6b2dc419ea9ca_shot_001_000,sync_d,mouth,11.963581
5,984.043091,4d5b044b30051de4f0a6b2dc419ea9ca_shot_001_000,sync_c,mouth,0.677103
6,980.477844,4d5b044b30051de4f0a6b2dc419ea9ca_shot_001_000,pixel_mse,mouth,0.01126768
6,980.477844,4d5b044b30051de4f0a6b2dc419ea9ca_shot_001_000,pixel_mse,full,0.01029183
6,980.477844,4d5b044b30051de4f0a6b2dc419ea9ca_shot_001_000,ssim,mouth,0.60621709
6,980.477844,4d5b044b30051de4f0a6b2dc419ea9ca_shot_001_000,ssim,full,0.73492712
6,980.477844,4d5b044b30051de4f0a6b2dc419ea9ca_shot_001_000,lpips,mouth,0.41889182
6,980.477844,4d5b044b30051de4f0a6b2dc419ea9ca_shot_001_000,lpips,full,0.34726071
6,980.477844,4d5b044b30051de4f0a6b2dc419ea9ca_shot_001_000,sharpness,mouth,11.1164
6,980.477844,4d5b044b30051de4f0a6b2dc419ea9ca_shot_001_000,lmd,mouth,4.457473
6,980.477844,4d5b044b30051de4f0a6b2dc419ea9ca_shot_001_000,sync_d,mouth,11.896282
6,980.477844,4d5b044b30051de4f0a6b2dc419ea9ca_shot_001_000,sync_c,mouth,1.142051
7,976.770691,4d5b044b30051de4f0a6b2dc419ea9ca_shot_001_000,pixel_mse,mouth,0.01160157
7,976.770691,4d5b044b30051de4f0a6b2dc419ea9ca_shot_001_000,pixel_mse,full,0.01079874
7,976.770691,4d5b044b30051de4f0a6b2dc419ea9ca_shot_001_000,ssim,mouth,0.59574836
7,976.770691,4d5b044b30051de4f0a6b2dc419ea9ca_shot_001_000,ssim,full,0.73156595
7,976.770691,4d5b044b30051de4f0a6b2dc419ea9ca_shot_001_000,lpips,mouth,0.39974585
7,976.770691,4d5b044b30051de4f0a6b2dc419ea9ca_shot_001_000,lpips,full,0.33825544
7,976.770691,4d5b044b30051de4f0a6b2dc419ea9ca_shot_001_000,sharpness,mouth,10.8452
7,976.770691,4d5b044b30051de4f0a6b2dc419ea9ca_shot_001_000,lmd,mouth,3.914289
7,976.770691,4d5b044b30051de4f0a6b2dc419ea9ca_shot_001_000,sync_d,mouth,11.512148
7,976.770691,4d5b044b30051de4f0a6b2dc419ea9ca_shot_001_000,sync_c,mouth,2.004759
8,972.912842,4d5b044b30051de4f0a6b2dc419ea9ca_shot_001_000,pixel_mse,mouth,0.01211164
8,972.912842,4d5b044b30051de4f0a6b2dc419ea9ca_shot_001_000,pixel_mse,full,0.01113989
8,972.912842,4d5b044b30051de4f0a6b2dc419ea9ca_shot_001_000,ssim,mouth,0.58571279
8,972.912842,4d5b044b30051de4f0a6b2dc419ea9ca_shot_001_000,ssim,full,0.7273767
8,972.912842,4d5b044b30051de4f0a6b2dc419ea9ca_shot_001_000,lpips,mouth,0.38276544
8,972.912842,4d5b044b30051de4f0a6b2dc419ea9ca_shot_001_000,lpips,full,0.33123833
8,972.912842,4d5b044b30051de4f0a6b2dc419ea9ca_shot_001_000,sharpness,mouth,10.7634
8,972.912842,4d5b044b30051de4f0a6b2dc419ea9ca_shot_001_000,lmd,mouth,4.828078
8,972.912842,4d5b044b30051de4f0a6b2dc419ea9ca_shot_001_000,sync_d,mouth,11.024627
8,972.912842,4d5b044b30051de4f0a6b2dc419ea9ca_shot_001_000,sync_c,mouth,2.799193
9,968.895081,4d5b044b30051de4f0a6b2dc419ea9ca_shot_001_000,pixel_mse,mouth,0.01273018
9,968.895081,4d5b044b30051de4f0a6b2dc419ea9ca_shot_001_000,pixel_mse,full,0.01149273
9,968.895081,4d5b044b30051de4f0a6b2dc419ea9ca_shot_001_000,ssim,mouth,0.57625663
9,968.895081,4d5b044b30051de4f0a6b2dc419ea9ca_shot_001_000,ssim,full,0.72254366
9,968.895081,4d5b044b30051de4f0a6b2dc419ea9ca_shot_001_000,lpips,mouth,0.36828932
9,968.895081,4d5b044b30051de4f0a6b2dc419ea9ca_shot_001_000,lpips,full,0.32496756
9,968.895081,4d5b044b30051de4f0a6b2dc419ea9ca_shot_001_000,sharpness,mouth,10.8368
9,968.895081,4d5b044b30051de4f0a6b2dc419ea9ca_shot_001_000,lmd,mouth,5.317375
9,968.895081,4d5b044b30051de4f0a6b2dc419ea9ca_shot_001_000,sync_d,mouth,10.477386
9,968.895081,4d5b044b30051de4f0a6b2dc419ea9ca_shot_001_000,sync_c,mouth,3.494974
10,964.707153,4d5b044b30051de4f0a6b2dc419ea9ca_shot_001_000,pixel_mse,mouth,0.01330602
10,964.707153,4d5b044b30051de4f0a6b2dc419ea9ca_shot_001_000,pixel_mse,full,0.0117809
10,964.707153,4d5b044b30051de4f0a6b2dc419ea9ca_shot_001_000,ssim,mouth,0.56920344
10,964.707153,4d5b044b30051de4f0a6b2dc419ea9ca_shot_001_000,ssim,full,0.71949852
10,964.707153,4d5b044b30051de4f0a6b2dc419ea9ca_shot_001_000,lpips,mouth,0.35744914
10,964.707153,4d5b044b30051de4f0a6b2dc419ea9ca_shot_001_000,lpips,full,0.31841508
10,964.707153,4d5b044b30051de4f0a6b2dc419ea9ca_shot_001_000,sharpness,mouth,10.7284
10,964.707153,4d5b044b30051de4f0a6b2dc419ea9ca_shot_001_000,lmd,mouth,5.057857
10,964.707153,4d5b044b30051de4f0a6b2dc419ea9ca_shot_001_000,sync_d,mouth,10.112923
10,964.707153,4d5b044b30051de4f0a6b2dc419ea9ca_shot_001_000,sync_c,mouth,3.850157
11,960.337952,4d5b044b30051de4f0a6b2dc419ea9ca_shot_001_000,pixel_mse,mouth,0.01382063
11,960.337952,4d5b044b30051de4f0a6b2dc419ea9ca_shot_001_000,pixel_mse,full,0.01201216
11,960.337952,4d5b044b30051de4f0a6b2dc419ea9ca_shot_001_000,ssim,mouth,0.56269491
11,960.337952,4d5b044b30051de4f0a6b2dc419ea9ca_shot_001_000,ssim,full,0.71680099
11,960.337952,4d5b044b30051de4f0a6b2dc419ea9ca_shot_001_000,lpips,mouth,0.34825364
11,960.337952,4d5b044b30051de4f0a6b2dc419ea9ca_shot_001_000,lpips,full,0.31162578
11,960.337952,4d5b044b30051de4f0a6b2dc419ea9ca_shot_001_000,sharpness,mouth,10.7729
11,960.337952,4d5b044b30051de4f0a6b2dc419ea9ca_shot_001_000,lmd,mouth,5.620677
11,960.337952,4d5b044b30051de4f0a6b2dc419ea9ca_shot_001_000,sync_d,mouth,9.482162
11,960.337952,4d5b044b30051de4f0a6b2dc419ea9ca_shot_001_000,sync_c,mouth,4.43641
12,955.775635,4d5b044b30051de4f0a6b2dc419ea9ca_shot_001_000,pixel_mse,mouth,0.01429466
12,955.775635,4d5b044b30051de4f0a6b2dc419ea9ca_shot_001_000,pixel_mse,full,0.01222594
12,955.775635,4d5b044b30051de4f0a6b2dc419ea9ca_shot_001_000,ssim,mouth,0.55615395
12,955.775635,4d5b044b30051de4f0a6b2dc419ea9ca_shot_001_000,ssim,full,0.71396226
12,955.775635,4d5b044b30051de4f0a6b2dc419ea9ca_shot_001_000,lpips,mouth,0.33900225
12,955.775635,4d5b044b30051de4f0a6b2dc419ea9ca_shot_001_000,lpips,full,0.30551901
12,955.775635,4d5b044b30051de4f0a6b2dc419ea9ca_shot_001_000,sharpness,mouth,10.7629
12,955.775635,4d5b044b30051de4f0a6b2dc419ea9ca_shot_001_000,lmd,mouth,5.645853
12,955.775635,4d5b044b30051de4f0a6b2dc419ea9ca_shot_001_000,sync_d,mouth,8.89294
12,955.775635,4d5b044b30051de4f0a6b2dc419ea9ca_shot_001_000,sync_c,mouth,5.102889
13,951.006897,4d5b044b30051de4f0a6b2dc419ea9ca_shot_001_000,pixel_mse,mouth,0.01467633
13,951.006897,4d5b044b30051de4f0a6b2dc419ea9ca_shot_001_000,pixel_mse,full,0.01237606
13,951.006897,4d5b044b30051de4f0a6b2dc419ea9ca_shot_001_000,ssim,mouth,0.55125576
13,951.006897,4d5b044b30051de4f0a6b2dc419ea9ca_shot_001_000,ssim,full,0.71114564
13,951.006897,4d5b044b30051de4f0a6b2dc419ea9ca_shot_001_000,lpips,mouth,0.33213699
13,951.006897,4d5b044b30051de4f0a6b2dc419ea9ca_shot_001_000,lpips,full,0.30212429
13,951.006897,4d5b044b30051de4f0a6b2dc419ea9ca_shot_001_000,sharpness,mouth,10.833
13,951.006897,4d5b044b30051de4f0a6b2dc419ea9ca_shot_001_000,lmd,mouth,5.763673
13,951.006897,4d5b044b30051de4f0a6b2dc419ea9ca_shot_001_000,sync_d,mouth,8.794052
13,951.006897,4d5b044b30051de4f0a6b2dc419ea9ca_shot_001_000,sync_c,mouth,5.350066
14,946.017517,4d5b044b30051de4f0a6b2dc419ea9ca_shot_001_000,pixel_mse,mouth,0.01493987
14,946.017517,4d5b044b30051de4f0a6b2dc419ea9ca_shot_001_000,pixel_mse,full,0.01247029
14,946.017517,4d5b044b30051de4f0a6b2dc419ea9ca_shot_001_000,ssim,mouth,0.54749393
14,946.017517,4d5b044b30051de4f0a6b2dc419ea9ca_shot_001_000,ssim,full,0.70977944
14,946.017517,4d5b044b30051de4f0a6b2dc419ea9ca_shot_001_000,lpips,mouth,0.32560533
14,946.017517,4d5b044b30051de4f0a6b2dc419ea9ca_shot_001_000,lpips,full,0.29867053
14,946.017517,4d5b044b30051de4f0a6b2dc419ea9ca_shot_001_000,sharpness,mouth,10.9168
14,946.017517,4d5b044b30051de4f0a6b2dc419ea9ca_shot_001_000,lmd,mouth,6.015849
14,946.017517,4d5b044b30051de4f0a6b2dc419ea9ca_shot_001_000,sync_d,mouth,8.702752
14,946.017517,4d5b044b30051de4f0a6b2dc419ea9ca_shot_001_000,sync_c,mouth,5.587645
15,940.791870,4d5b044b30051de4f0a6b2dc419ea9ca_shot_001_000,pixel_mse,mouth,0.01511892
15,940.791870,4d5b044b30051de4f0a6b2dc419ea9ca_shot_001_000,pixel_mse,full,0.01252592
15,940.791870,4d5b044b30051de4f0a6b2dc419ea9ca_shot_001_000,ssim,mouth,0.54469329
15,940.791870,4d5b044b30051de4f0a6b2dc419ea9ca_shot_001_000,ssim,full,0.70910996
15,940.791870,4d5b044b30051de4f0a6b2dc419ea9ca_shot_001_000,lpips,mouth,0.32111117
15,940.791870,4d5b044b30051de4f0a6b2dc419ea9ca_shot_001_000,lpips,full,0.29573458
15,940.791870,4d5b044b30051de4f0a6b2dc419ea9ca_shot_001_000,sharpness,mouth,11.0418
15,940.791870,4d5b044b30051de4f0a6b2dc419ea9ca_shot_001_000,lmd,mouth,5.988571
15,940.791870,4d5b044b30051de4f0a6b2dc419ea9ca_shot_001_000,sync_d,mouth,8.742482
15,940.791870,4d5b044b30051de4f0a6b2dc419ea9ca_shot_001_000,sync_c,mouth,5.562502
16,935.312622,4d5b044b30051de4f0a6b2dc419ea9ca_shot_001_000,pixel_mse,mouth,0.01533065
16,935.312622,4d5b044b30051de4f0a6b2dc419ea9ca_shot_001_000,pixel_mse,full,0.01257788
16,935.312622,4d5b044b30051de4f0a6b2dc419ea9ca_shot_001_000,ssim,mouth,0.54190779
16,935.312622,4d5b044b30051de4f0a6b2dc419ea9ca_shot_001_000,ssim,full,0.70808172
16,935.312622,4d5b044b30051de4f0a6b2dc419ea9ca_shot_001_000,lpips,mouth,0.31613252
16,935.312622,4d5b044b30051de4f0a6b2dc419ea9ca_shot_001_000,lpips,full,0.29257905
16,935.312622,4d5b044b30051de4f0a6b2dc419ea9ca_shot_001_000,sharpness,mouth,11.1289
16,935.312622,4d5b044b30051de4f0a6b2dc419ea9ca_shot_001_000,lmd,mouth,6.228788
16,935.312622,4d5b044b30051de4f0a6b2dc419ea9ca_shot_001_000,sync_d,mouth,8.670011
16,935.312622,4d5b044b30051de4f0a6b2dc419ea9ca_shot_001_000,sync_c,mouth,5.693545
17,929.560913,4d5b044b30051de4f0a6b2dc419ea9ca_shot_001_000,pixel_mse,mouth,0.01548351
17,929.560913,4d5b044b30051de4f0a6b2dc419ea9ca_shot_001_000,pixel_mse,full,0.0126293
17,929.560913,4d5b044b30051de4f0a6b2dc419ea9ca_shot_001_000,ssim,mouth,0.54029703
17,929.560913,4d5b044b30051de4f0a6b2dc419ea9ca_shot_001_000,ssim,full,0.70735878
17,929.560913,4d5b044b30051de4f0a6b2dc419ea9ca_shot_001_000,lpips,mouth,0.31381494
17,929.560913,4d5b044b30051de4f0a6b2dc419ea9ca_shot_001_000,lpips,full,0.2904236
17,929.560913,4d5b044b30051de4f0a6b2dc419ea9ca_shot_001_000,sharpness,mouth,11.0587
17,929.560913,4d5b044b30051de4f0a6b2dc419ea9ca_shot_001_000,lmd,mouth,6.305337
17,929.560913,4d5b044b30051de4f0a6b2dc419ea9ca_shot_001_000,sync_d,mouth,8.737829
17,929.560913,4d5b044b30051de4f0a6b2dc419ea9ca_shot_001_000,sync_c,mouth,5.503895
18,923.515991,4d5b044b30051de4f0a6b2dc419ea9ca_shot_001_000,pixel_mse,mouth,0.01557983
18,923.515991,4d5b044b30051de4f0a6b2dc419ea9ca_shot_001_000,pixel_mse,full,0.01266708
18,923.515991,4d5b044b30051de4f0a6b2dc419ea9ca_shot_001_000,ssim,mouth,0.53934896
18,923.515991,4d5b044b30051de4f0a6b2dc419ea9ca_shot_001_000,ssim,full,0.70654333
18,923.515991,4d5b044b30051de4f0a6b2dc419ea9ca_shot_001_000,lpips,mouth,0.3102715
18,923.515991,4d5b044b30051de4f0a6b2dc419ea9ca_shot_001_000,lpips,full,0.28842258
18,923.515991,4d5b044b30051de4f0a6b2dc419ea9ca_shot_001_000,sharpness,mouth,11.235
18,923.515991,4d5b044b30051de4f0a6b2dc419ea9ca_shot_001_000,lmd,mouth,6.224958
18,923.515991,4d5b044b30051de4f0a6b2dc419ea9ca_shot_001_000,sync_d,mouth,8.469448
18,923.515991,4d5b044b30051de4f0a6b2dc419ea9ca_shot_001_000,sync_c,mouth,5.735907
19,917.154785,4d5b044b30051de4f0a6b2dc419ea9ca_shot_001_000,pixel_mse,mouth,0.0156392
19,917.154785,4d5b044b30051de4f0a6b2dc419ea9ca_shot_001_000,pixel_mse,full,0.01269233
19,917.154785,4d5b044b30051de4f0a6b2dc419ea9ca_shot_001_000,ssim,mouth,0.53803617
19,917.154785,4d5b044b30051de4f0a6b2dc419ea9ca_shot_001_000,ssim,full,0.70525169
19,917.154785,4d5b044b30051de4f0a6b2dc419ea9ca_shot_001_000,lpips,mouth,0.30820268
19,917.154785,4d5b044b30051de4f0a6b2dc419ea9ca_shot_001_000,lpips,full,0.28639808
19,917.154785,4d5b044b30051de4f0a6b2dc419ea9ca_shot_001_000,sharpness,mouth,11.2958
19,917.154785,4d5b044b30051de4f0a6b2dc419ea9ca_shot_001_000,lmd,mouth,6.304328
19,917.154785,4d5b044b30051de4f0a6b2dc419ea9ca_shot_001_000,sync_d,mouth,8.315593
19,917.154785,4d5b044b30051de4f0a6b2dc419ea9ca_shot_001_000,sync_c,mouth,5.768274
20,910.451721,4d5b044b30051de4f0a6b2dc419ea9ca_shot_001_000,pixel_mse,mouth,0.01579456
20,910.451721,4d5b044b30051de4f0a6b2dc419ea9ca_shot_001_000,pixel_mse,full,0.01273858
20,910.451721,4d5b044b30051de4f0a6b2dc419ea9ca_shot_001_000,ssim,mouth,0.53629404
20,910.451721,4d5b044b30051de4f0a6b2dc419ea9ca_shot_001_000,ssim,full,0.70453191
20,910.451721,4d5b044b30051de4f0a6b2dc419ea9ca_shot_001_000,lpips,mouth,0.3052578
20,910.451721,4d5b044b30051de4f0a6b2dc419ea9ca_shot_001_000,lpips,full,0.28451708
20,910.451721,4d5b044b30051de4f0a6b2dc419ea9ca_shot_001_000,sharpness,mouth,11.4915
20,910.451721,4d5b044b30051de4f0a6b2dc419ea9ca_shot_001_000,lmd,mouth,6.50796
20,910.451721,4d5b044b30051de4f0a6b2dc419ea9ca_shot_001_000,sync_d,mouth,8.07625
20,910.451721,4d5b044b30051de4f0a6b2dc419ea9ca_shot_001_000,sync_c,mouth,6.187763
21,903.378723,4d5b044b30051de4f0a6b2dc419ea9ca_shot_001_000,pixel_mse,mouth,0.01596581
21,903.378723,4d5b044b30051de4f0a6b2dc419ea9ca_shot_001_000,pixel_mse,full,0.01277316
21,903.378723,4d5b044b30051de4f0a6b2dc419ea9ca_shot_001_000,ssim,mouth,0.53438872
21,903.378723,4d5b044b30051de4f0a6b2dc419ea9ca_shot_001_000,ssim,full,0.70379806
21,903.378723,4d5b044b30051de4f0a6b2dc419ea9ca_shot_001_000,lpips,mouth,0.30104879
21,903.378723,4d5b044b30051de4f0a6b2dc419ea9ca_shot_001_000,lpips,full,0.28297397
21,903.378723,4d5b044b30051de4f0a6b2dc419ea9ca_shot_001_000,sharpness,mouth,11.4363
21,903.378723,4d5b044b30051de4f0a6b2dc419ea9ca_shot_001_000,lmd,mouth,6.50355
21,903.378723,4d5b044b30051de4f0a6b2dc419ea9ca_shot_001_000,sync_d,mouth,8.149743
21,903.378723,4d5b044b30051de4f0a6b2dc419ea9ca_shot_001_000,sync_c,mouth,6.105525
22,895.903931,4d5b044b30051de4f0a6b2dc419ea9ca_shot_001_000,pixel_mse,mouth,0.0160423
22,895.903931,4d5b044b30051de4f0a6b2dc419ea9ca_shot_001_000,pixel_mse,full,0.0128186
22,895.903931,4d5b044b30051de4f0a6b2dc419ea9ca_shot_001_000,ssim,mouth,0.53315282
22,895.903931,4d5b044b30051de4f0a6b2dc419ea9ca_shot_001_000,ssim,full,0.70245779
22,895.903931,4d5b044b30051de4f0a6b2dc419ea9ca_shot_001_000,lpips,mouth,0.29855251
22,895.903931,4d5b044b30051de4f0a6b2dc419ea9ca_shot_001_000,lpips,full,0.28114936
22,895.903931,4d5b044b30051de4f0a6b2dc419ea9ca_shot_001_000,sharpness,mouth,11.7198
22,895.903931,4d5b044b30051de4f0a6b2dc419ea9ca_shot_001_000,lmd,mouth,6.596068
22,895.903931,4d5b044b30051de4f0a6b2dc419ea9ca_shot_001_000,sync_d,mouth,8.207783
22,895.903931,4d5b044b30051de4f0a6b2dc419ea9ca_shot_001_000,sync_c,mouth,6.177725
23,887.992493,4d5b044b30051de4f0a6b2dc419ea9ca_shot_001_000,pixel_mse,mouth,0.01615034
23,887.992493,4d5b044b30051de4f0a6b2dc419ea9ca_shot_001_000,pixel_mse,full,0.01283546
23,887.992493,4d5b044b30051de4f0a6b2dc419ea9ca_shot_001_000,ssim,mouth,0.53266191
23,887.992493,4d5b044b30051de4f0a6b2dc419ea9ca_shot_001_000,ssim,full,0.7020061
23,887.992493,4d5b044b30051de4f0a6b2dc419ea9ca_shot_001_000,lpips,mouth,0.29587257
23,887.992493,4d5b044b30051de4f0a6b2dc419ea9ca_shot_001_000,lpips,full,0.27987522
23,887.992493,4d5b044b30051de4f0a6b2dc419ea9ca_shot_001_000,sharpness,mouth,11.6678
23,887.992493,4d5b044b30051de4f0a6b2dc419ea9ca_shot_001_000,lmd,mouth,6.539703
23,887.992493,4d5b044b30051de4f0a6b2dc419ea9ca_shot_001_000,sync_d,mouth,8.028698
23,887.992493,4d5b044b30051de4f0a6b2dc419ea9ca_shot_001_000,sync_c,mouth,6.381875
24,879.604736,4d5b044b30051de4f0a6b2dc419ea9ca_shot_001_000,pixel_mse,mouth,0.01626125
24,879.604736,4d5b044b30051de4f0a6b2dc419ea9ca_shot_001_000,pixel_mse,full,0.01285065
24,879.604736,4d5b044b30051de4f0a6b2dc419ea9ca_shot_001_000,ssim,mouth,0.53187191
24,879.604736,4d5b044b30051de4f0a6b2dc419ea9ca_shot_001_000,ssim,full,0.7012921
24,879.604736,4d5b044b30051de4f0a6b2dc419ea9ca_shot_001_000,lpips,mouth,0.29320723
24,879.604736,4d5b044b30051de4f0a6b2dc419ea9ca_shot_001_000,lpips,full,0.27881527
24,879.604736,4d5b044b30051de4f0a6b2dc419ea9ca_shot_001_000,sharpness,mouth,11.7093
24,879.604736,4d5b044b30051de4f0a6b2dc419ea9ca_shot_001_000,lmd,mouth,6.572221
24,879.604736,4d5b044b30051de4f0a6b2dc419ea9ca_shot_001_000,sync_d,mouth,8.161358
24,879.604736,4d5b044b30051de4f0a6b2dc419ea9ca_shot_001_000,sync_c,mouth,6.293934
25,870.696350,4d5b044b30051de4f0a6b2dc419ea9ca_shot_001_000,pixel_mse,mouth,0.016351
25,870.696350,4d5b044b30051de4f0a6b2dc419ea9ca_shot_001_000,pixel_mse,full,0.0128791
25,870.696350,4d5b044b30051de4f0a6b2dc419ea9ca_shot_001_000,ssim,mouth,0.53080732
25,870.696350,4d5b044b30051de4f0a6b2dc419ea9ca_shot_001_000,ssim,full,0.70079744
25,870.696350,4d5b044b30051de4f0a6b2dc419ea9ca_shot_001_000,lpips,mouth,0.28999922
25,870.696350,4d5b044b30051de4f0a6b2dc419ea9ca_shot_001_000,lpips,full,0.2774981
25,870.696350,4d5b044b30051de4f0a6b2dc419ea9ca_shot_001_000,sharpness,mouth,11.8173
25,870.696350,4d5b044b30051de4f0a6b2dc419ea9ca_shot_001_000,lmd,mouth,6.696316
25,870.696350,4d5b044b30051de4f0a6b2dc419ea9ca_shot_001_000,sync_d,mouth,8.229383
25,870.696350,4d5b044b30051de4f0a6b2dc419ea9ca_shot_001_000,sync_c,mouth,6.193128
26,861.217407,4d5b044b30051de4f0a6b2dc419ea9ca_shot_001_000,pixel_mse,mouth,0.01643018
26,861.217407,4d5b044b30051de4f0a6b2dc419ea9ca_shot_001_000,pixel_mse,full,0.01289266
26,861.217407,4d5b044b30051de4f0a6b2dc419ea9ca_shot_001_000,ssim,mouth,0.52983433
26,861.217407,4d5b044b30051de4f0a6b2dc419ea9ca_shot_001_000,ssim,full,0.70026463
26,861.217407,4d5b044b30051de4f0a6b2dc419ea9ca_shot_001_000,lpips,mouth,0.2884689
26,861.217407,4d5b044b30051de4f0a6b2dc419ea9ca_shot_001_000,lpips,full,0.27638367
26,861.217407,4d5b044b30051de4f0a6b2dc419ea9ca_shot_001_000,sharpness,mouth,12.0088
26,861.217407,4d5b044b30051de4f0a6b2dc419ea9ca_shot_001_000,lmd,mouth,6.665784
26,861.217407,4d5b044b30051de4f0a6b2dc419ea9ca_shot_001_000,sync_d,mouth,8.118139
26,861.217407,4d5b044b30051de4f0a6b2dc419ea9ca_shot_001_000,sync_c,mouth,6.437232
27,851.111145,4d5b044b30051de4f0a6b2dc419ea9ca_shot_001_000,pixel_mse,mouth,0.01650635
27,851.111145,4d5b044b30051de4f0a6b2dc419ea9ca_shot_001_000,pixel_mse,full,0.01290973
27,851.111145,4d5b044b30051de4f0a6b2dc419ea9ca_shot_001_000,ssim,mouth,0.52897924
27,851.111145,4d5b044b30051de4f0a6b2dc419ea9ca_shot_001_000,ssim,full,0.69965804
27,851.111145,4d5b044b30051de4f0a6b2dc419ea9ca_shot_001_000,lpips,mouth,0.28492591
27,851.111145,4d5b044b30051de4f0a6b2dc419ea9ca_shot_001_000,lpips,full,0.27548954
27,851.111145,4d5b044b30051de4f0a6b2dc419ea9ca_shot_001_000,sharpness,mouth,12.0539
27,851.111145,4d5b044b30051de4f0a6b2dc419ea9ca_shot_001_000,lmd,mouth,6.726234
27,851.111145,4d5b044b30051de4f0a6b2dc419ea9ca_shot_001_000,sync_d,mouth,8.036907
27,851.111145,4d5b044b30051de4f0a6b2dc419ea9ca_shot_001_000,sync_c,mouth,6.556857
28,840.313232,4d5b044b30051de4f0a6b2dc419ea9ca_shot_001_000,pixel_mse,mouth,0.01649743
28,840.313232,4d5b044b30051de4f0a6b2dc419ea9ca_shot_001_000,pixel_mse,full,0.01292933
28,840.313232,4d5b044b30051de4f0a6b2dc419ea9ca_shot_001_000,ssim,mouth,0.52850592
28,840.313232,4d5b044b30051de4f0a6b2dc419ea9ca_shot_001_000,ssim,full,0.69937986
28,840.313232,4d5b044b30051de4f0a6b2dc419ea9ca_shot_001_000,lpips,mouth,0.28359583
28,840.313232,4d5b044b30051de4f0a6b2dc419ea9ca_shot_001_000,lpips,full,0.2749078
28,840.313232,4d5b044b30051de4f0a6b2dc419ea9ca_shot_001_000,sharpness,mouth,12.0607
28,840.313232,4d5b044b30051de4f0a6b2dc419ea9ca_shot_001_000,lmd,mouth,6.685265
28,840.313232,4d5b044b30051de4f0a6b2dc419ea9ca_shot_001_000,sync_d,mouth,8.054535
28,840.313232,4d5b044b30051de4f0a6b2dc419ea9ca_shot_001_000,sync_c,mouth,6.625981
29,828.750244,4d5b044b30051de4f0a6b2dc419ea9ca_shot_001_000,pixel_mse,mouth,0.01654603
29,828.750244,4d5b044b30051de4f0a6b2dc419ea9ca_shot_001_000,pixel_mse,full,0.01293747
29,828.750244,4d5b044b30051de4f0a6b2dc419ea9ca_shot_001_000,ssim,mouth,0.52807581
29,828.750244,4d5b044b30051de4f0a6b2dc419ea9ca_shot_001_000,ssim,full,0.69915068
29,828.750244,4d5b044b30051de4f0a6b2dc419ea9ca_shot_001_000,lpips,mouth,0.28204727
29,828.750244,4d5b044b30051de4f0a6b2dc419ea9ca_shot_001_000,lpips,full,0.27429131
29,828.750244,4d5b044b30051de4f0a6b2dc419ea9ca_shot_001_000,sharpness,mouth,12.1256
29,828.750244,4d5b044b30051de4f0a6b2dc419ea9ca_shot_001_000,lmd,mouth,6.706428
29,828.750244,4d5b044b30051de4f0a6b2dc419ea9ca_shot_001_000,sync_d,mouth,7.975603
29,828.750244,4d5b044b30051de4f0a6b2dc419ea9ca_shot_001_000,sync_c,mouth,6.748387
30,816.337830,4d5b044b30051de4f0a6b2dc419ea9ca_shot_001_000,pixel_mse,mouth,0.0165878
30,816.337830,4d5b044b30051de4f0a6b2dc419ea9ca_shot_001_000,pixel_mse,full,0.01294161
30,816.337830,4d5b044b30051de4f0a6b2dc419ea9ca_shot_001_000,ssim,mouth,0.52760303
30,816.337830,4d5b044b30051de4f0a6b2dc419ea9ca_shot_001_000,ssim,full,0.69864702
30,816.337830,4d5b044b30051de4f0a6b2dc419ea9ca_shot_001_000,lpips,mouth,0.28049159
30,816.337830,4d5b044b30051de4f0a6b2dc419ea9ca_shot_001_000,lpips,full,0.27394727
30,816.337830,4d5b044b30051de4f0a6b2dc419ea9ca_shot_001_000,sharpness,mouth,12.122
30,816.337830,4d5b044b30051de4f0a6b2dc419ea9ca_shot_001_000,lmd,mouth,6.7213
30,816.337830,4d5b044b30051de4f0a6b2dc419ea9ca_shot_001_000,sync_d,mouth,8.08977
30,816.337830,4d5b044b30051de4f0a6b2dc419ea9ca_shot_001_000,sync_c,mouth,6.77556
31,802.978699,4d5b044b30051de4f0a6b2dc419ea9ca_shot_001_000,pixel_mse,mouth,0.01666452
31,802.978699,4d5b044b30051de4f0a6b2dc419ea9ca_shot_001_000,pixel_mse,full,0.01295098
31,802.978699,4d5b044b30051de4f0a6b2dc419ea9ca_shot_001_000,ssim,mouth,0.52660632
31,802.978699,4d5b044b30051de4f0a6b2dc419ea9ca_shot_001_000,ssim,full,0.69832373
31,802.978699,4d5b044b30051de4f0a6b2dc419ea9ca_shot_001_000,lpips,mouth,0.27975288
31,802.978699,4d5b044b30051de4f0a6b2dc419ea9ca_shot_001_000,lpips,full,0.27375349
31,802.978699,4d5b044b30051de4f0a6b2dc419ea9ca_shot_001_000,sharpness,mouth,12.3189
31,802.978699,4d5b044b30051de4f0a6b2dc419ea9ca_shot_001_000,lmd,mouth,6.782787
31,802.978699,4d5b044b30051de4f0a6b2dc419ea9ca_shot_001_000,sync_d,mouth,8.113783
31,802.978699,4d5b044b30051de4f0a6b2dc419ea9ca_shot_001_000,sync_c,mouth,6.702343
32,788.560242,4d5b044b30051de4f0a6b2dc419ea9ca_shot_001_000,pixel_mse,mouth,0.01671747
32,788.560242,4d5b044b30051de4f0a6b2dc419ea9ca_shot_001_000,pixel_mse,full,0.01296324
32,788.560242,4d5b044b30051de4f0a6b2dc419ea9ca_shot_001_000,ssim,mouth,0.52613991
32,788.560242,4d5b044b30051de4f0a6b2dc419ea9ca_shot_001_000,ssim,full,0.69793177
32,788.560242,4d5b044b30051de4f0a6b2dc419ea9ca_shot_001_000,lpips,mouth,0.27860919
32,788.560242,4d5b044b30051de4f0a6b2dc419ea9ca_shot_001_000,lpips,full,0.27337733
32,788.560242,4d5b044b30051de4f0a6b2dc419ea9ca_shot_001_000,sharpness,mouth,12.3619
32,788.560242,4d5b044b30051de4f0a6b2dc419ea9ca_shot_001_000,lmd,mouth,6.756568
32,788.560242,4d5b044b30051de4f0a6b2dc419ea9ca_shot_001_000,sync_d,mouth,8.243545
32,788.560242,4d5b044b30051de4f0a6b2dc419ea9ca_shot_001_000,sync_c,mouth,6.774333
33,772.951477,4d5b044b30051de4f0a6b2dc419ea9ca_shot_001_000,pixel_mse,mouth,0.01678084
33,772.951477,4d5b044b30051de4f0a6b2dc419ea9ca_shot_001_000,pixel_mse,full,0.01299439
33,772.951477,4d5b044b30051de4f0a6b2dc419ea9ca_shot_001_000,ssim,mouth,0.52547723
33,772.951477,4d5b044b30051de4f0a6b2dc419ea9ca_shot_001_000,ssim,full,0.6977945
33,772.951477,4d5b044b30051de4f0a6b2dc419ea9ca_shot_001_000,lpips,mouth,0.27728716
33,772.951477,4d5b044b30051de4f0a6b2dc419ea9ca_shot_001_000,lpips,full,0.27320415
33,772.951477,4d5b044b30051de4f0a6b2dc419ea9ca_shot_001_000,sharpness,mouth,12.2414
33,772.951477,4d5b044b30051de4f0a6b2dc419ea9ca_shot_001_000,lmd,mouth,6.712092
33,772.951477,4d5b044b30051de4f0a6b2dc419ea9ca_shot_001_000,sync_d,mouth,8.255343
33,772.951477,4d5b044b30051de4f0a6b2dc419ea9ca_shot_001_000,sync_c,mouth,6.938744
34,755.998352,4d5b044b30051de4f0a6b2dc419ea9ca_shot_001_000,pixel_mse,mouth,0.01682061
34,755.998352,4d5b044b30051de4f0a6b2dc419ea9ca_shot_001_000,pixel_mse,full,0.0130067
34,755.998352,4d5b044b30051de4f0a6b2dc419ea9ca_shot_001_000,ssim,mouth,0.52517396
34,755.998352,4d5b044b30051de4f0a6b2dc419ea9ca_shot_001_000,ssim,full,0.69741344
34,755.998352,4d5b044b30051de4f0a6b2dc419ea9ca_shot_001_000,lpips,mouth,0.27586591
34,755.998352,4d5b044b30051de4f0a6b2dc419ea9ca_shot_001_000,lpips,full,0.27313113
34,755.998352,4d5b044b30051de4f0a6b2dc419ea9ca_shot_001_000,sharpness,mouth,12.1632
34,755.998352,4d5b044b30051de4f0a6b2dc419ea9ca_shot_001_000,lmd,mouth,6.823185
34,755.998352,4d5b044b30051de4f0a6b2dc419ea9ca_shot_001_000,sync_d,mouth,8.327227
34,755.998352,4d5b044b30051de4f0a6b2dc419ea9ca_shot_001_000,sync_c,mouth,6.938354
35,737.519714,4d5b044b30051de4f0a6b2dc419ea9ca_shot_001_000,pixel_mse,mouth,0.01686683
35,737.519714,4d5b044b30051de4f0a6b2dc419ea9ca_shot_001_000,pixel_mse,full,0.01302232
35,737.519714,4d5b044b30051de4f0a6b2dc419ea9ca_shot_001_000,ssim,mouth,0.52440703
35,737.519714,4d5b044b30051de4f0a6b2dc419ea9ca_shot_001_000,ssim,full,0.69705856
35,737.519714,4d5b044b30051de4f0a6b2dc419ea9ca_shot_001_000,lpips,mouth,0.27526477
35,737.519714,4d5b044b30051de4f0a6b2dc419ea9ca_shot_001_000,lpips,full,0.27273685
35,737.519714,4d5b044b30051de4f0a6b2dc419ea9ca_shot_001_000,sharpness,mouth,12.2533
35,737.519714,4d5b044b30051de4f0a6b2dc419ea9ca_shot_001_000,lmd,mouth,6.797364
35,737.519714,4d5b044b30051de4f0a6b2dc419ea9ca_shot_001_000,sync_d,mouth,8.499053
35,737.519714,4d5b044b30051de4f0a6b2dc419ea9ca_shot_001_000,sync_c,mouth,6.759619
36,717.299683,4d5b044b30051de4f0a6b2dc419ea9ca_shot_001_000,pixel_mse,mouth,0.0169057
36,717.299683,4d5b044b30051de4f0a6b2dc419ea9ca_shot_001_000,pixel_mse,full,0.01303793
36,717.299683,4d5b044b30051de4f0a6b2dc419ea9ca_shot_001_000,ssim,mouth,0.52366686
36,717.299683,4d5b044b30051de4f0a6b2dc419ea9ca_shot_001_000,ssim,full,0.69689041
36,717.299683,4d5b044b30051de4f0a6b2dc419ea9ca_shot_001_000,lpips,mouth,0.27336732
36,717.299683,4d5b044b30051de4f0a6b2dc419ea9ca_shot_001_000,lpips,full,0.27236897
36,717.299683,4d5b044b30051de4f0a6b2dc419ea9ca_shot_001_000,sharpness,mouth,12.091
36,717.299683,4d5b044b30051de4f0a6b2dc419ea9ca_shot_001_000,lmd,mouth,6.746459
36,717.299683,4d5b044b30051de4f0a6b2dc419ea9ca_shot_001_000,sync_d,mouth,8.408311
36,717.299683,4d5b044b30051de4f0a6b2dc419ea9ca_shot_001_000,sync_c,mouth,6.790433
37,695.080139,4d5b044b30051de4f0a6b2dc419ea9ca_shot_001_000,pixel_mse,mouth,0.01691725
37,695.080139,4d5b044b30051de4f0a6b2dc419ea9ca_shot_001_000,pixel_mse,full,0.01305227
37,695.080139,4d5b044b30051de4f0a6b2dc419ea9ca_shot_001_000,ssim,mouth,0.52357179
37,695.080139,4d5b044b30051de4f0a6b2dc419ea9ca_shot_001_000,ssim,full,0.69668835
37,695.080139,4d5b044b30051de4f0a6b2dc419ea9ca_shot_001_000,lpips,mouth,0.27237535
37,695.080139,4d5b044b30051de4f0a6b2dc419ea9ca_shot_001_000,lpips,full,0.27205279
37,695.080139,4d5b044b30051de4f0a6b2dc419ea9ca_shot_001_000,sharpness,mouth,12.2259
37,695.080139,4d5b044b30051de4f0a6b2dc419ea9ca_shot_001_000,lmd,mouth,6.850187
37,695.080139,4d5b044b30051de4f0a6b2dc419ea9ca_shot_001_000,sync_d,mouth,8.491516
37,695.080139,4d5b044b30051de4f0a6b2dc419ea9ca_shot_001_000,sync_c,mouth,6.697479
38,670.548828,4d5b044b30051de4f0a6b2dc419ea9ca_shot_001_000,pixel_mse,mouth,0.01692049
38,670.548828,4d5b044b30051de4f0a6b2dc419ea9ca_shot_001_000,pixel_mse,full,0.01306294
38,670.548828,4d5b044b30051de4f0a6b2dc419ea9ca_shot_001_000,ssim,mouth,0.52346492
38,670.548828,4d5b044b30051de4f0a6b2dc419ea9ca_shot_001_000,ssim,full,0.69648707
38,670.548828,4d5b044b30051de4f0a6b2dc419ea9ca_shot_001_000,lpips,mouth,0.2701633
38,670.548828,4d5b044b30051de4f0a6b2dc419ea9ca_shot_001_000,lpips,full,0.27183646
38,670.548828,4d5b044b30051de4f0a6b2dc419ea9ca_shot_001_000,sharpness,mouth,12.2537
38,670.548828,4d5b044b30051de4f0a6b2dc419ea9ca_shot_001_000,lmd,mouth,6.790759
38,670.548828,4d5b044b30051de4f0a6b2dc419ea9ca_shot_001_000,sync_d,mouth,8.673974
38,670.548828,4d5b044b30051de4f0a6b2dc419ea9ca_shot_001_000,sync_c,mouth,6.515912
39,643.325317,4d5b044b30051de4f0a6b2dc419ea9ca_shot_001_000,pixel_mse,mouth,0.01695759
39,643.325317,4d5b044b30051de4f0a6b2dc419ea9ca_shot_001_000,pixel_mse,full,0.0130773
39,643.325317,4d5b044b30051de4f0a6b2dc419ea9ca_shot_001_000,ssim,mouth,0.52283144
39,643.325317,4d5b044b30051de4f0a6b2dc419ea9ca_shot_001_000,ssim,full,0.69634229
39,643.325317,4d5b044b30051de4f0a6b2dc419ea9ca_shot_001_000,lpips,mouth,0.26874715
39,643.325317,4d5b044b30051de4f0a6b2dc419ea9ca_shot_001_000,lpips,full,0.27148136
39,643.325317,4d5b044b30051de4f0a6b2dc419ea9ca_shot_001_000,sharpness,mouth,12.1164
39,643.325317,4d5b044b30051de4f0a6b2dc419ea9ca_shot_001_000,lmd,mouth,6.773874
39,643.325317,4d5b044b30051de4f0a6b2dc419ea9ca_shot_001_000,sync_d,mouth,8.740213
39,643.325317,4d5b044b30051de4f0a6b2dc419ea9ca_shot_001_000,sync_c,mouth,6.48947
40,612.940735,4d5b044b30051de4f0a6b2dc419ea9ca_shot_001_000,pixel_mse,mouth,0.01698274
40,612.940735,4d5b044b30051de4f0a6b2dc419ea9ca_shot_001_000,pixel_mse,full,0.01307985
40,612.940735,4d5b044b30051de4f0a6b2dc419ea9ca_shot_001_000,ssim,mouth,0.5223062
40,612.940735,4d5b044b30051de4f0a6b2dc419ea9ca_shot_001_000,ssim,full,0.69611609
40,612.940735,4d5b044b30051de4f0a6b2dc419ea9ca_shot_001_000,lpips,mouth,0.2666088
40,612.940735,4d5b044b30051de4f0a6b2dc419ea9ca_shot_001_000,lpips,full,0.27110878
40,612.940735,4d5b044b30051de4f0a6b2dc419ea9ca_shot_001_000,sharpness,mouth,12.1198
40,612.940735,4d5b044b30051de4f0a6b2dc419ea9ca_shot_001_000,lmd,mouth,6.794634
40,612.940735,4d5b044b30051de4f0a6b2dc419ea9ca_shot_001_000,sync_d,mouth,8.850786
40,612.940735,4d5b044b30051de4f0a6b2dc419ea9ca_shot_001_000,sync_c,mouth,6.349129
41,578.810425,4d5b044b30051de4f0a6b2dc419ea9ca_shot_001_000,pixel_mse,mouth,0.0169836
41,578.810425,4d5b044b30051de4f0a6b2dc419ea9ca_shot_001_000,pixel_mse,full,0.01307787
41,578.810425,4d5b044b30051de4f0a6b2dc419ea9ca_shot_001_000,ssim,mouth,0.52202076
41,578.810425,4d5b044b30051de4f0a6b2dc419ea9ca_shot_001_000,ssim,full,0.69597238
41,578.810425,4d5b044b30051de4f0a6b2dc419ea9ca_shot_001_000,lpips,mouth,0.26507574
41,578.810425,4d5b044b30051de4f0a6b2dc419ea9ca_shot_001_000,lpips,full,0.27080527
41,578.810425,4d5b044b30051de4f0a6b2dc419ea9ca_shot_001_000,sharpness,mouth,12.1025
41,578.810425,4d5b044b30051de4f0a6b2dc419ea9ca_shot_001_000,lmd,mouth,6.905967
41,578.810425,4d5b044b30051de4f0a6b2dc419ea9ca_shot_001_000,sync_d,mouth,8.718881
41,578.810425,4d5b044b30051de4f0a6b2dc419ea9ca_shot_001_000,sync_c,mouth,6.470803
42,540.196350,4d5b044b30051de4f0a6b2dc419ea9ca_shot_001_000,pixel_mse,mouth,0.01702925
42,540.196350,4d5b044b30051de4f0a6b2dc419ea9ca_shot_001_000,pixel_mse,full,0.01308346
42,540.196350,4d5b044b30051de4f0a6b2dc419ea9ca_shot_001_000,ssim,mouth,0.52113807
42,540.196350,4d5b044b30051de4f0a6b2dc419ea9ca_shot_001_000,ssim,full,0.69574386
42,540.196350,4d5b044b30051de4f0a6b2dc419ea9ca_shot_001_000,lpips,mouth,0.26342645
42,540.196350,4d5b044b30051de4f0a6b2dc419ea9ca_shot_001_000,lpips,full,0.27027023
42,540.196350,4d5b044b30051de4f0a6b2dc419ea9ca_shot_001_000,sharpness,mouth,12.1321
42,540.196350,4d5b044b30051de4f0a6b2dc419ea9ca_shot_001_000,lmd,mouth,6.899273
42,540.196350,4d5b044b30051de4f0a6b2dc419ea9ca_shot_001_000,sync_d,mouth,8.767331
42,540.196350,4d5b044b30051de4f0a6b2dc419ea9ca_shot_001_000,sync_c,mouth,6.421334
43,496.152893,4d5b044b30051de4f0a6b2dc419ea9ca_shot_001_000,pixel_mse,mouth,0.0170493
43,496.152893,4d5b044b30051de4f0a6b2dc419ea9ca_shot_001_000,pixel_mse,full,0.01309416
43,496.152893,4d5b044b30051de4f0a6b2dc419ea9ca_shot_001_000,ssim,mouth,0.52039868
43,496.152893,4d5b044b30051de4f0a6b2dc419ea9ca_shot_001_000,ssim,full,0.69555068
43,496.152893,4d5b044b30051de4f0a6b2dc419ea9ca_shot_001_000,lpips,mouth,0.26102015
43,496.152893,4d5b044b30051de4f0a6b2dc419ea9ca_shot_001_000,lpips,full,0.26984647
43,496.152893,4d5b044b30051de4f0a6b2dc419ea9ca_shot_001_000,sharpness,mouth,12.0308
43,496.152893,4d5b044b30051de4f0a6b2dc419ea9ca_shot_001_000,lmd,mouth,6.891634
43,496.152893,4d5b044b30051de4f0a6b2dc419ea9ca_shot_001_000,sync_d,mouth,8.923783
43,496.152893,4d5b044b30051de4f0a6b2dc419ea9ca_shot_001_000,sync_c,mouth,6.138342
44,445.448151,4d5b044b30051de4f0a6b2dc419ea9ca_shot_001_000,pixel_mse,mouth,0.01707479
44,445.448151,4d5b044b30051de4f0a6b2dc419ea9ca_shot_001_000,pixel_mse,full,0.01310249
44,445.448151,4d5b044b30051de4f0a6b2dc419ea9ca_shot_001_000,ssim,mouth,0.51981074
44,445.448151,4d5b044b30051de4f0a6b2dc419ea9ca_shot_001_000,ssim,full,0.69541723
44,445.448151,4d5b044b30051de4f0a6b2dc419ea9ca_shot_001_000,lpips,mouth,0.25885764
44,445.448151,4d5b044b30051de4f0a6b2dc419ea9ca_shot_001_000,lpips,full,0.26922959
44,445.448151,4d5b044b30051de4f0a6b2dc419ea9ca_shot_001_000,sharpness,mouth,12.0058
44,445.448151,4d5b044b30051de4f0a6b2dc419ea9ca_shot_001_000,lmd,mouth,6.852529
44,445.448151,4d5b044b30051de4f0a6b2dc419ea9ca_shot_001_000,sync_d,mouth,9.015854
44,445.448151,4d5b044b30051de4f0a6b2dc419ea9ca_shot_001_000,sync_c,mouth,6.073135
45,386.447418,4d5b044b30051de4f0a6b2dc419ea9ca_shot_001_000,pixel_mse,mouth,0.01707933
45,386.447418,4d5b044b30051de4f0a6b2dc419ea9ca_shot_001_000,pixel_mse,full,0.01311269
45,386.447418,4d5b044b30051de4f0a6b2dc419ea9ca_shot_001_000,ssim,mouth,0.51913303
45,386.447418,4d5b044b30051de4f0a6b2dc419ea9ca_shot_001_000,ssim,full,0.69511133
45,386.447418,4d5b044b30051de4f0a6b2dc419ea9ca_shot_001_000,lpips,mouth,0.25669241
45,386.447418,4d5b044b30051de4f0a6b2dc419ea9ca_shot_001_000,lpips,full,0.26838362
45,386.447418,4d5b044b30051de4f0a6b2dc419ea9ca_shot_001_000,sharpness,mouth,11.8914
45,386.447418,4d5b044b30051de4f0a6b2dc419ea9ca_shot_001_000,lmd,mouth,6.782881
45,386.447418,4d5b044b30051de4f0a6b2dc419ea9ca_shot_001_000,sync_d,mouth,8.961714
45,386.447418,4d5b044b30051de4f0a6b2dc419ea9ca_shot_001_000,sync_c,mouth,5.975355
46,316.933258,4d5b044b30051de4f0a6b2dc419ea9ca_shot_001_000,pixel_mse,mouth,0.017087
46,316.933258,4d5b044b30051de4f0a6b2dc419ea9ca_shot_001_000,pixel_mse,full,0.01311835
46,316.933258,4d5b044b30051de4f0a6b2dc419ea9ca_shot_001_000,ssim,mouth,0.5187946
46,316.933258,4d5b044b30051de4f0a6b2dc419ea9ca_shot_001_000,ssim,full,0.6948663
46,316.933258,4d5b044b30051de4f0a6b2dc419ea9ca_shot_001_000,lpips,mouth,0.25423926
46,316.933258,4d5b044b30051de4f0a6b2dc419ea9ca_shot_001_000,lpips,full,0.26749533
46,316.933258,4d5b044b30051de4f0a6b2dc419ea9ca_shot_001_000,sharpness,mouth,11.8977
46,316.933258,4d5b044b30051de4f0a6b2dc419ea9ca_shot_001_000,lmd,mouth,6.847739
46,316.933258,4d5b044b30051de4f0a6b2dc419ea9ca_shot_001_000,sync_d,mouth,8.978008
46,316.933258,4d5b044b30051de4f0a6b2dc419ea9ca_shot_001_000,sync_c,mouth,5.961237
47,233.820694,4d5b044b30051de4f0a6b2dc419ea9ca_shot_001_000,pixel_mse,mouth,0.01707972
47,233.820694,4d5b044b30051de4f0a6b2dc419ea9ca_shot_001_000,pixel_mse,full,0.01312974
47,233.820694,4d5b044b30051de4f0a6b2dc419ea9ca_shot_001_000,ssim,mouth,0.51827806
47,233.820694,4d5b044b30051de4f0a6b2dc419ea9ca_shot_001_000,ssim,full,0.69469529
47,233.820694,4d5b044b30051de4f0a6b2dc419ea9ca_shot_001_000,lpips,mouth,0.2512387
47,233.820694,4d5b044b30051de4f0a6b2dc419ea9ca_shot_001_000,lpips,full,0.2663863
47,233.820694,4d5b044b30051de4f0a6b2dc419ea9ca_shot_001_000,sharpness,mouth,11.6637
47,233.820694,4d5b044b30051de4f0a6b2dc419ea9ca_shot_001_000,lmd,mouth,6.897115
47,233.820694,4d5b044b30051de4f0a6b2dc419ea9ca_shot_001_000,sync_d,mouth,8.954715
47,233.820694,4d5b044b30051de4f0a6b2dc419ea9ca_shot_001_000,sync_c,mouth,6.031528
48,132.687027,4d5b044b30051de4f0a6b2dc419ea9ca_shot_001_000,pixel_mse,mouth,0.017089
48,132.687027,4d5b044b30051de4f0a6b2dc419ea9ca_shot_001_000,pixel_mse,full,0.01313688
48,132.687027,4d5b044b30051de4f0a6b2dc419ea9ca_shot_001_000,ssim,mouth,0.51748115
48,132.687027,4d5b044b30051de4f0a6b2dc419ea9ca_shot_001_000,ssim,full,0.69482487
48,132.687027,4d5b044b30051de4f0a6b2dc419ea9ca_shot_001_000,lpips,mouth,0.24820426
48,132.687027,4d5b044b30051de4f0a6b2dc419ea9ca_shot_001_000,lpips,full,0.26531199
48,132.687027,4d5b044b30051de4f0a6b2dc419ea9ca_shot_001_000,sharpness,mouth,11.5811
48,132.687027,4d5b044b30051de4f0a6b2dc419ea9ca_shot_001_000,lmd,mouth,6.945528
48,132.687027,4d5b044b30051de4f0a6b2dc419ea9ca_shot_001_000,sync_d,mouth,8.986814
48,132.687027,4d5b044b30051de4f0a6b2dc419ea9ca_shot_001_000,sync_c,mouth,5.952866
49,6.958251,4d5b044b30051de4f0a6b2dc419ea9ca_shot_001_000,pixel_mse,mouth,0.01706946
49,6.958251,4d5b044b30051de4f0a6b2dc419ea9ca_shot_001_000,pixel_mse,full,0.01313566
49,6.958251,4d5b044b30051de4f0a6b2dc419ea9ca_shot_001_000,ssim,mouth,0.51739919
49,6.958251,4d5b044b30051de4f0a6b2dc419ea9ca_shot_001_000,ssim,full,0.69558209
49,6.958251,4d5b044b30051de4f0a6b2dc419ea9ca_shot_001_000,lpips,mouth,0.24687755
49,6.958251,4d5b044b30051de4f0a6b2dc419ea9ca_shot_001_000,lpips,full,0.2646797
49,6.958251,4d5b044b30051de4f0a6b2dc419ea9ca_shot_001_000,sharpness,mouth,11.6116
49,6.958251,4d5b044b30051de4f0a6b2dc419ea9ca_shot_001_000,lmd,mouth,6.880155
49,6.958251,4d5b044b30051de4f0a6b2dc419ea9ca_shot_001_000,sync_d,mouth,9.042739
49,6.958251,4d5b044b30051de4f0a6b2dc419ea9ca_shot_001_000,sync_c,mouth,5.81612
-1,gt,ecb359eb6753b3b64a027f66d912892e_shot_001_000,sharpness,mouth,98.9313
-1,gt,ecb359eb6753b3b64a027f66d912892e_shot_001_000,sync_d,mouth,7.469956
-1,gt,ecb359eb6753b3b64a027f66d912892e_shot_001_000,sync_c,mouth,8.065294
0,1000.000000,ecb359eb6753b3b64a027f66d912892e_shot_001_000,pixel_mse,mouth,0.02503328
0,1000.000000,ecb359eb6753b3b64a027f66d912892e_shot_001_000,pixel_mse,full,0.00732176
0,1000.000000,ecb359eb6753b3b64a027f66d912892e_shot_001_000,ssim,mouth,0.58221728
0,1000.000000,ecb359eb6753b3b64a027f66d912892e_shot_001_000,ssim,full,0.79843807
0,1000.000000,ecb359eb6753b3b64a027f66d912892e_shot_001_000,lpips,mouth,0.6021502
0,1000.000000,ecb359eb6753b3b64a027f66d912892e_shot_001_000,lpips,full,0.3276448
0,1000.000000,ecb359eb6753b3b64a027f66d912892e_shot_001_000,sharpness,mouth,38.5777
0,1000.000000,ecb359eb6753b3b64a027f66d912892e_shot_001_000,lmd,mouth,3.026942
0,1000.000000,ecb359eb6753b3b64a027f66d912892e_shot_001_000,sync_d,mouth,11.652038
0,1000.000000,ecb359eb6753b3b64a027f66d912892e_shot_001_000,sync_c,mouth,1.395539
1,997.035706,ecb359eb6753b3b64a027f66d912892e_shot_001_000,pixel_mse,mouth,0.02511082
1,997.035706,ecb359eb6753b3b64a027f66d912892e_shot_001_000,pixel_mse,full,0.00719175
1,997.035706,ecb359eb6753b3b64a027f66d912892e_shot_001_000,ssim,mouth,0.5792464
1,997.035706,ecb359eb6753b3b64a027f66d912892e_shot_001_000,ssim,full,0.80098087
1,997.035706,ecb359eb6753b3b64a027f66d912892e_shot_001_000,lpips,mouth,0.59246421
1,997.035706,ecb359eb6753b3b64a027f66d912892e_shot_001_000,lpips,full,0.32198188
1,997.035706,ecb359eb6753b3b64a027f66d912892e_shot_001_000,sharpness,mouth,37.5915
1,997.035706,ecb359eb6753b3b64a027f66d912892e_shot_001_000,lmd,mouth,3.016785
1,997.035706,ecb359eb6753b3b64a027f66d912892e_shot_001_000,sync_d,mouth,11.7249
1,997.035706,ecb359eb6753b3b64a027f66d912892e_shot_001_000,sync_c,mouth,1.522321
2,993.963867,ecb359eb6753b3b64a027f66d912892e_shot_001_000,pixel_mse,mouth,0.0260167
2,993.963867,ecb359eb6753b3b64a027f66d912892e_shot_001_000,pixel_mse,full,0.0071815
2,993.963867,ecb359eb6753b3b64a027f66d912892e_shot_001_000,ssim,mouth,0.57271069
2,993.963867,ecb359eb6753b3b64a027f66d912892e_shot_001_000,ssim,full,0.80354166
2,993.963867,ecb359eb6753b3b64a027f66d912892e_shot_001_000,lpips,mouth,0.58157462
2,993.963867,ecb359eb6753b3b64a027f66d912892e_shot_001_000,lpips,full,0.31475931
2,993.963867,ecb359eb6753b3b64a027f66d912892e_shot_001_000,sharpness,mouth,37.0864
2,993.963867,ecb359eb6753b3b64a027f66d912892e_shot_001_000,lmd,mouth,2.62118
2,993.963867,ecb359eb6753b3b64a027f66d912892e_shot_001_000,sync_d,mouth,11.675963
2,993.963867,ecb359eb6753b3b64a027f66d912892e_shot_001_000,sync_c,mouth,1.680348
3,990.779053,ecb359eb6753b3b64a027f66d912892e_shot_001_000,pixel_mse,mouth,0.02860892
3,990.779053,ecb359eb6753b3b64a027f66d912892e_shot_001_000,pixel_mse,full,0.00738563
3,990.779053,ecb359eb6753b3b64a027f66d912892e_shot_001_000,ssim,mouth,0.56790417
3,990.779053,ecb359eb6753b3b64a027f66d912892e_shot_001_000,ssim,full,0.80572802
3,990.779053,ecb359eb6753b3b64a027f66d912892e_shot_001_000,lpips,mouth,0.56522197
3,990.779053,ecb359eb6753b3b64a027f66d912892e_shot_001_000,lpips,full,0.30282789
3,990.779053,ecb359eb6753b3b64a027f66d912892e_shot_001_000,sharpness,mouth,36.4526
3,990.779053,ecb359eb6753b3b64a027f66d912892e_shot_001_000,lmd,mouth,2.54585
3,990.779053,ecb359eb6753b3b64a027f66d912892e_shot_001_000,sync_d,mouth,11.761555
3,990.779053,ecb359eb6753b3b64a027f66d912892e_shot_001_000,sync_c,mouth,2.023795
4,987.474243,ecb359eb6753b3b64a027f66d912892e_shot_001_000,pixel_mse,mouth,0.03074993
4,987.474243,ecb359eb6753b3b64a027f66d912892e_shot_001_000,pixel_mse,full,0.00765464
4,987.474243,ecb359eb6753b3b64a027f66d912892e_shot_001_000,ssim,mouth,0.56389707
4,987.474243,ecb359eb6753b3b64a027f66d912892e_shot_001_000,ssim,full,0.80657274
4,987.474243,ecb359eb6753b3b64a027f66d912892e_shot_001_000,lpips,mouth,0.55206156
4,987.474243,ecb359eb6753b3b64a027f66d912892e_shot_001_000,lpips,full,0.29400262
4,987.474243,ecb359eb6753b3b64a027f66d912892e_shot_001_000,sharpness,mouth,34.6906
4,987.474243,ecb359eb6753b3b64a027f66d912892e_shot_001_000,lmd,mouth,3.541132
4,987.474243,ecb359eb6753b3b64a027f66d912892e_shot_001_000,sync_d,mouth,11.643989
4,987.474243,ecb359eb6753b3b64a027f66d912892e_shot_001_000,sync_c,mouth,2.294792
5,984.043091,ecb359eb6753b3b64a027f66d912892e_shot_001_000,pixel_mse,mouth,0.032184
5,984.043091,ecb359eb6753b3b64a027f66d912892e_shot_001_000,pixel_mse,full,0.00787272
5,984.043091,ecb359eb6753b3b64a027f66d912892e_shot_001_000,ssim,mouth,0.55995321
5,984.043091,ecb359eb6753b3b64a027f66d912892e_shot_001_000,ssim,full,0.80669338
5,984.043091,ecb359eb6753b3b64a027f66d912892e_shot_001_000,lpips,mouth,0.53968632
5,984.043091,ecb359eb6753b3b64a027f66d912892e_shot_001_000,lpips,full,0.28444386
5,984.043091,ecb359eb6753b3b64a027f66d912892e_shot_001_000,sharpness,mouth,36.4441
5,984.043091,ecb359eb6753b3b64a027f66d912892e_shot_001_000,lmd,mouth,3.763104
5,984.043091,ecb359eb6753b3b64a027f66d912892e_shot_001_000,sync_d,mouth,11.785478
5,984.043091,ecb359eb6753b3b64a027f66d912892e_shot_001_000,sync_c,mouth,2.488082
6,980.477844,ecb359eb6753b3b64a027f66d912892e_shot_001_000,pixel_mse,mouth,0.03296966
6,980.477844,ecb359eb6753b3b64a027f66d912892e_shot_001_000,pixel_mse,full,0.00803486
6,980.477844,ecb359eb6753b3b64a027f66d912892e_shot_001_000,ssim,mouth,0.5540657
6,980.477844,ecb359eb6753b3b64a027f66d912892e_shot_001_000,ssim,full,0.80611241
6,980.477844,ecb359eb6753b3b64a027f66d912892e_shot_001_000,lpips,mouth,0.53201079
6,980.477844,ecb359eb6753b3b64a027f66d912892e_shot_001_000,lpips,full,0.27749661
6,980.477844,ecb359eb6753b3b64a027f66d912892e_shot_001_000,sharpness,mouth,41.7273
6,980.477844,ecb359eb6753b3b64a027f66d912892e_shot_001_000,lmd,mouth,5.291912
6,980.477844,ecb359eb6753b3b64a027f66d912892e_shot_001_000,sync_d,mouth,11.64318
6,980.477844,ecb359eb6753b3b64a027f66d912892e_shot_001_000,sync_c,mouth,2.779974
7,976.770691,ecb359eb6753b3b64a027f66d912892e_shot_001_000,pixel_mse,mouth,0.03360323
7,976.770691,ecb359eb6753b3b64a027f66d912892e_shot_001_000,pixel_mse,full,0.00815223
7,976.770691,ecb359eb6753b3b64a027f66d912892e_shot_001_000,ssim,mouth,0.54924649
7,976.770691,ecb359eb6753b3b64a027f66d912892e_shot_001_000,ssim,full,0.80560827
7,976.770691,ecb359eb6753b3b64a027f66d912892e_shot_001_000,lpips,mouth,0.51895159
7,976.770691,ecb359eb6753b3b64a027f66d912892e_shot_001_000,lpips,full,0.2707991
7,976.770691,ecb359eb6753b3b64a027f66d912892e_shot_001_000,sharpness,mouth,45.564
7,976.770691,ecb359eb6753b3b64a027f66d912892e_shot_001_000,lmd,mouth,5.611042
7,976.770691,ecb359eb6753b3b64a027f66d912892e_shot_001_000,sync_d,mouth,11.272908
7,976.770691,ecb359eb6753b3b64a027f66d912892e_shot_001_000,sync_c,mouth,3.3573
8,972.912842,ecb359eb6753b3b64a027f66d912892e_shot_001_000,pixel_mse,mouth,0.03392397
8,972.912842,ecb359eb6753b3b64a027f66d912892e_shot_001_000,pixel_mse,full,0.00824138
8,972.912842,ecb359eb6753b3b64a027f66d912892e_shot_001_000,ssim,mouth,0.54509211
8,972.912842,ecb359eb6753b3b64a027f66d912892e_shot_001_000,ssim,full,0.80511928
8,972.912842,ecb359eb6753b3b64a027f66d912892e_shot_001_000,lpips,mouth,0.50931293
8,972.912842,ecb359eb6753b3b64a027f66d912892e_shot_001_000,lpips,full,0.26558185
8,972.912842,ecb359eb6753b3b64a027f66d912892e_shot_001_000,sharpness,mouth,50.6293
8,972.912842,ecb359eb6753b3b64a027f66d912892e_shot_001_000,lmd,mouth,5.437854
8,972.912842,ecb359eb6753b3b64a027f66d912892e_shot_001_000,sync_d,mouth,10.665603
8,972.912842,ecb359eb6753b3b64a027f66d912892e_shot_001_000,sync_c,mouth,4.024381
9,968.895081,ecb359eb6753b3b64a027f66d912892e_shot_001_000,pixel_mse,mouth,0.03399449
9,968.895081,ecb359eb6753b3b64a027f66d912892e_shot_001_000,pixel_mse,full,0.00829977
9,968.895081,ecb359eb6753b3b64a027f66d912892e_shot_001_000,ssim,mouth,0.54252547
9,968.895081,ecb359eb6753b3b64a027f66d912892e_shot_001_000,ssim,full,0.80466151
9,968.895081,ecb359eb6753b3b64a027f66d912892e_shot_001_000,lpips,mouth,0.49367931
9,968.895081,ecb359eb6753b3b64a027f66d912892e_shot_001_000,lpips,full,0.25946349
9,968.895081,ecb359eb6753b3b64a027f66d912892e_shot_001_000,sharpness,mouth,53.7152
9,968.895081,ecb359eb6753b3b64a027f66d912892e_shot_001_000,lmd,mouth,5.437539
9,968.895081,ecb359eb6753b3b64a027f66d912892e_shot_001_000,sync_d,mouth,10.484311
9,968.895081,ecb359eb6753b3b64a027f66d912892e_shot_001_000,sync_c,mouth,4.316698
10,964.707153,ecb359eb6753b3b64a027f66d912892e_shot_001_000,pixel_mse,mouth,0.03438128
10,964.707153,ecb359eb6753b3b64a027f66d912892e_shot_001_000,pixel_mse,full,0.00836559
10,964.707153,ecb359eb6753b3b64a027f66d912892e_shot_001_000,ssim,mouth,0.53873926
10,964.707153,ecb359eb6753b3b64a027f66d912892e_shot_001_000,ssim,full,0.80377477
10,964.707153,ecb359eb6753b3b64a027f66d912892e_shot_001_000,lpips,mouth,0.48008516
10,964.707153,ecb359eb6753b3b64a027f66d912892e_shot_001_000,lpips,full,0.25352821
10,964.707153,ecb359eb6753b3b64a027f66d912892e_shot_001_000,sharpness,mouth,56.5307
10,964.707153,ecb359eb6753b3b64a027f66d912892e_shot_001_000,lmd,mouth,5.424461
10,964.707153,ecb359eb6753b3b64a027f66d912892e_shot_001_000,sync_d,mouth,10.205997
10,964.707153,ecb359eb6753b3b64a027f66d912892e_shot_001_000,sync_c,mouth,4.679523
11,960.337952,ecb359eb6753b3b64a027f66d912892e_shot_001_000,pixel_mse,mouth,0.03479606
11,960.337952,ecb359eb6753b3b64a027f66d912892e_shot_001_000,pixel_mse,full,0.00847276
11,960.337952,ecb359eb6753b3b64a027f66d912892e_shot_001_000,ssim,mouth,0.535523
11,960.337952,ecb359eb6753b3b64a027f66d912892e_shot_001_000,ssim,full,0.80247575
11,960.337952,ecb359eb6753b3b64a027f66d912892e_shot_001_000,lpips,mouth,0.46469864
11,960.337952,ecb359eb6753b3b64a027f66d912892e_shot_001_000,lpips,full,0.24810508
11,960.337952,ecb359eb6753b3b64a027f66d912892e_shot_001_000,sharpness,mouth,57.9215
11,960.337952,ecb359eb6753b3b64a027f66d912892e_shot_001_000,lmd,mouth,5.374291
11,960.337952,ecb359eb6753b3b64a027f66d912892e_shot_001_000,sync_d,mouth,9.818877
11,960.337952,ecb359eb6753b3b64a027f66d912892e_shot_001_000,sync_c,mouth,5.151175
12,955.775635,ecb359eb6753b3b64a027f66d912892e_shot_001_000,pixel_mse,mouth,0.03505377
12,955.775635,ecb359eb6753b3b64a027f66d912892e_shot_001_000,pixel_mse,full,0.00855476
12,955.775635,ecb359eb6753b3b64a027f66d912892e_shot_001_000,ssim,mouth,0.53268546
12,955.775635,ecb359eb6753b3b64a027f66d912892e_shot_001_000,ssim,full,0.8012473
12,955.775635,ecb359eb6753b3b64a027f66d912892e_shot_001_000,lpips,mouth,0.45121944
12,955.775635,ecb359eb6753b3b64a027f66d912892e_shot_001_000,lpips,full,0.24344315
12,955.775635,ecb359eb6753b3b64a027f66d912892e_shot_001_000,sharpness,mouth,59.1747
12,955.775635,ecb359eb6753b3b64a027f66d912892e_shot_001_000,lmd,mouth,5.345368
12,955.775635,ecb359eb6753b3b64a027f66d912892e_shot_001_000,sync_d,mouth,9.381513
12,955.775635,ecb359eb6753b3b64a027f66d912892e_shot_001_000,sync_c,mouth,5.480431
13,951.006897,ecb359eb6753b3b64a027f66d912892e_shot_001_000,pixel_mse,mouth,0.03539232
13,951.006897,ecb359eb6753b3b64a027f66d912892e_shot_001_000,pixel_mse,full,0.0086317
13,951.006897,ecb359eb6753b3b64a027f66d912892e_shot_001_000,ssim,mouth,0.52974606
13,951.006897,ecb359eb6753b3b64a027f66d912892e_shot_001_000,ssim,full,0.80003959
13,951.006897,ecb359eb6753b3b64a027f66d912892e_shot_001_000,lpips,mouth,0.44202697
13,951.006897,ecb359eb6753b3b64a027f66d912892e_shot_001_000,lpips,full,0.24015556
13,951.006897,ecb359eb6753b3b64a027f66d912892e_shot_001_000,sharpness,mouth,62.725
13,951.006897,ecb359eb6753b3b64a027f66d912892e_shot_001_000,lmd,mouth,5.395602
13,951.006897,ecb359eb6753b3b64a027f66d912892e_shot_001_000,sync_d,mouth,8.841748
13,951.006897,ecb359eb6753b3b64a027f66d912892e_shot_001_000,sync_c,mouth,5.900283
14,946.017517,ecb359eb6753b3b64a027f66d912892e_shot_001_000,pixel_mse,mouth,0.03555576
14,946.017517,ecb359eb6753b3b64a027f66d912892e_shot_001_000,pixel_mse,full,0.00869673
14,946.017517,ecb359eb6753b3b64a027f66d912892e_shot_001_000,ssim,mouth,0.52765584
14,946.017517,ecb359eb6753b3b64a027f66d912892e_shot_001_000,ssim,full,0.79886681
14,946.017517,ecb359eb6753b3b64a027f66d912892e_shot_001_000,lpips,mouth,0.4318493
14,946.017517,ecb359eb6753b3b64a027f66d912892e_shot_001_000,lpips,full,0.23706919
14,946.017517,ecb359eb6753b3b64a027f66d912892e_shot_001_000,sharpness,mouth,66.2385
14,946.017517,ecb359eb6753b3b64a027f66d912892e_shot_001_000,lmd,mouth,5.323288
14,946.017517,ecb359eb6753b3b64a027f66d912892e_shot_001_000,sync_d,mouth,8.606565
14,946.017517,ecb359eb6753b3b64a027f66d912892e_shot_001_000,sync_c,mouth,6.181017
15,940.791870,ecb359eb6753b3b64a027f66d912892e_shot_001_000,pixel_mse,mouth,0.03593772
15,940.791870,ecb359eb6753b3b64a027f66d912892e_shot_001_000,pixel_mse,full,0.00879998
15,940.791870,ecb359eb6753b3b64a027f66d912892e_shot_001_000,ssim,mouth,0.52511495
15,940.791870,ecb359eb6753b3b64a027f66d912892e_shot_001_000,ssim,full,0.79726797
15,940.791870,ecb359eb6753b3b64a027f66d912892e_shot_001_000,lpips,mouth,0.42662096
15,940.791870,ecb359eb6753b3b64a027f66d912892e_shot_001_000,lpips,full,0.23432235
15,940.791870,ecb359eb6753b3b64a027f66d912892e_shot_001_000,sharpness,mouth,68.1424
15,940.791870,ecb359eb6753b3b64a027f66d912892e_shot_001_000,lmd,mouth,5.385942
15,940.791870,ecb359eb6753b3b64a027f66d912892e_shot_001_000,sync_d,mouth,8.273784
15,940.791870,ecb359eb6753b3b64a027f66d912892e_shot_001_000,sync_c,mouth,6.577753
16,935.312622,ecb359eb6753b3b64a027f66d912892e_shot_001_000,pixel_mse,mouth,0.03620136
16,935.312622,ecb359eb6753b3b64a027f66d912892e_shot_001_000,pixel_mse,full,0.00891163
16,935.312622,ecb359eb6753b3b64a027f66d912892e_shot_001_000,ssim,mouth,0.52227247
16,935.312622,ecb359eb6753b3b64a027f66d912892e_shot_001_000,ssim,full,0.79562294
16,935.312622,ecb359eb6753b3b64a027f66d912892e_shot_001_000,lpips,mouth,0.41744605
16,935.312622,ecb359eb6753b3b64a027f66d912892e_shot_001_000,lpips,full,0.23182853
16,935.312622,ecb359eb6753b3b64a027f66d912892e_shot_001_000,sharpness,mouth,70.9139
16,935.312622,ecb359eb6753b3b64a027f66d912892e_shot_001_000,lmd,mouth,5.390372
16,935.312622,ecb359eb6753b3b64a027f66d912892e_shot_001_000,sync_d,mouth,8.011476
16,935.312622,ecb359eb6753b3b64a027f66d912892e_shot_001_000,sync_c,mouth,6.71948
17,929.560913,ecb359eb6753b3b64a027f66d912892e_shot_001_000,pixel_mse,mouth,0.03653549
17,929.560913,ecb359eb6753b3b64a027f66d912892e_shot_001_000,pixel_mse,full,0.00903357
17,929.560913,ecb359eb6753b3b64a027f66d912892e_shot_001_000,ssim,mouth,0.52025557
17,929.560913,ecb359eb6753b3b64a027f66d912892e_shot_001_000,ssim,full,0.79408526
17,929.560913,ecb359eb6753b3b64a027f66d912892e_shot_001_000,lpips,mouth,0.40665296
17,929.560913,ecb359eb6753b3b64a027f66d912892e_shot_001_000,lpips,full,0.22925431
17,929.560913,ecb359eb6753b3b64a027f66d912892e_shot_001_000,sharpness,mouth,70.0763
17,929.560913,ecb359eb6753b3b64a027f66d912892e_shot_001_000,lmd,mouth,5.332679
17,929.560913,ecb359eb6753b3b64a027f66d912892e_shot_001_000,sync_d,mouth,7.591082
17,929.560913,ecb359eb6753b3b64a027f66d912892e_shot_001_000,sync_c,mouth,7.291262
18,923.515991,ecb359eb6753b3b64a027f66d912892e_shot_001_000,pixel_mse,mouth,0.03685394
18,923.515991,ecb359eb6753b3b64a027f66d912892e_shot_001_000,pixel_mse,full,0.00913047
18,923.515991,ecb359eb6753b3b64a027f66d912892e_shot_001_000,ssim,mouth,0.51760161
18,923.515991,ecb359eb6753b3b64a027f66d912892e_shot_001_000,ssim,full,0.79293585
18,923.515991,ecb359eb6753b3b64a027f66d912892e_shot_001_000,lpips,mouth,0.39774495
18,923.515991,ecb359eb6753b3b64a027f66d912892e_shot_001_000,lpips,full,0.22699332
18,923.515991,ecb359eb6753b3b64a027f66d912892e_shot_001_000,sharpness,mouth,76.0412
18,923.515991,ecb359eb6753b3b64a027f66d912892e_shot_001_000,lmd,mouth,5.368345
18,923.515991,ecb359eb6753b3b64a027f66d912892e_shot_001_000,sync_d,mouth,7.402493
18,923.515991,ecb359eb6753b3b64a027f66d912892e_shot_001_000,sync_c,mouth,7.508058
19,917.154785,ecb359eb6753b3b64a027f66d912892e_shot_001_000,pixel_mse,mouth,0.03694288
19,917.154785,ecb359eb6753b3b64a027f66d912892e_shot_001_000,pixel_mse,full,0.00920986
19,917.154785,ecb359eb6753b3b64a027f66d912892e_shot_001_000,ssim,mouth,0.51648474
19,917.154785,ecb359eb6753b3b64a027f66d912892e_shot_001_000,ssim,full,0.79217583
19,917.154785,ecb359eb6753b3b64a027f66d912892e_shot_001_000,lpips,mouth,0.38764834
19,917.154785,ecb359eb6753b3b64a027f66d912892e_shot_001_000,lpips,full,0.22447975
19,917.154785,ecb359eb6753b3b64a027f66d912892e_shot_001_000,sharpness,mouth,74.882
19,917.154785,ecb359eb6753b3b64a027f66d912892e_shot_001_000,lmd,mouth,5.367541
19,917.154785,ecb359eb6753b3b64a027f66d912892e_shot_001_000,sync_d,mouth,7.190456
19,917.154785,ecb359eb6753b3b64a027f66d912892e_shot_001_000,sync_c,mouth,7.841229
20,910.451721,ecb359eb6753b3b64a027f66d912892e_shot_001_000,pixel_mse,mouth,0.03711964
20,910.451721,ecb359eb6753b3b64a027f66d912892e_shot_001_000,pixel_mse,full,0.0092693
20,910.451721,ecb359eb6753b3b64a027f66d912892e_shot_001_000,ssim,mouth,0.51455975
20,910.451721,ecb359eb6753b3b64a027f66d912892e_shot_001_000,ssim,full,0.7914328
20,910.451721,ecb359eb6753b3b64a027f66d912892e_shot_001_000,lpips,mouth,0.37966266
20,910.451721,ecb359eb6753b3b64a027f66d912892e_shot_001_000,lpips,full,0.22266656
20,910.451721,ecb359eb6753b3b64a027f66d912892e_shot_001_000,sharpness,mouth,76.9458
20,910.451721,ecb359eb6753b3b64a027f66d912892e_shot_001_000,lmd,mouth,5.371432
20,910.451721,ecb359eb6753b3b64a027f66d912892e_shot_001_000,sync_d,mouth,6.995636
20,910.451721,ecb359eb6753b3b64a027f66d912892e_shot_001_000,sync_c,mouth,8.036037
21,903.378723,ecb359eb6753b3b64a027f66d912892e_shot_001_000,pixel_mse,mouth,0.03723715
21,903.378723,ecb359eb6753b3b64a027f66d912892e_shot_001_000,pixel_mse,full,0.00932982
21,903.378723,ecb359eb6753b3b64a027f66d912892e_shot_001_000,ssim,mouth,0.51327789
21,903.378723,ecb359eb6753b3b64a027f66d912892e_shot_001_000,ssim,full,0.79067469
21,903.378723,ecb359eb6753b3b64a027f66d912892e_shot_001_000,lpips,mouth,0.37110317
21,903.378723,ecb359eb6753b3b64a027f66d912892e_shot_001_000,lpips,full,0.22021626
21,903.378723,ecb359eb6753b3b64a027f66d912892e_shot_001_000,sharpness,mouth,76.3539
21,903.378723,ecb359eb6753b3b64a027f66d912892e_shot_001_000,lmd,mouth,5.395224
21,903.378723,ecb359eb6753b3b64a027f66d912892e_shot_001_000,sync_d,mouth,6.99412
21,903.378723,ecb359eb6753b3b64a027f66d912892e_shot_001_000,sync_c,mouth,8.133768
22,895.903931,ecb359eb6753b3b64a027f66d912892e_shot_001_000,pixel_mse,mouth,0.03727705
22,895.903931,ecb359eb6753b3b64a027f66d912892e_shot_001_000,pixel_mse,full,0.00938782
22,895.903931,ecb359eb6753b3b64a027f66d912892e_shot_001_000,ssim,mouth,0.5121696
22,895.903931,ecb359eb6753b3b64a027f66d912892e_shot_001_000,ssim,full,0.78982711
22,895.903931,ecb359eb6753b3b64a027f66d912892e_shot_001_000,lpips,mouth,0.36500952
22,895.903931,ecb359eb6753b3b64a027f66d912892e_shot_001_000,lpips,full,0.21847096
22,895.903931,ecb359eb6753b3b64a027f66d912892e_shot_001_000,sharpness,mouth,76.5749
22,895.903931,ecb359eb6753b3b64a027f66d912892e_shot_001_000,lmd,mouth,5.348739
22,895.903931,ecb359eb6753b3b64a027f66d912892e_shot_001_000,sync_d,mouth,7.026299
22,895.903931,ecb359eb6753b3b64a027f66d912892e_shot_001_000,sync_c,mouth,8.059668
23,887.992493,ecb359eb6753b3b64a027f66d912892e_shot_001_000,pixel_mse,mouth,0.03739133
23,887.992493,ecb359eb6753b3b64a027f66d912892e_shot_001_000,pixel_mse,full,0.00944416
23,887.992493,ecb359eb6753b3b64a027f66d912892e_shot_001_000,ssim,mouth,0.51099432
23,887.992493,ecb359eb6753b3b64a027f66d912892e_shot_001_000,ssim,full,0.78909248
23,887.992493,ecb359eb6753b3b64a027f66d912892e_shot_001_000,lpips,mouth,0.35886437
23,887.992493,ecb359eb6753b3b64a027f66d912892e_shot_001_000,lpips,full,0.21681817
23,887.992493,ecb359eb6753b3b64a027f66d912892e_shot_001_000,sharpness,mouth,75.8934
23,887.992493,ecb359eb6753b3b64a027f66d912892e_shot_001_000,lmd,mouth,5.36622
23,887.992493,ecb359eb6753b3b64a027f66d912892e_shot_001_000,sync_d,mouth,6.890217
23,887.992493,ecb359eb6753b3b64a027f66d912892e_shot_001_000,sync_c,mouth,8.263687
24,879.604736,ecb359eb6753b3b64a027f66d912892e_shot_001_000,pixel_mse,mouth,0.03744091
24,879.604736,ecb359eb6753b3b64a027f66d912892e_shot_001_000,pixel_mse,full,0.00947825
24,879.604736,ecb359eb6753b3b64a027f66d912892e_shot_001_000,ssim,mouth,0.50964409
24,879.604736,ecb359eb6753b3b64a027f66d912892e_shot_001_000,ssim,full,0.78860819
24,879.604736,ecb359eb6753b3b64a027f66d912892e_shot_001_000,lpips,mouth,0.35304955
24,879.604736,ecb359eb6753b3b64a027f66d912892e_shot_001_000,lpips,full,0.21502186
24,879.604736,ecb359eb6753b3b64a027f66d912892e_shot_001_000,sharpness,mouth,74.4362
24,879.604736,ecb359eb6753b3b64a027f66d912892e_shot_001_000,lmd,mouth,5.363486
24,879.604736,ecb359eb6753b3b64a027f66d912892e_shot_001_000,sync_d,mouth,6.995646
24,879.604736,ecb359eb6753b3b64a027f66d912892e_shot_001_000,sync_c,mouth,8.105991
25,870.696350,ecb359eb6753b3b64a027f66d912892e_shot_001_000,pixel_mse,mouth,0.03762003
25,870.696350,ecb359eb6753b3b64a027f66d912892e_shot_001_000,pixel_mse,full,0.00952458
25,870.696350,ecb359eb6753b3b64a027f66d912892e_shot_001_000,ssim,mouth,0.50743181
25,870.696350,ecb359eb6753b3b64a027f66d912892e_shot_001_000,ssim,full,0.78782099
25,870.696350,ecb359eb6753b3b64a027f66d912892e_shot_001_000,lpips,mouth,0.34694847
25,870.696350,ecb359eb6753b3b64a027f66d912892e_shot_001_000,lpips,full,0.21332631
25,870.696350,ecb359eb6753b3b64a027f66d912892e_shot_001_000,sharpness,mouth,76.0139
25,870.696350,ecb359eb6753b3b64a027f66d912892e_shot_001_000,lmd,mouth,5.348502
25,870.696350,ecb359eb6753b3b64a027f66d912892e_shot_001_000,sync_d,mouth,6.942075
25,870.696350,ecb359eb6753b3b64a027f66d912892e_shot_001_000,sync_c,mouth,8.142939
26,861.217407,ecb359eb6753b3b64a027f66d912892e_shot_001_000,pixel_mse,mouth,0.03764133
26,861.217407,ecb359eb6753b3b64a027f66d912892e_shot_001_000,pixel_mse,full,0.00956503
26,861.217407,ecb359eb6753b3b64a027f66d912892e_shot_001_000,ssim,mouth,0.50555295
26,861.217407,ecb359eb6753b3b64a027f66d912892e_shot_001_000,ssim,full,0.7870369
26,861.217407,ecb359eb6753b3b64a027f66d912892e_shot_001_000,lpips,mouth,0.34222698
26,861.217407,ecb359eb6753b3b64a027f66d912892e_shot_001_000,lpips,full,0.21156606
26,861.217407,ecb359eb6753b3b64a027f66d912892e_shot_001_000,sharpness,mouth,76.559
26,861.217407,ecb359eb6753b3b64a027f66d912892e_shot_001_000,lmd,mouth,5.40046
26,861.217407,ecb359eb6753b3b64a027f66d912892e_shot_001_000,sync_d,mouth,7.000842
26,861.217407,ecb359eb6753b3b64a027f66d912892e_shot_001_000,sync_c,mouth,8.107441
27,851.111145,ecb359eb6753b3b64a027f66d912892e_shot_001_000,pixel_mse,mouth,0.03778159
27,851.111145,ecb359eb6753b3b64a027f66d912892e_shot_001_000,pixel_mse,full,0.00960173
27,851.111145,ecb359eb6753b3b64a027f66d912892e_shot_001_000,ssim,mouth,0.50338513
27,851.111145,ecb359eb6753b3b64a027f66d912892e_shot_001_000,ssim,full,0.78640544
27,851.111145,ecb359eb6753b3b64a027f66d912892e_shot_001_000,lpips,mouth,0.33819059
27,851.111145,ecb359eb6753b3b64a027f66d912892e_shot_001_000,lpips,full,0.21047297
27,851.111145,ecb359eb6753b3b64a027f66d912892e_shot_001_000,sharpness,mouth,77.7036
27,851.111145,ecb359eb6753b3b64a027f66d912892e_shot_001_000,lmd,mouth,5.396362
27,851.111145,ecb359eb6753b3b64a027f66d912892e_shot_001_000,sync_d,mouth,7.074613
27,851.111145,ecb359eb6753b3b64a027f66d912892e_shot_001_000,sync_c,mouth,8.087957
28,840.313232,ecb359eb6753b3b64a027f66d912892e_shot_001_000,pixel_mse,mouth,0.03793902
28,840.313232,ecb359eb6753b3b64a027f66d912892e_shot_001_000,pixel_mse,full,0.00964305
28,840.313232,ecb359eb6753b3b64a027f66d912892e_shot_001_000,ssim,mouth,0.50115448
28,840.313232,ecb359eb6753b3b64a027f66d912892e_shot_001_000,ssim,full,0.78576863
28,840.313232,ecb359eb6753b3b64a027f66d912892e_shot_001_000,lpips,mouth,0.33403403
28,840.313232,ecb359eb6753b3b64a027f66d912892e_shot_001_000,lpips,full,0.20910682
28,840.313232,ecb359eb6753b3b64a027f66d912892e_shot_001_000,sharpness,mouth,76.1482
28,840.313232,ecb359eb6753b3b64a027f66d912892e_shot_001_000,lmd,mouth,5.414226
28,840.313232,ecb359eb6753b3b64a027f66d912892e_shot_001_000,sync_d,mouth,6.849838
28,840.313232,ecb359eb6753b3b64a027f66d912892e_shot_001_000,sync_c,mouth,8.320569
29,828.750244,ecb359eb6753b3b64a027f66d912892e_shot_001_000,pixel_mse,mouth,0.03811255
29,828.750244,ecb359eb6753b3b64a027f66d912892e_shot_001_000,pixel_mse,full,0.00969753
29,828.750244,ecb359eb6753b3b64a027f66d912892e_shot_001_000,ssim,mouth,0.49937552
29,828.750244,ecb359eb6753b3b64a027f66d912892e_shot_001_000,ssim,full,0.78512454
29,828.750244,ecb359eb6753b3b64a027f66d912892e_shot_001_000,lpips,mouth,0.33093271
29,828.750244,ecb359eb6753b3b64a027f66d912892e_shot_001_000,lpips,full,0.2080335
29,828.750244,ecb359eb6753b3b64a027f66d912892e_shot_001_000,sharpness,mouth,75.6849
29,828.750244,ecb359eb6753b3b64a027f66d912892e_shot_001_000,lmd,mouth,5.395459
29,828.750244,ecb359eb6753b3b64a027f66d912892e_shot_001_000,sync_d,mouth,6.758697
29,828.750244,ecb359eb6753b3b64a027f66d912892e_shot_001_000,sync_c,mouth,8.492044
30,816.337830,ecb359eb6753b3b64a027f66d912892e_shot_001_000,pixel_mse,mouth,0.03823594
30,816.337830,ecb359eb6753b3b64a027f66d912892e_shot_001_000,pixel_mse,full,0.00973325
30,816.337830,ecb359eb6753b3b64a027f66d912892e_shot_001_000,ssim,mouth,0.49764648
30,816.337830,ecb359eb6753b3b64a027f66d912892e_shot_001_000,ssim,full,0.78449333
30,816.337830,ecb359eb6753b3b64a027f66d912892e_shot_001_000,lpips,mouth,0.3286984
30,816.337830,ecb359eb6753b3b64a027f66d912892e_shot_001_000,lpips,full,0.20719357
30,816.337830,ecb359eb6753b3b64a027f66d912892e_shot_001_000,sharpness,mouth,75.4321
30,816.337830,ecb359eb6753b3b64a027f66d912892e_shot_001_000,lmd,mouth,5.409572
30,816.337830,ecb359eb6753b3b64a027f66d912892e_shot_001_000,sync_d,mouth,6.881763
30,816.337830,ecb359eb6753b3b64a027f66d912892e_shot_001_000,sync_c,mouth,8.316568
31,802.978699,ecb359eb6753b3b64a027f66d912892e_shot_001_000,pixel_mse,mouth,0.03835762
31,802.978699,ecb359eb6753b3b64a027f66d912892e_shot_001_000,pixel_mse,full,0.00977748
31,802.978699,ecb359eb6753b3b64a027f66d912892e_shot_001_000,ssim,mouth,0.49567729
31,802.978699,ecb359eb6753b3b64a027f66d912892e_shot_001_000,ssim,full,0.78372353
31,802.978699,ecb359eb6753b3b64a027f66d912892e_shot_001_000,lpips,mouth,0.32645142
31,802.978699,ecb359eb6753b3b64a027f66d912892e_shot_001_000,lpips,full,0.20649038
31,802.978699,ecb359eb6753b3b64a027f66d912892e_shot_001_000,sharpness,mouth,75.6513
31,802.978699,ecb359eb6753b3b64a027f66d912892e_shot_001_000,lmd,mouth,5.399628
31,802.978699,ecb359eb6753b3b64a027f66d912892e_shot_001_000,sync_d,mouth,7.010882
31,802.978699,ecb359eb6753b3b64a027f66d912892e_shot_001_000,sync_c,mouth,8.237556
32,788.560242,ecb359eb6753b3b64a027f66d912892e_shot_001_000,pixel_mse,mouth,0.03851093
32,788.560242,ecb359eb6753b3b64a027f66d912892e_shot_001_000,pixel_mse,full,0.00980747
32,788.560242,ecb359eb6753b3b64a027f66d912892e_shot_001_000,ssim,mouth,0.49397781
32,788.560242,ecb359eb6753b3b64a027f66d912892e_shot_001_000,ssim,full,0.78318369
32,788.560242,ecb359eb6753b3b64a027f66d912892e_shot_001_000,lpips,mouth,0.3249957
32,788.560242,ecb359eb6753b3b64a027f66d912892e_shot_001_000,lpips,full,0.20580478
32,788.560242,ecb359eb6753b3b64a027f66d912892e_shot_001_000,sharpness,mouth,75.3454
32,788.560242,ecb359eb6753b3b64a027f66d912892e_shot_001_000,lmd,mouth,5.428953
32,788.560242,ecb359eb6753b3b64a027f66d912892e_shot_001_000,sync_d,mouth,6.975794
32,788.560242,ecb359eb6753b3b64a027f66d912892e_shot_001_000,sync_c,mouth,8.256069
33,772.951477,ecb359eb6753b3b64a027f66d912892e_shot_001_000,pixel_mse,mouth,0.03859108
33,772.951477,ecb359eb6753b3b64a027f66d912892e_shot_001_000,pixel_mse,full,0.00983814
33,772.951477,ecb359eb6753b3b64a027f66d912892e_shot_001_000,ssim,mouth,0.49263513
33,772.951477,ecb359eb6753b3b64a027f66d912892e_shot_001_000,ssim,full,0.78263342
33,772.951477,ecb359eb6753b3b64a027f66d912892e_shot_001_000,lpips,mouth,0.32376099
33,772.951477,ecb359eb6753b3b64a027f66d912892e_shot_001_000,lpips,full,0.20516579
33,772.951477,ecb359eb6753b3b64a027f66d912892e_shot_001_000,sharpness,mouth,74.9561
33,772.951477,ecb359eb6753b3b64a027f66d912892e_shot_001_000,lmd,mouth,5.386292
33,772.951477,ecb359eb6753b3b64a027f66d912892e_shot_001_000,sync_d,mouth,7.170153
33,772.951477,ecb359eb6753b3b64a027f66d912892e_shot_001_000,sync_c,mouth,8.01408
34,755.998352,ecb359eb6753b3b64a027f66d912892e_shot_001_000,pixel_mse,mouth,0.0386911
34,755.998352,ecb359eb6753b3b64a027f66d912892e_shot_001_000,pixel_mse,full,0.00986197
34,755.998352,ecb359eb6753b3b64a027f66d912892e_shot_001_000,ssim,mouth,0.49165124
34,755.998352,ecb359eb6753b3b64a027f66d912892e_shot_001_000,ssim,full,0.78221613
34,755.998352,ecb359eb6753b3b64a027f66d912892e_shot_001_000,lpips,mouth,0.32258961
34,755.998352,ecb359eb6753b3b64a027f66d912892e_shot_001_000,lpips,full,0.20428835
34,755.998352,ecb359eb6753b3b64a027f66d912892e_shot_001_000,sharpness,mouth,74.9916
34,755.998352,ecb359eb6753b3b64a027f66d912892e_shot_001_000,lmd,mouth,5.448516
34,755.998352,ecb359eb6753b3b64a027f66d912892e_shot_001_000,sync_d,mouth,7.119136
34,755.998352,ecb359eb6753b3b64a027f66d912892e_shot_001_000,sync_c,mouth,7.916971
35,737.519714,ecb359eb6753b3b64a027f66d912892e_shot_001_000,pixel_mse,mouth,0.03875613
35,737.519714,ecb359eb6753b3b64a027f66d912892e_shot_001_000,pixel_mse,full,0.00988702
35,737.519714,ecb359eb6753b3b64a027f66d912892e_shot_001_000,ssim,mouth,0.4904148
35,737.519714,ecb359eb6753b3b64a027f66d912892e_shot_001_000,ssim,full,0.78170204
35,737.519714,ecb359eb6753b3b64a027f66d912892e_shot_001_000,lpips,mouth,0.32095066
35,737.519714,ecb359eb6753b3b64a027f66d912892e_shot_001_000,lpips,full,0.20369558
35,737.519714,ecb359eb6753b3b64a027f66d912892e_shot_001_000,sharpness,mouth,75.6242
35,737.519714,ecb359eb6753b3b64a027f66d912892e_shot_001_000,lmd,mouth,5.462741
35,737.519714,ecb359eb6753b3b64a027f66d912892e_shot_001_000,sync_d,mouth,7.293428
35,737.519714,ecb359eb6753b3b64a027f66d912892e_shot_001_000,sync_c,mouth,7.87878
36,717.299683,ecb359eb6753b3b64a027f66d912892e_shot_001_000,pixel_mse,mouth,0.03883892
36,717.299683,ecb359eb6753b3b64a027f66d912892e_shot_001_000,pixel_mse,full,0.00990316
36,717.299683,ecb359eb6753b3b64a027f66d912892e_shot_001_000,ssim,mouth,0.48887831
36,717.299683,ecb359eb6753b3b64a027f66d912892e_shot_001_000,ssim,full,0.7811321
36,717.299683,ecb359eb6753b3b64a027f66d912892e_shot_001_000,lpips,mouth,0.32059234
36,717.299683,ecb359eb6753b3b64a027f66d912892e_shot_001_000,lpips,full,0.20349538
36,717.299683,ecb359eb6753b3b64a027f66d912892e_shot_001_000,sharpness,mouth,76.0853
36,717.299683,ecb359eb6753b3b64a027f66d912892e_shot_001_000,lmd,mouth,5.485677
36,717.299683,ecb359eb6753b3b64a027f66d912892e_shot_001_000,sync_d,mouth,7.417408
36,717.299683,ecb359eb6753b3b64a027f66d912892e_shot_001_000,sync_c,mouth,7.695421
37,695.080139,ecb359eb6753b3b64a027f66d912892e_shot_001_000,pixel_mse,mouth,0.03892022
37,695.080139,ecb359eb6753b3b64a027f66d912892e_shot_001_000,pixel_mse,full,0.00992713
37,695.080139,ecb359eb6753b3b64a027f66d912892e_shot_001_000,ssim,mouth,0.48829195
37,695.080139,ecb359eb6753b3b64a027f66d912892e_shot_001_000,ssim,full,0.78072017
37,695.080139,ecb359eb6753b3b64a027f66d912892e_shot_001_000,lpips,mouth,0.31923819
37,695.080139,ecb359eb6753b3b64a027f66d912892e_shot_001_000,lpips,full,0.2029376
37,695.080139,ecb359eb6753b3b64a027f66d912892e_shot_001_000,sharpness,mouth,75.5563
37,695.080139,ecb359eb6753b3b64a027f66d912892e_shot_001_000,lmd,mouth,5.45536
37,695.080139,ecb359eb6753b3b64a027f66d912892e_shot_001_000,sync_d,mouth,7.347065
37,695.080139,ecb359eb6753b3b64a027f66d912892e_shot_001_000,sync_c,mouth,7.69923
38,670.548828,ecb359eb6753b3b64a027f66d912892e_shot_001_000,pixel_mse,mouth,0.03895144
38,670.548828,ecb359eb6753b3b64a027f66d912892e_shot_001_000,pixel_mse,full,0.00994264
38,670.548828,ecb359eb6753b3b64a027f66d912892e_shot_001_000,ssim,mouth,0.48721364
38,670.548828,ecb359eb6753b3b64a027f66d912892e_shot_001_000,ssim,full,0.78026915
38,670.548828,ecb359eb6753b3b64a027f66d912892e_shot_001_000,lpips,mouth,0.31789163
38,670.548828,ecb359eb6753b3b64a027f66d912892e_shot_001_000,lpips,full,0.20254821
38,670.548828,ecb359eb6753b3b64a027f66d912892e_shot_001_000,sharpness,mouth,74.9391
38,670.548828,ecb359eb6753b3b64a027f66d912892e_shot_001_000,lmd,mouth,5.513714
38,670.548828,ecb359eb6753b3b64a027f66d912892e_shot_001_000,sync_d,mouth,7.323393
38,670.548828,ecb359eb6753b3b64a027f66d912892e_shot_001_000,sync_c,mouth,7.802694
39,643.325317,ecb359eb6753b3b64a027f66d912892e_shot_001_000,pixel_mse,mouth,0.03904535
39,643.325317,ecb359eb6753b3b64a027f66d912892e_shot_001_000,pixel_mse,full,0.00995969
39,643.325317,ecb359eb6753b3b64a027f66d912892e_shot_001_000,ssim,mouth,0.48614934
39,643.325317,ecb359eb6753b3b64a027f66d912892e_shot_001_000,ssim,full,0.77994525
39,643.325317,ecb359eb6753b3b64a027f66d912892e_shot_001_000,lpips,mouth,0.31817269
39,643.325317,ecb359eb6753b3b64a027f66d912892e_shot_001_000,lpips,full,0.20193535
39,643.325317,ecb359eb6753b3b64a027f66d912892e_shot_001_000,sharpness,mouth,73.8793
39,643.325317,ecb359eb6753b3b64a027f66d912892e_shot_001_000,lmd,mouth,5.519913
39,643.325317,ecb359eb6753b3b64a027f66d912892e_shot_001_000,sync_d,mouth,7.451111
39,643.325317,ecb359eb6753b3b64a027f66d912892e_shot_001_000,sync_c,mouth,7.70343
40,612.940735,ecb359eb6753b3b64a027f66d912892e_shot_001_000,pixel_mse,mouth,0.03915003
40,612.940735,ecb359eb6753b3b64a027f66d912892e_shot_001_000,pixel_mse,full,0.00996941
40,612.940735,ecb359eb6753b3b64a027f66d912892e_shot_001_000,ssim,mouth,0.48514006
40,612.940735,ecb359eb6753b3b64a027f66d912892e_shot_001_000,ssim,full,0.77966672
40,612.940735,ecb359eb6753b3b64a027f66d912892e_shot_001_000,lpips,mouth,0.31693843
40,612.940735,ecb359eb6753b3b64a027f66d912892e_shot_001_000,lpips,full,0.20143212
40,612.940735,ecb359eb6753b3b64a027f66d912892e_shot_001_000,sharpness,mouth,74.4803
40,612.940735,ecb359eb6753b3b64a027f66d912892e_shot_001_000,lmd,mouth,5.549955
40,612.940735,ecb359eb6753b3b64a027f66d912892e_shot_001_000,sync_d,mouth,7.485657
40,612.940735,ecb359eb6753b3b64a027f66d912892e_shot_001_000,sync_c,mouth,7.562455
41,578.810425,ecb359eb6753b3b64a027f66d912892e_shot_001_000,pixel_mse,mouth,0.03921719
41,578.810425,ecb359eb6753b3b64a027f66d912892e_shot_001_000,pixel_mse,full,0.00997519
41,578.810425,ecb359eb6753b3b64a027f66d912892e_shot_001_000,ssim,mouth,0.48425382
41,578.810425,ecb359eb6753b3b64a027f66d912892e_shot_001_000,ssim,full,0.77935284
41,578.810425,ecb359eb6753b3b64a027f66d912892e_shot_001_000,lpips,mouth,0.31688112
41,578.810425,ecb359eb6753b3b64a027f66d912892e_shot_001_000,lpips,full,0.20082892
41,578.810425,ecb359eb6753b3b64a027f66d912892e_shot_001_000,sharpness,mouth,74.3677
41,578.810425,ecb359eb6753b3b64a027f66d912892e_shot_001_000,lmd,mouth,5.596029
41,578.810425,ecb359eb6753b3b64a027f66d912892e_shot_001_000,sync_d,mouth,7.522763
41,578.810425,ecb359eb6753b3b64a027f66d912892e_shot_001_000,sync_c,mouth,7.655803
42,540.196350,ecb359eb6753b3b64a027f66d912892e_shot_001_000,pixel_mse,mouth,0.03928974
42,540.196350,ecb359eb6753b3b64a027f66d912892e_shot_001_000,pixel_mse,full,0.00997804
42,540.196350,ecb359eb6753b3b64a027f66d912892e_shot_001_000,ssim,mouth,0.48315257
42,540.196350,ecb359eb6753b3b64a027f66d912892e_shot_001_000,ssim,full,0.77897322
42,540.196350,ecb359eb6753b3b64a027f66d912892e_shot_001_000,lpips,mouth,0.31625065
42,540.196350,ecb359eb6753b3b64a027f66d912892e_shot_001_000,lpips,full,0.20034356
42,540.196350,ecb359eb6753b3b64a027f66d912892e_shot_001_000,sharpness,mouth,74.295
42,540.196350,ecb359eb6753b3b64a027f66d912892e_shot_001_000,lmd,mouth,5.606787
42,540.196350,ecb359eb6753b3b64a027f66d912892e_shot_001_000,sync_d,mouth,7.590641
42,540.196350,ecb359eb6753b3b64a027f66d912892e_shot_001_000,sync_c,mouth,7.525186
43,496.152893,ecb359eb6753b3b64a027f66d912892e_shot_001_000,pixel_mse,mouth,0.03932829
43,496.152893,ecb359eb6753b3b64a027f66d912892e_shot_001_000,pixel_mse,full,0.00998552
43,496.152893,ecb359eb6753b3b64a027f66d912892e_shot_001_000,ssim,mouth,0.48231152
43,496.152893,ecb359eb6753b3b64a027f66d912892e_shot_001_000,ssim,full,0.77857965
43,496.152893,ecb359eb6753b3b64a027f66d912892e_shot_001_000,lpips,mouth,0.31594169
43,496.152893,ecb359eb6753b3b64a027f66d912892e_shot_001_000,lpips,full,0.20015064
43,496.152893,ecb359eb6753b3b64a027f66d912892e_shot_001_000,sharpness,mouth,73.4984
43,496.152893,ecb359eb6753b3b64a027f66d912892e_shot_001_000,lmd,mouth,5.630205
43,496.152893,ecb359eb6753b3b64a027f66d912892e_shot_001_000,sync_d,mouth,7.274032
43,496.152893,ecb359eb6753b3b64a027f66d912892e_shot_001_000,sync_c,mouth,7.746304
44,445.448151,ecb359eb6753b3b64a027f66d912892e_shot_001_000,pixel_mse,mouth,0.03941267
44,445.448151,ecb359eb6753b3b64a027f66d912892e_shot_001_000,pixel_mse,full,0.0099903
44,445.448151,ecb359eb6753b3b64a027f66d912892e_shot_001_000,ssim,mouth,0.4810403
44,445.448151,ecb359eb6753b3b64a027f66d912892e_shot_001_000,ssim,full,0.77820981
44,445.448151,ecb359eb6753b3b64a027f66d912892e_shot_001_000,lpips,mouth,0.31524742
44,445.448151,ecb359eb6753b3b64a027f66d912892e_shot_001_000,lpips,full,0.19933271
44,445.448151,ecb359eb6753b3b64a027f66d912892e_shot_001_000,sharpness,mouth,73.4611
44,445.448151,ecb359eb6753b3b64a027f66d912892e_shot_001_000,lmd,mouth,5.630415
44,445.448151,ecb359eb6753b3b64a027f66d912892e_shot_001_000,sync_d,mouth,7.396371
44,445.448151,ecb359eb6753b3b64a027f66d912892e_shot_001_000,sync_c,mouth,7.698819
45,386.447418,ecb359eb6753b3b64a027f66d912892e_shot_001_000,pixel_mse,mouth,0.03947666
45,386.447418,ecb359eb6753b3b64a027f66d912892e_shot_001_000,pixel_mse,full,0.00999383
45,386.447418,ecb359eb6753b3b64a027f66d912892e_shot_001_000,ssim,mouth,0.47991481
45,386.447418,ecb359eb6753b3b64a027f66d912892e_shot_001_000,ssim,full,0.77782881
45,386.447418,ecb359eb6753b3b64a027f66d912892e_shot_001_000,lpips,mouth,0.31508687
45,386.447418,ecb359eb6753b3b64a027f66d912892e_shot_001_000,lpips,full,0.19892196
45,386.447418,ecb359eb6753b3b64a027f66d912892e_shot_001_000,sharpness,mouth,72.1118
45,386.447418,ecb359eb6753b3b64a027f66d912892e_shot_001_000,lmd,mouth,5.614636
45,386.447418,ecb359eb6753b3b64a027f66d912892e_shot_001_000,sync_d,mouth,7.174542
45,386.447418,ecb359eb6753b3b64a027f66d912892e_shot_001_000,sync_c,mouth,7.731604
46,316.933258,ecb359eb6753b3b64a027f66d912892e_shot_001_000,pixel_mse,mouth,0.03957291
46,316.933258,ecb359eb6753b3b64a027f66d912892e_shot_001_000,pixel_mse,full,0.0100064
46,316.933258,ecb359eb6753b3b64a027f66d912892e_shot_001_000,ssim,mouth,0.47855872
46,316.933258,ecb359eb6753b3b64a027f66d912892e_shot_001_000,ssim,full,0.7773881
46,316.933258,ecb359eb6753b3b64a027f66d912892e_shot_001_000,lpips,mouth,0.31483489
46,316.933258,ecb359eb6753b3b64a027f66d912892e_shot_001_000,lpips,full,0.19833419
46,316.933258,ecb359eb6753b3b64a027f66d912892e_shot_001_000,sharpness,mouth,72.0781
46,316.933258,ecb359eb6753b3b64a027f66d912892e_shot_001_000,lmd,mouth,5.662232
46,316.933258,ecb359eb6753b3b64a027f66d912892e_shot_001_000,sync_d,mouth,7.361253
46,316.933258,ecb359eb6753b3b64a027f66d912892e_shot_001_000,sync_c,mouth,7.548145
47,233.820694,ecb359eb6753b3b64a027f66d912892e_shot_001_000,pixel_mse,mouth,0.03964874
47,233.820694,ecb359eb6753b3b64a027f66d912892e_shot_001_000,pixel_mse,full,0.01001856
47,233.820694,ecb359eb6753b3b64a027f66d912892e_shot_001_000,ssim,mouth,0.47706938
47,233.820694,ecb359eb6753b3b64a027f66d912892e_shot_001_000,ssim,full,0.7769075
47,233.820694,ecb359eb6753b3b64a027f66d912892e_shot_001_000,lpips,mouth,0.31431082
47,233.820694,ecb359eb6753b3b64a027f66d912892e_shot_001_000,lpips,full,0.19730426
47,233.820694,ecb359eb6753b3b64a027f66d912892e_shot_001_000,sharpness,mouth,72.4051
47,233.820694,ecb359eb6753b3b64a027f66d912892e_shot_001_000,lmd,mouth,5.626465
47,233.820694,ecb359eb6753b3b64a027f66d912892e_shot_001_000,sync_d,mouth,7.21419
47,233.820694,ecb359eb6753b3b64a027f66d912892e_shot_001_000,sync_c,mouth,7.650383
48,132.687027,ecb359eb6753b3b64a027f66d912892e_shot_001_000,pixel_mse,mouth,0.03974538
48,132.687027,ecb359eb6753b3b64a027f66d912892e_shot_001_000,pixel_mse,full,0.0100302
48,132.687027,ecb359eb6753b3b64a027f66d912892e_shot_001_000,ssim,mouth,0.47525895
48,132.687027,ecb359eb6753b3b64a027f66d912892e_shot_001_000,ssim,full,0.77648264
48,132.687027,ecb359eb6753b3b64a027f66d912892e_shot_001_000,lpips,mouth,0.31369245
48,132.687027,ecb359eb6753b3b64a027f66d912892e_shot_001_000,lpips,full,0.19675331
48,132.687027,ecb359eb6753b3b64a027f66d912892e_shot_001_000,sharpness,mouth,73.3236
48,132.687027,ecb359eb6753b3b64a027f66d912892e_shot_001_000,lmd,mouth,5.669372
48,132.687027,ecb359eb6753b3b64a027f66d912892e_shot_001_000,sync_d,mouth,7.23842
48,132.687027,ecb359eb6753b3b64a027f66d912892e_shot_001_000,sync_c,mouth,7.589239
49,6.958251,ecb359eb6753b3b64a027f66d912892e_shot_001_000,pixel_mse,mouth,0.03975773
49,6.958251,ecb359eb6753b3b64a027f66d912892e_shot_001_000,pixel_mse,full,0.0100285
49,6.958251,ecb359eb6753b3b64a027f66d912892e_shot_001_000,ssim,mouth,0.47489157
49,6.958251,ecb359eb6753b3b64a027f66d912892e_shot_001_000,ssim,full,0.77704722
49,6.958251,ecb359eb6753b3b64a027f66d912892e_shot_001_000,lpips,mouth,0.3136853
49,6.958251,ecb359eb6753b3b64a027f66d912892e_shot_001_000,lpips,full,0.19587953
49,6.958251,ecb359eb6753b3b64a027f66d912892e_shot_001_000,sharpness,mouth,73.3008
49,6.958251,ecb359eb6753b3b64a027f66d912892e_shot_001_000,lmd,mouth,5.662178
49,6.958251,ecb359eb6753b3b64a027f66d912892e_shot_001_000,sync_d,mouth,7.280352
49,6.958251,ecb359eb6753b3b64a027f66d912892e_shot_001_000,sync_c,mouth,7.612966
