step,t,sample,metric,region,value
-1,gt,17ef723a912e46713e84fc2b7dd74e23_shot_001_000,sharpness,mouth,60.6479
-1,gt,17ef723a912e46713e84fc2b7dd74e23_shot_001_000,sync_d,mouth,6.698332
-1,gt,17ef723a912e46713e84fc2b7dd74e23_shot_001_000,sync_c,mouth,7.826336
0,1000.000000,17ef723a912e46713e84fc2b7dd74e23_shot_001_000,pixel_mse,mouth,0.0145866
0,1000.000000,17ef723a912e46713e84fc2b7dd74e23_shot_001_000,pixel_mse,full,0.00530927
0,1000.000000,17ef723a912e46713e84fc2b7dd74e23_shot_001_000,ssim,mouth,0.64233577
0,1000.000000,17ef723a912e46713e84fc2b7dd74e23_shot_001_000,ssim,full,0.82362646
0,1000.000000,17ef723a912e46713e84fc2b7dd74e23_shot_001_000,lpips,mouth,0.4571172
0,1000.000000,17ef723a912e46713e84fc2b7dd74e23_shot_001_000,lpips,full,0.29301938
0,1000.000000,17ef723a912e46713e84fc2b7dd74e23_shot_001_000,sharpness,mouth,19.7379
0,1000.000000,17ef723a912e46713e84fc2b7dd74e23_shot_001_000,lmd,mouth,5.430147
0,1000.000000,17ef723a912e46713e84fc2b7dd74e23_shot_001_000,sync_d,mouth,9.728147
0,1000.000000,17ef723a912e46713e84fc2b7dd74e23_shot_001_000,sync_c,mouth,1.896041
1,997.035706,17ef723a912e46713e84fc2b7dd74e23_shot_001_000,pixel_mse,mouth,0.01386431
1,997.035706,17ef723a912e46713e84fc2b7dd74e23_shot_001_000,pixel_mse,full,0.00599213
1,997.035706,17ef723a912e46713e84fc2b7dd74e23_shot_001_000,ssim,mouth,0.66128677
1,997.035706,17ef723a912e46713e84fc2b7dd74e23_shot_001_000,ssim,full,0.82736552
1,997.035706,17ef723a912e46713e84fc2b7dd74e23_shot_001_000,lpips,mouth,0.47293165
1,997.035706,17ef723a912e46713e84fc2b7dd74e23_shot_001_000,lpips,full,0.3008036
1,997.035706,17ef723a912e46713e84fc2b7dd74e23_shot_001_000,sharpness,mouth,19.0095
1,997.035706,17ef723a912e46713e84fc2b7dd74e23_shot_001_000,lmd,mouth,5.520275
1,997.035706,17ef723a912e46713e84fc2b7dd74e23_shot_001_000,sync_d,mouth,9.994602
1,997.035706,17ef723a912e46713e84fc2b7dd74e23_shot_001_000,sync_c,mouth,1.512903
2,993.963867,17ef723a912e46713e84fc2b7dd74e23_shot_001_000,pixel_mse,mouth,0.01363755
2,993.963867,17ef723a912e46713e84fc2b7dd74e23_shot_001_000,pixel_mse,full,0.00581049
2,993.963867,17ef723a912e46713e84fc2b7dd74e23_shot_001_000,ssim,mouth,0.66579491
2,993.963867,17ef723a912e46713e84fc2b7dd74e23_shot_001_000,ssim,full,0.8271085
2,993.963867,17ef723a912e46713e84fc2b7dd74e23_shot_001_000,lpips,mouth,0.48508519
2,993.963867,17ef723a912e46713e84fc2b7dd74e23_shot_001_000,lpips,full,0.30941233
2,993.963867,17ef723a912e46713e84fc2b7dd74e23_shot_001_000,sharpness,mouth,17.2525
2,993.963867,17ef723a912e46713e84fc2b7dd74e23_shot_001_000,lmd,mouth,4.994179
2,993.963867,17ef723a912e46713e84fc2b7dd74e23_shot_001_000,sync_d,mouth,9.235869
2,993.963867,17ef723a912e46713e84fc2b7dd74e23_shot_001_000,sync_c,mouth,2.286062
3,990.779053,17ef723a912e46713e84fc2b7dd74e23_shot_001_000,pixel_mse,mouth,0.01335992
3,990.779053,17ef723a912e46713e84fc2b7dd74e23_shot_001_000,pixel_mse,full,0.00628046
3,990.779053,17ef723a912e46713e84fc2b7dd74e23_shot_001_000,ssim,mouth,0.66876811
3,990.779053,17ef723a912e46713e84fc2b7dd74e23_shot_001_000,ssim,full,0.82623631
3,990.779053,17ef723a912e46713e84fc2b7dd74e23_shot_001_000,lpips,mouth,0.48534352
3,990.779053,17ef723a912e46713e84fc2b7dd74e23_shot_001_000,lpips,full,0.30355906
3,990.779053,17ef723a912e46713e84fc2b7dd74e23_shot_001_000,sharpness,mouth,18.7854
3,990.779053,17ef723a912e46713e84fc2b7dd74e23_shot_001_000,lmd,mouth,6.83464
3,990.779053,17ef723a912e46713e84fc2b7dd74e23_shot_001_000,sync_d,mouth,9.286515
3,990.779053,17ef723a912e46713e84fc2b7dd74e23_shot_001_000,sync_c,mouth,2.485235
4,987.474243,17ef723a912e46713e84fc2b7dd74e23_shot_001_000,pixel_mse,mouth,0.01515714
4,987.474243,17ef723a912e46713e84fc2b7dd74e23_shot_001_000,pixel_mse,full,0.00792417
4,987.474243,17ef723a912e46713e84fc2b7dd74e23_shot_001_000,ssim,mouth,0.66014534
4,987.474243,17ef723a912e46713e84fc2b7dd74e23_shot_001_000,ssim,full,0.82047677
4,987.474243,17ef723a912e46713e84fc2b7dd74e23_shot_001_000,lpips,mouth,0.46628642
4,987.474243,17ef723a912e46713e84fc2b7dd74e23_shot_001_000,lpips,full,0.29435846
4,987.474243,17ef723a912e46713e84fc2b7dd74e23_shot_001_000,sharpness,mouth,19.8823
4,987.474243,17ef723a912e46713e84fc2b7dd74e23_shot_001_000,lmd,mouth,6.676249
4,987.474243,17ef723a912e46713e84fc2b7dd74e23_shot_001_000,sync_d,mouth,8.995379
4,987.474243,17ef723a912e46713e84fc2b7dd74e23_shot_001_000,sync_c,mouth,3.069942
5,984.043091,17ef723a912e46713e84fc2b7dd74e23_shot_001_000,pixel_mse,mouth,0.01544826
5,984.043091,17ef723a912e46713e84fc2b7dd74e23_shot_001_000,pixel_mse,full,0.00863579
5,984.043091,17ef723a912e46713e84fc2b7dd74e23_shot_001_000,ssim,mouth,0.65856749
5,984.043091,17ef723a912e46713e84fc2b7dd74e23_shot_001_000,ssim,full,0.81757742
5,984.043091,17ef723a912e46713e84fc2b7dd74e23_shot_001_000,lpips,mouth,0.46723866
5,984.043091,17ef723a912e46713e84fc2b7dd74e23_shot_001_000,lpips,full,0.29046825
5,984.043091,17ef723a912e46713e84fc2b7dd74e23_shot_001_000,sharpness,mouth,18.9208
5,984.043091,17ef723a912e46713e84fc2b7dd74e23_shot_001_000,lmd,mouth,6.5658
5,984.043091,17ef723a912e46713e84fc2b7dd74e23_shot_001_000,sync_d,mouth,8.822115
5,984.043091,17ef723a912e46713e84fc2b7dd74e23_shot_001_000,sync_c,mouth,3.235102
6,980.477844,17ef723a912e46713e84fc2b7dd74e23_shot_001_000,pixel_mse,mouth,0.01537392
6,980.477844,17ef723a912e46713e84fc2b7dd74e23_shot_001_000,pixel_mse,full,0.00946014
6,980.477844,17ef723a912e46713e84fc2b7dd74e23_shot_001_000,ssim,mouth,0.65950525
6,980.477844,17ef723a912e46713e84fc2b7dd74e23_shot_001_000,ssim,full,0.8139618
6,980.477844,17ef723a912e46713e84fc2b7dd74e23_shot_001_000,lpips,mouth,0.4511596
6,980.477844,17ef723a912e46713e84fc2b7dd74e23_shot_001_000,lpips,full,0.2834169
6,980.477844,17ef723a912e46713e84fc2b7dd74e23_shot_001_000,sharpness,mouth,20.6805
6,980.477844,17ef723a912e46713e84fc2b7dd74e23_shot_001_000,lmd,mouth,6.30384
6,980.477844,17ef723a912e46713e84fc2b7dd74e23_shot_001_000,sync_d,mouth,8.306736
6,980.477844,17ef723a912e46713e84fc2b7dd74e23_shot_001_000,sync_c,mouth,4.425029
7,976.770691,17ef723a912e46713e84fc2b7dd74e23_shot_001_000,pixel_mse,mouth,0.0158956
7,976.770691,17ef723a912e46713e84fc2b7dd74e23_shot_001_000,pixel_mse,full,0.0100764
7,976.770691,17ef723a912e46713e84fc2b7dd74e23_shot_001_000,ssim,mouth,0.64745384
7,976.770691,17ef723a912e46713e84fc2b7dd74e23_shot_001_000,ssim,full,0.80982566
7,976.770691,17ef723a912e46713e84fc2b7dd74e23_shot_001_000,lpips,mouth,0.43481091
7,976.770691,17ef723a912e46713e84fc2b7dd74e23_shot_001_000,lpips,full,0.27923447
7,976.770691,17ef723a912e46713e84fc2b7dd74e23_shot_001_000,sharpness,mouth,22.4773
7,976.770691,17ef723a912e46713e84fc2b7dd74e23_shot_001_000,lmd,mouth,5.892702
7,976.770691,17ef723a912e46713e84fc2b7dd74e23_shot_001_000,sync_d,mouth,8.305116
7,976.770691,17ef723a912e46713e84fc2b7dd74e23_shot_001_000,sync_c,mouth,4.409798
8,972.912842,17ef723a912e46713e84fc2b7dd74e23_shot_001_000,pixel_mse,mouth,0.01671646
8,972.912842,17ef723a912e46713e84fc2b7dd74e23_shot_001_000,pixel_mse,full,0.01045836
8,972.912842,17ef723a912e46713e84fc2b7dd74e23_shot_001_000,ssim,mouth,0.63890588
8,972.912842,17ef723a912e46713e84fc2b7dd74e23_shot_001_000,ssim,full,0.80621147
8,972.912842,17ef723a912e46713e84fc2b7dd74e23_shot_001_000,lpips,mouth,0.41789556
8,972.912842,17ef723a912e46713e84fc2b7dd74e23_shot_001_000,lpips,full,0.27543622
8,972.912842,17ef723a912e46713e84fc2b7dd74e23_shot_001_000,sharpness,mouth,23.6561
8,972.912842,17ef723a912e46713e84fc2b7dd74e23_shot_001_000,lmd,mouth,5.762852
8,972.912842,17ef723a912e46713e84fc2b7dd74e23_shot_001_000,sync_d,mouth,7.911587
8,972.912842,17ef723a912e46713e84fc2b7dd74e23_shot_001_000,sync_c,mouth,5.075915
9,968.895081,17ef723a912e46713e84fc2b7dd74e23_shot_001_000,pixel_mse,mouth,0.01712891
9,968.895081,17ef723a912e46713e84fc2b7dd74e23_shot_001_000,pixel_mse,full,0.0105179
9,968.895081,17ef723a912e46713e84fc2b7dd74e23_shot_001_000,ssim,mouth,0.63432866
9,968.895081,17ef723a912e46713e84fc2b7dd74e23_shot_001_000,ssim,full,0.80540597
9,968.895081,17ef723a912e46713e84fc2b7dd74e23_shot_001_000,lpips,mouth,0.39642945
9,968.895081,17ef723a912e46713e84fc2b7dd74e23_shot_001_000,lpips,full,0.26934159
9,968.895081,17ef723a912e46713e84fc2b7dd74e23_shot_001_000,sharpness,mouth,23.1208
9,968.895081,17ef723a912e46713e84fc2b7dd74e23_shot_001_000,lmd,mouth,5.717858
9,968.895081,17ef723a912e46713e84fc2b7dd74e23_shot_001_000,sync_d,mouth,8.375787
9,968.895081,17ef723a912e46713e84fc2b7dd74e23_shot_001_000,sync_c,mouth,4.782492
10,964.707153,17ef723a912e46713e84fc2b7dd74e23_shot_001_000,pixel_mse,mouth,0.01768763
10,964.707153,17ef723a912e46713e84fc2b7dd74e23_shot_001_000,pixel_mse,full,0.0106451
10,964.707153,17ef723a912e46713e84fc2b7dd74e23_shot_001_000,ssim,mouth,0.63111538
10,964.707153,17ef723a912e46713e84fc2b7dd74e23_shot_001_000,ssim,full,0.804308
10,964.707153,17ef723a912e46713e84fc2b7dd74e23_shot_001_000,lpips,mouth,0.37630144
10,964.707153,17ef723a912e46713e84fc2b7dd74e23_shot_001_000,lpips,full,0.26255947
10,964.707153,17ef723a912e46713e84fc2b7dd74e23_shot_001_000,sharpness,mouth,23.303
10,964.707153,17ef723a912e46713e84fc2b7dd74e23_shot_001_000,lmd,mouth,5.607535
10,964.707153,17ef723a912e46713e84fc2b7dd74e23_shot_001_000,sync_d,mouth,8.022958
10,964.707153,17ef723a912e46713e84fc2b7dd74e23_shot_001_000,sync_c,mouth,5.409396
11,960.337952,17ef723a912e46713e84fc2b7dd74e23_shot_001_000,pixel_mse,mouth,0.01799958
11,960.337952,17ef723a912e46713e84fc2b7dd74e23_shot_001_000,pixel_mse,full,0.01076258
11,960.337952,17ef723a912e46713e84fc2b7dd74e23_shot_001_000,ssim,mouth,0.62665075
11,960.337952,17ef723a912e46713e84fc2b7dd74e23_shot_001_000,ssim,full,0.80358088
11,960.337952,17ef723a912e46713e84fc2b7dd74e23_shot_001_000,lpips,mouth,0.36044011
11,960.337952,17ef723a912e46713e84fc2b7dd74e23_shot_001_000,lpips,full,0.25751638
11,960.337952,17ef723a912e46713e84fc2b7dd74e23_shot_001_000,sharpness,mouth,24.3881
11,960.337952,17ef723a912e46713e84fc2b7dd74e23_shot_001_000,lmd,mouth,5.76763
11,960.337952,17ef723a912e46713e84fc2b7dd74e23_shot_001_000,sync_d,mouth,7.836638
11,960.337952,17ef723a912e46713e84fc2b7dd74e23_shot_001_000,sync_c,mouth,5.841387
12,955.775635,17ef723a912e46713e84fc2b7dd74e23_shot_001_000,pixel_mse,mouth,0.01823242
12,955.775635,17ef723a912e46713e84fc2b7dd74e23_shot_001_000,pixel_mse,full,0.01087385
12,955.775635,17ef723a912e46713e84fc2b7dd74e23_shot_001_000,ssim,mouth,0.62340915
12,955.775635,17ef723a912e46713e84fc2b7dd74e23_shot_001_000,ssim,full,0.80277061
12,955.775635,17ef723a912e46713e84fc2b7dd74e23_shot_001_000,lpips,mouth,0.35158092
12,955.775635,17ef723a912e46713e84fc2b7dd74e23_shot_001_000,lpips,full,0.25531244
12,955.775635,17ef723a912e46713e84fc2b7dd74e23_shot_001_000,sharpness,mouth,27.1798
12,955.775635,17ef723a912e46713e84fc2b7dd74e23_shot_001_000,lmd,mouth,5.809827
12,955.775635,17ef723a912e46713e84fc2b7dd74e23_shot_001_000,sync_d,mouth,7.670879
12,955.775635,17ef723a912e46713e84fc2b7dd74e23_shot_001_000,sync_c,mouth,6.012855
13,951.006897,17ef723a912e46713e84fc2b7dd74e23_shot_001_000,pixel_mse,mouth,0.01905129
13,951.006897,17ef723a912e46713e84fc2b7dd74e23_shot_001_000,pixel_mse,full,0.01096042
13,951.006897,17ef723a912e46713e84fc2b7dd74e23_shot_001_000,ssim,mouth,0.61675984
13,951.006897,17ef723a912e46713e84fc2b7dd74e23_shot_001_000,ssim,full,0.80253017
13,951.006897,17ef723a912e46713e84fc2b7dd74e23_shot_001_000,lpips,mouth,0.34076241
13,951.006897,17ef723a912e46713e84fc2b7dd74e23_shot_001_000,lpips,full,0.25137335
13,951.006897,17ef723a912e46713e84fc2b7dd74e23_shot_001_000,sharpness,mouth,25.4891
13,951.006897,17ef723a912e46713e84fc2b7dd74e23_shot_001_000,lmd,mouth,6.022524
13,951.006897,17ef723a912e46713e84fc2b7dd74e23_shot_001_000,sync_d,mouth,7.574093
13,951.006897,17ef723a912e46713e84fc2b7dd74e23_shot_001_000,sync_c,mouth,6.369507
14,946.017517,17ef723a912e46713e84fc2b7dd74e23_shot_001_000,pixel_mse,mouth,0.01906879
14,946.017517,17ef723a912e46713e84fc2b7dd74e23_shot_001_000,pixel_mse,full,0.0110261
14,946.017517,17ef723a912e46713e84fc2b7dd74e23_shot_001_000,ssim,mouth,0.61551476
14,946.017517,17ef723a912e46713e84fc2b7dd74e23_shot_001_000,ssim,full,0.80171496
14,946.017517,17ef723a912e46713e84fc2b7dd74e23_shot_001_000,lpips,mouth,0.32652873
14,946.017517,17ef723a912e46713e84fc2b7dd74e23_shot_001_000,lpips,full,0.24733794
14,946.017517,17ef723a912e46713e84fc2b7dd74e23_shot_001_000,sharpness,mouth,26.4405
14,946.017517,17ef723a912e46713e84fc2b7dd74e23_shot_001_000,lmd,mouth,6.017023
14,946.017517,17ef723a912e46713e84fc2b7dd74e23_shot_001_000,sync_d,mouth,7.548764
14,946.017517,17ef723a912e46713e84fc2b7dd74e23_shot_001_000,sync_c,mouth,6.476599
15,940.791870,17ef723a912e46713e84fc2b7dd74e23_shot_001_000,pixel_mse,mouth,0.01967922
15,940.791870,17ef723a912e46713e84fc2b7dd74e23_shot_001_000,pixel_mse,full,0.01113431
15,940.791870,17ef723a912e46713e84fc2b7dd74e23_shot_001_000,ssim,mouth,0.60775161
15,940.791870,17ef723a912e46713e84fc2b7dd74e23_shot_001_000,ssim,full,0.80041063
15,940.791870,17ef723a912e46713e84fc2b7dd74e23_shot_001_000,lpips,mouth,0.31988883
15,940.791870,17ef723a912e46713e84fc2b7dd74e23_shot_001_000,lpips,full,0.24490353
15,940.791870,17ef723a912e46713e84fc2b7dd74e23_shot_001_000,sharpness,mouth,25.5386
15,940.791870,17ef723a912e46713e84fc2b7dd74e23_shot_001_000,lmd,mouth,6.029148
15,940.791870,17ef723a912e46713e84fc2b7dd74e23_shot_001_000,sync_d,mouth,7.543275
15,940.791870,17ef723a912e46713e84fc2b7dd74e23_shot_001_000,sync_c,mouth,6.335306
16,935.312622,17ef723a912e46713e84fc2b7dd74e23_shot_001_000,pixel_mse,mouth,0.01990854
16,935.312622,17ef723a912e46713e84fc2b7dd74e23_shot_001_000,pixel_mse,full,0.01115696
16,935.312622,17ef723a912e46713e84fc2b7dd74e23_shot_001_000,ssim,mouth,0.60476983
16,935.312622,17ef723a912e46713e84fc2b7dd74e23_shot_001_000,ssim,full,0.79984981
16,935.312622,17ef723a912e46713e84fc2b7dd74e23_shot_001_000,lpips,mouth,0.3136999
16,935.312622,17ef723a912e46713e84fc2b7dd74e23_shot_001_000,lpips,full,0.24305212
16,935.312622,17ef723a912e46713e84fc2b7dd74e23_shot_001_000,sharpness,mouth,25.2601
16,935.312622,17ef723a912e46713e84fc2b7dd74e23_shot_001_000,lmd,mouth,6.109452
16,935.312622,17ef723a912e46713e84fc2b7dd74e23_shot_001_000,sync_d,mouth,7.637979
16,935.312622,17ef723a912e46713e84fc2b7dd74e23_shot_001_000,sync_c,mouth,6.389902
17,929.560913,17ef723a912e46713e84fc2b7dd74e23_shot_001_000,pixel_mse,mouth,0.02042598
17,929.560913,17ef723a912e46713e84fc2b7dd74e23_shot_001_000,pixel_mse,full,0.01117059
17,929.560913,17ef723a912e46713e84fc2b7dd74e23_shot_001_000,ssim,mouth,0.5999912
17,929.560913,17ef723a912e46713e84fc2b7dd74e23_shot_001_000,ssim,full,0.79947919
17,929.560913,17ef723a912e46713e84fc2b7dd74e23_shot_001_000,lpips,mouth,0.31046858
17,929.560913,17ef723a912e46713e84fc2b7dd74e23_shot_001_000,lpips,full,0.24129321
17,929.560913,17ef723a912e46713e84fc2b7dd74e23_shot_001_000,sharpness,mouth,24.9464
17,929.560913,17ef723a912e46713e84fc2b7dd74e23_shot_001_000,lmd,mouth,6.163579
17,929.560913,17ef723a912e46713e84fc2b7dd74e23_shot_001_000,sync_d,mouth,7.567485
17,929.560913,17ef723a912e46713e84fc2b7dd74e23_shot_001_000,sync_c,mouth,6.538174
18,923.515991,17ef723a912e46713e84fc2b7dd74e23_shot_001_000,pixel_mse,mouth,0.02046194
18,923.515991,17ef723a912e46713e84fc2b7dd74e23_shot_001_000,pixel_mse,full,0.01117277
18,923.515991,17ef723a912e46713e84fc2b7dd74e23_shot_001_000,ssim,mouth,0.5995276
18,923.515991,17ef723a912e46713e84fc2b7dd74e23_shot_001_000,ssim,full,0.80011022
18,923.515991,17ef723a912e46713e84fc2b7dd74e23_shot_001_000,lpips,mouth,0.30943474
18,923.515991,17ef723a912e46713e84fc2b7dd74e23_shot_001_000,lpips,full,0.24014947
18,923.515991,17ef723a912e46713e84fc2b7dd74e23_shot_001_000,sharpness,mouth,24.344
18,923.515991,17ef723a912e46713e84fc2b7dd74e23_shot_001_000,lmd,mouth,6.157723
18,923.515991,17ef723a912e46713e84fc2b7dd74e23_shot_001_000,sync_d,mouth,7.73332
18,923.515991,17ef723a912e46713e84fc2b7dd74e23_shot_001_000,sync_c,mouth,6.396092
19,917.154785,17ef723a912e46713e84fc2b7dd74e23_shot_001_000,pixel_mse,mouth,0.02064513
19,917.154785,17ef723a912e46713e84fc2b7dd74e23_shot_001_000,pixel_mse,full,0.01123602
19,917.154785,17ef723a912e46713e84fc2b7dd74e23_shot_001_000,ssim,mouth,0.59851587
19,917.154785,17ef723a912e46713e84fc2b7dd74e23_shot_001_000,ssim,full,0.79968715
19,917.154785,17ef723a912e46713e84fc2b7dd74e23_shot_001_000,lpips,mouth,0.3038114
19,917.154785,17ef723a912e46713e84fc2b7dd74e23_shot_001_000,lpips,full,0.23928078
19,917.154785,17ef723a912e46713e84fc2b7dd74e23_shot_001_000,sharpness,mouth,25.2298
19,917.154785,17ef723a912e46713e84fc2b7dd74e23_shot_001_000,lmd,mouth,6.042633
19,917.154785,17ef723a912e46713e84fc2b7dd74e23_shot_001_000,sync_d,mouth,7.644779
19,917.154785,17ef723a912e46713e84fc2b7dd74e23_shot_001_000,sync_c,mouth,6.491512
20,910.451721,17ef723a912e46713e84fc2b7dd74e23_shot_001_000,pixel_mse,mouth,0.02101646
20,910.451721,17ef723a912e46713e84fc2b7dd74e23_shot_001_000,pixel_mse,full,0.01123695
20,910.451721,17ef723a912e46713e84fc2b7dd74e23_shot_001_000,ssim,mouth,0.59455252
20,910.451721,17ef723a912e46713e84fc2b7dd74e23_shot_001_000,ssim,full,0.79912341
20,910.451721,17ef723a912e46713e84fc2b7dd74e23_shot_001_000,lpips,mouth,0.30075327
20,910.451721,17ef723a912e46713e84fc2b7dd74e23_shot_001_000,lpips,full,0.23696476
20,910.451721,17ef723a912e46713e84fc2b7dd74e23_shot_001_000,sharpness,mouth,26.1134
20,910.451721,17ef723a912e46713e84fc2b7dd74e23_shot_001_000,lmd,mouth,6.084803
20,910.451721,17ef723a912e46713e84fc2b7dd74e23_shot_001_000,sync_d,mouth,7.611732
20,910.451721,17ef723a912e46713e84fc2b7dd74e23_shot_001_000,sync_c,mouth,6.490355
21,903.378723,17ef723a912e46713e84fc2b7dd74e23_shot_001_000,pixel_mse,mouth,0.02110439
21,903.378723,17ef723a912e46713e84fc2b7dd74e23_shot_001_000,pixel_mse,full,0.01128849
21,903.378723,17ef723a912e46713e84fc2b7dd74e23_shot_001_000,ssim,mouth,0.59157091
21,903.378723,17ef723a912e46713e84fc2b7dd74e23_shot_001_000,ssim,full,0.79825157
21,903.378723,17ef723a912e46713e84fc2b7dd74e23_shot_001_000,lpips,mouth,0.29769734
21,903.378723,17ef723a912e46713e84fc2b7dd74e23_shot_001_000,lpips,full,0.23540793
21,903.378723,17ef723a912e46713e84fc2b7dd74e23_shot_001_000,sharpness,mouth,25.8234
21,903.378723,17ef723a912e46713e84fc2b7dd74e23_shot_001_000,lmd,mouth,6.019445
21,903.378723,17ef723a912e46713e84fc2b7dd74e23_shot_001_000,sync_d,mouth,7.460624
21,903.378723,17ef723a912e46713e84fc2b7dd74e23_shot_001_000,sync_c,mouth,6.78898
22,895.903931,17ef723a912e46713e84fc2b7dd74e23_shot_001_000,pixel_mse,mouth,0.02120917
22,895.903931,17ef723a912e46713e84fc2b7dd74e23_shot_001_000,pixel_mse,full,0.01126724
22,895.903931,17ef723a912e46713e84fc2b7dd74e23_shot_001_000,ssim,mouth,0.59069186
22,895.903931,17ef723a912e46713e84fc2b7dd74e23_shot_001_000,ssim,full,0.79769456
22,895.903931,17ef723a912e46713e84fc2b7dd74e23_shot_001_000,lpips,mouth,0.29466367
22,895.903931,17ef723a912e46713e84fc2b7dd74e23_shot_001_000,lpips,full,0.23342556
22,895.903931,17ef723a912e46713e84fc2b7dd74e23_shot_001_000,sharpness,mouth,25.7379
22,895.903931,17ef723a912e46713e84fc2b7dd74e23_shot_001_000,lmd,mouth,5.998975
22,895.903931,17ef723a912e46713e84fc2b7dd74e23_shot_001_000,sync_d,mouth,7.340558
22,895.903931,17ef723a912e46713e84fc2b7dd74e23_shot_001_000,sync_c,mouth,6.856745
23,887.992493,17ef723a912e46713e84fc2b7dd74e23_shot_001_000,pixel_mse,mouth,0.02119748
23,887.992493,17ef723a912e46713e84fc2b7dd74e23_shot_001_000,pixel_mse,full,0.01131691
23,887.992493,17ef723a912e46713e84fc2b7dd74e23_shot_001_000,ssim,mouth,0.59005725
23,887.992493,17ef723a912e46713e84fc2b7dd74e23_shot_001_000,ssim,full,0.79751813
23,887.992493,17ef723a912e46713e84fc2b7dd74e23_shot_001_000,lpips,mouth,0.29060805
23,887.992493,17ef723a912e46713e84fc2b7dd74e23_shot_001_000,lpips,full,0.23202877
23,887.992493,17ef723a912e46713e84fc2b7dd74e23_shot_001_000,sharpness,mouth,27.2893
23,887.992493,17ef723a912e46713e84fc2b7dd74e23_shot_001_000,lmd,mouth,6.096115
23,887.992493,17ef723a912e46713e84fc2b7dd74e23_shot_001_000,sync_d,mouth,7.311984
23,887.992493,17ef723a912e46713e84fc2b7dd74e23_shot_001_000,sync_c,mouth,6.861584
24,879.604736,17ef723a912e46713e84fc2b7dd74e23_shot_001_000,pixel_mse,mouth,0.02141161
24,879.604736,17ef723a912e46713e84fc2b7dd74e23_shot_001_000,pixel_mse,full,0.01137494
24,879.604736,17ef723a912e46713e84fc2b7dd74e23_shot_001_000,ssim,mouth,0.58843398
24,879.604736,17ef723a912e46713e84fc2b7dd74e23_shot_001_000,ssim,full,0.7973513
24,879.604736,17ef723a912e46713e84fc2b7dd74e23_shot_001_000,lpips,mouth,0.28900167
24,879.604736,17ef723a912e46713e84fc2b7dd74e23_shot_001_000,lpips,full,0.23059355
24,879.604736,17ef723a912e46713e84fc2b7dd74e23_shot_001_000,sharpness,mouth,29.0586
24,879.604736,17ef723a912e46713e84fc2b7dd74e23_shot_001_000,lmd,mouth,6.052606
24,879.604736,17ef723a912e46713e84fc2b7dd74e23_shot_001_000,sync_d,mouth,7.303818
24,879.604736,17ef723a912e46713e84fc2b7dd74e23_shot_001_000,sync_c,mouth,6.917466
25,870.696350,17ef723a912e46713e84fc2b7dd74e23_shot_001_000,pixel_mse,mouth,0.02139042
25,870.696350,17ef723a912e46713e84fc2b7dd74e23_shot_001_000,pixel_mse,full,0.01136028
25,870.696350,17ef723a912e46713e84fc2b7dd74e23_shot_001_000,ssim,mouth,0.58810824
25,870.696350,17ef723a912e46713e84fc2b7dd74e23_shot_001_000,ssim,full,0.7972998
25,870.696350,17ef723a912e46713e84fc2b7dd74e23_shot_001_000,lpips,mouth,0.28613633
25,870.696350,17ef723a912e46713e84fc2b7dd74e23_shot_001_000,lpips,full,0.22956671
25,870.696350,17ef723a912e46713e84fc2b7dd74e23_shot_001_000,sharpness,mouth,29.7903
25,870.696350,17ef723a912e46713e84fc2b7dd74e23_shot_001_000,lmd,mouth,6.072122
25,870.696350,17ef723a912e46713e84fc2b7dd74e23_shot_001_000,sync_d,mouth,7.465895
25,870.696350,17ef723a912e46713e84fc2b7dd74e23_shot_001_000,sync_c,mouth,6.798829
26,861.217407,17ef723a912e46713e84fc2b7dd74e23_shot_001_000,pixel_mse,mouth,0.02133793
26,861.217407,17ef723a912e46713e84fc2b7dd74e23_shot_001_000,pixel_mse,full,0.01140551
26,861.217407,17ef723a912e46713e84fc2b7dd74e23_shot_001_000,ssim,mouth,0.58771074
26,861.217407,17ef723a912e46713e84fc2b7dd74e23_shot_001_000,ssim,full,0.79705876
26,861.217407,17ef723a912e46713e84fc2b7dd74e23_shot_001_000,lpips,mouth,0.28673735
26,861.217407,17ef723a912e46713e84fc2b7dd74e23_shot_001_000,lpips,full,0.22952855
26,861.217407,17ef723a912e46713e84fc2b7dd74e23_shot_001_000,sharpness,mouth,29.0499
26,861.217407,17ef723a912e46713e84fc2b7dd74e23_shot_001_000,lmd,mouth,6.137206
26,861.217407,17ef723a912e46713e84fc2b7dd74e23_shot_001_000,sync_d,mouth,7.298141
26,861.217407,17ef723a912e46713e84fc2b7dd74e23_shot_001_000,sync_c,mouth,6.80959
27,851.111145,17ef723a912e46713e84fc2b7dd74e23_shot_001_000,pixel_mse,mouth,0.02124435
27,851.111145,17ef723a912e46713e84fc2b7dd74e23_shot_001_000,pixel_mse,full,0.0113847
27,851.111145,17ef723a912e46713e84fc2b7dd74e23_shot_001_000,ssim,mouth,0.58683032
27,851.111145,17ef723a912e46713e84fc2b7dd74e23_shot_001_000,ssim,full,0.79741991
27,851.111145,17ef723a912e46713e84fc2b7dd74e23_shot_001_000,lpips,mouth,0.28670329
27,851.111145,17ef723a912e46713e84fc2b7dd74e23_shot_001_000,lpips,full,0.22865124
27,851.111145,17ef723a912e46713e84fc2b7dd74e23_shot_001_000,sharpness,mouth,28.5246
27,851.111145,17ef723a912e46713e84fc2b7dd74e23_shot_001_000,lmd,mouth,6.10751
27,851.111145,17ef723a912e46713e84fc2b7dd74e23_shot_001_000,sync_d,mouth,7.389307
27,851.111145,17ef723a912e46713e84fc2b7dd74e23_shot_001_000,sync_c,mouth,6.920537
28,840.313232,17ef723a912e46713e84fc2b7dd74e23_shot_001_000,pixel_mse,mouth,0.02128677
28,840.313232,17ef723a912e46713e84fc2b7dd74e23_shot_001_000,pixel_mse,full,0.01140512
28,840.313232,17ef723a912e46713e84fc2b7dd74e23_shot_001_000,ssim,mouth,0.58541137
28,840.313232,17ef723a912e46713e84fc2b7dd74e23_shot_001_000,ssim,full,0.79747123
28,840.313232,17ef723a912e46713e84fc2b7dd74e23_shot_001_000,lpips,mouth,0.28636497
28,840.313232,17ef723a912e46713e84fc2b7dd74e23_shot_001_000,lpips,full,0.22775042
28,840.313232,17ef723a912e46713e84fc2b7dd74e23_shot_001_000,sharpness,mouth,27.1262
28,840.313232,17ef723a912e46713e84fc2b7dd74e23_shot_001_000,lmd,mouth,6.188656
28,840.313232,17ef723a912e46713e84fc2b7dd74e23_shot_001_000,sync_d,mouth,7.448397
28,840.313232,17ef723a912e46713e84fc2b7dd74e23_shot_001_000,sync_c,mouth,6.781291
29,828.750244,17ef723a912e46713e84fc2b7dd74e23_shot_001_000,pixel_mse,mouth,0.02164831
29,828.750244,17ef723a912e46713e84fc2b7dd74e23_shot_001_000,pixel_mse,full,0.01147778
29,828.750244,17ef723a912e46713e84fc2b7dd74e23_shot_001_000,ssim,mouth,0.58257729
29,828.750244,17ef723a912e46713e84fc2b7dd74e23_shot_001_000,ssim,full,0.79716009
29,828.750244,17ef723a912e46713e84fc2b7dd74e23_shot_001_000,lpips,mouth,0.28566691
29,828.750244,17ef723a912e46713e84fc2b7dd74e23_shot_001_000,lpips,full,0.2273467
29,828.750244,17ef723a912e46713e84fc2b7dd74e23_shot_001_000,sharpness,mouth,27.8805
29,828.750244,17ef723a912e46713e84fc2b7dd74e23_shot_001_000,lmd,mouth,6.099714
29,828.750244,17ef723a912e46713e84fc2b7dd74e23_shot_001_000,sync_d,mouth,7.309678
29,828.750244,17ef723a912e46713e84fc2b7dd74e23_shot_001_000,sync_c,mouth,6.782529
30,816.337830,17ef723a912e46713e84fc2b7dd74e23_shot_001_000,pixel_mse,mouth,0.02180636
30,816.337830,17ef723a912e46713e84fc2b7dd74e23_shot_001_000,pixel_mse,full,0.01149752
30,816.337830,17ef723a912e46713e84fc2b7dd74e23_shot_001_000,ssim,mouth,0.58166879
30,816.337830,17ef723a912e46713e84fc2b7dd74e23_shot_001_000,ssim,full,0.79687554
30,816.337830,17ef723a912e46713e84fc2b7dd74e23_shot_001_000,lpips,mouth,0.28728378
30,816.337830,17ef723a912e46713e84fc2b7dd74e23_shot_001_000,lpips,full,0.2264477
30,816.337830,17ef723a912e46713e84fc2b7dd74e23_shot_001_000,sharpness,mouth,27.587
30,816.337830,17ef723a912e46713e84fc2b7dd74e23_shot_001_000,lmd,mouth,6.105423
30,816.337830,17ef723a912e46713e84fc2b7dd74e23_shot_001_000,sync_d,mouth,7.517689
30,816.337830,17ef723a912e46713e84fc2b7dd74e23_shot_001_000,sync_c,mouth,6.695516
31,802.978699,17ef723a912e46713e84fc2b7dd74e23_shot_001_000,pixel_mse,mouth,0.0218602
31,802.978699,17ef723a912e46713e84fc2b7dd74e23_shot_001_000,pixel_mse,full,0.01152344
31,802.978699,17ef723a912e46713e84fc2b7dd74e23_shot_001_000,ssim,mouth,0.58168525
31,802.978699,17ef723a912e46713e84fc2b7dd74e23_shot_001_000,ssim,full,0.79683346
31,802.978699,17ef723a912e46713e84fc2b7dd74e23_shot_001_000,lpips,mouth,0.28723559
31,802.978699,17ef723a912e46713e84fc2b7dd74e23_shot_001_000,lpips,full,0.22619285
31,802.978699,17ef723a912e46713e84fc2b7dd74e23_shot_001_000,sharpness,mouth,26.4679
31,802.978699,17ef723a912e46713e84fc2b7dd74e23_shot_001_000,lmd,mouth,6.160701
31,802.978699,17ef723a912e46713e84fc2b7dd74e23_shot_001_000,sync_d,mouth,7.533571
31,802.978699,17ef723a912e46713e84fc2b7dd74e23_shot_001_000,sync_c,mouth,6.496534
32,788.560242,17ef723a912e46713e84fc2b7dd74e23_shot_001_000,pixel_mse,mouth,0.02194746
32,788.560242,17ef723a912e46713e84fc2b7dd74e23_shot_001_000,pixel_mse,full,0.01149775
32,788.560242,17ef723a912e46713e84fc2b7dd74e23_shot_001_000,ssim,mouth,0.57991093
32,788.560242,17ef723a912e46713e84fc2b7dd74e23_shot_001_000,ssim,full,0.79684079
32,788.560242,17ef723a912e46713e84fc2b7dd74e23_shot_001_000,lpips,mouth,0.28731394
32,788.560242,17ef723a912e46713e84fc2b7dd74e23_shot_001_000,lpips,full,0.22566579
32,788.560242,17ef723a912e46713e84fc2b7dd74e23_shot_001_000,sharpness,mouth,26.0513
32,788.560242,17ef723a912e46713e84fc2b7dd74e23_shot_001_000,lmd,mouth,6.092602
32,788.560242,17ef723a912e46713e84fc2b7dd74e23_shot_001_000,sync_d,mouth,7.737342
32,788.560242,17ef723a912e46713e84fc2b7dd74e23_shot_001_000,sync_c,mouth,6.516904
33,772.951477,17ef723a912e46713e84fc2b7dd74e23_shot_001_000,pixel_mse,mouth,0.02196941
33,772.951477,17ef723a912e46713e84fc2b7dd74e23_shot_001_000,pixel_mse,full,0.01149935
33,772.951477,17ef723a912e46713e84fc2b7dd74e23_shot_001_000,ssim,mouth,0.57977575
33,772.951477,17ef723a912e46713e84fc2b7dd74e23_shot_001_000,ssim,full,0.79666328
33,772.951477,17ef723a912e46713e84fc2b7dd74e23_shot_001_000,lpips,mouth,0.28797141
33,772.951477,17ef723a912e46713e84fc2b7dd74e23_shot_001_000,lpips,full,0.22450012
33,772.951477,17ef723a912e46713e84fc2b7dd74e23_shot_001_000,sharpness,mouth,25.8875
33,772.951477,17ef723a912e46713e84fc2b7dd74e23_shot_001_000,lmd,mouth,6.082676
33,772.951477,17ef723a912e46713e84fc2b7dd74e23_shot_001_000,sync_d,mouth,7.984528
33,772.951477,17ef723a912e46713e84fc2b7dd74e23_shot_001_000,sync_c,mouth,6.03068
34,755.998352,17ef723a912e46713e84fc2b7dd74e23_shot_001_000,pixel_mse,mouth,0.02213225
34,755.998352,17ef723a912e46713e84fc2b7dd74e23_shot_001_000,pixel_mse,full,0.01153586
34,755.998352,17ef723a912e46713e84fc2b7dd74e23_shot_001_000,ssim,mouth,0.57824838
34,755.998352,17ef723a912e46713e84fc2b7dd74e23_shot_001_000,ssim,full,0.79619455
34,755.998352,17ef723a912e46713e84fc2b7dd74e23_shot_001_000,lpips,mouth,0.2871992
34,755.998352,17ef723a912e46713e84fc2b7dd74e23_shot_001_000,lpips,full,0.22419564
34,755.998352,17ef723a912e46713e84fc2b7dd74e23_shot_001_000,sharpness,mouth,26.8496
34,755.998352,17ef723a912e46713e84fc2b7dd74e23_shot_001_000,lmd,mouth,6.144323
34,755.998352,17ef723a912e46713e84fc2b7dd74e23_shot_001_000,sync_d,mouth,7.829659
34,755.998352,17ef723a912e46713e84fc2b7dd74e23_shot_001_000,sync_c,mouth,6.170022
35,737.519714,17ef723a912e46713e84fc2b7dd74e23_shot_001_000,pixel_mse,mouth,0.02221064
35,737.519714,17ef723a912e46713e84fc2b7dd74e23_shot_001_000,pixel_mse,full,0.01152501
35,737.519714,17ef723a912e46713e84fc2b7dd74e23_shot_001_000,ssim,mouth,0.57838738
35,737.519714,17ef723a912e46713e84fc2b7dd74e23_shot_001_000,ssim,full,0.79636574
35,737.519714,17ef723a912e46713e84fc2b7dd74e23_shot_001_000,lpips,mouth,0.28784543
35,737.519714,17ef723a912e46713e84fc2b7dd74e23_shot_001_000,lpips,full,0.22362
35,737.519714,17ef723a912e46713e84fc2b7dd74e23_shot_001_000,sharpness,mouth,25.7933
35,737.519714,17ef723a912e46713e84fc2b7dd74e23_shot_001_000,lmd,mouth,6.071074
35,737.519714,17ef723a912e46713e84fc2b7dd74e23_shot_001_000,sync_d,mouth,7.914258
35,737.519714,17ef723a912e46713e84fc2b7dd74e23_shot_001_000,sync_c,mouth,5.973902
36,717.299683,17ef723a912e46713e84fc2b7dd74e23_shot_001_000,pixel_mse,mouth,0.0223054
36,717.299683,17ef723a912e46713e84fc2b7dd74e23_shot_001_000,pixel_mse,full,0.01152132
36,717.299683,17ef723a912e46713e84fc2b7dd74e23_shot_001_000,ssim,mouth,0.57757622
36,717.299683,17ef723a912e46713e84fc2b7dd74e23_shot_001_000,ssim,full,0.79609084
36,717.299683,17ef723a912e46713e84fc2b7dd74e23_shot_001_000,lpips,mouth,0.28810018
36,717.299683,17ef723a912e46713e84fc2b7dd74e23_shot_001_000,lpips,full,0.22310509
36,717.299683,17ef723a912e46713e84fc2b7dd74e23_shot_001_000,sharpness,mouth,25.8859
36,717.299683,17ef723a912e46713e84fc2b7dd74e23_shot_001_000,lmd,mouth,6.081839
36,717.299683,17ef723a912e46713e84fc2b7dd74e23_shot_001_000,sync_d,mouth,8.026906
36,717.299683,17ef723a912e46713e84fc2b7dd74e23_shot_001_000,sync_c,mouth,6.020594
37,695.080139,17ef723a912e46713e84fc2b7dd74e23_shot_001_000,pixel_mse,mouth,0.02234609
37,695.080139,17ef723a912e46713e84fc2b7dd74e23_shot_001_000,pixel_mse,full,0.01153093
37,695.080139,17ef723a912e46713e84fc2b7dd74e23_shot_001_000,ssim,mouth,0.57673973
37,695.080139,17ef723a912e46713e84fc2b7dd74e23_shot_001_000,ssim,full,0.79599357
37,695.080139,17ef723a912e46713e84fc2b7dd74e23_shot_001_000,lpips,mouth,0.28808844
37,695.080139,17ef723a912e46713e84fc2b7dd74e23_shot_001_000,lpips,full,0.22217074
37,695.080139,17ef723a912e46713e84fc2b7dd74e23_shot_001_000,sharpness,mouth,25.2766
37,695.080139,17ef723a912e46713e84fc2b7dd74e23_shot_001_000,lmd,mouth,6.161225
37,695.080139,17ef723a912e46713e84fc2b7dd74e23_shot_001_000,sync_d,mouth,8.052794
37,695.080139,17ef723a912e46713e84fc2b7dd74e23_shot_001_000,sync_c,mouth,5.91825
38,670.548828,17ef723a912e46713e84fc2b7dd74e23_shot_001_000,pixel_mse,mouth,0.02246099
38,670.548828,17ef723a912e46713e84fc2b7dd74e23_shot_001_000,pixel_mse,full,0.01155557
38,670.548828,17ef723a912e46713e84fc2b7dd74e23_shot_001_000,ssim,mouth,0.57580227
38,670.548828,17ef723a912e46713e84fc2b7dd74e23_shot_001_000,ssim,full,0.79544616
38,670.548828,17ef723a912e46713e84fc2b7dd74e23_shot_001_000,lpips,mouth,0.28955108
38,670.548828,17ef723a912e46713e84fc2b7dd74e23_shot_001_000,lpips,full,0.22170229
38,670.548828,17ef723a912e46713e84fc2b7dd74e23_shot_001_000,sharpness,mouth,24.9936
38,670.548828,17ef723a912e46713e84fc2b7dd74e23_shot_001_000,lmd,mouth,6.155141
38,670.548828,17ef723a912e46713e84fc2b7dd74e23_shot_001_000,sync_d,mouth,8.166373
38,670.548828,17ef723a912e46713e84fc2b7dd74e23_shot_001_000,sync_c,mouth,5.697162
39,643.325317,17ef723a912e46713e84fc2b7dd74e23_shot_001_000,pixel_mse,mouth,0.02249254
39,643.325317,17ef723a912e46713e84fc2b7dd74e23_shot_001_000,pixel_mse,full,0.01155666
39,643.325317,17ef723a912e46713e84fc2b7dd74e23_shot_001_000,ssim,mouth,0.57442647
39,643.325317,17ef723a912e46713e84fc2b7dd74e23_shot_001_000,ssim,full,0.79540986
39,643.325317,17ef723a912e46713e84fc2b7dd74e23_shot_001_000,lpips,mouth,0.28869924
39,643.325317,17ef723a912e46713e84fc2b7dd74e23_shot_001_000,lpips,full,0.22143076
39,643.325317,17ef723a912e46713e84fc2b7dd74e23_shot_001_000,sharpness,mouth,25.6151
39,643.325317,17ef723a912e46713e84fc2b7dd74e23_shot_001_000,lmd,mouth,6.0562
39,643.325317,17ef723a912e46713e84fc2b7dd74e23_shot_001_000,sync_d,mouth,8.008805
39,643.325317,17ef723a912e46713e84fc2b7dd74e23_shot_001_000,sync_c,mouth,6.077985
40,612.940735,17ef723a912e46713e84fc2b7dd74e23_shot_001_000,pixel_mse,mouth,0.02250179
40,612.940735,17ef723a912e46713e84fc2b7dd74e23_shot_001_000,pixel_mse,full,0.01154269
40,612.940735,17ef723a912e46713e84fc2b7dd74e23_shot_001_000,ssim,mouth,0.57413948
40,612.940735,17ef723a912e46713e84fc2b7dd74e23_shot_001_000,ssim,full,0.7955175
40,612.940735,17ef723a912e46713e84fc2b7dd74e23_shot_001_000,lpips,mouth,0.28864858
40,612.940735,17ef723a912e46713e84fc2b7dd74e23_shot_001_000,lpips,full,0.22053486
40,612.940735,17ef723a912e46713e84fc2b7dd74e23_shot_001_000,sharpness,mouth,25.6366
40,612.940735,17ef723a912e46713e84fc2b7dd74e23_shot_001_000,lmd,mouth,6.095197
40,612.940735,17ef723a912e46713e84fc2b7dd74e23_shot_001_000,sync_d,mouth,8.016048
40,612.940735,17ef723a912e46713e84fc2b7dd74e23_shot_001_000,sync_c,mouth,5.930262
41,578.810425,17ef723a912e46713e84fc2b7dd74e23_shot_001_000,pixel_mse,mouth,0.02252302
41,578.810425,17ef723a912e46713e84fc2b7dd74e23_shot_001_000,pixel_mse,full,0.01155226
41,578.810425,17ef723a912e46713e84fc2b7dd74e23_shot_001_000,ssim,mouth,0.57405329
41,578.810425,17ef723a912e46713e84fc2b7dd74e23_shot_001_000,ssim,full,0.79530972
41,578.810425,17ef723a912e46713e84fc2b7dd74e23_shot_001_000,lpips,mouth,0.28972891
41,578.810425,17ef723a912e46713e84fc2b7dd74e23_shot_001_000,lpips,full,0.21969892
41,578.810425,17ef723a912e46713e84fc2b7dd74e23_shot_001_000,sharpness,mouth,26.0475
41,578.810425,17ef723a912e46713e84fc2b7dd74e23_shot_001_000,lmd,mouth,6.119678
41,578.810425,17ef723a912e46713e84fc2b7dd74e23_shot_001_000,sync_d,mouth,8.203999
41,578.810425,17ef723a912e46713e84fc2b7dd74e23_shot_001_000,sync_c,mouth,5.851584
42,540.196350,17ef723a912e46713e84fc2b7dd74e23_shot_001_000,pixel_mse,mouth,0.02252108
42,540.196350,17ef723a912e46713e84fc2b7dd74e23_shot_001_000,pixel_mse,full,0.01152788
42,540.196350,17ef723a912e46713e84fc2b7dd74e23_shot_001_000,ssim,mouth,0.57308376
42,540.196350,17ef723a912e46713e84fc2b7dd74e23_shot_001_000,ssim,full,0.79507267
42,540.196350,17ef723a912e46713e84fc2b7dd74e23_shot_001_000,lpips,mouth,0.28689313
42,540.196350,17ef723a912e46713e84fc2b7dd74e23_shot_001_000,lpips,full,0.21917357
42,540.196350,17ef723a912e46713e84fc2b7dd74e23_shot_001_000,sharpness,mouth,25.8444
42,540.196350,17ef723a912e46713e84fc2b7dd74e23_shot_001_000,lmd,mouth,6.115557
42,540.196350,17ef723a912e46713e84fc2b7dd74e23_shot_001_000,sync_d,mouth,8.068096
42,540.196350,17ef723a912e46713e84fc2b7dd74e23_shot_001_000,sync_c,mouth,5.865244
43,496.152893,17ef723a912e46713e84fc2b7dd74e23_shot_001_000,pixel_mse,mouth,0.02257764
43,496.152893,17ef723a912e46713e84fc2b7dd74e23_shot_001_000,pixel_mse,full,0.01155271
43,496.152893,17ef723a912e46713e84fc2b7dd74e23_shot_001_000,ssim,mouth,0.57253373
43,496.152893,17ef723a912e46713e84fc2b7dd74e23_shot_001_000,ssim,full,0.79479182
43,496.152893,17ef723a912e46713e84fc2b7dd74e23_shot_001_000,lpips,mouth,0.28801396
43,496.152893,17ef723a912e46713e84fc2b7dd74e23_shot_001_000,lpips,full,0.2187041
43,496.152893,17ef723a912e46713e84fc2b7dd74e23_shot_001_000,sharpness,mouth,25.9536
43,496.152893,17ef723a912e46713e84fc2b7dd74e23_shot_001_000,lmd,mouth,6.190109
43,496.152893,17ef723a912e46713e84fc2b7dd74e23_shot_001_000,sync_d,mouth,8.225733
43,496.152893,17ef723a912e46713e84fc2b7dd74e23_shot_001_000,sync_c,mouth,5.789042
44,445.448151,17ef723a912e46713e84fc2b7dd74e23_shot_001_000,pixel_mse,mouth,0.02248325
44,445.448151,17ef723a912e46713e84fc2b7dd74e23_shot_001_000,pixel_mse,full,0.01154272
44,445.448151,17ef723a912e46713e84fc2b7dd74e23_shot_001_000,ssim,mouth,0.57242191
44,445.448151,17ef723a912e46713e84fc2b7dd74e23_shot_001_000,ssim,full,0.79448438
44,445.448151,17ef723a912e46713e84fc2b7dd74e23_shot_001_000,lpips,mouth,0.28725809
44,445.448151,17ef723a912e46713e84fc2b7dd74e23_shot_001_000,lpips,full,0.21777621
44,445.448151,17ef723a912e46713e84fc2b7dd74e23_shot_001_000,sharpness,mouth,25.619
44,445.448151,17ef723a912e46713e84fc2b7dd74e23_shot_001_000,lmd,mouth,6.120309
44,445.448151,17ef723a912e46713e84fc2b7dd74e23_shot_001_000,sync_d,mouth,8.350938
44,445.448151,17ef723a912e46713e84fc2b7dd74e23_shot_001_000,sync_c,mouth,5.527143
45,386.447418,17ef723a912e46713e84fc2b7dd74e23_shot_001_000,pixel_mse,mouth,0.02254429
45,386.447418,17ef723a912e46713e84fc2b7dd74e23_shot_001_000,pixel_mse,full,0.01154802
45,386.447418,17ef723a912e46713e84fc2b7dd74e23_shot_001_000,ssim,mouth,0.57135427
45,386.447418,17ef723a912e46713e84fc2b7dd74e23_shot_001_000,ssim,full,0.79413134
45,386.447418,17ef723a912e46713e84fc2b7dd74e23_shot_001_000,lpips,mouth,0.28633383
45,386.447418,17ef723a912e46713e84fc2b7dd74e23_shot_001_000,lpips,full,0.21748877
45,386.447418,17ef723a912e46713e84fc2b7dd74e23_shot_001_000,sharpness,mouth,25.6913
45,386.447418,17ef723a912e46713e84fc2b7dd74e23_shot_001_000,lmd,mouth,6.154205
45,386.447418,17ef723a912e46713e84fc2b7dd74e23_shot_001_000,sync_d,mouth,8.158753
45,386.447418,17ef723a912e46713e84fc2b7dd74e23_shot_001_000,sync_c,mouth,5.701914
46,316.933258,17ef723a912e46713e84fc2b7dd74e23_shot_001_000,pixel_mse,mouth,0.02264509
46,316.933258,17ef723a912e46713e84fc2b7dd74e23_shot_001_000,pixel_mse,full,0.01156185
46,316.933258,17ef723a912e46713e84fc2b7dd74e23_shot_001_000,ssim,mouth,0.57066005
46,316.933258,17ef723a912e46713e84fc2b7dd74e23_shot_001_000,ssim,full,0.79361916
46,316.933258,17ef723a912e46713e84fc2b7dd74e23_shot_001_000,lpips,mouth,0.28580537
46,316.933258,17ef723a912e46713e84fc2b7dd74e23_shot_001_000,lpips,full,0.21608788
46,316.933258,17ef723a912e46713e84fc2b7dd74e23_shot_001_000,sharpness,mouth,25.4301
46,316.933258,17ef723a912e46713e84fc2b7dd74e23_shot_001_000,lmd,mouth,6.141528
46,316.933258,17ef723a912e46713e84fc2b7dd74e23_shot_001_000,sync_d,mouth,8.206059
46,316.933258,17ef723a912e46713e84fc2b7dd74e23_shot_001_000,sync_c,mouth,5.686763
47,233.820694,17ef723a912e46713e84fc2b7dd74e23_shot_001_000,pixel_mse,mouth,0.02261485
47,233.820694,17ef723a912e46713e84fc2b7dd74e23_shot_001_000,pixel_mse,full,0.01156253
47,233.820694,17ef723a912e46713e84fc2b7dd74e23_shot_001_000,ssim,mouth,0.57040149
47,233.820694,17ef723a912e46713e84fc2b7dd74e23_shot_001_000,ssim,full,0.79342926
47,233.820694,17ef723a912e46713e84fc2b7dd74e23_shot_001_000,lpips,mouth,0.28640684
47,233.820694,17ef723a912e46713e84fc2b7dd74e23_shot_001_000,lpips,full,0.21507771
47,233.820694,17ef723a912e46713e84fc2b7dd74e23_shot_001_000,sharpness,mouth,25.2702
47,233.820694,17ef723a912e46713e84fc2b7dd74e23_shot_001_000,lmd,mouth,6.113566
47,233.820694,17ef723a912e46713e84fc2b7dd74e23_shot_001_000,sync_d,mouth,8.371369
47,233.820694,17ef723a912e46713e84fc2b7dd74e23_shot_001_000,sync_c,mouth,5.544151
48,132.687027,17ef723a912e46713e84fc2b7dd74e23_shot_001_000,pixel_mse,mouth,0.02263591
48,132.687027,17ef723a912e46713e84fc2b7dd74e23_shot_001_000,pixel_mse,full,0.01156063
48,132.687027,17ef723a912e46713e84fc2b7dd74e23_shot_001_000,ssim,mouth,0.5695914
48,132.687027,17ef723a912e46713e84fc2b7dd74e23_shot_001_000,ssim,full,0.79344451
48,132.687027,17ef723a912e46713e84fc2b7dd74e23_shot_001_000,lpips,mouth,0.28535604
48,132.687027,17ef723a912e46713e84fc2b7dd74e23_shot_001_000,lpips,full,0.21425028
48,132.687027,17ef723a912e46713e84fc2b7dd74e23_shot_001_000,sharpness,mouth,25.1541
48,132.687027,17ef723a912e46713e84fc2b7dd74e23_shot_001_000,lmd,mouth,6.172192
48,132.687027,17ef723a912e46713e84fc2b7dd74e23_shot_001_000,sync_d,mouth,8.300147
48,132.687027,17ef723a912e46713e84fc2b7dd74e23_shot_001_000,sync_c,mouth,5.608808
49,6.958251,17ef723a912e46713e84fc2b7dd74e23_shot_001_000,pixel_mse,mouth,0.02263535
49,6.958251,17ef723a912e46713e84fc2b7dd74e23_shot_001_000,pixel_mse,full,0.01155786
49,6.958251,17ef723a912e46713e84fc2b7dd74e23_shot_001_000,ssim,mouth,0.56990361
49,6.958251,17ef723a912e46713e84fc2b7dd74e23_shot_001_000,ssim,full,0.79406625
49,6.958251,17ef723a912e46713e84fc2b7dd74e23_shot_001_000,lpips,mouth,0.28482908
49,6.958251,17ef723a912e46713e84fc2b7dd74e23_shot_001_000,lpips,full,0.21300605
49,6.958251,17ef723a912e46713e84fc2b7dd74e23_shot_001_000,sharpness,mouth,25.2249
49,6.958251,17ef723a912e46713e84fc2b7dd74e23_shot_001_000,lmd,mouth,6.127996
49,6.958251,17ef723a912e46713e84fc2b7dd74e23_shot_001_000,sync_d,mouth,8.300223
49,6.958251,17ef723a912e46713e84fc2b7dd74e23_shot_001_000,sync_c,mouth,5.685833
-1,gt,59cdb196328a33d4c7b1248b916e5090_shot_001_000,sharpness,mouth,9.6426
-1,gt,59cdb196328a33d4c7b1248b916e5090_shot_001_000,sync_d,mouth,10.239491
-1,gt,59cdb196328a33d4c7b1248b916e5090_shot_001_000,sync_c,mouth,5.128555
0,1000.000000,59cdb196328a33d4c7b1248b916e5090_shot_001_000,pixel_mse,mouth,0.01492724
0,1000.000000,59cdb196328a33d4c7b1248b916e5090_shot_001_000,pixel_mse,full,0.0192593
0,1000.000000,59cdb196328a33d4c7b1248b916e5090_shot_001_000,ssim,mouth,0.68087953
0,1000.000000,59cdb196328a33d4c7b1248b916e5090_shot_001_000,ssim,full,0.69424272
0,1000.000000,59cdb196328a33d4c7b1248b916e5090_shot_001_000,lpips,mouth,0.4417873
0,1000.000000,59cdb196328a33d4c7b1248b916e5090_shot_001_000,lpips,full,0.43535718
0,1000.000000,59cdb196328a33d4c7b1248b916e5090_shot_001_000,sharpness,mouth,6.6014
0,1000.000000,59cdb196328a33d4c7b1248b916e5090_shot_001_000,lmd,mouth,5.335855
0,1000.000000,59cdb196328a33d4c7b1248b916e5090_shot_001_000,sync_d,mouth,10.886023
0,1000.000000,59cdb196328a33d4c7b1248b916e5090_shot_001_000,sync_c,mouth,1.432292
1,997.035706,59cdb196328a33d4c7b1248b916e5090_shot_001_000,pixel_mse,mouth,0.01582206
1,997.035706,59cdb196328a33d4c7b1248b916e5090_shot_001_000,pixel_mse,full,0.01908515
1,997.035706,59cdb196328a33d4c7b1248b916e5090_shot_001_000,ssim,mouth,0.67432761
1,997.035706,59cdb196328a33d4c7b1248b916e5090_shot_001_000,ssim,full,0.69125038
1,997.035706,59cdb196328a33d4c7b1248b916e5090_shot_001_000,lpips,mouth,0.4652434
1,997.035706,59cdb196328a33d4c7b1248b916e5090_shot_001_000,lpips,full,0.44921085
1,997.035706,59cdb196328a33d4c7b1248b916e5090_shot_001_000,sharpness,mouth,6.2231
1,997.035706,59cdb196328a33d4c7b1248b916e5090_shot_001_000,lmd,mouth,6.050131
1,997.035706,59cdb196328a33d4c7b1248b916e5090_shot_001_000,sync_d,mouth,10.568654
1,997.035706,59cdb196328a33d4c7b1248b916e5090_shot_001_000,sync_c,mouth,1.514937
2,993.963867,59cdb196328a33d4c7b1248b916e5090_shot_001_000,pixel_mse,mouth,0.01720973
2,993.963867,59cdb196328a33d4c7b1248b916e5090_shot_001_000,pixel_mse,full,0.01917135
2,993.963867,59cdb196328a33d4c7b1248b916e5090_shot_001_000,ssim,mouth,0.66599822
2,993.963867,59cdb196328a33d4c7b1248b916e5090_shot_001_000,ssim,full,0.68489307
2,993.963867,59cdb196328a33d4c7b1248b916e5090_shot_001_000,lpips,mouth,0.49184239
2,993.963867,59cdb196328a33d4c7b1248b916e5090_shot_001_000,lpips,full,0.46022725
2,993.963867,59cdb196328a33d4c7b1248b916e5090_shot_001_000,sharpness,mouth,6.0964
2,993.963867,59cdb196328a33d4c7b1248b916e5090_shot_001_000,lmd,mouth,5.563198
2,993.963867,59cdb196328a33d4c7b1248b916e5090_shot_001_000,sync_d,mouth,10.97197
2,993.963867,59cdb196328a33d4c7b1248b916e5090_shot_001_000,sync_c,mouth,1.309728
3,990.779053,59cdb196328a33d4c7b1248b916e5090_shot_001_000,pixel_mse,mouth,0.01637645
3,990.779053,59cdb196328a33d4c7b1248b916e5090_shot_001_000,pixel_mse,full,0.02064243
3,990.779053,59cdb196328a33d4c7b1248b916e5090_shot_001_000,ssim,mouth,0.66922832
3,990.779053,59cdb196328a33d4c7b1248b916e5090_shot_001_000,ssim,full,0.67812383
3,990.779053,59cdb196328a33d4c7b1248b916e5090_shot_001_000,lpips,mouth,0.49033549
3,990.779053,59cdb196328a33d4c7b1248b916e5090_shot_001_000,lpips,full,0.46282381
3,990.779053,59cdb196328a33d4c7b1248b916e5090_shot_001_000,sharpness,mouth,6.3507
3,990.779053,59cdb196328a33d4c7b1248b916e5090_shot_001_000,lmd,mouth,6.898694
3,990.779053,59cdb196328a33d4c7b1248b916e5090_shot_001_000,sync_d,mouth,10.993093
3,990.779053,59cdb196328a33d4c7b1248b916e5090_shot_001_000,sync_c,mouth,1.137047
4,987.474243,59cdb196328a33d4c7b1248b916e5090_shot_001_000,pixel_mse,mouth,0.01597235
4,987.474243,59cdb196328a33d4c7b1248b916e5090_shot_001_000,pixel_mse,full,0.0215799
4,987.474243,59cdb196328a33d4c7b1248b916e5090_shot_001_000,ssim,mouth,0.66717601
4,987.474243,59cdb196328a33d4c7b1248b916e5090_shot_001_000,ssim,full,0.67453587
4,987.474243,59cdb196328a33d4c7b1248b916e5090_shot_001_000,lpips,mouth,0.48587719
4,987.474243,59cdb196328a33d4c7b1248b916e5090_shot_001_000,lpips,full,0.46121752
4,987.474243,59cdb196328a33d4c7b1248b916e5090_shot_001_000,sharpness,mouth,6.7814
4,987.474243,59cdb196328a33d4c7b1248b916e5090_shot_001_000,lmd,mouth,6.017778
4,987.474243,59cdb196328a33d4c7b1248b916e5090_shot_001_000,sync_d,mouth,10.875424
4,987.474243,59cdb196328a33d4c7b1248b916e5090_shot_001_000,sync_c,mouth,1.702444
5,984.043091,59cdb196328a33d4c7b1248b916e5090_shot_001_000,pixel_mse,mouth,0.01576094
5,984.043091,59cdb196328a33d4c7b1248b916e5090_shot_001_000,pixel_mse,full,0.02164135
5,984.043091,59cdb196328a33d4c7b1248b916e5090_shot_001_000,ssim,mouth,0.66374052
5,984.043091,59cdb196328a33d4c7b1248b916e5090_shot_001_000,ssim,full,0.67375082
5,984.043091,59cdb196328a33d4c7b1248b916e5090_shot_001_000,lpips,mouth,0.47741601
5,984.043091,59cdb196328a33d4c7b1248b916e5090_shot_001_000,lpips,full,0.45689273
5,984.043091,59cdb196328a33d4c7b1248b916e5090_shot_001_000,sharpness,mouth,6.8767
5,984.043091,59cdb196328a33d4c7b1248b916e5090_shot_001_000,lmd,mouth,5.493738
5,984.043091,59cdb196328a33d4c7b1248b916e5090_shot_001_000,sync_d,mouth,11.166525
5,984.043091,59cdb196328a33d4c7b1248b916e5090_shot_001_000,sync_c,mouth,1.596006
6,980.477844,59cdb196328a33d4c7b1248b916e5090_shot_001_000,pixel_mse,mouth,0.01661223
6,980.477844,59cdb196328a33d4c7b1248b916e5090_shot_001_000,pixel_mse,full,0.02200585
6,980.477844,59cdb196328a33d4c7b1248b916e5090_shot_001_000,ssim,mouth,0.65881449
6,980.477844,59cdb196328a33d4c7b1248b916e5090_shot_001_000,ssim,full,0.67049342
6,980.477844,59cdb196328a33d4c7b1248b916e5090_shot_001_000,lpips,mouth,0.47558948
6,980.477844,59cdb196328a33d4c7b1248b916e5090_shot_001_000,lpips,full,0.45762989
6,980.477844,59cdb196328a33d4c7b1248b916e5090_shot_001_000,sharpness,mouth,6.9184
6,980.477844,59cdb196328a33d4c7b1248b916e5090_shot_001_000,lmd,mouth,4.899967
6,980.477844,59cdb196328a33d4c7b1248b916e5090_shot_001_000,sync_d,mouth,10.885252
6,980.477844,59cdb196328a33d4c7b1248b916e5090_shot_001_000,sync_c,mouth,1.678576
7,976.770691,59cdb196328a33d4c7b1248b916e5090_shot_001_000,pixel_mse,mouth,0.01642598
7,976.770691,59cdb196328a33d4c7b1248b916e5090_shot_001_000,pixel_mse,full,0.02210918
7,976.770691,59cdb196328a33d4c7b1248b916e5090_shot_001_000,ssim,mouth,0.65808213
7,976.770691,59cdb196328a33d4c7b1248b916e5090_shot_001_000,ssim,full,0.66995788
7,976.770691,59cdb196328a33d4c7b1248b916e5090_shot_001_000,lpips,mouth,0.4736782
7,976.770691,59cdb196328a33d4c7b1248b916e5090_shot_001_000,lpips,full,0.45987743
7,976.770691,59cdb196328a33d4c7b1248b916e5090_shot_001_000,sharpness,mouth,7.0708
7,976.770691,59cdb196328a33d4c7b1248b916e5090_shot_001_000,lmd,mouth,5.000733
7,976.770691,59cdb196328a33d4c7b1248b916e5090_shot_001_000,sync_d,mouth,10.568779
7,976.770691,59cdb196328a33d4c7b1248b916e5090_shot_001_000,sync_c,mouth,2.413274
8,972.912842,59cdb196328a33d4c7b1248b916e5090_shot_001_000,pixel_mse,mouth,0.01822986
8,972.912842,59cdb196328a33d4c7b1248b916e5090_shot_001_000,pixel_mse,full,0.02240918
8,972.912842,59cdb196328a33d4c7b1248b916e5090_shot_001_000,ssim,mouth,0.64843315
8,972.912842,59cdb196328a33d4c7b1248b916e5090_shot_001_000,ssim,full,0.66494238
8,972.912842,59cdb196328a33d4c7b1248b916e5090_shot_001_000,lpips,mouth,0.47370312
8,972.912842,59cdb196328a33d4c7b1248b916e5090_shot_001_000,lpips,full,0.46010542
8,972.912842,59cdb196328a33d4c7b1248b916e5090_shot_001_000,sharpness,mouth,7.2046
8,972.912842,59cdb196328a33d4c7b1248b916e5090_shot_001_000,lmd,mouth,5.692681
8,972.912842,59cdb196328a33d4c7b1248b916e5090_shot_001_000,sync_d,mouth,10.273875
8,972.912842,59cdb196328a33d4c7b1248b916e5090_shot_001_000,sync_c,mouth,3.260685
9,968.895081,59cdb196328a33d4c7b1248b916e5090_shot_001_000,pixel_mse,mouth,0.01786703
9,968.895081,59cdb196328a33d4c7b1248b916e5090_shot_001_000,pixel_mse,full,0.02243913
9,968.895081,59cdb196328a33d4c7b1248b916e5090_shot_001_000,ssim,mouth,0.6480208
9,968.895081,59cdb196328a33d4c7b1248b916e5090_shot_001_000,ssim,full,0.66410905
9,968.895081,59cdb196328a33d4c7b1248b916e5090_shot_001_000,lpips,mouth,0.47051898
9,968.895081,59cdb196328a33d4c7b1248b916e5090_shot_001_000,lpips,full,0.45767912
9,968.895081,59cdb196328a33d4c7b1248b916e5090_shot_001_000,sharpness,mouth,7.4145
9,968.895081,59cdb196328a33d4c7b1248b916e5090_shot_001_000,lmd,mouth,5.271618
9,968.895081,59cdb196328a33d4c7b1248b916e5090_shot_001_000,sync_d,mouth,9.418659
9,968.895081,59cdb196328a33d4c7b1248b916e5090_shot_001_000,sync_c,mouth,4.527249
10,964.707153,59cdb196328a33d4c7b1248b916e5090_shot_001_000,pixel_mse,mouth,0.01789947
10,964.707153,59cdb196328a33d4c7b1248b916e5090_shot_001_000,pixel_mse,full,0.02277422
10,964.707153,59cdb196328a33d4c7b1248b916e5090_shot_001_000,ssim,mouth,0.64604378
10,964.707153,59cdb196328a33d4c7b1248b916e5090_shot_001_000,ssim,full,0.66356742
10,964.707153,59cdb196328a33d4c7b1248b916e5090_shot_001_000,lpips,mouth,0.46842137
10,964.707153,59cdb196328a33d4c7b1248b916e5090_shot_001_000,lpips,full,0.45638302
10,964.707153,59cdb196328a33d4c7b1248b916e5090_shot_001_000,sharpness,mouth,7.2096
10,964.707153,59cdb196328a33d4c7b1248b916e5090_shot_001_000,lmd,mouth,4.773286
10,964.707153,59cdb196328a33d4c7b1248b916e5090_shot_001_000,sync_d,mouth,9.735888
10,964.707153,59cdb196328a33d4c7b1248b916e5090_shot_001_000,sync_c,mouth,4.022868
11,960.337952,59cdb196328a33d4c7b1248b916e5090_shot_001_000,pixel_mse,mouth,0.01830225
11,960.337952,59cdb196328a33d4c7b1248b916e5090_shot_001_000,pixel_mse,full,0.02297125
11,960.337952,59cdb196328a33d4c7b1248b916e5090_shot_001_000,ssim,mouth,0.64298844
11,960.337952,59cdb196328a33d4c7b1248b916e5090_shot_001_000,ssim,full,0.66172892
11,960.337952,59cdb196328a33d4c7b1248b916e5090_shot_001_000,lpips,mouth,0.46447805
11,960.337952,59cdb196328a33d4c7b1248b916e5090_shot_001_000,lpips,full,0.45744622
11,960.337952,59cdb196328a33d4c7b1248b916e5090_shot_001_000,sharpness,mouth,7.4031
11,960.337952,59cdb196328a33d4c7b1248b916e5090_shot_001_000,lmd,mouth,4.935857
11,960.337952,59cdb196328a33d4c7b1248b916e5090_shot_001_000,sync_d,mouth,8.327291
11,960.337952,59cdb196328a33d4c7b1248b916e5090_shot_001_000,sync_c,mouth,5.511103
12,955.775635,59cdb196328a33d4c7b1248b916e5090_shot_001_000,pixel_mse,mouth,0.01885116
12,955.775635,59cdb196328a33d4c7b1248b916e5090_shot_001_000,pixel_mse,full,0.0228819
12,955.775635,59cdb196328a33d4c7b1248b916e5090_shot_001_000,ssim,mouth,0.63687462
12,955.775635,59cdb196328a33d4c7b1248b916e5090_shot_001_000,ssim,full,0.66138405
12,955.775635,59cdb196328a33d4c7b1248b916e5090_shot_001_000,lpips,mouth,0.46118927
12,955.775635,59cdb196328a33d4c7b1248b916e5090_shot_001_000,lpips,full,0.45528689
12,955.775635,59cdb196328a33d4c7b1248b916e5090_shot_001_000,sharpness,mouth,7.6145
12,955.775635,59cdb196328a33d4c7b1248b916e5090_shot_001_000,lmd,mouth,4.846204
12,955.775635,59cdb196328a33d4c7b1248b916e5090_shot_001_000,sync_d,mouth,7.745216
12,955.775635,59cdb196328a33d4c7b1248b916e5090_shot_001_000,sync_c,mouth,5.966995
13,951.006897,59cdb196328a33d4c7b1248b916e5090_shot_001_000,pixel_mse,mouth,0.0191298
13,951.006897,59cdb196328a33d4c7b1248b916e5090_shot_001_000,pixel_mse,full,0.0230708
13,951.006897,59cdb196328a33d4c7b1248b916e5090_shot_001_000,ssim,mouth,0.63311374
13,951.006897,59cdb196328a33d4c7b1248b916e5090_shot_001_000,ssim,full,0.65708452
13,951.006897,59cdb196328a33d4c7b1248b916e5090_shot_001_000,lpips,mouth,0.45989203
13,951.006897,59cdb196328a33d4c7b1248b916e5090_shot_001_000,lpips,full,0.45569563
13,951.006897,59cdb196328a33d4c7b1248b916e5090_shot_001_000,sharpness,mouth,7.8465
13,951.006897,59cdb196328a33d4c7b1248b916e5090_shot_001_000,lmd,mouth,4.675436
13,951.006897,59cdb196328a33d4c7b1248b916e5090_shot_001_000,sync_d,mouth,7.494071
13,951.006897,59cdb196328a33d4c7b1248b916e5090_shot_001_000,sync_c,mouth,6.139233
14,946.017517,59cdb196328a33d4c7b1248b916e5090_shot_001_000,pixel_mse,mouth,0.01987607
14,946.017517,59cdb196328a33d4c7b1248b916e5090_shot_001_000,pixel_mse,full,0.02314183
14,946.017517,59cdb196328a33d4c7b1248b916e5090_shot_001_000,ssim,mouth,0.62474459
14,946.017517,59cdb196328a33d4c7b1248b916e5090_shot_001_000,ssim,full,0.65462381
14,946.017517,59cdb196328a33d4c7b1248b916e5090_shot_001_000,lpips,mouth,0.46030769
14,946.017517,59cdb196328a33d4c7b1248b916e5090_shot_001_000,lpips,full,0.45477507
14,946.017517,59cdb196328a33d4c7b1248b916e5090_shot_001_000,sharpness,mouth,8.2072
14,946.017517,59cdb196328a33d4c7b1248b916e5090_shot_001_000,lmd,mouth,5.014165
14,946.017517,59cdb196328a33d4c7b1248b916e5090_shot_001_000,sync_d,mouth,6.698104
14,946.017517,59cdb196328a33d4c7b1248b916e5090_shot_001_000,sync_c,mouth,7.362374
15,940.791870,59cdb196328a33d4c7b1248b916e5090_shot_001_000,pixel_mse,mouth,0.01924875
15,940.791870,59cdb196328a33d4c7b1248b916e5090_shot_001_000,pixel_mse,full,0.02303781
15,940.791870,59cdb196328a33d4c7b1248b916e5090_shot_001_000,ssim,mouth,0.62697208
15,940.791870,59cdb196328a33d4c7b1248b916e5090_shot_001_000,ssim,full,0.65563393
15,940.791870,59cdb196328a33d4c7b1248b916e5090_shot_001_000,lpips,mouth,0.46229917
15,940.791870,59cdb196328a33d4c7b1248b916e5090_shot_001_000,lpips,full,0.45378241
15,940.791870,59cdb196328a33d4c7b1248b916e5090_shot_001_000,sharpness,mouth,8.2477
15,940.791870,59cdb196328a33d4c7b1248b916e5090_shot_001_000,lmd,mouth,5.331587
15,940.791870,59cdb196328a33d4c7b1248b916e5090_shot_001_000,sync_d,mouth,6.980867
15,940.791870,59cdb196328a33d4c7b1248b916e5090_shot_001_000,sync_c,mouth,6.716523
16,935.312622,59cdb196328a33d4c7b1248b916e5090_shot_001_000,pixel_mse,mouth,0.01929516
16,935.312622,59cdb196328a33d4c7b1248b916e5090_shot_001_000,pixel_mse,full,0.02300181
16,935.312622,59cdb196328a33d4c7b1248b916e5090_shot_001_000,ssim,mouth,0.62655324
16,935.312622,59cdb196328a33d4c7b1248b916e5090_shot_001_000,ssim,full,0.65579891
16,935.312622,59cdb196328a33d4c7b1248b916e5090_shot_001_000,lpips,mouth,0.45866451
16,935.312622,59cdb196328a33d4c7b1248b916e5090_shot_001_000,lpips,full,0.45210859
16,935.312622,59cdb196328a33d4c7b1248b916e5090_shot_001_000,sharpness,mouth,8.1655
16,935.312622,59cdb196328a33d4c7b1248b916e5090_shot_001_000,lmd,mouth,5.112066
16,935.312622,59cdb196328a33d4c7b1248b916e5090_shot_001_000,sync_d,mouth,6.359621
16,935.312622,59cdb196328a33d4c7b1248b916e5090_shot_001_000,sync_c,mouth,7.568612
17,929.560913,59cdb196328a33d4c7b1248b916e5090_shot_001_000,pixel_mse,mouth,0.01963287
17,929.560913,59cdb196328a33d4c7b1248b916e5090_shot_001_000,pixel_mse,full,0.02328201
17,929.560913,59cdb196328a33d4c7b1248b916e5090_shot_001_000,ssim,mouth,0.62306207
17,929.560913,59cdb196328a33d4c7b1248b916e5090_shot_001_000,ssim,full,0.65468943
17,929.560913,59cdb196328a33d4c7b1248b916e5090_shot_001_000,lpips,mouth,0.45422259
17,929.560913,59cdb196328a33d4c7b1248b916e5090_shot_001_000,lpips,full,0.45211858
17,929.560913,59cdb196328a33d4c7b1248b916e5090_shot_001_000,sharpness,mouth,8.6398
17,929.560913,59cdb196328a33d4c7b1248b916e5090_shot_001_000,lmd,mouth,5.057769
17,929.560913,59cdb196328a33d4c7b1248b916e5090_shot_001_000,sync_d,mouth,7.082162
17,929.560913,59cdb196328a33d4c7b1248b916e5090_shot_001_000,sync_c,mouth,6.742701
18,923.515991,59cdb196328a33d4c7b1248b916e5090_shot_001_000,pixel_mse,mouth,0.019458
18,923.515991,59cdb196328a33d4c7b1248b916e5090_shot_001_000,pixel_mse,full,0.02337896
18,923.515991,59cdb196328a33d4c7b1248b916e5090_shot_001_000,ssim,mouth,0.62438297
18,923.515991,59cdb196328a33d4c7b1248b916e5090_shot_001_000,ssim,full,0.6552847
18,923.515991,59cdb196328a33d4c7b1248b916e5090_shot_001_000,lpips,mouth,0.45083937
18,923.515991,59cdb196328a33d4c7b1248b916e5090_shot_001_000,lpips,full,0.45190835
18,923.515991,59cdb196328a33d4c7b1248b916e5090_shot_001_000,sharpness,mouth,8.6909
18,923.515991,59cdb196328a33d4c7b1248b916e5090_shot_001_000,lmd,mouth,5.079073
18,923.515991,59cdb196328a33d4c7b1248b916e5090_shot_001_000,sync_d,mouth,7.655165
18,923.515991,59cdb196328a33d4c7b1248b916e5090_shot_001_000,sync_c,mouth,6.020725
19,917.154785,59cdb196328a33d4c7b1248b916e5090_shot_001_000,pixel_mse,mouth,0.01999282
19,917.154785,59cdb196328a33d4c7b1248b916e5090_shot_001_000,pixel_mse,full,0.02337783
19,917.154785,59cdb196328a33d4c7b1248b916e5090_shot_001_000,ssim,mouth,0.62192619
19,917.154785,59cdb196328a33d4c7b1248b916e5090_shot_001_000,ssim,full,0.65481013
19,917.154785,59cdb196328a33d4c7b1248b916e5090_shot_001_000,lpips,mouth,0.45403475
19,917.154785,59cdb196328a33d4c7b1248b916e5090_shot_001_000,lpips,full,0.45156625
19,917.154785,59cdb196328a33d4c7b1248b916e5090_shot_001_000,sharpness,mouth,9.0429
19,917.154785,59cdb196328a33d4c7b1248b916e5090_shot_001_000,lmd,mouth,5.002486
19,917.154785,59cdb196328a33d4c7b1248b916e5090_shot_001_000,sync_d,mouth,8.76722
19,917.154785,59cdb196328a33d4c7b1248b916e5090_shot_001_000,sync_c,mouth,4.857574
20,910.451721,59cdb196328a33d4c7b1248b916e5090_shot_001_000,pixel_mse,mouth,0.01985945
20,910.451721,59cdb196328a33d4c7b1248b916e5090_shot_001_000,pixel_mse,full,0.02357879
20,910.451721,59cdb196328a33d4c7b1248b916e5090_shot_001_000,ssim,mouth,0.62186027
20,910.451721,59cdb196328a33d4c7b1248b916e5090_shot_001_000,ssim,full,0.65241385
20,910.451721,59cdb196328a33d4c7b1248b916e5090_shot_001_000,lpips,mouth,0.45367286
20,910.451721,59cdb196328a33d4c7b1248b916e5090_shot_001_000,lpips,full,0.45170847
20,910.451721,59cdb196328a33d4c7b1248b916e5090_shot_001_000,sharpness,mouth,8.5943
20,910.451721,59cdb196328a33d4c7b1248b916e5090_shot_001_000,lmd,mouth,5.084702
20,910.451721,59cdb196328a33d4c7b1248b916e5090_shot_001_000,sync_d,mouth,8.962018
20,910.451721,59cdb196328a33d4c7b1248b916e5090_shot_001_000,sync_c,mouth,4.498286
21,903.378723,59cdb196328a33d4c7b1248b916e5090_shot_001_000,pixel_mse,mouth,0.01970801
21,903.378723,59cdb196328a33d4c7b1248b916e5090_shot_001_000,pixel_mse,full,0.02339016
21,903.378723,59cdb196328a33d4c7b1248b916e5090_shot_001_000,ssim,mouth,0.6190201
21,903.378723,59cdb196328a33d4c7b1248b916e5090_shot_001_000,ssim,full,0.65342247
21,903.378723,59cdb196328a33d4c7b1248b916e5090_shot_001_000,lpips,mouth,0.44973907
21,903.378723,59cdb196328a33d4c7b1248b916e5090_shot_001_000,lpips,full,0.45158702
21,903.378723,59cdb196328a33d4c7b1248b916e5090_shot_001_000,sharpness,mouth,9.0543
21,903.378723,59cdb196328a33d4c7b1248b916e5090_shot_001_000,lmd,mouth,5.113027
21,903.378723,59cdb196328a33d4c7b1248b916e5090_shot_001_000,sync_d,mouth,8.750407
21,903.378723,59cdb196328a33d4c7b1248b916e5090_shot_001_000,sync_c,mouth,4.846592
22,895.903931,59cdb196328a33d4c7b1248b916e5090_shot_001_000,pixel_mse,mouth,0.02025469
22,895.903931,59cdb196328a33d4c7b1248b916e5090_shot_001_000,pixel_mse,full,0.02355958
22,895.903931,59cdb196328a33d4c7b1248b916e5090_shot_001_000,ssim,mouth,0.61609298
22,895.903931,59cdb196328a33d4c7b1248b916e5090_shot_001_000,ssim,full,0.65244001
22,895.903931,59cdb196328a33d4c7b1248b916e5090_shot_001_000,lpips,mouth,0.45250696
22,895.903931,59cdb196328a33d4c7b1248b916e5090_shot_001_000,lpips,full,0.45175415
22,895.903931,59cdb196328a33d4c7b1248b916e5090_shot_001_000,sharpness,mouth,9.3361
22,895.903931,59cdb196328a33d4c7b1248b916e5090_shot_001_000,lmd,mouth,5.08995
22,895.903931,59cdb196328a33d4c7b1248b916e5090_shot_001_000,sync_d,mouth,7.907331
22,895.903931,59cdb196328a33d4c7b1248b916e5090_shot_001_000,sync_c,mouth,5.781783
23,887.992493,59cdb196328a33d4c7b1248b916e5090_shot_001_000,pixel_mse,mouth,0.01947884
23,887.992493,59cdb196328a33d4c7b1248b916e5090_shot_001_000,pixel_mse,full,0.02344396
23,887.992493,59cdb196328a33d4c7b1248b916e5090_shot_001_000,ssim,mouth,0.61632872
23,887.992493,59cdb196328a33d4c7b1248b916e5090_shot_001_000,ssim,full,0.65232944
23,887.992493,59cdb196328a33d4c7b1248b916e5090_shot_001_000,lpips,mouth,0.44901738
23,887.992493,59cdb196328a33d4c7b1248b916e5090_shot_001_000,lpips,full,0.45137146
23,887.992493,59cdb196328a33d4c7b1248b916e5090_shot_001_000,sharpness,mouth,9.4387
23,887.992493,59cdb196328a33d4c7b1248b916e5090_shot_001_000,lmd,mouth,5.140037
23,887.992493,59cdb196328a33d4c7b1248b916e5090_shot_001_000,sync_d,mouth,8.440643
23,887.992493,59cdb196328a33d4c7b1248b916e5090_shot_001_000,sync_c,mouth,5.19286
24,879.604736,59cdb196328a33d4c7b1248b916e5090_shot_001_000,pixel_mse,mouth,0.01987086
24,879.604736,59cdb196328a33d4c7b1248b916e5090_shot_001_000,pixel_mse,full,0.02372192
24,879.604736,59cdb196328a33d4c7b1248b916e5090_shot_001_000,ssim,mouth,0.61183536
24,879.604736,59cdb196328a33d4c7b1248b916e5090_shot_001_000,ssim,full,0.65118933
24,879.604736,59cdb196328a33d4c7b1248b916e5090_shot_001_000,lpips,mouth,0.45017138
24,879.604736,59cdb196328a33d4c7b1248b916e5090_shot_001_000,lpips,full,0.45155194
24,879.604736,59cdb196328a33d4c7b1248b916e5090_shot_001_000,sharpness,mouth,10.0251
24,879.604736,59cdb196328a33d4c7b1248b916e5090_shot_001_000,lmd,mouth,5.157289
24,879.604736,59cdb196328a33d4c7b1248b916e5090_shot_001_000,sync_d,mouth,7.986863
24,879.604736,59cdb196328a33d4c7b1248b916e5090_shot_001_000,sync_c,mouth,5.648654
25,870.696350,59cdb196328a33d4c7b1248b916e5090_shot_001_000,pixel_mse,mouth,0.02026716
25,870.696350,59cdb196328a33d4c7b1248b916e5090_shot_001_000,pixel_mse,full,0.02372045
25,870.696350,59cdb196328a33d4c7b1248b916e5090_shot_001_000,ssim,mouth,0.60968024
25,870.696350,59cdb196328a33d4c7b1248b916e5090_shot_001_000,ssim,full,0.65034747
25,870.696350,59cdb196328a33d4c7b1248b916e5090_shot_001_000,lpips,mouth,0.45112056
25,870.696350,59cdb196328a33d4c7b1248b916e5090_shot_001_000,lpips,full,0.45120677
25,870.696350,59cdb196328a33d4c7b1248b916e5090_shot_001_000,sharpness,mouth,10.2139
25,870.696350,59cdb196328a33d4c7b1248b916e5090_shot_001_000,lmd,mouth,5.170143
25,870.696350,59cdb196328a33d4c7b1248b916e5090_shot_001_000,sync_d,mouth,7.64775
25,870.696350,59cdb196328a33d4c7b1248b916e5090_shot_001_000,sync_c,mouth,6.220193
26,861.217407,59cdb196328a33d4c7b1248b916e5090_shot_001_000,pixel_mse,mouth,0.02018727
26,861.217407,59cdb196328a33d4c7b1248b916e5090_shot_001_000,pixel_mse,full,0.02380954
26,861.217407,59cdb196328a33d4c7b1248b916e5090_shot_001_000,ssim,mouth,0.61027855
26,861.217407,59cdb196328a33d4c7b1248b916e5090_shot_001_000,ssim,full,0.6497153
26,861.217407,59cdb196328a33d4c7b1248b916e5090_shot_001_000,lpips,mouth,0.4514735
26,861.217407,59cdb196328a33d4c7b1248b916e5090_shot_001_000,lpips,full,0.45019954
26,861.217407,59cdb196328a33d4c7b1248b916e5090_shot_001_000,sharpness,mouth,10.0392
26,861.217407,59cdb196328a33d4c7b1248b916e5090_shot_001_000,lmd,mouth,5.095346
26,861.217407,59cdb196328a33d4c7b1248b916e5090_shot_001_000,sync_d,mouth,8.076441
26,861.217407,59cdb196328a33d4c7b1248b916e5090_shot_001_000,sync_c,mouth,6.109447
27,851.111145,59cdb196328a33d4c7b1248b916e5090_shot_001_000,pixel_mse,mouth,0.02003868
27,851.111145,59cdb196328a33d4c7b1248b916e5090_shot_001_000,pixel_mse,full,0.0238124
27,851.111145,59cdb196328a33d4c7b1248b916e5090_shot_001_000,ssim,mouth,0.60924655
27,851.111145,59cdb196328a33d4c7b1248b916e5090_shot_001_000,ssim,full,0.64997661
27,851.111145,59cdb196328a33d4c7b1248b916e5090_shot_001_000,lpips,mouth,0.45179325
27,851.111145,59cdb196328a33d4c7b1248b916e5090_shot_001_000,lpips,full,0.45009801
27,851.111145,59cdb196328a33d4c7b1248b916e5090_shot_001_000,sharpness,mouth,10.2424
27,851.111145,59cdb196328a33d4c7b1248b916e5090_shot_001_000,lmd,mouth,4.964128
27,851.111145,59cdb196328a33d4c7b1248b916e5090_shot_001_000,sync_d,mouth,7.541056
27,851.111145,59cdb196328a33d4c7b1248b916e5090_shot_001_000,sync_c,mouth,6.557434
28,840.313232,59cdb196328a33d4c7b1248b916e5090_shot_001_000,pixel_mse,mouth,0.01996398
28,840.313232,59cdb196328a33d4c7b1248b916e5090_shot_001_000,pixel_mse,full,0.02374533
28,840.313232,59cdb196328a33d4c7b1248b916e5090_shot_001_000,ssim,mouth,0.60856515
28,840.313232,59cdb196328a33d4c7b1248b916e5090_shot_001_000,ssim,full,0.64940172
28,840.313232,59cdb196328a33d4c7b1248b916e5090_shot_001_000,lpips,mouth,0.45181963
28,840.313232,59cdb196328a33d4c7b1248b916e5090_shot_001_000,lpips,full,0.44886121
28,840.313232,59cdb196328a33d4c7b1248b916e5090_shot_001_000,sharpness,mouth,10.3194
28,840.313232,59cdb196328a33d4c7b1248b916e5090_shot_001_000,lmd,mouth,5.185962
28,840.313232,59cdb196328a33d4c7b1248b916e5090_shot_001_000,sync_d,mouth,7.916041
28,840.313232,59cdb196328a33d4c7b1248b916e5090_shot_001_000,sync_c,mouth,6.296562
29,828.750244,59cdb196328a33d4c7b1248b916e5090_shot_001_000,pixel_mse,mouth,0.02020277
29,828.750244,59cdb196328a33d4c7b1248b916e5090_shot_001_000,pixel_mse,full,0.02380762
29,828.750244,59cdb196328a33d4c7b1248b916e5090_shot_001_000,ssim,mouth,0.60612386
29,828.750244,59cdb196328a33d4c7b1248b916e5090_shot_001_000,ssim,full,0.64988363
29,828.750244,59cdb196328a33d4c7b1248b916e5090_shot_001_000,lpips,mouth,0.4534336
29,828.750244,59cdb196328a33d4c7b1248b916e5090_shot_001_000,lpips,full,0.44959679
29,828.750244,59cdb196328a33d4c7b1248b916e5090_shot_001_000,sharpness,mouth,10.271
29,828.750244,59cdb196328a33d4c7b1248b916e5090_shot_001_000,lmd,mouth,5.076295
29,828.750244,59cdb196328a33d4c7b1248b916e5090_shot_001_000,sync_d,mouth,7.448446
29,828.750244,59cdb196328a33d4c7b1248b916e5090_shot_001_000,sync_c,mouth,6.852335
30,816.337830,59cdb196328a33d4c7b1248b916e5090_shot_001_000,pixel_mse,mouth,0.02003878
30,816.337830,59cdb196328a33d4c7b1248b916e5090_shot_001_000,pixel_mse,full,0.02378984
30,816.337830,59cdb196328a33d4c7b1248b916e5090_shot_001_000,ssim,mouth,0.60749209
30,816.337830,59cdb196328a33d4c7b1248b916e5090_shot_001_000,ssim,full,0.64974153
30,816.337830,59cdb196328a33d4c7b1248b916e5090_shot_001_000,lpips,mouth,0.45186946
30,816.337830,59cdb196328a33d4c7b1248b916e5090_shot_001_000,lpips,full,0.44909361
30,816.337830,59cdb196328a33d4c7b1248b916e5090_shot_001_000,sharpness,mouth,10.2049
30,816.337830,59cdb196328a33d4c7b1248b916e5090_shot_001_000,lmd,mouth,5.173145
30,816.337830,59cdb196328a33d4c7b1248b916e5090_shot_001_000,sync_d,mouth,7.588817
30,816.337830,59cdb196328a33d4c7b1248b916e5090_shot_001_000,sync_c,mouth,6.816961
31,802.978699,59cdb196328a33d4c7b1248b916e5090_shot_001_000,pixel_mse,mouth,0.02007673
31,802.978699,59cdb196328a33d4c7b1248b916e5090_shot_001_000,pixel_mse,full,0.02368792
31,802.978699,59cdb196328a33d4c7b1248b916e5090_shot_001_000,ssim,mouth,0.6072827
31,802.978699,59cdb196328a33d4c7b1248b916e5090_shot_001_000,ssim,full,0.6492933
31,802.978699,59cdb196328a33d4c7b1248b916e5090_shot_001_000,lpips,mouth,0.45261973
31,802.978699,59cdb196328a33d4c7b1248b916e5090_shot_001_000,lpips,full,0.44954181
31,802.978699,59cdb196328a33d4c7b1248b916e5090_shot_001_000,sharpness,mouth,10.4548
31,802.978699,59cdb196328a33d4c7b1248b916e5090_shot_001_000,lmd,mouth,5.233268
31,802.978699,59cdb196328a33d4c7b1248b916e5090_shot_001_000,sync_d,mouth,7.783618
31,802.978699,59cdb196328a33d4c7b1248b916e5090_shot_001_000,sync_c,mouth,6.762896
32,788.560242,59cdb196328a33d4c7b1248b916e5090_shot_001_000,pixel_mse,mouth,0.01981175
32,788.560242,59cdb196328a33d4c7b1248b916e5090_shot_001_000,pixel_mse,full,0.02377073
32,788.560242,59cdb196328a33d4c7b1248b916e5090_shot_001_000,ssim,mouth,0.60976982
32,788.560242,59cdb196328a33d4c7b1248b916e5090_shot_001_000,ssim,full,0.64876199
32,788.560242,59cdb196328a33d4c7b1248b916e5090_shot_001_000,lpips,mouth,0.45149645
32,788.560242,59cdb196328a33d4c7b1248b916e5090_shot_001_000,lpips,full,0.44906819
32,788.560242,59cdb196328a33d4c7b1248b916e5090_shot_001_000,sharpness,mouth,10.1615
32,788.560242,59cdb196328a33d4c7b1248b916e5090_shot_001_000,lmd,mouth,5.282956
32,788.560242,59cdb196328a33d4c7b1248b916e5090_shot_001_000,sync_d,mouth,7.622493
32,788.560242,59cdb196328a33d4c7b1248b916e5090_shot_001_000,sync_c,mouth,6.756178
33,772.951477,59cdb196328a33d4c7b1248b916e5090_shot_001_000,pixel_mse,mouth,0.01982355
33,772.951477,59cdb196328a33d4c7b1248b916e5090_shot_001_000,pixel_mse,full,0.02377843
33,772.951477,59cdb196328a33d4c7b1248b916e5090_shot_001_000,ssim,mouth,0.60793245
33,772.951477,59cdb196328a33d4c7b1248b916e5090_shot_001_000,ssim,full,0.64841974
33,772.951477,59cdb196328a33d4c7b1248b916e5090_shot_001_000,lpips,mouth,0.44942906
33,772.951477,59cdb196328a33d4c7b1248b916e5090_shot_001_000,lpips,full,0.44858009
33,772.951477,59cdb196328a33d4c7b1248b916e5090_shot_001_000,sharpness,mouth,10.332
33,772.951477,59cdb196328a33d4c7b1248b916e5090_shot_001_000,lmd,mouth,5.336329
33,772.951477,59cdb196328a33d4c7b1248b916e5090_shot_001_000,sync_d,mouth,7.708739
33,772.951477,59cdb196328a33d4c7b1248b916e5090_shot_001_000,sync_c,mouth,6.793147
34,755.998352,59cdb196328a33d4c7b1248b916e5090_shot_001_000,pixel_mse,mouth,0.01973188
34,755.998352,59cdb196328a33d4c7b1248b916e5090_shot_001_000,pixel_mse,full,0.02373668
34,755.998352,59cdb196328a33d4c7b1248b916e5090_shot_001_000,ssim,mouth,0.60912484
34,755.998352,59cdb196328a33d4c7b1248b916e5090_shot_001_000,ssim,full,0.64857084
34,755.998352,59cdb196328a33d4c7b1248b916e5090_shot_001_000,lpips,mouth,0.45015585
34,755.998352,59cdb196328a33d4c7b1248b916e5090_shot_001_000,lpips,full,0.44838047
34,755.998352,59cdb196328a33d4c7b1248b916e5090_shot_001_000,sharpness,mouth,9.8856
34,755.998352,59cdb196328a33d4c7b1248b916e5090_shot_001_000,lmd,mouth,5.364261
34,755.998352,59cdb196328a33d4c7b1248b916e5090_shot_001_000,sync_d,mouth,7.665537
34,755.998352,59cdb196328a33d4c7b1248b916e5090_shot_001_000,sync_c,mouth,6.577277
35,737.519714,59cdb196328a33d4c7b1248b916e5090_shot_001_000,pixel_mse,mouth,0.01952389
35,737.519714,59cdb196328a33d4c7b1248b916e5090_shot_001_000,pixel_mse,full,0.02384633
35,737.519714,59cdb196328a33d4c7b1248b916e5090_shot_001_000,ssim,mouth,0.60855478
35,737.519714,59cdb196328a33d4c7b1248b916e5090_shot_001_000,ssim,full,0.6480512
35,737.519714,59cdb196328a33d4c7b1248b916e5090_shot_001_000,lpips,mouth,0.44928384
35,737.519714,59cdb196328a33d4c7b1248b916e5090_shot_001_000,lpips,full,0.44842434
35,737.519714,59cdb196328a33d4c7b1248b916e5090_shot_001_000,sharpness,mouth,9.9292
35,737.519714,59cdb196328a33d4c7b1248b916e5090_shot_001_000,lmd,mouth,5.318834
35,737.519714,59cdb196328a33d4c7b1248b916e5090_shot_001_000,sync_d,mouth,7.904056
35,737.519714,59cdb196328a33d4c7b1248b916e5090_shot_001_000,sync_c,mouth,6.551769
36,717.299683,59cdb196328a33d4c7b1248b916e5090_shot_001_000,pixel_mse,mouth,0.01961503
36,717.299683,59cdb196328a33d4c7b1248b916e5090_shot_001_000,pixel_mse,full,0.02387343
36,717.299683,59cdb196328a33d4c7b1248b916e5090_shot_001_000,ssim,mouth,0.60905826
36,717.299683,59cdb196328a33d4c7b1248b916e5090_shot_001_000,ssim,full,0.64787626
36,717.299683,59cdb196328a33d4c7b1248b916e5090_shot_001_000,lpips,mouth,0.44803938
36,717.299683,59cdb196328a33d4c7b1248b916e5090_shot_001_000,lpips,full,0.44817773
36,717.299683,59cdb196328a33d4c7b1248b916e5090_shot_001_000,sharpness,mouth,9.804
36,717.299683,59cdb196328a33d4c7b1248b916e5090_shot_001_000,lmd,mouth,5.383627
36,717.299683,59cdb196328a33d4c7b1248b916e5090_shot_001_000,sync_d,mouth,7.870277
36,717.299683,59cdb196328a33d4c7b1248b916e5090_shot_001_000,sync_c,mouth,6.526904
37,695.080139,59cdb196328a33d4c7b1248b916e5090_shot_001_000,pixel_mse,mouth,0.01964351
37,695.080139,59cdb196328a33d4c7b1248b916e5090_shot_001_000,pixel_mse,full,0.02396521
37,695.080139,59cdb196328a33d4c7b1248b916e5090_shot_001_000,ssim,mouth,0.60760081
37,695.080139,59cdb196328a33d4c7b1248b916e5090_shot_001_000,ssim,full,0.64743352
37,695.080139,59cdb196328a33d4c7b1248b916e5090_shot_001_000,lpips,mouth,0.44755381
37,695.080139,59cdb196328a33d4c7b1248b916e5090_shot_001_000,lpips,full,0.44853342
37,695.080139,59cdb196328a33d4c7b1248b916e5090_shot_001_000,sharpness,mouth,9.9159
37,695.080139,59cdb196328a33d4c7b1248b916e5090_shot_001_000,lmd,mouth,5.432715
37,695.080139,59cdb196328a33d4c7b1248b916e5090_shot_001_000,sync_d,mouth,8.110814
37,695.080139,59cdb196328a33d4c7b1248b916e5090_shot_001_000,sync_c,mouth,6.223362
38,670.548828,59cdb196328a33d4c7b1248b916e5090_shot_001_000,pixel_mse,mouth,0.01981953
38,670.548828,59cdb196328a33d4c7b1248b916e5090_shot_001_000,pixel_mse,full,0.02396338
38,670.548828,59cdb196328a33d4c7b1248b916e5090_shot_001_000,ssim,mouth,0.60567307
38,670.548828,59cdb196328a33d4c7b1248b916e5090_shot_001_000,ssim,full,0.6471402
38,670.548828,59cdb196328a33d4c7b1248b916e5090_shot_001_000,lpips,mouth,0.44826728
38,670.548828,59cdb196328a33d4c7b1248b916e5090_shot_001_000,lpips,full,0.44869149
38,670.548828,59cdb196328a33d4c7b1248b916e5090_shot_001_000,sharpness,mouth,9.8874
38,670.548828,59cdb196328a33d4c7b1248b916e5090_shot_001_000,lmd,mouth,5.450772
38,670.548828,59cdb196328a33d4c7b1248b916e5090_shot_001_000,sync_d,mouth,8.305334
38,670.548828,59cdb196328a33d4c7b1248b916e5090_shot_001_000,sync_c,mouth,6.07465
39,643.325317,59cdb196328a33d4c7b1248b916e5090_shot_001_000,pixel_mse,mouth,0.01959794
39,643.325317,59cdb196328a33d4c7b1248b916e5090_shot_001_000,pixel_mse,full,0.02393598
39,643.325317,59cdb196328a33d4c7b1248b916e5090_shot_001_000,ssim,mouth,0.60790771
39,643.325317,59cdb196328a33d4c7b1248b916e5090_shot_001_000,ssim,full,0.64735126
39,643.325317,59cdb196328a33d4c7b1248b916e5090_shot_001_000,lpips,mouth,0.45005757
39,643.325317,59cdb196328a33d4c7b1248b916e5090_shot_001_000,lpips,full,0.4487226
39,643.325317,59cdb196328a33d4c7b1248b916e5090_shot_001_000,sharpness,mouth,9.9756
39,643.325317,59cdb196328a33d4c7b1248b916e5090_shot_001_000,lmd,mouth,5.454397
39,643.325317,59cdb196328a33d4c7b1248b916e5090_shot_001_000,sync_d,mouth,8.161742
39,643.325317,59cdb196328a33d4c7b1248b916e5090_shot_001_000,sync_c,mouth,6.275408
40,612.940735,59cdb196328a33d4c7b1248b916e5090_shot_001_000,pixel_mse,mouth,0.01976342
40,612.940735,59cdb196328a33d4c7b1248b916e5090_shot_001_000,pixel_mse,full,0.02394721
40,612.940735,59cdb196328a33d4c7b1248b916e5090_shot_001_000,ssim,mouth,0.60661626
40,612.940735,59cdb196328a33d4c7b1248b916e5090_shot_001_000,ssim,full,0.64699632
40,612.940735,59cdb196328a33d4c7b1248b916e5090_shot_001_000,lpips,mouth,0.45180088
40,612.940735,59cdb196328a33d4c7b1248b916e5090_shot_001_000,lpips,full,0.44894749
40,612.940735,59cdb196328a33d4c7b1248b916e5090_shot_001_000,sharpness,mouth,10.01
40,612.940735,59cdb196328a33d4c7b1248b916e5090_shot_001_000,lmd,mouth,5.355556
40,612.940735,59cdb196328a33d4c7b1248b916e5090_shot_001_000,sync_d,mouth,8.003292
40,612.940735,59cdb196328a33d4c7b1248b916e5090_shot_001_000,sync_c,mouth,6.394885
41,578.810425,59cdb196328a33d4c7b1248b916e5090_shot_001_000,pixel_mse,mouth,0.01950113
41,578.810425,59cdb196328a33d4c7b1248b916e5090_shot_001_000,pixel_mse,full,0.02397249
41,578.810425,59cdb196328a33d4c7b1248b916e5090_shot_001_000,ssim,mouth,0.60818607
41,578.810425,59cdb196328a33d4c7b1248b916e5090_shot_001_000,ssim,full,0.6468069
41,578.810425,59cdb196328a33d4c7b1248b916e5090_shot_001_000,lpips,mouth,0.45038185
41,578.810425,59cdb196328a33d4c7b1248b916e5090_shot_001_000,lpips,full,0.44852585
41,578.810425,59cdb196328a33d4c7b1248b916e5090_shot_001_000,sharpness,mouth,9.7261
41,578.810425,59cdb196328a33d4c7b1248b916e5090_shot_001_000,lmd,mouth,5.505934
41,578.810425,59cdb196328a33d4c7b1248b916e5090_shot_001_000,sync_d,mouth,8.12873
41,578.810425,59cdb196328a33d4c7b1248b916e5090_shot_001_000,sync_c,mouth,6.306186
42,540.196350,59cdb196328a33d4c7b1248b916e5090_shot_001_000,pixel_mse,mouth,0.01961503
42,540.196350,59cdb196328a33d4c7b1248b916e5090_shot_001_000,pixel_mse,full,0.02400601
42,540.196350,59cdb196328a33d4c7b1248b916e5090_shot_001_000,ssim,mouth,0.60813934
42,540.196350,59cdb196328a33d4c7b1248b916e5090_shot_001_000,ssim,full,0.64671975
42,540.196350,59cdb196328a33d4c7b1248b916e5090_shot_001_000,lpips,mouth,0.45122951
42,540.196350,59cdb196328a33d4c7b1248b916e5090_shot_001_000,lpips,full,0.44865456
42,540.196350,59cdb196328a33d4c7b1248b916e5090_shot_001_000,sharpness,mouth,9.6537
42,540.196350,59cdb196328a33d4c7b1248b916e5090_shot_001_000,lmd,mouth,5.448761
42,540.196350,59cdb196328a33d4c7b1248b916e5090_shot_001_000,sync_d,mouth,8.356727
42,540.196350,59cdb196328a33d4c7b1248b916e5090_shot_001_000,sync_c,mouth,6.057076
43,496.152893,59cdb196328a33d4c7b1248b916e5090_shot_001_000,pixel_mse,mouth,0.01941702
43,496.152893,59cdb196328a33d4c7b1248b916e5090_shot_001_000,pixel_mse,full,0.02400487
43,496.152893,59cdb196328a33d4c7b1248b916e5090_shot_001_000,ssim,mouth,0.60988688
43,496.152893,59cdb196328a33d4c7b1248b916e5090_shot_001_000,ssim,full,0.64685202
43,496.152893,59cdb196328a33d4c7b1248b916e5090_shot_001_000,lpips,mouth,0.44893971
43,496.152893,59cdb196328a33d4c7b1248b916e5090_shot_001_000,lpips,full,0.44864425
43,496.152893,59cdb196328a33d4c7b1248b916e5090_shot_001_000,sharpness,mouth,9.588
43,496.152893,59cdb196328a33d4c7b1248b916e5090_shot_001_000,lmd,mouth,5.451967
43,496.152893,59cdb196328a33d4c7b1248b916e5090_shot_001_000,sync_d,mouth,8.328217
43,496.152893,59cdb196328a33d4c7b1248b916e5090_shot_001_000,sync_c,mouth,6.028932
44,445.448151,59cdb196328a33d4c7b1248b916e5090_shot_001_000,pixel_mse,mouth,0.01946721
44,445.448151,59cdb196328a33d4c7b1248b916e5090_shot_001_000,pixel_mse,full,0.02400749
44,445.448151,59cdb196328a33d4c7b1248b916e5090_shot_001_000,ssim,mouth,0.6097092
44,445.448151,59cdb196328a33d4c7b1248b916e5090_shot_001_000,ssim,full,0.64667052
44,445.448151,59cdb196328a33d4c7b1248b916e5090_shot_001_000,lpips,mouth,0.44824082
44,445.448151,59cdb196328a33d4c7b1248b916e5090_shot_001_000,lpips,full,0.44882795
44,445.448151,59cdb196328a33d4c7b1248b916e5090_shot_001_000,sharpness,mouth,9.8373
44,445.448151,59cdb196328a33d4c7b1248b916e5090_shot_001_000,lmd,mouth,5.512143
44,445.448151,59cdb196328a33d4c7b1248b916e5090_shot_001_000,sync_d,mouth,8.472769
44,445.448151,59cdb196328a33d4c7b1248b916e5090_shot_001_000,sync_c,mouth,5.950364
45,386.447418,59cdb196328a33d4c7b1248b916e5090_shot_001_000,pixel_mse,mouth,0.01947772
45,386.447418,59cdb196328a33d4c7b1248b916e5090_shot_001_000,pixel_mse,full,0.02402321
45,386.447418,59cdb196328a33d4c7b1248b916e5090_shot_001_000,ssim,mouth,0.60915792
45,386.447418,59cdb196328a33d4c7b1248b916e5090_shot_001_000,ssim,full,0.64700031
45,386.447418,59cdb196328a33d4c7b1248b916e5090_shot_001_000,lpips,mouth,0.44849297
45,386.447418,59cdb196328a33d4c7b1248b916e5090_shot_001_000,lpips,full,0.44843885
45,386.447418,59cdb196328a33d4c7b1248b916e5090_shot_001_000,sharpness,mouth,9.5564
45,386.447418,59cdb196328a33d4c7b1248b916e5090_shot_001_000,lmd,mouth,5.497957
45,386.447418,59cdb196328a33d4c7b1248b916e5090_shot_001_000,sync_d,mouth,8.470712
45,386.447418,59cdb196328a33d4c7b1248b916e5090_shot_001_000,sync_c,mouth,5.993925
46,316.933258,59cdb196328a33d4c7b1248b916e5090_shot_001_000,pixel_mse,mouth,0.01931574
46,316.933258,59cdb196328a33d4c7b1248b916e5090_shot_001_000,pixel_mse,full,0.02404475
46,316.933258,59cdb196328a33d4c7b1248b916e5090_shot_001_000,ssim,mouth,0.61057758
46,316.933258,59cdb196328a33d4c7b1248b916e5090_shot_001_000,ssim,full,0.64712018
46,316.933258,59cdb196328a33d4c7b1248b916e5090_shot_001_000,lpips,mouth,0.44820118
46,316.933258,59cdb196328a33d4c7b1248b916e5090_shot_001_000,lpips,full,0.44871458
46,316.933258,59cdb196328a33d4c7b1248b916e5090_shot_001_000,sharpness,mouth,9.4898
46,316.933258,59cdb196328a33d4c7b1248b916e5090_shot_001_000,lmd,mouth,5.498057
46,316.933258,59cdb196328a33d4c7b1248b916e5090_shot_001_000,sync_d,mouth,8.516545
46,316.933258,59cdb196328a33d4c7b1248b916e5090_shot_001_000,sync_c,mouth,5.984383
47,233.820694,59cdb196328a33d4c7b1248b916e5090_shot_001_000,pixel_mse,mouth,0.01936942
47,233.820694,59cdb196328a33d4c7b1248b916e5090_shot_001_000,pixel_mse,full,0.02406625
47,233.820694,59cdb196328a33d4c7b1248b916e5090_shot_001_000,ssim,mouth,0.60904658
47,233.820694,59cdb196328a33d4c7b1248b916e5090_shot_001_000,ssim,full,0.647219
47,233.820694,59cdb196328a33d4c7b1248b916e5090_shot_001_000,lpips,mouth,0.4479301
47,233.820694,59cdb196328a33d4c7b1248b916e5090_shot_001_000,lpips,full,0.44849604
47,233.820694,59cdb196328a33d4c7b1248b916e5090_shot_001_000,sharpness,mouth,9.5273
47,233.820694,59cdb196328a33d4c7b1248b916e5090_shot_001_000,lmd,mouth,5.503864
47,233.820694,59cdb196328a33d4c7b1248b916e5090_shot_001_000,sync_d,mouth,8.720159
47,233.820694,59cdb196328a33d4c7b1248b916e5090_shot_001_000,sync_c,mouth,5.816481
48,132.687027,59cdb196328a33d4c7b1248b916e5090_shot_001_000,pixel_mse,mouth,0.01936243
48,132.687027,59cdb196328a33d4c7b1248b916e5090_shot_001_000,pixel_mse,full,0.02408143
48,132.687027,59cdb196328a33d4c7b1248b916e5090_shot_001_000,ssim,mouth,0.60906768
48,132.687027,59cdb196328a33d4c7b1248b916e5090_shot_001_000,ssim,full,0.64777339
48,132.687027,59cdb196328a33d4c7b1248b916e5090_shot_001_000,lpips,mouth,0.44782925
48,132.687027,59cdb196328a33d4c7b1248b916e5090_shot_001_000,lpips,full,0.44802272
48,132.687027,59cdb196328a33d4c7b1248b916e5090_shot_001_000,sharpness,mouth,9.461
48,132.687027,59cdb196328a33d4c7b1248b916e5090_shot_001_000,lmd,mouth,5.476746
48,132.687027,59cdb196328a33d4c7b1248b916e5090_shot_001_000,sync_d,mouth,8.865983
48,132.687027,59cdb196328a33d4c7b1248b916e5090_shot_001_000,sync_c,mouth,5.529709
49,6.958251,59cdb196328a33d4c7b1248b916e5090_shot_001_000,pixel_mse,mouth,0.01937767
49,6.958251,59cdb196328a33d4c7b1248b916e5090_shot_001_000,pixel_mse,full,0.02407973
49,6.958251,59cdb196328a33d4c7b1248b916e5090_shot_001_000,ssim,mouth,0.60913944
49,6.958251,59cdb196328a33d4c7b1248b916e5090_shot_001_000,ssim,full,0.64923155
49,6.958251,59cdb196328a33d4c7b1248b916e5090_shot_001_000,lpips,mouth,0.4469173
49,6.958251,59cdb196328a33d4c7b1248b916e5090_shot_001_000,lpips,full,0.44746861
49,6.958251,59cdb196328a33d4c7b1248b916e5090_shot_001_000,sharpness,mouth,9.5276
49,6.958251,59cdb196328a33d4c7b1248b916e5090_shot_001_000,lmd,mouth,5.445829
49,6.958251,59cdb196328a33d4c7b1248b916e5090_shot_001_000,sync_d,mouth,8.734774
49,6.958251,59cdb196328a33d4c7b1248b916e5090_shot_001_000,sync_c,mouth,5.627131
-1,gt,1ec7a45d803ab472e7fe5c6625667289_shot_001_000,sharpness,mouth,79.1141
-1,gt,1ec7a45d803ab472e7fe5c6625667289_shot_001_000,sync_d,mouth,9.913376
-1,gt,1ec7a45d803ab472e7fe5c6625667289_shot_001_000,sync_c,mouth,3.789347
0,1000.000000,1ec7a45d803ab472e7fe5c6625667289_shot_001_000,pixel_mse,mouth,0.0211283
0,1000.000000,1ec7a45d803ab472e7fe5c6625667289_shot_001_000,pixel_mse,full,0.01127251
0,1000.000000,1ec7a45d803ab472e7fe5c6625667289_shot_001_000,ssim,mouth,0.39886805
0,1000.000000,1ec7a45d803ab472e7fe5c6625667289_shot_001_000,ssim,full,0.70727438
0,1000.000000,1ec7a45d803ab472e7fe5c6625667289_shot_001_000,lpips,mouth,0.55493265
0,1000.000000,1ec7a45d803ab472e7fe5c6625667289_shot_001_000,lpips,full,0.34985191
0,1000.000000,1ec7a45d803ab472e7fe5c6625667289_shot_001_000,sharpness,mouth,17.7376
0,1000.000000,1ec7a45d803ab472e7fe5c6625667289_shot_001_000,lmd,mouth,3.165928
1,997.035706,1ec7a45d803ab472e7fe5c6625667289_shot_001_000,pixel_mse,mouth,0.01992588
1,997.035706,1ec7a45d803ab472e7fe5c6625667289_shot_001_000,pixel_mse,full,0.01133874
1,997.035706,1ec7a45d803ab472e7fe5c6625667289_shot_001_000,ssim,mouth,0.39987653
1,997.035706,1ec7a45d803ab472e7fe5c6625667289_shot_001_000,ssim,full,0.71085823
1,997.035706,1ec7a45d803ab472e7fe5c6625667289_shot_001_000,lpips,mouth,0.55138576
1,997.035706,1ec7a45d803ab472e7fe5c6625667289_shot_001_000,lpips,full,0.35226214
1,997.035706,1ec7a45d803ab472e7fe5c6625667289_shot_001_000,sharpness,mouth,17.4925
1,997.035706,1ec7a45d803ab472e7fe5c6625667289_shot_001_000,lmd,mouth,3.432133
2,993.963867,1ec7a45d803ab472e7fe5c6625667289_shot_001_000,pixel_mse,mouth,0.01894051
2,993.963867,1ec7a45d803ab472e7fe5c6625667289_shot_001_000,pixel_mse,full,0.01088041
2,993.963867,1ec7a45d803ab472e7fe5c6625667289_shot_001_000,ssim,mouth,0.39732352
2,993.963867,1ec7a45d803ab472e7fe5c6625667289_shot_001_000,ssim,full,0.72135645
2,993.963867,1ec7a45d803ab472e7fe5c6625667289_shot_001_000,lpips,mouth,0.55003691
2,993.963867,1ec7a45d803ab472e7fe5c6625667289_shot_001_000,lpips,full,0.34787679
2,993.963867,1ec7a45d803ab472e7fe5c6625667289_shot_001_000,sharpness,mouth,17.1727
2,993.963867,1ec7a45d803ab472e7fe5c6625667289_shot_001_000,lmd,mouth,3.139365
2,993.963867,1ec7a45d803ab472e7fe5c6625667289_shot_001_000,sync_d,mouth,10.196365
2,993.963867,1ec7a45d803ab472e7fe5c6625667289_shot_001_000,sync_c,mouth,1.138623
3,990.779053,1ec7a45d803ab472e7fe5c6625667289_shot_001_000,pixel_mse,mouth,0.02126269
3,990.779053,1ec7a45d803ab472e7fe5c6625667289_shot_001_000,pixel_mse,full,0.01124438
3,990.779053,1ec7a45d803ab472e7fe5c6625667289_shot_001_000,ssim,mouth,0.38232967
3,990.779053,1ec7a45d803ab472e7fe5c6625667289_shot_001_000,ssim,full,0.72262192
3,990.779053,1ec7a45d803ab472e7fe5c6625667289_shot_001_000,lpips,mouth,0.55827361
3,990.779053,1ec7a45d803ab472e7fe5c6625667289_shot_001_000,lpips,full,0.3487362
3,990.779053,1ec7a45d803ab472e7fe5c6625667289_shot_001_000,sharpness,mouth,17.6758
3,990.779053,1ec7a45d803ab472e7fe5c6625667289_shot_001_000,lmd,mouth,4.211726
3,990.779053,1ec7a45d803ab472e7fe5c6625667289_shot_001_000,sync_d,mouth,9.690292
3,990.779053,1ec7a45d803ab472e7fe5c6625667289_shot_001_000,sync_c,mouth,1.330213
4,987.474243,1ec7a45d803ab472e7fe5c6625667289_shot_001_000,pixel_mse,mouth,0.02341225
4,987.474243,1ec7a45d803ab472e7fe5c6625667289_shot_001_000,pixel_mse,full,0.01190266
4,987.474243,1ec7a45d803ab472e7fe5c6625667289_shot_001_000,ssim,mouth,0.36656618
4,987.474243,1ec7a45d803ab472e7fe5c6625667289_shot_001_000,ssim,full,0.71929252
4,987.474243,1ec7a45d803ab472e7fe5c6625667289_shot_001_000,lpips,mouth,0.55384189
4,987.474243,1ec7a45d803ab472e7fe5c6625667289_shot_001_000,lpips,full,0.34245861
4,987.474243,1ec7a45d803ab472e7fe5c6625667289_shot_001_000,sharpness,mouth,26.1782
4,987.474243,1ec7a45d803ab472e7fe5c6625667289_shot_001_000,lmd,mouth,5.602589
4,987.474243,1ec7a45d803ab472e7fe5c6625667289_shot_001_000,sync_d,mouth,10.494141
4,987.474243,1ec7a45d803ab472e7fe5c6625667289_shot_001_000,sync_c,mouth,0.889046
5,984.043091,1ec7a45d803ab472e7fe5c6625667289_shot_001_000,pixel_mse,mouth,0.02515741
5,984.043091,1ec7a45d803ab472e7fe5c6625667289_shot_001_000,pixel_mse,full,0.01310272
5,984.043091,1ec7a45d803ab472e7fe5c6625667289_shot_001_000,ssim,mouth,0.3542816
5,984.043091,1ec7a45d803ab472e7fe5c6625667289_shot_001_000,ssim,full,0.70966327
5,984.043091,1ec7a45d803ab472e7fe5c6625667289_shot_001_000,lpips,mouth,0.55027431
5,984.043091,1ec7a45d803ab472e7fe5c6625667289_shot_001_000,lpips,full,0.34004638
5,984.043091,1ec7a45d803ab472e7fe5c6625667289_shot_001_000,sharpness,mouth,28.1864
5,984.043091,1ec7a45d803ab472e7fe5c6625667289_shot_001_000,lmd,mouth,5.385592
5,984.043091,1ec7a45d803ab472e7fe5c6625667289_shot_001_000,sync_d,mouth,9.798875
5,984.043091,1ec7a45d803ab472e7fe5c6625667289_shot_001_000,sync_c,mouth,2.211426
6,980.477844,1ec7a45d803ab472e7fe5c6625667289_shot_001_000,pixel_mse,mouth,0.0254415
6,980.477844,1ec7a45d803ab472e7fe5c6625667289_shot_001_000,pixel_mse,full,0.01307215
6,980.477844,1ec7a45d803ab472e7fe5c6625667289_shot_001_000,ssim,mouth,0.35919887
6,980.477844,1ec7a45d803ab472e7fe5c6625667289_shot_001_000,ssim,full,0.71299344
6,980.477844,1ec7a45d803ab472e7fe5c6625667289_shot_001_000,lpips,mouth,0.54417711
6,980.477844,1ec7a45d803ab472e7fe5c6625667289_shot_001_000,lpips,full,0.33194789
6,980.477844,1ec7a45d803ab472e7fe5c6625667289_shot_001_000,sharpness,mouth,27.8759
6,980.477844,1ec7a45d803ab472e7fe5c6625667289_shot_001_000,lmd,mouth,5.930984
6,980.477844,1ec7a45d803ab472e7fe5c6625667289_shot_001_000,sync_d,mouth,9.555883
6,980.477844,1ec7a45d803ab472e7fe5c6625667289_shot_001_000,sync_c,mouth,3.001883
7,976.770691,1ec7a45d803ab472e7fe5c6625667289_shot_001_000,pixel_mse,mouth,0.02661088
7,976.770691,1ec7a45d803ab472e7fe5c6625667289_shot_001_000,pixel_mse,full,0.01352277
7,976.770691,1ec7a45d803ab472e7fe5c6625667289_shot_001_000,ssim,mouth,0.3524743
7,976.770691,1ec7a45d803ab472e7fe5c6625667289_shot_001_000,ssim,full,0.7095241
7,976.770691,1ec7a45d803ab472e7fe5c6625667289_shot_001_000,lpips,mouth,0.53787512
7,976.770691,1ec7a45d803ab472e7fe5c6625667289_shot_001_000,lpips,full,0.32897097
7,976.770691,1ec7a45d803ab472e7fe5c6625667289_shot_001_000,sharpness,mouth,25.6472
7,976.770691,1ec7a45d803ab472e7fe5c6625667289_shot_001_000,lmd,mouth,5.946099
7,976.770691,1ec7a45d803ab472e7fe5c6625667289_shot_001_000,sync_d,mouth,9.826642
7,976.770691,1ec7a45d803ab472e7fe5c6625667289_shot_001_000,sync_c,mouth,2.697761
8,972.912842,1ec7a45d803ab472e7fe5c6625667289_shot_001_000,pixel_mse,mouth,0.0271619
8,972.912842,1ec7a45d803ab472e7fe5c6625667289_shot_001_000,pixel_mse,full,0.01402997
8,972.912842,1ec7a45d803ab472e7fe5c6625667289_shot_001_000,ssim,mouth,0.35338318
8,972.912842,1ec7a45d803ab472e7fe5c6625667289_shot_001_000,ssim,full,0.70475435
8,972.912842,1ec7a45d803ab472e7fe5c6625667289_shot_001_000,lpips,mouth,0.52746367
8,972.912842,1ec7a45d803ab472e7fe5c6625667289_shot_001_000,lpips,full,0.32538983
8,972.912842,1ec7a45d803ab472e7fe5c6625667289_shot_001_000,sharpness,mouth,26.0693
8,972.912842,1ec7a45d803ab472e7fe5c6625667289_shot_001_000,lmd,mouth,5.576672
8,972.912842,1ec7a45d803ab472e7fe5c6625667289_shot_001_000,sync_d,mouth,9.195955
8,972.912842,1ec7a45d803ab472e7fe5c6625667289_shot_001_000,sync_c,mouth,3.24588
9,968.895081,1ec7a45d803ab472e7fe5c6625667289_shot_001_000,pixel_mse,mouth,0.02751476
9,968.895081,1ec7a45d803ab472e7fe5c6625667289_shot_001_000,pixel_mse,full,0.01431478
9,968.895081,1ec7a45d803ab472e7fe5c6625667289_shot_001_000,ssim,mouth,0.3509154
9,968.895081,1ec7a45d803ab472e7fe5c6625667289_shot_001_000,ssim,full,0.70257175
9,968.895081,1ec7a45d803ab472e7fe5c6625667289_shot_001_000,lpips,mouth,0.51704532
9,968.895081,1ec7a45d803ab472e7fe5c6625667289_shot_001_000,lpips,full,0.32213548
9,968.895081,1ec7a45d803ab472e7fe5c6625667289_shot_001_000,sharpness,mouth,27.3005
9,968.895081,1ec7a45d803ab472e7fe5c6625667289_shot_001_000,lmd,mouth,5.398066
9,968.895081,1ec7a45d803ab472e7fe5c6625667289_shot_001_000,sync_d,mouth,8.874888
9,968.895081,1ec7a45d803ab472e7fe5c6625667289_shot_001_000,sync_c,mouth,3.656221
10,964.707153,1ec7a45d803ab472e7fe5c6625667289_shot_001_000,pixel_mse,mouth,0.02772666
10,964.707153,1ec7a45d803ab472e7fe5c6625667289_shot_001_000,pixel_mse,full,0.01446893
10,964.707153,1ec7a45d803ab472e7fe5c6625667289_shot_001_000,ssim,mouth,0.34528536
10,964.707153,1ec7a45d803ab472e7fe5c6625667289_shot_001_000,ssim,full,0.70132989
10,964.707153,1ec7a45d803ab472e7fe5c6625667289_shot_001_000,lpips,mouth,0.50988954
10,964.707153,1ec7a45d803ab472e7fe5c6625667289_shot_001_000,lpips,full,0.31980401
10,964.707153,1ec7a45d803ab472e7fe5c6625667289_shot_001_000,sharpness,mouth,26.5923
10,964.707153,1ec7a45d803ab472e7fe5c6625667289_shot_001_000,lmd,mouth,5.282098
10,964.707153,1ec7a45d803ab472e7fe5c6625667289_shot_001_000,sync_d,mouth,8.477613
10,964.707153,1ec7a45d803ab472e7fe5c6625667289_shot_001_000,sync_c,mouth,4.216264
11,960.337952,1ec7a45d803ab472e7fe5c6625667289_shot_001_000,pixel_mse,mouth,0.02831874
11,960.337952,1ec7a45d803ab472e7fe5c6625667289_shot_001_000,pixel_mse,full,0.01472235
11,960.337952,1ec7a45d803ab472e7fe5c6625667289_shot_001_000,ssim,mouth,0.34371293
11,960.337952,1ec7a45d803ab472e7fe5c6625667289_shot_001_000,ssim,full,0.70065117
11,960.337952,1ec7a45d803ab472e7fe5c6625667289_shot_001_000,lpips,mouth,0.50912374
11,960.337952,1ec7a45d803ab472e7fe5c6625667289_shot_001_000,lpips,full,0.31726709
11,960.337952,1ec7a45d803ab472e7fe5c6625667289_shot_001_000,sharpness,mouth,25.6843
11,960.337952,1ec7a45d803ab472e7fe5c6625667289_shot_001_000,lmd,mouth,5.319764
11,960.337952,1ec7a45d803ab472e7fe5c6625667289_shot_001_000,sync_d,mouth,8.616909
11,960.337952,1ec7a45d803ab472e7fe5c6625667289_shot_001_000,sync_c,mouth,4.162151
12,955.775635,1ec7a45d803ab472e7fe5c6625667289_shot_001_000,pixel_mse,mouth,0.02895226
12,955.775635,1ec7a45d803ab472e7fe5c6625667289_shot_001_000,pixel_mse,full,0.01491946
12,955.775635,1ec7a45d803ab472e7fe5c6625667289_shot_001_000,ssim,mouth,0.33868322
12,955.775635,1ec7a45d803ab472e7fe5c6625667289_shot_001_000,ssim,full,0.69883341
12,955.775635,1ec7a45d803ab472e7fe5c6625667289_shot_001_000,lpips,mouth,0.49536848
12,955.775635,1ec7a45d803ab472e7fe5c6625667289_shot_001_000,lpips,full,0.3162629
12,955.775635,1ec7a45d803ab472e7fe5c6625667289_shot_001_000,sharpness,mouth,26.1804
12,955.775635,1ec7a45d803ab472e7fe5c6625667289_shot_001_000,lmd,mouth,5.223534
12,955.775635,1ec7a45d803ab472e7fe5c6625667289_shot_001_000,sync_d,mouth,8.763854
12,955.775635,1ec7a45d803ab472e7fe5c6625667289_shot_001_000,sync_c,mouth,4.189884
13,951.006897,1ec7a45d803ab472e7fe5c6625667289_shot_001_000,pixel_mse,mouth,0.02897393
13,951.006897,1ec7a45d803ab472e7fe5c6625667289_shot_001_000,pixel_mse,full,0.01492181
13,951.006897,1ec7a45d803ab472e7fe5c6625667289_shot_001_000,ssim,mouth,0.34006494
13,951.006897,1ec7a45d803ab472e7fe5c6625667289_shot_001_000,ssim,full,0.69961268
13,951.006897,1ec7a45d803ab472e7fe5c6625667289_shot_001_000,lpips,mouth,0.48759836
13,951.006897,1ec7a45d803ab472e7fe5c6625667289_shot_001_000,lpips,full,0.31490904
13,951.006897,1ec7a45d803ab472e7fe5c6625667289_shot_001_000,sharpness,mouth,25.6792
13,951.006897,1ec7a45d803ab472e7fe5c6625667289_shot_001_000,lmd,mouth,5.150947
13,951.006897,1ec7a45d803ab472e7fe5c6625667289_shot_001_000,sync_d,mouth,8.647564
13,951.006897,1ec7a45d803ab472e7fe5c6625667289_shot_001_000,sync_c,mouth,4.463195
14,946.017517,1ec7a45d803ab472e7fe5c6625667289_shot_001_000,pixel_mse,mouth,0.02931211
14,946.017517,1ec7a45d803ab472e7fe5c6625667289_shot_001_000,pixel_mse,full,0.01500643
14,946.017517,1ec7a45d803ab472e7fe5c6625667289_shot_001_000,ssim,mouth,0.33699438
14,946.017517,1ec7a45d803ab472e7fe5c6625667289_shot_001_000,ssim,full,0.70048666
14,946.017517,1ec7a45d803ab472e7fe5c6625667289_shot_001_000,lpips,mouth,0.47643185
14,946.017517,1ec7a45d803ab472e7fe5c6625667289_shot_001_000,lpips,full,0.31259462
14,946.017517,1ec7a45d803ab472e7fe5c6625667289_shot_001_000,sharpness,mouth,28.4611
14,946.017517,1ec7a45d803ab472e7fe5c6625667289_shot_001_000,lmd,mouth,5.125802
14,946.017517,1ec7a45d803ab472e7fe5c6625667289_shot_001_000,sync_d,mouth,8.816055
14,946.017517,1ec7a45d803ab472e7fe5c6625667289_shot_001_000,sync_c,mouth,4.362153
15,940.791870,1ec7a45d803ab472e7fe5c6625667289_shot_001_000,pixel_mse,mouth,0.02945095
15,940.791870,1ec7a45d803ab472e7fe5c6625667289_shot_001_000,pixel_mse,full,0.01516037
15,940.791870,1ec7a45d803ab472e7fe5c6625667289_shot_001_000,ssim,mouth,0.33341533
15,940.791870,1ec7a45d803ab472e7fe5c6625667289_shot_001_000,ssim,full,0.69944727
15,940.791870,1ec7a45d803ab472e7fe5c6625667289_shot_001_000,lpips,mouth,0.47269374
15,940.791870,1ec7a45d803ab472e7fe5c6625667289_shot_001_000,lpips,full,0.31327999
15,940.791870,1ec7a45d803ab472e7fe5c6625667289_shot_001_000,sharpness,mouth,27.9758
15,940.791870,1ec7a45d803ab472e7fe5c6625667289_shot_001_000,lmd,mouth,5.165357
15,940.791870,1ec7a45d803ab472e7fe5c6625667289_shot_001_000,sync_d,mouth,8.858788
15,940.791870,1ec7a45d803ab472e7fe5c6625667289_shot_001_000,sync_c,mouth,4.286039
16,935.312622,1ec7a45d803ab472e7fe5c6625667289_shot_001_000,pixel_mse,mouth,0.0294832
16,935.312622,1ec7a45d803ab472e7fe5c6625667289_shot_001_000,pixel_mse,full,0.01515223
16,935.312622,1ec7a45d803ab472e7fe5c6625667289_shot_001_000,ssim,mouth,0.33126026
16,935.312622,1ec7a45d803ab472e7fe5c6625667289_shot_001_000,ssim,full,0.69944882
16,935.312622,1ec7a45d803ab472e7fe5c6625667289_shot_001_000,lpips,mouth,0.46521315
16,935.312622,1ec7a45d803ab472e7fe5c6625667289_shot_001_000,lpips,full,0.3130658
16,935.312622,1ec7a45d803ab472e7fe5c6625667289_shot_001_000,sharpness,mouth,29.0784
16,935.312622,1ec7a45d803ab472e7fe5c6625667289_shot_001_000,lmd,mouth,5.211068
16,935.312622,1ec7a45d803ab472e7fe5c6625667289_shot_001_000,sync_d,mouth,9.178349
16,935.312622,1ec7a45d803ab472e7fe5c6625667289_shot_001_000,sync_c,mouth,3.866262
17,929.560913,1ec7a45d803ab472e7fe5c6625667289_shot_001_000,pixel_mse,mouth,0.02963615
17,929.560913,1ec7a45d803ab472e7fe5c6625667289_shot_001_000,pixel_mse,full,0.01519142
17,929.560913,1ec7a45d803ab472e7fe5c6625667289_shot_001_000,ssim,mouth,0.33081362
17,929.560913,1ec7a45d803ab472e7fe5c6625667289_shot_001_000,ssim,full,0.69781256
17,929.560913,1ec7a45d803ab472e7fe5c6625667289_shot_001_000,lpips,mouth,0.45704374
17,929.560913,1ec7a45d803ab472e7fe5c6625667289_shot_001_000,lpips,full,0.31170467
17,929.560913,1ec7a45d803ab472e7fe5c6625667289_shot_001_000,sharpness,mouth,26.9843
17,929.560913,1ec7a45d803ab472e7fe5c6625667289_shot_001_000,lmd,mouth,5.11581
17,929.560913,1ec7a45d803ab472e7fe5c6625667289_shot_001_000,sync_d,mouth,8.976753
17,929.560913,1ec7a45d803ab472e7fe5c6625667289_shot_001_000,sync_c,mouth,4.019856
18,923.515991,1ec7a45d803ab472e7fe5c6625667289_shot_001_000,pixel_mse,mouth,0.02959381
18,923.515991,1ec7a45d803ab472e7fe5c6625667289_shot_001_000,pixel_mse,full,0.0152599
18,923.515991,1ec7a45d803ab472e7fe5c6625667289_shot_001_000,ssim,mouth,0.33204111
18,923.515991,1ec7a45d803ab472e7fe5c6625667289_shot_001_000,ssim,full,0.69831276
18,923.515991,1ec7a45d803ab472e7fe5c6625667289_shot_001_000,lpips,mouth,0.45957953
18,923.515991,1ec7a45d803ab472e7fe5c6625667289_shot_001_000,lpips,full,0.31133837
18,923.515991,1ec7a45d803ab472e7fe5c6625667289_shot_001_000,sharpness,mouth,25.568
18,923.515991,1ec7a45d803ab472e7fe5c6625667289_shot_001_000,lmd,mouth,5.225624
18,923.515991,1ec7a45d803ab472e7fe5c6625667289_shot_001_000,sync_d,mouth,8.980175
18,923.515991,1ec7a45d803ab472e7fe5c6625667289_shot_001_000,sync_c,mouth,4.029641
19,917.154785,1ec7a45d803ab472e7fe5c6625667289_shot_001_000,pixel_mse,mouth,0.02959254
19,917.154785,1ec7a45d803ab472e7fe5c6625667289_shot_001_000,pixel_mse,full,0.0154148
19,917.154785,1ec7a45d803ab472e7fe5c6625667289_shot_001_000,ssim,mouth,0.33208048
19,917.154785,1ec7a45d803ab472e7fe5c6625667289_shot_001_000,ssim,full,0.69798827
19,917.154785,1ec7a45d803ab472e7fe5c6625667289_shot_001_000,lpips,mouth,0.45292512
19,917.154785,1ec7a45d803ab472e7fe5c6625667289_shot_001_000,lpips,full,0.31117678
19,917.154785,1ec7a45d803ab472e7fe5c6625667289_shot_001_000,sharpness,mouth,26.2486
19,917.154785,1ec7a45d803ab472e7fe5c6625667289_shot_001_000,lmd,mouth,5.270882
19,917.154785,1ec7a45d803ab472e7fe5c6625667289_shot_001_000,sync_d,mouth,9.059593
19,917.154785,1ec7a45d803ab472e7fe5c6625667289_shot_001_000,sync_c,mouth,3.881763
20,910.451721,1ec7a45d803ab472e7fe5c6625667289_shot_001_000,pixel_mse,mouth,0.02939946
20,910.451721,1ec7a45d803ab472e7fe5c6625667289_shot_001_000,pixel_mse,full,0.01532029
20,910.451721,1ec7a45d803ab472e7fe5c6625667289_shot_001_000,ssim,mouth,0.33497077
20,910.451721,1ec7a45d803ab472e7fe5c6625667289_shot_001_000,ssim,full,0.69804859
20,910.451721,1ec7a45d803ab472e7fe5c6625667289_shot_001_000,lpips,mouth,0.45297462
20,910.451721,1ec7a45d803ab472e7fe5c6625667289_shot_001_000,lpips,full,0.30934572
20,910.451721,1ec7a45d803ab472e7fe5c6625667289_shot_001_000,sharpness,mouth,25.7991
20,910.451721,1ec7a45d803ab472e7fe5c6625667289_shot_001_000,lmd,mouth,5.228093
20,910.451721,1ec7a45d803ab472e7fe5c6625667289_shot_001_000,sync_d,mouth,9.242469
20,910.451721,1ec7a45d803ab472e7fe5c6625667289_shot_001_000,sync_c,mouth,3.77856
21,903.378723,1ec7a45d803ab472e7fe5c6625667289_shot_001_000,pixel_mse,mouth,0.02969366
21,903.378723,1ec7a45d803ab472e7fe5c6625667289_shot_001_000,pixel_mse,full,0.01543757
21,903.378723,1ec7a45d803ab472e7fe5c6625667289_shot_001_000,ssim,mouth,0.33138853
21,903.378723,1ec7a45d803ab472e7fe5c6625667289_shot_001_000,ssim,full,0.69781131
21,903.378723,1ec7a45d803ab472e7fe5c6625667289_shot_001_000,lpips,mouth,0.45130441
21,903.378723,1ec7a45d803ab472e7fe5c6625667289_shot_001_000,lpips,full,0.30870053
21,903.378723,1ec7a45d803ab472e7fe5c6625667289_shot_001_000,sharpness,mouth,24.7317
21,903.378723,1ec7a45d803ab472e7fe5c6625667289_shot_001_000,lmd,mouth,5.178289
21,903.378723,1ec7a45d803ab472e7fe5c6625667289_shot_001_000,sync_d,mouth,9.24907
21,903.378723,1ec7a45d803ab472e7fe5c6625667289_shot_001_000,sync_c,mouth,3.594417
22,895.903931,1ec7a45d803ab472e7fe5c6625667289_shot_001_000,pixel_mse,mouth,0.02961636
22,895.903931,1ec7a45d803ab472e7fe5c6625667289_shot_001_000,pixel_mse,full,0.01529902
22,895.903931,1ec7a45d803ab472e7fe5c6625667289_shot_001_000,ssim,mouth,0.33258936
22,895.903931,1ec7a45d803ab472e7fe5c6625667289_shot_001_000,ssim,full,0.69843465
22,895.903931,1ec7a45d803ab472e7fe5c6625667289_shot_001_000,lpips,mouth,0.44744191
22,895.903931,1ec7a45d803ab472e7fe5c6625667289_shot_001_000,lpips,full,0.30777532
22,895.903931,1ec7a45d803ab472e7fe5c6625667289_shot_001_000,sharpness,mouth,24.8761
22,895.903931,1ec7a45d803ab472e7fe5c6625667289_shot_001_000,lmd,mouth,5.225907
22,895.903931,1ec7a45d803ab472e7fe5c6625667289_shot_001_000,sync_d,mouth,9.579462
22,895.903931,1ec7a45d803ab472e7fe5c6625667289_shot_001_000,sync_c,mouth,3.378708
23,887.992493,1ec7a45d803ab472e7fe5c6625667289_shot_001_000,pixel_mse,mouth,0.0299113
23,887.992493,1ec7a45d803ab472e7fe5c6625667289_shot_001_000,pixel_mse,full,0.01539207
23,887.992493,1ec7a45d803ab472e7fe5c6625667289_shot_001_000,ssim,mouth,0.32915705
23,887.992493,1ec7a45d803ab472e7fe5c6625667289_shot_001_000,ssim,full,0.69765383
23,887.992493,1ec7a45d803ab472e7fe5c6625667289_shot_001_000,lpips,mouth,0.44345626
23,887.992493,1ec7a45d803ab472e7fe5c6625667289_shot_001_000,lpips,full,0.3070364
23,887.992493,1ec7a45d803ab472e7fe5c6625667289_shot_001_000,sharpness,mouth,26.2318
23,887.992493,1ec7a45d803ab472e7fe5c6625667289_shot_001_000,lmd,mouth,5.20983
23,887.992493,1ec7a45d803ab472e7fe5c6625667289_shot_001_000,sync_d,mouth,9.392769
23,887.992493,1ec7a45d803ab472e7fe5c6625667289_shot_001_000,sync_c,mouth,3.404173
24,879.604736,1ec7a45d803ab472e7fe5c6625667289_shot_001_000,pixel_mse,mouth,0.0296671
24,879.604736,1ec7a45d803ab472e7fe5c6625667289_shot_001_000,pixel_mse,full,0.01541392
24,879.604736,1ec7a45d803ab472e7fe5c6625667289_shot_001_000,ssim,mouth,0.33066785
24,879.604736,1ec7a45d803ab472e7fe5c6625667289_shot_001_000,ssim,full,0.69756222
24,879.604736,1ec7a45d803ab472e7fe5c6625667289_shot_001_000,lpips,mouth,0.43956831
24,879.604736,1ec7a45d803ab472e7fe5c6625667289_shot_001_000,lpips,full,0.30672756
24,879.604736,1ec7a45d803ab472e7fe5c6625667289_shot_001_000,sharpness,mouth,25.3173
24,879.604736,1ec7a45d803ab472e7fe5c6625667289_shot_001_000,lmd,mouth,5.180181
24,879.604736,1ec7a45d803ab472e7fe5c6625667289_shot_001_000,sync_d,mouth,9.414093
24,879.604736,1ec7a45d803ab472e7fe5c6625667289_shot_001_000,sync_c,mouth,3.315926
25,870.696350,1ec7a45d803ab472e7fe5c6625667289_shot_001_000,pixel_mse,mouth,0.02976271
25,870.696350,1ec7a45d803ab472e7fe5c6625667289_shot_001_000,pixel_mse,full,0.01543472
25,870.696350,1ec7a45d803ab472e7fe5c6625667289_shot_001_000,ssim,mouth,0.33233368
25,870.696350,1ec7a45d803ab472e7fe5c6625667289_shot_001_000,ssim,full,0.69813293
25,870.696350,1ec7a45d803ab472e7fe5c6625667289_shot_001_000,lpips,mouth,0.43768561
25,870.696350,1ec7a45d803ab472e7fe5c6625667289_shot_001_000,lpips,full,0.30599165
25,870.696350,1ec7a45d803ab472e7fe5c6625667289_shot_001_000,sharpness,mouth,25.3805
25,870.696350,1ec7a45d803ab472e7fe5c6625667289_shot_001_000,lmd,mouth,5.175712
25,870.696350,1ec7a45d803ab472e7fe5c6625667289_shot_001_000,sync_d,mouth,9.336416
25,870.696350,1ec7a45d803ab472e7fe5c6625667289_shot_001_000,sync_c,mouth,3.494697
26,861.217407,1ec7a45d803ab472e7fe5c6625667289_shot_001_000,pixel_mse,mouth,0.02989389
26,861.217407,1ec7a45d803ab472e7fe5c6625667289_shot_001_000,pixel_mse,full,0.01543473
26,861.217407,1ec7a45d803ab472e7fe5c6625667289_shot_001_000,ssim,mouth,0.33126348
26,861.217407,1ec7a45d803ab472e7fe5c6625667289_shot_001_000,ssim,full,0.69897115
26,861.217407,1ec7a45d803ab472e7fe5c6625667289_shot_001_000,lpips,mouth,0.43635958
26,861.217407,1ec7a45d803ab472e7fe5c6625667289_shot_001_000,lpips,full,0.30581543
26,861.217407,1ec7a45d803ab472e7fe5c6625667289_shot_001_000,sharpness,mouth,26.1716
26,861.217407,1ec7a45d803ab472e7fe5c6625667289_shot_001_000,lmd,mouth,5.231653
26,861.217407,1ec7a45d803ab472e7fe5c6625667289_shot_001_000,sync_d,mouth,9.265495
26,861.217407,1ec7a45d803ab472e7fe5c6625667289_shot_001_000,sync_c,mouth,3.552028
27,851.111145,1ec7a45d803ab472e7fe5c6625667289_shot_001_000,pixel_mse,mouth,0.03024165
27,851.111145,1ec7a45d803ab472e7fe5c6625667289_shot_001_000,pixel_mse,full,0.01547916
27,851.111145,1ec7a45d803ab472e7fe5c6625667289_shot_001_000,ssim,mouth,0.32896206
27,851.111145,1ec7a45d803ab472e7fe5c6625667289_shot_001_000,ssim,full,0.69869471
27,851.111145,1ec7a45d803ab472e7fe5c6625667289_shot_001_000,lpips,mouth,0.43267196
27,851.111145,1ec7a45d803ab472e7fe5c6625667289_shot_001_000,lpips,full,0.30544701
27,851.111145,1ec7a45d803ab472e7fe5c6625667289_shot_001_000,sharpness,mouth,26.1714
27,851.111145,1ec7a45d803ab472e7fe5c6625667289_shot_001_000,lmd,mouth,5.195629
27,851.111145,1ec7a45d803ab472e7fe5c6625667289_shot_001_000,sync_d,mouth,9.14079
27,851.111145,1ec7a45d803ab472e7fe5c6625667289_shot_001_000,sync_c,mouth,3.672463
28,840.313232,1ec7a45d803ab472e7fe5c6625667289_shot_001_000,pixel_mse,mouth,0.03056052
28,840.313232,1ec7a45d803ab472e7fe5c6625667289_shot_001_000,pixel_mse,full,0.01555846
28,840.313232,1ec7a45d803ab472e7fe5c6625667289_shot_001_000,ssim,mouth,0.32753947
28,840.313232,1ec7a45d803ab472e7fe5c6625667289_shot_001_000,ssim,full,0.69822305
28,840.313232,1ec7a45d803ab472e7fe5c6625667289_shot_001_000,lpips,mouth,0.42839611
28,840.313232,1ec7a45d803ab472e7fe5c6625667289_shot_001_000,lpips,full,0.30519307
28,840.313232,1ec7a45d803ab472e7fe5c6625667289_shot_001_000,sharpness,mouth,27.048
28,840.313232,1ec7a45d803ab472e7fe5c6625667289_shot_001_000,lmd,mouth,5.175917
28,840.313232,1ec7a45d803ab472e7fe5c6625667289_shot_001_000,sync_d,mouth,9.240114
28,840.313232,1ec7a45d803ab472e7fe5c6625667289_shot_001_000,sync_c,mouth,3.450347
29,828.750244,1ec7a45d803ab472e7fe5c6625667289_shot_001_000,pixel_mse,mouth,0.03070292
29,828.750244,1ec7a45d803ab472e7fe5c6625667289_shot_001_000,pixel_mse,full,0.01558009
29,828.750244,1ec7a45d803ab472e7fe5c6625667289_shot_001_000,ssim,mouth,0.32628465
29,828.750244,1ec7a45d803ab472e7fe5c6625667289_shot_001_000,ssim,full,0.69796962
29,828.750244,1ec7a45d803ab472e7fe5c6625667289_shot_001_000,lpips,mouth,0.42420855
29,828.750244,1ec7a45d803ab472e7fe5c6625667289_shot_001_000,lpips,full,0.30443358
29,828.750244,1ec7a45d803ab472e7fe5c6625667289_shot_001_000,sharpness,mouth,26.7961
29,828.750244,1ec7a45d803ab472e7fe5c6625667289_shot_001_000,lmd,mouth,5.187033
29,828.750244,1ec7a45d803ab472e7fe5c6625667289_shot_001_000,sync_d,mouth,9.171268
29,828.750244,1ec7a45d803ab472e7fe5c6625667289_shot_001_000,sync_c,mouth,3.637872
30,816.337830,1ec7a45d803ab472e7fe5c6625667289_shot_001_000,pixel_mse,mouth,0.03064923
30,816.337830,1ec7a45d803ab472e7fe5c6625667289_shot_001_000,pixel_mse,full,0.01557033
30,816.337830,1ec7a45d803ab472e7fe5c6625667289_shot_001_000,ssim,mouth,0.32625517
30,816.337830,1ec7a45d803ab472e7fe5c6625667289_shot_001_000,ssim,full,0.69736719
30,816.337830,1ec7a45d803ab472e7fe5c6625667289_shot_001_000,lpips,mouth,0.42226359
30,816.337830,1ec7a45d803ab472e7fe5c6625667289_shot_001_000,lpips,full,0.30391279
30,816.337830,1ec7a45d803ab472e7fe5c6625667289_shot_001_000,sharpness,mouth,27.0355
30,816.337830,1ec7a45d803ab472e7fe5c6625667289_shot_001_000,lmd,mouth,5.159416
30,816.337830,1ec7a45d803ab472e7fe5c6625667289_shot_001_000,sync_d,mouth,9.169913
30,816.337830,1ec7a45d803ab472e7fe5c6625667289_shot_001_000,sync_c,mouth,3.568387
31,802.978699,1ec7a45d803ab472e7fe5c6625667289_shot_001_000,pixel_mse,mouth,0.03100311
31,802.978699,1ec7a45d803ab472e7fe5c6625667289_shot_001_000,pixel_mse,full,0.01561131
31,802.978699,1ec7a45d803ab472e7fe5c6625667289_shot_001_000,ssim,mouth,0.32400289
31,802.978699,1ec7a45d803ab472e7fe5c6625667289_shot_001_000,ssim,full,0.69726592
31,802.978699,1ec7a45d803ab472e7fe5c6625667289_shot_001_000,lpips,mouth,0.41712353
31,802.978699,1ec7a45d803ab472e7fe5c6625667289_shot_001_000,lpips,full,0.30381259
31,802.978699,1ec7a45d803ab472e7fe5c6625667289_shot_001_000,sharpness,mouth,26.9443
31,802.978699,1ec7a45d803ab472e7fe5c6625667289_shot_001_000,lmd,mouth,5.138995
31,802.978699,1ec7a45d803ab472e7fe5c6625667289_shot_001_000,sync_d,mouth,9.314755
31,802.978699,1ec7a45d803ab472e7fe5c6625667289_shot_001_000,sync_c,mouth,3.357252
32,788.560242,1ec7a45d803ab472e7fe5c6625667289_shot_001_000,pixel_mse,mouth,0.03108347
32,788.560242,1ec7a45d803ab472e7fe5c6625667289_shot_001_000,pixel_mse,full,0.01557186
32,788.560242,1ec7a45d803ab472e7fe5c6625667289_shot_001_000,ssim,mouth,0.3230021
32,788.560242,1ec7a45d803ab472e7fe5c6625667289_shot_001_000,ssim,full,0.69799989
32,788.560242,1ec7a45d803ab472e7fe5c6625667289_shot_001_000,lpips,mouth,0.41398758
32,788.560242,1ec7a45d803ab472e7fe5c6625667289_shot_001_000,lpips,full,0.30304357
32,788.560242,1ec7a45d803ab472e7fe5c6625667289_shot_001_000,sharpness,mouth,27.4743
32,788.560242,1ec7a45d803ab472e7fe5c6625667289_shot_001_000,lmd,mouth,5.161552
32,788.560242,1ec7a45d803ab472e7fe5c6625667289_shot_001_000,sync_d,mouth,9.390874
32,788.560242,1ec7a45d803ab472e7fe5c6625667289_shot_001_000,sync_c,mouth,3.326325
33,772.951477,1ec7a45d803ab472e7fe5c6625667289_shot_001_000,pixel_mse,mouth,0.03145322
33,772.951477,1ec7a45d803ab472e7fe5c6625667289_shot_001_000,pixel_mse,full,0.01561387
33,772.951477,1ec7a45d803ab472e7fe5c6625667289_shot_001_000,ssim,mouth,0.32017672
33,772.951477,1ec7a45d803ab472e7fe5c6625667289_shot_001_000,ssim,full,0.69756114
33,772.951477,1ec7a45d803ab472e7fe5c6625667289_shot_001_000,lpips,mouth,0.4139621
33,772.951477,1ec7a45d803ab472e7fe5c6625667289_shot_001_000,lpips,full,0.30277517
33,772.951477,1ec7a45d803ab472e7fe5c6625667289_shot_001_000,sharpness,mouth,27.0204
33,772.951477,1ec7a45d803ab472e7fe5c6625667289_shot_001_000,lmd,mouth,5.170311
33,772.951477,1ec7a45d803ab472e7fe5c6625667289_shot_001_000,sync_d,mouth,9.462655
33,772.951477,1ec7a45d803ab472e7fe5c6625667289_shot_001_000,sync_c,mouth,3.273052
34,755.998352,1ec7a45d803ab472e7fe5c6625667289_shot_001_000,pixel_mse,mouth,0.03154522
34,755.998352,1ec7a45d803ab472e7fe5c6625667289_shot_001_000,pixel_mse,full,0.01564371
34,755.998352,1ec7a45d803ab472e7fe5c6625667289_shot_001_000,ssim,mouth,0.31885052
34,755.998352,1ec7a45d803ab472e7fe5c6625667289_shot_001_000,ssim,full,0.69754452
34,755.998352,1ec7a45d803ab472e7fe5c6625667289_shot_001_000,lpips,mouth,0.41427854
34,755.998352,1ec7a45d803ab472e7fe5c6625667289_shot_001_000,lpips,full,0.30281657
34,755.998352,1ec7a45d803ab472e7fe5c6625667289_shot_001_000,sharpness,mouth,26.3616
34,755.998352,1ec7a45d803ab472e7fe5c6625667289_shot_001_000,lmd,mouth,5.110639
34,755.998352,1ec7a45d803ab472e7fe5c6625667289_shot_001_000,sync_d,mouth,9.4701
34,755.998352,1ec7a45d803ab472e7fe5c6625667289_shot_001_000,sync_c,mouth,3.193692
35,737.519714,1ec7a45d803ab472e7fe5c6625667289_shot_001_000,pixel_mse,mouth,0.03133196
35,737.519714,1ec7a45d803ab472e7fe5c6625667289_shot_001_000,pixel_mse,full,0.01569959
35,737.519714,1ec7a45d803ab472e7fe5c6625667289_shot_001_000,ssim,mouth,0.32103106
35,737.519714,1ec7a45d803ab472e7fe5c6625667289_shot_001_000,ssim,full,0.69785368
35,737.519714,1ec7a45d803ab472e7fe5c6625667289_shot_001_000,lpips,mouth,0.41163787
35,737.519714,1ec7a45d803ab472e7fe5c6625667289_shot_001_000,lpips,full,0.30326411
35,737.519714,1ec7a45d803ab472e7fe5c6625667289_shot_001_000,sharpness,mouth,26.1753
35,737.519714,1ec7a45d803ab472e7fe5c6625667289_shot_001_000,lmd,mouth,5.135766
35,737.519714,1ec7a45d803ab472e7fe5c6625667289_shot_001_000,sync_d,mouth,9.422432
35,737.519714,1ec7a45d803ab472e7fe5c6625667289_shot_001_000,sync_c,mouth,3.150992
36,717.299683,1ec7a45d803ab472e7fe5c6625667289_shot_001_000,pixel_mse,mouth,0.03155898
36,717.299683,1ec7a45d803ab472e7fe5c6625667289_shot_001_000,pixel_mse,full,0.01573666
36,717.299683,1ec7a45d803ab472e7fe5c6625667289_shot_001_000,ssim,mouth,0.32035002
36,717.299683,1ec7a45d803ab472e7fe5c6625667289_shot_001_000,ssim,full,0.69779754
36,717.299683,1ec7a45d803ab472e7fe5c6625667289_shot_001_000,lpips,mouth,0.4125627
36,717.299683,1ec7a45d803ab472e7fe5c6625667289_shot_001_000,lpips,full,0.30309379
36,717.299683,1ec7a45d803ab472e7fe5c6625667289_shot_001_000,sharpness,mouth,26.2211
36,717.299683,1ec7a45d803ab472e7fe5c6625667289_shot_001_000,lmd,mouth,5.161694
36,717.299683,1ec7a45d803ab472e7fe5c6625667289_shot_001_000,sync_d,mouth,9.284569
36,717.299683,1ec7a45d803ab472e7fe5c6625667289_shot_001_000,sync_c,mouth,3.442976
37,695.080139,1ec7a45d803ab472e7fe5c6625667289_shot_001_000,pixel_mse,mouth,0.03161549
37,695.080139,1ec7a45d803ab472e7fe5c6625667289_shot_001_000,pixel_mse,full,0.01575632
37,695.080139,1ec7a45d803ab472e7fe5c6625667289_shot_001_000,ssim,mouth,0.3197957
37,695.080139,1ec7a45d803ab472e7fe5c6625667289_shot_001_000,ssim,full,0.69762182
37,695.080139,1ec7a45d803ab472e7fe5c6625667289_shot_001_000,lpips,mouth,0.41061604
37,695.080139,1ec7a45d803ab472e7fe5c6625667289_shot_001_000,lpips,full,0.30244553
37,695.080139,1ec7a45d803ab472e7fe5c6625667289_shot_001_000,sharpness,mouth,26.7054
37,695.080139,1ec7a45d803ab472e7fe5c6625667289_shot_001_000,lmd,mouth,5.116991
37,695.080139,1ec7a45d803ab472e7fe5c6625667289_shot_001_000,sync_d,mouth,9.250645
37,695.080139,1ec7a45d803ab472e7fe5c6625667289_shot_001_000,sync_c,mouth,3.537569
38,670.548828,1ec7a45d803ab472e7fe5c6625667289_shot_001_000,pixel_mse,mouth,0.031642
38,670.548828,1ec7a45d803ab472e7fe5c6625667289_shot_001_000,pixel_mse,full,0.01578296
38,670.548828,1ec7a45d803ab472e7fe5c6625667289_shot_001_000,ssim,mouth,0.31899792
38,670.548828,1ec7a45d803ab472e7fe5c6625667289_shot_001_000,ssim,full,0.69761872
38,670.548828,1ec7a45d803ab472e7fe5c6625667289_shot_001_000,lpips,mouth,0.41182715
38,670.548828,1ec7a45d803ab472e7fe5c6625667289_shot_001_000,lpips,full,0.3023518
38,670.548828,1ec7a45d803ab472e7fe5c6625667289_shot_001_000,sharpness,mouth,26.5083
38,670.548828,1ec7a45d803ab472e7fe5c6625667289_shot_001_000,lmd,mouth,5.169026
38,670.548828,1ec7a45d803ab472e7fe5c6625667289_shot_001_000,sync_d,mouth,9.120133
38,670.548828,1ec7a45d803ab472e7fe5c6625667289_shot_001_000,sync_c,mouth,3.617126
39,643.325317,1ec7a45d803ab472e7fe5c6625667289_shot_001_000,pixel_mse,mouth,0.03168833
39,643.325317,1ec7a45d803ab472e7fe5c6625667289_shot_001_000,pixel_mse,full,0.01578397
39,643.325317,1ec7a45d803ab472e7fe5c6625667289_shot_001_000,ssim,mouth,0.31947714
39,643.325317,1ec7a45d803ab472e7fe5c6625667289_shot_001_000,ssim,full,0.69794655
39,643.325317,1ec7a45d803ab472e7fe5c6625667289_shot_001_000,lpips,mouth,0.41238046
39,643.325317,1ec7a45d803ab472e7fe5c6625667289_shot_001_000,lpips,full,0.30200863
39,643.325317,1ec7a45d803ab472e7fe5c6625667289_shot_001_000,sharpness,mouth,25.8263
39,643.325317,1ec7a45d803ab472e7fe5c6625667289_shot_001_000,lmd,mouth,5.188845
39,643.325317,1ec7a45d803ab472e7fe5c6625667289_shot_001_000,sync_d,mouth,9.214252
39,643.325317,1ec7a45d803ab472e7fe5c6625667289_shot_001_000,sync_c,mouth,3.509797
40,612.940735,1ec7a45d803ab472e7fe5c6625667289_shot_001_000,pixel_mse,mouth,0.03158061
40,612.940735,1ec7a45d803ab472e7fe5c6625667289_shot_001_000,pixel_mse,full,0.01578985
40,612.940735,1ec7a45d803ab472e7fe5c6625667289_shot_001_000,ssim,mouth,0.32048211
40,612.940735,1ec7a45d803ab472e7fe5c6625667289_shot_001_000,ssim,full,0.697519
40,612.940735,1ec7a45d803ab472e7fe5c6625667289_shot_001_000,lpips,mouth,0.41159302
40,612.940735,1ec7a45d803ab472e7fe5c6625667289_shot_001_000,lpips,full,0.30213508
40,612.940735,1ec7a45d803ab472e7fe5c6625667289_shot_001_000,sharpness,mouth,25.9906
40,612.940735,1ec7a45d803ab472e7fe5c6625667289_shot_001_000,lmd,mouth,5.208496
40,612.940735,1ec7a45d803ab472e7fe5c6625667289_shot_001_000,sync_d,mouth,9.343034
40,612.940735,1ec7a45d803ab472e7fe5c6625667289_shot_001_000,sync_c,mouth,3.308869
41,578.810425,1ec7a45d803ab472e7fe5c6625667289_shot_001_000,pixel_mse,mouth,0.03169158
41,578.810425,1ec7a45d803ab472e7fe5c6625667289_shot_001_000,pixel_mse,full,0.01579526
41,578.810425,1ec7a45d803ab472e7fe5c6625667289_shot_001_000,ssim,mouth,0.31981412
41,578.810425,1ec7a45d803ab472e7fe5c6625667289_shot_001_000,ssim,full,0.6976819
41,578.810425,1ec7a45d803ab472e7fe5c6625667289_shot_001_000,lpips,mouth,0.41073591
41,578.810425,1ec7a45d803ab472e7fe5c6625667289_shot_001_000,lpips,full,0.30170941
41,578.810425,1ec7a45d803ab472e7fe5c6625667289_shot_001_000,sharpness,mouth,26.2337
41,578.810425,1ec7a45d803ab472e7fe5c6625667289_shot_001_000,lmd,mouth,5.25463
41,578.810425,1ec7a45d803ab472e7fe5c6625667289_shot_001_000,sync_d,mouth,9.362669
41,578.810425,1ec7a45d803ab472e7fe5c6625667289_shot_001_000,sync_c,mouth,3.210213
42,540.196350,1ec7a45d803ab472e7fe5c6625667289_shot_001_000,pixel_mse,mouth,0.03160977
42,540.196350,1ec7a45d803ab472e7fe5c6625667289_shot_001_000,pixel_mse,full,0.01577823
42,540.196350,1ec7a45d803ab472e7fe5c6625667289_shot_001_000,ssim,mouth,0.31987652
42,540.196350,1ec7a45d803ab472e7fe5c6625667289_shot_001_000,ssim,full,0.69787508
42,540.196350,1ec7a45d803ab472e7fe5c6625667289_shot_001_000,lpips,mouth,0.409655
42,540.196350,1ec7a45d803ab472e7fe5c6625667289_shot_001_000,lpips,full,0.30143037
42,540.196350,1ec7a45d803ab472e7fe5c6625667289_shot_001_000,sharpness,mouth,26.4724
42,540.196350,1ec7a45d803ab472e7fe5c6625667289_shot_001_000,lmd,mouth,5.238864
42,540.196350,1ec7a45d803ab472e7fe5c6625667289_shot_001_000,sync_d,mouth,9.332039
42,540.196350,1ec7a45d803ab472e7fe5c6625667289_shot_001_000,sync_c,mouth,3.298552
43,496.152893,1ec7a45d803ab472e7fe5c6625667289_shot_001_000,pixel_mse,mouth,0.03158371
43,496.152893,1ec7a45d803ab472e7fe5c6625667289_shot_001_000,pixel_mse,full,0.01581164
43,496.152893,1ec7a45d803ab472e7fe5c6625667289_shot_001_000,ssim,mouth,0.32014194
43,496.152893,1ec7a45d803ab472e7fe5c6625667289_shot_001_000,ssim,full,0.69792902
43,496.152893,1ec7a45d803ab472e7fe5c6625667289_shot_001_000,lpips,mouth,0.40913358
43,496.152893,1ec7a45d803ab472e7fe5c6625667289_shot_001_000,lpips,full,0.30082655
43,496.152893,1ec7a45d803ab472e7fe5c6625667289_shot_001_000,sharpness,mouth,26.8802
43,496.152893,1ec7a45d803ab472e7fe5c6625667289_shot_001_000,lmd,mouth,5.269663
43,496.152893,1ec7a45d803ab472e7fe5c6625667289_shot_001_000,sync_d,mouth,9.344427
43,496.152893,1ec7a45d803ab472e7fe5c6625667289_shot_001_000,sync_c,mouth,3.343266
44,445.448151,1ec7a45d803ab472e7fe5c6625667289_shot_001_000,pixel_mse,mouth,0.03160232
44,445.448151,1ec7a45d803ab472e7fe5c6625667289_shot_001_000,pixel_mse,full,0.01582575
44,445.448151,1ec7a45d803ab472e7fe5c6625667289_shot_001_000,ssim,mouth,0.31960306
44,445.448151,1ec7a45d803ab472e7fe5c6625667289_shot_001_000,ssim,full,0.69806349
44,445.448151,1ec7a45d803ab472e7fe5c6625667289_shot_001_000,lpips,mouth,0.40906397
44,445.448151,1ec7a45d803ab472e7fe5c6625667289_shot_001_000,lpips,full,0.30050403
44,445.448151,1ec7a45d803ab472e7fe5c6625667289_shot_001_000,sharpness,mouth,26.8967
44,445.448151,1ec7a45d803ab472e7fe5c6625667289_shot_001_000,lmd,mouth,5.21819
44,445.448151,1ec7a45d803ab472e7fe5c6625667289_shot_001_000,sync_d,mouth,9.469519
44,445.448151,1ec7a45d803ab472e7fe5c6625667289_shot_001_000,sync_c,mouth,3.192061
45,386.447418,1ec7a45d803ab472e7fe5c6625667289_shot_001_000,pixel_mse,mouth,0.03154395
45,386.447418,1ec7a45d803ab472e7fe5c6625667289_shot_001_000,pixel_mse,full,0.01583957
45,386.447418,1ec7a45d803ab472e7fe5c6625667289_shot_001_000,ssim,mouth,0.32084709
45,386.447418,1ec7a45d803ab472e7fe5c6625667289_shot_001_000,ssim,full,0.69819248
45,386.447418,1ec7a45d803ab472e7fe5c6625667289_shot_001_000,lpips,mouth,0.4072299
45,386.447418,1ec7a45d803ab472e7fe5c6625667289_shot_001_000,lpips,full,0.30042261
45,386.447418,1ec7a45d803ab472e7fe5c6625667289_shot_001_000,sharpness,mouth,27.4914
45,386.447418,1ec7a45d803ab472e7fe5c6625667289_shot_001_000,lmd,mouth,5.251291
45,386.447418,1ec7a45d803ab472e7fe5c6625667289_shot_001_000,sync_d,mouth,9.480161
45,386.447418,1ec7a45d803ab472e7fe5c6625667289_shot_001_000,sync_c,mouth,3.213062
46,316.933258,1ec7a45d803ab472e7fe5c6625667289_shot_001_000,pixel_mse,mouth,0.0314562
46,316.933258,1ec7a45d803ab472e7fe5c6625667289_shot_001_000,pixel_mse,full,0.01584674
46,316.933258,1ec7a45d803ab472e7fe5c6625667289_shot_001_000,ssim,mouth,0.32073385
46,316.933258,1ec7a45d803ab472e7fe5c6625667289_shot_001_000,ssim,full,0.69823676
46,316.933258,1ec7a45d803ab472e7fe5c6625667289_shot_001_000,lpips,mouth,0.40638515
46,316.933258,1ec7a45d803ab472e7fe5c6625667289_shot_001_000,lpips,full,0.29966486
46,316.933258,1ec7a45d803ab472e7fe5c6625667289_shot_001_000,sharpness,mouth,27.3424
46,316.933258,1ec7a45d803ab472e7fe5c6625667289_shot_001_000,lmd,mouth,5.226766
46,316.933258,1ec7a45d803ab472e7fe5c6625667289_shot_001_000,sync_d,mouth,9.428224
46,316.933258,1ec7a45d803ab472e7fe5c6625667289_shot_001_000,sync_c,mouth,3.232576
47,233.820694,1ec7a45d803ab472e7fe5c6625667289_shot_001_000,pixel_mse,mouth,0.03145672
47,233.820694,1ec7a45d803ab472e7fe5c6625667289_shot_001_000,pixel_mse,full,0.01584899
47,233.820694,1ec7a45d803ab472e7fe5c6625667289_shot_001_000,ssim,mouth,0.32106155
47,233.820694,1ec7a45d803ab472e7fe5c6625667289_shot_001_000,ssim,full,0.69826418
47,233.820694,1ec7a45d803ab472e7fe5c6625667289_shot_001_000,lpips,mouth,0.40405053
47,233.820694,1ec7a45d803ab472e7fe5c6625667289_shot_001_000,lpips,full,0.29890552
47,233.820694,1ec7a45d803ab472e7fe5c6625667289_shot_001_000,sharpness,mouth,27.5326
47,233.820694,1ec7a45d803ab472e7fe5c6625667289_shot_001_000,lmd,mouth,5.209724
47,233.820694,1ec7a45d803ab472e7fe5c6625667289_shot_001_000,sync_d,mouth,9.533587
47,233.820694,1ec7a45d803ab472e7fe5c6625667289_shot_001_000,sync_c,mouth,3.085096
48,132.687027,1ec7a45d803ab472e7fe5c6625667289_shot_001_000,pixel_mse,mouth,0.03143066
48,132.687027,1ec7a45d803ab472e7fe5c6625667289_shot_001_000,pixel_mse,full,0.01584926
48,132.687027,1ec7a45d803ab472e7fe5c6625667289_shot_001_000,ssim,mouth,0.32120258
48,132.687027,1ec7a45d803ab472e7fe5c6625667289_shot_001_000,ssim,full,0.69856906
48,132.687027,1ec7a45d803ab472e7fe5c6625667289_shot_001_000,lpips,mouth,0.40272057
48,132.687027,1ec7a45d803ab472e7fe5c6625667289_shot_001_000,lpips,full,0.29810944
48,132.687027,1ec7a45d803ab472e7fe5c6625667289_shot_001_000,sharpness,mouth,27.5559
48,132.687027,1ec7a45d803ab472e7fe5c6625667289_shot_001_000,lmd,mouth,5.214384
48,132.687027,1ec7a45d803ab472e7fe5c6625667289_shot_001_000,sync_d,mouth,9.318934
48,132.687027,1ec7a45d803ab472e7fe5c6625667289_shot_001_000,sync_c,mouth,3.282292
49,6.958251,1ec7a45d803ab472e7fe5c6625667289_shot_001_000,pixel_mse,mouth,0.0314352
49,6.958251,1ec7a45d803ab472e7fe5c6625667289_shot_001_000,pixel_mse,full,0.01585174
49,6.958251,1ec7a45d803ab472e7fe5c6625667289_shot_001_000,ssim,mouth,0.32146895
49,6.958251,1ec7a45d803ab472e7fe5c6625667289_shot_001_000,ssim,full,0.69961536
49,6.958251,1ec7a45d803ab472e7fe5c6625667289_shot_001_000,lpips,mouth,0.40202868
49,6.958251,1ec7a45d803ab472e7fe5c6625667289_shot_001_000,lpips,full,0.29746416
49,6.958251,1ec7a45d803ab472e7fe5c6625667289_shot_001_000,sharpness,mouth,27.5734
49,6.958251,1ec7a45d803ab472e7fe5c6625667289_shot_001_000,lmd,mouth,5.240884
49,6.958251,1ec7a45d803ab472e7fe5c6625667289_shot_001_000,sync_d,mouth,9.606503
49,6.958251,1ec7a45d803ab472e7fe5c6625667289_shot_001_000,sync_c,mouth,2.992709
-1,gt,a6927ea4c0223aa08b320e86987e4c89_shot_001_001,sharpness,mouth,28.1485
-1,gt,a6927ea4c0223aa08b320e86987e4c89_shot_001_001,sync_d,mouth,5.773353
-1,gt,a6927ea4c0223aa08b320e86987e4c89_shot_001_001,sync_c,mouth,8.296562
0,1000.000000,a6927ea4c0223aa08b320e86987e4c89_shot_001_001,pixel_mse,mouth,0.02221871
0,1000.000000,a6927ea4c0223aa08b320e86987e4c89_shot_001_001,pixel_mse,full,0.02390184
0,1000.000000,a6927ea4c0223aa08b320e86987e4c89_shot_001_001,ssim,mouth,0.57941562
0,1000.000000,a6927ea4c0223aa08b320e86987e4c89_shot_001_001,ssim,full,0.75109679
0,1000.000000,a6927ea4c0223aa08b320e86987e4c89_shot_001_001,lpips,mouth,0.53575265
0,1000.000000,a6927ea4c0223aa08b320e86987e4c89_shot_001_001,lpips,full,0.3552129
0,1000.000000,a6927ea4c0223aa08b320e86987e4c89_shot_001_001,sharpness,mouth,15.8094
0,1000.000000,a6927ea4c0223aa08b320e86987e4c89_shot_001_001,lmd,mouth,6.766282
0,1000.000000,a6927ea4c0223aa08b320e86987e4c89_shot_001_001,sync_d,mouth,11.903506
0,1000.000000,a6927ea4c0223aa08b320e86987e4c89_shot_001_001,sync_c,mouth,1.31104
1,997.035706,a6927ea4c0223aa08b320e86987e4c89_shot_001_001,pixel_mse,mouth,0.02641675
1,997.035706,a6927ea4c0223aa08b320e86987e4c89_shot_001_001,pixel_mse,full,0.02613
1,997.035706,a6927ea4c0223aa08b320e86987e4c89_shot_001_001,ssim,mouth,0.55940634
1,997.035706,a6927ea4c0223aa08b320e86987e4c89_shot_001_001,ssim,full,0.74601424
1,997.035706,a6927ea4c0223aa08b320e86987e4c89_shot_001_001,lpips,mouth,0.50849676
1,997.035706,a6927ea4c0223aa08b320e86987e4c89_shot_001_001,lpips,full,0.36165133
1,997.035706,a6927ea4c0223aa08b320e86987e4c89_shot_001_001,sharpness,mouth,14.7661
1,997.035706,a6927ea4c0223aa08b320e86987e4c89_shot_001_001,lmd,mouth,5.720136
1,997.035706,a6927ea4c0223aa08b320e86987e4c89_shot_001_001,sync_d,mouth,12.300584
1,997.035706,a6927ea4c0223aa08b320e86987e4c89_shot_001_001,sync_c,mouth,0.884908
2,993.963867,a6927ea4c0223aa08b320e86987e4c89_shot_001_001,pixel_mse,mouth,0.02499289
2,993.963867,a6927ea4c0223aa08b320e86987e4c89_shot_001_001,pixel_mse,full,0.02136524
2,993.963867,a6927ea4c0223aa08b320e86987e4c89_shot_001_001,ssim,mouth,0.55231255
2,993.963867,a6927ea4c0223aa08b320e86987e4c89_shot_001_001,ssim,full,0.75604236
2,993.963867,a6927ea4c0223aa08b320e86987e4c89_shot_001_001,lpips,mouth,0.53835154
2,993.963867,a6927ea4c0223aa08b320e86987e4c89_shot_001_001,lpips,full,0.37111771
2,993.963867,a6927ea4c0223aa08b320e86987e4c89_shot_001_001,sharpness,mouth,21.9732
2,993.963867,a6927ea4c0223aa08b320e86987e4c89_shot_001_001,lmd,mouth,6.098655
2,993.963867,a6927ea4c0223aa08b320e86987e4c89_shot_001_001,sync_d,mouth,11.366322
2,993.963867,a6927ea4c0223aa08b320e86987e4c89_shot_001_001,sync_c,mouth,1.199819
3,990.779053,a6927ea4c0223aa08b320e86987e4c89_shot_001_001,pixel_mse,mouth,0.024638
3,990.779053,a6927ea4c0223aa08b320e86987e4c89_shot_001_001,pixel_mse,full,0.02127408
3,990.779053,a6927ea4c0223aa08b320e86987e4c89_shot_001_001,ssim,mouth,0.5664795
3,990.779053,a6927ea4c0223aa08b320e86987e4c89_shot_001_001,ssim,full,0.75983202
3,990.779053,a6927ea4c0223aa08b320e86987e4c89_shot_001_001,lpips,mouth,0.5157342
3,990.779053,a6927ea4c0223aa08b320e86987e4c89_shot_001_001,lpips,full,0.36935377
3,990.779053,a6927ea4c0223aa08b320e86987e4c89_shot_001_001,sharpness,mouth,18.4841
3,990.779053,a6927ea4c0223aa08b320e86987e4c89_shot_001_001,lmd,mouth,5.757874
3,990.779053,a6927ea4c0223aa08b320e86987e4c89_shot_001_001,sync_d,mouth,10.863477
3,990.779053,a6927ea4c0223aa08b320e86987e4c89_shot_001_001,sync_c,mouth,2.059216
4,987.474243,a6927ea4c0223aa08b320e86987e4c89_shot_001_001,pixel_mse,mouth,0.02442204
4,987.474243,a6927ea4c0223aa08b320e86987e4c89_shot_001_001,pixel_mse,full,0.02217363
4,987.474243,a6927ea4c0223aa08b320e86987e4c89_shot_001_001,ssim,mouth,0.55892384
4,987.474243,a6927ea4c0223aa08b320e86987e4c89_shot_001_001,ssim,full,0.75804555
4,987.474243,a6927ea4c0223aa08b320e86987e4c89_shot_001_001,lpips,mouth,0.50277907
4,987.474243,a6927ea4c0223aa08b320e86987e4c89_shot_001_001,lpips,full,0.35193524
4,987.474243,a6927ea4c0223aa08b320e86987e4c89_shot_001_001,sharpness,mouth,21.4638
4,987.474243,a6927ea4c0223aa08b320e86987e4c89_shot_001_001,lmd,mouth,4.48048
4,987.474243,a6927ea4c0223aa08b320e86987e4c89_shot_001_001,sync_d,mouth,8.009966
4,987.474243,a6927ea4c0223aa08b320e86987e4c89_shot_001_001,sync_c,mouth,4.963999
5,984.043091,a6927ea4c0223aa08b320e86987e4c89_shot_001_001,pixel_mse,mouth,0.02362921
5,984.043091,a6927ea4c0223aa08b320e86987e4c89_shot_001_001,pixel_mse,full,0.02251143
5,984.043091,a6927ea4c0223aa08b320e86987e4c89_shot_001_001,ssim,mouth,0.56388944
5,984.043091,a6927ea4c0223aa08b320e86987e4c89_shot_001_001,ssim,full,0.75733465
5,984.043091,a6927ea4c0223aa08b320e86987e4c89_shot_001_001,lpips,mouth,0.48180291
5,984.043091,a6927ea4c0223aa08b320e86987e4c89_shot_001_001,lpips,full,0.33427802
5,984.043091,a6927ea4c0223aa08b320e86987e4c89_shot_001_001,sharpness,mouth,20.8803
5,984.043091,a6927ea4c0223aa08b320e86987e4c89_shot_001_001,lmd,mouth,4.601334
5,984.043091,a6927ea4c0223aa08b320e86987e4c89_shot_001_001,sync_d,mouth,8.126067
5,984.043091,a6927ea4c0223aa08b320e86987e4c89_shot_001_001,sync_c,mouth,5.583571
6,980.477844,a6927ea4c0223aa08b320e86987e4c89_shot_001_001,pixel_mse,mouth,0.02545584
6,980.477844,a6927ea4c0223aa08b320e86987e4c89_shot_001_001,pixel_mse,full,0.02347178
6,980.477844,a6927ea4c0223aa08b320e86987e4c89_shot_001_001,ssim,mouth,0.55973434
6,980.477844,a6927ea4c0223aa08b320e86987e4c89_shot_001_001,ssim,full,0.75220042
6,980.477844,a6927ea4c0223aa08b320e86987e4c89_shot_001_001,lpips,mouth,0.4581233
6,980.477844,a6927ea4c0223aa08b320e86987e4c89_shot_001_001,lpips,full,0.32771015
6,980.477844,a6927ea4c0223aa08b320e86987e4c89_shot_001_001,sharpness,mouth,18.4694
6,980.477844,a6927ea4c0223aa08b320e86987e4c89_shot_001_001,lmd,mouth,3.937387
6,980.477844,a6927ea4c0223aa08b320e86987e4c89_shot_001_001,sync_d,mouth,7.569191
6,980.477844,a6927ea4c0223aa08b320e86987e4c89_shot_001_001,sync_c,mouth,6.190914
7,976.770691,a6927ea4c0223aa08b320e86987e4c89_shot_001_001,pixel_mse,mouth,0.02452374
7,976.770691,a6927ea4c0223aa08b320e86987e4c89_shot_001_001,pixel_mse,full,0.02365621
7,976.770691,a6927ea4c0223aa08b320e86987e4c89_shot_001_001,ssim,mouth,0.55924368
7,976.770691,a6927ea4c0223aa08b320e86987e4c89_shot_001_001,ssim,full,0.75218862
7,976.770691,a6927ea4c0223aa08b320e86987e4c89_shot_001_001,lpips,mouth,0.46256289
7,976.770691,a6927ea4c0223aa08b320e86987e4c89_shot_001_001,lpips,full,0.32222965
7,976.770691,a6927ea4c0223aa08b320e86987e4c89_shot_001_001,sharpness,mouth,18.1882
7,976.770691,a6927ea4c0223aa08b320e86987e4c89_shot_001_001,lmd,mouth,3.410888
7,976.770691,a6927ea4c0223aa08b320e86987e4c89_shot_001_001,sync_d,mouth,6.967162
7,976.770691,a6927ea4c0223aa08b320e86987e4c89_shot_001_001,sync_c,mouth,6.746632
8,972.912842,a6927ea4c0223aa08b320e86987e4c89_shot_001_001,pixel_mse,mouth,0.02558729
8,972.912842,a6927ea4c0223aa08b320e86987e4c89_shot_001_001,pixel_mse,full,0.0243859
8,972.912842,a6927ea4c0223aa08b320e86987e4c89_shot_001_001,ssim,mouth,0.54165292
8,972.912842,a6927ea4c0223aa08b320e86987e4c89_shot_001_001,ssim,full,0.74854171
8,972.912842,a6927ea4c0223aa08b320e86987e4c89_shot_001_001,lpips,mouth,0.4457967
8,972.912842,a6927ea4c0223aa08b320e86987e4c89_shot_001_001,lpips,full,0.30995199
8,972.912842,a6927ea4c0223aa08b320e86987e4c89_shot_001_001,sharpness,mouth,18.2824
8,972.912842,a6927ea4c0223aa08b320e86987e4c89_shot_001_001,lmd,mouth,3.555469
8,972.912842,a6927ea4c0223aa08b320e86987e4c89_shot_001_001,sync_d,mouth,7.016366
8,972.912842,a6927ea4c0223aa08b320e86987e4c89_shot_001_001,sync_c,mouth,6.89824
9,968.895081,a6927ea4c0223aa08b320e86987e4c89_shot_001_001,pixel_mse,mouth,0.02585635
9,968.895081,a6927ea4c0223aa08b320e86987e4c89_shot_001_001,pixel_mse,full,0.0250861
9,968.895081,a6927ea4c0223aa08b320e86987e4c89_shot_001_001,ssim,mouth,0.53229594
9,968.895081,a6927ea4c0223aa08b320e86987e4c89_shot_001_001,ssim,full,0.74529094
9,968.895081,a6927ea4c0223aa08b320e86987e4c89_shot_001_001,lpips,mouth,0.43021759
9,968.895081,a6927ea4c0223aa08b320e86987e4c89_shot_001_001,lpips,full,0.30518648
9,968.895081,a6927ea4c0223aa08b320e86987e4c89_shot_001_001,sharpness,mouth,16.8025
9,968.895081,a6927ea4c0223aa08b320e86987e4c89_shot_001_001,lmd,mouth,3.523147
9,968.895081,a6927ea4c0223aa08b320e86987e4c89_shot_001_001,sync_d,mouth,6.907411
9,968.895081,a6927ea4c0223aa08b320e86987e4c89_shot_001_001,sync_c,mouth,7.118624
10,964.707153,a6927ea4c0223aa08b320e86987e4c89_shot_001_001,pixel_mse,mouth,0.02644964
10,964.707153,a6927ea4c0223aa08b320e86987e4c89_shot_001_001,pixel_mse,full,0.02537715
10,964.707153,a6927ea4c0223aa08b320e86987e4c89_shot_001_001,ssim,mouth,0.53071737
10,964.707153,a6927ea4c0223aa08b320e86987e4c89_shot_001_001,ssim,full,0.74405926
10,964.707153,a6927ea4c0223aa08b320e86987e4c89_shot_001_001,lpips,mouth,0.42324644
10,964.707153,a6927ea4c0223aa08b320e86987e4c89_shot_001_001,lpips,full,0.29850617
10,964.707153,a6927ea4c0223aa08b320e86987e4c89_shot_001_001,sharpness,mouth,18.0852
10,964.707153,a6927ea4c0223aa08b320e86987e4c89_shot_001_001,lmd,mouth,3.517778
10,964.707153,a6927ea4c0223aa08b320e86987e4c89_shot_001_001,sync_d,mouth,6.809492
10,964.707153,a6927ea4c0223aa08b320e86987e4c89_shot_001_001,sync_c,mouth,7.053493
11,960.337952,a6927ea4c0223aa08b320e86987e4c89_shot_001_001,pixel_mse,mouth,0.02627233
11,960.337952,a6927ea4c0223aa08b320e86987e4c89_shot_001_001,pixel_mse,full,0.02561284
11,960.337952,a6927ea4c0223aa08b320e86987e4c89_shot_001_001,ssim,mouth,0.52761972
11,960.337952,a6927ea4c0223aa08b320e86987e4c89_shot_001_001,ssim,full,0.74132842
11,960.337952,a6927ea4c0223aa08b320e86987e4c89_shot_001_001,lpips,mouth,0.40929106
11,960.337952,a6927ea4c0223aa08b320e86987e4c89_shot_001_001,lpips,full,0.29447919
11,960.337952,a6927ea4c0223aa08b320e86987e4c89_shot_001_001,sharpness,mouth,18.8279
11,960.337952,a6927ea4c0223aa08b320e86987e4c89_shot_001_001,lmd,mouth,3.51993
11,960.337952,a6927ea4c0223aa08b320e86987e4c89_shot_001_001,sync_d,mouth,6.88272
11,960.337952,a6927ea4c0223aa08b320e86987e4c89_shot_001_001,sync_c,mouth,7.093829
12,955.775635,a6927ea4c0223aa08b320e86987e4c89_shot_001_001,pixel_mse,mouth,0.02703947
12,955.775635,a6927ea4c0223aa08b320e86987e4c89_shot_001_001,pixel_mse,full,0.02617422
12,955.775635,a6927ea4c0223aa08b320e86987e4c89_shot_001_001,ssim,mouth,0.51859289
12,955.775635,a6927ea4c0223aa08b320e86987e4c89_shot_001_001,ssim,full,0.73801816
12,955.775635,a6927ea4c0223aa08b320e86987e4c89_shot_001_001,lpips,mouth,0.39757669
12,955.775635,a6927ea4c0223aa08b320e86987e4c89_shot_001_001,lpips,full,0.29053479
12,955.775635,a6927ea4c0223aa08b320e86987e4c89_shot_001_001,sharpness,mouth,19.4616
12,955.775635,a6927ea4c0223aa08b320e86987e4c89_shot_001_001,lmd,mouth,3.657017
12,955.775635,a6927ea4c0223aa08b320e86987e4c89_shot_001_001,sync_d,mouth,6.745231
12,955.775635,a6927ea4c0223aa08b320e86987e4c89_shot_001_001,sync_c,mouth,7.234081
13,951.006897,a6927ea4c0223aa08b320e86987e4c89_shot_001_001,pixel_mse,mouth,0.02757284
13,951.006897,a6927ea4c0223aa08b320e86987e4c89_shot_001_001,pixel_mse,full,0.02654392
13,951.006897,a6927ea4c0223aa08b320e86987e4c89_shot_001_001,ssim,mouth,0.50698459
13,951.006897,a6927ea4c0223aa08b320e86987e4c89_shot_001_001,ssim,full,0.73583901
13,951.006897,a6927ea4c0223aa08b320e86987e4c89_shot_001_001,lpips,mouth,0.39052385
13,951.006897,a6927ea4c0223aa08b320e86987e4c89_shot_001_001,lpips,full,0.28885636
13,951.006897,a6927ea4c0223aa08b320e86987e4c89_shot_001_001,sharpness,mouth,20.527
13,951.006897,a6927ea4c0223aa08b320e86987e4c89_shot_001_001,lmd,mouth,3.746881
13,951.006897,a6927ea4c0223aa08b320e86987e4c89_shot_001_001,sync_d,mouth,6.247643
13,951.006897,a6927ea4c0223aa08b320e86987e4c89_shot_001_001,sync_c,mouth,7.786179
14,946.017517,a6927ea4c0223aa08b320e86987e4c89_shot_001_001,pixel_mse,mouth,0.02885181
14,946.017517,a6927ea4c0223aa08b320e86987e4c89_shot_001_001,pixel_mse,full,0.02670215
14,946.017517,a6927ea4c0223aa08b320e86987e4c89_shot_001_001,ssim,mouth,0.49504781
14,946.017517,a6927ea4c0223aa08b320e86987e4c89_shot_001_001,ssim,full,0.73417461
14,946.017517,a6927ea4c0223aa08b320e86987e4c89_shot_001_001,lpips,mouth,0.37790427
14,946.017517,a6927ea4c0223aa08b320e86987e4c89_shot_001_001,lpips,full,0.28590757
14,946.017517,a6927ea4c0223aa08b320e86987e4c89_shot_001_001,sharpness,mouth,21.2739
14,946.017517,a6927ea4c0223aa08b320e86987e4c89_shot_001_001,lmd,mouth,4.072074
14,946.017517,a6927ea4c0223aa08b320e86987e4c89_shot_001_001,sync_d,mouth,6.10995
14,946.017517,a6927ea4c0223aa08b320e86987e4c89_shot_001_001,sync_c,mouth,8.167099
15,940.791870,a6927ea4c0223aa08b320e86987e4c89_shot_001_001,pixel_mse,mouth,0.02978734
15,940.791870,a6927ea4c0223aa08b320e86987e4c89_shot_001_001,pixel_mse,full,0.02662601
15,940.791870,a6927ea4c0223aa08b320e86987e4c89_shot_001_001,ssim,mouth,0.48938912
15,940.791870,a6927ea4c0223aa08b320e86987e4c89_shot_001_001,ssim,full,0.73445767
15,940.791870,a6927ea4c0223aa08b320e86987e4c89_shot_001_001,lpips,mouth,0.3717671
15,940.791870,a6927ea4c0223aa08b320e86987e4c89_shot_001_001,lpips,full,0.2826407
15,940.791870,a6927ea4c0223aa08b320e86987e4c89_shot_001_001,sharpness,mouth,21.5075
15,940.791870,a6927ea4c0223aa08b320e86987e4c89_shot_001_001,lmd,mouth,4.354819
15,940.791870,a6927ea4c0223aa08b320e86987e4c89_shot_001_001,sync_d,mouth,6.100797
15,940.791870,a6927ea4c0223aa08b320e86987e4c89_shot_001_001,sync_c,mouth,8.260614
16,935.312622,a6927ea4c0223aa08b320e86987e4c89_shot_001_001,pixel_mse,mouth,0.03002209
16,935.312622,a6927ea4c0223aa08b320e86987e4c89_shot_001_001,pixel_mse,full,0.02673303
16,935.312622,a6927ea4c0223aa08b320e86987e4c89_shot_001_001,ssim,mouth,0.4817034
16,935.312622,a6927ea4c0223aa08b320e86987e4c89_shot_001_001,ssim,full,0.73317933
16,935.312622,a6927ea4c0223aa08b320e86987e4c89_shot_001_001,lpips,mouth,0.36257556
16,935.312622,a6927ea4c0223aa08b320e86987e4c89_shot_001_001,lpips,full,0.28197446
16,935.312622,a6927ea4c0223aa08b320e86987e4c89_shot_001_001,sharpness,mouth,21.8699
16,935.312622,a6927ea4c0223aa08b320e86987e4c89_shot_001_001,lmd,mouth,4.384587
16,935.312622,a6927ea4c0223aa08b320e86987e4c89_shot_001_001,sync_d,mouth,6.377285
16,935.312622,a6927ea4c0223aa08b320e86987e4c89_shot_001_001,sync_c,mouth,8.058603
17,929.560913,a6927ea4c0223aa08b320e86987e4c89_shot_001_001,pixel_mse,mouth,0.03016651
17,929.560913,a6927ea4c0223aa08b320e86987e4c89_shot_001_001,pixel_mse,full,0.02681795
17,929.560913,a6927ea4c0223aa08b320e86987e4c89_shot_001_001,ssim,mouth,0.47954813
17,929.560913,a6927ea4c0223aa08b320e86987e4c89_shot_001_001,ssim,full,0.73180234
17,929.560913,a6927ea4c0223aa08b320e86987e4c89_shot_001_001,lpips,mouth,0.3599984
17,929.560913,a6927ea4c0223aa08b320e86987e4c89_shot_001_001,lpips,full,0.28106496
17,929.560913,a6927ea4c0223aa08b320e86987e4c89_shot_001_001,sharpness,mouth,21.7937
17,929.560913,a6927ea4c0223aa08b320e86987e4c89_shot_001_001,lmd,mouth,4.430585
17,929.560913,a6927ea4c0223aa08b320e86987e4c89_shot_001_001,sync_d,mouth,6.617228
17,929.560913,a6927ea4c0223aa08b320e86987e4c89_shot_001_001,sync_c,mouth,7.890748
18,923.515991,a6927ea4c0223aa08b320e86987e4c89_shot_001_001,pixel_mse,mouth,0.03023687
18,923.515991,a6927ea4c0223aa08b320e86987e4c89_shot_001_001,pixel_mse,full,0.02690546
18,923.515991,a6927ea4c0223aa08b320e86987e4c89_shot_001_001,ssim,mouth,0.47945264
18,923.515991,a6927ea4c0223aa08b320e86987e4c89_shot_001_001,ssim,full,0.73088872
18,923.515991,a6927ea4c0223aa08b320e86987e4c89_shot_001_001,lpips,mouth,0.35870445
18,923.515991,a6927ea4c0223aa08b320e86987e4c89_shot_001_001,lpips,full,0.28054476
18,923.515991,a6927ea4c0223aa08b320e86987e4c89_shot_001_001,sharpness,mouth,21.6878
18,923.515991,a6927ea4c0223aa08b320e86987e4c89_shot_001_001,lmd,mouth,4.593362
18,923.515991,a6927ea4c0223aa08b320e86987e4c89_shot_001_001,sync_d,mouth,6.567751
18,923.515991,a6927ea4c0223aa08b320e86987e4c89_shot_001_001,sync_c,mouth,7.81611
19,917.154785,a6927ea4c0223aa08b320e86987e4c89_shot_001_001,pixel_mse,mouth,0.02967762
19,917.154785,a6927ea4c0223aa08b320e86987e4c89_shot_001_001,pixel_mse,full,0.02697741
19,917.154785,a6927ea4c0223aa08b320e86987e4c89_shot_001_001,ssim,mouth,0.4830116
19,917.154785,a6927ea4c0223aa08b320e86987e4c89_shot_001_001,ssim,full,0.72947407
19,917.154785,a6927ea4c0223aa08b320e86987e4c89_shot_001_001,lpips,mouth,0.35949486
19,917.154785,a6927ea4c0223aa08b320e86987e4c89_shot_001_001,lpips,full,0.28109145
19,917.154785,a6927ea4c0223aa08b320e86987e4c89_shot_001_001,sharpness,mouth,21.9412
19,917.154785,a6927ea4c0223aa08b320e86987e4c89_shot_001_001,lmd,mouth,4.692435
19,917.154785,a6927ea4c0223aa08b320e86987e4c89_shot_001_001,sync_d,mouth,6.587945
19,917.154785,a6927ea4c0223aa08b320e86987e4c89_shot_001_001,sync_c,mouth,7.666743
20,910.451721,a6927ea4c0223aa08b320e86987e4c89_shot_001_001,pixel_mse,mouth,0.03023536
20,910.451721,a6927ea4c0223aa08b320e86987e4c89_shot_001_001,pixel_mse,full,0.0268856
20,910.451721,a6927ea4c0223aa08b320e86987e4c89_shot_001_001,ssim,mouth,0.47778091
20,910.451721,a6927ea4c0223aa08b320e86987e4c89_shot_001_001,ssim,full,0.72901702
20,910.451721,a6927ea4c0223aa08b320e86987e4c89_shot_001_001,lpips,mouth,0.35627651
20,910.451721,a6927ea4c0223aa08b320e86987e4c89_shot_001_001,lpips,full,0.27933148
20,910.451721,a6927ea4c0223aa08b320e86987e4c89_shot_001_001,sharpness,mouth,23.4878
20,910.451721,a6927ea4c0223aa08b320e86987e4c89_shot_001_001,lmd,mouth,4.547845
20,910.451721,a6927ea4c0223aa08b320e86987e4c89_shot_001_001,sync_d,mouth,6.327435
20,910.451721,a6927ea4c0223aa08b320e86987e4c89_shot_001_001,sync_c,mouth,7.961887
21,903.378723,a6927ea4c0223aa08b320e86987e4c89_shot_001_001,pixel_mse,mouth,0.03038326
21,903.378723,a6927ea4c0223aa08b320e86987e4c89_shot_001_001,pixel_mse,full,0.02698165
21,903.378723,a6927ea4c0223aa08b320e86987e4c89_shot_001_001,ssim,mouth,0.47667798
21,903.378723,a6927ea4c0223aa08b320e86987e4c89_shot_001_001,ssim,full,0.72908121
21,903.378723,a6927ea4c0223aa08b320e86987e4c89_shot_001_001,lpips,mouth,0.3535561
21,903.378723,a6927ea4c0223aa08b320e86987e4c89_shot_001_001,lpips,full,0.27816835
21,903.378723,a6927ea4c0223aa08b320e86987e4c89_shot_001_001,sharpness,mouth,23.053
21,903.378723,a6927ea4c0223aa08b320e86987e4c89_shot_001_001,lmd,mouth,4.566112
21,903.378723,a6927ea4c0223aa08b320e86987e4c89_shot_001_001,sync_d,mouth,6.65113
21,903.378723,a6927ea4c0223aa08b320e86987e4c89_shot_001_001,sync_c,mouth,7.604414
22,895.903931,a6927ea4c0223aa08b320e86987e4c89_shot_001_001,pixel_mse,mouth,0.03055736
22,895.903931,a6927ea4c0223aa08b320e86987e4c89_shot_001_001,pixel_mse,full,0.02701166
22,895.903931,a6927ea4c0223aa08b320e86987e4c89_shot_001_001,ssim,mouth,0.47445607
22,895.903931,a6927ea4c0223aa08b320e86987e4c89_shot_001_001,ssim,full,0.72823232
22,895.903931,a6927ea4c0223aa08b320e86987e4c89_shot_001_001,lpips,mouth,0.35287249
22,895.903931,a6927ea4c0223aa08b320e86987e4c89_shot_001_001,lpips,full,0.27744749
22,895.903931,a6927ea4c0223aa08b320e86987e4c89_shot_001_001,sharpness,mouth,22.843
22,895.903931,a6927ea4c0223aa08b320e86987e4c89_shot_001_001,lmd,mouth,4.531305
22,895.903931,a6927ea4c0223aa08b320e86987e4c89_shot_001_001,sync_d,mouth,6.577009
22,895.903931,a6927ea4c0223aa08b320e86987e4c89_shot_001_001,sync_c,mouth,7.460553
23,887.992493,a6927ea4c0223aa08b320e86987e4c89_shot_001_001,pixel_mse,mouth,0.03043591
23,887.992493,a6927ea4c0223aa08b320e86987e4c89_shot_001_001,pixel_mse,full,0.02695468
23,887.992493,a6927ea4c0223aa08b320e86987e4c89_shot_001_001,ssim,mouth,0.4742403
23,887.992493,a6927ea4c0223aa08b320e86987e4c89_shot_001_001,ssim,full,0.72762525
23,887.992493,a6927ea4c0223aa08b320e86987e4c89_shot_001_001,lpips,mouth,0.35085088
23,887.992493,a6927ea4c0223aa08b320e86987e4c89_shot_001_001,lpips,full,0.2773276
23,887.992493,a6927ea4c0223aa08b320e86987e4c89_shot_001_001,sharpness,mouth,22.5086
23,887.992493,a6927ea4c0223aa08b320e86987e4c89_shot_001_001,lmd,mouth,4.536228
23,887.992493,a6927ea4c0223aa08b320e86987e4c89_shot_001_001,sync_d,mouth,6.499288
23,887.992493,a6927ea4c0223aa08b320e86987e4c89_shot_001_001,sync_c,mouth,7.702582
24,879.604736,a6927ea4c0223aa08b320e86987e4c89_shot_001_001,pixel_mse,mouth,0.0306475
24,879.604736,a6927ea4c0223aa08b320e86987e4c89_shot_001_001,pixel_mse,full,0.02699191
24,879.604736,a6927ea4c0223aa08b320e86987e4c89_shot_001_001,ssim,mouth,0.47247064
24,879.604736,a6927ea4c0223aa08b320e86987e4c89_shot_001_001,ssim,full,0.7269814
24,879.604736,a6927ea4c0223aa08b320e86987e4c89_shot_001_001,lpips,mouth,0.34825423
24,879.604736,a6927ea4c0223aa08b320e86987e4c89_shot_001_001,lpips,full,0.27756751
24,879.604736,a6927ea4c0223aa08b320e86987e4c89_shot_001_001,sharpness,mouth,23.8684
24,879.604736,a6927ea4c0223aa08b320e86987e4c89_shot_001_001,lmd,mouth,4.546036
24,879.604736,a6927ea4c0223aa08b320e86987e4c89_shot_001_001,sync_d,mouth,6.607214
24,879.604736,a6927ea4c0223aa08b320e86987e4c89_shot_001_001,sync_c,mouth,7.713031
25,870.696350,a6927ea4c0223aa08b320e86987e4c89_shot_001_001,pixel_mse,mouth,0.0304183
25,870.696350,a6927ea4c0223aa08b320e86987e4c89_shot_001_001,pixel_mse,full,0.02709526
25,870.696350,a6927ea4c0223aa08b320e86987e4c89_shot_001_001,ssim,mouth,0.47179365
25,870.696350,a6927ea4c0223aa08b320e86987e4c89_shot_001_001,ssim,full,0.72679037
25,870.696350,a6927ea4c0223aa08b320e86987e4c89_shot_001_001,lpips,mouth,0.34904456
25,870.696350,a6927ea4c0223aa08b320e86987e4c89_shot_001_001,lpips,full,0.2765767
25,870.696350,a6927ea4c0223aa08b320e86987e4c89_shot_001_001,sharpness,mouth,23.7907
25,870.696350,a6927ea4c0223aa08b320e86987e4c89_shot_001_001,lmd,mouth,4.660962
25,870.696350,a6927ea4c0223aa08b320e86987e4c89_shot_001_001,sync_d,mouth,6.482654
25,870.696350,a6927ea4c0223aa08b320e86987e4c89_shot_001_001,sync_c,mouth,7.905663
26,861.217407,a6927ea4c0223aa08b320e86987e4c89_shot_001_001,pixel_mse,mouth,0.03041841
26,861.217407,a6927ea4c0223aa08b320e86987e4c89_shot_001_001,pixel_mse,full,0.02700795
26,861.217407,a6927ea4c0223aa08b320e86987e4c89_shot_001_001,ssim,mouth,0.47055215
26,861.217407,a6927ea4c0223aa08b320e86987e4c89_shot_001_001,ssim,full,0.72611171
26,861.217407,a6927ea4c0223aa08b320e86987e4c89_shot_001_001,lpips,mouth,0.34898216
26,861.217407,a6927ea4c0223aa08b320e86987e4c89_shot_001_001,lpips,full,0.27707398
26,861.217407,a6927ea4c0223aa08b320e86987e4c89_shot_001_001,sharpness,mouth,23.9033
26,861.217407,a6927ea4c0223aa08b320e86987e4c89_shot_001_001,lmd,mouth,4.652816
26,861.217407,a6927ea4c0223aa08b320e86987e4c89_shot_001_001,sync_d,mouth,6.75962
26,861.217407,a6927ea4c0223aa08b320e86987e4c89_shot_001_001,sync_c,mouth,7.523969
27,851.111145,a6927ea4c0223aa08b320e86987e4c89_shot_001_001,pixel_mse,mouth,0.03063424
27,851.111145,a6927ea4c0223aa08b320e86987e4c89_shot_001_001,pixel_mse,full,0.02706588
27,851.111145,a6927ea4c0223aa08b320e86987e4c89_shot_001_001,ssim,mouth,0.47198614
27,851.111145,a6927ea4c0223aa08b320e86987e4c89_shot_001_001,ssim,full,0.72587234
27,851.111145,a6927ea4c0223aa08b320e86987e4c89_shot_001_001,lpips,mouth,0.34816766
27,851.111145,a6927ea4c0223aa08b320e86987e4c89_shot_001_001,lpips,full,0.27676868
27,851.111145,a6927ea4c0223aa08b320e86987e4c89_shot_001_001,sharpness,mouth,23.1205
27,851.111145,a6927ea4c0223aa08b320e86987e4c89_shot_001_001,lmd,mouth,4.66201
27,851.111145,a6927ea4c0223aa08b320e86987e4c89_shot_001_001,sync_d,mouth,6.458335
27,851.111145,a6927ea4c0223aa08b320e86987e4c89_shot_001_001,sync_c,mouth,7.848685
28,840.313232,a6927ea4c0223aa08b320e86987e4c89_shot_001_001,pixel_mse,mouth,0.03072354
28,840.313232,a6927ea4c0223aa08b320e86987e4c89_shot_001_001,pixel_mse,full,0.02696665
28,840.313232,a6927ea4c0223aa08b320e86987e4c89_shot_001_001,ssim,mouth,0.47099799
28,840.313232,a6927ea4c0223aa08b320e86987e4c89_shot_001_001,ssim,full,0.7257356
28,840.313232,a6927ea4c0223aa08b320e86987e4c89_shot_001_001,lpips,mouth,0.34761131
28,840.313232,a6927ea4c0223aa08b320e86987e4c89_shot_001_001,lpips,full,0.27666217
28,840.313232,a6927ea4c0223aa08b320e86987e4c89_shot_001_001,sharpness,mouth,22.9464
28,840.313232,a6927ea4c0223aa08b320e86987e4c89_shot_001_001,lmd,mouth,4.703739
28,840.313232,a6927ea4c0223aa08b320e86987e4c89_shot_001_001,sync_d,mouth,6.463493
28,840.313232,a6927ea4c0223aa08b320e86987e4c89_shot_001_001,sync_c,mouth,7.798118
29,828.750244,a6927ea4c0223aa08b320e86987e4c89_shot_001_001,pixel_mse,mouth,0.03138421
29,828.750244,a6927ea4c0223aa08b320e86987e4c89_shot_001_001,pixel_mse,full,0.02702902
29,828.750244,a6927ea4c0223aa08b320e86987e4c89_shot_001_001,ssim,mouth,0.46746394
29,828.750244,a6927ea4c0223aa08b320e86987e4c89_shot_001_001,ssim,full,0.72506231
29,828.750244,a6927ea4c0223aa08b320e86987e4c89_shot_001_001,lpips,mouth,0.34766066
29,828.750244,a6927ea4c0223aa08b320e86987e4c89_shot_001_001,lpips,full,0.27705747
29,828.750244,a6927ea4c0223aa08b320e86987e4c89_shot_001_001,sharpness,mouth,23.421
29,828.750244,a6927ea4c0223aa08b320e86987e4c89_shot_001_001,lmd,mouth,4.739164
29,828.750244,a6927ea4c0223aa08b320e86987e4c89_shot_001_001,sync_d,mouth,6.496757
29,828.750244,a6927ea4c0223aa08b320e86987e4c89_shot_001_001,sync_c,mouth,7.774967
30,816.337830,a6927ea4c0223aa08b320e86987e4c89_shot_001_001,pixel_mse,mouth,0.03131877
30,816.337830,a6927ea4c0223aa08b320e86987e4c89_shot_001_001,pixel_mse,full,0.02703181
30,816.337830,a6927ea4c0223aa08b320e86987e4c89_shot_001_001,ssim,mouth,0.46675685
30,816.337830,a6927ea4c0223aa08b320e86987e4c89_shot_001_001,ssim,full,0.72468764
30,816.337830,a6927ea4c0223aa08b320e86987e4c89_shot_001_001,lpips,mouth,0.34691557
30,816.337830,a6927ea4c0223aa08b320e86987e4c89_shot_001_001,lpips,full,0.2772837
30,816.337830,a6927ea4c0223aa08b320e86987e4c89_shot_001_001,sharpness,mouth,23.7009
30,816.337830,a6927ea4c0223aa08b320e86987e4c89_shot_001_001,lmd,mouth,4.74907
30,816.337830,a6927ea4c0223aa08b320e86987e4c89_shot_001_001,sync_d,mouth,6.702702
30,816.337830,a6927ea4c0223aa08b320e86987e4c89_shot_001_001,sync_c,mouth,7.452705
31,802.978699,a6927ea4c0223aa08b320e86987e4c89_shot_001_001,pixel_mse,mouth,0.03157566
31,802.978699,a6927ea4c0223aa08b320e86987e4c89_shot_001_001,pixel_mse,full,0.02710507
31,802.978699,a6927ea4c0223aa08b320e86987e4c89_shot_001_001,ssim,mouth,0.46405736
31,802.978699,a6927ea4c0223aa08b320e86987e4c89_shot_001_001,ssim,full,0.72433507
31,802.978699,a6927ea4c0223aa08b320e86987e4c89_shot_001_001,lpips,mouth,0.34650496
31,802.978699,a6927ea4c0223aa08b320e86987e4c89_shot_001_001,lpips,full,0.27689937
31,802.978699,a6927ea4c0223aa08b320e86987e4c89_shot_001_001,sharpness,mouth,24.6765
31,802.978699,a6927ea4c0223aa08b320e86987e4c89_shot_001_001,lmd,mouth,4.679465
31,802.978699,a6927ea4c0223aa08b320e86987e4c89_shot_001_001,sync_d,mouth,6.646294
31,802.978699,a6927ea4c0223aa08b320e86987e4c89_shot_001_001,sync_c,mouth,7.446417
32,788.560242,a6927ea4c0223aa08b320e86987e4c89_shot_001_001,pixel_mse,mouth,0.03156763
32,788.560242,a6927ea4c0223aa08b320e86987e4c89_shot_001_001,pixel_mse,full,0.02716834
32,788.560242,a6927ea4c0223aa08b320e86987e4c89_shot_001_001,ssim,mouth,0.4620952
32,788.560242,a6927ea4c0223aa08b320e86987e4c89_shot_001_001,ssim,full,0.72390956
32,788.560242,a6927ea4c0223aa08b320e86987e4c89_shot_001_001,lpips,mouth,0.34497404
32,788.560242,a6927ea4c0223aa08b320e86987e4c89_shot_001_001,lpips,full,0.27616018
32,788.560242,a6927ea4c0223aa08b320e86987e4c89_shot_001_001,sharpness,mouth,24.6452
32,788.560242,a6927ea4c0223aa08b320e86987e4c89_shot_001_001,lmd,mouth,4.67006
32,788.560242,a6927ea4c0223aa08b320e86987e4c89_shot_001_001,sync_d,mouth,6.639782
32,788.560242,a6927ea4c0223aa08b320e86987e4c89_shot_001_001,sync_c,mouth,7.462435
33,772.951477,a6927ea4c0223aa08b320e86987e4c89_shot_001_001,pixel_mse,mouth,0.0317821
33,772.951477,a6927ea4c0223aa08b320e86987e4c89_shot_001_001,pixel_mse,full,0.0271892
33,772.951477,a6927ea4c0223aa08b320e86987e4c89_shot_001_001,ssim,mouth,0.46022847
33,772.951477,a6927ea4c0223aa08b320e86987e4c89_shot_001_001,ssim,full,0.72388941
33,772.951477,a6927ea4c0223aa08b320e86987e4c89_shot_001_001,lpips,mouth,0.34573463
33,772.951477,a6927ea4c0223aa08b320e86987e4c89_shot_001_001,lpips,full,0.27582037
33,772.951477,a6927ea4c0223aa08b320e86987e4c89_shot_001_001,sharpness,mouth,25.4518
33,772.951477,a6927ea4c0223aa08b320e86987e4c89_shot_001_001,lmd,mouth,4.688678
33,772.951477,a6927ea4c0223aa08b320e86987e4c89_shot_001_001,sync_d,mouth,6.753112
33,772.951477,a6927ea4c0223aa08b320e86987e4c89_shot_001_001,sync_c,mouth,7.344458
34,755.998352,a6927ea4c0223aa08b320e86987e4c89_shot_001_001,pixel_mse,mouth,0.0318308
34,755.998352,a6927ea4c0223aa08b320e86987e4c89_shot_001_001,pixel_mse,full,0.02719076
34,755.998352,a6927ea4c0223aa08b320e86987e4c89_shot_001_001,ssim,mouth,0.45992577
34,755.998352,a6927ea4c0223aa08b320e86987e4c89_shot_001_001,ssim,full,0.72361118
34,755.998352,a6927ea4c0223aa08b320e86987e4c89_shot_001_001,lpips,mouth,0.34667504
34,755.998352,a6927ea4c0223aa08b320e86987e4c89_shot_001_001,lpips,full,0.27592555
34,755.998352,a6927ea4c0223aa08b320e86987e4c89_shot_001_001,sharpness,mouth,24.8871
34,755.998352,a6927ea4c0223aa08b320e86987e4c89_shot_001_001,lmd,mouth,4.69541
34,755.998352,a6927ea4c0223aa08b320e86987e4c89_shot_001_001,sync_d,mouth,7.104436
34,755.998352,a6927ea4c0223aa08b320e86987e4c89_shot_001_001,sync_c,mouth,6.948006
35,737.519714,a6927ea4c0223aa08b320e86987e4c89_shot_001_001,pixel_mse,mouth,0.03195311
35,737.519714,a6927ea4c0223aa08b320e86987e4c89_shot_001_001,pixel_mse,full,0.02719167
35,737.519714,a6927ea4c0223aa08b320e86987e4c89_shot_001_001,ssim,mouth,0.4593612
35,737.519714,a6927ea4c0223aa08b320e86987e4c89_shot_001_001,ssim,full,0.72322232
35,737.519714,a6927ea4c0223aa08b320e86987e4c89_shot_001_001,lpips,mouth,0.34718823
35,737.519714,a6927ea4c0223aa08b320e86987e4c89_shot_001_001,lpips,full,0.27536017
35,737.519714,a6927ea4c0223aa08b320e86987e4c89_shot_001_001,sharpness,mouth,25.0208
35,737.519714,a6927ea4c0223aa08b320e86987e4c89_shot_001_001,lmd,mouth,4.760267
35,737.519714,a6927ea4c0223aa08b320e86987e4c89_shot_001_001,sync_d,mouth,6.913782
35,737.519714,a6927ea4c0223aa08b320e86987e4c89_shot_001_001,sync_c,mouth,7.144047
36,717.299683,a6927ea4c0223aa08b320e86987e4c89_shot_001_001,pixel_mse,mouth,0.03170184
36,717.299683,a6927ea4c0223aa08b320e86987e4c89_shot_001_001,pixel_mse,full,0.0271566
36,717.299683,a6927ea4c0223aa08b320e86987e4c89_shot_001_001,ssim,mouth,0.45964426
36,717.299683,a6927ea4c0223aa08b320e86987e4c89_shot_001_001,ssim,full,0.72304499
36,717.299683,a6927ea4c0223aa08b320e86987e4c89_shot_001_001,lpips,mouth,0.34647056
36,717.299683,a6927ea4c0223aa08b320e86987e4c89_shot_001_001,lpips,full,0.27518031
36,717.299683,a6927ea4c0223aa08b320e86987e4c89_shot_001_001,sharpness,mouth,25.3865
36,717.299683,a6927ea4c0223aa08b320e86987e4c89_shot_001_001,lmd,mouth,4.812089
36,717.299683,a6927ea4c0223aa08b320e86987e4c89_shot_001_001,sync_d,mouth,7.051582
36,717.299683,a6927ea4c0223aa08b320e86987e4c89_shot_001_001,sync_c,mouth,6.972788
37,695.080139,a6927ea4c0223aa08b320e86987e4c89_shot_001_001,pixel_mse,mouth,0.03158042
37,695.080139,a6927ea4c0223aa08b320e86987e4c89_shot_001_001,pixel_mse,full,0.02717677
37,695.080139,a6927ea4c0223aa08b320e86987e4c89_shot_001_001,ssim,mouth,0.46071243
37,695.080139,a6927ea4c0223aa08b320e86987e4c89_shot_001_001,ssim,full,0.72248131
37,695.080139,a6927ea4c0223aa08b320e86987e4c89_shot_001_001,lpips,mouth,0.34630153
37,695.080139,a6927ea4c0223aa08b320e86987e4c89_shot_001_001,lpips,full,0.27486217
37,695.080139,a6927ea4c0223aa08b320e86987e4c89_shot_001_001,sharpness,mouth,25.6621
37,695.080139,a6927ea4c0223aa08b320e86987e4c89_shot_001_001,lmd,mouth,4.814007
37,695.080139,a6927ea4c0223aa08b320e86987e4c89_shot_001_001,sync_d,mouth,7.265388
37,695.080139,a6927ea4c0223aa08b320e86987e4c89_shot_001_001,sync_c,mouth,6.686248
38,670.548828,a6927ea4c0223aa08b320e86987e4c89_shot_001_001,pixel_mse,mouth,0.03174191
38,670.548828,a6927ea4c0223aa08b320e86987e4c89_shot_001_001,pixel_mse,full,0.027236
38,670.548828,a6927ea4c0223aa08b320e86987e4c89_shot_001_001,ssim,mouth,0.45863211
38,670.548828,a6927ea4c0223aa08b320e86987e4c89_shot_001_001,ssim,full,0.72174042
38,670.548828,a6927ea4c0223aa08b320e86987e4c89_shot_001_001,lpips,mouth,0.34550694
38,670.548828,a6927ea4c0223aa08b320e86987e4c89_shot_001_001,lpips,full,0.27447605
38,670.548828,a6927ea4c0223aa08b320e86987e4c89_shot_001_001,sharpness,mouth,25.209
38,670.548828,a6927ea4c0223aa08b320e86987e4c89_shot_001_001,lmd,mouth,4.786275
38,670.548828,a6927ea4c0223aa08b320e86987e4c89_shot_001_001,sync_d,mouth,7.266963
38,670.548828,a6927ea4c0223aa08b320e86987e4c89_shot_001_001,sync_c,mouth,6.886549
39,643.325317,a6927ea4c0223aa08b320e86987e4c89_shot_001_001,pixel_mse,mouth,0.03167952
39,643.325317,a6927ea4c0223aa08b320e86987e4c89_shot_001_001,pixel_mse,full,0.02723883
39,643.325317,a6927ea4c0223aa08b320e86987e4c89_shot_001_001,ssim,mouth,0.45973051
39,643.325317,a6927ea4c0223aa08b320e86987e4c89_shot_001_001,ssim,full,0.72160751
39,643.325317,a6927ea4c0223aa08b320e86987e4c89_shot_001_001,lpips,mouth,0.3445569
39,643.325317,a6927ea4c0223aa08b320e86987e4c89_shot_001_001,lpips,full,0.27396256
39,643.325317,a6927ea4c0223aa08b320e86987e4c89_shot_001_001,sharpness,mouth,25.9319
39,643.325317,a6927ea4c0223aa08b320e86987e4c89_shot_001_001,lmd,mouth,4.802494
39,643.325317,a6927ea4c0223aa08b320e86987e4c89_shot_001_001,sync_d,mouth,7.288133
39,643.325317,a6927ea4c0223aa08b320e86987e4c89_shot_001_001,sync_c,mouth,6.792214
40,612.940735,a6927ea4c0223aa08b320e86987e4c89_shot_001_001,pixel_mse,mouth,0.03179034
40,612.940735,a6927ea4c0223aa08b320e86987e4c89_shot_001_001,pixel_mse,full,0.02727101
40,612.940735,a6927ea4c0223aa08b320e86987e4c89_shot_001_001,ssim,mouth,0.45882529
40,612.940735,a6927ea4c0223aa08b320e86987e4c89_shot_001_001,ssim,full,0.72131962
40,612.940735,a6927ea4c0223aa08b320e86987e4c89_shot_001_001,lpips,mouth,0.34284171
40,612.940735,a6927ea4c0223aa08b320e86987e4c89_shot_001_001,lpips,full,0.27321988
40,612.940735,a6927ea4c0223aa08b320e86987e4c89_shot_001_001,sharpness,mouth,25.5529
40,612.940735,a6927ea4c0223aa08b320e86987e4c89_shot_001_001,lmd,mouth,4.837097
40,612.940735,a6927ea4c0223aa08b320e86987e4c89_shot_001_001,sync_d,mouth,7.083755
40,612.940735,a6927ea4c0223aa08b320e86987e4c89_shot_001_001,sync_c,mouth,7.065058
41,578.810425,a6927ea4c0223aa08b320e86987e4c89_shot_001_001,pixel_mse,mouth,0.03182995
41,578.810425,a6927ea4c0223aa08b320e86987e4c89_shot_001_001,pixel_mse,full,0.02724351
41,578.810425,a6927ea4c0223aa08b320e86987e4c89_shot_001_001,ssim,mouth,0.45896596
41,578.810425,a6927ea4c0223aa08b320e86987e4c89_shot_001_001,ssim,full,0.72105604
41,578.810425,a6927ea4c0223aa08b320e86987e4c89_shot_001_001,lpips,mouth,0.34316465
41,578.810425,a6927ea4c0223aa08b320e86987e4c89_shot_001_001,lpips,full,0.272394
41,578.810425,a6927ea4c0223aa08b320e86987e4c89_shot_001_001,sharpness,mouth,25.4852
41,578.810425,a6927ea4c0223aa08b320e86987e4c89_shot_001_001,lmd,mouth,4.821156
41,578.810425,a6927ea4c0223aa08b320e86987e4c89_shot_001_001,sync_d,mouth,7.254823
41,578.810425,a6927ea4c0223aa08b320e86987e4c89_shot_001_001,sync_c,mouth,6.987612
42,540.196350,a6927ea4c0223aa08b320e86987e4c89_shot_001_001,pixel_mse,mouth,0.03170719
42,540.196350,a6927ea4c0223aa08b320e86987e4c89_shot_001_001,pixel_mse,full,0.02724563
42,540.196350,a6927ea4c0223aa08b320e86987e4c89_shot_001_001,ssim,mouth,0.45952046
42,540.196350,a6927ea4c0223aa08b320e86987e4c89_shot_001_001,ssim,full,0.72102195
42,540.196350,a6927ea4c0223aa08b320e86987e4c89_shot_001_001,lpips,mouth,0.34218678
42,540.196350,a6927ea4c0223aa08b320e86987e4c89_shot_001_001,lpips,full,0.27231288
42,540.196350,a6927ea4c0223aa08b320e86987e4c89_shot_001_001,sharpness,mouth,25.9473
42,540.196350,a6927ea4c0223aa08b320e86987e4c89_shot_001_001,lmd,mouth,4.751186
42,540.196350,a6927ea4c0223aa08b320e86987e4c89_shot_001_001,sync_d,mouth,7.392424
42,540.196350,a6927ea4c0223aa08b320e86987e4c89_shot_001_001,sync_c,mouth,6.704935
43,496.152893,a6927ea4c0223aa08b320e86987e4c89_shot_001_001,pixel_mse,mouth,0.0317945
43,496.152893,a6927ea4c0223aa08b320e86987e4c89_shot_001_001,pixel_mse,full,0.02727409
43,496.152893,a6927ea4c0223aa08b320e86987e4c89_shot_001_001,ssim,mouth,0.45867336
43,496.152893,a6927ea4c0223aa08b320e86987e4c89_shot_001_001,ssim,full,0.72065997
43,496.152893,a6927ea4c0223aa08b320e86987e4c89_shot_001_001,lpips,mouth,0.34379381
43,496.152893,a6927ea4c0223aa08b320e86987e4c89_shot_001_001,lpips,full,0.27188671
43,496.152893,a6927ea4c0223aa08b320e86987e4c89_shot_001_001,sharpness,mouth,26.2183
43,496.152893,a6927ea4c0223aa08b320e86987e4c89_shot_001_001,lmd,mouth,4.772472
43,496.152893,a6927ea4c0223aa08b320e86987e4c89_shot_001_001,sync_d,mouth,7.284127
43,496.152893,a6927ea4c0223aa08b320e86987e4c89_shot_001_001,sync_c,mouth,6.747199
44,445.448151,a6927ea4c0223aa08b320e86987e4c89_shot_001_001,pixel_mse,mouth,0.03184121
44,445.448151,a6927ea4c0223aa08b320e86987e4c89_shot_001_001,pixel_mse,full,0.02728002
44,445.448151,a6927ea4c0223aa08b320e86987e4c89_shot_001_001,ssim,mouth,0.45840916
44,445.448151,a6927ea4c0223aa08b320e86987e4c89_shot_001_001,ssim,full,0.72040665
44,445.448151,a6927ea4c0223aa08b320e86987e4c89_shot_001_001,lpips,mouth,0.34272033
44,445.448151,a6927ea4c0223aa08b320e86987e4c89_shot_001_001,lpips,full,0.27116555
44,445.448151,a6927ea4c0223aa08b320e86987e4c89_shot_001_001,sharpness,mouth,26.1767
44,445.448151,a6927ea4c0223aa08b320e86987e4c89_shot_001_001,lmd,mouth,4.785719
44,445.448151,a6927ea4c0223aa08b320e86987e4c89_shot_001_001,sync_d,mouth,7.392415
44,445.448151,a6927ea4c0223aa08b320e86987e4c89_shot_001_001,sync_c,mouth,6.819127
45,386.447418,a6927ea4c0223aa08b320e86987e4c89_shot_001_001,pixel_mse,mouth,0.03186971
45,386.447418,a6927ea4c0223aa08b320e86987e4c89_shot_001_001,pixel_mse,full,0.02726047
45,386.447418,a6927ea4c0223aa08b320e86987e4c89_shot_001_001,ssim,mouth,0.45705038
45,386.447418,a6927ea4c0223aa08b320e86987e4c89_shot_001_001,ssim,full,0.72011513
45,386.447418,a6927ea4c0223aa08b320e86987e4c89_shot_001_001,lpips,mouth,0.34173796
45,386.447418,a6927ea4c0223aa08b320e86987e4c89_shot_001_001,lpips,full,0.27092808
45,386.447418,a6927ea4c0223aa08b320e86987e4c89_shot_001_001,sharpness,mouth,26.0372
45,386.447418,a6927ea4c0223aa08b320e86987e4c89_shot_001_001,lmd,mouth,4.792035
45,386.447418,a6927ea4c0223aa08b320e86987e4c89_shot_001_001,sync_d,mouth,7.390935
45,386.447418,a6927ea4c0223aa08b320e86987e4c89_shot_001_001,sync_c,mouth,6.73429
46,316.933258,a6927ea4c0223aa08b320e86987e4c89_shot_001_001,pixel_mse,mouth,0.031869
46,316.933258,a6927ea4c0223aa08b320e86987e4c89_shot_001_001,pixel_mse,full,0.02726595
46,316.933258,a6927ea4c0223aa08b320e86987e4c89_shot_001_001,ssim,mouth,0.45681229
46,316.933258,a6927ea4c0223aa08b320e86987e4c89_shot_001_001,ssim,full,0.71991658
46,316.933258,a6927ea4c0223aa08b320e86987e4c89_shot_001_001,lpips,mouth,0.34118161
46,316.933258,a6927ea4c0223aa08b320e86987e4c89_shot_001_001,lpips,full,0.27021879
46,316.933258,a6927ea4c0223aa08b320e86987e4c89_shot_001_001,sharpness,mouth,26.1873
46,316.933258,a6927ea4c0223aa08b320e86987e4c89_shot_001_001,lmd,mouth,4.80222
46,316.933258,a6927ea4c0223aa08b320e86987e4c89_shot_001_001,sync_d,mouth,7.541701
46,316.933258,a6927ea4c0223aa08b320e86987e4c89_shot_001_001,sync_c,mouth,6.532898
47,233.820694,a6927ea4c0223aa08b320e86987e4c89_shot_001_001,pixel_mse,mouth,0.03182993
47,233.820694,a6927ea4c0223aa08b320e86987e4c89_shot_001_001,pixel_mse,full,0.02723618
47,233.820694,a6927ea4c0223aa08b320e86987e4c89_shot_001_001,ssim,mouth,0.45626545
47,233.820694,a6927ea4c0223aa08b320e86987e4c89_shot_001_001,ssim,full,0.71966404
47,233.820694,a6927ea4c0223aa08b320e86987e4c89_shot_001_001,lpips,mouth,0.34018424
47,233.820694,a6927ea4c0223aa08b320e86987e4c89_shot_001_001,lpips,full,0.26941368
47,233.820694,a6927ea4c0223aa08b320e86987e4c89_shot_001_001,sharpness,mouth,26.0534
47,233.820694,a6927ea4c0223aa08b320e86987e4c89_shot_001_001,lmd,mouth,4.821969
47,233.820694,a6927ea4c0223aa08b320e86987e4c89_shot_001_001,sync_d,mouth,7.707296
47,233.820694,a6927ea4c0223aa08b320e86987e4c89_shot_001_001,sync_c,mouth,6.436613
48,132.687027,a6927ea4c0223aa08b320e86987e4c89_shot_001_001,pixel_mse,mouth,0.03187353
48,132.687027,a6927ea4c0223aa08b320e86987e4c89_shot_001_001,pixel_mse,full,0.02722108
48,132.687027,a6927ea4c0223aa08b320e86987e4c89_shot_001_001,ssim,mouth,0.45544603
48,132.687027,a6927ea4c0223aa08b320e86987e4c89_shot_001_001,ssim,full,0.71954548
48,132.687027,a6927ea4c0223aa08b320e86987e4c89_shot_001_001,lpips,mouth,0.33925992
48,132.687027,a6927ea4c0223aa08b320e86987e4c89_shot_001_001,lpips,full,0.26822519
48,132.687027,a6927ea4c0223aa08b320e86987e4c89_shot_001_001,sharpness,mouth,26.0155
48,132.687027,a6927ea4c0223aa08b320e86987e4c89_shot_001_001,lmd,mouth,4.828265
48,132.687027,a6927ea4c0223aa08b320e86987e4c89_shot_001_001,sync_d,mouth,7.760889
48,132.687027,a6927ea4c0223aa08b320e86987e4c89_shot_001_001,sync_c,mouth,6.332544
49,6.958251,a6927ea4c0223aa08b320e86987e4c89_shot_001_001,pixel_mse,mouth,0.0318848
49,6.958251,a6927ea4c0223aa08b320e86987e4c89_shot_001_001,pixel_mse,full,0.02721817
49,6.958251,a6927ea4c0223aa08b320e86987e4c89_shot_001_001,ssim,mouth,0.45522606
49,6.958251,a6927ea4c0223aa08b320e86987e4c89_shot_001_001,ssim,full,0.71982789
49,6.958251,a6927ea4c0223aa08b320e86987e4c89_shot_001_001,lpips,mouth,0.33932674
49,6.958251,a6927ea4c0223aa08b320e86987e4c89_shot_001_001,lpips,full,0.26758066
49,6.958251,a6927ea4c0223aa08b320e86987e4c89_shot_001_001,sharpness,mouth,25.9578
49,6.958251,a6927ea4c0223aa08b320e86987e4c89_shot_001_001,lmd,mouth,4.80376
49,6.958251,a6927ea4c0223aa08b320e86987e4c89_shot_001_001,sync_d,mouth,7.740194
49,6.958251,a6927ea4c0223aa08b320e86987e4c89_shot_001_001,sync_c,mouth,6.317903
-1,gt,283979598869ec6d8c5cdbe66eb5ecb8_shot_001_000,sharpness,mouth,16.4668
-1,gt,283979598869ec6d8c5cdbe66eb5ecb8_shot_001_000,sync_d,mouth,8.405603
-1,gt,283979598869ec6d8c5cdbe66eb5ecb8_shot_001_000,sync_c,mouth,4.753981
0,1000.000000,283979598869ec6d8c5cdbe66eb5ecb8_shot_001_000,pixel_mse,mouth,0.0055833
0,1000.000000,283979598869ec6d8c5cdbe66eb5ecb8_shot_001_000,pixel_mse,full,0.00437339
0,1000.000000,283979598869ec6d8c5cdbe66eb5ecb8_shot_001_000,ssim,mouth,0.66964108
0,1000.000000,283979598869ec6d8c5cdbe66eb5ecb8_shot_001_000,ssim,full,0.77060169
0,1000.000000,283979598869ec6d8c5cdbe66eb5ecb8_shot_001_000,lpips,mouth,0.38251147
0,1000.000000,283979598869ec6d8c5cdbe66eb5ecb8_shot_001_000,lpips,full,0.32059908
0,1000.000000,283979598869ec6d8c5cdbe66eb5ecb8_shot_001_000,sharpness,mouth,9.4701
0,1000.000000,283979598869ec6d8c5cdbe66eb5ecb8_shot_001_000,lmd,mouth,2.865756
1,997.035706,283979598869ec6d8c5cdbe66eb5ecb8_shot_001_000,pixel_mse,mouth,0.007059
1,997.035706,283979598869ec6d8c5cdbe66eb5ecb8_shot_001_000,pixel_mse,full,0.00503308
1,997.035706,283979598869ec6d8c5cdbe66eb5ecb8_shot_001_000,ssim,mouth,0.65318322
1,997.035706,283979598869ec6d8c5cdbe66eb5ecb8_shot_001_000,ssim,full,0.75330049
1,997.035706,283979598869ec6d8c5cdbe66eb5ecb8_shot_001_000,lpips,mouth,0.38906613
1,997.035706,283979598869ec6d8c5cdbe66eb5ecb8_shot_001_000,lpips,full,0.32335591
1,997.035706,283979598869ec6d8c5cdbe66eb5ecb8_shot_001_000,sharpness,mouth,8.5777
1,997.035706,283979598869ec6d8c5cdbe66eb5ecb8_shot_001_000,lmd,mouth,1.98762
1,997.035706,283979598869ec6d8c5cdbe66eb5ecb8_shot_001_000,sync_d,mouth,10.65101
1,997.035706,283979598869ec6d8c5cdbe66eb5ecb8_shot_001_000,sync_c,mouth,0.559621
2,993.963867,283979598869ec6d8c5cdbe66eb5ecb8_shot_001_000,pixel_mse,mouth,0.00693034
2,993.963867,283979598869ec6d8c5cdbe66eb5ecb8_shot_001_000,pixel_mse,full,0.00513598
2,993.963867,283979598869ec6d8c5cdbe66eb5ecb8_shot_001_000,ssim,mouth,0.64839101
2,993.963867,283979598869ec6d8c5cdbe66eb5ecb8_shot_001_000,ssim,full,0.74704599
2,993.963867,283979598869ec6d8c5cdbe66eb5ecb8_shot_001_000,lpips,mouth,0.38656783
2,993.963867,283979598869ec6d8c5cdbe66eb5ecb8_shot_001_000,lpips,full,0.32013065
2,993.963867,283979598869ec6d8c5cdbe66eb5ecb8_shot_001_000,sharpness,mouth,9.5244
2,993.963867,283979598869ec6d8c5cdbe66eb5ecb8_shot_001_000,lmd,mouth,2.30986
2,993.963867,283979598869ec6d8c5cdbe66eb5ecb8_shot_001_000,sync_d,mouth,10.903456
2,993.963867,283979598869ec6d8c5cdbe66eb5ecb8_shot_001_000,sync_c,mouth,0.585707
3,990.779053,283979598869ec6d8c5cdbe66eb5ecb8_shot_001_000,pixel_mse,mouth,0.00786746
3,990.779053,283979598869ec6d8c5cdbe66eb5ecb8_shot_001_000,pixel_mse,full,0.00510833
3,990.779053,283979598869ec6d8c5cdbe66eb5ecb8_shot_001_000,ssim,mouth,0.63815135
3,990.779053,283979598869ec6d8c5cdbe66eb5ecb8_shot_001_000,ssim,full,0.75211877
3,990.779053,283979598869ec6d8c5cdbe66eb5ecb8_shot_001_000,lpips,mouth,0.3966957
3,990.779053,283979598869ec6d8c5cdbe66eb5ecb8_shot_001_000,lpips,full,0.33536378
3,990.779053,283979598869ec6d8c5cdbe66eb5ecb8_shot_001_000,sharpness,mouth,8.8921
3,990.779053,283979598869ec6d8c5cdbe66eb5ecb8_shot_001_000,lmd,mouth,2.610286
3,990.779053,283979598869ec6d8c5cdbe66eb5ecb8_shot_001_000,sync_d,mouth,11.001846
3,990.779053,283979598869ec6d8c5cdbe66eb5ecb8_shot_001_000,sync_c,mouth,0.493863
4,987.474243,283979598869ec6d8c5cdbe66eb5ecb8_shot_001_000,pixel_mse,mouth,0.00818724
4,987.474243,283979598869ec6d8c5cdbe66eb5ecb8_shot_001_000,pixel_mse,full,0.00536244
4,987.474243,283979598869ec6d8c5cdbe66eb5ecb8_shot_001_000,ssim,mouth,0.63281345
4,987.474243,283979598869ec6d8c5cdbe66eb5ecb8_shot_001_000,ssim,full,0.75225627
4,987.474243,283979598869ec6d8c5cdbe66eb5ecb8_shot_001_000,lpips,mouth,0.39123219
4,987.474243,283979598869ec6d8c5cdbe66eb5ecb8_shot_001_000,lpips,full,0.32941926
4,987.474243,283979598869ec6d8c5cdbe66eb5ecb8_shot_001_000,sharpness,mouth,8.7411
4,987.474243,283979598869ec6d8c5cdbe66eb5ecb8_shot_001_000,lmd,mouth,3.233034
4,987.474243,283979598869ec6d8c5cdbe66eb5ecb8_shot_001_000,sync_d,mouth,10.824933
4,987.474243,283979598869ec6d8c5cdbe66eb5ecb8_shot_001_000,sync_c,mouth,0.379226
5,984.043091,283979598869ec6d8c5cdbe66eb5ecb8_shot_001_000,pixel_mse,mouth,0.00942978
5,984.043091,283979598869ec6d8c5cdbe66eb5ecb8_shot_001_000,pixel_mse,full,0.00555034
5,984.043091,283979598869ec6d8c5cdbe66eb5ecb8_shot_001_000,ssim,mouth,0.61743271
5,984.043091,283979598869ec6d8c5cdbe66eb5ecb8_shot_001_000,ssim,full,0.74864346
5,984.043091,283979598869ec6d8c5cdbe66eb5ecb8_shot_001_000,lpips,mouth,0.38731357
5,984.043091,283979598869ec6d8c5cdbe66eb5ecb8_shot_001_000,lpips,full,0.32376686
5,984.043091,283979598869ec6d8c5cdbe66eb5ecb8_shot_001_000,sharpness,mouth,9.272
5,984.043091,283979598869ec6d8c5cdbe66eb5ecb8_shot_001_000,lmd,mouth,2.490473
5,984.043091,283979598869ec6d8c5cdbe66eb5ecb8_shot_001_000,sync_d,mouth,11.101032
5,984.043091,283979598869ec6d8c5cdbe66eb5ecb8_shot_001_000,sync_c,mouth,0.235502
6,980.477844,283979598869ec6d8c5cdbe66eb5ecb8_shot_001_000,pixel_mse,mouth,0.00855903
6,980.477844,283979598869ec6d8c5cdbe66eb5ecb8_shot_001_000,pixel_mse,full,0.00554342
6,980.477844,283979598869ec6d8c5cdbe66eb5ecb8_shot_001_000,ssim,mouth,0.63254416
6,980.477844,283979598869ec6d8c5cdbe66eb5ecb8_shot_001_000,ssim,full,0.74654055
6,980.477844,283979598869ec6d8c5cdbe66eb5ecb8_shot_001_000,lpips,mouth,0.39178702
6,980.477844,283979598869ec6d8c5cdbe66eb5ecb8_shot_001_000,lpips,full,0.30785453
6,980.477844,283979598869ec6d8c5cdbe66eb5ecb8_shot_001_000,sharpness,mouth,8.772
6,980.477844,283979598869ec6d8c5cdbe66eb5ecb8_shot_001_000,lmd,mouth,2.999933
6,980.477844,283979598869ec6d8c5cdbe66eb5ecb8_shot_001_000,sync_d,mouth,11.057316
6,980.477844,283979598869ec6d8c5cdbe66eb5ecb8_shot_001_000,sync_c,mouth,0.60572
7,976.770691,283979598869ec6d8c5cdbe66eb5ecb8_shot_001_000,pixel_mse,mouth,0.00999167
7,976.770691,283979598869ec6d8c5cdbe66eb5ecb8_shot_001_000,pixel_mse,full,0.00598445
7,976.770691,283979598869ec6d8c5cdbe66eb5ecb8_shot_001_000,ssim,mouth,0.61917752
7,976.770691,283979598869ec6d8c5cdbe66eb5ecb8_shot_001_000,ssim,full,0.73510933
7,976.770691,283979598869ec6d8c5cdbe66eb5ecb8_shot_001_000,lpips,mouth,0.382927
7,976.770691,283979598869ec6d8c5cdbe66eb5ecb8_shot_001_000,lpips,full,0.29541996
7,976.770691,283979598869ec6d8c5cdbe66eb5ecb8_shot_001_000,sharpness,mouth,9.2906
7,976.770691,283979598869ec6d8c5cdbe66eb5ecb8_shot_001_000,lmd,mouth,3.345418
7,976.770691,283979598869ec6d8c5cdbe66eb5ecb8_shot_001_000,sync_d,mouth,10.373331
7,976.770691,283979598869ec6d8c5cdbe66eb5ecb8_shot_001_000,sync_c,mouth,1.672648
8,972.912842,283979598869ec6d8c5cdbe66eb5ecb8_shot_001_000,pixel_mse,mouth,0.01074203
8,972.912842,283979598869ec6d8c5cdbe66eb5ecb8_shot_001_000,pixel_mse,full,0.00605471
8,972.912842,283979598869ec6d8c5cdbe66eb5ecb8_shot_001_000,ssim,mouth,0.61352211
8,972.912842,283979598869ec6d8c5cdbe66eb5ecb8_shot_001_000,ssim,full,0.73280704
8,972.912842,283979598869ec6d8c5cdbe66eb5ecb8_shot_001_000,lpips,mouth,0.38044345
8,972.912842,283979598869ec6d8c5cdbe66eb5ecb8_shot_001_000,lpips,full,0.2859832
8,972.912842,283979598869ec6d8c5cdbe66eb5ecb8_shot_001_000,sharpness,mouth,9.2644
8,972.912842,283979598869ec6d8c5cdbe66eb5ecb8_shot_001_000,lmd,mouth,3.137476
8,972.912842,283979598869ec6d8c5cdbe66eb5ecb8_shot_001_000,sync_d,mouth,10.328155
8,972.912842,283979598869ec6d8c5cdbe66eb5ecb8_shot_001_000,sync_c,mouth,1.842826
9,968.895081,283979598869ec6d8c5cdbe66eb5ecb8_shot_001_000,pixel_mse,mouth,0.01028176
9,968.895081,283979598869ec6d8c5cdbe66eb5ecb8_shot_001_000,pixel_mse,full,0.0062588
9,968.895081,283979598869ec6d8c5cdbe66eb5ecb8_shot_001_000,ssim,mouth,0.61387646
9,968.895081,283979598869ec6d8c5cdbe66eb5ecb8_shot_001_000,ssim,full,0.73180401
9,968.895081,283979598869ec6d8c5cdbe66eb5ecb8_shot_001_000,lpips,mouth,0.37761179
9,968.895081,283979598869ec6d8c5cdbe66eb5ecb8_shot_001_000,lpips,full,0.27855131
9,968.895081,283979598869ec6d8c5cdbe66eb5ecb8_shot_001_000,sharpness,mouth,9.6196
9,968.895081,283979598869ec6d8c5cdbe66eb5ecb8_shot_001_000,lmd,mouth,2.956426
9,968.895081,283979598869ec6d8c5cdbe66eb5ecb8_shot_001_000,sync_d,mouth,10.356582
9,968.895081,283979598869ec6d8c5cdbe66eb5ecb8_shot_001_000,sync_c,mouth,2.077579
10,964.707153,283979598869ec6d8c5cdbe66eb5ecb8_shot_001_000,pixel_mse,mouth,0.01082036
10,964.707153,283979598869ec6d8c5cdbe66eb5ecb8_shot_001_000,pixel_mse,full,0.00645805
10,964.707153,283979598869ec6d8c5cdbe66eb5ecb8_shot_001_000,ssim,mouth,0.61070663
10,964.707153,283979598869ec6d8c5cdbe66eb5ecb8_shot_001_000,ssim,full,0.72871363
10,964.707153,283979598869ec6d8c5cdbe66eb5ecb8_shot_001_000,lpips,mouth,0.37833163
10,964.707153,283979598869ec6d8c5cdbe66eb5ecb8_shot_001_000,lpips,full,0.27565539
10,964.707153,283979598869ec6d8c5cdbe66eb5ecb8_shot_001_000,sharpness,mouth,9.3168
10,964.707153,283979598869ec6d8c5cdbe66eb5ecb8_shot_001_000,lmd,mouth,2.989389
10,964.707153,283979598869ec6d8c5cdbe66eb5ecb8_shot_001_000,sync_d,mouth,10.783319
10,964.707153,283979598869ec6d8c5cdbe66eb5ecb8_shot_001_000,sync_c,mouth,2.038645
11,960.337952,283979598869ec6d8c5cdbe66eb5ecb8_shot_001_000,pixel_mse,mouth,0.0116821
11,960.337952,283979598869ec6d8c5cdbe66eb5ecb8_shot_001_000,pixel_mse,full,0.00648683
11,960.337952,283979598869ec6d8c5cdbe66eb5ecb8_shot_001_000,ssim,mouth,0.60015684
11,960.337952,283979598869ec6d8c5cdbe66eb5ecb8_shot_001_000,ssim,full,0.72634137
11,960.337952,283979598869ec6d8c5cdbe66eb5ecb8_shot_001_000,lpips,mouth,0.37422299
11,960.337952,283979598869ec6d8c5cdbe66eb5ecb8_shot_001_000,lpips,full,0.26873043
11,960.337952,283979598869ec6d8c5cdbe66eb5ecb8_shot_001_000,sharpness,mouth,9.924
11,960.337952,283979598869ec6d8c5cdbe66eb5ecb8_shot_001_000,lmd,mouth,2.586358
11,960.337952,283979598869ec6d8c5cdbe66eb5ecb8_shot_001_000,sync_d,mouth,9.819383
11,960.337952,283979598869ec6d8c5cdbe66eb5ecb8_shot_001_000,sync_c,mouth,3.324454
12,955.775635,283979598869ec6d8c5cdbe66eb5ecb8_shot_001_000,pixel_mse,mouth,0.01103191
12,955.775635,283979598869ec6d8c5cdbe66eb5ecb8_shot_001_000,pixel_mse,full,0.00625981
12,955.775635,283979598869ec6d8c5cdbe66eb5ecb8_shot_001_000,ssim,mouth,0.60664266
12,955.775635,283979598869ec6d8c5cdbe66eb5ecb8_shot_001_000,ssim,full,0.73120445
12,955.775635,283979598869ec6d8c5cdbe66eb5ecb8_shot_001_000,lpips,mouth,0.36893162
12,955.775635,283979598869ec6d8c5cdbe66eb5ecb8_shot_001_000,lpips,full,0.2652683
12,955.775635,283979598869ec6d8c5cdbe66eb5ecb8_shot_001_000,sharpness,mouth,9.491
12,955.775635,283979598869ec6d8c5cdbe66eb5ecb8_shot_001_000,lmd,mouth,3.178335
12,955.775635,283979598869ec6d8c5cdbe66eb5ecb8_shot_001_000,sync_d,mouth,9.618207
12,955.775635,283979598869ec6d8c5cdbe66eb5ecb8_shot_001_000,sync_c,mouth,3.496509
13,951.006897,283979598869ec6d8c5cdbe66eb5ecb8_shot_001_000,pixel_mse,mouth,0.01110212
13,951.006897,283979598869ec6d8c5cdbe66eb5ecb8_shot_001_000,pixel_mse,full,0.00632882
13,951.006897,283979598869ec6d8c5cdbe66eb5ecb8_shot_001_000,ssim,mouth,0.60434479
13,951.006897,283979598869ec6d8c5cdbe66eb5ecb8_shot_001_000,ssim,full,0.72945458
13,951.006897,283979598869ec6d8c5cdbe66eb5ecb8_shot_001_000,lpips,mouth,0.35863277
13,951.006897,283979598869ec6d8c5cdbe66eb5ecb8_shot_001_000,lpips,full,0.26537672
13,951.006897,283979598869ec6d8c5cdbe66eb5ecb8_shot_001_000,sharpness,mouth,9.6694
13,951.006897,283979598869ec6d8c5cdbe66eb5ecb8_shot_001_000,lmd,mouth,3.39807
13,951.006897,283979598869ec6d8c5cdbe66eb5ecb8_shot_001_000,sync_d,mouth,9.400145
13,951.006897,283979598869ec6d8c5cdbe66eb5ecb8_shot_001_000,sync_c,mouth,3.779237
14,946.017517,283979598869ec6d8c5cdbe66eb5ecb8_shot_001_000,pixel_mse,mouth,0.01237173
14,946.017517,283979598869ec6d8c5cdbe66eb5ecb8_shot_001_000,pixel_mse,full,0.00652391
14,946.017517,283979598869ec6d8c5cdbe66eb5ecb8_shot_001_000,ssim,mouth,0.59238029
14,946.017517,283979598869ec6d8c5cdbe66eb5ecb8_shot_001_000,ssim,full,0.72599357
14,946.017517,283979598869ec6d8c5cdbe66eb5ecb8_shot_001_000,lpips,mouth,0.35939032
14,946.017517,283979598869ec6d8c5cdbe66eb5ecb8_shot_001_000,lpips,full,0.26097879
14,946.017517,283979598869ec6d8c5cdbe66eb5ecb8_shot_001_000,sharpness,mouth,9.8295
14,946.017517,283979598869ec6d8c5cdbe66eb5ecb8_shot_001_000,lmd,mouth,3.276603
14,946.017517,283979598869ec6d8c5cdbe66eb5ecb8_shot_001_000,sync_d,mouth,9.431118
14,946.017517,283979598869ec6d8c5cdbe66eb5ecb8_shot_001_000,sync_c,mouth,3.72778
15,940.791870,283979598869ec6d8c5cdbe66eb5ecb8_shot_001_000,pixel_mse,mouth,0.01144864
15,940.791870,283979598869ec6d8c5cdbe66eb5ecb8_shot_001_000,pixel_mse,full,0.00647565
15,940.791870,283979598869ec6d8c5cdbe66eb5ecb8_shot_001_000,ssim,mouth,0.59696269
15,940.791870,283979598869ec6d8c5cdbe66eb5ecb8_shot_001_000,ssim,full,0.72530091
15,940.791870,283979598869ec6d8c5cdbe66eb5ecb8_shot_001_000,lpips,mouth,0.35762534
15,940.791870,283979598869ec6d8c5cdbe66eb5ecb8_shot_001_000,lpips,full,0.25908366
15,940.791870,283979598869ec6d8c5cdbe66eb5ecb8_shot_001_000,sharpness,mouth,9.1424
15,940.791870,283979598869ec6d8c5cdbe66eb5ecb8_shot_001_000,lmd,mouth,3.122261
15,940.791870,283979598869ec6d8c5cdbe66eb5ecb8_shot_001_000,sync_d,mouth,9.684288
15,940.791870,283979598869ec6d8c5cdbe66eb5ecb8_shot_001_000,sync_c,mouth,3.771933
16,935.312622,283979598869ec6d8c5cdbe66eb5ecb8_shot_001_000,pixel_mse,mouth,0.01198995
16,935.312622,283979598869ec6d8c5cdbe66eb5ecb8_shot_001_000,pixel_mse,full,0.00647474
16,935.312622,283979598869ec6d8c5cdbe66eb5ecb8_shot_001_000,ssim,mouth,0.5918715
16,935.312622,283979598869ec6d8c5cdbe66eb5ecb8_shot_001_000,ssim,full,0.72624475
16,935.312622,283979598869ec6d8c5cdbe66eb5ecb8_shot_001_000,lpips,mouth,0.35384366
16,935.312622,283979598869ec6d8c5cdbe66eb5ecb8_shot_001_000,lpips,full,0.2522049
16,935.312622,283979598869ec6d8c5cdbe66eb5ecb8_shot_001_000,sharpness,mouth,9.2479
16,935.312622,283979598869ec6d8c5cdbe66eb5ecb8_shot_001_000,lmd,mouth,2.978969
16,935.312622,283979598869ec6d8c5cdbe66eb5ecb8_shot_001_000,sync_d,mouth,9.351832
16,935.312622,283979598869ec6d8c5cdbe66eb5ecb8_shot_001_000,sync_c,mouth,3.814632
17,929.560913,283979598869ec6d8c5cdbe66eb5ecb8_shot_001_000,pixel_mse,mouth,0.01157563
17,929.560913,283979598869ec6d8c5cdbe66eb5ecb8_shot_001_000,pixel_mse,full,0.00650585
17,929.560913,283979598869ec6d8c5cdbe66eb5ecb8_shot_001_000,ssim,mouth,0.59302622
17,929.560913,283979598869ec6d8c5cdbe66eb5ecb8_shot_001_000,ssim,full,0.72633243
17,929.560913,283979598869ec6d8c5cdbe66eb5ecb8_shot_001_000,lpips,mouth,0.34793276
17,929.560913,283979598869ec6d8c5cdbe66eb5ecb8_shot_001_000,lpips,full,0.2497296
17,929.560913,283979598869ec6d8c5cdbe66eb5ecb8_shot_001_000,sharpness,mouth,9.4745
17,929.560913,283979598869ec6d8c5cdbe66eb5ecb8_shot_001_000,lmd,mouth,3.004456
17,929.560913,283979598869ec6d8c5cdbe66eb5ecb8_shot_001_000,sync_d,mouth,9.193051
17,929.560913,283979598869ec6d8c5cdbe66eb5ecb8_shot_001_000,sync_c,mouth,4.187972
18,923.515991,283979598869ec6d8c5cdbe66eb5ecb8_shot_001_000,pixel_mse,mouth,0.01274932
18,923.515991,283979598869ec6d8c5cdbe66eb5ecb8_shot_001_000,pixel_mse,full,0.00654276
18,923.515991,283979598869ec6d8c5cdbe66eb5ecb8_shot_001_000,ssim,mouth,0.57650554
18,923.515991,283979598869ec6d8c5cdbe66eb5ecb8_shot_001_000,ssim,full,0.72331524
18,923.515991,283979598869ec6d8c5cdbe66eb5ecb8_shot_001_000,lpips,mouth,0.33589134
18,923.515991,283979598869ec6d8c5cdbe66eb5ecb8_shot_001_000,lpips,full,0.24873272
18,923.515991,283979598869ec6d8c5cdbe66eb5ecb8_shot_001_000,sharpness,mouth,10.2994
18,923.515991,283979598869ec6d8c5cdbe66eb5ecb8_shot_001_000,lmd,mouth,3.324656
18,923.515991,283979598869ec6d8c5cdbe66eb5ecb8_shot_001_000,sync_d,mouth,9.488937
18,923.515991,283979598869ec6d8c5cdbe66eb5ecb8_shot_001_000,sync_c,mouth,4.145506
19,917.154785,283979598869ec6d8c5cdbe66eb5ecb8_shot_001_000,pixel_mse,mouth,0.01319109
19,917.154785,283979598869ec6d8c5cdbe66eb5ecb8_shot_001_000,pixel_mse,full,0.00660161
19,917.154785,283979598869ec6d8c5cdbe66eb5ecb8_shot_001_000,ssim,mouth,0.56925118
19,917.154785,283979598869ec6d8c5cdbe66eb5ecb8_shot_001_000,ssim,full,0.72184741
19,917.154785,283979598869ec6d8c5cdbe66eb5ecb8_shot_001_000,lpips,mouth,0.33584225
19,917.154785,283979598869ec6d8c5cdbe66eb5ecb8_shot_001_000,lpips,full,0.24936
19,917.154785,283979598869ec6d8c5cdbe66eb5ecb8_shot_001_000,sharpness,mouth,10.5718
19,917.154785,283979598869ec6d8c5cdbe66eb5ecb8_shot_001_000,lmd,mouth,3.150366
19,917.154785,283979598869ec6d8c5cdbe66eb5ecb8_shot_001_000,sync_d,mouth,9.486077
19,917.154785,283979598869ec6d8c5cdbe66eb5ecb8_shot_001_000,sync_c,mouth,4.434379
20,910.451721,283979598869ec6d8c5cdbe66eb5ecb8_shot_001_000,pixel_mse,mouth,0.01293397
20,910.451721,283979598869ec6d8c5cdbe66eb5ecb8_shot_001_000,pixel_mse,full,0.00657452
20,910.451721,283979598869ec6d8c5cdbe66eb5ecb8_shot_001_000,ssim,mouth,0.56943017
20,910.451721,283979598869ec6d8c5cdbe66eb5ecb8_shot_001_000,ssim,full,0.72182673
20,910.451721,283979598869ec6d8c5cdbe66eb5ecb8_shot_001_000,lpips,mouth,0.33868459
20,910.451721,283979598869ec6d8c5cdbe66eb5ecb8_shot_001_000,lpips,full,0.24645764
20,910.451721,283979598869ec6d8c5cdbe66eb5ecb8_shot_001_000,sharpness,mouth,10.7403
20,910.451721,283979598869ec6d8c5cdbe66eb5ecb8_shot_001_000,lmd,mouth,2.925917
20,910.451721,283979598869ec6d8c5cdbe66eb5ecb8_shot_001_000,sync_d,mouth,9.12202
20,910.451721,283979598869ec6d8c5cdbe66eb5ecb8_shot_001_000,sync_c,mouth,4.482769
21,903.378723,283979598869ec6d8c5cdbe66eb5ecb8_shot_001_000,pixel_mse,mouth,0.01397984
21,903.378723,283979598869ec6d8c5cdbe66eb5ecb8_shot_001_000,pixel_mse,full,0.00659228
21,903.378723,283979598869ec6d8c5cdbe66eb5ecb8_shot_001_000,ssim,mouth,0.55948383
21,903.378723,283979598869ec6d8c5cdbe66eb5ecb8_shot_001_000,ssim,full,0.71933454
21,903.378723,283979598869ec6d8c5cdbe66eb5ecb8_shot_001_000,lpips,mouth,0.34009606
21,903.378723,283979598869ec6d8c5cdbe66eb5ecb8_shot_001_000,lpips,full,0.24655992
21,903.378723,283979598869ec6d8c5cdbe66eb5ecb8_shot_001_000,sharpness,mouth,11.1414
21,903.378723,283979598869ec6d8c5cdbe66eb5ecb8_shot_001_000,lmd,mouth,2.979433
21,903.378723,283979598869ec6d8c5cdbe66eb5ecb8_shot_001_000,sync_d,mouth,9.442002
21,903.378723,283979598869ec6d8c5cdbe66eb5ecb8_shot_001_000,sync_c,mouth,4.036532
22,895.903931,283979598869ec6d8c5cdbe66eb5ecb8_shot_001_000,pixel_mse,mouth,0.01397123
22,895.903931,283979598869ec6d8c5cdbe66eb5ecb8_shot_001_000,pixel_mse,full,0.00659634
22,895.903931,283979598869ec6d8c5cdbe66eb5ecb8_shot_001_000,ssim,mouth,0.55702221
22,895.903931,283979598869ec6d8c5cdbe66eb5ecb8_shot_001_000,ssim,full,0.72047347
22,895.903931,283979598869ec6d8c5cdbe66eb5ecb8_shot_001_000,lpips,mouth,0.33919457
22,895.903931,283979598869ec6d8c5cdbe66eb5ecb8_shot_001_000,lpips,full,0.24492653
22,895.903931,283979598869ec6d8c5cdbe66eb5ecb8_shot_001_000,sharpness,mouth,11.1936
22,895.903931,283979598869ec6d8c5cdbe66eb5ecb8_shot_001_000,lmd,mouth,3.057334
22,895.903931,283979598869ec6d8c5cdbe66eb5ecb8_shot_001_000,sync_d,mouth,9.309141
22,895.903931,283979598869ec6d8c5cdbe66eb5ecb8_shot_001_000,sync_c,mouth,4.276774
23,887.992493,283979598869ec6d8c5cdbe66eb5ecb8_shot_001_000,pixel_mse,mouth,0.01374571
23,887.992493,283979598869ec6d8c5cdbe66eb5ecb8_shot_001_000,pixel_mse,full,0.00659583
23,887.992493,283979598869ec6d8c5cdbe66eb5ecb8_shot_001_000,ssim,mouth,0.56221372
23,887.992493,283979598869ec6d8c5cdbe66eb5ecb8_shot_001_000,ssim,full,0.72034013
23,887.992493,283979598869ec6d8c5cdbe66eb5ecb8_shot_001_000,lpips,mouth,0.34171987
23,887.992493,283979598869ec6d8c5cdbe66eb5ecb8_shot_001_000,lpips,full,0.2437284
23,887.992493,283979598869ec6d8c5cdbe66eb5ecb8_shot_001_000,sharpness,mouth,11.0236
23,887.992493,283979598869ec6d8c5cdbe66eb5ecb8_shot_001_000,lmd,mouth,2.985388
23,887.992493,283979598869ec6d8c5cdbe66eb5ecb8_shot_001_000,sync_d,mouth,9.79466
23,887.992493,283979598869ec6d8c5cdbe66eb5ecb8_shot_001_000,sync_c,mouth,4.043208
24,879.604736,283979598869ec6d8c5cdbe66eb5ecb8_shot_001_000,pixel_mse,mouth,0.01385404
24,879.604736,283979598869ec6d8c5cdbe66eb5ecb8_shot_001_000,pixel_mse,full,0.00657185
24,879.604736,283979598869ec6d8c5cdbe66eb5ecb8_shot_001_000,ssim,mouth,0.55919832
24,879.604736,283979598869ec6d8c5cdbe66eb5ecb8_shot_001_000,ssim,full,0.72078222
24,879.604736,283979598869ec6d8c5cdbe66eb5ecb8_shot_001_000,lpips,mouth,0.3399125
24,879.604736,283979598869ec6d8c5cdbe66eb5ecb8_shot_001_000,lpips,full,0.24304776
24,879.604736,283979598869ec6d8c5cdbe66eb5ecb8_shot_001_000,sharpness,mouth,11.1464
24,879.604736,283979598869ec6d8c5cdbe66eb5ecb8_shot_001_000,lmd,mouth,2.907969
24,879.604736,283979598869ec6d8c5cdbe66eb5ecb8_shot_001_000,sync_d,mouth,9.525646
24,879.604736,283979598869ec6d8c5cdbe66eb5ecb8_shot_001_000,sync_c,mouth,3.957022
25,870.696350,283979598869ec6d8c5cdbe66eb5ecb8_shot_001_000,pixel_mse,mouth,0.0141675
25,870.696350,283979598869ec6d8c5cdbe66eb5ecb8_shot_001_000,pixel_mse,full,0.00656788
25,870.696350,283979598869ec6d8c5cdbe66eb5ecb8_shot_001_000,ssim,mouth,0.55971938
25,870.696350,283979598869ec6d8c5cdbe66eb5ecb8_shot_001_000,ssim,full,0.71921045
25,870.696350,283979598869ec6d8c5cdbe66eb5ecb8_shot_001_000,lpips,mouth,0.34081858
25,870.696350,283979598869ec6d8c5cdbe66eb5ecb8_shot_001_000,lpips,full,0.2436818
25,870.696350,283979598869ec6d8c5cdbe66eb5ecb8_shot_001_000,sharpness,mouth,10.9125
25,870.696350,283979598869ec6d8c5cdbe66eb5ecb8_shot_001_000,lmd,mouth,2.899854
25,870.696350,283979598869ec6d8c5cdbe66eb5ecb8_shot_001_000,sync_d,mouth,9.732159
25,870.696350,283979598869ec6d8c5cdbe66eb5ecb8_shot_001_000,sync_c,mouth,3.786695
26,861.217407,283979598869ec6d8c5cdbe66eb5ecb8_shot_001_000,pixel_mse,mouth,0.01379498
26,861.217407,283979598869ec6d8c5cdbe66eb5ecb8_shot_001_000,pixel_mse,full,0.00656303
26,861.217407,283979598869ec6d8c5cdbe66eb5ecb8_shot_001_000,ssim,mouth,0.56557083
26,861.217407,283979598869ec6d8c5cdbe66eb5ecb8_shot_001_000,ssim,full,0.7204178
26,861.217407,283979598869ec6d8c5cdbe66eb5ecb8_shot_001_000,lpips,mouth,0.33911058
26,861.217407,283979598869ec6d8c5cdbe66eb5ecb8_shot_001_000,lpips,full,0.24372178
26,861.217407,283979598869ec6d8c5cdbe66eb5ecb8_shot_001_000,sharpness,mouth,10.6471
26,861.217407,283979598869ec6d8c5cdbe66eb5ecb8_shot_001_000,lmd,mouth,2.933628
26,861.217407,283979598869ec6d8c5cdbe66eb5ecb8_shot_001_000,sync_d,mouth,9.615567
26,861.217407,283979598869ec6d8c5cdbe66eb5ecb8_shot_001_000,sync_c,mouth,4.093684
27,851.111145,283979598869ec6d8c5cdbe66eb5ecb8_shot_001_000,pixel_mse,mouth,0.01400437
27,851.111145,283979598869ec6d8c5cdbe66eb5ecb8_shot_001_000,pixel_mse,full,0.00656168
27,851.111145,283979598869ec6d8c5cdbe66eb5ecb8_shot_001_000,ssim,mouth,0.56355375
27,851.111145,283979598869ec6d8c5cdbe66eb5ecb8_shot_001_000,ssim,full,0.72129607
27,851.111145,283979598869ec6d8c5cdbe66eb5ecb8_shot_001_000,lpips,mouth,0.33457932
27,851.111145,283979598869ec6d8c5cdbe66eb5ecb8_shot_001_000,lpips,full,0.2418111
27,851.111145,283979598869ec6d8c5cdbe66eb5ecb8_shot_001_000,sharpness,mouth,11.0661
27,851.111145,283979598869ec6d8c5cdbe66eb5ecb8_shot_001_000,lmd,mouth,2.830248
27,851.111145,283979598869ec6d8c5cdbe66eb5ecb8_shot_001_000,sync_d,mouth,9.467923
27,851.111145,283979598869ec6d8c5cdbe66eb5ecb8_shot_001_000,sync_c,mouth,4.133837
28,840.313232,283979598869ec6d8c5cdbe66eb5ecb8_shot_001_000,pixel_mse,mouth,0.01364305
28,840.313232,283979598869ec6d8c5cdbe66eb5ecb8_shot_001_000,pixel_mse,full,0.00656561
28,840.313232,283979598869ec6d8c5cdbe66eb5ecb8_shot_001_000,ssim,mouth,0.56527185
28,840.313232,283979598869ec6d8c5cdbe66eb5ecb8_shot_001_000,ssim,full,0.72147101
28,840.313232,283979598869ec6d8c5cdbe66eb5ecb8_shot_001_000,lpips,mouth,0.33860537
28,840.313232,283979598869ec6d8c5cdbe66eb5ecb8_shot_001_000,lpips,full,0.24040674
28,840.313232,283979598869ec6d8c5cdbe66eb5ecb8_shot_001_000,sharpness,mouth,10.9321
28,840.313232,283979598869ec6d8c5cdbe66eb5ecb8_shot_001_000,lmd,mouth,2.894809
28,840.313232,283979598869ec6d8c5cdbe66eb5ecb8_shot_001_000,sync_d,mouth,9.573782
28,840.313232,283979598869ec6d8c5cdbe66eb5ecb8_shot_001_000,sync_c,mouth,3.958623
29,828.750244,283979598869ec6d8c5cdbe66eb5ecb8_shot_001_000,pixel_mse,mouth,0.01398372
29,828.750244,283979598869ec6d8c5cdbe66eb5ecb8_shot_001_000,pixel_mse,full,0.00656972
29,828.750244,283979598869ec6d8c5cdbe66eb5ecb8_shot_001_000,ssim,mouth,0.56114823
29,828.750244,283979598869ec6d8c5cdbe66eb5ecb8_shot_001_000,ssim,full,0.72150576
29,828.750244,283979598869ec6d8c5cdbe66eb5ecb8_shot_001_000,lpips,mouth,0.33587822
29,828.750244,283979598869ec6d8c5cdbe66eb5ecb8_shot_001_000,lpips,full,0.24027228
29,828.750244,283979598869ec6d8c5cdbe66eb5ecb8_shot_001_000,sharpness,mouth,11.2965
29,828.750244,283979598869ec6d8c5cdbe66eb5ecb8_shot_001_000,lmd,mouth,2.767206
29,828.750244,283979598869ec6d8c5cdbe66eb5ecb8_shot_001_000,sync_d,mouth,9.724686
29,828.750244,283979598869ec6d8c5cdbe66eb5ecb8_shot_001_000,sync_c,mouth,4.069027
30,816.337830,283979598869ec6d8c5cdbe66eb5ecb8_shot_001_000,pixel_mse,mouth,0.01406199
30,816.337830,283979598869ec6d8c5cdbe66eb5ecb8_shot_001_000,pixel_mse,full,0.00657932
30,816.337830,283979598869ec6d8c5cdbe66eb5ecb8_shot_001_000,ssim,mouth,0.56049496
30,816.337830,283979598869ec6d8c5cdbe66eb5ecb8_shot_001_000,ssim,full,0.72078884
30,816.337830,283979598869ec6d8c5cdbe66eb5ecb8_shot_001_000,lpips,mouth,0.33203208
30,816.337830,283979598869ec6d8c5cdbe66eb5ecb8_shot_001_000,lpips,full,0.24058318
30,816.337830,283979598869ec6d8c5cdbe66eb5ecb8_shot_001_000,sharpness,mouth,11.5743
30,816.337830,283979598869ec6d8c5cdbe66eb5ecb8_shot_001_000,lmd,mouth,2.827338
30,816.337830,283979598869ec6d8c5cdbe66eb5ecb8_shot_001_000,sync_d,mouth,9.822325
30,816.337830,283979598869ec6d8c5cdbe66eb5ecb8_shot_001_000,sync_c,mouth,3.665111
31,802.978699,283979598869ec6d8c5cdbe66eb5ecb8_shot_001_000,pixel_mse,mouth,0.01451895
31,802.978699,283979598869ec6d8c5cdbe66eb5ecb8_shot_001_000,pixel_mse,full,0.00658498
31,802.978699,283979598869ec6d8c5cdbe66eb5ecb8_shot_001_000,ssim,mouth,0.55816817
31,802.978699,283979598869ec6d8c5cdbe66eb5ecb8_shot_001_000,ssim,full,0.71986949
31,802.978699,283979598869ec6d8c5cdbe66eb5ecb8_shot_001_000,lpips,mouth,0.33440819
31,802.978699,283979598869ec6d8c5cdbe66eb5ecb8_shot_001_000,lpips,full,0.23995279
31,802.978699,283979598869ec6d8c5cdbe66eb5ecb8_shot_001_000,sharpness,mouth,11.8832
31,802.978699,283979598869ec6d8c5cdbe66eb5ecb8_shot_001_000,lmd,mouth,2.797892
31,802.978699,283979598869ec6d8c5cdbe66eb5ecb8_shot_001_000,sync_d,mouth,9.610931
31,802.978699,283979598869ec6d8c5cdbe66eb5ecb8_shot_001_000,sync_c,mouth,4.013458
32,788.560242,283979598869ec6d8c5cdbe66eb5ecb8_shot_001_000,pixel_mse,mouth,0.01455523
32,788.560242,283979598869ec6d8c5cdbe66eb5ecb8_shot_001_000,pixel_mse,full,0.00658132
32,788.560242,283979598869ec6d8c5cdbe66eb5ecb8_shot_001_000,ssim,mouth,0.55926871
32,788.560242,283979598869ec6d8c5cdbe66eb5ecb8_shot_001_000,ssim,full,0.71994048
32,788.560242,283979598869ec6d8c5cdbe66eb5ecb8_shot_001_000,lpips,mouth,0.33306742
32,788.560242,283979598869ec6d8c5cdbe66eb5ecb8_shot_001_000,lpips,full,0.23920088
32,788.560242,283979598869ec6d8c5cdbe66eb5ecb8_shot_001_000,sharpness,mouth,11.8667
32,788.560242,283979598869ec6d8c5cdbe66eb5ecb8_shot_001_000,lmd,mouth,2.852332
32,788.560242,283979598869ec6d8c5cdbe66eb5ecb8_shot_001_000,sync_d,mouth,9.781017
32,788.560242,283979598869ec6d8c5cdbe66eb5ecb8_shot_001_000,sync_c,mouth,3.973172
33,772.951477,283979598869ec6d8c5cdbe66eb5ecb8_shot_001_000,pixel_mse,mouth,0.01412683
33,772.951477,283979598869ec6d8c5cdbe66eb5ecb8_shot_001_000,pixel_mse,full,0.00659052
33,772.951477,283979598869ec6d8c5cdbe66eb5ecb8_shot_001_000,ssim,mouth,0.55899459
33,772.951477,283979598869ec6d8c5cdbe66eb5ecb8_shot_001_000,ssim,full,0.71980143
33,772.951477,283979598869ec6d8c5cdbe66eb5ecb8_shot_001_000,lpips,mouth,0.33504599
33,772.951477,283979598869ec6d8c5cdbe66eb5ecb8_shot_001_000,lpips,full,0.24022184
33,772.951477,283979598869ec6d8c5cdbe66eb5ecb8_shot_001_000,sharpness,mouth,11.7753
33,772.951477,283979598869ec6d8c5cdbe66eb5ecb8_shot_001_000,lmd,mouth,2.891057
33,772.951477,283979598869ec6d8c5cdbe66eb5ecb8_shot_001_000,sync_d,mouth,9.547132
33,772.951477,283979598869ec6d8c5cdbe66eb5ecb8_shot_001_000,sync_c,mouth,3.879079
34,755.998352,283979598869ec6d8c5cdbe66eb5ecb8_shot_001_000,pixel_mse,mouth,0.01445382
34,755.998352,283979598869ec6d8c5cdbe66eb5ecb8_shot_001_000,pixel_mse,full,0.0065731
34,755.998352,283979598869ec6d8c5cdbe66eb5ecb8_shot_001_000,ssim,mouth,0.55698305
34,755.998352,283979598869ec6d8c5cdbe66eb5ecb8_shot_001_000,ssim,full,0.72023779
34,755.998352,283979598869ec6d8c5cdbe66eb5ecb8_shot_001_000,lpips,mouth,0.33396685
34,755.998352,283979598869ec6d8c5cdbe66eb5ecb8_shot_001_000,lpips,full,0.23990874
34,755.998352,283979598869ec6d8c5cdbe66eb5ecb8_shot_001_000,sharpness,mouth,11.4982
34,755.998352,283979598869ec6d8c5cdbe66eb5ecb8_shot_001_000,lmd,mouth,2.865664
34,755.998352,283979598869ec6d8c5cdbe66eb5ecb8_shot_001_000,sync_d,mouth,10.081083
34,755.998352,283979598869ec6d8c5cdbe66eb5ecb8_shot_001_000,sync_c,mouth,3.720818
35,737.519714,283979598869ec6d8c5cdbe66eb5ecb8_shot_001_000,pixel_mse,mouth,0.01405389
35,737.519714,283979598869ec6d8c5cdbe66eb5ecb8_shot_001_000,pixel_mse,full,0.00656911
35,737.519714,283979598869ec6d8c5cdbe66eb5ecb8_shot_001_000,ssim,mouth,0.55807227
35,737.519714,283979598869ec6d8c5cdbe66eb5ecb8_shot_001_000,ssim,full,0.72032541
35,737.519714,283979598869ec6d8c5cdbe66eb5ecb8_shot_001_000,lpips,mouth,0.33000097
35,737.519714,283979598869ec6d8c5cdbe66eb5ecb8_shot_001_000,lpips,full,0.23969139
35,737.519714,283979598869ec6d8c5cdbe66eb5ecb8_shot_001_000,sharpness,mouth,11.4907
35,737.519714,283979598869ec6d8c5cdbe66eb5ecb8_shot_001_000,lmd,mouth,2.883583
35,737.519714,283979598869ec6d8c5cdbe66eb5ecb8_shot_001_000,sync_d,mouth,9.539598
35,737.519714,283979598869ec6d8c5cdbe66eb5ecb8_shot_001_000,sync_c,mouth,4.222578
36,717.299683,283979598869ec6d8c5cdbe66eb5ecb8_shot_001_000,pixel_mse,mouth,0.01424721
36,717.299683,283979598869ec6d8c5cdbe66eb5ecb8_shot_001_000,pixel_mse,full,0.00657548
36,717.299683,283979598869ec6d8c5cdbe66eb5ecb8_shot_001_000,ssim,mouth,0.55687815
36,717.299683,283979598869ec6d8c5cdbe66eb5ecb8_shot_001_000,ssim,full,0.72082329
36,717.299683,283979598869ec6d8c5cdbe66eb5ecb8_shot_001_000,lpips,mouth,0.3318682
36,717.299683,283979598869ec6d8c5cdbe66eb5ecb8_shot_001_000,lpips,full,0.237712
36,717.299683,283979598869ec6d8c5cdbe66eb5ecb8_shot_001_000,sharpness,mouth,11.8454
36,717.299683,283979598869ec6d8c5cdbe66eb5ecb8_shot_001_000,lmd,mouth,2.795041
36,717.299683,283979598869ec6d8c5cdbe66eb5ecb8_shot_001_000,sync_d,mouth,9.728557
36,717.299683,283979598869ec6d8c5cdbe66eb5ecb8_shot_001_000,sync_c,mouth,3.701821
37,695.080139,283979598869ec6d8c5cdbe66eb5ecb8_shot_001_000,pixel_mse,mouth,0.01408344
37,695.080139,283979598869ec6d8c5cdbe66eb5ecb8_shot_001_000,pixel_mse,full,0.00656039
37,695.080139,283979598869ec6d8c5cdbe66eb5ecb8_shot_001_000,ssim,mouth,0.55627126
37,695.080139,283979598869ec6d8c5cdbe66eb5ecb8_shot_001_000,ssim,full,0.72071069
37,695.080139,283979598869ec6d8c5cdbe66eb5ecb8_shot_001_000,lpips,mouth,0.33033642
37,695.080139,283979598869ec6d8c5cdbe66eb5ecb8_shot_001_000,lpips,full,0.23644419
37,695.080139,283979598869ec6d8c5cdbe66eb5ecb8_shot_001_000,sharpness,mouth,11.8539
37,695.080139,283979598869ec6d8c5cdbe66eb5ecb8_shot_001_000,lmd,mouth,2.930185
37,695.080139,283979598869ec6d8c5cdbe66eb5ecb8_shot_001_000,sync_d,mouth,9.626903
37,695.080139,283979598869ec6d8c5cdbe66eb5ecb8_shot_001_000,sync_c,mouth,4.029129
38,670.548828,283979598869ec6d8c5cdbe66eb5ecb8_shot_001_000,pixel_mse,mouth,0.01402247
38,670.548828,283979598869ec6d8c5cdbe66eb5ecb8_shot_001_000,pixel_mse,full,0.006574
38,670.548828,283979598869ec6d8c5cdbe66eb5ecb8_shot_001_000,ssim,mouth,0.55722833
38,670.548828,283979598869ec6d8c5cdbe66eb5ecb8_shot_001_000,ssim,full,0.72088993
38,670.548828,283979598869ec6d8c5cdbe66eb5ecb8_shot_001_000,lpips,mouth,0.33284682
38,670.548828,283979598869ec6d8c5cdbe66eb5ecb8_shot_001_000,lpips,full,0.23702691
38,670.548828,283979598869ec6d8c5cdbe66eb5ecb8_shot_001_000,sharpness,mouth,11.7802
38,670.548828,283979598869ec6d8c5cdbe66eb5ecb8_shot_001_000,lmd,mouth,3.00793
38,670.548828,283979598869ec6d8c5cdbe66eb5ecb8_shot_001_000,sync_d,mouth,9.65291
38,670.548828,283979598869ec6d8c5cdbe66eb5ecb8_shot_001_000,sync_c,mouth,3.756153
39,643.325317,283979598869ec6d8c5cdbe66eb5ecb8_shot_001_000,pixel_mse,mouth,0.01450612
39,643.325317,283979598869ec6d8c5cdbe66eb5ecb8_shot_001_000,pixel_mse,full,0.00656984
39,643.325317,283979598869ec6d8c5cdbe66eb5ecb8_shot_001_000,ssim,mouth,0.55420405
39,643.325317,283979598869ec6d8c5cdbe66eb5ecb8_shot_001_000,ssim,full,0.72127688
39,643.325317,283979598869ec6d8c5cdbe66eb5ecb8_shot_001_000,lpips,mouth,0.33353046
39,643.325317,283979598869ec6d8c5cdbe66eb5ecb8_shot_001_000,lpips,full,0.23663372
39,643.325317,283979598869ec6d8c5cdbe66eb5ecb8_shot_001_000,sharpness,mouth,11.8071
39,643.325317,283979598869ec6d8c5cdbe66eb5ecb8_shot_001_000,lmd,mouth,2.923258
39,643.325317,283979598869ec6d8c5cdbe66eb5ecb8_shot_001_000,sync_d,mouth,9.335172
39,643.325317,283979598869ec6d8c5cdbe66eb5ecb8_shot_001_000,sync_c,mouth,4.212486
40,612.940735,283979598869ec6d8c5cdbe66eb5ecb8_shot_001_000,pixel_mse,mouth,0.01448706
40,612.940735,283979598869ec6d8c5cdbe66eb5ecb8_shot_001_000,pixel_mse,full,0.00656348
40,612.940735,283979598869ec6d8c5cdbe66eb5ecb8_shot_001_000,ssim,mouth,0.55418026
40,612.940735,283979598869ec6d8c5cdbe66eb5ecb8_shot_001_000,ssim,full,0.72079724
40,612.940735,283979598869ec6d8c5cdbe66eb5ecb8_shot_001_000,lpips,mouth,0.3354069
40,612.940735,283979598869ec6d8c5cdbe66eb5ecb8_shot_001_000,lpips,full,0.23597319
40,612.940735,283979598869ec6d8c5cdbe66eb5ecb8_shot_001_000,sharpness,mouth,11.8462
40,612.940735,283979598869ec6d8c5cdbe66eb5ecb8_shot_001_000,lmd,mouth,2.881709
40,612.940735,283979598869ec6d8c5cdbe66eb5ecb8_shot_001_000,sync_d,mouth,9.799753
40,612.940735,283979598869ec6d8c5cdbe66eb5ecb8_shot_001_000,sync_c,mouth,3.673931
41,578.810425,283979598869ec6d8c5cdbe66eb5ecb8_shot_001_000,pixel_mse,mouth,0.01428329
41,578.810425,283979598869ec6d8c5cdbe66eb5ecb8_shot_001_000,pixel_mse,full,0.00655552
41,578.810425,283979598869ec6d8c5cdbe66eb5ecb8_shot_001_000,ssim,mouth,0.55510628
41,578.810425,283979598869ec6d8c5cdbe66eb5ecb8_shot_001_000,ssim,full,0.72036409
41,578.810425,283979598869ec6d8c5cdbe66eb5ecb8_shot_001_000,lpips,mouth,0.3283425
41,578.810425,283979598869ec6d8c5cdbe66eb5ecb8_shot_001_000,lpips,full,0.23537247
41,578.810425,283979598869ec6d8c5cdbe66eb5ecb8_shot_001_000,sharpness,mouth,11.853
41,578.810425,283979598869ec6d8c5cdbe66eb5ecb8_shot_001_000,lmd,mouth,2.828125
41,578.810425,283979598869ec6d8c5cdbe66eb5ecb8_shot_001_000,sync_d,mouth,9.520844
41,578.810425,283979598869ec6d8c5cdbe66eb5ecb8_shot_001_000,sync_c,mouth,4.107847
42,540.196350,283979598869ec6d8c5cdbe66eb5ecb8_shot_001_000,pixel_mse,mouth,0.0141773
42,540.196350,283979598869ec6d8c5cdbe66eb5ecb8_shot_001_000,pixel_mse,full,0.00655673
42,540.196350,283979598869ec6d8c5cdbe66eb5ecb8_shot_001_000,ssim,mouth,0.55541301
42,540.196350,283979598869ec6d8c5cdbe66eb5ecb8_shot_001_000,ssim,full,0.72077143
42,540.196350,283979598869ec6d8c5cdbe66eb5ecb8_shot_001_000,lpips,mouth,0.33190593
42,540.196350,283979598869ec6d8c5cdbe66eb5ecb8_shot_001_000,lpips,full,0.23492692
42,540.196350,283979598869ec6d8c5cdbe66eb5ecb8_shot_001_000,sharpness,mouth,11.9783
42,540.196350,283979598869ec6d8c5cdbe66eb5ecb8_shot_001_000,lmd,mouth,2.825482
42,540.196350,283979598869ec6d8c5cdbe66eb5ecb8_shot_001_000,sync_d,mouth,9.540809
42,540.196350,283979598869ec6d8c5cdbe66eb5ecb8_shot_001_000,sync_c,mouth,3.796787
43,496.152893,283979598869ec6d8c5cdbe66eb5ecb8_shot_001_000,pixel_mse,mouth,0.01404391
43,496.152893,283979598869ec6d8c5cdbe66eb5ecb8_shot_001_000,pixel_mse,full,0.00656265
43,496.152893,283979598869ec6d8c5cdbe66eb5ecb8_shot_001_000,ssim,mouth,0.5556429
43,496.152893,283979598869ec6d8c5cdbe66eb5ecb8_shot_001_000,ssim,full,0.72067171
43,496.152893,283979598869ec6d8c5cdbe66eb5ecb8_shot_001_000,lpips,mouth,0.33045831
43,496.152893,283979598869ec6d8c5cdbe66eb5ecb8_shot_001_000,lpips,full,0.23442949
43,496.152893,283979598869ec6d8c5cdbe66eb5ecb8_shot_001_000,sharpness,mouth,11.9417
43,496.152893,283979598869ec6d8c5cdbe66eb5ecb8_shot_001_000,lmd,mouth,2.780156
43,496.152893,283979598869ec6d8c5cdbe66eb5ecb8_shot_001_000,sync_d,mouth,9.641224
43,496.152893,283979598869ec6d8c5cdbe66eb5ecb8_shot_001_000,sync_c,mouth,3.898676
44,445.448151,283979598869ec6d8c5cdbe66eb5ecb8_shot_001_000,pixel_mse,mouth,0.01409384
44,445.448151,283979598869ec6d8c5cdbe66eb5ecb8_shot_001_000,pixel_mse,full,0.00656626
44,445.448151,283979598869ec6d8c5cdbe66eb5ecb8_shot_001_000,ssim,mouth,0.55500829
44,445.448151,283979598869ec6d8c5cdbe66eb5ecb8_shot_001_000,ssim,full,0.72049546
44,445.448151,283979598869ec6d8c5cdbe66eb5ecb8_shot_001_000,lpips,mouth,0.32931018
44,445.448151,283979598869ec6d8c5cdbe66eb5ecb8_shot_001_000,lpips,full,0.2336341
44,445.448151,283979598869ec6d8c5cdbe66eb5ecb8_shot_001_000,sharpness,mouth,12.1017
44,445.448151,283979598869ec6d8c5cdbe66eb5ecb8_shot_001_000,lmd,mouth,2.660994
44,445.448151,283979598869ec6d8c5cdbe66eb5ecb8_shot_001_000,sync_d,mouth,9.507453
44,445.448151,283979598869ec6d8c5cdbe66eb5ecb8_shot_001_000,sync_c,mouth,3.828815
45,386.447418,283979598869ec6d8c5cdbe66eb5ecb8_shot_001_000,pixel_mse,mouth,0.01407883
45,386.447418,283979598869ec6d8c5cdbe66eb5ecb8_shot_001_000,pixel_mse,full,0.00655642
45,386.447418,283979598869ec6d8c5cdbe66eb5ecb8_shot_001_000,ssim,mouth,0.5551725
45,386.447418,283979598869ec6d8c5cdbe66eb5ecb8_shot_001_000,ssim,full,0.72061467
45,386.447418,283979598869ec6d8c5cdbe66eb5ecb8_shot_001_000,lpips,mouth,0.32962412
45,386.447418,283979598869ec6d8c5cdbe66eb5ecb8_shot_001_000,lpips,full,0.23360488
45,386.447418,283979598869ec6d8c5cdbe66eb5ecb8_shot_001_000,sharpness,mouth,12.0159
45,386.447418,283979598869ec6d8c5cdbe66eb5ecb8_shot_001_000,lmd,mouth,2.697816
45,386.447418,283979598869ec6d8c5cdbe66eb5ecb8_shot_001_000,sync_d,mouth,9.553036
45,386.447418,283979598869ec6d8c5cdbe66eb5ecb8_shot_001_000,sync_c,mouth,3.692218
46,316.933258,283979598869ec6d8c5cdbe66eb5ecb8_shot_001_000,pixel_mse,mouth,0.01406471
46,316.933258,283979598869ec6d8c5cdbe66eb5ecb8_shot_001_000,pixel_mse,full,0.00656352
46,316.933258,283979598869ec6d8c5cdbe66eb5ecb8_shot_001_000,ssim,mouth,0.55584192
46,316.933258,283979598869ec6d8c5cdbe66eb5ecb8_shot_001_000,ssim,full,0.72047883
46,316.933258,283979598869ec6d8c5cdbe66eb5ecb8_shot_001_000,lpips,mouth,0.33094478
46,316.933258,283979598869ec6d8c5cdbe66eb5ecb8_shot_001_000,lpips,full,0.23271877
46,316.933258,283979598869ec6d8c5cdbe66eb5ecb8_shot_001_000,sharpness,mouth,12.002
46,316.933258,283979598869ec6d8c5cdbe66eb5ecb8_shot_001_000,lmd,mouth,2.875815
46,316.933258,283979598869ec6d8c5cdbe66eb5ecb8_shot_001_000,sync_d,mouth,9.60543
46,316.933258,283979598869ec6d8c5cdbe66eb5ecb8_shot_001_000,sync_c,mouth,3.77217
47,233.820694,283979598869ec6d8c5cdbe66eb5ecb8_shot_001_000,pixel_mse,mouth,0.01402305
47,233.820694,283979598869ec6d8c5cdbe66eb5ecb8_shot_001_000,pixel_mse,full,0.0065664
47,233.820694,283979598869ec6d8c5cdbe66eb5ecb8_shot_001_000,ssim,mouth,0.55613351
47,233.820694,283979598869ec6d8c5cdbe66eb5ecb8_shot_001_000,ssim,full,0.72060901
47,233.820694,283979598869ec6d8c5cdbe66eb5ecb8_shot_001_000,lpips,mouth,0.32909778
47,233.820694,283979598869ec6d8c5cdbe66eb5ecb8_shot_001_000,lpips,full,0.23210205
47,233.820694,283979598869ec6d8c5cdbe66eb5ecb8_shot_001_000,sharpness,mouth,12.0054
47,233.820694,283979598869ec6d8c5cdbe66eb5ecb8_shot_001_000,lmd,mouth,2.832942
47,233.820694,283979598869ec6d8c5cdbe66eb5ecb8_shot_001_000,sync_d,mouth,9.848892
47,233.820694,283979598869ec6d8c5cdbe66eb5ecb8_shot_001_000,sync_c,mouth,3.636412
48,132.687027,283979598869ec6d8c5cdbe66eb5ecb8_shot_001_000,pixel_mse,mouth,0.01400811
48,132.687027,283979598869ec6d8c5cdbe66eb5ecb8_shot_001_000,pixel_mse,full,0.00655721
48,132.687027,283979598869ec6d8c5cdbe66eb5ecb8_shot_001_000,ssim,mouth,0.55638194
48,132.687027,283979598869ec6d8c5cdbe66eb5ecb8_shot_001_000,ssim,full,0.7212947
48,132.687027,283979598869ec6d8c5cdbe66eb5ecb8_shot_001_000,lpips,mouth,0.32974687
48,132.687027,283979598869ec6d8c5cdbe66eb5ecb8_shot_001_000,lpips,full,0.23124485
48,132.687027,283979598869ec6d8c5cdbe66eb5ecb8_shot_001_000,sharpness,mouth,11.7665
48,132.687027,283979598869ec6d8c5cdbe66eb5ecb8_shot_001_000,lmd,mouth,2.773398
48,132.687027,283979598869ec6d8c5cdbe66eb5ecb8_shot_001_000,sync_d,mouth,9.95948
48,132.687027,283979598869ec6d8c5cdbe66eb5ecb8_shot_001_000,sync_c,mouth,3.559937
49,6.958251,283979598869ec6d8c5cdbe66eb5ecb8_shot_001_000,pixel_mse,mouth,0.01401278
49,6.958251,283979598869ec6d8c5cdbe66eb5ecb8_shot_001_000,pixel_mse,full,0.00655457
49,6.958251,283979598869ec6d8c5cdbe66eb5ecb8_shot_001_000,ssim,mouth,0.55658007
49,6.958251,283979598869ec6d8c5cdbe66eb5ecb8_shot_001_000,ssim,full,0.72211885
49,6.958251,283979598869ec6d8c5cdbe66eb5ecb8_shot_001_000,lpips,mouth,0.32890877
49,6.958251,283979598869ec6d8c5cdbe66eb5ecb8_shot_001_000,lpips,full,0.23051997
49,6.958251,283979598869ec6d8c5cdbe66eb5ecb8_shot_001_000,sharpness,mouth,11.8603
49,6.958251,283979598869ec6d8c5cdbe66eb5ecb8_shot_001_000,lmd,mouth,2.811857
49,6.958251,283979598869ec6d8c5cdbe66eb5ecb8_shot_001_000,sync_d,mouth,9.928351
49,6.958251,283979598869ec6d8c5cdbe66eb5ecb8_shot_001_000,sync_c,mouth,3.651823
-1,gt,d39560e57ccf0d56a57604dda32c01f1_shot_001_000,sharpness,mouth,24.7787
-1,gt,d39560e57ccf0d56a57604dda32c01f1_shot_001_000,sync_d,mouth,8.545571
-1,gt,d39560e57ccf0d56a57604dda32c01f1_shot_001_000,sync_c,mouth,7.894006
0,1000.000000,d39560e57ccf0d56a57604dda32c01f1_shot_001_000,pixel_mse,mouth,0.00895809
0,1000.000000,d39560e57ccf0d56a57604dda32c01f1_shot_001_000,pixel_mse,full,0.0109191
0,1000.000000,d39560e57ccf0d56a57604dda32c01f1_shot_001_000,ssim,mouth,0.63463873
0,1000.000000,d39560e57ccf0d56a57604dda32c01f1_shot_001_000,ssim,full,0.68194509
0,1000.000000,d39560e57ccf0d56a57604dda32c01f1_shot_001_000,lpips,mouth,0.45084479
0,1000.000000,d39560e57ccf0d56a57604dda32c01f1_shot_001_000,lpips,full,0.47237793
0,1000.000000,d39560e57ccf0d56a57604dda32c01f1_shot_001_000,sharpness,mouth,9.2663
0,1000.000000,d39560e57ccf0d56a57604dda32c01f1_shot_001_000,lmd,mouth,3.479334
0,1000.000000,d39560e57ccf0d56a57604dda32c01f1_shot_001_000,sync_d,mouth,10.179435
0,1000.000000,d39560e57ccf0d56a57604dda32c01f1_shot_001_000,sync_c,mouth,3.117728
1,997.035706,d39560e57ccf0d56a57604dda32c01f1_shot_001_000,pixel_mse,mouth,0.01027064
1,997.035706,d39560e57ccf0d56a57604dda32c01f1_shot_001_000,pixel_mse,full,0.01829234
1,997.035706,d39560e57ccf0d56a57604dda32c01f1_shot_001_000,ssim,mouth,0.62780964
1,997.035706,d39560e57ccf0d56a57604dda32c01f1_shot_001_000,ssim,full,0.64093745
1,997.035706,d39560e57ccf0d56a57604dda32c01f1_shot_001_000,lpips,mouth,0.45391205
1,997.035706,d39560e57ccf0d56a57604dda32c01f1_shot_001_000,lpips,full,0.50634003
1,997.035706,d39560e57ccf0d56a57604dda32c01f1_shot_001_000,sharpness,mouth,8.8977
1,997.035706,d39560e57ccf0d56a57604dda32c01f1_shot_001_000,lmd,mouth,3.22135
2,993.963867,d39560e57ccf0d56a57604dda32c01f1_shot_001_000,pixel_mse,mouth,0.01014179
2,993.963867,d39560e57ccf0d56a57604dda32c01f1_shot_001_000,pixel_mse,full,0.01852782
2,993.963867,d39560e57ccf0d56a57604dda32c01f1_shot_001_000,ssim,mouth,0.62923241
2,993.963867,d39560e57ccf0d56a57604dda32c01f1_shot_001_000,ssim,full,0.64773566
2,993.963867,d39560e57ccf0d56a57604dda32c01f1_shot_001_000,lpips,mouth,0.45748699
2,993.963867,d39560e57ccf0d56a57604dda32c01f1_shot_001_000,lpips,full,0.53210324
2,993.963867,d39560e57ccf0d56a57604dda32c01f1_shot_001_000,sharpness,mouth,8.8948
2,993.963867,d39560e57ccf0d56a57604dda32c01f1_shot_001_000,lmd,mouth,3.409248
2,993.963867,d39560e57ccf0d56a57604dda32c01f1_shot_001_000,sync_d,mouth,11.111539
2,993.963867,d39560e57ccf0d56a57604dda32c01f1_shot_001_000,sync_c,mouth,1.495303
3,990.779053,d39560e57ccf0d56a57604dda32c01f1_shot_001_000,pixel_mse,mouth,0.01086534
3,990.779053,d39560e57ccf0d56a57604dda32c01f1_shot_001_000,pixel_mse,full,0.02174681
3,990.779053,d39560e57ccf0d56a57604dda32c01f1_shot_001_000,ssim,mouth,0.62320679
3,990.779053,d39560e57ccf0d56a57604dda32c01f1_shot_001_000,ssim,full,0.63185275
3,990.779053,d39560e57ccf0d56a57604dda32c01f1_shot_001_000,lpips,mouth,0.47031412
3,990.779053,d39560e57ccf0d56a57604dda32c01f1_shot_001_000,lpips,full,0.52305537
3,990.779053,d39560e57ccf0d56a57604dda32c01f1_shot_001_000,sharpness,mouth,10.5548
3,990.779053,d39560e57ccf0d56a57604dda32c01f1_shot_001_000,lmd,mouth,2.83655
3,990.779053,d39560e57ccf0d56a57604dda32c01f1_shot_001_000,sync_d,mouth,11.422009
3,990.779053,d39560e57ccf0d56a57604dda32c01f1_shot_001_000,sync_c,mouth,1.162094
4,987.474243,d39560e57ccf0d56a57604dda32c01f1_shot_001_000,pixel_mse,mouth,0.01327891
4,987.474243,d39560e57ccf0d56a57604dda32c01f1_shot_001_000,pixel_mse,full,0.02173788
4,987.474243,d39560e57ccf0d56a57604dda32c01f1_shot_001_000,ssim,mouth,0.61671335
4,987.474243,d39560e57ccf0d56a57604dda32c01f1_shot_001_000,ssim,full,0.62649298
4,987.474243,d39560e57ccf0d56a57604dda32c01f1_shot_001_000,lpips,mouth,0.47574541
4,987.474243,d39560e57ccf0d56a57604dda32c01f1_shot_001_000,lpips,full,0.53478581
4,987.474243,d39560e57ccf0d56a57604dda32c01f1_shot_001_000,sharpness,mouth,13.4836
4,987.474243,d39560e57ccf0d56a57604dda32c01f1_shot_001_000,lmd,mouth,2.576563
4,987.474243,d39560e57ccf0d56a57604dda32c01f1_shot_001_000,sync_d,mouth,10.260288
4,987.474243,d39560e57ccf0d56a57604dda32c01f1_shot_001_000,sync_c,mouth,2.813717
5,984.043091,d39560e57ccf0d56a57604dda32c01f1_shot_001_000,pixel_mse,mouth,0.01157648
5,984.043091,d39560e57ccf0d56a57604dda32c01f1_shot_001_000,pixel_mse,full,0.02076397
5,984.043091,d39560e57ccf0d56a57604dda32c01f1_shot_001_000,ssim,mouth,0.62556553
5,984.043091,d39560e57ccf0d56a57604dda32c01f1_shot_001_000,ssim,full,0.62240297
5,984.043091,d39560e57ccf0d56a57604dda32c01f1_shot_001_000,lpips,mouth,0.46584302
5,984.043091,d39560e57ccf0d56a57604dda32c01f1_shot_001_000,lpips,full,0.51871288
5,984.043091,d39560e57ccf0d56a57604dda32c01f1_shot_001_000,sharpness,mouth,10.5646
5,984.043091,d39560e57ccf0d56a57604dda32c01f1_shot_001_000,lmd,mouth,2.774762
6,980.477844,d39560e57ccf0d56a57604dda32c01f1_shot_001_000,pixel_mse,mouth,0.01246296
6,980.477844,d39560e57ccf0d56a57604dda32c01f1_shot_001_000,pixel_mse,full,0.02345931
6,980.477844,d39560e57ccf0d56a57604dda32c01f1_shot_001_000,ssim,mouth,0.62040418
6,980.477844,d39560e57ccf0d56a57604dda32c01f1_shot_001_000,ssim,full,0.61436981
6,980.477844,d39560e57ccf0d56a57604dda32c01f1_shot_001_000,lpips,mouth,0.46746638
6,980.477844,d39560e57ccf0d56a57604dda32c01f1_shot_001_000,lpips,full,0.50631475
6,980.477844,d39560e57ccf0d56a57604dda32c01f1_shot_001_000,sharpness,mouth,11.9598
6,980.477844,d39560e57ccf0d56a57604dda32c01f1_shot_001_000,lmd,mouth,3.042297
7,976.770691,d39560e57ccf0d56a57604dda32c01f1_shot_001_000,pixel_mse,mouth,0.01104927
7,976.770691,d39560e57ccf0d56a57604dda32c01f1_shot_001_000,pixel_mse,full,0.02416672
7,976.770691,d39560e57ccf0d56a57604dda32c01f1_shot_001_000,ssim,mouth,0.614492
7,976.770691,d39560e57ccf0d56a57604dda32c01f1_shot_001_000,ssim,full,0.60479265
7,976.770691,d39560e57ccf0d56a57604dda32c01f1_shot_001_000,lpips,mouth,0.45556983
7,976.770691,d39560e57ccf0d56a57604dda32c01f1_shot_001_000,lpips,full,0.49105224
7,976.770691,d39560e57ccf0d56a57604dda32c01f1_shot_001_000,sharpness,mouth,11.5151
7,976.770691,d39560e57ccf0d56a57604dda32c01f1_shot_001_000,lmd,mouth,3.30332
7,976.770691,d39560e57ccf0d56a57604dda32c01f1_shot_001_000,sync_d,mouth,9.934235
7,976.770691,d39560e57ccf0d56a57604dda32c01f1_shot_001_000,sync_c,mouth,3.359569
8,972.912842,d39560e57ccf0d56a57604dda32c01f1_shot_001_000,pixel_mse,mouth,0.01074843
8,972.912842,d39560e57ccf0d56a57604dda32c01f1_shot_001_000,pixel_mse,full,0.02427025
8,972.912842,d39560e57ccf0d56a57604dda32c01f1_shot_001_000,ssim,mouth,0.614425
8,972.912842,d39560e57ccf0d56a57604dda32c01f1_shot_001_000,ssim,full,0.60343277
8,972.912842,d39560e57ccf0d56a57604dda32c01f1_shot_001_000,lpips,mouth,0.44511139
8,972.912842,d39560e57ccf0d56a57604dda32c01f1_shot_001_000,lpips,full,0.48346466
8,972.912842,d39560e57ccf0d56a57604dda32c01f1_shot_001_000,sharpness,mouth,10.7798
8,972.912842,d39560e57ccf0d56a57604dda32c01f1_shot_001_000,lmd,mouth,3.594928
8,972.912842,d39560e57ccf0d56a57604dda32c01f1_shot_001_000,sync_d,mouth,9.925566
8,972.912842,d39560e57ccf0d56a57604dda32c01f1_shot_001_000,sync_c,mouth,3.45893
9,968.895081,d39560e57ccf0d56a57604dda32c01f1_shot_001_000,pixel_mse,mouth,0.01122316
9,968.895081,d39560e57ccf0d56a57604dda32c01f1_shot_001_000,pixel_mse,full,0.02421973
9,968.895081,d39560e57ccf0d56a57604dda32c01f1_shot_001_000,ssim,mouth,0.60766757
9,968.895081,d39560e57ccf0d56a57604dda32c01f1_shot_001_000,ssim,full,0.60436583
9,968.895081,d39560e57ccf0d56a57604dda32c01f1_shot_001_000,lpips,mouth,0.43744555
9,968.895081,d39560e57ccf0d56a57604dda32c01f1_shot_001_000,lpips,full,0.47391707
9,968.895081,d39560e57ccf0d56a57604dda32c01f1_shot_001_000,sharpness,mouth,11.9547
9,968.895081,d39560e57ccf0d56a57604dda32c01f1_shot_001_000,lmd,mouth,3.675296
9,968.895081,d39560e57ccf0d56a57604dda32c01f1_shot_001_000,sync_d,mouth,9.726581
9,968.895081,d39560e57ccf0d56a57604dda32c01f1_shot_001_000,sync_c,mouth,3.963527
10,964.707153,d39560e57ccf0d56a57604dda32c01f1_shot_001_000,pixel_mse,mouth,0.0107001
10,964.707153,d39560e57ccf0d56a57604dda32c01f1_shot_001_000,pixel_mse,full,0.02473789
10,964.707153,d39560e57ccf0d56a57604dda32c01f1_shot_001_000,ssim,mouth,0.59193254
10,964.707153,d39560e57ccf0d56a57604dda32c01f1_shot_001_000,ssim,full,0.59989202
10,964.707153,d39560e57ccf0d56a57604dda32c01f1_shot_001_000,lpips,mouth,0.39946964
10,964.707153,d39560e57ccf0d56a57604dda32c01f1_shot_001_000,lpips,full,0.45777035
10,964.707153,d39560e57ccf0d56a57604dda32c01f1_shot_001_000,sharpness,mouth,12.642
10,964.707153,d39560e57ccf0d56a57604dda32c01f1_shot_001_000,lmd,mouth,3.585324
10,964.707153,d39560e57ccf0d56a57604dda32c01f1_shot_001_000,sync_d,mouth,9.789036
10,964.707153,d39560e57ccf0d56a57604dda32c01f1_shot_001_000,sync_c,mouth,4.293604
11,960.337952,d39560e57ccf0d56a57604dda32c01f1_shot_001_000,pixel_mse,mouth,0.01125194
11,960.337952,d39560e57ccf0d56a57604dda32c01f1_shot_001_000,pixel_mse,full,0.02382057
11,960.337952,d39560e57ccf0d56a57604dda32c01f1_shot_001_000,ssim,mouth,0.57719487
11,960.337952,d39560e57ccf0d56a57604dda32c01f1_shot_001_000,ssim,full,0.59817266
11,960.337952,d39560e57ccf0d56a57604dda32c01f1_shot_001_000,lpips,mouth,0.38199228
11,960.337952,d39560e57ccf0d56a57604dda32c01f1_shot_001_000,lpips,full,0.44591832
11,960.337952,d39560e57ccf0d56a57604dda32c01f1_shot_001_000,sharpness,mouth,13.0399
11,960.337952,d39560e57ccf0d56a57604dda32c01f1_shot_001_000,lmd,mouth,3.691378
11,960.337952,d39560e57ccf0d56a57604dda32c01f1_shot_001_000,sync_d,mouth,8.689581
11,960.337952,d39560e57ccf0d56a57604dda32c01f1_shot_001_000,sync_c,mouth,5.727123
12,955.775635,d39560e57ccf0d56a57604dda32c01f1_shot_001_000,pixel_mse,mouth,0.01310533
12,955.775635,d39560e57ccf0d56a57604dda32c01f1_shot_001_000,pixel_mse,full,0.02431237
12,955.775635,d39560e57ccf0d56a57604dda32c01f1_shot_001_000,ssim,mouth,0.55225497
12,955.775635,d39560e57ccf0d56a57604dda32c01f1_shot_001_000,ssim,full,0.59312111
12,955.775635,d39560e57ccf0d56a57604dda32c01f1_shot_001_000,lpips,mouth,0.36253083
12,955.775635,d39560e57ccf0d56a57604dda32c01f1_shot_001_000,lpips,full,0.43241087
12,955.775635,d39560e57ccf0d56a57604dda32c01f1_shot_001_000,sharpness,mouth,15.1121
12,955.775635,d39560e57ccf0d56a57604dda32c01f1_shot_001_000,lmd,mouth,4.039373
12,955.775635,d39560e57ccf0d56a57604dda32c01f1_shot_001_000,sync_d,mouth,8.909776
12,955.775635,d39560e57ccf0d56a57604dda32c01f1_shot_001_000,sync_c,mouth,5.53913
13,951.006897,d39560e57ccf0d56a57604dda32c01f1_shot_001_000,pixel_mse,mouth,0.01192442
13,951.006897,d39560e57ccf0d56a57604dda32c01f1_shot_001_000,pixel_mse,full,0.02445357
13,951.006897,d39560e57ccf0d56a57604dda32c01f1_shot_001_000,ssim,mouth,0.58511227
13,951.006897,d39560e57ccf0d56a57604dda32c01f1_shot_001_000,ssim,full,0.59267318
13,951.006897,d39560e57ccf0d56a57604dda32c01f1_shot_001_000,lpips,mouth,0.38514411
13,951.006897,d39560e57ccf0d56a57604dda32c01f1_shot_001_000,lpips,full,0.42745534
13,951.006897,d39560e57ccf0d56a57604dda32c01f1_shot_001_000,sharpness,mouth,11.0937
13,951.006897,d39560e57ccf0d56a57604dda32c01f1_shot_001_000,lmd,mouth,4.402149
13,951.006897,d39560e57ccf0d56a57604dda32c01f1_shot_001_000,sync_d,mouth,8.673218
13,951.006897,d39560e57ccf0d56a57604dda32c01f1_shot_001_000,sync_c,mouth,5.781836
14,946.017517,d39560e57ccf0d56a57604dda32c01f1_shot_001_000,pixel_mse,mouth,0.01203816
14,946.017517,d39560e57ccf0d56a57604dda32c01f1_shot_001_000,pixel_mse,full,0.02530728
14,946.017517,d39560e57ccf0d56a57604dda32c01f1_shot_001_000,ssim,mouth,0.56061959
14,946.017517,d39560e57ccf0d56a57604dda32c01f1_shot_001_000,ssim,full,0.58596289
14,946.017517,d39560e57ccf0d56a57604dda32c01f1_shot_001_000,lpips,mouth,0.35316232
14,946.017517,d39560e57ccf0d56a57604dda32c01f1_shot_001_000,lpips,full,0.41374174
14,946.017517,d39560e57ccf0d56a57604dda32c01f1_shot_001_000,sharpness,mouth,12.4783
14,946.017517,d39560e57ccf0d56a57604dda32c01f1_shot_001_000,lmd,mouth,3.934126
14,946.017517,d39560e57ccf0d56a57604dda32c01f1_shot_001_000,sync_d,mouth,8.010303
14,946.017517,d39560e57ccf0d56a57604dda32c01f1_shot_001_000,sync_c,mouth,6.52224
15,940.791870,d39560e57ccf0d56a57604dda32c01f1_shot_001_000,pixel_mse,mouth,0.01219058
15,940.791870,d39560e57ccf0d56a57604dda32c01f1_shot_001_000,pixel_mse,full,0.02526942
15,940.791870,d39560e57ccf0d56a57604dda32c01f1_shot_001_000,ssim,mouth,0.53693467
15,940.791870,d39560e57ccf0d56a57604dda32c01f1_shot_001_000,ssim,full,0.58251965
15,940.791870,d39560e57ccf0d56a57604dda32c01f1_shot_001_000,lpips,mouth,0.33983135
15,940.791870,d39560e57ccf0d56a57604dda32c01f1_shot_001_000,lpips,full,0.40903255
15,940.791870,d39560e57ccf0d56a57604dda32c01f1_shot_001_000,sharpness,mouth,17.2162
15,940.791870,d39560e57ccf0d56a57604dda32c01f1_shot_001_000,lmd,mouth,4.038414
15,940.791870,d39560e57ccf0d56a57604dda32c01f1_shot_001_000,sync_d,mouth,7.451846
15,940.791870,d39560e57ccf0d56a57604dda32c01f1_shot_001_000,sync_c,mouth,7.407672
16,935.312622,d39560e57ccf0d56a57604dda32c01f1_shot_001_000,pixel_mse,mouth,0.01057762
16,935.312622,d39560e57ccf0d56a57604dda32c01f1_shot_001_000,pixel_mse,full,0.02476472
16,935.312622,d39560e57ccf0d56a57604dda32c01f1_shot_001_000,ssim,mouth,0.56672084
16,935.312622,d39560e57ccf0d56a57604dda32c01f1_shot_001_000,ssim,full,0.58639091
16,935.312622,d39560e57ccf0d56a57604dda32c01f1_shot_001_000,lpips,mouth,0.34480363
16,935.312622,d39560e57ccf0d56a57604dda32c01f1_shot_001_000,lpips,full,0.40794435
16,935.312622,d39560e57ccf0d56a57604dda32c01f1_shot_001_000,sharpness,mouth,14.9142
16,935.312622,d39560e57ccf0d56a57604dda32c01f1_shot_001_000,lmd,mouth,4.002086
16,935.312622,d39560e57ccf0d56a57604dda32c01f1_shot_001_000,sync_d,mouth,7.266753
16,935.312622,d39560e57ccf0d56a57604dda32c01f1_shot_001_000,sync_c,mouth,7.641158
17,929.560913,d39560e57ccf0d56a57604dda32c01f1_shot_001_000,pixel_mse,mouth,0.01079829
17,929.560913,d39560e57ccf0d56a57604dda32c01f1_shot_001_000,pixel_mse,full,0.02513769
17,929.560913,d39560e57ccf0d56a57604dda32c01f1_shot_001_000,ssim,mouth,0.56268865
17,929.560913,d39560e57ccf0d56a57604dda32c01f1_shot_001_000,ssim,full,0.58483529
17,929.560913,d39560e57ccf0d56a57604dda32c01f1_shot_001_000,lpips,mouth,0.32648832
17,929.560913,d39560e57ccf0d56a57604dda32c01f1_shot_001_000,lpips,full,0.40360382
17,929.560913,d39560e57ccf0d56a57604dda32c01f1_shot_001_000,sharpness,mouth,15.809
17,929.560913,d39560e57ccf0d56a57604dda32c01f1_shot_001_000,lmd,mouth,3.987985
17,929.560913,d39560e57ccf0d56a57604dda32c01f1_shot_001_000,sync_d,mouth,6.994937
17,929.560913,d39560e57ccf0d56a57604dda32c01f1_shot_001_000,sync_c,mouth,8.330313
18,923.515991,d39560e57ccf0d56a57604dda32c01f1_shot_001_000,pixel_mse,mouth,0.01039235
18,923.515991,d39560e57ccf0d56a57604dda32c01f1_shot_001_000,pixel_mse,full,0.02525701
18,923.515991,d39560e57ccf0d56a57604dda32c01f1_shot_001_000,ssim,mouth,0.56131148
18,923.515991,d39560e57ccf0d56a57604dda32c01f1_shot_001_000,ssim,full,0.58387721
18,923.515991,d39560e57ccf0d56a57604dda32c01f1_shot_001_000,lpips,mouth,0.3153286
18,923.515991,d39560e57ccf0d56a57604dda32c01f1_shot_001_000,lpips,full,0.40107346
18,923.515991,d39560e57ccf0d56a57604dda32c01f1_shot_001_000,sharpness,mouth,15.4312
18,923.515991,d39560e57ccf0d56a57604dda32c01f1_shot_001_000,lmd,mouth,3.902031
18,923.515991,d39560e57ccf0d56a57604dda32c01f1_shot_001_000,sync_d,mouth,7.087725
18,923.515991,d39560e57ccf0d56a57604dda32c01f1_shot_001_000,sync_c,mouth,8.464609
19,917.154785,d39560e57ccf0d56a57604dda32c01f1_shot_001_000,pixel_mse,mouth,0.01045107
19,917.154785,d39560e57ccf0d56a57604dda32c01f1_shot_001_000,pixel_mse,full,0.02511212
19,917.154785,d39560e57ccf0d56a57604dda32c01f1_shot_001_000,ssim,mouth,0.55834877
19,917.154785,d39560e57ccf0d56a57604dda32c01f1_shot_001_000,ssim,full,0.58423018
19,917.154785,d39560e57ccf0d56a57604dda32c01f1_shot_001_000,lpips,mouth,0.30244079
19,917.154785,d39560e57ccf0d56a57604dda32c01f1_shot_001_000,lpips,full,0.39863351
19,917.154785,d39560e57ccf0d56a57604dda32c01f1_shot_001_000,sharpness,mouth,15.3836
19,917.154785,d39560e57ccf0d56a57604dda32c01f1_shot_001_000,lmd,mouth,3.940431
19,917.154785,d39560e57ccf0d56a57604dda32c01f1_shot_001_000,sync_d,mouth,6.865704
19,917.154785,d39560e57ccf0d56a57604dda32c01f1_shot_001_000,sync_c,mouth,8.626366
20,910.451721,d39560e57ccf0d56a57604dda32c01f1_shot_001_000,pixel_mse,mouth,0.0107608
20,910.451721,d39560e57ccf0d56a57604dda32c01f1_shot_001_000,pixel_mse,full,0.02516232
20,910.451721,d39560e57ccf0d56a57604dda32c01f1_shot_001_000,ssim,mouth,0.55112624
20,910.451721,d39560e57ccf0d56a57604dda32c01f1_shot_001_000,ssim,full,0.58295608
20,910.451721,d39560e57ccf0d56a57604dda32c01f1_shot_001_000,lpips,mouth,0.28924853
20,910.451721,d39560e57ccf0d56a57604dda32c01f1_shot_001_000,lpips,full,0.3985436
20,910.451721,d39560e57ccf0d56a57604dda32c01f1_shot_001_000,sharpness,mouth,14.7969
20,910.451721,d39560e57ccf0d56a57604dda32c01f1_shot_001_000,lmd,mouth,4.004108
20,910.451721,d39560e57ccf0d56a57604dda32c01f1_shot_001_000,sync_d,mouth,7.03532
20,910.451721,d39560e57ccf0d56a57604dda32c01f1_shot_001_000,sync_c,mouth,8.601353
21,903.378723,d39560e57ccf0d56a57604dda32c01f1_shot_001_000,pixel_mse,mouth,0.01113611
21,903.378723,d39560e57ccf0d56a57604dda32c01f1_shot_001_000,pixel_mse,full,0.02530175
21,903.378723,d39560e57ccf0d56a57604dda32c01f1_shot_001_000,ssim,mouth,0.54204321
21,903.378723,d39560e57ccf0d56a57604dda32c01f1_shot_001_000,ssim,full,0.58217812
21,903.378723,d39560e57ccf0d56a57604dda32c01f1_shot_001_000,lpips,mouth,0.28226939
21,903.378723,d39560e57ccf0d56a57604dda32c01f1_shot_001_000,lpips,full,0.39632714
21,903.378723,d39560e57ccf0d56a57604dda32c01f1_shot_001_000,sharpness,mouth,15.0721
21,903.378723,d39560e57ccf0d56a57604dda32c01f1_shot_001_000,lmd,mouth,3.927778
21,903.378723,d39560e57ccf0d56a57604dda32c01f1_shot_001_000,sync_d,mouth,7.162693
21,903.378723,d39560e57ccf0d56a57604dda32c01f1_shot_001_000,sync_c,mouth,8.239659
22,895.903931,d39560e57ccf0d56a57604dda32c01f1_shot_001_000,pixel_mse,mouth,0.01189949
22,895.903931,d39560e57ccf0d56a57604dda32c01f1_shot_001_000,pixel_mse,full,0.02538936
22,895.903931,d39560e57ccf0d56a57604dda32c01f1_shot_001_000,ssim,mouth,0.53542322
22,895.903931,d39560e57ccf0d56a57604dda32c01f1_shot_001_000,ssim,full,0.58019227
22,895.903931,d39560e57ccf0d56a57604dda32c01f1_shot_001_000,lpips,mouth,0.2752316
22,895.903931,d39560e57ccf0d56a57604dda32c01f1_shot_001_000,lpips,full,0.39383781
22,895.903931,d39560e57ccf0d56a57604dda32c01f1_shot_001_000,sharpness,mouth,15.1095
22,895.903931,d39560e57ccf0d56a57604dda32c01f1_shot_001_000,lmd,mouth,3.931
22,895.903931,d39560e57ccf0d56a57604dda32c01f1_shot_001_000,sync_d,mouth,7.24107
22,895.903931,d39560e57ccf0d56a57604dda32c01f1_shot_001_000,sync_c,mouth,8.133036
23,887.992493,d39560e57ccf0d56a57604dda32c01f1_shot_001_000,pixel_mse,mouth,0.01281165
23,887.992493,d39560e57ccf0d56a57604dda32c01f1_shot_001_000,pixel_mse,full,0.02554963
23,887.992493,d39560e57ccf0d56a57604dda32c01f1_shot_001_000,ssim,mouth,0.52251738
23,887.992493,d39560e57ccf0d56a57604dda32c01f1_shot_001_000,ssim,full,0.57797241
23,887.992493,d39560e57ccf0d56a57604dda32c01f1_shot_001_000,lpips,mouth,0.26342103
23,887.992493,d39560e57ccf0d56a57604dda32c01f1_shot_001_000,lpips,full,0.3893241
23,887.992493,d39560e57ccf0d56a57604dda32c01f1_shot_001_000,sharpness,mouth,15.8516
23,887.992493,d39560e57ccf0d56a57604dda32c01f1_shot_001_000,lmd,mouth,3.949542
23,887.992493,d39560e57ccf0d56a57604dda32c01f1_shot_001_000,sync_d,mouth,6.326188
23,887.992493,d39560e57ccf0d56a57604dda32c01f1_shot_001_000,sync_c,mouth,9.526925
24,879.604736,d39560e57ccf0d56a57604dda32c01f1_shot_001_000,pixel_mse,mouth,0.01268177
24,879.604736,d39560e57ccf0d56a57604dda32c01f1_shot_001_000,pixel_mse,full,0.02567926
24,879.604736,d39560e57ccf0d56a57604dda32c01f1_shot_001_000,ssim,mouth,0.51618481
24,879.604736,d39560e57ccf0d56a57604dda32c01f1_shot_001_000,ssim,full,0.57636744
24,879.604736,d39560e57ccf0d56a57604dda32c01f1_shot_001_000,lpips,mouth,0.25525361
24,879.604736,d39560e57ccf0d56a57604dda32c01f1_shot_001_000,lpips,full,0.38631728
24,879.604736,d39560e57ccf0d56a57604dda32c01f1_shot_001_000,sharpness,mouth,16.0748
24,879.604736,d39560e57ccf0d56a57604dda32c01f1_shot_001_000,lmd,mouth,3.865153
24,879.604736,d39560e57ccf0d56a57604dda32c01f1_shot_001_000,sync_d,mouth,6.197154
24,879.604736,d39560e57ccf0d56a57604dda32c01f1_shot_001_000,sync_c,mouth,9.568494
25,870.696350,d39560e57ccf0d56a57604dda32c01f1_shot_001_000,pixel_mse,mouth,0.01272004
25,870.696350,d39560e57ccf0d56a57604dda32c01f1_shot_001_000,pixel_mse,full,0.02580514
25,870.696350,d39560e57ccf0d56a57604dda32c01f1_shot_001_000,ssim,mouth,0.51212829
25,870.696350,d39560e57ccf0d56a57604dda32c01f1_shot_001_000,ssim,full,0.57584792
25,870.696350,d39560e57ccf0d56a57604dda32c01f1_shot_001_000,lpips,mouth,0.24843992
25,870.696350,d39560e57ccf0d56a57604dda32c01f1_shot_001_000,lpips,full,0.38427168
25,870.696350,d39560e57ccf0d56a57604dda32c01f1_shot_001_000,sharpness,mouth,15.9841
25,870.696350,d39560e57ccf0d56a57604dda32c01f1_shot_001_000,lmd,mouth,3.926499
25,870.696350,d39560e57ccf0d56a57604dda32c01f1_shot_001_000,sync_d,mouth,6.336201
25,870.696350,d39560e57ccf0d56a57604dda32c01f1_shot_001_000,sync_c,mouth,9.396563
26,861.217407,d39560e57ccf0d56a57604dda32c01f1_shot_001_000,pixel_mse,mouth,0.01257479
26,861.217407,d39560e57ccf0d56a57604dda32c01f1_shot_001_000,pixel_mse,full,0.02570667
26,861.217407,d39560e57ccf0d56a57604dda32c01f1_shot_001_000,ssim,mouth,0.51221371
26,861.217407,d39560e57ccf0d56a57604dda32c01f1_shot_001_000,ssim,full,0.57595271
26,861.217407,d39560e57ccf0d56a57604dda32c01f1_shot_001_000,lpips,mouth,0.25277707
26,861.217407,d39560e57ccf0d56a57604dda32c01f1_shot_001_000,lpips,full,0.38281947
26,861.217407,d39560e57ccf0d56a57604dda32c01f1_shot_001_000,sharpness,mouth,15.6414
26,861.217407,d39560e57ccf0d56a57604dda32c01f1_shot_001_000,lmd,mouth,4.10252
26,861.217407,d39560e57ccf0d56a57604dda32c01f1_shot_001_000,sync_d,mouth,6.308392
26,861.217407,d39560e57ccf0d56a57604dda32c01f1_shot_001_000,sync_c,mouth,9.387707
27,851.111145,d39560e57ccf0d56a57604dda32c01f1_shot_001_000,pixel_mse,mouth,0.01270285
27,851.111145,d39560e57ccf0d56a57604dda32c01f1_shot_001_000,pixel_mse,full,0.02573125
27,851.111145,d39560e57ccf0d56a57604dda32c01f1_shot_001_000,ssim,mouth,0.51271898
27,851.111145,d39560e57ccf0d56a57604dda32c01f1_shot_001_000,ssim,full,0.57503027
27,851.111145,d39560e57ccf0d56a57604dda32c01f1_shot_001_000,lpips,mouth,0.25305569
27,851.111145,d39560e57ccf0d56a57604dda32c01f1_shot_001_000,lpips,full,0.38298714
27,851.111145,d39560e57ccf0d56a57604dda32c01f1_shot_001_000,sharpness,mouth,15.6668
27,851.111145,d39560e57ccf0d56a57604dda32c01f1_shot_001_000,lmd,mouth,3.96091
27,851.111145,d39560e57ccf0d56a57604dda32c01f1_shot_001_000,sync_d,mouth,6.240968
27,851.111145,d39560e57ccf0d56a57604dda32c01f1_shot_001_000,sync_c,mouth,9.617836
28,840.313232,d39560e57ccf0d56a57604dda32c01f1_shot_001_000,pixel_mse,mouth,0.01259833
28,840.313232,d39560e57ccf0d56a57604dda32c01f1_shot_001_000,pixel_mse,full,0.02570714
28,840.313232,d39560e57ccf0d56a57604dda32c01f1_shot_001_000,ssim,mouth,0.51311988
28,840.313232,d39560e57ccf0d56a57604dda32c01f1_shot_001_000,ssim,full,0.57435602
28,840.313232,d39560e57ccf0d56a57604dda32c01f1_shot_001_000,lpips,mouth,0.25345477
28,840.313232,d39560e57ccf0d56a57604dda32c01f1_shot_001_000,lpips,full,0.38057986
28,840.313232,d39560e57ccf0d56a57604dda32c01f1_shot_001_000,sharpness,mouth,15.7757
28,840.313232,d39560e57ccf0d56a57604dda32c01f1_shot_001_000,lmd,mouth,4.020457
28,840.313232,d39560e57ccf0d56a57604dda32c01f1_shot_001_000,sync_d,mouth,6.204099
28,840.313232,d39560e57ccf0d56a57604dda32c01f1_shot_001_000,sync_c,mouth,9.739107
29,828.750244,d39560e57ccf0d56a57604dda32c01f1_shot_001_000,pixel_mse,mouth,0.01224688
29,828.750244,d39560e57ccf0d56a57604dda32c01f1_shot_001_000,pixel_mse,full,0.02579184
29,828.750244,d39560e57ccf0d56a57604dda32c01f1_shot_001_000,ssim,mouth,0.51602483
29,828.750244,d39560e57ccf0d56a57604dda32c01f1_shot_001_000,ssim,full,0.57366663
29,828.750244,d39560e57ccf0d56a57604dda32c01f1_shot_001_000,lpips,mouth,0.25011158
29,828.750244,d39560e57ccf0d56a57604dda32c01f1_shot_001_000,lpips,full,0.37852925
29,828.750244,d39560e57ccf0d56a57604dda32c01f1_shot_001_000,sharpness,mouth,16.3642
29,828.750244,d39560e57ccf0d56a57604dda32c01f1_shot_001_000,lmd,mouth,4.002558
29,828.750244,d39560e57ccf0d56a57604dda32c01f1_shot_001_000,sync_d,mouth,6.330434
29,828.750244,d39560e57ccf0d56a57604dda32c01f1_shot_001_000,sync_c,mouth,9.569042
30,816.337830,d39560e57ccf0d56a57604dda32c01f1_shot_001_000,pixel_mse,mouth,0.01247437
30,816.337830,d39560e57ccf0d56a57604dda32c01f1_shot_001_000,pixel_mse,full,0.02578096
30,816.337830,d39560e57ccf0d56a57604dda32c01f1_shot_001_000,ssim,mouth,0.5129779
30,816.337830,d39560e57ccf0d56a57604dda32c01f1_shot_001_000,ssim,full,0.57307518
30,816.337830,d39560e57ccf0d56a57604dda32c01f1_shot_001_000,lpips,mouth,0.24945308
30,816.337830,d39560e57ccf0d56a57604dda32c01f1_shot_001_000,lpips,full,0.37710422
30,816.337830,d39560e57ccf0d56a57604dda32c01f1_shot_001_000,sharpness,mouth,16.6282
30,816.337830,d39560e57ccf0d56a57604dda32c01f1_shot_001_000,lmd,mouth,3.93096
30,816.337830,d39560e57ccf0d56a57604dda32c01f1_shot_001_000,sync_d,mouth,6.342251
30,816.337830,d39560e57ccf0d56a57604dda32c01f1_shot_001_000,sync_c,mouth,9.660765
31,802.978699,d39560e57ccf0d56a57604dda32c01f1_shot_001_000,pixel_mse,mouth,0.01288763
31,802.978699,d39560e57ccf0d56a57604dda32c01f1_shot_001_000,pixel_mse,full,0.02595418
31,802.978699,d39560e57ccf0d56a57604dda32c01f1_shot_001_000,ssim,mouth,0.50489658
31,802.978699,d39560e57ccf0d56a57604dda32c01f1_shot_001_000,ssim,full,0.57198119
31,802.978699,d39560e57ccf0d56a57604dda32c01f1_shot_001_000,lpips,mouth,0.24827954
31,802.978699,d39560e57ccf0d56a57604dda32c01f1_shot_001_000,lpips,full,0.37563825
31,802.978699,d39560e57ccf0d56a57604dda32c01f1_shot_001_000,sharpness,mouth,17.2794
31,802.978699,d39560e57ccf0d56a57604dda32c01f1_shot_001_000,lmd,mouth,3.985073
31,802.978699,d39560e57ccf0d56a57604dda32c01f1_shot_001_000,sync_d,mouth,6.34148
31,802.978699,d39560e57ccf0d56a57604dda32c01f1_shot_001_000,sync_c,mouth,9.695652
32,788.560242,d39560e57ccf0d56a57604dda32c01f1_shot_001_000,pixel_mse,mouth,0.01279526
32,788.560242,d39560e57ccf0d56a57604dda32c01f1_shot_001_000,pixel_mse,full,0.02599021
32,788.560242,d39560e57ccf0d56a57604dda32c01f1_shot_001_000,ssim,mouth,0.50947338
32,788.560242,d39560e57ccf0d56a57604dda32c01f1_shot_001_000,ssim,full,0.57135677
32,788.560242,d39560e57ccf0d56a57604dda32c01f1_shot_001_000,lpips,mouth,0.24560855
32,788.560242,d39560e57ccf0d56a57604dda32c01f1_shot_001_000,lpips,full,0.37462071
32,788.560242,d39560e57ccf0d56a57604dda32c01f1_shot_001_000,sharpness,mouth,17.3384
32,788.560242,d39560e57ccf0d56a57604dda32c01f1_shot_001_000,lmd,mouth,4.039301
32,788.560242,d39560e57ccf0d56a57604dda32c01f1_shot_001_000,sync_d,mouth,6.349905
32,788.560242,d39560e57ccf0d56a57604dda32c01f1_shot_001_000,sync_c,mouth,9.681158
33,772.951477,d39560e57ccf0d56a57604dda32c01f1_shot_001_000,pixel_mse,mouth,0.01269419
33,772.951477,d39560e57ccf0d56a57604dda32c01f1_shot_001_000,pixel_mse,full,0.02606344
33,772.951477,d39560e57ccf0d56a57604dda32c01f1_shot_001_000,ssim,mouth,0.51067042
33,772.951477,d39560e57ccf0d56a57604dda32c01f1_shot_001_000,ssim,full,0.57092309
33,772.951477,d39560e57ccf0d56a57604dda32c01f1_shot_001_000,lpips,mouth,0.24698517
33,772.951477,d39560e57ccf0d56a57604dda32c01f1_shot_001_000,lpips,full,0.3741993
33,772.951477,d39560e57ccf0d56a57604dda32c01f1_shot_001_000,sharpness,mouth,16.8974
33,772.951477,d39560e57ccf0d56a57604dda32c01f1_shot_001_000,lmd,mouth,4.055429
33,772.951477,d39560e57ccf0d56a57604dda32c01f1_shot_001_000,sync_d,mouth,6.312943
33,772.951477,d39560e57ccf0d56a57604dda32c01f1_shot_001_000,sync_c,mouth,9.828251
34,755.998352,d39560e57ccf0d56a57604dda32c01f1_shot_001_000,pixel_mse,mouth,0.01280851
34,755.998352,d39560e57ccf0d56a57604dda32c01f1_shot_001_000,pixel_mse,full,0.02602464
34,755.998352,d39560e57ccf0d56a57604dda32c01f1_shot_001_000,ssim,mouth,0.50827909
34,755.998352,d39560e57ccf0d56a57604dda32c01f1_shot_001_000,ssim,full,0.57022488
34,755.998352,d39560e57ccf0d56a57604dda32c01f1_shot_001_000,lpips,mouth,0.24562009
34,755.998352,d39560e57ccf0d56a57604dda32c01f1_shot_001_000,lpips,full,0.37205479
34,755.998352,d39560e57ccf0d56a57604dda32c01f1_shot_001_000,sharpness,mouth,17.7642
34,755.998352,d39560e57ccf0d56a57604dda32c01f1_shot_001_000,lmd,mouth,3.990389
34,755.998352,d39560e57ccf0d56a57604dda32c01f1_shot_001_000,sync_d,mouth,6.401155
34,755.998352,d39560e57ccf0d56a57604dda32c01f1_shot_001_000,sync_c,mouth,9.562283
35,737.519714,d39560e57ccf0d56a57604dda32c01f1_shot_001_000,pixel_mse,mouth,0.0126461
35,737.519714,d39560e57ccf0d56a57604dda32c01f1_shot_001_000,pixel_mse,full,0.02604166
35,737.519714,d39560e57ccf0d56a57604dda32c01f1_shot_001_000,ssim,mouth,0.50956827
35,737.519714,d39560e57ccf0d56a57604dda32c01f1_shot_001_000,ssim,full,0.56962013
35,737.519714,d39560e57ccf0d56a57604dda32c01f1_shot_001_000,lpips,mouth,0.24256694
35,737.519714,d39560e57ccf0d56a57604dda32c01f1_shot_001_000,lpips,full,0.37137654
35,737.519714,d39560e57ccf0d56a57604dda32c01f1_shot_001_000,sharpness,mouth,17.0837
35,737.519714,d39560e57ccf0d56a57604dda32c01f1_shot_001_000,lmd,mouth,4.140915
35,737.519714,d39560e57ccf0d56a57604dda32c01f1_shot_001_000,sync_d,mouth,6.467343
35,737.519714,d39560e57ccf0d56a57604dda32c01f1_shot_001_000,sync_c,mouth,9.510165
36,717.299683,d39560e57ccf0d56a57604dda32c01f1_shot_001_000,pixel_mse,mouth,0.01277635
36,717.299683,d39560e57ccf0d56a57604dda32c01f1_shot_001_000,pixel_mse,full,0.02604969
36,717.299683,d39560e57ccf0d56a57604dda32c01f1_shot_001_000,ssim,mouth,0.51000738
36,717.299683,d39560e57ccf0d56a57604dda32c01f1_shot_001_000,ssim,full,0.56941658
36,717.299683,d39560e57ccf0d56a57604dda32c01f1_shot_001_000,lpips,mouth,0.24521913
36,717.299683,d39560e57ccf0d56a57604dda32c01f1_shot_001_000,lpips,full,0.37049699
36,717.299683,d39560e57ccf0d56a57604dda32c01f1_shot_001_000,sharpness,mouth,17.4268
36,717.299683,d39560e57ccf0d56a57604dda32c01f1_shot_001_000,lmd,mouth,4.156371
36,717.299683,d39560e57ccf0d56a57604dda32c01f1_shot_001_000,sync_d,mouth,6.617261
36,717.299683,d39560e57ccf0d56a57604dda32c01f1_shot_001_000,sync_c,mouth,9.366898
37,695.080139,d39560e57ccf0d56a57604dda32c01f1_shot_001_000,pixel_mse,mouth,0.01277414
37,695.080139,d39560e57ccf0d56a57604dda32c01f1_shot_001_000,pixel_mse,full,0.02609542
37,695.080139,d39560e57ccf0d56a57604dda32c01f1_shot_001_000,ssim,mouth,0.5097149
37,695.080139,d39560e57ccf0d56a57604dda32c01f1_shot_001_000,ssim,full,0.56901783
37,695.080139,d39560e57ccf0d56a57604dda32c01f1_shot_001_000,lpips,mouth,0.24583033
37,695.080139,d39560e57ccf0d56a57604dda32c01f1_shot_001_000,lpips,full,0.36965507
37,695.080139,d39560e57ccf0d56a57604dda32c01f1_shot_001_000,sharpness,mouth,17.2496
37,695.080139,d39560e57ccf0d56a57604dda32c01f1_shot_001_000,lmd,mouth,3.991478
37,695.080139,d39560e57ccf0d56a57604dda32c01f1_shot_001_000,sync_d,mouth,6.747633
37,695.080139,d39560e57ccf0d56a57604dda32c01f1_shot_001_000,sync_c,mouth,9.099003
38,670.548828,d39560e57ccf0d56a57604dda32c01f1_shot_001_000,pixel_mse,mouth,0.01291206
38,670.548828,d39560e57ccf0d56a57604dda32c01f1_shot_001_000,pixel_mse,full,0.02618679
38,670.548828,d39560e57ccf0d56a57604dda32c01f1_shot_001_000,ssim,mouth,0.50979507
38,670.548828,d39560e57ccf0d56a57604dda32c01f1_shot_001_000,ssim,full,0.56842881
38,670.548828,d39560e57ccf0d56a57604dda32c01f1_shot_001_000,lpips,mouth,0.24661556
38,670.548828,d39560e57ccf0d56a57604dda32c01f1_shot_001_000,lpips,full,0.36838537
38,670.548828,d39560e57ccf0d56a57604dda32c01f1_shot_001_000,sharpness,mouth,16.9859
38,670.548828,d39560e57ccf0d56a57604dda32c01f1_shot_001_000,lmd,mouth,4.0825
38,670.548828,d39560e57ccf0d56a57604dda32c01f1_shot_001_000,sync_d,mouth,6.738286
38,670.548828,d39560e57ccf0d56a57604dda32c01f1_shot_001_000,sync_c,mouth,9.289817
39,643.325317,d39560e57ccf0d56a57604dda32c01f1_shot_001_000,pixel_mse,mouth,0.01291967
39,643.325317,d39560e57ccf0d56a57604dda32c01f1_shot_001_000,pixel_mse,full,0.02627113
39,643.325317,d39560e57ccf0d56a57604dda32c01f1_shot_001_000,ssim,mouth,0.50876296
39,643.325317,d39560e57ccf0d56a57604dda32c01f1_shot_001_000,ssim,full,0.56794465
39,643.325317,d39560e57ccf0d56a57604dda32c01f1_shot_001_000,lpips,mouth,0.2479108
39,643.325317,d39560e57ccf0d56a57604dda32c01f1_shot_001_000,lpips,full,0.36736852
39,643.325317,d39560e57ccf0d56a57604dda32c01f1_shot_001_000,sharpness,mouth,17.2985
39,643.325317,d39560e57ccf0d56a57604dda32c01f1_shot_001_000,lmd,mouth,4.098722
39,643.325317,d39560e57ccf0d56a57604dda32c01f1_shot_001_000,sync_d,mouth,6.978168
39,643.325317,d39560e57ccf0d56a57604dda32c01f1_shot_001_000,sync_c,mouth,8.880019
40,612.940735,d39560e57ccf0d56a57604dda32c01f1_shot_001_000,pixel_mse,mouth,0.01293274
40,612.940735,d39560e57ccf0d56a57604dda32c01f1_shot_001_000,pixel_mse,full,0.026316
40,612.940735,d39560e57ccf0d56a57604dda32c01f1_shot_001_000,ssim,mouth,0.51013309
40,612.940735,d39560e57ccf0d56a57604dda32c01f1_shot_001_000,ssim,full,0.5675236
40,612.940735,d39560e57ccf0d56a57604dda32c01f1_shot_001_000,lpips,mouth,0.24763647
40,612.940735,d39560e57ccf0d56a57604dda32c01f1_shot_001_000,lpips,full,0.36616617
40,612.940735,d39560e57ccf0d56a57604dda32c01f1_shot_001_000,sharpness,mouth,17.2294
40,612.940735,d39560e57ccf0d56a57604dda32c01f1_shot_001_000,lmd,mouth,4.051976
40,612.940735,d39560e57ccf0d56a57604dda32c01f1_shot_001_000,sync_d,mouth,7.171479
40,612.940735,d39560e57ccf0d56a57604dda32c01f1_shot_001_000,sync_c,mouth,8.756124
41,578.810425,d39560e57ccf0d56a57604dda32c01f1_shot_001_000,pixel_mse,mouth,0.01290197
41,578.810425,d39560e57ccf0d56a57604dda32c01f1_shot_001_000,pixel_mse,full,0.02630337
41,578.810425,d39560e57ccf0d56a57604dda32c01f1_shot_001_000,ssim,mouth,0.50775307
41,578.810425,d39560e57ccf0d56a57604dda32c01f1_shot_001_000,ssim,full,0.56689507
41,578.810425,d39560e57ccf0d56a57604dda32c01f1_shot_001_000,lpips,mouth,0.24659736
41,578.810425,d39560e57ccf0d56a57604dda32c01f1_shot_001_000,lpips,full,0.36520579
41,578.810425,d39560e57ccf0d56a57604dda32c01f1_shot_001_000,sharpness,mouth,16.9313
41,578.810425,d39560e57ccf0d56a57604dda32c01f1_shot_001_000,lmd,mouth,4.11783
41,578.810425,d39560e57ccf0d56a57604dda32c01f1_shot_001_000,sync_d,mouth,7.054672
41,578.810425,d39560e57ccf0d56a57604dda32c01f1_shot_001_000,sync_c,mouth,8.788726
42,540.196350,d39560e57ccf0d56a57604dda32c01f1_shot_001_000,pixel_mse,mouth,0.01296765
42,540.196350,d39560e57ccf0d56a57604dda32c01f1_shot_001_000,pixel_mse,full,0.02636206
42,540.196350,d39560e57ccf0d56a57604dda32c01f1_shot_001_000,ssim,mouth,0.50745517
42,540.196350,d39560e57ccf0d56a57604dda32c01f1_shot_001_000,ssim,full,0.5664683
42,540.196350,d39560e57ccf0d56a57604dda32c01f1_shot_001_000,lpips,mouth,0.24631006
42,540.196350,d39560e57ccf0d56a57604dda32c01f1_shot_001_000,lpips,full,0.36408564
42,540.196350,d39560e57ccf0d56a57604dda32c01f1_shot_001_000,sharpness,mouth,16.8542
42,540.196350,d39560e57ccf0d56a57604dda32c01f1_shot_001_000,lmd,mouth,4.097141
42,540.196350,d39560e57ccf0d56a57604dda32c01f1_shot_001_000,sync_d,mouth,7.240961
42,540.196350,d39560e57ccf0d56a57604dda32c01f1_shot_001_000,sync_c,mouth,8.693524
43,496.152893,d39560e57ccf0d56a57604dda32c01f1_shot_001_000,pixel_mse,mouth,0.01297548
43,496.152893,d39560e57ccf0d56a57604dda32c01f1_shot_001_000,pixel_mse,full,0.02636348
43,496.152893,d39560e57ccf0d56a57604dda32c01f1_shot_001_000,ssim,mouth,0.50613487
43,496.152893,d39560e57ccf0d56a57604dda32c01f1_shot_001_000,ssim,full,0.56568855
43,496.152893,d39560e57ccf0d56a57604dda32c01f1_shot_001_000,lpips,mouth,0.24591044
43,496.152893,d39560e57ccf0d56a57604dda32c01f1_shot_001_000,lpips,full,0.36283273
43,496.152893,d39560e57ccf0d56a57604dda32c01f1_shot_001_000,sharpness,mouth,17.0095
43,496.152893,d39560e57ccf0d56a57604dda32c01f1_shot_001_000,lmd,mouth,4.127342
43,496.152893,d39560e57ccf0d56a57604dda32c01f1_shot_001_000,sync_d,mouth,7.251667
43,496.152893,d39560e57ccf0d56a57604dda32c01f1_shot_001_000,sync_c,mouth,8.633818
44,445.448151,d39560e57ccf0d56a57604dda32c01f1_shot_001_000,pixel_mse,mouth,0.01295692
44,445.448151,d39560e57ccf0d56a57604dda32c01f1_shot_001_000,pixel_mse,full,0.02637517
44,445.448151,d39560e57ccf0d56a57604dda32c01f1_shot_001_000,ssim,mouth,0.50581175
44,445.448151,d39560e57ccf0d56a57604dda32c01f1_shot_001_000,ssim,full,0.56521827
44,445.448151,d39560e57ccf0d56a57604dda32c01f1_shot_001_000,lpips,mouth,0.2451984
44,445.448151,d39560e57ccf0d56a57604dda32c01f1_shot_001_000,lpips,full,0.36180186
44,445.448151,d39560e57ccf0d56a57604dda32c01f1_shot_001_000,sharpness,mouth,16.9755
44,445.448151,d39560e57ccf0d56a57604dda32c01f1_shot_001_000,lmd,mouth,4.031887
44,445.448151,d39560e57ccf0d56a57604dda32c01f1_shot_001_000,sync_d,mouth,7.545505
44,445.448151,d39560e57ccf0d56a57604dda32c01f1_shot_001_000,sync_c,mouth,8.441462
45,386.447418,d39560e57ccf0d56a57604dda32c01f1_shot_001_000,pixel_mse,mouth,0.01292107
45,386.447418,d39560e57ccf0d56a57604dda32c01f1_shot_001_000,pixel_mse,full,0.02639845
45,386.447418,d39560e57ccf0d56a57604dda32c01f1_shot_001_000,ssim,mouth,0.50572288
45,386.447418,d39560e57ccf0d56a57604dda32c01f1_shot_001_000,ssim,full,0.56476492
45,386.447418,d39560e57ccf0d56a57604dda32c01f1_shot_001_000,lpips,mouth,0.2455648
45,386.447418,d39560e57ccf0d56a57604dda32c01f1_shot_001_000,lpips,full,0.36065054
45,386.447418,d39560e57ccf0d56a57604dda32c01f1_shot_001_000,sharpness,mouth,17.0798
45,386.447418,d39560e57ccf0d56a57604dda32c01f1_shot_001_000,lmd,mouth,4.121754
45,386.447418,d39560e57ccf0d56a57604dda32c01f1_shot_001_000,sync_d,mouth,7.430083
45,386.447418,d39560e57ccf0d56a57604dda32c01f1_shot_001_000,sync_c,mouth,8.593849
46,316.933258,d39560e57ccf0d56a57604dda32c01f1_shot_001_000,pixel_mse,mouth,0.01291007
46,316.933258,d39560e57ccf0d56a57604dda32c01f1_shot_001_000,pixel_mse,full,0.02642564
46,316.933258,d39560e57ccf0d56a57604dda32c01f1_shot_001_000,ssim,mouth,0.5064373
46,316.933258,d39560e57ccf0d56a57604dda32c01f1_shot_001_000,ssim,full,0.56422055
46,316.933258,d39560e57ccf0d56a57604dda32c01f1_shot_001_000,lpips,mouth,0.24512821
46,316.933258,d39560e57ccf0d56a57604dda32c01f1_shot_001_000,lpips,full,0.35925779
46,316.933258,d39560e57ccf0d56a57604dda32c01f1_shot_001_000,sharpness,mouth,16.7621
46,316.933258,d39560e57ccf0d56a57604dda32c01f1_shot_001_000,lmd,mouth,4.166564
46,316.933258,d39560e57ccf0d56a57604dda32c01f1_shot_001_000,sync_d,mouth,7.553225
46,316.933258,d39560e57ccf0d56a57604dda32c01f1_shot_001_000,sync_c,mouth,8.418797
47,233.820694,d39560e57ccf0d56a57604dda32c01f1_shot_001_000,pixel_mse,mouth,0.0128971
47,233.820694,d39560e57ccf0d56a57604dda32c01f1_shot_001_000,pixel_mse,full,0.02644153
47,233.820694,d39560e57ccf0d56a57604dda32c01f1_shot_001_000,ssim,mouth,0.50628364
47,233.820694,d39560e57ccf0d56a57604dda32c01f1_shot_001_000,ssim,full,0.56370372
47,233.820694,d39560e57ccf0d56a57604dda32c01f1_shot_001_000,lpips,mouth,0.24378252
47,233.820694,d39560e57ccf0d56a57604dda32c01f1_shot_001_000,lpips,full,0.35794047
47,233.820694,d39560e57ccf0d56a57604dda32c01f1_shot_001_000,sharpness,mouth,16.6121
47,233.820694,d39560e57ccf0d56a57604dda32c01f1_shot_001_000,lmd,mouth,4.114884
47,233.820694,d39560e57ccf0d56a57604dda32c01f1_shot_001_000,sync_d,mouth,7.493618
47,233.820694,d39560e57ccf0d56a57604dda32c01f1_shot_001_000,sync_c,mouth,8.560507
48,132.687027,d39560e57ccf0d56a57604dda32c01f1_shot_001_000,pixel_mse,mouth,0.01291759
48,132.687027,d39560e57ccf0d56a57604dda32c01f1_shot_001_000,pixel_mse,full,0.02643442
48,132.687027,d39560e57ccf0d56a57604dda32c01f1_shot_001_000,ssim,mouth,0.50510329
48,132.687027,d39560e57ccf0d56a57604dda32c01f1_shot_001_000,ssim,full,0.56343514
48,132.687027,d39560e57ccf0d56a57604dda32c01f1_shot_001_000,lpips,mouth,0.24252513
48,132.687027,d39560e57ccf0d56a57604dda32c01f1_shot_001_000,lpips,full,0.35637534
48,132.687027,d39560e57ccf0d56a57604dda32c01f1_shot_001_000,sharpness,mouth,16.4903
48,132.687027,d39560e57ccf0d56a57604dda32c01f1_shot_001_000,lmd,mouth,4.150813
48,132.687027,d39560e57ccf0d56a57604dda32c01f1_shot_001_000,sync_d,mouth,7.518316
48,132.687027,d39560e57ccf0d56a57604dda32c01f1_shot_001_000,sync_c,mouth,8.410588
49,6.958251,d39560e57ccf0d56a57604dda32c01f1_shot_001_000,pixel_mse,mouth,0.01291671
49,6.958251,d39560e57ccf0d56a57604dda32c01f1_shot_001_000,pixel_mse,full,0.02643434
49,6.958251,d39560e57ccf0d56a57604dda32c01f1_shot_001_000,ssim,mouth,0.50551736
49,6.958251,d39560e57ccf0d56a57604dda32c01f1_shot_001_000,ssim,full,0.56398416
49,6.958251,d39560e57ccf0d56a57604dda32c01f1_shot_001_000,lpips,mouth,0.242438
49,6.958251,d39560e57ccf0d56a57604dda32c01f1_shot_001_000,lpips,full,0.35545862
49,6.958251,d39560e57ccf0d56a57604dda32c01f1_shot_001_000,sharpness,mouth,16.7918
49,6.958251,d39560e57ccf0d56a57604dda32c01f1_shot_001_000,lmd,mouth,4.176851
49,6.958251,d39560e57ccf0d56a57604dda32c01f1_shot_001_000,sync_d,mouth,7.509457
49,6.958251,d39560e57ccf0d56a57604dda32c01f1_shot_001_000,sync_c,mouth,8.416798
-1,gt,4452d828f84c6a2b2dee9c7a81e6c102_shot_001_000,sharpness,mouth,43.2362
-1,gt,4452d828f84c6a2b2dee9c7a81e6c102_shot_001_000,sync_d,mouth,7.17123
-1,gt,4452d828f84c6a2b2dee9c7a81e6c102_shot_001_000,sync_c,mouth,8.023359
0,1000.000000,4452d828f84c6a2b2dee9c7a81e6c102_shot_001_000,pixel_mse,mouth,0.01736609
0,1000.000000,4452d828f84c6a2b2dee9c7a81e6c102_shot_001_000,pixel_mse,full,0.01678286
0,1000.000000,4452d828f84c6a2b2dee9c7a81e6c102_shot_001_000,ssim,mouth,0.67513824
0,1000.000000,4452d828f84c6a2b2dee9c7a81e6c102_shot_001_000,ssim,full,0.71697062
0,1000.000000,4452d828f84c6a2b2dee9c7a81e6c102_shot_001_000,lpips,mouth,0.53288233
0,1000.000000,4452d828f84c6a2b2dee9c7a81e6c102_shot_001_000,lpips,full,0.41977084
0,1000.000000,4452d828f84c6a2b2dee9c7a81e6c102_shot_001_000,sharpness,mouth,10.8444
0,1000.000000,4452d828f84c6a2b2dee9c7a81e6c102_shot_001_000,lmd,mouth,5.715704
0,1000.000000,4452d828f84c6a2b2dee9c7a81e6c102_shot_001_000,sync_d,mouth,12.117197
0,1000.000000,4452d828f84c6a2b2dee9c7a81e6c102_shot_001_000,sync_c,mouth,0.864011
1,997.035706,4452d828f84c6a2b2dee9c7a81e6c102_shot_001_000,pixel_mse,mouth,0.01746821
1,997.035706,4452d828f84c6a2b2dee9c7a81e6c102_shot_001_000,pixel_mse,full,0.02104348
1,997.035706,4452d828f84c6a2b2dee9c7a81e6c102_shot_001_000,ssim,mouth,0.6772368
1,997.035706,4452d828f84c6a2b2dee9c7a81e6c102_shot_001_000,ssim,full,0.70561844
1,997.035706,4452d828f84c6a2b2dee9c7a81e6c102_shot_001_000,lpips,mouth,0.53366369
1,997.035706,4452d828f84c6a2b2dee9c7a81e6c102_shot_001_000,lpips,full,0.4369393
1,997.035706,4452d828f84c6a2b2dee9c7a81e6c102_shot_001_000,sharpness,mouth,11.0543
1,997.035706,4452d828f84c6a2b2dee9c7a81e6c102_shot_001_000,lmd,mouth,5.895777
1,997.035706,4452d828f84c6a2b2dee9c7a81e6c102_shot_001_000,sync_d,mouth,11.64235
1,997.035706,4452d828f84c6a2b2dee9c7a81e6c102_shot_001_000,sync_c,mouth,1.659616
2,993.963867,4452d828f84c6a2b2dee9c7a81e6c102_shot_001_000,pixel_mse,mouth,0.01673258
2,993.963867,4452d828f84c6a2b2dee9c7a81e6c102_shot_001_000,pixel_mse,full,0.01919075
2,993.963867,4452d828f84c6a2b2dee9c7a81e6c102_shot_001_000,ssim,mouth,0.67501688
2,993.963867,4452d828f84c6a2b2dee9c7a81e6c102_shot_001_000,ssim,full,0.71186912
2,993.963867,4452d828f84c6a2b2dee9c7a81e6c102_shot_001_000,lpips,mouth,0.52621853
2,993.963867,4452d828f84c6a2b2dee9c7a81e6c102_shot_001_000,lpips,full,0.43774509
2,993.963867,4452d828f84c6a2b2dee9c7a81e6c102_shot_001_000,sharpness,mouth,12.0667
2,993.963867,4452d828f84c6a2b2dee9c7a81e6c102_shot_001_000,lmd,mouth,5.939251
2,993.963867,4452d828f84c6a2b2dee9c7a81e6c102_shot_001_000,sync_d,mouth,10.704908
2,993.963867,4452d828f84c6a2b2dee9c7a81e6c102_shot_001_000,sync_c,mouth,2.489374
3,990.779053,4452d828f84c6a2b2dee9c7a81e6c102_shot_001_000,pixel_mse,mouth,0.01714123
3,990.779053,4452d828f84c6a2b2dee9c7a81e6c102_shot_001_000,pixel_mse,full,0.02107998
3,990.779053,4452d828f84c6a2b2dee9c7a81e6c102_shot_001_000,ssim,mouth,0.66661471
3,990.779053,4452d828f84c6a2b2dee9c7a81e6c102_shot_001_000,ssim,full,0.70225996
3,990.779053,4452d828f84c6a2b2dee9c7a81e6c102_shot_001_000,lpips,mouth,0.51610094
3,990.779053,4452d828f84c6a2b2dee9c7a81e6c102_shot_001_000,lpips,full,0.43787313
3,990.779053,4452d828f84c6a2b2dee9c7a81e6c102_shot_001_000,sharpness,mouth,12.8308
3,990.779053,4452d828f84c6a2b2dee9c7a81e6c102_shot_001_000,lmd,mouth,5.181377
3,990.779053,4452d828f84c6a2b2dee9c7a81e6c102_shot_001_000,sync_d,mouth,9.922011
3,990.779053,4452d828f84c6a2b2dee9c7a81e6c102_shot_001_000,sync_c,mouth,3.198069
4,987.474243,4452d828f84c6a2b2dee9c7a81e6c102_shot_001_000,pixel_mse,mouth,0.01756475
4,987.474243,4452d828f84c6a2b2dee9c7a81e6c102_shot_001_000,pixel_mse,full,0.02114117
4,987.474243,4452d828f84c6a2b2dee9c7a81e6c102_shot_001_000,ssim,mouth,0.66613805
4,987.474243,4452d828f84c6a2b2dee9c7a81e6c102_shot_001_000,ssim,full,0.7006498
4,987.474243,4452d828f84c6a2b2dee9c7a81e6c102_shot_001_000,lpips,mouth,0.51300102
4,987.474243,4452d828f84c6a2b2dee9c7a81e6c102_shot_001_000,lpips,full,0.43278173
4,987.474243,4452d828f84c6a2b2dee9c7a81e6c102_shot_001_000,sharpness,mouth,12.3452
4,987.474243,4452d828f84c6a2b2dee9c7a81e6c102_shot_001_000,lmd,mouth,5.112704
4,987.474243,4452d828f84c6a2b2dee9c7a81e6c102_shot_001_000,sync_d,mouth,8.942509
4,987.474243,4452d828f84c6a2b2dee9c7a81e6c102_shot_001_000,sync_c,mouth,4.662165
5,984.043091,4452d828f84c6a2b2dee9c7a81e6c102_shot_001_000,pixel_mse,mouth,0.01812127
5,984.043091,4452d828f84c6a2b2dee9c7a81e6c102_shot_001_000,pixel_mse,full,0.02231724
5,984.043091,4452d828f84c6a2b2dee9c7a81e6c102_shot_001_000,ssim,mouth,0.65671867
5,984.043091,4452d828f84c6a2b2dee9c7a81e6c102_shot_001_000,ssim,full,0.69305497
5,984.043091,4452d828f84c6a2b2dee9c7a81e6c102_shot_001_000,lpips,mouth,0.51048851
5,984.043091,4452d828f84c6a2b2dee9c7a81e6c102_shot_001_000,lpips,full,0.43232736
5,984.043091,4452d828f84c6a2b2dee9c7a81e6c102_shot_001_000,sharpness,mouth,13.4916
5,984.043091,4452d828f84c6a2b2dee9c7a81e6c102_shot_001_000,lmd,mouth,5.116941
5,984.043091,4452d828f84c6a2b2dee9c7a81e6c102_shot_001_000,sync_d,mouth,8.099747
5,984.043091,4452d828f84c6a2b2dee9c7a81e6c102_shot_001_000,sync_c,mouth,5.340692
6,980.477844,4452d828f84c6a2b2dee9c7a81e6c102_shot_001_000,pixel_mse,mouth,0.01838691
6,980.477844,4452d828f84c6a2b2dee9c7a81e6c102_shot_001_000,pixel_mse,full,0.02235331
6,980.477844,4452d828f84c6a2b2dee9c7a81e6c102_shot_001_000,ssim,mouth,0.64409268
6,980.477844,4452d828f84c6a2b2dee9c7a81e6c102_shot_001_000,ssim,full,0.69066048
6,980.477844,4452d828f84c6a2b2dee9c7a81e6c102_shot_001_000,lpips,mouth,0.49289629
6,980.477844,4452d828f84c6a2b2dee9c7a81e6c102_shot_001_000,lpips,full,0.4267644
6,980.477844,4452d828f84c6a2b2dee9c7a81e6c102_shot_001_000,sharpness,mouth,14.4912
6,980.477844,4452d828f84c6a2b2dee9c7a81e6c102_shot_001_000,lmd,mouth,5.2318
6,980.477844,4452d828f84c6a2b2dee9c7a81e6c102_shot_001_000,sync_d,mouth,7.886991
6,980.477844,4452d828f84c6a2b2dee9c7a81e6c102_shot_001_000,sync_c,mouth,5.841989
7,976.770691,4452d828f84c6a2b2dee9c7a81e6c102_shot_001_000,pixel_mse,mouth,0.01881306
7,976.770691,4452d828f84c6a2b2dee9c7a81e6c102_shot_001_000,pixel_mse,full,0.02221837
7,976.770691,4452d828f84c6a2b2dee9c7a81e6c102_shot_001_000,ssim,mouth,0.63536263
7,976.770691,4452d828f84c6a2b2dee9c7a81e6c102_shot_001_000,ssim,full,0.69093031
7,976.770691,4452d828f84c6a2b2dee9c7a81e6c102_shot_001_000,lpips,mouth,0.47751993
7,976.770691,4452d828f84c6a2b2dee9c7a81e6c102_shot_001_000,lpips,full,0.41927624
7,976.770691,4452d828f84c6a2b2dee9c7a81e6c102_shot_001_000,sharpness,mouth,14.1166
7,976.770691,4452d828f84c6a2b2dee9c7a81e6c102_shot_001_000,lmd,mouth,5.133557
7,976.770691,4452d828f84c6a2b2dee9c7a81e6c102_shot_001_000,sync_d,mouth,7.411273
7,976.770691,4452d828f84c6a2b2dee9c7a81e6c102_shot_001_000,sync_c,mouth,6.585413
8,972.912842,4452d828f84c6a2b2dee9c7a81e6c102_shot_001_000,pixel_mse,mouth,0.01921921
8,972.912842,4452d828f84c6a2b2dee9c7a81e6c102_shot_001_000,pixel_mse,full,0.02266072
8,972.912842,4452d828f84c6a2b2dee9c7a81e6c102_shot_001_000,ssim,mouth,0.61918944
8,972.912842,4452d828f84c6a2b2dee9c7a81e6c102_shot_001_000,ssim,full,0.68771154
8,972.912842,4452d828f84c6a2b2dee9c7a81e6c102_shot_001_000,lpips,mouth,0.45160684
8,972.912842,4452d828f84c6a2b2dee9c7a81e6c102_shot_001_000,lpips,full,0.40724257
8,972.912842,4452d828f84c6a2b2dee9c7a81e6c102_shot_001_000,sharpness,mouth,15.6477
8,972.912842,4452d828f84c6a2b2dee9c7a81e6c102_shot_001_000,lmd,mouth,5.095131
8,972.912842,4452d828f84c6a2b2dee9c7a81e6c102_shot_001_000,sync_d,mouth,7.073918
8,972.912842,4452d828f84c6a2b2dee9c7a81e6c102_shot_001_000,sync_c,mouth,6.963615
9,968.895081,4452d828f84c6a2b2dee9c7a81e6c102_shot_001_000,pixel_mse,mouth,0.01999094
9,968.895081,4452d828f84c6a2b2dee9c7a81e6c102_shot_001_000,pixel_mse,full,0.02300647
9,968.895081,4452d828f84c6a2b2dee9c7a81e6c102_shot_001_000,ssim,mouth,0.60871226
9,968.895081,4452d828f84c6a2b2dee9c7a81e6c102_shot_001_000,ssim,full,0.68436307
9,968.895081,4452d828f84c6a2b2dee9c7a81e6c102_shot_001_000,lpips,mouth,0.4266316
9,968.895081,4452d828f84c6a2b2dee9c7a81e6c102_shot_001_000,lpips,full,0.39766181
9,968.895081,4452d828f84c6a2b2dee9c7a81e6c102_shot_001_000,sharpness,mouth,16.1587
9,968.895081,4452d828f84c6a2b2dee9c7a81e6c102_shot_001_000,lmd,mouth,5.015652
9,968.895081,4452d828f84c6a2b2dee9c7a81e6c102_shot_001_000,sync_d,mouth,6.956563
9,968.895081,4452d828f84c6a2b2dee9c7a81e6c102_shot_001_000,sync_c,mouth,7.178213
10,964.707153,4452d828f84c6a2b2dee9c7a81e6c102_shot_001_000,pixel_mse,mouth,0.02014545
10,964.707153,4452d828f84c6a2b2dee9c7a81e6c102_shot_001_000,pixel_mse,full,0.02330791
10,964.707153,4452d828f84c6a2b2dee9c7a81e6c102_shot_001_000,ssim,mouth,0.60160458
10,964.707153,4452d828f84c6a2b2dee9c7a81e6c102_shot_001_000,ssim,full,0.68203717
10,964.707153,4452d828f84c6a2b2dee9c7a81e6c102_shot_001_000,lpips,mouth,0.41367617
10,964.707153,4452d828f84c6a2b2dee9c7a81e6c102_shot_001_000,lpips,full,0.39169142
10,964.707153,4452d828f84c6a2b2dee9c7a81e6c102_shot_001_000,sharpness,mouth,16.4197
10,964.707153,4452d828f84c6a2b2dee9c7a81e6c102_shot_001_000,lmd,mouth,4.885549
10,964.707153,4452d828f84c6a2b2dee9c7a81e6c102_shot_001_000,sync_d,mouth,6.791781
10,964.707153,4452d828f84c6a2b2dee9c7a81e6c102_shot_001_000,sync_c,mouth,7.470638
11,960.337952,4452d828f84c6a2b2dee9c7a81e6c102_shot_001_000,pixel_mse,mouth,0.02034377
11,960.337952,4452d828f84c6a2b2dee9c7a81e6c102_shot_001_000,pixel_mse,full,0.02373213
11,960.337952,4452d828f84c6a2b2dee9c7a81e6c102_shot_001_000,ssim,mouth,0.59987909
11,960.337952,4452d828f84c6a2b2dee9c7a81e6c102_shot_001_000,ssim,full,0.67882907
11,960.337952,4452d828f84c6a2b2dee9c7a81e6c102_shot_001_000,lpips,mouth,0.40416554
11,960.337952,4452d828f84c6a2b2dee9c7a81e6c102_shot_001_000,lpips,full,0.3846103
11,960.337952,4452d828f84c6a2b2dee9c7a81e6c102_shot_001_000,sharpness,mouth,16.7141
11,960.337952,4452d828f84c6a2b2dee9c7a81e6c102_shot_001_000,lmd,mouth,4.850691
11,960.337952,4452d828f84c6a2b2dee9c7a81e6c102_shot_001_000,sync_d,mouth,7.012778
11,960.337952,4452d828f84c6a2b2dee9c7a81e6c102_shot_001_000,sync_c,mouth,7.444433
12,955.775635,4452d828f84c6a2b2dee9c7a81e6c102_shot_001_000,pixel_mse,mouth,0.02068916
12,955.775635,4452d828f84c6a2b2dee9c7a81e6c102_shot_001_000,pixel_mse,full,0.02387569
12,955.775635,4452d828f84c6a2b2dee9c7a81e6c102_shot_001_000,ssim,mouth,0.59654719
12,955.775635,4452d828f84c6a2b2dee9c7a81e6c102_shot_001_000,ssim,full,0.6794942
12,955.775635,4452d828f84c6a2b2dee9c7a81e6c102_shot_001_000,lpips,mouth,0.39218289
12,955.775635,4452d828f84c6a2b2dee9c7a81e6c102_shot_001_000,lpips,full,0.37964636
12,955.775635,4452d828f84c6a2b2dee9c7a81e6c102_shot_001_000,sharpness,mouth,16.834
12,955.775635,4452d828f84c6a2b2dee9c7a81e6c102_shot_001_000,lmd,mouth,4.843745
12,955.775635,4452d828f84c6a2b2dee9c7a81e6c102_shot_001_000,sync_d,mouth,7.121078
12,955.775635,4452d828f84c6a2b2dee9c7a81e6c102_shot_001_000,sync_c,mouth,7.461971
13,951.006897,4452d828f84c6a2b2dee9c7a81e6c102_shot_001_000,pixel_mse,mouth,0.0208891
13,951.006897,4452d828f84c6a2b2dee9c7a81e6c102_shot_001_000,pixel_mse,full,0.02394131
13,951.006897,4452d828f84c6a2b2dee9c7a81e6c102_shot_001_000,ssim,mouth,0.59150058
13,951.006897,4452d828f84c6a2b2dee9c7a81e6c102_shot_001_000,ssim,full,0.67803329
13,951.006897,4452d828f84c6a2b2dee9c7a81e6c102_shot_001_000,lpips,mouth,0.38132599
13,951.006897,4452d828f84c6a2b2dee9c7a81e6c102_shot_001_000,lpips,full,0.37514368
13,951.006897,4452d828f84c6a2b2dee9c7a81e6c102_shot_001_000,sharpness,mouth,17.1472
13,951.006897,4452d828f84c6a2b2dee9c7a81e6c102_shot_001_000,lmd,mouth,4.928817
13,951.006897,4452d828f84c6a2b2dee9c7a81e6c102_shot_001_000,sync_d,mouth,6.739159
13,951.006897,4452d828f84c6a2b2dee9c7a81e6c102_shot_001_000,sync_c,mouth,7.963199
14,946.017517,4452d828f84c6a2b2dee9c7a81e6c102_shot_001_000,pixel_mse,mouth,0.02104368
14,946.017517,4452d828f84c6a2b2dee9c7a81e6c102_shot_001_000,pixel_mse,full,0.02418804
14,946.017517,4452d828f84c6a2b2dee9c7a81e6c102_shot_001_000,ssim,mouth,0.58903968
14,946.017517,4452d828f84c6a2b2dee9c7a81e6c102_shot_001_000,ssim,full,0.67599422
14,946.017517,4452d828f84c6a2b2dee9c7a81e6c102_shot_001_000,lpips,mouth,0.37339094
14,946.017517,4452d828f84c6a2b2dee9c7a81e6c102_shot_001_000,lpips,full,0.36719912
14,946.017517,4452d828f84c6a2b2dee9c7a81e6c102_shot_001_000,sharpness,mouth,17.5825
14,946.017517,4452d828f84c6a2b2dee9c7a81e6c102_shot_001_000,lmd,mouth,4.863213
14,946.017517,4452d828f84c6a2b2dee9c7a81e6c102_shot_001_000,sync_d,mouth,6.538212
14,946.017517,4452d828f84c6a2b2dee9c7a81e6c102_shot_001_000,sync_c,mouth,7.985062
15,940.791870,4452d828f84c6a2b2dee9c7a81e6c102_shot_001_000,pixel_mse,mouth,0.02128844
15,940.791870,4452d828f84c6a2b2dee9c7a81e6c102_shot_001_000,pixel_mse,full,0.02454532
15,940.791870,4452d828f84c6a2b2dee9c7a81e6c102_shot_001_000,ssim,mouth,0.58597285
15,940.791870,4452d828f84c6a2b2dee9c7a81e6c102_shot_001_000,ssim,full,0.6732403
15,940.791870,4452d828f84c6a2b2dee9c7a81e6c102_shot_001_000,lpips,mouth,0.36633161
15,940.791870,4452d828f84c6a2b2dee9c7a81e6c102_shot_001_000,lpips,full,0.36408174
15,940.791870,4452d828f84c6a2b2dee9c7a81e6c102_shot_001_000,sharpness,mouth,18.2516
15,940.791870,4452d828f84c6a2b2dee9c7a81e6c102_shot_001_000,lmd,mouth,4.817068
15,940.791870,4452d828f84c6a2b2dee9c7a81e6c102_shot_001_000,sync_d,mouth,6.575948
15,940.791870,4452d828f84c6a2b2dee9c7a81e6c102_shot_001_000,sync_c,mouth,8.008274
16,935.312622,4452d828f84c6a2b2dee9c7a81e6c102_shot_001_000,pixel_mse,mouth,0.02167216
16,935.312622,4452d828f84c6a2b2dee9c7a81e6c102_shot_001_000,pixel_mse,full,0.02496755
16,935.312622,4452d828f84c6a2b2dee9c7a81e6c102_shot_001_000,ssim,mouth,0.58229238
16,935.312622,4452d828f84c6a2b2dee9c7a81e6c102_shot_001_000,ssim,full,0.67188203
16,935.312622,4452d828f84c6a2b2dee9c7a81e6c102_shot_001_000,lpips,mouth,0.36109409
16,935.312622,4452d828f84c6a2b2dee9c7a81e6c102_shot_001_000,lpips,full,0.36201754
16,935.312622,4452d828f84c6a2b2dee9c7a81e6c102_shot_001_000,sharpness,mouth,18.3719
16,935.312622,4452d828f84c6a2b2dee9c7a81e6c102_shot_001_000,lmd,mouth,4.682424
16,935.312622,4452d828f84c6a2b2dee9c7a81e6c102_shot_001_000,sync_d,mouth,6.668042
16,935.312622,4452d828f84c6a2b2dee9c7a81e6c102_shot_001_000,sync_c,mouth,7.884393
17,929.560913,4452d828f84c6a2b2dee9c7a81e6c102_shot_001_000,pixel_mse,mouth,0.0219304
17,929.560913,4452d828f84c6a2b2dee9c7a81e6c102_shot_001_000,pixel_mse,full,0.02513827
17,929.560913,4452d828f84c6a2b2dee9c7a81e6c102_shot_001_000,ssim,mouth,0.57891691
17,929.560913,4452d828f84c6a2b2dee9c7a81e6c102_shot_001_000,ssim,full,0.67030156
17,929.560913,4452d828f84c6a2b2dee9c7a81e6c102_shot_001_000,lpips,mouth,0.35623229
17,929.560913,4452d828f84c6a2b2dee9c7a81e6c102_shot_001_000,lpips,full,0.35856053
17,929.560913,4452d828f84c6a2b2dee9c7a81e6c102_shot_001_000,sharpness,mouth,18.7654
17,929.560913,4452d828f84c6a2b2dee9c7a81e6c102_shot_001_000,lmd,mouth,4.68954
17,929.560913,4452d828f84c6a2b2dee9c7a81e6c102_shot_001_000,sync_d,mouth,6.724039
17,929.560913,4452d828f84c6a2b2dee9c7a81e6c102_shot_001_000,sync_c,mouth,7.740392
18,923.515991,4452d828f84c6a2b2dee9c7a81e6c102_shot_001_000,pixel_mse,mouth,0.02227447
18,923.515991,4452d828f84c6a2b2dee9c7a81e6c102_shot_001_000,pixel_mse,full,0.02524973
18,923.515991,4452d828f84c6a2b2dee9c7a81e6c102_shot_001_000,ssim,mouth,0.57451481
18,923.515991,4452d828f84c6a2b2dee9c7a81e6c102_shot_001_000,ssim,full,0.66800451
18,923.515991,4452d828f84c6a2b2dee9c7a81e6c102_shot_001_000,lpips,mouth,0.35239583
18,923.515991,4452d828f84c6a2b2dee9c7a81e6c102_shot_001_000,lpips,full,0.35332862
18,923.515991,4452d828f84c6a2b2dee9c7a81e6c102_shot_001_000,sharpness,mouth,19.3476
18,923.515991,4452d828f84c6a2b2dee9c7a81e6c102_shot_001_000,lmd,mouth,4.689881
18,923.515991,4452d828f84c6a2b2dee9c7a81e6c102_shot_001_000,sync_d,mouth,6.681464
18,923.515991,4452d828f84c6a2b2dee9c7a81e6c102_shot_001_000,sync_c,mouth,7.742582
19,917.154785,4452d828f84c6a2b2dee9c7a81e6c102_shot_001_000,pixel_mse,mouth,0.02237309
19,917.154785,4452d828f84c6a2b2dee9c7a81e6c102_shot_001_000,pixel_mse,full,0.02525723
19,917.154785,4452d828f84c6a2b2dee9c7a81e6c102_shot_001_000,ssim,mouth,0.57271397
19,917.154785,4452d828f84c6a2b2dee9c7a81e6c102_shot_001_000,ssim,full,0.66732663
19,917.154785,4452d828f84c6a2b2dee9c7a81e6c102_shot_001_000,lpips,mouth,0.3494077
19,917.154785,4452d828f84c6a2b2dee9c7a81e6c102_shot_001_000,lpips,full,0.34992746
19,917.154785,4452d828f84c6a2b2dee9c7a81e6c102_shot_001_000,sharpness,mouth,18.794
19,917.154785,4452d828f84c6a2b2dee9c7a81e6c102_shot_001_000,lmd,mouth,4.815237
19,917.154785,4452d828f84c6a2b2dee9c7a81e6c102_shot_001_000,sync_d,mouth,6.780361
19,917.154785,4452d828f84c6a2b2dee9c7a81e6c102_shot_001_000,sync_c,mouth,7.74703
20,910.451721,4452d828f84c6a2b2dee9c7a81e6c102_shot_001_000,pixel_mse,mouth,0.02250156
20,910.451721,4452d828f84c6a2b2dee9c7a81e6c102_shot_001_000,pixel_mse,full,0.02555601
20,910.451721,4452d828f84c6a2b2dee9c7a81e6c102_shot_001_000,ssim,mouth,0.57006598
20,910.451721,4452d828f84c6a2b2dee9c7a81e6c102_shot_001_000,ssim,full,0.66484398
20,910.451721,4452d828f84c6a2b2dee9c7a81e6c102_shot_001_000,lpips,mouth,0.34513456
20,910.451721,4452d828f84c6a2b2dee9c7a81e6c102_shot_001_000,lpips,full,0.3455939
20,910.451721,4452d828f84c6a2b2dee9c7a81e6c102_shot_001_000,sharpness,mouth,19.1481
20,910.451721,4452d828f84c6a2b2dee9c7a81e6c102_shot_001_000,lmd,mouth,4.84163
20,910.451721,4452d828f84c6a2b2dee9c7a81e6c102_shot_001_000,sync_d,mouth,6.808789
20,910.451721,4452d828f84c6a2b2dee9c7a81e6c102_shot_001_000,sync_c,mouth,7.73379
21,903.378723,4452d828f84c6a2b2dee9c7a81e6c102_shot_001_000,pixel_mse,mouth,0.02262633
21,903.378723,4452d828f84c6a2b2dee9c7a81e6c102_shot_001_000,pixel_mse,full,0.02570317
21,903.378723,4452d828f84c6a2b2dee9c7a81e6c102_shot_001_000,ssim,mouth,0.56876719
21,903.378723,4452d828f84c6a2b2dee9c7a81e6c102_shot_001_000,ssim,full,0.66411644
21,903.378723,4452d828f84c6a2b2dee9c7a81e6c102_shot_001_000,lpips,mouth,0.34471872
21,903.378723,4452d828f84c6a2b2dee9c7a81e6c102_shot_001_000,lpips,full,0.34354717
21,903.378723,4452d828f84c6a2b2dee9c7a81e6c102_shot_001_000,sharpness,mouth,19.3131
21,903.378723,4452d828f84c6a2b2dee9c7a81e6c102_shot_001_000,lmd,mouth,4.751111
21,903.378723,4452d828f84c6a2b2dee9c7a81e6c102_shot_001_000,sync_d,mouth,6.810715
21,903.378723,4452d828f84c6a2b2dee9c7a81e6c102_shot_001_000,sync_c,mouth,7.941931
22,895.903931,4452d828f84c6a2b2dee9c7a81e6c102_shot_001_000,pixel_mse,mouth,0.0228088
22,895.903931,4452d828f84c6a2b2dee9c7a81e6c102_shot_001_000,pixel_mse,full,0.02586349
22,895.903931,4452d828f84c6a2b2dee9c7a81e6c102_shot_001_000,ssim,mouth,0.56750351
22,895.903931,4452d828f84c6a2b2dee9c7a81e6c102_shot_001_000,ssim,full,0.66251683
22,895.903931,4452d828f84c6a2b2dee9c7a81e6c102_shot_001_000,lpips,mouth,0.34371436
22,895.903931,4452d828f84c6a2b2dee9c7a81e6c102_shot_001_000,lpips,full,0.34077451
22,895.903931,4452d828f84c6a2b2dee9c7a81e6c102_shot_001_000,sharpness,mouth,19.7599
22,895.903931,4452d828f84c6a2b2dee9c7a81e6c102_shot_001_000,lmd,mouth,4.715928
22,895.903931,4452d828f84c6a2b2dee9c7a81e6c102_shot_001_000,sync_d,mouth,7.21916
22,895.903931,4452d828f84c6a2b2dee9c7a81e6c102_shot_001_000,sync_c,mouth,7.561611
23,887.992493,4452d828f84c6a2b2dee9c7a81e6c102_shot_001_000,pixel_mse,mouth,0.02302324
23,887.992493,4452d828f84c6a2b2dee9c7a81e6c102_shot_001_000,pixel_mse,full,0.02588749
23,887.992493,4452d828f84c6a2b2dee9c7a81e6c102_shot_001_000,ssim,mouth,0.56621653
23,887.992493,4452d828f84c6a2b2dee9c7a81e6c102_shot_001_000,ssim,full,0.66126913
23,887.992493,4452d828f84c6a2b2dee9c7a81e6c102_shot_001_000,lpips,mouth,0.34352899
23,887.992493,4452d828f84c6a2b2dee9c7a81e6c102_shot_001_000,lpips,full,0.33653727
23,887.992493,4452d828f84c6a2b2dee9c7a81e6c102_shot_001_000,sharpness,mouth,19.4861
23,887.992493,4452d828f84c6a2b2dee9c7a81e6c102_shot_001_000,lmd,mouth,4.736752
23,887.992493,4452d828f84c6a2b2dee9c7a81e6c102_shot_001_000,sync_d,mouth,6.995618
23,887.992493,4452d828f84c6a2b2dee9c7a81e6c102_shot_001_000,sync_c,mouth,7.809382
24,879.604736,4452d828f84c6a2b2dee9c7a81e6c102_shot_001_000,pixel_mse,mouth,0.02309294
24,879.604736,4452d828f84c6a2b2dee9c7a81e6c102_shot_001_000,pixel_mse,full,0.02595302
24,879.604736,4452d828f84c6a2b2dee9c7a81e6c102_shot_001_000,ssim,mouth,0.56430638
24,879.604736,4452d828f84c6a2b2dee9c7a81e6c102_shot_001_000,ssim,full,0.66040117
24,879.604736,4452d828f84c6a2b2dee9c7a81e6c102_shot_001_000,lpips,mouth,0.34407547
24,879.604736,4452d828f84c6a2b2dee9c7a81e6c102_shot_001_000,lpips,full,0.33617926
24,879.604736,4452d828f84c6a2b2dee9c7a81e6c102_shot_001_000,sharpness,mouth,19.7575
24,879.604736,4452d828f84c6a2b2dee9c7a81e6c102_shot_001_000,lmd,mouth,4.71891
24,879.604736,4452d828f84c6a2b2dee9c7a81e6c102_shot_001_000,sync_d,mouth,6.989443
24,879.604736,4452d828f84c6a2b2dee9c7a81e6c102_shot_001_000,sync_c,mouth,7.708827
25,870.696350,4452d828f84c6a2b2dee9c7a81e6c102_shot_001_000,pixel_mse,mouth,0.02320039
25,870.696350,4452d828f84c6a2b2dee9c7a81e6c102_shot_001_000,pixel_mse,full,0.02597844
25,870.696350,4452d828f84c6a2b2dee9c7a81e6c102_shot_001_000,ssim,mouth,0.56399214
25,870.696350,4452d828f84c6a2b2dee9c7a81e6c102_shot_001_000,ssim,full,0.65950608
25,870.696350,4452d828f84c6a2b2dee9c7a81e6c102_shot_001_000,lpips,mouth,0.34612674
25,870.696350,4452d828f84c6a2b2dee9c7a81e6c102_shot_001_000,lpips,full,0.33376521
25,870.696350,4452d828f84c6a2b2dee9c7a81e6c102_shot_001_000,sharpness,mouth,19.7664
25,870.696350,4452d828f84c6a2b2dee9c7a81e6c102_shot_001_000,lmd,mouth,4.738088
25,870.696350,4452d828f84c6a2b2dee9c7a81e6c102_shot_001_000,sync_d,mouth,6.936977
25,870.696350,4452d828f84c6a2b2dee9c7a81e6c102_shot_001_000,sync_c,mouth,7.892277
26,861.217407,4452d828f84c6a2b2dee9c7a81e6c102_shot_001_000,pixel_mse,mouth,0.02310218
26,861.217407,4452d828f84c6a2b2dee9c7a81e6c102_shot_001_000,pixel_mse,full,0.02598157
26,861.217407,4452d828f84c6a2b2dee9c7a81e6c102_shot_001_000,ssim,mouth,0.56386119
26,861.217407,4452d828f84c6a2b2dee9c7a81e6c102_shot_001_000,ssim,full,0.65896362
26,861.217407,4452d828f84c6a2b2dee9c7a81e6c102_shot_001_000,lpips,mouth,0.34420261
26,861.217407,4452d828f84c6a2b2dee9c7a81e6c102_shot_001_000,lpips,full,0.33166656
26,861.217407,4452d828f84c6a2b2dee9c7a81e6c102_shot_001_000,sharpness,mouth,19.9629
26,861.217407,4452d828f84c6a2b2dee9c7a81e6c102_shot_001_000,lmd,mouth,4.734277
26,861.217407,4452d828f84c6a2b2dee9c7a81e6c102_shot_001_000,sync_d,mouth,7.117999
26,861.217407,4452d828f84c6a2b2dee9c7a81e6c102_shot_001_000,sync_c,mouth,7.482774
27,851.111145,4452d828f84c6a2b2dee9c7a81e6c102_shot_001_000,pixel_mse,mouth,0.02328637
27,851.111145,4452d828f84c6a2b2dee9c7a81e6c102_shot_001_000,pixel_mse,full,0.0260373
27,851.111145,4452d828f84c6a2b2dee9c7a81e6c102_shot_001_000,ssim,mouth,0.56329602
27,851.111145,4452d828f84c6a2b2dee9c7a81e6c102_shot_001_000,ssim,full,0.65838724
27,851.111145,4452d828f84c6a2b2dee9c7a81e6c102_shot_001_000,lpips,mouth,0.34663296
27,851.111145,4452d828f84c6a2b2dee9c7a81e6c102_shot_001_000,lpips,full,0.33050194
27,851.111145,4452d828f84c6a2b2dee9c7a81e6c102_shot_001_000,sharpness,mouth,19.5914
27,851.111145,4452d828f84c6a2b2dee9c7a81e6c102_shot_001_000,lmd,mouth,4.714241
27,851.111145,4452d828f84c6a2b2dee9c7a81e6c102_shot_001_000,sync_d,mouth,7.355478
27,851.111145,4452d828f84c6a2b2dee9c7a81e6c102_shot_001_000,sync_c,mouth,7.219027
28,840.313232,4452d828f84c6a2b2dee9c7a81e6c102_shot_001_000,pixel_mse,mouth,0.02334186
28,840.313232,4452d828f84c6a2b2dee9c7a81e6c102_shot_001_000,pixel_mse,full,0.02603881
28,840.313232,4452d828f84c6a2b2dee9c7a81e6c102_shot_001_000,ssim,mouth,0.56328487
28,840.313232,4452d828f84c6a2b2dee9c7a81e6c102_shot_001_000,ssim,full,0.65807295
28,840.313232,4452d828f84c6a2b2dee9c7a81e6c102_shot_001_000,lpips,mouth,0.34646061
28,840.313232,4452d828f84c6a2b2dee9c7a81e6c102_shot_001_000,lpips,full,0.32860479
28,840.313232,4452d828f84c6a2b2dee9c7a81e6c102_shot_001_000,sharpness,mouth,20.1135
28,840.313232,4452d828f84c6a2b2dee9c7a81e6c102_shot_001_000,lmd,mouth,4.77499
28,840.313232,4452d828f84c6a2b2dee9c7a81e6c102_shot_001_000,sync_d,mouth,7.33635
28,840.313232,4452d828f84c6a2b2dee9c7a81e6c102_shot_001_000,sync_c,mouth,7.274937
29,828.750244,4452d828f84c6a2b2dee9c7a81e6c102_shot_001_000,pixel_mse,mouth,0.02349808
29,828.750244,4452d828f84c6a2b2dee9c7a81e6c102_shot_001_000,pixel_mse,full,0.02608585
29,828.750244,4452d828f84c6a2b2dee9c7a81e6c102_shot_001_000,ssim,mouth,0.56244987
29,828.750244,4452d828f84c6a2b2dee9c7a81e6c102_shot_001_000,ssim,full,0.65743828
29,828.750244,4452d828f84c6a2b2dee9c7a81e6c102_shot_001_000,lpips,mouth,0.34773853
29,828.750244,4452d828f84c6a2b2dee9c7a81e6c102_shot_001_000,lpips,full,0.32835186
29,828.750244,4452d828f84c6a2b2dee9c7a81e6c102_shot_001_000,sharpness,mouth,20.5436
29,828.750244,4452d828f84c6a2b2dee9c7a81e6c102_shot_001_000,lmd,mouth,4.870345
29,828.750244,4452d828f84c6a2b2dee9c7a81e6c102_shot_001_000,sync_d,mouth,7.484793
29,828.750244,4452d828f84c6a2b2dee9c7a81e6c102_shot_001_000,sync_c,mouth,7.135354
30,816.337830,4452d828f84c6a2b2dee9c7a81e6c102_shot_001_000,pixel_mse,mouth,0.02351942
30,816.337830,4452d828f84c6a2b2dee9c7a81e6c102_shot_001_000,pixel_mse,full,0.02611489
30,816.337830,4452d828f84c6a2b2dee9c7a81e6c102_shot_001_000,ssim,mouth,0.56310385
30,816.337830,4452d828f84c6a2b2dee9c7a81e6c102_shot_001_000,ssim,full,0.65684903
30,816.337830,4452d828f84c6a2b2dee9c7a81e6c102_shot_001_000,lpips,mouth,0.34769934
30,816.337830,4452d828f84c6a2b2dee9c7a81e6c102_shot_001_000,lpips,full,0.32734641
30,816.337830,4452d828f84c6a2b2dee9c7a81e6c102_shot_001_000,sharpness,mouth,20.5095
30,816.337830,4452d828f84c6a2b2dee9c7a81e6c102_shot_001_000,lmd,mouth,4.916221
30,816.337830,4452d828f84c6a2b2dee9c7a81e6c102_shot_001_000,sync_d,mouth,7.427162
30,816.337830,4452d828f84c6a2b2dee9c7a81e6c102_shot_001_000,sync_c,mouth,7.211341
31,802.978699,4452d828f84c6a2b2dee9c7a81e6c102_shot_001_000,pixel_mse,mouth,0.02351738
31,802.978699,4452d828f84c6a2b2dee9c7a81e6c102_shot_001_000,pixel_mse,full,0.02616942
31,802.978699,4452d828f84c6a2b2dee9c7a81e6c102_shot_001_000,ssim,mouth,0.56272429
31,802.978699,4452d828f84c6a2b2dee9c7a81e6c102_shot_001_000,ssim,full,0.65623838
31,802.978699,4452d828f84c6a2b2dee9c7a81e6c102_shot_001_000,lpips,mouth,0.34670913
31,802.978699,4452d828f84c6a2b2dee9c7a81e6c102_shot_001_000,lpips,full,0.32496005
31,802.978699,4452d828f84c6a2b2dee9c7a81e6c102_shot_001_000,sharpness,mouth,20.5403
31,802.978699,4452d828f84c6a2b2dee9c7a81e6c102_shot_001_000,lmd,mouth,4.896575
31,802.978699,4452d828f84c6a2b2dee9c7a81e6c102_shot_001_000,sync_d,mouth,7.521802
31,802.978699,4452d828f84c6a2b2dee9c7a81e6c102_shot_001_000,sync_c,mouth,7.077166
32,788.560242,4452d828f84c6a2b2dee9c7a81e6c102_shot_001_000,pixel_mse,mouth,0.0238191
32,788.560242,4452d828f84c6a2b2dee9c7a81e6c102_shot_001_000,pixel_mse,full,0.026272
32,788.560242,4452d828f84c6a2b2dee9c7a81e6c102_shot_001_000,ssim,mouth,0.56048846
32,788.560242,4452d828f84c6a2b2dee9c7a81e6c102_shot_001_000,ssim,full,0.65528935
32,788.560242,4452d828f84c6a2b2dee9c7a81e6c102_shot_001_000,lpips,mouth,0.34999067
32,788.560242,4452d828f84c6a2b2dee9c7a81e6c102_shot_001_000,lpips,full,0.32509461
32,788.560242,4452d828f84c6a2b2dee9c7a81e6c102_shot_001_000,sharpness,mouth,20.1816
32,788.560242,4452d828f84c6a2b2dee9c7a81e6c102_shot_001_000,lmd,mouth,4.942544
32,788.560242,4452d828f84c6a2b2dee9c7a81e6c102_shot_001_000,sync_d,mouth,7.472439
32,788.560242,4452d828f84c6a2b2dee9c7a81e6c102_shot_001_000,sync_c,mouth,7.168385
33,772.951477,4452d828f84c6a2b2dee9c7a81e6c102_shot_001_000,pixel_mse,mouth,0.02393631
33,772.951477,4452d828f84c6a2b2dee9c7a81e6c102_shot_001_000,pixel_mse,full,0.02631372
33,772.951477,4452d828f84c6a2b2dee9c7a81e6c102_shot_001_000,ssim,mouth,0.55844355
33,772.951477,4452d828f84c6a2b2dee9c7a81e6c102_shot_001_000,ssim,full,0.65428847
33,772.951477,4452d828f84c6a2b2dee9c7a81e6c102_shot_001_000,lpips,mouth,0.34925252
33,772.951477,4452d828f84c6a2b2dee9c7a81e6c102_shot_001_000,lpips,full,0.3245472
33,772.951477,4452d828f84c6a2b2dee9c7a81e6c102_shot_001_000,sharpness,mouth,20.7299
33,772.951477,4452d828f84c6a2b2dee9c7a81e6c102_shot_001_000,lmd,mouth,4.984003
33,772.951477,4452d828f84c6a2b2dee9c7a81e6c102_shot_001_000,sync_d,mouth,7.693851
33,772.951477,4452d828f84c6a2b2dee9c7a81e6c102_shot_001_000,sync_c,mouth,7.080202
34,755.998352,4452d828f84c6a2b2dee9c7a81e6c102_shot_001_000,pixel_mse,mouth,0.02384857
34,755.998352,4452d828f84c6a2b2dee9c7a81e6c102_shot_001_000,pixel_mse,full,0.02642054
34,755.998352,4452d828f84c6a2b2dee9c7a81e6c102_shot_001_000,ssim,mouth,0.55785978
34,755.998352,4452d828f84c6a2b2dee9c7a81e6c102_shot_001_000,ssim,full,0.65393162
34,755.998352,4452d828f84c6a2b2dee9c7a81e6c102_shot_001_000,lpips,mouth,0.34918523
34,755.998352,4452d828f84c6a2b2dee9c7a81e6c102_shot_001_000,lpips,full,0.32416257
34,755.998352,4452d828f84c6a2b2dee9c7a81e6c102_shot_001_000,sharpness,mouth,21.0076
34,755.998352,4452d828f84c6a2b2dee9c7a81e6c102_shot_001_000,lmd,mouth,5.007412
34,755.998352,4452d828f84c6a2b2dee9c7a81e6c102_shot_001_000,sync_d,mouth,7.643953
34,755.998352,4452d828f84c6a2b2dee9c7a81e6c102_shot_001_000,sync_c,mouth,7.158116
35,737.519714,4452d828f84c6a2b2dee9c7a81e6c102_shot_001_000,pixel_mse,mouth,0.023795
35,737.519714,4452d828f84c6a2b2dee9c7a81e6c102_shot_001_000,pixel_mse,full,0.02643909
35,737.519714,4452d828f84c6a2b2dee9c7a81e6c102_shot_001_000,ssim,mouth,0.55847442
35,737.519714,4452d828f84c6a2b2dee9c7a81e6c102_shot_001_000,ssim,full,0.65401202
35,737.519714,4452d828f84c6a2b2dee9c7a81e6c102_shot_001_000,lpips,mouth,0.35018685
35,737.519714,4452d828f84c6a2b2dee9c7a81e6c102_shot_001_000,lpips,full,0.32374766
35,737.519714,4452d828f84c6a2b2dee9c7a81e6c102_shot_001_000,sharpness,mouth,20.8752
35,737.519714,4452d828f84c6a2b2dee9c7a81e6c102_shot_001_000,lmd,mouth,5.029234
35,737.519714,4452d828f84c6a2b2dee9c7a81e6c102_shot_001_000,sync_d,mouth,7.451912
35,737.519714,4452d828f84c6a2b2dee9c7a81e6c102_shot_001_000,sync_c,mouth,7.355956
36,717.299683,4452d828f84c6a2b2dee9c7a81e6c102_shot_001_000,pixel_mse,mouth,0.02391976
36,717.299683,4452d828f84c6a2b2dee9c7a81e6c102_shot_001_000,pixel_mse,full,0.02649608
36,717.299683,4452d828f84c6a2b2dee9c7a81e6c102_shot_001_000,ssim,mouth,0.55846292
36,717.299683,4452d828f84c6a2b2dee9c7a81e6c102_shot_001_000,ssim,full,0.65373534
36,717.299683,4452d828f84c6a2b2dee9c7a81e6c102_shot_001_000,lpips,mouth,0.35175949
36,717.299683,4452d828f84c6a2b2dee9c7a81e6c102_shot_001_000,lpips,full,0.32262638
36,717.299683,4452d828f84c6a2b2dee9c7a81e6c102_shot_001_000,sharpness,mouth,21.153
36,717.299683,4452d828f84c6a2b2dee9c7a81e6c102_shot_001_000,lmd,mouth,5.028758
36,717.299683,4452d828f84c6a2b2dee9c7a81e6c102_shot_001_000,sync_d,mouth,7.663784
36,717.299683,4452d828f84c6a2b2dee9c7a81e6c102_shot_001_000,sync_c,mouth,7.226636
37,695.080139,4452d828f84c6a2b2dee9c7a81e6c102_shot_001_000,pixel_mse,mouth,0.02397692
37,695.080139,4452d828f84c6a2b2dee9c7a81e6c102_shot_001_000,pixel_mse,full,0.02645312
37,695.080139,4452d828f84c6a2b2dee9c7a81e6c102_shot_001_000,ssim,mouth,0.55812597
37,695.080139,4452d828f84c6a2b2dee9c7a81e6c102_shot_001_000,ssim,full,0.65334427
37,695.080139,4452d828f84c6a2b2dee9c7a81e6c102_shot_001_000,lpips,mouth,0.35140878
37,695.080139,4452d828f84c6a2b2dee9c7a81e6c102_shot_001_000,lpips,full,0.32192805
37,695.080139,4452d828f84c6a2b2dee9c7a81e6c102_shot_001_000,sharpness,mouth,21.0417
37,695.080139,4452d828f84c6a2b2dee9c7a81e6c102_shot_001_000,lmd,mouth,5.083211
37,695.080139,4452d828f84c6a2b2dee9c7a81e6c102_shot_001_000,sync_d,mouth,7.585416
37,695.080139,4452d828f84c6a2b2dee9c7a81e6c102_shot_001_000,sync_c,mouth,7.318425
38,670.548828,4452d828f84c6a2b2dee9c7a81e6c102_shot_001_000,pixel_mse,mouth,0.02401206
38,670.548828,4452d828f84c6a2b2dee9c7a81e6c102_shot_001_000,pixel_mse,full,0.02645762
38,670.548828,4452d828f84c6a2b2dee9c7a81e6c102_shot_001_000,ssim,mouth,0.5580588
38,670.548828,4452d828f84c6a2b2dee9c7a81e6c102_shot_001_000,ssim,full,0.652942
38,670.548828,4452d828f84c6a2b2dee9c7a81e6c102_shot_001_000,lpips,mouth,0.35250384
38,670.548828,4452d828f84c6a2b2dee9c7a81e6c102_shot_001_000,lpips,full,0.32068047
38,670.548828,4452d828f84c6a2b2dee9c7a81e6c102_shot_001_000,sharpness,mouth,20.9979
38,670.548828,4452d828f84c6a2b2dee9c7a81e6c102_shot_001_000,lmd,mouth,5.065901
38,670.548828,4452d828f84c6a2b2dee9c7a81e6c102_shot_001_000,sync_d,mouth,7.546602
38,670.548828,4452d828f84c6a2b2dee9c7a81e6c102_shot_001_000,sync_c,mouth,7.317347
39,643.325317,4452d828f84c6a2b2dee9c7a81e6c102_shot_001_000,pixel_mse,mouth,0.02397963
39,643.325317,4452d828f84c6a2b2dee9c7a81e6c102_shot_001_000,pixel_mse,full,0.02647493
39,643.325317,4452d828f84c6a2b2dee9c7a81e6c102_shot_001_000,ssim,mouth,0.55797529
39,643.325317,4452d828f84c6a2b2dee9c7a81e6c102_shot_001_000,ssim,full,0.65222824
39,643.325317,4452d828f84c6a2b2dee9c7a81e6c102_shot_001_000,lpips,mouth,0.35211629
39,643.325317,4452d828f84c6a2b2dee9c7a81e6c102_shot_001_000,lpips,full,0.32072276
39,643.325317,4452d828f84c6a2b2dee9c7a81e6c102_shot_001_000,sharpness,mouth,21.176
39,643.325317,4452d828f84c6a2b2dee9c7a81e6c102_shot_001_000,lmd,mouth,5.0766
39,643.325317,4452d828f84c6a2b2dee9c7a81e6c102_shot_001_000,sync_d,mouth,7.589436
39,643.325317,4452d828f84c6a2b2dee9c7a81e6c102_shot_001_000,sync_c,mouth,7.298089
40,612.940735,4452d828f84c6a2b2dee9c7a81e6c102_shot_001_000,pixel_mse,mouth,0.02401692
40,612.940735,4452d828f84c6a2b2dee9c7a81e6c102_shot_001_000,pixel_mse,full,0.02649613
40,612.940735,4452d828f84c6a2b2dee9c7a81e6c102_shot_001_000,ssim,mouth,0.55797434
40,612.940735,4452d828f84c6a2b2dee9c7a81e6c102_shot_001_000,ssim,full,0.65175235
40,612.940735,4452d828f84c6a2b2dee9c7a81e6c102_shot_001_000,lpips,mouth,0.35397518
40,612.940735,4452d828f84c6a2b2dee9c7a81e6c102_shot_001_000,lpips,full,0.32025027
40,612.940735,4452d828f84c6a2b2dee9c7a81e6c102_shot_001_000,sharpness,mouth,21.0137
40,612.940735,4452d828f84c6a2b2dee9c7a81e6c102_shot_001_000,lmd,mouth,5.118367
40,612.940735,4452d828f84c6a2b2dee9c7a81e6c102_shot_001_000,sync_d,mouth,7.721362
40,612.940735,4452d828f84c6a2b2dee9c7a81e6c102_shot_001_000,sync_c,mouth,7.155002
41,578.810425,4452d828f84c6a2b2dee9c7a81e6c102_shot_001_000,pixel_mse,mouth,0.02405173
41,578.810425,4452d828f84c6a2b2dee9c7a81e6c102_shot_001_000,pixel_mse,full,0.026569
41,578.810425,4452d828f84c6a2b2dee9c7a81e6c102_shot_001_000,ssim,mouth,0.55734766
41,578.810425,4452d828f84c6a2b2dee9c7a81e6c102_shot_001_000,ssim,full,0.65084398
41,578.810425,4452d828f84c6a2b2dee9c7a81e6c102_shot_001_000,lpips,mouth,0.35190931
41,578.810425,4452d828f84c6a2b2dee9c7a81e6c102_shot_001_000,lpips,full,0.31974301
41,578.810425,4452d828f84c6a2b2dee9c7a81e6c102_shot_001_000,sharpness,mouth,20.9637
41,578.810425,4452d828f84c6a2b2dee9c7a81e6c102_shot_001_000,lmd,mouth,5.102239
41,578.810425,4452d828f84c6a2b2dee9c7a81e6c102_shot_001_000,sync_d,mouth,7.856493
41,578.810425,4452d828f84c6a2b2dee9c7a81e6c102_shot_001_000,sync_c,mouth,6.957301
42,540.196350,4452d828f84c6a2b2dee9c7a81e6c102_shot_001_000,pixel_mse,mouth,0.02404301
42,540.196350,4452d828f84c6a2b2dee9c7a81e6c102_shot_001_000,pixel_mse,full,0.02656451
42,540.196350,4452d828f84c6a2b2dee9c7a81e6c102_shot_001_000,ssim,mouth,0.55745906
42,540.196350,4452d828f84c6a2b2dee9c7a81e6c102_shot_001_000,ssim,full,0.65027845
42,540.196350,4452d828f84c6a2b2dee9c7a81e6c102_shot_001_000,lpips,mouth,0.35315916
42,540.196350,4452d828f84c6a2b2dee9c7a81e6c102_shot_001_000,lpips,full,0.31914949
42,540.196350,4452d828f84c6a2b2dee9c7a81e6c102_shot_001_000,sharpness,mouth,20.8949
42,540.196350,4452d828f84c6a2b2dee9c7a81e6c102_shot_001_000,lmd,mouth,5.137853
42,540.196350,4452d828f84c6a2b2dee9c7a81e6c102_shot_001_000,sync_d,mouth,7.970604
42,540.196350,4452d828f84c6a2b2dee9c7a81e6c102_shot_001_000,sync_c,mouth,6.849149
43,496.152893,4452d828f84c6a2b2dee9c7a81e6c102_shot_001_000,pixel_mse,mouth,0.02401505
43,496.152893,4452d828f84c6a2b2dee9c7a81e6c102_shot_001_000,pixel_mse,full,0.02657053
43,496.152893,4452d828f84c6a2b2dee9c7a81e6c102_shot_001_000,ssim,mouth,0.55783397
43,496.152893,4452d828f84c6a2b2dee9c7a81e6c102_shot_001_000,ssim,full,0.6497643
43,496.152893,4452d828f84c6a2b2dee9c7a81e6c102_shot_001_000,lpips,mouth,0.35159183
43,496.152893,4452d828f84c6a2b2dee9c7a81e6c102_shot_001_000,lpips,full,0.31854355
43,496.152893,4452d828f84c6a2b2dee9c7a81e6c102_shot_001_000,sharpness,mouth,20.729
43,496.152893,4452d828f84c6a2b2dee9c7a81e6c102_shot_001_000,lmd,mouth,5.149467
43,496.152893,4452d828f84c6a2b2dee9c7a81e6c102_shot_001_000,sync_d,mouth,7.959316
43,496.152893,4452d828f84c6a2b2dee9c7a81e6c102_shot_001_000,sync_c,mouth,6.939656
44,445.448151,4452d828f84c6a2b2dee9c7a81e6c102_shot_001_000,pixel_mse,mouth,0.02391212
44,445.448151,4452d828f84c6a2b2dee9c7a81e6c102_shot_001_000,pixel_mse,full,0.02660322
44,445.448151,4452d828f84c6a2b2dee9c7a81e6c102_shot_001_000,ssim,mouth,0.55784672
44,445.448151,4452d828f84c6a2b2dee9c7a81e6c102_shot_001_000,ssim,full,0.64912963
44,445.448151,4452d828f84c6a2b2dee9c7a81e6c102_shot_001_000,lpips,mouth,0.35187054
44,445.448151,4452d828f84c6a2b2dee9c7a81e6c102_shot_001_000,lpips,full,0.31772247
44,445.448151,4452d828f84c6a2b2dee9c7a81e6c102_shot_001_000,sharpness,mouth,20.807
44,445.448151,4452d828f84c6a2b2dee9c7a81e6c102_shot_001_000,lmd,mouth,5.152675
44,445.448151,4452d828f84c6a2b2dee9c7a81e6c102_shot_001_000,sync_d,mouth,7.998789
44,445.448151,4452d828f84c6a2b2dee9c7a81e6c102_shot_001_000,sync_c,mouth,6.790398
45,386.447418,4452d828f84c6a2b2dee9c7a81e6c102_shot_001_000,pixel_mse,mouth,0.02388935
45,386.447418,4452d828f84c6a2b2dee9c7a81e6c102_shot_001_000,pixel_mse,full,0.02660112
45,386.447418,4452d828f84c6a2b2dee9c7a81e6c102_shot_001_000,ssim,mouth,0.55745006
45,386.447418,4452d828f84c6a2b2dee9c7a81e6c102_shot_001_000,ssim,full,0.64823091
45,386.447418,4452d828f84c6a2b2dee9c7a81e6c102_shot_001_000,lpips,mouth,0.35007393
45,386.447418,4452d828f84c6a2b2dee9c7a81e6c102_shot_001_000,lpips,full,0.31666717
45,386.447418,4452d828f84c6a2b2dee9c7a81e6c102_shot_001_000,sharpness,mouth,20.8155
45,386.447418,4452d828f84c6a2b2dee9c7a81e6c102_shot_001_000,lmd,mouth,5.167875
45,386.447418,4452d828f84c6a2b2dee9c7a81e6c102_shot_001_000,sync_d,mouth,7.991203
45,386.447418,4452d828f84c6a2b2dee9c7a81e6c102_shot_001_000,sync_c,mouth,6.853392
46,316.933258,4452d828f84c6a2b2dee9c7a81e6c102_shot_001_000,pixel_mse,mouth,0.02384502
46,316.933258,4452d828f84c6a2b2dee9c7a81e6c102_shot_001_000,pixel_mse,full,0.02659665
46,316.933258,4452d828f84c6a2b2dee9c7a81e6c102_shot_001_000,ssim,mouth,0.5574367
46,316.933258,4452d828f84c6a2b2dee9c7a81e6c102_shot_001_000,ssim,full,0.64745122
46,316.933258,4452d828f84c6a2b2dee9c7a81e6c102_shot_001_000,lpips,mouth,0.35073212
46,316.933258,4452d828f84c6a2b2dee9c7a81e6c102_shot_001_000,lpips,full,0.31558603
46,316.933258,4452d828f84c6a2b2dee9c7a81e6c102_shot_001_000,sharpness,mouth,20.9418
46,316.933258,4452d828f84c6a2b2dee9c7a81e6c102_shot_001_000,lmd,mouth,5.150013
46,316.933258,4452d828f84c6a2b2dee9c7a81e6c102_shot_001_000,sync_d,mouth,8.134323
46,316.933258,4452d828f84c6a2b2dee9c7a81e6c102_shot_001_000,sync_c,mouth,6.722643
47,233.820694,4452d828f84c6a2b2dee9c7a81e6c102_shot_001_000,pixel_mse,mouth,0.02378144
47,233.820694,4452d828f84c6a2b2dee9c7a81e6c102_shot_001_000,pixel_mse,full,0.02659356
47,233.820694,4452d828f84c6a2b2dee9c7a81e6c102_shot_001_000,ssim,mouth,0.55738991
47,233.820694,4452d828f84c6a2b2dee9c7a81e6c102_shot_001_000,ssim,full,0.64665174
47,233.820694,4452d828f84c6a2b2dee9c7a81e6c102_shot_001_000,lpips,mouth,0.34934458
47,233.820694,4452d828f84c6a2b2dee9c7a81e6c102_shot_001_000,lpips,full,0.31438452
47,233.820694,4452d828f84c6a2b2dee9c7a81e6c102_shot_001_000,sharpness,mouth,20.6618
47,233.820694,4452d828f84c6a2b2dee9c7a81e6c102_shot_001_000,lmd,mouth,5.102013
47,233.820694,4452d828f84c6a2b2dee9c7a81e6c102_shot_001_000,sync_d,mouth,8.095998
47,233.820694,4452d828f84c6a2b2dee9c7a81e6c102_shot_001_000,sync_c,mouth,6.707363
48,132.687027,4452d828f84c6a2b2dee9c7a81e6c102_shot_001_000,pixel_mse,mouth,0.02370413
48,132.687027,4452d828f84c6a2b2dee9c7a81e6c102_shot_001_000,pixel_mse,full,0.02658564
48,132.687027,4452d828f84c6a2b2dee9c7a81e6c102_shot_001_000,ssim,mouth,0.55738974
48,132.687027,4452d828f84c6a2b2dee9c7a81e6c102_shot_001_000,ssim,full,0.64593381
48,132.687027,4452d828f84c6a2b2dee9c7a81e6c102_shot_001_000,lpips,mouth,0.34876671
48,132.687027,4452d828f84c6a2b2dee9c7a81e6c102_shot_001_000,lpips,full,0.31294185
48,132.687027,4452d828f84c6a2b2dee9c7a81e6c102_shot_001_000,sharpness,mouth,20.5733
48,132.687027,4452d828f84c6a2b2dee9c7a81e6c102_shot_001_000,lmd,mouth,5.161641
48,132.687027,4452d828f84c6a2b2dee9c7a81e6c102_shot_001_000,sync_d,mouth,8.127974
48,132.687027,4452d828f84c6a2b2dee9c7a81e6c102_shot_001_000,sync_c,mouth,6.713763
49,6.958251,4452d828f84c6a2b2dee9c7a81e6c102_shot_001_000,pixel_mse,mouth,0.02370137
49,6.958251,4452d828f84c6a2b2dee9c7a81e6c102_shot_001_000,pixel_mse,full,0.02657251
49,6.958251,4452d828f84c6a2b2dee9c7a81e6c102_shot_001_000,ssim,mouth,0.55755305
49,6.958251,4452d828f84c6a2b2dee9c7a81e6c102_shot_001_000,ssim,full,0.64635795
49,6.958251,4452d828f84c6a2b2dee9c7a81e6c102_shot_001_000,lpips,mouth,0.34836024
49,6.958251,4452d828f84c6a2b2dee9c7a81e6c102_shot_001_000,lpips,full,0.31209725
49,6.958251,4452d828f84c6a2b2dee9c7a81e6c102_shot_001_000,sharpness,mouth,20.4023
49,6.958251,4452d828f84c6a2b2dee9c7a81e6c102_shot_001_000,lmd,mouth,5.130587
49,6.958251,4452d828f84c6a2b2dee9c7a81e6c102_shot_001_000,sync_d,mouth,8.100929
49,6.958251,4452d828f84c6a2b2dee9c7a81e6c102_shot_001_000,sync_c,mouth,6.736992
-1,gt,eb79a85e6b928add93a5fbf5168af5ac_shot_001_000,sharpness,mouth,61.6434
-1,gt,eb79a85e6b928add93a5fbf5168af5ac_shot_001_000,sync_d,mouth,8.478289
-1,gt,eb79a85e6b928add93a5fbf5168af5ac_shot_001_000,sync_c,mouth,6.715432
0,1000.000000,eb79a85e6b928add93a5fbf5168af5ac_shot_001_000,pixel_mse,mouth,0.01181637
0,1000.000000,eb79a85e6b928add93a5fbf5168af5ac_shot_001_000,pixel_mse,full,0.0090263
0,1000.000000,eb79a85e6b928add93a5fbf5168af5ac_shot_001_000,ssim,mouth,0.60467112
0,1000.000000,eb79a85e6b928add93a5fbf5168af5ac_shot_001_000,ssim,full,0.78315151
0,1000.000000,eb79a85e6b928add93a5fbf5168af5ac_shot_001_000,lpips,mouth,0.47989255
0,1000.000000,eb79a85e6b928add93a5fbf5168af5ac_shot_001_000,lpips,full,0.35692355
0,1000.000000,eb79a85e6b928add93a5fbf5168af5ac_shot_001_000,sharpness,mouth,18.5829
0,1000.000000,eb79a85e6b928add93a5fbf5168af5ac_shot_001_000,lmd,mouth,2.233666
0,1000.000000,eb79a85e6b928add93a5fbf5168af5ac_shot_001_000,sync_d,mouth,12.640224
0,1000.000000,eb79a85e6b928add93a5fbf5168af5ac_shot_001_000,sync_c,mouth,0.913922
1,997.035706,eb79a85e6b928add93a5fbf5168af5ac_shot_001_000,pixel_mse,mouth,0.01671482
1,997.035706,eb79a85e6b928add93a5fbf5168af5ac_shot_001_000,pixel_mse,full,0.01557507
1,997.035706,eb79a85e6b928add93a5fbf5168af5ac_shot_001_000,ssim,mouth,0.58873022
1,997.035706,eb79a85e6b928add93a5fbf5168af5ac_shot_001_000,ssim,full,0.74870056
1,997.035706,eb79a85e6b928add93a5fbf5168af5ac_shot_001_000,lpips,mouth,0.48731327
1,997.035706,eb79a85e6b928add93a5fbf5168af5ac_shot_001_000,lpips,full,0.38960642
1,997.035706,eb79a85e6b928add93a5fbf5168af5ac_shot_001_000,sharpness,mouth,13.3159
1,997.035706,eb79a85e6b928add93a5fbf5168af5ac_shot_001_000,lmd,mouth,1.800163
1,997.035706,eb79a85e6b928add93a5fbf5168af5ac_shot_001_000,sync_d,mouth,13.108048
1,997.035706,eb79a85e6b928add93a5fbf5168af5ac_shot_001_000,sync_c,mouth,0.770851
2,993.963867,eb79a85e6b928add93a5fbf5168af5ac_shot_001_000,pixel_mse,mouth,0.0170335
2,993.963867,eb79a85e6b928add93a5fbf5168af5ac_shot_001_000,pixel_mse,full,0.01714519
2,993.963867,eb79a85e6b928add93a5fbf5168af5ac_shot_001_000,ssim,mouth,0.58997154
2,993.963867,eb79a85e6b928add93a5fbf5168af5ac_shot_001_000,ssim,full,0.74965292
2,993.963867,eb79a85e6b928add93a5fbf5168af5ac_shot_001_000,lpips,mouth,0.49862012
2,993.963867,eb79a85e6b928add93a5fbf5168af5ac_shot_001_000,lpips,full,0.40278235
2,993.963867,eb79a85e6b928add93a5fbf5168af5ac_shot_001_000,sharpness,mouth,11.4997
2,993.963867,eb79a85e6b928add93a5fbf5168af5ac_shot_001_000,lmd,mouth,1.335343
2,993.963867,eb79a85e6b928add93a5fbf5168af5ac_shot_001_000,sync_d,mouth,12.834597
2,993.963867,eb79a85e6b928add93a5fbf5168af5ac_shot_001_000,sync_c,mouth,0.725925
3,990.779053,eb79a85e6b928add93a5fbf5168af5ac_shot_001_000,pixel_mse,mouth,0.0147481
3,990.779053,eb79a85e6b928add93a5fbf5168af5ac_shot_001_000,pixel_mse,full,0.01474893
3,990.779053,eb79a85e6b928add93a5fbf5168af5ac_shot_001_000,ssim,mouth,0.59754544
3,990.779053,eb79a85e6b928add93a5fbf5168af5ac_shot_001_000,ssim,full,0.76063591
3,990.779053,eb79a85e6b928add93a5fbf5168af5ac_shot_001_000,lpips,mouth,0.49918309
3,990.779053,eb79a85e6b928add93a5fbf5168af5ac_shot_001_000,lpips,full,0.39167324
3,990.779053,eb79a85e6b928add93a5fbf5168af5ac_shot_001_000,sharpness,mouth,12.9102
3,990.779053,eb79a85e6b928add93a5fbf5168af5ac_shot_001_000,lmd,mouth,1.560849
3,990.779053,eb79a85e6b928add93a5fbf5168af5ac_shot_001_000,sync_d,mouth,12.44886
3,990.779053,eb79a85e6b928add93a5fbf5168af5ac_shot_001_000,sync_c,mouth,1.012347
4,987.474243,eb79a85e6b928add93a5fbf5168af5ac_shot_001_000,pixel_mse,mouth,0.01598929
4,987.474243,eb79a85e6b928add93a5fbf5168af5ac_shot_001_000,pixel_mse,full,0.016457
4,987.474243,eb79a85e6b928add93a5fbf5168af5ac_shot_001_000,ssim,mouth,0.58872616
4,987.474243,eb79a85e6b928add93a5fbf5168af5ac_shot_001_000,ssim,full,0.75181824
4,987.474243,eb79a85e6b928add93a5fbf5168af5ac_shot_001_000,lpips,mouth,0.49133033
4,987.474243,eb79a85e6b928add93a5fbf5168af5ac_shot_001_000,lpips,full,0.38574064
4,987.474243,eb79a85e6b928add93a5fbf5168af5ac_shot_001_000,sharpness,mouth,13.4858
4,987.474243,eb79a85e6b928add93a5fbf5168af5ac_shot_001_000,lmd,mouth,2.020372
4,987.474243,eb79a85e6b928add93a5fbf5168af5ac_shot_001_000,sync_d,mouth,11.885362
4,987.474243,eb79a85e6b928add93a5fbf5168af5ac_shot_001_000,sync_c,mouth,1.953333
5,984.043091,eb79a85e6b928add93a5fbf5168af5ac_shot_001_000,pixel_mse,mouth,0.01780917
5,984.043091,eb79a85e6b928add93a5fbf5168af5ac_shot_001_000,pixel_mse,full,0.01834591
5,984.043091,eb79a85e6b928add93a5fbf5168af5ac_shot_001_000,ssim,mouth,0.5783509
5,984.043091,eb79a85e6b928add93a5fbf5168af5ac_shot_001_000,ssim,full,0.74453998
5,984.043091,eb79a85e6b928add93a5fbf5168af5ac_shot_001_000,lpips,mouth,0.48432636
5,984.043091,eb79a85e6b928add93a5fbf5168af5ac_shot_001_000,lpips,full,0.37533143
5,984.043091,eb79a85e6b928add93a5fbf5168af5ac_shot_001_000,sharpness,mouth,13.8733
5,984.043091,eb79a85e6b928add93a5fbf5168af5ac_shot_001_000,lmd,mouth,3.021212
5,984.043091,eb79a85e6b928add93a5fbf5168af5ac_shot_001_000,sync_d,mouth,11.66137
5,984.043091,eb79a85e6b928add93a5fbf5168af5ac_shot_001_000,sync_c,mouth,2.704606
6,980.477844,eb79a85e6b928add93a5fbf5168af5ac_shot_001_000,pixel_mse,mouth,0.02034096
6,980.477844,eb79a85e6b928add93a5fbf5168af5ac_shot_001_000,pixel_mse,full,0.01971558
6,980.477844,eb79a85e6b928add93a5fbf5168af5ac_shot_001_000,ssim,mouth,0.56150919
6,980.477844,eb79a85e6b928add93a5fbf5168af5ac_shot_001_000,ssim,full,0.73828727
6,980.477844,eb79a85e6b928add93a5fbf5168af5ac_shot_001_000,lpips,mouth,0.47157297
6,980.477844,eb79a85e6b928add93a5fbf5168af5ac_shot_001_000,lpips,full,0.37239045
6,980.477844,eb79a85e6b928add93a5fbf5168af5ac_shot_001_000,sharpness,mouth,14.2425
6,980.477844,eb79a85e6b928add93a5fbf5168af5ac_shot_001_000,lmd,mouth,5.392901
6,980.477844,eb79a85e6b928add93a5fbf5168af5ac_shot_001_000,sync_d,mouth,11.445124
6,980.477844,eb79a85e6b928add93a5fbf5168af5ac_shot_001_000,sync_c,mouth,2.96579
7,976.770691,eb79a85e6b928add93a5fbf5168af5ac_shot_001_000,pixel_mse,mouth,0.01989385
7,976.770691,eb79a85e6b928add93a5fbf5168af5ac_shot_001_000,pixel_mse,full,0.02032577
7,976.770691,eb79a85e6b928add93a5fbf5168af5ac_shot_001_000,ssim,mouth,0.55541927
7,976.770691,eb79a85e6b928add93a5fbf5168af5ac_shot_001_000,ssim,full,0.73563421
7,976.770691,eb79a85e6b928add93a5fbf5168af5ac_shot_001_000,lpips,mouth,0.45999956
7,976.770691,eb79a85e6b928add93a5fbf5168af5ac_shot_001_000,lpips,full,0.36634803
7,976.770691,eb79a85e6b928add93a5fbf5168af5ac_shot_001_000,sharpness,mouth,16.5126
7,976.770691,eb79a85e6b928add93a5fbf5168af5ac_shot_001_000,lmd,mouth,4.609625
7,976.770691,eb79a85e6b928add93a5fbf5168af5ac_shot_001_000,sync_d,mouth,10.88205
7,976.770691,eb79a85e6b928add93a5fbf5168af5ac_shot_001_000,sync_c,mouth,3.13455
8,972.912842,eb79a85e6b928add93a5fbf5168af5ac_shot_001_000,pixel_mse,mouth,0.02106323
8,972.912842,eb79a85e6b928add93a5fbf5168af5ac_shot_001_000,pixel_mse,full,0.02055843
8,972.912842,eb79a85e6b928add93a5fbf5168af5ac_shot_001_000,ssim,mouth,0.54520935
8,972.912842,eb79a85e6b928add93a5fbf5168af5ac_shot_001_000,ssim,full,0.73277766
8,972.912842,eb79a85e6b928add93a5fbf5168af5ac_shot_001_000,lpips,mouth,0.44960016
8,972.912842,eb79a85e6b928add93a5fbf5168af5ac_shot_001_000,lpips,full,0.35709873
8,972.912842,eb79a85e6b928add93a5fbf5168af5ac_shot_001_000,sharpness,mouth,16.4075
8,972.912842,eb79a85e6b928add93a5fbf5168af5ac_shot_001_000,lmd,mouth,4.903069
8,972.912842,eb79a85e6b928add93a5fbf5168af5ac_shot_001_000,sync_d,mouth,11.072186
8,972.912842,eb79a85e6b928add93a5fbf5168af5ac_shot_001_000,sync_c,mouth,3.240559
9,968.895081,eb79a85e6b928add93a5fbf5168af5ac_shot_001_000,pixel_mse,mouth,0.02300665
9,968.895081,eb79a85e6b928add93a5fbf5168af5ac_shot_001_000,pixel_mse,full,0.0213486
9,968.895081,eb79a85e6b928add93a5fbf5168af5ac_shot_001_000,ssim,mouth,0.53105342
9,968.895081,eb79a85e6b928add93a5fbf5168af5ac_shot_001_000,ssim,full,0.7294355
9,968.895081,eb79a85e6b928add93a5fbf5168af5ac_shot_001_000,lpips,mouth,0.43917987
9,968.895081,eb79a85e6b928add93a5fbf5168af5ac_shot_001_000,lpips,full,0.35195696
9,968.895081,eb79a85e6b928add93a5fbf5168af5ac_shot_001_000,sharpness,mouth,17.8903
9,968.895081,eb79a85e6b928add93a5fbf5168af5ac_shot_001_000,lmd,mouth,5.070675
9,968.895081,eb79a85e6b928add93a5fbf5168af5ac_shot_001_000,sync_d,mouth,11.180673
9,968.895081,eb79a85e6b928add93a5fbf5168af5ac_shot_001_000,sync_c,mouth,2.939435
10,964.707153,eb79a85e6b928add93a5fbf5168af5ac_shot_001_000,pixel_mse,mouth,0.02242761
10,964.707153,eb79a85e6b928add93a5fbf5168af5ac_shot_001_000,pixel_mse,full,0.0216957
10,964.707153,eb79a85e6b928add93a5fbf5168af5ac_shot_001_000,ssim,mouth,0.52931076
10,964.707153,eb79a85e6b928add93a5fbf5168af5ac_shot_001_000,ssim,full,0.72854829
10,964.707153,eb79a85e6b928add93a5fbf5168af5ac_shot_001_000,lpips,mouth,0.42690921
10,964.707153,eb79a85e6b928add93a5fbf5168af5ac_shot_001_000,lpips,full,0.33870226
10,964.707153,eb79a85e6b928add93a5fbf5168af5ac_shot_001_000,sharpness,mouth,19.4264
10,964.707153,eb79a85e6b928add93a5fbf5168af5ac_shot_001_000,lmd,mouth,5.906395
10,964.707153,eb79a85e6b928add93a5fbf5168af5ac_shot_001_000,sync_d,mouth,11.481225
10,964.707153,eb79a85e6b928add93a5fbf5168af5ac_shot_001_000,sync_c,mouth,2.576952
11,960.337952,eb79a85e6b928add93a5fbf5168af5ac_shot_001_000,pixel_mse,mouth,0.02390892
11,960.337952,eb79a85e6b928add93a5fbf5168af5ac_shot_001_000,pixel_mse,full,0.02254443
11,960.337952,eb79a85e6b928add93a5fbf5168af5ac_shot_001_000,ssim,mouth,0.51759458
11,960.337952,eb79a85e6b928add93a5fbf5168af5ac_shot_001_000,ssim,full,0.72598916
11,960.337952,eb79a85e6b928add93a5fbf5168af5ac_shot_001_000,lpips,mouth,0.40754098
11,960.337952,eb79a85e6b928add93a5fbf5168af5ac_shot_001_000,lpips,full,0.32850218
11,960.337952,eb79a85e6b928add93a5fbf5168af5ac_shot_001_000,sharpness,mouth,23.4181
11,960.337952,eb79a85e6b928add93a5fbf5168af5ac_shot_001_000,lmd,mouth,5.876846
11,960.337952,eb79a85e6b928add93a5fbf5168af5ac_shot_001_000,sync_d,mouth,11.132948
11,960.337952,eb79a85e6b928add93a5fbf5168af5ac_shot_001_000,sync_c,mouth,2.711143
12,955.775635,eb79a85e6b928add93a5fbf5168af5ac_shot_001_000,pixel_mse,mouth,0.02363447
12,955.775635,eb79a85e6b928add93a5fbf5168af5ac_shot_001_000,pixel_mse,full,0.02261989
12,955.775635,eb79a85e6b928add93a5fbf5168af5ac_shot_001_000,ssim,mouth,0.51469058
12,955.775635,eb79a85e6b928add93a5fbf5168af5ac_shot_001_000,ssim,full,0.72448504
12,955.775635,eb79a85e6b928add93a5fbf5168af5ac_shot_001_000,lpips,mouth,0.39745632
12,955.775635,eb79a85e6b928add93a5fbf5168af5ac_shot_001_000,lpips,full,0.31866625
12,955.775635,eb79a85e6b928add93a5fbf5168af5ac_shot_001_000,sharpness,mouth,27.151
12,955.775635,eb79a85e6b928add93a5fbf5168af5ac_shot_001_000,lmd,mouth,6.108428
12,955.775635,eb79a85e6b928add93a5fbf5168af5ac_shot_001_000,sync_d,mouth,10.1737
12,955.775635,eb79a85e6b928add93a5fbf5168af5ac_shot_001_000,sync_c,mouth,3.850378
13,951.006897,eb79a85e6b928add93a5fbf5168af5ac_shot_001_000,pixel_mse,mouth,0.02424034
13,951.006897,eb79a85e6b928add93a5fbf5168af5ac_shot_001_000,pixel_mse,full,0.02317949
13,951.006897,eb79a85e6b928add93a5fbf5168af5ac_shot_001_000,ssim,mouth,0.51189524
13,951.006897,eb79a85e6b928add93a5fbf5168af5ac_shot_001_000,ssim,full,0.72326881
13,951.006897,eb79a85e6b928add93a5fbf5168af5ac_shot_001_000,lpips,mouth,0.38667291
13,951.006897,eb79a85e6b928add93a5fbf5168af5ac_shot_001_000,lpips,full,0.31252396
13,951.006897,eb79a85e6b928add93a5fbf5168af5ac_shot_001_000,sharpness,mouth,25.9577
13,951.006897,eb79a85e6b928add93a5fbf5168af5ac_shot_001_000,lmd,mouth,5.606424
13,951.006897,eb79a85e6b928add93a5fbf5168af5ac_shot_001_000,sync_d,mouth,9.762475
13,951.006897,eb79a85e6b928add93a5fbf5168af5ac_shot_001_000,sync_c,mouth,4.291931
14,946.017517,eb79a85e6b928add93a5fbf5168af5ac_shot_001_000,pixel_mse,mouth,0.02467939
14,946.017517,eb79a85e6b928add93a5fbf5168af5ac_shot_001_000,pixel_mse,full,0.02361284
14,946.017517,eb79a85e6b928add93a5fbf5168af5ac_shot_001_000,ssim,mouth,0.50053096
14,946.017517,eb79a85e6b928add93a5fbf5168af5ac_shot_001_000,ssim,full,0.72157866
14,946.017517,eb79a85e6b928add93a5fbf5168af5ac_shot_001_000,lpips,mouth,0.37833893
14,946.017517,eb79a85e6b928add93a5fbf5168af5ac_shot_001_000,lpips,full,0.30620477
14,946.017517,eb79a85e6b928add93a5fbf5168af5ac_shot_001_000,sharpness,mouth,30.542
14,946.017517,eb79a85e6b928add93a5fbf5168af5ac_shot_001_000,lmd,mouth,5.705589
14,946.017517,eb79a85e6b928add93a5fbf5168af5ac_shot_001_000,sync_d,mouth,9.358099
14,946.017517,eb79a85e6b928add93a5fbf5168af5ac_shot_001_000,sync_c,mouth,4.709666
15,940.791870,eb79a85e6b928add93a5fbf5168af5ac_shot_001_000,pixel_mse,mouth,0.02546358
15,940.791870,eb79a85e6b928add93a5fbf5168af5ac_shot_001_000,pixel_mse,full,0.02414083
15,940.791870,eb79a85e6b928add93a5fbf5168af5ac_shot_001_000,ssim,mouth,0.49749851
15,940.791870,eb79a85e6b928add93a5fbf5168af5ac_shot_001_000,ssim,full,0.72004443
15,940.791870,eb79a85e6b928add93a5fbf5168af5ac_shot_001_000,lpips,mouth,0.37106842
15,940.791870,eb79a85e6b928add93a5fbf5168af5ac_shot_001_000,lpips,full,0.30322859
15,940.791870,eb79a85e6b928add93a5fbf5168af5ac_shot_001_000,sharpness,mouth,29.7951
15,940.791870,eb79a85e6b928add93a5fbf5168af5ac_shot_001_000,lmd,mouth,5.694512
15,940.791870,eb79a85e6b928add93a5fbf5168af5ac_shot_001_000,sync_d,mouth,8.989756
15,940.791870,eb79a85e6b928add93a5fbf5168af5ac_shot_001_000,sync_c,mouth,5.040256
16,935.312622,eb79a85e6b928add93a5fbf5168af5ac_shot_001_000,pixel_mse,mouth,0.02533427
16,935.312622,eb79a85e6b928add93a5fbf5168af5ac_shot_001_000,pixel_mse,full,0.0242382
16,935.312622,eb79a85e6b928add93a5fbf5168af5ac_shot_001_000,ssim,mouth,0.4949719
16,935.312622,eb79a85e6b928add93a5fbf5168af5ac_shot_001_000,ssim,full,0.71994144
16,935.312622,eb79a85e6b928add93a5fbf5168af5ac_shot_001_000,lpips,mouth,0.36604604
16,935.312622,eb79a85e6b928add93a5fbf5168af5ac_shot_001_000,lpips,full,0.29989973
16,935.312622,eb79a85e6b928add93a5fbf5168af5ac_shot_001_000,sharpness,mouth,29.4583
16,935.312622,eb79a85e6b928add93a5fbf5168af5ac_shot_001_000,lmd,mouth,5.659698
16,935.312622,eb79a85e6b928add93a5fbf5168af5ac_shot_001_000,sync_d,mouth,9.218173
16,935.312622,eb79a85e6b928add93a5fbf5168af5ac_shot_001_000,sync_c,mouth,4.942517
17,929.560913,eb79a85e6b928add93a5fbf5168af5ac_shot_001_000,pixel_mse,mouth,0.02509909
17,929.560913,eb79a85e6b928add93a5fbf5168af5ac_shot_001_000,pixel_mse,full,0.02402084
17,929.560913,eb79a85e6b928add93a5fbf5168af5ac_shot_001_000,ssim,mouth,0.49849433
17,929.560913,eb79a85e6b928add93a5fbf5168af5ac_shot_001_000,ssim,full,0.72037554
17,929.560913,eb79a85e6b928add93a5fbf5168af5ac_shot_001_000,lpips,mouth,0.36315796
17,929.560913,eb79a85e6b928add93a5fbf5168af5ac_shot_001_000,lpips,full,0.29635918
17,929.560913,eb79a85e6b928add93a5fbf5168af5ac_shot_001_000,sharpness,mouth,31.1349
17,929.560913,eb79a85e6b928add93a5fbf5168af5ac_shot_001_000,lmd,mouth,5.449318
17,929.560913,eb79a85e6b928add93a5fbf5168af5ac_shot_001_000,sync_d,mouth,9.236313
17,929.560913,eb79a85e6b928add93a5fbf5168af5ac_shot_001_000,sync_c,mouth,5.039333
18,923.515991,eb79a85e6b928add93a5fbf5168af5ac_shot_001_000,pixel_mse,mouth,0.02472568
18,923.515991,eb79a85e6b928add93a5fbf5168af5ac_shot_001_000,pixel_mse,full,0.02417126
18,923.515991,eb79a85e6b928add93a5fbf5168af5ac_shot_001_000,ssim,mouth,0.4988625
18,923.515991,eb79a85e6b928add93a5fbf5168af5ac_shot_001_000,ssim,full,0.71952397
18,923.515991,eb79a85e6b928add93a5fbf5168af5ac_shot_001_000,lpips,mouth,0.36206105
18,923.515991,eb79a85e6b928add93a5fbf5168af5ac_shot_001_000,lpips,full,0.2949847
18,923.515991,eb79a85e6b928add93a5fbf5168af5ac_shot_001_000,sharpness,mouth,29.7654
18,923.515991,eb79a85e6b928add93a5fbf5168af5ac_shot_001_000,lmd,mouth,5.619052
18,923.515991,eb79a85e6b928add93a5fbf5168af5ac_shot_001_000,sync_d,mouth,9.419434
18,923.515991,eb79a85e6b928add93a5fbf5168af5ac_shot_001_000,sync_c,mouth,5.037179
19,917.154785,eb79a85e6b928add93a5fbf5168af5ac_shot_001_000,pixel_mse,mouth,0.02442921
19,917.154785,eb79a85e6b928add93a5fbf5168af5ac_shot_001_000,pixel_mse,full,0.02412901
19,917.154785,eb79a85e6b928add93a5fbf5168af5ac_shot_001_000,ssim,mouth,0.49790525
19,917.154785,eb79a85e6b928add93a5fbf5168af5ac_shot_001_000,ssim,full,0.71989268
19,917.154785,eb79a85e6b928add93a5fbf5168af5ac_shot_001_000,lpips,mouth,0.35850742
19,917.154785,eb79a85e6b928add93a5fbf5168af5ac_shot_001_000,lpips,full,0.29240412
19,917.154785,eb79a85e6b928add93a5fbf5168af5ac_shot_001_000,sharpness,mouth,31.7319
19,917.154785,eb79a85e6b928add93a5fbf5168af5ac_shot_001_000,lmd,mouth,5.472144
19,917.154785,eb79a85e6b928add93a5fbf5168af5ac_shot_001_000,sync_d,mouth,9.314732
19,917.154785,eb79a85e6b928add93a5fbf5168af5ac_shot_001_000,sync_c,mouth,5.139697
20,910.451721,eb79a85e6b928add93a5fbf5168af5ac_shot_001_000,pixel_mse,mouth,0.024422
20,910.451721,eb79a85e6b928add93a5fbf5168af5ac_shot_001_000,pixel_mse,full,0.02413871
20,910.451721,eb79a85e6b928add93a5fbf5168af5ac_shot_001_000,ssim,mouth,0.49391043
20,910.451721,eb79a85e6b928add93a5fbf5168af5ac_shot_001_000,ssim,full,0.71925145
20,910.451721,eb79a85e6b928add93a5fbf5168af5ac_shot_001_000,lpips,mouth,0.35330865
20,910.451721,eb79a85e6b928add93a5fbf5168af5ac_shot_001_000,lpips,full,0.28943273
20,910.451721,eb79a85e6b928add93a5fbf5168af5ac_shot_001_000,sharpness,mouth,34.2553
20,910.451721,eb79a85e6b928add93a5fbf5168af5ac_shot_001_000,lmd,mouth,5.581662
20,910.451721,eb79a85e6b928add93a5fbf5168af5ac_shot_001_000,sync_d,mouth,9.905456
20,910.451721,eb79a85e6b928add93a5fbf5168af5ac_shot_001_000,sync_c,mouth,4.425269
21,903.378723,eb79a85e6b928add93a5fbf5168af5ac_shot_001_000,pixel_mse,mouth,0.02464445
21,903.378723,eb79a85e6b928add93a5fbf5168af5ac_shot_001_000,pixel_mse,full,0.02415324
21,903.378723,eb79a85e6b928add93a5fbf5168af5ac_shot_001_000,ssim,mouth,0.49187875
21,903.378723,eb79a85e6b928add93a5fbf5168af5ac_shot_001_000,ssim,full,0.7187053
21,903.378723,eb79a85e6b928add93a5fbf5168af5ac_shot_001_000,lpips,mouth,0.3511734
21,903.378723,eb79a85e6b928add93a5fbf5168af5ac_shot_001_000,lpips,full,0.28783658
21,903.378723,eb79a85e6b928add93a5fbf5168af5ac_shot_001_000,sharpness,mouth,36.3816
21,903.378723,eb79a85e6b928add93a5fbf5168af5ac_shot_001_000,lmd,mouth,5.640579
21,903.378723,eb79a85e6b928add93a5fbf5168af5ac_shot_001_000,sync_d,mouth,9.922974
21,903.378723,eb79a85e6b928add93a5fbf5168af5ac_shot_001_000,sync_c,mouth,4.3709
22,895.903931,eb79a85e6b928add93a5fbf5168af5ac_shot_001_000,pixel_mse,mouth,0.02501016
22,895.903931,eb79a85e6b928add93a5fbf5168af5ac_shot_001_000,pixel_mse,full,0.02417454
22,895.903931,eb79a85e6b928add93a5fbf5168af5ac_shot_001_000,ssim,mouth,0.48804435
22,895.903931,eb79a85e6b928add93a5fbf5168af5ac_shot_001_000,ssim,full,0.71782225
22,895.903931,eb79a85e6b928add93a5fbf5168af5ac_shot_001_000,lpips,mouth,0.34971529
22,895.903931,eb79a85e6b928add93a5fbf5168af5ac_shot_001_000,lpips,full,0.2850354
22,895.903931,eb79a85e6b928add93a5fbf5168af5ac_shot_001_000,sharpness,mouth,37.9772
22,895.903931,eb79a85e6b928add93a5fbf5168af5ac_shot_001_000,lmd,mouth,5.678972
22,895.903931,eb79a85e6b928add93a5fbf5168af5ac_shot_001_000,sync_d,mouth,9.861309
22,895.903931,eb79a85e6b928add93a5fbf5168af5ac_shot_001_000,sync_c,mouth,4.627949
23,887.992493,eb79a85e6b928add93a5fbf5168af5ac_shot_001_000,pixel_mse,mouth,0.0252287
23,887.992493,eb79a85e6b928add93a5fbf5168af5ac_shot_001_000,pixel_mse,full,0.02426974
23,887.992493,eb79a85e6b928add93a5fbf5168af5ac_shot_001_000,ssim,mouth,0.48703828
23,887.992493,eb79a85e6b928add93a5fbf5168af5ac_shot_001_000,ssim,full,0.71718723
23,887.992493,eb79a85e6b928add93a5fbf5168af5ac_shot_001_000,lpips,mouth,0.35242197
23,887.992493,eb79a85e6b928add93a5fbf5168af5ac_shot_001_000,lpips,full,0.28462392
23,887.992493,eb79a85e6b928add93a5fbf5168af5ac_shot_001_000,sharpness,mouth,37.1469
23,887.992493,eb79a85e6b928add93a5fbf5168af5ac_shot_001_000,lmd,mouth,5.692148
23,887.992493,eb79a85e6b928add93a5fbf5168af5ac_shot_001_000,sync_d,mouth,9.865273
23,887.992493,eb79a85e6b928add93a5fbf5168af5ac_shot_001_000,sync_c,mouth,4.665739
24,879.604736,eb79a85e6b928add93a5fbf5168af5ac_shot_001_000,pixel_mse,mouth,0.02525591
24,879.604736,eb79a85e6b928add93a5fbf5168af5ac_shot_001_000,pixel_mse,full,0.02427506
24,879.604736,eb79a85e6b928add93a5fbf5168af5ac_shot_001_000,ssim,mouth,0.4834787
24,879.604736,eb79a85e6b928add93a5fbf5168af5ac_shot_001_000,ssim,full,0.71678066
24,879.604736,eb79a85e6b928add93a5fbf5168af5ac_shot_001_000,lpips,mouth,0.35212541
24,879.604736,eb79a85e6b928add93a5fbf5168af5ac_shot_001_000,lpips,full,0.28385627
24,879.604736,eb79a85e6b928add93a5fbf5168af5ac_shot_001_000,sharpness,mouth,38.3142
24,879.604736,eb79a85e6b928add93a5fbf5168af5ac_shot_001_000,lmd,mouth,5.802059
24,879.604736,eb79a85e6b928add93a5fbf5168af5ac_shot_001_000,sync_d,mouth,10.364778
24,879.604736,eb79a85e6b928add93a5fbf5168af5ac_shot_001_000,sync_c,mouth,4.124308
25,870.696350,eb79a85e6b928add93a5fbf5168af5ac_shot_001_000,pixel_mse,mouth,0.02563872
25,870.696350,eb79a85e6b928add93a5fbf5168af5ac_shot_001_000,pixel_mse,full,0.02430239
25,870.696350,eb79a85e6b928add93a5fbf5168af5ac_shot_001_000,ssim,mouth,0.48367912
25,870.696350,eb79a85e6b928add93a5fbf5168af5ac_shot_001_000,ssim,full,0.71638495
25,870.696350,eb79a85e6b928add93a5fbf5168af5ac_shot_001_000,lpips,mouth,0.35431531
25,870.696350,eb79a85e6b928add93a5fbf5168af5ac_shot_001_000,lpips,full,0.28296486
25,870.696350,eb79a85e6b928add93a5fbf5168af5ac_shot_001_000,sharpness,mouth,39.8627
25,870.696350,eb79a85e6b928add93a5fbf5168af5ac_shot_001_000,lmd,mouth,5.727486
25,870.696350,eb79a85e6b928add93a5fbf5168af5ac_shot_001_000,sync_d,mouth,10.758867
25,870.696350,eb79a85e6b928add93a5fbf5168af5ac_shot_001_000,sync_c,mouth,3.838587
26,861.217407,eb79a85e6b928add93a5fbf5168af5ac_shot_001_000,pixel_mse,mouth,0.0255282
26,861.217407,eb79a85e6b928add93a5fbf5168af5ac_shot_001_000,pixel_mse,full,0.02441916
26,861.217407,eb79a85e6b928add93a5fbf5168af5ac_shot_001_000,ssim,mouth,0.48504946
26,861.217407,eb79a85e6b928add93a5fbf5168af5ac_shot_001_000,ssim,full,0.7158044
26,861.217407,eb79a85e6b928add93a5fbf5168af5ac_shot_001_000,lpips,mouth,0.35219893
26,861.217407,eb79a85e6b928add93a5fbf5168af5ac_shot_001_000,lpips,full,0.28209075
26,861.217407,eb79a85e6b928add93a5fbf5168af5ac_shot_001_000,sharpness,mouth,38.205
26,861.217407,eb79a85e6b928add93a5fbf5168af5ac_shot_001_000,lmd,mouth,5.791909
26,861.217407,eb79a85e6b928add93a5fbf5168af5ac_shot_001_000,sync_d,mouth,10.4322
26,861.217407,eb79a85e6b928add93a5fbf5168af5ac_shot_001_000,sync_c,mouth,4.042393
27,851.111145,eb79a85e6b928add93a5fbf5168af5ac_shot_001_000,pixel_mse,mouth,0.02554327
27,851.111145,eb79a85e6b928add93a5fbf5168af5ac_shot_001_000,pixel_mse,full,0.02440554
27,851.111145,eb79a85e6b928add93a5fbf5168af5ac_shot_001_000,ssim,mouth,0.48307166
27,851.111145,eb79a85e6b928add93a5fbf5168af5ac_shot_001_000,ssim,full,0.71524382
27,851.111145,eb79a85e6b928add93a5fbf5168af5ac_shot_001_000,lpips,mouth,0.35121351
27,851.111145,eb79a85e6b928add93a5fbf5168af5ac_shot_001_000,lpips,full,0.28086707
27,851.111145,eb79a85e6b928add93a5fbf5168af5ac_shot_001_000,sharpness,mouth,36.3666
27,851.111145,eb79a85e6b928add93a5fbf5168af5ac_shot_001_000,lmd,mouth,5.755351
27,851.111145,eb79a85e6b928add93a5fbf5168af5ac_shot_001_000,sync_d,mouth,9.892868
27,851.111145,eb79a85e6b928add93a5fbf5168af5ac_shot_001_000,sync_c,mouth,4.521878
28,840.313232,eb79a85e6b928add93a5fbf5168af5ac_shot_001_000,pixel_mse,mouth,0.02567647
28,840.313232,eb79a85e6b928add93a5fbf5168af5ac_shot_001_000,pixel_mse,full,0.02440644
28,840.313232,eb79a85e6b928add93a5fbf5168af5ac_shot_001_000,ssim,mouth,0.48235434
28,840.313232,eb79a85e6b928add93a5fbf5168af5ac_shot_001_000,ssim,full,0.71489173
28,840.313232,eb79a85e6b928add93a5fbf5168af5ac_shot_001_000,lpips,mouth,0.35057694
28,840.313232,eb79a85e6b928add93a5fbf5168af5ac_shot_001_000,lpips,full,0.28062657
28,840.313232,eb79a85e6b928add93a5fbf5168af5ac_shot_001_000,sharpness,mouth,35.7065
28,840.313232,eb79a85e6b928add93a5fbf5168af5ac_shot_001_000,lmd,mouth,5.762304
28,840.313232,eb79a85e6b928add93a5fbf5168af5ac_shot_001_000,sync_d,mouth,10.196012
28,840.313232,eb79a85e6b928add93a5fbf5168af5ac_shot_001_000,sync_c,mouth,4.323844
29,828.750244,eb79a85e6b928add93a5fbf5168af5ac_shot_001_000,pixel_mse,mouth,0.02595909
29,828.750244,eb79a85e6b928add93a5fbf5168af5ac_shot_001_000,pixel_mse,full,0.02443856
29,828.750244,eb79a85e6b928add93a5fbf5168af5ac_shot_001_000,ssim,mouth,0.47984779
29,828.750244,eb79a85e6b928add93a5fbf5168af5ac_shot_001_000,ssim,full,0.71445101
29,828.750244,eb79a85e6b928add93a5fbf5168af5ac_shot_001_000,lpips,mouth,0.35112649
29,828.750244,eb79a85e6b928add93a5fbf5168af5ac_shot_001_000,lpips,full,0.28015786
29,828.750244,eb79a85e6b928add93a5fbf5168af5ac_shot_001_000,sharpness,mouth,34.7336
29,828.750244,eb79a85e6b928add93a5fbf5168af5ac_shot_001_000,lmd,mouth,5.951656
29,828.750244,eb79a85e6b928add93a5fbf5168af5ac_shot_001_000,sync_d,mouth,9.967262
29,828.750244,eb79a85e6b928add93a5fbf5168af5ac_shot_001_000,sync_c,mouth,4.562276
30,816.337830,eb79a85e6b928add93a5fbf5168af5ac_shot_001_000,pixel_mse,mouth,0.0256129
30,816.337830,eb79a85e6b928add93a5fbf5168af5ac_shot_001_000,pixel_mse,full,0.02441529
30,816.337830,eb79a85e6b928add93a5fbf5168af5ac_shot_001_000,ssim,mouth,0.48002487
30,816.337830,eb79a85e6b928add93a5fbf5168af5ac_shot_001_000,ssim,full,0.71414793
30,816.337830,eb79a85e6b928add93a5fbf5168af5ac_shot_001_000,lpips,mouth,0.34932059
30,816.337830,eb79a85e6b928add93a5fbf5168af5ac_shot_001_000,lpips,full,0.27898929
30,816.337830,eb79a85e6b928add93a5fbf5168af5ac_shot_001_000,sharpness,mouth,34.2446
30,816.337830,eb79a85e6b928add93a5fbf5168af5ac_shot_001_000,lmd,mouth,5.879143
30,816.337830,eb79a85e6b928add93a5fbf5168af5ac_shot_001_000,sync_d,mouth,9.813004
30,816.337830,eb79a85e6b928add93a5fbf5168af5ac_shot_001_000,sync_c,mouth,4.709351
31,802.978699,eb79a85e6b928add93a5fbf5168af5ac_shot_001_000,pixel_mse,mouth,0.02575324
31,802.978699,eb79a85e6b928add93a5fbf5168af5ac_shot_001_000,pixel_mse,full,0.02441151
31,802.978699,eb79a85e6b928add93a5fbf5168af5ac_shot_001_000,ssim,mouth,0.47846815
31,802.978699,eb79a85e6b928add93a5fbf5168af5ac_shot_001_000,ssim,full,0.71383834
31,802.978699,eb79a85e6b928add93a5fbf5168af5ac_shot_001_000,lpips,mouth,0.35072774
31,802.978699,eb79a85e6b928add93a5fbf5168af5ac_shot_001_000,lpips,full,0.27852142
31,802.978699,eb79a85e6b928add93a5fbf5168af5ac_shot_001_000,sharpness,mouth,33.9753
31,802.978699,eb79a85e6b928add93a5fbf5168af5ac_shot_001_000,lmd,mouth,5.831403
31,802.978699,eb79a85e6b928add93a5fbf5168af5ac_shot_001_000,sync_d,mouth,9.671604
31,802.978699,eb79a85e6b928add93a5fbf5168af5ac_shot_001_000,sync_c,mouth,4.811875
32,788.560242,eb79a85e6b928add93a5fbf5168af5ac_shot_001_000,pixel_mse,mouth,0.02572307
32,788.560242,eb79a85e6b928add93a5fbf5168af5ac_shot_001_000,pixel_mse,full,0.02441364
32,788.560242,eb79a85e6b928add93a5fbf5168af5ac_shot_001_000,ssim,mouth,0.47865838
32,788.560242,eb79a85e6b928add93a5fbf5168af5ac_shot_001_000,ssim,full,0.71361709
32,788.560242,eb79a85e6b928add93a5fbf5168af5ac_shot_001_000,lpips,mouth,0.34683472
32,788.560242,eb79a85e6b928add93a5fbf5168af5ac_shot_001_000,lpips,full,0.27802467
32,788.560242,eb79a85e6b928add93a5fbf5168af5ac_shot_001_000,sharpness,mouth,33.5899
32,788.560242,eb79a85e6b928add93a5fbf5168af5ac_shot_001_000,lmd,mouth,5.947898
32,788.560242,eb79a85e6b928add93a5fbf5168af5ac_shot_001_000,sync_d,mouth,9.459795
32,788.560242,eb79a85e6b928add93a5fbf5168af5ac_shot_001_000,sync_c,mouth,5.124544
33,772.951477,eb79a85e6b928add93a5fbf5168af5ac_shot_001_000,pixel_mse,mouth,0.02593699
33,772.951477,eb79a85e6b928add93a5fbf5168af5ac_shot_001_000,pixel_mse,full,0.02439993
33,772.951477,eb79a85e6b928add93a5fbf5168af5ac_shot_001_000,ssim,mouth,0.47799084
33,772.951477,eb79a85e6b928add93a5fbf5168af5ac_shot_001_000,ssim,full,0.71340686
33,772.951477,eb79a85e6b928add93a5fbf5168af5ac_shot_001_000,lpips,mouth,0.34804136
33,772.951477,eb79a85e6b928add93a5fbf5168af5ac_shot_001_000,lpips,full,0.27752271
33,772.951477,eb79a85e6b928add93a5fbf5168af5ac_shot_001_000,sharpness,mouth,34.145
33,772.951477,eb79a85e6b928add93a5fbf5168af5ac_shot_001_000,lmd,mouth,5.87266
33,772.951477,eb79a85e6b928add93a5fbf5168af5ac_shot_001_000,sync_d,mouth,9.999454
33,772.951477,eb79a85e6b928add93a5fbf5168af5ac_shot_001_000,sync_c,mouth,4.646518
34,755.998352,eb79a85e6b928add93a5fbf5168af5ac_shot_001_000,pixel_mse,mouth,0.02587254
34,755.998352,eb79a85e6b928add93a5fbf5168af5ac_shot_001_000,pixel_mse,full,0.02439963
34,755.998352,eb79a85e6b928add93a5fbf5168af5ac_shot_001_000,ssim,mouth,0.47876838
34,755.998352,eb79a85e6b928add93a5fbf5168af5ac_shot_001_000,ssim,full,0.71313065
34,755.998352,eb79a85e6b928add93a5fbf5168af5ac_shot_001_000,lpips,mouth,0.34713489
34,755.998352,eb79a85e6b928add93a5fbf5168af5ac_shot_001_000,lpips,full,0.27704781
34,755.998352,eb79a85e6b928add93a5fbf5168af5ac_shot_001_000,sharpness,mouth,33.9374
34,755.998352,eb79a85e6b928add93a5fbf5168af5ac_shot_001_000,lmd,mouth,5.88395
34,755.998352,eb79a85e6b928add93a5fbf5168af5ac_shot_001_000,sync_d,mouth,9.824242
34,755.998352,eb79a85e6b928add93a5fbf5168af5ac_shot_001_000,sync_c,mouth,4.563763
35,737.519714,eb79a85e6b928add93a5fbf5168af5ac_shot_001_000,pixel_mse,mouth,0.02602301
35,737.519714,eb79a85e6b928add93a5fbf5168af5ac_shot_001_000,pixel_mse,full,0.02441508
35,737.519714,eb79a85e6b928add93a5fbf5168af5ac_shot_001_000,ssim,mouth,0.47696361
35,737.519714,eb79a85e6b928add93a5fbf5168af5ac_shot_001_000,ssim,full,0.71287024
35,737.519714,eb79a85e6b928add93a5fbf5168af5ac_shot_001_000,lpips,mouth,0.34820476
35,737.519714,eb79a85e6b928add93a5fbf5168af5ac_shot_001_000,lpips,full,0.27664137
35,737.519714,eb79a85e6b928add93a5fbf5168af5ac_shot_001_000,sharpness,mouth,34.3105
35,737.519714,eb79a85e6b928add93a5fbf5168af5ac_shot_001_000,lmd,mouth,5.854335
35,737.519714,eb79a85e6b928add93a5fbf5168af5ac_shot_001_000,sync_d,mouth,9.739545
35,737.519714,eb79a85e6b928add93a5fbf5168af5ac_shot_001_000,sync_c,mouth,4.763343
36,717.299683,eb79a85e6b928add93a5fbf5168af5ac_shot_001_000,pixel_mse,mouth,0.02598763
36,717.299683,eb79a85e6b928add93a5fbf5168af5ac_shot_001_000,pixel_mse,full,0.02442132
36,717.299683,eb79a85e6b928add93a5fbf5168af5ac_shot_001_000,ssim,mouth,0.47828388
36,717.299683,eb79a85e6b928add93a5fbf5168af5ac_shot_001_000,ssim,full,0.71294618
36,717.299683,eb79a85e6b928add93a5fbf5168af5ac_shot_001_000,lpips,mouth,0.34737155
36,717.299683,eb79a85e6b928add93a5fbf5168af5ac_shot_001_000,lpips,full,0.27652404
36,717.299683,eb79a85e6b928add93a5fbf5168af5ac_shot_001_000,sharpness,mouth,34.1869
36,717.299683,eb79a85e6b928add93a5fbf5168af5ac_shot_001_000,lmd,mouth,5.906316
36,717.299683,eb79a85e6b928add93a5fbf5168af5ac_shot_001_000,sync_d,mouth,9.954859
36,717.299683,eb79a85e6b928add93a5fbf5168af5ac_shot_001_000,sync_c,mouth,4.622849
37,695.080139,eb79a85e6b928add93a5fbf5168af5ac_shot_001_000,pixel_mse,mouth,0.02612044
37,695.080139,eb79a85e6b928add93a5fbf5168af5ac_shot_001_000,pixel_mse,full,0.02445606
37,695.080139,eb79a85e6b928add93a5fbf5168af5ac_shot_001_000,ssim,mouth,0.47669268
37,695.080139,eb79a85e6b928add93a5fbf5168af5ac_shot_001_000,ssim,full,0.71269506
37,695.080139,eb79a85e6b928add93a5fbf5168af5ac_shot_001_000,lpips,mouth,0.34674519
37,695.080139,eb79a85e6b928add93a5fbf5168af5ac_shot_001_000,lpips,full,0.27634493
37,695.080139,eb79a85e6b928add93a5fbf5168af5ac_shot_001_000,sharpness,mouth,33.7712
37,695.080139,eb79a85e6b928add93a5fbf5168af5ac_shot_001_000,lmd,mouth,5.885217
37,695.080139,eb79a85e6b928add93a5fbf5168af5ac_shot_001_000,sync_d,mouth,10.09241
37,695.080139,eb79a85e6b928add93a5fbf5168af5ac_shot_001_000,sync_c,mouth,4.605507
38,670.548828,eb79a85e6b928add93a5fbf5168af5ac_shot_001_000,pixel_mse,mouth,0.0260612
38,670.548828,eb79a85e6b928add93a5fbf5168af5ac_shot_001_000,pixel_mse,full,0.0244629
38,670.548828,eb79a85e6b928add93a5fbf5168af5ac_shot_001_000,ssim,mouth,0.47721466
38,670.548828,eb79a85e6b928add93a5fbf5168af5ac_shot_001_000,ssim,full,0.71271366
38,670.548828,eb79a85e6b928add93a5fbf5168af5ac_shot_001_000,lpips,mouth,0.34809715
38,670.548828,eb79a85e6b928add93a5fbf5168af5ac_shot_001_000,lpips,full,0.2759214
38,670.548828,eb79a85e6b928add93a5fbf5168af5ac_shot_001_000,sharpness,mouth,34.1645
38,670.548828,eb79a85e6b928add93a5fbf5168af5ac_shot_001_000,lmd,mouth,5.942171
38,670.548828,eb79a85e6b928add93a5fbf5168af5ac_shot_001_000,sync_d,mouth,9.922038
38,670.548828,eb79a85e6b928add93a5fbf5168af5ac_shot_001_000,sync_c,mouth,4.62825
39,643.325317,eb79a85e6b928add93a5fbf5168af5ac_shot_001_000,pixel_mse,mouth,0.02607397
39,643.325317,eb79a85e6b928add93a5fbf5168af5ac_shot_001_000,pixel_mse,full,0.02443726
39,643.325317,eb79a85e6b928add93a5fbf5168af5ac_shot_001_000,ssim,mouth,0.47518444
39,643.325317,eb79a85e6b928add93a5fbf5168af5ac_shot_001_000,ssim,full,0.71240324
39,643.325317,eb79a85e6b928add93a5fbf5168af5ac_shot_001_000,lpips,mouth,0.34743506
39,643.325317,eb79a85e6b928add93a5fbf5168af5ac_shot_001_000,lpips,full,0.27554595
39,643.325317,eb79a85e6b928add93a5fbf5168af5ac_shot_001_000,sharpness,mouth,34.1516
39,643.325317,eb79a85e6b928add93a5fbf5168af5ac_shot_001_000,lmd,mouth,5.904056
39,643.325317,eb79a85e6b928add93a5fbf5168af5ac_shot_001_000,sync_d,mouth,9.766034
39,643.325317,eb79a85e6b928add93a5fbf5168af5ac_shot_001_000,sync_c,mouth,4.845669
40,612.940735,eb79a85e6b928add93a5fbf5168af5ac_shot_001_000,pixel_mse,mouth,0.0260633
40,612.940735,eb79a85e6b928add93a5fbf5168af5ac_shot_001_000,pixel_mse,full,0.02445685
40,612.940735,eb79a85e6b928add93a5fbf5168af5ac_shot_001_000,ssim,mouth,0.47440347
40,612.940735,eb79a85e6b928add93a5fbf5168af5ac_shot_001_000,ssim,full,0.71198606
40,612.940735,eb79a85e6b928add93a5fbf5168af5ac_shot_001_000,lpips,mouth,0.3498916
40,612.940735,eb79a85e6b928add93a5fbf5168af5ac_shot_001_000,lpips,full,0.27501017
40,612.940735,eb79a85e6b928add93a5fbf5168af5ac_shot_001_000,sharpness,mouth,33.6534
40,612.940735,eb79a85e6b928add93a5fbf5168af5ac_shot_001_000,lmd,mouth,6.000077
40,612.940735,eb79a85e6b928add93a5fbf5168af5ac_shot_001_000,sync_d,mouth,10.05615
40,612.940735,eb79a85e6b928add93a5fbf5168af5ac_shot_001_000,sync_c,mouth,4.635721
41,578.810425,eb79a85e6b928add93a5fbf5168af5ac_shot_001_000,pixel_mse,mouth,0.02599983
41,578.810425,eb79a85e6b928add93a5fbf5168af5ac_shot_001_000,pixel_mse,full,0.02442762
41,578.810425,eb79a85e6b928add93a5fbf5168af5ac_shot_001_000,ssim,mouth,0.47403845
41,578.810425,eb79a85e6b928add93a5fbf5168af5ac_shot_001_000,ssim,full,0.71199322
41,578.810425,eb79a85e6b928add93a5fbf5168af5ac_shot_001_000,lpips,mouth,0.34677741
41,578.810425,eb79a85e6b928add93a5fbf5168af5ac_shot_001_000,lpips,full,0.27422854
41,578.810425,eb79a85e6b928add93a5fbf5168af5ac_shot_001_000,sharpness,mouth,34.7298
41,578.810425,eb79a85e6b928add93a5fbf5168af5ac_shot_001_000,lmd,mouth,5.944398
41,578.810425,eb79a85e6b928add93a5fbf5168af5ac_shot_001_000,sync_d,mouth,9.982524
41,578.810425,eb79a85e6b928add93a5fbf5168af5ac_shot_001_000,sync_c,mouth,4.714852
42,540.196350,eb79a85e6b928add93a5fbf5168af5ac_shot_001_000,pixel_mse,mouth,0.02606722
42,540.196350,eb79a85e6b928add93a5fbf5168af5ac_shot_001_000,pixel_mse,full,0.02443299
42,540.196350,eb79a85e6b928add93a5fbf5168af5ac_shot_001_000,ssim,mouth,0.47395113
42,540.196350,eb79a85e6b928add93a5fbf5168af5ac_shot_001_000,ssim,full,0.71159279
42,540.196350,eb79a85e6b928add93a5fbf5168af5ac_shot_001_000,lpips,mouth,0.3469674
42,540.196350,eb79a85e6b928add93a5fbf5168af5ac_shot_001_000,lpips,full,0.27360541
42,540.196350,eb79a85e6b928add93a5fbf5168af5ac_shot_001_000,sharpness,mouth,35.5471
42,540.196350,eb79a85e6b928add93a5fbf5168af5ac_shot_001_000,lmd,mouth,5.947938
42,540.196350,eb79a85e6b928add93a5fbf5168af5ac_shot_001_000,sync_d,mouth,9.846391
42,540.196350,eb79a85e6b928add93a5fbf5168af5ac_shot_001_000,sync_c,mouth,4.853945
43,496.152893,eb79a85e6b928add93a5fbf5168af5ac_shot_001_000,pixel_mse,mouth,0.0260606
43,496.152893,eb79a85e6b928add93a5fbf5168af5ac_shot_001_000,pixel_mse,full,0.02442033
43,496.152893,eb79a85e6b928add93a5fbf5168af5ac_shot_001_000,ssim,mouth,0.47386307
43,496.152893,eb79a85e6b928add93a5fbf5168af5ac_shot_001_000,ssim,full,0.71160722
43,496.152893,eb79a85e6b928add93a5fbf5168af5ac_shot_001_000,lpips,mouth,0.34830773
43,496.152893,eb79a85e6b928add93a5fbf5168af5ac_shot_001_000,lpips,full,0.27305993
43,496.152893,eb79a85e6b928add93a5fbf5168af5ac_shot_001_000,sharpness,mouth,35.7041
43,496.152893,eb79a85e6b928add93a5fbf5168af5ac_shot_001_000,lmd,mouth,5.907053
43,496.152893,eb79a85e6b928add93a5fbf5168af5ac_shot_001_000,sync_d,mouth,10.016711
43,496.152893,eb79a85e6b928add93a5fbf5168af5ac_shot_001_000,sync_c,mouth,4.644302
44,445.448151,eb79a85e6b928add93a5fbf5168af5ac_shot_001_000,pixel_mse,mouth,0.02616492
44,445.448151,eb79a85e6b928add93a5fbf5168af5ac_shot_001_000,pixel_mse,full,0.02440704
44,445.448151,eb79a85e6b928add93a5fbf5168af5ac_shot_001_000,ssim,mouth,0.47265926
44,445.448151,eb79a85e6b928add93a5fbf5168af5ac_shot_001_000,ssim,full,0.71142399
44,445.448151,eb79a85e6b928add93a5fbf5168af5ac_shot_001_000,lpips,mouth,0.34780395
44,445.448151,eb79a85e6b928add93a5fbf5168af5ac_shot_001_000,lpips,full,0.27201781
44,445.448151,eb79a85e6b928add93a5fbf5168af5ac_shot_001_000,sharpness,mouth,35.6345
44,445.448151,eb79a85e6b928add93a5fbf5168af5ac_shot_001_000,lmd,mouth,5.915123
44,445.448151,eb79a85e6b928add93a5fbf5168af5ac_shot_001_000,sync_d,mouth,10.225164
44,445.448151,eb79a85e6b928add93a5fbf5168af5ac_shot_001_000,sync_c,mouth,4.474772
45,386.447418,eb79a85e6b928add93a5fbf5168af5ac_shot_001_000,pixel_mse,mouth,0.02618061
45,386.447418,eb79a85e6b928add93a5fbf5168af5ac_shot_001_000,pixel_mse,full,0.02437996
45,386.447418,eb79a85e6b928add93a5fbf5168af5ac_shot_001_000,ssim,mouth,0.47229579
45,386.447418,eb79a85e6b928add93a5fbf5168af5ac_shot_001_000,ssim,full,0.71121138
45,386.447418,eb79a85e6b928add93a5fbf5168af5ac_shot_001_000,lpips,mouth,0.34788254
45,386.447418,eb79a85e6b928add93a5fbf5168af5ac_shot_001_000,lpips,full,0.27161962
45,386.447418,eb79a85e6b928add93a5fbf5168af5ac_shot_001_000,sharpness,mouth,36.3023
45,386.447418,eb79a85e6b928add93a5fbf5168af5ac_shot_001_000,lmd,mouth,5.94529
45,386.447418,eb79a85e6b928add93a5fbf5168af5ac_shot_001_000,sync_d,mouth,10.243918
45,386.447418,eb79a85e6b928add93a5fbf5168af5ac_shot_001_000,sync_c,mouth,4.488784
46,316.933258,eb79a85e6b928add93a5fbf5168af5ac_shot_001_000,pixel_mse,mouth,0.02622475
46,316.933258,eb79a85e6b928add93a5fbf5168af5ac_shot_001_000,pixel_mse,full,0.02439651
46,316.933258,eb79a85e6b928add93a5fbf5168af5ac_shot_001_000,ssim,mouth,0.47148702
46,316.933258,eb79a85e6b928add93a5fbf5168af5ac_shot_001_000,ssim,full,0.71075863
46,316.933258,eb79a85e6b928add93a5fbf5168af5ac_shot_001_000,lpips,mouth,0.34787199
46,316.933258,eb79a85e6b928add93a5fbf5168af5ac_shot_001_000,lpips,full,0.27070731
46,316.933258,eb79a85e6b928add93a5fbf5168af5ac_shot_001_000,sharpness,mouth,36.5138
46,316.933258,eb79a85e6b928add93a5fbf5168af5ac_shot_001_000,lmd,mouth,5.9856
46,316.933258,eb79a85e6b928add93a5fbf5168af5ac_shot_001_000,sync_d,mouth,10.093909
46,316.933258,eb79a85e6b928add93a5fbf5168af5ac_shot_001_000,sync_c,mouth,4.537673
47,233.820694,eb79a85e6b928add93a5fbf5168af5ac_shot_001_000,pixel_mse,mouth,0.02622975
47,233.820694,eb79a85e6b928add93a5fbf5168af5ac_shot_001_000,pixel_mse,full,0.0243901
47,233.820694,eb79a85e6b928add93a5fbf5168af5ac_shot_001_000,ssim,mouth,0.4709816
47,233.820694,eb79a85e6b928add93a5fbf5168af5ac_shot_001_000,ssim,full,0.71031845
47,233.820694,eb79a85e6b928add93a5fbf5168af5ac_shot_001_000,lpips,mouth,0.34762648
47,233.820694,eb79a85e6b928add93a5fbf5168af5ac_shot_001_000,lpips,full,0.27009073
47,233.820694,eb79a85e6b928add93a5fbf5168af5ac_shot_001_000,sharpness,mouth,36.6888
47,233.820694,eb79a85e6b928add93a5fbf5168af5ac_shot_001_000,lmd,mouth,5.937325
47,233.820694,eb79a85e6b928add93a5fbf5168af5ac_shot_001_000,sync_d,mouth,10.290255
47,233.820694,eb79a85e6b928add93a5fbf5168af5ac_shot_001_000,sync_c,mouth,4.373161
48,132.687027,eb79a85e6b928add93a5fbf5168af5ac_shot_001_000,pixel_mse,mouth,0.02623692
48,132.687027,eb79a85e6b928add93a5fbf5168af5ac_shot_001_000,pixel_mse,full,0.02436799
48,132.687027,eb79a85e6b928add93a5fbf5168af5ac_shot_001_000,ssim,mouth,0.47022164
48,132.687027,eb79a85e6b928add93a5fbf5168af5ac_shot_001_000,ssim,full,0.71029162
48,132.687027,eb79a85e6b928add93a5fbf5168af5ac_shot_001_000,lpips,mouth,0.34526959
48,132.687027,eb79a85e6b928add93a5fbf5168af5ac_shot_001_000,lpips,full,0.26886937
48,132.687027,eb79a85e6b928add93a5fbf5168af5ac_shot_001_000,sharpness,mouth,37.0176
48,132.687027,eb79a85e6b928add93a5fbf5168af5ac_shot_001_000,lmd,mouth,5.942117
48,132.687027,eb79a85e6b928add93a5fbf5168af5ac_shot_001_000,sync_d,mouth,10.373234
48,132.687027,eb79a85e6b928add93a5fbf5168af5ac_shot_001_000,sync_c,mouth,4.255002
49,6.958251,eb79a85e6b928add93a5fbf5168af5ac_shot_001_000,pixel_mse,mouth,0.02622491
49,6.958251,eb79a85e6b928add93a5fbf5168af5ac_shot_001_000,pixel_mse,full,0.0243571
49,6.958251,eb79a85e6b928add93a5fbf5168af5ac_shot_001_000,ssim,mouth,0.47043559
49,6.958251,eb79a85e6b928add93a5fbf5168af5ac_shot_001_000,ssim,full,0.71087885
49,6.958251,eb79a85e6b928add93a5fbf5168af5ac_shot_001_000,lpips,mouth,0.34455559
49,6.958251,eb79a85e6b928add93a5fbf5168af5ac_shot_001_000,lpips,full,0.26822111
49,6.958251,eb79a85e6b928add93a5fbf5168af5ac_shot_001_000,sharpness,mouth,36.8236
49,6.958251,eb79a85e6b928add93a5fbf5168af5ac_shot_001_000,lmd,mouth,5.899989
49,6.958251,eb79a85e6b928add93a5fbf5168af5ac_shot_001_000,sync_d,mouth,10.170795
49,6.958251,eb79a85e6b928add93a5fbf5168af5ac_shot_001_000,sync_c,mouth,4.418075
-1,gt,4d5b044b30051de4f0a6b2dc419ea9ca_shot_001_000,sharpness,mouth,18.4649
-1,gt,4d5b044b30051de4f0a6b2dc419ea9ca_shot_001_000,sync_d,mouth,12.525859
-1,gt,4d5b044b30051de4f0a6b2dc419ea9ca_shot_001_000,sync_c,mouth,1.688734
0,1000.000000,4d5b044b30051de4f0a6b2dc419ea9ca_shot_001_000,pixel_mse,mouth,0.01622724
0,1000.000000,4d5b044b30051de4f0a6b2dc419ea9ca_shot_001_000,pixel_mse,full,0.01755626
0,1000.000000,4d5b044b30051de4f0a6b2dc419ea9ca_shot_001_000,ssim,mouth,0.56681627
0,1000.000000,4d5b044b30051de4f0a6b2dc419ea9ca_shot_001_000,ssim,full,0.59765846
0,1000.000000,4d5b044b30051de4f0a6b2dc419ea9ca_shot_001_000,lpips,mouth,0.40491682
0,1000.000000,4d5b044b30051de4f0a6b2dc419ea9ca_shot_001_000,lpips,full,0.43619189
0,1000.000000,4d5b044b30051de4f0a6b2dc419ea9ca_shot_001_000,sharpness,mouth,6.0623
0,1000.000000,4d5b044b30051de4f0a6b2dc419ea9ca_shot_001_000,lmd,mouth,5.476073
1,997.035706,4d5b044b30051de4f0a6b2dc419ea9ca_shot_001_000,pixel_mse,mouth,0.01963433
1,997.035706,4d5b044b30051de4f0a6b2dc419ea9ca_shot_001_000,pixel_mse,full,0.02196373
1,997.035706,4d5b044b30051de4f0a6b2dc419ea9ca_shot_001_000,ssim,mouth,0.56154919
1,997.035706,4d5b044b30051de4f0a6b2dc419ea9ca_shot_001_000,ssim,full,0.60386717
1,997.035706,4d5b044b30051de4f0a6b2dc419ea9ca_shot_001_000,lpips,mouth,0.42187518
1,997.035706,4d5b044b30051de4f0a6b2dc419ea9ca_shot_001_000,lpips,full,0.45320997
1,997.035706,4d5b044b30051de4f0a6b2dc419ea9ca_shot_001_000,sharpness,mouth,6.0026
1,997.035706,4d5b044b30051de4f0a6b2dc419ea9ca_shot_001_000,lmd,mouth,4.931664
2,993.963867,4d5b044b30051de4f0a6b2dc419ea9ca_shot_001_000,pixel_mse,mouth,0.02682819
2,993.963867,4d5b044b30051de4f0a6b2dc419ea9ca_shot_001_000,pixel_mse,full,0.02648319
2,993.963867,4d5b044b30051de4f0a6b2dc419ea9ca_shot_001_000,ssim,mouth,0.52104163
2,993.963867,4d5b044b30051de4f0a6b2dc419ea9ca_shot_001_000,ssim,full,0.58764011
2,993.963867,4d5b044b30051de4f0a6b2dc419ea9ca_shot_001_000,lpips,mouth,0.42722571
2,993.963867,4d5b044b30051de4f0a6b2dc419ea9ca_shot_001_000,lpips,full,0.47132331
2,993.963867,4d5b044b30051de4f0a6b2dc419ea9ca_shot_001_000,sharpness,mouth,6.5088
2,993.963867,4d5b044b30051de4f0a6b2dc419ea9ca_shot_001_000,lmd,mouth,4.712276
3,990.779053,4d5b044b30051de4f0a6b2dc419ea9ca_shot_001_000,pixel_mse,mouth,0.02508412
3,990.779053,4d5b044b30051de4f0a6b2dc419ea9ca_shot_001_000,pixel_mse,full,0.02548696
3,990.779053,4d5b044b30051de4f0a6b2dc419ea9ca_shot_001_000,ssim,mouth,0.53381985
3,990.779053,4d5b044b30051de4f0a6b2dc419ea9ca_shot_001_000,ssim,full,0.60130411
3,990.779053,4d5b044b30051de4f0a6b2dc419ea9ca_shot_001_000,lpips,mouth,0.42069682
3,990.779053,4d5b044b30051de4f0a6b2dc419ea9ca_shot_001_000,lpips,full,0.46509415
3,990.779053,4d5b044b30051de4f0a6b2dc419ea9ca_shot_001_000,sharpness,mouth,6.2523
3,990.779053,4d5b044b30051de4f0a6b2dc419ea9ca_shot_001_000,lmd,mouth,5.275575
3,990.779053,4d5b044b30051de4f0a6b2dc419ea9ca_shot_001_000,sync_d,mouth,12.76302
3,990.779053,4d5b044b30051de4f0a6b2dc419ea9ca_shot_001_000,sync_c,mouth,0.517062
4,987.474243,4d5b044b30051de4f0a6b2dc419ea9ca_shot_001_000,pixel_mse,mouth,0.02410695
4,987.474243,4d5b044b30051de4f0a6b2dc419ea9ca_shot_001_000,pixel_mse,full,0.02629358
4,987.474243,4d5b044b30051de4f0a6b2dc419ea9ca_shot_001_000,ssim,mouth,0.53980964
4,987.474243,4d5b044b30051de4f0a6b2dc419ea9ca_shot_001_000,ssim,full,0.6176362
4,987.474243,4d5b044b30051de4f0a6b2dc419ea9ca_shot_001_000,lpips,mouth,0.41057751
4,987.474243,4d5b044b30051de4f0a6b2dc419ea9ca_shot_001_000,lpips,full,0.45220193
4,987.474243,4d5b044b30051de4f0a6b2dc419ea9ca_shot_001_000,sharpness,mouth,7.2305
4,987.474243,4d5b044b30051de4f0a6b2dc419ea9ca_shot_001_000,lmd,mouth,4.424403
4,987.474243,4d5b044b30051de4f0a6b2dc419ea9ca_shot_001_000,sync_d,mouth,12.102235
4,987.474243,4d5b044b30051de4f0a6b2dc419ea9ca_shot_001_000,sync_c,mouth,1.34796
5,984.043091,4d5b044b30051de4f0a6b2dc419ea9ca_shot_001_000,pixel_mse,mouth,0.02725347
5,984.043091,4d5b044b30051de4f0a6b2dc419ea9ca_shot_001_000,pixel_mse,full,0.0258564
5,984.043091,4d5b044b30051de4f0a6b2dc419ea9ca_shot_001_000,ssim,mouth,0.51301318
5,984.043091,4d5b044b30051de4f0a6b2dc419ea9ca_shot_001_000,ssim,full,0.61284709
5,984.043091,4d5b044b30051de4f0a6b2dc419ea9ca_shot_001_000,lpips,mouth,0.40211818
5,984.043091,4d5b044b30051de4f0a6b2dc419ea9ca_shot_001_000,lpips,full,0.44678205
5,984.043091,4d5b044b30051de4f0a6b2dc419ea9ca_shot_001_000,sharpness,mouth,7.106
5,984.043091,4d5b044b30051de4f0a6b2dc419ea9ca_shot_001_000,lmd,mouth,5.436646
5,984.043091,4d5b044b30051de4f0a6b2dc419ea9ca_shot_001_000,sync_d,mouth,11.385832
5,984.043091,4d5b044b30051de4f0a6b2dc419ea9ca_shot_001_000,sync_c,mouth,2.346721
6,980.477844,4d5b044b30051de4f0a6b2dc419ea9ca_shot_001_000,pixel_mse,mouth,0.0282469
6,980.477844,4d5b044b30051de4f0a6b2dc419ea9ca_shot_001_000,pixel_mse,full,0.02689809
6,980.477844,4d5b044b30051de4f0a6b2dc419ea9ca_shot_001_000,ssim,mouth,0.5076223
6,980.477844,4d5b044b30051de4f0a6b2dc419ea9ca_shot_001_000,ssim,full,0.60798377
6,980.477844,4d5b044b30051de4f0a6b2dc419ea9ca_shot_001_000,lpips,mouth,0.4041515
6,980.477844,4d5b044b30051de4f0a6b2dc419ea9ca_shot_001_000,lpips,full,0.44644848
6,980.477844,4d5b044b30051de4f0a6b2dc419ea9ca_shot_001_000,sharpness,mouth,6.6532
6,980.477844,4d5b044b30051de4f0a6b2dc419ea9ca_shot_001_000,lmd,mouth,5.589896
6,980.477844,4d5b044b30051de4f0a6b2dc419ea9ca_shot_001_000,sync_d,mouth,10.439948
6,980.477844,4d5b044b30051de4f0a6b2dc419ea9ca_shot_001_000,sync_c,mouth,3.396863
7,976.770691,4d5b044b30051de4f0a6b2dc419ea9ca_shot_001_000,pixel_mse,mouth,0.02395499
7,976.770691,4d5b044b30051de4f0a6b2dc419ea9ca_shot_001_000,pixel_mse,full,0.02855831
7,976.770691,4d5b044b30051de4f0a6b2dc419ea9ca_shot_001_000,ssim,mouth,0.54582268
7,976.770691,4d5b044b30051de4f0a6b2dc419ea9ca_shot_001_000,ssim,full,0.60693145
7,976.770691,4d5b044b30051de4f0a6b2dc419ea9ca_shot_001_000,lpips,mouth,0.40584588
7,976.770691,4d5b044b30051de4f0a6b2dc419ea9ca_shot_001_000,lpips,full,0.44614279
7,976.770691,4d5b044b30051de4f0a6b2dc419ea9ca_shot_001_000,sharpness,mouth,6.8516
7,976.770691,4d5b044b30051de4f0a6b2dc419ea9ca_shot_001_000,lmd,mouth,4.038865
7,976.770691,4d5b044b30051de4f0a6b2dc419ea9ca_shot_001_000,sync_d,mouth,10.910313
7,976.770691,4d5b044b30051de4f0a6b2dc419ea9ca_shot_001_000,sync_c,mouth,2.774753
8,972.912842,4d5b044b30051de4f0a6b2dc419ea9ca_shot_001_000,pixel_mse,mouth,0.02493436
8,972.912842,4d5b044b30051de4f0a6b2dc419ea9ca_shot_001_000,pixel_mse,full,0.02922684
8,972.912842,4d5b044b30051de4f0a6b2dc419ea9ca_shot_001_000,ssim,mouth,0.53687304
8,972.912842,4d5b044b30051de4f0a6b2dc419ea9ca_shot_001_000,ssim,full,0.60284984
8,972.912842,4d5b044b30051de4f0a6b2dc419ea9ca_shot_001_000,lpips,mouth,0.39800245
8,972.912842,4d5b044b30051de4f0a6b2dc419ea9ca_shot_001_000,lpips,full,0.44445428
8,972.912842,4d5b044b30051de4f0a6b2dc419ea9ca_shot_001_000,sharpness,mouth,7.0961
8,972.912842,4d5b044b30051de4f0a6b2dc419ea9ca_shot_001_000,lmd,mouth,4.509546
8,972.912842,4d5b044b30051de4f0a6b2dc419ea9ca_shot_001_000,sync_d,mouth,10.86765
8,972.912842,4d5b044b30051de4f0a6b2dc419ea9ca_shot_001_000,sync_c,mouth,2.954613
9,968.895081,4d5b044b30051de4f0a6b2dc419ea9ca_shot_001_000,pixel_mse,mouth,0.02771411
9,968.895081,4d5b044b30051de4f0a6b2dc419ea9ca_shot_001_000,pixel_mse,full,0.03033016
9,968.895081,4d5b044b30051de4f0a6b2dc419ea9ca_shot_001_000,ssim,mouth,0.5201363
9,968.895081,4d5b044b30051de4f0a6b2dc419ea9ca_shot_001_000,ssim,full,0.60765201
9,968.895081,4d5b044b30051de4f0a6b2dc419ea9ca_shot_001_000,lpips,mouth,0.40220544
9,968.895081,4d5b044b30051de4f0a6b2dc419ea9ca_shot_001_000,lpips,full,0.43942845
9,968.895081,4d5b044b30051de4f0a6b2dc419ea9ca_shot_001_000,sharpness,mouth,6.9555
9,968.895081,4d5b044b30051de4f0a6b2dc419ea9ca_shot_001_000,lmd,mouth,4.615888
9,968.895081,4d5b044b30051de4f0a6b2dc419ea9ca_shot_001_000,sync_d,mouth,10.005592
9,968.895081,4d5b044b30051de4f0a6b2dc419ea9ca_shot_001_000,sync_c,mouth,3.691849
10,964.707153,4d5b044b30051de4f0a6b2dc419ea9ca_shot_001_000,pixel_mse,mouth,0.02821971
10,964.707153,4d5b044b30051de4f0a6b2dc419ea9ca_shot_001_000,pixel_mse,full,0.02998137
10,964.707153,4d5b044b30051de4f0a6b2dc419ea9ca_shot_001_000,ssim,mouth,0.51849353
10,964.707153,4d5b044b30051de4f0a6b2dc419ea9ca_shot_001_000,ssim,full,0.60745227
10,964.707153,4d5b044b30051de4f0a6b2dc419ea9ca_shot_001_000,lpips,mouth,0.3895576
10,964.707153,4d5b044b30051de4f0a6b2dc419ea9ca_shot_001_000,lpips,full,0.43640625
10,964.707153,4d5b044b30051de4f0a6b2dc419ea9ca_shot_001_000,sharpness,mouth,7.2452
10,964.707153,4d5b044b30051de4f0a6b2dc419ea9ca_shot_001_000,lmd,mouth,5.263119
10,964.707153,4d5b044b30051de4f0a6b2dc419ea9ca_shot_001_000,sync_d,mouth,9.567617
10,964.707153,4d5b044b30051de4f0a6b2dc419ea9ca_shot_001_000,sync_c,mouth,4.327409
11,960.337952,4d5b044b30051de4f0a6b2dc419ea9ca_shot_001_000,pixel_mse,mouth,0.02862506
11,960.337952,4d5b044b30051de4f0a6b2dc419ea9ca_shot_001_000,pixel_mse,full,0.02943142
11,960.337952,4d5b044b30051de4f0a6b2dc419ea9ca_shot_001_000,ssim,mouth,0.51433164
11,960.337952,4d5b044b30051de4f0a6b2dc419ea9ca_shot_001_000,ssim,full,0.60535735
11,960.337952,4d5b044b30051de4f0a6b2dc419ea9ca_shot_001_000,lpips,mouth,0.39153868
11,960.337952,4d5b044b30051de4f0a6b2dc419ea9ca_shot_001_000,lpips,full,0.43371093
11,960.337952,4d5b044b30051de4f0a6b2dc419ea9ca_shot_001_000,sharpness,mouth,6.9889
11,960.337952,4d5b044b30051de4f0a6b2dc419ea9ca_shot_001_000,lmd,mouth,4.994187
11,960.337952,4d5b044b30051de4f0a6b2dc419ea9ca_shot_001_000,sync_d,mouth,9.027865
11,960.337952,4d5b044b30051de4f0a6b2dc419ea9ca_shot_001_000,sync_c,mouth,4.907385
12,955.775635,4d5b044b30051de4f0a6b2dc419ea9ca_shot_001_000,pixel_mse,mouth,0.02691056
12,955.775635,4d5b044b30051de4f0a6b2dc419ea9ca_shot_001_000,pixel_mse,full,0.03005151
12,955.775635,4d5b044b30051de4f0a6b2dc419ea9ca_shot_001_000,ssim,mouth,0.5264256
12,955.775635,4d5b044b30051de4f0a6b2dc419ea9ca_shot_001_000,ssim,full,0.60697186
12,955.775635,4d5b044b30051de4f0a6b2dc419ea9ca_shot_001_000,lpips,mouth,0.38808477
12,955.775635,4d5b044b30051de4f0a6b2dc419ea9ca_shot_001_000,lpips,full,0.43198663
12,955.775635,4d5b044b30051de4f0a6b2dc419ea9ca_shot_001_000,sharpness,mouth,7.2862
12,955.775635,4d5b044b30051de4f0a6b2dc419ea9ca_shot_001_000,lmd,mouth,4.419227
12,955.775635,4d5b044b30051de4f0a6b2dc419ea9ca_shot_001_000,sync_d,mouth,8.534899
12,955.775635,4d5b044b30051de4f0a6b2dc419ea9ca_shot_001_000,sync_c,mouth,5.429123
13,951.006897,4d5b044b30051de4f0a6b2dc419ea9ca_shot_001_000,pixel_mse,mouth,0.02553325
13,951.006897,4d5b044b30051de4f0a6b2dc419ea9ca_shot_001_000,pixel_mse,full,0.02948508
13,951.006897,4d5b044b30051de4f0a6b2dc419ea9ca_shot_001_000,ssim,mouth,0.53091282
13,951.006897,4d5b044b30051de4f0a6b2dc419ea9ca_shot_001_000,ssim,full,0.6057654
13,951.006897,4d5b044b30051de4f0a6b2dc419ea9ca_shot_001_000,lpips,mouth,0.37799808
13,951.006897,4d5b044b30051de4f0a6b2dc419ea9ca_shot_001_000,lpips,full,0.42763293
13,951.006897,4d5b044b30051de4f0a6b2dc419ea9ca_shot_001_000,sharpness,mouth,7.325
13,951.006897,4d5b044b30051de4f0a6b2dc419ea9ca_shot_001_000,lmd,mouth,4.837692
13,951.006897,4d5b044b30051de4f0a6b2dc419ea9ca_shot_001_000,sync_d,mouth,8.373075
13,951.006897,4d5b044b30051de4f0a6b2dc419ea9ca_shot_001_000,sync_c,mouth,5.791766
14,946.017517,4d5b044b30051de4f0a6b2dc419ea9ca_shot_001_000,pixel_mse,mouth,0.02528587
14,946.017517,4d5b044b30051de4f0a6b2dc419ea9ca_shot_001_000,pixel_mse,full,0.02923509
14,946.017517,4d5b044b30051de4f0a6b2dc419ea9ca_shot_001_000,ssim,mouth,0.52704
14,946.017517,4d5b044b30051de4f0a6b2dc419ea9ca_shot_001_000,ssim,full,0.60327977
14,946.017517,4d5b044b30051de4f0a6b2dc419ea9ca_shot_001_000,lpips,mouth,0.3691639
14,946.017517,4d5b044b30051de4f0a6b2dc419ea9ca_shot_001_000,lpips,full,0.42319903
14,946.017517,4d5b044b30051de4f0a6b2dc419ea9ca_shot_001_000,sharpness,mouth,7.5334
14,946.017517,4d5b044b30051de4f0a6b2dc419ea9ca_shot_001_000,lmd,mouth,4.70342
14,946.017517,4d5b044b30051de4f0a6b2dc419ea9ca_shot_001_000,sync_d,mouth,7.873661
14,946.017517,4d5b044b30051de4f0a6b2dc419ea9ca_shot_001_000,sync_c,mouth,6.336065
15,940.791870,4d5b044b30051de4f0a6b2dc419ea9ca_shot_001_000,pixel_mse,mouth,0.02597845
15,940.791870,4d5b044b30051de4f0a6b2dc419ea9ca_shot_001_000,pixel_mse,full,0.0286842
15,940.791870,4d5b044b30051de4f0a6b2dc419ea9ca_shot_001_000,ssim,mouth,0.52294123
15,940.791870,4d5b044b30051de4f0a6b2dc419ea9ca_shot_001_000,ssim,full,0.60176671
15,940.791870,4d5b044b30051de4f0a6b2dc419ea9ca_shot_001_000,lpips,mouth,0.36323857
15,940.791870,4d5b044b30051de4f0a6b2dc419ea9ca_shot_001_000,lpips,full,0.4210732
15,940.791870,4d5b044b30051de4f0a6b2dc419ea9ca_shot_001_000,sharpness,mouth,7.5286
15,940.791870,4d5b044b30051de4f0a6b2dc419ea9ca_shot_001_000,lmd,mouth,4.785457
15,940.791870,4d5b044b30051de4f0a6b2dc419ea9ca_shot_001_000,sync_d,mouth,8.052143
15,940.791870,4d5b044b30051de4f0a6b2dc419ea9ca_shot_001_000,sync_c,mouth,6.293468
16,935.312622,4d5b044b30051de4f0a6b2dc419ea9ca_shot_001_000,pixel_mse,mouth,0.02571616
16,935.312622,4d5b044b30051de4f0a6b2dc419ea9ca_shot_001_000,pixel_mse,full,0.02902135
16,935.312622,4d5b044b30051de4f0a6b2dc419ea9ca_shot_001_000,ssim,mouth,0.52052945
16,935.312622,4d5b044b30051de4f0a6b2dc419ea9ca_shot_001_000,ssim,full,0.60480618
16,935.312622,4d5b044b30051de4f0a6b2dc419ea9ca_shot_001_000,lpips,mouth,0.35948372
16,935.312622,4d5b044b30051de4f0a6b2dc419ea9ca_shot_001_000,lpips,full,0.42085388
16,935.312622,4d5b044b30051de4f0a6b2dc419ea9ca_shot_001_000,sharpness,mouth,7.5215
16,935.312622,4d5b044b30051de4f0a6b2dc419ea9ca_shot_001_000,lmd,mouth,4.851844
16,935.312622,4d5b044b30051de4f0a6b2dc419ea9ca_shot_001_000,sync_d,mouth,8.192579
16,935.312622,4d5b044b30051de4f0a6b2dc419ea9ca_shot_001_000,sync_c,mouth,6.181934
17,929.560913,4d5b044b30051de4f0a6b2dc419ea9ca_shot_001_000,pixel_mse,mouth,0.02746913
17,929.560913,4d5b044b30051de4f0a6b2dc419ea9ca_shot_001_000,pixel_mse,full,0.02877242
17,929.560913,4d5b044b30051de4f0a6b2dc419ea9ca_shot_001_000,ssim,mouth,0.50694382
17,929.560913,4d5b044b30051de4f0a6b2dc419ea9ca_shot_001_000,ssim,full,0.602736
17,929.560913,4d5b044b30051de4f0a6b2dc419ea9ca_shot_001_000,lpips,mouth,0.35902894
17,929.560913,4d5b044b30051de4f0a6b2dc419ea9ca_shot_001_000,lpips,full,0.41799617
17,929.560913,4d5b044b30051de4f0a6b2dc419ea9ca_shot_001_000,sharpness,mouth,7.8131
17,929.560913,4d5b044b30051de4f0a6b2dc419ea9ca_shot_001_000,lmd,mouth,4.606882
17,929.560913,4d5b044b30051de4f0a6b2dc419ea9ca_shot_001_000,sync_d,mouth,8.037669
17,929.560913,4d5b044b30051de4f0a6b2dc419ea9ca_shot_001_000,sync_c,mouth,6.420526
18,923.515991,4d5b044b30051de4f0a6b2dc419ea9ca_shot_001_000,pixel_mse,mouth,0.02721312
18,923.515991,4d5b044b30051de4f0a6b2dc419ea9ca_shot_001_000,pixel_mse,full,0.02911183
18,923.515991,4d5b044b30051de4f0a6b2dc419ea9ca_shot_001_000,ssim,mouth,0.50870812
18,923.515991,4d5b044b30051de4f0a6b2dc419ea9ca_shot_001_000,ssim,full,0.60295445
18,923.515991,4d5b044b30051de4f0a6b2dc419ea9ca_shot_001_000,lpips,mouth,0.35658273
18,923.515991,4d5b044b30051de4f0a6b2dc419ea9ca_shot_001_000,lpips,full,0.41693991
18,923.515991,4d5b044b30051de4f0a6b2dc419ea9ca_shot_001_000,sharpness,mouth,7.8137
18,923.515991,4d5b044b30051de4f0a6b2dc419ea9ca_shot_001_000,lmd,mouth,4.611613
18,923.515991,4d5b044b30051de4f0a6b2dc419ea9ca_shot_001_000,sync_d,mouth,7.499736
18,923.515991,4d5b044b30051de4f0a6b2dc419ea9ca_shot_001_000,sync_c,mouth,6.912638
19,917.154785,4d5b044b30051de4f0a6b2dc419ea9ca_shot_001_000,pixel_mse,mouth,0.02704383
19,917.154785,4d5b044b30051de4f0a6b2dc419ea9ca_shot_001_000,pixel_mse,full,0.02915739
19,917.154785,4d5b044b30051de4f0a6b2dc419ea9ca_shot_001_000,ssim,mouth,0.50681716
19,917.154785,4d5b044b30051de4f0a6b2dc419ea9ca_shot_001_000,ssim,full,0.60172266
19,917.154785,4d5b044b30051de4f0a6b2dc419ea9ca_shot_001_000,lpips,mouth,0.3552576
19,917.154785,4d5b044b30051de4f0a6b2dc419ea9ca_shot_001_000,lpips,full,0.41603744
19,917.154785,4d5b044b30051de4f0a6b2dc419ea9ca_shot_001_000,sharpness,mouth,7.7592
19,917.154785,4d5b044b30051de4f0a6b2dc419ea9ca_shot_001_000,lmd,mouth,4.407802
19,917.154785,4d5b044b30051de4f0a6b2dc419ea9ca_shot_001_000,sync_d,mouth,7.710258
19,917.154785,4d5b044b30051de4f0a6b2dc419ea9ca_shot_001_000,sync_c,mouth,6.618081
20,910.451721,4d5b044b30051de4f0a6b2dc419ea9ca_shot_001_000,pixel_mse,mouth,0.02704413
20,910.451721,4d5b044b30051de4f0a6b2dc419ea9ca_shot_001_000,pixel_mse,full,0.02933761
20,910.451721,4d5b044b30051de4f0a6b2dc419ea9ca_shot_001_000,ssim,mouth,0.50560975
20,910.451721,4d5b044b30051de4f0a6b2dc419ea9ca_shot_001_000,ssim,full,0.60106313
20,910.451721,4d5b044b30051de4f0a6b2dc419ea9ca_shot_001_000,lpips,mouth,0.3530421
20,910.451721,4d5b044b30051de4f0a6b2dc419ea9ca_shot_001_000,lpips,full,0.41499287
20,910.451721,4d5b044b30051de4f0a6b2dc419ea9ca_shot_001_000,sharpness,mouth,7.8867
20,910.451721,4d5b044b30051de4f0a6b2dc419ea9ca_shot_001_000,lmd,mouth,4.28455
20,910.451721,4d5b044b30051de4f0a6b2dc419ea9ca_shot_001_000,sync_d,mouth,7.477039
20,910.451721,4d5b044b30051de4f0a6b2dc419ea9ca_shot_001_000,sync_c,mouth,6.848165
21,903.378723,4d5b044b30051de4f0a6b2dc419ea9ca_shot_001_000,pixel_mse,mouth,0.02732169
21,903.378723,4d5b044b30051de4f0a6b2dc419ea9ca_shot_001_000,pixel_mse,full,0.02949587
21,903.378723,4d5b044b30051de4f0a6b2dc419ea9ca_shot_001_000,ssim,mouth,0.50302118
21,903.378723,4d5b044b30051de4f0a6b2dc419ea9ca_shot_001_000,ssim,full,0.59864175
21,903.378723,4d5b044b30051de4f0a6b2dc419ea9ca_shot_001_000,lpips,mouth,0.3512719
21,903.378723,4d5b044b30051de4f0a6b2dc419ea9ca_shot_001_000,lpips,full,0.41485068
21,903.378723,4d5b044b30051de4f0a6b2dc419ea9ca_shot_001_000,sharpness,mouth,7.9149
21,903.378723,4d5b044b30051de4f0a6b2dc419ea9ca_shot_001_000,lmd,mouth,4.408201
21,903.378723,4d5b044b30051de4f0a6b2dc419ea9ca_shot_001_000,sync_d,mouth,7.582448
21,903.378723,4d5b044b30051de4f0a6b2dc419ea9ca_shot_001_000,sync_c,mouth,6.83556
22,895.903931,4d5b044b30051de4f0a6b2dc419ea9ca_shot_001_000,pixel_mse,mouth,0.02733281
22,895.903931,4d5b044b30051de4f0a6b2dc419ea9ca_shot_001_000,pixel_mse,full,0.02991767
22,895.903931,4d5b044b30051de4f0a6b2dc419ea9ca_shot_001_000,ssim,mouth,0.50330341
22,895.903931,4d5b044b30051de4f0a6b2dc419ea9ca_shot_001_000,ssim,full,0.5984202
22,895.903931,4d5b044b30051de4f0a6b2dc419ea9ca_shot_001_000,lpips,mouth,0.35330972
22,895.903931,4d5b044b30051de4f0a6b2dc419ea9ca_shot_001_000,lpips,full,0.4150596
22,895.903931,4d5b044b30051de4f0a6b2dc419ea9ca_shot_001_000,sharpness,mouth,7.9748
22,895.903931,4d5b044b30051de4f0a6b2dc419ea9ca_shot_001_000,lmd,mouth,4.49711
22,895.903931,4d5b044b30051de4f0a6b2dc419ea9ca_shot_001_000,sync_d,mouth,7.667033
22,895.903931,4d5b044b30051de4f0a6b2dc419ea9ca_shot_001_000,sync_c,mouth,6.788478
23,887.992493,4d5b044b30051de4f0a6b2dc419ea9ca_shot_001_000,pixel_mse,mouth,0.02682097
23,887.992493,4d5b044b30051de4f0a6b2dc419ea9ca_shot_001_000,pixel_mse,full,0.02990475
23,887.992493,4d5b044b30051de4f0a6b2dc419ea9ca_shot_001_000,ssim,mouth,0.50653714
23,887.992493,4d5b044b30051de4f0a6b2dc419ea9ca_shot_001_000,ssim,full,0.60019279
23,887.992493,4d5b044b30051de4f0a6b2dc419ea9ca_shot_001_000,lpips,mouth,0.35564643
23,887.992493,4d5b044b30051de4f0a6b2dc419ea9ca_shot_001_000,lpips,full,0.41473922
23,887.992493,4d5b044b30051de4f0a6b2dc419ea9ca_shot_001_000,sharpness,mouth,7.9035
23,887.992493,4d5b044b30051de4f0a6b2dc419ea9ca_shot_001_000,lmd,mouth,4.470605
23,887.992493,4d5b044b30051de4f0a6b2dc419ea9ca_shot_001_000,sync_d,mouth,7.616135
23,887.992493,4d5b044b30051de4f0a6b2dc419ea9ca_shot_001_000,sync_c,mouth,6.759674
24,879.604736,4d5b044b30051de4f0a6b2dc419ea9ca_shot_001_000,pixel_mse,mouth,0.02714965
24,879.604736,4d5b044b30051de4f0a6b2dc419ea9ca_shot_001_000,pixel_mse,full,0.02994414
24,879.604736,4d5b044b30051de4f0a6b2dc419ea9ca_shot_001_000,ssim,mouth,0.50568646
24,879.604736,4d5b044b30051de4f0a6b2dc419ea9ca_shot_001_000,ssim,full,0.59933549
24,879.604736,4d5b044b30051de4f0a6b2dc419ea9ca_shot_001_000,lpips,mouth,0.35645548
24,879.604736,4d5b044b30051de4f0a6b2dc419ea9ca_shot_001_000,lpips,full,0.41561663
24,879.604736,4d5b044b30051de4f0a6b2dc419ea9ca_shot_001_000,sharpness,mouth,7.841
24,879.604736,4d5b044b30051de4f0a6b2dc419ea9ca_shot_001_000,lmd,mouth,4.460656
24,879.604736,4d5b044b30051de4f0a6b2dc419ea9ca_shot_001_000,sync_d,mouth,7.684051
24,879.604736,4d5b044b30051de4f0a6b2dc419ea9ca_shot_001_000,sync_c,mouth,6.741642
25,870.696350,4d5b044b30051de4f0a6b2dc419ea9ca_shot_001_000,pixel_mse,mouth,0.02753766
25,870.696350,4d5b044b30051de4f0a6b2dc419ea9ca_shot_001_000,pixel_mse,full,0.02995592
25,870.696350,4d5b044b30051de4f0a6b2dc419ea9ca_shot_001_000,ssim,mouth,0.50372607
25,870.696350,4d5b044b30051de4f0a6b2dc419ea9ca_shot_001_000,ssim,full,0.59800655
25,870.696350,4d5b044b30051de4f0a6b2dc419ea9ca_shot_001_000,lpips,mouth,0.35467309
25,870.696350,4d5b044b30051de4f0a6b2dc419ea9ca_shot_001_000,lpips,full,0.41495711
25,870.696350,4d5b044b30051de4f0a6b2dc419ea9ca_shot_001_000,sharpness,mouth,7.814
25,870.696350,4d5b044b30051de4f0a6b2dc419ea9ca_shot_001_000,lmd,mouth,4.510077
25,870.696350,4d5b044b30051de4f0a6b2dc419ea9ca_shot_001_000,sync_d,mouth,7.524962
25,870.696350,4d5b044b30051de4f0a6b2dc419ea9ca_shot_001_000,sync_c,mouth,6.943009
26,861.217407,4d5b044b30051de4f0a6b2dc419ea9ca_shot_001_000,pixel_mse,mouth,0.02775408
26,861.217407,4d5b044b30051de4f0a6b2dc419ea9ca_shot_001_000,pixel_mse,full,0.03023273
26,861.217407,4d5b044b30051de4f0a6b2dc419ea9ca_shot_001_000,ssim,mouth,0.49905932
26,861.217407,4d5b044b30051de4f0a6b2dc419ea9ca_shot_001_000,ssim,full,0.59710306
26,861.217407,4d5b044b30051de4f0a6b2dc419ea9ca_shot_001_000,lpips,mouth,0.35311022
26,861.217407,4d5b044b30051de4f0a6b2dc419ea9ca_shot_001_000,lpips,full,0.41374919
26,861.217407,4d5b044b30051de4f0a6b2dc419ea9ca_shot_001_000,sharpness,mouth,7.8973
26,861.217407,4d5b044b30051de4f0a6b2dc419ea9ca_shot_001_000,lmd,mouth,4.514634
26,861.217407,4d5b044b30051de4f0a6b2dc419ea9ca_shot_001_000,sync_d,mouth,7.755993
26,861.217407,4d5b044b30051de4f0a6b2dc419ea9ca_shot_001_000,sync_c,mouth,6.618019
27,851.111145,4d5b044b30051de4f0a6b2dc419ea9ca_shot_001_000,pixel_mse,mouth,0.02781319
27,851.111145,4d5b044b30051de4f0a6b2dc419ea9ca_shot_001_000,pixel_mse,full,0.03019718
27,851.111145,4d5b044b30051de4f0a6b2dc419ea9ca_shot_001_000,ssim,mouth,0.49856898
27,851.111145,4d5b044b30051de4f0a6b2dc419ea9ca_shot_001_000,ssim,full,0.59758878
27,851.111145,4d5b044b30051de4f0a6b2dc419ea9ca_shot_001_000,lpips,mouth,0.34888077
27,851.111145,4d5b044b30051de4f0a6b2dc419ea9ca_shot_001_000,lpips,full,0.41356632
27,851.111145,4d5b044b30051de4f0a6b2dc419ea9ca_shot_001_000,sharpness,mouth,7.9743
27,851.111145,4d5b044b30051de4f0a6b2dc419ea9ca_shot_001_000,lmd,mouth,4.555164
27,851.111145,4d5b044b30051de4f0a6b2dc419ea9ca_shot_001_000,sync_d,mouth,7.49016
27,851.111145,4d5b044b30051de4f0a6b2dc419ea9ca_shot_001_000,sync_c,mouth,6.886089
28,840.313232,4d5b044b30051de4f0a6b2dc419ea9ca_shot_001_000,pixel_mse,mouth,0.02761504
28,840.313232,4d5b044b30051de4f0a6b2dc419ea9ca_shot_001_000,pixel_mse,full,0.03023245
28,840.313232,4d5b044b30051de4f0a6b2dc419ea9ca_shot_001_000,ssim,mouth,0.49840045
28,840.313232,4d5b044b30051de4f0a6b2dc419ea9ca_shot_001_000,ssim,full,0.59716403
28,840.313232,4d5b044b30051de4f0a6b2dc419ea9ca_shot_001_000,lpips,mouth,0.35053813
28,840.313232,4d5b044b30051de4f0a6b2dc419ea9ca_shot_001_000,lpips,full,0.41424048
28,840.313232,4d5b044b30051de4f0a6b2dc419ea9ca_shot_001_000,sharpness,mouth,7.9697
28,840.313232,4d5b044b30051de4f0a6b2dc419ea9ca_shot_001_000,lmd,mouth,4.477285
28,840.313232,4d5b044b30051de4f0a6b2dc419ea9ca_shot_001_000,sync_d,mouth,7.600173
28,840.313232,4d5b044b30051de4f0a6b2dc419ea9ca_shot_001_000,sync_c,mouth,6.882827
29,828.750244,4d5b044b30051de4f0a6b2dc419ea9ca_shot_001_000,pixel_mse,mouth,0.02774905
29,828.750244,4d5b044b30051de4f0a6b2dc419ea9ca_shot_001_000,pixel_mse,full,0.03037215
29,828.750244,4d5b044b30051de4f0a6b2dc419ea9ca_shot_001_000,ssim,mouth,0.49838832
29,828.750244,4d5b044b30051de4f0a6b2dc419ea9ca_shot_001_000,ssim,full,0.59644139
29,828.750244,4d5b044b30051de4f0a6b2dc419ea9ca_shot_001_000,lpips,mouth,0.34790102
29,828.750244,4d5b044b30051de4f0a6b2dc419ea9ca_shot_001_000,lpips,full,0.41343591
29,828.750244,4d5b044b30051de4f0a6b2dc419ea9ca_shot_001_000,sharpness,mouth,7.9914
29,828.750244,4d5b044b30051de4f0a6b2dc419ea9ca_shot_001_000,lmd,mouth,4.450193
29,828.750244,4d5b044b30051de4f0a6b2dc419ea9ca_shot_001_000,sync_d,mouth,7.455132
29,828.750244,4d5b044b30051de4f0a6b2dc419ea9ca_shot_001_000,sync_c,mouth,7.056803
30,816.337830,4d5b044b30051de4f0a6b2dc419ea9ca_shot_001_000,pixel_mse,mouth,0.02786875
30,816.337830,4d5b044b30051de4f0a6b2dc419ea9ca_shot_001_000,pixel_mse,full,0.03039118
30,816.337830,4d5b044b30051de4f0a6b2dc419ea9ca_shot_001_000,ssim,mouth,0.49373326
30,816.337830,4d5b044b30051de4f0a6b2dc419ea9ca_shot_001_000,ssim,full,0.59675264
30,816.337830,4d5b044b30051de4f0a6b2dc419ea9ca_shot_001_000,lpips,mouth,0.34568357
30,816.337830,4d5b044b30051de4f0a6b2dc419ea9ca_shot_001_000,lpips,full,0.41246796
30,816.337830,4d5b044b30051de4f0a6b2dc419ea9ca_shot_001_000,sharpness,mouth,8.0997
30,816.337830,4d5b044b30051de4f0a6b2dc419ea9ca_shot_001_000,lmd,mouth,4.449001
30,816.337830,4d5b044b30051de4f0a6b2dc419ea9ca_shot_001_000,sync_d,mouth,7.412515
30,816.337830,4d5b044b30051de4f0a6b2dc419ea9ca_shot_001_000,sync_c,mouth,7.205912
31,802.978699,4d5b044b30051de4f0a6b2dc419ea9ca_shot_001_000,pixel_mse,mouth,0.027631
31,802.978699,4d5b044b30051de4f0a6b2dc419ea9ca_shot_001_000,pixel_mse,full,0.03044408
31,802.978699,4d5b044b30051de4f0a6b2dc419ea9ca_shot_001_000,ssim,mouth,0.49471679
31,802.978699,4d5b044b30051de4f0a6b2dc419ea9ca_shot_001_000,ssim,full,0.59646529
31,802.978699,4d5b044b30051de4f0a6b2dc419ea9ca_shot_001_000,lpips,mouth,0.345321
31,802.978699,4d5b044b30051de4f0a6b2dc419ea9ca_shot_001_000,lpips,full,0.41208753
31,802.978699,4d5b044b30051de4f0a6b2dc419ea9ca_shot_001_000,sharpness,mouth,8.1777
31,802.978699,4d5b044b30051de4f0a6b2dc419ea9ca_shot_001_000,lmd,mouth,4.529889
31,802.978699,4d5b044b30051de4f0a6b2dc419ea9ca_shot_001_000,sync_d,mouth,7.526399
31,802.978699,4d5b044b30051de4f0a6b2dc419ea9ca_shot_001_000,sync_c,mouth,7.099248
32,788.560242,4d5b044b30051de4f0a6b2dc419ea9ca_shot_001_000,pixel_mse,mouth,0.02719376
32,788.560242,4d5b044b30051de4f0a6b2dc419ea9ca_shot_001_000,pixel_mse,full,0.03046574
32,788.560242,4d5b044b30051de4f0a6b2dc419ea9ca_shot_001_000,ssim,mouth,0.49942139
32,788.560242,4d5b044b30051de4f0a6b2dc419ea9ca_shot_001_000,ssim,full,0.59714013
32,788.560242,4d5b044b30051de4f0a6b2dc419ea9ca_shot_001_000,lpips,mouth,0.34783992
32,788.560242,4d5b044b30051de4f0a6b2dc419ea9ca_shot_001_000,lpips,full,0.41199413
32,788.560242,4d5b044b30051de4f0a6b2dc419ea9ca_shot_001_000,sharpness,mouth,8.105
32,788.560242,4d5b044b30051de4f0a6b2dc419ea9ca_shot_001_000,lmd,mouth,4.628995
32,788.560242,4d5b044b30051de4f0a6b2dc419ea9ca_shot_001_000,sync_d,mouth,7.748323
32,788.560242,4d5b044b30051de4f0a6b2dc419ea9ca_shot_001_000,sync_c,mouth,6.91001
33,772.951477,4d5b044b30051de4f0a6b2dc419ea9ca_shot_001_000,pixel_mse,mouth,0.02752661
33,772.951477,4d5b044b30051de4f0a6b2dc419ea9ca_shot_001_000,pixel_mse,full,0.03039848
33,772.951477,4d5b044b30051de4f0a6b2dc419ea9ca_shot_001_000,ssim,mouth,0.4969359
33,772.951477,4d5b044b30051de4f0a6b2dc419ea9ca_shot_001_000,ssim,full,0.59729522
33,772.951477,4d5b044b30051de4f0a6b2dc419ea9ca_shot_001_000,lpips,mouth,0.34593728
33,772.951477,4d5b044b30051de4f0a6b2dc419ea9ca_shot_001_000,lpips,full,0.41114566
33,772.951477,4d5b044b30051de4f0a6b2dc419ea9ca_shot_001_000,sharpness,mouth,8.0215
33,772.951477,4d5b044b30051de4f0a6b2dc419ea9ca_shot_001_000,lmd,mouth,4.566259
33,772.951477,4d5b044b30051de4f0a6b2dc419ea9ca_shot_001_000,sync_d,mouth,7.572922
33,772.951477,4d5b044b30051de4f0a6b2dc419ea9ca_shot_001_000,sync_c,mouth,7.28245
34,755.998352,4d5b044b30051de4f0a6b2dc419ea9ca_shot_001_000,pixel_mse,mouth,0.02772646
34,755.998352,4d5b044b30051de4f0a6b2dc419ea9ca_shot_001_000,pixel_mse,full,0.03055995
34,755.998352,4d5b044b30051de4f0a6b2dc419ea9ca_shot_001_000,ssim,mouth,0.49634859
34,755.998352,4d5b044b30051de4f0a6b2dc419ea9ca_shot_001_000,ssim,full,0.59714389
34,755.998352,4d5b044b30051de4f0a6b2dc419ea9ca_shot_001_000,lpips,mouth,0.34517643
34,755.998352,4d5b044b30051de4f0a6b2dc419ea9ca_shot_001_000,lpips,full,0.41185769
34,755.998352,4d5b044b30051de4f0a6b2dc419ea9ca_shot_001_000,sharpness,mouth,8.0713
34,755.998352,4d5b044b30051de4f0a6b2dc419ea9ca_shot_001_000,lmd,mouth,4.639489
34,755.998352,4d5b044b30051de4f0a6b2dc419ea9ca_shot_001_000,sync_d,mouth,7.988402
34,755.998352,4d5b044b30051de4f0a6b2dc419ea9ca_shot_001_000,sync_c,mouth,6.755492
35,737.519714,4d5b044b30051de4f0a6b2dc419ea9ca_shot_001_000,pixel_mse,mouth,0.02802366
35,737.519714,4d5b044b30051de4f0a6b2dc419ea9ca_shot_001_000,pixel_mse,full,0.03058448
35,737.519714,4d5b044b30051de4f0a6b2dc419ea9ca_shot_001_000,ssim,mouth,0.49451488
35,737.519714,4d5b044b30051de4f0a6b2dc419ea9ca_shot_001_000,ssim,full,0.59732807
35,737.519714,4d5b044b30051de4f0a6b2dc419ea9ca_shot_001_000,lpips,mouth,0.34709379
35,737.519714,4d5b044b30051de4f0a6b2dc419ea9ca_shot_001_000,lpips,full,0.4120051
35,737.519714,4d5b044b30051de4f0a6b2dc419ea9ca_shot_001_000,sharpness,mouth,8.0774
35,737.519714,4d5b044b30051de4f0a6b2dc419ea9ca_shot_001_000,lmd,mouth,4.680148
35,737.519714,4d5b044b30051de4f0a6b2dc419ea9ca_shot_001_000,sync_d,mouth,7.992662
35,737.519714,4d5b044b30051de4f0a6b2dc419ea9ca_shot_001_000,sync_c,mouth,6.715456
36,717.299683,4d5b044b30051de4f0a6b2dc419ea9ca_shot_001_000,pixel_mse,mouth,0.0282052
36,717.299683,4d5b044b30051de4f0a6b2dc419ea9ca_shot_001_000,pixel_mse,full,0.03058181
36,717.299683,4d5b044b30051de4f0a6b2dc419ea9ca_shot_001_000,ssim,mouth,0.49421832
36,717.299683,4d5b044b30051de4f0a6b2dc419ea9ca_shot_001_000,ssim,full,0.59730625
36,717.299683,4d5b044b30051de4f0a6b2dc419ea9ca_shot_001_000,lpips,mouth,0.34576526
36,717.299683,4d5b044b30051de4f0a6b2dc419ea9ca_shot_001_000,lpips,full,0.41225985
36,717.299683,4d5b044b30051de4f0a6b2dc419ea9ca_shot_001_000,sharpness,mouth,8.1413
36,717.299683,4d5b044b30051de4f0a6b2dc419ea9ca_shot_001_000,lmd,mouth,4.708433
36,717.299683,4d5b044b30051de4f0a6b2dc419ea9ca_shot_001_000,sync_d,mouth,8.124339
36,717.299683,4d5b044b30051de4f0a6b2dc419ea9ca_shot_001_000,sync_c,mouth,6.669026
37,695.080139,4d5b044b30051de4f0a6b2dc419ea9ca_shot_001_000,pixel_mse,mouth,0.02804954
37,695.080139,4d5b044b30051de4f0a6b2dc419ea9ca_shot_001_000,pixel_mse,full,0.03055906
37,695.080139,4d5b044b30051de4f0a6b2dc419ea9ca_shot_001_000,ssim,mouth,0.49190715
37,695.080139,4d5b044b30051de4f0a6b2dc419ea9ca_shot_001_000,ssim,full,0.59713387
37,695.080139,4d5b044b30051de4f0a6b2dc419ea9ca_shot_001_000,lpips,mouth,0.34451786
37,695.080139,4d5b044b30051de4f0a6b2dc419ea9ca_shot_001_000,lpips,full,0.41133055
37,695.080139,4d5b044b30051de4f0a6b2dc419ea9ca_shot_001_000,sharpness,mouth,8.2121
37,695.080139,4d5b044b30051de4f0a6b2dc419ea9ca_shot_001_000,lmd,mouth,4.753962
37,695.080139,4d5b044b30051de4f0a6b2dc419ea9ca_shot_001_000,sync_d,mouth,8.305045
37,695.080139,4d5b044b30051de4f0a6b2dc419ea9ca_shot_001_000,sync_c,mouth,6.275579
38,670.548828,4d5b044b30051de4f0a6b2dc419ea9ca_shot_001_000,pixel_mse,mouth,0.02808377
38,670.548828,4d5b044b30051de4f0a6b2dc419ea9ca_shot_001_000,pixel_mse,full,0.03056386
38,670.548828,4d5b044b30051de4f0a6b2dc419ea9ca_shot_001_000,ssim,mouth,0.49165428
38,670.548828,4d5b044b30051de4f0a6b2dc419ea9ca_shot_001_000,ssim,full,0.59704679
38,670.548828,4d5b044b30051de4f0a6b2dc419ea9ca_shot_001_000,lpips,mouth,0.344289
38,670.548828,4d5b044b30051de4f0a6b2dc419ea9ca_shot_001_000,lpips,full,0.41096854
38,670.548828,4d5b044b30051de4f0a6b2dc419ea9ca_shot_001_000,sharpness,mouth,8.227
38,670.548828,4d5b044b30051de4f0a6b2dc419ea9ca_shot_001_000,lmd,mouth,4.709499
38,670.548828,4d5b044b30051de4f0a6b2dc419ea9ca_shot_001_000,sync_d,mouth,8.212702
38,670.548828,4d5b044b30051de4f0a6b2dc419ea9ca_shot_001_000,sync_c,mouth,6.476493
39,643.325317,4d5b044b30051de4f0a6b2dc419ea9ca_shot_001_000,pixel_mse,mouth,0.02833625
39,643.325317,4d5b044b30051de4f0a6b2dc419ea9ca_shot_001_000,pixel_mse,full,0.03063401
39,643.325317,4d5b044b30051de4f0a6b2dc419ea9ca_shot_001_000,ssim,mouth,0.49021143
39,643.325317,4d5b044b30051de4f0a6b2dc419ea9ca_shot_001_000,ssim,full,0.59685522
39,643.325317,4d5b044b30051de4f0a6b2dc419ea9ca_shot_001_000,lpips,mouth,0.34489694
39,643.325317,4d5b044b30051de4f0a6b2dc419ea9ca_shot_001_000,lpips,full,0.41102415
39,643.325317,4d5b044b30051de4f0a6b2dc419ea9ca_shot_001_000,sharpness,mouth,8.144
39,643.325317,4d5b044b30051de4f0a6b2dc419ea9ca_shot_001_000,lmd,mouth,4.706078
39,643.325317,4d5b044b30051de4f0a6b2dc419ea9ca_shot_001_000,sync_d,mouth,7.839203
39,643.325317,4d5b044b30051de4f0a6b2dc419ea9ca_shot_001_000,sync_c,mouth,6.845447
40,612.940735,4d5b044b30051de4f0a6b2dc419ea9ca_shot_001_000,pixel_mse,mouth,0.02818649
40,612.940735,4d5b044b30051de4f0a6b2dc419ea9ca_shot_001_000,pixel_mse,full,0.03063624
40,612.940735,4d5b044b30051de4f0a6b2dc419ea9ca_shot_001_000,ssim,mouth,0.49122199
40,612.940735,4d5b044b30051de4f0a6b2dc419ea9ca_shot_001_000,ssim,full,0.59709561
40,612.940735,4d5b044b30051de4f0a6b2dc419ea9ca_shot_001_000,lpips,mouth,0.34504396
40,612.940735,4d5b044b30051de4f0a6b2dc419ea9ca_shot_001_000,lpips,full,0.41100726
40,612.940735,4d5b044b30051de4f0a6b2dc419ea9ca_shot_001_000,sharpness,mouth,8.1582
40,612.940735,4d5b044b30051de4f0a6b2dc419ea9ca_shot_001_000,lmd,mouth,4.741299
40,612.940735,4d5b044b30051de4f0a6b2dc419ea9ca_shot_001_000,sync_d,mouth,7.808288
40,612.940735,4d5b044b30051de4f0a6b2dc419ea9ca_shot_001_000,sync_c,mouth,6.945964
41,578.810425,4d5b044b30051de4f0a6b2dc419ea9ca_shot_001_000,pixel_mse,mouth,0.02824836
41,578.810425,4d5b044b30051de4f0a6b2dc419ea9ca_shot_001_000,pixel_mse,full,0.03067456
41,578.810425,4d5b044b30051de4f0a6b2dc419ea9ca_shot_001_000,ssim,mouth,0.49071366
41,578.810425,4d5b044b30051de4f0a6b2dc419ea9ca_shot_001_000,ssim,full,0.59686631
41,578.810425,4d5b044b30051de4f0a6b2dc419ea9ca_shot_001_000,lpips,mouth,0.34310988
41,578.810425,4d5b044b30051de4f0a6b2dc419ea9ca_shot_001_000,lpips,full,0.41070256
41,578.810425,4d5b044b30051de4f0a6b2dc419ea9ca_shot_001_000,sharpness,mouth,8.2269
41,578.810425,4d5b044b30051de4f0a6b2dc419ea9ca_shot_001_000,lmd,mouth,4.751297
41,578.810425,4d5b044b30051de4f0a6b2dc419ea9ca_shot_001_000,sync_d,mouth,7.84253
41,578.810425,4d5b044b30051de4f0a6b2dc419ea9ca_shot_001_000,sync_c,mouth,6.776152
42,540.196350,4d5b044b30051de4f0a6b2dc419ea9ca_shot_001_000,pixel_mse,mouth,0.02830142
42,540.196350,4d5b044b30051de4f0a6b2dc419ea9ca_shot_001_000,pixel_mse,full,0.03069152
42,540.196350,4d5b044b30051de4f0a6b2dc419ea9ca_shot_001_000,ssim,mouth,0.4908807
42,540.196350,4d5b044b30051de4f0a6b2dc419ea9ca_shot_001_000,ssim,full,0.59668231
42,540.196350,4d5b044b30051de4f0a6b2dc419ea9ca_shot_001_000,lpips,mouth,0.34379658
42,540.196350,4d5b044b30051de4f0a6b2dc419ea9ca_shot_001_000,lpips,full,0.4106614
42,540.196350,4d5b044b30051de4f0a6b2dc419ea9ca_shot_001_000,sharpness,mouth,8.2675
42,540.196350,4d5b044b30051de4f0a6b2dc419ea9ca_shot_001_000,lmd,mouth,4.78561
42,540.196350,4d5b044b30051de4f0a6b2dc419ea9ca_shot_001_000,sync_d,mouth,8.077135
42,540.196350,4d5b044b30051de4f0a6b2dc419ea9ca_shot_001_000,sync_c,mouth,6.581766
43,496.152893,4d5b044b30051de4f0a6b2dc419ea9ca_shot_001_000,pixel_mse,mouth,0.0283465
43,496.152893,4d5b044b30051de4f0a6b2dc419ea9ca_shot_001_000,pixel_mse,full,0.03071211
43,496.152893,4d5b044b30051de4f0a6b2dc419ea9ca_shot_001_000,ssim,mouth,0.48998681
43,496.152893,4d5b044b30051de4f0a6b2dc419ea9ca_shot_001_000,ssim,full,0.59684992
43,496.152893,4d5b044b30051de4f0a6b2dc419ea9ca_shot_001_000,lpips,mouth,0.34376892
43,496.152893,4d5b044b30051de4f0a6b2dc419ea9ca_shot_001_000,lpips,full,0.41083422
43,496.152893,4d5b044b30051de4f0a6b2dc419ea9ca_shot_001_000,sharpness,mouth,8.1695
43,496.152893,4d5b044b30051de4f0a6b2dc419ea9ca_shot_001_000,lmd,mouth,4.848609
43,496.152893,4d5b044b30051de4f0a6b2dc419ea9ca_shot_001_000,sync_d,mouth,7.927655
43,496.152893,4d5b044b30051de4f0a6b2dc419ea9ca_shot_001_000,sync_c,mouth,6.641672
44,445.448151,4d5b044b30051de4f0a6b2dc419ea9ca_shot_001_000,pixel_mse,mouth,0.02832152
44,445.448151,4d5b044b30051de4f0a6b2dc419ea9ca_shot_001_000,pixel_mse,full,0.03070796
44,445.448151,4d5b044b30051de4f0a6b2dc419ea9ca_shot_001_000,ssim,mouth,0.49067965
44,445.448151,4d5b044b30051de4f0a6b2dc419ea9ca_shot_001_000,ssim,full,0.59686464
44,445.448151,4d5b044b30051de4f0a6b2dc419ea9ca_shot_001_000,lpips,mouth,0.34340447
44,445.448151,4d5b044b30051de4f0a6b2dc419ea9ca_shot_001_000,lpips,full,0.41058731
44,445.448151,4d5b044b30051de4f0a6b2dc419ea9ca_shot_001_000,sharpness,mouth,8.147
44,445.448151,4d5b044b30051de4f0a6b2dc419ea9ca_shot_001_000,lmd,mouth,4.778749
44,445.448151,4d5b044b30051de4f0a6b2dc419ea9ca_shot_001_000,sync_d,mouth,8.17996
44,445.448151,4d5b044b30051de4f0a6b2dc419ea9ca_shot_001_000,sync_c,mouth,6.495821
45,386.447418,4d5b044b30051de4f0a6b2dc419ea9ca_shot_001_000,pixel_mse,mouth,0.02826996
45,386.447418,4d5b044b30051de4f0a6b2dc419ea9ca_shot_001_000,pixel_mse,full,0.03068116
45,386.447418,4d5b044b30051de4f0a6b2dc419ea9ca_shot_001_000,ssim,mouth,0.49060628
45,386.447418,4d5b044b30051de4f0a6b2dc419ea9ca_shot_001_000,ssim,full,0.59720778
45,386.447418,4d5b044b30051de4f0a6b2dc419ea9ca_shot_001_000,lpips,mouth,0.3420783
45,386.447418,4d5b044b30051de4f0a6b2dc419ea9ca_shot_001_000,lpips,full,0.41032988
45,386.447418,4d5b044b30051de4f0a6b2dc419ea9ca_shot_001_000,sharpness,mouth,8.1899
45,386.447418,4d5b044b30051de4f0a6b2dc419ea9ca_shot_001_000,lmd,mouth,4.789434
45,386.447418,4d5b044b30051de4f0a6b2dc419ea9ca_shot_001_000,sync_d,mouth,8.13611
45,386.447418,4d5b044b30051de4f0a6b2dc419ea9ca_shot_001_000,sync_c,mouth,6.417498
46,316.933258,4d5b044b30051de4f0a6b2dc419ea9ca_shot_001_000,pixel_mse,mouth,0.02815667
46,316.933258,4d5b044b30051de4f0a6b2dc419ea9ca_shot_001_000,pixel_mse,full,0.03067824
46,316.933258,4d5b044b30051de4f0a6b2dc419ea9ca_shot_001_000,ssim,mouth,0.49094701
46,316.933258,4d5b044b30051de4f0a6b2dc419ea9ca_shot_001_000,ssim,full,0.59757429
46,316.933258,4d5b044b30051de4f0a6b2dc419ea9ca_shot_001_000,lpips,mouth,0.34060034
46,316.933258,4d5b044b30051de4f0a6b2dc419ea9ca_shot_001_000,lpips,full,0.40962651
46,316.933258,4d5b044b30051de4f0a6b2dc419ea9ca_shot_001_000,sharpness,mouth,8.1052
46,316.933258,4d5b044b30051de4f0a6b2dc419ea9ca_shot_001_000,lmd,mouth,4.760121
46,316.933258,4d5b044b30051de4f0a6b2dc419ea9ca_shot_001_000,sync_d,mouth,8.310692
46,316.933258,4d5b044b30051de4f0a6b2dc419ea9ca_shot_001_000,sync_c,mouth,6.309427
47,233.820694,4d5b044b30051de4f0a6b2dc419ea9ca_shot_001_000,pixel_mse,mouth,0.02811672
47,233.820694,4d5b044b30051de4f0a6b2dc419ea9ca_shot_001_000,pixel_mse,full,0.03066247
47,233.820694,4d5b044b30051de4f0a6b2dc419ea9ca_shot_001_000,ssim,mouth,0.49110785
47,233.820694,4d5b044b30051de4f0a6b2dc419ea9ca_shot_001_000,ssim,full,0.59805101
47,233.820694,4d5b044b30051de4f0a6b2dc419ea9ca_shot_001_000,lpips,mouth,0.33876204
47,233.820694,4d5b044b30051de4f0a6b2dc419ea9ca_shot_001_000,lpips,full,0.40908191
47,233.820694,4d5b044b30051de4f0a6b2dc419ea9ca_shot_001_000,sharpness,mouth,8.1528
47,233.820694,4d5b044b30051de4f0a6b2dc419ea9ca_shot_001_000,lmd,mouth,4.699532
47,233.820694,4d5b044b30051de4f0a6b2dc419ea9ca_shot_001_000,sync_d,mouth,8.010076
47,233.820694,4d5b044b30051de4f0a6b2dc419ea9ca_shot_001_000,sync_c,mouth,6.576603
48,132.687027,4d5b044b30051de4f0a6b2dc419ea9ca_shot_001_000,pixel_mse,mouth,0.02806811
48,132.687027,4d5b044b30051de4f0a6b2dc419ea9ca_shot_001_000,pixel_mse,full,0.03065423
48,132.687027,4d5b044b30051de4f0a6b2dc419ea9ca_shot_001_000,ssim,mouth,0.49141318
48,132.687027,4d5b044b30051de4f0a6b2dc419ea9ca_shot_001_000,ssim,full,0.59857929
48,132.687027,4d5b044b30051de4f0a6b2dc419ea9ca_shot_001_000,lpips,mouth,0.3351483
48,132.687027,4d5b044b30051de4f0a6b2dc419ea9ca_shot_001_000,lpips,full,0.40799657
48,132.687027,4d5b044b30051de4f0a6b2dc419ea9ca_shot_001_000,sharpness,mouth,8.0366
48,132.687027,4d5b044b30051de4f0a6b2dc419ea9ca_shot_001_000,lmd,mouth,4.72168
48,132.687027,4d5b044b30051de4f0a6b2dc419ea9ca_shot_001_000,sync_d,mouth,8.186045
48,132.687027,4d5b044b30051de4f0a6b2dc419ea9ca_shot_001_000,sync_c,mouth,6.395075
49,6.958251,4d5b044b30051de4f0a6b2dc419ea9ca_shot_001_000,pixel_mse,mouth,0.02806634
49,6.958251,4d5b044b30051de4f0a6b2dc419ea9ca_shot_001_000,pixel_mse,full,0.03065742
49,6.958251,4d5b044b30051de4f0a6b2dc419ea9ca_shot_001_000,ssim,mouth,0.49150404
49,6.958251,4d5b044b30051de4f0a6b2dc419ea9ca_shot_001_000,ssim,full,0.59949821
49,6.958251,4d5b044b30051de4f0a6b2dc419ea9ca_shot_001_000,lpips,mouth,0.33481729
49,6.958251,4d5b044b30051de4f0a6b2dc419ea9ca_shot_001_000,lpips,full,0.40759787
49,6.958251,4d5b044b30051de4f0a6b2dc419ea9ca_shot_001_000,sharpness,mouth,8.0287
49,6.958251,4d5b044b30051de4f0a6b2dc419ea9ca_shot_001_000,lmd,mouth,4.727996
49,6.958251,4d5b044b30051de4f0a6b2dc419ea9ca_shot_001_000,sync_d,mouth,8.109631
49,6.958251,4d5b044b30051de4f0a6b2dc419ea9ca_shot_001_000,sync_c,mouth,6.519506
-1,gt,ecb359eb6753b3b64a027f66d912892e_shot_001_000,sharpness,mouth,98.9313
-1,gt,ecb359eb6753b3b64a027f66d912892e_shot_001_000,sync_d,mouth,7.469956
-1,gt,ecb359eb6753b3b64a027f66d912892e_shot_001_000,sync_c,mouth,8.065294
0,1000.000000,ecb359eb6753b3b64a027f66d912892e_shot_001_000,pixel_mse,mouth,0.02842307
0,1000.000000,ecb359eb6753b3b64a027f66d912892e_shot_001_000,pixel_mse,full,0.00785749
0,1000.000000,ecb359eb6753b3b64a027f66d912892e_shot_001_000,ssim,mouth,0.57139623
0,1000.000000,ecb359eb6753b3b64a027f66d912892e_shot_001_000,ssim,full,0.79749489
0,1000.000000,ecb359eb6753b3b64a027f66d912892e_shot_001_000,lpips,mouth,0.49689612
0,1000.000000,ecb359eb6753b3b64a027f66d912892e_shot_001_000,lpips,full,0.29653668
0,1000.000000,ecb359eb6753b3b64a027f66d912892e_shot_001_000,sharpness,mouth,17.2456
0,1000.000000,ecb359eb6753b3b64a027f66d912892e_shot_001_000,lmd,mouth,4.714239
0,1000.000000,ecb359eb6753b3b64a027f66d912892e_shot_001_000,sync_d,mouth,11.513075
0,1000.000000,ecb359eb6753b3b64a027f66d912892e_shot_001_000,sync_c,mouth,2.679594
1,997.035706,ecb359eb6753b3b64a027f66d912892e_shot_001_000,pixel_mse,mouth,0.0304556
1,997.035706,ecb359eb6753b3b64a027f66d912892e_shot_001_000,pixel_mse,full,0.00780138
1,997.035706,ecb359eb6753b3b64a027f66d912892e_shot_001_000,ssim,mouth,0.55475181
1,997.035706,ecb359eb6753b3b64a027f66d912892e_shot_001_000,ssim,full,0.80070597
1,997.035706,ecb359eb6753b3b64a027f66d912892e_shot_001_000,lpips,mouth,0.50020087
1,997.035706,ecb359eb6753b3b64a027f66d912892e_shot_001_000,lpips,full,0.28826484
1,997.035706,ecb359eb6753b3b64a027f66d912892e_shot_001_000,sharpness,mouth,22.0002
1,997.035706,ecb359eb6753b3b64a027f66d912892e_shot_001_000,lmd,mouth,6.615777
1,997.035706,ecb359eb6753b3b64a027f66d912892e_shot_001_000,sync_d,mouth,11.807614
1,997.035706,ecb359eb6753b3b64a027f66d912892e_shot_001_000,sync_c,mouth,2.540846
2,993.963867,ecb359eb6753b3b64a027f66d912892e_shot_001_000,pixel_mse,mouth,0.03557309
2,993.963867,ecb359eb6753b3b64a027f66d912892e_shot_001_000,pixel_mse,full,0.00887862
2,993.963867,ecb359eb6753b3b64a027f66d912892e_shot_001_000,ssim,mouth,0.53995061
2,993.963867,ecb359eb6753b3b64a027f66d912892e_shot_001_000,ssim,full,0.79311699
2,993.963867,ecb359eb6753b3b64a027f66d912892e_shot_001_000,lpips,mouth,0.48491392
2,993.963867,ecb359eb6753b3b64a027f66d912892e_shot_001_000,lpips,full,0.28010988
2,993.963867,ecb359eb6753b3b64a027f66d912892e_shot_001_000,sharpness,mouth,19.9106
2,993.963867,ecb359eb6753b3b64a027f66d912892e_shot_001_000,lmd,mouth,4.940236
2,993.963867,ecb359eb6753b3b64a027f66d912892e_shot_001_000,sync_d,mouth,11.625265
2,993.963867,ecb359eb6753b3b64a027f66d912892e_shot_001_000,sync_c,mouth,2.865623
3,990.779053,ecb359eb6753b3b64a027f66d912892e_shot_001_000,pixel_mse,mouth,0.03868544
3,990.779053,ecb359eb6753b3b64a027f66d912892e_shot_001_000,pixel_mse,full,0.00894909
3,990.779053,ecb359eb6753b3b64a027f66d912892e_shot_001_000,ssim,mouth,0.53037328
3,990.779053,ecb359eb6753b3b64a027f66d912892e_shot_001_000,ssim,full,0.7943607
3,990.779053,ecb359eb6753b3b64a027f66d912892e_shot_001_000,lpips,mouth,0.49696416
3,990.779053,ecb359eb6753b3b64a027f66d912892e_shot_001_000,lpips,full,0.2779749
3,990.779053,ecb359eb6753b3b64a027f66d912892e_shot_001_000,sharpness,mouth,27.4574
3,990.779053,ecb359eb6753b3b64a027f66d912892e_shot_001_000,lmd,mouth,5.081911
3,990.779053,ecb359eb6753b3b64a027f66d912892e_shot_001_000,sync_d,mouth,11.129989
3,990.779053,ecb359eb6753b3b64a027f66d912892e_shot_001_000,sync_c,mouth,3.655345
4,987.474243,ecb359eb6753b3b64a027f66d912892e_shot_001_000,pixel_mse,mouth,0.03956008
4,987.474243,ecb359eb6753b3b64a027f66d912892e_shot_001_000,pixel_mse,full,0.0089964
4,987.474243,ecb359eb6753b3b64a027f66d912892e_shot_001_000,ssim,mouth,0.53320909
4,987.474243,ecb359eb6753b3b64a027f66d912892e_shot_001_000,ssim,full,0.79466343
4,987.474243,ecb359eb6753b3b64a027f66d912892e_shot_001_000,lpips,mouth,0.4842329
4,987.474243,ecb359eb6753b3b64a027f66d912892e_shot_001_000,lpips,full,0.27224928
4,987.474243,ecb359eb6753b3b64a027f66d912892e_shot_001_000,sharpness,mouth,27.4528
4,987.474243,ecb359eb6753b3b64a027f66d912892e_shot_001_000,lmd,mouth,5.003579
4,987.474243,ecb359eb6753b3b64a027f66d912892e_shot_001_000,sync_d,mouth,11.228009
4,987.474243,ecb359eb6753b3b64a027f66d912892e_shot_001_000,sync_c,mouth,3.416115
5,984.043091,ecb359eb6753b3b64a027f66d912892e_shot_001_000,pixel_mse,mouth,0.0417844
5,984.043091,ecb359eb6753b3b64a027f66d912892e_shot_001_000,pixel_mse,full,0.00938872
5,984.043091,ecb359eb6753b3b64a027f66d912892e_shot_001_000,ssim,mouth,0.52654773
5,984.043091,ecb359eb6753b3b64a027f66d912892e_shot_001_000,ssim,full,0.7919721
5,984.043091,ecb359eb6753b3b64a027f66d912892e_shot_001_000,lpips,mouth,0.4776237
5,984.043091,ecb359eb6753b3b64a027f66d912892e_shot_001_000,lpips,full,0.26409402
5,984.043091,ecb359eb6753b3b64a027f66d912892e_shot_001_000,sharpness,mouth,36.9082
5,984.043091,ecb359eb6753b3b64a027f66d912892e_shot_001_000,lmd,mouth,5.110436
5,984.043091,ecb359eb6753b3b64a027f66d912892e_shot_001_000,sync_d,mouth,11.309824
5,984.043091,ecb359eb6753b3b64a027f66d912892e_shot_001_000,sync_c,mouth,3.349626
6,980.477844,ecb359eb6753b3b64a027f66d912892e_shot_001_000,pixel_mse,mouth,0.04269261
6,980.477844,ecb359eb6753b3b64a027f66d912892e_shot_001_000,pixel_mse,full,0.00955335
6,980.477844,ecb359eb6753b3b64a027f66d912892e_shot_001_000,ssim,mouth,0.52002466
6,980.477844,ecb359eb6753b3b64a027f66d912892e_shot_001_000,ssim,full,0.79096222
6,980.477844,ecb359eb6753b3b64a027f66d912892e_shot_001_000,lpips,mouth,0.4544518
6,980.477844,ecb359eb6753b3b64a027f66d912892e_shot_001_000,lpips,full,0.25542188
6,980.477844,ecb359eb6753b3b64a027f66d912892e_shot_001_000,sharpness,mouth,38.3778
6,980.477844,ecb359eb6753b3b64a027f66d912892e_shot_001_000,lmd,mouth,5.481586
6,980.477844,ecb359eb6753b3b64a027f66d912892e_shot_001_000,sync_d,mouth,10.072872
6,980.477844,ecb359eb6753b3b64a027f66d912892e_shot_001_000,sync_c,mouth,4.92851
7,976.770691,ecb359eb6753b3b64a027f66d912892e_shot_001_000,pixel_mse,mouth,0.04318922
7,976.770691,ecb359eb6753b3b64a027f66d912892e_shot_001_000,pixel_mse,full,0.00954406
7,976.770691,ecb359eb6753b3b64a027f66d912892e_shot_001_000,ssim,mouth,0.5144856
7,976.770691,ecb359eb6753b3b64a027f66d912892e_shot_001_000,ssim,full,0.79033136
7,976.770691,ecb359eb6753b3b64a027f66d912892e_shot_001_000,lpips,mouth,0.44461304
7,976.770691,ecb359eb6753b3b64a027f66d912892e_shot_001_000,lpips,full,0.24780349
7,976.770691,ecb359eb6753b3b64a027f66d912892e_shot_001_000,sharpness,mouth,40.4605
7,976.770691,ecb359eb6753b3b64a027f66d912892e_shot_001_000,lmd,mouth,5.606209
7,976.770691,ecb359eb6753b3b64a027f66d912892e_shot_001_000,sync_d,mouth,9.587667
7,976.770691,ecb359eb6753b3b64a027f66d912892e_shot_001_000,sync_c,mouth,5.353682
8,972.912842,ecb359eb6753b3b64a027f66d912892e_shot_001_000,pixel_mse,mouth,0.04338396
8,972.912842,ecb359eb6753b3b64a027f66d912892e_shot_001_000,pixel_mse,full,0.00958369
8,972.912842,ecb359eb6753b3b64a027f66d912892e_shot_001_000,ssim,mouth,0.51067168
8,972.912842,ecb359eb6753b3b64a027f66d912892e_shot_001_000,ssim,full,0.790106
8,972.912842,ecb359eb6753b3b64a027f66d912892e_shot_001_000,lpips,mouth,0.43809208
8,972.912842,ecb359eb6753b3b64a027f66d912892e_shot_001_000,lpips,full,0.24722748
8,972.912842,ecb359eb6753b3b64a027f66d912892e_shot_001_000,sharpness,mouth,41.502
8,972.912842,ecb359eb6753b3b64a027f66d912892e_shot_001_000,lmd,mouth,5.610705
8,972.912842,ecb359eb6753b3b64a027f66d912892e_shot_001_000,sync_d,mouth,8.853811
8,972.912842,ecb359eb6753b3b64a027f66d912892e_shot_001_000,sync_c,mouth,6.398472
9,968.895081,ecb359eb6753b3b64a027f66d912892e_shot_001_000,pixel_mse,mouth,0.04474825
9,968.895081,ecb359eb6753b3b64a027f66d912892e_shot_001_000,pixel_mse,full,0.00981612
9,968.895081,ecb359eb6753b3b64a027f66d912892e_shot_001_000,ssim,mouth,0.49895316
9,968.895081,ecb359eb6753b3b64a027f66d912892e_shot_001_000,ssim,full,0.78670448
9,968.895081,ecb359eb6753b3b64a027f66d912892e_shot_001_000,lpips,mouth,0.42505094
9,968.895081,ecb359eb6753b3b64a027f66d912892e_shot_001_000,lpips,full,0.24357934
9,968.895081,ecb359eb6753b3b64a027f66d912892e_shot_001_000,sharpness,mouth,45.4906
9,968.895081,ecb359eb6753b3b64a027f66d912892e_shot_001_000,lmd,mouth,5.58388
9,968.895081,ecb359eb6753b3b64a027f66d912892e_shot_001_000,sync_d,mouth,9.506414
9,968.895081,ecb359eb6753b3b64a027f66d912892e_shot_001_000,sync_c,mouth,5.843076
10,964.707153,ecb359eb6753b3b64a027f66d912892e_shot_001_000,pixel_mse,mouth,0.04477409
10,964.707153,ecb359eb6753b3b64a027f66d912892e_shot_001_000,pixel_mse,full,0.00989333
10,964.707153,ecb359eb6753b3b64a027f66d912892e_shot_001_000,ssim,mouth,0.49496511
10,964.707153,ecb359eb6753b3b64a027f66d912892e_shot_001_000,ssim,full,0.78650266
10,964.707153,ecb359eb6753b3b64a027f66d912892e_shot_001_000,lpips,mouth,0.41985449
10,964.707153,ecb359eb6753b3b64a027f66d912892e_shot_001_000,lpips,full,0.23952319
10,964.707153,ecb359eb6753b3b64a027f66d912892e_shot_001_000,sharpness,mouth,50.2511
10,964.707153,ecb359eb6753b3b64a027f66d912892e_shot_001_000,lmd,mouth,5.57214
10,964.707153,ecb359eb6753b3b64a027f66d912892e_shot_001_000,sync_d,mouth,9.605318
10,964.707153,ecb359eb6753b3b64a027f66d912892e_shot_001_000,sync_c,mouth,5.918444
11,960.337952,ecb359eb6753b3b64a027f66d912892e_shot_001_000,pixel_mse,mouth,0.04519313
11,960.337952,ecb359eb6753b3b64a027f66d912892e_shot_001_000,pixel_mse,full,0.01000883
11,960.337952,ecb359eb6753b3b64a027f66d912892e_shot_001_000,ssim,mouth,0.49042135
11,960.337952,ecb359eb6753b3b64a027f66d912892e_shot_001_000,ssim,full,0.78531027
11,960.337952,ecb359eb6753b3b64a027f66d912892e_shot_001_000,lpips,mouth,0.41110116
11,960.337952,ecb359eb6753b3b64a027f66d912892e_shot_001_000,lpips,full,0.23575206
11,960.337952,ecb359eb6753b3b64a027f66d912892e_shot_001_000,sharpness,mouth,48.3058
11,960.337952,ecb359eb6753b3b64a027f66d912892e_shot_001_000,lmd,mouth,5.609789
11,960.337952,ecb359eb6753b3b64a027f66d912892e_shot_001_000,sync_d,mouth,9.629823
11,960.337952,ecb359eb6753b3b64a027f66d912892e_shot_001_000,sync_c,mouth,5.80068
12,955.775635,ecb359eb6753b3b64a027f66d912892e_shot_001_000,pixel_mse,mouth,0.04634875
12,955.775635,ecb359eb6753b3b64a027f66d912892e_shot_001_000,pixel_mse,full,0.01015669
12,955.775635,ecb359eb6753b3b64a027f66d912892e_shot_001_000,ssim,mouth,0.48344991
12,955.775635,ecb359eb6753b3b64a027f66d912892e_shot_001_000,ssim,full,0.78362608
12,955.775635,ecb359eb6753b3b64a027f66d912892e_shot_001_000,lpips,mouth,0.40158179
12,955.775635,ecb359eb6753b3b64a027f66d912892e_shot_001_000,lpips,full,0.23408622
12,955.775635,ecb359eb6753b3b64a027f66d912892e_shot_001_000,sharpness,mouth,53.5581
12,955.775635,ecb359eb6753b3b64a027f66d912892e_shot_001_000,lmd,mouth,5.713847
12,955.775635,ecb359eb6753b3b64a027f66d912892e_shot_001_000,sync_d,mouth,8.438065
12,955.775635,ecb359eb6753b3b64a027f66d912892e_shot_001_000,sync_c,mouth,6.861911
13,951.006897,ecb359eb6753b3b64a027f66d912892e_shot_001_000,pixel_mse,mouth,0.04605202
13,951.006897,ecb359eb6753b3b64a027f66d912892e_shot_001_000,pixel_mse,full,0.01007276
13,951.006897,ecb359eb6753b3b64a027f66d912892e_shot_001_000,ssim,mouth,0.48392999
13,951.006897,ecb359eb6753b3b64a027f66d912892e_shot_001_000,ssim,full,0.78443229
13,951.006897,ecb359eb6753b3b64a027f66d912892e_shot_001_000,lpips,mouth,0.39588636
13,951.006897,ecb359eb6753b3b64a027f66d912892e_shot_001_000,lpips,full,0.23128785
13,951.006897,ecb359eb6753b3b64a027f66d912892e_shot_001_000,sharpness,mouth,53.1139
13,951.006897,ecb359eb6753b3b64a027f66d912892e_shot_001_000,lmd,mouth,5.717231
13,951.006897,ecb359eb6753b3b64a027f66d912892e_shot_001_000,sync_d,mouth,7.702699
13,951.006897,ecb359eb6753b3b64a027f66d912892e_shot_001_000,sync_c,mouth,7.819444
14,946.017517,ecb359eb6753b3b64a027f66d912892e_shot_001_000,pixel_mse,mouth,0.04701125
14,946.017517,ecb359eb6753b3b64a027f66d912892e_shot_001_000,pixel_mse,full,0.01016681
14,946.017517,ecb359eb6753b3b64a027f66d912892e_shot_001_000,ssim,mouth,0.4804053
14,946.017517,ecb359eb6753b3b64a027f66d912892e_shot_001_000,ssim,full,0.78311485
14,946.017517,ecb359eb6753b3b64a027f66d912892e_shot_001_000,lpips,mouth,0.39578086
14,946.017517,ecb359eb6753b3b64a027f66d912892e_shot_001_000,lpips,full,0.23023142
14,946.017517,ecb359eb6753b3b64a027f66d912892e_shot_001_000,sharpness,mouth,61.7356
14,946.017517,ecb359eb6753b3b64a027f66d912892e_shot_001_000,lmd,mouth,5.789244
14,946.017517,ecb359eb6753b3b64a027f66d912892e_shot_001_000,sync_d,mouth,7.565148
14,946.017517,ecb359eb6753b3b64a027f66d912892e_shot_001_000,sync_c,mouth,8.111544
15,940.791870,ecb359eb6753b3b64a027f66d912892e_shot_001_000,pixel_mse,mouth,0.04728709
15,940.791870,ecb359eb6753b3b64a027f66d912892e_shot_001_000,pixel_mse,full,0.01022083
15,940.791870,ecb359eb6753b3b64a027f66d912892e_shot_001_000,ssim,mouth,0.480836
15,940.791870,ecb359eb6753b3b64a027f66d912892e_shot_001_000,ssim,full,0.78262192
15,940.791870,ecb359eb6753b3b64a027f66d912892e_shot_001_000,lpips,mouth,0.38976306
15,940.791870,ecb359eb6753b3b64a027f66d912892e_shot_001_000,lpips,full,0.22780597
15,940.791870,ecb359eb6753b3b64a027f66d912892e_shot_001_000,sharpness,mouth,52.0722
15,940.791870,ecb359eb6753b3b64a027f66d912892e_shot_001_000,lmd,mouth,5.77074
15,940.791870,ecb359eb6753b3b64a027f66d912892e_shot_001_000,sync_d,mouth,7.00127
15,940.791870,ecb359eb6753b3b64a027f66d912892e_shot_001_000,sync_c,mouth,8.651953
16,935.312622,ecb359eb6753b3b64a027f66d912892e_shot_001_000,pixel_mse,mouth,0.0468431
16,935.312622,ecb359eb6753b3b64a027f66d912892e_shot_001_000,pixel_mse,full,0.01026519
16,935.312622,ecb359eb6753b3b64a027f66d912892e_shot_001_000,ssim,mouth,0.48291543
16,935.312622,ecb359eb6753b3b64a027f66d912892e_shot_001_000,ssim,full,0.78141123
16,935.312622,ecb359eb6753b3b64a027f66d912892e_shot_001_000,lpips,mouth,0.38673493
16,935.312622,ecb359eb6753b3b64a027f66d912892e_shot_001_000,lpips,full,0.22708222
16,935.312622,ecb359eb6753b3b64a027f66d912892e_shot_001_000,sharpness,mouth,52.599
16,935.312622,ecb359eb6753b3b64a027f66d912892e_shot_001_000,lmd,mouth,5.74993
16,935.312622,ecb359eb6753b3b64a027f66d912892e_shot_001_000,sync_d,mouth,6.878107
16,935.312622,ecb359eb6753b3b64a027f66d912892e_shot_001_000,sync_c,mouth,8.926958
17,929.560913,ecb359eb6753b3b64a027f66d912892e_shot_001_000,pixel_mse,mouth,0.046974
17,929.560913,ecb359eb6753b3b64a027f66d912892e_shot_001_000,pixel_mse,full,0.01034862
17,929.560913,ecb359eb6753b3b64a027f66d912892e_shot_001_000,ssim,mouth,0.47932529
17,929.560913,ecb359eb6753b3b64a027f66d912892e_shot_001_000,ssim,full,0.7801047
17,929.560913,ecb359eb6753b3b64a027f66d912892e_shot_001_000,lpips,mouth,0.3829124
17,929.560913,ecb359eb6753b3b64a027f66d912892e_shot_001_000,lpips,full,0.22714123
17,929.560913,ecb359eb6753b3b64a027f66d912892e_shot_001_000,sharpness,mouth,56.5729
17,929.560913,ecb359eb6753b3b64a027f66d912892e_shot_001_000,lmd,mouth,5.835883
17,929.560913,ecb359eb6753b3b64a027f66d912892e_shot_001_000,sync_d,mouth,6.801968
17,929.560913,ecb359eb6753b3b64a027f66d912892e_shot_001_000,sync_c,mouth,9.018737
18,923.515991,ecb359eb6753b3b64a027f66d912892e_shot_001_000,pixel_mse,mouth,0.04787033
18,923.515991,ecb359eb6753b3b64a027f66d912892e_shot_001_000,pixel_mse,full,0.01045098
18,923.515991,ecb359eb6753b3b64a027f66d912892e_shot_001_000,ssim,mouth,0.47561753
18,923.515991,ecb359eb6753b3b64a027f66d912892e_shot_001_000,ssim,full,0.77966279
18,923.515991,ecb359eb6753b3b64a027f66d912892e_shot_001_000,lpips,mouth,0.38136891
18,923.515991,ecb359eb6753b3b64a027f66d912892e_shot_001_000,lpips,full,0.22521481
18,923.515991,ecb359eb6753b3b64a027f66d912892e_shot_001_000,sharpness,mouth,56.4273
18,923.515991,ecb359eb6753b3b64a027f66d912892e_shot_001_000,lmd,mouth,5.717106
18,923.515991,ecb359eb6753b3b64a027f66d912892e_shot_001_000,sync_d,mouth,6.981856
18,923.515991,ecb359eb6753b3b64a027f66d912892e_shot_001_000,sync_c,mouth,8.732545
19,917.154785,ecb359eb6753b3b64a027f66d912892e_shot_001_000,pixel_mse,mouth,0.04856746
19,917.154785,ecb359eb6753b3b64a027f66d912892e_shot_001_000,pixel_mse,full,0.01051341
19,917.154785,ecb359eb6753b3b64a027f66d912892e_shot_001_000,ssim,mouth,0.47206625
19,917.154785,ecb359eb6753b3b64a027f66d912892e_shot_001_000,ssim,full,0.77899235
19,917.154785,ecb359eb6753b3b64a027f66d912892e_shot_001_000,lpips,mouth,0.38010368
19,917.154785,ecb359eb6753b3b64a027f66d912892e_shot_001_000,lpips,full,0.22401133
19,917.154785,ecb359eb6753b3b64a027f66d912892e_shot_001_000,sharpness,mouth,60.9049
19,917.154785,ecb359eb6753b3b64a027f66d912892e_shot_001_000,lmd,mouth,5.689285
19,917.154785,ecb359eb6753b3b64a027f66d912892e_shot_001_000,sync_d,mouth,7.151017
19,917.154785,ecb359eb6753b3b64a027f66d912892e_shot_001_000,sync_c,mouth,8.67071
20,910.451721,ecb359eb6753b3b64a027f66d912892e_shot_001_000,pixel_mse,mouth,0.04819934
20,910.451721,ecb359eb6753b3b64a027f66d912892e_shot_001_000,pixel_mse,full,0.01053586
20,910.451721,ecb359eb6753b3b64a027f66d912892e_shot_001_000,ssim,mouth,0.47208378
20,910.451721,ecb359eb6753b3b64a027f66d912892e_shot_001_000,ssim,full,0.77814835
20,910.451721,ecb359eb6753b3b64a027f66d912892e_shot_001_000,lpips,mouth,0.37718648
20,910.451721,ecb359eb6753b3b64a027f66d912892e_shot_001_000,lpips,full,0.22149764
20,910.451721,ecb359eb6753b3b64a027f66d912892e_shot_001_000,sharpness,mouth,62.2149
20,910.451721,ecb359eb6753b3b64a027f66d912892e_shot_001_000,lmd,mouth,5.775511
20,910.451721,ecb359eb6753b3b64a027f66d912892e_shot_001_000,sync_d,mouth,7.113698
20,910.451721,ecb359eb6753b3b64a027f66d912892e_shot_001_000,sync_c,mouth,8.646209
21,903.378723,ecb359eb6753b3b64a027f66d912892e_shot_001_000,pixel_mse,mouth,0.04786637
21,903.378723,ecb359eb6753b3b64a027f66d912892e_shot_001_000,pixel_mse,full,0.01058186
21,903.378723,ecb359eb6753b3b64a027f66d912892e_shot_001_000,ssim,mouth,0.47426522
21,903.378723,ecb359eb6753b3b64a027f66d912892e_shot_001_000,ssim,full,0.77720553
21,903.378723,ecb359eb6753b3b64a027f66d912892e_shot_001_000,lpips,mouth,0.37354305
21,903.378723,ecb359eb6753b3b64a027f66d912892e_shot_001_000,lpips,full,0.21988697
21,903.378723,ecb359eb6753b3b64a027f66d912892e_shot_001_000,sharpness,mouth,60.9993
21,903.378723,ecb359eb6753b3b64a027f66d912892e_shot_001_000,lmd,mouth,5.935446
21,903.378723,ecb359eb6753b3b64a027f66d912892e_shot_001_000,sync_d,mouth,7.304564
21,903.378723,ecb359eb6753b3b64a027f66d912892e_shot_001_000,sync_c,mouth,8.311094
22,895.903931,ecb359eb6753b3b64a027f66d912892e_shot_001_000,pixel_mse,mouth,0.04825189
22,895.903931,ecb359eb6753b3b64a027f66d912892e_shot_001_000,pixel_mse,full,0.01061086
22,895.903931,ecb359eb6753b3b64a027f66d912892e_shot_001_000,ssim,mouth,0.47115588
22,895.903931,ecb359eb6753b3b64a027f66d912892e_shot_001_000,ssim,full,0.77764529
22,895.903931,ecb359eb6753b3b64a027f66d912892e_shot_001_000,lpips,mouth,0.36866036
22,895.903931,ecb359eb6753b3b64a027f66d912892e_shot_001_000,lpips,full,0.21863271
22,895.903931,ecb359eb6753b3b64a027f66d912892e_shot_001_000,sharpness,mouth,56.9729
22,895.903931,ecb359eb6753b3b64a027f66d912892e_shot_001_000,lmd,mouth,5.937358
22,895.903931,ecb359eb6753b3b64a027f66d912892e_shot_001_000,sync_d,mouth,7.137751
22,895.903931,ecb359eb6753b3b64a027f66d912892e_shot_001_000,sync_c,mouth,8.433552
23,887.992493,ecb359eb6753b3b64a027f66d912892e_shot_001_000,pixel_mse,mouth,0.04934657
23,887.992493,ecb359eb6753b3b64a027f66d912892e_shot_001_000,pixel_mse,full,0.01072436
23,887.992493,ecb359eb6753b3b64a027f66d912892e_shot_001_000,ssim,mouth,0.46284476
23,887.992493,ecb359eb6753b3b64a027f66d912892e_shot_001_000,ssim,full,0.77639759
23,887.992493,ecb359eb6753b3b64a027f66d912892e_shot_001_000,lpips,mouth,0.36629334
23,887.992493,ecb359eb6753b3b64a027f66d912892e_shot_001_000,lpips,full,0.21769041
23,887.992493,ecb359eb6753b3b64a027f66d912892e_shot_001_000,sharpness,mouth,59.2271
23,887.992493,ecb359eb6753b3b64a027f66d912892e_shot_001_000,lmd,mouth,6.009204
23,887.992493,ecb359eb6753b3b64a027f66d912892e_shot_001_000,sync_d,mouth,7.020139
23,887.992493,ecb359eb6753b3b64a027f66d912892e_shot_001_000,sync_c,mouth,8.57159
24,879.604736,ecb359eb6753b3b64a027f66d912892e_shot_001_000,pixel_mse,mouth,0.04976402
24,879.604736,ecb359eb6753b3b64a027f66d912892e_shot_001_000,pixel_mse,full,0.01080623
24,879.604736,ecb359eb6753b3b64a027f66d912892e_shot_001_000,ssim,mouth,0.46087891
24,879.604736,ecb359eb6753b3b64a027f66d912892e_shot_001_000,ssim,full,0.77519935
24,879.604736,ecb359eb6753b3b64a027f66d912892e_shot_001_000,lpips,mouth,0.36535564
24,879.604736,ecb359eb6753b3b64a027f66d912892e_shot_001_000,lpips,full,0.2162215
24,879.604736,ecb359eb6753b3b64a027f66d912892e_shot_001_000,sharpness,mouth,59.6256
24,879.604736,ecb359eb6753b3b64a027f66d912892e_shot_001_000,lmd,mouth,6.037212
24,879.604736,ecb359eb6753b3b64a027f66d912892e_shot_001_000,sync_d,mouth,6.979317
24,879.604736,ecb359eb6753b3b64a027f66d912892e_shot_001_000,sync_c,mouth,8.817467
25,870.696350,ecb359eb6753b3b64a027f66d912892e_shot_001_000,pixel_mse,mouth,0.04999915
25,870.696350,ecb359eb6753b3b64a027f66d912892e_shot_001_000,pixel_mse,full,0.01083187
25,870.696350,ecb359eb6753b3b64a027f66d912892e_shot_001_000,ssim,mouth,0.45810446
25,870.696350,ecb359eb6753b3b64a027f66d912892e_shot_001_000,ssim,full,0.77430242
25,870.696350,ecb359eb6753b3b64a027f66d912892e_shot_001_000,lpips,mouth,0.3629584
25,870.696350,ecb359eb6753b3b64a027f66d912892e_shot_001_000,lpips,full,0.21538727
25,870.696350,ecb359eb6753b3b64a027f66d912892e_shot_001_000,sharpness,mouth,58.3386
25,870.696350,ecb359eb6753b3b64a027f66d912892e_shot_001_000,lmd,mouth,6.070641
25,870.696350,ecb359eb6753b3b64a027f66d912892e_shot_001_000,sync_d,mouth,7.07908
25,870.696350,ecb359eb6753b3b64a027f66d912892e_shot_001_000,sync_c,mouth,8.510398
26,861.217407,ecb359eb6753b3b64a027f66d912892e_shot_001_000,pixel_mse,mouth,0.05010159
26,861.217407,ecb359eb6753b3b64a027f66d912892e_shot_001_000,pixel_mse,full,0.01086393
26,861.217407,ecb359eb6753b3b64a027f66d912892e_shot_001_000,ssim,mouth,0.45752755
26,861.217407,ecb359eb6753b3b64a027f66d912892e_shot_001_000,ssim,full,0.77324647
26,861.217407,ecb359eb6753b3b64a027f66d912892e_shot_001_000,lpips,mouth,0.36532858
26,861.217407,ecb359eb6753b3b64a027f66d912892e_shot_001_000,lpips,full,0.21481092
26,861.217407,ecb359eb6753b3b64a027f66d912892e_shot_001_000,sharpness,mouth,59.4613
26,861.217407,ecb359eb6753b3b64a027f66d912892e_shot_001_000,lmd,mouth,6.042355
26,861.217407,ecb359eb6753b3b64a027f66d912892e_shot_001_000,sync_d,mouth,7.18136
26,861.217407,ecb359eb6753b3b64a027f66d912892e_shot_001_000,sync_c,mouth,8.374454
27,851.111145,ecb359eb6753b3b64a027f66d912892e_shot_001_000,pixel_mse,mouth,0.04994566
27,851.111145,ecb359eb6753b3b64a027f66d912892e_shot_001_000,pixel_mse,full,0.0108346
27,851.111145,ecb359eb6753b3b64a027f66d912892e_shot_001_000,ssim,mouth,0.45661974
27,851.111145,ecb359eb6753b3b64a027f66d912892e_shot_001_000,ssim,full,0.77376413
27,851.111145,ecb359eb6753b3b64a027f66d912892e_shot_001_000,lpips,mouth,0.36171582
27,851.111145,ecb359eb6753b3b64a027f66d912892e_shot_001_000,lpips,full,0.21448964
27,851.111145,ecb359eb6753b3b64a027f66d912892e_shot_001_000,sharpness,mouth,61.761
27,851.111145,ecb359eb6753b3b64a027f66d912892e_shot_001_000,lmd,mouth,6.042411
27,851.111145,ecb359eb6753b3b64a027f66d912892e_shot_001_000,sync_d,mouth,7.204984
27,851.111145,ecb359eb6753b3b64a027f66d912892e_shot_001_000,sync_c,mouth,8.230676
28,840.313232,ecb359eb6753b3b64a027f66d912892e_shot_001_000,pixel_mse,mouth,0.04948702
28,840.313232,ecb359eb6753b3b64a027f66d912892e_shot_001_000,pixel_mse,full,0.01082353
28,840.313232,ecb359eb6753b3b64a027f66d912892e_shot_001_000,ssim,mouth,0.45811647
28,840.313232,ecb359eb6753b3b64a027f66d912892e_shot_001_000,ssim,full,0.77343589
28,840.313232,ecb359eb6753b3b64a027f66d912892e_shot_001_000,lpips,mouth,0.36244366
28,840.313232,ecb359eb6753b3b64a027f66d912892e_shot_001_000,lpips,full,0.21389678
28,840.313232,ecb359eb6753b3b64a027f66d912892e_shot_001_000,sharpness,mouth,62.868
28,840.313232,ecb359eb6753b3b64a027f66d912892e_shot_001_000,lmd,mouth,6.068366
28,840.313232,ecb359eb6753b3b64a027f66d912892e_shot_001_000,sync_d,mouth,7.278935
28,840.313232,ecb359eb6753b3b64a027f66d912892e_shot_001_000,sync_c,mouth,8.160818
29,828.750244,ecb359eb6753b3b64a027f66d912892e_shot_001_000,pixel_mse,mouth,0.04971682
29,828.750244,ecb359eb6753b3b64a027f66d912892e_shot_001_000,pixel_mse,full,0.01085768
29,828.750244,ecb359eb6753b3b64a027f66d912892e_shot_001_000,ssim,mouth,0.45585641
29,828.750244,ecb359eb6753b3b64a027f66d912892e_shot_001_000,ssim,full,0.77319378
29,828.750244,ecb359eb6753b3b64a027f66d912892e_shot_001_000,lpips,mouth,0.36311907
29,828.750244,ecb359eb6753b3b64a027f66d912892e_shot_001_000,lpips,full,0.21318558
29,828.750244,ecb359eb6753b3b64a027f66d912892e_shot_001_000,sharpness,mouth,63.6524
29,828.750244,ecb359eb6753b3b64a027f66d912892e_shot_001_000,lmd,mouth,6.117713
29,828.750244,ecb359eb6753b3b64a027f66d912892e_shot_001_000,sync_d,mouth,7.183376
29,828.750244,ecb359eb6753b3b64a027f66d912892e_shot_001_000,sync_c,mouth,8.405113
30,816.337830,ecb359eb6753b3b64a027f66d912892e_shot_001_000,pixel_mse,mouth,0.04946634
30,816.337830,ecb359eb6753b3b64a027f66d912892e_shot_001_000,pixel_mse,full,0.01086735
30,816.337830,ecb359eb6753b3b64a027f66d912892e_shot_001_000,ssim,mouth,0.45803043
30,816.337830,ecb359eb6753b3b64a027f66d912892e_shot_001_000,ssim,full,0.77309
30,816.337830,ecb359eb6753b3b64a027f66d912892e_shot_001_000,lpips,mouth,0.36212865
30,816.337830,ecb359eb6753b3b64a027f66d912892e_shot_001_000,lpips,full,0.21307917
30,816.337830,ecb359eb6753b3b64a027f66d912892e_shot_001_000,sharpness,mouth,62.5602
30,816.337830,ecb359eb6753b3b64a027f66d912892e_shot_001_000,lmd,mouth,6.084957
30,816.337830,ecb359eb6753b3b64a027f66d912892e_shot_001_000,sync_d,mouth,7.326312
30,816.337830,ecb359eb6753b3b64a027f66d912892e_shot_001_000,sync_c,mouth,8.341554
31,802.978699,ecb359eb6753b3b64a027f66d912892e_shot_001_000,pixel_mse,mouth,0.05010705
31,802.978699,ecb359eb6753b3b64a027f66d912892e_shot_001_000,pixel_mse,full,0.01089888
31,802.978699,ecb359eb6753b3b64a027f66d912892e_shot_001_000,ssim,mouth,0.45315251
31,802.978699,ecb359eb6753b3b64a027f66d912892e_shot_001_000,ssim,full,0.77289635
31,802.978699,ecb359eb6753b3b64a027f66d912892e_shot_001_000,lpips,mouth,0.36239439
31,802.978699,ecb359eb6753b3b64a027f66d912892e_shot_001_000,lpips,full,0.21254711
31,802.978699,ecb359eb6753b3b64a027f66d912892e_shot_001_000,sharpness,mouth,63.6881
31,802.978699,ecb359eb6753b3b64a027f66d912892e_shot_001_000,lmd,mouth,6.019862
31,802.978699,ecb359eb6753b3b64a027f66d912892e_shot_001_000,sync_d,mouth,7.17921
31,802.978699,ecb359eb6753b3b64a027f66d912892e_shot_001_000,sync_c,mouth,8.523118
32,788.560242,ecb359eb6753b3b64a027f66d912892e_shot_001_000,pixel_mse,mouth,0.05036748
32,788.560242,ecb359eb6753b3b64a027f66d912892e_shot_001_000,pixel_mse,full,0.01092088
32,788.560242,ecb359eb6753b3b64a027f66d912892e_shot_001_000,ssim,mouth,0.45127788
32,788.560242,ecb359eb6753b3b64a027f66d912892e_shot_001_000,ssim,full,0.77239037
32,788.560242,ecb359eb6753b3b64a027f66d912892e_shot_001_000,lpips,mouth,0.36244294
32,788.560242,ecb359eb6753b3b64a027f66d912892e_shot_001_000,lpips,full,0.21215779
32,788.560242,ecb359eb6753b3b64a027f66d912892e_shot_001_000,sharpness,mouth,62.9518
32,788.560242,ecb359eb6753b3b64a027f66d912892e_shot_001_000,lmd,mouth,6.150289
32,788.560242,ecb359eb6753b3b64a027f66d912892e_shot_001_000,sync_d,mouth,7.221627
32,788.560242,ecb359eb6753b3b64a027f66d912892e_shot_001_000,sync_c,mouth,8.43972
33,772.951477,ecb359eb6753b3b64a027f66d912892e_shot_001_000,pixel_mse,mouth,0.05062215
33,772.951477,ecb359eb6753b3b64a027f66d912892e_shot_001_000,pixel_mse,full,0.01094385
33,772.951477,ecb359eb6753b3b64a027f66d912892e_shot_001_000,ssim,mouth,0.44856054
33,772.951477,ecb359eb6753b3b64a027f66d912892e_shot_001_000,ssim,full,0.7722643
33,772.951477,ecb359eb6753b3b64a027f66d912892e_shot_001_000,lpips,mouth,0.3630515
33,772.951477,ecb359eb6753b3b64a027f66d912892e_shot_001_000,lpips,full,0.21195786
33,772.951477,ecb359eb6753b3b64a027f66d912892e_shot_001_000,sharpness,mouth,66.1142
33,772.951477,ecb359eb6753b3b64a027f66d912892e_shot_001_000,lmd,mouth,6.195505
33,772.951477,ecb359eb6753b3b64a027f66d912892e_shot_001_000,sync_d,mouth,7.349471
33,772.951477,ecb359eb6753b3b64a027f66d912892e_shot_001_000,sync_c,mouth,8.303997
34,755.998352,ecb359eb6753b3b64a027f66d912892e_shot_001_000,pixel_mse,mouth,0.05088933
34,755.998352,ecb359eb6753b3b64a027f66d912892e_shot_001_000,pixel_mse,full,0.01099684
34,755.998352,ecb359eb6753b3b64a027f66d912892e_shot_001_000,ssim,mouth,0.4480969
34,755.998352,ecb359eb6753b3b64a027f66d912892e_shot_001_000,ssim,full,0.77172363
34,755.998352,ecb359eb6753b3b64a027f66d912892e_shot_001_000,lpips,mouth,0.3615118
34,755.998352,ecb359eb6753b3b64a027f66d912892e_shot_001_000,lpips,full,0.21202455
34,755.998352,ecb359eb6753b3b64a027f66d912892e_shot_001_000,sharpness,mouth,65.9132
34,755.998352,ecb359eb6753b3b64a027f66d912892e_shot_001_000,lmd,mouth,6.194119
34,755.998352,ecb359eb6753b3b64a027f66d912892e_shot_001_000,sync_d,mouth,7.16318
34,755.998352,ecb359eb6753b3b64a027f66d912892e_shot_001_000,sync_c,mouth,8.43792
35,737.519714,ecb359eb6753b3b64a027f66d912892e_shot_001_000,pixel_mse,mouth,0.05128422
35,737.519714,ecb359eb6753b3b64a027f66d912892e_shot_001_000,pixel_mse,full,0.01103855
35,737.519714,ecb359eb6753b3b64a027f66d912892e_shot_001_000,ssim,mouth,0.44589496
35,737.519714,ecb359eb6753b3b64a027f66d912892e_shot_001_000,ssim,full,0.77115989
35,737.519714,ecb359eb6753b3b64a027f66d912892e_shot_001_000,lpips,mouth,0.36426526
35,737.519714,ecb359eb6753b3b64a027f66d912892e_shot_001_000,lpips,full,0.21197526
35,737.519714,ecb359eb6753b3b64a027f66d912892e_shot_001_000,sharpness,mouth,66.6585
35,737.519714,ecb359eb6753b3b64a027f66d912892e_shot_001_000,lmd,mouth,6.289304
35,737.519714,ecb359eb6753b3b64a027f66d912892e_shot_001_000,sync_d,mouth,7.004392
35,737.519714,ecb359eb6753b3b64a027f66d912892e_shot_001_000,sync_c,mouth,8.656883
36,717.299683,ecb359eb6753b3b64a027f66d912892e_shot_001_000,pixel_mse,mouth,0.05102782
36,717.299683,ecb359eb6753b3b64a027f66d912892e_shot_001_000,pixel_mse,full,0.01102029
36,717.299683,ecb359eb6753b3b64a027f66d912892e_shot_001_000,ssim,mouth,0.44695851
36,717.299683,ecb359eb6753b3b64a027f66d912892e_shot_001_000,ssim,full,0.77122337
36,717.299683,ecb359eb6753b3b64a027f66d912892e_shot_001_000,lpips,mouth,0.36268458
36,717.299683,ecb359eb6753b3b64a027f66d912892e_shot_001_000,lpips,full,0.211439
36,717.299683,ecb359eb6753b3b64a027f66d912892e_shot_001_000,sharpness,mouth,67.9915
36,717.299683,ecb359eb6753b3b64a027f66d912892e_shot_001_000,lmd,mouth,6.32762
36,717.299683,ecb359eb6753b3b64a027f66d912892e_shot_001_000,sync_d,mouth,7.183695
36,717.299683,ecb359eb6753b3b64a027f66d912892e_shot_001_000,sync_c,mouth,8.437837
37,695.080139,ecb359eb6753b3b64a027f66d912892e_shot_001_000,pixel_mse,mouth,0.05124487
37,695.080139,ecb359eb6753b3b64a027f66d912892e_shot_001_000,pixel_mse,full,0.0110302
37,695.080139,ecb359eb6753b3b64a027f66d912892e_shot_001_000,ssim,mouth,0.44528928
37,695.080139,ecb359eb6753b3b64a027f66d912892e_shot_001_000,ssim,full,0.7713294
37,695.080139,ecb359eb6753b3b64a027f66d912892e_shot_001_000,lpips,mouth,0.36283764
37,695.080139,ecb359eb6753b3b64a027f66d912892e_shot_001_000,lpips,full,0.21098465
37,695.080139,ecb359eb6753b3b64a027f66d912892e_shot_001_000,sharpness,mouth,69.1933
37,695.080139,ecb359eb6753b3b64a027f66d912892e_shot_001_000,lmd,mouth,6.324809
37,695.080139,ecb359eb6753b3b64a027f66d912892e_shot_001_000,sync_d,mouth,7.137885
37,695.080139,ecb359eb6753b3b64a027f66d912892e_shot_001_000,sync_c,mouth,8.519961
38,670.548828,ecb359eb6753b3b64a027f66d912892e_shot_001_000,pixel_mse,mouth,0.05127072
38,670.548828,ecb359eb6753b3b64a027f66d912892e_shot_001_000,pixel_mse,full,0.01103023
38,670.548828,ecb359eb6753b3b64a027f66d912892e_shot_001_000,ssim,mouth,0.4448148
38,670.548828,ecb359eb6753b3b64a027f66d912892e_shot_001_000,ssim,full,0.7714591
38,670.548828,ecb359eb6753b3b64a027f66d912892e_shot_001_000,lpips,mouth,0.36322591
38,670.548828,ecb359eb6753b3b64a027f66d912892e_shot_001_000,lpips,full,0.21063527
38,670.548828,ecb359eb6753b3b64a027f66d912892e_shot_001_000,sharpness,mouth,69.4773
38,670.548828,ecb359eb6753b3b64a027f66d912892e_shot_001_000,lmd,mouth,6.377478
38,670.548828,ecb359eb6753b3b64a027f66d912892e_shot_001_000,sync_d,mouth,7.230168
38,670.548828,ecb359eb6753b3b64a027f66d912892e_shot_001_000,sync_c,mouth,8.333437
39,643.325317,ecb359eb6753b3b64a027f66d912892e_shot_001_000,pixel_mse,mouth,0.05143931
39,643.325317,ecb359eb6753b3b64a027f66d912892e_shot_001_000,pixel_mse,full,0.011036
39,643.325317,ecb359eb6753b3b64a027f66d912892e_shot_001_000,ssim,mouth,0.44310105
39,643.325317,ecb359eb6753b3b64a027f66d912892e_shot_001_000,ssim,full,0.77074534
39,643.325317,ecb359eb6753b3b64a027f66d912892e_shot_001_000,lpips,mouth,0.36443439
39,643.325317,ecb359eb6753b3b64a027f66d912892e_shot_001_000,lpips,full,0.21117571
39,643.325317,ecb359eb6753b3b64a027f66d912892e_shot_001_000,sharpness,mouth,69.7391
39,643.325317,ecb359eb6753b3b64a027f66d912892e_shot_001_000,lmd,mouth,6.394579
39,643.325317,ecb359eb6753b3b64a027f66d912892e_shot_001_000,sync_d,mouth,7.071942
39,643.325317,ecb359eb6753b3b64a027f66d912892e_shot_001_000,sync_c,mouth,8.468323
40,612.940735,ecb359eb6753b3b64a027f66d912892e_shot_001_000,pixel_mse,mouth,0.05147715
40,612.940735,ecb359eb6753b3b64a027f66d912892e_shot_001_000,pixel_mse,full,0.01102369
40,612.940735,ecb359eb6753b3b64a027f66d912892e_shot_001_000,ssim,mouth,0.4412168
40,612.940735,ecb359eb6753b3b64a027f66d912892e_shot_001_000,ssim,full,0.77061069
40,612.940735,ecb359eb6753b3b64a027f66d912892e_shot_001_000,lpips,mouth,0.36605313
40,612.940735,ecb359eb6753b3b64a027f66d912892e_shot_001_000,lpips,full,0.2114684
40,612.940735,ecb359eb6753b3b64a027f66d912892e_shot_001_000,sharpness,mouth,70.384
40,612.940735,ecb359eb6753b3b64a027f66d912892e_shot_001_000,lmd,mouth,6.426817
40,612.940735,ecb359eb6753b3b64a027f66d912892e_shot_001_000,sync_d,mouth,7.403764
40,612.940735,ecb359eb6753b3b64a027f66d912892e_shot_001_000,sync_c,mouth,8.133004
41,578.810425,ecb359eb6753b3b64a027f66d912892e_shot_001_000,pixel_mse,mouth,0.05165334
41,578.810425,ecb359eb6753b3b64a027f66d912892e_shot_001_000,pixel_mse,full,0.01104329
41,578.810425,ecb359eb6753b3b64a027f66d912892e_shot_001_000,ssim,mouth,0.43917918
41,578.810425,ecb359eb6753b3b64a027f66d912892e_shot_001_000,ssim,full,0.77042019
41,578.810425,ecb359eb6753b3b64a027f66d912892e_shot_001_000,lpips,mouth,0.36647528
41,578.810425,ecb359eb6753b3b64a027f66d912892e_shot_001_000,lpips,full,0.21096058
41,578.810425,ecb359eb6753b3b64a027f66d912892e_shot_001_000,sharpness,mouth,68.8982
41,578.810425,ecb359eb6753b3b64a027f66d912892e_shot_001_000,lmd,mouth,6.450897
41,578.810425,ecb359eb6753b3b64a027f66d912892e_shot_001_000,sync_d,mouth,7.152959
41,578.810425,ecb359eb6753b3b64a027f66d912892e_shot_001_000,sync_c,mouth,8.28334
42,540.196350,ecb359eb6753b3b64a027f66d912892e_shot_001_000,pixel_mse,mouth,0.05148451
42,540.196350,ecb359eb6753b3b64a027f66d912892e_shot_001_000,pixel_mse,full,0.0110279
42,540.196350,ecb359eb6753b3b64a027f66d912892e_shot_001_000,ssim,mouth,0.43844453
42,540.196350,ecb359eb6753b3b64a027f66d912892e_shot_001_000,ssim,full,0.77033031
42,540.196350,ecb359eb6753b3b64a027f66d912892e_shot_001_000,lpips,mouth,0.36595708
42,540.196350,ecb359eb6753b3b64a027f66d912892e_shot_001_000,lpips,full,0.21055453
42,540.196350,ecb359eb6753b3b64a027f66d912892e_shot_001_000,sharpness,mouth,66.6667
42,540.196350,ecb359eb6753b3b64a027f66d912892e_shot_001_000,lmd,mouth,6.487674
42,540.196350,ecb359eb6753b3b64a027f66d912892e_shot_001_000,sync_d,mouth,7.364645
42,540.196350,ecb359eb6753b3b64a027f66d912892e_shot_001_000,sync_c,mouth,8.024031
43,496.152893,ecb359eb6753b3b64a027f66d912892e_shot_001_000,pixel_mse,mouth,0.05149544
43,496.152893,ecb359eb6753b3b64a027f66d912892e_shot_001_000,pixel_mse,full,0.01102731
43,496.152893,ecb359eb6753b3b64a027f66d912892e_shot_001_000,ssim,mouth,0.43738168
43,496.152893,ecb359eb6753b3b64a027f66d912892e_shot_001_000,ssim,full,0.77039564
43,496.152893,ecb359eb6753b3b64a027f66d912892e_shot_001_000,lpips,mouth,0.36675262
43,496.152893,ecb359eb6753b3b64a027f66d912892e_shot_001_000,lpips,full,0.21047105
43,496.152893,ecb359eb6753b3b64a027f66d912892e_shot_001_000,sharpness,mouth,67.5775
43,496.152893,ecb359eb6753b3b64a027f66d912892e_shot_001_000,lmd,mouth,6.44315
43,496.152893,ecb359eb6753b3b64a027f66d912892e_shot_001_000,sync_d,mouth,7.063704
43,496.152893,ecb359eb6753b3b64a027f66d912892e_shot_001_000,sync_c,mouth,8.276231
44,445.448151,ecb359eb6753b3b64a027f66d912892e_shot_001_000,pixel_mse,mouth,0.05147357
44,445.448151,ecb359eb6753b3b64a027f66d912892e_shot_001_000,pixel_mse,full,0.01103245
44,445.448151,ecb359eb6753b3b64a027f66d912892e_shot_001_000,ssim,mouth,0.4369863
44,445.448151,ecb359eb6753b3b64a027f66d912892e_shot_001_000,ssim,full,0.76983023
44,445.448151,ecb359eb6753b3b64a027f66d912892e_shot_001_000,lpips,mouth,0.36691231
44,445.448151,ecb359eb6753b3b64a027f66d912892e_shot_001_000,lpips,full,0.21051273
44,445.448151,ecb359eb6753b3b64a027f66d912892e_shot_001_000,sharpness,mouth,67.6409
44,445.448151,ecb359eb6753b3b64a027f66d912892e_shot_001_000,lmd,mouth,6.573163
44,445.448151,ecb359eb6753b3b64a027f66d912892e_shot_001_000,sync_d,mouth,7.222194
44,445.448151,ecb359eb6753b3b64a027f66d912892e_shot_001_000,sync_c,mouth,8.079338
45,386.447418,ecb359eb6753b3b64a027f66d912892e_shot_001_000,pixel_mse,mouth,0.05142113
45,386.447418,ecb359eb6753b3b64a027f66d912892e_shot_001_000,pixel_mse,full,0.0110305
45,386.447418,ecb359eb6753b3b64a027f66d912892e_shot_001_000,ssim,mouth,0.43632749
45,386.447418,ecb359eb6753b3b64a027f66d912892e_shot_001_000,ssim,full,0.77011746
45,386.447418,ecb359eb6753b3b64a027f66d912892e_shot_001_000,lpips,mouth,0.36717185
45,386.447418,ecb359eb6753b3b64a027f66d912892e_shot_001_000,lpips,full,0.21012384
45,386.447418,ecb359eb6753b3b64a027f66d912892e_shot_001_000,sharpness,mouth,68.1357
45,386.447418,ecb359eb6753b3b64a027f66d912892e_shot_001_000,lmd,mouth,6.437426
45,386.447418,ecb359eb6753b3b64a027f66d912892e_shot_001_000,sync_d,mouth,7.247689
45,386.447418,ecb359eb6753b3b64a027f66d912892e_shot_001_000,sync_c,mouth,8.046606
46,316.933258,ecb359eb6753b3b64a027f66d912892e_shot_001_000,pixel_mse,mouth,0.05152746
46,316.933258,ecb359eb6753b3b64a027f66d912892e_shot_001_000,pixel_mse,full,0.01103149
46,316.933258,ecb359eb6753b3b64a027f66d912892e_shot_001_000,ssim,mouth,0.43515763
46,316.933258,ecb359eb6753b3b64a027f66d912892e_shot_001_000,ssim,full,0.76989925
46,316.933258,ecb359eb6753b3b64a027f66d912892e_shot_001_000,lpips,mouth,0.36638343
46,316.933258,ecb359eb6753b3b64a027f66d912892e_shot_001_000,lpips,full,0.20973465
46,316.933258,ecb359eb6753b3b64a027f66d912892e_shot_001_000,sharpness,mouth,68.5423
46,316.933258,ecb359eb6753b3b64a027f66d912892e_shot_001_000,lmd,mouth,6.447567
46,316.933258,ecb359eb6753b3b64a027f66d912892e_shot_001_000,sync_d,mouth,7.221642
46,316.933258,ecb359eb6753b3b64a027f66d912892e_shot_001_000,sync_c,mouth,8.099077
47,233.820694,ecb359eb6753b3b64a027f66d912892e_shot_001_000,pixel_mse,mouth,0.05147578
47,233.820694,ecb359eb6753b3b64a027f66d912892e_shot_001_000,pixel_mse,full,0.0110269
47,233.820694,ecb359eb6753b3b64a027f66d912892e_shot_001_000,ssim,mouth,0.43427658
47,233.820694,ecb359eb6753b3b64a027f66d912892e_shot_001_000,ssim,full,0.76997668
47,233.820694,ecb359eb6753b3b64a027f66d912892e_shot_001_000,lpips,mouth,0.36610597
47,233.820694,ecb359eb6753b3b64a027f66d912892e_shot_001_000,lpips,full,0.20942563
47,233.820694,ecb359eb6753b3b64a027f66d912892e_shot_001_000,sharpness,mouth,69.0684
47,233.820694,ecb359eb6753b3b64a027f66d912892e_shot_001_000,lmd,mouth,6.433664
47,233.820694,ecb359eb6753b3b64a027f66d912892e_shot_001_000,sync_d,mouth,7.279958
47,233.820694,ecb359eb6753b3b64a027f66d912892e_shot_001_000,sync_c,mouth,7.998194
48,132.687027,ecb359eb6753b3b64a027f66d912892e_shot_001_000,pixel_mse,mouth,0.05152895
48,132.687027,ecb359eb6753b3b64a027f66d912892e_shot_001_000,pixel_mse,full,0.01103369
48,132.687027,ecb359eb6753b3b64a027f66d912892e_shot_001_000,ssim,mouth,0.43324408
48,132.687027,ecb359eb6753b3b64a027f66d912892e_shot_001_000,ssim,full,0.77007735
48,132.687027,ecb359eb6753b3b64a027f66d912892e_shot_001_000,lpips,mouth,0.36562183
48,132.687027,ecb359eb6753b3b64a027f66d912892e_shot_001_000,lpips,full,0.20882213
48,132.687027,ecb359eb6753b3b64a027f66d912892e_shot_001_000,sharpness,mouth,68.8717
48,132.687027,ecb359eb6753b3b64a027f66d912892e_shot_001_000,lmd,mouth,6.480236
48,132.687027,ecb359eb6753b3b64a027f66d912892e_shot_001_000,sync_d,mouth,7.445499
48,132.687027,ecb359eb6753b3b64a027f66d912892e_shot_001_000,sync_c,mouth,7.758458
49,6.958251,ecb359eb6753b3b64a027f66d912892e_shot_001_000,pixel_mse,mouth,0.05154194
49,6.958251,ecb359eb6753b3b64a027f66d912892e_shot_001_000,pixel_mse,full,0.01103245
49,6.958251,ecb359eb6753b3b64a027f66d912892e_shot_001_000,ssim,mouth,0.43307981
49,6.958251,ecb359eb6753b3b64a027f66d912892e_shot_001_000,ssim,full,0.77087319
49,6.958251,ecb359eb6753b3b64a027f66d912892e_shot_001_000,lpips,mouth,0.36525247
49,6.958251,ecb359eb6753b3b64a027f66d912892e_shot_001_000,lpips,full,0.20791337
49,6.958251,ecb359eb6753b3b64a027f66d912892e_shot_001_000,sharpness,mouth,68.9186
49,6.958251,ecb359eb6753b3b64a027f66d912892e_shot_001_000,lmd,mouth,6.417005
49,6.958251,ecb359eb6753b3b64a027f66d912892e_shot_001_000,sync_d,mouth,7.436926
49,6.958251,ecb359eb6753b3b64a027f66d912892e_shot_001_000,sync_c,mouth,7.68557
