step,t,sample,metric,region,value
-1,gt,17ef723a912e46713e84fc2b7dd74e23_shot_001_000,sharpness,mouth,12.8889
-1,gt,17ef723a912e46713e84fc2b7dd74e23_shot_001_000,sync_d,mouth,6.164442
-1,gt,17ef723a912e46713e84fc2b7dd74e23_shot_001_000,sync_c,mouth,7.671010
0,0.999000,17ef723a912e46713e84fc2b7dd74e23_shot_001_000,pixel_mse,mouth,0.00155557
0,0.999000,17ef723a912e46713e84fc2b7dd74e23_shot_001_000,pixel_mse,upper_face,0.00014486
0,0.999000,17ef723a912e46713e84fc2b7dd74e23_shot_001_000,pixel_mse,full,0.00071902
0,0.999000,17ef723a912e46713e84fc2b7dd74e23_shot_001_000,ssim,mouth,0.90555298
0,0.999000,17ef723a912e46713e84fc2b7dd74e23_shot_001_000,ssim,upper_face,0.96819407
0,0.999000,17ef723a912e46713e84fc2b7dd74e23_shot_001_000,ssim,full,0.94269931
0,0.999000,17ef723a912e46713e84fc2b7dd74e23_shot_001_000,lpips,mouth,0.11807424
0,0.999000,17ef723a912e46713e84fc2b7dd74e23_shot_001_000,lpips,full,0.07456060
0,0.999000,17ef723a912e46713e84fc2b7dd74e23_shot_001_000,sharpness,mouth,13.0124
0,0.999000,17ef723a912e46713e84fc2b7dd74e23_shot_001_000,lmd,mouth,2.918379
0,0.999000,17ef723a912e46713e84fc2b7dd74e23_shot_001_000,sync_d,mouth,6.200637
0,0.999000,17ef723a912e46713e84fc2b7dd74e23_shot_001_000,sync_c,mouth,7.575634
1,0.995732,17ef723a912e46713e84fc2b7dd74e23_shot_001_000,pixel_mse,mouth,0.00155369
1,0.995732,17ef723a912e46713e84fc2b7dd74e23_shot_001_000,pixel_mse,upper_face,0.00014255
1,0.995732,17ef723a912e46713e84fc2b7dd74e23_shot_001_000,pixel_mse,full,0.00071688
1,0.995732,17ef723a912e46713e84fc2b7dd74e23_shot_001_000,ssim,mouth,0.90613317
1,0.995732,17ef723a912e46713e84fc2b7dd74e23_shot_001_000,ssim,upper_face,0.96875924
1,0.995732,17ef723a912e46713e84fc2b7dd74e23_shot_001_000,ssim,full,0.94327056
1,0.995732,17ef723a912e46713e84fc2b7dd74e23_shot_001_000,lpips,mouth,0.11723318
1,0.995732,17ef723a912e46713e84fc2b7dd74e23_shot_001_000,lpips,full,0.07417758
1,0.995732,17ef723a912e46713e84fc2b7dd74e23_shot_001_000,sharpness,mouth,13.0273
1,0.995732,17ef723a912e46713e84fc2b7dd74e23_shot_001_000,lmd,mouth,2.896064
1,0.995732,17ef723a912e46713e84fc2b7dd74e23_shot_001_000,sync_d,mouth,6.200140
1,0.995732,17ef723a912e46713e84fc2b7dd74e23_shot_001_000,sync_c,mouth,7.567519
2,0.991530,17ef723a912e46713e84fc2b7dd74e23_shot_001_000,pixel_mse,mouth,0.00149913
2,0.991530,17ef723a912e46713e84fc2b7dd74e23_shot_001_000,pixel_mse,upper_face,0.00013654
2,0.991530,17ef723a912e46713e84fc2b7dd74e23_shot_001_000,pixel_mse,full,0.00069111
2,0.991530,17ef723a912e46713e84fc2b7dd74e23_shot_001_000,ssim,mouth,0.90745223
2,0.991530,17ef723a912e46713e84fc2b7dd74e23_shot_001_000,ssim,upper_face,0.96975803
2,0.991530,17ef723a912e46713e84fc2b7dd74e23_shot_001_000,ssim,full,0.94439971
2,0.991530,17ef723a912e46713e84fc2b7dd74e23_shot_001_000,lpips,mouth,0.11482237
2,0.991530,17ef723a912e46713e84fc2b7dd74e23_shot_001_000,lpips,full,0.07241571
2,0.991530,17ef723a912e46713e84fc2b7dd74e23_shot_001_000,sharpness,mouth,13.2125
2,0.991530,17ef723a912e46713e84fc2b7dd74e23_shot_001_000,lmd,mouth,2.811885
2,0.991530,17ef723a912e46713e84fc2b7dd74e23_shot_001_000,sync_d,mouth,6.130989
2,0.991530,17ef723a912e46713e84fc2b7dd74e23_shot_001_000,sync_c,mouth,7.715377
3,0.987187,17ef723a912e46713e84fc2b7dd74e23_shot_001_000,pixel_mse,mouth,0.00147794
3,0.987187,17ef723a912e46713e84fc2b7dd74e23_shot_001_000,pixel_mse,upper_face,0.00012794
3,0.987187,17ef723a912e46713e84fc2b7dd74e23_shot_001_000,pixel_mse,full,0.00067739
3,0.987187,17ef723a912e46713e84fc2b7dd74e23_shot_001_000,ssim,mouth,0.90796536
3,0.987187,17ef723a912e46713e84fc2b7dd74e23_shot_001_000,ssim,upper_face,0.97036469
3,0.987187,17ef723a912e46713e84fc2b7dd74e23_shot_001_000,ssim,full,0.94496834
3,0.987187,17ef723a912e46713e84fc2b7dd74e23_shot_001_000,lpips,mouth,0.11257937
3,0.987187,17ef723a912e46713e84fc2b7dd74e23_shot_001_000,lpips,full,0.07055946
3,0.987187,17ef723a912e46713e84fc2b7dd74e23_shot_001_000,sharpness,mouth,13.5522
3,0.987187,17ef723a912e46713e84fc2b7dd74e23_shot_001_000,lmd,mouth,2.750071
3,0.987187,17ef723a912e46713e84fc2b7dd74e23_shot_001_000,sync_d,mouth,6.068520
3,0.987187,17ef723a912e46713e84fc2b7dd74e23_shot_001_000,sync_c,mouth,7.761830
4,0.982696,17ef723a912e46713e84fc2b7dd74e23_shot_001_000,pixel_mse,mouth,0.00150602
4,0.982696,17ef723a912e46713e84fc2b7dd74e23_shot_001_000,pixel_mse,upper_face,0.00011921
4,0.982696,17ef723a912e46713e84fc2b7dd74e23_shot_001_000,pixel_mse,full,0.00068364
4,0.982696,17ef723a912e46713e84fc2b7dd74e23_shot_001_000,ssim,mouth,0.90700585
4,0.982696,17ef723a912e46713e84fc2b7dd74e23_shot_001_000,ssim,upper_face,0.97061259
4,0.982696,17ef723a912e46713e84fc2b7dd74e23_shot_001_000,ssim,full,0.94472474
4,0.982696,17ef723a912e46713e84fc2b7dd74e23_shot_001_000,lpips,mouth,0.11055045
4,0.982696,17ef723a912e46713e84fc2b7dd74e23_shot_001_000,lpips,full,0.06924534
4,0.982696,17ef723a912e46713e84fc2b7dd74e23_shot_001_000,sharpness,mouth,14.0072
4,0.982696,17ef723a912e46713e84fc2b7dd74e23_shot_001_000,lmd,mouth,2.776474
4,0.982696,17ef723a912e46713e84fc2b7dd74e23_shot_001_000,sync_d,mouth,6.037450
4,0.982696,17ef723a912e46713e84fc2b7dd74e23_shot_001_000,sync_c,mouth,7.844220
5,0.978048,17ef723a912e46713e84fc2b7dd74e23_shot_001_000,pixel_mse,mouth,0.00156327
5,0.978048,17ef723a912e46713e84fc2b7dd74e23_shot_001_000,pixel_mse,upper_face,0.00011357
5,0.978048,17ef723a912e46713e84fc2b7dd74e23_shot_001_000,pixel_mse,full,0.00070360
5,0.978048,17ef723a912e46713e84fc2b7dd74e23_shot_001_000,ssim,mouth,0.90590000
5,0.978048,17ef723a912e46713e84fc2b7dd74e23_shot_001_000,ssim,upper_face,0.97090751
5,0.978048,17ef723a912e46713e84fc2b7dd74e23_shot_001_000,ssim,full,0.94444960
5,0.978048,17ef723a912e46713e84fc2b7dd74e23_shot_001_000,lpips,mouth,0.10913542
5,0.978048,17ef723a912e46713e84fc2b7dd74e23_shot_001_000,lpips,full,0.06804698
5,0.978048,17ef723a912e46713e84fc2b7dd74e23_shot_001_000,sharpness,mouth,14.0094
5,0.978048,17ef723a912e46713e84fc2b7dd74e23_shot_001_000,lmd,mouth,2.786593
5,0.978048,17ef723a912e46713e84fc2b7dd74e23_shot_001_000,sync_d,mouth,6.091986
5,0.978048,17ef723a912e46713e84fc2b7dd74e23_shot_001_000,sync_c,mouth,7.792337
6,0.973236,17ef723a912e46713e84fc2b7dd74e23_shot_001_000,pixel_mse,mouth,0.00168723
6,0.973236,17ef723a912e46713e84fc2b7dd74e23_shot_001_000,pixel_mse,upper_face,0.00011058
6,0.973236,17ef723a912e46713e84fc2b7dd74e23_shot_001_000,pixel_mse,full,0.00075227
6,0.973236,17ef723a912e46713e84fc2b7dd74e23_shot_001_000,ssim,mouth,0.90370816
6,0.973236,17ef723a912e46713e84fc2b7dd74e23_shot_001_000,ssim,upper_face,0.97140098
6,0.973236,17ef723a912e46713e84fc2b7dd74e23_shot_001_000,ssim,full,0.94385004
6,0.973236,17ef723a912e46713e84fc2b7dd74e23_shot_001_000,lpips,mouth,0.10780440
6,0.973236,17ef723a912e46713e84fc2b7dd74e23_shot_001_000,lpips,full,0.06702019
6,0.973236,17ef723a912e46713e84fc2b7dd74e23_shot_001_000,sharpness,mouth,14.3667
6,0.973236,17ef723a912e46713e84fc2b7dd74e23_shot_001_000,lmd,mouth,2.958425
6,0.973236,17ef723a912e46713e84fc2b7dd74e23_shot_001_000,sync_d,mouth,5.951247
6,0.973236,17ef723a912e46713e84fc2b7dd74e23_shot_001_000,sync_c,mouth,7.867348
7,0.968250,17ef723a912e46713e84fc2b7dd74e23_shot_001_000,pixel_mse,mouth,0.00183734
7,0.968250,17ef723a912e46713e84fc2b7dd74e23_shot_001_000,pixel_mse,upper_face,0.00010833
7,0.968250,17ef723a912e46713e84fc2b7dd74e23_shot_001_000,pixel_mse,full,0.00081203
7,0.968250,17ef723a912e46713e84fc2b7dd74e23_shot_001_000,ssim,mouth,0.90080893
7,0.968250,17ef723a912e46713e84fc2b7dd74e23_shot_001_000,ssim,upper_face,0.97181898
7,0.968250,17ef723a912e46713e84fc2b7dd74e23_shot_001_000,ssim,full,0.94291800
7,0.968250,17ef723a912e46713e84fc2b7dd74e23_shot_001_000,lpips,mouth,0.10752191
7,0.968250,17ef723a912e46713e84fc2b7dd74e23_shot_001_000,lpips,full,0.06698565
7,0.968250,17ef723a912e46713e84fc2b7dd74e23_shot_001_000,sharpness,mouth,14.6531
7,0.968250,17ef723a912e46713e84fc2b7dd74e23_shot_001_000,lmd,mouth,3.163946
7,0.968250,17ef723a912e46713e84fc2b7dd74e23_shot_001_000,sync_d,mouth,5.967860
7,0.968250,17ef723a912e46713e84fc2b7dd74e23_shot_001_000,sync_c,mouth,7.914445
8,0.963082,17ef723a912e46713e84fc2b7dd74e23_shot_001_000,pixel_mse,mouth,0.00198839
8,0.963082,17ef723a912e46713e84fc2b7dd74e23_shot_001_000,pixel_mse,upper_face,0.00010522
8,0.963082,17ef723a912e46713e84fc2b7dd74e23_shot_001_000,pixel_mse,full,0.00087166
8,0.963082,17ef723a912e46713e84fc2b7dd74e23_shot_001_000,ssim,mouth,0.89795876
8,0.963082,17ef723a912e46713e84fc2b7dd74e23_shot_001_000,ssim,upper_face,0.97179264
8,0.963082,17ef723a912e46713e84fc2b7dd74e23_shot_001_000,ssim,full,0.94174230
8,0.963082,17ef723a912e46713e84fc2b7dd74e23_shot_001_000,lpips,mouth,0.10712092
8,0.963082,17ef723a912e46713e84fc2b7dd74e23_shot_001_000,lpips,full,0.06639440
8,0.963082,17ef723a912e46713e84fc2b7dd74e23_shot_001_000,sharpness,mouth,14.9159
8,0.963082,17ef723a912e46713e84fc2b7dd74e23_shot_001_000,lmd,mouth,3.453345
8,0.963082,17ef723a912e46713e84fc2b7dd74e23_shot_001_000,sync_d,mouth,5.966186
8,0.963082,17ef723a912e46713e84fc2b7dd74e23_shot_001_000,sync_c,mouth,7.814971
9,0.957720,17ef723a912e46713e84fc2b7dd74e23_shot_001_000,pixel_mse,mouth,0.00215295
9,0.957720,17ef723a912e46713e84fc2b7dd74e23_shot_001_000,pixel_mse,upper_face,0.00010089
9,0.957720,17ef723a912e46713e84fc2b7dd74e23_shot_001_000,pixel_mse,full,0.00093608
9,0.957720,17ef723a912e46713e84fc2b7dd74e23_shot_001_000,ssim,mouth,0.89523870
9,0.957720,17ef723a912e46713e84fc2b7dd74e23_shot_001_000,ssim,upper_face,0.97213650
9,0.957720,17ef723a912e46713e84fc2b7dd74e23_shot_001_000,ssim,full,0.94083929
9,0.957720,17ef723a912e46713e84fc2b7dd74e23_shot_001_000,lpips,mouth,0.10765281
9,0.957720,17ef723a912e46713e84fc2b7dd74e23_shot_001_000,lpips,full,0.06656782
9,0.957720,17ef723a912e46713e84fc2b7dd74e23_shot_001_000,sharpness,mouth,15.0352
9,0.957720,17ef723a912e46713e84fc2b7dd74e23_shot_001_000,lmd,mouth,3.634720
9,0.957720,17ef723a912e46713e84fc2b7dd74e23_shot_001_000,sync_d,mouth,6.055600
9,0.957720,17ef723a912e46713e84fc2b7dd74e23_shot_001_000,sync_c,mouth,7.812861
10,0.952154,17ef723a912e46713e84fc2b7dd74e23_shot_001_000,pixel_mse,mouth,0.00229598
10,0.952154,17ef723a912e46713e84fc2b7dd74e23_shot_001_000,pixel_mse,upper_face,0.00009920
10,0.952154,17ef723a912e46713e84fc2b7dd74e23_shot_001_000,pixel_mse,full,0.00099328
10,0.952154,17ef723a912e46713e84fc2b7dd74e23_shot_001_000,ssim,mouth,0.89299697
10,0.952154,17ef723a912e46713e84fc2b7dd74e23_shot_001_000,ssim,upper_face,0.97230738
10,0.952154,17ef723a912e46713e84fc2b7dd74e23_shot_001_000,ssim,full,0.94002813
10,0.952154,17ef723a912e46713e84fc2b7dd74e23_shot_001_000,lpips,mouth,0.10708524
10,0.952154,17ef723a912e46713e84fc2b7dd74e23_shot_001_000,lpips,full,0.06634980
10,0.952154,17ef723a912e46713e84fc2b7dd74e23_shot_001_000,sharpness,mouth,15.2531
10,0.952154,17ef723a912e46713e84fc2b7dd74e23_shot_001_000,lmd,mouth,3.945262
10,0.952154,17ef723a912e46713e84fc2b7dd74e23_shot_001_000,sync_d,mouth,6.104590
10,0.952154,17ef723a912e46713e84fc2b7dd74e23_shot_001_000,sync_c,mouth,7.771386
11,0.946372,17ef723a912e46713e84fc2b7dd74e23_shot_001_000,pixel_mse,mouth,0.00243822
11,0.946372,17ef723a912e46713e84fc2b7dd74e23_shot_001_000,pixel_mse,upper_face,0.00009603
11,0.946372,17ef723a912e46713e84fc2b7dd74e23_shot_001_000,pixel_mse,full,0.00104929
11,0.946372,17ef723a912e46713e84fc2b7dd74e23_shot_001_000,ssim,mouth,0.89114815
11,0.946372,17ef723a912e46713e84fc2b7dd74e23_shot_001_000,ssim,upper_face,0.97249007
11,0.946372,17ef723a912e46713e84fc2b7dd74e23_shot_001_000,ssim,full,0.93938410
11,0.946372,17ef723a912e46713e84fc2b7dd74e23_shot_001_000,lpips,mouth,0.10691933
11,0.946372,17ef723a912e46713e84fc2b7dd74e23_shot_001_000,lpips,full,0.06603414
11,0.946372,17ef723a912e46713e84fc2b7dd74e23_shot_001_000,sharpness,mouth,15.4367
11,0.946372,17ef723a912e46713e84fc2b7dd74e23_shot_001_000,lmd,mouth,4.165880
11,0.946372,17ef723a912e46713e84fc2b7dd74e23_shot_001_000,sync_d,mouth,6.004057
11,0.946372,17ef723a912e46713e84fc2b7dd74e23_shot_001_000,sync_c,mouth,7.912765
12,0.940361,17ef723a912e46713e84fc2b7dd74e23_shot_001_000,pixel_mse,mouth,0.00259325
12,0.940361,17ef723a912e46713e84fc2b7dd74e23_shot_001_000,pixel_mse,upper_face,0.00009567
12,0.940361,17ef723a912e46713e84fc2b7dd74e23_shot_001_000,pixel_mse,full,0.00111218
12,0.940361,17ef723a912e46713e84fc2b7dd74e23_shot_001_000,ssim,mouth,0.88923365
12,0.940361,17ef723a912e46713e84fc2b7dd74e23_shot_001_000,ssim,upper_face,0.97260630
12,0.940361,17ef723a912e46713e84fc2b7dd74e23_shot_001_000,ssim,full,0.93867391
12,0.940361,17ef723a912e46713e84fc2b7dd74e23_shot_001_000,lpips,mouth,0.10696655
12,0.940361,17ef723a912e46713e84fc2b7dd74e23_shot_001_000,lpips,full,0.06604993
12,0.940361,17ef723a912e46713e84fc2b7dd74e23_shot_001_000,sharpness,mouth,15.5733
12,0.940361,17ef723a912e46713e84fc2b7dd74e23_shot_001_000,lmd,mouth,4.377952
12,0.940361,17ef723a912e46713e84fc2b7dd74e23_shot_001_000,sync_d,mouth,6.045681
12,0.940361,17ef723a912e46713e84fc2b7dd74e23_shot_001_000,sync_c,mouth,7.882721
13,0.934107,17ef723a912e46713e84fc2b7dd74e23_shot_001_000,pixel_mse,mouth,0.00273732
13,0.934107,17ef723a912e46713e84fc2b7dd74e23_shot_001_000,pixel_mse,upper_face,0.00009376
13,0.934107,17ef723a912e46713e84fc2b7dd74e23_shot_001_000,pixel_mse,full,0.00116969
13,0.934107,17ef723a912e46713e84fc2b7dd74e23_shot_001_000,ssim,mouth,0.88751596
13,0.934107,17ef723a912e46713e84fc2b7dd74e23_shot_001_000,ssim,upper_face,0.97283363
13,0.934107,17ef723a912e46713e84fc2b7dd74e23_shot_001_000,ssim,full,0.93810940
13,0.934107,17ef723a912e46713e84fc2b7dd74e23_shot_001_000,lpips,mouth,0.10692180
13,0.934107,17ef723a912e46713e84fc2b7dd74e23_shot_001_000,lpips,full,0.06596947
13,0.934107,17ef723a912e46713e84fc2b7dd74e23_shot_001_000,sharpness,mouth,15.6715
13,0.934107,17ef723a912e46713e84fc2b7dd74e23_shot_001_000,lmd,mouth,4.761034
13,0.934107,17ef723a912e46713e84fc2b7dd74e23_shot_001_000,sync_d,mouth,6.065678
13,0.934107,17ef723a912e46713e84fc2b7dd74e23_shot_001_000,sync_c,mouth,7.818848
14,0.927596,17ef723a912e46713e84fc2b7dd74e23_shot_001_000,pixel_mse,mouth,0.00286743
14,0.927596,17ef723a912e46713e84fc2b7dd74e23_shot_001_000,pixel_mse,upper_face,0.00009071
14,0.927596,17ef723a912e46713e84fc2b7dd74e23_shot_001_000,pixel_mse,full,0.00122083
14,0.927596,17ef723a912e46713e84fc2b7dd74e23_shot_001_000,ssim,mouth,0.88614279
14,0.927596,17ef723a912e46713e84fc2b7dd74e23_shot_001_000,ssim,upper_face,0.97304261
14,0.927596,17ef723a912e46713e84fc2b7dd74e23_shot_001_000,ssim,full,0.93767452
14,0.927596,17ef723a912e46713e84fc2b7dd74e23_shot_001_000,lpips,mouth,0.10640492
14,0.927596,17ef723a912e46713e84fc2b7dd74e23_shot_001_000,lpips,full,0.06566504
14,0.927596,17ef723a912e46713e84fc2b7dd74e23_shot_001_000,sharpness,mouth,15.7741
14,0.927596,17ef723a912e46713e84fc2b7dd74e23_shot_001_000,lmd,mouth,4.828614
14,0.927596,17ef723a912e46713e84fc2b7dd74e23_shot_001_000,sync_d,mouth,6.165997
14,0.927596,17ef723a912e46713e84fc2b7dd74e23_shot_001_000,sync_c,mouth,7.790500
15,0.920810,17ef723a912e46713e84fc2b7dd74e23_shot_001_000,pixel_mse,mouth,0.00303323
15,0.920810,17ef723a912e46713e84fc2b7dd74e23_shot_001_000,pixel_mse,upper_face,0.00008906
15,0.920810,17ef723a912e46713e84fc2b7dd74e23_shot_001_000,pixel_mse,full,0.00128733
15,0.920810,17ef723a912e46713e84fc2b7dd74e23_shot_001_000,ssim,mouth,0.88454711
15,0.920810,17ef723a912e46713e84fc2b7dd74e23_shot_001_000,ssim,upper_face,0.97312701
15,0.920810,17ef723a912e46713e84fc2b7dd74e23_shot_001_000,ssim,full,0.93707520
15,0.920810,17ef723a912e46713e84fc2b7dd74e23_shot_001_000,lpips,mouth,0.10665286
15,0.920810,17ef723a912e46713e84fc2b7dd74e23_shot_001_000,lpips,full,0.06574155
15,0.920810,17ef723a912e46713e84fc2b7dd74e23_shot_001_000,sharpness,mouth,15.7527
15,0.920810,17ef723a912e46713e84fc2b7dd74e23_shot_001_000,lmd,mouth,5.079087
15,0.920810,17ef723a912e46713e84fc2b7dd74e23_shot_001_000,sync_d,mouth,6.164921
15,0.920810,17ef723a912e46713e84fc2b7dd74e23_shot_001_000,sync_c,mouth,7.809334
16,0.913733,17ef723a912e46713e84fc2b7dd74e23_shot_001_000,pixel_mse,mouth,0.00319781
16,0.913733,17ef723a912e46713e84fc2b7dd74e23_shot_001_000,pixel_mse,upper_face,0.00008711
16,0.913733,17ef723a912e46713e84fc2b7dd74e23_shot_001_000,pixel_mse,full,0.00135316
16,0.913733,17ef723a912e46713e84fc2b7dd74e23_shot_001_000,ssim,mouth,0.88318908
16,0.913733,17ef723a912e46713e84fc2b7dd74e23_shot_001_000,ssim,upper_face,0.97331887
16,0.913733,17ef723a912e46713e84fc2b7dd74e23_shot_001_000,ssim,full,0.93663627
16,0.913733,17ef723a912e46713e84fc2b7dd74e23_shot_001_000,lpips,mouth,0.10733593
16,0.913733,17ef723a912e46713e84fc2b7dd74e23_shot_001_000,lpips,full,0.06602249
16,0.913733,17ef723a912e46713e84fc2b7dd74e23_shot_001_000,sharpness,mouth,15.9197
16,0.913733,17ef723a912e46713e84fc2b7dd74e23_shot_001_000,lmd,mouth,5.294126
16,0.913733,17ef723a912e46713e84fc2b7dd74e23_shot_001_000,sync_d,mouth,6.193933
16,0.913733,17ef723a912e46713e84fc2b7dd74e23_shot_001_000,sync_c,mouth,7.748551
17,0.906344,17ef723a912e46713e84fc2b7dd74e23_shot_001_000,pixel_mse,mouth,0.00333556
17,0.906344,17ef723a912e46713e84fc2b7dd74e23_shot_001_000,pixel_mse,upper_face,0.00008576
17,0.906344,17ef723a912e46713e84fc2b7dd74e23_shot_001_000,pixel_mse,full,0.00140842
17,0.906344,17ef723a912e46713e84fc2b7dd74e23_shot_001_000,ssim,mouth,0.88193399
17,0.906344,17ef723a912e46713e84fc2b7dd74e23_shot_001_000,ssim,upper_face,0.97357047
17,0.906344,17ef723a912e46713e84fc2b7dd74e23_shot_001_000,ssim,full,0.93627459
17,0.906344,17ef723a912e46713e84fc2b7dd74e23_shot_001_000,lpips,mouth,0.10775601
17,0.906344,17ef723a912e46713e84fc2b7dd74e23_shot_001_000,lpips,full,0.06622919
17,0.906344,17ef723a912e46713e84fc2b7dd74e23_shot_001_000,sharpness,mouth,16.0652
17,0.906344,17ef723a912e46713e84fc2b7dd74e23_shot_001_000,lmd,mouth,5.564235
17,0.906344,17ef723a912e46713e84fc2b7dd74e23_shot_001_000,sync_d,mouth,6.238602
17,0.906344,17ef723a912e46713e84fc2b7dd74e23_shot_001_000,sync_c,mouth,7.686421
18,0.898624,17ef723a912e46713e84fc2b7dd74e23_shot_001_000,pixel_mse,mouth,0.00348054
18,0.898624,17ef723a912e46713e84fc2b7dd74e23_shot_001_000,pixel_mse,upper_face,0.00008525
18,0.898624,17ef723a912e46713e84fc2b7dd74e23_shot_001_000,pixel_mse,full,0.00146713
18,0.898624,17ef723a912e46713e84fc2b7dd74e23_shot_001_000,ssim,mouth,0.88052529
18,0.898624,17ef723a912e46713e84fc2b7dd74e23_shot_001_000,ssim,upper_face,0.97365224
18,0.898624,17ef723a912e46713e84fc2b7dd74e23_shot_001_000,ssim,full,0.93574977
18,0.898624,17ef723a912e46713e84fc2b7dd74e23_shot_001_000,lpips,mouth,0.10819190
18,0.898624,17ef723a912e46713e84fc2b7dd74e23_shot_001_000,lpips,full,0.06649639
18,0.898624,17ef723a912e46713e84fc2b7dd74e23_shot_001_000,sharpness,mouth,16.0299
18,0.898624,17ef723a912e46713e84fc2b7dd74e23_shot_001_000,lmd,mouth,5.671653
18,0.898624,17ef723a912e46713e84fc2b7dd74e23_shot_001_000,sync_d,mouth,6.168870
18,0.898624,17ef723a912e46713e84fc2b7dd74e23_shot_001_000,sync_c,mouth,7.743418
19,0.890548,17ef723a912e46713e84fc2b7dd74e23_shot_001_000,pixel_mse,mouth,0.00364930
19,0.890548,17ef723a912e46713e84fc2b7dd74e23_shot_001_000,pixel_mse,upper_face,0.00008392
19,0.890548,17ef723a912e46713e84fc2b7dd74e23_shot_001_000,pixel_mse,full,0.00153502
19,0.890548,17ef723a912e46713e84fc2b7dd74e23_shot_001_000,ssim,mouth,0.87885725
19,0.890548,17ef723a912e46713e84fc2b7dd74e23_shot_001_000,ssim,upper_face,0.97380811
19,0.890548,17ef723a912e46713e84fc2b7dd74e23_shot_001_000,ssim,full,0.93516326
19,0.890548,17ef723a912e46713e84fc2b7dd74e23_shot_001_000,lpips,mouth,0.10903263
19,0.890548,17ef723a912e46713e84fc2b7dd74e23_shot_001_000,lpips,full,0.06690731
19,0.890548,17ef723a912e46713e84fc2b7dd74e23_shot_001_000,sharpness,mouth,16.0408
19,0.890548,17ef723a912e46713e84fc2b7dd74e23_shot_001_000,lmd,mouth,5.904812
19,0.890548,17ef723a912e46713e84fc2b7dd74e23_shot_001_000,sync_d,mouth,6.225508
19,0.890548,17ef723a912e46713e84fc2b7dd74e23_shot_001_000,sync_c,mouth,7.730634
20,0.882093,17ef723a912e46713e84fc2b7dd74e23_shot_001_000,pixel_mse,mouth,0.00379987
20,0.882093,17ef723a912e46713e84fc2b7dd74e23_shot_001_000,pixel_mse,upper_face,0.00008240
20,0.882093,17ef723a912e46713e84fc2b7dd74e23_shot_001_000,pixel_mse,full,0.00159540
20,0.882093,17ef723a912e46713e84fc2b7dd74e23_shot_001_000,ssim,mouth,0.87758636
20,0.882093,17ef723a912e46713e84fc2b7dd74e23_shot_001_000,ssim,upper_face,0.97392225
20,0.882093,17ef723a912e46713e84fc2b7dd74e23_shot_001_000,ssim,full,0.93471378
20,0.882093,17ef723a912e46713e84fc2b7dd74e23_shot_001_000,lpips,mouth,0.10949374
20,0.882093,17ef723a912e46713e84fc2b7dd74e23_shot_001_000,lpips,full,0.06710657
20,0.882093,17ef723a912e46713e84fc2b7dd74e23_shot_001_000,sharpness,mouth,16.1189
20,0.882093,17ef723a912e46713e84fc2b7dd74e23_shot_001_000,lmd,mouth,6.118733
20,0.882093,17ef723a912e46713e84fc2b7dd74e23_shot_001_000,sync_d,mouth,6.294483
20,0.882093,17ef723a912e46713e84fc2b7dd74e23_shot_001_000,sync_c,mouth,7.651387
21,0.873231,17ef723a912e46713e84fc2b7dd74e23_shot_001_000,pixel_mse,mouth,0.00395035
21,0.873231,17ef723a912e46713e84fc2b7dd74e23_shot_001_000,pixel_mse,upper_face,0.00008213
21,0.873231,17ef723a912e46713e84fc2b7dd74e23_shot_001_000,pixel_mse,full,0.00165648
21,0.873231,17ef723a912e46713e84fc2b7dd74e23_shot_001_000,ssim,mouth,0.87631047
21,0.873231,17ef723a912e46713e84fc2b7dd74e23_shot_001_000,ssim,upper_face,0.97408599
21,0.873231,17ef723a912e46713e84fc2b7dd74e23_shot_001_000,ssim,full,0.93429148
21,0.873231,17ef723a912e46713e84fc2b7dd74e23_shot_001_000,lpips,mouth,0.11014171
21,0.873231,17ef723a912e46713e84fc2b7dd74e23_shot_001_000,lpips,full,0.06752366
21,0.873231,17ef723a912e46713e84fc2b7dd74e23_shot_001_000,sharpness,mouth,16.2370
21,0.873231,17ef723a912e46713e84fc2b7dd74e23_shot_001_000,lmd,mouth,6.088350
21,0.873231,17ef723a912e46713e84fc2b7dd74e23_shot_001_000,sync_d,mouth,6.245903
21,0.873231,17ef723a912e46713e84fc2b7dd74e23_shot_001_000,sync_c,mouth,7.742323
22,0.863931,17ef723a912e46713e84fc2b7dd74e23_shot_001_000,pixel_mse,mouth,0.00410167
22,0.863931,17ef723a912e46713e84fc2b7dd74e23_shot_001_000,pixel_mse,upper_face,0.00008061
22,0.863931,17ef723a912e46713e84fc2b7dd74e23_shot_001_000,pixel_mse,full,0.00171717
22,0.863931,17ef723a912e46713e84fc2b7dd74e23_shot_001_000,ssim,mouth,0.87504297
22,0.863931,17ef723a912e46713e84fc2b7dd74e23_shot_001_000,ssim,upper_face,0.97422773
22,0.863931,17ef723a912e46713e84fc2b7dd74e23_shot_001_000,ssim,full,0.93385965
22,0.863931,17ef723a912e46713e84fc2b7dd74e23_shot_001_000,lpips,mouth,0.11089404
22,0.863931,17ef723a912e46713e84fc2b7dd74e23_shot_001_000,lpips,full,0.06796961
22,0.863931,17ef723a912e46713e84fc2b7dd74e23_shot_001_000,sharpness,mouth,16.3217
22,0.863931,17ef723a912e46713e84fc2b7dd74e23_shot_001_000,lmd,mouth,6.277039
22,0.863931,17ef723a912e46713e84fc2b7dd74e23_shot_001_000,sync_d,mouth,6.244633
22,0.863931,17ef723a912e46713e84fc2b7dd74e23_shot_001_000,sync_c,mouth,7.704791
23,0.854160,17ef723a912e46713e84fc2b7dd74e23_shot_001_000,pixel_mse,mouth,0.00427595
23,0.854160,17ef723a912e46713e84fc2b7dd74e23_shot_001_000,pixel_mse,upper_face,0.00007987
23,0.854160,17ef723a912e46713e84fc2b7dd74e23_shot_001_000,pixel_mse,full,0.00178767
23,0.854160,17ef723a912e46713e84fc2b7dd74e23_shot_001_000,ssim,mouth,0.87351555
23,0.854160,17ef723a912e46713e84fc2b7dd74e23_shot_001_000,ssim,upper_face,0.97420454
23,0.854160,17ef723a912e46713e84fc2b7dd74e23_shot_001_000,ssim,full,0.93322444
23,0.854160,17ef723a912e46713e84fc2b7dd74e23_shot_001_000,lpips,mouth,0.11157665
23,0.854160,17ef723a912e46713e84fc2b7dd74e23_shot_001_000,lpips,full,0.06828982
23,0.854160,17ef723a912e46713e84fc2b7dd74e23_shot_001_000,sharpness,mouth,16.3750
23,0.854160,17ef723a912e46713e84fc2b7dd74e23_shot_001_000,lmd,mouth,6.319953
23,0.854160,17ef723a912e46713e84fc2b7dd74e23_shot_001_000,sync_d,mouth,6.320118
23,0.854160,17ef723a912e46713e84fc2b7dd74e23_shot_001_000,sync_c,mouth,7.612912
24,0.843882,17ef723a912e46713e84fc2b7dd74e23_shot_001_000,pixel_mse,mouth,0.00443937
24,0.843882,17ef723a912e46713e84fc2b7dd74e23_shot_001_000,pixel_mse,upper_face,0.00007917
24,0.843882,17ef723a912e46713e84fc2b7dd74e23_shot_001_000,pixel_mse,full,0.00185376
24,0.843882,17ef723a912e46713e84fc2b7dd74e23_shot_001_000,ssim,mouth,0.87217003
24,0.843882,17ef723a912e46713e84fc2b7dd74e23_shot_001_000,ssim,upper_face,0.97435814
24,0.843882,17ef723a912e46713e84fc2b7dd74e23_shot_001_000,ssim,full,0.93276787
24,0.843882,17ef723a912e46713e84fc2b7dd74e23_shot_001_000,lpips,mouth,0.11218709
24,0.843882,17ef723a912e46713e84fc2b7dd74e23_shot_001_000,lpips,full,0.06862697
24,0.843882,17ef723a912e46713e84fc2b7dd74e23_shot_001_000,sharpness,mouth,16.3962
24,0.843882,17ef723a912e46713e84fc2b7dd74e23_shot_001_000,lmd,mouth,6.610962
24,0.843882,17ef723a912e46713e84fc2b7dd74e23_shot_001_000,sync_d,mouth,6.315098
24,0.843882,17ef723a912e46713e84fc2b7dd74e23_shot_001_000,sync_c,mouth,7.614108
25,0.833055,17ef723a912e46713e84fc2b7dd74e23_shot_001_000,pixel_mse,mouth,0.00459928
25,0.833055,17ef723a912e46713e84fc2b7dd74e23_shot_001_000,pixel_mse,upper_face,0.00007801
25,0.833055,17ef723a912e46713e84fc2b7dd74e23_shot_001_000,pixel_mse,full,0.00191816
25,0.833055,17ef723a912e46713e84fc2b7dd74e23_shot_001_000,ssim,mouth,0.87109601
25,0.833055,17ef723a912e46713e84fc2b7dd74e23_shot_001_000,ssim,upper_face,0.97448909
25,0.833055,17ef723a912e46713e84fc2b7dd74e23_shot_001_000,ssim,full,0.93240827
25,0.833055,17ef723a912e46713e84fc2b7dd74e23_shot_001_000,lpips,mouth,0.11273469
25,0.833055,17ef723a912e46713e84fc2b7dd74e23_shot_001_000,lpips,full,0.06884522
25,0.833055,17ef723a912e46713e84fc2b7dd74e23_shot_001_000,sharpness,mouth,16.3964
25,0.833055,17ef723a912e46713e84fc2b7dd74e23_shot_001_000,lmd,mouth,6.647145
25,0.833055,17ef723a912e46713e84fc2b7dd74e23_shot_001_000,sync_d,mouth,6.292239
25,0.833055,17ef723a912e46713e84fc2b7dd74e23_shot_001_000,sync_c,mouth,7.645466
26,0.821636,17ef723a912e46713e84fc2b7dd74e23_shot_001_000,pixel_mse,mouth,0.00477161
26,0.821636,17ef723a912e46713e84fc2b7dd74e23_shot_001_000,pixel_mse,upper_face,0.00007761
26,0.821636,17ef723a912e46713e84fc2b7dd74e23_shot_001_000,pixel_mse,full,0.00198806
26,0.821636,17ef723a912e46713e84fc2b7dd74e23_shot_001_000,ssim,mouth,0.86977190
26,0.821636,17ef723a912e46713e84fc2b7dd74e23_shot_001_000,ssim,upper_face,0.97451234
26,0.821636,17ef723a912e46713e84fc2b7dd74e23_shot_001_000,ssim,full,0.93188328
26,0.821636,17ef723a912e46713e84fc2b7dd74e23_shot_001_000,lpips,mouth,0.11339520
26,0.821636,17ef723a912e46713e84fc2b7dd74e23_shot_001_000,lpips,full,0.06924660
26,0.821636,17ef723a912e46713e84fc2b7dd74e23_shot_001_000,sharpness,mouth,16.4313
26,0.821636,17ef723a912e46713e84fc2b7dd74e23_shot_001_000,lmd,mouth,6.699858
26,0.821636,17ef723a912e46713e84fc2b7dd74e23_shot_001_000,sync_d,mouth,6.360744
26,0.821636,17ef723a912e46713e84fc2b7dd74e23_shot_001_000,sync_c,mouth,7.510064
27,0.809574,17ef723a912e46713e84fc2b7dd74e23_shot_001_000,pixel_mse,mouth,0.00495053
27,0.809574,17ef723a912e46713e84fc2b7dd74e23_shot_001_000,pixel_mse,upper_face,0.00007687
27,0.809574,17ef723a912e46713e84fc2b7dd74e23_shot_001_000,pixel_mse,full,0.00206044
27,0.809574,17ef723a912e46713e84fc2b7dd74e23_shot_001_000,ssim,mouth,0.86844963
27,0.809574,17ef723a912e46713e84fc2b7dd74e23_shot_001_000,ssim,upper_face,0.97466588
27,0.809574,17ef723a912e46713e84fc2b7dd74e23_shot_001_000,ssim,full,0.93143612
27,0.809574,17ef723a912e46713e84fc2b7dd74e23_shot_001_000,lpips,mouth,0.11429138
27,0.809574,17ef723a912e46713e84fc2b7dd74e23_shot_001_000,lpips,full,0.06982105
27,0.809574,17ef723a912e46713e84fc2b7dd74e23_shot_001_000,sharpness,mouth,16.4419
27,0.809574,17ef723a912e46713e84fc2b7dd74e23_shot_001_000,lmd,mouth,6.694098
27,0.809574,17ef723a912e46713e84fc2b7dd74e23_shot_001_000,sync_d,mouth,6.392359
27,0.809574,17ef723a912e46713e84fc2b7dd74e23_shot_001_000,sync_c,mouth,7.484127
28,0.796812,17ef723a912e46713e84fc2b7dd74e23_shot_001_000,pixel_mse,mouth,0.00517201
28,0.796812,17ef723a912e46713e84fc2b7dd74e23_shot_001_000,pixel_mse,upper_face,0.00007623
28,0.796812,17ef723a912e46713e84fc2b7dd74e23_shot_001_000,pixel_mse,full,0.00215020
28,0.796812,17ef723a912e46713e84fc2b7dd74e23_shot_001_000,ssim,mouth,0.86692083
28,0.796812,17ef723a912e46713e84fc2b7dd74e23_shot_001_000,ssim,upper_face,0.97479844
28,0.796812,17ef723a912e46713e84fc2b7dd74e23_shot_001_000,ssim,full,0.93089259
28,0.796812,17ef723a912e46713e84fc2b7dd74e23_shot_001_000,lpips,mouth,0.11495667
28,0.796812,17ef723a912e46713e84fc2b7dd74e23_shot_001_000,lpips,full,0.07027078
28,0.796812,17ef723a912e46713e84fc2b7dd74e23_shot_001_000,sharpness,mouth,16.3875
28,0.796812,17ef723a912e46713e84fc2b7dd74e23_shot_001_000,lmd,mouth,6.865595
28,0.796812,17ef723a912e46713e84fc2b7dd74e23_shot_001_000,sync_d,mouth,6.382679
28,0.796812,17ef723a912e46713e84fc2b7dd74e23_shot_001_000,sync_c,mouth,7.472207
29,0.783290,17ef723a912e46713e84fc2b7dd74e23_shot_001_000,pixel_mse,mouth,0.00539071
29,0.783290,17ef723a912e46713e84fc2b7dd74e23_shot_001_000,pixel_mse,upper_face,0.00007568
29,0.783290,17ef723a912e46713e84fc2b7dd74e23_shot_001_000,pixel_mse,full,0.00223889
29,0.783290,17ef723a912e46713e84fc2b7dd74e23_shot_001_000,ssim,mouth,0.86526847
29,0.783290,17ef723a912e46713e84fc2b7dd74e23_shot_001_000,ssim,upper_face,0.97478068
29,0.783290,17ef723a912e46713e84fc2b7dd74e23_shot_001_000,ssim,full,0.93020952
29,0.783290,17ef723a912e46713e84fc2b7dd74e23_shot_001_000,lpips,mouth,0.11574437
29,0.783290,17ef723a912e46713e84fc2b7dd74e23_shot_001_000,lpips,full,0.07062674
29,0.783290,17ef723a912e46713e84fc2b7dd74e23_shot_001_000,sharpness,mouth,16.3881
29,0.783290,17ef723a912e46713e84fc2b7dd74e23_shot_001_000,lmd,mouth,6.985569
29,0.783290,17ef723a912e46713e84fc2b7dd74e23_shot_001_000,sync_d,mouth,6.349118
29,0.783290,17ef723a912e46713e84fc2b7dd74e23_shot_001_000,sync_c,mouth,7.443054
30,0.768935,17ef723a912e46713e84fc2b7dd74e23_shot_001_000,pixel_mse,mouth,0.00561194
30,0.768935,17ef723a912e46713e84fc2b7dd74e23_shot_001_000,pixel_mse,upper_face,0.00007496
30,0.768935,17ef723a912e46713e84fc2b7dd74e23_shot_001_000,pixel_mse,full,0.00232850
30,0.768935,17ef723a912e46713e84fc2b7dd74e23_shot_001_000,ssim,mouth,0.86389208
30,0.768935,17ef723a912e46713e84fc2b7dd74e23_shot_001_000,ssim,upper_face,0.97489804
30,0.768935,17ef723a912e46713e84fc2b7dd74e23_shot_001_000,ssim,full,0.92971885
30,0.768935,17ef723a912e46713e84fc2b7dd74e23_shot_001_000,lpips,mouth,0.11677109
30,0.768935,17ef723a912e46713e84fc2b7dd74e23_shot_001_000,lpips,full,0.07120147
30,0.768935,17ef723a912e46713e84fc2b7dd74e23_shot_001_000,sharpness,mouth,16.4314
30,0.768935,17ef723a912e46713e84fc2b7dd74e23_shot_001_000,lmd,mouth,6.990137
30,0.768935,17ef723a912e46713e84fc2b7dd74e23_shot_001_000,sync_d,mouth,6.407127
30,0.768935,17ef723a912e46713e84fc2b7dd74e23_shot_001_000,sync_c,mouth,7.373776
31,0.753669,17ef723a912e46713e84fc2b7dd74e23_shot_001_000,pixel_mse,mouth,0.00584766
31,0.753669,17ef723a912e46713e84fc2b7dd74e23_shot_001_000,pixel_mse,upper_face,0.00007449
31,0.753669,17ef723a912e46713e84fc2b7dd74e23_shot_001_000,pixel_mse,full,0.00242416
31,0.753669,17ef723a912e46713e84fc2b7dd74e23_shot_001_000,ssim,mouth,0.86231542
31,0.753669,17ef723a912e46713e84fc2b7dd74e23_shot_001_000,ssim,upper_face,0.97499359
31,0.753669,17ef723a912e46713e84fc2b7dd74e23_shot_001_000,ssim,full,0.92913383
31,0.753669,17ef723a912e46713e84fc2b7dd74e23_shot_001_000,lpips,mouth,0.11771301
31,0.753669,17ef723a912e46713e84fc2b7dd74e23_shot_001_000,lpips,full,0.07181682
31,0.753669,17ef723a912e46713e84fc2b7dd74e23_shot_001_000,sharpness,mouth,16.3699
31,0.753669,17ef723a912e46713e84fc2b7dd74e23_shot_001_000,lmd,mouth,7.097792
31,0.753669,17ef723a912e46713e84fc2b7dd74e23_shot_001_000,sync_d,mouth,6.426381
31,0.753669,17ef723a912e46713e84fc2b7dd74e23_shot_001_000,sync_c,mouth,7.247159
32,0.737402,17ef723a912e46713e84fc2b7dd74e23_shot_001_000,pixel_mse,mouth,0.00617813
32,0.737402,17ef723a912e46713e84fc2b7dd74e23_shot_001_000,pixel_mse,upper_face,0.00007420
32,0.737402,17ef723a912e46713e84fc2b7dd74e23_shot_001_000,pixel_mse,full,0.00255849
32,0.737402,17ef723a912e46713e84fc2b7dd74e23_shot_001_000,ssim,mouth,0.86057228
32,0.737402,17ef723a912e46713e84fc2b7dd74e23_shot_001_000,ssim,upper_face,0.97498983
32,0.737402,17ef723a912e46713e84fc2b7dd74e23_shot_001_000,ssim,full,0.92842203
32,0.737402,17ef723a912e46713e84fc2b7dd74e23_shot_001_000,lpips,mouth,0.11914198
32,0.737402,17ef723a912e46713e84fc2b7dd74e23_shot_001_000,lpips,full,0.07263178
32,0.737402,17ef723a912e46713e84fc2b7dd74e23_shot_001_000,sharpness,mouth,16.1866
32,0.737402,17ef723a912e46713e84fc2b7dd74e23_shot_001_000,lmd,mouth,7.106401
32,0.737402,17ef723a912e46713e84fc2b7dd74e23_shot_001_000,sync_d,mouth,6.442839
32,0.737402,17ef723a912e46713e84fc2b7dd74e23_shot_001_000,sync_c,mouth,7.096995
33,0.720034,17ef723a912e46713e84fc2b7dd74e23_shot_001_000,pixel_mse,mouth,0.00641379
33,0.720034,17ef723a912e46713e84fc2b7dd74e23_shot_001_000,pixel_mse,upper_face,0.00007391
33,0.720034,17ef723a912e46713e84fc2b7dd74e23_shot_001_000,pixel_mse,full,0.00265423
33,0.720034,17ef723a912e46713e84fc2b7dd74e23_shot_001_000,ssim,mouth,0.85906446
33,0.720034,17ef723a912e46713e84fc2b7dd74e23_shot_001_000,ssim,upper_face,0.97500372
33,0.720034,17ef723a912e46713e84fc2b7dd74e23_shot_001_000,ssim,full,0.92781681
33,0.720034,17ef723a912e46713e84fc2b7dd74e23_shot_001_000,lpips,mouth,0.12005000
33,0.720034,17ef723a912e46713e84fc2b7dd74e23_shot_001_000,lpips,full,0.07309370
33,0.720034,17ef723a912e46713e84fc2b7dd74e23_shot_001_000,sharpness,mouth,16.1291
33,0.720034,17ef723a912e46713e84fc2b7dd74e23_shot_001_000,lmd,mouth,7.300880
33,0.720034,17ef723a912e46713e84fc2b7dd74e23_shot_001_000,sync_d,mouth,6.435405
33,0.720034,17ef723a912e46713e84fc2b7dd74e23_shot_001_000,sync_c,mouth,7.097445
34,0.701446,17ef723a912e46713e84fc2b7dd74e23_shot_001_000,pixel_mse,mouth,0.00660289
34,0.701446,17ef723a912e46713e84fc2b7dd74e23_shot_001_000,pixel_mse,upper_face,0.00007338
34,0.701446,17ef723a912e46713e84fc2b7dd74e23_shot_001_000,pixel_mse,full,0.00273088
34,0.701446,17ef723a912e46713e84fc2b7dd74e23_shot_001_000,ssim,mouth,0.85768664
34,0.701446,17ef723a912e46713e84fc2b7dd74e23_shot_001_000,ssim,upper_face,0.97508043
34,0.701446,17ef723a912e46713e84fc2b7dd74e23_shot_001_000,ssim,full,0.92730147
34,0.701446,17ef723a912e46713e84fc2b7dd74e23_shot_001_000,lpips,mouth,0.12110217
34,0.701446,17ef723a912e46713e84fc2b7dd74e23_shot_001_000,lpips,full,0.07375927
34,0.701446,17ef723a912e46713e84fc2b7dd74e23_shot_001_000,sharpness,mouth,16.1818
34,0.701446,17ef723a912e46713e84fc2b7dd74e23_shot_001_000,lmd,mouth,7.188494
34,0.701446,17ef723a912e46713e84fc2b7dd74e23_shot_001_000,sync_d,mouth,6.545785
34,0.701446,17ef723a912e46713e84fc2b7dd74e23_shot_001_000,sync_c,mouth,6.949817
35,0.681508,17ef723a912e46713e84fc2b7dd74e23_shot_001_000,pixel_mse,mouth,0.00675917
35,0.681508,17ef723a912e46713e84fc2b7dd74e23_shot_001_000,pixel_mse,upper_face,0.00007305
35,0.681508,17ef723a912e46713e84fc2b7dd74e23_shot_001_000,pixel_mse,full,0.00279429
35,0.681508,17ef723a912e46713e84fc2b7dd74e23_shot_001_000,ssim,mouth,0.85644877
35,0.681508,17ef723a912e46713e84fc2b7dd74e23_shot_001_000,ssim,upper_face,0.97509134
35,0.681508,17ef723a912e46713e84fc2b7dd74e23_shot_001_000,ssim,full,0.92680407
35,0.681508,17ef723a912e46713e84fc2b7dd74e23_shot_001_000,lpips,mouth,0.12177435
35,0.681508,17ef723a912e46713e84fc2b7dd74e23_shot_001_000,lpips,full,0.07423892
35,0.681508,17ef723a912e46713e84fc2b7dd74e23_shot_001_000,sharpness,mouth,16.1738
35,0.681508,17ef723a912e46713e84fc2b7dd74e23_shot_001_000,lmd,mouth,7.134175
35,0.681508,17ef723a912e46713e84fc2b7dd74e23_shot_001_000,sync_d,mouth,6.549395
35,0.681508,17ef723a912e46713e84fc2b7dd74e23_shot_001_000,sync_c,mouth,6.926027
36,0.660066,17ef723a912e46713e84fc2b7dd74e23_shot_001_000,pixel_mse,mouth,0.00697795
36,0.660066,17ef723a912e46713e84fc2b7dd74e23_shot_001_000,pixel_mse,upper_face,0.00007253
36,0.660066,17ef723a912e46713e84fc2b7dd74e23_shot_001_000,pixel_mse,full,0.00288302
36,0.660066,17ef723a912e46713e84fc2b7dd74e23_shot_001_000,ssim,mouth,0.85488468
36,0.660066,17ef723a912e46713e84fc2b7dd74e23_shot_001_000,ssim,upper_face,0.97517967
36,0.660066,17ef723a912e46713e84fc2b7dd74e23_shot_001_000,ssim,full,0.92621988
36,0.660066,17ef723a912e46713e84fc2b7dd74e23_shot_001_000,lpips,mouth,0.12346292
36,0.660066,17ef723a912e46713e84fc2b7dd74e23_shot_001_000,lpips,full,0.07512125
36,0.660066,17ef723a912e46713e84fc2b7dd74e23_shot_001_000,sharpness,mouth,16.1494
36,0.660066,17ef723a912e46713e84fc2b7dd74e23_shot_001_000,lmd,mouth,7.341289
36,0.660066,17ef723a912e46713e84fc2b7dd74e23_shot_001_000,sync_d,mouth,6.587944
36,0.660066,17ef723a912e46713e84fc2b7dd74e23_shot_001_000,sync_c,mouth,6.906012
37,0.636942,17ef723a912e46713e84fc2b7dd74e23_shot_001_000,pixel_mse,mouth,0.00719861
37,0.636942,17ef723a912e46713e84fc2b7dd74e23_shot_001_000,pixel_mse,upper_face,0.00007178
37,0.636942,17ef723a912e46713e84fc2b7dd74e23_shot_001_000,pixel_mse,full,0.00297239
37,0.636942,17ef723a912e46713e84fc2b7dd74e23_shot_001_000,ssim,mouth,0.85316437
37,0.636942,17ef723a912e46713e84fc2b7dd74e23_shot_001_000,ssim,upper_face,0.97527933
37,0.636942,17ef723a912e46713e84fc2b7dd74e23_shot_001_000,ssim,full,0.92557895
37,0.636942,17ef723a912e46713e84fc2b7dd74e23_shot_001_000,lpips,mouth,0.12533152
37,0.636942,17ef723a912e46713e84fc2b7dd74e23_shot_001_000,lpips,full,0.07613605
37,0.636942,17ef723a912e46713e84fc2b7dd74e23_shot_001_000,sharpness,mouth,16.2483
37,0.636942,17ef723a912e46713e84fc2b7dd74e23_shot_001_000,lmd,mouth,7.384129
37,0.636942,17ef723a912e46713e84fc2b7dd74e23_shot_001_000,sync_d,mouth,6.571720
37,0.636942,17ef723a912e46713e84fc2b7dd74e23_shot_001_000,sync_c,mouth,6.900418
38,0.611932,17ef723a912e46713e84fc2b7dd74e23_shot_001_000,pixel_mse,mouth,0.00738228
38,0.611932,17ef723a912e46713e84fc2b7dd74e23_shot_001_000,pixel_mse,upper_face,0.00007153
38,0.611932,17ef723a912e46713e84fc2b7dd74e23_shot_001_000,pixel_mse,full,0.00304699
38,0.611932,17ef723a912e46713e84fc2b7dd74e23_shot_001_000,ssim,mouth,0.85149157
38,0.611932,17ef723a912e46713e84fc2b7dd74e23_shot_001_000,ssim,upper_face,0.97530609
38,0.611932,17ef723a912e46713e84fc2b7dd74e23_shot_001_000,ssim,full,0.92491388
38,0.611932,17ef723a912e46713e84fc2b7dd74e23_shot_001_000,lpips,mouth,0.12655592
38,0.611932,17ef723a912e46713e84fc2b7dd74e23_shot_001_000,lpips,full,0.07670331
38,0.611932,17ef723a912e46713e84fc2b7dd74e23_shot_001_000,sharpness,mouth,16.3585
38,0.611932,17ef723a912e46713e84fc2b7dd74e23_shot_001_000,lmd,mouth,7.107605
38,0.611932,17ef723a912e46713e84fc2b7dd74e23_shot_001_000,sync_d,mouth,6.576818
38,0.611932,17ef723a912e46713e84fc2b7dd74e23_shot_001_000,sync_c,mouth,6.946290
39,0.584795,17ef723a912e46713e84fc2b7dd74e23_shot_001_000,pixel_mse,mouth,0.00757811
39,0.584795,17ef723a912e46713e84fc2b7dd74e23_shot_001_000,pixel_mse,upper_face,0.00007143
39,0.584795,17ef723a912e46713e84fc2b7dd74e23_shot_001_000,pixel_mse,full,0.00312663
39,0.584795,17ef723a912e46713e84fc2b7dd74e23_shot_001_000,ssim,mouth,0.84966940
39,0.584795,17ef723a912e46713e84fc2b7dd74e23_shot_001_000,ssim,upper_face,0.97529697
39,0.584795,17ef723a912e46713e84fc2b7dd74e23_shot_001_000,ssim,full,0.92416674
39,0.584795,17ef723a912e46713e84fc2b7dd74e23_shot_001_000,lpips,mouth,0.12806492
39,0.584795,17ef723a912e46713e84fc2b7dd74e23_shot_001_000,lpips,full,0.07762710
39,0.584795,17ef723a912e46713e84fc2b7dd74e23_shot_001_000,sharpness,mouth,16.5404
39,0.584795,17ef723a912e46713e84fc2b7dd74e23_shot_001_000,lmd,mouth,7.282618
39,0.584795,17ef723a912e46713e84fc2b7dd74e23_shot_001_000,sync_d,mouth,6.567504
39,0.584795,17ef723a912e46713e84fc2b7dd74e23_shot_001_000,sync_c,mouth,6.932277
40,0.555247,17ef723a912e46713e84fc2b7dd74e23_shot_001_000,pixel_mse,mouth,0.00777779
40,0.555247,17ef723a912e46713e84fc2b7dd74e23_shot_001_000,pixel_mse,upper_face,0.00007122
40,0.555247,17ef723a912e46713e84fc2b7dd74e23_shot_001_000,pixel_mse,full,0.00320777
40,0.555247,17ef723a912e46713e84fc2b7dd74e23_shot_001_000,ssim,mouth,0.84788042
40,0.555247,17ef723a912e46713e84fc2b7dd74e23_shot_001_000,ssim,upper_face,0.97532147
40,0.555247,17ef723a912e46713e84fc2b7dd74e23_shot_001_000,ssim,full,0.92345327
40,0.555247,17ef723a912e46713e84fc2b7dd74e23_shot_001_000,lpips,mouth,0.12940571
40,0.555247,17ef723a912e46713e84fc2b7dd74e23_shot_001_000,lpips,full,0.07832793
40,0.555247,17ef723a912e46713e84fc2b7dd74e23_shot_001_000,sharpness,mouth,16.7977
40,0.555247,17ef723a912e46713e84fc2b7dd74e23_shot_001_000,lmd,mouth,7.411344
40,0.555247,17ef723a912e46713e84fc2b7dd74e23_shot_001_000,sync_d,mouth,6.599923
40,0.555247,17ef723a912e46713e84fc2b7dd74e23_shot_001_000,sync_c,mouth,6.892735
41,0.522951,17ef723a912e46713e84fc2b7dd74e23_shot_001_000,pixel_mse,mouth,0.00798194
41,0.522951,17ef723a912e46713e84fc2b7dd74e23_shot_001_000,pixel_mse,upper_face,0.00007119
41,0.522951,17ef723a912e46713e84fc2b7dd74e23_shot_001_000,pixel_mse,full,0.00329085
41,0.522951,17ef723a912e46713e84fc2b7dd74e23_shot_001_000,ssim,mouth,0.84618074
41,0.522951,17ef723a912e46713e84fc2b7dd74e23_shot_001_000,ssim,upper_face,0.97527552
41,0.522951,17ef723a912e46713e84fc2b7dd74e23_shot_001_000,ssim,full,0.92273420
41,0.522951,17ef723a912e46713e84fc2b7dd74e23_shot_001_000,lpips,mouth,0.13065593
41,0.522951,17ef723a912e46713e84fc2b7dd74e23_shot_001_000,lpips,full,0.07896771
41,0.522951,17ef723a912e46713e84fc2b7dd74e23_shot_001_000,sharpness,mouth,17.1451
41,0.522951,17ef723a912e46713e84fc2b7dd74e23_shot_001_000,lmd,mouth,7.698167
41,0.522951,17ef723a912e46713e84fc2b7dd74e23_shot_001_000,sync_d,mouth,6.590805
41,0.522951,17ef723a912e46713e84fc2b7dd74e23_shot_001_000,sync_c,mouth,6.868793
42,0.487507,17ef723a912e46713e84fc2b7dd74e23_shot_001_000,pixel_mse,mouth,0.00817193
42,0.487507,17ef723a912e46713e84fc2b7dd74e23_shot_001_000,pixel_mse,upper_face,0.00007071
42,0.487507,17ef723a912e46713e84fc2b7dd74e23_shot_001_000,pixel_mse,full,0.00336789
42,0.487507,17ef723a912e46713e84fc2b7dd74e23_shot_001_000,ssim,mouth,0.84476095
42,0.487507,17ef723a912e46713e84fc2b7dd74e23_shot_001_000,ssim,upper_face,0.97534281
42,0.487507,17ef723a912e46713e84fc2b7dd74e23_shot_001_000,ssim,full,0.92219639
42,0.487507,17ef723a912e46713e84fc2b7dd74e23_shot_001_000,lpips,mouth,0.13203025
42,0.487507,17ef723a912e46713e84fc2b7dd74e23_shot_001_000,lpips,full,0.07962690
42,0.487507,17ef723a912e46713e84fc2b7dd74e23_shot_001_000,sharpness,mouth,17.3246
42,0.487507,17ef723a912e46713e84fc2b7dd74e23_shot_001_000,lmd,mouth,7.669846
42,0.487507,17ef723a912e46713e84fc2b7dd74e23_shot_001_000,sync_d,mouth,6.611715
42,0.487507,17ef723a912e46713e84fc2b7dd74e23_shot_001_000,sync_c,mouth,6.800000
43,0.448430,17ef723a912e46713e84fc2b7dd74e23_shot_001_000,pixel_mse,mouth,0.00835384
43,0.448430,17ef723a912e46713e84fc2b7dd74e23_shot_001_000,pixel_mse,upper_face,0.00007077
43,0.448430,17ef723a912e46713e84fc2b7dd74e23_shot_001_000,pixel_mse,full,0.00344196
43,0.448430,17ef723a912e46713e84fc2b7dd74e23_shot_001_000,ssim,mouth,0.84336370
43,0.448430,17ef723a912e46713e84fc2b7dd74e23_shot_001_000,ssim,upper_face,0.97529972
43,0.448430,17ef723a912e46713e84fc2b7dd74e23_shot_001_000,ssim,full,0.92160201
43,0.448430,17ef723a912e46713e84fc2b7dd74e23_shot_001_000,lpips,mouth,0.13280375
43,0.448430,17ef723a912e46713e84fc2b7dd74e23_shot_001_000,lpips,full,0.08014049
43,0.448430,17ef723a912e46713e84fc2b7dd74e23_shot_001_000,sharpness,mouth,17.4035
43,0.448430,17ef723a912e46713e84fc2b7dd74e23_shot_001_000,lmd,mouth,7.387104
43,0.448430,17ef723a912e46713e84fc2b7dd74e23_shot_001_000,sync_d,mouth,6.563367
43,0.448430,17ef723a912e46713e84fc2b7dd74e23_shot_001_000,sync_c,mouth,6.888788
44,0.405131,17ef723a912e46713e84fc2b7dd74e23_shot_001_000,pixel_mse,mouth,0.00852703
44,0.405131,17ef723a912e46713e84fc2b7dd74e23_shot_001_000,pixel_mse,upper_face,0.00007108
44,0.405131,17ef723a912e46713e84fc2b7dd74e23_shot_001_000,pixel_mse,full,0.00351263
44,0.405131,17ef723a912e46713e84fc2b7dd74e23_shot_001_000,ssim,mouth,0.84216833
44,0.405131,17ef723a912e46713e84fc2b7dd74e23_shot_001_000,ssim,upper_face,0.97521919
44,0.405131,17ef723a912e46713e84fc2b7dd74e23_shot_001_000,ssim,full,0.92106771
44,0.405131,17ef723a912e46713e84fc2b7dd74e23_shot_001_000,lpips,mouth,0.13389274
44,0.405131,17ef723a912e46713e84fc2b7dd74e23_shot_001_000,lpips,full,0.08070683
44,0.405131,17ef723a912e46713e84fc2b7dd74e23_shot_001_000,sharpness,mouth,17.6117
44,0.405131,17ef723a912e46713e84fc2b7dd74e23_shot_001_000,lmd,mouth,7.847107
44,0.405131,17ef723a912e46713e84fc2b7dd74e23_shot_001_000,sync_d,mouth,6.577213
44,0.405131,17ef723a912e46713e84fc2b7dd74e23_shot_001_000,sync_c,mouth,6.912632
45,0.356888,17ef723a912e46713e84fc2b7dd74e23_shot_001_000,pixel_mse,mouth,0.00871399
45,0.356888,17ef723a912e46713e84fc2b7dd74e23_shot_001_000,pixel_mse,upper_face,0.00007140
45,0.356888,17ef723a912e46713e84fc2b7dd74e23_shot_001_000,pixel_mse,full,0.00358892
45,0.356888,17ef723a912e46713e84fc2b7dd74e23_shot_001_000,ssim,mouth,0.84080297
45,0.356888,17ef723a912e46713e84fc2b7dd74e23_shot_001_000,ssim,upper_face,0.97519159
45,0.356888,17ef723a912e46713e84fc2b7dd74e23_shot_001_000,ssim,full,0.92049569
45,0.356888,17ef723a912e46713e84fc2b7dd74e23_shot_001_000,lpips,mouth,0.13498770
45,0.356888,17ef723a912e46713e84fc2b7dd74e23_shot_001_000,lpips,full,0.08125272
45,0.356888,17ef723a912e46713e84fc2b7dd74e23_shot_001_000,sharpness,mouth,17.6715
45,0.356888,17ef723a912e46713e84fc2b7dd74e23_shot_001_000,lmd,mouth,8.242346
45,0.356888,17ef723a912e46713e84fc2b7dd74e23_shot_001_000,sync_d,mouth,6.591288
45,0.356888,17ef723a912e46713e84fc2b7dd74e23_shot_001_000,sync_c,mouth,6.846552
46,0.302801,17ef723a912e46713e84fc2b7dd74e23_shot_001_000,pixel_mse,mouth,0.00890347
46,0.302801,17ef723a912e46713e84fc2b7dd74e23_shot_001_000,pixel_mse,upper_face,0.00007252
46,0.302801,17ef723a912e46713e84fc2b7dd74e23_shot_001_000,pixel_mse,full,0.00366669
46,0.302801,17ef723a912e46713e84fc2b7dd74e23_shot_001_000,ssim,mouth,0.83929574
46,0.302801,17ef723a912e46713e84fc2b7dd74e23_shot_001_000,ssim,upper_face,0.97502750
46,0.302801,17ef723a912e46713e84fc2b7dd74e23_shot_001_000,ssim,full,0.91978502
46,0.302801,17ef723a912e46713e84fc2b7dd74e23_shot_001_000,lpips,mouth,0.13635008
46,0.302801,17ef723a912e46713e84fc2b7dd74e23_shot_001_000,lpips,full,0.08205672
46,0.302801,17ef723a912e46713e84fc2b7dd74e23_shot_001_000,sharpness,mouth,17.7185
46,0.302801,17ef723a912e46713e84fc2b7dd74e23_shot_001_000,lmd,mouth,8.966936
46,0.302801,17ef723a912e46713e84fc2b7dd74e23_shot_001_000,sync_d,mouth,6.529704
46,0.302801,17ef723a912e46713e84fc2b7dd74e23_shot_001_000,sync_c,mouth,6.942338
47,0.241740,17ef723a912e46713e84fc2b7dd74e23_shot_001_000,pixel_mse,mouth,0.00907408
47,0.241740,17ef723a912e46713e84fc2b7dd74e23_shot_001_000,pixel_mse,upper_face,0.00007506
47,0.241740,17ef723a912e46713e84fc2b7dd74e23_shot_001_000,pixel_mse,full,0.00373764
47,0.241740,17ef723a912e46713e84fc2b7dd74e23_shot_001_000,ssim,mouth,0.83783513
47,0.241740,17ef723a912e46713e84fc2b7dd74e23_shot_001_000,ssim,upper_face,0.97474724
47,0.241740,17ef723a912e46713e84fc2b7dd74e23_shot_001_000,ssim,full,0.91902423
47,0.241740,17ef723a912e46713e84fc2b7dd74e23_shot_001_000,lpips,mouth,0.13795607
47,0.241740,17ef723a912e46713e84fc2b7dd74e23_shot_001_000,lpips,full,0.08296168
47,0.241740,17ef723a912e46713e84fc2b7dd74e23_shot_001_000,sharpness,mouth,17.7082
47,0.241740,17ef723a912e46713e84fc2b7dd74e23_shot_001_000,lmd,mouth,8.918119
47,0.241740,17ef723a912e46713e84fc2b7dd74e23_shot_001_000,sync_d,mouth,6.601409
47,0.241740,17ef723a912e46713e84fc2b7dd74e23_shot_001_000,sync_c,mouth,6.944125
48,0.172265,17ef723a912e46713e84fc2b7dd74e23_shot_001_000,pixel_mse,mouth,0.00924061
48,0.172265,17ef723a912e46713e84fc2b7dd74e23_shot_001_000,pixel_mse,upper_face,0.00008074
48,0.172265,17ef723a912e46713e84fc2b7dd74e23_shot_001_000,pixel_mse,full,0.00380879
48,0.172265,17ef723a912e46713e84fc2b7dd74e23_shot_001_000,ssim,mouth,0.83634490
48,0.172265,17ef723a912e46713e84fc2b7dd74e23_shot_001_000,ssim,upper_face,0.97428942
48,0.172265,17ef723a912e46713e84fc2b7dd74e23_shot_001_000,ssim,full,0.91814637
48,0.172265,17ef723a912e46713e84fc2b7dd74e23_shot_001_000,lpips,mouth,0.13951170
48,0.172265,17ef723a912e46713e84fc2b7dd74e23_shot_001_000,lpips,full,0.08399886
48,0.172265,17ef723a912e46713e84fc2b7dd74e23_shot_001_000,sharpness,mouth,17.7635
48,0.172265,17ef723a912e46713e84fc2b7dd74e23_shot_001_000,lmd,mouth,8.836920
48,0.172265,17ef723a912e46713e84fc2b7dd74e23_shot_001_000,sync_d,mouth,6.660378
48,0.172265,17ef723a912e46713e84fc2b7dd74e23_shot_001_000,sync_c,mouth,6.869106
49,0.092507,17ef723a912e46713e84fc2b7dd74e23_shot_001_000,pixel_mse,mouth,0.00940751
49,0.092507,17ef723a912e46713e84fc2b7dd74e23_shot_001_000,pixel_mse,upper_face,0.00009963
49,0.092507,17ef723a912e46713e84fc2b7dd74e23_shot_001_000,pixel_mse,full,0.00388792
49,0.092507,17ef723a912e46713e84fc2b7dd74e23_shot_001_000,ssim,mouth,0.83482736
49,0.092507,17ef723a912e46713e84fc2b7dd74e23_shot_001_000,ssim,upper_face,0.97285944
49,0.092507,17ef723a912e46713e84fc2b7dd74e23_shot_001_000,ssim,full,0.91668069
49,0.092507,17ef723a912e46713e84fc2b7dd74e23_shot_001_000,lpips,mouth,0.14180121
49,0.092507,17ef723a912e46713e84fc2b7dd74e23_shot_001_000,lpips,full,0.08608074
49,0.092507,17ef723a912e46713e84fc2b7dd74e23_shot_001_000,sharpness,mouth,18.0529
49,0.092507,17ef723a912e46713e84fc2b7dd74e23_shot_001_000,lmd,mouth,8.901216
49,0.092507,17ef723a912e46713e84fc2b7dd74e23_shot_001_000,sync_d,mouth,6.733181
49,0.092507,17ef723a912e46713e84fc2b7dd74e23_shot_001_000,sync_c,mouth,6.921860
-1,gt,1ec7a45d803ab472e7fe5c6625667289_shot_001_000,sharpness,mouth,9.4989
-1,gt,1ec7a45d803ab472e7fe5c6625667289_shot_001_000,sync_d,mouth,8.576579
-1,gt,1ec7a45d803ab472e7fe5c6625667289_shot_001_000,sync_c,mouth,4.507704
0,0.999000,1ec7a45d803ab472e7fe5c6625667289_shot_001_000,pixel_mse,mouth,0.00182587
0,0.999000,1ec7a45d803ab472e7fe5c6625667289_shot_001_000,pixel_mse,upper_face,0.00012732
0,0.999000,1ec7a45d803ab472e7fe5c6625667289_shot_001_000,pixel_mse,full,0.00081862
0,0.999000,1ec7a45d803ab472e7fe5c6625667289_shot_001_000,ssim,mouth,0.87777722
0,0.999000,1ec7a45d803ab472e7fe5c6625667289_shot_001_000,ssim,upper_face,0.96439701
0,0.999000,1ec7a45d803ab472e7fe5c6625667289_shot_001_000,ssim,full,0.92914289
0,0.999000,1ec7a45d803ab472e7fe5c6625667289_shot_001_000,lpips,mouth,0.12065864
0,0.999000,1ec7a45d803ab472e7fe5c6625667289_shot_001_000,lpips,full,0.07878032
0,0.999000,1ec7a45d803ab472e7fe5c6625667289_shot_001_000,sharpness,mouth,9.5374
0,0.999000,1ec7a45d803ab472e7fe5c6625667289_shot_001_000,lmd,mouth,4.426125
0,0.999000,1ec7a45d803ab472e7fe5c6625667289_shot_001_000,sync_d,mouth,9.459909
0,0.999000,1ec7a45d803ab472e7fe5c6625667289_shot_001_000,sync_c,mouth,3.817817
1,0.995732,1ec7a45d803ab472e7fe5c6625667289_shot_001_000,pixel_mse,mouth,0.00178718
1,0.995732,1ec7a45d803ab472e7fe5c6625667289_shot_001_000,pixel_mse,upper_face,0.00012128
1,0.995732,1ec7a45d803ab472e7fe5c6625667289_shot_001_000,pixel_mse,full,0.00079930
1,0.995732,1ec7a45d803ab472e7fe5c6625667289_shot_001_000,ssim,mouth,0.87890315
1,0.995732,1ec7a45d803ab472e7fe5c6625667289_shot_001_000,ssim,upper_face,0.96474040
1,0.995732,1ec7a45d803ab472e7fe5c6625667289_shot_001_000,ssim,full,0.92980486
1,0.995732,1ec7a45d803ab472e7fe5c6625667289_shot_001_000,lpips,mouth,0.11984809
1,0.995732,1ec7a45d803ab472e7fe5c6625667289_shot_001_000,lpips,full,0.07831358
1,0.995732,1ec7a45d803ab472e7fe5c6625667289_shot_001_000,sharpness,mouth,9.5288
1,0.995732,1ec7a45d803ab472e7fe5c6625667289_shot_001_000,lmd,mouth,4.410114
1,0.995732,1ec7a45d803ab472e7fe5c6625667289_shot_001_000,sync_d,mouth,9.438132
1,0.995732,1ec7a45d803ab472e7fe5c6625667289_shot_001_000,sync_c,mouth,3.962398
2,0.991530,1ec7a45d803ab472e7fe5c6625667289_shot_001_000,pixel_mse,mouth,0.00178399
2,0.991530,1ec7a45d803ab472e7fe5c6625667289_shot_001_000,pixel_mse,upper_face,0.00011560
2,0.991530,1ec7a45d803ab472e7fe5c6625667289_shot_001_000,pixel_mse,full,0.00079463
2,0.991530,1ec7a45d803ab472e7fe5c6625667289_shot_001_000,ssim,mouth,0.87968010
2,0.991530,1ec7a45d803ab472e7fe5c6625667289_shot_001_000,ssim,upper_face,0.96590263
2,0.991530,1ec7a45d803ab472e7fe5c6625667289_shot_001_000,ssim,full,0.93081033
2,0.991530,1ec7a45d803ab472e7fe5c6625667289_shot_001_000,lpips,mouth,0.11724500
2,0.991530,1ec7a45d803ab472e7fe5c6625667289_shot_001_000,lpips,full,0.07636598
2,0.991530,1ec7a45d803ab472e7fe5c6625667289_shot_001_000,sharpness,mouth,9.4935
2,0.991530,1ec7a45d803ab472e7fe5c6625667289_shot_001_000,lmd,mouth,4.409956
2,0.991530,1ec7a45d803ab472e7fe5c6625667289_shot_001_000,sync_d,mouth,9.537490
2,0.991530,1ec7a45d803ab472e7fe5c6625667289_shot_001_000,sync_c,mouth,3.871847
3,0.987187,1ec7a45d803ab472e7fe5c6625667289_shot_001_000,pixel_mse,mouth,0.00173765
3,0.987187,1ec7a45d803ab472e7fe5c6625667289_shot_001_000,pixel_mse,upper_face,0.00010981
3,0.987187,1ec7a45d803ab472e7fe5c6625667289_shot_001_000,pixel_mse,full,0.00077234
3,0.987187,1ec7a45d803ab472e7fe5c6625667289_shot_001_000,ssim,mouth,0.88149565
3,0.987187,1ec7a45d803ab472e7fe5c6625667289_shot_001_000,ssim,upper_face,0.96680325
3,0.987187,1ec7a45d803ab472e7fe5c6625667289_shot_001_000,ssim,full,0.93208343
3,0.987187,1ec7a45d803ab472e7fe5c6625667289_shot_001_000,lpips,mouth,0.11418675
3,0.987187,1ec7a45d803ab472e7fe5c6625667289_shot_001_000,lpips,full,0.07441263
3,0.987187,1ec7a45d803ab472e7fe5c6625667289_shot_001_000,sharpness,mouth,9.4505
3,0.987187,1ec7a45d803ab472e7fe5c6625667289_shot_001_000,lmd,mouth,4.418324
3,0.987187,1ec7a45d803ab472e7fe5c6625667289_shot_001_000,sync_d,mouth,9.695790
3,0.987187,1ec7a45d803ab472e7fe5c6625667289_shot_001_000,sync_c,mouth,3.844444
4,0.982696,1ec7a45d803ab472e7fe5c6625667289_shot_001_000,pixel_mse,mouth,0.00171598
4,0.982696,1ec7a45d803ab472e7fe5c6625667289_shot_001_000,pixel_mse,upper_face,0.00010285
4,0.982696,1ec7a45d803ab472e7fe5c6625667289_shot_001_000,pixel_mse,full,0.00075939
4,0.982696,1ec7a45d803ab472e7fe5c6625667289_shot_001_000,ssim,mouth,0.88323861
4,0.982696,1ec7a45d803ab472e7fe5c6625667289_shot_001_000,ssim,upper_face,0.96728528
4,0.982696,1ec7a45d803ab472e7fe5c6625667289_shot_001_000,ssim,full,0.93307841
4,0.982696,1ec7a45d803ab472e7fe5c6625667289_shot_001_000,lpips,mouth,0.11116730
4,0.982696,1ec7a45d803ab472e7fe5c6625667289_shot_001_000,lpips,full,0.07250309
4,0.982696,1ec7a45d803ab472e7fe5c6625667289_shot_001_000,sharpness,mouth,9.5009
4,0.982696,1ec7a45d803ab472e7fe5c6625667289_shot_001_000,lmd,mouth,4.263919
4,0.982696,1ec7a45d803ab472e7fe5c6625667289_shot_001_000,sync_d,mouth,9.618033
4,0.982696,1ec7a45d803ab472e7fe5c6625667289_shot_001_000,sync_c,mouth,3.885523
5,0.978048,1ec7a45d803ab472e7fe5c6625667289_shot_001_000,pixel_mse,mouth,0.00171617
5,0.978048,1ec7a45d803ab472e7fe5c6625667289_shot_001_000,pixel_mse,upper_face,0.00009881
5,0.978048,1ec7a45d803ab472e7fe5c6625667289_shot_001_000,pixel_mse,full,0.00075707
5,0.978048,1ec7a45d803ab472e7fe5c6625667289_shot_001_000,ssim,mouth,0.88427114
5,0.978048,1ec7a45d803ab472e7fe5c6625667289_shot_001_000,ssim,upper_face,0.96768397
5,0.978048,1ec7a45d803ab472e7fe5c6625667289_shot_001_000,ssim,full,0.93373513
5,0.978048,1ec7a45d803ab472e7fe5c6625667289_shot_001_000,lpips,mouth,0.10881966
5,0.978048,1ec7a45d803ab472e7fe5c6625667289_shot_001_000,lpips,full,0.07083970
5,0.978048,1ec7a45d803ab472e7fe5c6625667289_shot_001_000,sharpness,mouth,9.4972
5,0.978048,1ec7a45d803ab472e7fe5c6625667289_shot_001_000,lmd,mouth,4.196235
5,0.978048,1ec7a45d803ab472e7fe5c6625667289_shot_001_000,sync_d,mouth,9.538497
5,0.978048,1ec7a45d803ab472e7fe5c6625667289_shot_001_000,sync_c,mouth,3.947474
6,0.973236,1ec7a45d803ab472e7fe5c6625667289_shot_001_000,pixel_mse,mouth,0.00174646
6,0.973236,1ec7a45d803ab472e7fe5c6625667289_shot_001_000,pixel_mse,upper_face,0.00009641
6,0.973236,1ec7a45d803ab472e7fe5c6625667289_shot_001_000,pixel_mse,full,0.00076798
6,0.973236,1ec7a45d803ab472e7fe5c6625667289_shot_001_000,ssim,mouth,0.88462996
6,0.973236,1ec7a45d803ab472e7fe5c6625667289_shot_001_000,ssim,upper_face,0.96816468
6,0.973236,1ec7a45d803ab472e7fe5c6625667289_shot_001_000,ssim,full,0.93416625
6,0.973236,1ec7a45d803ab472e7fe5c6625667289_shot_001_000,lpips,mouth,0.10636319
6,0.973236,1ec7a45d803ab472e7fe5c6625667289_shot_001_000,lpips,full,0.06944380
6,0.973236,1ec7a45d803ab472e7fe5c6625667289_shot_001_000,sharpness,mouth,9.5972
6,0.973236,1ec7a45d803ab472e7fe5c6625667289_shot_001_000,lmd,mouth,4.131885
6,0.973236,1ec7a45d803ab472e7fe5c6625667289_shot_001_000,sync_d,mouth,9.425447
6,0.973236,1ec7a45d803ab472e7fe5c6625667289_shot_001_000,sync_c,mouth,4.112702
7,0.968250,1ec7a45d803ab472e7fe5c6625667289_shot_001_000,pixel_mse,mouth,0.00179629
7,0.968250,1ec7a45d803ab472e7fe5c6625667289_shot_001_000,pixel_mse,upper_face,0.00009389
7,0.968250,1ec7a45d803ab472e7fe5c6625667289_shot_001_000,pixel_mse,full,0.00078676
7,0.968250,1ec7a45d803ab472e7fe5c6625667289_shot_001_000,ssim,mouth,0.88428187
7,0.968250,1ec7a45d803ab472e7fe5c6625667289_shot_001_000,ssim,upper_face,0.96860439
7,0.968250,1ec7a45d803ab472e7fe5c6625667289_shot_001_000,ssim,full,0.93428540
7,0.968250,1ec7a45d803ab472e7fe5c6625667289_shot_001_000,lpips,mouth,0.10543711
7,0.968250,1ec7a45d803ab472e7fe5c6625667289_shot_001_000,lpips,full,0.06874866
7,0.968250,1ec7a45d803ab472e7fe5c6625667289_shot_001_000,sharpness,mouth,9.6228
7,0.968250,1ec7a45d803ab472e7fe5c6625667289_shot_001_000,lmd,mouth,4.097745
7,0.968250,1ec7a45d803ab472e7fe5c6625667289_shot_001_000,sync_d,mouth,9.376013
7,0.968250,1ec7a45d803ab472e7fe5c6625667289_shot_001_000,sync_c,mouth,4.103280
8,0.963082,1ec7a45d803ab472e7fe5c6625667289_shot_001_000,pixel_mse,mouth,0.00181276
8,0.963082,1ec7a45d803ab472e7fe5c6625667289_shot_001_000,pixel_mse,upper_face,0.00009109
8,0.963082,1ec7a45d803ab472e7fe5c6625667289_shot_001_000,pixel_mse,full,0.00079181
8,0.963082,1ec7a45d803ab472e7fe5c6625667289_shot_001_000,ssim,mouth,0.88490933
8,0.963082,1ec7a45d803ab472e7fe5c6625667289_shot_001_000,ssim,upper_face,0.96879125
8,0.963082,1ec7a45d803ab472e7fe5c6625667289_shot_001_000,ssim,full,0.93465149
8,0.963082,1ec7a45d803ab472e7fe5c6625667289_shot_001_000,lpips,mouth,0.10327378
8,0.963082,1ec7a45d803ab472e7fe5c6625667289_shot_001_000,lpips,full,0.06747783
8,0.963082,1ec7a45d803ab472e7fe5c6625667289_shot_001_000,sharpness,mouth,9.6576
8,0.963082,1ec7a45d803ab472e7fe5c6625667289_shot_001_000,lmd,mouth,4.017580
8,0.963082,1ec7a45d803ab472e7fe5c6625667289_shot_001_000,sync_d,mouth,9.464574
8,0.963082,1ec7a45d803ab472e7fe5c6625667289_shot_001_000,sync_c,mouth,3.988208
9,0.957720,1ec7a45d803ab472e7fe5c6625667289_shot_001_000,pixel_mse,mouth,0.00183063
9,0.957720,1ec7a45d803ab472e7fe5c6625667289_shot_001_000,pixel_mse,upper_face,0.00008816
9,0.957720,1ec7a45d803ab472e7fe5c6625667289_shot_001_000,pixel_mse,full,0.00079734
9,0.957720,1ec7a45d803ab472e7fe5c6625667289_shot_001_000,ssim,mouth,0.88478285
9,0.957720,1ec7a45d803ab472e7fe5c6625667289_shot_001_000,ssim,upper_face,0.96909118
9,0.957720,1ec7a45d803ab472e7fe5c6625667289_shot_001_000,ssim,full,0.93477798
9,0.957720,1ec7a45d803ab472e7fe5c6625667289_shot_001_000,lpips,mouth,0.10183448
9,0.957720,1ec7a45d803ab472e7fe5c6625667289_shot_001_000,lpips,full,0.06661573
9,0.957720,1ec7a45d803ab472e7fe5c6625667289_shot_001_000,sharpness,mouth,9.7021
9,0.957720,1ec7a45d803ab472e7fe5c6625667289_shot_001_000,lmd,mouth,3.965326
9,0.957720,1ec7a45d803ab472e7fe5c6625667289_shot_001_000,sync_d,mouth,9.312427
9,0.957720,1ec7a45d803ab472e7fe5c6625667289_shot_001_000,sync_c,mouth,4.175867
10,0.952154,1ec7a45d803ab472e7fe5c6625667289_shot_001_000,pixel_mse,mouth,0.00185038
10,0.952154,1ec7a45d803ab472e7fe5c6625667289_shot_001_000,pixel_mse,upper_face,0.00008707
10,0.952154,1ec7a45d803ab472e7fe5c6625667289_shot_001_000,pixel_mse,full,0.00080473
10,0.952154,1ec7a45d803ab472e7fe5c6625667289_shot_001_000,ssim,mouth,0.88480997
10,0.952154,1ec7a45d803ab472e7fe5c6625667289_shot_001_000,ssim,upper_face,0.96930563
10,0.952154,1ec7a45d803ab472e7fe5c6625667289_shot_001_000,ssim,full,0.93491608
10,0.952154,1ec7a45d803ab472e7fe5c6625667289_shot_001_000,lpips,mouth,0.10089684
10,0.952154,1ec7a45d803ab472e7fe5c6625667289_shot_001_000,lpips,full,0.06603156
10,0.952154,1ec7a45d803ab472e7fe5c6625667289_shot_001_000,sharpness,mouth,9.7364
10,0.952154,1ec7a45d803ab472e7fe5c6625667289_shot_001_000,lmd,mouth,3.998961
10,0.952154,1ec7a45d803ab472e7fe5c6625667289_shot_001_000,sync_d,mouth,9.455871
10,0.952154,1ec7a45d803ab472e7fe5c6625667289_shot_001_000,sync_c,mouth,4.147920
11,0.946372,1ec7a45d803ab472e7fe5c6625667289_shot_001_000,pixel_mse,mouth,0.00186395
11,0.946372,1ec7a45d803ab472e7fe5c6625667289_shot_001_000,pixel_mse,upper_face,0.00008575
11,0.946372,1ec7a45d803ab472e7fe5c6625667289_shot_001_000,pixel_mse,full,0.00080947
11,0.946372,1ec7a45d803ab472e7fe5c6625667289_shot_001_000,ssim,mouth,0.88473350
11,0.946372,1ec7a45d803ab472e7fe5c6625667289_shot_001_000,ssim,upper_face,0.96945971
11,0.946372,1ec7a45d803ab472e7fe5c6625667289_shot_001_000,ssim,full,0.93497634
11,0.946372,1ec7a45d803ab472e7fe5c6625667289_shot_001_000,lpips,mouth,0.09950954
11,0.946372,1ec7a45d803ab472e7fe5c6625667289_shot_001_000,lpips,full,0.06514484
11,0.946372,1ec7a45d803ab472e7fe5c6625667289_shot_001_000,sharpness,mouth,9.7637
11,0.946372,1ec7a45d803ab472e7fe5c6625667289_shot_001_000,lmd,mouth,4.003651
11,0.946372,1ec7a45d803ab472e7fe5c6625667289_shot_001_000,sync_d,mouth,9.238434
11,0.946372,1ec7a45d803ab472e7fe5c6625667289_shot_001_000,sync_c,mouth,4.303035
12,0.940361,1ec7a45d803ab472e7fe5c6625667289_shot_001_000,pixel_mse,mouth,0.00188595
12,0.940361,1ec7a45d803ab472e7fe5c6625667289_shot_001_000,pixel_mse,upper_face,0.00008501
12,0.940361,1ec7a45d803ab472e7fe5c6625667289_shot_001_000,pixel_mse,full,0.00081799
12,0.940361,1ec7a45d803ab472e7fe5c6625667289_shot_001_000,ssim,mouth,0.88445961
12,0.940361,1ec7a45d803ab472e7fe5c6625667289_shot_001_000,ssim,upper_face,0.96959138
12,0.940361,1ec7a45d803ab472e7fe5c6625667289_shot_001_000,ssim,full,0.93494302
12,0.940361,1ec7a45d803ab472e7fe5c6625667289_shot_001_000,lpips,mouth,0.09865785
12,0.940361,1ec7a45d803ab472e7fe5c6625667289_shot_001_000,lpips,full,0.06469758
12,0.940361,1ec7a45d803ab472e7fe5c6625667289_shot_001_000,sharpness,mouth,9.7332
12,0.940361,1ec7a45d803ab472e7fe5c6625667289_shot_001_000,lmd,mouth,3.995825
12,0.940361,1ec7a45d803ab472e7fe5c6625667289_shot_001_000,sync_d,mouth,9.305346
12,0.940361,1ec7a45d803ab472e7fe5c6625667289_shot_001_000,sync_c,mouth,4.180230
13,0.934107,1ec7a45d803ab472e7fe5c6625667289_shot_001_000,pixel_mse,mouth,0.00192389
13,0.934107,1ec7a45d803ab472e7fe5c6625667289_shot_001_000,pixel_mse,upper_face,0.00008450
13,0.934107,1ec7a45d803ab472e7fe5c6625667289_shot_001_000,pixel_mse,full,0.00083313
13,0.934107,1ec7a45d803ab472e7fe5c6625667289_shot_001_000,ssim,mouth,0.88398403
13,0.934107,1ec7a45d803ab472e7fe5c6625667289_shot_001_000,ssim,upper_face,0.96976817
13,0.934107,1ec7a45d803ab472e7fe5c6625667289_shot_001_000,ssim,full,0.93485409
13,0.934107,1ec7a45d803ab472e7fe5c6625667289_shot_001_000,lpips,mouth,0.09779390
13,0.934107,1ec7a45d803ab472e7fe5c6625667289_shot_001_000,lpips,full,0.06422621
13,0.934107,1ec7a45d803ab472e7fe5c6625667289_shot_001_000,sharpness,mouth,9.7349
13,0.934107,1ec7a45d803ab472e7fe5c6625667289_shot_001_000,lmd,mouth,3.956503
13,0.934107,1ec7a45d803ab472e7fe5c6625667289_shot_001_000,sync_d,mouth,9.325266
13,0.934107,1ec7a45d803ab472e7fe5c6625667289_shot_001_000,sync_c,mouth,4.361743
14,0.927596,1ec7a45d803ab472e7fe5c6625667289_shot_001_000,pixel_mse,mouth,0.00195592
14,0.927596,1ec7a45d803ab472e7fe5c6625667289_shot_001_000,pixel_mse,upper_face,0.00008333
14,0.927596,1ec7a45d803ab472e7fe5c6625667289_shot_001_000,pixel_mse,full,0.00084547
14,0.927596,1ec7a45d803ab472e7fe5c6625667289_shot_001_000,ssim,mouth,0.88339251
14,0.927596,1ec7a45d803ab472e7fe5c6625667289_shot_001_000,ssim,upper_face,0.96984339
14,0.927596,1ec7a45d803ab472e7fe5c6625667289_shot_001_000,ssim,full,0.93465799
14,0.927596,1ec7a45d803ab472e7fe5c6625667289_shot_001_000,lpips,mouth,0.09763288
14,0.927596,1ec7a45d803ab472e7fe5c6625667289_shot_001_000,lpips,full,0.06402057
14,0.927596,1ec7a45d803ab472e7fe5c6625667289_shot_001_000,sharpness,mouth,9.7383
14,0.927596,1ec7a45d803ab472e7fe5c6625667289_shot_001_000,lmd,mouth,3.973579
14,0.927596,1ec7a45d803ab472e7fe5c6625667289_shot_001_000,sync_d,mouth,9.316604
14,0.927596,1ec7a45d803ab472e7fe5c6625667289_shot_001_000,sync_c,mouth,4.310561
15,0.920810,1ec7a45d803ab472e7fe5c6625667289_shot_001_000,pixel_mse,mouth,0.00199169
15,0.920810,1ec7a45d803ab472e7fe5c6625667289_shot_001_000,pixel_mse,upper_face,0.00008147
15,0.920810,1ec7a45d803ab472e7fe5c6625667289_shot_001_000,pixel_mse,full,0.00085893
15,0.920810,1ec7a45d803ab472e7fe5c6625667289_shot_001_000,ssim,mouth,0.88300145
15,0.920810,1ec7a45d803ab472e7fe5c6625667289_shot_001_000,ssim,upper_face,0.96999973
15,0.920810,1ec7a45d803ab472e7fe5c6625667289_shot_001_000,ssim,full,0.93459171
15,0.920810,1ec7a45d803ab472e7fe5c6625667289_shot_001_000,lpips,mouth,0.09700785
15,0.920810,1ec7a45d803ab472e7fe5c6625667289_shot_001_000,lpips,full,0.06363818
15,0.920810,1ec7a45d803ab472e7fe5c6625667289_shot_001_000,sharpness,mouth,9.7627
15,0.920810,1ec7a45d803ab472e7fe5c6625667289_shot_001_000,lmd,mouth,3.990067
15,0.920810,1ec7a45d803ab472e7fe5c6625667289_shot_001_000,sync_d,mouth,9.331953
15,0.920810,1ec7a45d803ab472e7fe5c6625667289_shot_001_000,sync_c,mouth,4.321429
16,0.913733,1ec7a45d803ab472e7fe5c6625667289_shot_001_000,pixel_mse,mouth,0.00203853
16,0.913733,1ec7a45d803ab472e7fe5c6625667289_shot_001_000,pixel_mse,upper_face,0.00008086
16,0.913733,1ec7a45d803ab472e7fe5c6625667289_shot_001_000,pixel_mse,full,0.00087763
16,0.913733,1ec7a45d803ab472e7fe5c6625667289_shot_001_000,ssim,mouth,0.88241857
16,0.913733,1ec7a45d803ab472e7fe5c6625667289_shot_001_000,ssim,upper_face,0.97012717
16,0.913733,1ec7a45d803ab472e7fe5c6625667289_shot_001_000,ssim,full,0.93442994
16,0.913733,1ec7a45d803ab472e7fe5c6625667289_shot_001_000,lpips,mouth,0.09654108
16,0.913733,1ec7a45d803ab472e7fe5c6625667289_shot_001_000,lpips,full,0.06329715
16,0.913733,1ec7a45d803ab472e7fe5c6625667289_shot_001_000,sharpness,mouth,9.7308
16,0.913733,1ec7a45d803ab472e7fe5c6625667289_shot_001_000,lmd,mouth,4.044329
16,0.913733,1ec7a45d803ab472e7fe5c6625667289_shot_001_000,sync_d,mouth,9.248782
16,0.913733,1ec7a45d803ab472e7fe5c6625667289_shot_001_000,sync_c,mouth,4.265778
17,0.906344,1ec7a45d803ab472e7fe5c6625667289_shot_001_000,pixel_mse,mouth,0.00207810
17,0.906344,1ec7a45d803ab472e7fe5c6625667289_shot_001_000,pixel_mse,upper_face,0.00008007
17,0.906344,1ec7a45d803ab472e7fe5c6625667289_shot_001_000,pixel_mse,full,0.00089326
17,0.906344,1ec7a45d803ab472e7fe5c6625667289_shot_001_000,ssim,mouth,0.88160759
17,0.906344,1ec7a45d803ab472e7fe5c6625667289_shot_001_000,ssim,upper_face,0.97022152
17,0.906344,1ec7a45d803ab472e7fe5c6625667289_shot_001_000,ssim,full,0.93415588
17,0.906344,1ec7a45d803ab472e7fe5c6625667289_shot_001_000,lpips,mouth,0.09658428
17,0.906344,1ec7a45d803ab472e7fe5c6625667289_shot_001_000,lpips,full,0.06321131
17,0.906344,1ec7a45d803ab472e7fe5c6625667289_shot_001_000,sharpness,mouth,9.7138
17,0.906344,1ec7a45d803ab472e7fe5c6625667289_shot_001_000,lmd,mouth,4.189467
17,0.906344,1ec7a45d803ab472e7fe5c6625667289_shot_001_000,sync_d,mouth,9.227033
17,0.906344,1ec7a45d803ab472e7fe5c6625667289_shot_001_000,sync_c,mouth,4.379871
18,0.898624,1ec7a45d803ab472e7fe5c6625667289_shot_001_000,pixel_mse,mouth,0.00211274
18,0.898624,1ec7a45d803ab472e7fe5c6625667289_shot_001_000,pixel_mse,upper_face,0.00007992
18,0.898624,1ec7a45d803ab472e7fe5c6625667289_shot_001_000,pixel_mse,full,0.00090727
18,0.898624,1ec7a45d803ab472e7fe5c6625667289_shot_001_000,ssim,mouth,0.88103342
18,0.898624,1ec7a45d803ab472e7fe5c6625667289_shot_001_000,ssim,upper_face,0.97029775
18,0.898624,1ec7a45d803ab472e7fe5c6625667289_shot_001_000,ssim,full,0.93396741
18,0.898624,1ec7a45d803ab472e7fe5c6625667289_shot_001_000,lpips,mouth,0.09627203
18,0.898624,1ec7a45d803ab472e7fe5c6625667289_shot_001_000,lpips,full,0.06299631
18,0.898624,1ec7a45d803ab472e7fe5c6625667289_shot_001_000,sharpness,mouth,9.7393
18,0.898624,1ec7a45d803ab472e7fe5c6625667289_shot_001_000,lmd,mouth,4.140105
18,0.898624,1ec7a45d803ab472e7fe5c6625667289_shot_001_000,sync_d,mouth,9.303695
18,0.898624,1ec7a45d803ab472e7fe5c6625667289_shot_001_000,sync_c,mouth,4.206685
19,0.890548,1ec7a45d803ab472e7fe5c6625667289_shot_001_000,pixel_mse,mouth,0.00215117
19,0.890548,1ec7a45d803ab472e7fe5c6625667289_shot_001_000,pixel_mse,upper_face,0.00007887
19,0.890548,1ec7a45d803ab472e7fe5c6625667289_shot_001_000,pixel_mse,full,0.00092229
19,0.890548,1ec7a45d803ab472e7fe5c6625667289_shot_001_000,ssim,mouth,0.88027889
19,0.890548,1ec7a45d803ab472e7fe5c6625667289_shot_001_000,ssim,upper_face,0.97041434
19,0.890548,1ec7a45d803ab472e7fe5c6625667289_shot_001_000,ssim,full,0.93372929
19,0.890548,1ec7a45d803ab472e7fe5c6625667289_shot_001_000,lpips,mouth,0.09619349
19,0.890548,1ec7a45d803ab472e7fe5c6625667289_shot_001_000,lpips,full,0.06301828
19,0.890548,1ec7a45d803ab472e7fe5c6625667289_shot_001_000,sharpness,mouth,9.6852
19,0.890548,1ec7a45d803ab472e7fe5c6625667289_shot_001_000,lmd,mouth,4.223658
19,0.890548,1ec7a45d803ab472e7fe5c6625667289_shot_001_000,sync_d,mouth,9.175645
19,0.890548,1ec7a45d803ab472e7fe5c6625667289_shot_001_000,sync_c,mouth,4.317816
20,0.882093,1ec7a45d803ab472e7fe5c6625667289_shot_001_000,pixel_mse,mouth,0.00219097
20,0.882093,1ec7a45d803ab472e7fe5c6625667289_shot_001_000,pixel_mse,upper_face,0.00007887
20,0.882093,1ec7a45d803ab472e7fe5c6625667289_shot_001_000,pixel_mse,full,0.00093849
20,0.882093,1ec7a45d803ab472e7fe5c6625667289_shot_001_000,ssim,mouth,0.87935537
20,0.882093,1ec7a45d803ab472e7fe5c6625667289_shot_001_000,ssim,upper_face,0.97050786
20,0.882093,1ec7a45d803ab472e7fe5c6625667289_shot_001_000,ssim,full,0.93340898
20,0.882093,1ec7a45d803ab472e7fe5c6625667289_shot_001_000,lpips,mouth,0.09594592
20,0.882093,1ec7a45d803ab472e7fe5c6625667289_shot_001_000,lpips,full,0.06287428
20,0.882093,1ec7a45d803ab472e7fe5c6625667289_shot_001_000,sharpness,mouth,9.7213
20,0.882093,1ec7a45d803ab472e7fe5c6625667289_shot_001_000,lmd,mouth,4.233257
20,0.882093,1ec7a45d803ab472e7fe5c6625667289_shot_001_000,sync_d,mouth,9.054766
20,0.882093,1ec7a45d803ab472e7fe5c6625667289_shot_001_000,sync_c,mouth,4.501420
21,0.873231,1ec7a45d803ab472e7fe5c6625667289_shot_001_000,pixel_mse,mouth,0.00223303
21,0.873231,1ec7a45d803ab472e7fe5c6625667289_shot_001_000,pixel_mse,upper_face,0.00007828
21,0.873231,1ec7a45d803ab472e7fe5c6625667289_shot_001_000,pixel_mse,full,0.00095526
21,0.873231,1ec7a45d803ab472e7fe5c6625667289_shot_001_000,ssim,mouth,0.87855482
21,0.873231,1ec7a45d803ab472e7fe5c6625667289_shot_001_000,ssim,upper_face,0.97060204
21,0.873231,1ec7a45d803ab472e7fe5c6625667289_shot_001_000,ssim,full,0.93313909
21,0.873231,1ec7a45d803ab472e7fe5c6625667289_shot_001_000,lpips,mouth,0.09618677
21,0.873231,1ec7a45d803ab472e7fe5c6625667289_shot_001_000,lpips,full,0.06286578
21,0.873231,1ec7a45d803ab472e7fe5c6625667289_shot_001_000,sharpness,mouth,9.7012
21,0.873231,1ec7a45d803ab472e7fe5c6625667289_shot_001_000,lmd,mouth,4.222990
21,0.873231,1ec7a45d803ab472e7fe5c6625667289_shot_001_000,sync_d,mouth,9.111597
21,0.873231,1ec7a45d803ab472e7fe5c6625667289_shot_001_000,sync_c,mouth,4.499872
22,0.863931,1ec7a45d803ab472e7fe5c6625667289_shot_001_000,pixel_mse,mouth,0.00226840
22,0.863931,1ec7a45d803ab472e7fe5c6625667289_shot_001_000,pixel_mse,upper_face,0.00007801
22,0.863931,1ec7a45d803ab472e7fe5c6625667289_shot_001_000,pixel_mse,full,0.00096950
22,0.863931,1ec7a45d803ab472e7fe5c6625667289_shot_001_000,ssim,mouth,0.87805432
22,0.863931,1ec7a45d803ab472e7fe5c6625667289_shot_001_000,ssim,upper_face,0.97064888
22,0.863931,1ec7a45d803ab472e7fe5c6625667289_shot_001_000,ssim,full,0.93296313
22,0.863931,1ec7a45d803ab472e7fe5c6625667289_shot_001_000,lpips,mouth,0.09598432
22,0.863931,1ec7a45d803ab472e7fe5c6625667289_shot_001_000,lpips,full,0.06278963
22,0.863931,1ec7a45d803ab472e7fe5c6625667289_shot_001_000,sharpness,mouth,9.6642
22,0.863931,1ec7a45d803ab472e7fe5c6625667289_shot_001_000,lmd,mouth,4.302834
22,0.863931,1ec7a45d803ab472e7fe5c6625667289_shot_001_000,sync_d,mouth,9.223060
22,0.863931,1ec7a45d803ab472e7fe5c6625667289_shot_001_000,sync_c,mouth,4.485540
23,0.854160,1ec7a45d803ab472e7fe5c6625667289_shot_001_000,pixel_mse,mouth,0.00230785
23,0.854160,1ec7a45d803ab472e7fe5c6625667289_shot_001_000,pixel_mse,upper_face,0.00007733
23,0.854160,1ec7a45d803ab472e7fe5c6625667289_shot_001_000,pixel_mse,full,0.00098515
23,0.854160,1ec7a45d803ab472e7fe5c6625667289_shot_001_000,ssim,mouth,0.87733537
23,0.854160,1ec7a45d803ab472e7fe5c6625667289_shot_001_000,ssim,upper_face,0.97068006
23,0.854160,1ec7a45d803ab472e7fe5c6625667289_shot_001_000,ssim,full,0.93268907
23,0.854160,1ec7a45d803ab472e7fe5c6625667289_shot_001_000,lpips,mouth,0.09568263
23,0.854160,1ec7a45d803ab472e7fe5c6625667289_shot_001_000,lpips,full,0.06260221
23,0.854160,1ec7a45d803ab472e7fe5c6625667289_shot_001_000,sharpness,mouth,9.6514
23,0.854160,1ec7a45d803ab472e7fe5c6625667289_shot_001_000,lmd,mouth,4.351738
23,0.854160,1ec7a45d803ab472e7fe5c6625667289_shot_001_000,sync_d,mouth,8.964993
23,0.854160,1ec7a45d803ab472e7fe5c6625667289_shot_001_000,sync_c,mouth,4.664593
24,0.843882,1ec7a45d803ab472e7fe5c6625667289_shot_001_000,pixel_mse,mouth,0.00234992
24,0.843882,1ec7a45d803ab472e7fe5c6625667289_shot_001_000,pixel_mse,upper_face,0.00007740
24,0.843882,1ec7a45d803ab472e7fe5c6625667289_shot_001_000,pixel_mse,full,0.00100231
24,0.843882,1ec7a45d803ab472e7fe5c6625667289_shot_001_000,ssim,mouth,0.87684423
24,0.843882,1ec7a45d803ab472e7fe5c6625667289_shot_001_000,ssim,upper_face,0.97077340
24,0.843882,1ec7a45d803ab472e7fe5c6625667289_shot_001_000,ssim,full,0.93254435
24,0.843882,1ec7a45d803ab472e7fe5c6625667289_shot_001_000,lpips,mouth,0.09558809
24,0.843882,1ec7a45d803ab472e7fe5c6625667289_shot_001_000,lpips,full,0.06248445
24,0.843882,1ec7a45d803ab472e7fe5c6625667289_shot_001_000,sharpness,mouth,9.6063
24,0.843882,1ec7a45d803ab472e7fe5c6625667289_shot_001_000,lmd,mouth,4.331240
24,0.843882,1ec7a45d803ab472e7fe5c6625667289_shot_001_000,sync_d,mouth,9.083619
24,0.843882,1ec7a45d803ab472e7fe5c6625667289_shot_001_000,sync_c,mouth,4.524464
25,0.833055,1ec7a45d803ab472e7fe5c6625667289_shot_001_000,pixel_mse,mouth,0.00239245
25,0.833055,1ec7a45d803ab472e7fe5c6625667289_shot_001_000,pixel_mse,upper_face,0.00007639
25,0.833055,1ec7a45d803ab472e7fe5c6625667289_shot_001_000,pixel_mse,full,0.00101902
25,0.833055,1ec7a45d803ab472e7fe5c6625667289_shot_001_000,ssim,mouth,0.87605304
25,0.833055,1ec7a45d803ab472e7fe5c6625667289_shot_001_000,ssim,upper_face,0.97091532
25,0.833055,1ec7a45d803ab472e7fe5c6625667289_shot_001_000,ssim,full,0.93230665
25,0.833055,1ec7a45d803ab472e7fe5c6625667289_shot_001_000,lpips,mouth,0.09568082
25,0.833055,1ec7a45d803ab472e7fe5c6625667289_shot_001_000,lpips,full,0.06245241
25,0.833055,1ec7a45d803ab472e7fe5c6625667289_shot_001_000,sharpness,mouth,9.6332
25,0.833055,1ec7a45d803ab472e7fe5c6625667289_shot_001_000,lmd,mouth,4.434992
25,0.833055,1ec7a45d803ab472e7fe5c6625667289_shot_001_000,sync_d,mouth,9.141861
25,0.833055,1ec7a45d803ab472e7fe5c6625667289_shot_001_000,sync_c,mouth,4.443680
26,0.821636,1ec7a45d803ab472e7fe5c6625667289_shot_001_000,pixel_mse,mouth,0.00243568
26,0.821636,1ec7a45d803ab472e7fe5c6625667289_shot_001_000,pixel_mse,upper_face,0.00007721
26,0.821636,1ec7a45d803ab472e7fe5c6625667289_shot_001_000,pixel_mse,full,0.00103710
26,0.821636,1ec7a45d803ab472e7fe5c6625667289_shot_001_000,ssim,mouth,0.87555790
26,0.821636,1ec7a45d803ab472e7fe5c6625667289_shot_001_000,ssim,upper_face,0.97085583
26,0.821636,1ec7a45d803ab472e7fe5c6625667289_shot_001_000,ssim,full,0.93206966
26,0.821636,1ec7a45d803ab472e7fe5c6625667289_shot_001_000,lpips,mouth,0.09569599
26,0.821636,1ec7a45d803ab472e7fe5c6625667289_shot_001_000,lpips,full,0.06246393
26,0.821636,1ec7a45d803ab472e7fe5c6625667289_shot_001_000,sharpness,mouth,9.6167
26,0.821636,1ec7a45d803ab472e7fe5c6625667289_shot_001_000,lmd,mouth,4.454423
26,0.821636,1ec7a45d803ab472e7fe5c6625667289_shot_001_000,sync_d,mouth,8.962296
26,0.821636,1ec7a45d803ab472e7fe5c6625667289_shot_001_000,sync_c,mouth,4.707253
27,0.809574,1ec7a45d803ab472e7fe5c6625667289_shot_001_000,pixel_mse,mouth,0.00246600
27,0.809574,1ec7a45d803ab472e7fe5c6625667289_shot_001_000,pixel_mse,upper_face,0.00007666
27,0.809574,1ec7a45d803ab472e7fe5c6625667289_shot_001_000,pixel_mse,full,0.00104912
27,0.809574,1ec7a45d803ab472e7fe5c6625667289_shot_001_000,ssim,mouth,0.87501091
27,0.809574,1ec7a45d803ab472e7fe5c6625667289_shot_001_000,ssim,upper_face,0.97096431
27,0.809574,1ec7a45d803ab472e7fe5c6625667289_shot_001_000,ssim,full,0.93191153
27,0.809574,1ec7a45d803ab472e7fe5c6625667289_shot_001_000,lpips,mouth,0.09595659
27,0.809574,1ec7a45d803ab472e7fe5c6625667289_shot_001_000,lpips,full,0.06246824
27,0.809574,1ec7a45d803ab472e7fe5c6625667289_shot_001_000,sharpness,mouth,9.6043
27,0.809574,1ec7a45d803ab472e7fe5c6625667289_shot_001_000,lmd,mouth,4.482466
27,0.809574,1ec7a45d803ab472e7fe5c6625667289_shot_001_000,sync_d,mouth,9.008626
27,0.809574,1ec7a45d803ab472e7fe5c6625667289_shot_001_000,sync_c,mouth,4.721794
28,0.796812,1ec7a45d803ab472e7fe5c6625667289_shot_001_000,pixel_mse,mouth,0.00250574
28,0.796812,1ec7a45d803ab472e7fe5c6625667289_shot_001_000,pixel_mse,upper_face,0.00007631
28,0.796812,1ec7a45d803ab472e7fe5c6625667289_shot_001_000,pixel_mse,full,0.00106508
28,0.796812,1ec7a45d803ab472e7fe5c6625667289_shot_001_000,ssim,mouth,0.87445408
28,0.796812,1ec7a45d803ab472e7fe5c6625667289_shot_001_000,ssim,upper_face,0.97104859
28,0.796812,1ec7a45d803ab472e7fe5c6625667289_shot_001_000,ssim,full,0.93173480
28,0.796812,1ec7a45d803ab472e7fe5c6625667289_shot_001_000,lpips,mouth,0.09572672
28,0.796812,1ec7a45d803ab472e7fe5c6625667289_shot_001_000,lpips,full,0.06238054
28,0.796812,1ec7a45d803ab472e7fe5c6625667289_shot_001_000,sharpness,mouth,9.5684
28,0.796812,1ec7a45d803ab472e7fe5c6625667289_shot_001_000,lmd,mouth,4.506646
28,0.796812,1ec7a45d803ab472e7fe5c6625667289_shot_001_000,sync_d,mouth,9.010368
28,0.796812,1ec7a45d803ab472e7fe5c6625667289_shot_001_000,sync_c,mouth,4.747251
29,0.783290,1ec7a45d803ab472e7fe5c6625667289_shot_001_000,pixel_mse,mouth,0.00254820
29,0.783290,1ec7a45d803ab472e7fe5c6625667289_shot_001_000,pixel_mse,upper_face,0.00007643
29,0.783290,1ec7a45d803ab472e7fe5c6625667289_shot_001_000,pixel_mse,full,0.00108244
29,0.783290,1ec7a45d803ab472e7fe5c6625667289_shot_001_000,ssim,mouth,0.87374282
29,0.783290,1ec7a45d803ab472e7fe5c6625667289_shot_001_000,ssim,upper_face,0.97100908
29,0.783290,1ec7a45d803ab472e7fe5c6625667289_shot_001_000,ssim,full,0.93142200
29,0.783290,1ec7a45d803ab472e7fe5c6625667289_shot_001_000,lpips,mouth,0.09611817
29,0.783290,1ec7a45d803ab472e7fe5c6625667289_shot_001_000,lpips,full,0.06250195
29,0.783290,1ec7a45d803ab472e7fe5c6625667289_shot_001_000,sharpness,mouth,9.5834
29,0.783290,1ec7a45d803ab472e7fe5c6625667289_shot_001_000,lmd,mouth,4.496815
29,0.783290,1ec7a45d803ab472e7fe5c6625667289_shot_001_000,sync_d,mouth,8.782316
29,0.783290,1ec7a45d803ab472e7fe5c6625667289_shot_001_000,sync_c,mouth,4.844656
30,0.768935,1ec7a45d803ab472e7fe5c6625667289_shot_001_000,pixel_mse,mouth,0.00258230
30,0.768935,1ec7a45d803ab472e7fe5c6625667289_shot_001_000,pixel_mse,upper_face,0.00007594
30,0.768935,1ec7a45d803ab472e7fe5c6625667289_shot_001_000,pixel_mse,full,0.00109602
30,0.768935,1ec7a45d803ab472e7fe5c6625667289_shot_001_000,ssim,mouth,0.87331945
30,0.768935,1ec7a45d803ab472e7fe5c6625667289_shot_001_000,ssim,upper_face,0.97113281
30,0.768935,1ec7a45d803ab472e7fe5c6625667289_shot_001_000,ssim,full,0.93132299
30,0.768935,1ec7a45d803ab472e7fe5c6625667289_shot_001_000,lpips,mouth,0.09593382
30,0.768935,1ec7a45d803ab472e7fe5c6625667289_shot_001_000,lpips,full,0.06247083
30,0.768935,1ec7a45d803ab472e7fe5c6625667289_shot_001_000,sharpness,mouth,9.5492
30,0.768935,1ec7a45d803ab472e7fe5c6625667289_shot_001_000,lmd,mouth,4.532079
30,0.768935,1ec7a45d803ab472e7fe5c6625667289_shot_001_000,sync_d,mouth,8.672437
30,0.768935,1ec7a45d803ab472e7fe5c6625667289_shot_001_000,sync_c,mouth,4.910116
31,0.753669,1ec7a45d803ab472e7fe5c6625667289_shot_001_000,pixel_mse,mouth,0.00261473
31,0.753669,1ec7a45d803ab472e7fe5c6625667289_shot_001_000,pixel_mse,upper_face,0.00007624
31,0.753669,1ec7a45d803ab472e7fe5c6625667289_shot_001_000,pixel_mse,full,0.00110940
31,0.753669,1ec7a45d803ab472e7fe5c6625667289_shot_001_000,ssim,mouth,0.87272531
31,0.753669,1ec7a45d803ab472e7fe5c6625667289_shot_001_000,ssim,upper_face,0.97108781
31,0.753669,1ec7a45d803ab472e7fe5c6625667289_shot_001_000,ssim,full,0.93105447
31,0.753669,1ec7a45d803ab472e7fe5c6625667289_shot_001_000,lpips,mouth,0.09637203
31,0.753669,1ec7a45d803ab472e7fe5c6625667289_shot_001_000,lpips,full,0.06274413
31,0.753669,1ec7a45d803ab472e7fe5c6625667289_shot_001_000,sharpness,mouth,9.5679
31,0.753669,1ec7a45d803ab472e7fe5c6625667289_shot_001_000,lmd,mouth,4.510127
31,0.753669,1ec7a45d803ab472e7fe5c6625667289_shot_001_000,sync_d,mouth,8.705797
31,0.753669,1ec7a45d803ab472e7fe5c6625667289_shot_001_000,sync_c,mouth,4.890578
32,0.737402,1ec7a45d803ab472e7fe5c6625667289_shot_001_000,pixel_mse,mouth,0.00266486
32,0.737402,1ec7a45d803ab472e7fe5c6625667289_shot_001_000,pixel_mse,upper_face,0.00007639
32,0.737402,1ec7a45d803ab472e7fe5c6625667289_shot_001_000,pixel_mse,full,0.00112989
32,0.737402,1ec7a45d803ab472e7fe5c6625667289_shot_001_000,ssim,mouth,0.87171900
32,0.737402,1ec7a45d803ab472e7fe5c6625667289_shot_001_000,ssim,upper_face,0.97119242
32,0.737402,1ec7a45d803ab472e7fe5c6625667289_shot_001_000,ssim,full,0.93070710
32,0.737402,1ec7a45d803ab472e7fe5c6625667289_shot_001_000,lpips,mouth,0.09644707
32,0.737402,1ec7a45d803ab472e7fe5c6625667289_shot_001_000,lpips,full,0.06256021
32,0.737402,1ec7a45d803ab472e7fe5c6625667289_shot_001_000,sharpness,mouth,9.5005
32,0.737402,1ec7a45d803ab472e7fe5c6625667289_shot_001_000,lmd,mouth,4.533947
32,0.737402,1ec7a45d803ab472e7fe5c6625667289_shot_001_000,sync_d,mouth,8.604012
32,0.737402,1ec7a45d803ab472e7fe5c6625667289_shot_001_000,sync_c,mouth,5.010816
33,0.720034,1ec7a45d803ab472e7fe5c6625667289_shot_001_000,pixel_mse,mouth,0.00270063
33,0.720034,1ec7a45d803ab472e7fe5c6625667289_shot_001_000,pixel_mse,upper_face,0.00007563
33,0.720034,1ec7a45d803ab472e7fe5c6625667289_shot_001_000,pixel_mse,full,0.00114400
33,0.720034,1ec7a45d803ab472e7fe5c6625667289_shot_001_000,ssim,mouth,0.87113899
33,0.720034,1ec7a45d803ab472e7fe5c6625667289_shot_001_000,ssim,upper_face,0.97127390
33,0.720034,1ec7a45d803ab472e7fe5c6625667289_shot_001_000,ssim,full,0.93051928
33,0.720034,1ec7a45d803ab472e7fe5c6625667289_shot_001_000,lpips,mouth,0.09660164
33,0.720034,1ec7a45d803ab472e7fe5c6625667289_shot_001_000,lpips,full,0.06264259
33,0.720034,1ec7a45d803ab472e7fe5c6625667289_shot_001_000,sharpness,mouth,9.4859
33,0.720034,1ec7a45d803ab472e7fe5c6625667289_shot_001_000,lmd,mouth,4.574685
33,0.720034,1ec7a45d803ab472e7fe5c6625667289_shot_001_000,sync_d,mouth,8.545277
33,0.720034,1ec7a45d803ab472e7fe5c6625667289_shot_001_000,sync_c,mouth,4.893564
34,0.701446,1ec7a45d803ab472e7fe5c6625667289_shot_001_000,pixel_mse,mouth,0.00274046
34,0.701446,1ec7a45d803ab472e7fe5c6625667289_shot_001_000,pixel_mse,upper_face,0.00007597
34,0.701446,1ec7a45d803ab472e7fe5c6625667289_shot_001_000,pixel_mse,full,0.00116041
34,0.701446,1ec7a45d803ab472e7fe5c6625667289_shot_001_000,ssim,mouth,0.87036681
34,0.701446,1ec7a45d803ab472e7fe5c6625667289_shot_001_000,ssim,upper_face,0.97128022
34,0.701446,1ec7a45d803ab472e7fe5c6625667289_shot_001_000,ssim,full,0.93020868
34,0.701446,1ec7a45d803ab472e7fe5c6625667289_shot_001_000,lpips,mouth,0.09694390
34,0.701446,1ec7a45d803ab472e7fe5c6625667289_shot_001_000,lpips,full,0.06274987
34,0.701446,1ec7a45d803ab472e7fe5c6625667289_shot_001_000,sharpness,mouth,9.4769
34,0.701446,1ec7a45d803ab472e7fe5c6625667289_shot_001_000,lmd,mouth,4.601031
34,0.701446,1ec7a45d803ab472e7fe5c6625667289_shot_001_000,sync_d,mouth,8.570268
34,0.701446,1ec7a45d803ab472e7fe5c6625667289_shot_001_000,sync_c,mouth,4.896531
35,0.681508,1ec7a45d803ab472e7fe5c6625667289_shot_001_000,pixel_mse,mouth,0.00277632
35,0.681508,1ec7a45d803ab472e7fe5c6625667289_shot_001_000,pixel_mse,upper_face,0.00007665
35,0.681508,1ec7a45d803ab472e7fe5c6625667289_shot_001_000,pixel_mse,full,0.00117541
35,0.681508,1ec7a45d803ab472e7fe5c6625667289_shot_001_000,ssim,mouth,0.86960876
35,0.681508,1ec7a45d803ab472e7fe5c6625667289_shot_001_000,ssim,upper_face,0.97128540
35,0.681508,1ec7a45d803ab472e7fe5c6625667289_shot_001_000,ssim,full,0.92990327
35,0.681508,1ec7a45d803ab472e7fe5c6625667289_shot_001_000,lpips,mouth,0.09694465
35,0.681508,1ec7a45d803ab472e7fe5c6625667289_shot_001_000,lpips,full,0.06273677
35,0.681508,1ec7a45d803ab472e7fe5c6625667289_shot_001_000,sharpness,mouth,9.4542
35,0.681508,1ec7a45d803ab472e7fe5c6625667289_shot_001_000,lmd,mouth,4.570384
35,0.681508,1ec7a45d803ab472e7fe5c6625667289_shot_001_000,sync_d,mouth,8.340729
35,0.681508,1ec7a45d803ab472e7fe5c6625667289_shot_001_000,sync_c,mouth,5.056168
36,0.660066,1ec7a45d803ab472e7fe5c6625667289_shot_001_000,pixel_mse,mouth,0.00281655
36,0.660066,1ec7a45d803ab472e7fe5c6625667289_shot_001_000,pixel_mse,upper_face,0.00007614
36,0.660066,1ec7a45d803ab472e7fe5c6625667289_shot_001_000,pixel_mse,full,0.00119148
36,0.660066,1ec7a45d803ab472e7fe5c6625667289_shot_001_000,ssim,mouth,0.86892939
36,0.660066,1ec7a45d803ab472e7fe5c6625667289_shot_001_000,ssim,upper_face,0.97135830
36,0.660066,1ec7a45d803ab472e7fe5c6625667289_shot_001_000,ssim,full,0.92966998
36,0.660066,1ec7a45d803ab472e7fe5c6625667289_shot_001_000,lpips,mouth,0.09712073
36,0.660066,1ec7a45d803ab472e7fe5c6625667289_shot_001_000,lpips,full,0.06282716
36,0.660066,1ec7a45d803ab472e7fe5c6625667289_shot_001_000,sharpness,mouth,9.4253
36,0.660066,1ec7a45d803ab472e7fe5c6625667289_shot_001_000,lmd,mouth,4.616571
36,0.660066,1ec7a45d803ab472e7fe5c6625667289_shot_001_000,sync_d,mouth,8.284638
36,0.660066,1ec7a45d803ab472e7fe5c6625667289_shot_001_000,sync_c,mouth,5.111867
37,0.636942,1ec7a45d803ab472e7fe5c6625667289_shot_001_000,pixel_mse,mouth,0.00285887
37,0.636942,1ec7a45d803ab472e7fe5c6625667289_shot_001_000,pixel_mse,upper_face,0.00007643
37,0.636942,1ec7a45d803ab472e7fe5c6625667289_shot_001_000,pixel_mse,full,0.00120888
37,0.636942,1ec7a45d803ab472e7fe5c6625667289_shot_001_000,ssim,mouth,0.86816192
37,0.636942,1ec7a45d803ab472e7fe5c6625667289_shot_001_000,ssim,upper_face,0.97140849
37,0.636942,1ec7a45d803ab472e7fe5c6625667289_shot_001_000,ssim,full,0.92938739
37,0.636942,1ec7a45d803ab472e7fe5c6625667289_shot_001_000,lpips,mouth,0.09737331
37,0.636942,1ec7a45d803ab472e7fe5c6625667289_shot_001_000,lpips,full,0.06285355
37,0.636942,1ec7a45d803ab472e7fe5c6625667289_shot_001_000,sharpness,mouth,9.4150
37,0.636942,1ec7a45d803ab472e7fe5c6625667289_shot_001_000,lmd,mouth,4.619994
37,0.636942,1ec7a45d803ab472e7fe5c6625667289_shot_001_000,sync_d,mouth,8.220051
37,0.636942,1ec7a45d803ab472e7fe5c6625667289_shot_001_000,sync_c,mouth,5.029451
38,0.611932,1ec7a45d803ab472e7fe5c6625667289_shot_001_000,pixel_mse,mouth,0.00289960
38,0.611932,1ec7a45d803ab472e7fe5c6625667289_shot_001_000,pixel_mse,upper_face,0.00007620
38,0.611932,1ec7a45d803ab472e7fe5c6625667289_shot_001_000,pixel_mse,full,0.00122532
38,0.611932,1ec7a45d803ab472e7fe5c6625667289_shot_001_000,ssim,mouth,0.86712390
38,0.611932,1ec7a45d803ab472e7fe5c6625667289_shot_001_000,ssim,upper_face,0.97147012
38,0.611932,1ec7a45d803ab472e7fe5c6625667289_shot_001_000,ssim,full,0.92900139
38,0.611932,1ec7a45d803ab472e7fe5c6625667289_shot_001_000,lpips,mouth,0.09752848
38,0.611932,1ec7a45d803ab472e7fe5c6625667289_shot_001_000,lpips,full,0.06301662
38,0.611932,1ec7a45d803ab472e7fe5c6625667289_shot_001_000,sharpness,mouth,9.4358
38,0.611932,1ec7a45d803ab472e7fe5c6625667289_shot_001_000,lmd,mouth,4.589557
38,0.611932,1ec7a45d803ab472e7fe5c6625667289_shot_001_000,sync_d,mouth,8.101192
38,0.611932,1ec7a45d803ab472e7fe5c6625667289_shot_001_000,sync_c,mouth,5.194472
39,0.584795,1ec7a45d803ab472e7fe5c6625667289_shot_001_000,pixel_mse,mouth,0.00294753
39,0.584795,1ec7a45d803ab472e7fe5c6625667289_shot_001_000,pixel_mse,upper_face,0.00007583
39,0.584795,1ec7a45d803ab472e7fe5c6625667289_shot_001_000,pixel_mse,full,0.00124460
39,0.584795,1ec7a45d803ab472e7fe5c6625667289_shot_001_000,ssim,mouth,0.86622941
39,0.584795,1ec7a45d803ab472e7fe5c6625667289_shot_001_000,ssim,upper_face,0.97153163
39,0.584795,1ec7a45d803ab472e7fe5c6625667289_shot_001_000,ssim,full,0.92867392
39,0.584795,1ec7a45d803ab472e7fe5c6625667289_shot_001_000,lpips,mouth,0.09814379
39,0.584795,1ec7a45d803ab472e7fe5c6625667289_shot_001_000,lpips,full,0.06329148
39,0.584795,1ec7a45d803ab472e7fe5c6625667289_shot_001_000,sharpness,mouth,9.4180
39,0.584795,1ec7a45d803ab472e7fe5c6625667289_shot_001_000,lmd,mouth,4.665533
39,0.584795,1ec7a45d803ab472e7fe5c6625667289_shot_001_000,sync_d,mouth,8.066051
39,0.584795,1ec7a45d803ab472e7fe5c6625667289_shot_001_000,sync_c,mouth,5.165699
40,0.555247,1ec7a45d803ab472e7fe5c6625667289_shot_001_000,pixel_mse,mouth,0.00299886
40,0.555247,1ec7a45d803ab472e7fe5c6625667289_shot_001_000,pixel_mse,upper_face,0.00007603
40,0.555247,1ec7a45d803ab472e7fe5c6625667289_shot_001_000,pixel_mse,full,0.00126561
40,0.555247,1ec7a45d803ab472e7fe5c6625667289_shot_001_000,ssim,mouth,0.86521608
40,0.555247,1ec7a45d803ab472e7fe5c6625667289_shot_001_000,ssim,upper_face,0.97154963
40,0.555247,1ec7a45d803ab472e7fe5c6625667289_shot_001_000,ssim,full,0.92827213
40,0.555247,1ec7a45d803ab472e7fe5c6625667289_shot_001_000,lpips,mouth,0.09912162
40,0.555247,1ec7a45d803ab472e7fe5c6625667289_shot_001_000,lpips,full,0.06373385
40,0.555247,1ec7a45d803ab472e7fe5c6625667289_shot_001_000,sharpness,mouth,9.4550
40,0.555247,1ec7a45d803ab472e7fe5c6625667289_shot_001_000,lmd,mouth,4.592618
40,0.555247,1ec7a45d803ab472e7fe5c6625667289_shot_001_000,sync_d,mouth,8.025919
40,0.555247,1ec7a45d803ab472e7fe5c6625667289_shot_001_000,sync_c,mouth,5.183829
41,0.522951,1ec7a45d803ab472e7fe5c6625667289_shot_001_000,pixel_mse,mouth,0.00305231
41,0.522951,1ec7a45d803ab472e7fe5c6625667289_shot_001_000,pixel_mse,upper_face,0.00007633
41,0.522951,1ec7a45d803ab472e7fe5c6625667289_shot_001_000,pixel_mse,full,0.00128755
41,0.522951,1ec7a45d803ab472e7fe5c6625667289_shot_001_000,ssim,mouth,0.86401886
41,0.522951,1ec7a45d803ab472e7fe5c6625667289_shot_001_000,ssim,upper_face,0.97156578
41,0.522951,1ec7a45d803ab472e7fe5c6625667289_shot_001_000,ssim,full,0.92779446
41,0.522951,1ec7a45d803ab472e7fe5c6625667289_shot_001_000,lpips,mouth,0.09966099
41,0.522951,1ec7a45d803ab472e7fe5c6625667289_shot_001_000,lpips,full,0.06391579
41,0.522951,1ec7a45d803ab472e7fe5c6625667289_shot_001_000,sharpness,mouth,9.4272
41,0.522951,1ec7a45d803ab472e7fe5c6625667289_shot_001_000,lmd,mouth,4.686653
41,0.522951,1ec7a45d803ab472e7fe5c6625667289_shot_001_000,sync_d,mouth,8.090243
41,0.522951,1ec7a45d803ab472e7fe5c6625667289_shot_001_000,sync_c,mouth,5.142493
42,0.487507,1ec7a45d803ab472e7fe5c6625667289_shot_001_000,pixel_mse,mouth,0.00312582
42,0.487507,1ec7a45d803ab472e7fe5c6625667289_shot_001_000,pixel_mse,upper_face,0.00007668
42,0.487507,1ec7a45d803ab472e7fe5c6625667289_shot_001_000,pixel_mse,full,0.00131767
42,0.487507,1ec7a45d803ab472e7fe5c6625667289_shot_001_000,ssim,mouth,0.86291921
42,0.487507,1ec7a45d803ab472e7fe5c6625667289_shot_001_000,ssim,upper_face,0.97157174
42,0.487507,1ec7a45d803ab472e7fe5c6625667289_shot_001_000,ssim,full,0.92735034
42,0.487507,1ec7a45d803ab472e7fe5c6625667289_shot_001_000,lpips,mouth,0.10096664
42,0.487507,1ec7a45d803ab472e7fe5c6625667289_shot_001_000,lpips,full,0.06461532
42,0.487507,1ec7a45d803ab472e7fe5c6625667289_shot_001_000,sharpness,mouth,9.4670
42,0.487507,1ec7a45d803ab472e7fe5c6625667289_shot_001_000,lmd,mouth,4.675547
42,0.487507,1ec7a45d803ab472e7fe5c6625667289_shot_001_000,sync_d,mouth,7.942839
42,0.487507,1ec7a45d803ab472e7fe5c6625667289_shot_001_000,sync_c,mouth,5.208720
43,0.448430,1ec7a45d803ab472e7fe5c6625667289_shot_001_000,pixel_mse,mouth,0.00321137
43,0.448430,1ec7a45d803ab472e7fe5c6625667289_shot_001_000,pixel_mse,upper_face,0.00007668
43,0.448430,1ec7a45d803ab472e7fe5c6625667289_shot_001_000,pixel_mse,full,0.00135249
43,0.448430,1ec7a45d803ab472e7fe5c6625667289_shot_001_000,ssim,mouth,0.86150014
43,0.448430,1ec7a45d803ab472e7fe5c6625667289_shot_001_000,ssim,upper_face,0.97159725
43,0.448430,1ec7a45d803ab472e7fe5c6625667289_shot_001_000,ssim,full,0.92678797
43,0.448430,1ec7a45d803ab472e7fe5c6625667289_shot_001_000,lpips,mouth,0.10239749
43,0.448430,1ec7a45d803ab472e7fe5c6625667289_shot_001_000,lpips,full,0.06547551
43,0.448430,1ec7a45d803ab472e7fe5c6625667289_shot_001_000,sharpness,mouth,9.4435
43,0.448430,1ec7a45d803ab472e7fe5c6625667289_shot_001_000,lmd,mouth,4.776889
43,0.448430,1ec7a45d803ab472e7fe5c6625667289_shot_001_000,sync_d,mouth,8.000165
43,0.448430,1ec7a45d803ab472e7fe5c6625667289_shot_001_000,sync_c,mouth,5.168088
44,0.405131,1ec7a45d803ab472e7fe5c6625667289_shot_001_000,pixel_mse,mouth,0.00327298
44,0.405131,1ec7a45d803ab472e7fe5c6625667289_shot_001_000,pixel_mse,upper_face,0.00007698
44,0.405131,1ec7a45d803ab472e7fe5c6625667289_shot_001_000,pixel_mse,full,0.00137774
44,0.405131,1ec7a45d803ab472e7fe5c6625667289_shot_001_000,ssim,mouth,0.86038285
44,0.405131,1ec7a45d803ab472e7fe5c6625667289_shot_001_000,ssim,upper_face,0.97164303
44,0.405131,1ec7a45d803ab472e7fe5c6625667289_shot_001_000,ssim,full,0.92636043
44,0.405131,1ec7a45d803ab472e7fe5c6625667289_shot_001_000,lpips,mouth,0.10411072
44,0.405131,1ec7a45d803ab472e7fe5c6625667289_shot_001_000,lpips,full,0.06632027
44,0.405131,1ec7a45d803ab472e7fe5c6625667289_shot_001_000,sharpness,mouth,9.4561
44,0.405131,1ec7a45d803ab472e7fe5c6625667289_shot_001_000,lmd,mouth,4.835688
44,0.405131,1ec7a45d803ab472e7fe5c6625667289_shot_001_000,sync_d,mouth,7.905798
44,0.405131,1ec7a45d803ab472e7fe5c6625667289_shot_001_000,sync_c,mouth,5.334791
45,0.356888,1ec7a45d803ab472e7fe5c6625667289_shot_001_000,pixel_mse,mouth,0.00334187
45,0.356888,1ec7a45d803ab472e7fe5c6625667289_shot_001_000,pixel_mse,upper_face,0.00007799
45,0.356888,1ec7a45d803ab472e7fe5c6625667289_shot_001_000,pixel_mse,full,0.00140638
45,0.356888,1ec7a45d803ab472e7fe5c6625667289_shot_001_000,ssim,mouth,0.85929769
45,0.356888,1ec7a45d803ab472e7fe5c6625667289_shot_001_000,ssim,upper_face,0.97155827
45,0.356888,1ec7a45d803ab472e7fe5c6625667289_shot_001_000,ssim,full,0.92586845
45,0.356888,1ec7a45d803ab472e7fe5c6625667289_shot_001_000,lpips,mouth,0.10565315
45,0.356888,1ec7a45d803ab472e7fe5c6625667289_shot_001_000,lpips,full,0.06711008
45,0.356888,1ec7a45d803ab472e7fe5c6625667289_shot_001_000,sharpness,mouth,9.4638
45,0.356888,1ec7a45d803ab472e7fe5c6625667289_shot_001_000,lmd,mouth,4.829989
45,0.356888,1ec7a45d803ab472e7fe5c6625667289_shot_001_000,sync_d,mouth,8.031771
45,0.356888,1ec7a45d803ab472e7fe5c6625667289_shot_001_000,sync_c,mouth,5.190576
46,0.302801,1ec7a45d803ab472e7fe5c6625667289_shot_001_000,pixel_mse,mouth,0.00341061
46,0.302801,1ec7a45d803ab472e7fe5c6625667289_shot_001_000,pixel_mse,upper_face,0.00007959
46,0.302801,1ec7a45d803ab472e7fe5c6625667289_shot_001_000,pixel_mse,full,0.00143531
46,0.302801,1ec7a45d803ab472e7fe5c6625667289_shot_001_000,ssim,mouth,0.85827762
46,0.302801,1ec7a45d803ab472e7fe5c6625667289_shot_001_000,ssim,upper_face,0.97146070
46,0.302801,1ec7a45d803ab472e7fe5c6625667289_shot_001_000,ssim,full,0.92539543
46,0.302801,1ec7a45d803ab472e7fe5c6625667289_shot_001_000,lpips,mouth,0.10680337
46,0.302801,1ec7a45d803ab472e7fe5c6625667289_shot_001_000,lpips,full,0.06785679
46,0.302801,1ec7a45d803ab472e7fe5c6625667289_shot_001_000,sharpness,mouth,9.5115
46,0.302801,1ec7a45d803ab472e7fe5c6625667289_shot_001_000,lmd,mouth,4.940429
46,0.302801,1ec7a45d803ab472e7fe5c6625667289_shot_001_000,sync_d,mouth,8.187178
46,0.302801,1ec7a45d803ab472e7fe5c6625667289_shot_001_000,sync_c,mouth,5.092683
47,0.241740,1ec7a45d803ab472e7fe5c6625667289_shot_001_000,pixel_mse,mouth,0.00348555
47,0.241740,1ec7a45d803ab472e7fe5c6625667289_shot_001_000,pixel_mse,upper_face,0.00008117
47,0.241740,1ec7a45d803ab472e7fe5c6625667289_shot_001_000,pixel_mse,full,0.00146675
47,0.241740,1ec7a45d803ab472e7fe5c6625667289_shot_001_000,ssim,mouth,0.85716164
47,0.241740,1ec7a45d803ab472e7fe5c6625667289_shot_001_000,ssim,upper_face,0.97125798
47,0.241740,1ec7a45d803ab472e7fe5c6625667289_shot_001_000,ssim,full,0.92482108
47,0.241740,1ec7a45d803ab472e7fe5c6625667289_shot_001_000,lpips,mouth,0.10847871
47,0.241740,1ec7a45d803ab472e7fe5c6625667289_shot_001_000,lpips,full,0.06872648
47,0.241740,1ec7a45d803ab472e7fe5c6625667289_shot_001_000,sharpness,mouth,9.4911
47,0.241740,1ec7a45d803ab472e7fe5c6625667289_shot_001_000,lmd,mouth,5.014606
47,0.241740,1ec7a45d803ab472e7fe5c6625667289_shot_001_000,sync_d,mouth,8.041373
47,0.241740,1ec7a45d803ab472e7fe5c6625667289_shot_001_000,sync_c,mouth,5.246096
48,0.172265,1ec7a45d803ab472e7fe5c6625667289_shot_001_000,pixel_mse,mouth,0.00356042
48,0.172265,1ec7a45d803ab472e7fe5c6625667289_shot_001_000,pixel_mse,upper_face,0.00008561
48,0.172265,1ec7a45d803ab472e7fe5c6625667289_shot_001_000,pixel_mse,full,0.00149985
48,0.172265,1ec7a45d803ab472e7fe5c6625667289_shot_001_000,ssim,mouth,0.85607392
48,0.172265,1ec7a45d803ab472e7fe5c6625667289_shot_001_000,ssim,upper_face,0.97078604
48,0.172265,1ec7a45d803ab472e7fe5c6625667289_shot_001_000,ssim,full,0.92409855
48,0.172265,1ec7a45d803ab472e7fe5c6625667289_shot_001_000,lpips,mouth,0.11039594
48,0.172265,1ec7a45d803ab472e7fe5c6625667289_shot_001_000,lpips,full,0.06999839
48,0.172265,1ec7a45d803ab472e7fe5c6625667289_shot_001_000,sharpness,mouth,9.5354
48,0.172265,1ec7a45d803ab472e7fe5c6625667289_shot_001_000,lmd,mouth,5.064872
48,0.172265,1ec7a45d803ab472e7fe5c6625667289_shot_001_000,sync_d,mouth,8.065456
48,0.172265,1ec7a45d803ab472e7fe5c6625667289_shot_001_000,sync_c,mouth,5.264067
49,0.092507,1ec7a45d803ab472e7fe5c6625667289_shot_001_000,pixel_mse,mouth,0.00362074
49,0.092507,1ec7a45d803ab472e7fe5c6625667289_shot_001_000,pixel_mse,upper_face,0.00009674
49,0.092507,1ec7a45d803ab472e7fe5c6625667289_shot_001_000,pixel_mse,full,0.00153100
49,0.092507,1ec7a45d803ab472e7fe5c6625667289_shot_001_000,ssim,mouth,0.85480773
49,0.092507,1ec7a45d803ab472e7fe5c6625667289_shot_001_000,ssim,upper_face,0.96935642
49,0.092507,1ec7a45d803ab472e7fe5c6625667289_shot_001_000,ssim,full,0.92273533
49,0.092507,1ec7a45d803ab472e7fe5c6625667289_shot_001_000,lpips,mouth,0.11260118
49,0.092507,1ec7a45d803ab472e7fe5c6625667289_shot_001_000,lpips,full,0.07182822
49,0.092507,1ec7a45d803ab472e7fe5c6625667289_shot_001_000,sharpness,mouth,9.6251
49,0.092507,1ec7a45d803ab472e7fe5c6625667289_shot_001_000,lmd,mouth,5.182849
49,0.092507,1ec7a45d803ab472e7fe5c6625667289_shot_001_000,sync_d,mouth,8.213117
49,0.092507,1ec7a45d803ab472e7fe5c6625667289_shot_001_000,sync_c,mouth,5.069990
-1,gt,283979598869ec6d8c5cdbe66eb5ecb8_shot_001_000,sharpness,mouth,6.5740
-1,gt,283979598869ec6d8c5cdbe66eb5ecb8_shot_001_000,sync_d,mouth,7.860506
-1,gt,283979598869ec6d8c5cdbe66eb5ecb8_shot_001_000,sync_c,mouth,5.337377
0,0.999000,283979598869ec6d8c5cdbe66eb5ecb8_shot_001_000,pixel_mse,mouth,0.00032279
0,0.999000,283979598869ec6d8c5cdbe66eb5ecb8_shot_001_000,pixel_mse,upper_face,0.00006739
0,0.999000,283979598869ec6d8c5cdbe66eb5ecb8_shot_001_000,pixel_mse,full,0.00017134
0,0.999000,283979598869ec6d8c5cdbe66eb5ecb8_shot_001_000,ssim,mouth,0.93713433
0,0.999000,283979598869ec6d8c5cdbe66eb5ecb8_shot_001_000,ssim,upper_face,0.97193176
0,0.999000,283979598869ec6d8c5cdbe66eb5ecb8_shot_001_000,ssim,full,0.95776922
0,0.999000,283979598869ec6d8c5cdbe66eb5ecb8_shot_001_000,lpips,mouth,0.07509536
0,0.999000,283979598869ec6d8c5cdbe66eb5ecb8_shot_001_000,lpips,full,0.05201364
0,0.999000,283979598869ec6d8c5cdbe66eb5ecb8_shot_001_000,sharpness,mouth,7.1630
0,0.999000,283979598869ec6d8c5cdbe66eb5ecb8_shot_001_000,lmd,mouth,2.042077
0,0.999000,283979598869ec6d8c5cdbe66eb5ecb8_shot_001_000,sync_d,mouth,8.149145
0,0.999000,283979598869ec6d8c5cdbe66eb5ecb8_shot_001_000,sync_c,mouth,4.497220
1,0.995732,283979598869ec6d8c5cdbe66eb5ecb8_shot_001_000,pixel_mse,mouth,0.00032535
1,0.995732,283979598869ec6d8c5cdbe66eb5ecb8_shot_001_000,pixel_mse,upper_face,0.00006691
1,0.995732,283979598869ec6d8c5cdbe66eb5ecb8_shot_001_000,pixel_mse,full,0.00017209
1,0.995732,283979598869ec6d8c5cdbe66eb5ecb8_shot_001_000,ssim,mouth,0.93773484
1,0.995732,283979598869ec6d8c5cdbe66eb5ecb8_shot_001_000,ssim,upper_face,0.97233534
1,0.995732,283979598869ec6d8c5cdbe66eb5ecb8_shot_001_000,ssim,full,0.95825297
1,0.995732,283979598869ec6d8c5cdbe66eb5ecb8_shot_001_000,lpips,mouth,0.07422496
1,0.995732,283979598869ec6d8c5cdbe66eb5ecb8_shot_001_000,lpips,full,0.05175149
1,0.995732,283979598869ec6d8c5cdbe66eb5ecb8_shot_001_000,sharpness,mouth,7.1534
1,0.995732,283979598869ec6d8c5cdbe66eb5ecb8_shot_001_000,lmd,mouth,2.003870
1,0.995732,283979598869ec6d8c5cdbe66eb5ecb8_shot_001_000,sync_d,mouth,8.464974
1,0.995732,283979598869ec6d8c5cdbe66eb5ecb8_shot_001_000,sync_c,mouth,4.200381
2,0.991530,283979598869ec6d8c5cdbe66eb5ecb8_shot_001_000,pixel_mse,mouth,0.00032657
2,0.991530,283979598869ec6d8c5cdbe66eb5ecb8_shot_001_000,pixel_mse,upper_face,0.00006627
2,0.991530,283979598869ec6d8c5cdbe66eb5ecb8_shot_001_000,pixel_mse,full,0.00017221
2,0.991530,283979598869ec6d8c5cdbe66eb5ecb8_shot_001_000,ssim,mouth,0.93963951
2,0.991530,283979598869ec6d8c5cdbe66eb5ecb8_shot_001_000,ssim,upper_face,0.97318691
2,0.991530,283979598869ec6d8c5cdbe66eb5ecb8_shot_001_000,ssim,full,0.95953321
2,0.991530,283979598869ec6d8c5cdbe66eb5ecb8_shot_001_000,lpips,mouth,0.07235043
2,0.991530,283979598869ec6d8c5cdbe66eb5ecb8_shot_001_000,lpips,full,0.05020341
2,0.991530,283979598869ec6d8c5cdbe66eb5ecb8_shot_001_000,sharpness,mouth,7.1004
2,0.991530,283979598869ec6d8c5cdbe66eb5ecb8_shot_001_000,lmd,mouth,1.982116
2,0.991530,283979598869ec6d8c5cdbe66eb5ecb8_shot_001_000,sync_d,mouth,8.558494
2,0.991530,283979598869ec6d8c5cdbe66eb5ecb8_shot_001_000,sync_c,mouth,4.123027
3,0.987187,283979598869ec6d8c5cdbe66eb5ecb8_shot_001_000,pixel_mse,mouth,0.00031261
3,0.987187,283979598869ec6d8c5cdbe66eb5ecb8_shot_001_000,pixel_mse,upper_face,0.00006391
3,0.987187,283979598869ec6d8c5cdbe66eb5ecb8_shot_001_000,pixel_mse,full,0.00016513
3,0.987187,283979598869ec6d8c5cdbe66eb5ecb8_shot_001_000,ssim,mouth,0.94227844
3,0.987187,283979598869ec6d8c5cdbe66eb5ecb8_shot_001_000,ssim,upper_face,0.97380459
3,0.987187,283979598869ec6d8c5cdbe66eb5ecb8_shot_001_000,ssim,full,0.96097368
3,0.987187,283979598869ec6d8c5cdbe66eb5ecb8_shot_001_000,lpips,mouth,0.07104635
3,0.987187,283979598869ec6d8c5cdbe66eb5ecb8_shot_001_000,lpips,full,0.04920134
3,0.987187,283979598869ec6d8c5cdbe66eb5ecb8_shot_001_000,sharpness,mouth,7.0019
3,0.987187,283979598869ec6d8c5cdbe66eb5ecb8_shot_001_000,lmd,mouth,1.972623
3,0.987187,283979598869ec6d8c5cdbe66eb5ecb8_shot_001_000,sync_d,mouth,8.365600
3,0.987187,283979598869ec6d8c5cdbe66eb5ecb8_shot_001_000,sync_c,mouth,4.372004
4,0.982696,283979598869ec6d8c5cdbe66eb5ecb8_shot_001_000,pixel_mse,mouth,0.00028928
4,0.982696,283979598869ec6d8c5cdbe66eb5ecb8_shot_001_000,pixel_mse,upper_face,0.00006048
4,0.982696,283979598869ec6d8c5cdbe66eb5ecb8_shot_001_000,pixel_mse,full,0.00015360
4,0.982696,283979598869ec6d8c5cdbe66eb5ecb8_shot_001_000,ssim,mouth,0.94396645
4,0.982696,283979598869ec6d8c5cdbe66eb5ecb8_shot_001_000,ssim,upper_face,0.97416562
4,0.982696,283979598869ec6d8c5cdbe66eb5ecb8_shot_001_000,ssim,full,0.96187460
4,0.982696,283979598869ec6d8c5cdbe66eb5ecb8_shot_001_000,lpips,mouth,0.06945904
4,0.982696,283979598869ec6d8c5cdbe66eb5ecb8_shot_001_000,lpips,full,0.04803843
4,0.982696,283979598869ec6d8c5cdbe66eb5ecb8_shot_001_000,sharpness,mouth,6.9967
4,0.982696,283979598869ec6d8c5cdbe66eb5ecb8_shot_001_000,lmd,mouth,1.963850
4,0.982696,283979598869ec6d8c5cdbe66eb5ecb8_shot_001_000,sync_d,mouth,8.214204
4,0.982696,283979598869ec6d8c5cdbe66eb5ecb8_shot_001_000,sync_c,mouth,4.462762
5,0.978048,283979598869ec6d8c5cdbe66eb5ecb8_shot_001_000,pixel_mse,mouth,0.00028352
5,0.978048,283979598869ec6d8c5cdbe66eb5ecb8_shot_001_000,pixel_mse,upper_face,0.00005855
5,0.978048,283979598869ec6d8c5cdbe66eb5ecb8_shot_001_000,pixel_mse,full,0.00015011
5,0.978048,283979598869ec6d8c5cdbe66eb5ecb8_shot_001_000,ssim,mouth,0.94491482
5,0.978048,283979598869ec6d8c5cdbe66eb5ecb8_shot_001_000,ssim,upper_face,0.97443002
5,0.978048,283979598869ec6d8c5cdbe66eb5ecb8_shot_001_000,ssim,full,0.96241742
5,0.978048,283979598869ec6d8c5cdbe66eb5ecb8_shot_001_000,lpips,mouth,0.06856541
5,0.978048,283979598869ec6d8c5cdbe66eb5ecb8_shot_001_000,lpips,full,0.04723504
5,0.978048,283979598869ec6d8c5cdbe66eb5ecb8_shot_001_000,sharpness,mouth,6.9332
5,0.978048,283979598869ec6d8c5cdbe66eb5ecb8_shot_001_000,lmd,mouth,1.892690
5,0.978048,283979598869ec6d8c5cdbe66eb5ecb8_shot_001_000,sync_d,mouth,8.340163
5,0.978048,283979598869ec6d8c5cdbe66eb5ecb8_shot_001_000,sync_c,mouth,4.350902
6,0.973236,283979598869ec6d8c5cdbe66eb5ecb8_shot_001_000,pixel_mse,mouth,0.00027809
6,0.973236,283979598869ec6d8c5cdbe66eb5ecb8_shot_001_000,pixel_mse,upper_face,0.00005682
6,0.973236,283979598869ec6d8c5cdbe66eb5ecb8_shot_001_000,pixel_mse,full,0.00014687
6,0.973236,283979598869ec6d8c5cdbe66eb5ecb8_shot_001_000,ssim,mouth,0.94523460
6,0.973236,283979598869ec6d8c5cdbe66eb5ecb8_shot_001_000,ssim,upper_face,0.97466129
6,0.973236,283979598869ec6d8c5cdbe66eb5ecb8_shot_001_000,ssim,full,0.96268463
6,0.973236,283979598869ec6d8c5cdbe66eb5ecb8_shot_001_000,lpips,mouth,0.06770647
6,0.973236,283979598869ec6d8c5cdbe66eb5ecb8_shot_001_000,lpips,full,0.04675544
6,0.973236,283979598869ec6d8c5cdbe66eb5ecb8_shot_001_000,sharpness,mouth,6.9902
6,0.973236,283979598869ec6d8c5cdbe66eb5ecb8_shot_001_000,lmd,mouth,1.928949
6,0.973236,283979598869ec6d8c5cdbe66eb5ecb8_shot_001_000,sync_d,mouth,8.342759
6,0.973236,283979598869ec6d8c5cdbe66eb5ecb8_shot_001_000,sync_c,mouth,4.428877
7,0.968250,283979598869ec6d8c5cdbe66eb5ecb8_shot_001_000,pixel_mse,mouth,0.00028008
7,0.968250,283979598869ec6d8c5cdbe66eb5ecb8_shot_001_000,pixel_mse,upper_face,0.00005456
7,0.968250,283979598869ec6d8c5cdbe66eb5ecb8_shot_001_000,pixel_mse,full,0.00014635
7,0.968250,283979598869ec6d8c5cdbe66eb5ecb8_shot_001_000,ssim,mouth,0.94512838
7,0.968250,283979598869ec6d8c5cdbe66eb5ecb8_shot_001_000,ssim,upper_face,0.97495091
7,0.968250,283979598869ec6d8c5cdbe66eb5ecb8_shot_001_000,ssim,full,0.96281320
7,0.968250,283979598869ec6d8c5cdbe66eb5ecb8_shot_001_000,lpips,mouth,0.06724133
7,0.968250,283979598869ec6d8c5cdbe66eb5ecb8_shot_001_000,lpips,full,0.04636094
7,0.968250,283979598869ec6d8c5cdbe66eb5ecb8_shot_001_000,sharpness,mouth,6.9829
7,0.968250,283979598869ec6d8c5cdbe66eb5ecb8_shot_001_000,lmd,mouth,1.942513
7,0.968250,283979598869ec6d8c5cdbe66eb5ecb8_shot_001_000,sync_d,mouth,7.942906
7,0.968250,283979598869ec6d8c5cdbe66eb5ecb8_shot_001_000,sync_c,mouth,4.698772
8,0.963082,283979598869ec6d8c5cdbe66eb5ecb8_shot_001_000,pixel_mse,mouth,0.00027334
8,0.963082,283979598869ec6d8c5cdbe66eb5ecb8_shot_001_000,pixel_mse,upper_face,0.00005224
8,0.963082,283979598869ec6d8c5cdbe66eb5ecb8_shot_001_000,pixel_mse,full,0.00014222
8,0.963082,283979598869ec6d8c5cdbe66eb5ecb8_shot_001_000,ssim,mouth,0.94539982
8,0.963082,283979598869ec6d8c5cdbe66eb5ecb8_shot_001_000,ssim,upper_face,0.97518057
8,0.963082,283979598869ec6d8c5cdbe66eb5ecb8_shot_001_000,ssim,full,0.96305990
8,0.963082,283979598869ec6d8c5cdbe66eb5ecb8_shot_001_000,lpips,mouth,0.06601073
8,0.963082,283979598869ec6d8c5cdbe66eb5ecb8_shot_001_000,lpips,full,0.04546786
8,0.963082,283979598869ec6d8c5cdbe66eb5ecb8_shot_001_000,sharpness,mouth,6.9904
8,0.963082,283979598869ec6d8c5cdbe66eb5ecb8_shot_001_000,lmd,mouth,1.883728
8,0.963082,283979598869ec6d8c5cdbe66eb5ecb8_shot_001_000,sync_d,mouth,8.127705
8,0.963082,283979598869ec6d8c5cdbe66eb5ecb8_shot_001_000,sync_c,mouth,4.512179
9,0.957720,283979598869ec6d8c5cdbe66eb5ecb8_shot_001_000,pixel_mse,mouth,0.00027219
9,0.957720,283979598869ec6d8c5cdbe66eb5ecb8_shot_001_000,pixel_mse,upper_face,0.00005034
9,0.957720,283979598869ec6d8c5cdbe66eb5ecb8_shot_001_000,pixel_mse,full,0.00014063
9,0.957720,283979598869ec6d8c5cdbe66eb5ecb8_shot_001_000,ssim,mouth,0.94523734
9,0.957720,283979598869ec6d8c5cdbe66eb5ecb8_shot_001_000,ssim,upper_face,0.97534955
9,0.957720,283979598869ec6d8c5cdbe66eb5ecb8_shot_001_000,ssim,full,0.96309400
9,0.957720,283979598869ec6d8c5cdbe66eb5ecb8_shot_001_000,lpips,mouth,0.06552918
9,0.957720,283979598869ec6d8c5cdbe66eb5ecb8_shot_001_000,lpips,full,0.04503936
9,0.957720,283979598869ec6d8c5cdbe66eb5ecb8_shot_001_000,sharpness,mouth,7.0305
9,0.957720,283979598869ec6d8c5cdbe66eb5ecb8_shot_001_000,lmd,mouth,1.931957
9,0.957720,283979598869ec6d8c5cdbe66eb5ecb8_shot_001_000,sync_d,mouth,8.026484
9,0.957720,283979598869ec6d8c5cdbe66eb5ecb8_shot_001_000,sync_c,mouth,4.647946
10,0.952154,283979598869ec6d8c5cdbe66eb5ecb8_shot_001_000,pixel_mse,mouth,0.00027073
10,0.952154,283979598869ec6d8c5cdbe66eb5ecb8_shot_001_000,pixel_mse,upper_face,0.00004932
10,0.952154,283979598869ec6d8c5cdbe66eb5ecb8_shot_001_000,pixel_mse,full,0.00013944
10,0.952154,283979598869ec6d8c5cdbe66eb5ecb8_shot_001_000,ssim,mouth,0.94510978
10,0.952154,283979598869ec6d8c5cdbe66eb5ecb8_shot_001_000,ssim,upper_face,0.97550720
10,0.952154,283979598869ec6d8c5cdbe66eb5ecb8_shot_001_000,ssim,full,0.96313554
10,0.952154,283979598869ec6d8c5cdbe66eb5ecb8_shot_001_000,lpips,mouth,0.06484074
10,0.952154,283979598869ec6d8c5cdbe66eb5ecb8_shot_001_000,lpips,full,0.04480924
10,0.952154,283979598869ec6d8c5cdbe66eb5ecb8_shot_001_000,sharpness,mouth,7.0157
10,0.952154,283979598869ec6d8c5cdbe66eb5ecb8_shot_001_000,lmd,mouth,1.923255
10,0.952154,283979598869ec6d8c5cdbe66eb5ecb8_shot_001_000,sync_d,mouth,8.160553
10,0.952154,283979598869ec6d8c5cdbe66eb5ecb8_shot_001_000,sync_c,mouth,4.575130
11,0.946372,283979598869ec6d8c5cdbe66eb5ecb8_shot_001_000,pixel_mse,mouth,0.00027420
11,0.946372,283979598869ec6d8c5cdbe66eb5ecb8_shot_001_000,pixel_mse,upper_face,0.00004869
11,0.946372,283979598869ec6d8c5cdbe66eb5ecb8_shot_001_000,pixel_mse,full,0.00014047
11,0.946372,283979598869ec6d8c5cdbe66eb5ecb8_shot_001_000,ssim,mouth,0.94463205
11,0.946372,283979598869ec6d8c5cdbe66eb5ecb8_shot_001_000,ssim,upper_face,0.97561550
11,0.946372,283979598869ec6d8c5cdbe66eb5ecb8_shot_001_000,ssim,full,0.96300554
11,0.946372,283979598869ec6d8c5cdbe66eb5ecb8_shot_001_000,lpips,mouth,0.06435194
11,0.946372,283979598869ec6d8c5cdbe66eb5ecb8_shot_001_000,lpips,full,0.04428466
11,0.946372,283979598869ec6d8c5cdbe66eb5ecb8_shot_001_000,sharpness,mouth,7.0344
11,0.946372,283979598869ec6d8c5cdbe66eb5ecb8_shot_001_000,lmd,mouth,1.912442
11,0.946372,283979598869ec6d8c5cdbe66eb5ecb8_shot_001_000,sync_d,mouth,8.086849
11,0.946372,283979598869ec6d8c5cdbe66eb5ecb8_shot_001_000,sync_c,mouth,4.424864
12,0.940361,283979598869ec6d8c5cdbe66eb5ecb8_shot_001_000,pixel_mse,mouth,0.00028087
12,0.940361,283979598869ec6d8c5cdbe66eb5ecb8_shot_001_000,pixel_mse,upper_face,0.00004850
12,0.940361,283979598869ec6d8c5cdbe66eb5ecb8_shot_001_000,pixel_mse,full,0.00014307
12,0.940361,283979598869ec6d8c5cdbe66eb5ecb8_shot_001_000,ssim,mouth,0.94418305
12,0.940361,283979598869ec6d8c5cdbe66eb5ecb8_shot_001_000,ssim,upper_face,0.97570813
12,0.940361,283979598869ec6d8c5cdbe66eb5ecb8_shot_001_000,ssim,full,0.96287733
12,0.940361,283979598869ec6d8c5cdbe66eb5ecb8_shot_001_000,lpips,mouth,0.06415969
12,0.940361,283979598869ec6d8c5cdbe66eb5ecb8_shot_001_000,lpips,full,0.04429226
12,0.940361,283979598869ec6d8c5cdbe66eb5ecb8_shot_001_000,sharpness,mouth,7.0470
12,0.940361,283979598869ec6d8c5cdbe66eb5ecb8_shot_001_000,lmd,mouth,1.931453
12,0.940361,283979598869ec6d8c5cdbe66eb5ecb8_shot_001_000,sync_d,mouth,8.245895
12,0.940361,283979598869ec6d8c5cdbe66eb5ecb8_shot_001_000,sync_c,mouth,4.425291
13,0.934107,283979598869ec6d8c5cdbe66eb5ecb8_shot_001_000,pixel_mse,mouth,0.00028210
13,0.934107,283979598869ec6d8c5cdbe66eb5ecb8_shot_001_000,pixel_mse,upper_face,0.00004783
13,0.934107,283979598869ec6d8c5cdbe66eb5ecb8_shot_001_000,pixel_mse,full,0.00014318
13,0.934107,283979598869ec6d8c5cdbe66eb5ecb8_shot_001_000,ssim,mouth,0.94372803
13,0.934107,283979598869ec6d8c5cdbe66eb5ecb8_shot_001_000,ssim,upper_face,0.97579712
13,0.934107,283979598869ec6d8c5cdbe66eb5ecb8_shot_001_000,ssim,full,0.96274501
13,0.934107,283979598869ec6d8c5cdbe66eb5ecb8_shot_001_000,lpips,mouth,0.06366120
13,0.934107,283979598869ec6d8c5cdbe66eb5ecb8_shot_001_000,lpips,full,0.04396499
13,0.934107,283979598869ec6d8c5cdbe66eb5ecb8_shot_001_000,sharpness,mouth,7.0690
13,0.934107,283979598869ec6d8c5cdbe66eb5ecb8_shot_001_000,lmd,mouth,1.947860
13,0.934107,283979598869ec6d8c5cdbe66eb5ecb8_shot_001_000,sync_d,mouth,8.203409
13,0.934107,283979598869ec6d8c5cdbe66eb5ecb8_shot_001_000,sync_c,mouth,4.401154
14,0.927596,283979598869ec6d8c5cdbe66eb5ecb8_shot_001_000,pixel_mse,mouth,0.00028486
14,0.927596,283979598869ec6d8c5cdbe66eb5ecb8_shot_001_000,pixel_mse,upper_face,0.00004646
14,0.927596,283979598869ec6d8c5cdbe66eb5ecb8_shot_001_000,pixel_mse,full,0.00014349
14,0.927596,283979598869ec6d8c5cdbe66eb5ecb8_shot_001_000,ssim,mouth,0.94338566
14,0.927596,283979598869ec6d8c5cdbe66eb5ecb8_shot_001_000,ssim,upper_face,0.97590005
14,0.927596,283979598869ec6d8c5cdbe66eb5ecb8_shot_001_000,ssim,full,0.96266663
14,0.927596,283979598869ec6d8c5cdbe66eb5ecb8_shot_001_000,lpips,mouth,0.06354340
14,0.927596,283979598869ec6d8c5cdbe66eb5ecb8_shot_001_000,lpips,full,0.04367121
14,0.927596,283979598869ec6d8c5cdbe66eb5ecb8_shot_001_000,sharpness,mouth,7.0579
14,0.927596,283979598869ec6d8c5cdbe66eb5ecb8_shot_001_000,lmd,mouth,1.877835
14,0.927596,283979598869ec6d8c5cdbe66eb5ecb8_shot_001_000,sync_d,mouth,7.877866
14,0.927596,283979598869ec6d8c5cdbe66eb5ecb8_shot_001_000,sync_c,mouth,4.480498
15,0.920810,283979598869ec6d8c5cdbe66eb5ecb8_shot_001_000,pixel_mse,mouth,0.00029336
15,0.920810,283979598869ec6d8c5cdbe66eb5ecb8_shot_001_000,pixel_mse,upper_face,0.00004648
15,0.920810,283979598869ec6d8c5cdbe66eb5ecb8_shot_001_000,pixel_mse,full,0.00014696
15,0.920810,283979598869ec6d8c5cdbe66eb5ecb8_shot_001_000,ssim,mouth,0.94268185
15,0.920810,283979598869ec6d8c5cdbe66eb5ecb8_shot_001_000,ssim,upper_face,0.97597814
15,0.920810,283979598869ec6d8c5cdbe66eb5ecb8_shot_001_000,ssim,full,0.96242666
15,0.920810,283979598869ec6d8c5cdbe66eb5ecb8_shot_001_000,lpips,mouth,0.06288695
15,0.920810,283979598869ec6d8c5cdbe66eb5ecb8_shot_001_000,lpips,full,0.04332153
15,0.920810,283979598869ec6d8c5cdbe66eb5ecb8_shot_001_000,sharpness,mouth,7.0349
15,0.920810,283979598869ec6d8c5cdbe66eb5ecb8_shot_001_000,lmd,mouth,2.017009
15,0.920810,283979598869ec6d8c5cdbe66eb5ecb8_shot_001_000,sync_d,mouth,7.497977
15,0.920810,283979598869ec6d8c5cdbe66eb5ecb8_shot_001_000,sync_c,mouth,5.055140
16,0.913733,283979598869ec6d8c5cdbe66eb5ecb8_shot_001_000,pixel_mse,mouth,0.00029482
16,0.913733,283979598869ec6d8c5cdbe66eb5ecb8_shot_001_000,pixel_mse,upper_face,0.00004554
16,0.913733,283979598869ec6d8c5cdbe66eb5ecb8_shot_001_000,pixel_mse,full,0.00014700
16,0.913733,283979598869ec6d8c5cdbe66eb5ecb8_shot_001_000,ssim,mouth,0.94223261
16,0.913733,283979598869ec6d8c5cdbe66eb5ecb8_shot_001_000,ssim,upper_face,0.97610587
16,0.913733,283979598869ec6d8c5cdbe66eb5ecb8_shot_001_000,ssim,full,0.96231955
16,0.913733,283979598869ec6d8c5cdbe66eb5ecb8_shot_001_000,lpips,mouth,0.06288429
16,0.913733,283979598869ec6d8c5cdbe66eb5ecb8_shot_001_000,lpips,full,0.04317700
16,0.913733,283979598869ec6d8c5cdbe66eb5ecb8_shot_001_000,sharpness,mouth,7.0669
16,0.913733,283979598869ec6d8c5cdbe66eb5ecb8_shot_001_000,lmd,mouth,2.000419
16,0.913733,283979598869ec6d8c5cdbe66eb5ecb8_shot_001_000,sync_d,mouth,7.421289
16,0.913733,283979598869ec6d8c5cdbe66eb5ecb8_shot_001_000,sync_c,mouth,5.001890
17,0.906344,283979598869ec6d8c5cdbe66eb5ecb8_shot_001_000,pixel_mse,mouth,0.00030260
17,0.906344,283979598869ec6d8c5cdbe66eb5ecb8_shot_001_000,pixel_mse,upper_face,0.00004545
17,0.906344,283979598869ec6d8c5cdbe66eb5ecb8_shot_001_000,pixel_mse,full,0.00015011
17,0.906344,283979598869ec6d8c5cdbe66eb5ecb8_shot_001_000,ssim,mouth,0.94200349
17,0.906344,283979598869ec6d8c5cdbe66eb5ecb8_shot_001_000,ssim,upper_face,0.97613221
17,0.906344,283979598869ec6d8c5cdbe66eb5ecb8_shot_001_000,ssim,full,0.96224195
17,0.906344,283979598869ec6d8c5cdbe66eb5ecb8_shot_001_000,lpips,mouth,0.06245467
17,0.906344,283979598869ec6d8c5cdbe66eb5ecb8_shot_001_000,lpips,full,0.04293681
17,0.906344,283979598869ec6d8c5cdbe66eb5ecb8_shot_001_000,sharpness,mouth,7.0596
17,0.906344,283979598869ec6d8c5cdbe66eb5ecb8_shot_001_000,lmd,mouth,1.988021
17,0.906344,283979598869ec6d8c5cdbe66eb5ecb8_shot_001_000,sync_d,mouth,7.662617
17,0.906344,283979598869ec6d8c5cdbe66eb5ecb8_shot_001_000,sync_c,mouth,4.867218
18,0.898624,283979598869ec6d8c5cdbe66eb5ecb8_shot_001_000,pixel_mse,mouth,0.00030272
18,0.898624,283979598869ec6d8c5cdbe66eb5ecb8_shot_001_000,pixel_mse,upper_face,0.00004495
18,0.898624,283979598869ec6d8c5cdbe66eb5ecb8_shot_001_000,pixel_mse,full,0.00014986
18,0.898624,283979598869ec6d8c5cdbe66eb5ecb8_shot_001_000,ssim,mouth,0.94174892
18,0.898624,283979598869ec6d8c5cdbe66eb5ecb8_shot_001_000,ssim,upper_face,0.97618604
18,0.898624,283979598869ec6d8c5cdbe66eb5ecb8_shot_001_000,ssim,full,0.96217018
18,0.898624,283979598869ec6d8c5cdbe66eb5ecb8_shot_001_000,lpips,mouth,0.06211269
18,0.898624,283979598869ec6d8c5cdbe66eb5ecb8_shot_001_000,lpips,full,0.04258369
18,0.898624,283979598869ec6d8c5cdbe66eb5ecb8_shot_001_000,sharpness,mouth,7.0916
18,0.898624,283979598869ec6d8c5cdbe66eb5ecb8_shot_001_000,lmd,mouth,2.090685
18,0.898624,283979598869ec6d8c5cdbe66eb5ecb8_shot_001_000,sync_d,mouth,7.624579
18,0.898624,283979598869ec6d8c5cdbe66eb5ecb8_shot_001_000,sync_c,mouth,4.837100
19,0.890548,283979598869ec6d8c5cdbe66eb5ecb8_shot_001_000,pixel_mse,mouth,0.00030930
19,0.890548,283979598869ec6d8c5cdbe66eb5ecb8_shot_001_000,pixel_mse,upper_face,0.00004457
19,0.890548,283979598869ec6d8c5cdbe66eb5ecb8_shot_001_000,pixel_mse,full,0.00015231
19,0.890548,283979598869ec6d8c5cdbe66eb5ecb8_shot_001_000,ssim,mouth,0.94132948
19,0.890548,283979598869ec6d8c5cdbe66eb5ecb8_shot_001_000,ssim,upper_face,0.97629642
19,0.890548,283979598869ec6d8c5cdbe66eb5ecb8_shot_001_000,ssim,full,0.96206486
19,0.890548,283979598869ec6d8c5cdbe66eb5ecb8_shot_001_000,lpips,mouth,0.06207996
19,0.890548,283979598869ec6d8c5cdbe66eb5ecb8_shot_001_000,lpips,full,0.04249549
19,0.890548,283979598869ec6d8c5cdbe66eb5ecb8_shot_001_000,sharpness,mouth,7.0782
19,0.890548,283979598869ec6d8c5cdbe66eb5ecb8_shot_001_000,lmd,mouth,2.154998
19,0.890548,283979598869ec6d8c5cdbe66eb5ecb8_shot_001_000,sync_d,mouth,7.291495
19,0.890548,283979598869ec6d8c5cdbe66eb5ecb8_shot_001_000,sync_c,mouth,5.109050
20,0.882093,283979598869ec6d8c5cdbe66eb5ecb8_shot_001_000,pixel_mse,mouth,0.00031295
20,0.882093,283979598869ec6d8c5cdbe66eb5ecb8_shot_001_000,pixel_mse,upper_face,0.00004426
20,0.882093,283979598869ec6d8c5cdbe66eb5ecb8_shot_001_000,pixel_mse,full,0.00015362
20,0.882093,283979598869ec6d8c5cdbe66eb5ecb8_shot_001_000,ssim,mouth,0.94089347
20,0.882093,283979598869ec6d8c5cdbe66eb5ecb8_shot_001_000,ssim,upper_face,0.97636038
20,0.882093,283979598869ec6d8c5cdbe66eb5ecb8_shot_001_000,ssim,full,0.96192545
20,0.882093,283979598869ec6d8c5cdbe66eb5ecb8_shot_001_000,lpips,mouth,0.06198436
20,0.882093,283979598869ec6d8c5cdbe66eb5ecb8_shot_001_000,lpips,full,0.04232750
20,0.882093,283979598869ec6d8c5cdbe66eb5ecb8_shot_001_000,sharpness,mouth,7.1061
20,0.882093,283979598869ec6d8c5cdbe66eb5ecb8_shot_001_000,lmd,mouth,2.157740
20,0.882093,283979598869ec6d8c5cdbe66eb5ecb8_shot_001_000,sync_d,mouth,7.416381
20,0.882093,283979598869ec6d8c5cdbe66eb5ecb8_shot_001_000,sync_c,mouth,4.997730
21,0.873231,283979598869ec6d8c5cdbe66eb5ecb8_shot_001_000,pixel_mse,mouth,0.00031884
21,0.873231,283979598869ec6d8c5cdbe66eb5ecb8_shot_001_000,pixel_mse,upper_face,0.00004409
21,0.873231,283979598869ec6d8c5cdbe66eb5ecb8_shot_001_000,pixel_mse,full,0.00015591
21,0.873231,283979598869ec6d8c5cdbe66eb5ecb8_shot_001_000,ssim,mouth,0.94045180
21,0.873231,283979598869ec6d8c5cdbe66eb5ecb8_shot_001_000,ssim,upper_face,0.97642666
21,0.873231,283979598869ec6d8c5cdbe66eb5ecb8_shot_001_000,ssim,full,0.96178490
21,0.873231,283979598869ec6d8c5cdbe66eb5ecb8_shot_001_000,lpips,mouth,0.06183237
21,0.873231,283979598869ec6d8c5cdbe66eb5ecb8_shot_001_000,lpips,full,0.04223091
21,0.873231,283979598869ec6d8c5cdbe66eb5ecb8_shot_001_000,sharpness,mouth,7.0860
21,0.873231,283979598869ec6d8c5cdbe66eb5ecb8_shot_001_000,lmd,mouth,2.150920
21,0.873231,283979598869ec6d8c5cdbe66eb5ecb8_shot_001_000,sync_d,mouth,7.444596
21,0.873231,283979598869ec6d8c5cdbe66eb5ecb8_shot_001_000,sync_c,mouth,5.085631
22,0.863931,283979598869ec6d8c5cdbe66eb5ecb8_shot_001_000,pixel_mse,mouth,0.00032380
22,0.863931,283979598869ec6d8c5cdbe66eb5ecb8_shot_001_000,pixel_mse,upper_face,0.00004395
22,0.863931,283979598869ec6d8c5cdbe66eb5ecb8_shot_001_000,pixel_mse,full,0.00015785
22,0.863931,283979598869ec6d8c5cdbe66eb5ecb8_shot_001_000,ssim,mouth,0.93993521
22,0.863931,283979598869ec6d8c5cdbe66eb5ecb8_shot_001_000,ssim,upper_face,0.97641963
22,0.863931,283979598869ec6d8c5cdbe66eb5ecb8_shot_001_000,ssim,full,0.96157044
22,0.863931,283979598869ec6d8c5cdbe66eb5ecb8_shot_001_000,lpips,mouth,0.06195947
22,0.863931,283979598869ec6d8c5cdbe66eb5ecb8_shot_001_000,lpips,full,0.04217522
22,0.863931,283979598869ec6d8c5cdbe66eb5ecb8_shot_001_000,sharpness,mouth,7.1299
22,0.863931,283979598869ec6d8c5cdbe66eb5ecb8_shot_001_000,lmd,mouth,2.152699
22,0.863931,283979598869ec6d8c5cdbe66eb5ecb8_shot_001_000,sync_d,mouth,7.337360
22,0.863931,283979598869ec6d8c5cdbe66eb5ecb8_shot_001_000,sync_c,mouth,5.245361
23,0.854160,283979598869ec6d8c5cdbe66eb5ecb8_shot_001_000,pixel_mse,mouth,0.00033064
23,0.854160,283979598869ec6d8c5cdbe66eb5ecb8_shot_001_000,pixel_mse,upper_face,0.00004370
23,0.854160,283979598869ec6d8c5cdbe66eb5ecb8_shot_001_000,pixel_mse,full,0.00016049
23,0.854160,283979598869ec6d8c5cdbe66eb5ecb8_shot_001_000,ssim,mouth,0.93935251
23,0.854160,283979598869ec6d8c5cdbe66eb5ecb8_shot_001_000,ssim,upper_face,0.97645354
23,0.854160,283979598869ec6d8c5cdbe66eb5ecb8_shot_001_000,ssim,full,0.96135354
23,0.854160,283979598869ec6d8c5cdbe66eb5ecb8_shot_001_000,lpips,mouth,0.06176139
23,0.854160,283979598869ec6d8c5cdbe66eb5ecb8_shot_001_000,lpips,full,0.04210979
23,0.854160,283979598869ec6d8c5cdbe66eb5ecb8_shot_001_000,sharpness,mouth,7.1024
23,0.854160,283979598869ec6d8c5cdbe66eb5ecb8_shot_001_000,lmd,mouth,2.130257
23,0.854160,283979598869ec6d8c5cdbe66eb5ecb8_shot_001_000,sync_d,mouth,7.339201
23,0.854160,283979598869ec6d8c5cdbe66eb5ecb8_shot_001_000,sync_c,mouth,5.076138
24,0.843882,283979598869ec6d8c5cdbe66eb5ecb8_shot_001_000,pixel_mse,mouth,0.00033584
24,0.843882,283979598869ec6d8c5cdbe66eb5ecb8_shot_001_000,pixel_mse,upper_face,0.00004357
24,0.843882,283979598869ec6d8c5cdbe66eb5ecb8_shot_001_000,pixel_mse,full,0.00016252
24,0.843882,283979598869ec6d8c5cdbe66eb5ecb8_shot_001_000,ssim,mouth,0.93893087
24,0.843882,283979598869ec6d8c5cdbe66eb5ecb8_shot_001_000,ssim,upper_face,0.97653186
24,0.843882,283979598869ec6d8c5cdbe66eb5ecb8_shot_001_000,ssim,full,0.96122837
24,0.843882,283979598869ec6d8c5cdbe66eb5ecb8_shot_001_000,lpips,mouth,0.06169152
24,0.843882,283979598869ec6d8c5cdbe66eb5ecb8_shot_001_000,lpips,full,0.04210647
24,0.843882,283979598869ec6d8c5cdbe66eb5ecb8_shot_001_000,sharpness,mouth,7.0796
24,0.843882,283979598869ec6d8c5cdbe66eb5ecb8_shot_001_000,lmd,mouth,2.144012
24,0.843882,283979598869ec6d8c5cdbe66eb5ecb8_shot_001_000,sync_d,mouth,7.172290
24,0.843882,283979598869ec6d8c5cdbe66eb5ecb8_shot_001_000,sync_c,mouth,5.378944
25,0.833055,283979598869ec6d8c5cdbe66eb5ecb8_shot_001_000,pixel_mse,mouth,0.00034041
25,0.833055,283979598869ec6d8c5cdbe66eb5ecb8_shot_001_000,pixel_mse,upper_face,0.00004344
25,0.833055,283979598869ec6d8c5cdbe66eb5ecb8_shot_001_000,pixel_mse,full,0.00016430
25,0.833055,283979598869ec6d8c5cdbe66eb5ecb8_shot_001_000,ssim,mouth,0.93835777
25,0.833055,283979598869ec6d8c5cdbe66eb5ecb8_shot_001_000,ssim,upper_face,0.97655362
25,0.833055,283979598869ec6d8c5cdbe66eb5ecb8_shot_001_000,ssim,full,0.96100795
25,0.833055,283979598869ec6d8c5cdbe66eb5ecb8_shot_001_000,lpips,mouth,0.06125928
25,0.833055,283979598869ec6d8c5cdbe66eb5ecb8_shot_001_000,lpips,full,0.04185583
25,0.833055,283979598869ec6d8c5cdbe66eb5ecb8_shot_001_000,sharpness,mouth,7.1192
25,0.833055,283979598869ec6d8c5cdbe66eb5ecb8_shot_001_000,lmd,mouth,2.242126
25,0.833055,283979598869ec6d8c5cdbe66eb5ecb8_shot_001_000,sync_d,mouth,7.081408
25,0.833055,283979598869ec6d8c5cdbe66eb5ecb8_shot_001_000,sync_c,mouth,5.425358
26,0.821636,283979598869ec6d8c5cdbe66eb5ecb8_shot_001_000,pixel_mse,mouth,0.00034576
26,0.821636,283979598869ec6d8c5cdbe66eb5ecb8_shot_001_000,pixel_mse,upper_face,0.00004301
26,0.821636,283979598869ec6d8c5cdbe66eb5ecb8_shot_001_000,pixel_mse,full,0.00016623
26,0.821636,283979598869ec6d8c5cdbe66eb5ecb8_shot_001_000,ssim,mouth,0.93789822
26,0.821636,283979598869ec6d8c5cdbe66eb5ecb8_shot_001_000,ssim,upper_face,0.97662061
26,0.821636,283979598869ec6d8c5cdbe66eb5ecb8_shot_001_000,ssim,full,0.96086073
26,0.821636,283979598869ec6d8c5cdbe66eb5ecb8_shot_001_000,lpips,mouth,0.06187945
26,0.821636,283979598869ec6d8c5cdbe66eb5ecb8_shot_001_000,lpips,full,0.04223520
26,0.821636,283979598869ec6d8c5cdbe66eb5ecb8_shot_001_000,sharpness,mouth,7.1289
26,0.821636,283979598869ec6d8c5cdbe66eb5ecb8_shot_001_000,lmd,mouth,2.171109
26,0.821636,283979598869ec6d8c5cdbe66eb5ecb8_shot_001_000,sync_d,mouth,6.966895
26,0.821636,283979598869ec6d8c5cdbe66eb5ecb8_shot_001_000,sync_c,mouth,5.587839
27,0.809574,283979598869ec6d8c5cdbe66eb5ecb8_shot_001_000,pixel_mse,mouth,0.00035263
27,0.809574,283979598869ec6d8c5cdbe66eb5ecb8_shot_001_000,pixel_mse,upper_face,0.00004299
27,0.809574,283979598869ec6d8c5cdbe66eb5ecb8_shot_001_000,pixel_mse,full,0.00016901
27,0.809574,283979598869ec6d8c5cdbe66eb5ecb8_shot_001_000,ssim,mouth,0.93737197
27,0.809574,283979598869ec6d8c5cdbe66eb5ecb8_shot_001_000,ssim,upper_face,0.97661525
27,0.809574,283979598869ec6d8c5cdbe66eb5ecb8_shot_001_000,ssim,full,0.96064335
27,0.809574,283979598869ec6d8c5cdbe66eb5ecb8_shot_001_000,lpips,mouth,0.06176993
27,0.809574,283979598869ec6d8c5cdbe66eb5ecb8_shot_001_000,lpips,full,0.04213087
27,0.809574,283979598869ec6d8c5cdbe66eb5ecb8_shot_001_000,sharpness,mouth,7.1353
27,0.809574,283979598869ec6d8c5cdbe66eb5ecb8_shot_001_000,lmd,mouth,2.272153
27,0.809574,283979598869ec6d8c5cdbe66eb5ecb8_shot_001_000,sync_d,mouth,7.040869
27,0.809574,283979598869ec6d8c5cdbe66eb5ecb8_shot_001_000,sync_c,mouth,5.488367
28,0.796812,283979598869ec6d8c5cdbe66eb5ecb8_shot_001_000,pixel_mse,mouth,0.00035618
28,0.796812,283979598869ec6d8c5cdbe66eb5ecb8_shot_001_000,pixel_mse,upper_face,0.00004271
28,0.796812,283979598869ec6d8c5cdbe66eb5ecb8_shot_001_000,pixel_mse,full,0.00017029
28,0.796812,283979598869ec6d8c5cdbe66eb5ecb8_shot_001_000,ssim,mouth,0.93688202
28,0.796812,283979598869ec6d8c5cdbe66eb5ecb8_shot_001_000,ssim,upper_face,0.97668052
28,0.796812,283979598869ec6d8c5cdbe66eb5ecb8_shot_001_000,ssim,full,0.96048266
28,0.796812,283979598869ec6d8c5cdbe66eb5ecb8_shot_001_000,lpips,mouth,0.06213964
28,0.796812,283979598869ec6d8c5cdbe66eb5ecb8_shot_001_000,lpips,full,0.04234071
28,0.796812,283979598869ec6d8c5cdbe66eb5ecb8_shot_001_000,sharpness,mouth,7.1309
28,0.796812,283979598869ec6d8c5cdbe66eb5ecb8_shot_001_000,lmd,mouth,2.168795
28,0.796812,283979598869ec6d8c5cdbe66eb5ecb8_shot_001_000,sync_d,mouth,6.781053
28,0.796812,283979598869ec6d8c5cdbe66eb5ecb8_shot_001_000,sync_c,mouth,5.808553
29,0.783290,283979598869ec6d8c5cdbe66eb5ecb8_shot_001_000,pixel_mse,mouth,0.00036265
29,0.783290,283979598869ec6d8c5cdbe66eb5ecb8_shot_001_000,pixel_mse,upper_face,0.00004267
29,0.783290,283979598869ec6d8c5cdbe66eb5ecb8_shot_001_000,pixel_mse,full,0.00017290
29,0.783290,283979598869ec6d8c5cdbe66eb5ecb8_shot_001_000,ssim,mouth,0.93636489
29,0.783290,283979598869ec6d8c5cdbe66eb5ecb8_shot_001_000,ssim,upper_face,0.97671479
29,0.783290,283979598869ec6d8c5cdbe66eb5ecb8_shot_001_000,ssim,full,0.96029246
29,0.783290,283979598869ec6d8c5cdbe66eb5ecb8_shot_001_000,lpips,mouth,0.06216542
29,0.783290,283979598869ec6d8c5cdbe66eb5ecb8_shot_001_000,lpips,full,0.04223032
29,0.783290,283979598869ec6d8c5cdbe66eb5ecb8_shot_001_000,sharpness,mouth,7.1105
29,0.783290,283979598869ec6d8c5cdbe66eb5ecb8_shot_001_000,lmd,mouth,2.208393
29,0.783290,283979598869ec6d8c5cdbe66eb5ecb8_shot_001_000,sync_d,mouth,7.401175
29,0.783290,283979598869ec6d8c5cdbe66eb5ecb8_shot_001_000,sync_c,mouth,5.266115
30,0.768935,283979598869ec6d8c5cdbe66eb5ecb8_shot_001_000,pixel_mse,mouth,0.00036891
30,0.768935,283979598869ec6d8c5cdbe66eb5ecb8_shot_001_000,pixel_mse,upper_face,0.00004244
30,0.768935,283979598869ec6d8c5cdbe66eb5ecb8_shot_001_000,pixel_mse,full,0.00017531
30,0.768935,283979598869ec6d8c5cdbe66eb5ecb8_shot_001_000,ssim,mouth,0.93576813
30,0.768935,283979598869ec6d8c5cdbe66eb5ecb8_shot_001_000,ssim,upper_face,0.97675699
30,0.768935,283979598869ec6d8c5cdbe66eb5ecb8_shot_001_000,ssim,full,0.96007460
30,0.768935,283979598869ec6d8c5cdbe66eb5ecb8_shot_001_000,lpips,mouth,0.06260583
30,0.768935,283979598869ec6d8c5cdbe66eb5ecb8_shot_001_000,lpips,full,0.04251938
30,0.768935,283979598869ec6d8c5cdbe66eb5ecb8_shot_001_000,sharpness,mouth,7.1266
30,0.768935,283979598869ec6d8c5cdbe66eb5ecb8_shot_001_000,lmd,mouth,2.207609
30,0.768935,283979598869ec6d8c5cdbe66eb5ecb8_shot_001_000,sync_d,mouth,7.122698
30,0.768935,283979598869ec6d8c5cdbe66eb5ecb8_shot_001_000,sync_c,mouth,5.494534
31,0.753669,283979598869ec6d8c5cdbe66eb5ecb8_shot_001_000,pixel_mse,mouth,0.00037716
31,0.753669,283979598869ec6d8c5cdbe66eb5ecb8_shot_001_000,pixel_mse,upper_face,0.00004244
31,0.753669,283979598869ec6d8c5cdbe66eb5ecb8_shot_001_000,pixel_mse,full,0.00017867
31,0.753669,283979598869ec6d8c5cdbe66eb5ecb8_shot_001_000,ssim,mouth,0.93510503
31,0.753669,283979598869ec6d8c5cdbe66eb5ecb8_shot_001_000,ssim,upper_face,0.97679919
31,0.753669,283979598869ec6d8c5cdbe66eb5ecb8_shot_001_000,ssim,full,0.95982993
31,0.753669,283979598869ec6d8c5cdbe66eb5ecb8_shot_001_000,lpips,mouth,0.06262504
31,0.753669,283979598869ec6d8c5cdbe66eb5ecb8_shot_001_000,lpips,full,0.04252675
31,0.753669,283979598869ec6d8c5cdbe66eb5ecb8_shot_001_000,sharpness,mouth,7.0993
31,0.753669,283979598869ec6d8c5cdbe66eb5ecb8_shot_001_000,lmd,mouth,2.253231
31,0.753669,283979598869ec6d8c5cdbe66eb5ecb8_shot_001_000,sync_d,mouth,7.018551
31,0.753669,283979598869ec6d8c5cdbe66eb5ecb8_shot_001_000,sync_c,mouth,5.746947
32,0.737402,283979598869ec6d8c5cdbe66eb5ecb8_shot_001_000,pixel_mse,mouth,0.00038556
32,0.737402,283979598869ec6d8c5cdbe66eb5ecb8_shot_001_000,pixel_mse,upper_face,0.00004247
32,0.737402,283979598869ec6d8c5cdbe66eb5ecb8_shot_001_000,pixel_mse,full,0.00018211
32,0.737402,283979598869ec6d8c5cdbe66eb5ecb8_shot_001_000,ssim,mouth,0.93456101
32,0.737402,283979598869ec6d8c5cdbe66eb5ecb8_shot_001_000,ssim,upper_face,0.97679037
32,0.737402,283979598869ec6d8c5cdbe66eb5ecb8_shot_001_000,ssim,full,0.95960301
32,0.737402,283979598869ec6d8c5cdbe66eb5ecb8_shot_001_000,lpips,mouth,0.06344325
32,0.737402,283979598869ec6d8c5cdbe66eb5ecb8_shot_001_000,lpips,full,0.04270200
32,0.737402,283979598869ec6d8c5cdbe66eb5ecb8_shot_001_000,sharpness,mouth,7.1050
32,0.737402,283979598869ec6d8c5cdbe66eb5ecb8_shot_001_000,lmd,mouth,2.248545
32,0.737402,283979598869ec6d8c5cdbe66eb5ecb8_shot_001_000,sync_d,mouth,7.041099
32,0.737402,283979598869ec6d8c5cdbe66eb5ecb8_shot_001_000,sync_c,mouth,5.773507
33,0.720034,283979598869ec6d8c5cdbe66eb5ecb8_shot_001_000,pixel_mse,mouth,0.00039595
33,0.720034,283979598869ec6d8c5cdbe66eb5ecb8_shot_001_000,pixel_mse,upper_face,0.00004247
33,0.720034,283979598869ec6d8c5cdbe66eb5ecb8_shot_001_000,pixel_mse,full,0.00018634
33,0.720034,283979598869ec6d8c5cdbe66eb5ecb8_shot_001_000,ssim,mouth,0.93374115
33,0.720034,283979598869ec6d8c5cdbe66eb5ecb8_shot_001_000,ssim,upper_face,0.97681236
33,0.720034,283979598869ec6d8c5cdbe66eb5ecb8_shot_001_000,ssim,full,0.95928240
33,0.720034,283979598869ec6d8c5cdbe66eb5ecb8_shot_001_000,lpips,mouth,0.06376495
33,0.720034,283979598869ec6d8c5cdbe66eb5ecb8_shot_001_000,lpips,full,0.04312680
33,0.720034,283979598869ec6d8c5cdbe66eb5ecb8_shot_001_000,sharpness,mouth,7.0981
33,0.720034,283979598869ec6d8c5cdbe66eb5ecb8_shot_001_000,lmd,mouth,2.245393
33,0.720034,283979598869ec6d8c5cdbe66eb5ecb8_shot_001_000,sync_d,mouth,7.257446
33,0.720034,283979598869ec6d8c5cdbe66eb5ecb8_shot_001_000,sync_c,mouth,5.630905
34,0.701446,283979598869ec6d8c5cdbe66eb5ecb8_shot_001_000,pixel_mse,mouth,0.00040857
34,0.701446,283979598869ec6d8c5cdbe66eb5ecb8_shot_001_000,pixel_mse,upper_face,0.00004250
34,0.701446,283979598869ec6d8c5cdbe66eb5ecb8_shot_001_000,pixel_mse,full,0.00019149
34,0.701446,283979598869ec6d8c5cdbe66eb5ecb8_shot_001_000,ssim,mouth,0.93294704
34,0.701446,283979598869ec6d8c5cdbe66eb5ecb8_shot_001_000,ssim,upper_face,0.97686172
34,0.701446,283979598869ec6d8c5cdbe66eb5ecb8_shot_001_000,ssim,full,0.95898861
34,0.701446,283979598869ec6d8c5cdbe66eb5ecb8_shot_001_000,lpips,mouth,0.06432982
34,0.701446,283979598869ec6d8c5cdbe66eb5ecb8_shot_001_000,lpips,full,0.04324424
34,0.701446,283979598869ec6d8c5cdbe66eb5ecb8_shot_001_000,sharpness,mouth,7.1019
34,0.701446,283979598869ec6d8c5cdbe66eb5ecb8_shot_001_000,lmd,mouth,2.262206
34,0.701446,283979598869ec6d8c5cdbe66eb5ecb8_shot_001_000,sync_d,mouth,7.069376
34,0.701446,283979598869ec6d8c5cdbe66eb5ecb8_shot_001_000,sync_c,mouth,5.829558
35,0.681508,283979598869ec6d8c5cdbe66eb5ecb8_shot_001_000,pixel_mse,mouth,0.00041925
35,0.681508,283979598869ec6d8c5cdbe66eb5ecb8_shot_001_000,pixel_mse,upper_face,0.00004247
35,0.681508,283979598869ec6d8c5cdbe66eb5ecb8_shot_001_000,pixel_mse,full,0.00019582
35,0.681508,283979598869ec6d8c5cdbe66eb5ecb8_shot_001_000,ssim,mouth,0.93219888
35,0.681508,283979598869ec6d8c5cdbe66eb5ecb8_shot_001_000,ssim,upper_face,0.97687501
35,0.681508,283979598869ec6d8c5cdbe66eb5ecb8_shot_001_000,ssim,full,0.95869190
35,0.681508,283979598869ec6d8c5cdbe66eb5ecb8_shot_001_000,lpips,mouth,0.06473807
35,0.681508,283979598869ec6d8c5cdbe66eb5ecb8_shot_001_000,lpips,full,0.04360513
35,0.681508,283979598869ec6d8c5cdbe66eb5ecb8_shot_001_000,sharpness,mouth,7.1051
35,0.681508,283979598869ec6d8c5cdbe66eb5ecb8_shot_001_000,lmd,mouth,2.297375
35,0.681508,283979598869ec6d8c5cdbe66eb5ecb8_shot_001_000,sync_d,mouth,7.070917
35,0.681508,283979598869ec6d8c5cdbe66eb5ecb8_shot_001_000,sync_c,mouth,5.956099
36,0.660066,283979598869ec6d8c5cdbe66eb5ecb8_shot_001_000,pixel_mse,mouth,0.00043299
36,0.660066,283979598869ec6d8c5cdbe66eb5ecb8_shot_001_000,pixel_mse,upper_face,0.00004256
36,0.660066,283979598869ec6d8c5cdbe66eb5ecb8_shot_001_000,pixel_mse,full,0.00020147
36,0.660066,283979598869ec6d8c5cdbe66eb5ecb8_shot_001_000,ssim,mouth,0.93123335
36,0.660066,283979598869ec6d8c5cdbe66eb5ecb8_shot_001_000,ssim,upper_face,0.97693735
36,0.660066,283979598869ec6d8c5cdbe66eb5ecb8_shot_001_000,ssim,full,0.95833588
36,0.660066,283979598869ec6d8c5cdbe66eb5ecb8_shot_001_000,lpips,mouth,0.06558691
36,0.660066,283979598869ec6d8c5cdbe66eb5ecb8_shot_001_000,lpips,full,0.04391176
36,0.660066,283979598869ec6d8c5cdbe66eb5ecb8_shot_001_000,sharpness,mouth,7.0926
36,0.660066,283979598869ec6d8c5cdbe66eb5ecb8_shot_001_000,lmd,mouth,2.379316
36,0.660066,283979598869ec6d8c5cdbe66eb5ecb8_shot_001_000,sync_d,mouth,6.904263
36,0.660066,283979598869ec6d8c5cdbe66eb5ecb8_shot_001_000,sync_c,mouth,5.970787
37,0.636942,283979598869ec6d8c5cdbe66eb5ecb8_shot_001_000,pixel_mse,mouth,0.00044556
37,0.636942,283979598869ec6d8c5cdbe66eb5ecb8_shot_001_000,pixel_mse,upper_face,0.00004262
37,0.636942,283979598869ec6d8c5cdbe66eb5ecb8_shot_001_000,pixel_mse,full,0.00020662
37,0.636942,283979598869ec6d8c5cdbe66eb5ecb8_shot_001_000,ssim,mouth,0.93040955
37,0.636942,283979598869ec6d8c5cdbe66eb5ecb8_shot_001_000,ssim,upper_face,0.97698551
37,0.636942,283979598869ec6d8c5cdbe66eb5ecb8_shot_001_000,ssim,full,0.95802921
37,0.636942,283979598869ec6d8c5cdbe66eb5ecb8_shot_001_000,lpips,mouth,0.06634486
37,0.636942,283979598869ec6d8c5cdbe66eb5ecb8_shot_001_000,lpips,full,0.04448553
37,0.636942,283979598869ec6d8c5cdbe66eb5ecb8_shot_001_000,sharpness,mouth,7.0815
37,0.636942,283979598869ec6d8c5cdbe66eb5ecb8_shot_001_000,lmd,mouth,2.353704
37,0.636942,283979598869ec6d8c5cdbe66eb5ecb8_shot_001_000,sync_d,mouth,7.200816
37,0.636942,283979598869ec6d8c5cdbe66eb5ecb8_shot_001_000,sync_c,mouth,5.759129
38,0.611932,283979598869ec6d8c5cdbe66eb5ecb8_shot_001_000,pixel_mse,mouth,0.00046162
38,0.611932,283979598869ec6d8c5cdbe66eb5ecb8_shot_001_000,pixel_mse,upper_face,0.00004282
38,0.611932,283979598869ec6d8c5cdbe66eb5ecb8_shot_001_000,pixel_mse,full,0.00021327
38,0.611932,283979598869ec6d8c5cdbe66eb5ecb8_shot_001_000,ssim,mouth,0.92942500
38,0.611932,283979598869ec6d8c5cdbe66eb5ecb8_shot_001_000,ssim,upper_face,0.97694159
38,0.611932,283979598869ec6d8c5cdbe66eb5ecb8_shot_001_000,ssim,full,0.95760262
38,0.611932,283979598869ec6d8c5cdbe66eb5ecb8_shot_001_000,lpips,mouth,0.06718305
38,0.611932,283979598869ec6d8c5cdbe66eb5ecb8_shot_001_000,lpips,full,0.04496101
38,0.611932,283979598869ec6d8c5cdbe66eb5ecb8_shot_001_000,sharpness,mouth,7.0874
38,0.611932,283979598869ec6d8c5cdbe66eb5ecb8_shot_001_000,lmd,mouth,2.426180
38,0.611932,283979598869ec6d8c5cdbe66eb5ecb8_shot_001_000,sync_d,mouth,6.845134
38,0.611932,283979598869ec6d8c5cdbe66eb5ecb8_shot_001_000,sync_c,mouth,6.178556
39,0.584795,283979598869ec6d8c5cdbe66eb5ecb8_shot_001_000,pixel_mse,mouth,0.00047861
39,0.584795,283979598869ec6d8c5cdbe66eb5ecb8_shot_001_000,pixel_mse,upper_face,0.00004315
39,0.584795,283979598869ec6d8c5cdbe66eb5ecb8_shot_001_000,pixel_mse,full,0.00022038
39,0.584795,283979598869ec6d8c5cdbe66eb5ecb8_shot_001_000,ssim,mouth,0.92836827
39,0.584795,283979598869ec6d8c5cdbe66eb5ecb8_shot_001_000,ssim,upper_face,0.97697318
39,0.584795,283979598869ec6d8c5cdbe66eb5ecb8_shot_001_000,ssim,full,0.95719111
39,0.584795,283979598869ec6d8c5cdbe66eb5ecb8_shot_001_000,lpips,mouth,0.06846458
39,0.584795,283979598869ec6d8c5cdbe66eb5ecb8_shot_001_000,lpips,full,0.04564467
39,0.584795,283979598869ec6d8c5cdbe66eb5ecb8_shot_001_000,sharpness,mouth,7.0836
39,0.584795,283979598869ec6d8c5cdbe66eb5ecb8_shot_001_000,lmd,mouth,2.437414
39,0.584795,283979598869ec6d8c5cdbe66eb5ecb8_shot_001_000,sync_d,mouth,7.156001
39,0.584795,283979598869ec6d8c5cdbe66eb5ecb8_shot_001_000,sync_c,mouth,6.005412
40,0.555247,283979598869ec6d8c5cdbe66eb5ecb8_shot_001_000,pixel_mse,mouth,0.00049825
40,0.555247,283979598869ec6d8c5cdbe66eb5ecb8_shot_001_000,pixel_mse,upper_face,0.00004335
40,0.555247,283979598869ec6d8c5cdbe66eb5ecb8_shot_001_000,pixel_mse,full,0.00022850
40,0.555247,283979598869ec6d8c5cdbe66eb5ecb8_shot_001_000,ssim,mouth,0.92712098
40,0.555247,283979598869ec6d8c5cdbe66eb5ecb8_shot_001_000,ssim,upper_face,0.97700143
40,0.555247,283979598869ec6d8c5cdbe66eb5ecb8_shot_001_000,ssim,full,0.95670015
40,0.555247,283979598869ec6d8c5cdbe66eb5ecb8_shot_001_000,lpips,mouth,0.06954505
40,0.555247,283979598869ec6d8c5cdbe66eb5ecb8_shot_001_000,lpips,full,0.04631303
40,0.555247,283979598869ec6d8c5cdbe66eb5ecb8_shot_001_000,sharpness,mouth,7.1323
40,0.555247,283979598869ec6d8c5cdbe66eb5ecb8_shot_001_000,lmd,mouth,2.485463
40,0.555247,283979598869ec6d8c5cdbe66eb5ecb8_shot_001_000,sync_d,mouth,7.093388
40,0.555247,283979598869ec6d8c5cdbe66eb5ecb8_shot_001_000,sync_c,mouth,6.049481
41,0.522951,283979598869ec6d8c5cdbe66eb5ecb8_shot_001_000,pixel_mse,mouth,0.00052308
41,0.522951,283979598869ec6d8c5cdbe66eb5ecb8_shot_001_000,pixel_mse,upper_face,0.00004423
41,0.522951,283979598869ec6d8c5cdbe66eb5ecb8_shot_001_000,pixel_mse,full,0.00023912
41,0.522951,283979598869ec6d8c5cdbe66eb5ecb8_shot_001_000,ssim,mouth,0.92575920
41,0.522951,283979598869ec6d8c5cdbe66eb5ecb8_shot_001_000,ssim,upper_face,0.97696716
41,0.522951,283979598869ec6d8c5cdbe66eb5ecb8_shot_001_000,ssim,full,0.95612574
41,0.522951,283979598869ec6d8c5cdbe66eb5ecb8_shot_001_000,lpips,mouth,0.07115053
41,0.522951,283979598869ec6d8c5cdbe66eb5ecb8_shot_001_000,lpips,full,0.04721867
41,0.522951,283979598869ec6d8c5cdbe66eb5ecb8_shot_001_000,sharpness,mouth,7.0950
41,0.522951,283979598869ec6d8c5cdbe66eb5ecb8_shot_001_000,lmd,mouth,2.559093
41,0.522951,283979598869ec6d8c5cdbe66eb5ecb8_shot_001_000,sync_d,mouth,7.087246
41,0.522951,283979598869ec6d8c5cdbe66eb5ecb8_shot_001_000,sync_c,mouth,5.964516
42,0.487507,283979598869ec6d8c5cdbe66eb5ecb8_shot_001_000,pixel_mse,mouth,0.00055431
42,0.487507,283979598869ec6d8c5cdbe66eb5ecb8_shot_001_000,pixel_mse,upper_face,0.00004498
42,0.487507,283979598869ec6d8c5cdbe66eb5ecb8_shot_001_000,pixel_mse,full,0.00025228
42,0.487507,283979598869ec6d8c5cdbe66eb5ecb8_shot_001_000,ssim,mouth,0.92422032
42,0.487507,283979598869ec6d8c5cdbe66eb5ecb8_shot_001_000,ssim,upper_face,0.97690225
42,0.487507,283979598869ec6d8c5cdbe66eb5ecb8_shot_001_000,ssim,full,0.95546073
42,0.487507,283979598869ec6d8c5cdbe66eb5ecb8_shot_001_000,lpips,mouth,0.07309043
42,0.487507,283979598869ec6d8c5cdbe66eb5ecb8_shot_001_000,lpips,full,0.04827705
42,0.487507,283979598869ec6d8c5cdbe66eb5ecb8_shot_001_000,sharpness,mouth,7.1010
42,0.487507,283979598869ec6d8c5cdbe66eb5ecb8_shot_001_000,lmd,mouth,2.575985
42,0.487507,283979598869ec6d8c5cdbe66eb5ecb8_shot_001_000,sync_d,mouth,7.366203
42,0.487507,283979598869ec6d8c5cdbe66eb5ecb8_shot_001_000,sync_c,mouth,5.892741
43,0.448430,283979598869ec6d8c5cdbe66eb5ecb8_shot_001_000,pixel_mse,mouth,0.00059509
43,0.448430,283979598869ec6d8c5cdbe66eb5ecb8_shot_001_000,pixel_mse,upper_face,0.00004570
43,0.448430,283979598869ec6d8c5cdbe66eb5ecb8_shot_001_000,pixel_mse,full,0.00026930
43,0.448430,283979598869ec6d8c5cdbe66eb5ecb8_shot_001_000,ssim,mouth,0.92267412
43,0.448430,283979598869ec6d8c5cdbe66eb5ecb8_shot_001_000,ssim,upper_face,0.97684717
43,0.448430,283979598869ec6d8c5cdbe66eb5ecb8_shot_001_000,ssim,full,0.95479888
43,0.448430,283979598869ec6d8c5cdbe66eb5ecb8_shot_001_000,lpips,mouth,0.07513703
43,0.448430,283979598869ec6d8c5cdbe66eb5ecb8_shot_001_000,lpips,full,0.04953283
43,0.448430,283979598869ec6d8c5cdbe66eb5ecb8_shot_001_000,sharpness,mouth,7.0550
43,0.448430,283979598869ec6d8c5cdbe66eb5ecb8_shot_001_000,lmd,mouth,2.780725
43,0.448430,283979598869ec6d8c5cdbe66eb5ecb8_shot_001_000,sync_d,mouth,7.480198
43,0.448430,283979598869ec6d8c5cdbe66eb5ecb8_shot_001_000,sync_c,mouth,5.718270
44,0.405131,283979598869ec6d8c5cdbe66eb5ecb8_shot_001_000,pixel_mse,mouth,0.00062691
44,0.405131,283979598869ec6d8c5cdbe66eb5ecb8_shot_001_000,pixel_mse,upper_face,0.00004697
44,0.405131,283979598869ec6d8c5cdbe66eb5ecb8_shot_001_000,pixel_mse,full,0.00028301
44,0.405131,283979598869ec6d8c5cdbe66eb5ecb8_shot_001_000,ssim,mouth,0.92118609
44,0.405131,283979598869ec6d8c5cdbe66eb5ecb8_shot_001_000,ssim,upper_face,0.97677779
44,0.405131,283979598869ec6d8c5cdbe66eb5ecb8_shot_001_000,ssim,full,0.95415205
44,0.405131,283979598869ec6d8c5cdbe66eb5ecb8_shot_001_000,lpips,mouth,0.07671062
44,0.405131,283979598869ec6d8c5cdbe66eb5ecb8_shot_001_000,lpips,full,0.05031490
44,0.405131,283979598869ec6d8c5cdbe66eb5ecb8_shot_001_000,sharpness,mouth,7.0348
44,0.405131,283979598869ec6d8c5cdbe66eb5ecb8_shot_001_000,lmd,mouth,2.984362
44,0.405131,283979598869ec6d8c5cdbe66eb5ecb8_shot_001_000,sync_d,mouth,7.182543
44,0.405131,283979598869ec6d8c5cdbe66eb5ecb8_shot_001_000,sync_c,mouth,6.039390
45,0.356888,283979598869ec6d8c5cdbe66eb5ecb8_shot_001_000,pixel_mse,mouth,0.00065638
45,0.356888,283979598869ec6d8c5cdbe66eb5ecb8_shot_001_000,pixel_mse,upper_face,0.00004822
45,0.356888,283979598869ec6d8c5cdbe66eb5ecb8_shot_001_000,pixel_mse,full,0.00029574
45,0.356888,283979598869ec6d8c5cdbe66eb5ecb8_shot_001_000,ssim,mouth,0.91975886
45,0.356888,283979598869ec6d8c5cdbe66eb5ecb8_shot_001_000,ssim,upper_face,0.97666806
45,0.356888,283979598869ec6d8c5cdbe66eb5ecb8_shot_001_000,ssim,full,0.95350617
45,0.356888,283979598869ec6d8c5cdbe66eb5ecb8_shot_001_000,lpips,mouth,0.07874405
45,0.356888,283979598869ec6d8c5cdbe66eb5ecb8_shot_001_000,lpips,full,0.05153297
45,0.356888,283979598869ec6d8c5cdbe66eb5ecb8_shot_001_000,sharpness,mouth,7.0258
45,0.356888,283979598869ec6d8c5cdbe66eb5ecb8_shot_001_000,lmd,mouth,3.175767
45,0.356888,283979598869ec6d8c5cdbe66eb5ecb8_shot_001_000,sync_d,mouth,7.383412
45,0.356888,283979598869ec6d8c5cdbe66eb5ecb8_shot_001_000,sync_c,mouth,6.009994
46,0.302801,283979598869ec6d8c5cdbe66eb5ecb8_shot_001_000,pixel_mse,mouth,0.00068623
46,0.302801,283979598869ec6d8c5cdbe66eb5ecb8_shot_001_000,pixel_mse,upper_face,0.00004956
46,0.302801,283979598869ec6d8c5cdbe66eb5ecb8_shot_001_000,pixel_mse,full,0.00030868
46,0.302801,283979598869ec6d8c5cdbe66eb5ecb8_shot_001_000,ssim,mouth,0.91842842
46,0.302801,283979598869ec6d8c5cdbe66eb5ecb8_shot_001_000,ssim,upper_face,0.97654563
46,0.302801,283979598869ec6d8c5cdbe66eb5ecb8_shot_001_000,ssim,full,0.95289207
46,0.302801,283979598869ec6d8c5cdbe66eb5ecb8_shot_001_000,lpips,mouth,0.08104203
46,0.302801,283979598869ec6d8c5cdbe66eb5ecb8_shot_001_000,lpips,full,0.05278178
46,0.302801,283979598869ec6d8c5cdbe66eb5ecb8_shot_001_000,sharpness,mouth,7.0083
46,0.302801,283979598869ec6d8c5cdbe66eb5ecb8_shot_001_000,lmd,mouth,3.463047
46,0.302801,283979598869ec6d8c5cdbe66eb5ecb8_shot_001_000,sync_d,mouth,7.077881
46,0.302801,283979598869ec6d8c5cdbe66eb5ecb8_shot_001_000,sync_c,mouth,6.210961
47,0.241740,283979598869ec6d8c5cdbe66eb5ecb8_shot_001_000,pixel_mse,mouth,0.00071809
47,0.241740,283979598869ec6d8c5cdbe66eb5ecb8_shot_001_000,pixel_mse,upper_face,0.00005173
47,0.241740,283979598869ec6d8c5cdbe66eb5ecb8_shot_001_000,pixel_mse,full,0.00032294
47,0.241740,283979598869ec6d8c5cdbe66eb5ecb8_shot_001_000,ssim,mouth,0.91696328
47,0.241740,283979598869ec6d8c5cdbe66eb5ecb8_shot_001_000,ssim,upper_face,0.97629470
47,0.241740,283979598869ec6d8c5cdbe66eb5ecb8_shot_001_000,ssim,full,0.95214683
47,0.241740,283979598869ec6d8c5cdbe66eb5ecb8_shot_001_000,lpips,mouth,0.08309063
47,0.241740,283979598869ec6d8c5cdbe66eb5ecb8_shot_001_000,lpips,full,0.05403210
47,0.241740,283979598869ec6d8c5cdbe66eb5ecb8_shot_001_000,sharpness,mouth,7.0196
47,0.241740,283979598869ec6d8c5cdbe66eb5ecb8_shot_001_000,lmd,mouth,3.754237
47,0.241740,283979598869ec6d8c5cdbe66eb5ecb8_shot_001_000,sync_d,mouth,7.171788
47,0.241740,283979598869ec6d8c5cdbe66eb5ecb8_shot_001_000,sync_c,mouth,6.253573
48,0.172265,283979598869ec6d8c5cdbe66eb5ecb8_shot_001_000,pixel_mse,mouth,0.00075288
48,0.172265,283979598869ec6d8c5cdbe66eb5ecb8_shot_001_000,pixel_mse,upper_face,0.00005444
48,0.172265,283979598869ec6d8c5cdbe66eb5ecb8_shot_001_000,pixel_mse,full,0.00033871
48,0.172265,283979598869ec6d8c5cdbe66eb5ecb8_shot_001_000,ssim,mouth,0.91529900
48,0.172265,283979598869ec6d8c5cdbe66eb5ecb8_shot_001_000,ssim,upper_face,0.97585732
48,0.172265,283979598869ec6d8c5cdbe66eb5ecb8_shot_001_000,ssim,full,0.95121014
48,0.172265,283979598869ec6d8c5cdbe66eb5ecb8_shot_001_000,lpips,mouth,0.08548217
48,0.172265,283979598869ec6d8c5cdbe66eb5ecb8_shot_001_000,lpips,full,0.05540109
48,0.172265,283979598869ec6d8c5cdbe66eb5ecb8_shot_001_000,sharpness,mouth,7.0449
48,0.172265,283979598869ec6d8c5cdbe66eb5ecb8_shot_001_000,lmd,mouth,3.899974
48,0.172265,283979598869ec6d8c5cdbe66eb5ecb8_shot_001_000,sync_d,mouth,7.198514
48,0.172265,283979598869ec6d8c5cdbe66eb5ecb8_shot_001_000,sync_c,mouth,6.483240
49,0.092507,283979598869ec6d8c5cdbe66eb5ecb8_shot_001_000,pixel_mse,mouth,0.00078913
49,0.092507,283979598869ec6d8c5cdbe66eb5ecb8_shot_001_000,pixel_mse,upper_face,0.00006039
49,0.092507,283979598869ec6d8c5cdbe66eb5ecb8_shot_001_000,pixel_mse,full,0.00035698
49,0.092507,283979598869ec6d8c5cdbe66eb5ecb8_shot_001_000,ssim,mouth,0.91329694
49,0.092507,283979598869ec6d8c5cdbe66eb5ecb8_shot_001_000,ssim,upper_face,0.97500914
49,0.092507,283979598869ec6d8c5cdbe66eb5ecb8_shot_001_000,ssim,full,0.94989228
49,0.092507,283979598869ec6d8c5cdbe66eb5ecb8_shot_001_000,lpips,mouth,0.08886512
49,0.092507,283979598869ec6d8c5cdbe66eb5ecb8_shot_001_000,lpips,full,0.05773560
49,0.092507,283979598869ec6d8c5cdbe66eb5ecb8_shot_001_000,sharpness,mouth,7.1266
49,0.092507,283979598869ec6d8c5cdbe66eb5ecb8_shot_001_000,lmd,mouth,4.000803
49,0.092507,283979598869ec6d8c5cdbe66eb5ecb8_shot_001_000,sync_d,mouth,7.388999
49,0.092507,283979598869ec6d8c5cdbe66eb5ecb8_shot_001_000,sync_c,mouth,6.508934
-1,gt,4452d828f84c6a2b2dee9c7a81e6c102_shot_001_000,sharpness,mouth,17.1995
-1,gt,4452d828f84c6a2b2dee9c7a81e6c102_shot_001_000,sync_d,mouth,7.776823
-1,gt,4452d828f84c6a2b2dee9c7a81e6c102_shot_001_000,sync_c,mouth,6.915483
0,0.999000,4452d828f84c6a2b2dee9c7a81e6c102_shot_001_000,pixel_mse,mouth,0.00214053
0,0.999000,4452d828f84c6a2b2dee9c7a81e6c102_shot_001_000,pixel_mse,upper_face,0.00016544
0,0.999000,4452d828f84c6a2b2dee9c7a81e6c102_shot_001_000,pixel_mse,full,0.00096929
0,0.999000,4452d828f84c6a2b2dee9c7a81e6c102_shot_001_000,ssim,mouth,0.90846777
0,0.999000,4452d828f84c6a2b2dee9c7a81e6c102_shot_001_000,ssim,upper_face,0.96699864
0,0.999000,4452d828f84c6a2b2dee9c7a81e6c102_shot_001_000,ssim,full,0.94317675
0,0.999000,4452d828f84c6a2b2dee9c7a81e6c102_shot_001_000,lpips,mouth,0.08948146
0,0.999000,4452d828f84c6a2b2dee9c7a81e6c102_shot_001_000,lpips,full,0.05992093
0,0.999000,4452d828f84c6a2b2dee9c7a81e6c102_shot_001_000,sharpness,mouth,18.3585
0,0.999000,4452d828f84c6a2b2dee9c7a81e6c102_shot_001_000,lmd,mouth,4.186838
0,0.999000,4452d828f84c6a2b2dee9c7a81e6c102_shot_001_000,sync_d,mouth,6.995425
0,0.999000,4452d828f84c6a2b2dee9c7a81e6c102_shot_001_000,sync_c,mouth,7.479875
1,0.995732,4452d828f84c6a2b2dee9c7a81e6c102_shot_001_000,pixel_mse,mouth,0.00211780
1,0.995732,4452d828f84c6a2b2dee9c7a81e6c102_shot_001_000,pixel_mse,upper_face,0.00015201
1,0.995732,4452d828f84c6a2b2dee9c7a81e6c102_shot_001_000,pixel_mse,full,0.00095208
1,0.995732,4452d828f84c6a2b2dee9c7a81e6c102_shot_001_000,ssim,mouth,0.90877163
1,0.995732,4452d828f84c6a2b2dee9c7a81e6c102_shot_001_000,ssim,upper_face,0.96757746
1,0.995732,4452d828f84c6a2b2dee9c7a81e6c102_shot_001_000,ssim,full,0.94364363
1,0.995732,4452d828f84c6a2b2dee9c7a81e6c102_shot_001_000,lpips,mouth,0.08955177
1,0.995732,4452d828f84c6a2b2dee9c7a81e6c102_shot_001_000,lpips,full,0.05981036
1,0.995732,4452d828f84c6a2b2dee9c7a81e6c102_shot_001_000,sharpness,mouth,18.1318
1,0.995732,4452d828f84c6a2b2dee9c7a81e6c102_shot_001_000,lmd,mouth,4.137841
1,0.995732,4452d828f84c6a2b2dee9c7a81e6c102_shot_001_000,sync_d,mouth,7.025163
1,0.995732,4452d828f84c6a2b2dee9c7a81e6c102_shot_001_000,sync_c,mouth,7.480637
2,0.991530,4452d828f84c6a2b2dee9c7a81e6c102_shot_001_000,pixel_mse,mouth,0.00210609
2,0.991530,4452d828f84c6a2b2dee9c7a81e6c102_shot_001_000,pixel_mse,upper_face,0.00013917
2,0.991530,4452d828f84c6a2b2dee9c7a81e6c102_shot_001_000,pixel_mse,full,0.00093970
2,0.991530,4452d828f84c6a2b2dee9c7a81e6c102_shot_001_000,ssim,mouth,0.91002071
2,0.991530,4452d828f84c6a2b2dee9c7a81e6c102_shot_001_000,ssim,upper_face,0.96867371
2,0.991530,4452d828f84c6a2b2dee9c7a81e6c102_shot_001_000,ssim,full,0.94480199
2,0.991530,4452d828f84c6a2b2dee9c7a81e6c102_shot_001_000,lpips,mouth,0.08701671
2,0.991530,4452d828f84c6a2b2dee9c7a81e6c102_shot_001_000,lpips,full,0.05784446
2,0.991530,4452d828f84c6a2b2dee9c7a81e6c102_shot_001_000,sharpness,mouth,17.9271
2,0.991530,4452d828f84c6a2b2dee9c7a81e6c102_shot_001_000,lmd,mouth,4.072749
2,0.991530,4452d828f84c6a2b2dee9c7a81e6c102_shot_001_000,sync_d,mouth,6.841581
2,0.991530,4452d828f84c6a2b2dee9c7a81e6c102_shot_001_000,sync_c,mouth,7.763791
3,0.987187,4452d828f84c6a2b2dee9c7a81e6c102_shot_001_000,pixel_mse,mouth,0.00211564
3,0.987187,4452d828f84c6a2b2dee9c7a81e6c102_shot_001_000,pixel_mse,upper_face,0.00012791
3,0.987187,4452d828f84c6a2b2dee9c7a81e6c102_shot_001_000,pixel_mse,full,0.00093691
3,0.987187,4452d828f84c6a2b2dee9c7a81e6c102_shot_001_000,ssim,mouth,0.91133749
3,0.987187,4452d828f84c6a2b2dee9c7a81e6c102_shot_001_000,ssim,upper_face,0.96953189
3,0.987187,4452d828f84c6a2b2dee9c7a81e6c102_shot_001_000,ssim,full,0.94584686
3,0.987187,4452d828f84c6a2b2dee9c7a81e6c102_shot_001_000,lpips,mouth,0.08453920
3,0.987187,4452d828f84c6a2b2dee9c7a81e6c102_shot_001_000,lpips,full,0.05606319
3,0.987187,4452d828f84c6a2b2dee9c7a81e6c102_shot_001_000,sharpness,mouth,17.7605
3,0.987187,4452d828f84c6a2b2dee9c7a81e6c102_shot_001_000,lmd,mouth,3.989041
3,0.987187,4452d828f84c6a2b2dee9c7a81e6c102_shot_001_000,sync_d,mouth,7.055466
3,0.987187,4452d828f84c6a2b2dee9c7a81e6c102_shot_001_000,sync_c,mouth,7.655322
4,0.982696,4452d828f84c6a2b2dee9c7a81e6c102_shot_001_000,pixel_mse,mouth,0.00215235
4,0.982696,4452d828f84c6a2b2dee9c7a81e6c102_shot_001_000,pixel_mse,upper_face,0.00012015
4,0.982696,4452d828f84c6a2b2dee9c7a81e6c102_shot_001_000,pixel_mse,full,0.00094725
4,0.982696,4452d828f84c6a2b2dee9c7a81e6c102_shot_001_000,ssim,mouth,0.91155970
4,0.982696,4452d828f84c6a2b2dee9c7a81e6c102_shot_001_000,ssim,upper_face,0.97016728
4,0.982696,4452d828f84c6a2b2dee9c7a81e6c102_shot_001_000,ssim,full,0.94631410
4,0.982696,4452d828f84c6a2b2dee9c7a81e6c102_shot_001_000,lpips,mouth,0.08382402
4,0.982696,4452d828f84c6a2b2dee9c7a81e6c102_shot_001_000,lpips,full,0.05540156
4,0.982696,4452d828f84c6a2b2dee9c7a81e6c102_shot_001_000,sharpness,mouth,17.8877
4,0.982696,4452d828f84c6a2b2dee9c7a81e6c102_shot_001_000,lmd,mouth,3.947090
4,0.982696,4452d828f84c6a2b2dee9c7a81e6c102_shot_001_000,sync_d,mouth,7.031410
4,0.982696,4452d828f84c6a2b2dee9c7a81e6c102_shot_001_000,sync_c,mouth,7.566081
5,0.978048,4452d828f84c6a2b2dee9c7a81e6c102_shot_001_000,pixel_mse,mouth,0.00218075
5,0.978048,4452d828f84c6a2b2dee9c7a81e6c102_shot_001_000,pixel_mse,upper_face,0.00011515
5,0.978048,4452d828f84c6a2b2dee9c7a81e6c102_shot_001_000,pixel_mse,full,0.00095584
5,0.978048,4452d828f84c6a2b2dee9c7a81e6c102_shot_001_000,ssim,mouth,0.91179043
5,0.978048,4452d828f84c6a2b2dee9c7a81e6c102_shot_001_000,ssim,upper_face,0.97057647
5,0.978048,4452d828f84c6a2b2dee9c7a81e6c102_shot_001_000,ssim,full,0.94665056
5,0.978048,4452d828f84c6a2b2dee9c7a81e6c102_shot_001_000,lpips,mouth,0.08297809
5,0.978048,4452d828f84c6a2b2dee9c7a81e6c102_shot_001_000,lpips,full,0.05462065
5,0.978048,4452d828f84c6a2b2dee9c7a81e6c102_shot_001_000,sharpness,mouth,17.6854
5,0.978048,4452d828f84c6a2b2dee9c7a81e6c102_shot_001_000,lmd,mouth,3.970639
5,0.978048,4452d828f84c6a2b2dee9c7a81e6c102_shot_001_000,sync_d,mouth,7.028292
5,0.978048,4452d828f84c6a2b2dee9c7a81e6c102_shot_001_000,sync_c,mouth,7.637323
6,0.973236,4452d828f84c6a2b2dee9c7a81e6c102_shot_001_000,pixel_mse,mouth,0.00219358
6,0.973236,4452d828f84c6a2b2dee9c7a81e6c102_shot_001_000,pixel_mse,upper_face,0.00011228
6,0.973236,4452d828f84c6a2b2dee9c7a81e6c102_shot_001_000,pixel_mse,full,0.00095936
6,0.973236,4452d828f84c6a2b2dee9c7a81e6c102_shot_001_000,ssim,mouth,0.91183925
6,0.973236,4452d828f84c6a2b2dee9c7a81e6c102_shot_001_000,ssim,upper_face,0.97093850
6,0.973236,4452d828f84c6a2b2dee9c7a81e6c102_shot_001_000,ssim,full,0.94688517
6,0.973236,4452d828f84c6a2b2dee9c7a81e6c102_shot_001_000,lpips,mouth,0.08233842
6,0.973236,4452d828f84c6a2b2dee9c7a81e6c102_shot_001_000,lpips,full,0.05410263
6,0.973236,4452d828f84c6a2b2dee9c7a81e6c102_shot_001_000,sharpness,mouth,17.7504
6,0.973236,4452d828f84c6a2b2dee9c7a81e6c102_shot_001_000,lmd,mouth,3.910952
6,0.973236,4452d828f84c6a2b2dee9c7a81e6c102_shot_001_000,sync_d,mouth,7.071427
6,0.973236,4452d828f84c6a2b2dee9c7a81e6c102_shot_001_000,sync_c,mouth,7.626085
7,0.968250,4452d828f84c6a2b2dee9c7a81e6c102_shot_001_000,pixel_mse,mouth,0.00212218
7,0.968250,4452d828f84c6a2b2dee9c7a81e6c102_shot_001_000,pixel_mse,upper_face,0.00010877
7,0.968250,4452d828f84c6a2b2dee9c7a81e6c102_shot_001_000,pixel_mse,full,0.00092823
7,0.968250,4452d828f84c6a2b2dee9c7a81e6c102_shot_001_000,ssim,mouth,0.91274685
7,0.968250,4452d828f84c6a2b2dee9c7a81e6c102_shot_001_000,ssim,upper_face,0.97126716
7,0.968250,4452d828f84c6a2b2dee9c7a81e6c102_shot_001_000,ssim,full,0.94744951
7,0.968250,4452d828f84c6a2b2dee9c7a81e6c102_shot_001_000,lpips,mouth,0.08136781
7,0.968250,4452d828f84c6a2b2dee9c7a81e6c102_shot_001_000,lpips,full,0.05337378
7,0.968250,4452d828f84c6a2b2dee9c7a81e6c102_shot_001_000,sharpness,mouth,17.5695
7,0.968250,4452d828f84c6a2b2dee9c7a81e6c102_shot_001_000,lmd,mouth,3.847867
7,0.968250,4452d828f84c6a2b2dee9c7a81e6c102_shot_001_000,sync_d,mouth,7.214725
7,0.968250,4452d828f84c6a2b2dee9c7a81e6c102_shot_001_000,sync_c,mouth,7.548210
8,0.963082,4452d828f84c6a2b2dee9c7a81e6c102_shot_001_000,pixel_mse,mouth,0.00209168
8,0.963082,4452d828f84c6a2b2dee9c7a81e6c102_shot_001_000,pixel_mse,upper_face,0.00010787
8,0.963082,4452d828f84c6a2b2dee9c7a81e6c102_shot_001_000,pixel_mse,full,0.00091527
8,0.963082,4452d828f84c6a2b2dee9c7a81e6c102_shot_001_000,ssim,mouth,0.91320360
8,0.963082,4452d828f84c6a2b2dee9c7a81e6c102_shot_001_000,ssim,upper_face,0.97143376
8,0.963082,4452d828f84c6a2b2dee9c7a81e6c102_shot_001_000,ssim,full,0.94773424
8,0.963082,4452d828f84c6a2b2dee9c7a81e6c102_shot_001_000,lpips,mouth,0.08063865
8,0.963082,4452d828f84c6a2b2dee9c7a81e6c102_shot_001_000,lpips,full,0.05288921
8,0.963082,4452d828f84c6a2b2dee9c7a81e6c102_shot_001_000,sharpness,mouth,17.6835
8,0.963082,4452d828f84c6a2b2dee9c7a81e6c102_shot_001_000,lmd,mouth,3.855153
8,0.963082,4452d828f84c6a2b2dee9c7a81e6c102_shot_001_000,sync_d,mouth,7.147712
8,0.963082,4452d828f84c6a2b2dee9c7a81e6c102_shot_001_000,sync_c,mouth,7.580942
9,0.957720,4452d828f84c6a2b2dee9c7a81e6c102_shot_001_000,pixel_mse,mouth,0.00204085
9,0.957720,4452d828f84c6a2b2dee9c7a81e6c102_shot_001_000,pixel_mse,upper_face,0.00010442
9,0.957720,4452d828f84c6a2b2dee9c7a81e6c102_shot_001_000,pixel_mse,full,0.00089254
9,0.957720,4452d828f84c6a2b2dee9c7a81e6c102_shot_001_000,ssim,mouth,0.91369385
9,0.957720,4452d828f84c6a2b2dee9c7a81e6c102_shot_001_000,ssim,upper_face,0.97171003
9,0.957720,4452d828f84c6a2b2dee9c7a81e6c102_shot_001_000,ssim,full,0.94809771
9,0.957720,4452d828f84c6a2b2dee9c7a81e6c102_shot_001_000,lpips,mouth,0.07978173
9,0.957720,4452d828f84c6a2b2dee9c7a81e6c102_shot_001_000,lpips,full,0.05222945
9,0.957720,4452d828f84c6a2b2dee9c7a81e6c102_shot_001_000,sharpness,mouth,17.6293
9,0.957720,4452d828f84c6a2b2dee9c7a81e6c102_shot_001_000,lmd,mouth,3.887010
9,0.957720,4452d828f84c6a2b2dee9c7a81e6c102_shot_001_000,sync_d,mouth,7.094484
9,0.957720,4452d828f84c6a2b2dee9c7a81e6c102_shot_001_000,sync_c,mouth,7.735117
10,0.952154,4452d828f84c6a2b2dee9c7a81e6c102_shot_001_000,pixel_mse,mouth,0.00199865
10,0.952154,4452d828f84c6a2b2dee9c7a81e6c102_shot_001_000,pixel_mse,upper_face,0.00010325
10,0.952154,4452d828f84c6a2b2dee9c7a81e6c102_shot_001_000,pixel_mse,full,0.00087467
10,0.952154,4452d828f84c6a2b2dee9c7a81e6c102_shot_001_000,ssim,mouth,0.91419971
10,0.952154,4452d828f84c6a2b2dee9c7a81e6c102_shot_001_000,ssim,upper_face,0.97189659
10,0.952154,4452d828f84c6a2b2dee9c7a81e6c102_shot_001_000,ssim,full,0.94841421
10,0.952154,4452d828f84c6a2b2dee9c7a81e6c102_shot_001_000,lpips,mouth,0.07891191
10,0.952154,4452d828f84c6a2b2dee9c7a81e6c102_shot_001_000,lpips,full,0.05165704
10,0.952154,4452d828f84c6a2b2dee9c7a81e6c102_shot_001_000,sharpness,mouth,17.5464
10,0.952154,4452d828f84c6a2b2dee9c7a81e6c102_shot_001_000,lmd,mouth,3.840178
10,0.952154,4452d828f84c6a2b2dee9c7a81e6c102_shot_001_000,sync_d,mouth,7.091630
10,0.952154,4452d828f84c6a2b2dee9c7a81e6c102_shot_001_000,sync_c,mouth,7.724551
11,0.946372,4452d828f84c6a2b2dee9c7a81e6c102_shot_001_000,pixel_mse,mouth,0.00197704
11,0.946372,4452d828f84c6a2b2dee9c7a81e6c102_shot_001_000,pixel_mse,upper_face,0.00010078
11,0.946372,4452d828f84c6a2b2dee9c7a81e6c102_shot_001_000,pixel_mse,full,0.00086441
11,0.946372,4452d828f84c6a2b2dee9c7a81e6c102_shot_001_000,ssim,mouth,0.91461819
11,0.946372,4452d828f84c6a2b2dee9c7a81e6c102_shot_001_000,ssim,upper_face,0.97211111
11,0.946372,4452d828f84c6a2b2dee9c7a81e6c102_shot_001_000,ssim,full,0.94871163
11,0.946372,4452d828f84c6a2b2dee9c7a81e6c102_shot_001_000,lpips,mouth,0.07815906
11,0.946372,4452d828f84c6a2b2dee9c7a81e6c102_shot_001_000,lpips,full,0.05104594
11,0.946372,4452d828f84c6a2b2dee9c7a81e6c102_shot_001_000,sharpness,mouth,17.4789
11,0.946372,4452d828f84c6a2b2dee9c7a81e6c102_shot_001_000,lmd,mouth,3.874091
11,0.946372,4452d828f84c6a2b2dee9c7a81e6c102_shot_001_000,sync_d,mouth,7.064114
11,0.946372,4452d828f84c6a2b2dee9c7a81e6c102_shot_001_000,sync_c,mouth,7.759930
12,0.940361,4452d828f84c6a2b2dee9c7a81e6c102_shot_001_000,pixel_mse,mouth,0.00195292
12,0.940361,4452d828f84c6a2b2dee9c7a81e6c102_shot_001_000,pixel_mse,upper_face,0.00009983
12,0.940361,4452d828f84c6a2b2dee9c7a81e6c102_shot_001_000,pixel_mse,full,0.00085403
12,0.940361,4452d828f84c6a2b2dee9c7a81e6c102_shot_001_000,ssim,mouth,0.91496080
12,0.940361,4452d828f84c6a2b2dee9c7a81e6c102_shot_001_000,ssim,upper_face,0.97221613
12,0.940361,4452d828f84c6a2b2dee9c7a81e6c102_shot_001_000,ssim,full,0.94891328
12,0.940361,4452d828f84c6a2b2dee9c7a81e6c102_shot_001_000,lpips,mouth,0.07753925
12,0.940361,4452d828f84c6a2b2dee9c7a81e6c102_shot_001_000,lpips,full,0.05064078
12,0.940361,4452d828f84c6a2b2dee9c7a81e6c102_shot_001_000,sharpness,mouth,17.4605
12,0.940361,4452d828f84c6a2b2dee9c7a81e6c102_shot_001_000,lmd,mouth,3.971574
12,0.940361,4452d828f84c6a2b2dee9c7a81e6c102_shot_001_000,sync_d,mouth,7.074123
12,0.940361,4452d828f84c6a2b2dee9c7a81e6c102_shot_001_000,sync_c,mouth,7.827690
13,0.934107,4452d828f84c6a2b2dee9c7a81e6c102_shot_001_000,pixel_mse,mouth,0.00194995
13,0.934107,4452d828f84c6a2b2dee9c7a81e6c102_shot_001_000,pixel_mse,upper_face,0.00009951
13,0.934107,4452d828f84c6a2b2dee9c7a81e6c102_shot_001_000,pixel_mse,full,0.00085264
13,0.934107,4452d828f84c6a2b2dee9c7a81e6c102_shot_001_000,ssim,mouth,0.91492605
13,0.934107,4452d828f84c6a2b2dee9c7a81e6c102_shot_001_000,ssim,upper_face,0.97232896
13,0.934107,4452d828f84c6a2b2dee9c7a81e6c102_shot_001_000,ssim,full,0.94896615
13,0.934107,4452d828f84c6a2b2dee9c7a81e6c102_shot_001_000,lpips,mouth,0.07729205
13,0.934107,4452d828f84c6a2b2dee9c7a81e6c102_shot_001_000,lpips,full,0.05044816
13,0.934107,4452d828f84c6a2b2dee9c7a81e6c102_shot_001_000,sharpness,mouth,17.5615
13,0.934107,4452d828f84c6a2b2dee9c7a81e6c102_shot_001_000,lmd,mouth,3.951724
13,0.934107,4452d828f84c6a2b2dee9c7a81e6c102_shot_001_000,sync_d,mouth,7.020516
13,0.934107,4452d828f84c6a2b2dee9c7a81e6c102_shot_001_000,sync_c,mouth,7.822396
14,0.927596,4452d828f84c6a2b2dee9c7a81e6c102_shot_001_000,pixel_mse,mouth,0.00195829
14,0.927596,4452d828f84c6a2b2dee9c7a81e6c102_shot_001_000,pixel_mse,upper_face,0.00009739
14,0.927596,4452d828f84c6a2b2dee9c7a81e6c102_shot_001_000,pixel_mse,full,0.00085477
14,0.927596,4452d828f84c6a2b2dee9c7a81e6c102_shot_001_000,ssim,mouth,0.91485643
14,0.927596,4452d828f84c6a2b2dee9c7a81e6c102_shot_001_000,ssim,upper_face,0.97247249
14,0.927596,4452d828f84c6a2b2dee9c7a81e6c102_shot_001_000,ssim,full,0.94902283
14,0.927596,4452d828f84c6a2b2dee9c7a81e6c102_shot_001_000,lpips,mouth,0.07704133
14,0.927596,4452d828f84c6a2b2dee9c7a81e6c102_shot_001_000,lpips,full,0.05020112
14,0.927596,4452d828f84c6a2b2dee9c7a81e6c102_shot_001_000,sharpness,mouth,17.5623
14,0.927596,4452d828f84c6a2b2dee9c7a81e6c102_shot_001_000,lmd,mouth,4.016242
14,0.927596,4452d828f84c6a2b2dee9c7a81e6c102_shot_001_000,sync_d,mouth,6.984294
14,0.927596,4452d828f84c6a2b2dee9c7a81e6c102_shot_001_000,sync_c,mouth,8.000711
15,0.920810,4452d828f84c6a2b2dee9c7a81e6c102_shot_001_000,pixel_mse,mouth,0.00197361
15,0.920810,4452d828f84c6a2b2dee9c7a81e6c102_shot_001_000,pixel_mse,upper_face,0.00009597
15,0.920810,4452d828f84c6a2b2dee9c7a81e6c102_shot_001_000,pixel_mse,full,0.00086017
15,0.920810,4452d828f84c6a2b2dee9c7a81e6c102_shot_001_000,ssim,mouth,0.91460276
15,0.920810,4452d828f84c6a2b2dee9c7a81e6c102_shot_001_000,ssim,upper_face,0.97258532
15,0.920810,4452d828f84c6a2b2dee9c7a81e6c102_shot_001_000,ssim,full,0.94898647
15,0.920810,4452d828f84c6a2b2dee9c7a81e6c102_shot_001_000,lpips,mouth,0.07665161
15,0.920810,4452d828f84c6a2b2dee9c7a81e6c102_shot_001_000,lpips,full,0.04987245
15,0.920810,4452d828f84c6a2b2dee9c7a81e6c102_shot_001_000,sharpness,mouth,17.5171
15,0.920810,4452d828f84c6a2b2dee9c7a81e6c102_shot_001_000,lmd,mouth,4.144493
15,0.920810,4452d828f84c6a2b2dee9c7a81e6c102_shot_001_000,sync_d,mouth,6.879489
15,0.920810,4452d828f84c6a2b2dee9c7a81e6c102_shot_001_000,sync_c,mouth,8.069331
16,0.913733,4452d828f84c6a2b2dee9c7a81e6c102_shot_001_000,pixel_mse,mouth,0.00200452
16,0.913733,4452d828f84c6a2b2dee9c7a81e6c102_shot_001_000,pixel_mse,upper_face,0.00009510
16,0.913733,4452d828f84c6a2b2dee9c7a81e6c102_shot_001_000,pixel_mse,full,0.00087223
16,0.913733,4452d828f84c6a2b2dee9c7a81e6c102_shot_001_000,ssim,mouth,0.91405994
16,0.913733,4452d828f84c6a2b2dee9c7a81e6c102_shot_001_000,ssim,upper_face,0.97267234
16,0.913733,4452d828f84c6a2b2dee9c7a81e6c102_shot_001_000,ssim,full,0.94881719
16,0.913733,4452d828f84c6a2b2dee9c7a81e6c102_shot_001_000,lpips,mouth,0.07651149
16,0.913733,4452d828f84c6a2b2dee9c7a81e6c102_shot_001_000,lpips,full,0.04984895
16,0.913733,4452d828f84c6a2b2dee9c7a81e6c102_shot_001_000,sharpness,mouth,17.5633
16,0.913733,4452d828f84c6a2b2dee9c7a81e6c102_shot_001_000,lmd,mouth,4.189446
16,0.913733,4452d828f84c6a2b2dee9c7a81e6c102_shot_001_000,sync_d,mouth,6.957772
16,0.913733,4452d828f84c6a2b2dee9c7a81e6c102_shot_001_000,sync_c,mouth,8.010153
17,0.906344,4452d828f84c6a2b2dee9c7a81e6c102_shot_001_000,pixel_mse,mouth,0.00204230
17,0.906344,4452d828f84c6a2b2dee9c7a81e6c102_shot_001_000,pixel_mse,upper_face,0.00009412
17,0.906344,4452d828f84c6a2b2dee9c7a81e6c102_shot_001_000,pixel_mse,full,0.00088703
17,0.906344,4452d828f84c6a2b2dee9c7a81e6c102_shot_001_000,ssim,mouth,0.91343790
17,0.906344,4452d828f84c6a2b2dee9c7a81e6c102_shot_001_000,ssim,upper_face,0.97275561
17,0.906344,4452d828f84c6a2b2dee9c7a81e6c102_shot_001_000,ssim,full,0.94861329
17,0.906344,4452d828f84c6a2b2dee9c7a81e6c102_shot_001_000,lpips,mouth,0.07665812
17,0.906344,4452d828f84c6a2b2dee9c7a81e6c102_shot_001_000,lpips,full,0.04983860
17,0.906344,4452d828f84c6a2b2dee9c7a81e6c102_shot_001_000,sharpness,mouth,17.5663
17,0.906344,4452d828f84c6a2b2dee9c7a81e6c102_shot_001_000,lmd,mouth,4.267020
17,0.906344,4452d828f84c6a2b2dee9c7a81e6c102_shot_001_000,sync_d,mouth,6.876534
17,0.906344,4452d828f84c6a2b2dee9c7a81e6c102_shot_001_000,sync_c,mouth,8.118992
18,0.898624,4452d828f84c6a2b2dee9c7a81e6c102_shot_001_000,pixel_mse,mouth,0.00207124
18,0.898624,4452d828f84c6a2b2dee9c7a81e6c102_shot_001_000,pixel_mse,upper_face,0.00009425
18,0.898624,4452d828f84c6a2b2dee9c7a81e6c102_shot_001_000,pixel_mse,full,0.00089888
18,0.898624,4452d828f84c6a2b2dee9c7a81e6c102_shot_001_000,ssim,mouth,0.91284126
18,0.898624,4452d828f84c6a2b2dee9c7a81e6c102_shot_001_000,ssim,upper_face,0.97281778
18,0.898624,4452d828f84c6a2b2dee9c7a81e6c102_shot_001_000,ssim,full,0.94840747
18,0.898624,4452d828f84c6a2b2dee9c7a81e6c102_shot_001_000,lpips,mouth,0.07659210
18,0.898624,4452d828f84c6a2b2dee9c7a81e6c102_shot_001_000,lpips,full,0.04990122
18,0.898624,4452d828f84c6a2b2dee9c7a81e6c102_shot_001_000,sharpness,mouth,17.6223
18,0.898624,4452d828f84c6a2b2dee9c7a81e6c102_shot_001_000,lmd,mouth,4.350429
18,0.898624,4452d828f84c6a2b2dee9c7a81e6c102_shot_001_000,sync_d,mouth,6.843660
18,0.898624,4452d828f84c6a2b2dee9c7a81e6c102_shot_001_000,sync_c,mouth,8.131176
19,0.890548,4452d828f84c6a2b2dee9c7a81e6c102_shot_001_000,pixel_mse,mouth,0.00212971
19,0.890548,4452d828f84c6a2b2dee9c7a81e6c102_shot_001_000,pixel_mse,upper_face,0.00009245
19,0.890548,4452d828f84c6a2b2dee9c7a81e6c102_shot_001_000,pixel_mse,full,0.00092161
19,0.890548,4452d828f84c6a2b2dee9c7a81e6c102_shot_001_000,ssim,mouth,0.91200405
19,0.890548,4452d828f84c6a2b2dee9c7a81e6c102_shot_001_000,ssim,upper_face,0.97296822
19,0.890548,4452d828f84c6a2b2dee9c7a81e6c102_shot_001_000,ssim,full,0.94815588
19,0.890548,4452d828f84c6a2b2dee9c7a81e6c102_shot_001_000,lpips,mouth,0.07675169
19,0.890548,4452d828f84c6a2b2dee9c7a81e6c102_shot_001_000,lpips,full,0.04991610
19,0.890548,4452d828f84c6a2b2dee9c7a81e6c102_shot_001_000,sharpness,mouth,17.6281
19,0.890548,4452d828f84c6a2b2dee9c7a81e6c102_shot_001_000,lmd,mouth,4.441712
19,0.890548,4452d828f84c6a2b2dee9c7a81e6c102_shot_001_000,sync_d,mouth,6.740557
19,0.890548,4452d828f84c6a2b2dee9c7a81e6c102_shot_001_000,sync_c,mouth,8.280611
20,0.882093,4452d828f84c6a2b2dee9c7a81e6c102_shot_001_000,pixel_mse,mouth,0.00216872
20,0.882093,4452d828f84c6a2b2dee9c7a81e6c102_shot_001_000,pixel_mse,upper_face,0.00009221
20,0.882093,4452d828f84c6a2b2dee9c7a81e6c102_shot_001_000,pixel_mse,full,0.00093734
20,0.882093,4452d828f84c6a2b2dee9c7a81e6c102_shot_001_000,ssim,mouth,0.91140777
20,0.882093,4452d828f84c6a2b2dee9c7a81e6c102_shot_001_000,ssim,upper_face,0.97302234
20,0.882093,4452d828f84c6a2b2dee9c7a81e6c102_shot_001_000,ssim,full,0.94794530
20,0.882093,4452d828f84c6a2b2dee9c7a81e6c102_shot_001_000,lpips,mouth,0.07678588
20,0.882093,4452d828f84c6a2b2dee9c7a81e6c102_shot_001_000,lpips,full,0.05004007
20,0.882093,4452d828f84c6a2b2dee9c7a81e6c102_shot_001_000,sharpness,mouth,17.5983
20,0.882093,4452d828f84c6a2b2dee9c7a81e6c102_shot_001_000,lmd,mouth,4.527648
20,0.882093,4452d828f84c6a2b2dee9c7a81e6c102_shot_001_000,sync_d,mouth,6.706912
20,0.882093,4452d828f84c6a2b2dee9c7a81e6c102_shot_001_000,sync_c,mouth,8.269878
21,0.873231,4452d828f84c6a2b2dee9c7a81e6c102_shot_001_000,pixel_mse,mouth,0.00224038
21,0.873231,4452d828f84c6a2b2dee9c7a81e6c102_shot_001_000,pixel_mse,upper_face,0.00009233
21,0.873231,4452d828f84c6a2b2dee9c7a81e6c102_shot_001_000,pixel_mse,full,0.00096658
21,0.873231,4452d828f84c6a2b2dee9c7a81e6c102_shot_001_000,ssim,mouth,0.91034615
21,0.873231,4452d828f84c6a2b2dee9c7a81e6c102_shot_001_000,ssim,upper_face,0.97304815
21,0.873231,4452d828f84c6a2b2dee9c7a81e6c102_shot_001_000,ssim,full,0.94752860
21,0.873231,4452d828f84c6a2b2dee9c7a81e6c102_shot_001_000,lpips,mouth,0.07720631
21,0.873231,4452d828f84c6a2b2dee9c7a81e6c102_shot_001_000,lpips,full,0.05020246
21,0.873231,4452d828f84c6a2b2dee9c7a81e6c102_shot_001_000,sharpness,mouth,17.6785
21,0.873231,4452d828f84c6a2b2dee9c7a81e6c102_shot_001_000,lmd,mouth,4.578791
21,0.873231,4452d828f84c6a2b2dee9c7a81e6c102_shot_001_000,sync_d,mouth,6.644244
21,0.873231,4452d828f84c6a2b2dee9c7a81e6c102_shot_001_000,sync_c,mouth,8.396546
22,0.863931,4452d828f84c6a2b2dee9c7a81e6c102_shot_001_000,pixel_mse,mouth,0.00230047
22,0.863931,4452d828f84c6a2b2dee9c7a81e6c102_shot_001_000,pixel_mse,upper_face,0.00009080
22,0.863931,4452d828f84c6a2b2dee9c7a81e6c102_shot_001_000,pixel_mse,full,0.00099013
22,0.863931,4452d828f84c6a2b2dee9c7a81e6c102_shot_001_000,ssim,mouth,0.90945196
22,0.863931,4452d828f84c6a2b2dee9c7a81e6c102_shot_001_000,ssim,upper_face,0.97311413
22,0.863931,4452d828f84c6a2b2dee9c7a81e6c102_shot_001_000,ssim,full,0.94720364
22,0.863931,4452d828f84c6a2b2dee9c7a81e6c102_shot_001_000,lpips,mouth,0.07726640
22,0.863931,4452d828f84c6a2b2dee9c7a81e6c102_shot_001_000,lpips,full,0.05021030
22,0.863931,4452d828f84c6a2b2dee9c7a81e6c102_shot_001_000,sharpness,mouth,17.6553
22,0.863931,4452d828f84c6a2b2dee9c7a81e6c102_shot_001_000,lmd,mouth,4.681104
22,0.863931,4452d828f84c6a2b2dee9c7a81e6c102_shot_001_000,sync_d,mouth,6.661378
22,0.863931,4452d828f84c6a2b2dee9c7a81e6c102_shot_001_000,sync_c,mouth,8.360100
23,0.854160,4452d828f84c6a2b2dee9c7a81e6c102_shot_001_000,pixel_mse,mouth,0.00236203
23,0.854160,4452d828f84c6a2b2dee9c7a81e6c102_shot_001_000,pixel_mse,upper_face,0.00008961
23,0.854160,4452d828f84c6a2b2dee9c7a81e6c102_shot_001_000,pixel_mse,full,0.00101448
23,0.854160,4452d828f84c6a2b2dee9c7a81e6c102_shot_001_000,ssim,mouth,0.90870100
23,0.854160,4452d828f84c6a2b2dee9c7a81e6c102_shot_001_000,ssim,upper_face,0.97326583
23,0.854160,4452d828f84c6a2b2dee9c7a81e6c102_shot_001_000,ssim,full,0.94698822
23,0.854160,4452d828f84c6a2b2dee9c7a81e6c102_shot_001_000,lpips,mouth,0.07747646
23,0.854160,4452d828f84c6a2b2dee9c7a81e6c102_shot_001_000,lpips,full,0.05032253
23,0.854160,4452d828f84c6a2b2dee9c7a81e6c102_shot_001_000,sharpness,mouth,17.6521
23,0.854160,4452d828f84c6a2b2dee9c7a81e6c102_shot_001_000,lmd,mouth,4.762355
23,0.854160,4452d828f84c6a2b2dee9c7a81e6c102_shot_001_000,sync_d,mouth,6.649019
23,0.854160,4452d828f84c6a2b2dee9c7a81e6c102_shot_001_000,sync_c,mouth,8.330021
24,0.843882,4452d828f84c6a2b2dee9c7a81e6c102_shot_001_000,pixel_mse,mouth,0.00243603
24,0.843882,4452d828f84c6a2b2dee9c7a81e6c102_shot_001_000,pixel_mse,upper_face,0.00009014
24,0.843882,4452d828f84c6a2b2dee9c7a81e6c102_shot_001_000,pixel_mse,full,0.00104491
24,0.843882,4452d828f84c6a2b2dee9c7a81e6c102_shot_001_000,ssim,mouth,0.90771294
24,0.843882,4452d828f84c6a2b2dee9c7a81e6c102_shot_001_000,ssim,upper_face,0.97329903
24,0.843882,4452d828f84c6a2b2dee9c7a81e6c102_shot_001_000,ssim,full,0.94660562
24,0.843882,4452d828f84c6a2b2dee9c7a81e6c102_shot_001_000,lpips,mouth,0.07767241
24,0.843882,4452d828f84c6a2b2dee9c7a81e6c102_shot_001_000,lpips,full,0.05045205
24,0.843882,4452d828f84c6a2b2dee9c7a81e6c102_shot_001_000,sharpness,mouth,17.5826
24,0.843882,4452d828f84c6a2b2dee9c7a81e6c102_shot_001_000,lmd,mouth,4.846050
24,0.843882,4452d828f84c6a2b2dee9c7a81e6c102_shot_001_000,sync_d,mouth,6.615276
24,0.843882,4452d828f84c6a2b2dee9c7a81e6c102_shot_001_000,sync_c,mouth,8.438548
25,0.833055,4452d828f84c6a2b2dee9c7a81e6c102_shot_001_000,pixel_mse,mouth,0.00250162
25,0.833055,4452d828f84c6a2b2dee9c7a81e6c102_shot_001_000,pixel_mse,upper_face,0.00008845
25,0.833055,4452d828f84c6a2b2dee9c7a81e6c102_shot_001_000,pixel_mse,full,0.00107060
25,0.833055,4452d828f84c6a2b2dee9c7a81e6c102_shot_001_000,ssim,mouth,0.90682316
25,0.833055,4452d828f84c6a2b2dee9c7a81e6c102_shot_001_000,ssim,upper_face,0.97340310
25,0.833055,4452d828f84c6a2b2dee9c7a81e6c102_shot_001_000,ssim,full,0.94630527
25,0.833055,4452d828f84c6a2b2dee9c7a81e6c102_shot_001_000,lpips,mouth,0.07823899
25,0.833055,4452d828f84c6a2b2dee9c7a81e6c102_shot_001_000,lpips,full,0.05068330
25,0.833055,4452d828f84c6a2b2dee9c7a81e6c102_shot_001_000,sharpness,mouth,17.6413
25,0.833055,4452d828f84c6a2b2dee9c7a81e6c102_shot_001_000,lmd,mouth,4.882595
25,0.833055,4452d828f84c6a2b2dee9c7a81e6c102_shot_001_000,sync_d,mouth,6.625495
25,0.833055,4452d828f84c6a2b2dee9c7a81e6c102_shot_001_000,sync_c,mouth,8.446374
26,0.821636,4452d828f84c6a2b2dee9c7a81e6c102_shot_001_000,pixel_mse,mouth,0.00257681
26,0.821636,4452d828f84c6a2b2dee9c7a81e6c102_shot_001_000,pixel_mse,upper_face,0.00008779
26,0.821636,4452d828f84c6a2b2dee9c7a81e6c102_shot_001_000,pixel_mse,full,0.00110082
26,0.821636,4452d828f84c6a2b2dee9c7a81e6c102_shot_001_000,ssim,mouth,0.90583086
26,0.821636,4452d828f84c6a2b2dee9c7a81e6c102_shot_001_000,ssim,upper_face,0.97345227
26,0.821636,4452d828f84c6a2b2dee9c7a81e6c102_shot_001_000,ssim,full,0.94593060
26,0.821636,4452d828f84c6a2b2dee9c7a81e6c102_shot_001_000,lpips,mouth,0.07857767
26,0.821636,4452d828f84c6a2b2dee9c7a81e6c102_shot_001_000,lpips,full,0.05085383
26,0.821636,4452d828f84c6a2b2dee9c7a81e6c102_shot_001_000,sharpness,mouth,17.6915
26,0.821636,4452d828f84c6a2b2dee9c7a81e6c102_shot_001_000,lmd,mouth,4.957412
26,0.821636,4452d828f84c6a2b2dee9c7a81e6c102_shot_001_000,sync_d,mouth,6.556577
26,0.821636,4452d828f84c6a2b2dee9c7a81e6c102_shot_001_000,sync_c,mouth,8.437117
27,0.809574,4452d828f84c6a2b2dee9c7a81e6c102_shot_001_000,pixel_mse,mouth,0.00264975
27,0.809574,4452d828f84c6a2b2dee9c7a81e6c102_shot_001_000,pixel_mse,upper_face,0.00008745
27,0.809574,4452d828f84c6a2b2dee9c7a81e6c102_shot_001_000,pixel_mse,full,0.00113030
27,0.809574,4452d828f84c6a2b2dee9c7a81e6c102_shot_001_000,ssim,mouth,0.90497249
27,0.809574,4452d828f84c6a2b2dee9c7a81e6c102_shot_001_000,ssim,upper_face,0.97346461
27,0.809574,4452d828f84c6a2b2dee9c7a81e6c102_shot_001_000,ssim,full,0.94558847
27,0.809574,4452d828f84c6a2b2dee9c7a81e6c102_shot_001_000,lpips,mouth,0.07883766
27,0.809574,4452d828f84c6a2b2dee9c7a81e6c102_shot_001_000,lpips,full,0.05106244
27,0.809574,4452d828f84c6a2b2dee9c7a81e6c102_shot_001_000,sharpness,mouth,17.6444
27,0.809574,4452d828f84c6a2b2dee9c7a81e6c102_shot_001_000,lmd,mouth,5.022339
27,0.809574,4452d828f84c6a2b2dee9c7a81e6c102_shot_001_000,sync_d,mouth,6.588152
27,0.809574,4452d828f84c6a2b2dee9c7a81e6c102_shot_001_000,sync_c,mouth,8.500761
28,0.796812,4452d828f84c6a2b2dee9c7a81e6c102_shot_001_000,pixel_mse,mouth,0.00272109
28,0.796812,4452d828f84c6a2b2dee9c7a81e6c102_shot_001_000,pixel_mse,upper_face,0.00008757
28,0.796812,4452d828f84c6a2b2dee9c7a81e6c102_shot_001_000,pixel_mse,full,0.00115941
28,0.796812,4452d828f84c6a2b2dee9c7a81e6c102_shot_001_000,ssim,mouth,0.90398115
28,0.796812,4452d828f84c6a2b2dee9c7a81e6c102_shot_001_000,ssim,upper_face,0.97356850
28,0.796812,4452d828f84c6a2b2dee9c7a81e6c102_shot_001_000,ssim,full,0.94524664
28,0.796812,4452d828f84c6a2b2dee9c7a81e6c102_shot_001_000,lpips,mouth,0.07938665
28,0.796812,4452d828f84c6a2b2dee9c7a81e6c102_shot_001_000,lpips,full,0.05136675
28,0.796812,4452d828f84c6a2b2dee9c7a81e6c102_shot_001_000,sharpness,mouth,17.6392
28,0.796812,4452d828f84c6a2b2dee9c7a81e6c102_shot_001_000,lmd,mouth,5.127347
28,0.796812,4452d828f84c6a2b2dee9c7a81e6c102_shot_001_000,sync_d,mouth,6.519480
28,0.796812,4452d828f84c6a2b2dee9c7a81e6c102_shot_001_000,sync_c,mouth,8.585320
29,0.783290,4452d828f84c6a2b2dee9c7a81e6c102_shot_001_000,pixel_mse,mouth,0.00280123
29,0.783290,4452d828f84c6a2b2dee9c7a81e6c102_shot_001_000,pixel_mse,upper_face,0.00008573
29,0.783290,4452d828f84c6a2b2dee9c7a81e6c102_shot_001_000,pixel_mse,full,0.00119093
29,0.783290,4452d828f84c6a2b2dee9c7a81e6c102_shot_001_000,ssim,mouth,0.90307200
29,0.783290,4452d828f84c6a2b2dee9c7a81e6c102_shot_001_000,ssim,upper_face,0.97366297
29,0.783290,4452d828f84c6a2b2dee9c7a81e6c102_shot_001_000,ssim,full,0.94493264
29,0.783290,4452d828f84c6a2b2dee9c7a81e6c102_shot_001_000,lpips,mouth,0.07986818
29,0.783290,4452d828f84c6a2b2dee9c7a81e6c102_shot_001_000,lpips,full,0.05148404
29,0.783290,4452d828f84c6a2b2dee9c7a81e6c102_shot_001_000,sharpness,mouth,17.6902
29,0.783290,4452d828f84c6a2b2dee9c7a81e6c102_shot_001_000,lmd,mouth,5.184245
29,0.783290,4452d828f84c6a2b2dee9c7a81e6c102_shot_001_000,sync_d,mouth,6.464108
29,0.783290,4452d828f84c6a2b2dee9c7a81e6c102_shot_001_000,sync_c,mouth,8.587200
30,0.768935,4452d828f84c6a2b2dee9c7a81e6c102_shot_001_000,pixel_mse,mouth,0.00287064
30,0.768935,4452d828f84c6a2b2dee9c7a81e6c102_shot_001_000,pixel_mse,upper_face,0.00008541
30,0.768935,4452d828f84c6a2b2dee9c7a81e6c102_shot_001_000,pixel_mse,full,0.00121899
30,0.768935,4452d828f84c6a2b2dee9c7a81e6c102_shot_001_000,ssim,mouth,0.90224475
30,0.768935,4452d828f84c6a2b2dee9c7a81e6c102_shot_001_000,ssim,upper_face,0.97370082
30,0.768935,4452d828f84c6a2b2dee9c7a81e6c102_shot_001_000,ssim,full,0.94461840
30,0.768935,4452d828f84c6a2b2dee9c7a81e6c102_shot_001_000,lpips,mouth,0.08038922
30,0.768935,4452d828f84c6a2b2dee9c7a81e6c102_shot_001_000,lpips,full,0.05179023
30,0.768935,4452d828f84c6a2b2dee9c7a81e6c102_shot_001_000,sharpness,mouth,17.7277
30,0.768935,4452d828f84c6a2b2dee9c7a81e6c102_shot_001_000,lmd,mouth,5.298142
30,0.768935,4452d828f84c6a2b2dee9c7a81e6c102_shot_001_000,sync_d,mouth,6.424363
30,0.768935,4452d828f84c6a2b2dee9c7a81e6c102_shot_001_000,sync_c,mouth,8.618138
31,0.753669,4452d828f84c6a2b2dee9c7a81e6c102_shot_001_000,pixel_mse,mouth,0.00295307
31,0.753669,4452d828f84c6a2b2dee9c7a81e6c102_shot_001_000,pixel_mse,upper_face,0.00008444
31,0.753669,4452d828f84c6a2b2dee9c7a81e6c102_shot_001_000,pixel_mse,full,0.00125197
31,0.753669,4452d828f84c6a2b2dee9c7a81e6c102_shot_001_000,ssim,mouth,0.90126348
31,0.753669,4452d828f84c6a2b2dee9c7a81e6c102_shot_001_000,ssim,upper_face,0.97383100
31,0.753669,4452d828f84c6a2b2dee9c7a81e6c102_shot_001_000,ssim,full,0.94429612
31,0.753669,4452d828f84c6a2b2dee9c7a81e6c102_shot_001_000,lpips,mouth,0.08113834
31,0.753669,4452d828f84c6a2b2dee9c7a81e6c102_shot_001_000,lpips,full,0.05209891
31,0.753669,4452d828f84c6a2b2dee9c7a81e6c102_shot_001_000,sharpness,mouth,17.6759
31,0.753669,4452d828f84c6a2b2dee9c7a81e6c102_shot_001_000,lmd,mouth,5.291704
31,0.753669,4452d828f84c6a2b2dee9c7a81e6c102_shot_001_000,sync_d,mouth,6.386292
31,0.753669,4452d828f84c6a2b2dee9c7a81e6c102_shot_001_000,sync_c,mouth,8.681140
32,0.737402,4452d828f84c6a2b2dee9c7a81e6c102_shot_001_000,pixel_mse,mouth,0.00303517
32,0.737402,4452d828f84c6a2b2dee9c7a81e6c102_shot_001_000,pixel_mse,upper_face,0.00008439
32,0.737402,4452d828f84c6a2b2dee9c7a81e6c102_shot_001_000,pixel_mse,full,0.00128535
32,0.737402,4452d828f84c6a2b2dee9c7a81e6c102_shot_001_000,ssim,mouth,0.90023476
32,0.737402,4452d828f84c6a2b2dee9c7a81e6c102_shot_001_000,ssim,upper_face,0.97383523
32,0.737402,4452d828f84c6a2b2dee9c7a81e6c102_shot_001_000,ssim,full,0.94388014
32,0.737402,4452d828f84c6a2b2dee9c7a81e6c102_shot_001_000,lpips,mouth,0.08168996
32,0.737402,4452d828f84c6a2b2dee9c7a81e6c102_shot_001_000,lpips,full,0.05249790
32,0.737402,4452d828f84c6a2b2dee9c7a81e6c102_shot_001_000,sharpness,mouth,17.7388
32,0.737402,4452d828f84c6a2b2dee9c7a81e6c102_shot_001_000,lmd,mouth,5.361966
32,0.737402,4452d828f84c6a2b2dee9c7a81e6c102_shot_001_000,sync_d,mouth,6.382717
32,0.737402,4452d828f84c6a2b2dee9c7a81e6c102_shot_001_000,sync_c,mouth,8.689533
33,0.720034,4452d828f84c6a2b2dee9c7a81e6c102_shot_001_000,pixel_mse,mouth,0.00311932
33,0.720034,4452d828f84c6a2b2dee9c7a81e6c102_shot_001_000,pixel_mse,upper_face,0.00008410
33,0.720034,4452d828f84c6a2b2dee9c7a81e6c102_shot_001_000,pixel_mse,full,0.00131943
33,0.720034,4452d828f84c6a2b2dee9c7a81e6c102_shot_001_000,ssim,mouth,0.89925969
33,0.720034,4452d828f84c6a2b2dee9c7a81e6c102_shot_001_000,ssim,upper_face,0.97390693
33,0.720034,4452d828f84c6a2b2dee9c7a81e6c102_shot_001_000,ssim,full,0.94352561
33,0.720034,4452d828f84c6a2b2dee9c7a81e6c102_shot_001_000,lpips,mouth,0.08231292
33,0.720034,4452d828f84c6a2b2dee9c7a81e6c102_shot_001_000,lpips,full,0.05272218
33,0.720034,4452d828f84c6a2b2dee9c7a81e6c102_shot_001_000,sharpness,mouth,17.6583
33,0.720034,4452d828f84c6a2b2dee9c7a81e6c102_shot_001_000,lmd,mouth,5.402288
33,0.720034,4452d828f84c6a2b2dee9c7a81e6c102_shot_001_000,sync_d,mouth,6.305007
33,0.720034,4452d828f84c6a2b2dee9c7a81e6c102_shot_001_000,sync_c,mouth,8.732166
34,0.701446,4452d828f84c6a2b2dee9c7a81e6c102_shot_001_000,pixel_mse,mouth,0.00321269
34,0.701446,4452d828f84c6a2b2dee9c7a81e6c102_shot_001_000,pixel_mse,upper_face,0.00008343
34,0.701446,4452d828f84c6a2b2dee9c7a81e6c102_shot_001_000,pixel_mse,full,0.00135703
34,0.701446,4452d828f84c6a2b2dee9c7a81e6c102_shot_001_000,ssim,mouth,0.89813197
34,0.701446,4452d828f84c6a2b2dee9c7a81e6c102_shot_001_000,ssim,upper_face,0.97397465
34,0.701446,4452d828f84c6a2b2dee9c7a81e6c102_shot_001_000,ssim,full,0.94310665
34,0.701446,4452d828f84c6a2b2dee9c7a81e6c102_shot_001_000,lpips,mouth,0.08334237
34,0.701446,4452d828f84c6a2b2dee9c7a81e6c102_shot_001_000,lpips,full,0.05322091
34,0.701446,4452d828f84c6a2b2dee9c7a81e6c102_shot_001_000,sharpness,mouth,17.6851
34,0.701446,4452d828f84c6a2b2dee9c7a81e6c102_shot_001_000,lmd,mouth,5.536320
34,0.701446,4452d828f84c6a2b2dee9c7a81e6c102_shot_001_000,sync_d,mouth,6.332106
34,0.701446,4452d828f84c6a2b2dee9c7a81e6c102_shot_001_000,sync_c,mouth,8.735481
35,0.681508,4452d828f84c6a2b2dee9c7a81e6c102_shot_001_000,pixel_mse,mouth,0.00330956
35,0.681508,4452d828f84c6a2b2dee9c7a81e6c102_shot_001_000,pixel_mse,upper_face,0.00008341
35,0.681508,4452d828f84c6a2b2dee9c7a81e6c102_shot_001_000,pixel_mse,full,0.00139645
35,0.681508,4452d828f84c6a2b2dee9c7a81e6c102_shot_001_000,ssim,mouth,0.89700955
35,0.681508,4452d828f84c6a2b2dee9c7a81e6c102_shot_001_000,ssim,upper_face,0.97403097
35,0.681508,4452d828f84c6a2b2dee9c7a81e6c102_shot_001_000,ssim,full,0.94268358
35,0.681508,4452d828f84c6a2b2dee9c7a81e6c102_shot_001_000,lpips,mouth,0.08415516
35,0.681508,4452d828f84c6a2b2dee9c7a81e6c102_shot_001_000,lpips,full,0.05362109
35,0.681508,4452d828f84c6a2b2dee9c7a81e6c102_shot_001_000,sharpness,mouth,17.6168
35,0.681508,4452d828f84c6a2b2dee9c7a81e6c102_shot_001_000,lmd,mouth,5.665370
35,0.681508,4452d828f84c6a2b2dee9c7a81e6c102_shot_001_000,sync_d,mouth,6.303695
35,0.681508,4452d828f84c6a2b2dee9c7a81e6c102_shot_001_000,sync_c,mouth,8.790921
36,0.660066,4452d828f84c6a2b2dee9c7a81e6c102_shot_001_000,pixel_mse,mouth,0.00340916
36,0.660066,4452d828f84c6a2b2dee9c7a81e6c102_shot_001_000,pixel_mse,upper_face,0.00008341
36,0.660066,4452d828f84c6a2b2dee9c7a81e6c102_shot_001_000,pixel_mse,full,0.00143698
36,0.660066,4452d828f84c6a2b2dee9c7a81e6c102_shot_001_000,ssim,mouth,0.89586896
36,0.660066,4452d828f84c6a2b2dee9c7a81e6c102_shot_001_000,ssim,upper_face,0.97405404
36,0.660066,4452d828f84c6a2b2dee9c7a81e6c102_shot_001_000,ssim,full,0.94223297
36,0.660066,4452d828f84c6a2b2dee9c7a81e6c102_shot_001_000,lpips,mouth,0.08528400
36,0.660066,4452d828f84c6a2b2dee9c7a81e6c102_shot_001_000,lpips,full,0.05422434
36,0.660066,4452d828f84c6a2b2dee9c7a81e6c102_shot_001_000,sharpness,mouth,17.6225
36,0.660066,4452d828f84c6a2b2dee9c7a81e6c102_shot_001_000,lmd,mouth,5.746606
36,0.660066,4452d828f84c6a2b2dee9c7a81e6c102_shot_001_000,sync_d,mouth,6.259512
36,0.660066,4452d828f84c6a2b2dee9c7a81e6c102_shot_001_000,sync_c,mouth,8.818730
37,0.636942,4452d828f84c6a2b2dee9c7a81e6c102_shot_001_000,pixel_mse,mouth,0.00353566
37,0.636942,4452d828f84c6a2b2dee9c7a81e6c102_shot_001_000,pixel_mse,upper_face,0.00008257
37,0.636942,4452d828f84c6a2b2dee9c7a81e6c102_shot_001_000,pixel_mse,full,0.00148797
37,0.636942,4452d828f84c6a2b2dee9c7a81e6c102_shot_001_000,ssim,mouth,0.89446568
37,0.636942,4452d828f84c6a2b2dee9c7a81e6c102_shot_001_000,ssim,upper_face,0.97412127
37,0.636942,4452d828f84c6a2b2dee9c7a81e6c102_shot_001_000,ssim,full,0.94170153
37,0.636942,4452d828f84c6a2b2dee9c7a81e6c102_shot_001_000,lpips,mouth,0.08624490
37,0.636942,4452d828f84c6a2b2dee9c7a81e6c102_shot_001_000,lpips,full,0.05475187
37,0.636942,4452d828f84c6a2b2dee9c7a81e6c102_shot_001_000,sharpness,mouth,17.5679
37,0.636942,4452d828f84c6a2b2dee9c7a81e6c102_shot_001_000,lmd,mouth,5.898508
37,0.636942,4452d828f84c6a2b2dee9c7a81e6c102_shot_001_000,sync_d,mouth,6.285393
37,0.636942,4452d828f84c6a2b2dee9c7a81e6c102_shot_001_000,sync_c,mouth,8.838504
38,0.611932,4452d828f84c6a2b2dee9c7a81e6c102_shot_001_000,pixel_mse,mouth,0.00372966
38,0.611932,4452d828f84c6a2b2dee9c7a81e6c102_shot_001_000,pixel_mse,upper_face,0.00008372
38,0.611932,4452d828f84c6a2b2dee9c7a81e6c102_shot_001_000,pixel_mse,full,0.00156761
38,0.611932,4452d828f84c6a2b2dee9c7a81e6c102_shot_001_000,ssim,mouth,0.89273429
38,0.611932,4452d828f84c6a2b2dee9c7a81e6c102_shot_001_000,ssim,upper_face,0.97415215
38,0.611932,4452d828f84c6a2b2dee9c7a81e6c102_shot_001_000,ssim,full,0.94101524
38,0.611932,4452d828f84c6a2b2dee9c7a81e6c102_shot_001_000,lpips,mouth,0.08790530
38,0.611932,4452d828f84c6a2b2dee9c7a81e6c102_shot_001_000,lpips,full,0.05555072
38,0.611932,4452d828f84c6a2b2dee9c7a81e6c102_shot_001_000,sharpness,mouth,17.4925
38,0.611932,4452d828f84c6a2b2dee9c7a81e6c102_shot_001_000,lmd,mouth,5.935233
38,0.611932,4452d828f84c6a2b2dee9c7a81e6c102_shot_001_000,sync_d,mouth,6.313015
38,0.611932,4452d828f84c6a2b2dee9c7a81e6c102_shot_001_000,sync_c,mouth,8.705591
39,0.584795,4452d828f84c6a2b2dee9c7a81e6c102_shot_001_000,pixel_mse,mouth,0.00390070
39,0.584795,4452d828f84c6a2b2dee9c7a81e6c102_shot_001_000,pixel_mse,upper_face,0.00008339
39,0.584795,4452d828f84c6a2b2dee9c7a81e6c102_shot_001_000,pixel_mse,full,0.00163703
39,0.584795,4452d828f84c6a2b2dee9c7a81e6c102_shot_001_000,ssim,mouth,0.89126748
39,0.584795,4452d828f84c6a2b2dee9c7a81e6c102_shot_001_000,ssim,upper_face,0.97420758
39,0.584795,4452d828f84c6a2b2dee9c7a81e6c102_shot_001_000,ssim,full,0.94045115
39,0.584795,4452d828f84c6a2b2dee9c7a81e6c102_shot_001_000,lpips,mouth,0.08916157
39,0.584795,4452d828f84c6a2b2dee9c7a81e6c102_shot_001_000,lpips,full,0.05628269
39,0.584795,4452d828f84c6a2b2dee9c7a81e6c102_shot_001_000,sharpness,mouth,17.4518
39,0.584795,4452d828f84c6a2b2dee9c7a81e6c102_shot_001_000,lmd,mouth,6.011520
39,0.584795,4452d828f84c6a2b2dee9c7a81e6c102_shot_001_000,sync_d,mouth,6.346132
39,0.584795,4452d828f84c6a2b2dee9c7a81e6c102_shot_001_000,sync_c,mouth,8.707776
40,0.555247,4452d828f84c6a2b2dee9c7a81e6c102_shot_001_000,pixel_mse,mouth,0.00405414
40,0.555247,4452d828f84c6a2b2dee9c7a81e6c102_shot_001_000,pixel_mse,upper_face,0.00008427
40,0.555247,4452d828f84c6a2b2dee9c7a81e6c102_shot_001_000,pixel_mse,full,0.00170000
40,0.555247,4452d828f84c6a2b2dee9c7a81e6c102_shot_001_000,ssim,mouth,0.88983804
40,0.555247,4452d828f84c6a2b2dee9c7a81e6c102_shot_001_000,ssim,upper_face,0.97420794
40,0.555247,4452d828f84c6a2b2dee9c7a81e6c102_shot_001_000,ssim,full,0.93986952
40,0.555247,4452d828f84c6a2b2dee9c7a81e6c102_shot_001_000,lpips,mouth,0.09040619
40,0.555247,4452d828f84c6a2b2dee9c7a81e6c102_shot_001_000,lpips,full,0.05699359
40,0.555247,4452d828f84c6a2b2dee9c7a81e6c102_shot_001_000,sharpness,mouth,17.4189
40,0.555247,4452d828f84c6a2b2dee9c7a81e6c102_shot_001_000,lmd,mouth,6.156622
40,0.555247,4452d828f84c6a2b2dee9c7a81e6c102_shot_001_000,sync_d,mouth,6.278753
40,0.555247,4452d828f84c6a2b2dee9c7a81e6c102_shot_001_000,sync_c,mouth,8.691238
41,0.522951,4452d828f84c6a2b2dee9c7a81e6c102_shot_001_000,pixel_mse,mouth,0.00420306
41,0.522951,4452d828f84c6a2b2dee9c7a81e6c102_shot_001_000,pixel_mse,upper_face,0.00008418
41,0.522951,4452d828f84c6a2b2dee9c7a81e6c102_shot_001_000,pixel_mse,full,0.00176056
41,0.522951,4452d828f84c6a2b2dee9c7a81e6c102_shot_001_000,ssim,mouth,0.88841051
41,0.522951,4452d828f84c6a2b2dee9c7a81e6c102_shot_001_000,ssim,upper_face,0.97423470
41,0.522951,4452d828f84c6a2b2dee9c7a81e6c102_shot_001_000,ssim,full,0.93930447
41,0.522951,4452d828f84c6a2b2dee9c7a81e6c102_shot_001_000,lpips,mouth,0.09158425
41,0.522951,4452d828f84c6a2b2dee9c7a81e6c102_shot_001_000,lpips,full,0.05761902
41,0.522951,4452d828f84c6a2b2dee9c7a81e6c102_shot_001_000,sharpness,mouth,17.4473
41,0.522951,4452d828f84c6a2b2dee9c7a81e6c102_shot_001_000,lmd,mouth,6.153087
41,0.522951,4452d828f84c6a2b2dee9c7a81e6c102_shot_001_000,sync_d,mouth,6.327022
41,0.522951,4452d828f84c6a2b2dee9c7a81e6c102_shot_001_000,sync_c,mouth,8.750410
42,0.487507,4452d828f84c6a2b2dee9c7a81e6c102_shot_001_000,pixel_mse,mouth,0.00438032
42,0.487507,4452d828f84c6a2b2dee9c7a81e6c102_shot_001_000,pixel_mse,upper_face,0.00008538
42,0.487507,4452d828f84c6a2b2dee9c7a81e6c102_shot_001_000,pixel_mse,full,0.00183341
42,0.487507,4452d828f84c6a2b2dee9c7a81e6c102_shot_001_000,ssim,mouth,0.88675791
42,0.487507,4452d828f84c6a2b2dee9c7a81e6c102_shot_001_000,ssim,upper_face,0.97429931
42,0.487507,4452d828f84c6a2b2dee9c7a81e6c102_shot_001_000,ssim,full,0.93867010
42,0.487507,4452d828f84c6a2b2dee9c7a81e6c102_shot_001_000,lpips,mouth,0.09306321
42,0.487507,4452d828f84c6a2b2dee9c7a81e6c102_shot_001_000,lpips,full,0.05831478
42,0.487507,4452d828f84c6a2b2dee9c7a81e6c102_shot_001_000,sharpness,mouth,17.4826
42,0.487507,4452d828f84c6a2b2dee9c7a81e6c102_shot_001_000,lmd,mouth,6.277563
42,0.487507,4452d828f84c6a2b2dee9c7a81e6c102_shot_001_000,sync_d,mouth,6.414921
42,0.487507,4452d828f84c6a2b2dee9c7a81e6c102_shot_001_000,sync_c,mouth,8.669691
43,0.448430,4452d828f84c6a2b2dee9c7a81e6c102_shot_001_000,pixel_mse,mouth,0.00454986
43,0.448430,4452d828f84c6a2b2dee9c7a81e6c102_shot_001_000,pixel_mse,upper_face,0.00008662
43,0.448430,4452d828f84c6a2b2dee9c7a81e6c102_shot_001_000,pixel_mse,full,0.00190315
43,0.448430,4452d828f84c6a2b2dee9c7a81e6c102_shot_001_000,ssim,mouth,0.88508773
43,0.448430,4452d828f84c6a2b2dee9c7a81e6c102_shot_001_000,ssim,upper_face,0.97422129
43,0.448430,4452d828f84c6a2b2dee9c7a81e6c102_shot_001_000,ssim,full,0.93794411
43,0.448430,4452d828f84c6a2b2dee9c7a81e6c102_shot_001_000,lpips,mouth,0.09416133
43,0.448430,4452d828f84c6a2b2dee9c7a81e6c102_shot_001_000,lpips,full,0.05908178
43,0.448430,4452d828f84c6a2b2dee9c7a81e6c102_shot_001_000,sharpness,mouth,17.5566
43,0.448430,4452d828f84c6a2b2dee9c7a81e6c102_shot_001_000,lmd,mouth,6.346405
43,0.448430,4452d828f84c6a2b2dee9c7a81e6c102_shot_001_000,sync_d,mouth,6.421739
43,0.448430,4452d828f84c6a2b2dee9c7a81e6c102_shot_001_000,sync_c,mouth,8.640202
44,0.405131,4452d828f84c6a2b2dee9c7a81e6c102_shot_001_000,pixel_mse,mouth,0.00469192
44,0.405131,4452d828f84c6a2b2dee9c7a81e6c102_shot_001_000,pixel_mse,upper_face,0.00008871
44,0.405131,4452d828f84c6a2b2dee9c7a81e6c102_shot_001_000,pixel_mse,full,0.00196220
44,0.405131,4452d828f84c6a2b2dee9c7a81e6c102_shot_001_000,ssim,mouth,0.88357431
44,0.405131,4452d828f84c6a2b2dee9c7a81e6c102_shot_001_000,ssim,upper_face,0.97424108
44,0.405131,4452d828f84c6a2b2dee9c7a81e6c102_shot_001_000,ssim,full,0.93733996
44,0.405131,4452d828f84c6a2b2dee9c7a81e6c102_shot_001_000,lpips,mouth,0.09550382
44,0.405131,4452d828f84c6a2b2dee9c7a81e6c102_shot_001_000,lpips,full,0.05985577
44,0.405131,4452d828f84c6a2b2dee9c7a81e6c102_shot_001_000,sharpness,mouth,17.7136
44,0.405131,4452d828f84c6a2b2dee9c7a81e6c102_shot_001_000,lmd,mouth,6.314674
44,0.405131,4452d828f84c6a2b2dee9c7a81e6c102_shot_001_000,sync_d,mouth,6.377545
44,0.405131,4452d828f84c6a2b2dee9c7a81e6c102_shot_001_000,sync_c,mouth,8.694412
45,0.356888,4452d828f84c6a2b2dee9c7a81e6c102_shot_001_000,pixel_mse,mouth,0.00484328
45,0.356888,4452d828f84c6a2b2dee9c7a81e6c102_shot_001_000,pixel_mse,upper_face,0.00008931
45,0.356888,4452d828f84c6a2b2dee9c7a81e6c102_shot_001_000,pixel_mse,full,0.00202417
45,0.356888,4452d828f84c6a2b2dee9c7a81e6c102_shot_001_000,ssim,mouth,0.88190883
45,0.356888,4452d828f84c6a2b2dee9c7a81e6c102_shot_001_000,ssim,upper_face,0.97425652
45,0.356888,4452d828f84c6a2b2dee9c7a81e6c102_shot_001_000,ssim,full,0.93667120
45,0.356888,4452d828f84c6a2b2dee9c7a81e6c102_shot_001_000,lpips,mouth,0.09706046
45,0.356888,4452d828f84c6a2b2dee9c7a81e6c102_shot_001_000,lpips,full,0.06078997
45,0.356888,4452d828f84c6a2b2dee9c7a81e6c102_shot_001_000,sharpness,mouth,17.8833
45,0.356888,4452d828f84c6a2b2dee9c7a81e6c102_shot_001_000,lmd,mouth,6.337650
45,0.356888,4452d828f84c6a2b2dee9c7a81e6c102_shot_001_000,sync_d,mouth,6.313223
45,0.356888,4452d828f84c6a2b2dee9c7a81e6c102_shot_001_000,sync_c,mouth,8.712286
46,0.302801,4452d828f84c6a2b2dee9c7a81e6c102_shot_001_000,pixel_mse,mouth,0.00500161
46,0.302801,4452d828f84c6a2b2dee9c7a81e6c102_shot_001_000,pixel_mse,upper_face,0.00008996
46,0.302801,4452d828f84c6a2b2dee9c7a81e6c102_shot_001_000,pixel_mse,full,0.00208899
46,0.302801,4452d828f84c6a2b2dee9c7a81e6c102_shot_001_000,ssim,mouth,0.88011587
46,0.302801,4452d828f84c6a2b2dee9c7a81e6c102_shot_001_000,ssim,upper_face,0.97421366
46,0.302801,4452d828f84c6a2b2dee9c7a81e6c102_shot_001_000,ssim,full,0.93591613
46,0.302801,4452d828f84c6a2b2dee9c7a81e6c102_shot_001_000,lpips,mouth,0.09887876
46,0.302801,4452d828f84c6a2b2dee9c7a81e6c102_shot_001_000,lpips,full,0.06190894
46,0.302801,4452d828f84c6a2b2dee9c7a81e6c102_shot_001_000,sharpness,mouth,18.1735
46,0.302801,4452d828f84c6a2b2dee9c7a81e6c102_shot_001_000,lmd,mouth,6.282008
46,0.302801,4452d828f84c6a2b2dee9c7a81e6c102_shot_001_000,sync_d,mouth,6.385505
46,0.302801,4452d828f84c6a2b2dee9c7a81e6c102_shot_001_000,sync_c,mouth,8.668455
47,0.241740,4452d828f84c6a2b2dee9c7a81e6c102_shot_001_000,pixel_mse,mouth,0.00515347
47,0.241740,4452d828f84c6a2b2dee9c7a81e6c102_shot_001_000,pixel_mse,upper_face,0.00009204
47,0.241740,4452d828f84c6a2b2dee9c7a81e6c102_shot_001_000,pixel_mse,full,0.00215203
47,0.241740,4452d828f84c6a2b2dee9c7a81e6c102_shot_001_000,ssim,mouth,0.87859052
47,0.241740,4452d828f84c6a2b2dee9c7a81e6c102_shot_001_000,ssim,upper_face,0.97413510
47,0.241740,4452d828f84c6a2b2dee9c7a81e6c102_shot_001_000,ssim,full,0.93524855
47,0.241740,4452d828f84c6a2b2dee9c7a81e6c102_shot_001_000,lpips,mouth,0.10085459
47,0.241740,4452d828f84c6a2b2dee9c7a81e6c102_shot_001_000,lpips,full,0.06301171
47,0.241740,4452d828f84c6a2b2dee9c7a81e6c102_shot_001_000,sharpness,mouth,18.4354
47,0.241740,4452d828f84c6a2b2dee9c7a81e6c102_shot_001_000,lmd,mouth,6.217530
47,0.241740,4452d828f84c6a2b2dee9c7a81e6c102_shot_001_000,sync_d,mouth,6.274389
47,0.241740,4452d828f84c6a2b2dee9c7a81e6c102_shot_001_000,sync_c,mouth,8.741919
48,0.172265,4452d828f84c6a2b2dee9c7a81e6c102_shot_001_000,pixel_mse,mouth,0.00530380
48,0.172265,4452d828f84c6a2b2dee9c7a81e6c102_shot_001_000,pixel_mse,upper_face,0.00009672
48,0.172265,4452d828f84c6a2b2dee9c7a81e6c102_shot_001_000,pixel_mse,full,0.00221599
48,0.172265,4452d828f84c6a2b2dee9c7a81e6c102_shot_001_000,ssim,mouth,0.87697685
48,0.172265,4452d828f84c6a2b2dee9c7a81e6c102_shot_001_000,ssim,upper_face,0.97384363
48,0.172265,4452d828f84c6a2b2dee9c7a81e6c102_shot_001_000,ssim,full,0.93441916
48,0.172265,4452d828f84c6a2b2dee9c7a81e6c102_shot_001_000,lpips,mouth,0.10347205
48,0.172265,4452d828f84c6a2b2dee9c7a81e6c102_shot_001_000,lpips,full,0.06461067
48,0.172265,4452d828f84c6a2b2dee9c7a81e6c102_shot_001_000,sharpness,mouth,18.8735
48,0.172265,4452d828f84c6a2b2dee9c7a81e6c102_shot_001_000,lmd,mouth,6.162279
48,0.172265,4452d828f84c6a2b2dee9c7a81e6c102_shot_001_000,sync_d,mouth,6.267888
48,0.172265,4452d828f84c6a2b2dee9c7a81e6c102_shot_001_000,sync_c,mouth,8.764402
49,0.092507,4452d828f84c6a2b2dee9c7a81e6c102_shot_001_000,pixel_mse,mouth,0.00544606
49,0.092507,4452d828f84c6a2b2dee9c7a81e6c102_shot_001_000,pixel_mse,upper_face,0.00011484
49,0.092507,4452d828f84c6a2b2dee9c7a81e6c102_shot_001_000,pixel_mse,full,0.00228463
49,0.092507,4452d828f84c6a2b2dee9c7a81e6c102_shot_001_000,ssim,mouth,0.87536782
49,0.092507,4452d828f84c6a2b2dee9c7a81e6c102_shot_001_000,ssim,upper_face,0.97249883
49,0.092507,4452d828f84c6a2b2dee9c7a81e6c102_shot_001_000,ssim,full,0.93296653
49,0.092507,4452d828f84c6a2b2dee9c7a81e6c102_shot_001_000,lpips,mouth,0.10629928
49,0.092507,4452d828f84c6a2b2dee9c7a81e6c102_shot_001_000,lpips,full,0.06702825
49,0.092507,4452d828f84c6a2b2dee9c7a81e6c102_shot_001_000,sharpness,mouth,19.3105
49,0.092507,4452d828f84c6a2b2dee9c7a81e6c102_shot_001_000,lmd,mouth,6.072595
49,0.092507,4452d828f84c6a2b2dee9c7a81e6c102_shot_001_000,sync_d,mouth,6.255787
49,0.092507,4452d828f84c6a2b2dee9c7a81e6c102_shot_001_000,sync_c,mouth,8.716656
-1,gt,4d5b044b30051de4f0a6b2dc419ea9ca_shot_001_000,sharpness,mouth,7.9307
-1,gt,4d5b044b30051de4f0a6b2dc419ea9ca_shot_001_000,sync_d,mouth,7.678581
-1,gt,4d5b044b30051de4f0a6b2dc419ea9ca_shot_001_000,sync_c,mouth,6.312716
0,0.999000,4d5b044b30051de4f0a6b2dc419ea9ca_shot_001_000,pixel_mse,mouth,0.00114394
0,0.999000,4d5b044b30051de4f0a6b2dc419ea9ca_shot_001_000,pixel_mse,upper_face,0.00011599
0,0.999000,4d5b044b30051de4f0a6b2dc419ea9ca_shot_001_000,pixel_mse,full,0.00053436
0,0.999000,4d5b044b30051de4f0a6b2dc419ea9ca_shot_001_000,ssim,mouth,0.91804880
0,0.999000,4d5b044b30051de4f0a6b2dc419ea9ca_shot_001_000,ssim,upper_face,0.96742374
0,0.999000,4d5b044b30051de4f0a6b2dc419ea9ca_shot_001_000,ssim,full,0.94732827
0,0.999000,4d5b044b30051de4f0a6b2dc419ea9ca_shot_001_000,lpips,mouth,0.09402629
0,0.999000,4d5b044b30051de4f0a6b2dc419ea9ca_shot_001_000,lpips,full,0.06504562
0,0.999000,4d5b044b30051de4f0a6b2dc419ea9ca_shot_001_000,sharpness,mouth,8.0684
0,0.999000,4d5b044b30051de4f0a6b2dc419ea9ca_shot_001_000,lmd,mouth,3.706188
0,0.999000,4d5b044b30051de4f0a6b2dc419ea9ca_shot_001_000,sync_d,mouth,8.607314
0,0.999000,4d5b044b30051de4f0a6b2dc419ea9ca_shot_001_000,sync_c,mouth,5.533269
1,0.995732,4d5b044b30051de4f0a6b2dc419ea9ca_shot_001_000,pixel_mse,mouth,0.00118621
1,0.995732,4d5b044b30051de4f0a6b2dc419ea9ca_shot_001_000,pixel_mse,upper_face,0.00013199
1,0.995732,4d5b044b30051de4f0a6b2dc419ea9ca_shot_001_000,pixel_mse,full,0.00056105
1,0.995732,4d5b044b30051de4f0a6b2dc419ea9ca_shot_001_000,ssim,mouth,0.91750836
1,0.995732,4d5b044b30051de4f0a6b2dc419ea9ca_shot_001_000,ssim,upper_face,0.96720707
1,0.995732,4d5b044b30051de4f0a6b2dc419ea9ca_shot_001_000,ssim,full,0.94697976
1,0.995732,4d5b044b30051de4f0a6b2dc419ea9ca_shot_001_000,lpips,mouth,0.09478341
1,0.995732,4d5b044b30051de4f0a6b2dc419ea9ca_shot_001_000,lpips,full,0.06584931
1,0.995732,4d5b044b30051de4f0a6b2dc419ea9ca_shot_001_000,sharpness,mouth,8.0792
1,0.995732,4d5b044b30051de4f0a6b2dc419ea9ca_shot_001_000,lmd,mouth,3.663236
1,0.995732,4d5b044b30051de4f0a6b2dc419ea9ca_shot_001_000,sync_d,mouth,8.399258
1,0.995732,4d5b044b30051de4f0a6b2dc419ea9ca_shot_001_000,sync_c,mouth,5.663773
2,0.991530,4d5b044b30051de4f0a6b2dc419ea9ca_shot_001_000,pixel_mse,mouth,0.00117181
2,0.991530,4d5b044b30051de4f0a6b2dc419ea9ca_shot_001_000,pixel_mse,upper_face,0.00014101
2,0.991530,4d5b044b30051de4f0a6b2dc419ea9ca_shot_001_000,pixel_mse,full,0.00056054
2,0.991530,4d5b044b30051de4f0a6b2dc419ea9ca_shot_001_000,ssim,mouth,0.91848981
2,0.991530,4d5b044b30051de4f0a6b2dc419ea9ca_shot_001_000,ssim,upper_face,0.96753806
2,0.991530,4d5b044b30051de4f0a6b2dc419ea9ca_shot_001_000,ssim,full,0.94757551
2,0.991530,4d5b044b30051de4f0a6b2dc419ea9ca_shot_001_000,lpips,mouth,0.09359877
2,0.991530,4d5b044b30051de4f0a6b2dc419ea9ca_shot_001_000,lpips,full,0.06482577
2,0.991530,4d5b044b30051de4f0a6b2dc419ea9ca_shot_001_000,sharpness,mouth,8.0863
2,0.991530,4d5b044b30051de4f0a6b2dc419ea9ca_shot_001_000,lmd,mouth,3.601933
2,0.991530,4d5b044b30051de4f0a6b2dc419ea9ca_shot_001_000,sync_d,mouth,8.293811
2,0.991530,4d5b044b30051de4f0a6b2dc419ea9ca_shot_001_000,sync_c,mouth,5.867313
3,0.987187,4d5b044b30051de4f0a6b2dc419ea9ca_shot_001_000,pixel_mse,mouth,0.00118078
3,0.987187,4d5b044b30051de4f0a6b2dc419ea9ca_shot_001_000,pixel_mse,upper_face,0.00013993
3,0.987187,4d5b044b30051de4f0a6b2dc419ea9ca_shot_001_000,pixel_mse,full,0.00056355
3,0.987187,4d5b044b30051de4f0a6b2dc419ea9ca_shot_001_000,ssim,mouth,0.91828626
3,0.987187,4d5b044b30051de4f0a6b2dc419ea9ca_shot_001_000,ssim,upper_face,0.96789223
3,0.987187,4d5b044b30051de4f0a6b2dc419ea9ca_shot_001_000,ssim,full,0.94770277
3,0.987187,4d5b044b30051de4f0a6b2dc419ea9ca_shot_001_000,lpips,mouth,0.09232168
3,0.987187,4d5b044b30051de4f0a6b2dc419ea9ca_shot_001_000,lpips,full,0.06383149
3,0.987187,4d5b044b30051de4f0a6b2dc419ea9ca_shot_001_000,sharpness,mouth,8.0807
3,0.987187,4d5b044b30051de4f0a6b2dc419ea9ca_shot_001_000,lmd,mouth,3.720078
3,0.987187,4d5b044b30051de4f0a6b2dc419ea9ca_shot_001_000,sync_d,mouth,8.099270
3,0.987187,4d5b044b30051de4f0a6b2dc419ea9ca_shot_001_000,sync_c,mouth,6.069438
4,0.982696,4d5b044b30051de4f0a6b2dc419ea9ca_shot_001_000,pixel_mse,mouth,0.00117313
4,0.982696,4d5b044b30051de4f0a6b2dc419ea9ca_shot_001_000,pixel_mse,upper_face,0.00013193
4,0.982696,4d5b044b30051de4f0a6b2dc419ea9ca_shot_001_000,pixel_mse,full,0.00055570
4,0.982696,4d5b044b30051de4f0a6b2dc419ea9ca_shot_001_000,ssim,mouth,0.91842997
4,0.982696,4d5b044b30051de4f0a6b2dc419ea9ca_shot_001_000,ssim,upper_face,0.96807945
4,0.982696,4d5b044b30051de4f0a6b2dc419ea9ca_shot_001_000,ssim,full,0.94787228
4,0.982696,4d5b044b30051de4f0a6b2dc419ea9ca_shot_001_000,lpips,mouth,0.09114066
4,0.982696,4d5b044b30051de4f0a6b2dc419ea9ca_shot_001_000,lpips,full,0.06281237
4,0.982696,4d5b044b30051de4f0a6b2dc419ea9ca_shot_001_000,sharpness,mouth,8.1098
4,0.982696,4d5b044b30051de4f0a6b2dc419ea9ca_shot_001_000,lmd,mouth,3.758871
4,0.982696,4d5b044b30051de4f0a6b2dc419ea9ca_shot_001_000,sync_d,mouth,8.274844
4,0.982696,4d5b044b30051de4f0a6b2dc419ea9ca_shot_001_000,sync_c,mouth,5.856930
5,0.978048,4d5b044b30051de4f0a6b2dc419ea9ca_shot_001_000,pixel_mse,mouth,0.00120271
5,0.978048,4d5b044b30051de4f0a6b2dc419ea9ca_shot_001_000,pixel_mse,upper_face,0.00013208
5,0.978048,4d5b044b30051de4f0a6b2dc419ea9ca_shot_001_000,pixel_mse,full,0.00056782
5,0.978048,4d5b044b30051de4f0a6b2dc419ea9ca_shot_001_000,ssim,mouth,0.91808432
5,0.978048,4d5b044b30051de4f0a6b2dc419ea9ca_shot_001_000,ssim,upper_face,0.96809876
5,0.978048,4d5b044b30051de4f0a6b2dc419ea9ca_shot_001_000,ssim,full,0.94774300
5,0.978048,4d5b044b30051de4f0a6b2dc419ea9ca_shot_001_000,lpips,mouth,0.08994095
5,0.978048,4d5b044b30051de4f0a6b2dc419ea9ca_shot_001_000,lpips,full,0.06203308
5,0.978048,4d5b044b30051de4f0a6b2dc419ea9ca_shot_001_000,sharpness,mouth,8.0742
5,0.978048,4d5b044b30051de4f0a6b2dc419ea9ca_shot_001_000,lmd,mouth,3.863039
5,0.978048,4d5b044b30051de4f0a6b2dc419ea9ca_shot_001_000,sync_d,mouth,8.116126
5,0.978048,4d5b044b30051de4f0a6b2dc419ea9ca_shot_001_000,sync_c,mouth,6.033882
6,0.973236,4d5b044b30051de4f0a6b2dc419ea9ca_shot_001_000,pixel_mse,mouth,0.00122441
6,0.973236,4d5b044b30051de4f0a6b2dc419ea9ca_shot_001_000,pixel_mse,upper_face,0.00012727
6,0.973236,4d5b044b30051de4f0a6b2dc419ea9ca_shot_001_000,pixel_mse,full,0.00057380
6,0.973236,4d5b044b30051de4f0a6b2dc419ea9ca_shot_001_000,ssim,mouth,0.91828108
6,0.973236,4d5b044b30051de4f0a6b2dc419ea9ca_shot_001_000,ssim,upper_face,0.96863264
6,0.973236,4d5b044b30051de4f0a6b2dc419ea9ca_shot_001_000,ssim,full,0.94813973
6,0.973236,4d5b044b30051de4f0a6b2dc419ea9ca_shot_001_000,lpips,mouth,0.08876046
6,0.973236,4d5b044b30051de4f0a6b2dc419ea9ca_shot_001_000,lpips,full,0.06124550
6,0.973236,4d5b044b30051de4f0a6b2dc419ea9ca_shot_001_000,sharpness,mouth,8.1510
6,0.973236,4d5b044b30051de4f0a6b2dc419ea9ca_shot_001_000,lmd,mouth,3.792065
6,0.973236,4d5b044b30051de4f0a6b2dc419ea9ca_shot_001_000,sync_d,mouth,7.920954
6,0.973236,4d5b044b30051de4f0a6b2dc419ea9ca_shot_001_000,sync_c,mouth,6.177018
7,0.968250,4d5b044b30051de4f0a6b2dc419ea9ca_shot_001_000,pixel_mse,mouth,0.00126283
7,0.968250,4d5b044b30051de4f0a6b2dc419ea9ca_shot_001_000,pixel_mse,upper_face,0.00012488
7,0.968250,4d5b044b30051de4f0a6b2dc419ea9ca_shot_001_000,pixel_mse,full,0.00058802
7,0.968250,4d5b044b30051de4f0a6b2dc419ea9ca_shot_001_000,ssim,mouth,0.91763842
7,0.968250,4d5b044b30051de4f0a6b2dc419ea9ca_shot_001_000,ssim,upper_face,0.96907616
7,0.968250,4d5b044b30051de4f0a6b2dc419ea9ca_shot_001_000,ssim,full,0.94814110
7,0.968250,4d5b044b30051de4f0a6b2dc419ea9ca_shot_001_000,lpips,mouth,0.08904253
7,0.968250,4d5b044b30051de4f0a6b2dc419ea9ca_shot_001_000,lpips,full,0.06119232
7,0.968250,4d5b044b30051de4f0a6b2dc419ea9ca_shot_001_000,sharpness,mouth,8.1394
7,0.968250,4d5b044b30051de4f0a6b2dc419ea9ca_shot_001_000,lmd,mouth,3.874603
7,0.968250,4d5b044b30051de4f0a6b2dc419ea9ca_shot_001_000,sync_d,mouth,7.848065
7,0.968250,4d5b044b30051de4f0a6b2dc419ea9ca_shot_001_000,sync_c,mouth,6.212192
8,0.963082,4d5b044b30051de4f0a6b2dc419ea9ca_shot_001_000,pixel_mse,mouth,0.00128710
8,0.963082,4d5b044b30051de4f0a6b2dc419ea9ca_shot_001_000,pixel_mse,upper_face,0.00012175
8,0.963082,4d5b044b30051de4f0a6b2dc419ea9ca_shot_001_000,pixel_mse,full,0.00059605
8,0.963082,4d5b044b30051de4f0a6b2dc419ea9ca_shot_001_000,ssim,mouth,0.91741031
8,0.963082,4d5b044b30051de4f0a6b2dc419ea9ca_shot_001_000,ssim,upper_face,0.96904838
8,0.963082,4d5b044b30051de4f0a6b2dc419ea9ca_shot_001_000,ssim,full,0.94803178
8,0.963082,4d5b044b30051de4f0a6b2dc419ea9ca_shot_001_000,lpips,mouth,0.08847004
8,0.963082,4d5b044b30051de4f0a6b2dc419ea9ca_shot_001_000,lpips,full,0.06081982
8,0.963082,4d5b044b30051de4f0a6b2dc419ea9ca_shot_001_000,sharpness,mouth,8.1520
8,0.963082,4d5b044b30051de4f0a6b2dc419ea9ca_shot_001_000,lmd,mouth,3.902890
8,0.963082,4d5b044b30051de4f0a6b2dc419ea9ca_shot_001_000,sync_d,mouth,7.818530
8,0.963082,4d5b044b30051de4f0a6b2dc419ea9ca_shot_001_000,sync_c,mouth,6.424038
9,0.957720,4d5b044b30051de4f0a6b2dc419ea9ca_shot_001_000,pixel_mse,mouth,0.00130460
9,0.957720,4d5b044b30051de4f0a6b2dc419ea9ca_shot_001_000,pixel_mse,upper_face,0.00011526
9,0.957720,4d5b044b30051de4f0a6b2dc419ea9ca_shot_001_000,pixel_mse,full,0.00059932
9,0.957720,4d5b044b30051de4f0a6b2dc419ea9ca_shot_001_000,ssim,mouth,0.91714835
9,0.957720,4d5b044b30051de4f0a6b2dc419ea9ca_shot_001_000,ssim,upper_face,0.96930856
9,0.957720,4d5b044b30051de4f0a6b2dc419ea9ca_shot_001_000,ssim,full,0.94807953
9,0.957720,4d5b044b30051de4f0a6b2dc419ea9ca_shot_001_000,lpips,mouth,0.08782587
9,0.957720,4d5b044b30051de4f0a6b2dc419ea9ca_shot_001_000,lpips,full,0.06034731
9,0.957720,4d5b044b30051de4f0a6b2dc419ea9ca_shot_001_000,sharpness,mouth,8.1431
9,0.957720,4d5b044b30051de4f0a6b2dc419ea9ca_shot_001_000,lmd,mouth,3.939070
9,0.957720,4d5b044b30051de4f0a6b2dc419ea9ca_shot_001_000,sync_d,mouth,7.682492
9,0.957720,4d5b044b30051de4f0a6b2dc419ea9ca_shot_001_000,sync_c,mouth,6.454024
10,0.952154,4d5b044b30051de4f0a6b2dc419ea9ca_shot_001_000,pixel_mse,mouth,0.00133285
10,0.952154,4d5b044b30051de4f0a6b2dc419ea9ca_shot_001_000,pixel_mse,upper_face,0.00011282
10,0.952154,4d5b044b30051de4f0a6b2dc419ea9ca_shot_001_000,pixel_mse,full,0.00060937
10,0.952154,4d5b044b30051de4f0a6b2dc419ea9ca_shot_001_000,ssim,mouth,0.91646153
10,0.952154,4d5b044b30051de4f0a6b2dc419ea9ca_shot_001_000,ssim,upper_face,0.96964413
10,0.952154,4d5b044b30051de4f0a6b2dc419ea9ca_shot_001_000,ssim,full,0.94799888
10,0.952154,4d5b044b30051de4f0a6b2dc419ea9ca_shot_001_000,lpips,mouth,0.08783695
10,0.952154,4d5b044b30051de4f0a6b2dc419ea9ca_shot_001_000,lpips,full,0.06009494
10,0.952154,4d5b044b30051de4f0a6b2dc419ea9ca_shot_001_000,sharpness,mouth,8.1156
10,0.952154,4d5b044b30051de4f0a6b2dc419ea9ca_shot_001_000,lmd,mouth,3.880034
10,0.952154,4d5b044b30051de4f0a6b2dc419ea9ca_shot_001_000,sync_d,mouth,7.641623
10,0.952154,4d5b044b30051de4f0a6b2dc419ea9ca_shot_001_000,sync_c,mouth,6.568562
11,0.946372,4d5b044b30051de4f0a6b2dc419ea9ca_shot_001_000,pixel_mse,mouth,0.00135416
11,0.946372,4d5b044b30051de4f0a6b2dc419ea9ca_shot_001_000,pixel_mse,upper_face,0.00011039
11,0.946372,4d5b044b30051de4f0a6b2dc419ea9ca_shot_001_000,pixel_mse,full,0.00061660
11,0.946372,4d5b044b30051de4f0a6b2dc419ea9ca_shot_001_000,ssim,mouth,0.91594422
11,0.946372,4d5b044b30051de4f0a6b2dc419ea9ca_shot_001_000,ssim,upper_face,0.96965218
11,0.946372,4d5b044b30051de4f0a6b2dc419ea9ca_shot_001_000,ssim,full,0.94779319
11,0.946372,4d5b044b30051de4f0a6b2dc419ea9ca_shot_001_000,lpips,mouth,0.08745027
11,0.946372,4d5b044b30051de4f0a6b2dc419ea9ca_shot_001_000,lpips,full,0.05991531
11,0.946372,4d5b044b30051de4f0a6b2dc419ea9ca_shot_001_000,sharpness,mouth,8.0929
11,0.946372,4d5b044b30051de4f0a6b2dc419ea9ca_shot_001_000,lmd,mouth,3.939957
11,0.946372,4d5b044b30051de4f0a6b2dc419ea9ca_shot_001_000,sync_d,mouth,7.728410
11,0.946372,4d5b044b30051de4f0a6b2dc419ea9ca_shot_001_000,sync_c,mouth,6.495921
12,0.940361,4d5b044b30051de4f0a6b2dc419ea9ca_shot_001_000,pixel_mse,mouth,0.00137623
12,0.940361,4d5b044b30051de4f0a6b2dc419ea9ca_shot_001_000,pixel_mse,upper_face,0.00010988
12,0.940361,4d5b044b30051de4f0a6b2dc419ea9ca_shot_001_000,pixel_mse,full,0.00062528
12,0.940361,4d5b044b30051de4f0a6b2dc419ea9ca_shot_001_000,ssim,mouth,0.91549897
12,0.940361,4d5b044b30051de4f0a6b2dc419ea9ca_shot_001_000,ssim,upper_face,0.96987379
12,0.940361,4d5b044b30051de4f0a6b2dc419ea9ca_shot_001_000,ssim,full,0.94774336
12,0.940361,4d5b044b30051de4f0a6b2dc419ea9ca_shot_001_000,lpips,mouth,0.08703839
12,0.940361,4d5b044b30051de4f0a6b2dc419ea9ca_shot_001_000,lpips,full,0.05969404
12,0.940361,4d5b044b30051de4f0a6b2dc419ea9ca_shot_001_000,sharpness,mouth,8.1112
12,0.940361,4d5b044b30051de4f0a6b2dc419ea9ca_shot_001_000,lmd,mouth,3.928397
12,0.940361,4d5b044b30051de4f0a6b2dc419ea9ca_shot_001_000,sync_d,mouth,7.659940
12,0.940361,4d5b044b30051de4f0a6b2dc419ea9ca_shot_001_000,sync_c,mouth,6.441167
13,0.934107,4d5b044b30051de4f0a6b2dc419ea9ca_shot_001_000,pixel_mse,mouth,0.00140266
13,0.934107,4d5b044b30051de4f0a6b2dc419ea9ca_shot_001_000,pixel_mse,upper_face,0.00010829
13,0.934107,4d5b044b30051de4f0a6b2dc419ea9ca_shot_001_000,pixel_mse,full,0.00063509
13,0.934107,4d5b044b30051de4f0a6b2dc419ea9ca_shot_001_000,ssim,mouth,0.91489166
13,0.934107,4d5b044b30051de4f0a6b2dc419ea9ca_shot_001_000,ssim,upper_face,0.97000462
13,0.934107,4d5b044b30051de4f0a6b2dc419ea9ca_shot_001_000,ssim,full,0.94757384
13,0.934107,4d5b044b30051de4f0a6b2dc419ea9ca_shot_001_000,lpips,mouth,0.08670671
13,0.934107,4d5b044b30051de4f0a6b2dc419ea9ca_shot_001_000,lpips,full,0.05933897
13,0.934107,4d5b044b30051de4f0a6b2dc419ea9ca_shot_001_000,sharpness,mouth,8.1287
13,0.934107,4d5b044b30051de4f0a6b2dc419ea9ca_shot_001_000,lmd,mouth,3.968750
13,0.934107,4d5b044b30051de4f0a6b2dc419ea9ca_shot_001_000,sync_d,mouth,7.645240
13,0.934107,4d5b044b30051de4f0a6b2dc419ea9ca_shot_001_000,sync_c,mouth,6.572296
14,0.927596,4d5b044b30051de4f0a6b2dc419ea9ca_shot_001_000,pixel_mse,mouth,0.00142760
14,0.927596,4d5b044b30051de4f0a6b2dc419ea9ca_shot_001_000,pixel_mse,upper_face,0.00010247
14,0.927596,4d5b044b30051de4f0a6b2dc419ea9ca_shot_001_000,pixel_mse,full,0.00064179
14,0.927596,4d5b044b30051de4f0a6b2dc419ea9ca_shot_001_000,ssim,mouth,0.91421217
14,0.927596,4d5b044b30051de4f0a6b2dc419ea9ca_shot_001_000,ssim,upper_face,0.97021353
14,0.927596,4d5b044b30051de4f0a6b2dc419ea9ca_shot_001_000,ssim,full,0.94742095
14,0.927596,4d5b044b30051de4f0a6b2dc419ea9ca_shot_001_000,lpips,mouth,0.08658587
14,0.927596,4d5b044b30051de4f0a6b2dc419ea9ca_shot_001_000,lpips,full,0.05929346
14,0.927596,4d5b044b30051de4f0a6b2dc419ea9ca_shot_001_000,sharpness,mouth,8.1424
14,0.927596,4d5b044b30051de4f0a6b2dc419ea9ca_shot_001_000,lmd,mouth,3.992698
14,0.927596,4d5b044b30051de4f0a6b2dc419ea9ca_shot_001_000,sync_d,mouth,7.576431
14,0.927596,4d5b044b30051de4f0a6b2dc419ea9ca_shot_001_000,sync_c,mouth,6.610339
15,0.920810,4d5b044b30051de4f0a6b2dc419ea9ca_shot_001_000,pixel_mse,mouth,0.00145266
15,0.920810,4d5b044b30051de4f0a6b2dc419ea9ca_shot_001_000,pixel_mse,upper_face,0.00010116
15,0.920810,4d5b044b30051de4f0a6b2dc419ea9ca_shot_001_000,pixel_mse,full,0.00065121
15,0.920810,4d5b044b30051de4f0a6b2dc419ea9ca_shot_001_000,ssim,mouth,0.91341597
15,0.920810,4d5b044b30051de4f0a6b2dc419ea9ca_shot_001_000,ssim,upper_face,0.97026074
15,0.920810,4d5b044b30051de4f0a6b2dc419ea9ca_shot_001_000,ssim,full,0.94712502
15,0.920810,4d5b044b30051de4f0a6b2dc419ea9ca_shot_001_000,lpips,mouth,0.08622470
15,0.920810,4d5b044b30051de4f0a6b2dc419ea9ca_shot_001_000,lpips,full,0.05894993
15,0.920810,4d5b044b30051de4f0a6b2dc419ea9ca_shot_001_000,sharpness,mouth,8.1099
15,0.920810,4d5b044b30051de4f0a6b2dc419ea9ca_shot_001_000,lmd,mouth,4.003698
15,0.920810,4d5b044b30051de4f0a6b2dc419ea9ca_shot_001_000,sync_d,mouth,7.671271
15,0.920810,4d5b044b30051de4f0a6b2dc419ea9ca_shot_001_000,sync_c,mouth,6.607562
16,0.913733,4d5b044b30051de4f0a6b2dc419ea9ca_shot_001_000,pixel_mse,mouth,0.00146259
16,0.913733,4d5b044b30051de4f0a6b2dc419ea9ca_shot_001_000,pixel_mse,upper_face,0.00009721
16,0.913733,4d5b044b30051de4f0a6b2dc419ea9ca_shot_001_000,pixel_mse,full,0.00065291
16,0.913733,4d5b044b30051de4f0a6b2dc419ea9ca_shot_001_000,ssim,mouth,0.91287494
16,0.913733,4d5b044b30051de4f0a6b2dc419ea9ca_shot_001_000,ssim,upper_face,0.97041434
16,0.913733,4d5b044b30051de4f0a6b2dc419ea9ca_shot_001_000,ssim,full,0.94699597
16,0.913733,4d5b044b30051de4f0a6b2dc419ea9ca_shot_001_000,lpips,mouth,0.08587777
16,0.913733,4d5b044b30051de4f0a6b2dc419ea9ca_shot_001_000,lpips,full,0.05870052
16,0.913733,4d5b044b30051de4f0a6b2dc419ea9ca_shot_001_000,sharpness,mouth,8.1240
16,0.913733,4d5b044b30051de4f0a6b2dc419ea9ca_shot_001_000,lmd,mouth,3.944968
16,0.913733,4d5b044b30051de4f0a6b2dc419ea9ca_shot_001_000,sync_d,mouth,7.559416
16,0.913733,4d5b044b30051de4f0a6b2dc419ea9ca_shot_001_000,sync_c,mouth,6.837088
17,0.906344,4d5b044b30051de4f0a6b2dc419ea9ca_shot_001_000,pixel_mse,mouth,0.00150492
17,0.906344,4d5b044b30051de4f0a6b2dc419ea9ca_shot_001_000,pixel_mse,upper_face,0.00009814
17,0.906344,4d5b044b30051de4f0a6b2dc419ea9ca_shot_001_000,pixel_mse,full,0.00067070
17,0.906344,4d5b044b30051de4f0a6b2dc419ea9ca_shot_001_000,ssim,mouth,0.91186577
17,0.906344,4d5b044b30051de4f0a6b2dc419ea9ca_shot_001_000,ssim,upper_face,0.97049308
17,0.906344,4d5b044b30051de4f0a6b2dc419ea9ca_shot_001_000,ssim,full,0.94663191
17,0.906344,4d5b044b30051de4f0a6b2dc419ea9ca_shot_001_000,lpips,mouth,0.08624732
17,0.906344,4d5b044b30051de4f0a6b2dc419ea9ca_shot_001_000,lpips,full,0.05890478
17,0.906344,4d5b044b30051de4f0a6b2dc419ea9ca_shot_001_000,sharpness,mouth,8.1263
17,0.906344,4d5b044b30051de4f0a6b2dc419ea9ca_shot_001_000,lmd,mouth,4.034469
17,0.906344,4d5b044b30051de4f0a6b2dc419ea9ca_shot_001_000,sync_d,mouth,7.527918
17,0.906344,4d5b044b30051de4f0a6b2dc419ea9ca_shot_001_000,sync_c,mouth,6.853026
18,0.898624,4d5b044b30051de4f0a6b2dc419ea9ca_shot_001_000,pixel_mse,mouth,0.00151916
18,0.898624,4d5b044b30051de4f0a6b2dc419ea9ca_shot_001_000,pixel_mse,upper_face,0.00009630
18,0.898624,4d5b044b30051de4f0a6b2dc419ea9ca_shot_001_000,pixel_mse,full,0.00067540
18,0.898624,4d5b044b30051de4f0a6b2dc419ea9ca_shot_001_000,ssim,mouth,0.91149193
18,0.898624,4d5b044b30051de4f0a6b2dc419ea9ca_shot_001_000,ssim,upper_face,0.97061235
18,0.898624,4d5b044b30051de4f0a6b2dc419ea9ca_shot_001_000,ssim,full,0.94655043
18,0.898624,4d5b044b30051de4f0a6b2dc419ea9ca_shot_001_000,lpips,mouth,0.08580033
18,0.898624,4d5b044b30051de4f0a6b2dc419ea9ca_shot_001_000,lpips,full,0.05858684
18,0.898624,4d5b044b30051de4f0a6b2dc419ea9ca_shot_001_000,sharpness,mouth,8.1253
18,0.898624,4d5b044b30051de4f0a6b2dc419ea9ca_shot_001_000,lmd,mouth,3.923179
18,0.898624,4d5b044b30051de4f0a6b2dc419ea9ca_shot_001_000,sync_d,mouth,7.590683
18,0.898624,4d5b044b30051de4f0a6b2dc419ea9ca_shot_001_000,sync_c,mouth,6.782276
19,0.890548,4d5b044b30051de4f0a6b2dc419ea9ca_shot_001_000,pixel_mse,mouth,0.00154879
19,0.890548,4d5b044b30051de4f0a6b2dc419ea9ca_shot_001_000,pixel_mse,upper_face,0.00009515
19,0.890548,4d5b044b30051de4f0a6b2dc419ea9ca_shot_001_000,pixel_mse,full,0.00068678
19,0.890548,4d5b044b30051de4f0a6b2dc419ea9ca_shot_001_000,ssim,mouth,0.91063166
19,0.890548,4d5b044b30051de4f0a6b2dc419ea9ca_shot_001_000,ssim,upper_face,0.97061497
19,0.890548,4d5b044b30051de4f0a6b2dc419ea9ca_shot_001_000,ssim,full,0.94620192
19,0.890548,4d5b044b30051de4f0a6b2dc419ea9ca_shot_001_000,lpips,mouth,0.08566590
19,0.890548,4d5b044b30051de4f0a6b2dc419ea9ca_shot_001_000,lpips,full,0.05847102
19,0.890548,4d5b044b30051de4f0a6b2dc419ea9ca_shot_001_000,sharpness,mouth,8.1286
19,0.890548,4d5b044b30051de4f0a6b2dc419ea9ca_shot_001_000,lmd,mouth,3.996773
19,0.890548,4d5b044b30051de4f0a6b2dc419ea9ca_shot_001_000,sync_d,mouth,7.575131
19,0.890548,4d5b044b30051de4f0a6b2dc419ea9ca_shot_001_000,sync_c,mouth,6.860618
20,0.882093,4d5b044b30051de4f0a6b2dc419ea9ca_shot_001_000,pixel_mse,mouth,0.00157285
20,0.882093,4d5b044b30051de4f0a6b2dc419ea9ca_shot_001_000,pixel_mse,upper_face,0.00009172
20,0.882093,4d5b044b30051de4f0a6b2dc419ea9ca_shot_001_000,pixel_mse,full,0.00069453
20,0.882093,4d5b044b30051de4f0a6b2dc419ea9ca_shot_001_000,ssim,mouth,0.91012335
20,0.882093,4d5b044b30051de4f0a6b2dc419ea9ca_shot_001_000,ssim,upper_face,0.97066712
20,0.882093,4d5b044b30051de4f0a6b2dc419ea9ca_shot_001_000,ssim,full,0.94602591
20,0.882093,4d5b044b30051de4f0a6b2dc419ea9ca_shot_001_000,lpips,mouth,0.08574092
20,0.882093,4d5b044b30051de4f0a6b2dc419ea9ca_shot_001_000,lpips,full,0.05836155
20,0.882093,4d5b044b30051de4f0a6b2dc419ea9ca_shot_001_000,sharpness,mouth,8.1387
20,0.882093,4d5b044b30051de4f0a6b2dc419ea9ca_shot_001_000,lmd,mouth,4.092729
20,0.882093,4d5b044b30051de4f0a6b2dc419ea9ca_shot_001_000,sync_d,mouth,7.606649
20,0.882093,4d5b044b30051de4f0a6b2dc419ea9ca_shot_001_000,sync_c,mouth,6.744061
21,0.873231,4d5b044b30051de4f0a6b2dc419ea9ca_shot_001_000,pixel_mse,mouth,0.00159854
21,0.873231,4d5b044b30051de4f0a6b2dc419ea9ca_shot_001_000,pixel_mse,upper_face,0.00009435
21,0.873231,4d5b044b30051de4f0a6b2dc419ea9ca_shot_001_000,pixel_mse,full,0.00070655
21,0.873231,4d5b044b30051de4f0a6b2dc419ea9ca_shot_001_000,ssim,mouth,0.90931422
21,0.873231,4d5b044b30051de4f0a6b2dc419ea9ca_shot_001_000,ssim,upper_face,0.97079206
21,0.873231,4d5b044b30051de4f0a6b2dc419ea9ca_shot_001_000,ssim,full,0.94577062
21,0.873231,4d5b044b30051de4f0a6b2dc419ea9ca_shot_001_000,lpips,mouth,0.08596192
21,0.873231,4d5b044b30051de4f0a6b2dc419ea9ca_shot_001_000,lpips,full,0.05844155
21,0.873231,4d5b044b30051de4f0a6b2dc419ea9ca_shot_001_000,sharpness,mouth,8.1405
21,0.873231,4d5b044b30051de4f0a6b2dc419ea9ca_shot_001_000,lmd,mouth,4.216196
21,0.873231,4d5b044b30051de4f0a6b2dc419ea9ca_shot_001_000,sync_d,mouth,7.545637
21,0.873231,4d5b044b30051de4f0a6b2dc419ea9ca_shot_001_000,sync_c,mouth,6.965234
22,0.863931,4d5b044b30051de4f0a6b2dc419ea9ca_shot_001_000,pixel_mse,mouth,0.00161818
22,0.863931,4d5b044b30051de4f0a6b2dc419ea9ca_shot_001_000,pixel_mse,upper_face,0.00009046
22,0.863931,4d5b044b30051de4f0a6b2dc419ea9ca_shot_001_000,pixel_mse,full,0.00071224
22,0.863931,4d5b044b30051de4f0a6b2dc419ea9ca_shot_001_000,ssim,mouth,0.90882355
22,0.863931,4d5b044b30051de4f0a6b2dc419ea9ca_shot_001_000,ssim,upper_face,0.97093689
22,0.863931,4d5b044b30051de4f0a6b2dc419ea9ca_shot_001_000,ssim,full,0.94565696
22,0.863931,4d5b044b30051de4f0a6b2dc419ea9ca_shot_001_000,lpips,mouth,0.08604225
22,0.863931,4d5b044b30051de4f0a6b2dc419ea9ca_shot_001_000,lpips,full,0.05847340
22,0.863931,4d5b044b30051de4f0a6b2dc419ea9ca_shot_001_000,sharpness,mouth,8.1328
22,0.863931,4d5b044b30051de4f0a6b2dc419ea9ca_shot_001_000,lmd,mouth,4.269836
22,0.863931,4d5b044b30051de4f0a6b2dc419ea9ca_shot_001_000,sync_d,mouth,7.610299
22,0.863931,4d5b044b30051de4f0a6b2dc419ea9ca_shot_001_000,sync_c,mouth,6.852294
23,0.854160,4d5b044b30051de4f0a6b2dc419ea9ca_shot_001_000,pixel_mse,mouth,0.00164380
23,0.854160,4d5b044b30051de4f0a6b2dc419ea9ca_shot_001_000,pixel_mse,upper_face,0.00009260
23,0.854160,4d5b044b30051de4f0a6b2dc419ea9ca_shot_001_000,pixel_mse,full,0.00072393
23,0.854160,4d5b044b30051de4f0a6b2dc419ea9ca_shot_001_000,ssim,mouth,0.90777993
23,0.854160,4d5b044b30051de4f0a6b2dc419ea9ca_shot_001_000,ssim,upper_face,0.97078300
23,0.854160,4d5b044b30051de4f0a6b2dc419ea9ca_shot_001_000,ssim,full,0.94514090
23,0.854160,4d5b044b30051de4f0a6b2dc419ea9ca_shot_001_000,lpips,mouth,0.08631593
23,0.854160,4d5b044b30051de4f0a6b2dc419ea9ca_shot_001_000,lpips,full,0.05857353
23,0.854160,4d5b044b30051de4f0a6b2dc419ea9ca_shot_001_000,sharpness,mouth,8.1251
23,0.854160,4d5b044b30051de4f0a6b2dc419ea9ca_shot_001_000,lmd,mouth,4.229629
23,0.854160,4d5b044b30051de4f0a6b2dc419ea9ca_shot_001_000,sync_d,mouth,7.687806
23,0.854160,4d5b044b30051de4f0a6b2dc419ea9ca_shot_001_000,sync_c,mouth,6.689871
24,0.843882,4d5b044b30051de4f0a6b2dc419ea9ca_shot_001_000,pixel_mse,mouth,0.00167168
24,0.843882,4d5b044b30051de4f0a6b2dc419ea9ca_shot_001_000,pixel_mse,upper_face,0.00009128
24,0.843882,4d5b044b30051de4f0a6b2dc419ea9ca_shot_001_000,pixel_mse,full,0.00073450
24,0.843882,4d5b044b30051de4f0a6b2dc419ea9ca_shot_001_000,ssim,mouth,0.90701604
24,0.843882,4d5b044b30051de4f0a6b2dc419ea9ca_shot_001_000,ssim,upper_face,0.97093117
24,0.843882,4d5b044b30051de4f0a6b2dc419ea9ca_shot_001_000,ssim,full,0.94491792
24,0.843882,4d5b044b30051de4f0a6b2dc419ea9ca_shot_001_000,lpips,mouth,0.08626877
24,0.843882,4d5b044b30051de4f0a6b2dc419ea9ca_shot_001_000,lpips,full,0.05845448
24,0.843882,4d5b044b30051de4f0a6b2dc419ea9ca_shot_001_000,sharpness,mouth,8.1193
24,0.843882,4d5b044b30051de4f0a6b2dc419ea9ca_shot_001_000,lmd,mouth,4.279836
24,0.843882,4d5b044b30051de4f0a6b2dc419ea9ca_shot_001_000,sync_d,mouth,7.528379
24,0.843882,4d5b044b30051de4f0a6b2dc419ea9ca_shot_001_000,sync_c,mouth,7.072741
25,0.833055,4d5b044b30051de4f0a6b2dc419ea9ca_shot_001_000,pixel_mse,mouth,0.00169663
25,0.833055,4d5b044b30051de4f0a6b2dc419ea9ca_shot_001_000,pixel_mse,upper_face,0.00008930
25,0.833055,4d5b044b30051de4f0a6b2dc419ea9ca_shot_001_000,pixel_mse,full,0.00074348
25,0.833055,4d5b044b30051de4f0a6b2dc419ea9ca_shot_001_000,ssim,mouth,0.90624595
25,0.833055,4d5b044b30051de4f0a6b2dc419ea9ca_shot_001_000,ssim,upper_face,0.97098738
25,0.833055,4d5b044b30051de4f0a6b2dc419ea9ca_shot_001_000,ssim,full,0.94463772
25,0.833055,4d5b044b30051de4f0a6b2dc419ea9ca_shot_001_000,lpips,mouth,0.08626936
25,0.833055,4d5b044b30051de4f0a6b2dc419ea9ca_shot_001_000,lpips,full,0.05858272
25,0.833055,4d5b044b30051de4f0a6b2dc419ea9ca_shot_001_000,sharpness,mouth,8.1238
25,0.833055,4d5b044b30051de4f0a6b2dc419ea9ca_shot_001_000,lmd,mouth,4.474316
25,0.833055,4d5b044b30051de4f0a6b2dc419ea9ca_shot_001_000,sync_d,mouth,7.518817
25,0.833055,4d5b044b30051de4f0a6b2dc419ea9ca_shot_001_000,sync_c,mouth,7.052039
26,0.821636,4d5b044b30051de4f0a6b2dc419ea9ca_shot_001_000,pixel_mse,mouth,0.00173029
26,0.821636,4d5b044b30051de4f0a6b2dc419ea9ca_shot_001_000,pixel_mse,upper_face,0.00008731
26,0.821636,4d5b044b30051de4f0a6b2dc419ea9ca_shot_001_000,pixel_mse,full,0.00075600
26,0.821636,4d5b044b30051de4f0a6b2dc419ea9ca_shot_001_000,ssim,mouth,0.90527064
26,0.821636,4d5b044b30051de4f0a6b2dc419ea9ca_shot_001_000,ssim,upper_face,0.97099286
26,0.821636,4d5b044b30051de4f0a6b2dc419ea9ca_shot_001_000,ssim,full,0.94424403
26,0.821636,4d5b044b30051de4f0a6b2dc419ea9ca_shot_001_000,lpips,mouth,0.08648038
26,0.821636,4d5b044b30051de4f0a6b2dc419ea9ca_shot_001_000,lpips,full,0.05853542
26,0.821636,4d5b044b30051de4f0a6b2dc419ea9ca_shot_001_000,sharpness,mouth,8.0892
26,0.821636,4d5b044b30051de4f0a6b2dc419ea9ca_shot_001_000,lmd,mouth,4.490240
26,0.821636,4d5b044b30051de4f0a6b2dc419ea9ca_shot_001_000,sync_d,mouth,7.540677
26,0.821636,4d5b044b30051de4f0a6b2dc419ea9ca_shot_001_000,sync_c,mouth,6.924333
27,0.809574,4d5b044b30051de4f0a6b2dc419ea9ca_shot_001_000,pixel_mse,mouth,0.00176248
27,0.809574,4d5b044b30051de4f0a6b2dc419ea9ca_shot_001_000,pixel_mse,upper_face,0.00009059
27,0.809574,4d5b044b30051de4f0a6b2dc419ea9ca_shot_001_000,pixel_mse,full,0.00077104
27,0.809574,4d5b044b30051de4f0a6b2dc419ea9ca_shot_001_000,ssim,mouth,0.90436161
27,0.809574,4d5b044b30051de4f0a6b2dc419ea9ca_shot_001_000,ssim,upper_face,0.97102112
27,0.809574,4d5b044b30051de4f0a6b2dc419ea9ca_shot_001_000,ssim,full,0.94389087
27,0.809574,4d5b044b30051de4f0a6b2dc419ea9ca_shot_001_000,lpips,mouth,0.08679894
27,0.809574,4d5b044b30051de4f0a6b2dc419ea9ca_shot_001_000,lpips,full,0.05861410
27,0.809574,4d5b044b30051de4f0a6b2dc419ea9ca_shot_001_000,sharpness,mouth,8.0912
27,0.809574,4d5b044b30051de4f0a6b2dc419ea9ca_shot_001_000,lmd,mouth,4.585784
27,0.809574,4d5b044b30051de4f0a6b2dc419ea9ca_shot_001_000,sync_d,mouth,7.480510
27,0.809574,4d5b044b30051de4f0a6b2dc419ea9ca_shot_001_000,sync_c,mouth,7.083699
28,0.796812,4d5b044b30051de4f0a6b2dc419ea9ca_shot_001_000,pixel_mse,mouth,0.00178796
28,0.796812,4d5b044b30051de4f0a6b2dc419ea9ca_shot_001_000,pixel_mse,upper_face,0.00008882
28,0.796812,4d5b044b30051de4f0a6b2dc419ea9ca_shot_001_000,pixel_mse,full,0.00078036
28,0.796812,4d5b044b30051de4f0a6b2dc419ea9ca_shot_001_000,ssim,mouth,0.90361106
28,0.796812,4d5b044b30051de4f0a6b2dc419ea9ca_shot_001_000,ssim,upper_face,0.97115862
28,0.796812,4d5b044b30051de4f0a6b2dc419ea9ca_shot_001_000,ssim,full,0.94366693
28,0.796812,4d5b044b30051de4f0a6b2dc419ea9ca_shot_001_000,lpips,mouth,0.08680519
28,0.796812,4d5b044b30051de4f0a6b2dc419ea9ca_shot_001_000,lpips,full,0.05860958
28,0.796812,4d5b044b30051de4f0a6b2dc419ea9ca_shot_001_000,sharpness,mouth,8.0998
28,0.796812,4d5b044b30051de4f0a6b2dc419ea9ca_shot_001_000,lmd,mouth,4.619796
28,0.796812,4d5b044b30051de4f0a6b2dc419ea9ca_shot_001_000,sync_d,mouth,7.489954
28,0.796812,4d5b044b30051de4f0a6b2dc419ea9ca_shot_001_000,sync_c,mouth,7.198069
29,0.783290,4d5b044b30051de4f0a6b2dc419ea9ca_shot_001_000,pixel_mse,mouth,0.00182067
29,0.783290,4d5b044b30051de4f0a6b2dc419ea9ca_shot_001_000,pixel_mse,upper_face,0.00008687
29,0.783290,4d5b044b30051de4f0a6b2dc419ea9ca_shot_001_000,pixel_mse,full,0.00079252
29,0.783290,4d5b044b30051de4f0a6b2dc419ea9ca_shot_001_000,ssim,mouth,0.90248334
29,0.783290,4d5b044b30051de4f0a6b2dc419ea9ca_shot_001_000,ssim,upper_face,0.97117257
29,0.783290,4d5b044b30051de4f0a6b2dc419ea9ca_shot_001_000,ssim,full,0.94321620
29,0.783290,4d5b044b30051de4f0a6b2dc419ea9ca_shot_001_000,lpips,mouth,0.08726090
29,0.783290,4d5b044b30051de4f0a6b2dc419ea9ca_shot_001_000,lpips,full,0.05888510
29,0.783290,4d5b044b30051de4f0a6b2dc419ea9ca_shot_001_000,sharpness,mouth,8.0892
29,0.783290,4d5b044b30051de4f0a6b2dc419ea9ca_shot_001_000,lmd,mouth,4.661603
29,0.783290,4d5b044b30051de4f0a6b2dc419ea9ca_shot_001_000,sync_d,mouth,7.491163
29,0.783290,4d5b044b30051de4f0a6b2dc419ea9ca_shot_001_000,sync_c,mouth,7.141298
30,0.768935,4d5b044b30051de4f0a6b2dc419ea9ca_shot_001_000,pixel_mse,mouth,0.00185184
30,0.768935,4d5b044b30051de4f0a6b2dc419ea9ca_shot_001_000,pixel_mse,upper_face,0.00008751
30,0.768935,4d5b044b30051de4f0a6b2dc419ea9ca_shot_001_000,pixel_mse,full,0.00080559
30,0.768935,4d5b044b30051de4f0a6b2dc419ea9ca_shot_001_000,ssim,mouth,0.90165901
30,0.768935,4d5b044b30051de4f0a6b2dc419ea9ca_shot_001_000,ssim,upper_face,0.97126818
30,0.768935,4d5b044b30051de4f0a6b2dc419ea9ca_shot_001_000,ssim,full,0.94293737
30,0.768935,4d5b044b30051de4f0a6b2dc419ea9ca_shot_001_000,lpips,mouth,0.08742416
30,0.768935,4d5b044b30051de4f0a6b2dc419ea9ca_shot_001_000,lpips,full,0.05898735
30,0.768935,4d5b044b30051de4f0a6b2dc419ea9ca_shot_001_000,sharpness,mouth,8.0765
30,0.768935,4d5b044b30051de4f0a6b2dc419ea9ca_shot_001_000,lmd,mouth,4.756021
30,0.768935,4d5b044b30051de4f0a6b2dc419ea9ca_shot_001_000,sync_d,mouth,7.431342
30,0.768935,4d5b044b30051de4f0a6b2dc419ea9ca_shot_001_000,sync_c,mouth,7.245613
31,0.753669,4d5b044b30051de4f0a6b2dc419ea9ca_shot_001_000,pixel_mse,mouth,0.00189468
31,0.753669,4d5b044b30051de4f0a6b2dc419ea9ca_shot_001_000,pixel_mse,upper_face,0.00008844
31,0.753669,4d5b044b30051de4f0a6b2dc419ea9ca_shot_001_000,pixel_mse,full,0.00082357
31,0.753669,4d5b044b30051de4f0a6b2dc419ea9ca_shot_001_000,ssim,mouth,0.90043706
31,0.753669,4d5b044b30051de4f0a6b2dc419ea9ca_shot_001_000,ssim,upper_face,0.97130716
31,0.753669,4d5b044b30051de4f0a6b2dc419ea9ca_shot_001_000,ssim,full,0.94246316
31,0.753669,4d5b044b30051de4f0a6b2dc419ea9ca_shot_001_000,lpips,mouth,0.08805250
31,0.753669,4d5b044b30051de4f0a6b2dc419ea9ca_shot_001_000,lpips,full,0.05933773
31,0.753669,4d5b044b30051de4f0a6b2dc419ea9ca_shot_001_000,sharpness,mouth,8.0880
31,0.753669,4d5b044b30051de4f0a6b2dc419ea9ca_shot_001_000,lmd,mouth,4.758379
31,0.753669,4d5b044b30051de4f0a6b2dc419ea9ca_shot_001_000,sync_d,mouth,7.397566
31,0.753669,4d5b044b30051de4f0a6b2dc419ea9ca_shot_001_000,sync_c,mouth,7.236306
32,0.737402,4d5b044b30051de4f0a6b2dc419ea9ca_shot_001_000,pixel_mse,mouth,0.00193832
32,0.737402,4d5b044b30051de4f0a6b2dc419ea9ca_shot_001_000,pixel_mse,upper_face,0.00008681
32,0.737402,4d5b044b30051de4f0a6b2dc419ea9ca_shot_001_000,pixel_mse,full,0.00084037
32,0.737402,4d5b044b30051de4f0a6b2dc419ea9ca_shot_001_000,ssim,mouth,0.89918482
32,0.737402,4d5b044b30051de4f0a6b2dc419ea9ca_shot_001_000,ssim,upper_face,0.97125500
32,0.737402,4d5b044b30051de4f0a6b2dc419ea9ca_shot_001_000,ssim,full,0.94192249
32,0.737402,4d5b044b30051de4f0a6b2dc419ea9ca_shot_001_000,lpips,mouth,0.08870070
32,0.737402,4d5b044b30051de4f0a6b2dc419ea9ca_shot_001_000,lpips,full,0.05951137
32,0.737402,4d5b044b30051de4f0a6b2dc419ea9ca_shot_001_000,sharpness,mouth,8.0578
32,0.737402,4d5b044b30051de4f0a6b2dc419ea9ca_shot_001_000,lmd,mouth,4.765418
32,0.737402,4d5b044b30051de4f0a6b2dc419ea9ca_shot_001_000,sync_d,mouth,7.525347
32,0.737402,4d5b044b30051de4f0a6b2dc419ea9ca_shot_001_000,sync_c,mouth,7.084127
33,0.720034,4d5b044b30051de4f0a6b2dc419ea9ca_shot_001_000,pixel_mse,mouth,0.00197390
33,0.720034,4d5b044b30051de4f0a6b2dc419ea9ca_shot_001_000,pixel_mse,upper_face,0.00008686
33,0.720034,4d5b044b30051de4f0a6b2dc419ea9ca_shot_001_000,pixel_mse,full,0.00085488
33,0.720034,4d5b044b30051de4f0a6b2dc419ea9ca_shot_001_000,ssim,mouth,0.89818347
33,0.720034,4d5b044b30051de4f0a6b2dc419ea9ca_shot_001_000,ssim,upper_face,0.97141683
33,0.720034,4d5b044b30051de4f0a6b2dc419ea9ca_shot_001_000,ssim,full,0.94161099
33,0.720034,4d5b044b30051de4f0a6b2dc419ea9ca_shot_001_000,lpips,mouth,0.08898142
33,0.720034,4d5b044b30051de4f0a6b2dc419ea9ca_shot_001_000,lpips,full,0.05975854
33,0.720034,4d5b044b30051de4f0a6b2dc419ea9ca_shot_001_000,sharpness,mouth,8.0566
33,0.720034,4d5b044b30051de4f0a6b2dc419ea9ca_shot_001_000,lmd,mouth,4.828882
33,0.720034,4d5b044b30051de4f0a6b2dc419ea9ca_shot_001_000,sync_d,mouth,7.416348
33,0.720034,4d5b044b30051de4f0a6b2dc419ea9ca_shot_001_000,sync_c,mouth,7.222218
34,0.701446,4d5b044b30051de4f0a6b2dc419ea9ca_shot_001_000,pixel_mse,mouth,0.00202231
34,0.701446,4d5b044b30051de4f0a6b2dc419ea9ca_shot_001_000,pixel_mse,upper_face,0.00009036
34,0.701446,4d5b044b30051de4f0a6b2dc419ea9ca_shot_001_000,pixel_mse,full,0.00087666
34,0.701446,4d5b044b30051de4f0a6b2dc419ea9ca_shot_001_000,ssim,mouth,0.89690161
34,0.701446,4d5b044b30051de4f0a6b2dc419ea9ca_shot_001_000,ssim,upper_face,0.97135162
34,0.701446,4d5b044b30051de4f0a6b2dc419ea9ca_shot_001_000,ssim,full,0.94105077
34,0.701446,4d5b044b30051de4f0a6b2dc419ea9ca_shot_001_000,lpips,mouth,0.08951218
34,0.701446,4d5b044b30051de4f0a6b2dc419ea9ca_shot_001_000,lpips,full,0.06001611
34,0.701446,4d5b044b30051de4f0a6b2dc419ea9ca_shot_001_000,sharpness,mouth,8.0439
34,0.701446,4d5b044b30051de4f0a6b2dc419ea9ca_shot_001_000,lmd,mouth,4.839546
34,0.701446,4d5b044b30051de4f0a6b2dc419ea9ca_shot_001_000,sync_d,mouth,7.552634
34,0.701446,4d5b044b30051de4f0a6b2dc419ea9ca_shot_001_000,sync_c,mouth,7.076308
35,0.681508,4d5b044b30051de4f0a6b2dc419ea9ca_shot_001_000,pixel_mse,mouth,0.00206851
35,0.681508,4d5b044b30051de4f0a6b2dc419ea9ca_shot_001_000,pixel_mse,upper_face,0.00008750
35,0.681508,4d5b044b30051de4f0a6b2dc419ea9ca_shot_001_000,pixel_mse,full,0.00089377
35,0.681508,4d5b044b30051de4f0a6b2dc419ea9ca_shot_001_000,ssim,mouth,0.89572465
35,0.681508,4d5b044b30051de4f0a6b2dc419ea9ca_shot_001_000,ssim,upper_face,0.97143161
35,0.681508,4d5b044b30051de4f0a6b2dc419ea9ca_shot_001_000,ssim,full,0.94061911
35,0.681508,4d5b044b30051de4f0a6b2dc419ea9ca_shot_001_000,lpips,mouth,0.09003002
35,0.681508,4d5b044b30051de4f0a6b2dc419ea9ca_shot_001_000,lpips,full,0.06036469
35,0.681508,4d5b044b30051de4f0a6b2dc419ea9ca_shot_001_000,sharpness,mouth,8.0476
35,0.681508,4d5b044b30051de4f0a6b2dc419ea9ca_shot_001_000,lmd,mouth,4.911579
35,0.681508,4d5b044b30051de4f0a6b2dc419ea9ca_shot_001_000,sync_d,mouth,7.530839
35,0.681508,4d5b044b30051de4f0a6b2dc419ea9ca_shot_001_000,sync_c,mouth,7.092424
36,0.660066,4d5b044b30051de4f0a6b2dc419ea9ca_shot_001_000,pixel_mse,mouth,0.00212227
36,0.660066,4d5b044b30051de4f0a6b2dc419ea9ca_shot_001_000,pixel_mse,upper_face,0.00008943
36,0.660066,4d5b044b30051de4f0a6b2dc419ea9ca_shot_001_000,pixel_mse,full,0.00091679
36,0.660066,4d5b044b30051de4f0a6b2dc419ea9ca_shot_001_000,ssim,mouth,0.89433110
36,0.660066,4d5b044b30051de4f0a6b2dc419ea9ca_shot_001_000,ssim,upper_face,0.97151148
36,0.660066,4d5b044b30051de4f0a6b2dc419ea9ca_shot_001_000,ssim,full,0.94009936
36,0.660066,4d5b044b30051de4f0a6b2dc419ea9ca_shot_001_000,lpips,mouth,0.09084792
36,0.660066,4d5b044b30051de4f0a6b2dc419ea9ca_shot_001_000,lpips,full,0.06066614
36,0.660066,4d5b044b30051de4f0a6b2dc419ea9ca_shot_001_000,sharpness,mouth,8.0332
36,0.660066,4d5b044b30051de4f0a6b2dc419ea9ca_shot_001_000,lmd,mouth,4.851299
36,0.660066,4d5b044b30051de4f0a6b2dc419ea9ca_shot_001_000,sync_d,mouth,7.413481
36,0.660066,4d5b044b30051de4f0a6b2dc419ea9ca_shot_001_000,sync_c,mouth,7.122012
37,0.636942,4d5b044b30051de4f0a6b2dc419ea9ca_shot_001_000,pixel_mse,mouth,0.00217606
37,0.636942,4d5b044b30051de4f0a6b2dc419ea9ca_shot_001_000,pixel_mse,upper_face,0.00008826
37,0.636942,4d5b044b30051de4f0a6b2dc419ea9ca_shot_001_000,pixel_mse,full,0.00093799
37,0.636942,4d5b044b30051de4f0a6b2dc419ea9ca_shot_001_000,ssim,mouth,0.89293396
37,0.636942,4d5b044b30051de4f0a6b2dc419ea9ca_shot_001_000,ssim,upper_face,0.97153246
37,0.636942,4d5b044b30051de4f0a6b2dc419ea9ca_shot_001_000,ssim,full,0.93954307
37,0.636942,4d5b044b30051de4f0a6b2dc419ea9ca_shot_001_000,lpips,mouth,0.09173829
37,0.636942,4d5b044b30051de4f0a6b2dc419ea9ca_shot_001_000,lpips,full,0.06102064
37,0.636942,4d5b044b30051de4f0a6b2dc419ea9ca_shot_001_000,sharpness,mouth,8.0029
37,0.636942,4d5b044b30051de4f0a6b2dc419ea9ca_shot_001_000,lmd,mouth,4.955060
37,0.636942,4d5b044b30051de4f0a6b2dc419ea9ca_shot_001_000,sync_d,mouth,7.377433
37,0.636942,4d5b044b30051de4f0a6b2dc419ea9ca_shot_001_000,sync_c,mouth,7.187446
38,0.611932,4d5b044b30051de4f0a6b2dc419ea9ca_shot_001_000,pixel_mse,mouth,0.00224476
38,0.611932,4d5b044b30051de4f0a6b2dc419ea9ca_shot_001_000,pixel_mse,upper_face,0.00008890
38,0.611932,4d5b044b30051de4f0a6b2dc419ea9ca_shot_001_000,pixel_mse,full,0.00096633
38,0.611932,4d5b044b30051de4f0a6b2dc419ea9ca_shot_001_000,ssim,mouth,0.89152837
38,0.611932,4d5b044b30051de4f0a6b2dc419ea9ca_shot_001_000,ssim,upper_face,0.97165549
38,0.611932,4d5b044b30051de4f0a6b2dc419ea9ca_shot_001_000,ssim,full,0.93904394
38,0.611932,4d5b044b30051de4f0a6b2dc419ea9ca_shot_001_000,lpips,mouth,0.09238701
38,0.611932,4d5b044b30051de4f0a6b2dc419ea9ca_shot_001_000,lpips,full,0.06151804
38,0.611932,4d5b044b30051de4f0a6b2dc419ea9ca_shot_001_000,sharpness,mouth,8.0202
38,0.611932,4d5b044b30051de4f0a6b2dc419ea9ca_shot_001_000,lmd,mouth,4.826142
38,0.611932,4d5b044b30051de4f0a6b2dc419ea9ca_shot_001_000,sync_d,mouth,7.554003
38,0.611932,4d5b044b30051de4f0a6b2dc419ea9ca_shot_001_000,sync_c,mouth,7.094543
39,0.584795,4d5b044b30051de4f0a6b2dc419ea9ca_shot_001_000,pixel_mse,mouth,0.00232963
39,0.584795,4d5b044b30051de4f0a6b2dc419ea9ca_shot_001_000,pixel_mse,upper_face,0.00008781
39,0.584795,4d5b044b30051de4f0a6b2dc419ea9ca_shot_001_000,pixel_mse,full,0.00100023
39,0.584795,4d5b044b30051de4f0a6b2dc419ea9ca_shot_001_000,ssim,mouth,0.88991368
39,0.584795,4d5b044b30051de4f0a6b2dc419ea9ca_shot_001_000,ssim,upper_face,0.97164965
39,0.584795,4d5b044b30051de4f0a6b2dc419ea9ca_shot_001_000,ssim,full,0.93838334
39,0.584795,4d5b044b30051de4f0a6b2dc419ea9ca_shot_001_000,lpips,mouth,0.09340711
39,0.584795,4d5b044b30051de4f0a6b2dc419ea9ca_shot_001_000,lpips,full,0.06199268
39,0.584795,4d5b044b30051de4f0a6b2dc419ea9ca_shot_001_000,sharpness,mouth,7.9963
39,0.584795,4d5b044b30051de4f0a6b2dc419ea9ca_shot_001_000,lmd,mouth,4.880956
39,0.584795,4d5b044b30051de4f0a6b2dc419ea9ca_shot_001_000,sync_d,mouth,7.282555
39,0.584795,4d5b044b30051de4f0a6b2dc419ea9ca_shot_001_000,sync_c,mouth,7.424995
40,0.555247,4d5b044b30051de4f0a6b2dc419ea9ca_shot_001_000,pixel_mse,mouth,0.00241838
40,0.555247,4d5b044b30051de4f0a6b2dc419ea9ca_shot_001_000,pixel_mse,upper_face,0.00008792
40,0.555247,4d5b044b30051de4f0a6b2dc419ea9ca_shot_001_000,pixel_mse,full,0.00103641
40,0.555247,4d5b044b30051de4f0a6b2dc419ea9ca_shot_001_000,ssim,mouth,0.88821799
40,0.555247,4d5b044b30051de4f0a6b2dc419ea9ca_shot_001_000,ssim,upper_face,0.97180551
40,0.555247,4d5b044b30051de4f0a6b2dc419ea9ca_shot_001_000,ssim,full,0.93778557
40,0.555247,4d5b044b30051de4f0a6b2dc419ea9ca_shot_001_000,lpips,mouth,0.09447499
40,0.555247,4d5b044b30051de4f0a6b2dc419ea9ca_shot_001_000,lpips,full,0.06252265
40,0.555247,4d5b044b30051de4f0a6b2dc419ea9ca_shot_001_000,sharpness,mouth,7.9980
40,0.555247,4d5b044b30051de4f0a6b2dc419ea9ca_shot_001_000,lmd,mouth,5.018031
40,0.555247,4d5b044b30051de4f0a6b2dc419ea9ca_shot_001_000,sync_d,mouth,7.351063
40,0.555247,4d5b044b30051de4f0a6b2dc419ea9ca_shot_001_000,sync_c,mouth,7.382527
41,0.522951,4d5b044b30051de4f0a6b2dc419ea9ca_shot_001_000,pixel_mse,mouth,0.00250512
41,0.522951,4d5b044b30051de4f0a6b2dc419ea9ca_shot_001_000,pixel_mse,upper_face,0.00008753
41,0.522951,4d5b044b30051de4f0a6b2dc419ea9ca_shot_001_000,pixel_mse,full,0.00107148
41,0.522951,4d5b044b30051de4f0a6b2dc419ea9ca_shot_001_000,ssim,mouth,0.88649309
41,0.522951,4d5b044b30051de4f0a6b2dc419ea9ca_shot_001_000,ssim,upper_face,0.97182792
41,0.522951,4d5b044b30051de4f0a6b2dc419ea9ca_shot_001_000,ssim,full,0.93709689
41,0.522951,4d5b044b30051de4f0a6b2dc419ea9ca_shot_001_000,lpips,mouth,0.09572919
41,0.522951,4d5b044b30051de4f0a6b2dc419ea9ca_shot_001_000,lpips,full,0.06314342
41,0.522951,4d5b044b30051de4f0a6b2dc419ea9ca_shot_001_000,sharpness,mouth,7.9585
41,0.522951,4d5b044b30051de4f0a6b2dc419ea9ca_shot_001_000,lmd,mouth,4.974002
41,0.522951,4d5b044b30051de4f0a6b2dc419ea9ca_shot_001_000,sync_d,mouth,7.292537
41,0.522951,4d5b044b30051de4f0a6b2dc419ea9ca_shot_001_000,sync_c,mouth,7.481563
42,0.487507,4d5b044b30051de4f0a6b2dc419ea9ca_shot_001_000,pixel_mse,mouth,0.00258373
42,0.487507,4d5b044b30051de4f0a6b2dc419ea9ca_shot_001_000,pixel_mse,upper_face,0.00008705
42,0.487507,4d5b044b30051de4f0a6b2dc419ea9ca_shot_001_000,pixel_mse,full,0.00110320
42,0.487507,4d5b044b30051de4f0a6b2dc419ea9ca_shot_001_000,ssim,mouth,0.88487923
42,0.487507,4d5b044b30051de4f0a6b2dc419ea9ca_shot_001_000,ssim,upper_face,0.97190762
42,0.487507,4d5b044b30051de4f0a6b2dc419ea9ca_shot_001_000,ssim,full,0.93648726
42,0.487507,4d5b044b30051de4f0a6b2dc419ea9ca_shot_001_000,lpips,mouth,0.09680375
42,0.487507,4d5b044b30051de4f0a6b2dc419ea9ca_shot_001_000,lpips,full,0.06373379
42,0.487507,4d5b044b30051de4f0a6b2dc419ea9ca_shot_001_000,sharpness,mouth,7.9255
42,0.487507,4d5b044b30051de4f0a6b2dc419ea9ca_shot_001_000,lmd,mouth,5.086260
42,0.487507,4d5b044b30051de4f0a6b2dc419ea9ca_shot_001_000,sync_d,mouth,7.472127
42,0.487507,4d5b044b30051de4f0a6b2dc419ea9ca_shot_001_000,sync_c,mouth,7.296196
43,0.448430,4d5b044b30051de4f0a6b2dc419ea9ca_shot_001_000,pixel_mse,mouth,0.00266451
43,0.448430,4d5b044b30051de4f0a6b2dc419ea9ca_shot_001_000,pixel_mse,upper_face,0.00008789
43,0.448430,4d5b044b30051de4f0a6b2dc419ea9ca_shot_001_000,pixel_mse,full,0.00113657
43,0.448430,4d5b044b30051de4f0a6b2dc419ea9ca_shot_001_000,ssim,mouth,0.88316309
43,0.448430,4d5b044b30051de4f0a6b2dc419ea9ca_shot_001_000,ssim,upper_face,0.97196615
43,0.448430,4d5b044b30051de4f0a6b2dc419ea9ca_shot_001_000,ssim,full,0.93582350
43,0.448430,4d5b044b30051de4f0a6b2dc419ea9ca_shot_001_000,lpips,mouth,0.09781402
43,0.448430,4d5b044b30051de4f0a6b2dc419ea9ca_shot_001_000,lpips,full,0.06445032
43,0.448430,4d5b044b30051de4f0a6b2dc419ea9ca_shot_001_000,sharpness,mouth,7.9236
43,0.448430,4d5b044b30051de4f0a6b2dc419ea9ca_shot_001_000,lmd,mouth,5.037744
43,0.448430,4d5b044b30051de4f0a6b2dc419ea9ca_shot_001_000,sync_d,mouth,7.489495
43,0.448430,4d5b044b30051de4f0a6b2dc419ea9ca_shot_001_000,sync_c,mouth,7.274280
44,0.405131,4d5b044b30051de4f0a6b2dc419ea9ca_shot_001_000,pixel_mse,mouth,0.00274543
44,0.405131,4d5b044b30051de4f0a6b2dc419ea9ca_shot_001_000,pixel_mse,upper_face,0.00009034
44,0.405131,4d5b044b30051de4f0a6b2dc419ea9ca_shot_001_000,pixel_mse,full,0.00117096
44,0.405131,4d5b044b30051de4f0a6b2dc419ea9ca_shot_001_000,ssim,mouth,0.88172150
44,0.405131,4d5b044b30051de4f0a6b2dc419ea9ca_shot_001_000,ssim,upper_face,0.97183418
44,0.405131,4d5b044b30051de4f0a6b2dc419ea9ca_shot_001_000,ssim,full,0.93515861
44,0.405131,4d5b044b30051de4f0a6b2dc419ea9ca_shot_001_000,lpips,mouth,0.09910608
44,0.405131,4d5b044b30051de4f0a6b2dc419ea9ca_shot_001_000,lpips,full,0.06517852
44,0.405131,4d5b044b30051de4f0a6b2dc419ea9ca_shot_001_000,sharpness,mouth,7.8844
44,0.405131,4d5b044b30051de4f0a6b2dc419ea9ca_shot_001_000,lmd,mouth,4.939661
44,0.405131,4d5b044b30051de4f0a6b2dc419ea9ca_shot_001_000,sync_d,mouth,7.415386
44,0.405131,4d5b044b30051de4f0a6b2dc419ea9ca_shot_001_000,sync_c,mouth,7.234042
45,0.356888,4d5b044b30051de4f0a6b2dc419ea9ca_shot_001_000,pixel_mse,mouth,0.00282841
45,0.356888,4d5b044b30051de4f0a6b2dc419ea9ca_shot_001_000,pixel_mse,upper_face,0.00008902
45,0.356888,4d5b044b30051de4f0a6b2dc419ea9ca_shot_001_000,pixel_mse,full,0.00120394
45,0.356888,4d5b044b30051de4f0a6b2dc419ea9ca_shot_001_000,ssim,mouth,0.88024318
45,0.356888,4d5b044b30051de4f0a6b2dc419ea9ca_shot_001_000,ssim,upper_face,0.97197223
45,0.356888,4d5b044b30051de4f0a6b2dc419ea9ca_shot_001_000,ssim,full,0.93463868
45,0.356888,4d5b044b30051de4f0a6b2dc419ea9ca_shot_001_000,lpips,mouth,0.10044676
45,0.356888,4d5b044b30051de4f0a6b2dc419ea9ca_shot_001_000,lpips,full,0.06589176
45,0.356888,4d5b044b30051de4f0a6b2dc419ea9ca_shot_001_000,sharpness,mouth,7.8922
45,0.356888,4d5b044b30051de4f0a6b2dc419ea9ca_shot_001_000,lmd,mouth,5.008515
45,0.356888,4d5b044b30051de4f0a6b2dc419ea9ca_shot_001_000,sync_d,mouth,7.612529
45,0.356888,4d5b044b30051de4f0a6b2dc419ea9ca_shot_001_000,sync_c,mouth,7.136504
46,0.302801,4d5b044b30051de4f0a6b2dc419ea9ca_shot_001_000,pixel_mse,mouth,0.00291375
46,0.302801,4d5b044b30051de4f0a6b2dc419ea9ca_shot_001_000,pixel_mse,upper_face,0.00009070
46,0.302801,4d5b044b30051de4f0a6b2dc419ea9ca_shot_001_000,pixel_mse,full,0.00123967
46,0.302801,4d5b044b30051de4f0a6b2dc419ea9ca_shot_001_000,ssim,mouth,0.87875628
46,0.302801,4d5b044b30051de4f0a6b2dc419ea9ca_shot_001_000,ssim,upper_face,0.97187281
46,0.302801,4d5b044b30051de4f0a6b2dc419ea9ca_shot_001_000,ssim,full,0.93397456
46,0.302801,4d5b044b30051de4f0a6b2dc419ea9ca_shot_001_000,lpips,mouth,0.10196095
46,0.302801,4d5b044b30051de4f0a6b2dc419ea9ca_shot_001_000,lpips,full,0.06687258
46,0.302801,4d5b044b30051de4f0a6b2dc419ea9ca_shot_001_000,sharpness,mouth,7.8764
46,0.302801,4d5b044b30051de4f0a6b2dc419ea9ca_shot_001_000,lmd,mouth,5.360094
46,0.302801,4d5b044b30051de4f0a6b2dc419ea9ca_shot_001_000,sync_d,mouth,7.525115
46,0.302801,4d5b044b30051de4f0a6b2dc419ea9ca_shot_001_000,sync_c,mouth,7.115030
47,0.241740,4d5b044b30051de4f0a6b2dc419ea9ca_shot_001_000,pixel_mse,mouth,0.00299588
47,0.241740,4d5b044b30051de4f0a6b2dc419ea9ca_shot_001_000,pixel_mse,upper_face,0.00009221
47,0.241740,4d5b044b30051de4f0a6b2dc419ea9ca_shot_001_000,pixel_mse,full,0.00127400
47,0.241740,4d5b044b30051de4f0a6b2dc419ea9ca_shot_001_000,ssim,mouth,0.87725413
47,0.241740,4d5b044b30051de4f0a6b2dc419ea9ca_shot_001_000,ssim,upper_face,0.97179526
47,0.241740,4d5b044b30051de4f0a6b2dc419ea9ca_shot_001_000,ssim,full,0.93331730
47,0.241740,4d5b044b30051de4f0a6b2dc419ea9ca_shot_001_000,lpips,mouth,0.10346387
47,0.241740,4d5b044b30051de4f0a6b2dc419ea9ca_shot_001_000,lpips,full,0.06777732
47,0.241740,4d5b044b30051de4f0a6b2dc419ea9ca_shot_001_000,sharpness,mouth,7.8623
47,0.241740,4d5b044b30051de4f0a6b2dc419ea9ca_shot_001_000,lmd,mouth,5.432746
47,0.241740,4d5b044b30051de4f0a6b2dc419ea9ca_shot_001_000,sync_d,mouth,7.653956
47,0.241740,4d5b044b30051de4f0a6b2dc419ea9ca_shot_001_000,sync_c,mouth,6.988596
48,0.172265,4d5b044b30051de4f0a6b2dc419ea9ca_shot_001_000,pixel_mse,mouth,0.00307398
48,0.172265,4d5b044b30051de4f0a6b2dc419ea9ca_shot_001_000,pixel_mse,upper_face,0.00009404
48,0.172265,4d5b044b30051de4f0a6b2dc419ea9ca_shot_001_000,pixel_mse,full,0.00130687
48,0.172265,4d5b044b30051de4f0a6b2dc419ea9ca_shot_001_000,ssim,mouth,0.87596697
48,0.172265,4d5b044b30051de4f0a6b2dc419ea9ca_shot_001_000,ssim,upper_face,0.97164953
48,0.172265,4d5b044b30051de4f0a6b2dc419ea9ca_shot_001_000,ssim,full,0.93270695
48,0.172265,4d5b044b30051de4f0a6b2dc419ea9ca_shot_001_000,lpips,mouth,0.10558724
48,0.172265,4d5b044b30051de4f0a6b2dc419ea9ca_shot_001_000,lpips,full,0.06904651
48,0.172265,4d5b044b30051de4f0a6b2dc419ea9ca_shot_001_000,sharpness,mouth,7.8708
48,0.172265,4d5b044b30051de4f0a6b2dc419ea9ca_shot_001_000,lmd,mouth,5.204590
48,0.172265,4d5b044b30051de4f0a6b2dc419ea9ca_shot_001_000,sync_d,mouth,7.605731
48,0.172265,4d5b044b30051de4f0a6b2dc419ea9ca_shot_001_000,sync_c,mouth,6.943911
49,0.092507,4d5b044b30051de4f0a6b2dc419ea9ca_shot_001_000,pixel_mse,mouth,0.00314743
49,0.092507,4d5b044b30051de4f0a6b2dc419ea9ca_shot_001_000,pixel_mse,upper_face,0.00010112
49,0.092507,4d5b044b30051de4f0a6b2dc419ea9ca_shot_001_000,pixel_mse,full,0.00134096
49,0.092507,4d5b044b30051de4f0a6b2dc419ea9ca_shot_001_000,ssim,mouth,0.87457579
49,0.092507,4d5b044b30051de4f0a6b2dc419ea9ca_shot_001_000,ssim,upper_face,0.97089517
49,0.092507,4d5b044b30051de4f0a6b2dc419ea9ca_shot_001_000,ssim,full,0.93169349
49,0.092507,4d5b044b30051de4f0a6b2dc419ea9ca_shot_001_000,lpips,mouth,0.10827773
49,0.092507,4d5b044b30051de4f0a6b2dc419ea9ca_shot_001_000,lpips,full,0.07092819
49,0.092507,4d5b044b30051de4f0a6b2dc419ea9ca_shot_001_000,sharpness,mouth,7.8808
49,0.092507,4d5b044b30051de4f0a6b2dc419ea9ca_shot_001_000,lmd,mouth,5.028793
49,0.092507,4d5b044b30051de4f0a6b2dc419ea9ca_shot_001_000,sync_d,mouth,7.776784
49,0.092507,4d5b044b30051de4f0a6b2dc419ea9ca_shot_001_000,sync_c,mouth,6.845054
-1,gt,59cdb196328a33d4c7b1248b916e5090_shot_001_000,sharpness,mouth,5.2486
-1,gt,59cdb196328a33d4c7b1248b916e5090_shot_001_000,sync_d,mouth,8.588214
-1,gt,59cdb196328a33d4c7b1248b916e5090_shot_001_000,sync_c,mouth,6.953785
0,0.999000,59cdb196328a33d4c7b1248b916e5090_shot_001_000,pixel_mse,mouth,0.00047425
0,0.999000,59cdb196328a33d4c7b1248b916e5090_shot_001_000,pixel_mse,upper_face,0.00010158
0,0.999000,59cdb196328a33d4c7b1248b916e5090_shot_001_000,pixel_mse,full,0.00025325
0,0.999000,59cdb196328a33d4c7b1248b916e5090_shot_001_000,ssim,mouth,0.94197273
0,0.999000,59cdb196328a33d4c7b1248b916e5090_shot_001_000,ssim,upper_face,0.96385098
0,0.999000,59cdb196328a33d4c7b1248b916e5090_shot_001_000,ssim,full,0.95494652
0,0.999000,59cdb196328a33d4c7b1248b916e5090_shot_001_000,lpips,mouth,0.08824295
0,0.999000,59cdb196328a33d4c7b1248b916e5090_shot_001_000,lpips,full,0.06331523
0,0.999000,59cdb196328a33d4c7b1248b916e5090_shot_001_000,sharpness,mouth,5.4746
0,0.999000,59cdb196328a33d4c7b1248b916e5090_shot_001_000,lmd,mouth,3.206181
0,0.999000,59cdb196328a33d4c7b1248b916e5090_shot_001_000,sync_d,mouth,8.617866
0,0.999000,59cdb196328a33d4c7b1248b916e5090_shot_001_000,sync_c,mouth,6.644888
1,0.995732,59cdb196328a33d4c7b1248b916e5090_shot_001_000,pixel_mse,mouth,0.00047932
1,0.995732,59cdb196328a33d4c7b1248b916e5090_shot_001_000,pixel_mse,upper_face,0.00010678
1,0.995732,59cdb196328a33d4c7b1248b916e5090_shot_001_000,pixel_mse,full,0.00025840
1,0.995732,59cdb196328a33d4c7b1248b916e5090_shot_001_000,ssim,mouth,0.94191551
1,0.995732,59cdb196328a33d4c7b1248b916e5090_shot_001_000,ssim,upper_face,0.96451557
1,0.995732,59cdb196328a33d4c7b1248b916e5090_shot_001_000,ssim,full,0.95531726
1,0.995732,59cdb196328a33d4c7b1248b916e5090_shot_001_000,lpips,mouth,0.08810779
1,0.995732,59cdb196328a33d4c7b1248b916e5090_shot_001_000,lpips,full,0.06333712
1,0.995732,59cdb196328a33d4c7b1248b916e5090_shot_001_000,sharpness,mouth,5.5018
1,0.995732,59cdb196328a33d4c7b1248b916e5090_shot_001_000,lmd,mouth,3.167746
1,0.995732,59cdb196328a33d4c7b1248b916e5090_shot_001_000,sync_d,mouth,8.689724
1,0.995732,59cdb196328a33d4c7b1248b916e5090_shot_001_000,sync_c,mouth,6.581565
2,0.991530,59cdb196328a33d4c7b1248b916e5090_shot_001_000,pixel_mse,mouth,0.00046809
2,0.991530,59cdb196328a33d4c7b1248b916e5090_shot_001_000,pixel_mse,upper_face,0.00010812
2,0.991530,59cdb196328a33d4c7b1248b916e5090_shot_001_000,pixel_mse,full,0.00025463
2,0.991530,59cdb196328a33d4c7b1248b916e5090_shot_001_000,ssim,mouth,0.94294661
2,0.991530,59cdb196328a33d4c7b1248b916e5090_shot_001_000,ssim,upper_face,0.96464163
2,0.991530,59cdb196328a33d4c7b1248b916e5090_shot_001_000,ssim,full,0.95581180
2,0.991530,59cdb196328a33d4c7b1248b916e5090_shot_001_000,lpips,mouth,0.08622918
2,0.991530,59cdb196328a33d4c7b1248b916e5090_shot_001_000,lpips,full,0.06185639
2,0.991530,59cdb196328a33d4c7b1248b916e5090_shot_001_000,sharpness,mouth,5.4731
2,0.991530,59cdb196328a33d4c7b1248b916e5090_shot_001_000,lmd,mouth,3.126208
2,0.991530,59cdb196328a33d4c7b1248b916e5090_shot_001_000,sync_d,mouth,8.730880
2,0.991530,59cdb196328a33d4c7b1248b916e5090_shot_001_000,sync_c,mouth,6.675488
3,0.987187,59cdb196328a33d4c7b1248b916e5090_shot_001_000,pixel_mse,mouth,0.00047288
3,0.987187,59cdb196328a33d4c7b1248b916e5090_shot_001_000,pixel_mse,upper_face,0.00010755
3,0.987187,59cdb196328a33d4c7b1248b916e5090_shot_001_000,pixel_mse,full,0.00025624
3,0.987187,59cdb196328a33d4c7b1248b916e5090_shot_001_000,ssim,mouth,0.94342709
3,0.987187,59cdb196328a33d4c7b1248b916e5090_shot_001_000,ssim,upper_face,0.96469051
3,0.987187,59cdb196328a33d4c7b1248b916e5090_shot_001_000,ssim,full,0.95603639
3,0.987187,59cdb196328a33d4c7b1248b916e5090_shot_001_000,lpips,mouth,0.08413583
3,0.987187,59cdb196328a33d4c7b1248b916e5090_shot_001_000,lpips,full,0.06029594
3,0.987187,59cdb196328a33d4c7b1248b916e5090_shot_001_000,sharpness,mouth,5.3774
3,0.987187,59cdb196328a33d4c7b1248b916e5090_shot_001_000,lmd,mouth,3.126929
3,0.987187,59cdb196328a33d4c7b1248b916e5090_shot_001_000,sync_d,mouth,8.773983
3,0.987187,59cdb196328a33d4c7b1248b916e5090_shot_001_000,sync_c,mouth,6.632267
4,0.982696,59cdb196328a33d4c7b1248b916e5090_shot_001_000,pixel_mse,mouth,0.00046174
4,0.982696,59cdb196328a33d4c7b1248b916e5090_shot_001_000,pixel_mse,upper_face,0.00010613
4,0.982696,59cdb196328a33d4c7b1248b916e5090_shot_001_000,pixel_mse,full,0.00025086
4,0.982696,59cdb196328a33d4c7b1248b916e5090_shot_001_000,ssim,mouth,0.94404340
4,0.982696,59cdb196328a33d4c7b1248b916e5090_shot_001_000,ssim,upper_face,0.96385974
4,0.982696,59cdb196328a33d4c7b1248b916e5090_shot_001_000,ssim,full,0.95579451
4,0.982696,59cdb196328a33d4c7b1248b916e5090_shot_001_000,lpips,mouth,0.08296423
4,0.982696,59cdb196328a33d4c7b1248b916e5090_shot_001_000,lpips,full,0.05936718
4,0.982696,59cdb196328a33d4c7b1248b916e5090_shot_001_000,sharpness,mouth,5.3529
4,0.982696,59cdb196328a33d4c7b1248b916e5090_shot_001_000,lmd,mouth,3.120220
4,0.982696,59cdb196328a33d4c7b1248b916e5090_shot_001_000,sync_d,mouth,8.937139
4,0.982696,59cdb196328a33d4c7b1248b916e5090_shot_001_000,sync_c,mouth,6.405066
5,0.978048,59cdb196328a33d4c7b1248b916e5090_shot_001_000,pixel_mse,mouth,0.00046706
5,0.978048,59cdb196328a33d4c7b1248b916e5090_shot_001_000,pixel_mse,upper_face,0.00010574
5,0.978048,59cdb196328a33d4c7b1248b916e5090_shot_001_000,pixel_mse,full,0.00025279
5,0.978048,59cdb196328a33d4c7b1248b916e5090_shot_001_000,ssim,mouth,0.94430041
5,0.978048,59cdb196328a33d4c7b1248b916e5090_shot_001_000,ssim,upper_face,0.96439165
5,0.978048,59cdb196328a33d4c7b1248b916e5090_shot_001_000,ssim,full,0.95621443
5,0.978048,59cdb196328a33d4c7b1248b916e5090_shot_001_000,lpips,mouth,0.08179606
5,0.978048,59cdb196328a33d4c7b1248b916e5090_shot_001_000,lpips,full,0.05840006
5,0.978048,59cdb196328a33d4c7b1248b916e5090_shot_001_000,sharpness,mouth,5.2848
5,0.978048,59cdb196328a33d4c7b1248b916e5090_shot_001_000,lmd,mouth,3.071213
5,0.978048,59cdb196328a33d4c7b1248b916e5090_shot_001_000,sync_d,mouth,8.863103
5,0.978048,59cdb196328a33d4c7b1248b916e5090_shot_001_000,sync_c,mouth,6.486248
6,0.973236,59cdb196328a33d4c7b1248b916e5090_shot_001_000,pixel_mse,mouth,0.00047308
6,0.973236,59cdb196328a33d4c7b1248b916e5090_shot_001_000,pixel_mse,upper_face,0.00010339
6,0.973236,59cdb196328a33d4c7b1248b916e5090_shot_001_000,pixel_mse,full,0.00025385
6,0.973236,59cdb196328a33d4c7b1248b916e5090_shot_001_000,ssim,mouth,0.94437718
6,0.973236,59cdb196328a33d4c7b1248b916e5090_shot_001_000,ssim,upper_face,0.96575201
6,0.973236,59cdb196328a33d4c7b1248b916e5090_shot_001_000,ssim,full,0.95705247
6,0.973236,59cdb196328a33d4c7b1248b916e5090_shot_001_000,lpips,mouth,0.08137048
6,0.973236,59cdb196328a33d4c7b1248b916e5090_shot_001_000,lpips,full,0.05803452
6,0.973236,59cdb196328a33d4c7b1248b916e5090_shot_001_000,sharpness,mouth,5.3046
6,0.973236,59cdb196328a33d4c7b1248b916e5090_shot_001_000,lmd,mouth,3.113210
6,0.973236,59cdb196328a33d4c7b1248b916e5090_shot_001_000,sync_d,mouth,8.950404
6,0.973236,59cdb196328a33d4c7b1248b916e5090_shot_001_000,sync_c,mouth,6.460554
7,0.968250,59cdb196328a33d4c7b1248b916e5090_shot_001_000,pixel_mse,mouth,0.00048395
7,0.968250,59cdb196328a33d4c7b1248b916e5090_shot_001_000,pixel_mse,upper_face,0.00010408
7,0.968250,59cdb196328a33d4c7b1248b916e5090_shot_001_000,pixel_mse,full,0.00025869
7,0.968250,59cdb196328a33d4c7b1248b916e5090_shot_001_000,ssim,mouth,0.94432622
7,0.968250,59cdb196328a33d4c7b1248b916e5090_shot_001_000,ssim,upper_face,0.96661848
7,0.968250,59cdb196328a33d4c7b1248b916e5090_shot_001_000,ssim,full,0.95754564
7,0.968250,59cdb196328a33d4c7b1248b916e5090_shot_001_000,lpips,mouth,0.08104738
7,0.968250,59cdb196328a33d4c7b1248b916e5090_shot_001_000,lpips,full,0.05783395
7,0.968250,59cdb196328a33d4c7b1248b916e5090_shot_001_000,sharpness,mouth,5.2895
7,0.968250,59cdb196328a33d4c7b1248b916e5090_shot_001_000,lmd,mouth,3.198618
7,0.968250,59cdb196328a33d4c7b1248b916e5090_shot_001_000,sync_d,mouth,8.913468
7,0.968250,59cdb196328a33d4c7b1248b916e5090_shot_001_000,sync_c,mouth,6.416180
8,0.963082,59cdb196328a33d4c7b1248b916e5090_shot_001_000,pixel_mse,mouth,0.00048633
8,0.963082,59cdb196328a33d4c7b1248b916e5090_shot_001_000,pixel_mse,upper_face,0.00010325
8,0.963082,59cdb196328a33d4c7b1248b916e5090_shot_001_000,pixel_mse,full,0.00025916
8,0.963082,59cdb196328a33d4c7b1248b916e5090_shot_001_000,ssim,mouth,0.94421333
8,0.963082,59cdb196328a33d4c7b1248b916e5090_shot_001_000,ssim,upper_face,0.96641862
8,0.963082,59cdb196328a33d4c7b1248b916e5090_shot_001_000,ssim,full,0.95738107
8,0.963082,59cdb196328a33d4c7b1248b916e5090_shot_001_000,lpips,mouth,0.08089122
8,0.963082,59cdb196328a33d4c7b1248b916e5090_shot_001_000,lpips,full,0.05760356
8,0.963082,59cdb196328a33d4c7b1248b916e5090_shot_001_000,sharpness,mouth,5.2824
8,0.963082,59cdb196328a33d4c7b1248b916e5090_shot_001_000,lmd,mouth,3.171475
8,0.963082,59cdb196328a33d4c7b1248b916e5090_shot_001_000,sync_d,mouth,8.879734
8,0.963082,59cdb196328a33d4c7b1248b916e5090_shot_001_000,sync_c,mouth,6.431119
9,0.957720,59cdb196328a33d4c7b1248b916e5090_shot_001_000,pixel_mse,mouth,0.00048415
9,0.957720,59cdb196328a33d4c7b1248b916e5090_shot_001_000,pixel_mse,upper_face,0.00009808
9,0.957720,59cdb196328a33d4c7b1248b916e5090_shot_001_000,pixel_mse,full,0.00025521
9,0.957720,59cdb196328a33d4c7b1248b916e5090_shot_001_000,ssim,mouth,0.94420010
9,0.957720,59cdb196328a33d4c7b1248b916e5090_shot_001_000,ssim,upper_face,0.96731961
9,0.957720,59cdb196328a33d4c7b1248b916e5090_shot_001_000,ssim,full,0.95790994
9,0.957720,59cdb196328a33d4c7b1248b916e5090_shot_001_000,lpips,mouth,0.08065011
9,0.957720,59cdb196328a33d4c7b1248b916e5090_shot_001_000,lpips,full,0.05746648
9,0.957720,59cdb196328a33d4c7b1248b916e5090_shot_001_000,sharpness,mouth,5.3095
9,0.957720,59cdb196328a33d4c7b1248b916e5090_shot_001_000,lmd,mouth,3.225750
9,0.957720,59cdb196328a33d4c7b1248b916e5090_shot_001_000,sync_d,mouth,8.883034
9,0.957720,59cdb196328a33d4c7b1248b916e5090_shot_001_000,sync_c,mouth,6.447984
10,0.952154,59cdb196328a33d4c7b1248b916e5090_shot_001_000,pixel_mse,mouth,0.00048360
10,0.952154,59cdb196328a33d4c7b1248b916e5090_shot_001_000,pixel_mse,upper_face,0.00009803
10,0.952154,59cdb196328a33d4c7b1248b916e5090_shot_001_000,pixel_mse,full,0.00025496
10,0.952154,59cdb196328a33d4c7b1248b916e5090_shot_001_000,ssim,mouth,0.94412476
10,0.952154,59cdb196328a33d4c7b1248b916e5090_shot_001_000,ssim,upper_face,0.96762520
10,0.952154,59cdb196328a33d4c7b1248b916e5090_shot_001_000,ssim,full,0.95806056
10,0.952154,59cdb196328a33d4c7b1248b916e5090_shot_001_000,lpips,mouth,0.08049806
10,0.952154,59cdb196328a33d4c7b1248b916e5090_shot_001_000,lpips,full,0.05727410
10,0.952154,59cdb196328a33d4c7b1248b916e5090_shot_001_000,sharpness,mouth,5.3263
10,0.952154,59cdb196328a33d4c7b1248b916e5090_shot_001_000,lmd,mouth,3.332985
10,0.952154,59cdb196328a33d4c7b1248b916e5090_shot_001_000,sync_d,mouth,8.933974
10,0.952154,59cdb196328a33d4c7b1248b916e5090_shot_001_000,sync_c,mouth,6.378306
11,0.946372,59cdb196328a33d4c7b1248b916e5090_shot_001_000,pixel_mse,mouth,0.00048016
11,0.946372,59cdb196328a33d4c7b1248b916e5090_shot_001_000,pixel_mse,upper_face,0.00009588
11,0.946372,59cdb196328a33d4c7b1248b916e5090_shot_001_000,pixel_mse,full,0.00025228
11,0.946372,59cdb196328a33d4c7b1248b916e5090_shot_001_000,ssim,mouth,0.94424921
11,0.946372,59cdb196328a33d4c7b1248b916e5090_shot_001_000,ssim,upper_face,0.96781951
11,0.946372,59cdb196328a33d4c7b1248b916e5090_shot_001_000,ssim,full,0.95822644
11,0.946372,59cdb196328a33d4c7b1248b916e5090_shot_001_000,lpips,mouth,0.07983450
11,0.946372,59cdb196328a33d4c7b1248b916e5090_shot_001_000,lpips,full,0.05678039
11,0.946372,59cdb196328a33d4c7b1248b916e5090_shot_001_000,sharpness,mouth,5.3088
11,0.946372,59cdb196328a33d4c7b1248b916e5090_shot_001_000,lmd,mouth,3.242917
11,0.946372,59cdb196328a33d4c7b1248b916e5090_shot_001_000,sync_d,mouth,8.697487
11,0.946372,59cdb196328a33d4c7b1248b916e5090_shot_001_000,sync_c,mouth,6.547078
12,0.940361,59cdb196328a33d4c7b1248b916e5090_shot_001_000,pixel_mse,mouth,0.00048035
12,0.940361,59cdb196328a33d4c7b1248b916e5090_shot_001_000,pixel_mse,upper_face,0.00009552
12,0.940361,59cdb196328a33d4c7b1248b916e5090_shot_001_000,pixel_mse,full,0.00025215
12,0.940361,59cdb196328a33d4c7b1248b916e5090_shot_001_000,ssim,mouth,0.94435537
12,0.940361,59cdb196328a33d4c7b1248b916e5090_shot_001_000,ssim,upper_face,0.96847439
12,0.940361,59cdb196328a33d4c7b1248b916e5090_shot_001_000,ssim,full,0.95865798
12,0.940361,59cdb196328a33d4c7b1248b916e5090_shot_001_000,lpips,mouth,0.07956722
12,0.940361,59cdb196328a33d4c7b1248b916e5090_shot_001_000,lpips,full,0.05661282
12,0.940361,59cdb196328a33d4c7b1248b916e5090_shot_001_000,sharpness,mouth,5.3312
12,0.940361,59cdb196328a33d4c7b1248b916e5090_shot_001_000,lmd,mouth,3.286357
12,0.940361,59cdb196328a33d4c7b1248b916e5090_shot_001_000,sync_d,mouth,8.685948
12,0.940361,59cdb196328a33d4c7b1248b916e5090_shot_001_000,sync_c,mouth,6.616922
13,0.934107,59cdb196328a33d4c7b1248b916e5090_shot_001_000,pixel_mse,mouth,0.00047187
13,0.934107,59cdb196328a33d4c7b1248b916e5090_shot_001_000,pixel_mse,upper_face,0.00009354
13,0.934107,59cdb196328a33d4c7b1248b916e5090_shot_001_000,pixel_mse,full,0.00024752
13,0.934107,59cdb196328a33d4c7b1248b916e5090_shot_001_000,ssim,mouth,0.94466615
13,0.934107,59cdb196328a33d4c7b1248b916e5090_shot_001_000,ssim,upper_face,0.96899247
13,0.934107,59cdb196328a33d4c7b1248b916e5090_shot_001_000,ssim,full,0.95909172
13,0.934107,59cdb196328a33d4c7b1248b916e5090_shot_001_000,lpips,mouth,0.07872501
13,0.934107,59cdb196328a33d4c7b1248b916e5090_shot_001_000,lpips,full,0.05603694
13,0.934107,59cdb196328a33d4c7b1248b916e5090_shot_001_000,sharpness,mouth,5.3184
13,0.934107,59cdb196328a33d4c7b1248b916e5090_shot_001_000,lmd,mouth,3.250568
13,0.934107,59cdb196328a33d4c7b1248b916e5090_shot_001_000,sync_d,mouth,8.652789
13,0.934107,59cdb196328a33d4c7b1248b916e5090_shot_001_000,sync_c,mouth,6.616977
14,0.927596,59cdb196328a33d4c7b1248b916e5090_shot_001_000,pixel_mse,mouth,0.00046725
14,0.927596,59cdb196328a33d4c7b1248b916e5090_shot_001_000,pixel_mse,upper_face,0.00009107
14,0.927596,59cdb196328a33d4c7b1248b916e5090_shot_001_000,pixel_mse,full,0.00024417
14,0.927596,59cdb196328a33d4c7b1248b916e5090_shot_001_000,ssim,mouth,0.94483882
14,0.927596,59cdb196328a33d4c7b1248b916e5090_shot_001_000,ssim,upper_face,0.96901488
14,0.927596,59cdb196328a33d4c7b1248b916e5090_shot_001_000,ssim,full,0.95917529
14,0.927596,59cdb196328a33d4c7b1248b916e5090_shot_001_000,lpips,mouth,0.07818110
14,0.927596,59cdb196328a33d4c7b1248b916e5090_shot_001_000,lpips,full,0.05572794
14,0.927596,59cdb196328a33d4c7b1248b916e5090_shot_001_000,sharpness,mouth,5.3331
14,0.927596,59cdb196328a33d4c7b1248b916e5090_shot_001_000,lmd,mouth,3.248409
14,0.927596,59cdb196328a33d4c7b1248b916e5090_shot_001_000,sync_d,mouth,8.659478
14,0.927596,59cdb196328a33d4c7b1248b916e5090_shot_001_000,sync_c,mouth,6.628038
15,0.920810,59cdb196328a33d4c7b1248b916e5090_shot_001_000,pixel_mse,mouth,0.00046068
15,0.920810,59cdb196328a33d4c7b1248b916e5090_shot_001_000,pixel_mse,upper_face,0.00009026
15,0.920810,59cdb196328a33d4c7b1248b916e5090_shot_001_000,pixel_mse,full,0.00024102
15,0.920810,59cdb196328a33d4c7b1248b916e5090_shot_001_000,ssim,mouth,0.94499016
15,0.920810,59cdb196328a33d4c7b1248b916e5090_shot_001_000,ssim,upper_face,0.96923977
15,0.920810,59cdb196328a33d4c7b1248b916e5090_shot_001_000,ssim,full,0.95937020
15,0.920810,59cdb196328a33d4c7b1248b916e5090_shot_001_000,lpips,mouth,0.07730231
15,0.920810,59cdb196328a33d4c7b1248b916e5090_shot_001_000,lpips,full,0.05509555
15,0.920810,59cdb196328a33d4c7b1248b916e5090_shot_001_000,sharpness,mouth,5.3087
15,0.920810,59cdb196328a33d4c7b1248b916e5090_shot_001_000,lmd,mouth,3.291614
15,0.920810,59cdb196328a33d4c7b1248b916e5090_shot_001_000,sync_d,mouth,8.627384
15,0.920810,59cdb196328a33d4c7b1248b916e5090_shot_001_000,sync_c,mouth,6.704628
16,0.913733,59cdb196328a33d4c7b1248b916e5090_shot_001_000,pixel_mse,mouth,0.00045877
16,0.913733,59cdb196328a33d4c7b1248b916e5090_shot_001_000,pixel_mse,upper_face,0.00008678
16,0.913733,59cdb196328a33d4c7b1248b916e5090_shot_001_000,pixel_mse,full,0.00023818
16,0.913733,59cdb196328a33d4c7b1248b916e5090_shot_001_000,ssim,mouth,0.94495571
16,0.913733,59cdb196328a33d4c7b1248b916e5090_shot_001_000,ssim,upper_face,0.96941620
16,0.913733,59cdb196328a33d4c7b1248b916e5090_shot_001_000,ssim,full,0.95946079
16,0.913733,59cdb196328a33d4c7b1248b916e5090_shot_001_000,lpips,mouth,0.07694375
16,0.913733,59cdb196328a33d4c7b1248b916e5090_shot_001_000,lpips,full,0.05479605
16,0.913733,59cdb196328a33d4c7b1248b916e5090_shot_001_000,sharpness,mouth,5.3367
16,0.913733,59cdb196328a33d4c7b1248b916e5090_shot_001_000,lmd,mouth,3.284496
16,0.913733,59cdb196328a33d4c7b1248b916e5090_shot_001_000,sync_d,mouth,8.455632
16,0.913733,59cdb196328a33d4c7b1248b916e5090_shot_001_000,sync_c,mouth,6.799773
17,0.906344,59cdb196328a33d4c7b1248b916e5090_shot_001_000,pixel_mse,mouth,0.00046246
17,0.906344,59cdb196328a33d4c7b1248b916e5090_shot_001_000,pixel_mse,upper_face,0.00008855
17,0.906344,59cdb196328a33d4c7b1248b916e5090_shot_001_000,pixel_mse,full,0.00024073
17,0.906344,59cdb196328a33d4c7b1248b916e5090_shot_001_000,ssim,mouth,0.94496107
17,0.906344,59cdb196328a33d4c7b1248b916e5090_shot_001_000,ssim,upper_face,0.96974850
17,0.906344,59cdb196328a33d4c7b1248b916e5090_shot_001_000,ssim,full,0.95965999
17,0.906344,59cdb196328a33d4c7b1248b916e5090_shot_001_000,lpips,mouth,0.07641187
17,0.906344,59cdb196328a33d4c7b1248b916e5090_shot_001_000,lpips,full,0.05466709
17,0.906344,59cdb196328a33d4c7b1248b916e5090_shot_001_000,sharpness,mouth,5.3283
17,0.906344,59cdb196328a33d4c7b1248b916e5090_shot_001_000,lmd,mouth,3.358886
17,0.906344,59cdb196328a33d4c7b1248b916e5090_shot_001_000,sync_d,mouth,8.372544
17,0.906344,59cdb196328a33d4c7b1248b916e5090_shot_001_000,sync_c,mouth,6.954268
18,0.898624,59cdb196328a33d4c7b1248b916e5090_shot_001_000,pixel_mse,mouth,0.00046305
18,0.898624,59cdb196328a33d4c7b1248b916e5090_shot_001_000,pixel_mse,upper_face,0.00008629
18,0.898624,59cdb196328a33d4c7b1248b916e5090_shot_001_000,pixel_mse,full,0.00023963
18,0.898624,59cdb196328a33d4c7b1248b916e5090_shot_001_000,ssim,mouth,0.94488847
18,0.898624,59cdb196328a33d4c7b1248b916e5090_shot_001_000,ssim,upper_face,0.96992117
18,0.898624,59cdb196328a33d4c7b1248b916e5090_shot_001_000,ssim,full,0.95973289
18,0.898624,59cdb196328a33d4c7b1248b916e5090_shot_001_000,lpips,mouth,0.07586104
18,0.898624,59cdb196328a33d4c7b1248b916e5090_shot_001_000,lpips,full,0.05413185
18,0.898624,59cdb196328a33d4c7b1248b916e5090_shot_001_000,sharpness,mouth,5.3401
18,0.898624,59cdb196328a33d4c7b1248b916e5090_shot_001_000,lmd,mouth,3.365698
18,0.898624,59cdb196328a33d4c7b1248b916e5090_shot_001_000,sync_d,mouth,8.456690
18,0.898624,59cdb196328a33d4c7b1248b916e5090_shot_001_000,sync_c,mouth,6.822513
19,0.890548,59cdb196328a33d4c7b1248b916e5090_shot_001_000,pixel_mse,mouth,0.00046641
19,0.890548,59cdb196328a33d4c7b1248b916e5090_shot_001_000,pixel_mse,upper_face,0.00008511
19,0.890548,59cdb196328a33d4c7b1248b916e5090_shot_001_000,pixel_mse,full,0.00024029
19,0.890548,59cdb196328a33d4c7b1248b916e5090_shot_001_000,ssim,mouth,0.94474310
19,0.890548,59cdb196328a33d4c7b1248b916e5090_shot_001_000,ssim,upper_face,0.97006941
19,0.890548,59cdb196328a33d4c7b1248b916e5090_shot_001_000,ssim,full,0.95976162
19,0.890548,59cdb196328a33d4c7b1248b916e5090_shot_001_000,lpips,mouth,0.07566417
19,0.890548,59cdb196328a33d4c7b1248b916e5090_shot_001_000,lpips,full,0.05395948
19,0.890548,59cdb196328a33d4c7b1248b916e5090_shot_001_000,sharpness,mouth,5.3257
19,0.890548,59cdb196328a33d4c7b1248b916e5090_shot_001_000,lmd,mouth,3.387797
19,0.890548,59cdb196328a33d4c7b1248b916e5090_shot_001_000,sync_d,mouth,8.314322
19,0.890548,59cdb196328a33d4c7b1248b916e5090_shot_001_000,sync_c,mouth,6.991856
20,0.882093,59cdb196328a33d4c7b1248b916e5090_shot_001_000,pixel_mse,mouth,0.00046535
20,0.882093,59cdb196328a33d4c7b1248b916e5090_shot_001_000,pixel_mse,upper_face,0.00008271
20,0.882093,59cdb196328a33d4c7b1248b916e5090_shot_001_000,pixel_mse,full,0.00023844
20,0.882093,59cdb196328a33d4c7b1248b916e5090_shot_001_000,ssim,mouth,0.94465393
20,0.882093,59cdb196328a33d4c7b1248b916e5090_shot_001_000,ssim,upper_face,0.97021878
20,0.882093,59cdb196328a33d4c7b1248b916e5090_shot_001_000,ssim,full,0.95981401
20,0.882093,59cdb196328a33d4c7b1248b916e5090_shot_001_000,lpips,mouth,0.07522441
20,0.882093,59cdb196328a33d4c7b1248b916e5090_shot_001_000,lpips,full,0.05346653
20,0.882093,59cdb196328a33d4c7b1248b916e5090_shot_001_000,sharpness,mouth,5.3362
20,0.882093,59cdb196328a33d4c7b1248b916e5090_shot_001_000,lmd,mouth,3.345567
20,0.882093,59cdb196328a33d4c7b1248b916e5090_shot_001_000,sync_d,mouth,8.187510
20,0.882093,59cdb196328a33d4c7b1248b916e5090_shot_001_000,sync_c,mouth,7.101944
21,0.873231,59cdb196328a33d4c7b1248b916e5090_shot_001_000,pixel_mse,mouth,0.00046945
21,0.873231,59cdb196328a33d4c7b1248b916e5090_shot_001_000,pixel_mse,upper_face,0.00008294
21,0.873231,59cdb196328a33d4c7b1248b916e5090_shot_001_000,pixel_mse,full,0.00024025
21,0.873231,59cdb196328a33d4c7b1248b916e5090_shot_001_000,ssim,mouth,0.94453949
21,0.873231,59cdb196328a33d4c7b1248b916e5090_shot_001_000,ssim,upper_face,0.97053087
21,0.873231,59cdb196328a33d4c7b1248b916e5090_shot_001_000,ssim,full,0.95995247
21,0.873231,59cdb196328a33d4c7b1248b916e5090_shot_001_000,lpips,mouth,0.07493932
21,0.873231,59cdb196328a33d4c7b1248b916e5090_shot_001_000,lpips,full,0.05340797
21,0.873231,59cdb196328a33d4c7b1248b916e5090_shot_001_000,sharpness,mouth,5.3501
21,0.873231,59cdb196328a33d4c7b1248b916e5090_shot_001_000,lmd,mouth,3.410177
21,0.873231,59cdb196328a33d4c7b1248b916e5090_shot_001_000,sync_d,mouth,8.118134
21,0.873231,59cdb196328a33d4c7b1248b916e5090_shot_001_000,sync_c,mouth,7.144555
22,0.863931,59cdb196328a33d4c7b1248b916e5090_shot_001_000,pixel_mse,mouth,0.00047109
22,0.863931,59cdb196328a33d4c7b1248b916e5090_shot_001_000,pixel_mse,upper_face,0.00008072
22,0.863931,59cdb196328a33d4c7b1248b916e5090_shot_001_000,pixel_mse,full,0.00023960
22,0.863931,59cdb196328a33d4c7b1248b916e5090_shot_001_000,ssim,mouth,0.94439018
22,0.863931,59cdb196328a33d4c7b1248b916e5090_shot_001_000,ssim,upper_face,0.97066373
22,0.863931,59cdb196328a33d4c7b1248b916e5090_shot_001_000,ssim,full,0.95997047
22,0.863931,59cdb196328a33d4c7b1248b916e5090_shot_001_000,lpips,mouth,0.07477552
22,0.863931,59cdb196328a33d4c7b1248b916e5090_shot_001_000,lpips,full,0.05317837
22,0.863931,59cdb196328a33d4c7b1248b916e5090_shot_001_000,sharpness,mouth,5.3542
22,0.863931,59cdb196328a33d4c7b1248b916e5090_shot_001_000,lmd,mouth,3.450846
22,0.863931,59cdb196328a33d4c7b1248b916e5090_shot_001_000,sync_d,mouth,8.018023
22,0.863931,59cdb196328a33d4c7b1248b916e5090_shot_001_000,sync_c,mouth,7.206066
23,0.854160,59cdb196328a33d4c7b1248b916e5090_shot_001_000,pixel_mse,mouth,0.00048149
23,0.854160,59cdb196328a33d4c7b1248b916e5090_shot_001_000,pixel_mse,upper_face,0.00008244
23,0.854160,59cdb196328a33d4c7b1248b916e5090_shot_001_000,pixel_mse,full,0.00024485
23,0.854160,59cdb196328a33d4c7b1248b916e5090_shot_001_000,ssim,mouth,0.94398242
23,0.854160,59cdb196328a33d4c7b1248b916e5090_shot_001_000,ssim,upper_face,0.97058237
23,0.854160,59cdb196328a33d4c7b1248b916e5090_shot_001_000,ssim,full,0.95975626
23,0.854160,59cdb196328a33d4c7b1248b916e5090_shot_001_000,lpips,mouth,0.07481245
23,0.854160,59cdb196328a33d4c7b1248b916e5090_shot_001_000,lpips,full,0.05327997
23,0.854160,59cdb196328a33d4c7b1248b916e5090_shot_001_000,sharpness,mouth,5.3401
23,0.854160,59cdb196328a33d4c7b1248b916e5090_shot_001_000,lmd,mouth,3.486331
23,0.854160,59cdb196328a33d4c7b1248b916e5090_shot_001_000,sync_d,mouth,7.992099
23,0.854160,59cdb196328a33d4c7b1248b916e5090_shot_001_000,sync_c,mouth,7.157184
24,0.843882,59cdb196328a33d4c7b1248b916e5090_shot_001_000,pixel_mse,mouth,0.00048282
24,0.843882,59cdb196328a33d4c7b1248b916e5090_shot_001_000,pixel_mse,upper_face,0.00007931
24,0.843882,59cdb196328a33d4c7b1248b916e5090_shot_001_000,pixel_mse,full,0.00024354
24,0.843882,59cdb196328a33d4c7b1248b916e5090_shot_001_000,ssim,mouth,0.94363129
24,0.843882,59cdb196328a33d4c7b1248b916e5090_shot_001_000,ssim,upper_face,0.97077733
24,0.843882,59cdb196328a33d4c7b1248b916e5090_shot_001_000,ssim,full,0.95972902
24,0.843882,59cdb196328a33d4c7b1248b916e5090_shot_001_000,lpips,mouth,0.07430596
24,0.843882,59cdb196328a33d4c7b1248b916e5090_shot_001_000,lpips,full,0.05275270
24,0.843882,59cdb196328a33d4c7b1248b916e5090_shot_001_000,sharpness,mouth,5.3503
24,0.843882,59cdb196328a33d4c7b1248b916e5090_shot_001_000,lmd,mouth,3.534211
24,0.843882,59cdb196328a33d4c7b1248b916e5090_shot_001_000,sync_d,mouth,7.994481
24,0.843882,59cdb196328a33d4c7b1248b916e5090_shot_001_000,sync_c,mouth,7.147227
25,0.833055,59cdb196328a33d4c7b1248b916e5090_shot_001_000,pixel_mse,mouth,0.00049036
25,0.833055,59cdb196328a33d4c7b1248b916e5090_shot_001_000,pixel_mse,upper_face,0.00007857
25,0.833055,59cdb196328a33d4c7b1248b916e5090_shot_001_000,pixel_mse,full,0.00024617
25,0.833055,59cdb196328a33d4c7b1248b916e5090_shot_001_000,ssim,mouth,0.94327468
25,0.833055,59cdb196328a33d4c7b1248b916e5090_shot_001_000,ssim,upper_face,0.97101396
25,0.833055,59cdb196328a33d4c7b1248b916e5090_shot_001_000,ssim,full,0.95972413
25,0.833055,59cdb196328a33d4c7b1248b916e5090_shot_001_000,lpips,mouth,0.07437634
25,0.833055,59cdb196328a33d4c7b1248b916e5090_shot_001_000,lpips,full,0.05278841
25,0.833055,59cdb196328a33d4c7b1248b916e5090_shot_001_000,sharpness,mouth,5.3547
25,0.833055,59cdb196328a33d4c7b1248b916e5090_shot_001_000,lmd,mouth,3.422083
25,0.833055,59cdb196328a33d4c7b1248b916e5090_shot_001_000,sync_d,mouth,7.942053
25,0.833055,59cdb196328a33d4c7b1248b916e5090_shot_001_000,sync_c,mouth,7.173278
26,0.821636,59cdb196328a33d4c7b1248b916e5090_shot_001_000,pixel_mse,mouth,0.00049877
26,0.821636,59cdb196328a33d4c7b1248b916e5090_shot_001_000,pixel_mse,upper_face,0.00007720
26,0.821636,59cdb196328a33d4c7b1248b916e5090_shot_001_000,pixel_mse,full,0.00024878
26,0.821636,59cdb196328a33d4c7b1248b916e5090_shot_001_000,ssim,mouth,0.94293922
26,0.821636,59cdb196328a33d4c7b1248b916e5090_shot_001_000,ssim,upper_face,0.97091240
26,0.821636,59cdb196328a33d4c7b1248b916e5090_shot_001_000,ssim,full,0.95952731
26,0.821636,59cdb196328a33d4c7b1248b916e5090_shot_001_000,lpips,mouth,0.07387406
26,0.821636,59cdb196328a33d4c7b1248b916e5090_shot_001_000,lpips,full,0.05249549
26,0.821636,59cdb196328a33d4c7b1248b916e5090_shot_001_000,sharpness,mouth,5.3224
26,0.821636,59cdb196328a33d4c7b1248b916e5090_shot_001_000,lmd,mouth,3.508009
26,0.821636,59cdb196328a33d4c7b1248b916e5090_shot_001_000,sync_d,mouth,7.946986
26,0.821636,59cdb196328a33d4c7b1248b916e5090_shot_001_000,sync_c,mouth,7.195068
27,0.809574,59cdb196328a33d4c7b1248b916e5090_shot_001_000,pixel_mse,mouth,0.00050893
27,0.809574,59cdb196328a33d4c7b1248b916e5090_shot_001_000,pixel_mse,upper_face,0.00007765
27,0.809574,59cdb196328a33d4c7b1248b916e5090_shot_001_000,pixel_mse,full,0.00025318
27,0.809574,59cdb196328a33d4c7b1248b916e5090_shot_001_000,ssim,mouth,0.94248039
27,0.809574,59cdb196328a33d4c7b1248b916e5090_shot_001_000,ssim,upper_face,0.97107244
27,0.809574,59cdb196328a33d4c7b1248b916e5090_shot_001_000,ssim,full,0.95943552
27,0.809574,59cdb196328a33d4c7b1248b916e5090_shot_001_000,lpips,mouth,0.07450496
27,0.809574,59cdb196328a33d4c7b1248b916e5090_shot_001_000,lpips,full,0.05272054
27,0.809574,59cdb196328a33d4c7b1248b916e5090_shot_001_000,sharpness,mouth,5.3391
27,0.809574,59cdb196328a33d4c7b1248b916e5090_shot_001_000,lmd,mouth,3.456494
27,0.809574,59cdb196328a33d4c7b1248b916e5090_shot_001_000,sync_d,mouth,7.983731
27,0.809574,59cdb196328a33d4c7b1248b916e5090_shot_001_000,sync_c,mouth,7.160266
28,0.796812,59cdb196328a33d4c7b1248b916e5090_shot_001_000,pixel_mse,mouth,0.00051411
28,0.796812,59cdb196328a33d4c7b1248b916e5090_shot_001_000,pixel_mse,upper_face,0.00007541
28,0.796812,59cdb196328a33d4c7b1248b916e5090_shot_001_000,pixel_mse,full,0.00025396
28,0.796812,59cdb196328a33d4c7b1248b916e5090_shot_001_000,ssim,mouth,0.94214869
28,0.796812,59cdb196328a33d4c7b1248b916e5090_shot_001_000,ssim,upper_face,0.97123682
28,0.796812,59cdb196328a33d4c7b1248b916e5090_shot_001_000,ssim,full,0.95939797
28,0.796812,59cdb196328a33d4c7b1248b916e5090_shot_001_000,lpips,mouth,0.07440320
28,0.796812,59cdb196328a33d4c7b1248b916e5090_shot_001_000,lpips,full,0.05265626
28,0.796812,59cdb196328a33d4c7b1248b916e5090_shot_001_000,sharpness,mouth,5.3501
28,0.796812,59cdb196328a33d4c7b1248b916e5090_shot_001_000,lmd,mouth,3.438365
28,0.796812,59cdb196328a33d4c7b1248b916e5090_shot_001_000,sync_d,mouth,8.069849
28,0.796812,59cdb196328a33d4c7b1248b916e5090_shot_001_000,sync_c,mouth,7.025880
29,0.783290,59cdb196328a33d4c7b1248b916e5090_shot_001_000,pixel_mse,mouth,0.00052236
29,0.783290,59cdb196328a33d4c7b1248b916e5090_shot_001_000,pixel_mse,upper_face,0.00007399
29,0.783290,59cdb196328a33d4c7b1248b916e5090_shot_001_000,pixel_mse,full,0.00025647
29,0.783290,59cdb196328a33d4c7b1248b916e5090_shot_001_000,ssim,mouth,0.94178659
29,0.783290,59cdb196328a33d4c7b1248b916e5090_shot_001_000,ssim,upper_face,0.97129136
29,0.783290,59cdb196328a33d4c7b1248b916e5090_shot_001_000,ssim,full,0.95928293
29,0.783290,59cdb196328a33d4c7b1248b916e5090_shot_001_000,lpips,mouth,0.07445899
29,0.783290,59cdb196328a33d4c7b1248b916e5090_shot_001_000,lpips,full,0.05269649
29,0.783290,59cdb196328a33d4c7b1248b916e5090_shot_001_000,sharpness,mouth,5.3313
29,0.783290,59cdb196328a33d4c7b1248b916e5090_shot_001_000,lmd,mouth,3.552148
29,0.783290,59cdb196328a33d4c7b1248b916e5090_shot_001_000,sync_d,mouth,7.916173
29,0.783290,59cdb196328a33d4c7b1248b916e5090_shot_001_000,sync_c,mouth,7.089680
30,0.768935,59cdb196328a33d4c7b1248b916e5090_shot_001_000,pixel_mse,mouth,0.00053007
30,0.768935,59cdb196328a33d4c7b1248b916e5090_shot_001_000,pixel_mse,upper_face,0.00007282
30,0.768935,59cdb196328a33d4c7b1248b916e5090_shot_001_000,pixel_mse,full,0.00025892
30,0.768935,59cdb196328a33d4c7b1248b916e5090_shot_001_000,ssim,mouth,0.94148058
30,0.768935,59cdb196328a33d4c7b1248b916e5090_shot_001_000,ssim,upper_face,0.97137505
30,0.768935,59cdb196328a33d4c7b1248b916e5090_shot_001_000,ssim,full,0.95920807
30,0.768935,59cdb196328a33d4c7b1248b916e5090_shot_001_000,lpips,mouth,0.07491770
30,0.768935,59cdb196328a33d4c7b1248b916e5090_shot_001_000,lpips,full,0.05282812
30,0.768935,59cdb196328a33d4c7b1248b916e5090_shot_001_000,sharpness,mouth,5.3542
30,0.768935,59cdb196328a33d4c7b1248b916e5090_shot_001_000,lmd,mouth,3.494369
30,0.768935,59cdb196328a33d4c7b1248b916e5090_shot_001_000,sync_d,mouth,7.904913
30,0.768935,59cdb196328a33d4c7b1248b916e5090_shot_001_000,sync_c,mouth,7.202405
31,0.753669,59cdb196328a33d4c7b1248b916e5090_shot_001_000,pixel_mse,mouth,0.00054042
31,0.753669,59cdb196328a33d4c7b1248b916e5090_shot_001_000,pixel_mse,upper_face,0.00007355
31,0.753669,59cdb196328a33d4c7b1248b916e5090_shot_001_000,pixel_mse,full,0.00026356
31,0.753669,59cdb196328a33d4c7b1248b916e5090_shot_001_000,ssim,mouth,0.94103092
31,0.753669,59cdb196328a33d4c7b1248b916e5090_shot_001_000,ssim,upper_face,0.97146618
31,0.753669,59cdb196328a33d4c7b1248b916e5090_shot_001_000,ssim,full,0.95907903
31,0.753669,59cdb196328a33d4c7b1248b916e5090_shot_001_000,lpips,mouth,0.07515807
31,0.753669,59cdb196328a33d4c7b1248b916e5090_shot_001_000,lpips,full,0.05294966
31,0.753669,59cdb196328a33d4c7b1248b916e5090_shot_001_000,sharpness,mouth,5.3591
31,0.753669,59cdb196328a33d4c7b1248b916e5090_shot_001_000,lmd,mouth,3.580890
31,0.753669,59cdb196328a33d4c7b1248b916e5090_shot_001_000,sync_d,mouth,7.819614
31,0.753669,59cdb196328a33d4c7b1248b916e5090_shot_001_000,sync_c,mouth,7.254907
32,0.737402,59cdb196328a33d4c7b1248b916e5090_shot_001_000,pixel_mse,mouth,0.00055086
32,0.737402,59cdb196328a33d4c7b1248b916e5090_shot_001_000,pixel_mse,upper_face,0.00007168
32,0.737402,59cdb196328a33d4c7b1248b916e5090_shot_001_000,pixel_mse,full,0.00026670
32,0.737402,59cdb196328a33d4c7b1248b916e5090_shot_001_000,ssim,mouth,0.94054580
32,0.737402,59cdb196328a33d4c7b1248b916e5090_shot_001_000,ssim,upper_face,0.97146493
32,0.737402,59cdb196328a33d4c7b1248b916e5090_shot_001_000,ssim,full,0.95888084
32,0.737402,59cdb196328a33d4c7b1248b916e5090_shot_001_000,lpips,mouth,0.07545143
32,0.737402,59cdb196328a33d4c7b1248b916e5090_shot_001_000,lpips,full,0.05294874
32,0.737402,59cdb196328a33d4c7b1248b916e5090_shot_001_000,sharpness,mouth,5.3121
32,0.737402,59cdb196328a33d4c7b1248b916e5090_shot_001_000,lmd,mouth,3.542419
32,0.737402,59cdb196328a33d4c7b1248b916e5090_shot_001_000,sync_d,mouth,7.858516
32,0.737402,59cdb196328a33d4c7b1248b916e5090_shot_001_000,sync_c,mouth,7.179812
33,0.720034,59cdb196328a33d4c7b1248b916e5090_shot_001_000,pixel_mse,mouth,0.00055923
33,0.720034,59cdb196328a33d4c7b1248b916e5090_shot_001_000,pixel_mse,upper_face,0.00007060
33,0.720034,59cdb196328a33d4c7b1248b916e5090_shot_001_000,pixel_mse,full,0.00026947
33,0.720034,59cdb196328a33d4c7b1248b916e5090_shot_001_000,ssim,mouth,0.94002861
33,0.720034,59cdb196328a33d4c7b1248b916e5090_shot_001_000,ssim,upper_face,0.97161573
33,0.720034,59cdb196328a33d4c7b1248b916e5090_shot_001_000,ssim,full,0.95875984
33,0.720034,59cdb196328a33d4c7b1248b916e5090_shot_001_000,lpips,mouth,0.07564759
33,0.720034,59cdb196328a33d4c7b1248b916e5090_shot_001_000,lpips,full,0.05299494
33,0.720034,59cdb196328a33d4c7b1248b916e5090_shot_001_000,sharpness,mouth,5.3545
33,0.720034,59cdb196328a33d4c7b1248b916e5090_shot_001_000,lmd,mouth,3.667368
33,0.720034,59cdb196328a33d4c7b1248b916e5090_shot_001_000,sync_d,mouth,7.715161
33,0.720034,59cdb196328a33d4c7b1248b916e5090_shot_001_000,sync_c,mouth,7.303574
34,0.701446,59cdb196328a33d4c7b1248b916e5090_shot_001_000,pixel_mse,mouth,0.00057427
34,0.701446,59cdb196328a33d4c7b1248b916e5090_shot_001_000,pixel_mse,upper_face,0.00007158
34,0.701446,59cdb196328a33d4c7b1248b916e5090_shot_001_000,pixel_mse,full,0.00027617
34,0.701446,59cdb196328a33d4c7b1248b916e5090_shot_001_000,ssim,mouth,0.93939197
34,0.701446,59cdb196328a33d4c7b1248b916e5090_shot_001_000,ssim,upper_face,0.97150975
34,0.701446,59cdb196328a33d4c7b1248b916e5090_shot_001_000,ssim,full,0.95843798
34,0.701446,59cdb196328a33d4c7b1248b916e5090_shot_001_000,lpips,mouth,0.07582051
34,0.701446,59cdb196328a33d4c7b1248b916e5090_shot_001_000,lpips,full,0.05323302
34,0.701446,59cdb196328a33d4c7b1248b916e5090_shot_001_000,sharpness,mouth,5.3539
34,0.701446,59cdb196328a33d4c7b1248b916e5090_shot_001_000,lmd,mouth,3.728463
34,0.701446,59cdb196328a33d4c7b1248b916e5090_shot_001_000,sync_d,mouth,7.773091
34,0.701446,59cdb196328a33d4c7b1248b916e5090_shot_001_000,sync_c,mouth,7.225458
35,0.681508,59cdb196328a33d4c7b1248b916e5090_shot_001_000,pixel_mse,mouth,0.00058533
35,0.681508,59cdb196328a33d4c7b1248b916e5090_shot_001_000,pixel_mse,upper_face,0.00006960
35,0.681508,59cdb196328a33d4c7b1248b916e5090_shot_001_000,pixel_mse,full,0.00027950
35,0.681508,59cdb196328a33d4c7b1248b916e5090_shot_001_000,ssim,mouth,0.93886435
35,0.681508,59cdb196328a33d4c7b1248b916e5090_shot_001_000,ssim,upper_face,0.97166377
35,0.681508,59cdb196328a33d4c7b1248b916e5090_shot_001_000,ssim,full,0.95831442
35,0.681508,59cdb196328a33d4c7b1248b916e5090_shot_001_000,lpips,mouth,0.07644001
35,0.681508,59cdb196328a33d4c7b1248b916e5090_shot_001_000,lpips,full,0.05328806
35,0.681508,59cdb196328a33d4c7b1248b916e5090_shot_001_000,sharpness,mouth,5.3358
35,0.681508,59cdb196328a33d4c7b1248b916e5090_shot_001_000,lmd,mouth,3.693380
35,0.681508,59cdb196328a33d4c7b1248b916e5090_shot_001_000,sync_d,mouth,7.728102
35,0.681508,59cdb196328a33d4c7b1248b916e5090_shot_001_000,sync_c,mouth,7.327189
36,0.660066,59cdb196328a33d4c7b1248b916e5090_shot_001_000,pixel_mse,mouth,0.00059728
36,0.660066,59cdb196328a33d4c7b1248b916e5090_shot_001_000,pixel_mse,upper_face,0.00007037
36,0.660066,59cdb196328a33d4c7b1248b916e5090_shot_001_000,pixel_mse,full,0.00028482
36,0.660066,59cdb196328a33d4c7b1248b916e5090_shot_001_000,ssim,mouth,0.93834913
36,0.660066,59cdb196328a33d4c7b1248b916e5090_shot_001_000,ssim,upper_face,0.97167170
36,0.660066,59cdb196328a33d4c7b1248b916e5090_shot_001_000,ssim,full,0.95810956
36,0.660066,59cdb196328a33d4c7b1248b916e5090_shot_001_000,lpips,mouth,0.07657305
36,0.660066,59cdb196328a33d4c7b1248b916e5090_shot_001_000,lpips,full,0.05352546
36,0.660066,59cdb196328a33d4c7b1248b916e5090_shot_001_000,sharpness,mouth,5.3490
36,0.660066,59cdb196328a33d4c7b1248b916e5090_shot_001_000,lmd,mouth,3.709345
36,0.660066,59cdb196328a33d4c7b1248b916e5090_shot_001_000,sync_d,mouth,7.722075
36,0.660066,59cdb196328a33d4c7b1248b916e5090_shot_001_000,sync_c,mouth,7.317419
37,0.636942,59cdb196328a33d4c7b1248b916e5090_shot_001_000,pixel_mse,mouth,0.00060884
37,0.636942,59cdb196328a33d4c7b1248b916e5090_shot_001_000,pixel_mse,upper_face,0.00006880
37,0.636942,59cdb196328a33d4c7b1248b916e5090_shot_001_000,pixel_mse,full,0.00028859
37,0.636942,59cdb196328a33d4c7b1248b916e5090_shot_001_000,ssim,mouth,0.93767762
37,0.636942,59cdb196328a33d4c7b1248b916e5090_shot_001_000,ssim,upper_face,0.97159725
37,0.636942,59cdb196328a33d4c7b1248b916e5090_shot_001_000,ssim,full,0.95779192
37,0.636942,59cdb196328a33d4c7b1248b916e5090_shot_001_000,lpips,mouth,0.07704820
37,0.636942,59cdb196328a33d4c7b1248b916e5090_shot_001_000,lpips,full,0.05372323
37,0.636942,59cdb196328a33d4c7b1248b916e5090_shot_001_000,sharpness,mouth,5.3529
37,0.636942,59cdb196328a33d4c7b1248b916e5090_shot_001_000,lmd,mouth,3.722690
37,0.636942,59cdb196328a33d4c7b1248b916e5090_shot_001_000,sync_d,mouth,7.600864
37,0.636942,59cdb196328a33d4c7b1248b916e5090_shot_001_000,sync_c,mouth,7.429176
38,0.611932,59cdb196328a33d4c7b1248b916e5090_shot_001_000,pixel_mse,mouth,0.00062261
38,0.611932,59cdb196328a33d4c7b1248b916e5090_shot_001_000,pixel_mse,upper_face,0.00006832
38,0.611932,59cdb196328a33d4c7b1248b916e5090_shot_001_000,pixel_mse,full,0.00029392
38,0.611932,59cdb196328a33d4c7b1248b916e5090_shot_001_000,ssim,mouth,0.93695956
38,0.611932,59cdb196328a33d4c7b1248b916e5090_shot_001_000,ssim,upper_face,0.97175664
38,0.611932,59cdb196328a33d4c7b1248b916e5090_shot_001_000,ssim,full,0.95759422
38,0.611932,59cdb196328a33d4c7b1248b916e5090_shot_001_000,lpips,mouth,0.07746380
38,0.611932,59cdb196328a33d4c7b1248b916e5090_shot_001_000,lpips,full,0.05381638
38,0.611932,59cdb196328a33d4c7b1248b916e5090_shot_001_000,sharpness,mouth,5.3629
38,0.611932,59cdb196328a33d4c7b1248b916e5090_shot_001_000,lmd,mouth,3.782421
38,0.611932,59cdb196328a33d4c7b1248b916e5090_shot_001_000,sync_d,mouth,7.546309
38,0.611932,59cdb196328a33d4c7b1248b916e5090_shot_001_000,sync_c,mouth,7.451185
39,0.584795,59cdb196328a33d4c7b1248b916e5090_shot_001_000,pixel_mse,mouth,0.00063814
39,0.584795,59cdb196328a33d4c7b1248b916e5090_shot_001_000,pixel_mse,upper_face,0.00006781
39,0.584795,59cdb196328a33d4c7b1248b916e5090_shot_001_000,pixel_mse,full,0.00029993
39,0.584795,59cdb196328a33d4c7b1248b916e5090_shot_001_000,ssim,mouth,0.93625605
39,0.584795,59cdb196328a33d4c7b1248b916e5090_shot_001_000,ssim,upper_face,0.97178018
39,0.584795,59cdb196328a33d4c7b1248b916e5090_shot_001_000,ssim,full,0.95732200
39,0.584795,59cdb196328a33d4c7b1248b916e5090_shot_001_000,lpips,mouth,0.07805327
39,0.584795,59cdb196328a33d4c7b1248b916e5090_shot_001_000,lpips,full,0.05428367
39,0.584795,59cdb196328a33d4c7b1248b916e5090_shot_001_000,sharpness,mouth,5.3446
39,0.584795,59cdb196328a33d4c7b1248b916e5090_shot_001_000,lmd,mouth,3.832909
39,0.584795,59cdb196328a33d4c7b1248b916e5090_shot_001_000,sync_d,mouth,7.496368
39,0.584795,59cdb196328a33d4c7b1248b916e5090_shot_001_000,sync_c,mouth,7.598066
40,0.555247,59cdb196328a33d4c7b1248b916e5090_shot_001_000,pixel_mse,mouth,0.00065552
40,0.555247,59cdb196328a33d4c7b1248b916e5090_shot_001_000,pixel_mse,upper_face,0.00006678
40,0.555247,59cdb196328a33d4c7b1248b916e5090_shot_001_000,pixel_mse,full,0.00030640
40,0.555247,59cdb196328a33d4c7b1248b916e5090_shot_001_000,ssim,mouth,0.93545341
40,0.555247,59cdb196328a33d4c7b1248b916e5090_shot_001_000,ssim,upper_face,0.97179675
40,0.555247,59cdb196328a33d4c7b1248b916e5090_shot_001_000,ssim,full,0.95700508
40,0.555247,59cdb196328a33d4c7b1248b916e5090_shot_001_000,lpips,mouth,0.07862298
40,0.555247,59cdb196328a33d4c7b1248b916e5090_shot_001_000,lpips,full,0.05439570
40,0.555247,59cdb196328a33d4c7b1248b916e5090_shot_001_000,sharpness,mouth,5.3729
40,0.555247,59cdb196328a33d4c7b1248b916e5090_shot_001_000,lmd,mouth,3.811923
40,0.555247,59cdb196328a33d4c7b1248b916e5090_shot_001_000,sync_d,mouth,7.478413
40,0.555247,59cdb196328a33d4c7b1248b916e5090_shot_001_000,sync_c,mouth,7.536227
41,0.522951,59cdb196328a33d4c7b1248b916e5090_shot_001_000,pixel_mse,mouth,0.00067765
41,0.522951,59cdb196328a33d4c7b1248b916e5090_shot_001_000,pixel_mse,upper_face,0.00006695
41,0.522951,59cdb196328a33d4c7b1248b916e5090_shot_001_000,pixel_mse,full,0.00031550
41,0.522951,59cdb196328a33d4c7b1248b916e5090_shot_001_000,ssim,mouth,0.93456757
41,0.522951,59cdb196328a33d4c7b1248b916e5090_shot_001_000,ssim,upper_face,0.97176796
41,0.522951,59cdb196328a33d4c7b1248b916e5090_shot_001_000,ssim,full,0.95662743
41,0.522951,59cdb196328a33d4c7b1248b916e5090_shot_001_000,lpips,mouth,0.07908307
41,0.522951,59cdb196328a33d4c7b1248b916e5090_shot_001_000,lpips,full,0.05462210
41,0.522951,59cdb196328a33d4c7b1248b916e5090_shot_001_000,sharpness,mouth,5.3556
41,0.522951,59cdb196328a33d4c7b1248b916e5090_shot_001_000,lmd,mouth,3.876708
41,0.522951,59cdb196328a33d4c7b1248b916e5090_shot_001_000,sync_d,mouth,7.342927
41,0.522951,59cdb196328a33d4c7b1248b916e5090_shot_001_000,sync_c,mouth,7.657382
42,0.487507,59cdb196328a33d4c7b1248b916e5090_shot_001_000,pixel_mse,mouth,0.00069839
42,0.487507,59cdb196328a33d4c7b1248b916e5090_shot_001_000,pixel_mse,upper_face,0.00006629
42,0.487507,59cdb196328a33d4c7b1248b916e5090_shot_001_000,pixel_mse,full,0.00032356
42,0.487507,59cdb196328a33d4c7b1248b916e5090_shot_001_000,ssim,mouth,0.93367493
42,0.487507,59cdb196328a33d4c7b1248b916e5090_shot_001_000,ssim,upper_face,0.97163635
42,0.487507,59cdb196328a33d4c7b1248b916e5090_shot_001_000,ssim,full,0.95618618
42,0.487507,59cdb196328a33d4c7b1248b916e5090_shot_001_000,lpips,mouth,0.07991645
42,0.487507,59cdb196328a33d4c7b1248b916e5090_shot_001_000,lpips,full,0.05517403
42,0.487507,59cdb196328a33d4c7b1248b916e5090_shot_001_000,sharpness,mouth,5.3513
42,0.487507,59cdb196328a33d4c7b1248b916e5090_shot_001_000,lmd,mouth,3.849496
42,0.487507,59cdb196328a33d4c7b1248b916e5090_shot_001_000,sync_d,mouth,7.213130
42,0.487507,59cdb196328a33d4c7b1248b916e5090_shot_001_000,sync_c,mouth,7.788761
43,0.448430,59cdb196328a33d4c7b1248b916e5090_shot_001_000,pixel_mse,mouth,0.00072793
43,0.448430,59cdb196328a33d4c7b1248b916e5090_shot_001_000,pixel_mse,upper_face,0.00006652
43,0.448430,59cdb196328a33d4c7b1248b916e5090_shot_001_000,pixel_mse,full,0.00033571
43,0.448430,59cdb196328a33d4c7b1248b916e5090_shot_001_000,ssim,mouth,0.93257642
43,0.448430,59cdb196328a33d4c7b1248b916e5090_shot_001_000,ssim,upper_face,0.97168928
43,0.448430,59cdb196328a33d4c7b1248b916e5090_shot_001_000,ssim,full,0.95577049
43,0.448430,59cdb196328a33d4c7b1248b916e5090_shot_001_000,lpips,mouth,0.08051266
43,0.448430,59cdb196328a33d4c7b1248b916e5090_shot_001_000,lpips,full,0.05550163
43,0.448430,59cdb196328a33d4c7b1248b916e5090_shot_001_000,sharpness,mouth,5.3514
43,0.448430,59cdb196328a33d4c7b1248b916e5090_shot_001_000,lmd,mouth,3.948411
43,0.448430,59cdb196328a33d4c7b1248b916e5090_shot_001_000,sync_d,mouth,7.312681
43,0.448430,59cdb196328a33d4c7b1248b916e5090_shot_001_000,sync_c,mouth,7.559348
44,0.405131,59cdb196328a33d4c7b1248b916e5090_shot_001_000,pixel_mse,mouth,0.00076624
44,0.405131,59cdb196328a33d4c7b1248b916e5090_shot_001_000,pixel_mse,upper_face,0.00006791
44,0.405131,59cdb196328a33d4c7b1248b916e5090_shot_001_000,pixel_mse,full,0.00035213
44,0.405131,59cdb196328a33d4c7b1248b916e5090_shot_001_000,ssim,mouth,0.93131804
44,0.405131,59cdb196328a33d4c7b1248b916e5090_shot_001_000,ssim,upper_face,0.97157049
44,0.405131,59cdb196328a33d4c7b1248b916e5090_shot_001_000,ssim,full,0.95518786
44,0.405131,59cdb196328a33d4c7b1248b916e5090_shot_001_000,lpips,mouth,0.08188305
44,0.405131,59cdb196328a33d4c7b1248b916e5090_shot_001_000,lpips,full,0.05622515
44,0.405131,59cdb196328a33d4c7b1248b916e5090_shot_001_000,sharpness,mouth,5.3564
44,0.405131,59cdb196328a33d4c7b1248b916e5090_shot_001_000,lmd,mouth,4.179373
44,0.405131,59cdb196328a33d4c7b1248b916e5090_shot_001_000,sync_d,mouth,7.172968
44,0.405131,59cdb196328a33d4c7b1248b916e5090_shot_001_000,sync_c,mouth,7.723022
45,0.356888,59cdb196328a33d4c7b1248b916e5090_shot_001_000,pixel_mse,mouth,0.00081237
45,0.356888,59cdb196328a33d4c7b1248b916e5090_shot_001_000,pixel_mse,upper_face,0.00006865
45,0.356888,59cdb196328a33d4c7b1248b916e5090_shot_001_000,pixel_mse,full,0.00037134
45,0.356888,59cdb196328a33d4c7b1248b916e5090_shot_001_000,ssim,mouth,0.92984563
45,0.356888,59cdb196328a33d4c7b1248b916e5090_shot_001_000,ssim,upper_face,0.97134411
45,0.356888,59cdb196328a33d4c7b1248b916e5090_shot_001_000,ssim,full,0.95445430
45,0.356888,59cdb196328a33d4c7b1248b916e5090_shot_001_000,lpips,mouth,0.08302180
45,0.356888,59cdb196328a33d4c7b1248b916e5090_shot_001_000,lpips,full,0.05689495
45,0.356888,59cdb196328a33d4c7b1248b916e5090_shot_001_000,sharpness,mouth,5.3459
45,0.356888,59cdb196328a33d4c7b1248b916e5090_shot_001_000,lmd,mouth,4.253196
45,0.356888,59cdb196328a33d4c7b1248b916e5090_shot_001_000,sync_d,mouth,7.188324
45,0.356888,59cdb196328a33d4c7b1248b916e5090_shot_001_000,sync_c,mouth,7.744504
46,0.302801,59cdb196328a33d4c7b1248b916e5090_shot_001_000,pixel_mse,mouth,0.00085559
46,0.302801,59cdb196328a33d4c7b1248b916e5090_shot_001_000,pixel_mse,upper_face,0.00007132
46,0.302801,59cdb196328a33d4c7b1248b916e5090_shot_001_000,pixel_mse,full,0.00039052
46,0.302801,59cdb196328a33d4c7b1248b916e5090_shot_001_000,ssim,mouth,0.92837459
46,0.302801,59cdb196328a33d4c7b1248b916e5090_shot_001_000,ssim,upper_face,0.97104156
46,0.302801,59cdb196328a33d4c7b1248b916e5090_shot_001_000,ssim,full,0.95367622
46,0.302801,59cdb196328a33d4c7b1248b916e5090_shot_001_000,lpips,mouth,0.08406359
46,0.302801,59cdb196328a33d4c7b1248b916e5090_shot_001_000,lpips,full,0.05765638
46,0.302801,59cdb196328a33d4c7b1248b916e5090_shot_001_000,sharpness,mouth,5.3297
46,0.302801,59cdb196328a33d4c7b1248b916e5090_shot_001_000,lmd,mouth,4.444811
46,0.302801,59cdb196328a33d4c7b1248b916e5090_shot_001_000,sync_d,mouth,7.269978
46,0.302801,59cdb196328a33d4c7b1248b916e5090_shot_001_000,sync_c,mouth,7.596896
47,0.241740,59cdb196328a33d4c7b1248b916e5090_shot_001_000,pixel_mse,mouth,0.00090205
47,0.241740,59cdb196328a33d4c7b1248b916e5090_shot_001_000,pixel_mse,upper_face,0.00007540
47,0.241740,59cdb196328a33d4c7b1248b916e5090_shot_001_000,pixel_mse,full,0.00041184
47,0.241740,59cdb196328a33d4c7b1248b916e5090_shot_001_000,ssim,mouth,0.92687148
47,0.241740,59cdb196328a33d4c7b1248b916e5090_shot_001_000,ssim,upper_face,0.97072923
47,0.241740,59cdb196328a33d4c7b1248b916e5090_shot_001_000,ssim,full,0.95287925
47,0.241740,59cdb196328a33d4c7b1248b916e5090_shot_001_000,lpips,mouth,0.08595081
47,0.241740,59cdb196328a33d4c7b1248b916e5090_shot_001_000,lpips,full,0.05875086
47,0.241740,59cdb196328a33d4c7b1248b916e5090_shot_001_000,sharpness,mouth,5.2818
47,0.241740,59cdb196328a33d4c7b1248b916e5090_shot_001_000,lmd,mouth,4.540555
47,0.241740,59cdb196328a33d4c7b1248b916e5090_shot_001_000,sync_d,mouth,7.316362
47,0.241740,59cdb196328a33d4c7b1248b916e5090_shot_001_000,sync_c,mouth,7.515802
48,0.172265,59cdb196328a33d4c7b1248b916e5090_shot_001_000,pixel_mse,mouth,0.00094702
48,0.172265,59cdb196328a33d4c7b1248b916e5090_shot_001_000,pixel_mse,upper_face,0.00008204
48,0.172265,59cdb196328a33d4c7b1248b916e5090_shot_001_000,pixel_mse,full,0.00043408
48,0.172265,59cdb196328a33d4c7b1248b916e5090_shot_001_000,ssim,mouth,0.92539102
48,0.172265,59cdb196328a33d4c7b1248b916e5090_shot_001_000,ssim,upper_face,0.97000021
48,0.172265,59cdb196328a33d4c7b1248b916e5090_shot_001_000,ssim,full,0.95184427
48,0.172265,59cdb196328a33d4c7b1248b916e5090_shot_001_000,lpips,mouth,0.08771010
48,0.172265,59cdb196328a33d4c7b1248b916e5090_shot_001_000,lpips,full,0.06009398
48,0.172265,59cdb196328a33d4c7b1248b916e5090_shot_001_000,sharpness,mouth,5.2923
48,0.172265,59cdb196328a33d4c7b1248b916e5090_shot_001_000,lmd,mouth,4.659445
48,0.172265,59cdb196328a33d4c7b1248b916e5090_shot_001_000,sync_d,mouth,7.416317
48,0.172265,59cdb196328a33d4c7b1248b916e5090_shot_001_000,sync_c,mouth,7.379048
49,0.092507,59cdb196328a33d4c7b1248b916e5090_shot_001_000,pixel_mse,mouth,0.00098954
49,0.092507,59cdb196328a33d4c7b1248b916e5090_shot_001_000,pixel_mse,upper_face,0.00009453
49,0.092507,59cdb196328a33d4c7b1248b916e5090_shot_001_000,pixel_mse,full,0.00045880
49,0.092507,59cdb196328a33d4c7b1248b916e5090_shot_001_000,ssim,mouth,0.92395031
49,0.092507,59cdb196328a33d4c7b1248b916e5090_shot_001_000,ssim,upper_face,0.96825427
49,0.092507,59cdb196328a33d4c7b1248b916e5090_shot_001_000,ssim,full,0.95022273
49,0.092507,59cdb196328a33d4c7b1248b916e5090_shot_001_000,lpips,mouth,0.09032130
49,0.092507,59cdb196328a33d4c7b1248b916e5090_shot_001_000,lpips,full,0.06238406
49,0.092507,59cdb196328a33d4c7b1248b916e5090_shot_001_000,sharpness,mouth,5.2624
49,0.092507,59cdb196328a33d4c7b1248b916e5090_shot_001_000,lmd,mouth,4.914904
49,0.092507,59cdb196328a33d4c7b1248b916e5090_shot_001_000,sync_d,mouth,7.440295
49,0.092507,59cdb196328a33d4c7b1248b916e5090_shot_001_000,sync_c,mouth,7.349574
-1,gt,a6927ea4c0223aa08b320e86987e4c89_shot_001_001,sharpness,mouth,10.2431
-1,gt,a6927ea4c0223aa08b320e86987e4c89_shot_001_001,sync_d,mouth,8.000403
-1,gt,a6927ea4c0223aa08b320e86987e4c89_shot_001_001,sync_c,mouth,6.118334
0,0.999000,a6927ea4c0223aa08b320e86987e4c89_shot_001_001,pixel_mse,mouth,0.00104336
0,0.999000,a6927ea4c0223aa08b320e86987e4c89_shot_001_001,pixel_mse,upper_face,0.00016260
0,0.999000,a6927ea4c0223aa08b320e86987e4c89_shot_001_001,pixel_mse,full,0.00052107
0,0.999000,a6927ea4c0223aa08b320e86987e4c89_shot_001_001,ssim,mouth,0.93082005
0,0.999000,a6927ea4c0223aa08b320e86987e4c89_shot_001_001,ssim,upper_face,0.96428198
0,0.999000,a6927ea4c0223aa08b320e86987e4c89_shot_001_001,ssim,full,0.95066309
0,0.999000,a6927ea4c0223aa08b320e86987e4c89_shot_001_001,lpips,mouth,0.07695180
0,0.999000,a6927ea4c0223aa08b320e86987e4c89_shot_001_001,lpips,full,0.05329661
0,0.999000,a6927ea4c0223aa08b320e86987e4c89_shot_001_001,sharpness,mouth,10.8660
0,0.999000,a6927ea4c0223aa08b320e86987e4c89_shot_001_001,lmd,mouth,2.717499
0,0.999000,a6927ea4c0223aa08b320e86987e4c89_shot_001_001,sync_d,mouth,7.324797
0,0.999000,a6927ea4c0223aa08b320e86987e4c89_shot_001_001,sync_c,mouth,6.996184
1,0.995732,a6927ea4c0223aa08b320e86987e4c89_shot_001_001,pixel_mse,mouth,0.00101653
1,0.995732,a6927ea4c0223aa08b320e86987e4c89_shot_001_001,pixel_mse,upper_face,0.00015501
1,0.995732,a6927ea4c0223aa08b320e86987e4c89_shot_001_001,pixel_mse,full,0.00050564
1,0.995732,a6927ea4c0223aa08b320e86987e4c89_shot_001_001,ssim,mouth,0.93119097
1,0.995732,a6927ea4c0223aa08b320e86987e4c89_shot_001_001,ssim,upper_face,0.96490645
1,0.995732,a6927ea4c0223aa08b320e86987e4c89_shot_001_001,ssim,full,0.95118433
1,0.995732,a6927ea4c0223aa08b320e86987e4c89_shot_001_001,lpips,mouth,0.07674602
1,0.995732,a6927ea4c0223aa08b320e86987e4c89_shot_001_001,lpips,full,0.05314419
1,0.995732,a6927ea4c0223aa08b320e86987e4c89_shot_001_001,sharpness,mouth,10.7796
1,0.995732,a6927ea4c0223aa08b320e86987e4c89_shot_001_001,lmd,mouth,2.729351
1,0.995732,a6927ea4c0223aa08b320e86987e4c89_shot_001_001,sync_d,mouth,7.262883
1,0.995732,a6927ea4c0223aa08b320e86987e4c89_shot_001_001,sync_c,mouth,7.102842
2,0.991530,a6927ea4c0223aa08b320e86987e4c89_shot_001_001,pixel_mse,mouth,0.00098631
2,0.991530,a6927ea4c0223aa08b320e86987e4c89_shot_001_001,pixel_mse,upper_face,0.00014131
2,0.991530,a6927ea4c0223aa08b320e86987e4c89_shot_001_001,pixel_mse,full,0.00048522
2,0.991530,a6927ea4c0223aa08b320e86987e4c89_shot_001_001,ssim,mouth,0.93142557
2,0.991530,a6927ea4c0223aa08b320e86987e4c89_shot_001_001,ssim,upper_face,0.96601915
2,0.991530,a6927ea4c0223aa08b320e86987e4c89_shot_001_001,ssim,full,0.95193964
2,0.991530,a6927ea4c0223aa08b320e86987e4c89_shot_001_001,lpips,mouth,0.07542566
2,0.991530,a6927ea4c0223aa08b320e86987e4c89_shot_001_001,lpips,full,0.05192679
2,0.991530,a6927ea4c0223aa08b320e86987e4c89_shot_001_001,sharpness,mouth,10.7465
2,0.991530,a6927ea4c0223aa08b320e86987e4c89_shot_001_001,lmd,mouth,2.669337
2,0.991530,a6927ea4c0223aa08b320e86987e4c89_shot_001_001,sync_d,mouth,7.303102
2,0.991530,a6927ea4c0223aa08b320e86987e4c89_shot_001_001,sync_c,mouth,7.038104
3,0.987187,a6927ea4c0223aa08b320e86987e4c89_shot_001_001,pixel_mse,mouth,0.00097041
3,0.987187,a6927ea4c0223aa08b320e86987e4c89_shot_001_001,pixel_mse,upper_face,0.00012895
3,0.987187,a6927ea4c0223aa08b320e86987e4c89_shot_001_001,pixel_mse,full,0.00047142
3,0.987187,a6927ea4c0223aa08b320e86987e4c89_shot_001_001,ssim,mouth,0.93156904
3,0.987187,a6927ea4c0223aa08b320e86987e4c89_shot_001_001,ssim,upper_face,0.96701103
3,0.987187,a6927ea4c0223aa08b320e86987e4c89_shot_001_001,ssim,full,0.95258635
3,0.987187,a6927ea4c0223aa08b320e86987e4c89_shot_001_001,lpips,mouth,0.07423428
3,0.987187,a6927ea4c0223aa08b320e86987e4c89_shot_001_001,lpips,full,0.05074437
3,0.987187,a6927ea4c0223aa08b320e86987e4c89_shot_001_001,sharpness,mouth,10.7371
3,0.987187,a6927ea4c0223aa08b320e86987e4c89_shot_001_001,lmd,mouth,2.596125
3,0.987187,a6927ea4c0223aa08b320e86987e4c89_shot_001_001,sync_d,mouth,7.294407
3,0.987187,a6927ea4c0223aa08b320e86987e4c89_shot_001_001,sync_c,mouth,7.004336
4,0.982696,a6927ea4c0223aa08b320e86987e4c89_shot_001_001,pixel_mse,mouth,0.00095393
4,0.982696,a6927ea4c0223aa08b320e86987e4c89_shot_001_001,pixel_mse,upper_face,0.00012212
4,0.982696,a6927ea4c0223aa08b320e86987e4c89_shot_001_001,pixel_mse,full,0.00046066
4,0.982696,a6927ea4c0223aa08b320e86987e4c89_shot_001_001,ssim,mouth,0.93184888
4,0.982696,a6927ea4c0223aa08b320e86987e4c89_shot_001_001,ssim,upper_face,0.96764052
4,0.982696,a6927ea4c0223aa08b320e86987e4c89_shot_001_001,ssim,full,0.95307338
4,0.982696,a6927ea4c0223aa08b320e86987e4c89_shot_001_001,lpips,mouth,0.07331196
4,0.982696,a6927ea4c0223aa08b320e86987e4c89_shot_001_001,lpips,full,0.04988253
4,0.982696,a6927ea4c0223aa08b320e86987e4c89_shot_001_001,sharpness,mouth,10.7684
4,0.982696,a6927ea4c0223aa08b320e86987e4c89_shot_001_001,lmd,mouth,2.520851
4,0.982696,a6927ea4c0223aa08b320e86987e4c89_shot_001_001,sync_d,mouth,7.188754
4,0.982696,a6927ea4c0223aa08b320e86987e4c89_shot_001_001,sync_c,mouth,7.103681
5,0.978048,a6927ea4c0223aa08b320e86987e4c89_shot_001_001,pixel_mse,mouth,0.00094476
5,0.978048,a6927ea4c0223aa08b320e86987e4c89_shot_001_001,pixel_mse,upper_face,0.00011692
5,0.978048,a6927ea4c0223aa08b320e86987e4c89_shot_001_001,pixel_mse,full,0.00045385
5,0.978048,a6927ea4c0223aa08b320e86987e4c89_shot_001_001,ssim,mouth,0.93214333
5,0.978048,a6927ea4c0223aa08b320e86987e4c89_shot_001_001,ssim,upper_face,0.96810168
5,0.978048,a6927ea4c0223aa08b320e86987e4c89_shot_001_001,ssim,full,0.95346671
5,0.978048,a6927ea4c0223aa08b320e86987e4c89_shot_001_001,lpips,mouth,0.07256634
5,0.978048,a6927ea4c0223aa08b320e86987e4c89_shot_001_001,lpips,full,0.04929953
5,0.978048,a6927ea4c0223aa08b320e86987e4c89_shot_001_001,sharpness,mouth,10.7331
5,0.978048,a6927ea4c0223aa08b320e86987e4c89_shot_001_001,lmd,mouth,2.518110
5,0.978048,a6927ea4c0223aa08b320e86987e4c89_shot_001_001,sync_d,mouth,7.144313
5,0.978048,a6927ea4c0223aa08b320e86987e4c89_shot_001_001,sync_c,mouth,7.182246
6,0.973236,a6927ea4c0223aa08b320e86987e4c89_shot_001_001,pixel_mse,mouth,0.00093584
6,0.973236,a6927ea4c0223aa08b320e86987e4c89_shot_001_001,pixel_mse,upper_face,0.00011316
6,0.973236,a6927ea4c0223aa08b320e86987e4c89_shot_001_001,pixel_mse,full,0.00044799
6,0.973236,a6927ea4c0223aa08b320e86987e4c89_shot_001_001,ssim,mouth,0.93259317
6,0.973236,a6927ea4c0223aa08b320e86987e4c89_shot_001_001,ssim,upper_face,0.96848023
6,0.973236,a6927ea4c0223aa08b320e86987e4c89_shot_001_001,ssim,full,0.95387429
6,0.973236,a6927ea4c0223aa08b320e86987e4c89_shot_001_001,lpips,mouth,0.07156261
6,0.973236,a6927ea4c0223aa08b320e86987e4c89_shot_001_001,lpips,full,0.04848018
6,0.973236,a6927ea4c0223aa08b320e86987e4c89_shot_001_001,sharpness,mouth,10.7723
6,0.973236,a6927ea4c0223aa08b320e86987e4c89_shot_001_001,lmd,mouth,2.480053
6,0.973236,a6927ea4c0223aa08b320e86987e4c89_shot_001_001,sync_d,mouth,7.104457
6,0.973236,a6927ea4c0223aa08b320e86987e4c89_shot_001_001,sync_c,mouth,7.251863
7,0.968250,a6927ea4c0223aa08b320e86987e4c89_shot_001_001,pixel_mse,mouth,0.00092357
7,0.968250,a6927ea4c0223aa08b320e86987e4c89_shot_001_001,pixel_mse,upper_face,0.00011018
7,0.968250,a6927ea4c0223aa08b320e86987e4c89_shot_001_001,pixel_mse,full,0.00044123
7,0.968250,a6927ea4c0223aa08b320e86987e4c89_shot_001_001,ssim,mouth,0.93299395
7,0.968250,a6927ea4c0223aa08b320e86987e4c89_shot_001_001,ssim,upper_face,0.96885222
7,0.968250,a6927ea4c0223aa08b320e86987e4c89_shot_001_001,ssim,full,0.95425791
7,0.968250,a6927ea4c0223aa08b320e86987e4c89_shot_001_001,lpips,mouth,0.07103239
7,0.968250,a6927ea4c0223aa08b320e86987e4c89_shot_001_001,lpips,full,0.04805149
7,0.968250,a6927ea4c0223aa08b320e86987e4c89_shot_001_001,sharpness,mouth,10.7503
7,0.968250,a6927ea4c0223aa08b320e86987e4c89_shot_001_001,lmd,mouth,2.515966
7,0.968250,a6927ea4c0223aa08b320e86987e4c89_shot_001_001,sync_d,mouth,7.246690
7,0.968250,a6927ea4c0223aa08b320e86987e4c89_shot_001_001,sync_c,mouth,7.110817
8,0.963082,a6927ea4c0223aa08b320e86987e4c89_shot_001_001,pixel_mse,mouth,0.00092136
8,0.963082,a6927ea4c0223aa08b320e86987e4c89_shot_001_001,pixel_mse,upper_face,0.00010742
8,0.963082,a6927ea4c0223aa08b320e86987e4c89_shot_001_001,pixel_mse,full,0.00043869
8,0.963082,a6927ea4c0223aa08b320e86987e4c89_shot_001_001,ssim,mouth,0.93322629
8,0.963082,a6927ea4c0223aa08b320e86987e4c89_shot_001_001,ssim,upper_face,0.96901590
8,0.963082,a6927ea4c0223aa08b320e86987e4c89_shot_001_001,ssim,full,0.95444959
8,0.963082,a6927ea4c0223aa08b320e86987e4c89_shot_001_001,lpips,mouth,0.07046288
8,0.963082,a6927ea4c0223aa08b320e86987e4c89_shot_001_001,lpips,full,0.04761781
8,0.963082,a6927ea4c0223aa08b320e86987e4c89_shot_001_001,sharpness,mouth,10.7842
8,0.963082,a6927ea4c0223aa08b320e86987e4c89_shot_001_001,lmd,mouth,2.535775
8,0.963082,a6927ea4c0223aa08b320e86987e4c89_shot_001_001,sync_d,mouth,7.325355
8,0.963082,a6927ea4c0223aa08b320e86987e4c89_shot_001_001,sync_c,mouth,7.173675
9,0.957720,a6927ea4c0223aa08b320e86987e4c89_shot_001_001,pixel_mse,mouth,0.00091845
9,0.957720,a6927ea4c0223aa08b320e86987e4c89_shot_001_001,pixel_mse,upper_face,0.00010580
9,0.957720,a6927ea4c0223aa08b320e86987e4c89_shot_001_001,pixel_mse,full,0.00043655
9,0.957720,a6927ea4c0223aa08b320e86987e4c89_shot_001_001,ssim,mouth,0.93325305
9,0.957720,a6927ea4c0223aa08b320e86987e4c89_shot_001_001,ssim,upper_face,0.96925449
9,0.957720,a6927ea4c0223aa08b320e86987e4c89_shot_001_001,ssim,full,0.95460200
9,0.957720,a6927ea4c0223aa08b320e86987e4c89_shot_001_001,lpips,mouth,0.07032961
9,0.957720,a6927ea4c0223aa08b320e86987e4c89_shot_001_001,lpips,full,0.04729977
9,0.957720,a6927ea4c0223aa08b320e86987e4c89_shot_001_001,sharpness,mouth,10.8361
9,0.957720,a6927ea4c0223aa08b320e86987e4c89_shot_001_001,lmd,mouth,2.477355
9,0.957720,a6927ea4c0223aa08b320e86987e4c89_shot_001_001,sync_d,mouth,7.177815
9,0.957720,a6927ea4c0223aa08b320e86987e4c89_shot_001_001,sync_c,mouth,7.201241
10,0.952154,a6927ea4c0223aa08b320e86987e4c89_shot_001_001,pixel_mse,mouth,0.00091706
10,0.952154,a6927ea4c0223aa08b320e86987e4c89_shot_001_001,pixel_mse,upper_face,0.00010380
10,0.952154,a6927ea4c0223aa08b320e86987e4c89_shot_001_001,pixel_mse,full,0.00043480
10,0.952154,a6927ea4c0223aa08b320e86987e4c89_shot_001_001,ssim,mouth,0.93364972
10,0.952154,a6927ea4c0223aa08b320e86987e4c89_shot_001_001,ssim,upper_face,0.96941960
10,0.952154,a6927ea4c0223aa08b320e86987e4c89_shot_001_001,ssim,full,0.95486140
10,0.952154,a6927ea4c0223aa08b320e86987e4c89_shot_001_001,lpips,mouth,0.06938826
10,0.952154,a6927ea4c0223aa08b320e86987e4c89_shot_001_001,lpips,full,0.04689070
10,0.952154,a6927ea4c0223aa08b320e86987e4c89_shot_001_001,sharpness,mouth,10.7506
10,0.952154,a6927ea4c0223aa08b320e86987e4c89_shot_001_001,lmd,mouth,2.482298
10,0.952154,a6927ea4c0223aa08b320e86987e4c89_shot_001_001,sync_d,mouth,7.115367
10,0.952154,a6927ea4c0223aa08b320e86987e4c89_shot_001_001,sync_c,mouth,7.417125
11,0.946372,a6927ea4c0223aa08b320e86987e4c89_shot_001_001,pixel_mse,mouth,0.00092586
11,0.946372,a6927ea4c0223aa08b320e86987e4c89_shot_001_001,pixel_mse,upper_face,0.00010295
11,0.946372,a6927ea4c0223aa08b320e86987e4c89_shot_001_001,pixel_mse,full,0.00043787
11,0.946372,a6927ea4c0223aa08b320e86987e4c89_shot_001_001,ssim,mouth,0.93339670
11,0.946372,a6927ea4c0223aa08b320e86987e4c89_shot_001_001,ssim,upper_face,0.96958327
11,0.946372,a6927ea4c0223aa08b320e86987e4c89_shot_001_001,ssim,full,0.95485544
11,0.946372,a6927ea4c0223aa08b320e86987e4c89_shot_001_001,lpips,mouth,0.06923547
11,0.946372,a6927ea4c0223aa08b320e86987e4c89_shot_001_001,lpips,full,0.04666318
11,0.946372,a6927ea4c0223aa08b320e86987e4c89_shot_001_001,sharpness,mouth,10.7623
11,0.946372,a6927ea4c0223aa08b320e86987e4c89_shot_001_001,lmd,mouth,2.438533
11,0.946372,a6927ea4c0223aa08b320e86987e4c89_shot_001_001,sync_d,mouth,7.123988
11,0.946372,a6927ea4c0223aa08b320e86987e4c89_shot_001_001,sync_c,mouth,7.411138
12,0.940361,a6927ea4c0223aa08b320e86987e4c89_shot_001_001,pixel_mse,mouth,0.00094351
12,0.940361,a6927ea4c0223aa08b320e86987e4c89_shot_001_001,pixel_mse,upper_face,0.00010080
12,0.940361,a6927ea4c0223aa08b320e86987e4c89_shot_001_001,pixel_mse,full,0.00044378
12,0.940361,a6927ea4c0223aa08b320e86987e4c89_shot_001_001,ssim,mouth,0.93325108
12,0.940361,a6927ea4c0223aa08b320e86987e4c89_shot_001_001,ssim,upper_face,0.96972120
12,0.940361,a6927ea4c0223aa08b320e86987e4c89_shot_001_001,ssim,full,0.95487785
12,0.940361,a6927ea4c0223aa08b320e86987e4c89_shot_001_001,lpips,mouth,0.06899011
12,0.940361,a6927ea4c0223aa08b320e86987e4c89_shot_001_001,lpips,full,0.04649509
12,0.940361,a6927ea4c0223aa08b320e86987e4c89_shot_001_001,sharpness,mouth,10.7652
12,0.940361,a6927ea4c0223aa08b320e86987e4c89_shot_001_001,lmd,mouth,2.526374
12,0.940361,a6927ea4c0223aa08b320e86987e4c89_shot_001_001,sync_d,mouth,6.970195
12,0.940361,a6927ea4c0223aa08b320e86987e4c89_shot_001_001,sync_c,mouth,7.483421
13,0.934107,a6927ea4c0223aa08b320e86987e4c89_shot_001_001,pixel_mse,mouth,0.00096374
13,0.934107,a6927ea4c0223aa08b320e86987e4c89_shot_001_001,pixel_mse,upper_face,0.00009975
13,0.934107,a6927ea4c0223aa08b320e86987e4c89_shot_001_001,pixel_mse,full,0.00045139
13,0.934107,a6927ea4c0223aa08b320e86987e4c89_shot_001_001,ssim,mouth,0.93303537
13,0.934107,a6927ea4c0223aa08b320e86987e4c89_shot_001_001,ssim,upper_face,0.96982837
13,0.934107,a6927ea4c0223aa08b320e86987e4c89_shot_001_001,ssim,full,0.95485377
13,0.934107,a6927ea4c0223aa08b320e86987e4c89_shot_001_001,lpips,mouth,0.06883059
13,0.934107,a6927ea4c0223aa08b320e86987e4c89_shot_001_001,lpips,full,0.04631596
13,0.934107,a6927ea4c0223aa08b320e86987e4c89_shot_001_001,sharpness,mouth,10.7722
13,0.934107,a6927ea4c0223aa08b320e86987e4c89_shot_001_001,lmd,mouth,2.539597
13,0.934107,a6927ea4c0223aa08b320e86987e4c89_shot_001_001,sync_d,mouth,6.952494
13,0.934107,a6927ea4c0223aa08b320e86987e4c89_shot_001_001,sync_c,mouth,7.459774
14,0.927596,a6927ea4c0223aa08b320e86987e4c89_shot_001_001,pixel_mse,mouth,0.00098187
14,0.927596,a6927ea4c0223aa08b320e86987e4c89_shot_001_001,pixel_mse,upper_face,0.00009936
14,0.927596,a6927ea4c0223aa08b320e86987e4c89_shot_001_001,pixel_mse,full,0.00045854
14,0.927596,a6927ea4c0223aa08b320e86987e4c89_shot_001_001,ssim,mouth,0.93285096
14,0.927596,a6927ea4c0223aa08b320e86987e4c89_shot_001_001,ssim,upper_face,0.96997100
14,0.927596,a6927ea4c0223aa08b320e86987e4c89_shot_001_001,ssim,full,0.95486337
14,0.927596,a6927ea4c0223aa08b320e86987e4c89_shot_001_001,lpips,mouth,0.06831450
14,0.927596,a6927ea4c0223aa08b320e86987e4c89_shot_001_001,lpips,full,0.04601572
14,0.927596,a6927ea4c0223aa08b320e86987e4c89_shot_001_001,sharpness,mouth,10.7908
14,0.927596,a6927ea4c0223aa08b320e86987e4c89_shot_001_001,lmd,mouth,2.457866
14,0.927596,a6927ea4c0223aa08b320e86987e4c89_shot_001_001,sync_d,mouth,6.834366
14,0.927596,a6927ea4c0223aa08b320e86987e4c89_shot_001_001,sync_c,mouth,7.595312
15,0.920810,a6927ea4c0223aa08b320e86987e4c89_shot_001_001,pixel_mse,mouth,0.00101365
15,0.920810,a6927ea4c0223aa08b320e86987e4c89_shot_001_001,pixel_mse,upper_face,0.00009789
15,0.920810,a6927ea4c0223aa08b320e86987e4c89_shot_001_001,pixel_mse,full,0.00047060
15,0.920810,a6927ea4c0223aa08b320e86987e4c89_shot_001_001,ssim,mouth,0.93248314
15,0.920810,a6927ea4c0223aa08b320e86987e4c89_shot_001_001,ssim,upper_face,0.97006083
15,0.920810,a6927ea4c0223aa08b320e86987e4c89_shot_001_001,ssim,full,0.95476681
15,0.920810,a6927ea4c0223aa08b320e86987e4c89_shot_001_001,lpips,mouth,0.06824972
15,0.920810,a6927ea4c0223aa08b320e86987e4c89_shot_001_001,lpips,full,0.04579195
15,0.920810,a6927ea4c0223aa08b320e86987e4c89_shot_001_001,sharpness,mouth,10.7501
15,0.920810,a6927ea4c0223aa08b320e86987e4c89_shot_001_001,lmd,mouth,2.460654
15,0.920810,a6927ea4c0223aa08b320e86987e4c89_shot_001_001,sync_d,mouth,6.849295
15,0.920810,a6927ea4c0223aa08b320e86987e4c89_shot_001_001,sync_c,mouth,7.643590
16,0.913733,a6927ea4c0223aa08b320e86987e4c89_shot_001_001,pixel_mse,mouth,0.00105081
16,0.913733,a6927ea4c0223aa08b320e86987e4c89_shot_001_001,pixel_mse,upper_face,0.00009826
16,0.913733,a6927ea4c0223aa08b320e86987e4c89_shot_001_001,pixel_mse,full,0.00048595
16,0.913733,a6927ea4c0223aa08b320e86987e4c89_shot_001_001,ssim,mouth,0.93188280
16,0.913733,a6927ea4c0223aa08b320e86987e4c89_shot_001_001,ssim,upper_face,0.97014856
16,0.913733,a6927ea4c0223aa08b320e86987e4c89_shot_001_001,ssim,full,0.95457441
16,0.913733,a6927ea4c0223aa08b320e86987e4c89_shot_001_001,lpips,mouth,0.06829970
16,0.913733,a6927ea4c0223aa08b320e86987e4c89_shot_001_001,lpips,full,0.04575254
16,0.913733,a6927ea4c0223aa08b320e86987e4c89_shot_001_001,sharpness,mouth,10.7755
16,0.913733,a6927ea4c0223aa08b320e86987e4c89_shot_001_001,lmd,mouth,2.503882
16,0.913733,a6927ea4c0223aa08b320e86987e4c89_shot_001_001,sync_d,mouth,6.856432
16,0.913733,a6927ea4c0223aa08b320e86987e4c89_shot_001_001,sync_c,mouth,7.689635
17,0.906344,a6927ea4c0223aa08b320e86987e4c89_shot_001_001,pixel_mse,mouth,0.00108508
17,0.906344,a6927ea4c0223aa08b320e86987e4c89_shot_001_001,pixel_mse,upper_face,0.00009660
17,0.906344,a6927ea4c0223aa08b320e86987e4c89_shot_001_001,pixel_mse,full,0.00049891
17,0.906344,a6927ea4c0223aa08b320e86987e4c89_shot_001_001,ssim,mouth,0.93151760
17,0.906344,a6927ea4c0223aa08b320e86987e4c89_shot_001_001,ssim,upper_face,0.97029114
17,0.906344,a6927ea4c0223aa08b320e86987e4c89_shot_001_001,ssim,full,0.95451045
17,0.906344,a6927ea4c0223aa08b320e86987e4c89_shot_001_001,lpips,mouth,0.06819612
17,0.906344,a6927ea4c0223aa08b320e86987e4c89_shot_001_001,lpips,full,0.04576220
17,0.906344,a6927ea4c0223aa08b320e86987e4c89_shot_001_001,sharpness,mouth,10.7260
17,0.906344,a6927ea4c0223aa08b320e86987e4c89_shot_001_001,lmd,mouth,2.520945
17,0.906344,a6927ea4c0223aa08b320e86987e4c89_shot_001_001,sync_d,mouth,6.756760
17,0.906344,a6927ea4c0223aa08b320e86987e4c89_shot_001_001,sync_c,mouth,7.841792
18,0.898624,a6927ea4c0223aa08b320e86987e4c89_shot_001_001,pixel_mse,mouth,0.00112178
18,0.898624,a6927ea4c0223aa08b320e86987e4c89_shot_001_001,pixel_mse,upper_face,0.00009599
18,0.898624,a6927ea4c0223aa08b320e86987e4c89_shot_001_001,pixel_mse,full,0.00051348
18,0.898624,a6927ea4c0223aa08b320e86987e4c89_shot_001_001,ssim,mouth,0.93095964
18,0.898624,a6927ea4c0223aa08b320e86987e4c89_shot_001_001,ssim,upper_face,0.97031033
18,0.898624,a6927ea4c0223aa08b320e86987e4c89_shot_001_001,ssim,full,0.95429468
18,0.898624,a6927ea4c0223aa08b320e86987e4c89_shot_001_001,lpips,mouth,0.06815246
18,0.898624,a6927ea4c0223aa08b320e86987e4c89_shot_001_001,lpips,full,0.04572012
18,0.898624,a6927ea4c0223aa08b320e86987e4c89_shot_001_001,sharpness,mouth,10.7429
18,0.898624,a6927ea4c0223aa08b320e86987e4c89_shot_001_001,lmd,mouth,2.580399
18,0.898624,a6927ea4c0223aa08b320e86987e4c89_shot_001_001,sync_d,mouth,6.671446
18,0.898624,a6927ea4c0223aa08b320e86987e4c89_shot_001_001,sync_c,mouth,7.959973
19,0.890548,a6927ea4c0223aa08b320e86987e4c89_shot_001_001,pixel_mse,mouth,0.00116995
19,0.890548,a6927ea4c0223aa08b320e86987e4c89_shot_001_001,pixel_mse,upper_face,0.00009541
19,0.890548,a6927ea4c0223aa08b320e86987e4c89_shot_001_001,pixel_mse,full,0.00053274
19,0.890548,a6927ea4c0223aa08b320e86987e4c89_shot_001_001,ssim,mouth,0.93018323
19,0.890548,a6927ea4c0223aa08b320e86987e4c89_shot_001_001,ssim,upper_face,0.97039747
19,0.890548,a6927ea4c0223aa08b320e86987e4c89_shot_001_001,ssim,full,0.95403033
19,0.890548,a6927ea4c0223aa08b320e86987e4c89_shot_001_001,lpips,mouth,0.06844269
19,0.890548,a6927ea4c0223aa08b320e86987e4c89_shot_001_001,lpips,full,0.04577810
19,0.890548,a6927ea4c0223aa08b320e86987e4c89_shot_001_001,sharpness,mouth,10.7503
19,0.890548,a6927ea4c0223aa08b320e86987e4c89_shot_001_001,lmd,mouth,2.700300
19,0.890548,a6927ea4c0223aa08b320e86987e4c89_shot_001_001,sync_d,mouth,6.461775
19,0.890548,a6927ea4c0223aa08b320e86987e4c89_shot_001_001,sync_c,mouth,8.130097
20,0.882093,a6927ea4c0223aa08b320e86987e4c89_shot_001_001,pixel_mse,mouth,0.00121963
20,0.882093,a6927ea4c0223aa08b320e86987e4c89_shot_001_001,pixel_mse,upper_face,0.00009564
20,0.882093,a6927ea4c0223aa08b320e86987e4c89_shot_001_001,pixel_mse,full,0.00055310
20,0.882093,a6927ea4c0223aa08b320e86987e4c89_shot_001_001,ssim,mouth,0.92932183
20,0.882093,a6927ea4c0223aa08b320e86987e4c89_shot_001_001,ssim,upper_face,0.97049052
20,0.882093,a6927ea4c0223aa08b320e86987e4c89_shot_001_001,ssim,full,0.95373505
20,0.882093,a6927ea4c0223aa08b320e86987e4c89_shot_001_001,lpips,mouth,0.06852896
20,0.882093,a6927ea4c0223aa08b320e86987e4c89_shot_001_001,lpips,full,0.04577666
20,0.882093,a6927ea4c0223aa08b320e86987e4c89_shot_001_001,sharpness,mouth,10.7737
20,0.882093,a6927ea4c0223aa08b320e86987e4c89_shot_001_001,lmd,mouth,2.707464
20,0.882093,a6927ea4c0223aa08b320e86987e4c89_shot_001_001,sync_d,mouth,6.654573
20,0.882093,a6927ea4c0223aa08b320e86987e4c89_shot_001_001,sync_c,mouth,8.027171
21,0.873231,a6927ea4c0223aa08b320e86987e4c89_shot_001_001,pixel_mse,mouth,0.00127440
21,0.873231,a6927ea4c0223aa08b320e86987e4c89_shot_001_001,pixel_mse,upper_face,0.00009370
21,0.873231,a6927ea4c0223aa08b320e86987e4c89_shot_001_001,pixel_mse,full,0.00057424
21,0.873231,a6927ea4c0223aa08b320e86987e4c89_shot_001_001,ssim,mouth,0.92842561
21,0.873231,a6927ea4c0223aa08b320e86987e4c89_shot_001_001,ssim,upper_face,0.97055542
21,0.873231,a6927ea4c0223aa08b320e86987e4c89_shot_001_001,ssim,full,0.95340872
21,0.873231,a6927ea4c0223aa08b320e86987e4c89_shot_001_001,lpips,mouth,0.06879139
21,0.873231,a6927ea4c0223aa08b320e86987e4c89_shot_001_001,lpips,full,0.04589940
21,0.873231,a6927ea4c0223aa08b320e86987e4c89_shot_001_001,sharpness,mouth,10.7854
21,0.873231,a6927ea4c0223aa08b320e86987e4c89_shot_001_001,lmd,mouth,2.802999
21,0.873231,a6927ea4c0223aa08b320e86987e4c89_shot_001_001,sync_d,mouth,6.686913
21,0.873231,a6927ea4c0223aa08b320e86987e4c89_shot_001_001,sync_c,mouth,8.003139
22,0.863931,a6927ea4c0223aa08b320e86987e4c89_shot_001_001,pixel_mse,mouth,0.00133148
22,0.863931,a6927ea4c0223aa08b320e86987e4c89_shot_001_001,pixel_mse,upper_face,0.00009377
22,0.863931,a6927ea4c0223aa08b320e86987e4c89_shot_001_001,pixel_mse,full,0.00059752
22,0.863931,a6927ea4c0223aa08b320e86987e4c89_shot_001_001,ssim,mouth,0.92758375
22,0.863931,a6927ea4c0223aa08b320e86987e4c89_shot_001_001,ssim,upper_face,0.97057003
22,0.863931,a6927ea4c0223aa08b320e86987e4c89_shot_001_001,ssim,full,0.95307481
22,0.863931,a6927ea4c0223aa08b320e86987e4c89_shot_001_001,lpips,mouth,0.06914603
22,0.863931,a6927ea4c0223aa08b320e86987e4c89_shot_001_001,lpips,full,0.04605135
22,0.863931,a6927ea4c0223aa08b320e86987e4c89_shot_001_001,sharpness,mouth,10.8103
22,0.863931,a6927ea4c0223aa08b320e86987e4c89_shot_001_001,lmd,mouth,2.758052
22,0.863931,a6927ea4c0223aa08b320e86987e4c89_shot_001_001,sync_d,mouth,6.551519
22,0.863931,a6927ea4c0223aa08b320e86987e4c89_shot_001_001,sync_c,mouth,8.164680
23,0.854160,a6927ea4c0223aa08b320e86987e4c89_shot_001_001,pixel_mse,mouth,0.00139770
23,0.854160,a6927ea4c0223aa08b320e86987e4c89_shot_001_001,pixel_mse,upper_face,0.00009268
23,0.854160,a6927ea4c0223aa08b320e86987e4c89_shot_001_001,pixel_mse,full,0.00062382
23,0.854160,a6927ea4c0223aa08b320e86987e4c89_shot_001_001,ssim,mouth,0.92655444
23,0.854160,a6927ea4c0223aa08b320e86987e4c89_shot_001_001,ssim,upper_face,0.97070324
23,0.854160,a6927ea4c0223aa08b320e86987e4c89_shot_001_001,ssim,full,0.95273465
23,0.854160,a6927ea4c0223aa08b320e86987e4c89_shot_001_001,lpips,mouth,0.06938969
23,0.854160,a6927ea4c0223aa08b320e86987e4c89_shot_001_001,lpips,full,0.04618424
23,0.854160,a6927ea4c0223aa08b320e86987e4c89_shot_001_001,sharpness,mouth,10.7528
23,0.854160,a6927ea4c0223aa08b320e86987e4c89_shot_001_001,lmd,mouth,2.962799
23,0.854160,a6927ea4c0223aa08b320e86987e4c89_shot_001_001,sync_d,mouth,6.705686
23,0.854160,a6927ea4c0223aa08b320e86987e4c89_shot_001_001,sync_c,mouth,8.077408
24,0.843882,a6927ea4c0223aa08b320e86987e4c89_shot_001_001,pixel_mse,mouth,0.00147403
24,0.843882,a6927ea4c0223aa08b320e86987e4c89_shot_001_001,pixel_mse,upper_face,0.00009181
24,0.843882,a6927ea4c0223aa08b320e86987e4c89_shot_001_001,pixel_mse,full,0.00065437
24,0.843882,a6927ea4c0223aa08b320e86987e4c89_shot_001_001,ssim,mouth,0.92538631
24,0.843882,a6927ea4c0223aa08b320e86987e4c89_shot_001_001,ssim,upper_face,0.97078401
24,0.843882,a6927ea4c0223aa08b320e86987e4c89_shot_001_001,ssim,full,0.95230722
24,0.843882,a6927ea4c0223aa08b320e86987e4c89_shot_001_001,lpips,mouth,0.07022966
24,0.843882,a6927ea4c0223aa08b320e86987e4c89_shot_001_001,lpips,full,0.04648539
24,0.843882,a6927ea4c0223aa08b320e86987e4c89_shot_001_001,sharpness,mouth,10.7643
24,0.843882,a6927ea4c0223aa08b320e86987e4c89_shot_001_001,lmd,mouth,3.083946
24,0.843882,a6927ea4c0223aa08b320e86987e4c89_shot_001_001,sync_d,mouth,6.564438
24,0.843882,a6927ea4c0223aa08b320e86987e4c89_shot_001_001,sync_c,mouth,8.191057
25,0.833055,a6927ea4c0223aa08b320e86987e4c89_shot_001_001,pixel_mse,mouth,0.00155067
25,0.833055,a6927ea4c0223aa08b320e86987e4c89_shot_001_001,pixel_mse,upper_face,0.00009137
25,0.833055,a6927ea4c0223aa08b320e86987e4c89_shot_001_001,pixel_mse,full,0.00068530
25,0.833055,a6927ea4c0223aa08b320e86987e4c89_shot_001_001,ssim,mouth,0.92412794
25,0.833055,a6927ea4c0223aa08b320e86987e4c89_shot_001_001,ssim,upper_face,0.97081208
25,0.833055,a6927ea4c0223aa08b320e86987e4c89_shot_001_001,ssim,full,0.95181191
25,0.833055,a6927ea4c0223aa08b320e86987e4c89_shot_001_001,lpips,mouth,0.07085792
25,0.833055,a6927ea4c0223aa08b320e86987e4c89_shot_001_001,lpips,full,0.04686955
25,0.833055,a6927ea4c0223aa08b320e86987e4c89_shot_001_001,sharpness,mouth,10.7739
25,0.833055,a6927ea4c0223aa08b320e86987e4c89_shot_001_001,lmd,mouth,3.013141
25,0.833055,a6927ea4c0223aa08b320e86987e4c89_shot_001_001,sync_d,mouth,6.568699
25,0.833055,a6927ea4c0223aa08b320e86987e4c89_shot_001_001,sync_c,mouth,8.218979
26,0.821636,a6927ea4c0223aa08b320e86987e4c89_shot_001_001,pixel_mse,mouth,0.00163565
26,0.821636,a6927ea4c0223aa08b320e86987e4c89_shot_001_001,pixel_mse,upper_face,0.00009165
26,0.821636,a6927ea4c0223aa08b320e86987e4c89_shot_001_001,pixel_mse,full,0.00072005
26,0.821636,a6927ea4c0223aa08b320e86987e4c89_shot_001_001,ssim,mouth,0.92291045
26,0.821636,a6927ea4c0223aa08b320e86987e4c89_shot_001_001,ssim,upper_face,0.97088057
26,0.821636,a6927ea4c0223aa08b320e86987e4c89_shot_001_001,ssim,full,0.95135689
26,0.821636,a6927ea4c0223aa08b320e86987e4c89_shot_001_001,lpips,mouth,0.07149412
26,0.821636,a6927ea4c0223aa08b320e86987e4c89_shot_001_001,lpips,full,0.04713843
26,0.821636,a6927ea4c0223aa08b320e86987e4c89_shot_001_001,sharpness,mouth,10.7651
26,0.821636,a6927ea4c0223aa08b320e86987e4c89_shot_001_001,lmd,mouth,2.793651
26,0.821636,a6927ea4c0223aa08b320e86987e4c89_shot_001_001,sync_d,mouth,6.740436
26,0.821636,a6927ea4c0223aa08b320e86987e4c89_shot_001_001,sync_c,mouth,8.150906
27,0.809574,a6927ea4c0223aa08b320e86987e4c89_shot_001_001,pixel_mse,mouth,0.00171728
27,0.809574,a6927ea4c0223aa08b320e86987e4c89_shot_001_001,pixel_mse,upper_face,0.00009041
27,0.809574,a6927ea4c0223aa08b320e86987e4c89_shot_001_001,pixel_mse,full,0.00075254
27,0.809574,a6927ea4c0223aa08b320e86987e4c89_shot_001_001,ssim,mouth,0.92172253
27,0.809574,a6927ea4c0223aa08b320e86987e4c89_shot_001_001,ssim,upper_face,0.97092080
27,0.809574,a6927ea4c0223aa08b320e86987e4c89_shot_001_001,ssim,full,0.95089722
27,0.809574,a6927ea4c0223aa08b320e86987e4c89_shot_001_001,lpips,mouth,0.07218648
27,0.809574,a6927ea4c0223aa08b320e86987e4c89_shot_001_001,lpips,full,0.04754761
27,0.809574,a6927ea4c0223aa08b320e86987e4c89_shot_001_001,sharpness,mouth,10.7601
27,0.809574,a6927ea4c0223aa08b320e86987e4c89_shot_001_001,lmd,mouth,3.037228
27,0.809574,a6927ea4c0223aa08b320e86987e4c89_shot_001_001,sync_d,mouth,6.718116
27,0.809574,a6927ea4c0223aa08b320e86987e4c89_shot_001_001,sync_c,mouth,8.181772
28,0.796812,a6927ea4c0223aa08b320e86987e4c89_shot_001_001,pixel_mse,mouth,0.00181160
28,0.796812,a6927ea4c0223aa08b320e86987e4c89_shot_001_001,pixel_mse,upper_face,0.00008911
28,0.796812,a6927ea4c0223aa08b320e86987e4c89_shot_001_001,pixel_mse,full,0.00079016
28,0.796812,a6927ea4c0223aa08b320e86987e4c89_shot_001_001,ssim,mouth,0.92034096
28,0.796812,a6927ea4c0223aa08b320e86987e4c89_shot_001_001,ssim,upper_face,0.97105306
28,0.796812,a6927ea4c0223aa08b320e86987e4c89_shot_001_001,ssim,full,0.95041329
28,0.796812,a6927ea4c0223aa08b320e86987e4c89_shot_001_001,lpips,mouth,0.07293852
28,0.796812,a6927ea4c0223aa08b320e86987e4c89_shot_001_001,lpips,full,0.04794365
28,0.796812,a6927ea4c0223aa08b320e86987e4c89_shot_001_001,sharpness,mouth,10.7591
28,0.796812,a6927ea4c0223aa08b320e86987e4c89_shot_001_001,lmd,mouth,3.090923
28,0.796812,a6927ea4c0223aa08b320e86987e4c89_shot_001_001,sync_d,mouth,6.756457
28,0.796812,a6927ea4c0223aa08b320e86987e4c89_shot_001_001,sync_c,mouth,8.289946
29,0.783290,a6927ea4c0223aa08b320e86987e4c89_shot_001_001,pixel_mse,mouth,0.00191532
29,0.783290,a6927ea4c0223aa08b320e86987e4c89_shot_001_001,pixel_mse,upper_face,0.00008941
29,0.783290,a6927ea4c0223aa08b320e86987e4c89_shot_001_001,pixel_mse,full,0.00083255
29,0.783290,a6927ea4c0223aa08b320e86987e4c89_shot_001_001,ssim,mouth,0.91885847
29,0.783290,a6927ea4c0223aa08b320e86987e4c89_shot_001_001,ssim,upper_face,0.97108752
29,0.783290,a6927ea4c0223aa08b320e86987e4c89_shot_001_001,ssim,full,0.94983053
29,0.783290,a6927ea4c0223aa08b320e86987e4c89_shot_001_001,lpips,mouth,0.07413432
29,0.783290,a6927ea4c0223aa08b320e86987e4c89_shot_001_001,lpips,full,0.04847146
29,0.783290,a6927ea4c0223aa08b320e86987e4c89_shot_001_001,sharpness,mouth,10.7360
29,0.783290,a6927ea4c0223aa08b320e86987e4c89_shot_001_001,lmd,mouth,3.124544
29,0.783290,a6927ea4c0223aa08b320e86987e4c89_shot_001_001,sync_d,mouth,6.700289
29,0.783290,a6927ea4c0223aa08b320e86987e4c89_shot_001_001,sync_c,mouth,8.372048
30,0.768935,a6927ea4c0223aa08b320e86987e4c89_shot_001_001,pixel_mse,mouth,0.00201104
30,0.768935,a6927ea4c0223aa08b320e86987e4c89_shot_001_001,pixel_mse,upper_face,0.00008845
30,0.768935,a6927ea4c0223aa08b320e86987e4c89_shot_001_001,pixel_mse,full,0.00087094
30,0.768935,a6927ea4c0223aa08b320e86987e4c89_shot_001_001,ssim,mouth,0.91754717
30,0.768935,a6927ea4c0223aa08b320e86987e4c89_shot_001_001,ssim,upper_face,0.97107893
30,0.768935,a6927ea4c0223aa08b320e86987e4c89_shot_001_001,ssim,full,0.94929159
30,0.768935,a6927ea4c0223aa08b320e86987e4c89_shot_001_001,lpips,mouth,0.07484646
30,0.768935,a6927ea4c0223aa08b320e86987e4c89_shot_001_001,lpips,full,0.04888930
30,0.768935,a6927ea4c0223aa08b320e86987e4c89_shot_001_001,sharpness,mouth,10.7238
30,0.768935,a6927ea4c0223aa08b320e86987e4c89_shot_001_001,lmd,mouth,3.053640
30,0.768935,a6927ea4c0223aa08b320e86987e4c89_shot_001_001,sync_d,mouth,6.753834
30,0.768935,a6927ea4c0223aa08b320e86987e4c89_shot_001_001,sync_c,mouth,8.343351
31,0.753669,a6927ea4c0223aa08b320e86987e4c89_shot_001_001,pixel_mse,mouth,0.00213019
31,0.753669,a6927ea4c0223aa08b320e86987e4c89_shot_001_001,pixel_mse,upper_face,0.00008748
31,0.753669,a6927ea4c0223aa08b320e86987e4c89_shot_001_001,pixel_mse,full,0.00091886
31,0.753669,a6927ea4c0223aa08b320e86987e4c89_shot_001_001,ssim,mouth,0.91603494
31,0.753669,a6927ea4c0223aa08b320e86987e4c89_shot_001_001,ssim,upper_face,0.97119576
31,0.753669,a6927ea4c0223aa08b320e86987e4c89_shot_001_001,ssim,full,0.94874555
31,0.753669,a6927ea4c0223aa08b320e86987e4c89_shot_001_001,lpips,mouth,0.07611217
31,0.753669,a6927ea4c0223aa08b320e86987e4c89_shot_001_001,lpips,full,0.04951391
31,0.753669,a6927ea4c0223aa08b320e86987e4c89_shot_001_001,sharpness,mouth,10.6999
31,0.753669,a6927ea4c0223aa08b320e86987e4c89_shot_001_001,lmd,mouth,3.143860
31,0.753669,a6927ea4c0223aa08b320e86987e4c89_shot_001_001,sync_d,mouth,6.806190
31,0.753669,a6927ea4c0223aa08b320e86987e4c89_shot_001_001,sync_c,mouth,8.391401
32,0.737402,a6927ea4c0223aa08b320e86987e4c89_shot_001_001,pixel_mse,mouth,0.00225378
32,0.737402,a6927ea4c0223aa08b320e86987e4c89_shot_001_001,pixel_mse,upper_face,0.00008735
32,0.737402,a6927ea4c0223aa08b320e86987e4c89_shot_001_001,pixel_mse,full,0.00096908
32,0.737402,a6927ea4c0223aa08b320e86987e4c89_shot_001_001,ssim,mouth,0.91448891
32,0.737402,a6927ea4c0223aa08b320e86987e4c89_shot_001_001,ssim,upper_face,0.97125572
32,0.737402,a6927ea4c0223aa08b320e86987e4c89_shot_001_001,ssim,full,0.94815165
32,0.737402,a6927ea4c0223aa08b320e86987e4c89_shot_001_001,lpips,mouth,0.07732525
32,0.737402,a6927ea4c0223aa08b320e86987e4c89_shot_001_001,lpips,full,0.05015042
32,0.737402,a6927ea4c0223aa08b320e86987e4c89_shot_001_001,sharpness,mouth,10.6727
32,0.737402,a6927ea4c0223aa08b320e86987e4c89_shot_001_001,lmd,mouth,3.339353
32,0.737402,a6927ea4c0223aa08b320e86987e4c89_shot_001_001,sync_d,mouth,6.828027
32,0.737402,a6927ea4c0223aa08b320e86987e4c89_shot_001_001,sync_c,mouth,8.393192
33,0.720034,a6927ea4c0223aa08b320e86987e4c89_shot_001_001,pixel_mse,mouth,0.00237444
33,0.720034,a6927ea4c0223aa08b320e86987e4c89_shot_001_001,pixel_mse,upper_face,0.00008678
33,0.720034,a6927ea4c0223aa08b320e86987e4c89_shot_001_001,pixel_mse,full,0.00101785
33,0.720034,a6927ea4c0223aa08b320e86987e4c89_shot_001_001,ssim,mouth,0.91292024
33,0.720034,a6927ea4c0223aa08b320e86987e4c89_shot_001_001,ssim,upper_face,0.97126150
33,0.720034,a6927ea4c0223aa08b320e86987e4c89_shot_001_001,ssim,full,0.94751686
33,0.720034,a6927ea4c0223aa08b320e86987e4c89_shot_001_001,lpips,mouth,0.07847472
33,0.720034,a6927ea4c0223aa08b320e86987e4c89_shot_001_001,lpips,full,0.05066923
33,0.720034,a6927ea4c0223aa08b320e86987e4c89_shot_001_001,sharpness,mouth,10.6570
33,0.720034,a6927ea4c0223aa08b320e86987e4c89_shot_001_001,lmd,mouth,3.330178
33,0.720034,a6927ea4c0223aa08b320e86987e4c89_shot_001_001,sync_d,mouth,6.950133
33,0.720034,a6927ea4c0223aa08b320e86987e4c89_shot_001_001,sync_c,mouth,8.312204
34,0.701446,a6927ea4c0223aa08b320e86987e4c89_shot_001_001,pixel_mse,mouth,0.00250932
34,0.701446,a6927ea4c0223aa08b320e86987e4c89_shot_001_001,pixel_mse,upper_face,0.00008610
34,0.701446,a6927ea4c0223aa08b320e86987e4c89_shot_001_001,pixel_mse,full,0.00107235
34,0.701446,a6927ea4c0223aa08b320e86987e4c89_shot_001_001,ssim,mouth,0.91134465
34,0.701446,a6927ea4c0223aa08b320e86987e4c89_shot_001_001,ssim,upper_face,0.97132969
34,0.701446,a6927ea4c0223aa08b320e86987e4c89_shot_001_001,ssim,full,0.94691592
34,0.701446,a6927ea4c0223aa08b320e86987e4c89_shot_001_001,lpips,mouth,0.07959222
34,0.701446,a6927ea4c0223aa08b320e86987e4c89_shot_001_001,lpips,full,0.05141775
34,0.701446,a6927ea4c0223aa08b320e86987e4c89_shot_001_001,sharpness,mouth,10.6387
34,0.701446,a6927ea4c0223aa08b320e86987e4c89_shot_001_001,lmd,mouth,3.337803
34,0.701446,a6927ea4c0223aa08b320e86987e4c89_shot_001_001,sync_d,mouth,6.892266
34,0.701446,a6927ea4c0223aa08b320e86987e4c89_shot_001_001,sync_c,mouth,8.353317
35,0.681508,a6927ea4c0223aa08b320e86987e4c89_shot_001_001,pixel_mse,mouth,0.00267992
35,0.681508,a6927ea4c0223aa08b320e86987e4c89_shot_001_001,pixel_mse,upper_face,0.00008608
35,0.681508,a6927ea4c0223aa08b320e86987e4c89_shot_001_001,pixel_mse,full,0.00114177
35,0.681508,a6927ea4c0223aa08b320e86987e4c89_shot_001_001,ssim,mouth,0.90966797
35,0.681508,a6927ea4c0223aa08b320e86987e4c89_shot_001_001,ssim,upper_face,0.97139072
35,0.681508,a6927ea4c0223aa08b320e86987e4c89_shot_001_001,ssim,full,0.94626987
35,0.681508,a6927ea4c0223aa08b320e86987e4c89_shot_001_001,lpips,mouth,0.08106586
35,0.681508,a6927ea4c0223aa08b320e86987e4c89_shot_001_001,lpips,full,0.05204186
35,0.681508,a6927ea4c0223aa08b320e86987e4c89_shot_001_001,sharpness,mouth,10.6030
35,0.681508,a6927ea4c0223aa08b320e86987e4c89_shot_001_001,lmd,mouth,3.453729
35,0.681508,a6927ea4c0223aa08b320e86987e4c89_shot_001_001,sync_d,mouth,6.941520
35,0.681508,a6927ea4c0223aa08b320e86987e4c89_shot_001_001,sync_c,mouth,8.279612
36,0.660066,a6927ea4c0223aa08b320e86987e4c89_shot_001_001,pixel_mse,mouth,0.00294288
36,0.660066,a6927ea4c0223aa08b320e86987e4c89_shot_001_001,pixel_mse,upper_face,0.00008555
36,0.660066,a6927ea4c0223aa08b320e86987e4c89_shot_001_001,pixel_mse,full,0.00124848
36,0.660066,a6927ea4c0223aa08b320e86987e4c89_shot_001_001,ssim,mouth,0.90748519
36,0.660066,a6927ea4c0223aa08b320e86987e4c89_shot_001_001,ssim,upper_face,0.97137386
36,0.660066,a6927ea4c0223aa08b320e86987e4c89_shot_001_001,ssim,full,0.94537139
36,0.660066,a6927ea4c0223aa08b320e86987e4c89_shot_001_001,lpips,mouth,0.08261529
36,0.660066,a6927ea4c0223aa08b320e86987e4c89_shot_001_001,lpips,full,0.05292952
36,0.660066,a6927ea4c0223aa08b320e86987e4c89_shot_001_001,sharpness,mouth,10.5993
36,0.660066,a6927ea4c0223aa08b320e86987e4c89_shot_001_001,lmd,mouth,3.549403
36,0.660066,a6927ea4c0223aa08b320e86987e4c89_shot_001_001,sync_d,mouth,6.907641
36,0.660066,a6927ea4c0223aa08b320e86987e4c89_shot_001_001,sync_c,mouth,8.266132
37,0.636942,a6927ea4c0223aa08b320e86987e4c89_shot_001_001,pixel_mse,mouth,0.00317157
37,0.636942,a6927ea4c0223aa08b320e86987e4c89_shot_001_001,pixel_mse,upper_face,0.00008544
37,0.636942,a6927ea4c0223aa08b320e86987e4c89_shot_001_001,pixel_mse,full,0.00134148
37,0.636942,a6927ea4c0223aa08b320e86987e4c89_shot_001_001,ssim,mouth,0.90571529
37,0.636942,a6927ea4c0223aa08b320e86987e4c89_shot_001_001,ssim,upper_face,0.97149271
37,0.636942,a6927ea4c0223aa08b320e86987e4c89_shot_001_001,ssim,full,0.94472146
37,0.636942,a6927ea4c0223aa08b320e86987e4c89_shot_001_001,lpips,mouth,0.08402597
37,0.636942,a6927ea4c0223aa08b320e86987e4c89_shot_001_001,lpips,full,0.05360573
37,0.636942,a6927ea4c0223aa08b320e86987e4c89_shot_001_001,sharpness,mouth,10.5732
37,0.636942,a6927ea4c0223aa08b320e86987e4c89_shot_001_001,lmd,mouth,3.700339
37,0.636942,a6927ea4c0223aa08b320e86987e4c89_shot_001_001,sync_d,mouth,6.966292
37,0.636942,a6927ea4c0223aa08b320e86987e4c89_shot_001_001,sync_c,mouth,8.189722
38,0.611932,a6927ea4c0223aa08b320e86987e4c89_shot_001_001,pixel_mse,mouth,0.00335461
38,0.611932,a6927ea4c0223aa08b320e86987e4c89_shot_001_001,pixel_mse,upper_face,0.00008553
38,0.611932,a6927ea4c0223aa08b320e86987e4c89_shot_001_001,pixel_mse,full,0.00141604
38,0.611932,a6927ea4c0223aa08b320e86987e4c89_shot_001_001,ssim,mouth,0.90392858
38,0.611932,a6927ea4c0223aa08b320e86987e4c89_shot_001_001,ssim,upper_face,0.97144932
38,0.611932,a6927ea4c0223aa08b320e86987e4c89_shot_001_001,ssim,full,0.94396847
38,0.611932,a6927ea4c0223aa08b320e86987e4c89_shot_001_001,lpips,mouth,0.08517645
38,0.611932,a6927ea4c0223aa08b320e86987e4c89_shot_001_001,lpips,full,0.05432296
38,0.611932,a6927ea4c0223aa08b320e86987e4c89_shot_001_001,sharpness,mouth,10.5876
38,0.611932,a6927ea4c0223aa08b320e86987e4c89_shot_001_001,lmd,mouth,3.872778
38,0.611932,a6927ea4c0223aa08b320e86987e4c89_shot_001_001,sync_d,mouth,7.093224
38,0.611932,a6927ea4c0223aa08b320e86987e4c89_shot_001_001,sync_c,mouth,8.077631
39,0.584795,a6927ea4c0223aa08b320e86987e4c89_shot_001_001,pixel_mse,mouth,0.00350133
39,0.584795,a6927ea4c0223aa08b320e86987e4c89_shot_001_001,pixel_mse,upper_face,0.00008551
39,0.584795,a6927ea4c0223aa08b320e86987e4c89_shot_001_001,pixel_mse,full,0.00147574
39,0.584795,a6927ea4c0223aa08b320e86987e4c89_shot_001_001,ssim,mouth,0.90237051
39,0.584795,a6927ea4c0223aa08b320e86987e4c89_shot_001_001,ssim,upper_face,0.97146708
39,0.584795,a6927ea4c0223aa08b320e86987e4c89_shot_001_001,ssim,full,0.94334489
39,0.584795,a6927ea4c0223aa08b320e86987e4c89_shot_001_001,lpips,mouth,0.08608267
39,0.584795,a6927ea4c0223aa08b320e86987e4c89_shot_001_001,lpips,full,0.05482970
39,0.584795,a6927ea4c0223aa08b320e86987e4c89_shot_001_001,sharpness,mouth,10.6381
39,0.584795,a6927ea4c0223aa08b320e86987e4c89_shot_001_001,lmd,mouth,4.075160
39,0.584795,a6927ea4c0223aa08b320e86987e4c89_shot_001_001,sync_d,mouth,7.171447
39,0.584795,a6927ea4c0223aa08b320e86987e4c89_shot_001_001,sync_c,mouth,8.030828
40,0.555247,a6927ea4c0223aa08b320e86987e4c89_shot_001_001,pixel_mse,mouth,0.00363636
40,0.555247,a6927ea4c0223aa08b320e86987e4c89_shot_001_001,pixel_mse,upper_face,0.00008544
40,0.555247,a6927ea4c0223aa08b320e86987e4c89_shot_001_001,pixel_mse,full,0.00153066
40,0.555247,a6927ea4c0223aa08b320e86987e4c89_shot_001_001,ssim,mouth,0.90079218
40,0.555247,a6927ea4c0223aa08b320e86987e4c89_shot_001_001,ssim,upper_face,0.97149646
40,0.555247,a6927ea4c0223aa08b320e86987e4c89_shot_001_001,ssim,full,0.94272000
40,0.555247,a6927ea4c0223aa08b320e86987e4c89_shot_001_001,lpips,mouth,0.08744055
40,0.555247,a6927ea4c0223aa08b320e86987e4c89_shot_001_001,lpips,full,0.05552939
40,0.555247,a6927ea4c0223aa08b320e86987e4c89_shot_001_001,sharpness,mouth,10.6552
40,0.555247,a6927ea4c0223aa08b320e86987e4c89_shot_001_001,lmd,mouth,4.177175
40,0.555247,a6927ea4c0223aa08b320e86987e4c89_shot_001_001,sync_d,mouth,7.176645
40,0.555247,a6927ea4c0223aa08b320e86987e4c89_shot_001_001,sync_c,mouth,7.958070
41,0.522951,a6927ea4c0223aa08b320e86987e4c89_shot_001_001,pixel_mse,mouth,0.00378274
41,0.522951,a6927ea4c0223aa08b320e86987e4c89_shot_001_001,pixel_mse,upper_face,0.00008567
41,0.522951,a6927ea4c0223aa08b320e86987e4c89_shot_001_001,pixel_mse,full,0.00159037
41,0.522951,a6927ea4c0223aa08b320e86987e4c89_shot_001_001,ssim,mouth,0.89924264
41,0.522951,a6927ea4c0223aa08b320e86987e4c89_shot_001_001,ssim,upper_face,0.97151411
41,0.522951,a6927ea4c0223aa08b320e86987e4c89_shot_001_001,ssim,full,0.94209969
41,0.522951,a6927ea4c0223aa08b320e86987e4c89_shot_001_001,lpips,mouth,0.08864997
41,0.522951,a6927ea4c0223aa08b320e86987e4c89_shot_001_001,lpips,full,0.05633174
41,0.522951,a6927ea4c0223aa08b320e86987e4c89_shot_001_001,sharpness,mouth,10.7113
41,0.522951,a6927ea4c0223aa08b320e86987e4c89_shot_001_001,lmd,mouth,4.119447
41,0.522951,a6927ea4c0223aa08b320e86987e4c89_shot_001_001,sync_d,mouth,7.267552
41,0.522951,a6927ea4c0223aa08b320e86987e4c89_shot_001_001,sync_c,mouth,7.935861
42,0.487507,a6927ea4c0223aa08b320e86987e4c89_shot_001_001,pixel_mse,mouth,0.00392737
42,0.487507,a6927ea4c0223aa08b320e86987e4c89_shot_001_001,pixel_mse,upper_face,0.00008575
42,0.487507,a6927ea4c0223aa08b320e86987e4c89_shot_001_001,pixel_mse,full,0.00164928
42,0.487507,a6927ea4c0223aa08b320e86987e4c89_shot_001_001,ssim,mouth,0.89777356
42,0.487507,a6927ea4c0223aa08b320e86987e4c89_shot_001_001,ssim,upper_face,0.97154516
42,0.487507,a6927ea4c0223aa08b320e86987e4c89_shot_001_001,ssim,full,0.94152039
42,0.487507,a6927ea4c0223aa08b320e86987e4c89_shot_001_001,lpips,mouth,0.08968843
42,0.487507,a6927ea4c0223aa08b320e86987e4c89_shot_001_001,lpips,full,0.05688842
42,0.487507,a6927ea4c0223aa08b320e86987e4c89_shot_001_001,sharpness,mouth,10.7301
42,0.487507,a6927ea4c0223aa08b320e86987e4c89_shot_001_001,lmd,mouth,4.344941
42,0.487507,a6927ea4c0223aa08b320e86987e4c89_shot_001_001,sync_d,mouth,7.275703
42,0.487507,a6927ea4c0223aa08b320e86987e4c89_shot_001_001,sync_c,mouth,7.868720
43,0.448430,a6927ea4c0223aa08b320e86987e4c89_shot_001_001,pixel_mse,mouth,0.00406687
43,0.448430,a6927ea4c0223aa08b320e86987e4c89_shot_001_001,pixel_mse,upper_face,0.00008648
43,0.448430,a6927ea4c0223aa08b320e86987e4c89_shot_001_001,pixel_mse,full,0.00170649
43,0.448430,a6927ea4c0223aa08b320e86987e4c89_shot_001_001,ssim,mouth,0.89616024
43,0.448430,a6927ea4c0223aa08b320e86987e4c89_shot_001_001,ssim,upper_face,0.97156131
43,0.448430,a6927ea4c0223aa08b320e86987e4c89_shot_001_001,ssim,full,0.94087321
43,0.448430,a6927ea4c0223aa08b320e86987e4c89_shot_001_001,lpips,mouth,0.09071310
43,0.448430,a6927ea4c0223aa08b320e86987e4c89_shot_001_001,lpips,full,0.05746616
43,0.448430,a6927ea4c0223aa08b320e86987e4c89_shot_001_001,sharpness,mouth,10.7860
43,0.448430,a6927ea4c0223aa08b320e86987e4c89_shot_001_001,lmd,mouth,4.828633
43,0.448430,a6927ea4c0223aa08b320e86987e4c89_shot_001_001,sync_d,mouth,7.290739
43,0.448430,a6927ea4c0223aa08b320e86987e4c89_shot_001_001,sync_c,mouth,7.878499
44,0.405131,a6927ea4c0223aa08b320e86987e4c89_shot_001_001,pixel_mse,mouth,0.00419958
44,0.405131,a6927ea4c0223aa08b320e86987e4c89_shot_001_001,pixel_mse,upper_face,0.00008690
44,0.405131,a6927ea4c0223aa08b320e86987e4c89_shot_001_001,pixel_mse,full,0.00176075
44,0.405131,a6927ea4c0223aa08b320e86987e4c89_shot_001_001,ssim,mouth,0.89455122
44,0.405131,a6927ea4c0223aa08b320e86987e4c89_shot_001_001,ssim,upper_face,0.97159880
44,0.405131,a6927ea4c0223aa08b320e86987e4c89_shot_001_001,ssim,full,0.94024062
44,0.405131,a6927ea4c0223aa08b320e86987e4c89_shot_001_001,lpips,mouth,0.09203272
44,0.405131,a6927ea4c0223aa08b320e86987e4c89_shot_001_001,lpips,full,0.05816637
44,0.405131,a6927ea4c0223aa08b320e86987e4c89_shot_001_001,sharpness,mouth,10.8888
44,0.405131,a6927ea4c0223aa08b320e86987e4c89_shot_001_001,lmd,mouth,4.874911
44,0.405131,a6927ea4c0223aa08b320e86987e4c89_shot_001_001,sync_d,mouth,7.263768
44,0.405131,a6927ea4c0223aa08b320e86987e4c89_shot_001_001,sync_c,mouth,7.874722
45,0.356888,a6927ea4c0223aa08b320e86987e4c89_shot_001_001,pixel_mse,mouth,0.00433909
45,0.356888,a6927ea4c0223aa08b320e86987e4c89_shot_001_001,pixel_mse,upper_face,0.00008790
45,0.356888,a6927ea4c0223aa08b320e86987e4c89_shot_001_001,pixel_mse,full,0.00181812
45,0.356888,a6927ea4c0223aa08b320e86987e4c89_shot_001_001,ssim,mouth,0.89289171
45,0.356888,a6927ea4c0223aa08b320e86987e4c89_shot_001_001,ssim,upper_face,0.97158909
45,0.356888,a6927ea4c0223aa08b320e86987e4c89_shot_001_001,ssim,full,0.93955940
45,0.356888,a6927ea4c0223aa08b320e86987e4c89_shot_001_001,lpips,mouth,0.09308031
45,0.356888,a6927ea4c0223aa08b320e86987e4c89_shot_001_001,lpips,full,0.05887866
45,0.356888,a6927ea4c0223aa08b320e86987e4c89_shot_001_001,sharpness,mouth,10.9288
45,0.356888,a6927ea4c0223aa08b320e86987e4c89_shot_001_001,lmd,mouth,4.940441
45,0.356888,a6927ea4c0223aa08b320e86987e4c89_shot_001_001,sync_d,mouth,7.272125
45,0.356888,a6927ea4c0223aa08b320e86987e4c89_shot_001_001,sync_c,mouth,7.839166
46,0.302801,a6927ea4c0223aa08b320e86987e4c89_shot_001_001,pixel_mse,mouth,0.00447547
46,0.302801,a6927ea4c0223aa08b320e86987e4c89_shot_001_001,pixel_mse,upper_face,0.00008932
46,0.302801,a6927ea4c0223aa08b320e86987e4c89_shot_001_001,pixel_mse,full,0.00187447
46,0.302801,a6927ea4c0223aa08b320e86987e4c89_shot_001_001,ssim,mouth,0.89116210
46,0.302801,a6927ea4c0223aa08b320e86987e4c89_shot_001_001,ssim,upper_face,0.97155523
46,0.302801,a6927ea4c0223aa08b320e86987e4c89_shot_001_001,ssim,full,0.93883562
46,0.302801,a6927ea4c0223aa08b320e86987e4c89_shot_001_001,lpips,mouth,0.09449764
46,0.302801,a6927ea4c0223aa08b320e86987e4c89_shot_001_001,lpips,full,0.05976366
46,0.302801,a6927ea4c0223aa08b320e86987e4c89_shot_001_001,sharpness,mouth,10.9765
46,0.302801,a6927ea4c0223aa08b320e86987e4c89_shot_001_001,lmd,mouth,4.944792
46,0.302801,a6927ea4c0223aa08b320e86987e4c89_shot_001_001,sync_d,mouth,7.428994
46,0.302801,a6927ea4c0223aa08b320e86987e4c89_shot_001_001,sync_c,mouth,7.721774
47,0.241740,a6927ea4c0223aa08b320e86987e4c89_shot_001_001,pixel_mse,mouth,0.00460720
47,0.241740,a6927ea4c0223aa08b320e86987e4c89_shot_001_001,pixel_mse,upper_face,0.00009402
47,0.241740,a6927ea4c0223aa08b320e86987e4c89_shot_001_001,pixel_mse,full,0.00193087
47,0.241740,a6927ea4c0223aa08b320e86987e4c89_shot_001_001,ssim,mouth,0.88943726
47,0.241740,a6927ea4c0223aa08b320e86987e4c89_shot_001_001,ssim,upper_face,0.97091955
47,0.241740,a6927ea4c0223aa08b320e86987e4c89_shot_001_001,ssim,full,0.93775648
47,0.241740,a6927ea4c0223aa08b320e86987e4c89_shot_001_001,lpips,mouth,0.09632728
47,0.241740,a6927ea4c0223aa08b320e86987e4c89_shot_001_001,lpips,full,0.06100190
47,0.241740,a6927ea4c0223aa08b320e86987e4c89_shot_001_001,sharpness,mouth,11.0713
47,0.241740,a6927ea4c0223aa08b320e86987e4c89_shot_001_001,lmd,mouth,5.364664
47,0.241740,a6927ea4c0223aa08b320e86987e4c89_shot_001_001,sync_d,mouth,7.400951
47,0.241740,a6927ea4c0223aa08b320e86987e4c89_shot_001_001,sync_c,mouth,7.693833
48,0.172265,a6927ea4c0223aa08b320e86987e4c89_shot_001_001,pixel_mse,mouth,0.00473972
48,0.172265,a6927ea4c0223aa08b320e86987e4c89_shot_001_001,pixel_mse,upper_face,0.00010130
48,0.172265,a6927ea4c0223aa08b320e86987e4c89_shot_001_001,pixel_mse,full,0.00198912
48,0.172265,a6927ea4c0223aa08b320e86987e4c89_shot_001_001,ssim,mouth,0.88764465
48,0.172265,a6927ea4c0223aa08b320e86987e4c89_shot_001_001,ssim,upper_face,0.97054011
48,0.172265,a6927ea4c0223aa08b320e86987e4c89_shot_001_001,ssim,full,0.93680185
48,0.172265,a6927ea4c0223aa08b320e86987e4c89_shot_001_001,lpips,mouth,0.09856914
48,0.172265,a6927ea4c0223aa08b320e86987e4c89_shot_001_001,lpips,full,0.06242239
48,0.172265,a6927ea4c0223aa08b320e86987e4c89_shot_001_001,sharpness,mouth,11.1594
48,0.172265,a6927ea4c0223aa08b320e86987e4c89_shot_001_001,lmd,mouth,5.204130
48,0.172265,a6927ea4c0223aa08b320e86987e4c89_shot_001_001,sync_d,mouth,7.433352
48,0.172265,a6927ea4c0223aa08b320e86987e4c89_shot_001_001,sync_c,mouth,7.657379
49,0.092507,a6927ea4c0223aa08b320e86987e4c89_shot_001_001,pixel_mse,mouth,0.00487152
49,0.092507,a6927ea4c0223aa08b320e86987e4c89_shot_001_001,pixel_mse,upper_face,0.00011935
49,0.092507,a6927ea4c0223aa08b320e86987e4c89_shot_001_001,pixel_mse,full,0.00205348
49,0.092507,a6927ea4c0223aa08b320e86987e4c89_shot_001_001,ssim,mouth,0.88579190
49,0.092507,a6927ea4c0223aa08b320e86987e4c89_shot_001_001,ssim,upper_face,0.96964836
49,0.092507,a6927ea4c0223aa08b320e86987e4c89_shot_001_001,ssim,full,0.93551898
49,0.092507,a6927ea4c0223aa08b320e86987e4c89_shot_001_001,lpips,mouth,0.10108579
49,0.092507,a6927ea4c0223aa08b320e86987e4c89_shot_001_001,lpips,full,0.06444534
49,0.092507,a6927ea4c0223aa08b320e86987e4c89_shot_001_001,sharpness,mouth,11.2082
49,0.092507,a6927ea4c0223aa08b320e86987e4c89_shot_001_001,lmd,mouth,5.237244
49,0.092507,a6927ea4c0223aa08b320e86987e4c89_shot_001_001,sync_d,mouth,7.340469
49,0.092507,a6927ea4c0223aa08b320e86987e4c89_shot_001_001,sync_c,mouth,7.633875
-1,gt,d39560e57ccf0d56a57604dda32c01f1_shot_001_000,sharpness,mouth,14.4626
-1,gt,d39560e57ccf0d56a57604dda32c01f1_shot_001_000,sync_d,mouth,6.505698
-1,gt,d39560e57ccf0d56a57604dda32c01f1_shot_001_000,sync_c,mouth,9.664845
0,0.999000,d39560e57ccf0d56a57604dda32c01f1_shot_001_000,pixel_mse,mouth,0.00105351
0,0.999000,d39560e57ccf0d56a57604dda32c01f1_shot_001_000,pixel_mse,upper_face,0.00028019
0,0.999000,d39560e57ccf0d56a57604dda32c01f1_shot_001_000,pixel_mse,full,0.00059493
0,0.999000,d39560e57ccf0d56a57604dda32c01f1_shot_001_000,ssim,mouth,0.90547395
0,0.999000,d39560e57ccf0d56a57604dda32c01f1_shot_001_000,ssim,upper_face,0.95213789
0,0.999000,d39560e57ccf0d56a57604dda32c01f1_shot_001_000,ssim,full,0.93314588
0,0.999000,d39560e57ccf0d56a57604dda32c01f1_shot_001_000,lpips,mouth,0.12077951
0,0.999000,d39560e57ccf0d56a57604dda32c01f1_shot_001_000,lpips,full,0.08291201
0,0.999000,d39560e57ccf0d56a57604dda32c01f1_shot_001_000,sharpness,mouth,15.0599
0,0.999000,d39560e57ccf0d56a57604dda32c01f1_shot_001_000,lmd,mouth,3.332333
0,0.999000,d39560e57ccf0d56a57604dda32c01f1_shot_001_000,sync_d,mouth,5.875759
0,0.999000,d39560e57ccf0d56a57604dda32c01f1_shot_001_000,sync_c,mouth,10.089101
1,0.995732,d39560e57ccf0d56a57604dda32c01f1_shot_001_000,pixel_mse,mouth,0.00104957
1,0.995732,d39560e57ccf0d56a57604dda32c01f1_shot_001_000,pixel_mse,upper_face,0.00027329
1,0.995732,d39560e57ccf0d56a57604dda32c01f1_shot_001_000,pixel_mse,full,0.00058923
1,0.995732,d39560e57ccf0d56a57604dda32c01f1_shot_001_000,ssim,mouth,0.90577292
1,0.995732,d39560e57ccf0d56a57604dda32c01f1_shot_001_000,ssim,upper_face,0.95270485
1,0.995732,d39560e57ccf0d56a57604dda32c01f1_shot_001_000,ssim,full,0.93360364
1,0.995732,d39560e57ccf0d56a57604dda32c01f1_shot_001_000,lpips,mouth,0.12084584
1,0.995732,d39560e57ccf0d56a57604dda32c01f1_shot_001_000,lpips,full,0.08287662
1,0.995732,d39560e57ccf0d56a57604dda32c01f1_shot_001_000,sharpness,mouth,14.7226
1,0.995732,d39560e57ccf0d56a57604dda32c01f1_shot_001_000,lmd,mouth,3.381917
1,0.995732,d39560e57ccf0d56a57604dda32c01f1_shot_001_000,sync_d,mouth,5.890821
1,0.995732,d39560e57ccf0d56a57604dda32c01f1_shot_001_000,sync_c,mouth,10.111835
2,0.991530,d39560e57ccf0d56a57604dda32c01f1_shot_001_000,pixel_mse,mouth,0.00101570
2,0.991530,d39560e57ccf0d56a57604dda32c01f1_shot_001_000,pixel_mse,upper_face,0.00025335
2,0.991530,d39560e57ccf0d56a57604dda32c01f1_shot_001_000,pixel_mse,full,0.00056362
2,0.991530,d39560e57ccf0d56a57604dda32c01f1_shot_001_000,ssim,mouth,0.90677834
2,0.991530,d39560e57ccf0d56a57604dda32c01f1_shot_001_000,ssim,upper_face,0.95445466
2,0.991530,d39560e57ccf0d56a57604dda32c01f1_shot_001_000,ssim,full,0.93505061
2,0.991530,d39560e57ccf0d56a57604dda32c01f1_shot_001_000,lpips,mouth,0.11814759
2,0.991530,d39560e57ccf0d56a57604dda32c01f1_shot_001_000,lpips,full,0.08075941
2,0.991530,d39560e57ccf0d56a57604dda32c01f1_shot_001_000,sharpness,mouth,14.6977
2,0.991530,d39560e57ccf0d56a57604dda32c01f1_shot_001_000,lmd,mouth,3.315491
2,0.991530,d39560e57ccf0d56a57604dda32c01f1_shot_001_000,sync_d,mouth,5.926659
2,0.991530,d39560e57ccf0d56a57604dda32c01f1_shot_001_000,sync_c,mouth,10.044741
3,0.987187,d39560e57ccf0d56a57604dda32c01f1_shot_001_000,pixel_mse,mouth,0.00099869
3,0.987187,d39560e57ccf0d56a57604dda32c01f1_shot_001_000,pixel_mse,upper_face,0.00023772
3,0.987187,d39560e57ccf0d56a57604dda32c01f1_shot_001_000,pixel_mse,full,0.00054743
3,0.987187,d39560e57ccf0d56a57604dda32c01f1_shot_001_000,ssim,mouth,0.90745056
3,0.987187,d39560e57ccf0d56a57604dda32c01f1_shot_001_000,ssim,upper_face,0.95598280
3,0.987187,d39560e57ccf0d56a57604dda32c01f1_shot_001_000,ssim,full,0.93623024
3,0.987187,d39560e57ccf0d56a57604dda32c01f1_shot_001_000,lpips,mouth,0.11651181
3,0.987187,d39560e57ccf0d56a57604dda32c01f1_shot_001_000,lpips,full,0.07917725
3,0.987187,d39560e57ccf0d56a57604dda32c01f1_shot_001_000,sharpness,mouth,14.6661
3,0.987187,d39560e57ccf0d56a57604dda32c01f1_shot_001_000,lmd,mouth,3.281545
3,0.987187,d39560e57ccf0d56a57604dda32c01f1_shot_001_000,sync_d,mouth,5.840542
3,0.987187,d39560e57ccf0d56a57604dda32c01f1_shot_001_000,sync_c,mouth,10.199152
4,0.982696,d39560e57ccf0d56a57604dda32c01f1_shot_001_000,pixel_mse,mouth,0.00097592
4,0.982696,d39560e57ccf0d56a57604dda32c01f1_shot_001_000,pixel_mse,upper_face,0.00022954
4,0.982696,d39560e57ccf0d56a57604dda32c01f1_shot_001_000,pixel_mse,full,0.00053331
4,0.982696,d39560e57ccf0d56a57604dda32c01f1_shot_001_000,ssim,mouth,0.90860307
4,0.982696,d39560e57ccf0d56a57604dda32c01f1_shot_001_000,ssim,upper_face,0.95691824
4,0.982696,d39560e57ccf0d56a57604dda32c01f1_shot_001_000,ssim,full,0.93725407
4,0.982696,d39560e57ccf0d56a57604dda32c01f1_shot_001_000,lpips,mouth,0.11489740
4,0.982696,d39560e57ccf0d56a57604dda32c01f1_shot_001_000,lpips,full,0.07781959
4,0.982696,d39560e57ccf0d56a57604dda32c01f1_shot_001_000,sharpness,mouth,14.7416
4,0.982696,d39560e57ccf0d56a57604dda32c01f1_shot_001_000,lmd,mouth,3.369388
4,0.982696,d39560e57ccf0d56a57604dda32c01f1_shot_001_000,sync_d,mouth,5.861876
4,0.982696,d39560e57ccf0d56a57604dda32c01f1_shot_001_000,sync_c,mouth,10.228140
5,0.978048,d39560e57ccf0d56a57604dda32c01f1_shot_001_000,pixel_mse,mouth,0.00096058
5,0.978048,d39560e57ccf0d56a57604dda32c01f1_shot_001_000,pixel_mse,upper_face,0.00022331
5,0.978048,d39560e57ccf0d56a57604dda32c01f1_shot_001_000,pixel_mse,full,0.00052338
5,0.978048,d39560e57ccf0d56a57604dda32c01f1_shot_001_000,ssim,mouth,0.90955919
5,0.978048,d39560e57ccf0d56a57604dda32c01f1_shot_001_000,ssim,upper_face,0.95766908
5,0.978048,d39560e57ccf0d56a57604dda32c01f1_shot_001_000,ssim,full,0.93808848
5,0.978048,d39560e57ccf0d56a57604dda32c01f1_shot_001_000,lpips,mouth,0.11398404
5,0.978048,d39560e57ccf0d56a57604dda32c01f1_shot_001_000,lpips,full,0.07702576
5,0.978048,d39560e57ccf0d56a57604dda32c01f1_shot_001_000,sharpness,mouth,14.7034
5,0.978048,d39560e57ccf0d56a57604dda32c01f1_shot_001_000,lmd,mouth,3.304180
5,0.978048,d39560e57ccf0d56a57604dda32c01f1_shot_001_000,sync_d,mouth,5.971908
5,0.978048,d39560e57ccf0d56a57604dda32c01f1_shot_001_000,sync_c,mouth,10.187983
6,0.973236,d39560e57ccf0d56a57604dda32c01f1_shot_001_000,pixel_mse,mouth,0.00095560
6,0.973236,d39560e57ccf0d56a57604dda32c01f1_shot_001_000,pixel_mse,upper_face,0.00021499
6,0.973236,d39560e57ccf0d56a57604dda32c01f1_shot_001_000,pixel_mse,full,0.00051642
6,0.973236,d39560e57ccf0d56a57604dda32c01f1_shot_001_000,ssim,mouth,0.91007245
6,0.973236,d39560e57ccf0d56a57604dda32c01f1_shot_001_000,ssim,upper_face,0.95830941
6,0.973236,d39560e57ccf0d56a57604dda32c01f1_shot_001_000,ssim,full,0.93867707
6,0.973236,d39560e57ccf0d56a57604dda32c01f1_shot_001_000,lpips,mouth,0.11309060
6,0.973236,d39560e57ccf0d56a57604dda32c01f1_shot_001_000,lpips,full,0.07609816
6,0.973236,d39560e57ccf0d56a57604dda32c01f1_shot_001_000,sharpness,mouth,14.7673
6,0.973236,d39560e57ccf0d56a57604dda32c01f1_shot_001_000,lmd,mouth,3.336222
6,0.973236,d39560e57ccf0d56a57604dda32c01f1_shot_001_000,sync_d,mouth,6.004807
6,0.973236,d39560e57ccf0d56a57604dda32c01f1_shot_001_000,sync_c,mouth,10.191005
7,0.968250,d39560e57ccf0d56a57604dda32c01f1_shot_001_000,pixel_mse,mouth,0.00094065
7,0.968250,d39560e57ccf0d56a57604dda32c01f1_shot_001_000,pixel_mse,upper_face,0.00020835
7,0.968250,d39560e57ccf0d56a57604dda32c01f1_shot_001_000,pixel_mse,full,0.00050639
7,0.968250,d39560e57ccf0d56a57604dda32c01f1_shot_001_000,ssim,mouth,0.91065198
7,0.968250,d39560e57ccf0d56a57604dda32c01f1_shot_001_000,ssim,upper_face,0.95877057
7,0.968250,d39560e57ccf0d56a57604dda32c01f1_shot_001_000,ssim,full,0.93918628
7,0.968250,d39560e57ccf0d56a57604dda32c01f1_shot_001_000,lpips,mouth,0.11201295
7,0.968250,d39560e57ccf0d56a57604dda32c01f1_shot_001_000,lpips,full,0.07533061
7,0.968250,d39560e57ccf0d56a57604dda32c01f1_shot_001_000,sharpness,mouth,14.7241
7,0.968250,d39560e57ccf0d56a57604dda32c01f1_shot_001_000,lmd,mouth,3.347774
7,0.968250,d39560e57ccf0d56a57604dda32c01f1_shot_001_000,sync_d,mouth,6.065179
7,0.968250,d39560e57ccf0d56a57604dda32c01f1_shot_001_000,sync_c,mouth,10.164262
8,0.963082,d39560e57ccf0d56a57604dda32c01f1_shot_001_000,pixel_mse,mouth,0.00092886
8,0.963082,d39560e57ccf0d56a57604dda32c01f1_shot_001_000,pixel_mse,upper_face,0.00020573
8,0.963082,d39560e57ccf0d56a57604dda32c01f1_shot_001_000,pixel_mse,full,0.00050004
8,0.963082,d39560e57ccf0d56a57604dda32c01f1_shot_001_000,ssim,mouth,0.91117221
8,0.963082,d39560e57ccf0d56a57604dda32c01f1_shot_001_000,ssim,upper_face,0.95917791
8,0.963082,d39560e57ccf0d56a57604dda32c01f1_shot_001_000,ssim,full,0.93963981
8,0.963082,d39560e57ccf0d56a57604dda32c01f1_shot_001_000,lpips,mouth,0.11031831
8,0.963082,d39560e57ccf0d56a57604dda32c01f1_shot_001_000,lpips,full,0.07440422
8,0.963082,d39560e57ccf0d56a57604dda32c01f1_shot_001_000,sharpness,mouth,14.7883
8,0.963082,d39560e57ccf0d56a57604dda32c01f1_shot_001_000,lmd,mouth,3.282569
8,0.963082,d39560e57ccf0d56a57604dda32c01f1_shot_001_000,sync_d,mouth,6.046298
8,0.963082,d39560e57ccf0d56a57604dda32c01f1_shot_001_000,sync_c,mouth,10.260564
9,0.957720,d39560e57ccf0d56a57604dda32c01f1_shot_001_000,pixel_mse,mouth,0.00094389
9,0.957720,d39560e57ccf0d56a57604dda32c01f1_shot_001_000,pixel_mse,upper_face,0.00020109
9,0.957720,d39560e57ccf0d56a57604dda32c01f1_shot_001_000,pixel_mse,full,0.00050341
9,0.957720,d39560e57ccf0d56a57604dda32c01f1_shot_001_000,ssim,mouth,0.91092581
9,0.957720,d39560e57ccf0d56a57604dda32c01f1_shot_001_000,ssim,upper_face,0.95957625
9,0.957720,d39560e57ccf0d56a57604dda32c01f1_shot_001_000,ssim,full,0.93977565
9,0.957720,d39560e57ccf0d56a57604dda32c01f1_shot_001_000,lpips,mouth,0.10988580
9,0.957720,d39560e57ccf0d56a57604dda32c01f1_shot_001_000,lpips,full,0.07384448
9,0.957720,d39560e57ccf0d56a57604dda32c01f1_shot_001_000,sharpness,mouth,14.8076
9,0.957720,d39560e57ccf0d56a57604dda32c01f1_shot_001_000,lmd,mouth,3.281864
9,0.957720,d39560e57ccf0d56a57604dda32c01f1_shot_001_000,sync_d,mouth,6.051662
9,0.957720,d39560e57ccf0d56a57604dda32c01f1_shot_001_000,sync_c,mouth,10.287548
10,0.952154,d39560e57ccf0d56a57604dda32c01f1_shot_001_000,pixel_mse,mouth,0.00093494
10,0.952154,d39560e57ccf0d56a57604dda32c01f1_shot_001_000,pixel_mse,upper_face,0.00019723
10,0.952154,d39560e57ccf0d56a57604dda32c01f1_shot_001_000,pixel_mse,full,0.00049748
10,0.952154,d39560e57ccf0d56a57604dda32c01f1_shot_001_000,ssim,mouth,0.91124356
10,0.952154,d39560e57ccf0d56a57604dda32c01f1_shot_001_000,ssim,upper_face,0.95988768
10,0.952154,d39560e57ccf0d56a57604dda32c01f1_shot_001_000,ssim,full,0.94008964
10,0.952154,d39560e57ccf0d56a57604dda32c01f1_shot_001_000,lpips,mouth,0.10872985
10,0.952154,d39560e57ccf0d56a57604dda32c01f1_shot_001_000,lpips,full,0.07307754
10,0.952154,d39560e57ccf0d56a57604dda32c01f1_shot_001_000,sharpness,mouth,14.7864
10,0.952154,d39560e57ccf0d56a57604dda32c01f1_shot_001_000,lmd,mouth,3.274450
10,0.952154,d39560e57ccf0d56a57604dda32c01f1_shot_001_000,sync_d,mouth,6.093668
10,0.952154,d39560e57ccf0d56a57604dda32c01f1_shot_001_000,sync_c,mouth,10.304316
11,0.946372,d39560e57ccf0d56a57604dda32c01f1_shot_001_000,pixel_mse,mouth,0.00093804
11,0.946372,d39560e57ccf0d56a57604dda32c01f1_shot_001_000,pixel_mse,upper_face,0.00019445
11,0.946372,d39560e57ccf0d56a57604dda32c01f1_shot_001_000,pixel_mse,full,0.00049709
11,0.946372,d39560e57ccf0d56a57604dda32c01f1_shot_001_000,ssim,mouth,0.91124940
11,0.946372,d39560e57ccf0d56a57604dda32c01f1_shot_001_000,ssim,upper_face,0.96021581
11,0.946372,d39560e57ccf0d56a57604dda32c01f1_shot_001_000,ssim,full,0.94028664
11,0.946372,d39560e57ccf0d56a57604dda32c01f1_shot_001_000,lpips,mouth,0.10807890
11,0.946372,d39560e57ccf0d56a57604dda32c01f1_shot_001_000,lpips,full,0.07243692
11,0.946372,d39560e57ccf0d56a57604dda32c01f1_shot_001_000,sharpness,mouth,14.8177
11,0.946372,d39560e57ccf0d56a57604dda32c01f1_shot_001_000,lmd,mouth,3.271722
11,0.946372,d39560e57ccf0d56a57604dda32c01f1_shot_001_000,sync_d,mouth,6.145195
11,0.946372,d39560e57ccf0d56a57604dda32c01f1_shot_001_000,sync_c,mouth,10.330147
12,0.940361,d39560e57ccf0d56a57604dda32c01f1_shot_001_000,pixel_mse,mouth,0.00094601
12,0.940361,d39560e57ccf0d56a57604dda32c01f1_shot_001_000,pixel_mse,upper_face,0.00019188
12,0.940361,d39560e57ccf0d56a57604dda32c01f1_shot_001_000,pixel_mse,full,0.00049881
12,0.940361,d39560e57ccf0d56a57604dda32c01f1_shot_001_000,ssim,mouth,0.91112566
12,0.940361,d39560e57ccf0d56a57604dda32c01f1_shot_001_000,ssim,upper_face,0.96044970
12,0.940361,d39560e57ccf0d56a57604dda32c01f1_shot_001_000,ssim,full,0.94037497
12,0.940361,d39560e57ccf0d56a57604dda32c01f1_shot_001_000,lpips,mouth,0.10692289
12,0.940361,d39560e57ccf0d56a57604dda32c01f1_shot_001_000,lpips,full,0.07190327
12,0.940361,d39560e57ccf0d56a57604dda32c01f1_shot_001_000,sharpness,mouth,14.7801
12,0.940361,d39560e57ccf0d56a57604dda32c01f1_shot_001_000,lmd,mouth,3.275882
12,0.940361,d39560e57ccf0d56a57604dda32c01f1_shot_001_000,sync_d,mouth,6.210756
12,0.940361,d39560e57ccf0d56a57604dda32c01f1_shot_001_000,sync_c,mouth,10.252411
13,0.934107,d39560e57ccf0d56a57604dda32c01f1_shot_001_000,pixel_mse,mouth,0.00094718
13,0.934107,d39560e57ccf0d56a57604dda32c01f1_shot_001_000,pixel_mse,upper_face,0.00018844
13,0.934107,d39560e57ccf0d56a57604dda32c01f1_shot_001_000,pixel_mse,full,0.00049725
13,0.934107,d39560e57ccf0d56a57604dda32c01f1_shot_001_000,ssim,mouth,0.91101640
13,0.934107,d39560e57ccf0d56a57604dda32c01f1_shot_001_000,ssim,upper_face,0.96074301
13,0.934107,d39560e57ccf0d56a57604dda32c01f1_shot_001_000,ssim,full,0.94050449
13,0.934107,d39560e57ccf0d56a57604dda32c01f1_shot_001_000,lpips,mouth,0.10539473
13,0.934107,d39560e57ccf0d56a57604dda32c01f1_shot_001_000,lpips,full,0.07075064
13,0.934107,d39560e57ccf0d56a57604dda32c01f1_shot_001_000,sharpness,mouth,14.8406
13,0.934107,d39560e57ccf0d56a57604dda32c01f1_shot_001_000,lmd,mouth,3.227166
13,0.934107,d39560e57ccf0d56a57604dda32c01f1_shot_001_000,sync_d,mouth,6.241197
13,0.934107,d39560e57ccf0d56a57604dda32c01f1_shot_001_000,sync_c,mouth,10.305565
14,0.927596,d39560e57ccf0d56a57604dda32c01f1_shot_001_000,pixel_mse,mouth,0.00095824
14,0.927596,d39560e57ccf0d56a57604dda32c01f1_shot_001_000,pixel_mse,upper_face,0.00018622
14,0.927596,d39560e57ccf0d56a57604dda32c01f1_shot_001_000,pixel_mse,full,0.00050043
14,0.927596,d39560e57ccf0d56a57604dda32c01f1_shot_001_000,ssim,mouth,0.91063815
14,0.927596,d39560e57ccf0d56a57604dda32c01f1_shot_001_000,ssim,upper_face,0.96093738
14,0.927596,d39560e57ccf0d56a57604dda32c01f1_shot_001_000,ssim,full,0.94046575
14,0.927596,d39560e57ccf0d56a57604dda32c01f1_shot_001_000,lpips,mouth,0.10460413
14,0.927596,d39560e57ccf0d56a57604dda32c01f1_shot_001_000,lpips,full,0.07014502
14,0.927596,d39560e57ccf0d56a57604dda32c01f1_shot_001_000,sharpness,mouth,14.8230
14,0.927596,d39560e57ccf0d56a57604dda32c01f1_shot_001_000,lmd,mouth,3.258864
14,0.927596,d39560e57ccf0d56a57604dda32c01f1_shot_001_000,sync_d,mouth,6.181737
14,0.927596,d39560e57ccf0d56a57604dda32c01f1_shot_001_000,sync_c,mouth,10.331429
15,0.920810,d39560e57ccf0d56a57604dda32c01f1_shot_001_000,pixel_mse,mouth,0.00096910
15,0.920810,d39560e57ccf0d56a57604dda32c01f1_shot_001_000,pixel_mse,upper_face,0.00018331
15,0.920810,d39560e57ccf0d56a57604dda32c01f1_shot_001_000,pixel_mse,full,0.00050312
15,0.920810,d39560e57ccf0d56a57604dda32c01f1_shot_001_000,ssim,mouth,0.91014421
15,0.920810,d39560e57ccf0d56a57604dda32c01f1_shot_001_000,ssim,upper_face,0.96120483
15,0.920810,d39560e57ccf0d56a57604dda32c01f1_shot_001_000,ssim,full,0.94042331
15,0.920810,d39560e57ccf0d56a57604dda32c01f1_shot_001_000,lpips,mouth,0.10322360
15,0.920810,d39560e57ccf0d56a57604dda32c01f1_shot_001_000,lpips,full,0.06919214
15,0.920810,d39560e57ccf0d56a57604dda32c01f1_shot_001_000,sharpness,mouth,14.8267
15,0.920810,d39560e57ccf0d56a57604dda32c01f1_shot_001_000,lmd,mouth,3.206548
15,0.920810,d39560e57ccf0d56a57604dda32c01f1_shot_001_000,sync_d,mouth,6.253908
15,0.920810,d39560e57ccf0d56a57604dda32c01f1_shot_001_000,sync_c,mouth,10.319431
16,0.913733,d39560e57ccf0d56a57604dda32c01f1_shot_001_000,pixel_mse,mouth,0.00098330
16,0.913733,d39560e57ccf0d56a57604dda32c01f1_shot_001_000,pixel_mse,upper_face,0.00018232
16,0.913733,d39560e57ccf0d56a57604dda32c01f1_shot_001_000,pixel_mse,full,0.00050832
16,0.913733,d39560e57ccf0d56a57604dda32c01f1_shot_001_000,ssim,mouth,0.90942401
16,0.913733,d39560e57ccf0d56a57604dda32c01f1_shot_001_000,ssim,upper_face,0.96135485
16,0.913733,d39560e57ccf0d56a57604dda32c01f1_shot_001_000,ssim,full,0.94021928
16,0.913733,d39560e57ccf0d56a57604dda32c01f1_shot_001_000,lpips,mouth,0.10183115
16,0.913733,d39560e57ccf0d56a57604dda32c01f1_shot_001_000,lpips,full,0.06858703
16,0.913733,d39560e57ccf0d56a57604dda32c01f1_shot_001_000,sharpness,mouth,14.9243
16,0.913733,d39560e57ccf0d56a57604dda32c01f1_shot_001_000,lmd,mouth,3.235217
16,0.913733,d39560e57ccf0d56a57604dda32c01f1_shot_001_000,sync_d,mouth,6.272470
16,0.913733,d39560e57ccf0d56a57604dda32c01f1_shot_001_000,sync_c,mouth,10.304452
17,0.906344,d39560e57ccf0d56a57604dda32c01f1_shot_001_000,pixel_mse,mouth,0.00099682
17,0.906344,d39560e57ccf0d56a57604dda32c01f1_shot_001_000,pixel_mse,upper_face,0.00018037
17,0.906344,d39560e57ccf0d56a57604dda32c01f1_shot_001_000,pixel_mse,full,0.00051266
17,0.906344,d39560e57ccf0d56a57604dda32c01f1_shot_001_000,ssim,mouth,0.90892047
17,0.906344,d39560e57ccf0d56a57604dda32c01f1_shot_001_000,ssim,upper_face,0.96153116
17,0.906344,d39560e57ccf0d56a57604dda32c01f1_shot_001_000,ssim,full,0.94011867
17,0.906344,d39560e57ccf0d56a57604dda32c01f1_shot_001_000,lpips,mouth,0.10126755
17,0.906344,d39560e57ccf0d56a57604dda32c01f1_shot_001_000,lpips,full,0.06808408
17,0.906344,d39560e57ccf0d56a57604dda32c01f1_shot_001_000,sharpness,mouth,14.8641
17,0.906344,d39560e57ccf0d56a57604dda32c01f1_shot_001_000,lmd,mouth,3.228073
17,0.906344,d39560e57ccf0d56a57604dda32c01f1_shot_001_000,sync_d,mouth,6.289202
17,0.906344,d39560e57ccf0d56a57604dda32c01f1_shot_001_000,sync_c,mouth,10.308893
18,0.898624,d39560e57ccf0d56a57604dda32c01f1_shot_001_000,pixel_mse,mouth,0.00102218
18,0.898624,d39560e57ccf0d56a57604dda32c01f1_shot_001_000,pixel_mse,upper_face,0.00017818
18,0.898624,d39560e57ccf0d56a57604dda32c01f1_shot_001_000,pixel_mse,full,0.00052169
18,0.898624,d39560e57ccf0d56a57604dda32c01f1_shot_001_000,ssim,mouth,0.90801859
18,0.898624,d39560e57ccf0d56a57604dda32c01f1_shot_001_000,ssim,upper_face,0.96173567
18,0.898624,d39560e57ccf0d56a57604dda32c01f1_shot_001_000,ssim,full,0.93987304
18,0.898624,d39560e57ccf0d56a57604dda32c01f1_shot_001_000,lpips,mouth,0.10037124
18,0.898624,d39560e57ccf0d56a57604dda32c01f1_shot_001_000,lpips,full,0.06748325
18,0.898624,d39560e57ccf0d56a57604dda32c01f1_shot_001_000,sharpness,mouth,14.9524
18,0.898624,d39560e57ccf0d56a57604dda32c01f1_shot_001_000,lmd,mouth,3.269209
18,0.898624,d39560e57ccf0d56a57604dda32c01f1_shot_001_000,sync_d,mouth,6.267457
18,0.898624,d39560e57ccf0d56a57604dda32c01f1_shot_001_000,sync_c,mouth,10.370429
19,0.890548,d39560e57ccf0d56a57604dda32c01f1_shot_001_000,pixel_mse,mouth,0.00105172
19,0.890548,d39560e57ccf0d56a57604dda32c01f1_shot_001_000,pixel_mse,upper_face,0.00017704
19,0.890548,d39560e57ccf0d56a57604dda32c01f1_shot_001_000,pixel_mse,full,0.00053303
19,0.890548,d39560e57ccf0d56a57604dda32c01f1_shot_001_000,ssim,mouth,0.90728223
19,0.890548,d39560e57ccf0d56a57604dda32c01f1_shot_001_000,ssim,upper_face,0.96188092
19,0.890548,d39560e57ccf0d56a57604dda32c01f1_shot_001_000,ssim,full,0.93965942
19,0.890548,d39560e57ccf0d56a57604dda32c01f1_shot_001_000,lpips,mouth,0.09999393
19,0.890548,d39560e57ccf0d56a57604dda32c01f1_shot_001_000,lpips,full,0.06732028
19,0.890548,d39560e57ccf0d56a57604dda32c01f1_shot_001_000,sharpness,mouth,14.9625
19,0.890548,d39560e57ccf0d56a57604dda32c01f1_shot_001_000,lmd,mouth,3.286381
19,0.890548,d39560e57ccf0d56a57604dda32c01f1_shot_001_000,sync_d,mouth,6.279611
19,0.890548,d39560e57ccf0d56a57604dda32c01f1_shot_001_000,sync_c,mouth,10.351583
20,0.882093,d39560e57ccf0d56a57604dda32c01f1_shot_001_000,pixel_mse,mouth,0.00107877
20,0.882093,d39560e57ccf0d56a57604dda32c01f1_shot_001_000,pixel_mse,upper_face,0.00017586
20,0.882093,d39560e57ccf0d56a57604dda32c01f1_shot_001_000,pixel_mse,full,0.00054334
20,0.882093,d39560e57ccf0d56a57604dda32c01f1_shot_001_000,ssim,mouth,0.90641946
20,0.882093,d39560e57ccf0d56a57604dda32c01f1_shot_001_000,ssim,upper_face,0.96203852
20,0.882093,d39560e57ccf0d56a57604dda32c01f1_shot_001_000,ssim,full,0.93940169
20,0.882093,d39560e57ccf0d56a57604dda32c01f1_shot_001_000,lpips,mouth,0.10003129
20,0.882093,d39560e57ccf0d56a57604dda32c01f1_shot_001_000,lpips,full,0.06709754
20,0.882093,d39560e57ccf0d56a57604dda32c01f1_shot_001_000,sharpness,mouth,15.0261
20,0.882093,d39560e57ccf0d56a57604dda32c01f1_shot_001_000,lmd,mouth,3.266986
20,0.882093,d39560e57ccf0d56a57604dda32c01f1_shot_001_000,sync_d,mouth,6.331060
20,0.882093,d39560e57ccf0d56a57604dda32c01f1_shot_001_000,sync_c,mouth,10.400396
21,0.873231,d39560e57ccf0d56a57604dda32c01f1_shot_001_000,pixel_mse,mouth,0.00111603
21,0.873231,d39560e57ccf0d56a57604dda32c01f1_shot_001_000,pixel_mse,upper_face,0.00017460
21,0.873231,d39560e57ccf0d56a57604dda32c01f1_shot_001_000,pixel_mse,full,0.00055776
21,0.873231,d39560e57ccf0d56a57604dda32c01f1_shot_001_000,ssim,mouth,0.90546209
21,0.873231,d39560e57ccf0d56a57604dda32c01f1_shot_001_000,ssim,upper_face,0.96213681
21,0.873231,d39560e57ccf0d56a57604dda32c01f1_shot_001_000,ssim,full,0.93907022
21,0.873231,d39560e57ccf0d56a57604dda32c01f1_shot_001_000,lpips,mouth,0.09934819
21,0.873231,d39560e57ccf0d56a57604dda32c01f1_shot_001_000,lpips,full,0.06679090
21,0.873231,d39560e57ccf0d56a57604dda32c01f1_shot_001_000,sharpness,mouth,15.0650
21,0.873231,d39560e57ccf0d56a57604dda32c01f1_shot_001_000,lmd,mouth,3.378336
21,0.873231,d39560e57ccf0d56a57604dda32c01f1_shot_001_000,sync_d,mouth,6.268532
21,0.873231,d39560e57ccf0d56a57604dda32c01f1_shot_001_000,sync_c,mouth,10.484800
22,0.863931,d39560e57ccf0d56a57604dda32c01f1_shot_001_000,pixel_mse,mouth,0.00114803
22,0.863931,d39560e57ccf0d56a57604dda32c01f1_shot_001_000,pixel_mse,upper_face,0.00017253
22,0.863931,d39560e57ccf0d56a57604dda32c01f1_shot_001_000,pixel_mse,full,0.00056956
22,0.863931,d39560e57ccf0d56a57604dda32c01f1_shot_001_000,ssim,mouth,0.90448958
22,0.863931,d39560e57ccf0d56a57604dda32c01f1_shot_001_000,ssim,upper_face,0.96232474
22,0.863931,d39560e57ccf0d56a57604dda32c01f1_shot_001_000,ssim,full,0.93878591
22,0.863931,d39560e57ccf0d56a57604dda32c01f1_shot_001_000,lpips,mouth,0.09916208
22,0.863931,d39560e57ccf0d56a57604dda32c01f1_shot_001_000,lpips,full,0.06647282
22,0.863931,d39560e57ccf0d56a57604dda32c01f1_shot_001_000,sharpness,mouth,15.1180
22,0.863931,d39560e57ccf0d56a57604dda32c01f1_shot_001_000,lmd,mouth,3.499237
22,0.863931,d39560e57ccf0d56a57604dda32c01f1_shot_001_000,sync_d,mouth,6.350109
22,0.863931,d39560e57ccf0d56a57604dda32c01f1_shot_001_000,sync_c,mouth,10.436623
23,0.854160,d39560e57ccf0d56a57604dda32c01f1_shot_001_000,pixel_mse,mouth,0.00119355
23,0.854160,d39560e57ccf0d56a57604dda32c01f1_shot_001_000,pixel_mse,upper_face,0.00017122
23,0.854160,d39560e57ccf0d56a57604dda32c01f1_shot_001_000,pixel_mse,full,0.00058730
23,0.854160,d39560e57ccf0d56a57604dda32c01f1_shot_001_000,ssim,mouth,0.90328652
23,0.854160,d39560e57ccf0d56a57604dda32c01f1_shot_001_000,ssim,upper_face,0.96242100
23,0.854160,d39560e57ccf0d56a57604dda32c01f1_shot_001_000,ssim,full,0.93835336
23,0.854160,d39560e57ccf0d56a57604dda32c01f1_shot_001_000,lpips,mouth,0.09907538
23,0.854160,d39560e57ccf0d56a57604dda32c01f1_shot_001_000,lpips,full,0.06646929
23,0.854160,d39560e57ccf0d56a57604dda32c01f1_shot_001_000,sharpness,mouth,15.1251
23,0.854160,d39560e57ccf0d56a57604dda32c01f1_shot_001_000,lmd,mouth,3.418900
23,0.854160,d39560e57ccf0d56a57604dda32c01f1_shot_001_000,sync_d,mouth,6.403574
23,0.854160,d39560e57ccf0d56a57604dda32c01f1_shot_001_000,sync_c,mouth,10.401726
24,0.843882,d39560e57ccf0d56a57604dda32c01f1_shot_001_000,pixel_mse,mouth,0.00123880
24,0.843882,d39560e57ccf0d56a57604dda32c01f1_shot_001_000,pixel_mse,upper_face,0.00017007
24,0.843882,d39560e57ccf0d56a57604dda32c01f1_shot_001_000,pixel_mse,full,0.00060504
24,0.843882,d39560e57ccf0d56a57604dda32c01f1_shot_001_000,ssim,mouth,0.90203601
24,0.843882,d39560e57ccf0d56a57604dda32c01f1_shot_001_000,ssim,upper_face,0.96256918
24,0.843882,d39560e57ccf0d56a57604dda32c01f1_shot_001_000,ssim,full,0.93793231
24,0.843882,d39560e57ccf0d56a57604dda32c01f1_shot_001_000,lpips,mouth,0.09892340
24,0.843882,d39560e57ccf0d56a57604dda32c01f1_shot_001_000,lpips,full,0.06636416
24,0.843882,d39560e57ccf0d56a57604dda32c01f1_shot_001_000,sharpness,mouth,15.1161
24,0.843882,d39560e57ccf0d56a57604dda32c01f1_shot_001_000,lmd,mouth,3.435422
24,0.843882,d39560e57ccf0d56a57604dda32c01f1_shot_001_000,sync_d,mouth,6.357256
24,0.843882,d39560e57ccf0d56a57604dda32c01f1_shot_001_000,sync_c,mouth,10.442667
25,0.833055,d39560e57ccf0d56a57604dda32c01f1_shot_001_000,pixel_mse,mouth,0.00128891
25,0.833055,d39560e57ccf0d56a57604dda32c01f1_shot_001_000,pixel_mse,upper_face,0.00016863
25,0.833055,d39560e57ccf0d56a57604dda32c01f1_shot_001_000,pixel_mse,full,0.00062458
25,0.833055,d39560e57ccf0d56a57604dda32c01f1_shot_001_000,ssim,mouth,0.90059954
25,0.833055,d39560e57ccf0d56a57604dda32c01f1_shot_001_000,ssim,upper_face,0.96269536
25,0.833055,d39560e57ccf0d56a57604dda32c01f1_shot_001_000,ssim,full,0.93742245
25,0.833055,d39560e57ccf0d56a57604dda32c01f1_shot_001_000,lpips,mouth,0.09905576
25,0.833055,d39560e57ccf0d56a57604dda32c01f1_shot_001_000,lpips,full,0.06634158
25,0.833055,d39560e57ccf0d56a57604dda32c01f1_shot_001_000,sharpness,mouth,15.1550
25,0.833055,d39560e57ccf0d56a57604dda32c01f1_shot_001_000,lmd,mouth,3.550601
25,0.833055,d39560e57ccf0d56a57604dda32c01f1_shot_001_000,sync_d,mouth,6.365686
25,0.833055,d39560e57ccf0d56a57604dda32c01f1_shot_001_000,sync_c,mouth,10.453321
26,0.821636,d39560e57ccf0d56a57604dda32c01f1_shot_001_000,pixel_mse,mouth,0.00135004
26,0.821636,d39560e57ccf0d56a57604dda32c01f1_shot_001_000,pixel_mse,upper_face,0.00016856
26,0.821636,d39560e57ccf0d56a57604dda32c01f1_shot_001_000,pixel_mse,full,0.00064942
26,0.821636,d39560e57ccf0d56a57604dda32c01f1_shot_001_000,ssim,mouth,0.89901787
26,0.821636,d39560e57ccf0d56a57604dda32c01f1_shot_001_000,ssim,upper_face,0.96282291
26,0.821636,d39560e57ccf0d56a57604dda32c01f1_shot_001_000,ssim,full,0.93685442
26,0.821636,d39560e57ccf0d56a57604dda32c01f1_shot_001_000,lpips,mouth,0.09968083
26,0.821636,d39560e57ccf0d56a57604dda32c01f1_shot_001_000,lpips,full,0.06652517
26,0.821636,d39560e57ccf0d56a57604dda32c01f1_shot_001_000,sharpness,mouth,15.1906
26,0.821636,d39560e57ccf0d56a57604dda32c01f1_shot_001_000,lmd,mouth,3.607134
26,0.821636,d39560e57ccf0d56a57604dda32c01f1_shot_001_000,sync_d,mouth,6.338691
26,0.821636,d39560e57ccf0d56a57604dda32c01f1_shot_001_000,sync_c,mouth,10.493498
27,0.809574,d39560e57ccf0d56a57604dda32c01f1_shot_001_000,pixel_mse,mouth,0.00141047
27,0.809574,d39560e57ccf0d56a57604dda32c01f1_shot_001_000,pixel_mse,upper_face,0.00016762
27,0.809574,d39560e57ccf0d56a57604dda32c01f1_shot_001_000,pixel_mse,full,0.00067346
27,0.809574,d39560e57ccf0d56a57604dda32c01f1_shot_001_000,ssim,mouth,0.89745182
27,0.809574,d39560e57ccf0d56a57604dda32c01f1_shot_001_000,ssim,upper_face,0.96287829
27,0.809574,d39560e57ccf0d56a57604dda32c01f1_shot_001_000,ssim,full,0.93624991
27,0.809574,d39560e57ccf0d56a57604dda32c01f1_shot_001_000,lpips,mouth,0.10022017
27,0.809574,d39560e57ccf0d56a57604dda32c01f1_shot_001_000,lpips,full,0.06691158
27,0.809574,d39560e57ccf0d56a57604dda32c01f1_shot_001_000,sharpness,mouth,15.2250
27,0.809574,d39560e57ccf0d56a57604dda32c01f1_shot_001_000,lmd,mouth,3.704116
27,0.809574,d39560e57ccf0d56a57604dda32c01f1_shot_001_000,sync_d,mouth,6.419479
27,0.809574,d39560e57ccf0d56a57604dda32c01f1_shot_001_000,sync_c,mouth,10.454401
28,0.796812,d39560e57ccf0d56a57604dda32c01f1_shot_001_000,pixel_mse,mouth,0.00147842
28,0.796812,d39560e57ccf0d56a57604dda32c01f1_shot_001_000,pixel_mse,upper_face,0.00016588
28,0.796812,d39560e57ccf0d56a57604dda32c01f1_shot_001_000,pixel_mse,full,0.00070009
28,0.796812,d39560e57ccf0d56a57604dda32c01f1_shot_001_000,ssim,mouth,0.89562261
28,0.796812,d39560e57ccf0d56a57604dda32c01f1_shot_001_000,ssim,upper_face,0.96300852
28,0.796812,d39560e57ccf0d56a57604dda32c01f1_shot_001_000,ssim,full,0.93558264
28,0.796812,d39560e57ccf0d56a57604dda32c01f1_shot_001_000,lpips,mouth,0.10085994
28,0.796812,d39560e57ccf0d56a57604dda32c01f1_shot_001_000,lpips,full,0.06723195
28,0.796812,d39560e57ccf0d56a57604dda32c01f1_shot_001_000,sharpness,mouth,15.2473
28,0.796812,d39560e57ccf0d56a57604dda32c01f1_shot_001_000,lmd,mouth,3.741311
28,0.796812,d39560e57ccf0d56a57604dda32c01f1_shot_001_000,sync_d,mouth,6.402507
28,0.796812,d39560e57ccf0d56a57604dda32c01f1_shot_001_000,sync_c,mouth,10.495287
29,0.783290,d39560e57ccf0d56a57604dda32c01f1_shot_001_000,pixel_mse,mouth,0.00155328
29,0.783290,d39560e57ccf0d56a57604dda32c01f1_shot_001_000,pixel_mse,upper_face,0.00016581
29,0.783290,d39560e57ccf0d56a57604dda32c01f1_shot_001_000,pixel_mse,full,0.00073051
29,0.783290,d39560e57ccf0d56a57604dda32c01f1_shot_001_000,ssim,mouth,0.89396083
29,0.783290,d39560e57ccf0d56a57604dda32c01f1_shot_001_000,ssim,upper_face,0.96308798
29,0.783290,d39560e57ccf0d56a57604dda32c01f1_shot_001_000,ssim,full,0.93495339
29,0.783290,d39560e57ccf0d56a57604dda32c01f1_shot_001_000,lpips,mouth,0.10174968
29,0.783290,d39560e57ccf0d56a57604dda32c01f1_shot_001_000,lpips,full,0.06761760
29,0.783290,d39560e57ccf0d56a57604dda32c01f1_shot_001_000,sharpness,mouth,15.2865
29,0.783290,d39560e57ccf0d56a57604dda32c01f1_shot_001_000,lmd,mouth,3.811658
29,0.783290,d39560e57ccf0d56a57604dda32c01f1_shot_001_000,sync_d,mouth,6.413726
29,0.783290,d39560e57ccf0d56a57604dda32c01f1_shot_001_000,sync_c,mouth,10.510214
30,0.768935,d39560e57ccf0d56a57604dda32c01f1_shot_001_000,pixel_mse,mouth,0.00163068
30,0.768935,d39560e57ccf0d56a57604dda32c01f1_shot_001_000,pixel_mse,upper_face,0.00016362
30,0.768935,d39560e57ccf0d56a57604dda32c01f1_shot_001_000,pixel_mse,full,0.00076071
30,0.768935,d39560e57ccf0d56a57604dda32c01f1_shot_001_000,ssim,mouth,0.89212441
30,0.768935,d39560e57ccf0d56a57604dda32c01f1_shot_001_000,ssim,upper_face,0.96325314
30,0.768935,d39560e57ccf0d56a57604dda32c01f1_shot_001_000,ssim,full,0.93430394
30,0.768935,d39560e57ccf0d56a57604dda32c01f1_shot_001_000,lpips,mouth,0.10251556
30,0.768935,d39560e57ccf0d56a57604dda32c01f1_shot_001_000,lpips,full,0.06803954
30,0.768935,d39560e57ccf0d56a57604dda32c01f1_shot_001_000,sharpness,mouth,15.3092
30,0.768935,d39560e57ccf0d56a57604dda32c01f1_shot_001_000,lmd,mouth,3.794336
30,0.768935,d39560e57ccf0d56a57604dda32c01f1_shot_001_000,sync_d,mouth,6.409862
30,0.768935,d39560e57ccf0d56a57604dda32c01f1_shot_001_000,sync_c,mouth,10.457866
31,0.753669,d39560e57ccf0d56a57604dda32c01f1_shot_001_000,pixel_mse,mouth,0.00170858
31,0.753669,d39560e57ccf0d56a57604dda32c01f1_shot_001_000,pixel_mse,upper_face,0.00016191
31,0.753669,d39560e57ccf0d56a57604dda32c01f1_shot_001_000,pixel_mse,full,0.00079140
31,0.753669,d39560e57ccf0d56a57604dda32c01f1_shot_001_000,ssim,mouth,0.89041591
31,0.753669,d39560e57ccf0d56a57604dda32c01f1_shot_001_000,ssim,upper_face,0.96339071
31,0.753669,d39560e57ccf0d56a57604dda32c01f1_shot_001_000,ssim,full,0.93369019
31,0.753669,d39560e57ccf0d56a57604dda32c01f1_shot_001_000,lpips,mouth,0.10318334
31,0.753669,d39560e57ccf0d56a57604dda32c01f1_shot_001_000,lpips,full,0.06829359
31,0.753669,d39560e57ccf0d56a57604dda32c01f1_shot_001_000,sharpness,mouth,15.3244
31,0.753669,d39560e57ccf0d56a57604dda32c01f1_shot_001_000,lmd,mouth,3.805315
31,0.753669,d39560e57ccf0d56a57604dda32c01f1_shot_001_000,sync_d,mouth,6.392532
31,0.753669,d39560e57ccf0d56a57604dda32c01f1_shot_001_000,sync_c,mouth,10.503262
32,0.737402,d39560e57ccf0d56a57604dda32c01f1_shot_001_000,pixel_mse,mouth,0.00179582
32,0.737402,d39560e57ccf0d56a57604dda32c01f1_shot_001_000,pixel_mse,upper_face,0.00016174
32,0.737402,d39560e57ccf0d56a57604dda32c01f1_shot_001_000,pixel_mse,full,0.00082680
32,0.737402,d39560e57ccf0d56a57604dda32c01f1_shot_001_000,ssim,mouth,0.88846993
32,0.737402,d39560e57ccf0d56a57604dda32c01f1_shot_001_000,ssim,upper_face,0.96351576
32,0.737402,d39560e57ccf0d56a57604dda32c01f1_shot_001_000,ssim,full,0.93297231
32,0.737402,d39560e57ccf0d56a57604dda32c01f1_shot_001_000,lpips,mouth,0.10435910
32,0.737402,d39560e57ccf0d56a57604dda32c01f1_shot_001_000,lpips,full,0.06884585
32,0.737402,d39560e57ccf0d56a57604dda32c01f1_shot_001_000,sharpness,mouth,15.4560
32,0.737402,d39560e57ccf0d56a57604dda32c01f1_shot_001_000,lmd,mouth,4.009302
32,0.737402,d39560e57ccf0d56a57604dda32c01f1_shot_001_000,sync_d,mouth,6.394794
32,0.737402,d39560e57ccf0d56a57604dda32c01f1_shot_001_000,sync_c,mouth,10.513037
33,0.720034,d39560e57ccf0d56a57604dda32c01f1_shot_001_000,pixel_mse,mouth,0.00186503
33,0.720034,d39560e57ccf0d56a57604dda32c01f1_shot_001_000,pixel_mse,upper_face,0.00016001
33,0.720034,d39560e57ccf0d56a57604dda32c01f1_shot_001_000,pixel_mse,full,0.00085395
33,0.720034,d39560e57ccf0d56a57604dda32c01f1_shot_001_000,ssim,mouth,0.88695508
33,0.720034,d39560e57ccf0d56a57604dda32c01f1_shot_001_000,ssim,upper_face,0.96356547
33,0.720034,d39560e57ccf0d56a57604dda32c01f1_shot_001_000,ssim,full,0.93238527
33,0.720034,d39560e57ccf0d56a57604dda32c01f1_shot_001_000,lpips,mouth,0.10507155
33,0.720034,d39560e57ccf0d56a57604dda32c01f1_shot_001_000,lpips,full,0.06917971
33,0.720034,d39560e57ccf0d56a57604dda32c01f1_shot_001_000,sharpness,mouth,15.4694
33,0.720034,d39560e57ccf0d56a57604dda32c01f1_shot_001_000,lmd,mouth,4.067907
33,0.720034,d39560e57ccf0d56a57604dda32c01f1_shot_001_000,sync_d,mouth,6.455225
33,0.720034,d39560e57ccf0d56a57604dda32c01f1_shot_001_000,sync_c,mouth,10.447433
34,0.701446,d39560e57ccf0d56a57604dda32c01f1_shot_001_000,pixel_mse,mouth,0.00194782
34,0.701446,d39560e57ccf0d56a57604dda32c01f1_shot_001_000,pixel_mse,upper_face,0.00015813
34,0.701446,d39560e57ccf0d56a57604dda32c01f1_shot_001_000,pixel_mse,full,0.00088653
34,0.701446,d39560e57ccf0d56a57604dda32c01f1_shot_001_000,ssim,mouth,0.88529271
34,0.701446,d39560e57ccf0d56a57604dda32c01f1_shot_001_000,ssim,upper_face,0.96377695
34,0.701446,d39560e57ccf0d56a57604dda32c01f1_shot_001_000,ssim,full,0.93183398
34,0.701446,d39560e57ccf0d56a57604dda32c01f1_shot_001_000,lpips,mouth,0.10650649
34,0.701446,d39560e57ccf0d56a57604dda32c01f1_shot_001_000,lpips,full,0.07002509
34,0.701446,d39560e57ccf0d56a57604dda32c01f1_shot_001_000,sharpness,mouth,15.4805
34,0.701446,d39560e57ccf0d56a57604dda32c01f1_shot_001_000,lmd,mouth,4.162693
34,0.701446,d39560e57ccf0d56a57604dda32c01f1_shot_001_000,sync_d,mouth,6.397982
34,0.701446,d39560e57ccf0d56a57604dda32c01f1_shot_001_000,sync_c,mouth,10.478769
35,0.681508,d39560e57ccf0d56a57604dda32c01f1_shot_001_000,pixel_mse,mouth,0.00203212
35,0.681508,d39560e57ccf0d56a57604dda32c01f1_shot_001_000,pixel_mse,upper_face,0.00015759
35,0.681508,d39560e57ccf0d56a57604dda32c01f1_shot_001_000,pixel_mse,full,0.00092052
35,0.681508,d39560e57ccf0d56a57604dda32c01f1_shot_001_000,ssim,mouth,0.88354558
35,0.681508,d39560e57ccf0d56a57604dda32c01f1_shot_001_000,ssim,upper_face,0.96386689
35,0.681508,d39560e57ccf0d56a57604dda32c01f1_shot_001_000,ssim,full,0.93117625
35,0.681508,d39560e57ccf0d56a57604dda32c01f1_shot_001_000,lpips,mouth,0.10768296
35,0.681508,d39560e57ccf0d56a57604dda32c01f1_shot_001_000,lpips,full,0.07053771
35,0.681508,d39560e57ccf0d56a57604dda32c01f1_shot_001_000,sharpness,mouth,15.5527
35,0.681508,d39560e57ccf0d56a57604dda32c01f1_shot_001_000,lmd,mouth,4.179593
35,0.681508,d39560e57ccf0d56a57604dda32c01f1_shot_001_000,sync_d,mouth,6.352841
35,0.681508,d39560e57ccf0d56a57604dda32c01f1_shot_001_000,sync_c,mouth,10.576143
36,0.660066,d39560e57ccf0d56a57604dda32c01f1_shot_001_000,pixel_mse,mouth,0.00211655
36,0.660066,d39560e57ccf0d56a57604dda32c01f1_shot_001_000,pixel_mse,upper_face,0.00015656
36,0.660066,d39560e57ccf0d56a57604dda32c01f1_shot_001_000,pixel_mse,full,0.00095427
36,0.660066,d39560e57ccf0d56a57604dda32c01f1_shot_001_000,ssim,mouth,0.88178092
36,0.660066,d39560e57ccf0d56a57604dda32c01f1_shot_001_000,ssim,upper_face,0.96397609
36,0.660066,d39560e57ccf0d56a57604dda32c01f1_shot_001_000,ssim,full,0.93052286
36,0.660066,d39560e57ccf0d56a57604dda32c01f1_shot_001_000,lpips,mouth,0.10899913
36,0.660066,d39560e57ccf0d56a57604dda32c01f1_shot_001_000,lpips,full,0.07135407
36,0.660066,d39560e57ccf0d56a57604dda32c01f1_shot_001_000,sharpness,mouth,15.6194
36,0.660066,d39560e57ccf0d56a57604dda32c01f1_shot_001_000,lmd,mouth,4.260531
36,0.660066,d39560e57ccf0d56a57604dda32c01f1_shot_001_000,sync_d,mouth,6.370969
36,0.660066,d39560e57ccf0d56a57604dda32c01f1_shot_001_000,sync_c,mouth,10.553286
37,0.636942,d39560e57ccf0d56a57604dda32c01f1_shot_001_000,pixel_mse,mouth,0.00221364
37,0.636942,d39560e57ccf0d56a57604dda32c01f1_shot_001_000,pixel_mse,upper_face,0.00015590
37,0.636942,d39560e57ccf0d56a57604dda32c01f1_shot_001_000,pixel_mse,full,0.00099340
37,0.636942,d39560e57ccf0d56a57604dda32c01f1_shot_001_000,ssim,mouth,0.87975836
37,0.636942,d39560e57ccf0d56a57604dda32c01f1_shot_001_000,ssim,upper_face,0.96404934
37,0.636942,d39560e57ccf0d56a57604dda32c01f1_shot_001_000,ssim,full,0.92974305
37,0.636942,d39560e57ccf0d56a57604dda32c01f1_shot_001_000,lpips,mouth,0.11071347
37,0.636942,d39560e57ccf0d56a57604dda32c01f1_shot_001_000,lpips,full,0.07222348
37,0.636942,d39560e57ccf0d56a57604dda32c01f1_shot_001_000,sharpness,mouth,15.7452
37,0.636942,d39560e57ccf0d56a57604dda32c01f1_shot_001_000,lmd,mouth,4.442492
37,0.636942,d39560e57ccf0d56a57604dda32c01f1_shot_001_000,sync_d,mouth,6.352902
37,0.636942,d39560e57ccf0d56a57604dda32c01f1_shot_001_000,sync_c,mouth,10.540119
38,0.611932,d39560e57ccf0d56a57604dda32c01f1_shot_001_000,pixel_mse,mouth,0.00231534
38,0.611932,d39560e57ccf0d56a57604dda32c01f1_shot_001_000,pixel_mse,upper_face,0.00015524
38,0.611932,d39560e57ccf0d56a57604dda32c01f1_shot_001_000,pixel_mse,full,0.00103439
38,0.611932,d39560e57ccf0d56a57604dda32c01f1_shot_001_000,ssim,mouth,0.87765485
38,0.611932,d39560e57ccf0d56a57604dda32c01f1_shot_001_000,ssim,upper_face,0.96404314
38,0.611932,d39560e57ccf0d56a57604dda32c01f1_shot_001_000,ssim,full,0.92888337
38,0.611932,d39560e57ccf0d56a57604dda32c01f1_shot_001_000,lpips,mouth,0.11257514
38,0.611932,d39560e57ccf0d56a57604dda32c01f1_shot_001_000,lpips,full,0.07315347
38,0.611932,d39560e57ccf0d56a57604dda32c01f1_shot_001_000,sharpness,mouth,15.9449
38,0.611932,d39560e57ccf0d56a57604dda32c01f1_shot_001_000,lmd,mouth,4.433947
38,0.611932,d39560e57ccf0d56a57604dda32c01f1_shot_001_000,sync_d,mouth,6.318781
38,0.611932,d39560e57ccf0d56a57604dda32c01f1_shot_001_000,sync_c,mouth,10.571428
39,0.584795,d39560e57ccf0d56a57604dda32c01f1_shot_001_000,pixel_mse,mouth,0.00242464
39,0.584795,d39560e57ccf0d56a57604dda32c01f1_shot_001_000,pixel_mse,upper_face,0.00015609
39,0.584795,d39560e57ccf0d56a57604dda32c01f1_shot_001_000,pixel_mse,full,0.00107938
39,0.584795,d39560e57ccf0d56a57604dda32c01f1_shot_001_000,ssim,mouth,0.87551051
39,0.584795,d39560e57ccf0d56a57604dda32c01f1_shot_001_000,ssim,upper_face,0.96406877
39,0.584795,d39560e57ccf0d56a57604dda32c01f1_shot_001_000,ssim,full,0.92802572
39,0.584795,d39560e57ccf0d56a57604dda32c01f1_shot_001_000,lpips,mouth,0.11422526
39,0.584795,d39560e57ccf0d56a57604dda32c01f1_shot_001_000,lpips,full,0.07403068
39,0.584795,d39560e57ccf0d56a57604dda32c01f1_shot_001_000,sharpness,mouth,16.1808
39,0.584795,d39560e57ccf0d56a57604dda32c01f1_shot_001_000,lmd,mouth,4.598870
39,0.584795,d39560e57ccf0d56a57604dda32c01f1_shot_001_000,sync_d,mouth,6.361152
39,0.584795,d39560e57ccf0d56a57604dda32c01f1_shot_001_000,sync_c,mouth,10.556825
40,0.555247,d39560e57ccf0d56a57604dda32c01f1_shot_001_000,pixel_mse,mouth,0.00254275
40,0.555247,d39560e57ccf0d56a57604dda32c01f1_shot_001_000,pixel_mse,upper_face,0.00015516
40,0.555247,d39560e57ccf0d56a57604dda32c01f1_shot_001_000,pixel_mse,full,0.00112690
40,0.555247,d39560e57ccf0d56a57604dda32c01f1_shot_001_000,ssim,mouth,0.87325466
40,0.555247,d39560e57ccf0d56a57604dda32c01f1_shot_001_000,ssim,upper_face,0.96408373
40,0.555247,d39560e57ccf0d56a57604dda32c01f1_shot_001_000,ssim,full,0.92711651
40,0.555247,d39560e57ccf0d56a57604dda32c01f1_shot_001_000,lpips,mouth,0.11577187
40,0.555247,d39560e57ccf0d56a57604dda32c01f1_shot_001_000,lpips,full,0.07500090
40,0.555247,d39560e57ccf0d56a57604dda32c01f1_shot_001_000,sharpness,mouth,16.5024
40,0.555247,d39560e57ccf0d56a57604dda32c01f1_shot_001_000,lmd,mouth,4.621175
40,0.555247,d39560e57ccf0d56a57604dda32c01f1_shot_001_000,sync_d,mouth,6.298866
40,0.555247,d39560e57ccf0d56a57604dda32c01f1_shot_001_000,sync_c,mouth,10.647385
41,0.522951,d39560e57ccf0d56a57604dda32c01f1_shot_001_000,pixel_mse,mouth,0.00266440
41,0.522951,d39560e57ccf0d56a57604dda32c01f1_shot_001_000,pixel_mse,upper_face,0.00015623
41,0.522951,d39560e57ccf0d56a57604dda32c01f1_shot_001_000,pixel_mse,full,0.00117705
41,0.522951,d39560e57ccf0d56a57604dda32c01f1_shot_001_000,ssim,mouth,0.87107116
41,0.522951,d39560e57ccf0d56a57604dda32c01f1_shot_001_000,ssim,upper_face,0.96410757
41,0.522951,d39560e57ccf0d56a57604dda32c01f1_shot_001_000,ssim,full,0.92624182
41,0.522951,d39560e57ccf0d56a57604dda32c01f1_shot_001_000,lpips,mouth,0.11729758
41,0.522951,d39560e57ccf0d56a57604dda32c01f1_shot_001_000,lpips,full,0.07576254
41,0.522951,d39560e57ccf0d56a57604dda32c01f1_shot_001_000,sharpness,mouth,16.8337
41,0.522951,d39560e57ccf0d56a57604dda32c01f1_shot_001_000,lmd,mouth,4.663089
41,0.522951,d39560e57ccf0d56a57604dda32c01f1_shot_001_000,sync_d,mouth,6.289690
41,0.522951,d39560e57ccf0d56a57604dda32c01f1_shot_001_000,sync_c,mouth,10.654266
42,0.487507,d39560e57ccf0d56a57604dda32c01f1_shot_001_000,pixel_mse,mouth,0.00279037
42,0.487507,d39560e57ccf0d56a57604dda32c01f1_shot_001_000,pixel_mse,upper_face,0.00015692
42,0.487507,d39560e57ccf0d56a57604dda32c01f1_shot_001_000,pixel_mse,full,0.00122873
42,0.487507,d39560e57ccf0d56a57604dda32c01f1_shot_001_000,ssim,mouth,0.86881632
42,0.487507,d39560e57ccf0d56a57604dda32c01f1_shot_001_000,ssim,upper_face,0.96413231
42,0.487507,d39560e57ccf0d56a57604dda32c01f1_shot_001_000,ssim,full,0.92533892
42,0.487507,d39560e57ccf0d56a57604dda32c01f1_shot_001_000,lpips,mouth,0.11897507
42,0.487507,d39560e57ccf0d56a57604dda32c01f1_shot_001_000,lpips,full,0.07670048
42,0.487507,d39560e57ccf0d56a57604dda32c01f1_shot_001_000,sharpness,mouth,17.1888
42,0.487507,d39560e57ccf0d56a57604dda32c01f1_shot_001_000,lmd,mouth,4.711844
42,0.487507,d39560e57ccf0d56a57604dda32c01f1_shot_001_000,sync_d,mouth,6.264075
42,0.487507,d39560e57ccf0d56a57604dda32c01f1_shot_001_000,sync_c,mouth,10.731999
43,0.448430,d39560e57ccf0d56a57604dda32c01f1_shot_001_000,pixel_mse,mouth,0.00291228
43,0.448430,d39560e57ccf0d56a57604dda32c01f1_shot_001_000,pixel_mse,upper_face,0.00015811
43,0.448430,d39560e57ccf0d56a57604dda32c01f1_shot_001_000,pixel_mse,full,0.00127905
43,0.448430,d39560e57ccf0d56a57604dda32c01f1_shot_001_000,ssim,mouth,0.86662406
43,0.448430,d39560e57ccf0d56a57604dda32c01f1_shot_001_000,ssim,upper_face,0.96402216
43,0.448430,d39560e57ccf0d56a57604dda32c01f1_shot_001_000,ssim,full,0.92438132
43,0.448430,d39560e57ccf0d56a57604dda32c01f1_shot_001_000,lpips,mouth,0.12075158
43,0.448430,d39560e57ccf0d56a57604dda32c01f1_shot_001_000,lpips,full,0.07761878
43,0.448430,d39560e57ccf0d56a57604dda32c01f1_shot_001_000,sharpness,mouth,17.4673
43,0.448430,d39560e57ccf0d56a57604dda32c01f1_shot_001_000,lmd,mouth,4.797983
43,0.448430,d39560e57ccf0d56a57604dda32c01f1_shot_001_000,sync_d,mouth,6.246012
43,0.448430,d39560e57ccf0d56a57604dda32c01f1_shot_001_000,sync_c,mouth,10.762255
44,0.405131,d39560e57ccf0d56a57604dda32c01f1_shot_001_000,pixel_mse,mouth,0.00302883
44,0.405131,d39560e57ccf0d56a57604dda32c01f1_shot_001_000,pixel_mse,upper_face,0.00016006
44,0.405131,d39560e57ccf0d56a57604dda32c01f1_shot_001_000,pixel_mse,full,0.00132764
44,0.405131,d39560e57ccf0d56a57604dda32c01f1_shot_001_000,ssim,mouth,0.86434662
44,0.405131,d39560e57ccf0d56a57604dda32c01f1_shot_001_000,ssim,upper_face,0.96389914
44,0.405131,d39560e57ccf0d56a57604dda32c01f1_shot_001_000,ssim,full,0.92338145
44,0.405131,d39560e57ccf0d56a57604dda32c01f1_shot_001_000,lpips,mouth,0.12208239
44,0.405131,d39560e57ccf0d56a57604dda32c01f1_shot_001_000,lpips,full,0.07838413
44,0.405131,d39560e57ccf0d56a57604dda32c01f1_shot_001_000,sharpness,mouth,17.6600
44,0.405131,d39560e57ccf0d56a57604dda32c01f1_shot_001_000,lmd,mouth,4.811925
44,0.405131,d39560e57ccf0d56a57604dda32c01f1_shot_001_000,sync_d,mouth,6.233658
44,0.405131,d39560e57ccf0d56a57604dda32c01f1_shot_001_000,sync_c,mouth,10.816626
45,0.356888,d39560e57ccf0d56a57604dda32c01f1_shot_001_000,pixel_mse,mouth,0.00315625
45,0.356888,d39560e57ccf0d56a57604dda32c01f1_shot_001_000,pixel_mse,upper_face,0.00016409
45,0.356888,d39560e57ccf0d56a57604dda32c01f1_shot_001_000,pixel_mse,full,0.00138189
45,0.356888,d39560e57ccf0d56a57604dda32c01f1_shot_001_000,ssim,mouth,0.86177289
45,0.356888,d39560e57ccf0d56a57604dda32c01f1_shot_001_000,ssim,upper_face,0.96371847
45,0.356888,d39560e57ccf0d56a57604dda32c01f1_shot_001_000,ssim,full,0.92222679
45,0.356888,d39560e57ccf0d56a57604dda32c01f1_shot_001_000,lpips,mouth,0.12397937
45,0.356888,d39560e57ccf0d56a57604dda32c01f1_shot_001_000,lpips,full,0.07945727
45,0.356888,d39560e57ccf0d56a57604dda32c01f1_shot_001_000,sharpness,mouth,17.8323
45,0.356888,d39560e57ccf0d56a57604dda32c01f1_shot_001_000,lmd,mouth,4.874595
45,0.356888,d39560e57ccf0d56a57604dda32c01f1_shot_001_000,sync_d,mouth,6.192639
45,0.356888,d39560e57ccf0d56a57604dda32c01f1_shot_001_000,sync_c,mouth,10.785026
46,0.302801,d39560e57ccf0d56a57604dda32c01f1_shot_001_000,pixel_mse,mouth,0.00328287
46,0.302801,d39560e57ccf0d56a57604dda32c01f1_shot_001_000,pixel_mse,upper_face,0.00016911
46,0.302801,d39560e57ccf0d56a57604dda32c01f1_shot_001_000,pixel_mse,full,0.00143640
46,0.302801,d39560e57ccf0d56a57604dda32c01f1_shot_001_000,ssim,mouth,0.85913152
46,0.302801,d39560e57ccf0d56a57604dda32c01f1_shot_001_000,ssim,upper_face,0.96336609
46,0.302801,d39560e57ccf0d56a57604dda32c01f1_shot_001_000,ssim,full,0.92094290
46,0.302801,d39560e57ccf0d56a57604dda32c01f1_shot_001_000,lpips,mouth,0.12618873
46,0.302801,d39560e57ccf0d56a57604dda32c01f1_shot_001_000,lpips,full,0.08077809
46,0.302801,d39560e57ccf0d56a57604dda32c01f1_shot_001_000,sharpness,mouth,18.0357
46,0.302801,d39560e57ccf0d56a57604dda32c01f1_shot_001_000,lmd,mouth,4.848673
46,0.302801,d39560e57ccf0d56a57604dda32c01f1_shot_001_000,sync_d,mouth,6.176040
46,0.302801,d39560e57ccf0d56a57604dda32c01f1_shot_001_000,sync_c,mouth,10.829424
47,0.241740,d39560e57ccf0d56a57604dda32c01f1_shot_001_000,pixel_mse,mouth,0.00341836
47,0.241740,d39560e57ccf0d56a57604dda32c01f1_shot_001_000,pixel_mse,upper_face,0.00017883
47,0.241740,d39560e57ccf0d56a57604dda32c01f1_shot_001_000,pixel_mse,full,0.00149731
47,0.241740,d39560e57ccf0d56a57604dda32c01f1_shot_001_000,ssim,mouth,0.85631216
47,0.241740,d39560e57ccf0d56a57604dda32c01f1_shot_001_000,ssim,upper_face,0.96277827
47,0.241740,d39560e57ccf0d56a57604dda32c01f1_shot_001_000,ssim,full,0.91944677
47,0.241740,d39560e57ccf0d56a57604dda32c01f1_shot_001_000,lpips,mouth,0.12870188
47,0.241740,d39560e57ccf0d56a57604dda32c01f1_shot_001_000,lpips,full,0.08240440
47,0.241740,d39560e57ccf0d56a57604dda32c01f1_shot_001_000,sharpness,mouth,18.2190
47,0.241740,d39560e57ccf0d56a57604dda32c01f1_shot_001_000,lmd,mouth,5.086263
47,0.241740,d39560e57ccf0d56a57604dda32c01f1_shot_001_000,sync_d,mouth,6.151108
47,0.241740,d39560e57ccf0d56a57604dda32c01f1_shot_001_000,sync_c,mouth,10.864042
48,0.172265,d39560e57ccf0d56a57604dda32c01f1_shot_001_000,pixel_mse,mouth,0.00355828
48,0.172265,d39560e57ccf0d56a57604dda32c01f1_shot_001_000,pixel_mse,upper_face,0.00019595
48,0.172265,d39560e57ccf0d56a57604dda32c01f1_shot_001_000,pixel_mse,full,0.00156441
48,0.172265,d39560e57ccf0d56a57604dda32c01f1_shot_001_000,ssim,mouth,0.85350090
48,0.172265,d39560e57ccf0d56a57604dda32c01f1_shot_001_000,ssim,upper_face,0.96161193
48,0.172265,d39560e57ccf0d56a57604dda32c01f1_shot_001_000,ssim,full,0.91761100
48,0.172265,d39560e57ccf0d56a57604dda32c01f1_shot_001_000,lpips,mouth,0.13276759
48,0.172265,d39560e57ccf0d56a57604dda32c01f1_shot_001_000,lpips,full,0.08509302
48,0.172265,d39560e57ccf0d56a57604dda32c01f1_shot_001_000,sharpness,mouth,18.4774
48,0.172265,d39560e57ccf0d56a57604dda32c01f1_shot_001_000,lmd,mouth,5.041519
48,0.172265,d39560e57ccf0d56a57604dda32c01f1_shot_001_000,sync_d,mouth,6.109368
48,0.172265,d39560e57ccf0d56a57604dda32c01f1_shot_001_000,sync_c,mouth,10.869265
49,0.092507,d39560e57ccf0d56a57604dda32c01f1_shot_001_000,pixel_mse,mouth,0.00369796
49,0.092507,d39560e57ccf0d56a57604dda32c01f1_shot_001_000,pixel_mse,upper_face,0.00023538
49,0.092507,d39560e57ccf0d56a57604dda32c01f1_shot_001_000,pixel_mse,full,0.00164464
49,0.092507,d39560e57ccf0d56a57604dda32c01f1_shot_001_000,ssim,mouth,0.85089910
49,0.092507,d39560e57ccf0d56a57604dda32c01f1_shot_001_000,ssim,upper_face,0.95881993
49,0.092507,d39560e57ccf0d56a57604dda32c01f1_shot_001_000,ssim,full,0.91489649
49,0.092507,d39560e57ccf0d56a57604dda32c01f1_shot_001_000,lpips,mouth,0.13731255
49,0.092507,d39560e57ccf0d56a57604dda32c01f1_shot_001_000,lpips,full,0.08877805
49,0.092507,d39560e57ccf0d56a57604dda32c01f1_shot_001_000,sharpness,mouth,18.6916
49,0.092507,d39560e57ccf0d56a57604dda32c01f1_shot_001_000,lmd,mouth,5.071363
49,0.092507,d39560e57ccf0d56a57604dda32c01f1_shot_001_000,sync_d,mouth,6.127348
49,0.092507,d39560e57ccf0d56a57604dda32c01f1_shot_001_000,sync_c,mouth,10.834463
-1,gt,eb79a85e6b928add93a5fbf5168af5ac_shot_001_000,sharpness,mouth,17.3796
-1,gt,eb79a85e6b928add93a5fbf5168af5ac_shot_001_000,sync_d,mouth,9.633518
-1,gt,eb79a85e6b928add93a5fbf5168af5ac_shot_001_000,sync_c,mouth,5.051971
0,0.999000,eb79a85e6b928add93a5fbf5168af5ac_shot_001_000,pixel_mse,mouth,0.00125180
0,0.999000,eb79a85e6b928add93a5fbf5168af5ac_shot_001_000,pixel_mse,upper_face,0.00017684
0,0.999000,eb79a85e6b928add93a5fbf5168af5ac_shot_001_000,pixel_mse,full,0.00061434
0,0.999000,eb79a85e6b928add93a5fbf5168af5ac_shot_001_000,ssim,mouth,0.89538270
0,0.999000,eb79a85e6b928add93a5fbf5168af5ac_shot_001_000,ssim,upper_face,0.96453804
0,0.999000,eb79a85e6b928add93a5fbf5168af5ac_shot_001_000,ssim,full,0.93639195
0,0.999000,eb79a85e6b928add93a5fbf5168af5ac_shot_001_000,lpips,mouth,0.14917505
0,0.999000,eb79a85e6b928add93a5fbf5168af5ac_shot_001_000,lpips,full,0.09276189
0,0.999000,eb79a85e6b928add93a5fbf5168af5ac_shot_001_000,sharpness,mouth,17.1280
0,0.999000,eb79a85e6b928add93a5fbf5168af5ac_shot_001_000,lmd,mouth,2.313507
0,0.999000,eb79a85e6b928add93a5fbf5168af5ac_shot_001_000,sync_d,mouth,10.589360
0,0.999000,eb79a85e6b928add93a5fbf5168af5ac_shot_001_000,sync_c,mouth,4.471976
1,0.995732,eb79a85e6b928add93a5fbf5168af5ac_shot_001_000,pixel_mse,mouth,0.00124799
1,0.995732,eb79a85e6b928add93a5fbf5168af5ac_shot_001_000,pixel_mse,upper_face,0.00016773
1,0.995732,eb79a85e6b928add93a5fbf5168af5ac_shot_001_000,pixel_mse,full,0.00060739
1,0.995732,eb79a85e6b928add93a5fbf5168af5ac_shot_001_000,ssim,mouth,0.89561224
1,0.995732,eb79a85e6b928add93a5fbf5168af5ac_shot_001_000,ssim,upper_face,0.96507001
1,0.995732,eb79a85e6b928add93a5fbf5168af5ac_shot_001_000,ssim,full,0.93680084
1,0.995732,eb79a85e6b928add93a5fbf5168af5ac_shot_001_000,lpips,mouth,0.14811020
1,0.995732,eb79a85e6b928add93a5fbf5168af5ac_shot_001_000,lpips,full,0.09226200
1,0.995732,eb79a85e6b928add93a5fbf5168af5ac_shot_001_000,sharpness,mouth,17.0842
1,0.995732,eb79a85e6b928add93a5fbf5168af5ac_shot_001_000,lmd,mouth,2.360137
1,0.995732,eb79a85e6b928add93a5fbf5168af5ac_shot_001_000,sync_d,mouth,10.531724
1,0.995732,eb79a85e6b928add93a5fbf5168af5ac_shot_001_000,sync_c,mouth,4.620626
2,0.991530,eb79a85e6b928add93a5fbf5168af5ac_shot_001_000,pixel_mse,mouth,0.00122503
2,0.991530,eb79a85e6b928add93a5fbf5168af5ac_shot_001_000,pixel_mse,upper_face,0.00015502
2,0.991530,eb79a85e6b928add93a5fbf5168af5ac_shot_001_000,pixel_mse,full,0.00059051
2,0.991530,eb79a85e6b928add93a5fbf5168af5ac_shot_001_000,ssim,mouth,0.89647126
2,0.991530,eb79a85e6b928add93a5fbf5168af5ac_shot_001_000,ssim,upper_face,0.96617240
2,0.991530,eb79a85e6b928add93a5fbf5168af5ac_shot_001_000,ssim,full,0.93780422
2,0.991530,eb79a85e6b928add93a5fbf5168af5ac_shot_001_000,lpips,mouth,0.14460793
2,0.991530,eb79a85e6b928add93a5fbf5168af5ac_shot_001_000,lpips,full,0.08950341
2,0.991530,eb79a85e6b928add93a5fbf5168af5ac_shot_001_000,sharpness,mouth,16.9195
2,0.991530,eb79a85e6b928add93a5fbf5168af5ac_shot_001_000,lmd,mouth,2.430861
2,0.991530,eb79a85e6b928add93a5fbf5168af5ac_shot_001_000,sync_d,mouth,10.384799
2,0.991530,eb79a85e6b928add93a5fbf5168af5ac_shot_001_000,sync_c,mouth,4.836344
3,0.987187,eb79a85e6b928add93a5fbf5168af5ac_shot_001_000,pixel_mse,mouth,0.00120596
3,0.987187,eb79a85e6b928add93a5fbf5168af5ac_shot_001_000,pixel_mse,upper_face,0.00014263
3,0.987187,eb79a85e6b928add93a5fbf5168af5ac_shot_001_000,pixel_mse,full,0.00057540
3,0.987187,eb79a85e6b928add93a5fbf5168af5ac_shot_001_000,ssim,mouth,0.89706212
3,0.987187,eb79a85e6b928add93a5fbf5168af5ac_shot_001_000,ssim,upper_face,0.96729296
3,0.987187,eb79a85e6b928add93a5fbf5168af5ac_shot_001_000,ssim,full,0.93870914
3,0.987187,eb79a85e6b928add93a5fbf5168af5ac_shot_001_000,lpips,mouth,0.14262331
3,0.987187,eb79a85e6b928add93a5fbf5168af5ac_shot_001_000,lpips,full,0.08779261
3,0.987187,eb79a85e6b928add93a5fbf5168af5ac_shot_001_000,sharpness,mouth,16.8053
3,0.987187,eb79a85e6b928add93a5fbf5168af5ac_shot_001_000,lmd,mouth,2.406862
3,0.987187,eb79a85e6b928add93a5fbf5168af5ac_shot_001_000,sync_d,mouth,10.334537
3,0.987187,eb79a85e6b928add93a5fbf5168af5ac_shot_001_000,sync_c,mouth,4.963891
4,0.982696,eb79a85e6b928add93a5fbf5168af5ac_shot_001_000,pixel_mse,mouth,0.00118960
4,0.982696,eb79a85e6b928add93a5fbf5168af5ac_shot_001_000,pixel_mse,upper_face,0.00013454
4,0.982696,eb79a85e6b928add93a5fbf5168af5ac_shot_001_000,pixel_mse,full,0.00056395
4,0.982696,eb79a85e6b928add93a5fbf5168af5ac_shot_001_000,ssim,mouth,0.89714533
4,0.982696,eb79a85e6b928add93a5fbf5168af5ac_shot_001_000,ssim,upper_face,0.96804708
4,0.982696,eb79a85e6b928add93a5fbf5168af5ac_shot_001_000,ssim,full,0.93919033
4,0.982696,eb79a85e6b928add93a5fbf5168af5ac_shot_001_000,lpips,mouth,0.14106691
4,0.982696,eb79a85e6b928add93a5fbf5168af5ac_shot_001_000,lpips,full,0.08664292
4,0.982696,eb79a85e6b928add93a5fbf5168af5ac_shot_001_000,sharpness,mouth,16.8094
4,0.982696,eb79a85e6b928add93a5fbf5168af5ac_shot_001_000,lmd,mouth,2.421583
4,0.982696,eb79a85e6b928add93a5fbf5168af5ac_shot_001_000,sync_d,mouth,10.399684
4,0.982696,eb79a85e6b928add93a5fbf5168af5ac_shot_001_000,sync_c,mouth,4.964788
5,0.978048,eb79a85e6b928add93a5fbf5168af5ac_shot_001_000,pixel_mse,mouth,0.00117592
5,0.978048,eb79a85e6b928add93a5fbf5168af5ac_shot_001_000,pixel_mse,upper_face,0.00012963
5,0.978048,eb79a85e6b928add93a5fbf5168af5ac_shot_001_000,pixel_mse,full,0.00055547
5,0.978048,eb79a85e6b928add93a5fbf5168af5ac_shot_001_000,ssim,mouth,0.89741921
5,0.978048,eb79a85e6b928add93a5fbf5168af5ac_shot_001_000,ssim,upper_face,0.96859318
5,0.978048,eb79a85e6b928add93a5fbf5168af5ac_shot_001_000,ssim,full,0.93962556
5,0.978048,eb79a85e6b928add93a5fbf5168af5ac_shot_001_000,lpips,mouth,0.13929637
5,0.978048,eb79a85e6b928add93a5fbf5168af5ac_shot_001_000,lpips,full,0.08545867
5,0.978048,eb79a85e6b928add93a5fbf5168af5ac_shot_001_000,sharpness,mouth,16.7138
5,0.978048,eb79a85e6b928add93a5fbf5168af5ac_shot_001_000,lmd,mouth,2.413019
5,0.978048,eb79a85e6b928add93a5fbf5168af5ac_shot_001_000,sync_d,mouth,10.356799
5,0.978048,eb79a85e6b928add93a5fbf5168af5ac_shot_001_000,sync_c,mouth,5.029102
6,0.973236,eb79a85e6b928add93a5fbf5168af5ac_shot_001_000,pixel_mse,mouth,0.00117817
6,0.973236,eb79a85e6b928add93a5fbf5168af5ac_shot_001_000,pixel_mse,upper_face,0.00012568
6,0.973236,eb79a85e6b928add93a5fbf5168af5ac_shot_001_000,pixel_mse,full,0.00055404
6,0.973236,eb79a85e6b928add93a5fbf5168af5ac_shot_001_000,ssim,mouth,0.89741158
6,0.973236,eb79a85e6b928add93a5fbf5168af5ac_shot_001_000,ssim,upper_face,0.96905619
6,0.973236,eb79a85e6b928add93a5fbf5168af5ac_shot_001_000,ssim,full,0.93989694
6,0.973236,eb79a85e6b928add93a5fbf5168af5ac_shot_001_000,lpips,mouth,0.13762897
6,0.973236,eb79a85e6b928add93a5fbf5168af5ac_shot_001_000,lpips,full,0.08436429
6,0.973236,eb79a85e6b928add93a5fbf5168af5ac_shot_001_000,sharpness,mouth,16.6995
6,0.973236,eb79a85e6b928add93a5fbf5168af5ac_shot_001_000,lmd,mouth,2.382535
6,0.973236,eb79a85e6b928add93a5fbf5168af5ac_shot_001_000,sync_d,mouth,10.274814
6,0.973236,eb79a85e6b928add93a5fbf5168af5ac_shot_001_000,sync_c,mouth,5.148746
7,0.968250,eb79a85e6b928add93a5fbf5168af5ac_shot_001_000,pixel_mse,mouth,0.00118987
7,0.968250,eb79a85e6b928add93a5fbf5168af5ac_shot_001_000,pixel_mse,upper_face,0.00012328
7,0.968250,eb79a85e6b928add93a5fbf5168af5ac_shot_001_000,pixel_mse,full,0.00055738
7,0.968250,eb79a85e6b928add93a5fbf5168af5ac_shot_001_000,ssim,mouth,0.89713681
7,0.968250,eb79a85e6b928add93a5fbf5168af5ac_shot_001_000,ssim,upper_face,0.96939653
7,0.968250,eb79a85e6b928add93a5fbf5168af5ac_shot_001_000,ssim,full,0.93998700
7,0.968250,eb79a85e6b928add93a5fbf5168af5ac_shot_001_000,lpips,mouth,0.13571803
7,0.968250,eb79a85e6b928add93a5fbf5168af5ac_shot_001_000,lpips,full,0.08317262
7,0.968250,eb79a85e6b928add93a5fbf5168af5ac_shot_001_000,sharpness,mouth,16.5581
7,0.968250,eb79a85e6b928add93a5fbf5168af5ac_shot_001_000,lmd,mouth,2.392010
7,0.968250,eb79a85e6b928add93a5fbf5168af5ac_shot_001_000,sync_d,mouth,10.302539
7,0.968250,eb79a85e6b928add93a5fbf5168af5ac_shot_001_000,sync_c,mouth,5.127100
8,0.963082,eb79a85e6b928add93a5fbf5168af5ac_shot_001_000,pixel_mse,mouth,0.00119968
8,0.963082,eb79a85e6b928add93a5fbf5168af5ac_shot_001_000,pixel_mse,upper_face,0.00012042
8,0.963082,eb79a85e6b928add93a5fbf5168af5ac_shot_001_000,pixel_mse,full,0.00055967
8,0.963082,eb79a85e6b928add93a5fbf5168af5ac_shot_001_000,ssim,mouth,0.89727885
8,0.963082,eb79a85e6b928add93a5fbf5168af5ac_shot_001_000,ssim,upper_face,0.96967930
8,0.963082,eb79a85e6b928add93a5fbf5168af5ac_shot_001_000,ssim,full,0.94021249
8,0.963082,eb79a85e6b928add93a5fbf5168af5ac_shot_001_000,lpips,mouth,0.13407126
8,0.963082,eb79a85e6b928add93a5fbf5168af5ac_shot_001_000,lpips,full,0.08211645
8,0.963082,eb79a85e6b928add93a5fbf5168af5ac_shot_001_000,sharpness,mouth,16.5682
8,0.963082,eb79a85e6b928add93a5fbf5168af5ac_shot_001_000,lmd,mouth,2.376773
8,0.963082,eb79a85e6b928add93a5fbf5168af5ac_shot_001_000,sync_d,mouth,10.224512
8,0.963082,eb79a85e6b928add93a5fbf5168af5ac_shot_001_000,sync_c,mouth,5.074380
9,0.957720,eb79a85e6b928add93a5fbf5168af5ac_shot_001_000,pixel_mse,mouth,0.00120702
9,0.957720,eb79a85e6b928add93a5fbf5168af5ac_shot_001_000,pixel_mse,upper_face,0.00011786
9,0.957720,eb79a85e6b928add93a5fbf5168af5ac_shot_001_000,pixel_mse,full,0.00056115
9,0.957720,eb79a85e6b928add93a5fbf5168af5ac_shot_001_000,ssim,mouth,0.89732540
9,0.957720,eb79a85e6b928add93a5fbf5168af5ac_shot_001_000,ssim,upper_face,0.96994454
9,0.957720,eb79a85e6b928add93a5fbf5168af5ac_shot_001_000,ssim,full,0.94038874
9,0.957720,eb79a85e6b928add93a5fbf5168af5ac_shot_001_000,lpips,mouth,0.13310713
9,0.957720,eb79a85e6b928add93a5fbf5168af5ac_shot_001_000,lpips,full,0.08163244
9,0.957720,eb79a85e6b928add93a5fbf5168af5ac_shot_001_000,sharpness,mouth,16.6036
9,0.957720,eb79a85e6b928add93a5fbf5168af5ac_shot_001_000,lmd,mouth,2.356894
9,0.957720,eb79a85e6b928add93a5fbf5168af5ac_shot_001_000,sync_d,mouth,10.069349
9,0.957720,eb79a85e6b928add93a5fbf5168af5ac_shot_001_000,sync_c,mouth,5.348219
10,0.952154,eb79a85e6b928add93a5fbf5168af5ac_shot_001_000,pixel_mse,mouth,0.00121980
10,0.952154,eb79a85e6b928add93a5fbf5168af5ac_shot_001_000,pixel_mse,upper_face,0.00011671
10,0.952154,eb79a85e6b928add93a5fbf5168af5ac_shot_001_000,pixel_mse,full,0.00056566
10,0.952154,eb79a85e6b928add93a5fbf5168af5ac_shot_001_000,ssim,mouth,0.89728433
10,0.952154,eb79a85e6b928add93a5fbf5168af5ac_shot_001_000,ssim,upper_face,0.97014046
10,0.952154,eb79a85e6b928add93a5fbf5168af5ac_shot_001_000,ssim,full,0.94048816
10,0.952154,eb79a85e6b928add93a5fbf5168af5ac_shot_001_000,lpips,mouth,0.13217536
10,0.952154,eb79a85e6b928add93a5fbf5168af5ac_shot_001_000,lpips,full,0.08095104
10,0.952154,eb79a85e6b928add93a5fbf5168af5ac_shot_001_000,sharpness,mouth,16.5673
10,0.952154,eb79a85e6b928add93a5fbf5168af5ac_shot_001_000,lmd,mouth,2.360979
10,0.952154,eb79a85e6b928add93a5fbf5168af5ac_shot_001_000,sync_d,mouth,9.987379
10,0.952154,eb79a85e6b928add93a5fbf5168af5ac_shot_001_000,sync_c,mouth,5.315535
11,0.946372,eb79a85e6b928add93a5fbf5168af5ac_shot_001_000,pixel_mse,mouth,0.00121541
11,0.946372,eb79a85e6b928add93a5fbf5168af5ac_shot_001_000,pixel_mse,upper_face,0.00011345
11,0.946372,eb79a85e6b928add93a5fbf5168af5ac_shot_001_000,pixel_mse,full,0.00056195
11,0.946372,eb79a85e6b928add93a5fbf5168af5ac_shot_001_000,ssim,mouth,0.89765167
11,0.946372,eb79a85e6b928add93a5fbf5168af5ac_shot_001_000,ssim,upper_face,0.97041130
11,0.946372,eb79a85e6b928add93a5fbf5168af5ac_shot_001_000,ssim,full,0.94079828
11,0.946372,eb79a85e6b928add93a5fbf5168af5ac_shot_001_000,lpips,mouth,0.13052782
11,0.946372,eb79a85e6b928add93a5fbf5168af5ac_shot_001_000,lpips,full,0.07999169
11,0.946372,eb79a85e6b928add93a5fbf5168af5ac_shot_001_000,sharpness,mouth,16.5222
11,0.946372,eb79a85e6b928add93a5fbf5168af5ac_shot_001_000,lmd,mouth,2.315869
11,0.946372,eb79a85e6b928add93a5fbf5168af5ac_shot_001_000,sync_d,mouth,9.787633
11,0.946372,eb79a85e6b928add93a5fbf5168af5ac_shot_001_000,sync_c,mouth,5.620798
12,0.940361,eb79a85e6b928add93a5fbf5168af5ac_shot_001_000,pixel_mse,mouth,0.00122678
12,0.940361,eb79a85e6b928add93a5fbf5168af5ac_shot_001_000,pixel_mse,upper_face,0.00011417
12,0.940361,eb79a85e6b928add93a5fbf5168af5ac_shot_001_000,pixel_mse,full,0.00056700
12,0.940361,eb79a85e6b928add93a5fbf5168af5ac_shot_001_000,ssim,mouth,0.89754945
12,0.940361,eb79a85e6b928add93a5fbf5168af5ac_shot_001_000,ssim,upper_face,0.97053134
12,0.940361,eb79a85e6b928add93a5fbf5168af5ac_shot_001_000,ssim,full,0.94082791
12,0.940361,eb79a85e6b928add93a5fbf5168af5ac_shot_001_000,lpips,mouth,0.12914580
12,0.940361,eb79a85e6b928add93a5fbf5168af5ac_shot_001_000,lpips,full,0.07916579
12,0.940361,eb79a85e6b928add93a5fbf5168af5ac_shot_001_000,sharpness,mouth,16.5465
12,0.940361,eb79a85e6b928add93a5fbf5168af5ac_shot_001_000,lmd,mouth,2.334079
12,0.940361,eb79a85e6b928add93a5fbf5168af5ac_shot_001_000,sync_d,mouth,9.703456
12,0.940361,eb79a85e6b928add93a5fbf5168af5ac_shot_001_000,sync_c,mouth,5.533937
13,0.934107,eb79a85e6b928add93a5fbf5168af5ac_shot_001_000,pixel_mse,mouth,0.00123825
13,0.934107,eb79a85e6b928add93a5fbf5168af5ac_shot_001_000,pixel_mse,upper_face,0.00011339
13,0.934107,eb79a85e6b928add93a5fbf5168af5ac_shot_001_000,pixel_mse,full,0.00057121
13,0.934107,eb79a85e6b928add93a5fbf5168af5ac_shot_001_000,ssim,mouth,0.89744222
13,0.934107,eb79a85e6b928add93a5fbf5168af5ac_shot_001_000,ssim,upper_face,0.97061485
13,0.934107,eb79a85e6b928add93a5fbf5168af5ac_shot_001_000,ssim,full,0.94083375
13,0.934107,eb79a85e6b928add93a5fbf5168af5ac_shot_001_000,lpips,mouth,0.12844028
13,0.934107,eb79a85e6b928add93a5fbf5168af5ac_shot_001_000,lpips,full,0.07852724
13,0.934107,eb79a85e6b928add93a5fbf5168af5ac_shot_001_000,sharpness,mouth,16.5712
13,0.934107,eb79a85e6b928add93a5fbf5168af5ac_shot_001_000,lmd,mouth,2.326483
13,0.934107,eb79a85e6b928add93a5fbf5168af5ac_shot_001_000,sync_d,mouth,9.661893
13,0.934107,eb79a85e6b928add93a5fbf5168af5ac_shot_001_000,sync_c,mouth,5.545840
14,0.927596,eb79a85e6b928add93a5fbf5168af5ac_shot_001_000,pixel_mse,mouth,0.00124917
14,0.927596,eb79a85e6b928add93a5fbf5168af5ac_shot_001_000,pixel_mse,upper_face,0.00011065
14,0.927596,eb79a85e6b928add93a5fbf5168af5ac_shot_001_000,pixel_mse,full,0.00057403
14,0.927596,eb79a85e6b928add93a5fbf5168af5ac_shot_001_000,ssim,mouth,0.89739507
14,0.927596,eb79a85e6b928add93a5fbf5168af5ac_shot_001_000,ssim,upper_face,0.97079808
14,0.927596,eb79a85e6b928add93a5fbf5168af5ac_shot_001_000,ssim,full,0.94092321
14,0.927596,eb79a85e6b928add93a5fbf5168af5ac_shot_001_000,lpips,mouth,0.12757671
14,0.927596,eb79a85e6b928add93a5fbf5168af5ac_shot_001_000,lpips,full,0.07796564
14,0.927596,eb79a85e6b928add93a5fbf5168af5ac_shot_001_000,sharpness,mouth,16.5071
14,0.927596,eb79a85e6b928add93a5fbf5168af5ac_shot_001_000,lmd,mouth,2.292665
14,0.927596,eb79a85e6b928add93a5fbf5168af5ac_shot_001_000,sync_d,mouth,9.451026
14,0.927596,eb79a85e6b928add93a5fbf5168af5ac_shot_001_000,sync_c,mouth,5.692400
15,0.920810,eb79a85e6b928add93a5fbf5168af5ac_shot_001_000,pixel_mse,mouth,0.00126738
15,0.920810,eb79a85e6b928add93a5fbf5168af5ac_shot_001_000,pixel_mse,upper_face,0.00010921
15,0.920810,eb79a85e6b928add93a5fbf5168af5ac_shot_001_000,pixel_mse,full,0.00058058
15,0.920810,eb79a85e6b928add93a5fbf5168af5ac_shot_001_000,ssim,mouth,0.89688694
15,0.920810,eb79a85e6b928add93a5fbf5168af5ac_shot_001_000,ssim,upper_face,0.97102684
15,0.920810,eb79a85e6b928add93a5fbf5168af5ac_shot_001_000,ssim,full,0.94085222
15,0.920810,eb79a85e6b928add93a5fbf5168af5ac_shot_001_000,lpips,mouth,0.12602060
15,0.920810,eb79a85e6b928add93a5fbf5168af5ac_shot_001_000,lpips,full,0.07718312
15,0.920810,eb79a85e6b928add93a5fbf5168af5ac_shot_001_000,sharpness,mouth,16.5012
15,0.920810,eb79a85e6b928add93a5fbf5168af5ac_shot_001_000,lmd,mouth,2.289835
15,0.920810,eb79a85e6b928add93a5fbf5168af5ac_shot_001_000,sync_d,mouth,9.351337
15,0.920810,eb79a85e6b928add93a5fbf5168af5ac_shot_001_000,sync_c,mouth,5.836617
16,0.913733,eb79a85e6b928add93a5fbf5168af5ac_shot_001_000,pixel_mse,mouth,0.00128950
16,0.913733,eb79a85e6b928add93a5fbf5168af5ac_shot_001_000,pixel_mse,upper_face,0.00010738
16,0.913733,eb79a85e6b928add93a5fbf5168af5ac_shot_001_000,pixel_mse,full,0.00058850
16,0.913733,eb79a85e6b928add93a5fbf5168af5ac_shot_001_000,ssim,mouth,0.89647013
16,0.913733,eb79a85e6b928add93a5fbf5168af5ac_shot_001_000,ssim,upper_face,0.97116107
16,0.913733,eb79a85e6b928add93a5fbf5168af5ac_shot_001_000,ssim,full,0.94076210
16,0.913733,eb79a85e6b928add93a5fbf5168af5ac_shot_001_000,lpips,mouth,0.12542929
16,0.913733,eb79a85e6b928add93a5fbf5168af5ac_shot_001_000,lpips,full,0.07668730
16,0.913733,eb79a85e6b928add93a5fbf5168af5ac_shot_001_000,sharpness,mouth,16.5395
16,0.913733,eb79a85e6b928add93a5fbf5168af5ac_shot_001_000,lmd,mouth,2.353968
16,0.913733,eb79a85e6b928add93a5fbf5168af5ac_shot_001_000,sync_d,mouth,9.325070
16,0.913733,eb79a85e6b928add93a5fbf5168af5ac_shot_001_000,sync_c,mouth,5.932507
17,0.906344,eb79a85e6b928add93a5fbf5168af5ac_shot_001_000,pixel_mse,mouth,0.00131578
17,0.906344,eb79a85e6b928add93a5fbf5168af5ac_shot_001_000,pixel_mse,upper_face,0.00010690
17,0.906344,eb79a85e6b928add93a5fbf5168af5ac_shot_001_000,pixel_mse,full,0.00059891
17,0.906344,eb79a85e6b928add93a5fbf5168af5ac_shot_001_000,ssim,mouth,0.89588535
17,0.906344,eb79a85e6b928add93a5fbf5168af5ac_shot_001_000,ssim,upper_face,0.97124445
17,0.906344,eb79a85e6b928add93a5fbf5168af5ac_shot_001_000,ssim,full,0.94057351
17,0.906344,eb79a85e6b928add93a5fbf5168af5ac_shot_001_000,lpips,mouth,0.12470973
17,0.906344,eb79a85e6b928add93a5fbf5168af5ac_shot_001_000,lpips,full,0.07627234
17,0.906344,eb79a85e6b928add93a5fbf5168af5ac_shot_001_000,sharpness,mouth,16.4734
17,0.906344,eb79a85e6b928add93a5fbf5168af5ac_shot_001_000,lmd,mouth,2.354675
17,0.906344,eb79a85e6b928add93a5fbf5168af5ac_shot_001_000,sync_d,mouth,9.257098
17,0.906344,eb79a85e6b928add93a5fbf5168af5ac_shot_001_000,sync_c,mouth,6.052703
18,0.898624,eb79a85e6b928add93a5fbf5168af5ac_shot_001_000,pixel_mse,mouth,0.00133403
18,0.898624,eb79a85e6b928add93a5fbf5168af5ac_shot_001_000,pixel_mse,upper_face,0.00010584
18,0.898624,eb79a85e6b928add93a5fbf5168af5ac_shot_001_000,pixel_mse,full,0.00060571
18,0.898624,eb79a85e6b928add93a5fbf5168af5ac_shot_001_000,ssim,mouth,0.89546484
18,0.898624,eb79a85e6b928add93a5fbf5168af5ac_shot_001_000,ssim,upper_face,0.97137213
18,0.898624,eb79a85e6b928add93a5fbf5168af5ac_shot_001_000,ssim,full,0.94047803
18,0.898624,eb79a85e6b928add93a5fbf5168af5ac_shot_001_000,lpips,mouth,0.12308898
18,0.898624,eb79a85e6b928add93a5fbf5168af5ac_shot_001_000,lpips,full,0.07531139
18,0.898624,eb79a85e6b928add93a5fbf5168af5ac_shot_001_000,sharpness,mouth,16.4765
18,0.898624,eb79a85e6b928add93a5fbf5168af5ac_shot_001_000,lmd,mouth,2.381338
18,0.898624,eb79a85e6b928add93a5fbf5168af5ac_shot_001_000,sync_d,mouth,9.002538
18,0.898624,eb79a85e6b928add93a5fbf5168af5ac_shot_001_000,sync_c,mouth,6.130438
19,0.890548,eb79a85e6b928add93a5fbf5168af5ac_shot_001_000,pixel_mse,mouth,0.00136466
19,0.890548,eb79a85e6b928add93a5fbf5168af5ac_shot_001_000,pixel_mse,upper_face,0.00010430
19,0.890548,eb79a85e6b928add93a5fbf5168af5ac_shot_001_000,pixel_mse,full,0.00061726
19,0.890548,eb79a85e6b928add93a5fbf5168af5ac_shot_001_000,ssim,mouth,0.89482737
19,0.890548,eb79a85e6b928add93a5fbf5168af5ac_shot_001_000,ssim,upper_face,0.97147876
19,0.890548,eb79a85e6b928add93a5fbf5168af5ac_shot_001_000,ssim,full,0.94028181
19,0.890548,eb79a85e6b928add93a5fbf5168af5ac_shot_001_000,lpips,mouth,0.12187642
19,0.890548,eb79a85e6b928add93a5fbf5168af5ac_shot_001_000,lpips,full,0.07464344
19,0.890548,eb79a85e6b928add93a5fbf5168af5ac_shot_001_000,sharpness,mouth,16.4290
19,0.890548,eb79a85e6b928add93a5fbf5168af5ac_shot_001_000,lmd,mouth,2.398311
19,0.890548,eb79a85e6b928add93a5fbf5168af5ac_shot_001_000,sync_d,mouth,8.974929
19,0.890548,eb79a85e6b928add93a5fbf5168af5ac_shot_001_000,sync_c,mouth,6.223553
20,0.882093,eb79a85e6b928add93a5fbf5168af5ac_shot_001_000,pixel_mse,mouth,0.00138532
20,0.882093,eb79a85e6b928add93a5fbf5168af5ac_shot_001_000,pixel_mse,upper_face,0.00010314
20,0.882093,eb79a85e6b928add93a5fbf5168af5ac_shot_001_000,pixel_mse,full,0.00062498
20,0.882093,eb79a85e6b928add93a5fbf5168af5ac_shot_001_000,ssim,mouth,0.89435744
20,0.882093,eb79a85e6b928add93a5fbf5168af5ac_shot_001_000,ssim,upper_face,0.97159886
20,0.882093,eb79a85e6b928add93a5fbf5168af5ac_shot_001_000,ssim,full,0.94016188
20,0.882093,eb79a85e6b928add93a5fbf5168af5ac_shot_001_000,lpips,mouth,0.12116812
20,0.882093,eb79a85e6b928add93a5fbf5168af5ac_shot_001_000,lpips,full,0.07420034
20,0.882093,eb79a85e6b928add93a5fbf5168af5ac_shot_001_000,sharpness,mouth,16.4881
20,0.882093,eb79a85e6b928add93a5fbf5168af5ac_shot_001_000,lmd,mouth,2.425161
20,0.882093,eb79a85e6b928add93a5fbf5168af5ac_shot_001_000,sync_d,mouth,8.973774
20,0.882093,eb79a85e6b928add93a5fbf5168af5ac_shot_001_000,sync_c,mouth,6.356164
21,0.873231,eb79a85e6b928add93a5fbf5168af5ac_shot_001_000,pixel_mse,mouth,0.00141664
21,0.873231,eb79a85e6b928add93a5fbf5168af5ac_shot_001_000,pixel_mse,upper_face,0.00010416
21,0.873231,eb79a85e6b928add93a5fbf5168af5ac_shot_001_000,pixel_mse,full,0.00063833
21,0.873231,eb79a85e6b928add93a5fbf5168af5ac_shot_001_000,ssim,mouth,0.89369416
21,0.873231,eb79a85e6b928add93a5fbf5168af5ac_shot_001_000,ssim,upper_face,0.97163475
21,0.873231,eb79a85e6b928add93a5fbf5168af5ac_shot_001_000,ssim,full,0.93991297
21,0.873231,eb79a85e6b928add93a5fbf5168af5ac_shot_001_000,lpips,mouth,0.11988370
21,0.873231,eb79a85e6b928add93a5fbf5168af5ac_shot_001_000,lpips,full,0.07349008
21,0.873231,eb79a85e6b928add93a5fbf5168af5ac_shot_001_000,sharpness,mouth,16.4931
21,0.873231,eb79a85e6b928add93a5fbf5168af5ac_shot_001_000,lmd,mouth,2.420918
21,0.873231,eb79a85e6b928add93a5fbf5168af5ac_shot_001_000,sync_d,mouth,8.898360
21,0.873231,eb79a85e6b928add93a5fbf5168af5ac_shot_001_000,sync_c,mouth,6.336072
22,0.863931,eb79a85e6b928add93a5fbf5168af5ac_shot_001_000,pixel_mse,mouth,0.00144205
22,0.863931,eb79a85e6b928add93a5fbf5168af5ac_shot_001_000,pixel_mse,upper_face,0.00010277
22,0.863931,eb79a85e6b928add93a5fbf5168af5ac_shot_001_000,pixel_mse,full,0.00064785
22,0.863931,eb79a85e6b928add93a5fbf5168af5ac_shot_001_000,ssim,mouth,0.89301038
22,0.863931,eb79a85e6b928add93a5fbf5168af5ac_shot_001_000,ssim,upper_face,0.97175157
22,0.863931,eb79a85e6b928add93a5fbf5168af5ac_shot_001_000,ssim,full,0.93970412
22,0.863931,eb79a85e6b928add93a5fbf5168af5ac_shot_001_000,lpips,mouth,0.11885151
22,0.863931,eb79a85e6b928add93a5fbf5168af5ac_shot_001_000,lpips,full,0.07282887
22,0.863931,eb79a85e6b928add93a5fbf5168af5ac_shot_001_000,sharpness,mouth,16.5196
22,0.863931,eb79a85e6b928add93a5fbf5168af5ac_shot_001_000,lmd,mouth,2.519245
22,0.863931,eb79a85e6b928add93a5fbf5168af5ac_shot_001_000,sync_d,mouth,8.730988
22,0.863931,eb79a85e6b928add93a5fbf5168af5ac_shot_001_000,sync_c,mouth,6.504357
23,0.854160,eb79a85e6b928add93a5fbf5168af5ac_shot_001_000,pixel_mse,mouth,0.00145737
23,0.854160,eb79a85e6b928add93a5fbf5168af5ac_shot_001_000,pixel_mse,upper_face,0.00010160
23,0.854160,eb79a85e6b928add93a5fbf5168af5ac_shot_001_000,pixel_mse,full,0.00065340
23,0.854160,eb79a85e6b928add93a5fbf5168af5ac_shot_001_000,ssim,mouth,0.89274091
23,0.854160,eb79a85e6b928add93a5fbf5168af5ac_shot_001_000,ssim,upper_face,0.97186702
23,0.854160,eb79a85e6b928add93a5fbf5168af5ac_shot_001_000,ssim,full,0.93966287
23,0.854160,eb79a85e6b928add93a5fbf5168af5ac_shot_001_000,lpips,mouth,0.11743953
23,0.854160,eb79a85e6b928add93a5fbf5168af5ac_shot_001_000,lpips,full,0.07209177
23,0.854160,eb79a85e6b928add93a5fbf5168af5ac_shot_001_000,sharpness,mouth,16.4595
23,0.854160,eb79a85e6b928add93a5fbf5168af5ac_shot_001_000,lmd,mouth,2.527001
23,0.854160,eb79a85e6b928add93a5fbf5168af5ac_shot_001_000,sync_d,mouth,8.681039
23,0.854160,eb79a85e6b928add93a5fbf5168af5ac_shot_001_000,sync_c,mouth,6.608271
24,0.843882,eb79a85e6b928add93a5fbf5168af5ac_shot_001_000,pixel_mse,mouth,0.00148768
24,0.843882,eb79a85e6b928add93a5fbf5168af5ac_shot_001_000,pixel_mse,upper_face,0.00010226
24,0.843882,eb79a85e6b928add93a5fbf5168af5ac_shot_001_000,pixel_mse,full,0.00066612
24,0.843882,eb79a85e6b928add93a5fbf5168af5ac_shot_001_000,ssim,mouth,0.89216918
24,0.843882,eb79a85e6b928add93a5fbf5168af5ac_shot_001_000,ssim,upper_face,0.97188848
24,0.843882,eb79a85e6b928add93a5fbf5168af5ac_shot_001_000,ssim,full,0.93944293
24,0.843882,eb79a85e6b928add93a5fbf5168af5ac_shot_001_000,lpips,mouth,0.11676324
24,0.843882,eb79a85e6b928add93a5fbf5168af5ac_shot_001_000,lpips,full,0.07161234
24,0.843882,eb79a85e6b928add93a5fbf5168af5ac_shot_001_000,sharpness,mouth,16.5024
24,0.843882,eb79a85e6b928add93a5fbf5168af5ac_shot_001_000,lmd,mouth,2.561770
24,0.843882,eb79a85e6b928add93a5fbf5168af5ac_shot_001_000,sync_d,mouth,8.521846
24,0.843882,eb79a85e6b928add93a5fbf5168af5ac_shot_001_000,sync_c,mouth,6.740640
25,0.833055,eb79a85e6b928add93a5fbf5168af5ac_shot_001_000,pixel_mse,mouth,0.00150830
25,0.833055,eb79a85e6b928add93a5fbf5168af5ac_shot_001_000,pixel_mse,upper_face,0.00010072
25,0.833055,eb79a85e6b928add93a5fbf5168af5ac_shot_001_000,pixel_mse,full,0.00067360
25,0.833055,eb79a85e6b928add93a5fbf5168af5ac_shot_001_000,ssim,mouth,0.89172965
25,0.833055,eb79a85e6b928add93a5fbf5168af5ac_shot_001_000,ssim,upper_face,0.97199529
25,0.833055,eb79a85e6b928add93a5fbf5168af5ac_shot_001_000,ssim,full,0.93932736
25,0.833055,eb79a85e6b928add93a5fbf5168af5ac_shot_001_000,lpips,mouth,0.11517671
25,0.833055,eb79a85e6b928add93a5fbf5168af5ac_shot_001_000,lpips,full,0.07070038
25,0.833055,eb79a85e6b928add93a5fbf5168af5ac_shot_001_000,sharpness,mouth,16.5374
25,0.833055,eb79a85e6b928add93a5fbf5168af5ac_shot_001_000,lmd,mouth,2.611807
25,0.833055,eb79a85e6b928add93a5fbf5168af5ac_shot_001_000,sync_d,mouth,8.433116
25,0.833055,eb79a85e6b928add93a5fbf5168af5ac_shot_001_000,sync_c,mouth,6.764879
26,0.821636,eb79a85e6b928add93a5fbf5168af5ac_shot_001_000,pixel_mse,mouth,0.00154056
26,0.821636,eb79a85e6b928add93a5fbf5168af5ac_shot_001_000,pixel_mse,upper_face,0.00009923
26,0.821636,eb79a85e6b928add93a5fbf5168af5ac_shot_001_000,pixel_mse,full,0.00068585
26,0.821636,eb79a85e6b928add93a5fbf5168af5ac_shot_001_000,ssim,mouth,0.89103800
26,0.821636,eb79a85e6b928add93a5fbf5168af5ac_shot_001_000,ssim,upper_face,0.97212678
26,0.821636,eb79a85e6b928add93a5fbf5168af5ac_shot_001_000,ssim,full,0.93912381
26,0.821636,eb79a85e6b928add93a5fbf5168af5ac_shot_001_000,lpips,mouth,0.11450918
26,0.821636,eb79a85e6b928add93a5fbf5168af5ac_shot_001_000,lpips,full,0.07032289
26,0.821636,eb79a85e6b928add93a5fbf5168af5ac_shot_001_000,sharpness,mouth,16.5576
26,0.821636,eb79a85e6b928add93a5fbf5168af5ac_shot_001_000,lmd,mouth,2.555875
26,0.821636,eb79a85e6b928add93a5fbf5168af5ac_shot_001_000,sync_d,mouth,8.470511
26,0.821636,eb79a85e6b928add93a5fbf5168af5ac_shot_001_000,sync_c,mouth,6.776647
27,0.809574,eb79a85e6b928add93a5fbf5168af5ac_shot_001_000,pixel_mse,mouth,0.00156852
27,0.809574,eb79a85e6b928add93a5fbf5168af5ac_shot_001_000,pixel_mse,upper_face,0.00009887
27,0.809574,eb79a85e6b928add93a5fbf5168af5ac_shot_001_000,pixel_mse,full,0.00069701
27,0.809574,eb79a85e6b928add93a5fbf5168af5ac_shot_001_000,ssim,mouth,0.89043230
27,0.809574,eb79a85e6b928add93a5fbf5168af5ac_shot_001_000,ssim,upper_face,0.97217512
27,0.809574,eb79a85e6b928add93a5fbf5168af5ac_shot_001_000,ssim,full,0.93890595
27,0.809574,eb79a85e6b928add93a5fbf5168af5ac_shot_001_000,lpips,mouth,0.11383641
27,0.809574,eb79a85e6b928add93a5fbf5168af5ac_shot_001_000,lpips,full,0.06974850
27,0.809574,eb79a85e6b928add93a5fbf5168af5ac_shot_001_000,sharpness,mouth,16.5941
27,0.809574,eb79a85e6b928add93a5fbf5168af5ac_shot_001_000,lmd,mouth,2.659379
27,0.809574,eb79a85e6b928add93a5fbf5168af5ac_shot_001_000,sync_d,mouth,8.356133
27,0.809574,eb79a85e6b928add93a5fbf5168af5ac_shot_001_000,sync_c,mouth,6.912721
28,0.796812,eb79a85e6b928add93a5fbf5168af5ac_shot_001_000,pixel_mse,mouth,0.00160350
28,0.796812,eb79a85e6b928add93a5fbf5168af5ac_shot_001_000,pixel_mse,upper_face,0.00009947
28,0.796812,eb79a85e6b928add93a5fbf5168af5ac_shot_001_000,pixel_mse,full,0.00071161
28,0.796812,eb79a85e6b928add93a5fbf5168af5ac_shot_001_000,ssim,mouth,0.88966089
28,0.796812,eb79a85e6b928add93a5fbf5168af5ac_shot_001_000,ssim,upper_face,0.97222787
28,0.796812,eb79a85e6b928add93a5fbf5168af5ac_shot_001_000,ssim,full,0.93862319
28,0.796812,eb79a85e6b928add93a5fbf5168af5ac_shot_001_000,lpips,mouth,0.11262815
28,0.796812,eb79a85e6b928add93a5fbf5168af5ac_shot_001_000,lpips,full,0.06919235
28,0.796812,eb79a85e6b928add93a5fbf5168af5ac_shot_001_000,sharpness,mouth,16.6451
28,0.796812,eb79a85e6b928add93a5fbf5168af5ac_shot_001_000,lmd,mouth,2.651107
28,0.796812,eb79a85e6b928add93a5fbf5168af5ac_shot_001_000,sync_d,mouth,8.309179
28,0.796812,eb79a85e6b928add93a5fbf5168af5ac_shot_001_000,sync_c,mouth,6.934337
29,0.783290,eb79a85e6b928add93a5fbf5168af5ac_shot_001_000,pixel_mse,mouth,0.00163707
29,0.783290,eb79a85e6b928add93a5fbf5168af5ac_shot_001_000,pixel_mse,upper_face,0.00009790
29,0.783290,eb79a85e6b928add93a5fbf5168af5ac_shot_001_000,pixel_mse,full,0.00072434
29,0.783290,eb79a85e6b928add93a5fbf5168af5ac_shot_001_000,ssim,mouth,0.88904542
29,0.783290,eb79a85e6b928add93a5fbf5168af5ac_shot_001_000,ssim,upper_face,0.97237182
29,0.783290,eb79a85e6b928add93a5fbf5168af5ac_shot_001_000,ssim,full,0.93845820
29,0.783290,eb79a85e6b928add93a5fbf5168af5ac_shot_001_000,lpips,mouth,0.11185344
29,0.783290,eb79a85e6b928add93a5fbf5168af5ac_shot_001_000,lpips,full,0.06876487
29,0.783290,eb79a85e6b928add93a5fbf5168af5ac_shot_001_000,sharpness,mouth,16.6299
29,0.783290,eb79a85e6b928add93a5fbf5168af5ac_shot_001_000,lmd,mouth,2.637939
29,0.783290,eb79a85e6b928add93a5fbf5168af5ac_shot_001_000,sync_d,mouth,8.117626
29,0.783290,eb79a85e6b928add93a5fbf5168af5ac_shot_001_000,sync_c,mouth,7.031286
30,0.768935,eb79a85e6b928add93a5fbf5168af5ac_shot_001_000,pixel_mse,mouth,0.00167930
30,0.768935,eb79a85e6b928add93a5fbf5168af5ac_shot_001_000,pixel_mse,upper_face,0.00009775
30,0.768935,eb79a85e6b928add93a5fbf5168af5ac_shot_001_000,pixel_mse,full,0.00074144
30,0.768935,eb79a85e6b928add93a5fbf5168af5ac_shot_001_000,ssim,mouth,0.88835335
30,0.768935,eb79a85e6b928add93a5fbf5168af5ac_shot_001_000,ssim,upper_face,0.97237509
30,0.768935,eb79a85e6b928add93a5fbf5168af5ac_shot_001_000,ssim,full,0.93817848
30,0.768935,eb79a85e6b928add93a5fbf5168af5ac_shot_001_000,lpips,mouth,0.11105754
30,0.768935,eb79a85e6b928add93a5fbf5168af5ac_shot_001_000,lpips,full,0.06835663
30,0.768935,eb79a85e6b928add93a5fbf5168af5ac_shot_001_000,sharpness,mouth,16.6894
30,0.768935,eb79a85e6b928add93a5fbf5168af5ac_shot_001_000,lmd,mouth,2.663912
30,0.768935,eb79a85e6b928add93a5fbf5168af5ac_shot_001_000,sync_d,mouth,8.018582
30,0.768935,eb79a85e6b928add93a5fbf5168af5ac_shot_001_000,sync_c,mouth,7.187456
31,0.753669,eb79a85e6b928add93a5fbf5168af5ac_shot_001_000,pixel_mse,mouth,0.00172483
31,0.753669,eb79a85e6b928add93a5fbf5168af5ac_shot_001_000,pixel_mse,upper_face,0.00009645
31,0.753669,eb79a85e6b928add93a5fbf5168af5ac_shot_001_000,pixel_mse,full,0.00075920
31,0.753669,eb79a85e6b928add93a5fbf5168af5ac_shot_001_000,ssim,mouth,0.88757390
31,0.753669,eb79a85e6b928add93a5fbf5168af5ac_shot_001_000,ssim,upper_face,0.97250175
31,0.753669,eb79a85e6b928add93a5fbf5168af5ac_shot_001_000,ssim,full,0.93793631
31,0.753669,eb79a85e6b928add93a5fbf5168af5ac_shot_001_000,lpips,mouth,0.11034709
31,0.753669,eb79a85e6b928add93a5fbf5168af5ac_shot_001_000,lpips,full,0.06796318
31,0.753669,eb79a85e6b928add93a5fbf5168af5ac_shot_001_000,sharpness,mouth,16.6779
31,0.753669,eb79a85e6b928add93a5fbf5168af5ac_shot_001_000,lmd,mouth,2.712272
31,0.753669,eb79a85e6b928add93a5fbf5168af5ac_shot_001_000,sync_d,mouth,7.959807
31,0.753669,eb79a85e6b928add93a5fbf5168af5ac_shot_001_000,sync_c,mouth,7.179694
32,0.737402,eb79a85e6b928add93a5fbf5168af5ac_shot_001_000,pixel_mse,mouth,0.00177901
32,0.737402,eb79a85e6b928add93a5fbf5168af5ac_shot_001_000,pixel_mse,upper_face,0.00009563
32,0.737402,eb79a85e6b928add93a5fbf5168af5ac_shot_001_000,pixel_mse,full,0.00078076
32,0.737402,eb79a85e6b928add93a5fbf5168af5ac_shot_001_000,ssim,mouth,0.88664198
32,0.737402,eb79a85e6b928add93a5fbf5168af5ac_shot_001_000,ssim,upper_face,0.97254378
32,0.737402,eb79a85e6b928add93a5fbf5168af5ac_shot_001_000,ssim,full,0.93758196
32,0.737402,eb79a85e6b928add93a5fbf5168af5ac_shot_001_000,lpips,mouth,0.10985829
32,0.737402,eb79a85e6b928add93a5fbf5168af5ac_shot_001_000,lpips,full,0.06773534
32,0.737402,eb79a85e6b928add93a5fbf5168af5ac_shot_001_000,sharpness,mouth,16.7213
32,0.737402,eb79a85e6b928add93a5fbf5168af5ac_shot_001_000,lmd,mouth,2.705969
32,0.737402,eb79a85e6b928add93a5fbf5168af5ac_shot_001_000,sync_d,mouth,7.856376
32,0.737402,eb79a85e6b928add93a5fbf5168af5ac_shot_001_000,sync_c,mouth,7.302962
33,0.720034,eb79a85e6b928add93a5fbf5168af5ac_shot_001_000,pixel_mse,mouth,0.00183628
33,0.720034,eb79a85e6b928add93a5fbf5168af5ac_shot_001_000,pixel_mse,upper_face,0.00009530
33,0.720034,eb79a85e6b928add93a5fbf5168af5ac_shot_001_000,pixel_mse,full,0.00080388
33,0.720034,eb79a85e6b928add93a5fbf5168af5ac_shot_001_000,ssim,mouth,0.88575351
33,0.720034,eb79a85e6b928add93a5fbf5168af5ac_shot_001_000,ssim,upper_face,0.97262299
33,0.720034,eb79a85e6b928add93a5fbf5168af5ac_shot_001_000,ssim,full,0.93726736
33,0.720034,eb79a85e6b928add93a5fbf5168af5ac_shot_001_000,lpips,mouth,0.10920865
33,0.720034,eb79a85e6b928add93a5fbf5168af5ac_shot_001_000,lpips,full,0.06717142
33,0.720034,eb79a85e6b928add93a5fbf5168af5ac_shot_001_000,sharpness,mouth,16.7737
33,0.720034,eb79a85e6b928add93a5fbf5168af5ac_shot_001_000,lmd,mouth,2.686111
33,0.720034,eb79a85e6b928add93a5fbf5168af5ac_shot_001_000,sync_d,mouth,7.806006
33,0.720034,eb79a85e6b928add93a5fbf5168af5ac_shot_001_000,sync_c,mouth,7.401186
34,0.701446,eb79a85e6b928add93a5fbf5168af5ac_shot_001_000,pixel_mse,mouth,0.00190152
34,0.701446,eb79a85e6b928add93a5fbf5168af5ac_shot_001_000,pixel_mse,upper_face,0.00009436
34,0.701446,eb79a85e6b928add93a5fbf5168af5ac_shot_001_000,pixel_mse,full,0.00082987
34,0.701446,eb79a85e6b928add93a5fbf5168af5ac_shot_001_000,ssim,mouth,0.88466787
34,0.701446,eb79a85e6b928add93a5fbf5168af5ac_shot_001_000,ssim,upper_face,0.97273827
34,0.701446,eb79a85e6b928add93a5fbf5168af5ac_shot_001_000,ssim,full,0.93689382
34,0.701446,eb79a85e6b928add93a5fbf5168af5ac_shot_001_000,lpips,mouth,0.10846452
34,0.701446,eb79a85e6b928add93a5fbf5168af5ac_shot_001_000,lpips,full,0.06677768
34,0.701446,eb79a85e6b928add93a5fbf5168af5ac_shot_001_000,sharpness,mouth,16.8404
34,0.701446,eb79a85e6b928add93a5fbf5168af5ac_shot_001_000,lmd,mouth,2.738681
34,0.701446,eb79a85e6b928add93a5fbf5168af5ac_shot_001_000,sync_d,mouth,7.587043
34,0.701446,eb79a85e6b928add93a5fbf5168af5ac_shot_001_000,sync_c,mouth,7.541078
35,0.681508,eb79a85e6b928add93a5fbf5168af5ac_shot_001_000,pixel_mse,mouth,0.00197909
35,0.681508,eb79a85e6b928add93a5fbf5168af5ac_shot_001_000,pixel_mse,upper_face,0.00009304
35,0.681508,eb79a85e6b928add93a5fbf5168af5ac_shot_001_000,pixel_mse,full,0.00086066
35,0.681508,eb79a85e6b928add93a5fbf5168af5ac_shot_001_000,ssim,mouth,0.88355380
35,0.681508,eb79a85e6b928add93a5fbf5168af5ac_shot_001_000,ssim,upper_face,0.97277766
35,0.681508,eb79a85e6b928add93a5fbf5168af5ac_shot_001_000,ssim,full,0.93646371
35,0.681508,eb79a85e6b928add93a5fbf5168af5ac_shot_001_000,lpips,mouth,0.10829382
35,0.681508,eb79a85e6b928add93a5fbf5168af5ac_shot_001_000,lpips,full,0.06665209
35,0.681508,eb79a85e6b928add93a5fbf5168af5ac_shot_001_000,sharpness,mouth,16.9203
35,0.681508,eb79a85e6b928add93a5fbf5168af5ac_shot_001_000,lmd,mouth,2.765567
35,0.681508,eb79a85e6b928add93a5fbf5168af5ac_shot_001_000,sync_d,mouth,7.525825
35,0.681508,eb79a85e6b928add93a5fbf5168af5ac_shot_001_000,sync_c,mouth,7.622740
36,0.660066,eb79a85e6b928add93a5fbf5168af5ac_shot_001_000,pixel_mse,mouth,0.00210132
36,0.660066,eb79a85e6b928add93a5fbf5168af5ac_shot_001_000,pixel_mse,upper_face,0.00009311
36,0.660066,eb79a85e6b928add93a5fbf5168af5ac_shot_001_000,pixel_mse,full,0.00091045
36,0.660066,eb79a85e6b928add93a5fbf5168af5ac_shot_001_000,ssim,mouth,0.88199973
36,0.660066,eb79a85e6b928add93a5fbf5168af5ac_shot_001_000,ssim,upper_face,0.97282827
36,0.660066,eb79a85e6b928add93a5fbf5168af5ac_shot_001_000,ssim,full,0.93586129
36,0.660066,eb79a85e6b928add93a5fbf5168af5ac_shot_001_000,lpips,mouth,0.10871784
36,0.660066,eb79a85e6b928add93a5fbf5168af5ac_shot_001_000,lpips,full,0.06690796
36,0.660066,eb79a85e6b928add93a5fbf5168af5ac_shot_001_000,sharpness,mouth,16.9125
36,0.660066,eb79a85e6b928add93a5fbf5168af5ac_shot_001_000,lmd,mouth,2.740009
36,0.660066,eb79a85e6b928add93a5fbf5168af5ac_shot_001_000,sync_d,mouth,7.442839
36,0.660066,eb79a85e6b928add93a5fbf5168af5ac_shot_001_000,sync_c,mouth,7.776010
37,0.636942,eb79a85e6b928add93a5fbf5168af5ac_shot_001_000,pixel_mse,mouth,0.00221871
37,0.636942,eb79a85e6b928add93a5fbf5168af5ac_shot_001_000,pixel_mse,upper_face,0.00009158
37,0.636942,eb79a85e6b928add93a5fbf5168af5ac_shot_001_000,pixel_mse,full,0.00095732
37,0.636942,eb79a85e6b928add93a5fbf5168af5ac_shot_001_000,ssim,mouth,0.88032728
37,0.636942,eb79a85e6b928add93a5fbf5168af5ac_shot_001_000,ssim,upper_face,0.97295880
37,0.636942,eb79a85e6b928add93a5fbf5168af5ac_shot_001_000,ssim,full,0.93525791
37,0.636942,eb79a85e6b928add93a5fbf5168af5ac_shot_001_000,lpips,mouth,0.10871203
37,0.636942,eb79a85e6b928add93a5fbf5168af5ac_shot_001_000,lpips,full,0.06681967
37,0.636942,eb79a85e6b928add93a5fbf5168af5ac_shot_001_000,sharpness,mouth,17.0870
37,0.636942,eb79a85e6b928add93a5fbf5168af5ac_shot_001_000,lmd,mouth,2.793644
37,0.636942,eb79a85e6b928add93a5fbf5168af5ac_shot_001_000,sync_d,mouth,7.315798
37,0.636942,eb79a85e6b928add93a5fbf5168af5ac_shot_001_000,sync_c,mouth,7.844993
38,0.611932,eb79a85e6b928add93a5fbf5168af5ac_shot_001_000,pixel_mse,mouth,0.00237747
38,0.611932,eb79a85e6b928add93a5fbf5168af5ac_shot_001_000,pixel_mse,upper_face,0.00009089
38,0.611932,eb79a85e6b928add93a5fbf5168af5ac_shot_001_000,pixel_mse,full,0.00102152
38,0.611932,eb79a85e6b928add93a5fbf5168af5ac_shot_001_000,ssim,mouth,0.87805748
38,0.611932,eb79a85e6b928add93a5fbf5168af5ac_shot_001_000,ssim,upper_face,0.97300363
38,0.611932,eb79a85e6b928add93a5fbf5168af5ac_shot_001_000,ssim,full,0.93436086
38,0.611932,eb79a85e6b928add93a5fbf5168af5ac_shot_001_000,lpips,mouth,0.11018860
38,0.611932,eb79a85e6b928add93a5fbf5168af5ac_shot_001_000,lpips,full,0.06777894
38,0.611932,eb79a85e6b928add93a5fbf5168af5ac_shot_001_000,sharpness,mouth,17.2158
38,0.611932,eb79a85e6b928add93a5fbf5168af5ac_shot_001_000,lmd,mouth,2.764642
38,0.611932,eb79a85e6b928add93a5fbf5168af5ac_shot_001_000,sync_d,mouth,7.371286
38,0.611932,eb79a85e6b928add93a5fbf5168af5ac_shot_001_000,sync_c,mouth,7.716012
39,0.584795,eb79a85e6b928add93a5fbf5168af5ac_shot_001_000,pixel_mse,mouth,0.00247939
39,0.584795,eb79a85e6b928add93a5fbf5168af5ac_shot_001_000,pixel_mse,upper_face,0.00009003
39,0.584795,eb79a85e6b928add93a5fbf5168af5ac_shot_001_000,pixel_mse,full,0.00106250
39,0.584795,eb79a85e6b928add93a5fbf5168af5ac_shot_001_000,ssim,mouth,0.87661290
39,0.584795,eb79a85e6b928add93a5fbf5168af5ac_shot_001_000,ssim,upper_face,0.97311091
39,0.584795,eb79a85e6b928add93a5fbf5168af5ac_shot_001_000,ssim,full,0.93383646
39,0.584795,eb79a85e6b928add93a5fbf5168af5ac_shot_001_000,lpips,mouth,0.11052379
39,0.584795,eb79a85e6b928add93a5fbf5168af5ac_shot_001_000,lpips,full,0.06794871
39,0.584795,eb79a85e6b928add93a5fbf5168af5ac_shot_001_000,sharpness,mouth,17.2824
39,0.584795,eb79a85e6b928add93a5fbf5168af5ac_shot_001_000,lmd,mouth,2.807682
39,0.584795,eb79a85e6b928add93a5fbf5168af5ac_shot_001_000,sync_d,mouth,7.383408
39,0.584795,eb79a85e6b928add93a5fbf5168af5ac_shot_001_000,sync_c,mouth,7.702713
40,0.555247,eb79a85e6b928add93a5fbf5168af5ac_shot_001_000,pixel_mse,mouth,0.00255121
40,0.555247,eb79a85e6b928add93a5fbf5168af5ac_shot_001_000,pixel_mse,upper_face,0.00008938
40,0.555247,eb79a85e6b928add93a5fbf5168af5ac_shot_001_000,pixel_mse,full,0.00109134
40,0.555247,eb79a85e6b928add93a5fbf5168af5ac_shot_001_000,ssim,mouth,0.87547791
40,0.555247,eb79a85e6b928add93a5fbf5168af5ac_shot_001_000,ssim,upper_face,0.97315866
40,0.555247,eb79a85e6b928add93a5fbf5168af5ac_shot_001_000,ssim,full,0.93340284
40,0.555247,eb79a85e6b928add93a5fbf5168af5ac_shot_001_000,lpips,mouth,0.11065151
40,0.555247,eb79a85e6b928add93a5fbf5168af5ac_shot_001_000,lpips,full,0.06789455
40,0.555247,eb79a85e6b928add93a5fbf5168af5ac_shot_001_000,sharpness,mouth,17.4816
40,0.555247,eb79a85e6b928add93a5fbf5168af5ac_shot_001_000,lmd,mouth,2.790705
40,0.555247,eb79a85e6b928add93a5fbf5168af5ac_shot_001_000,sync_d,mouth,7.430968
40,0.555247,eb79a85e6b928add93a5fbf5168af5ac_shot_001_000,sync_c,mouth,7.700601
41,0.522951,eb79a85e6b928add93a5fbf5168af5ac_shot_001_000,pixel_mse,mouth,0.00263938
41,0.522951,eb79a85e6b928add93a5fbf5168af5ac_shot_001_000,pixel_mse,upper_face,0.00008844
41,0.522951,eb79a85e6b928add93a5fbf5168af5ac_shot_001_000,pixel_mse,full,0.00112667
41,0.522951,eb79a85e6b928add93a5fbf5168af5ac_shot_001_000,ssim,mouth,0.87429470
41,0.522951,eb79a85e6b928add93a5fbf5168af5ac_shot_001_000,ssim,upper_face,0.97328269
41,0.522951,eb79a85e6b928add93a5fbf5168af5ac_shot_001_000,ssim,full,0.93299478
41,0.522951,eb79a85e6b928add93a5fbf5168af5ac_shot_001_000,lpips,mouth,0.11099152
41,0.522951,eb79a85e6b928add93a5fbf5168af5ac_shot_001_000,lpips,full,0.06812996
41,0.522951,eb79a85e6b928add93a5fbf5168af5ac_shot_001_000,sharpness,mouth,17.6984
41,0.522951,eb79a85e6b928add93a5fbf5168af5ac_shot_001_000,lmd,mouth,2.788177
41,0.522951,eb79a85e6b928add93a5fbf5168af5ac_shot_001_000,sync_d,mouth,7.263978
41,0.522951,eb79a85e6b928add93a5fbf5168af5ac_shot_001_000,sync_c,mouth,7.737572
42,0.487507,eb79a85e6b928add93a5fbf5168af5ac_shot_001_000,pixel_mse,mouth,0.00273077
42,0.487507,eb79a85e6b928add93a5fbf5168af5ac_shot_001_000,pixel_mse,upper_face,0.00008814
42,0.487507,eb79a85e6b928add93a5fbf5168af5ac_shot_001_000,pixel_mse,full,0.00116368
42,0.487507,eb79a85e6b928add93a5fbf5168af5ac_shot_001_000,ssim,mouth,0.87301397
42,0.487507,eb79a85e6b928add93a5fbf5168af5ac_shot_001_000,ssim,upper_face,0.97332150
42,0.487507,eb79a85e6b928add93a5fbf5168af5ac_shot_001_000,ssim,full,0.93249661
42,0.487507,eb79a85e6b928add93a5fbf5168af5ac_shot_001_000,lpips,mouth,0.11173364
42,0.487507,eb79a85e6b928add93a5fbf5168af5ac_shot_001_000,lpips,full,0.06847163
42,0.487507,eb79a85e6b928add93a5fbf5168af5ac_shot_001_000,sharpness,mouth,18.0111
42,0.487507,eb79a85e6b928add93a5fbf5168af5ac_shot_001_000,lmd,mouth,2.768556
42,0.487507,eb79a85e6b928add93a5fbf5168af5ac_shot_001_000,sync_d,mouth,7.348196
42,0.487507,eb79a85e6b928add93a5fbf5168af5ac_shot_001_000,sync_c,mouth,7.713850
43,0.448430,eb79a85e6b928add93a5fbf5168af5ac_shot_001_000,pixel_mse,mouth,0.00283219
43,0.448430,eb79a85e6b928add93a5fbf5168af5ac_shot_001_000,pixel_mse,upper_face,0.00008811
43,0.448430,eb79a85e6b928add93a5fbf5168af5ac_shot_001_000,pixel_mse,full,0.00120495
43,0.448430,eb79a85e6b928add93a5fbf5168af5ac_shot_001_000,ssim,mouth,0.87151212
43,0.448430,eb79a85e6b928add93a5fbf5168af5ac_shot_001_000,ssim,upper_face,0.97331786
43,0.448430,eb79a85e6b928add93a5fbf5168af5ac_shot_001_000,ssim,full,0.93188316
43,0.448430,eb79a85e6b928add93a5fbf5168af5ac_shot_001_000,lpips,mouth,0.11330394
43,0.448430,eb79a85e6b928add93a5fbf5168af5ac_shot_001_000,lpips,full,0.06937483
43,0.448430,eb79a85e6b928add93a5fbf5168af5ac_shot_001_000,sharpness,mouth,18.3345
43,0.448430,eb79a85e6b928add93a5fbf5168af5ac_shot_001_000,lmd,mouth,2.859236
43,0.448430,eb79a85e6b928add93a5fbf5168af5ac_shot_001_000,sync_d,mouth,7.193840
43,0.448430,eb79a85e6b928add93a5fbf5168af5ac_shot_001_000,sync_c,mouth,7.963452
44,0.405131,eb79a85e6b928add93a5fbf5168af5ac_shot_001_000,pixel_mse,mouth,0.00293459
44,0.405131,eb79a85e6b928add93a5fbf5168af5ac_shot_001_000,pixel_mse,upper_face,0.00008846
44,0.405131,eb79a85e6b928add93a5fbf5168af5ac_shot_001_000,pixel_mse,full,0.00124683
44,0.405131,eb79a85e6b928add93a5fbf5168af5ac_shot_001_000,ssim,mouth,0.86999929
44,0.405131,eb79a85e6b928add93a5fbf5168af5ac_shot_001_000,ssim,upper_face,0.97335005
44,0.405131,eb79a85e6b928add93a5fbf5168af5ac_shot_001_000,ssim,full,0.93128657
44,0.405131,eb79a85e6b928add93a5fbf5168af5ac_shot_001_000,lpips,mouth,0.11511628
44,0.405131,eb79a85e6b928add93a5fbf5168af5ac_shot_001_000,lpips,full,0.07033236
44,0.405131,eb79a85e6b928add93a5fbf5168af5ac_shot_001_000,sharpness,mouth,18.6213
44,0.405131,eb79a85e6b928add93a5fbf5168af5ac_shot_001_000,lmd,mouth,2.851357
44,0.405131,eb79a85e6b928add93a5fbf5168af5ac_shot_001_000,sync_d,mouth,7.140088
44,0.405131,eb79a85e6b928add93a5fbf5168af5ac_shot_001_000,sync_c,mouth,7.985276
45,0.356888,eb79a85e6b928add93a5fbf5168af5ac_shot_001_000,pixel_mse,mouth,0.00305029
45,0.356888,eb79a85e6b928add93a5fbf5168af5ac_shot_001_000,pixel_mse,upper_face,0.00008996
45,0.356888,eb79a85e6b928add93a5fbf5168af5ac_shot_001_000,pixel_mse,full,0.00129481
45,0.356888,eb79a85e6b928add93a5fbf5168af5ac_shot_001_000,ssim,mouth,0.86835450
45,0.356888,eb79a85e6b928add93a5fbf5168af5ac_shot_001_000,ssim,upper_face,0.97328866
45,0.356888,eb79a85e6b928add93a5fbf5168af5ac_shot_001_000,ssim,full,0.93058068
45,0.356888,eb79a85e6b928add93a5fbf5168af5ac_shot_001_000,lpips,mouth,0.11753364
45,0.356888,eb79a85e6b928add93a5fbf5168af5ac_shot_001_000,lpips,full,0.07159115
45,0.356888,eb79a85e6b928add93a5fbf5168af5ac_shot_001_000,sharpness,mouth,18.8772
45,0.356888,eb79a85e6b928add93a5fbf5168af5ac_shot_001_000,lmd,mouth,2.811960
45,0.356888,eb79a85e6b928add93a5fbf5168af5ac_shot_001_000,sync_d,mouth,7.152723
45,0.356888,eb79a85e6b928add93a5fbf5168af5ac_shot_001_000,sync_c,mouth,7.945184
46,0.302801,eb79a85e6b928add93a5fbf5168af5ac_shot_001_000,pixel_mse,mouth,0.00316599
46,0.302801,eb79a85e6b928add93a5fbf5168af5ac_shot_001_000,pixel_mse,upper_face,0.00009192
46,0.302801,eb79a85e6b928add93a5fbf5168af5ac_shot_001_000,pixel_mse,full,0.00134306
46,0.302801,eb79a85e6b928add93a5fbf5168af5ac_shot_001_000,ssim,mouth,0.86679614
46,0.302801,eb79a85e6b928add93a5fbf5168af5ac_shot_001_000,ssim,upper_face,0.97322458
46,0.302801,eb79a85e6b928add93a5fbf5168af5ac_shot_001_000,ssim,full,0.92990845
46,0.302801,eb79a85e6b928add93a5fbf5168af5ac_shot_001_000,lpips,mouth,0.12010193
46,0.302801,eb79a85e6b928add93a5fbf5168af5ac_shot_001_000,lpips,full,0.07315187
46,0.302801,eb79a85e6b928add93a5fbf5168af5ac_shot_001_000,sharpness,mouth,19.1328
46,0.302801,eb79a85e6b928add93a5fbf5168af5ac_shot_001_000,lmd,mouth,2.927991
46,0.302801,eb79a85e6b928add93a5fbf5168af5ac_shot_001_000,sync_d,mouth,7.102986
46,0.302801,eb79a85e6b928add93a5fbf5168af5ac_shot_001_000,sync_c,mouth,7.978904
47,0.241740,eb79a85e6b928add93a5fbf5168af5ac_shot_001_000,pixel_mse,mouth,0.00328736
47,0.241740,eb79a85e6b928add93a5fbf5168af5ac_shot_001_000,pixel_mse,upper_face,0.00009662
47,0.241740,eb79a85e6b928add93a5fbf5168af5ac_shot_001_000,pixel_mse,full,0.00139525
47,0.241740,eb79a85e6b928add93a5fbf5168af5ac_shot_001_000,ssim,mouth,0.86505419
47,0.241740,eb79a85e6b928add93a5fbf5168af5ac_shot_001_000,ssim,upper_face,0.97301227
47,0.241740,eb79a85e6b928add93a5fbf5168af5ac_shot_001_000,ssim,full,0.92907357
47,0.241740,eb79a85e6b928add93a5fbf5168af5ac_shot_001_000,lpips,mouth,0.12331695
47,0.241740,eb79a85e6b928add93a5fbf5168af5ac_shot_001_000,lpips,full,0.07496478
47,0.241740,eb79a85e6b928add93a5fbf5168af5ac_shot_001_000,sharpness,mouth,19.4656
47,0.241740,eb79a85e6b928add93a5fbf5168af5ac_shot_001_000,lmd,mouth,2.886040
47,0.241740,eb79a85e6b928add93a5fbf5168af5ac_shot_001_000,sync_d,mouth,7.018881
47,0.241740,eb79a85e6b928add93a5fbf5168af5ac_shot_001_000,sync_c,mouth,8.013336
48,0.172265,eb79a85e6b928add93a5fbf5168af5ac_shot_001_000,pixel_mse,mouth,0.00340785
48,0.172265,eb79a85e6b928add93a5fbf5168af5ac_shot_001_000,pixel_mse,upper_face,0.00010462
48,0.172265,eb79a85e6b928add93a5fbf5168af5ac_shot_001_000,pixel_mse,full,0.00144903
48,0.172265,eb79a85e6b928add93a5fbf5168af5ac_shot_001_000,ssim,mouth,0.86295444
48,0.172265,eb79a85e6b928add93a5fbf5168af5ac_shot_001_000,ssim,upper_face,0.97254699
48,0.172265,eb79a85e6b928add93a5fbf5168af5ac_shot_001_000,ssim,full,0.92794311
48,0.172265,eb79a85e6b928add93a5fbf5168af5ac_shot_001_000,lpips,mouth,0.12742537
48,0.172265,eb79a85e6b928add93a5fbf5168af5ac_shot_001_000,lpips,full,0.07741240
48,0.172265,eb79a85e6b928add93a5fbf5168af5ac_shot_001_000,sharpness,mouth,19.8502
48,0.172265,eb79a85e6b928add93a5fbf5168af5ac_shot_001_000,lmd,mouth,3.083051
48,0.172265,eb79a85e6b928add93a5fbf5168af5ac_shot_001_000,sync_d,mouth,7.058983
48,0.172265,eb79a85e6b928add93a5fbf5168af5ac_shot_001_000,sync_c,mouth,7.982153
49,0.092507,eb79a85e6b928add93a5fbf5168af5ac_shot_001_000,pixel_mse,mouth,0.00353255
49,0.092507,eb79a85e6b928add93a5fbf5168af5ac_shot_001_000,pixel_mse,upper_face,0.00012769
49,0.092507,eb79a85e6b928add93a5fbf5168af5ac_shot_001_000,pixel_mse,full,0.00151346
49,0.092507,eb79a85e6b928add93a5fbf5168af5ac_shot_001_000,ssim,mouth,0.86038339
49,0.092507,eb79a85e6b928add93a5fbf5168af5ac_shot_001_000,ssim,upper_face,0.97070503
49,0.092507,eb79a85e6b928add93a5fbf5168af5ac_shot_001_000,ssim,full,0.92580432
49,0.092507,eb79a85e6b928add93a5fbf5168af5ac_shot_001_000,lpips,mouth,0.13100615
49,0.092507,eb79a85e6b928add93a5fbf5168af5ac_shot_001_000,lpips,full,0.08027127
49,0.092507,eb79a85e6b928add93a5fbf5168af5ac_shot_001_000,sharpness,mouth,20.3865
49,0.092507,eb79a85e6b928add93a5fbf5168af5ac_shot_001_000,lmd,mouth,3.121905
49,0.092507,eb79a85e6b928add93a5fbf5168af5ac_shot_001_000,sync_d,mouth,6.954229
49,0.092507,eb79a85e6b928add93a5fbf5168af5ac_shot_001_000,sync_c,mouth,8.008433
-1,gt,ecb359eb6753b3b64a027f66d912892e_shot_001_000,sharpness,mouth,16.2472
-1,gt,ecb359eb6753b3b64a027f66d912892e_shot_001_000,sync_d,mouth,6.977401
-1,gt,ecb359eb6753b3b64a027f66d912892e_shot_001_000,sync_c,mouth,7.866958
0,0.999000,ecb359eb6753b3b64a027f66d912892e_shot_001_000,pixel_mse,mouth,0.00297999
0,0.999000,ecb359eb6753b3b64a027f66d912892e_shot_001_000,pixel_mse,upper_face,0.00025496
0,0.999000,ecb359eb6753b3b64a027f66d912892e_shot_001_000,pixel_mse,full,0.00136404
0,0.999000,ecb359eb6753b3b64a027f66d912892e_shot_001_000,ssim,mouth,0.89010543
0,0.999000,ecb359eb6753b3b64a027f66d912892e_shot_001_000,ssim,upper_face,0.96356219
0,0.999000,ecb359eb6753b3b64a027f66d912892e_shot_001_000,ssim,full,0.93366545
0,0.999000,ecb359eb6753b3b64a027f66d912892e_shot_001_000,lpips,mouth,0.11806145
0,0.999000,ecb359eb6753b3b64a027f66d912892e_shot_001_000,lpips,full,0.07790326
0,0.999000,ecb359eb6753b3b64a027f66d912892e_shot_001_000,sharpness,mouth,17.7105
0,0.999000,ecb359eb6753b3b64a027f66d912892e_shot_001_000,lmd,mouth,6.555785
0,0.999000,ecb359eb6753b3b64a027f66d912892e_shot_001_000,sync_d,mouth,7.603630
0,0.999000,ecb359eb6753b3b64a027f66d912892e_shot_001_000,sync_c,mouth,7.805147
1,0.995732,ecb359eb6753b3b64a027f66d912892e_shot_001_000,pixel_mse,mouth,0.00299205
1,0.995732,ecb359eb6753b3b64a027f66d912892e_shot_001_000,pixel_mse,upper_face,0.00025199
1,0.995732,ecb359eb6753b3b64a027f66d912892e_shot_001_000,pixel_mse,full,0.00136719
1,0.995732,ecb359eb6753b3b64a027f66d912892e_shot_001_000,ssim,mouth,0.88981307
1,0.995732,ecb359eb6753b3b64a027f66d912892e_shot_001_000,ssim,upper_face,0.96382040
1,0.995732,ecb359eb6753b3b64a027f66d912892e_shot_001_000,ssim,full,0.93369955
1,0.995732,ecb359eb6753b3b64a027f66d912892e_shot_001_000,lpips,mouth,0.11747064
1,0.995732,ecb359eb6753b3b64a027f66d912892e_shot_001_000,lpips,full,0.07748496
1,0.995732,ecb359eb6753b3b64a027f66d912892e_shot_001_000,sharpness,mouth,17.5414
1,0.995732,ecb359eb6753b3b64a027f66d912892e_shot_001_000,lmd,mouth,6.465079
1,0.995732,ecb359eb6753b3b64a027f66d912892e_shot_001_000,sync_d,mouth,7.558246
1,0.995732,ecb359eb6753b3b64a027f66d912892e_shot_001_000,sync_c,mouth,7.808633
2,0.991530,ecb359eb6753b3b64a027f66d912892e_shot_001_000,pixel_mse,mouth,0.00294483
2,0.991530,ecb359eb6753b3b64a027f66d912892e_shot_001_000,pixel_mse,upper_face,0.00023888
2,0.991530,ecb359eb6753b3b64a027f66d912892e_shot_001_000,pixel_mse,full,0.00134019
2,0.991530,ecb359eb6753b3b64a027f66d912892e_shot_001_000,ssim,mouth,0.89118940
2,0.991530,ecb359eb6753b3b64a027f66d912892e_shot_001_000,ssim,upper_face,0.96468174
2,0.991530,ecb359eb6753b3b64a027f66d912892e_shot_001_000,ssim,full,0.93477064
2,0.991530,ecb359eb6753b3b64a027f66d912892e_shot_001_000,lpips,mouth,0.11452904
2,0.991530,ecb359eb6753b3b64a027f66d912892e_shot_001_000,lpips,full,0.07551462
2,0.991530,ecb359eb6753b3b64a027f66d912892e_shot_001_000,sharpness,mouth,17.8356
2,0.991530,ecb359eb6753b3b64a027f66d912892e_shot_001_000,lmd,mouth,6.270018
2,0.991530,ecb359eb6753b3b64a027f66d912892e_shot_001_000,sync_d,mouth,7.431408
2,0.991530,ecb359eb6753b3b64a027f66d912892e_shot_001_000,sync_c,mouth,7.947701
3,0.987187,ecb359eb6753b3b64a027f66d912892e_shot_001_000,pixel_mse,mouth,0.00297233
3,0.987187,ecb359eb6753b3b64a027f66d912892e_shot_001_000,pixel_mse,upper_face,0.00022124
3,0.987187,ecb359eb6753b3b64a027f66d912892e_shot_001_000,pixel_mse,full,0.00134093
3,0.987187,ecb359eb6753b3b64a027f66d912892e_shot_001_000,ssim,mouth,0.89236730
3,0.987187,ecb359eb6753b3b64a027f66d912892e_shot_001_000,ssim,upper_face,0.96545362
3,0.987187,ecb359eb6753b3b64a027f66d912892e_shot_001_000,ssim,full,0.93570775
3,0.987187,ecb359eb6753b3b64a027f66d912892e_shot_001_000,lpips,mouth,0.11194525
3,0.987187,ecb359eb6753b3b64a027f66d912892e_shot_001_000,lpips,full,0.07358839
3,0.987187,ecb359eb6753b3b64a027f66d912892e_shot_001_000,sharpness,mouth,17.9123
3,0.987187,ecb359eb6753b3b64a027f66d912892e_shot_001_000,lmd,mouth,6.176127
3,0.987187,ecb359eb6753b3b64a027f66d912892e_shot_001_000,sync_d,mouth,7.324974
3,0.987187,ecb359eb6753b3b64a027f66d912892e_shot_001_000,sync_c,mouth,7.895117
4,0.982696,ecb359eb6753b3b64a027f66d912892e_shot_001_000,pixel_mse,mouth,0.00305090
4,0.982696,ecb359eb6753b3b64a027f66d912892e_shot_001_000,pixel_mse,upper_face,0.00020736
4,0.982696,ecb359eb6753b3b64a027f66d912892e_shot_001_000,pixel_mse,full,0.00136467
4,0.982696,ecb359eb6753b3b64a027f66d912892e_shot_001_000,ssim,mouth,0.89280152
4,0.982696,ecb359eb6753b3b64a027f66d912892e_shot_001_000,ssim,upper_face,0.96610224
4,0.982696,ecb359eb6753b3b64a027f66d912892e_shot_001_000,ssim,full,0.93626904
4,0.982696,ecb359eb6753b3b64a027f66d912892e_shot_001_000,lpips,mouth,0.10982341
4,0.982696,ecb359eb6753b3b64a027f66d912892e_shot_001_000,lpips,full,0.07225934
4,0.982696,ecb359eb6753b3b64a027f66d912892e_shot_001_000,sharpness,mouth,18.2686
4,0.982696,ecb359eb6753b3b64a027f66d912892e_shot_001_000,lmd,mouth,5.639615
4,0.982696,ecb359eb6753b3b64a027f66d912892e_shot_001_000,sync_d,mouth,7.288550
4,0.982696,ecb359eb6753b3b64a027f66d912892e_shot_001_000,sync_c,mouth,7.966213
5,0.978048,ecb359eb6753b3b64a027f66d912892e_shot_001_000,pixel_mse,mouth,0.00316111
5,0.978048,ecb359eb6753b3b64a027f66d912892e_shot_001_000,pixel_mse,upper_face,0.00020028
5,0.978048,ecb359eb6753b3b64a027f66d912892e_shot_001_000,pixel_mse,full,0.00140533
5,0.978048,ecb359eb6753b3b64a027f66d912892e_shot_001_000,ssim,mouth,0.89290226
5,0.978048,ecb359eb6753b3b64a027f66d912892e_shot_001_000,ssim,upper_face,0.96641934
5,0.978048,ecb359eb6753b3b64a027f66d912892e_shot_001_000,ssim,full,0.93649799
5,0.978048,ecb359eb6753b3b64a027f66d912892e_shot_001_000,lpips,mouth,0.10830786
5,0.978048,ecb359eb6753b3b64a027f66d912892e_shot_001_000,lpips,full,0.07123239
5,0.978048,ecb359eb6753b3b64a027f66d912892e_shot_001_000,sharpness,mouth,18.4525
5,0.978048,ecb359eb6753b3b64a027f66d912892e_shot_001_000,lmd,mouth,6.126488
5,0.978048,ecb359eb6753b3b64a027f66d912892e_shot_001_000,sync_d,mouth,7.348825
5,0.978048,ecb359eb6753b3b64a027f66d912892e_shot_001_000,sync_c,mouth,7.937327
6,0.973236,ecb359eb6753b3b64a027f66d912892e_shot_001_000,pixel_mse,mouth,0.00318507
6,0.973236,ecb359eb6753b3b64a027f66d912892e_shot_001_000,pixel_mse,upper_face,0.00019393
6,0.973236,ecb359eb6753b3b64a027f66d912892e_shot_001_000,pixel_mse,full,0.00141132
6,0.973236,ecb359eb6753b3b64a027f66d912892e_shot_001_000,ssim,mouth,0.89330065
6,0.973236,ecb359eb6753b3b64a027f66d912892e_shot_001_000,ssim,upper_face,0.96687561
6,0.973236,ecb359eb6753b3b64a027f66d912892e_shot_001_000,ssim,full,0.93693084
6,0.973236,ecb359eb6753b3b64a027f66d912892e_shot_001_000,lpips,mouth,0.10632885
6,0.973236,ecb359eb6753b3b64a027f66d912892e_shot_001_000,lpips,full,0.06997884
6,0.973236,ecb359eb6753b3b64a027f66d912892e_shot_001_000,sharpness,mouth,18.6477
6,0.973236,ecb359eb6753b3b64a027f66d912892e_shot_001_000,lmd,mouth,5.509259
6,0.973236,ecb359eb6753b3b64a027f66d912892e_shot_001_000,sync_d,mouth,7.274263
6,0.973236,ecb359eb6753b3b64a027f66d912892e_shot_001_000,sync_c,mouth,7.948515
7,0.968250,ecb359eb6753b3b64a027f66d912892e_shot_001_000,pixel_mse,mouth,0.00321059
7,0.968250,ecb359eb6753b3b64a027f66d912892e_shot_001_000,pixel_mse,upper_face,0.00018871
7,0.968250,ecb359eb6753b3b64a027f66d912892e_shot_001_000,pixel_mse,full,0.00141861
7,0.968250,ecb359eb6753b3b64a027f66d912892e_shot_001_000,ssim,mouth,0.89356297
7,0.968250,ecb359eb6753b3b64a027f66d912892e_shot_001_000,ssim,upper_face,0.96723485
7,0.968250,ecb359eb6753b3b64a027f66d912892e_shot_001_000,ssim,full,0.93725049
7,0.968250,ecb359eb6753b3b64a027f66d912892e_shot_001_000,lpips,mouth,0.10517855
7,0.968250,ecb359eb6753b3b64a027f66d912892e_shot_001_000,lpips,full,0.06929506
7,0.968250,ecb359eb6753b3b64a027f66d912892e_shot_001_000,sharpness,mouth,18.5685
7,0.968250,ecb359eb6753b3b64a027f66d912892e_shot_001_000,lmd,mouth,5.748370
7,0.968250,ecb359eb6753b3b64a027f66d912892e_shot_001_000,sync_d,mouth,7.180064
7,0.968250,ecb359eb6753b3b64a027f66d912892e_shot_001_000,sync_c,mouth,8.021135
8,0.963082,ecb359eb6753b3b64a027f66d912892e_shot_001_000,pixel_mse,mouth,0.00324005
8,0.963082,ecb359eb6753b3b64a027f66d912892e_shot_001_000,pixel_mse,upper_face,0.00018541
8,0.963082,ecb359eb6753b3b64a027f66d912892e_shot_001_000,pixel_mse,full,0.00142864
8,0.963082,ecb359eb6753b3b64a027f66d912892e_shot_001_000,ssim,mouth,0.89375114
8,0.963082,ecb359eb6753b3b64a027f66d912892e_shot_001_000,ssim,upper_face,0.96733582
8,0.963082,ecb359eb6753b3b64a027f66d912892e_shot_001_000,ssim,full,0.93738699
8,0.963082,ecb359eb6753b3b64a027f66d912892e_shot_001_000,lpips,mouth,0.10319906
8,0.963082,ecb359eb6753b3b64a027f66d912892e_shot_001_000,lpips,full,0.06806285
8,0.963082,ecb359eb6753b3b64a027f66d912892e_shot_001_000,sharpness,mouth,18.7504
8,0.963082,ecb359eb6753b3b64a027f66d912892e_shot_001_000,lmd,mouth,5.428921
8,0.963082,ecb359eb6753b3b64a027f66d912892e_shot_001_000,sync_d,mouth,7.154530
8,0.963082,ecb359eb6753b3b64a027f66d912892e_shot_001_000,sync_c,mouth,7.991199
9,0.957720,ecb359eb6753b3b64a027f66d912892e_shot_001_000,pixel_mse,mouth,0.00336194
9,0.957720,ecb359eb6753b3b64a027f66d912892e_shot_001_000,pixel_mse,upper_face,0.00018009
9,0.957720,ecb359eb6753b3b64a027f66d912892e_shot_001_000,pixel_mse,full,0.00147509
9,0.957720,ecb359eb6753b3b64a027f66d912892e_shot_001_000,ssim,mouth,0.89274889
9,0.957720,ecb359eb6753b3b64a027f66d912892e_shot_001_000,ssim,upper_face,0.96765822
9,0.957720,ecb359eb6753b3b64a027f66d912892e_shot_001_000,ssim,full,0.93717033
9,0.957720,ecb359eb6753b3b64a027f66d912892e_shot_001_000,lpips,mouth,0.10268308
9,0.957720,ecb359eb6753b3b64a027f66d912892e_shot_001_000,lpips,full,0.06761455
9,0.957720,ecb359eb6753b3b64a027f66d912892e_shot_001_000,sharpness,mouth,18.6470
9,0.957720,ecb359eb6753b3b64a027f66d912892e_shot_001_000,lmd,mouth,5.617541
9,0.957720,ecb359eb6753b3b64a027f66d912892e_shot_001_000,sync_d,mouth,6.985916
9,0.957720,ecb359eb6753b3b64a027f66d912892e_shot_001_000,sync_c,mouth,8.151351
10,0.952154,ecb359eb6753b3b64a027f66d912892e_shot_001_000,pixel_mse,mouth,0.00344409
10,0.952154,ecb359eb6753b3b64a027f66d912892e_shot_001_000,pixel_mse,upper_face,0.00017730
10,0.952154,ecb359eb6753b3b64a027f66d912892e_shot_001_000,pixel_mse,full,0.00150688
10,0.952154,ecb359eb6753b3b64a027f66d912892e_shot_001_000,ssim,mouth,0.89218640
10,0.952154,ecb359eb6753b3b64a027f66d912892e_shot_001_000,ssim,upper_face,0.96784878
10,0.952154,ecb359eb6753b3b64a027f66d912892e_shot_001_000,ssim,full,0.93705428
10,0.952154,ecb359eb6753b3b64a027f66d912892e_shot_001_000,lpips,mouth,0.10151084
10,0.952154,ecb359eb6753b3b64a027f66d912892e_shot_001_000,lpips,full,0.06681598
10,0.952154,ecb359eb6753b3b64a027f66d912892e_shot_001_000,sharpness,mouth,18.6558
10,0.952154,ecb359eb6753b3b64a027f66d912892e_shot_001_000,lmd,mouth,6.086949
10,0.952154,ecb359eb6753b3b64a027f66d912892e_shot_001_000,sync_d,mouth,7.032749
10,0.952154,ecb359eb6753b3b64a027f66d912892e_shot_001_000,sync_c,mouth,8.149629
11,0.946372,ecb359eb6753b3b64a027f66d912892e_shot_001_000,pixel_mse,mouth,0.00352967
11,0.946372,ecb359eb6753b3b64a027f66d912892e_shot_001_000,pixel_mse,upper_face,0.00017364
11,0.946372,ecb359eb6753b3b64a027f66d912892e_shot_001_000,pixel_mse,full,0.00153953
11,0.946372,ecb359eb6753b3b64a027f66d912892e_shot_001_000,ssim,mouth,0.89182740
11,0.946372,ecb359eb6753b3b64a027f66d912892e_shot_001_000,ssim,upper_face,0.96802282
11,0.946372,ecb359eb6753b3b64a027f66d912892e_shot_001_000,ssim,full,0.93701154
11,0.946372,ecb359eb6753b3b64a027f66d912892e_shot_001_000,lpips,mouth,0.10052315
11,0.946372,ecb359eb6753b3b64a027f66d912892e_shot_001_000,lpips,full,0.06623368
11,0.946372,ecb359eb6753b3b64a027f66d912892e_shot_001_000,sharpness,mouth,18.7898
11,0.946372,ecb359eb6753b3b64a027f66d912892e_shot_001_000,lmd,mouth,6.027121
11,0.946372,ecb359eb6753b3b64a027f66d912892e_shot_001_000,sync_d,mouth,7.081279
11,0.946372,ecb359eb6753b3b64a027f66d912892e_shot_001_000,sync_c,mouth,8.137615
12,0.940361,ecb359eb6753b3b64a027f66d912892e_shot_001_000,pixel_mse,mouth,0.00359917
12,0.940361,ecb359eb6753b3b64a027f66d912892e_shot_001_000,pixel_mse,upper_face,0.00017318
12,0.940361,ecb359eb6753b3b64a027f66d912892e_shot_001_000,pixel_mse,full,0.00156755
12,0.940361,ecb359eb6753b3b64a027f66d912892e_shot_001_000,ssim,mouth,0.89128888
12,0.940361,ecb359eb6753b3b64a027f66d912892e_shot_001_000,ssim,upper_face,0.96813798
12,0.940361,ecb359eb6753b3b64a027f66d912892e_shot_001_000,ssim,full,0.93686056
12,0.940361,ecb359eb6753b3b64a027f66d912892e_shot_001_000,lpips,mouth,0.09976937
12,0.940361,ecb359eb6753b3b64a027f66d912892e_shot_001_000,lpips,full,0.06589206
12,0.940361,ecb359eb6753b3b64a027f66d912892e_shot_001_000,sharpness,mouth,18.7670
12,0.940361,ecb359eb6753b3b64a027f66d912892e_shot_001_000,lmd,mouth,5.899051
12,0.940361,ecb359eb6753b3b64a027f66d912892e_shot_001_000,sync_d,mouth,7.009320
12,0.940361,ecb359eb6753b3b64a027f66d912892e_shot_001_000,sync_c,mouth,8.175381
13,0.934107,ecb359eb6753b3b64a027f66d912892e_shot_001_000,pixel_mse,mouth,0.00370099
13,0.934107,ecb359eb6753b3b64a027f66d912892e_shot_001_000,pixel_mse,upper_face,0.00017120
13,0.934107,ecb359eb6753b3b64a027f66d912892e_shot_001_000,pixel_mse,full,0.00160782
13,0.934107,ecb359eb6753b3b64a027f66d912892e_shot_001_000,ssim,mouth,0.89069241
13,0.934107,ecb359eb6753b3b64a027f66d912892e_shot_001_000,ssim,upper_face,0.96828043
13,0.934107,ecb359eb6753b3b64a027f66d912892e_shot_001_000,ssim,full,0.93670231
13,0.934107,ecb359eb6753b3b64a027f66d912892e_shot_001_000,lpips,mouth,0.09948442
13,0.934107,ecb359eb6753b3b64a027f66d912892e_shot_001_000,lpips,full,0.06558824
13,0.934107,ecb359eb6753b3b64a027f66d912892e_shot_001_000,sharpness,mouth,18.9636
13,0.934107,ecb359eb6753b3b64a027f66d912892e_shot_001_000,lmd,mouth,6.139173
13,0.934107,ecb359eb6753b3b64a027f66d912892e_shot_001_000,sync_d,mouth,7.098506
13,0.934107,ecb359eb6753b3b64a027f66d912892e_shot_001_000,sync_c,mouth,8.072462
14,0.927596,ecb359eb6753b3b64a027f66d912892e_shot_001_000,pixel_mse,mouth,0.00379544
14,0.927596,ecb359eb6753b3b64a027f66d912892e_shot_001_000,pixel_mse,upper_face,0.00016804
14,0.927596,ecb359eb6753b3b64a027f66d912892e_shot_001_000,pixel_mse,full,0.00164438
14,0.927596,ecb359eb6753b3b64a027f66d912892e_shot_001_000,ssim,mouth,0.89002198
14,0.927596,ecb359eb6753b3b64a027f66d912892e_shot_001_000,ssim,upper_face,0.96848691
14,0.927596,ecb359eb6753b3b64a027f66d912892e_shot_001_000,ssim,full,0.93655181
14,0.927596,ecb359eb6753b3b64a027f66d912892e_shot_001_000,lpips,mouth,0.09884942
14,0.927596,ecb359eb6753b3b64a027f66d912892e_shot_001_000,lpips,full,0.06525641
14,0.927596,ecb359eb6753b3b64a027f66d912892e_shot_001_000,sharpness,mouth,19.0651
14,0.927596,ecb359eb6753b3b64a027f66d912892e_shot_001_000,lmd,mouth,6.138523
14,0.927596,ecb359eb6753b3b64a027f66d912892e_shot_001_000,sync_d,mouth,6.864694
14,0.927596,ecb359eb6753b3b64a027f66d912892e_shot_001_000,sync_c,mouth,8.359289
15,0.920810,ecb359eb6753b3b64a027f66d912892e_shot_001_000,pixel_mse,mouth,0.00385107
15,0.920810,ecb359eb6753b3b64a027f66d912892e_shot_001_000,pixel_mse,upper_face,0.00016619
15,0.920810,ecb359eb6753b3b64a027f66d912892e_shot_001_000,pixel_mse,full,0.00166592
15,0.920810,ecb359eb6753b3b64a027f66d912892e_shot_001_000,ssim,mouth,0.88976032
15,0.920810,ecb359eb6753b3b64a027f66d912892e_shot_001_000,ssim,upper_face,0.96855938
15,0.920810,ecb359eb6753b3b64a027f66d912892e_shot_001_000,ssim,full,0.93648839
15,0.920810,ecb359eb6753b3b64a027f66d912892e_shot_001_000,lpips,mouth,0.09818967
15,0.920810,ecb359eb6753b3b64a027f66d912892e_shot_001_000,lpips,full,0.06473540
15,0.920810,ecb359eb6753b3b64a027f66d912892e_shot_001_000,sharpness,mouth,18.9394
15,0.920810,ecb359eb6753b3b64a027f66d912892e_shot_001_000,lmd,mouth,6.432599
15,0.920810,ecb359eb6753b3b64a027f66d912892e_shot_001_000,sync_d,mouth,6.947509
15,0.920810,ecb359eb6753b3b64a027f66d912892e_shot_001_000,sync_c,mouth,8.311497
16,0.913733,ecb359eb6753b3b64a027f66d912892e_shot_001_000,pixel_mse,mouth,0.00393455
16,0.913733,ecb359eb6753b3b64a027f66d912892e_shot_001_000,pixel_mse,upper_face,0.00016360
16,0.913733,ecb359eb6753b3b64a027f66d912892e_shot_001_000,pixel_mse,full,0.00169837
16,0.913733,ecb359eb6753b3b64a027f66d912892e_shot_001_000,ssim,mouth,0.88925838
16,0.913733,ecb359eb6753b3b64a027f66d912892e_shot_001_000,ssim,upper_face,0.96872211
16,0.913733,ecb359eb6753b3b64a027f66d912892e_shot_001_000,ssim,full,0.93638045
16,0.913733,ecb359eb6753b3b64a027f66d912892e_shot_001_000,lpips,mouth,0.09769503
16,0.913733,ecb359eb6753b3b64a027f66d912892e_shot_001_000,lpips,full,0.06431768
16,0.913733,ecb359eb6753b3b64a027f66d912892e_shot_001_000,sharpness,mouth,19.0755
16,0.913733,ecb359eb6753b3b64a027f66d912892e_shot_001_000,lmd,mouth,6.328184
16,0.913733,ecb359eb6753b3b64a027f66d912892e_shot_001_000,sync_d,mouth,6.823378
16,0.913733,ecb359eb6753b3b64a027f66d912892e_shot_001_000,sync_c,mouth,8.418657
17,0.906344,ecb359eb6753b3b64a027f66d912892e_shot_001_000,pixel_mse,mouth,0.00401142
17,0.906344,ecb359eb6753b3b64a027f66d912892e_shot_001_000,pixel_mse,upper_face,0.00016329
17,0.906344,ecb359eb6753b3b64a027f66d912892e_shot_001_000,pixel_mse,full,0.00172947
17,0.906344,ecb359eb6753b3b64a027f66d912892e_shot_001_000,ssim,mouth,0.88860452
17,0.906344,ecb359eb6753b3b64a027f66d912892e_shot_001_000,ssim,upper_face,0.96876740
17,0.906344,ecb359eb6753b3b64a027f66d912892e_shot_001_000,ssim,full,0.93614131
17,0.906344,ecb359eb6753b3b64a027f66d912892e_shot_001_000,lpips,mouth,0.09751695
17,0.906344,ecb359eb6753b3b64a027f66d912892e_shot_001_000,lpips,full,0.06403813
17,0.906344,ecb359eb6753b3b64a027f66d912892e_shot_001_000,sharpness,mouth,19.0549
17,0.906344,ecb359eb6753b3b64a027f66d912892e_shot_001_000,lmd,mouth,6.377266
17,0.906344,ecb359eb6753b3b64a027f66d912892e_shot_001_000,sync_d,mouth,6.839490
17,0.906344,ecb359eb6753b3b64a027f66d912892e_shot_001_000,sync_c,mouth,8.439754
18,0.898624,ecb359eb6753b3b64a027f66d912892e_shot_001_000,pixel_mse,mouth,0.00407709
18,0.898624,ecb359eb6753b3b64a027f66d912892e_shot_001_000,pixel_mse,upper_face,0.00016231
18,0.898624,ecb359eb6753b3b64a027f66d912892e_shot_001_000,pixel_mse,full,0.00175562
18,0.898624,ecb359eb6753b3b64a027f66d912892e_shot_001_000,ssim,mouth,0.88792342
18,0.898624,ecb359eb6753b3b64a027f66d912892e_shot_001_000,ssim,upper_face,0.96895856
18,0.898624,ecb359eb6753b3b64a027f66d912892e_shot_001_000,ssim,full,0.93597740
18,0.898624,ecb359eb6753b3b64a027f66d912892e_shot_001_000,lpips,mouth,0.09720393
18,0.898624,ecb359eb6753b3b64a027f66d912892e_shot_001_000,lpips,full,0.06392440
18,0.898624,ecb359eb6753b3b64a027f66d912892e_shot_001_000,sharpness,mouth,19.1258
18,0.898624,ecb359eb6753b3b64a027f66d912892e_shot_001_000,lmd,mouth,6.605306
18,0.898624,ecb359eb6753b3b64a027f66d912892e_shot_001_000,sync_d,mouth,6.848307
18,0.898624,ecb359eb6753b3b64a027f66d912892e_shot_001_000,sync_c,mouth,8.400553
19,0.890548,ecb359eb6753b3b64a027f66d912892e_shot_001_000,pixel_mse,mouth,0.00414217
19,0.890548,ecb359eb6753b3b64a027f66d912892e_shot_001_000,pixel_mse,upper_face,0.00016109
19,0.890548,ecb359eb6753b3b64a027f66d912892e_shot_001_000,pixel_mse,full,0.00178138
19,0.890548,ecb359eb6753b3b64a027f66d912892e_shot_001_000,ssim,mouth,0.88721740
19,0.890548,ecb359eb6753b3b64a027f66d912892e_shot_001_000,ssim,upper_face,0.96902972
19,0.890548,ecb359eb6753b3b64a027f66d912892e_shot_001_000,ssim,full,0.93573236
19,0.890548,ecb359eb6753b3b64a027f66d912892e_shot_001_000,lpips,mouth,0.09689618
19,0.890548,ecb359eb6753b3b64a027f66d912892e_shot_001_000,lpips,full,0.06365649
19,0.890548,ecb359eb6753b3b64a027f66d912892e_shot_001_000,sharpness,mouth,19.1743
19,0.890548,ecb359eb6753b3b64a027f66d912892e_shot_001_000,lmd,mouth,6.956039
19,0.890548,ecb359eb6753b3b64a027f66d912892e_shot_001_000,sync_d,mouth,6.808829
19,0.890548,ecb359eb6753b3b64a027f66d912892e_shot_001_000,sync_c,mouth,8.488500
20,0.882093,ecb359eb6753b3b64a027f66d912892e_shot_001_000,pixel_mse,mouth,0.00419788
20,0.882093,ecb359eb6753b3b64a027f66d912892e_shot_001_000,pixel_mse,upper_face,0.00015848
20,0.882093,ecb359eb6753b3b64a027f66d912892e_shot_001_000,pixel_mse,full,0.00180250
20,0.882093,ecb359eb6753b3b64a027f66d912892e_shot_001_000,ssim,mouth,0.88685203
20,0.882093,ecb359eb6753b3b64a027f66d912892e_shot_001_000,ssim,upper_face,0.96909332
20,0.882093,ecb359eb6753b3b64a027f66d912892e_shot_001_000,ssim,full,0.93562138
20,0.882093,ecb359eb6753b3b64a027f66d912892e_shot_001_000,lpips,mouth,0.09666629
20,0.882093,ecb359eb6753b3b64a027f66d912892e_shot_001_000,lpips,full,0.06339811
20,0.882093,ecb359eb6753b3b64a027f66d912892e_shot_001_000,sharpness,mouth,19.2657
20,0.882093,ecb359eb6753b3b64a027f66d912892e_shot_001_000,lmd,mouth,6.543768
20,0.882093,ecb359eb6753b3b64a027f66d912892e_shot_001_000,sync_d,mouth,6.790870
20,0.882093,ecb359eb6753b3b64a027f66d912892e_shot_001_000,sync_c,mouth,8.524387
21,0.873231,ecb359eb6753b3b64a027f66d912892e_shot_001_000,pixel_mse,mouth,0.00424629
21,0.873231,ecb359eb6753b3b64a027f66d912892e_shot_001_000,pixel_mse,upper_face,0.00016062
21,0.873231,ecb359eb6753b3b64a027f66d912892e_shot_001_000,pixel_mse,full,0.00182348
21,0.873231,ecb359eb6753b3b64a027f66d912892e_shot_001_000,ssim,mouth,0.88625187
21,0.873231,ecb359eb6753b3b64a027f66d912892e_shot_001_000,ssim,upper_face,0.96921748
21,0.873231,ecb359eb6753b3b64a027f66d912892e_shot_001_000,ssim,full,0.93545073
21,0.873231,ecb359eb6753b3b64a027f66d912892e_shot_001_000,lpips,mouth,0.09654566
21,0.873231,ecb359eb6753b3b64a027f66d912892e_shot_001_000,lpips,full,0.06323813
21,0.873231,ecb359eb6753b3b64a027f66d912892e_shot_001_000,sharpness,mouth,19.1426
21,0.873231,ecb359eb6753b3b64a027f66d912892e_shot_001_000,lmd,mouth,6.934032
21,0.873231,ecb359eb6753b3b64a027f66d912892e_shot_001_000,sync_d,mouth,6.785012
21,0.873231,ecb359eb6753b3b64a027f66d912892e_shot_001_000,sync_c,mouth,8.430656
22,0.863931,ecb359eb6753b3b64a027f66d912892e_shot_001_000,pixel_mse,mouth,0.00429586
22,0.863931,ecb359eb6753b3b64a027f66d912892e_shot_001_000,pixel_mse,upper_face,0.00015737
22,0.863931,ecb359eb6753b3b64a027f66d912892e_shot_001_000,pixel_mse,full,0.00184173
22,0.863931,ecb359eb6753b3b64a027f66d912892e_shot_001_000,ssim,mouth,0.88556445
22,0.863931,ecb359eb6753b3b64a027f66d912892e_shot_001_000,ssim,upper_face,0.96934384
22,0.863931,ecb359eb6753b3b64a027f66d912892e_shot_001_000,ssim,full,0.93524587
22,0.863931,ecb359eb6753b3b64a027f66d912892e_shot_001_000,lpips,mouth,0.09683268
22,0.863931,ecb359eb6753b3b64a027f66d912892e_shot_001_000,lpips,full,0.06332462
22,0.863931,ecb359eb6753b3b64a027f66d912892e_shot_001_000,sharpness,mouth,19.2914
22,0.863931,ecb359eb6753b3b64a027f66d912892e_shot_001_000,lmd,mouth,7.375414
22,0.863931,ecb359eb6753b3b64a027f66d912892e_shot_001_000,sync_d,mouth,6.775740
22,0.863931,ecb359eb6753b3b64a027f66d912892e_shot_001_000,sync_c,mouth,8.465446
23,0.854160,ecb359eb6753b3b64a027f66d912892e_shot_001_000,pixel_mse,mouth,0.00437179
23,0.854160,ecb359eb6753b3b64a027f66d912892e_shot_001_000,pixel_mse,upper_face,0.00015721
23,0.854160,ecb359eb6753b3b64a027f66d912892e_shot_001_000,pixel_mse,full,0.00187254
23,0.854160,ecb359eb6753b3b64a027f66d912892e_shot_001_000,ssim,mouth,0.88473928
23,0.854160,ecb359eb6753b3b64a027f66d912892e_shot_001_000,ssim,upper_face,0.96931601
23,0.854160,ecb359eb6753b3b64a027f66d912892e_shot_001_000,ssim,full,0.93489349
23,0.854160,ecb359eb6753b3b64a027f66d912892e_shot_001_000,lpips,mouth,0.09671075
23,0.854160,ecb359eb6753b3b64a027f66d912892e_shot_001_000,lpips,full,0.06331288
23,0.854160,ecb359eb6753b3b64a027f66d912892e_shot_001_000,sharpness,mouth,19.3554
23,0.854160,ecb359eb6753b3b64a027f66d912892e_shot_001_000,lmd,mouth,7.438997
23,0.854160,ecb359eb6753b3b64a027f66d912892e_shot_001_000,sync_d,mouth,6.786402
23,0.854160,ecb359eb6753b3b64a027f66d912892e_shot_001_000,sync_c,mouth,8.453445
24,0.843882,ecb359eb6753b3b64a027f66d912892e_shot_001_000,pixel_mse,mouth,0.00443720
24,0.843882,ecb359eb6753b3b64a027f66d912892e_shot_001_000,pixel_mse,upper_face,0.00015749
24,0.843882,ecb359eb6753b3b64a027f66d912892e_shot_001_000,pixel_mse,full,0.00189932
24,0.843882,ecb359eb6753b3b64a027f66d912892e_shot_001_000,ssim,mouth,0.88404536
24,0.843882,ecb359eb6753b3b64a027f66d912892e_shot_001_000,ssim,upper_face,0.96944445
24,0.843882,ecb359eb6753b3b64a027f66d912892e_shot_001_000,ssim,full,0.93468720
24,0.843882,ecb359eb6753b3b64a027f66d912892e_shot_001_000,lpips,mouth,0.09696407
24,0.843882,ecb359eb6753b3b64a027f66d912892e_shot_001_000,lpips,full,0.06341172
24,0.843882,ecb359eb6753b3b64a027f66d912892e_shot_001_000,sharpness,mouth,19.4180
24,0.843882,ecb359eb6753b3b64a027f66d912892e_shot_001_000,lmd,mouth,7.387272
24,0.843882,ecb359eb6753b3b64a027f66d912892e_shot_001_000,sync_d,mouth,6.812203
24,0.843882,ecb359eb6753b3b64a027f66d912892e_shot_001_000,sync_c,mouth,8.405218
25,0.833055,ecb359eb6753b3b64a027f66d912892e_shot_001_000,pixel_mse,mouth,0.00451761
25,0.833055,ecb359eb6753b3b64a027f66d912892e_shot_001_000,pixel_mse,upper_face,0.00015560
25,0.833055,ecb359eb6753b3b64a027f66d912892e_shot_001_000,pixel_mse,full,0.00193093
25,0.833055,ecb359eb6753b3b64a027f66d912892e_shot_001_000,ssim,mouth,0.88332236
25,0.833055,ecb359eb6753b3b64a027f66d912892e_shot_001_000,ssim,upper_face,0.96948874
25,0.833055,ecb359eb6753b3b64a027f66d912892e_shot_001_000,ssim,full,0.93441921
25,0.833055,ecb359eb6753b3b64a027f66d912892e_shot_001_000,lpips,mouth,0.09734758
25,0.833055,ecb359eb6753b3b64a027f66d912892e_shot_001_000,lpips,full,0.06361260
25,0.833055,ecb359eb6753b3b64a027f66d912892e_shot_001_000,sharpness,mouth,19.4017
25,0.833055,ecb359eb6753b3b64a027f66d912892e_shot_001_000,lmd,mouth,7.712784
25,0.833055,ecb359eb6753b3b64a027f66d912892e_shot_001_000,sync_d,mouth,6.771598
25,0.833055,ecb359eb6753b3b64a027f66d912892e_shot_001_000,sync_c,mouth,8.399825
26,0.821636,ecb359eb6753b3b64a027f66d912892e_shot_001_000,pixel_mse,mouth,0.00460092
26,0.821636,ecb359eb6753b3b64a027f66d912892e_shot_001_000,pixel_mse,upper_face,0.00015375
26,0.821636,ecb359eb6753b3b64a027f66d912892e_shot_001_000,pixel_mse,full,0.00196374
26,0.821636,ecb359eb6753b3b64a027f66d912892e_shot_001_000,ssim,mouth,0.88241613
26,0.821636,ecb359eb6753b3b64a027f66d912892e_shot_001_000,ssim,upper_face,0.96958548
26,0.821636,ecb359eb6753b3b64a027f66d912892e_shot_001_000,ssim,full,0.93410784
26,0.821636,ecb359eb6753b3b64a027f66d912892e_shot_001_000,lpips,mouth,0.09778623
26,0.821636,ecb359eb6753b3b64a027f66d912892e_shot_001_000,lpips,full,0.06367309
26,0.821636,ecb359eb6753b3b64a027f66d912892e_shot_001_000,sharpness,mouth,19.4287
26,0.821636,ecb359eb6753b3b64a027f66d912892e_shot_001_000,lmd,mouth,7.567072
26,0.821636,ecb359eb6753b3b64a027f66d912892e_shot_001_000,sync_d,mouth,6.871221
26,0.821636,ecb359eb6753b3b64a027f66d912892e_shot_001_000,sync_c,mouth,8.300585
27,0.809574,ecb359eb6753b3b64a027f66d912892e_shot_001_000,pixel_mse,mouth,0.00470003
27,0.809574,ecb359eb6753b3b64a027f66d912892e_shot_001_000,pixel_mse,upper_face,0.00015405
27,0.809574,ecb359eb6753b3b64a027f66d912892e_shot_001_000,pixel_mse,full,0.00200425
27,0.809574,ecb359eb6753b3b64a027f66d912892e_shot_001_000,ssim,mouth,0.88156760
27,0.809574,ecb359eb6753b3b64a027f66d912892e_shot_001_000,ssim,upper_face,0.96964878
27,0.809574,ecb359eb6753b3b64a027f66d912892e_shot_001_000,ssim,full,0.93379986
27,0.809574,ecb359eb6753b3b64a027f66d912892e_shot_001_000,lpips,mouth,0.09822356
27,0.809574,ecb359eb6753b3b64a027f66d912892e_shot_001_000,lpips,full,0.06378619
27,0.809574,ecb359eb6753b3b64a027f66d912892e_shot_001_000,sharpness,mouth,19.4515
27,0.809574,ecb359eb6753b3b64a027f66d912892e_shot_001_000,lmd,mouth,7.744291
27,0.809574,ecb359eb6753b3b64a027f66d912892e_shot_001_000,sync_d,mouth,6.812319
27,0.809574,ecb359eb6753b3b64a027f66d912892e_shot_001_000,sync_c,mouth,8.301689
28,0.796812,ecb359eb6753b3b64a027f66d912892e_shot_001_000,pixel_mse,mouth,0.00481695
28,0.796812,ecb359eb6753b3b64a027f66d912892e_shot_001_000,pixel_mse,upper_face,0.00015447
28,0.796812,ecb359eb6753b3b64a027f66d912892e_shot_001_000,pixel_mse,full,0.00205209
28,0.796812,ecb359eb6753b3b64a027f66d912892e_shot_001_000,ssim,mouth,0.88050354
28,0.796812,ecb359eb6753b3b64a027f66d912892e_shot_001_000,ssim,upper_face,0.96972960
28,0.796812,ecb359eb6753b3b64a027f66d912892e_shot_001_000,ssim,full,0.93341482
28,0.796812,ecb359eb6753b3b64a027f66d912892e_shot_001_000,lpips,mouth,0.09882337
28,0.796812,ecb359eb6753b3b64a027f66d912892e_shot_001_000,lpips,full,0.06417688
28,0.796812,ecb359eb6753b3b64a027f66d912892e_shot_001_000,sharpness,mouth,19.5251
28,0.796812,ecb359eb6753b3b64a027f66d912892e_shot_001_000,lmd,mouth,7.894034
28,0.796812,ecb359eb6753b3b64a027f66d912892e_shot_001_000,sync_d,mouth,6.813349
28,0.796812,ecb359eb6753b3b64a027f66d912892e_shot_001_000,sync_c,mouth,8.308067
29,0.783290,ecb359eb6753b3b64a027f66d912892e_shot_001_000,pixel_mse,mouth,0.00496515
29,0.783290,ecb359eb6753b3b64a027f66d912892e_shot_001_000,pixel_mse,upper_face,0.00015205
29,0.783290,ecb359eb6753b3b64a027f66d912892e_shot_001_000,pixel_mse,full,0.00211097
29,0.783290,ecb359eb6753b3b64a027f66d912892e_shot_001_000,ssim,mouth,0.87907326
29,0.783290,ecb359eb6753b3b64a027f66d912892e_shot_001_000,ssim,upper_face,0.96979690
29,0.783290,ecb359eb6753b3b64a027f66d912892e_shot_001_000,ssim,full,0.93287253
29,0.783290,ecb359eb6753b3b64a027f66d912892e_shot_001_000,lpips,mouth,0.09995691
29,0.783290,ecb359eb6753b3b64a027f66d912892e_shot_001_000,lpips,full,0.06467843
29,0.783290,ecb359eb6753b3b64a027f66d912892e_shot_001_000,sharpness,mouth,19.4561
29,0.783290,ecb359eb6753b3b64a027f66d912892e_shot_001_000,lmd,mouth,7.834916
29,0.783290,ecb359eb6753b3b64a027f66d912892e_shot_001_000,sync_d,mouth,6.838610
29,0.783290,ecb359eb6753b3b64a027f66d912892e_shot_001_000,sync_c,mouth,8.311378
30,0.768935,ecb359eb6753b3b64a027f66d912892e_shot_001_000,pixel_mse,mouth,0.00512470
30,0.768935,ecb359eb6753b3b64a027f66d912892e_shot_001_000,pixel_mse,upper_face,0.00015150
30,0.768935,ecb359eb6753b3b64a027f66d912892e_shot_001_000,pixel_mse,full,0.00217558
30,0.768935,ecb359eb6753b3b64a027f66d912892e_shot_001_000,ssim,mouth,0.87752080
30,0.768935,ecb359eb6753b3b64a027f66d912892e_shot_001_000,ssim,upper_face,0.96989930
30,0.768935,ecb359eb6753b3b64a027f66d912892e_shot_001_000,ssim,full,0.93230146
30,0.768935,ecb359eb6753b3b64a027f66d912892e_shot_001_000,lpips,mouth,0.10123978
30,0.768935,ecb359eb6753b3b64a027f66d912892e_shot_001_000,lpips,full,0.06531013
30,0.768935,ecb359eb6753b3b64a027f66d912892e_shot_001_000,sharpness,mouth,19.5653
30,0.768935,ecb359eb6753b3b64a027f66d912892e_shot_001_000,lmd,mouth,7.859927
30,0.768935,ecb359eb6753b3b64a027f66d912892e_shot_001_000,sync_d,mouth,6.910171
30,0.768935,ecb359eb6753b3b64a027f66d912892e_shot_001_000,sync_c,mouth,8.193764
31,0.753669,ecb359eb6753b3b64a027f66d912892e_shot_001_000,pixel_mse,mouth,0.00531061
31,0.753669,ecb359eb6753b3b64a027f66d912892e_shot_001_000,pixel_mse,upper_face,0.00015093
31,0.753669,ecb359eb6753b3b64a027f66d912892e_shot_001_000,pixel_mse,full,0.00225091
31,0.753669,ecb359eb6753b3b64a027f66d912892e_shot_001_000,ssim,mouth,0.87565178
31,0.753669,ecb359eb6753b3b64a027f66d912892e_shot_001_000,ssim,upper_face,0.96996421
31,0.753669,ecb359eb6753b3b64a027f66d912892e_shot_001_000,ssim,full,0.93157929
31,0.753669,ecb359eb6753b3b64a027f66d912892e_shot_001_000,lpips,mouth,0.10259917
31,0.753669,ecb359eb6753b3b64a027f66d912892e_shot_001_000,lpips,full,0.06608990
31,0.753669,ecb359eb6753b3b64a027f66d912892e_shot_001_000,sharpness,mouth,19.6336
31,0.753669,ecb359eb6753b3b64a027f66d912892e_shot_001_000,lmd,mouth,7.886688
31,0.753669,ecb359eb6753b3b64a027f66d912892e_shot_001_000,sync_d,mouth,6.981157
31,0.753669,ecb359eb6753b3b64a027f66d912892e_shot_001_000,sync_c,mouth,8.136291
32,0.737402,ecb359eb6753b3b64a027f66d912892e_shot_001_000,pixel_mse,mouth,0.00550506
32,0.737402,ecb359eb6753b3b64a027f66d912892e_shot_001_000,pixel_mse,upper_face,0.00014848
32,0.737402,ecb359eb6753b3b64a027f66d912892e_shot_001_000,pixel_mse,full,0.00232860
32,0.737402,ecb359eb6753b3b64a027f66d912892e_shot_001_000,ssim,mouth,0.87361944
32,0.737402,ecb359eb6753b3b64a027f66d912892e_shot_001_000,ssim,upper_face,0.97003478
32,0.737402,ecb359eb6753b3b64a027f66d912892e_shot_001_000,ssim,full,0.93079394
32,0.737402,ecb359eb6753b3b64a027f66d912892e_shot_001_000,lpips,mouth,0.10400476
32,0.737402,ecb359eb6753b3b64a027f66d912892e_shot_001_000,lpips,full,0.06669351
32,0.737402,ecb359eb6753b3b64a027f66d912892e_shot_001_000,sharpness,mouth,19.7657
32,0.737402,ecb359eb6753b3b64a027f66d912892e_shot_001_000,lmd,mouth,8.242700
32,0.737402,ecb359eb6753b3b64a027f66d912892e_shot_001_000,sync_d,mouth,6.885826
32,0.737402,ecb359eb6753b3b64a027f66d912892e_shot_001_000,sync_c,mouth,8.197684
33,0.720034,ecb359eb6753b3b64a027f66d912892e_shot_001_000,pixel_mse,mouth,0.00571711
33,0.720034,ecb359eb6753b3b64a027f66d912892e_shot_001_000,pixel_mse,upper_face,0.00014778
33,0.720034,ecb359eb6753b3b64a027f66d912892e_shot_001_000,pixel_mse,full,0.00241448
33,0.720034,ecb359eb6753b3b64a027f66d912892e_shot_001_000,ssim,mouth,0.87158442
33,0.720034,ecb359eb6753b3b64a027f66d912892e_shot_001_000,ssim,upper_face,0.97011262
33,0.720034,ecb359eb6753b3b64a027f66d912892e_shot_001_000,ssim,full,0.93001187
33,0.720034,ecb359eb6753b3b64a027f66d912892e_shot_001_000,lpips,mouth,0.10576597
33,0.720034,ecb359eb6753b3b64a027f66d912892e_shot_001_000,lpips,full,0.06768926
33,0.720034,ecb359eb6753b3b64a027f66d912892e_shot_001_000,sharpness,mouth,19.8704
33,0.720034,ecb359eb6753b3b64a027f66d912892e_shot_001_000,lmd,mouth,8.300190
33,0.720034,ecb359eb6753b3b64a027f66d912892e_shot_001_000,sync_d,mouth,6.909611
33,0.720034,ecb359eb6753b3b64a027f66d912892e_shot_001_000,sync_c,mouth,8.138710
34,0.701446,ecb359eb6753b3b64a027f66d912892e_shot_001_000,pixel_mse,mouth,0.00600869
34,0.701446,ecb359eb6753b3b64a027f66d912892e_shot_001_000,pixel_mse,upper_face,0.00014746
34,0.701446,ecb359eb6753b3b64a027f66d912892e_shot_001_000,pixel_mse,full,0.00253297
34,0.701446,ecb359eb6753b3b64a027f66d912892e_shot_001_000,ssim,mouth,0.86894214
34,0.701446,ecb359eb6753b3b64a027f66d912892e_shot_001_000,ssim,upper_face,0.97019309
34,0.701446,ecb359eb6753b3b64a027f66d912892e_shot_001_000,ssim,full,0.92898417
34,0.701446,ecb359eb6753b3b64a027f66d912892e_shot_001_000,lpips,mouth,0.10861190
34,0.701446,ecb359eb6753b3b64a027f66d912892e_shot_001_000,lpips,full,0.06924216
34,0.701446,ecb359eb6753b3b64a027f66d912892e_shot_001_000,sharpness,mouth,20.1080
34,0.701446,ecb359eb6753b3b64a027f66d912892e_shot_001_000,lmd,mouth,8.219730
34,0.701446,ecb359eb6753b3b64a027f66d912892e_shot_001_000,sync_d,mouth,6.916708
34,0.701446,ecb359eb6753b3b64a027f66d912892e_shot_001_000,sync_c,mouth,8.119892
35,0.681508,ecb359eb6753b3b64a027f66d912892e_shot_001_000,pixel_mse,mouth,0.00636271
35,0.681508,ecb359eb6753b3b64a027f66d912892e_shot_001_000,pixel_mse,upper_face,0.00014401
35,0.681508,ecb359eb6753b3b64a027f66d912892e_shot_001_000,pixel_mse,full,0.00267500
35,0.681508,ecb359eb6753b3b64a027f66d912892e_shot_001_000,ssim,mouth,0.86592650
35,0.681508,ecb359eb6753b3b64a027f66d912892e_shot_001_000,ssim,upper_face,0.97040266
35,0.681508,ecb359eb6753b3b64a027f66d912892e_shot_001_000,ssim,full,0.92788100
35,0.681508,ecb359eb6753b3b64a027f66d912892e_shot_001_000,lpips,mouth,0.11162307
35,0.681508,ecb359eb6753b3b64a027f66d912892e_shot_001_000,lpips,full,0.07076668
35,0.681508,ecb359eb6753b3b64a027f66d912892e_shot_001_000,sharpness,mouth,20.3192
35,0.681508,ecb359eb6753b3b64a027f66d912892e_shot_001_000,lmd,mouth,8.788432
35,0.681508,ecb359eb6753b3b64a027f66d912892e_shot_001_000,sync_d,mouth,6.936046
35,0.681508,ecb359eb6753b3b64a027f66d912892e_shot_001_000,sync_c,mouth,8.076887
36,0.660066,ecb359eb6753b3b64a027f66d912892e_shot_001_000,pixel_mse,mouth,0.00669086
36,0.660066,ecb359eb6753b3b64a027f66d912892e_shot_001_000,pixel_mse,upper_face,0.00014285
36,0.660066,ecb359eb6753b3b64a027f66d912892e_shot_001_000,pixel_mse,full,0.00280787
36,0.660066,ecb359eb6753b3b64a027f66d912892e_shot_001_000,ssim,mouth,0.86263728
36,0.660066,ecb359eb6753b3b64a027f66d912892e_shot_001_000,ssim,upper_face,0.97053832
36,0.660066,ecb359eb6753b3b64a027f66d912892e_shot_001_000,ssim,full,0.92662293
36,0.660066,ecb359eb6753b3b64a027f66d912892e_shot_001_000,lpips,mouth,0.11480437
36,0.660066,ecb359eb6753b3b64a027f66d912892e_shot_001_000,lpips,full,0.07254416
36,0.660066,ecb359eb6753b3b64a027f66d912892e_shot_001_000,sharpness,mouth,20.5223
36,0.660066,ecb359eb6753b3b64a027f66d912892e_shot_001_000,lmd,mouth,9.355116
36,0.660066,ecb359eb6753b3b64a027f66d912892e_shot_001_000,sync_d,mouth,7.190342
36,0.660066,ecb359eb6753b3b64a027f66d912892e_shot_001_000,sync_c,mouth,7.732390
37,0.636942,ecb359eb6753b3b64a027f66d912892e_shot_001_000,pixel_mse,mouth,0.00700707
37,0.636942,ecb359eb6753b3b64a027f66d912892e_shot_001_000,pixel_mse,upper_face,0.00014053
37,0.636942,ecb359eb6753b3b64a027f66d912892e_shot_001_000,pixel_mse,full,0.00293519
37,0.636942,ecb359eb6753b3b64a027f66d912892e_shot_001_000,ssim,mouth,0.85956830
37,0.636942,ecb359eb6753b3b64a027f66d912892e_shot_001_000,ssim,upper_face,0.97061396
37,0.636942,ecb359eb6753b3b64a027f66d912892e_shot_001_000,ssim,full,0.92541873
37,0.636942,ecb359eb6753b3b64a027f66d912892e_shot_001_000,lpips,mouth,0.11798386
37,0.636942,ecb359eb6753b3b64a027f66d912892e_shot_001_000,lpips,full,0.07412463
37,0.636942,ecb359eb6753b3b64a027f66d912892e_shot_001_000,sharpness,mouth,20.9242
37,0.636942,ecb359eb6753b3b64a027f66d912892e_shot_001_000,lmd,mouth,9.088660
37,0.636942,ecb359eb6753b3b64a027f66d912892e_shot_001_000,sync_d,mouth,7.215653
37,0.636942,ecb359eb6753b3b64a027f66d912892e_shot_001_000,sync_c,mouth,7.698589
38,0.611932,ecb359eb6753b3b64a027f66d912892e_shot_001_000,pixel_mse,mouth,0.00730282
38,0.611932,ecb359eb6753b3b64a027f66d912892e_shot_001_000,pixel_mse,upper_face,0.00013944
38,0.611932,ecb359eb6753b3b64a027f66d912892e_shot_001_000,pixel_mse,full,0.00305492
38,0.611932,ecb359eb6753b3b64a027f66d912892e_shot_001_000,ssim,mouth,0.85666150
38,0.611932,ecb359eb6753b3b64a027f66d912892e_shot_001_000,ssim,upper_face,0.97070783
38,0.611932,ecb359eb6753b3b64a027f66d912892e_shot_001_000,ssim,full,0.92429125
38,0.611932,ecb359eb6753b3b64a027f66d912892e_shot_001_000,lpips,mouth,0.12052879
38,0.611932,ecb359eb6753b3b64a027f66d912892e_shot_001_000,lpips,full,0.07555583
38,0.611932,ecb359eb6753b3b64a027f66d912892e_shot_001_000,sharpness,mouth,21.3480
38,0.611932,ecb359eb6753b3b64a027f66d912892e_shot_001_000,lmd,mouth,9.098013
38,0.611932,ecb359eb6753b3b64a027f66d912892e_shot_001_000,sync_d,mouth,7.126439
38,0.611932,ecb359eb6753b3b64a027f66d912892e_shot_001_000,sync_c,mouth,7.753158
39,0.584795,ecb359eb6753b3b64a027f66d912892e_shot_001_000,pixel_mse,mouth,0.00754899
39,0.584795,ecb359eb6753b3b64a027f66d912892e_shot_001_000,pixel_mse,upper_face,0.00013723
39,0.584795,ecb359eb6753b3b64a027f66d912892e_shot_001_000,pixel_mse,full,0.00315380
39,0.584795,ecb359eb6753b3b64a027f66d912892e_shot_001_000,ssim,mouth,0.85435355
39,0.584795,ecb359eb6753b3b64a027f66d912892e_shot_001_000,ssim,upper_face,0.97079146
39,0.584795,ecb359eb6753b3b64a027f66d912892e_shot_001_000,ssim,full,0.92340153
39,0.584795,ecb359eb6753b3b64a027f66d912892e_shot_001_000,lpips,mouth,0.12277715
39,0.584795,ecb359eb6753b3b64a027f66d912892e_shot_001_000,lpips,full,0.07680673
39,0.584795,ecb359eb6753b3b64a027f66d912892e_shot_001_000,sharpness,mouth,22.2802
39,0.584795,ecb359eb6753b3b64a027f66d912892e_shot_001_000,lmd,mouth,8.722127
39,0.584795,ecb359eb6753b3b64a027f66d912892e_shot_001_000,sync_d,mouth,7.332257
39,0.584795,ecb359eb6753b3b64a027f66d912892e_shot_001_000,sync_c,mouth,7.542562
40,0.555247,ecb359eb6753b3b64a027f66d912892e_shot_001_000,pixel_mse,mouth,0.00775906
40,0.555247,ecb359eb6753b3b64a027f66d912892e_shot_001_000,pixel_mse,upper_face,0.00013644
40,0.555247,ecb359eb6753b3b64a027f66d912892e_shot_001_000,pixel_mse,full,0.00323883
40,0.555247,ecb359eb6753b3b64a027f66d912892e_shot_001_000,ssim,mouth,0.85206896
40,0.555247,ecb359eb6753b3b64a027f66d912892e_shot_001_000,ssim,upper_face,0.97087419
40,0.555247,ecb359eb6753b3b64a027f66d912892e_shot_001_000,ssim,full,0.92252070
40,0.555247,ecb359eb6753b3b64a027f66d912892e_shot_001_000,lpips,mouth,0.12513962
40,0.555247,ecb359eb6753b3b64a027f66d912892e_shot_001_000,lpips,full,0.07807972
40,0.555247,ecb359eb6753b3b64a027f66d912892e_shot_001_000,sharpness,mouth,22.8797
40,0.555247,ecb359eb6753b3b64a027f66d912892e_shot_001_000,lmd,mouth,9.110643
40,0.555247,ecb359eb6753b3b64a027f66d912892e_shot_001_000,sync_d,mouth,7.408348
40,0.555247,ecb359eb6753b3b64a027f66d912892e_shot_001_000,sync_c,mouth,7.548257
41,0.522951,ecb359eb6753b3b64a027f66d912892e_shot_001_000,pixel_mse,mouth,0.00796695
41,0.522951,ecb359eb6753b3b64a027f66d912892e_shot_001_000,pixel_mse,upper_face,0.00013557
41,0.522951,ecb359eb6753b3b64a027f66d912892e_shot_001_000,pixel_mse,full,0.00332292
41,0.522951,ecb359eb6753b3b64a027f66d912892e_shot_001_000,ssim,mouth,0.84974277
41,0.522951,ecb359eb6753b3b64a027f66d912892e_shot_001_000,ssim,upper_face,0.97099650
41,0.522951,ecb359eb6753b3b64a027f66d912892e_shot_001_000,ssim,full,0.92164660
41,0.522951,ecb359eb6753b3b64a027f66d912892e_shot_001_000,lpips,mouth,0.12671243
41,0.522951,ecb359eb6753b3b64a027f66d912892e_shot_001_000,lpips,full,0.07895349
41,0.522951,ecb359eb6753b3b64a027f66d912892e_shot_001_000,sharpness,mouth,23.4452
41,0.522951,ecb359eb6753b3b64a027f66d912892e_shot_001_000,lmd,mouth,9.062416
41,0.522951,ecb359eb6753b3b64a027f66d912892e_shot_001_000,sync_d,mouth,7.447366
41,0.522951,ecb359eb6753b3b64a027f66d912892e_shot_001_000,sync_c,mouth,7.365102
42,0.487507,ecb359eb6753b3b64a027f66d912892e_shot_001_000,pixel_mse,mouth,0.00814453
42,0.487507,ecb359eb6753b3b64a027f66d912892e_shot_001_000,pixel_mse,upper_face,0.00013543
42,0.487507,ecb359eb6753b3b64a027f66d912892e_shot_001_000,pixel_mse,full,0.00339511
42,0.487507,ecb359eb6753b3b64a027f66d912892e_shot_001_000,ssim,mouth,0.84772009
42,0.487507,ecb359eb6753b3b64a027f66d912892e_shot_001_000,ssim,upper_face,0.97100991
42,0.487507,ecb359eb6753b3b64a027f66d912892e_shot_001_000,ssim,full,0.92083120
42,0.487507,ecb359eb6753b3b64a027f66d912892e_shot_001_000,lpips,mouth,0.12844914
42,0.487507,ecb359eb6753b3b64a027f66d912892e_shot_001_000,lpips,full,0.07976147
42,0.487507,ecb359eb6753b3b64a027f66d912892e_shot_001_000,sharpness,mouth,23.8254
42,0.487507,ecb359eb6753b3b64a027f66d912892e_shot_001_000,lmd,mouth,8.871872
42,0.487507,ecb359eb6753b3b64a027f66d912892e_shot_001_000,sync_d,mouth,7.457239
42,0.487507,ecb359eb6753b3b64a027f66d912892e_shot_001_000,sync_c,mouth,7.403598
43,0.448430,ecb359eb6753b3b64a027f66d912892e_shot_001_000,pixel_mse,mouth,0.00835037
43,0.448430,ecb359eb6753b3b64a027f66d912892e_shot_001_000,pixel_mse,upper_face,0.00013596
43,0.448430,ecb359eb6753b3b64a027f66d912892e_shot_001_000,pixel_mse,full,0.00347920
43,0.448430,ecb359eb6753b3b64a027f66d912892e_shot_001_000,ssim,mouth,0.84528804
43,0.448430,ecb359eb6753b3b64a027f66d912892e_shot_001_000,ssim,upper_face,0.97103488
43,0.448430,ecb359eb6753b3b64a027f66d912892e_shot_001_000,ssim,full,0.91985625
43,0.448430,ecb359eb6753b3b64a027f66d912892e_shot_001_000,lpips,mouth,0.12997673
43,0.448430,ecb359eb6753b3b64a027f66d912892e_shot_001_000,lpips,full,0.08076658
43,0.448430,ecb359eb6753b3b64a027f66d912892e_shot_001_000,sharpness,mouth,24.2592
43,0.448430,ecb359eb6753b3b64a027f66d912892e_shot_001_000,lmd,mouth,8.895938
43,0.448430,ecb359eb6753b3b64a027f66d912892e_shot_001_000,sync_d,mouth,7.778467
43,0.448430,ecb359eb6753b3b64a027f66d912892e_shot_001_000,sync_c,mouth,6.867792
44,0.405131,ecb359eb6753b3b64a027f66d912892e_shot_001_000,pixel_mse,mouth,0.00854721
44,0.405131,ecb359eb6753b3b64a027f66d912892e_shot_001_000,pixel_mse,upper_face,0.00013791
44,0.405131,ecb359eb6753b3b64a027f66d912892e_shot_001_000,pixel_mse,full,0.00356048
44,0.405131,ecb359eb6753b3b64a027f66d912892e_shot_001_000,ssim,mouth,0.84300297
44,0.405131,ecb359eb6753b3b64a027f66d912892e_shot_001_000,ssim,upper_face,0.97097063
44,0.405131,ecb359eb6753b3b64a027f66d912892e_shot_001_000,ssim,full,0.91888815
44,0.405131,ecb359eb6753b3b64a027f66d912892e_shot_001_000,lpips,mouth,0.13163014
44,0.405131,ecb359eb6753b3b64a027f66d912892e_shot_001_000,lpips,full,0.08167270
44,0.405131,ecb359eb6753b3b64a027f66d912892e_shot_001_000,sharpness,mouth,24.4801
44,0.405131,ecb359eb6753b3b64a027f66d912892e_shot_001_000,lmd,mouth,8.846570
44,0.405131,ecb359eb6753b3b64a027f66d912892e_shot_001_000,sync_d,mouth,7.874599
44,0.405131,ecb359eb6753b3b64a027f66d912892e_shot_001_000,sync_c,mouth,6.725844
45,0.356888,ecb359eb6753b3b64a027f66d912892e_shot_001_000,pixel_mse,mouth,0.00873209
45,0.356888,ecb359eb6753b3b64a027f66d912892e_shot_001_000,pixel_mse,upper_face,0.00014052
45,0.356888,ecb359eb6753b3b64a027f66d912892e_shot_001_000,pixel_mse,full,0.00363727
45,0.356888,ecb359eb6753b3b64a027f66d912892e_shot_001_000,ssim,mouth,0.84055746
45,0.356888,ecb359eb6753b3b64a027f66d912892e_shot_001_000,ssim,upper_face,0.97091889
45,0.356888,ecb359eb6753b3b64a027f66d912892e_shot_001_000,ssim,full,0.91786212
45,0.356888,ecb359eb6753b3b64a027f66d912892e_shot_001_000,lpips,mouth,0.13344276
45,0.356888,ecb359eb6753b3b64a027f66d912892e_shot_001_000,lpips,full,0.08279850
45,0.356888,ecb359eb6753b3b64a027f66d912892e_shot_001_000,sharpness,mouth,24.7391
45,0.356888,ecb359eb6753b3b64a027f66d912892e_shot_001_000,lmd,mouth,8.629919
45,0.356888,ecb359eb6753b3b64a027f66d912892e_shot_001_000,sync_d,mouth,8.004703
45,0.356888,ecb359eb6753b3b64a027f66d912892e_shot_001_000,sync_c,mouth,6.598089
46,0.302801,ecb359eb6753b3b64a027f66d912892e_shot_001_000,pixel_mse,mouth,0.00892375
46,0.302801,ecb359eb6753b3b64a027f66d912892e_shot_001_000,pixel_mse,upper_face,0.00014565
46,0.302801,ecb359eb6753b3b64a027f66d912892e_shot_001_000,pixel_mse,full,0.00371832
46,0.302801,ecb359eb6753b3b64a027f66d912892e_shot_001_000,ssim,mouth,0.83802247
46,0.302801,ecb359eb6753b3b64a027f66d912892e_shot_001_000,ssim,upper_face,0.97079122
46,0.302801,ecb359eb6753b3b64a027f66d912892e_shot_001_000,ssim,full,0.91675472
46,0.302801,ecb359eb6753b3b64a027f66d912892e_shot_001_000,lpips,mouth,0.13540360
46,0.302801,ecb359eb6753b3b64a027f66d912892e_shot_001_000,lpips,full,0.08404300
46,0.302801,ecb359eb6753b3b64a027f66d912892e_shot_001_000,sharpness,mouth,25.0757
46,0.302801,ecb359eb6753b3b64a027f66d912892e_shot_001_000,lmd,mouth,8.808305
46,0.302801,ecb359eb6753b3b64a027f66d912892e_shot_001_000,sync_d,mouth,7.955428
46,0.302801,ecb359eb6753b3b64a027f66d912892e_shot_001_000,sync_c,mouth,6.607054
47,0.241740,ecb359eb6753b3b64a027f66d912892e_shot_001_000,pixel_mse,mouth,0.00911195
47,0.241740,ecb359eb6753b3b64a027f66d912892e_shot_001_000,pixel_mse,upper_face,0.00015496
47,0.241740,ecb359eb6753b3b64a027f66d912892e_shot_001_000,pixel_mse,full,0.00380044
47,0.241740,ecb359eb6753b3b64a027f66d912892e_shot_001_000,ssim,mouth,0.83563185
47,0.241740,ecb359eb6753b3b64a027f66d912892e_shot_001_000,ssim,upper_face,0.97040719
47,0.241740,ecb359eb6753b3b64a027f66d912892e_shot_001_000,ssim,full,0.91555393
47,0.241740,ecb359eb6753b3b64a027f66d912892e_shot_001_000,lpips,mouth,0.13741453
47,0.241740,ecb359eb6753b3b64a027f66d912892e_shot_001_000,lpips,full,0.08520902
47,0.241740,ecb359eb6753b3b64a027f66d912892e_shot_001_000,sharpness,mouth,25.3160
47,0.241740,ecb359eb6753b3b64a027f66d912892e_shot_001_000,lmd,mouth,9.429998
47,0.241740,ecb359eb6753b3b64a027f66d912892e_shot_001_000,sync_d,mouth,8.012226
47,0.241740,ecb359eb6753b3b64a027f66d912892e_shot_001_000,sync_c,mouth,6.456582
48,0.172265,ecb359eb6753b3b64a027f66d912892e_shot_001_000,pixel_mse,mouth,0.00927963
48,0.172265,ecb359eb6753b3b64a027f66d912892e_shot_001_000,pixel_mse,upper_face,0.00017233
48,0.172265,ecb359eb6753b3b64a027f66d912892e_shot_001_000,pixel_mse,full,0.00387898
48,0.172265,ecb359eb6753b3b64a027f66d912892e_shot_001_000,ssim,mouth,0.83342713
48,0.172265,ecb359eb6753b3b64a027f66d912892e_shot_001_000,ssim,upper_face,0.96971583
48,0.172265,ecb359eb6753b3b64a027f66d912892e_shot_001_000,ssim,full,0.91424656
48,0.172265,ecb359eb6753b3b64a027f66d912892e_shot_001_000,lpips,mouth,0.13962108
48,0.172265,ecb359eb6753b3b64a027f66d912892e_shot_001_000,lpips,full,0.08685014
48,0.172265,ecb359eb6753b3b64a027f66d912892e_shot_001_000,sharpness,mouth,25.5777
48,0.172265,ecb359eb6753b3b64a027f66d912892e_shot_001_000,lmd,mouth,9.215736
48,0.172265,ecb359eb6753b3b64a027f66d912892e_shot_001_000,sync_d,mouth,8.041915
48,0.172265,ecb359eb6753b3b64a027f66d912892e_shot_001_000,sync_c,mouth,6.418953
49,0.092507,ecb359eb6753b3b64a027f66d912892e_shot_001_000,pixel_mse,mouth,0.00943426
49,0.092507,ecb359eb6753b3b64a027f66d912892e_shot_001_000,pixel_mse,upper_face,0.00021578
49,0.092507,ecb359eb6753b3b64a027f66d912892e_shot_001_000,pixel_mse,full,0.00396768
49,0.092507,ecb359eb6753b3b64a027f66d912892e_shot_001_000,ssim,mouth,0.83123207
49,0.092507,ecb359eb6753b3b64a027f66d912892e_shot_001_000,ssim,upper_face,0.96775806
49,0.092507,ecb359eb6753b3b64a027f66d912892e_shot_001_000,ssim,full,0.91219234
49,0.092507,ecb359eb6753b3b64a027f66d912892e_shot_001_000,lpips,mouth,0.14244348
49,0.092507,ecb359eb6753b3b64a027f66d912892e_shot_001_000,lpips,full,0.08917799
49,0.092507,ecb359eb6753b3b64a027f66d912892e_shot_001_000,sharpness,mouth,25.7223
49,0.092507,ecb359eb6753b3b64a027f66d912892e_shot_001_000,lmd,mouth,9.363668
49,0.092507,ecb359eb6753b3b64a027f66d912892e_shot_001_000,sync_d,mouth,8.036255
49,0.092507,ecb359eb6753b3b64a027f66d912892e_shot_001_000,sync_c,mouth,6.431579
