step,t,sample,metric,region,value
-1,gt,17ef723a912e46713e84fc2b7dd74e23_shot_001_000,sharpness,mouth,12.8889
-1,gt,17ef723a912e46713e84fc2b7dd74e23_shot_001_000,sync_d,mouth,6.164442
-1,gt,17ef723a912e46713e84fc2b7dd74e23_shot_001_000,sync_c,mouth,7.671010
0,0.999000,17ef723a912e46713e84fc2b7dd74e23_shot_001_000,pixel_mse,mouth,0.00156594
0,0.999000,17ef723a912e46713e84fc2b7dd74e23_shot_001_000,pixel_mse,upper_face,0.00014463
0,0.999000,17ef723a912e46713e84fc2b7dd74e23_shot_001_000,pixel_mse,full,0.00072310
0,0.999000,17ef723a912e46713e84fc2b7dd74e23_shot_001_000,ssim,mouth,0.90545976
0,0.999000,17ef723a912e46713e84fc2b7dd74e23_shot_001_000,ssim,upper_face,0.96854305
0,0.999000,17ef723a912e46713e84fc2b7dd74e23_shot_001_000,ssim,full,0.94286835
0,0.999000,17ef723a912e46713e84fc2b7dd74e23_shot_001_000,lpips,mouth,0.11847242
0,0.999000,17ef723a912e46713e84fc2b7dd74e23_shot_001_000,lpips,full,0.07498609
0,0.999000,17ef723a912e46713e84fc2b7dd74e23_shot_001_000,sharpness,mouth,12.9999
0,0.999000,17ef723a912e46713e84fc2b7dd74e23_shot_001_000,lmd,mouth,2.942104
0,0.999000,17ef723a912e46713e84fc2b7dd74e23_shot_001_000,sync_d,mouth,6.252640
0,0.999000,17ef723a912e46713e84fc2b7dd74e23_shot_001_000,sync_c,mouth,7.521641
1,0.995732,17ef723a912e46713e84fc2b7dd74e23_shot_001_000,pixel_mse,mouth,0.00154960
1,0.995732,17ef723a912e46713e84fc2b7dd74e23_shot_001_000,pixel_mse,upper_face,0.00014377
1,0.995732,17ef723a912e46713e84fc2b7dd74e23_shot_001_000,pixel_mse,full,0.00071594
1,0.995732,17ef723a912e46713e84fc2b7dd74e23_shot_001_000,ssim,mouth,0.90637124
1,0.995732,17ef723a912e46713e84fc2b7dd74e23_shot_001_000,ssim,upper_face,0.96870714
1,0.995732,17ef723a912e46713e84fc2b7dd74e23_shot_001_000,ssim,full,0.94333661
1,0.995732,17ef723a912e46713e84fc2b7dd74e23_shot_001_000,lpips,mouth,0.11699614
1,0.995732,17ef723a912e46713e84fc2b7dd74e23_shot_001_000,lpips,full,0.07407436
1,0.995732,17ef723a912e46713e84fc2b7dd74e23_shot_001_000,sharpness,mouth,12.9869
1,0.995732,17ef723a912e46713e84fc2b7dd74e23_shot_001_000,lmd,mouth,2.928346
1,0.995732,17ef723a912e46713e84fc2b7dd74e23_shot_001_000,sync_d,mouth,6.174973
1,0.995732,17ef723a912e46713e84fc2b7dd74e23_shot_001_000,sync_c,mouth,7.633006
2,0.991530,17ef723a912e46713e84fc2b7dd74e23_shot_001_000,pixel_mse,mouth,0.00148667
2,0.991530,17ef723a912e46713e84fc2b7dd74e23_shot_001_000,pixel_mse,upper_face,0.00013592
2,0.991530,17ef723a912e46713e84fc2b7dd74e23_shot_001_000,pixel_mse,full,0.00068567
2,0.991530,17ef723a912e46713e84fc2b7dd74e23_shot_001_000,ssim,mouth,0.90802020
2,0.991530,17ef723a912e46713e84fc2b7dd74e23_shot_001_000,ssim,upper_face,0.96970850
2,0.991530,17ef723a912e46713e84fc2b7dd74e23_shot_001_000,ssim,full,0.94460148
2,0.991530,17ef723a912e46713e84fc2b7dd74e23_shot_001_000,lpips,mouth,0.11456838
2,0.991530,17ef723a912e46713e84fc2b7dd74e23_shot_001_000,lpips,full,0.07221918
2,0.991530,17ef723a912e46713e84fc2b7dd74e23_shot_001_000,sharpness,mouth,13.1625
2,0.991530,17ef723a912e46713e84fc2b7dd74e23_shot_001_000,lmd,mouth,2.823987
2,0.991530,17ef723a912e46713e84fc2b7dd74e23_shot_001_000,sync_d,mouth,6.159653
2,0.991530,17ef723a912e46713e84fc2b7dd74e23_shot_001_000,sync_c,mouth,7.686265
3,0.987187,17ef723a912e46713e84fc2b7dd74e23_shot_001_000,pixel_mse,mouth,0.00146119
3,0.987187,17ef723a912e46713e84fc2b7dd74e23_shot_001_000,pixel_mse,upper_face,0.00012953
3,0.987187,17ef723a912e46713e84fc2b7dd74e23_shot_001_000,pixel_mse,full,0.00067151
3,0.987187,17ef723a912e46713e84fc2b7dd74e23_shot_001_000,ssim,mouth,0.90880978
3,0.987187,17ef723a912e46713e84fc2b7dd74e23_shot_001_000,ssim,upper_face,0.97036517
3,0.987187,17ef723a912e46713e84fc2b7dd74e23_shot_001_000,ssim,full,0.94531232
3,0.987187,17ef723a912e46713e84fc2b7dd74e23_shot_001_000,lpips,mouth,0.11259136
3,0.987187,17ef723a912e46713e84fc2b7dd74e23_shot_001_000,lpips,full,0.07063017
3,0.987187,17ef723a912e46713e84fc2b7dd74e23_shot_001_000,sharpness,mouth,13.3774
3,0.987187,17ef723a912e46713e84fc2b7dd74e23_shot_001_000,lmd,mouth,2.740993
3,0.987187,17ef723a912e46713e84fc2b7dd74e23_shot_001_000,sync_d,mouth,6.002071
3,0.987187,17ef723a912e46713e84fc2b7dd74e23_shot_001_000,sync_c,mouth,7.839918
4,0.982696,17ef723a912e46713e84fc2b7dd74e23_shot_001_000,pixel_mse,mouth,0.00143745
4,0.982696,17ef723a912e46713e84fc2b7dd74e23_shot_001_000,pixel_mse,upper_face,0.00012121
4,0.982696,17ef723a912e46713e84fc2b7dd74e23_shot_001_000,pixel_mse,full,0.00065692
4,0.982696,17ef723a912e46713e84fc2b7dd74e23_shot_001_000,ssim,mouth,0.90916276
4,0.982696,17ef723a912e46713e84fc2b7dd74e23_shot_001_000,ssim,upper_face,0.97048646
4,0.982696,17ef723a912e46713e84fc2b7dd74e23_shot_001_000,ssim,full,0.94552779
4,0.982696,17ef723a912e46713e84fc2b7dd74e23_shot_001_000,lpips,mouth,0.11071856
4,0.982696,17ef723a912e46713e84fc2b7dd74e23_shot_001_000,lpips,full,0.06922895
4,0.982696,17ef723a912e46713e84fc2b7dd74e23_shot_001_000,sharpness,mouth,13.6719
4,0.982696,17ef723a912e46713e84fc2b7dd74e23_shot_001_000,lmd,mouth,2.698456
4,0.982696,17ef723a912e46713e84fc2b7dd74e23_shot_001_000,sync_d,mouth,6.043586
4,0.982696,17ef723a912e46713e84fc2b7dd74e23_shot_001_000,sync_c,mouth,7.808771
5,0.978048,17ef723a912e46713e84fc2b7dd74e23_shot_001_000,pixel_mse,mouth,0.00145617
5,0.978048,17ef723a912e46713e84fc2b7dd74e23_shot_001_000,pixel_mse,upper_face,0.00011580
5,0.978048,17ef723a912e46713e84fc2b7dd74e23_shot_001_000,pixel_mse,full,0.00066133
5,0.978048,17ef723a912e46713e84fc2b7dd74e23_shot_001_000,ssim,mouth,0.90890598
5,0.978048,17ef723a912e46713e84fc2b7dd74e23_shot_001_000,ssim,upper_face,0.97122210
5,0.978048,17ef723a912e46713e84fc2b7dd74e23_shot_001_000,ssim,full,0.94585955
5,0.978048,17ef723a912e46713e84fc2b7dd74e23_shot_001_000,lpips,mouth,0.10948497
5,0.978048,17ef723a912e46713e84fc2b7dd74e23_shot_001_000,lpips,full,0.06819955
5,0.978048,17ef723a912e46713e84fc2b7dd74e23_shot_001_000,sharpness,mouth,13.6350
5,0.978048,17ef723a912e46713e84fc2b7dd74e23_shot_001_000,lmd,mouth,2.758901
5,0.978048,17ef723a912e46713e84fc2b7dd74e23_shot_001_000,sync_d,mouth,6.004382
5,0.978048,17ef723a912e46713e84fc2b7dd74e23_shot_001_000,sync_c,mouth,7.779712
6,0.973236,17ef723a912e46713e84fc2b7dd74e23_shot_001_000,pixel_mse,mouth,0.00147255
6,0.973236,17ef723a912e46713e84fc2b7dd74e23_shot_001_000,pixel_mse,upper_face,0.00010988
6,0.973236,17ef723a912e46713e84fc2b7dd74e23_shot_001_000,pixel_mse,full,0.00066448
6,0.973236,17ef723a912e46713e84fc2b7dd74e23_shot_001_000,ssim,mouth,0.90883362
6,0.973236,17ef723a912e46713e84fc2b7dd74e23_shot_001_000,ssim,upper_face,0.97158778
6,0.973236,17ef723a912e46713e84fc2b7dd74e23_shot_001_000,ssim,full,0.94604701
6,0.973236,17ef723a912e46713e84fc2b7dd74e23_shot_001_000,lpips,mouth,0.10716463
6,0.973236,17ef723a912e46713e84fc2b7dd74e23_shot_001_000,lpips,full,0.06672786
6,0.973236,17ef723a912e46713e84fc2b7dd74e23_shot_001_000,sharpness,mouth,13.8278
6,0.973236,17ef723a912e46713e84fc2b7dd74e23_shot_001_000,lmd,mouth,2.836981
6,0.973236,17ef723a912e46713e84fc2b7dd74e23_shot_001_000,sync_d,mouth,5.957596
6,0.973236,17ef723a912e46713e84fc2b7dd74e23_shot_001_000,sync_c,mouth,7.876490
7,0.968250,17ef723a912e46713e84fc2b7dd74e23_shot_001_000,pixel_mse,mouth,0.00151626
7,0.968250,17ef723a912e46713e84fc2b7dd74e23_shot_001_000,pixel_mse,upper_face,0.00010759
7,0.968250,17ef723a912e46713e84fc2b7dd74e23_shot_001_000,pixel_mse,full,0.00068091
7,0.968250,17ef723a912e46713e84fc2b7dd74e23_shot_001_000,ssim,mouth,0.90786290
7,0.968250,17ef723a912e46713e84fc2b7dd74e23_shot_001_000,ssim,upper_face,0.97183013
7,0.968250,17ef723a912e46713e84fc2b7dd74e23_shot_001_000,ssim,full,0.94579571
7,0.968250,17ef723a912e46713e84fc2b7dd74e23_shot_001_000,lpips,mouth,0.10594843
7,0.968250,17ef723a912e46713e84fc2b7dd74e23_shot_001_000,lpips,full,0.06585307
7,0.968250,17ef723a912e46713e84fc2b7dd74e23_shot_001_000,sharpness,mouth,14.0345
7,0.968250,17ef723a912e46713e84fc2b7dd74e23_shot_001_000,lmd,mouth,2.844694
7,0.968250,17ef723a912e46713e84fc2b7dd74e23_shot_001_000,sync_d,mouth,5.860807
7,0.968250,17ef723a912e46713e84fc2b7dd74e23_shot_001_000,sync_c,mouth,7.950516
8,0.963082,17ef723a912e46713e84fc2b7dd74e23_shot_001_000,pixel_mse,mouth,0.00156712
8,0.963082,17ef723a912e46713e84fc2b7dd74e23_shot_001_000,pixel_mse,upper_face,0.00010485
8,0.963082,17ef723a912e46713e84fc2b7dd74e23_shot_001_000,pixel_mse,full,0.00069999
8,0.963082,17ef723a912e46713e84fc2b7dd74e23_shot_001_000,ssim,mouth,0.90690696
8,0.963082,17ef723a912e46713e84fc2b7dd74e23_shot_001_000,ssim,upper_face,0.97202063
8,0.963082,17ef723a912e46713e84fc2b7dd74e23_shot_001_000,ssim,full,0.94551951
8,0.963082,17ef723a912e46713e84fc2b7dd74e23_shot_001_000,lpips,mouth,0.10492179
8,0.963082,17ef723a912e46713e84fc2b7dd74e23_shot_001_000,lpips,full,0.06529330
8,0.963082,17ef723a912e46713e84fc2b7dd74e23_shot_001_000,sharpness,mouth,14.1384
8,0.963082,17ef723a912e46713e84fc2b7dd74e23_shot_001_000,lmd,mouth,2.902241
8,0.963082,17ef723a912e46713e84fc2b7dd74e23_shot_001_000,sync_d,mouth,5.850442
8,0.963082,17ef723a912e46713e84fc2b7dd74e23_shot_001_000,sync_c,mouth,7.982921
9,0.957720,17ef723a912e46713e84fc2b7dd74e23_shot_001_000,pixel_mse,mouth,0.00162231
9,0.957720,17ef723a912e46713e84fc2b7dd74e23_shot_001_000,pixel_mse,upper_face,0.00010141
9,0.957720,17ef723a912e46713e84fc2b7dd74e23_shot_001_000,pixel_mse,full,0.00072041
9,0.957720,17ef723a912e46713e84fc2b7dd74e23_shot_001_000,ssim,mouth,0.90599155
9,0.957720,17ef723a912e46713e84fc2b7dd74e23_shot_001_000,ssim,upper_face,0.97236878
9,0.957720,17ef723a912e46713e84fc2b7dd74e23_shot_001_000,ssim,full,0.94535345
9,0.957720,17ef723a912e46713e84fc2b7dd74e23_shot_001_000,lpips,mouth,0.10410470
9,0.957720,17ef723a912e46713e84fc2b7dd74e23_shot_001_000,lpips,full,0.06466894
9,0.957720,17ef723a912e46713e84fc2b7dd74e23_shot_001_000,sharpness,mouth,14.2746
9,0.957720,17ef723a912e46713e84fc2b7dd74e23_shot_001_000,lmd,mouth,2.966015
9,0.957720,17ef723a912e46713e84fc2b7dd74e23_shot_001_000,sync_d,mouth,5.852226
9,0.957720,17ef723a912e46713e84fc2b7dd74e23_shot_001_000,sync_c,mouth,7.982542
10,0.952154,17ef723a912e46713e84fc2b7dd74e23_shot_001_000,pixel_mse,mouth,0.00167159
10,0.952154,17ef723a912e46713e84fc2b7dd74e23_shot_001_000,pixel_mse,upper_face,0.00010226
10,0.952154,17ef723a912e46713e84fc2b7dd74e23_shot_001_000,pixel_mse,full,0.00074097
10,0.952154,17ef723a912e46713e84fc2b7dd74e23_shot_001_000,ssim,mouth,0.90518302
10,0.952154,17ef723a912e46713e84fc2b7dd74e23_shot_001_000,ssim,upper_face,0.97241551
10,0.952154,17ef723a912e46713e84fc2b7dd74e23_shot_001_000,ssim,full,0.94505215
10,0.952154,17ef723a912e46713e84fc2b7dd74e23_shot_001_000,lpips,mouth,0.10392141
10,0.952154,17ef723a912e46713e84fc2b7dd74e23_shot_001_000,lpips,full,0.06444833
10,0.952154,17ef723a912e46713e84fc2b7dd74e23_shot_001_000,sharpness,mouth,14.2752
10,0.952154,17ef723a912e46713e84fc2b7dd74e23_shot_001_000,lmd,mouth,3.075434
10,0.952154,17ef723a912e46713e84fc2b7dd74e23_shot_001_000,sync_d,mouth,5.817054
10,0.952154,17ef723a912e46713e84fc2b7dd74e23_shot_001_000,sync_c,mouth,7.940012
11,0.946372,17ef723a912e46713e84fc2b7dd74e23_shot_001_000,pixel_mse,mouth,0.00169795
11,0.946372,17ef723a912e46713e84fc2b7dd74e23_shot_001_000,pixel_mse,upper_face,0.00009867
11,0.946372,17ef723a912e46713e84fc2b7dd74e23_shot_001_000,pixel_mse,full,0.00074957
11,0.946372,17ef723a912e46713e84fc2b7dd74e23_shot_001_000,ssim,mouth,0.90501034
11,0.946372,17ef723a912e46713e84fc2b7dd74e23_shot_001_000,ssim,upper_face,0.97276860
11,0.946372,17ef723a912e46713e84fc2b7dd74e23_shot_001_000,ssim,full,0.94519120
11,0.946372,17ef723a912e46713e84fc2b7dd74e23_shot_001_000,lpips,mouth,0.10338324
11,0.946372,17ef723a912e46713e84fc2b7dd74e23_shot_001_000,lpips,full,0.06396519
11,0.946372,17ef723a912e46713e84fc2b7dd74e23_shot_001_000,sharpness,mouth,14.4339
11,0.946372,17ef723a912e46713e84fc2b7dd74e23_shot_001_000,lmd,mouth,3.148624
11,0.946372,17ef723a912e46713e84fc2b7dd74e23_shot_001_000,sync_d,mouth,5.741491
11,0.946372,17ef723a912e46713e84fc2b7dd74e23_shot_001_000,sync_c,mouth,8.047817
12,0.940361,17ef723a912e46713e84fc2b7dd74e23_shot_001_000,pixel_mse,mouth,0.00173991
12,0.940361,17ef723a912e46713e84fc2b7dd74e23_shot_001_000,pixel_mse,upper_face,0.00009796
12,0.940361,17ef723a912e46713e84fc2b7dd74e23_shot_001_000,pixel_mse,full,0.00076623
12,0.940361,17ef723a912e46713e84fc2b7dd74e23_shot_001_000,ssim,mouth,0.90455639
12,0.940361,17ef723a912e46713e84fc2b7dd74e23_shot_001_000,ssim,upper_face,0.97301137
12,0.940361,17ef723a912e46713e84fc2b7dd74e23_shot_001_000,ssim,full,0.94515032
12,0.940361,17ef723a912e46713e84fc2b7dd74e23_shot_001_000,lpips,mouth,0.10254581
12,0.940361,17ef723a912e46713e84fc2b7dd74e23_shot_001_000,lpips,full,0.06359155
12,0.940361,17ef723a912e46713e84fc2b7dd74e23_shot_001_000,sharpness,mouth,14.5173
12,0.940361,17ef723a912e46713e84fc2b7dd74e23_shot_001_000,lmd,mouth,3.204138
12,0.940361,17ef723a912e46713e84fc2b7dd74e23_shot_001_000,sync_d,mouth,5.799080
12,0.940361,17ef723a912e46713e84fc2b7dd74e23_shot_001_000,sync_c,mouth,7.938771
13,0.934107,17ef723a912e46713e84fc2b7dd74e23_shot_001_000,pixel_mse,mouth,0.00177097
13,0.934107,17ef723a912e46713e84fc2b7dd74e23_shot_001_000,pixel_mse,upper_face,0.00009541
13,0.934107,17ef723a912e46713e84fc2b7dd74e23_shot_001_000,pixel_mse,full,0.00077736
13,0.934107,17ef723a912e46713e84fc2b7dd74e23_shot_001_000,ssim,mouth,0.90415138
13,0.934107,17ef723a912e46713e84fc2b7dd74e23_shot_001_000,ssim,upper_face,0.97305036
13,0.934107,17ef723a912e46713e84fc2b7dd74e23_shot_001_000,ssim,full,0.94500864
13,0.934107,17ef723a912e46713e84fc2b7dd74e23_shot_001_000,lpips,mouth,0.10173400
13,0.934107,17ef723a912e46713e84fc2b7dd74e23_shot_001_000,lpips,full,0.06301797
13,0.934107,17ef723a912e46713e84fc2b7dd74e23_shot_001_000,sharpness,mouth,14.5171
13,0.934107,17ef723a912e46713e84fc2b7dd74e23_shot_001_000,lmd,mouth,3.323471
13,0.934107,17ef723a912e46713e84fc2b7dd74e23_shot_001_000,sync_d,mouth,5.841115
13,0.934107,17ef723a912e46713e84fc2b7dd74e23_shot_001_000,sync_c,mouth,7.940848
14,0.927596,17ef723a912e46713e84fc2b7dd74e23_shot_001_000,pixel_mse,mouth,0.00181236
14,0.927596,17ef723a912e46713e84fc2b7dd74e23_shot_001_000,pixel_mse,upper_face,0.00009291
14,0.927596,17ef723a912e46713e84fc2b7dd74e23_shot_001_000,pixel_mse,full,0.00079272
14,0.927596,17ef723a912e46713e84fc2b7dd74e23_shot_001_000,ssim,mouth,0.90361089
14,0.927596,17ef723a912e46713e84fc2b7dd74e23_shot_001_000,ssim,upper_face,0.97316140
14,0.927596,17ef723a912e46713e84fc2b7dd74e23_shot_001_000,ssim,full,0.94485456
14,0.927596,17ef723a912e46713e84fc2b7dd74e23_shot_001_000,lpips,mouth,0.10084493
14,0.927596,17ef723a912e46713e84fc2b7dd74e23_shot_001_000,lpips,full,0.06242902
14,0.927596,17ef723a912e46713e84fc2b7dd74e23_shot_001_000,sharpness,mouth,14.5357
14,0.927596,17ef723a912e46713e84fc2b7dd74e23_shot_001_000,lmd,mouth,3.448438
14,0.927596,17ef723a912e46713e84fc2b7dd74e23_shot_001_000,sync_d,mouth,5.789813
14,0.927596,17ef723a912e46713e84fc2b7dd74e23_shot_001_000,sync_c,mouth,7.947489
15,0.920810,17ef723a912e46713e84fc2b7dd74e23_shot_001_000,pixel_mse,mouth,0.00185071
15,0.920810,17ef723a912e46713e84fc2b7dd74e23_shot_001_000,pixel_mse,upper_face,0.00009070
15,0.920810,17ef723a912e46713e84fc2b7dd74e23_shot_001_000,pixel_mse,full,0.00080702
15,0.920810,17ef723a912e46713e84fc2b7dd74e23_shot_001_000,ssim,mouth,0.90296048
15,0.920810,17ef723a912e46713e84fc2b7dd74e23_shot_001_000,ssim,upper_face,0.97327471
15,0.920810,17ef723a912e46713e84fc2b7dd74e23_shot_001_000,ssim,full,0.94465685
15,0.920810,17ef723a912e46713e84fc2b7dd74e23_shot_001_000,lpips,mouth,0.09995191
15,0.920810,17ef723a912e46713e84fc2b7dd74e23_shot_001_000,lpips,full,0.06196780
15,0.920810,17ef723a912e46713e84fc2b7dd74e23_shot_001_000,sharpness,mouth,14.6832
15,0.920810,17ef723a912e46713e84fc2b7dd74e23_shot_001_000,lmd,mouth,3.466986
15,0.920810,17ef723a912e46713e84fc2b7dd74e23_shot_001_000,sync_d,mouth,5.850556
15,0.920810,17ef723a912e46713e84fc2b7dd74e23_shot_001_000,sync_c,mouth,7.976174
16,0.913733,17ef723a912e46713e84fc2b7dd74e23_shot_001_000,pixel_mse,mouth,0.00188547
16,0.913733,17ef723a912e46713e84fc2b7dd74e23_shot_001_000,pixel_mse,upper_face,0.00008893
16,0.913733,17ef723a912e46713e84fc2b7dd74e23_shot_001_000,pixel_mse,full,0.00082012
16,0.913733,17ef723a912e46713e84fc2b7dd74e23_shot_001_000,ssim,mouth,0.90258461
16,0.913733,17ef723a912e46713e84fc2b7dd74e23_shot_001_000,ssim,upper_face,0.97362506
16,0.913733,17ef723a912e46713e84fc2b7dd74e23_shot_001_000,ssim,full,0.94471174
16,0.913733,17ef723a912e46713e84fc2b7dd74e23_shot_001_000,lpips,mouth,0.09986444
16,0.913733,17ef723a912e46713e84fc2b7dd74e23_shot_001_000,lpips,full,0.06189407
16,0.913733,17ef723a912e46713e84fc2b7dd74e23_shot_001_000,sharpness,mouth,14.7518
16,0.913733,17ef723a912e46713e84fc2b7dd74e23_shot_001_000,lmd,mouth,3.642974
16,0.913733,17ef723a912e46713e84fc2b7dd74e23_shot_001_000,sync_d,mouth,5.886815
16,0.913733,17ef723a912e46713e84fc2b7dd74e23_shot_001_000,sync_c,mouth,7.850591
17,0.906344,17ef723a912e46713e84fc2b7dd74e23_shot_001_000,pixel_mse,mouth,0.00191734
17,0.906344,17ef723a912e46713e84fc2b7dd74e23_shot_001_000,pixel_mse,upper_face,0.00008726
17,0.906344,17ef723a912e46713e84fc2b7dd74e23_shot_001_000,pixel_mse,full,0.00083210
17,0.906344,17ef723a912e46713e84fc2b7dd74e23_shot_001_000,ssim,mouth,0.90237361
17,0.906344,17ef723a912e46713e84fc2b7dd74e23_shot_001_000,ssim,upper_face,0.97361380
17,0.906344,17ef723a912e46713e84fc2b7dd74e23_shot_001_000,ssim,full,0.94461924
17,0.906344,17ef723a912e46713e84fc2b7dd74e23_shot_001_000,lpips,mouth,0.09889042
17,0.906344,17ef723a912e46713e84fc2b7dd74e23_shot_001_000,lpips,full,0.06132532
17,0.906344,17ef723a912e46713e84fc2b7dd74e23_shot_001_000,sharpness,mouth,14.7097
17,0.906344,17ef723a912e46713e84fc2b7dd74e23_shot_001_000,lmd,mouth,3.779239
17,0.906344,17ef723a912e46713e84fc2b7dd74e23_shot_001_000,sync_d,mouth,5.860382
17,0.906344,17ef723a912e46713e84fc2b7dd74e23_shot_001_000,sync_c,mouth,7.875004
18,0.898624,17ef723a912e46713e84fc2b7dd74e23_shot_001_000,pixel_mse,mouth,0.00193937
18,0.898624,17ef723a912e46713e84fc2b7dd74e23_shot_001_000,pixel_mse,upper_face,0.00008769
18,0.898624,17ef723a912e46713e84fc2b7dd74e23_shot_001_000,pixel_mse,full,0.00084132
18,0.898624,17ef723a912e46713e84fc2b7dd74e23_shot_001_000,ssim,mouth,0.90215087
18,0.898624,17ef723a912e46713e84fc2b7dd74e23_shot_001_000,ssim,upper_face,0.97382450
18,0.898624,17ef723a912e46713e84fc2b7dd74e23_shot_001_000,ssim,full,0.94465357
18,0.898624,17ef723a912e46713e84fc2b7dd74e23_shot_001_000,lpips,mouth,0.09821484
18,0.898624,17ef723a912e46713e84fc2b7dd74e23_shot_001_000,lpips,full,0.06109890
18,0.898624,17ef723a912e46713e84fc2b7dd74e23_shot_001_000,sharpness,mouth,14.8446
18,0.898624,17ef723a912e46713e84fc2b7dd74e23_shot_001_000,lmd,mouth,3.780877
18,0.898624,17ef723a912e46713e84fc2b7dd74e23_shot_001_000,sync_d,mouth,5.876383
18,0.898624,17ef723a912e46713e84fc2b7dd74e23_shot_001_000,sync_c,mouth,7.921666
19,0.890548,17ef723a912e46713e84fc2b7dd74e23_shot_001_000,pixel_mse,mouth,0.00198002
19,0.890548,17ef723a912e46713e84fc2b7dd74e23_shot_001_000,pixel_mse,upper_face,0.00008555
19,0.890548,17ef723a912e46713e84fc2b7dd74e23_shot_001_000,pixel_mse,full,0.00085660
19,0.890548,17ef723a912e46713e84fc2b7dd74e23_shot_001_000,ssim,mouth,0.90162706
19,0.890548,17ef723a912e46713e84fc2b7dd74e23_shot_001_000,ssim,upper_face,0.97398406
19,0.890548,17ef723a912e46713e84fc2b7dd74e23_shot_001_000,ssim,full,0.94453484
19,0.890548,17ef723a912e46713e84fc2b7dd74e23_shot_001_000,lpips,mouth,0.09765395
19,0.890548,17ef723a912e46713e84fc2b7dd74e23_shot_001_000,lpips,full,0.06071957
19,0.890548,17ef723a912e46713e84fc2b7dd74e23_shot_001_000,sharpness,mouth,14.8099
19,0.890548,17ef723a912e46713e84fc2b7dd74e23_shot_001_000,lmd,mouth,3.815686
19,0.890548,17ef723a912e46713e84fc2b7dd74e23_shot_001_000,sync_d,mouth,5.850968
19,0.890548,17ef723a912e46713e84fc2b7dd74e23_shot_001_000,sync_c,mouth,7.891205
20,0.882093,17ef723a912e46713e84fc2b7dd74e23_shot_001_000,pixel_mse,mouth,0.00200814
20,0.882093,17ef723a912e46713e84fc2b7dd74e23_shot_001_000,pixel_mse,upper_face,0.00008412
20,0.882093,17ef723a912e46713e84fc2b7dd74e23_shot_001_000,pixel_mse,full,0.00086719
20,0.882093,17ef723a912e46713e84fc2b7dd74e23_shot_001_000,ssim,mouth,0.90127271
20,0.882093,17ef723a912e46713e84fc2b7dd74e23_shot_001_000,ssim,upper_face,0.97399396
20,0.882093,17ef723a912e46713e84fc2b7dd74e23_shot_001_000,ssim,full,0.94439662
20,0.882093,17ef723a912e46713e84fc2b7dd74e23_shot_001_000,lpips,mouth,0.09683187
20,0.882093,17ef723a912e46713e84fc2b7dd74e23_shot_001_000,lpips,full,0.06012459
20,0.882093,17ef723a912e46713e84fc2b7dd74e23_shot_001_000,sharpness,mouth,14.9503
20,0.882093,17ef723a912e46713e84fc2b7dd74e23_shot_001_000,lmd,mouth,3.811532
20,0.882093,17ef723a912e46713e84fc2b7dd74e23_shot_001_000,sync_d,mouth,5.885343
20,0.882093,17ef723a912e46713e84fc2b7dd74e23_shot_001_000,sync_c,mouth,7.869966
21,0.873231,17ef723a912e46713e84fc2b7dd74e23_shot_001_000,pixel_mse,mouth,0.00204021
21,0.873231,17ef723a912e46713e84fc2b7dd74e23_shot_001_000,pixel_mse,upper_face,0.00008452
21,0.873231,17ef723a912e46713e84fc2b7dd74e23_shot_001_000,pixel_mse,full,0.00088048
21,0.873231,17ef723a912e46713e84fc2b7dd74e23_shot_001_000,ssim,mouth,0.90082437
21,0.873231,17ef723a912e46713e84fc2b7dd74e23_shot_001_000,ssim,upper_face,0.97404528
21,0.873231,17ef723a912e46713e84fc2b7dd74e23_shot_001_000,ssim,full,0.94424456
21,0.873231,17ef723a912e46713e84fc2b7dd74e23_shot_001_000,lpips,mouth,0.09625406
21,0.873231,17ef723a912e46713e84fc2b7dd74e23_shot_001_000,lpips,full,0.05980028
21,0.873231,17ef723a912e46713e84fc2b7dd74e23_shot_001_000,sharpness,mouth,14.8687
21,0.873231,17ef723a912e46713e84fc2b7dd74e23_shot_001_000,lmd,mouth,4.062914
21,0.873231,17ef723a912e46713e84fc2b7dd74e23_shot_001_000,sync_d,mouth,5.869733
21,0.873231,17ef723a912e46713e84fc2b7dd74e23_shot_001_000,sync_c,mouth,7.821565
22,0.863931,17ef723a912e46713e84fc2b7dd74e23_shot_001_000,pixel_mse,mouth,0.00207344
22,0.863931,17ef723a912e46713e84fc2b7dd74e23_shot_001_000,pixel_mse,upper_face,0.00008195
22,0.863931,17ef723a912e46713e84fc2b7dd74e23_shot_001_000,pixel_mse,full,0.00089249
22,0.863931,17ef723a912e46713e84fc2b7dd74e23_shot_001_000,ssim,mouth,0.90047175
22,0.863931,17ef723a912e46713e84fc2b7dd74e23_shot_001_000,ssim,upper_face,0.97428548
22,0.863931,17ef723a912e46713e84fc2b7dd74e23_shot_001_000,ssim,full,0.94424343
22,0.863931,17ef723a912e46713e84fc2b7dd74e23_shot_001_000,lpips,mouth,0.09569827
22,0.863931,17ef723a912e46713e84fc2b7dd74e23_shot_001_000,lpips,full,0.05973447
22,0.863931,17ef723a912e46713e84fc2b7dd74e23_shot_001_000,sharpness,mouth,14.9426
22,0.863931,17ef723a912e46713e84fc2b7dd74e23_shot_001_000,lmd,mouth,4.118309
22,0.863931,17ef723a912e46713e84fc2b7dd74e23_shot_001_000,sync_d,mouth,5.888241
22,0.863931,17ef723a912e46713e84fc2b7dd74e23_shot_001_000,sync_c,mouth,7.770144
23,0.854160,17ef723a912e46713e84fc2b7dd74e23_shot_001_000,pixel_mse,mouth,0.00210501
23,0.854160,17ef723a912e46713e84fc2b7dd74e23_shot_001_000,pixel_mse,upper_face,0.00008069
23,0.854160,17ef723a912e46713e84fc2b7dd74e23_shot_001_000,pixel_mse,full,0.00090458
23,0.854160,17ef723a912e46713e84fc2b7dd74e23_shot_001_000,ssim,mouth,0.90009987
23,0.854160,17ef723a912e46713e84fc2b7dd74e23_shot_001_000,ssim,upper_face,0.97446293
23,0.854160,17ef723a912e46713e84fc2b7dd74e23_shot_001_000,ssim,full,0.94419730
23,0.854160,17ef723a912e46713e84fc2b7dd74e23_shot_001_000,lpips,mouth,0.09519299
23,0.854160,17ef723a912e46713e84fc2b7dd74e23_shot_001_000,lpips,full,0.05936619
23,0.854160,17ef723a912e46713e84fc2b7dd74e23_shot_001_000,sharpness,mouth,14.9856
23,0.854160,17ef723a912e46713e84fc2b7dd74e23_shot_001_000,lmd,mouth,4.250279
23,0.854160,17ef723a912e46713e84fc2b7dd74e23_shot_001_000,sync_d,mouth,5.875841
23,0.854160,17ef723a912e46713e84fc2b7dd74e23_shot_001_000,sync_c,mouth,7.808317
24,0.843882,17ef723a912e46713e84fc2b7dd74e23_shot_001_000,pixel_mse,mouth,0.00214878
24,0.843882,17ef723a912e46713e84fc2b7dd74e23_shot_001_000,pixel_mse,upper_face,0.00008045
24,0.843882,17ef723a912e46713e84fc2b7dd74e23_shot_001_000,pixel_mse,full,0.00092226
24,0.843882,17ef723a912e46713e84fc2b7dd74e23_shot_001_000,ssim,mouth,0.89950460
24,0.843882,17ef723a912e46713e84fc2b7dd74e23_shot_001_000,ssim,upper_face,0.97452170
24,0.843882,17ef723a912e46713e84fc2b7dd74e23_shot_001_000,ssim,full,0.94398987
24,0.843882,17ef723a912e46713e84fc2b7dd74e23_shot_001_000,lpips,mouth,0.09491587
24,0.843882,17ef723a912e46713e84fc2b7dd74e23_shot_001_000,lpips,full,0.05927908
24,0.843882,17ef723a912e46713e84fc2b7dd74e23_shot_001_000,sharpness,mouth,15.0663
24,0.843882,17ef723a912e46713e84fc2b7dd74e23_shot_001_000,lmd,mouth,4.191413
24,0.843882,17ef723a912e46713e84fc2b7dd74e23_shot_001_000,sync_d,mouth,5.947639
24,0.843882,17ef723a912e46713e84fc2b7dd74e23_shot_001_000,sync_c,mouth,7.642819
25,0.833055,17ef723a912e46713e84fc2b7dd74e23_shot_001_000,pixel_mse,mouth,0.00335883
25,0.833055,17ef723a912e46713e84fc2b7dd74e23_shot_001_000,pixel_mse,upper_face,0.00009643
25,0.833055,17ef723a912e46713e84fc2b7dd74e23_shot_001_000,pixel_mse,full,0.00142422
25,0.833055,17ef723a912e46713e84fc2b7dd74e23_shot_001_000,ssim,mouth,0.88312030
25,0.833055,17ef723a912e46713e84fc2b7dd74e23_shot_001_000,ssim,upper_face,0.97187096
25,0.833055,17ef723a912e46713e84fc2b7dd74e23_shot_001_000,ssim,full,0.93574965
25,0.833055,17ef723a912e46713e84fc2b7dd74e23_shot_001_000,lpips,mouth,0.09492943
25,0.833055,17ef723a912e46713e84fc2b7dd74e23_shot_001_000,lpips,full,0.06037396
25,0.833055,17ef723a912e46713e84fc2b7dd74e23_shot_001_000,sharpness,mouth,14.0016
25,0.833055,17ef723a912e46713e84fc2b7dd74e23_shot_001_000,lmd,mouth,6.164016
25,0.833055,17ef723a912e46713e84fc2b7dd74e23_shot_001_000,sync_d,mouth,6.695093
25,0.833055,17ef723a912e46713e84fc2b7dd74e23_shot_001_000,sync_c,mouth,7.237991
26,0.821636,17ef723a912e46713e84fc2b7dd74e23_shot_001_000,pixel_mse,mouth,0.00322350
26,0.821636,17ef723a912e46713e84fc2b7dd74e23_shot_001_000,pixel_mse,upper_face,0.00009461
26,0.821636,17ef723a912e46713e84fc2b7dd74e23_shot_001_000,pixel_mse,full,0.00136806
26,0.821636,17ef723a912e46713e84fc2b7dd74e23_shot_001_000,ssim,mouth,0.88401371
26,0.821636,17ef723a912e46713e84fc2b7dd74e23_shot_001_000,ssim,upper_face,0.97205126
26,0.821636,17ef723a912e46713e84fc2b7dd74e23_shot_001_000,ssim,full,0.93622017
26,0.821636,17ef723a912e46713e84fc2b7dd74e23_shot_001_000,lpips,mouth,0.09384545
26,0.821636,17ef723a912e46713e84fc2b7dd74e23_shot_001_000,lpips,full,0.05975506
26,0.821636,17ef723a912e46713e84fc2b7dd74e23_shot_001_000,sharpness,mouth,13.9573
26,0.821636,17ef723a912e46713e84fc2b7dd74e23_shot_001_000,lmd,mouth,5.702678
26,0.821636,17ef723a912e46713e84fc2b7dd74e23_shot_001_000,sync_d,mouth,6.601934
26,0.821636,17ef723a912e46713e84fc2b7dd74e23_shot_001_000,sync_c,mouth,7.364163
27,0.809574,17ef723a912e46713e84fc2b7dd74e23_shot_001_000,pixel_mse,mouth,0.00314854
27,0.809574,17ef723a912e46713e84fc2b7dd74e23_shot_001_000,pixel_mse,upper_face,0.00009458
27,0.809574,17ef723a912e46713e84fc2b7dd74e23_shot_001_000,pixel_mse,full,0.00133753
27,0.809574,17ef723a912e46713e84fc2b7dd74e23_shot_001_000,ssim,mouth,0.88443542
27,0.809574,17ef723a912e46713e84fc2b7dd74e23_shot_001_000,ssim,upper_face,0.97207803
27,0.809574,17ef723a912e46713e84fc2b7dd74e23_shot_001_000,ssim,full,0.93640757
27,0.809574,17ef723a912e46713e84fc2b7dd74e23_shot_001_000,lpips,mouth,0.09332366
27,0.809574,17ef723a912e46713e84fc2b7dd74e23_shot_001_000,lpips,full,0.05927051
27,0.809574,17ef723a912e46713e84fc2b7dd74e23_shot_001_000,sharpness,mouth,13.8974
27,0.809574,17ef723a912e46713e84fc2b7dd74e23_shot_001_000,lmd,mouth,5.930005
27,0.809574,17ef723a912e46713e84fc2b7dd74e23_shot_001_000,sync_d,mouth,6.456098
27,0.809574,17ef723a912e46713e84fc2b7dd74e23_shot_001_000,sync_c,mouth,7.394120
28,0.796812,17ef723a912e46713e84fc2b7dd74e23_shot_001_000,pixel_mse,mouth,0.00312811
28,0.796812,17ef723a912e46713e84fc2b7dd74e23_shot_001_000,pixel_mse,upper_face,0.00009268
28,0.796812,17ef723a912e46713e84fc2b7dd74e23_shot_001_000,pixel_mse,full,0.00132809
28,0.796812,17ef723a912e46713e84fc2b7dd74e23_shot_001_000,ssim,mouth,0.88445151
28,0.796812,17ef723a912e46713e84fc2b7dd74e23_shot_001_000,ssim,upper_face,0.97231793
28,0.796812,17ef723a912e46713e84fc2b7dd74e23_shot_001_000,ssim,full,0.93655658
28,0.796812,17ef723a912e46713e84fc2b7dd74e23_shot_001_000,lpips,mouth,0.09330468
28,0.796812,17ef723a912e46713e84fc2b7dd74e23_shot_001_000,lpips,full,0.05926749
28,0.796812,17ef723a912e46713e84fc2b7dd74e23_shot_001_000,sharpness,mouth,14.1554
28,0.796812,17ef723a912e46713e84fc2b7dd74e23_shot_001_000,lmd,mouth,5.889647
28,0.796812,17ef723a912e46713e84fc2b7dd74e23_shot_001_000,sync_d,mouth,6.412366
28,0.796812,17ef723a912e46713e84fc2b7dd74e23_shot_001_000,sync_c,mouth,7.552855
29,0.783290,17ef723a912e46713e84fc2b7dd74e23_shot_001_000,pixel_mse,mouth,0.00306682
29,0.783290,17ef723a912e46713e84fc2b7dd74e23_shot_001_000,pixel_mse,upper_face,0.00009142
29,0.783290,17ef723a912e46713e84fc2b7dd74e23_shot_001_000,pixel_mse,full,0.00130240
29,0.783290,17ef723a912e46713e84fc2b7dd74e23_shot_001_000,ssim,mouth,0.88475722
29,0.783290,17ef723a912e46713e84fc2b7dd74e23_shot_001_000,ssim,upper_face,0.97244948
29,0.783290,17ef723a912e46713e84fc2b7dd74e23_shot_001_000,ssim,full,0.93675900
29,0.783290,17ef723a912e46713e84fc2b7dd74e23_shot_001_000,lpips,mouth,0.09267753
29,0.783290,17ef723a912e46713e84fc2b7dd74e23_shot_001_000,lpips,full,0.05884456
29,0.783290,17ef723a912e46713e84fc2b7dd74e23_shot_001_000,sharpness,mouth,14.3192
29,0.783290,17ef723a912e46713e84fc2b7dd74e23_shot_001_000,lmd,mouth,5.824198
29,0.783290,17ef723a912e46713e84fc2b7dd74e23_shot_001_000,sync_d,mouth,6.299814
29,0.783290,17ef723a912e46713e84fc2b7dd74e23_shot_001_000,sync_c,mouth,7.649640
30,0.768935,17ef723a912e46713e84fc2b7dd74e23_shot_001_000,pixel_mse,mouth,0.00305140
30,0.768935,17ef723a912e46713e84fc2b7dd74e23_shot_001_000,pixel_mse,upper_face,0.00009070
30,0.768935,17ef723a912e46713e84fc2b7dd74e23_shot_001_000,pixel_mse,full,0.00129570
30,0.768935,17ef723a912e46713e84fc2b7dd74e23_shot_001_000,ssim,mouth,0.88436252
30,0.768935,17ef723a912e46713e84fc2b7dd74e23_shot_001_000,ssim,upper_face,0.97260886
30,0.768935,17ef723a912e46713e84fc2b7dd74e23_shot_001_000,ssim,full,0.93669277
30,0.768935,17ef723a912e46713e84fc2b7dd74e23_shot_001_000,lpips,mouth,0.09298614
30,0.768935,17ef723a912e46713e84fc2b7dd74e23_shot_001_000,lpips,full,0.05888021
30,0.768935,17ef723a912e46713e84fc2b7dd74e23_shot_001_000,sharpness,mouth,14.1376
30,0.768935,17ef723a912e46713e84fc2b7dd74e23_shot_001_000,lmd,mouth,5.867118
30,0.768935,17ef723a912e46713e84fc2b7dd74e23_shot_001_000,sync_d,mouth,6.232285
30,0.768935,17ef723a912e46713e84fc2b7dd74e23_shot_001_000,sync_c,mouth,7.758394
31,0.753669,17ef723a912e46713e84fc2b7dd74e23_shot_001_000,pixel_mse,mouth,0.00303069
31,0.753669,17ef723a912e46713e84fc2b7dd74e23_shot_001_000,pixel_mse,upper_face,0.00009080
31,0.753669,17ef723a912e46713e84fc2b7dd74e23_shot_001_000,pixel_mse,full,0.00128733
31,0.753669,17ef723a912e46713e84fc2b7dd74e23_shot_001_000,ssim,mouth,0.88441581
31,0.753669,17ef723a912e46713e84fc2b7dd74e23_shot_001_000,ssim,upper_face,0.97263640
31,0.753669,17ef723a912e46713e84fc2b7dd74e23_shot_001_000,ssim,full,0.93673086
31,0.753669,17ef723a912e46713e84fc2b7dd74e23_shot_001_000,lpips,mouth,0.09298629
31,0.753669,17ef723a912e46713e84fc2b7dd74e23_shot_001_000,lpips,full,0.05890409
31,0.753669,17ef723a912e46713e84fc2b7dd74e23_shot_001_000,sharpness,mouth,14.0487
31,0.753669,17ef723a912e46713e84fc2b7dd74e23_shot_001_000,lmd,mouth,6.048512
31,0.753669,17ef723a912e46713e84fc2b7dd74e23_shot_001_000,sync_d,mouth,6.215660
31,0.753669,17ef723a912e46713e84fc2b7dd74e23_shot_001_000,sync_c,mouth,7.687738
32,0.737402,17ef723a912e46713e84fc2b7dd74e23_shot_001_000,pixel_mse,mouth,0.00298969
32,0.737402,17ef723a912e46713e84fc2b7dd74e23_shot_001_000,pixel_mse,upper_face,0.00008935
32,0.737402,17ef723a912e46713e84fc2b7dd74e23_shot_001_000,pixel_mse,full,0.00126978
32,0.737402,17ef723a912e46713e84fc2b7dd74e23_shot_001_000,ssim,mouth,0.88437247
32,0.737402,17ef723a912e46713e84fc2b7dd74e23_shot_001_000,ssim,upper_face,0.97277278
32,0.737402,17ef723a912e46713e84fc2b7dd74e23_shot_001_000,ssim,full,0.93679392
32,0.737402,17ef723a912e46713e84fc2b7dd74e23_shot_001_000,lpips,mouth,0.09252018
32,0.737402,17ef723a912e46713e84fc2b7dd74e23_shot_001_000,lpips,full,0.05849420
32,0.737402,17ef723a912e46713e84fc2b7dd74e23_shot_001_000,sharpness,mouth,14.1071
32,0.737402,17ef723a912e46713e84fc2b7dd74e23_shot_001_000,lmd,mouth,5.962080
32,0.737402,17ef723a912e46713e84fc2b7dd74e23_shot_001_000,sync_d,mouth,6.202058
32,0.737402,17ef723a912e46713e84fc2b7dd74e23_shot_001_000,sync_c,mouth,7.660079
33,0.720034,17ef723a912e46713e84fc2b7dd74e23_shot_001_000,pixel_mse,mouth,0.00296816
33,0.720034,17ef723a912e46713e84fc2b7dd74e23_shot_001_000,pixel_mse,upper_face,0.00008881
33,0.720034,17ef723a912e46713e84fc2b7dd74e23_shot_001_000,pixel_mse,full,0.00126070
33,0.720034,17ef723a912e46713e84fc2b7dd74e23_shot_001_000,ssim,mouth,0.88426143
33,0.720034,17ef723a912e46713e84fc2b7dd74e23_shot_001_000,ssim,upper_face,0.97281408
33,0.720034,17ef723a912e46713e84fc2b7dd74e23_shot_001_000,ssim,full,0.93677342
33,0.720034,17ef723a912e46713e84fc2b7dd74e23_shot_001_000,lpips,mouth,0.09254964
33,0.720034,17ef723a912e46713e84fc2b7dd74e23_shot_001_000,lpips,full,0.05857704
33,0.720034,17ef723a912e46713e84fc2b7dd74e23_shot_001_000,sharpness,mouth,14.1823
33,0.720034,17ef723a912e46713e84fc2b7dd74e23_shot_001_000,lmd,mouth,5.882299
33,0.720034,17ef723a912e46713e84fc2b7dd74e23_shot_001_000,sync_d,mouth,6.123876
33,0.720034,17ef723a912e46713e84fc2b7dd74e23_shot_001_000,sync_c,mouth,7.749653
34,0.701446,17ef723a912e46713e84fc2b7dd74e23_shot_001_000,pixel_mse,mouth,0.00294189
34,0.701446,17ef723a912e46713e84fc2b7dd74e23_shot_001_000,pixel_mse,upper_face,0.00008792
34,0.701446,17ef723a912e46713e84fc2b7dd74e23_shot_001_000,pixel_mse,full,0.00124948
34,0.701446,17ef723a912e46713e84fc2b7dd74e23_shot_001_000,ssim,mouth,0.88402051
34,0.701446,17ef723a912e46713e84fc2b7dd74e23_shot_001_000,ssim,upper_face,0.97296971
34,0.701446,17ef723a912e46713e84fc2b7dd74e23_shot_001_000,ssim,full,0.93676758
34,0.701446,17ef723a912e46713e84fc2b7dd74e23_shot_001_000,lpips,mouth,0.09233551
34,0.701446,17ef723a912e46713e84fc2b7dd74e23_shot_001_000,lpips,full,0.05831828
34,0.701446,17ef723a912e46713e84fc2b7dd74e23_shot_001_000,sharpness,mouth,14.3064
34,0.701446,17ef723a912e46713e84fc2b7dd74e23_shot_001_000,lmd,mouth,5.825123
34,0.701446,17ef723a912e46713e84fc2b7dd74e23_shot_001_000,sync_d,mouth,6.152983
34,0.701446,17ef723a912e46713e84fc2b7dd74e23_shot_001_000,sync_c,mouth,7.714421
35,0.681508,17ef723a912e46713e84fc2b7dd74e23_shot_001_000,pixel_mse,mouth,0.00294356
35,0.681508,17ef723a912e46713e84fc2b7dd74e23_shot_001_000,pixel_mse,upper_face,0.00008764
35,0.681508,17ef723a912e46713e84fc2b7dd74e23_shot_001_000,pixel_mse,full,0.00124999
35,0.681508,17ef723a912e46713e84fc2b7dd74e23_shot_001_000,ssim,mouth,0.88355255
35,0.681508,17ef723a912e46713e84fc2b7dd74e23_shot_001_000,ssim,upper_face,0.97305936
35,0.681508,17ef723a912e46713e84fc2b7dd74e23_shot_001_000,ssim,full,0.93663037
35,0.681508,17ef723a912e46713e84fc2b7dd74e23_shot_001_000,lpips,mouth,0.09254131
35,0.681508,17ef723a912e46713e84fc2b7dd74e23_shot_001_000,lpips,full,0.05856731
35,0.681508,17ef723a912e46713e84fc2b7dd74e23_shot_001_000,sharpness,mouth,14.4824
35,0.681508,17ef723a912e46713e84fc2b7dd74e23_shot_001_000,lmd,mouth,6.034638
35,0.681508,17ef723a912e46713e84fc2b7dd74e23_shot_001_000,sync_d,mouth,6.051625
35,0.681508,17ef723a912e46713e84fc2b7dd74e23_shot_001_000,sync_c,mouth,7.860423
36,0.660066,17ef723a912e46713e84fc2b7dd74e23_shot_001_000,pixel_mse,mouth,0.00294621
36,0.660066,17ef723a912e46713e84fc2b7dd74e23_shot_001_000,pixel_mse,upper_face,0.00008707
36,0.660066,17ef723a912e46713e84fc2b7dd74e23_shot_001_000,pixel_mse,full,0.00125073
36,0.660066,17ef723a912e46713e84fc2b7dd74e23_shot_001_000,ssim,mouth,0.88299835
36,0.660066,17ef723a912e46713e84fc2b7dd74e23_shot_001_000,ssim,upper_face,0.97315878
36,0.660066,17ef723a912e46713e84fc2b7dd74e23_shot_001_000,ssim,full,0.93646371
36,0.660066,17ef723a912e46713e84fc2b7dd74e23_shot_001_000,lpips,mouth,0.09351339
36,0.660066,17ef723a912e46713e84fc2b7dd74e23_shot_001_000,lpips,full,0.05913275
36,0.660066,17ef723a912e46713e84fc2b7dd74e23_shot_001_000,sharpness,mouth,14.5759
36,0.660066,17ef723a912e46713e84fc2b7dd74e23_shot_001_000,lmd,mouth,5.796409
36,0.660066,17ef723a912e46713e84fc2b7dd74e23_shot_001_000,sync_d,mouth,5.986639
36,0.660066,17ef723a912e46713e84fc2b7dd74e23_shot_001_000,sync_c,mouth,7.984821
37,0.636942,17ef723a912e46713e84fc2b7dd74e23_shot_001_000,pixel_mse,mouth,0.00295588
37,0.636942,17ef723a912e46713e84fc2b7dd74e23_shot_001_000,pixel_mse,upper_face,0.00008669
37,0.636942,17ef723a912e46713e84fc2b7dd74e23_shot_001_000,pixel_mse,full,0.00125445
37,0.636942,17ef723a912e46713e84fc2b7dd74e23_shot_001_000,ssim,mouth,0.88230282
37,0.636942,17ef723a912e46713e84fc2b7dd74e23_shot_001_000,ssim,upper_face,0.97319436
37,0.636942,17ef723a912e46713e84fc2b7dd74e23_shot_001_000,ssim,full,0.93620169
37,0.636942,17ef723a912e46713e84fc2b7dd74e23_shot_001_000,lpips,mouth,0.09407248
37,0.636942,17ef723a912e46713e84fc2b7dd74e23_shot_001_000,lpips,full,0.05950052
37,0.636942,17ef723a912e46713e84fc2b7dd74e23_shot_001_000,sharpness,mouth,14.6562
37,0.636942,17ef723a912e46713e84fc2b7dd74e23_shot_001_000,lmd,mouth,6.000239
37,0.636942,17ef723a912e46713e84fc2b7dd74e23_shot_001_000,sync_d,mouth,6.031439
37,0.636942,17ef723a912e46713e84fc2b7dd74e23_shot_001_000,sync_c,mouth,7.826335
38,0.611932,17ef723a912e46713e84fc2b7dd74e23_shot_001_000,pixel_mse,mouth,0.00296732
38,0.611932,17ef723a912e46713e84fc2b7dd74e23_shot_001_000,pixel_mse,upper_face,0.00008536
38,0.611932,17ef723a912e46713e84fc2b7dd74e23_shot_001_000,pixel_mse,full,0.00125831
38,0.611932,17ef723a912e46713e84fc2b7dd74e23_shot_001_000,ssim,mouth,0.88170171
38,0.611932,17ef723a912e46713e84fc2b7dd74e23_shot_001_000,ssim,upper_face,0.97337538
38,0.611932,17ef723a912e46713e84fc2b7dd74e23_shot_001_000,ssim,full,0.93606454
38,0.611932,17ef723a912e46713e84fc2b7dd74e23_shot_001_000,lpips,mouth,0.09454672
38,0.611932,17ef723a912e46713e84fc2b7dd74e23_shot_001_000,lpips,full,0.05964186
38,0.611932,17ef723a912e46713e84fc2b7dd74e23_shot_001_000,sharpness,mouth,14.7887
38,0.611932,17ef723a912e46713e84fc2b7dd74e23_shot_001_000,lmd,mouth,5.981699
38,0.611932,17ef723a912e46713e84fc2b7dd74e23_shot_001_000,sync_d,mouth,5.947762
38,0.611932,17ef723a912e46713e84fc2b7dd74e23_shot_001_000,sync_c,mouth,7.991647
39,0.584795,17ef723a912e46713e84fc2b7dd74e23_shot_001_000,pixel_mse,mouth,0.00298265
39,0.584795,17ef723a912e46713e84fc2b7dd74e23_shot_001_000,pixel_mse,upper_face,0.00008474
39,0.584795,17ef723a912e46713e84fc2b7dd74e23_shot_001_000,pixel_mse,full,0.00126419
39,0.584795,17ef723a912e46713e84fc2b7dd74e23_shot_001_000,ssim,mouth,0.88122457
39,0.584795,17ef723a912e46713e84fc2b7dd74e23_shot_001_000,ssim,upper_face,0.97343862
39,0.584795,17ef723a912e46713e84fc2b7dd74e23_shot_001_000,ssim,full,0.93590772
39,0.584795,17ef723a912e46713e84fc2b7dd74e23_shot_001_000,lpips,mouth,0.09507003
39,0.584795,17ef723a912e46713e84fc2b7dd74e23_shot_001_000,lpips,full,0.05991889
39,0.584795,17ef723a912e46713e84fc2b7dd74e23_shot_001_000,sharpness,mouth,14.8745
39,0.584795,17ef723a912e46713e84fc2b7dd74e23_shot_001_000,lmd,mouth,5.843855
39,0.584795,17ef723a912e46713e84fc2b7dd74e23_shot_001_000,sync_d,mouth,5.984795
39,0.584795,17ef723a912e46713e84fc2b7dd74e23_shot_001_000,sync_c,mouth,7.916257
40,0.555247,17ef723a912e46713e84fc2b7dd74e23_shot_001_000,pixel_mse,mouth,0.00301431
40,0.555247,17ef723a912e46713e84fc2b7dd74e23_shot_001_000,pixel_mse,upper_face,0.00008442
40,0.555247,17ef723a912e46713e84fc2b7dd74e23_shot_001_000,pixel_mse,full,0.00127688
40,0.555247,17ef723a912e46713e84fc2b7dd74e23_shot_001_000,ssim,mouth,0.88013941
40,0.555247,17ef723a912e46713e84fc2b7dd74e23_shot_001_000,ssim,upper_face,0.97342467
40,0.555247,17ef723a912e46713e84fc2b7dd74e23_shot_001_000,ssim,full,0.93545777
40,0.555247,17ef723a912e46713e84fc2b7dd74e23_shot_001_000,lpips,mouth,0.09590638
40,0.555247,17ef723a912e46713e84fc2b7dd74e23_shot_001_000,lpips,full,0.06050634
40,0.555247,17ef723a912e46713e84fc2b7dd74e23_shot_001_000,sharpness,mouth,14.9101
40,0.555247,17ef723a912e46713e84fc2b7dd74e23_shot_001_000,lmd,mouth,5.964996
40,0.555247,17ef723a912e46713e84fc2b7dd74e23_shot_001_000,sync_d,mouth,6.032243
40,0.555247,17ef723a912e46713e84fc2b7dd74e23_shot_001_000,sync_c,mouth,7.864255
41,0.522951,17ef723a912e46713e84fc2b7dd74e23_shot_001_000,pixel_mse,mouth,0.00303364
41,0.522951,17ef723a912e46713e84fc2b7dd74e23_shot_001_000,pixel_mse,upper_face,0.00008402
41,0.522951,17ef723a912e46713e84fc2b7dd74e23_shot_001_000,pixel_mse,full,0.00128451
41,0.522951,17ef723a912e46713e84fc2b7dd74e23_shot_001_000,ssim,mouth,0.87927347
41,0.522951,17ef723a912e46713e84fc2b7dd74e23_shot_001_000,ssim,upper_face,0.97350258
41,0.522951,17ef723a912e46713e84fc2b7dd74e23_shot_001_000,ssim,full,0.93515158
41,0.522951,17ef723a912e46713e84fc2b7dd74e23_shot_001_000,lpips,mouth,0.09645600
41,0.522951,17ef723a912e46713e84fc2b7dd74e23_shot_001_000,lpips,full,0.06070899
41,0.522951,17ef723a912e46713e84fc2b7dd74e23_shot_001_000,sharpness,mouth,14.7308
41,0.522951,17ef723a912e46713e84fc2b7dd74e23_shot_001_000,lmd,mouth,6.068488
41,0.522951,17ef723a912e46713e84fc2b7dd74e23_shot_001_000,sync_d,mouth,5.987870
41,0.522951,17ef723a912e46713e84fc2b7dd74e23_shot_001_000,sync_c,mouth,7.873211
42,0.487507,17ef723a912e46713e84fc2b7dd74e23_shot_001_000,pixel_mse,mouth,0.00305704
42,0.487507,17ef723a912e46713e84fc2b7dd74e23_shot_001_000,pixel_mse,upper_face,0.00008311
42,0.487507,17ef723a912e46713e84fc2b7dd74e23_shot_001_000,pixel_mse,full,0.00129349
42,0.487507,17ef723a912e46713e84fc2b7dd74e23_shot_001_000,ssim,mouth,0.87860775
42,0.487507,17ef723a912e46713e84fc2b7dd74e23_shot_001_000,ssim,upper_face,0.97364187
42,0.487507,17ef723a912e46713e84fc2b7dd74e23_shot_001_000,ssim,full,0.93496317
42,0.487507,17ef723a912e46713e84fc2b7dd74e23_shot_001_000,lpips,mouth,0.09650446
42,0.487507,17ef723a912e46713e84fc2b7dd74e23_shot_001_000,lpips,full,0.06078888
42,0.487507,17ef723a912e46713e84fc2b7dd74e23_shot_001_000,sharpness,mouth,14.8942
42,0.487507,17ef723a912e46713e84fc2b7dd74e23_shot_001_000,lmd,mouth,6.036533
42,0.487507,17ef723a912e46713e84fc2b7dd74e23_shot_001_000,sync_d,mouth,6.050841
42,0.487507,17ef723a912e46713e84fc2b7dd74e23_shot_001_000,sync_c,mouth,7.820732
43,0.448430,17ef723a912e46713e84fc2b7dd74e23_shot_001_000,pixel_mse,mouth,0.00307957
43,0.448430,17ef723a912e46713e84fc2b7dd74e23_shot_001_000,pixel_mse,upper_face,0.00008280
43,0.448430,17ef723a912e46713e84fc2b7dd74e23_shot_001_000,pixel_mse,full,0.00130248
43,0.448430,17ef723a912e46713e84fc2b7dd74e23_shot_001_000,ssim,mouth,0.87764126
43,0.448430,17ef723a912e46713e84fc2b7dd74e23_shot_001_000,ssim,upper_face,0.97372061
43,0.448430,17ef723a912e46713e84fc2b7dd74e23_shot_001_000,ssim,full,0.93461645
43,0.448430,17ef723a912e46713e84fc2b7dd74e23_shot_001_000,lpips,mouth,0.09680326
43,0.448430,17ef723a912e46713e84fc2b7dd74e23_shot_001_000,lpips,full,0.06083906
43,0.448430,17ef723a912e46713e84fc2b7dd74e23_shot_001_000,sharpness,mouth,14.8923
43,0.448430,17ef723a912e46713e84fc2b7dd74e23_shot_001_000,lmd,mouth,5.945466
43,0.448430,17ef723a912e46713e84fc2b7dd74e23_shot_001_000,sync_d,mouth,6.031304
43,0.448430,17ef723a912e46713e84fc2b7dd74e23_shot_001_000,sync_c,mouth,7.813204
44,0.405131,17ef723a912e46713e84fc2b7dd74e23_shot_001_000,pixel_mse,mouth,0.00310179
44,0.405131,17ef723a912e46713e84fc2b7dd74e23_shot_001_000,pixel_mse,upper_face,0.00008246
44,0.405131,17ef723a912e46713e84fc2b7dd74e23_shot_001_000,pixel_mse,full,0.00131132
44,0.405131,17ef723a912e46713e84fc2b7dd74e23_shot_001_000,ssim,mouth,0.87671155
44,0.405131,17ef723a912e46713e84fc2b7dd74e23_shot_001_000,ssim,upper_face,0.97374809
44,0.405131,17ef723a912e46713e84fc2b7dd74e23_shot_001_000,ssim,full,0.93425441
44,0.405131,17ef723a912e46713e84fc2b7dd74e23_shot_001_000,lpips,mouth,0.09763187
44,0.405131,17ef723a912e46713e84fc2b7dd74e23_shot_001_000,lpips,full,0.06125052
44,0.405131,17ef723a912e46713e84fc2b7dd74e23_shot_001_000,sharpness,mouth,14.8762
44,0.405131,17ef723a912e46713e84fc2b7dd74e23_shot_001_000,lmd,mouth,5.919159
44,0.405131,17ef723a912e46713e84fc2b7dd74e23_shot_001_000,sync_d,mouth,6.044926
44,0.405131,17ef723a912e46713e84fc2b7dd74e23_shot_001_000,sync_c,mouth,7.858897
45,0.356888,17ef723a912e46713e84fc2b7dd74e23_shot_001_000,pixel_mse,mouth,0.00312168
45,0.356888,17ef723a912e46713e84fc2b7dd74e23_shot_001_000,pixel_mse,upper_face,0.00008261
45,0.356888,17ef723a912e46713e84fc2b7dd74e23_shot_001_000,pixel_mse,full,0.00131950
45,0.356888,17ef723a912e46713e84fc2b7dd74e23_shot_001_000,ssim,mouth,0.87548912
45,0.356888,17ef723a912e46713e84fc2b7dd74e23_shot_001_000,ssim,upper_face,0.97369385
45,0.356888,17ef723a912e46713e84fc2b7dd74e23_shot_001_000,ssim,full,0.93372470
45,0.356888,17ef723a912e46713e84fc2b7dd74e23_shot_001_000,lpips,mouth,0.09798232
45,0.356888,17ef723a912e46713e84fc2b7dd74e23_shot_001_000,lpips,full,0.06149199
45,0.356888,17ef723a912e46713e84fc2b7dd74e23_shot_001_000,sharpness,mouth,14.9337
45,0.356888,17ef723a912e46713e84fc2b7dd74e23_shot_001_000,lmd,mouth,5.681554
45,0.356888,17ef723a912e46713e84fc2b7dd74e23_shot_001_000,sync_d,mouth,6.084341
45,0.356888,17ef723a912e46713e84fc2b7dd74e23_shot_001_000,sync_c,mouth,7.818195
46,0.302801,17ef723a912e46713e84fc2b7dd74e23_shot_001_000,pixel_mse,mouth,0.00314724
46,0.302801,17ef723a912e46713e84fc2b7dd74e23_shot_001_000,pixel_mse,upper_face,0.00008206
46,0.302801,17ef723a912e46713e84fc2b7dd74e23_shot_001_000,pixel_mse,full,0.00132958
46,0.302801,17ef723a912e46713e84fc2b7dd74e23_shot_001_000,ssim,mouth,0.87420917
46,0.302801,17ef723a912e46713e84fc2b7dd74e23_shot_001_000,ssim,upper_face,0.97378576
46,0.302801,17ef723a912e46713e84fc2b7dd74e23_shot_001_000,ssim,full,0.93325841
46,0.302801,17ef723a912e46713e84fc2b7dd74e23_shot_001_000,lpips,mouth,0.09785970
46,0.302801,17ef723a912e46713e84fc2b7dd74e23_shot_001_000,lpips,full,0.06135143
46,0.302801,17ef723a912e46713e84fc2b7dd74e23_shot_001_000,sharpness,mouth,14.8720
46,0.302801,17ef723a912e46713e84fc2b7dd74e23_shot_001_000,lmd,mouth,6.009293
46,0.302801,17ef723a912e46713e84fc2b7dd74e23_shot_001_000,sync_d,mouth,6.015462
46,0.302801,17ef723a912e46713e84fc2b7dd74e23_shot_001_000,sync_c,mouth,7.875209
47,0.241740,17ef723a912e46713e84fc2b7dd74e23_shot_001_000,pixel_mse,mouth,0.00317847
47,0.241740,17ef723a912e46713e84fc2b7dd74e23_shot_001_000,pixel_mse,upper_face,0.00008212
47,0.241740,17ef723a912e46713e84fc2b7dd74e23_shot_001_000,pixel_mse,full,0.00134233
47,0.241740,17ef723a912e46713e84fc2b7dd74e23_shot_001_000,ssim,mouth,0.87261802
47,0.241740,17ef723a912e46713e84fc2b7dd74e23_shot_001_000,ssim,upper_face,0.97372597
47,0.241740,17ef723a912e46713e84fc2b7dd74e23_shot_001_000,ssim,full,0.93257529
47,0.241740,17ef723a912e46713e84fc2b7dd74e23_shot_001_000,lpips,mouth,0.09837313
47,0.241740,17ef723a912e46713e84fc2b7dd74e23_shot_001_000,lpips,full,0.06170051
47,0.241740,17ef723a912e46713e84fc2b7dd74e23_shot_001_000,sharpness,mouth,14.9010
47,0.241740,17ef723a912e46713e84fc2b7dd74e23_shot_001_000,lmd,mouth,5.892465
47,0.241740,17ef723a912e46713e84fc2b7dd74e23_shot_001_000,sync_d,mouth,6.011699
47,0.241740,17ef723a912e46713e84fc2b7dd74e23_shot_001_000,sync_c,mouth,7.857417
48,0.172265,17ef723a912e46713e84fc2b7dd74e23_shot_001_000,pixel_mse,mouth,0.00321061
48,0.172265,17ef723a912e46713e84fc2b7dd74e23_shot_001_000,pixel_mse,upper_face,0.00008268
48,0.172265,17ef723a912e46713e84fc2b7dd74e23_shot_001_000,pixel_mse,full,0.00135574
48,0.172265,17ef723a912e46713e84fc2b7dd74e23_shot_001_000,ssim,mouth,0.87092984
48,0.172265,17ef723a912e46713e84fc2b7dd74e23_shot_001_000,ssim,upper_face,0.97365946
48,0.172265,17ef723a912e46713e84fc2b7dd74e23_shot_001_000,ssim,full,0.93184870
48,0.172265,17ef723a912e46713e84fc2b7dd74e23_shot_001_000,lpips,mouth,0.09860258
48,0.172265,17ef723a912e46713e84fc2b7dd74e23_shot_001_000,lpips,full,0.06190576
48,0.172265,17ef723a912e46713e84fc2b7dd74e23_shot_001_000,sharpness,mouth,14.8150
48,0.172265,17ef723a912e46713e84fc2b7dd74e23_shot_001_000,lmd,mouth,5.708629
48,0.172265,17ef723a912e46713e84fc2b7dd74e23_shot_001_000,sync_d,mouth,6.009182
48,0.172265,17ef723a912e46713e84fc2b7dd74e23_shot_001_000,sync_c,mouth,7.855246
49,0.092507,17ef723a912e46713e84fc2b7dd74e23_shot_001_000,pixel_mse,mouth,0.00323782
49,0.092507,17ef723a912e46713e84fc2b7dd74e23_shot_001_000,pixel_mse,upper_face,0.00008519
49,0.092507,17ef723a912e46713e84fc2b7dd74e23_shot_001_000,pixel_mse,full,0.00136830
49,0.092507,17ef723a912e46713e84fc2b7dd74e23_shot_001_000,ssim,mouth,0.86897135
49,0.092507,17ef723a912e46713e84fc2b7dd74e23_shot_001_000,ssim,upper_face,0.97336012
49,0.092507,17ef723a912e46713e84fc2b7dd74e23_shot_001_000,ssim,full,0.93087423
49,0.092507,17ef723a912e46713e84fc2b7dd74e23_shot_001_000,lpips,mouth,0.09872059
49,0.092507,17ef723a912e46713e84fc2b7dd74e23_shot_001_000,lpips,full,0.06201184
49,0.092507,17ef723a912e46713e84fc2b7dd74e23_shot_001_000,sharpness,mouth,14.8180
49,0.092507,17ef723a912e46713e84fc2b7dd74e23_shot_001_000,lmd,mouth,5.902493
49,0.092507,17ef723a912e46713e84fc2b7dd74e23_shot_001_000,sync_d,mouth,6.021488
49,0.092507,17ef723a912e46713e84fc2b7dd74e23_shot_001_000,sync_c,mouth,7.824805
-1,gt,1ec7a45d803ab472e7fe5c6625667289_shot_001_000,sharpness,mouth,9.4989
-1,gt,1ec7a45d803ab472e7fe5c6625667289_shot_001_000,sync_d,mouth,8.576579
-1,gt,1ec7a45d803ab472e7fe5c6625667289_shot_001_000,sync_c,mouth,4.507704
0,0.999000,1ec7a45d803ab472e7fe5c6625667289_shot_001_000,pixel_mse,mouth,0.00181875
0,0.999000,1ec7a45d803ab472e7fe5c6625667289_shot_001_000,pixel_mse,upper_face,0.00012505
0,0.999000,1ec7a45d803ab472e7fe5c6625667289_shot_001_000,pixel_mse,full,0.00081438
0,0.999000,1ec7a45d803ab472e7fe5c6625667289_shot_001_000,ssim,mouth,0.87775308
0,0.999000,1ec7a45d803ab472e7fe5c6625667289_shot_001_000,ssim,upper_face,0.96445858
0,0.999000,1ec7a45d803ab472e7fe5c6625667289_shot_001_000,ssim,full,0.92916965
0,0.999000,1ec7a45d803ab472e7fe5c6625667289_shot_001_000,lpips,mouth,0.12086964
0,0.999000,1ec7a45d803ab472e7fe5c6625667289_shot_001_000,lpips,full,0.07899709
0,0.999000,1ec7a45d803ab472e7fe5c6625667289_shot_001_000,sharpness,mouth,9.5337
0,0.999000,1ec7a45d803ab472e7fe5c6625667289_shot_001_000,lmd,mouth,4.438023
0,0.999000,1ec7a45d803ab472e7fe5c6625667289_shot_001_000,sync_d,mouth,9.373028
0,0.999000,1ec7a45d803ab472e7fe5c6625667289_shot_001_000,sync_c,mouth,3.883617
1,0.995732,1ec7a45d803ab472e7fe5c6625667289_shot_001_000,pixel_mse,mouth,0.00178435
1,0.995732,1ec7a45d803ab472e7fe5c6625667289_shot_001_000,pixel_mse,upper_face,0.00012111
1,0.995732,1ec7a45d803ab472e7fe5c6625667289_shot_001_000,pixel_mse,full,0.00079804
1,0.995732,1ec7a45d803ab472e7fe5c6625667289_shot_001_000,ssim,mouth,0.87882221
1,0.995732,1ec7a45d803ab472e7fe5c6625667289_shot_001_000,ssim,upper_face,0.96477216
1,0.995732,1ec7a45d803ab472e7fe5c6625667289_shot_001_000,ssim,full,0.92979074
1,0.995732,1ec7a45d803ab472e7fe5c6625667289_shot_001_000,lpips,mouth,0.11969808
1,0.995732,1ec7a45d803ab472e7fe5c6625667289_shot_001_000,lpips,full,0.07813971
1,0.995732,1ec7a45d803ab472e7fe5c6625667289_shot_001_000,sharpness,mouth,9.5212
1,0.995732,1ec7a45d803ab472e7fe5c6625667289_shot_001_000,lmd,mouth,4.455156
1,0.995732,1ec7a45d803ab472e7fe5c6625667289_shot_001_000,sync_d,mouth,9.490514
1,0.995732,1ec7a45d803ab472e7fe5c6625667289_shot_001_000,sync_c,mouth,3.875141
2,0.991530,1ec7a45d803ab472e7fe5c6625667289_shot_001_000,pixel_mse,mouth,0.00177195
2,0.991530,1ec7a45d803ab472e7fe5c6625667289_shot_001_000,pixel_mse,upper_face,0.00011657
2,0.991530,1ec7a45d803ab472e7fe5c6625667289_shot_001_000,pixel_mse,full,0.00079030
2,0.991530,1ec7a45d803ab472e7fe5c6625667289_shot_001_000,ssim,mouth,0.87982178
2,0.991530,1ec7a45d803ab472e7fe5c6625667289_shot_001_000,ssim,upper_face,0.96582925
2,0.991530,1ec7a45d803ab472e7fe5c6625667289_shot_001_000,ssim,full,0.93082428
2,0.991530,1ec7a45d803ab472e7fe5c6625667289_shot_001_000,lpips,mouth,0.11724580
2,0.991530,1ec7a45d803ab472e7fe5c6625667289_shot_001_000,lpips,full,0.07648158
2,0.991530,1ec7a45d803ab472e7fe5c6625667289_shot_001_000,sharpness,mouth,9.4564
2,0.991530,1ec7a45d803ab472e7fe5c6625667289_shot_001_000,lmd,mouth,4.440468
2,0.991530,1ec7a45d803ab472e7fe5c6625667289_shot_001_000,sync_d,mouth,9.449499
2,0.991530,1ec7a45d803ab472e7fe5c6625667289_shot_001_000,sync_c,mouth,3.950345
3,0.987187,1ec7a45d803ab472e7fe5c6625667289_shot_001_000,pixel_mse,mouth,0.00172942
3,0.987187,1ec7a45d803ab472e7fe5c6625667289_shot_001_000,pixel_mse,upper_face,0.00011025
3,0.987187,1ec7a45d803ab472e7fe5c6625667289_shot_001_000,pixel_mse,full,0.00076925
3,0.987187,1ec7a45d803ab472e7fe5c6625667289_shot_001_000,ssim,mouth,0.88135493
3,0.987187,1ec7a45d803ab472e7fe5c6625667289_shot_001_000,ssim,upper_face,0.96680593
3,0.987187,1ec7a45d803ab472e7fe5c6625667289_shot_001_000,ssim,full,0.93202746
3,0.987187,1ec7a45d803ab472e7fe5c6625667289_shot_001_000,lpips,mouth,0.11482498
3,0.987187,1ec7a45d803ab472e7fe5c6625667289_shot_001_000,lpips,full,0.07478246
3,0.987187,1ec7a45d803ab472e7fe5c6625667289_shot_001_000,sharpness,mouth,9.3978
3,0.987187,1ec7a45d803ab472e7fe5c6625667289_shot_001_000,lmd,mouth,4.488230
3,0.987187,1ec7a45d803ab472e7fe5c6625667289_shot_001_000,sync_d,mouth,9.619993
3,0.987187,1ec7a45d803ab472e7fe5c6625667289_shot_001_000,sync_c,mouth,3.928988
4,0.982696,1ec7a45d803ab472e7fe5c6625667289_shot_001_000,pixel_mse,mouth,0.00170234
4,0.982696,1ec7a45d803ab472e7fe5c6625667289_shot_001_000,pixel_mse,upper_face,0.00010472
4,0.982696,1ec7a45d803ab472e7fe5c6625667289_shot_001_000,pixel_mse,full,0.00075494
4,0.982696,1ec7a45d803ab472e7fe5c6625667289_shot_001_000,ssim,mouth,0.88277602
4,0.982696,1ec7a45d803ab472e7fe5c6625667289_shot_001_000,ssim,upper_face,0.96716440
4,0.982696,1ec7a45d803ab472e7fe5c6625667289_shot_001_000,ssim,full,0.93281859
4,0.982696,1ec7a45d803ab472e7fe5c6625667289_shot_001_000,lpips,mouth,0.11229651
4,0.982696,1ec7a45d803ab472e7fe5c6625667289_shot_001_000,lpips,full,0.07307304
4,0.982696,1ec7a45d803ab472e7fe5c6625667289_shot_001_000,sharpness,mouth,9.4639
4,0.982696,1ec7a45d803ab472e7fe5c6625667289_shot_001_000,lmd,mouth,4.401175
4,0.982696,1ec7a45d803ab472e7fe5c6625667289_shot_001_000,sync_d,mouth,9.732350
4,0.982696,1ec7a45d803ab472e7fe5c6625667289_shot_001_000,sync_c,mouth,3.881139
5,0.978048,1ec7a45d803ab472e7fe5c6625667289_shot_001_000,pixel_mse,mouth,0.00168924
5,0.978048,1ec7a45d803ab472e7fe5c6625667289_shot_001_000,pixel_mse,upper_face,0.00010090
5,0.978048,1ec7a45d803ab472e7fe5c6625667289_shot_001_000,pixel_mse,full,0.00074735
5,0.978048,1ec7a45d803ab472e7fe5c6625667289_shot_001_000,ssim,mouth,0.88364965
5,0.978048,1ec7a45d803ab472e7fe5c6625667289_shot_001_000,ssim,upper_face,0.96779519
5,0.978048,1ec7a45d803ab472e7fe5c6625667289_shot_001_000,ssim,full,0.93354815
5,0.978048,1ec7a45d803ab472e7fe5c6625667289_shot_001_000,lpips,mouth,0.11035451
5,0.978048,1ec7a45d803ab472e7fe5c6625667289_shot_001_000,lpips,full,0.07192933
5,0.978048,1ec7a45d803ab472e7fe5c6625667289_shot_001_000,sharpness,mouth,9.4573
5,0.978048,1ec7a45d803ab472e7fe5c6625667289_shot_001_000,lmd,mouth,4.272763
5,0.978048,1ec7a45d803ab472e7fe5c6625667289_shot_001_000,sync_d,mouth,9.552934
5,0.978048,1ec7a45d803ab472e7fe5c6625667289_shot_001_000,sync_c,mouth,3.989939
6,0.973236,1ec7a45d803ab472e7fe5c6625667289_shot_001_000,pixel_mse,mouth,0.00169163
6,0.973236,1ec7a45d803ab472e7fe5c6625667289_shot_001_000,pixel_mse,upper_face,0.00009693
6,0.973236,1ec7a45d803ab472e7fe5c6625667289_shot_001_000,pixel_mse,full,0.00074597
6,0.973236,1ec7a45d803ab472e7fe5c6625667289_shot_001_000,ssim,mouth,0.88433546
6,0.973236,1ec7a45d803ab472e7fe5c6625667289_shot_001_000,ssim,upper_face,0.96826303
6,0.973236,1ec7a45d803ab472e7fe5c6625667289_shot_001_000,ssim,full,0.93410462
6,0.973236,1ec7a45d803ab472e7fe5c6625667289_shot_001_000,lpips,mouth,0.10803816
6,0.973236,1ec7a45d803ab472e7fe5c6625667289_shot_001_000,lpips,full,0.07046553
6,0.973236,1ec7a45d803ab472e7fe5c6625667289_shot_001_000,sharpness,mouth,9.4819
6,0.973236,1ec7a45d803ab472e7fe5c6625667289_shot_001_000,lmd,mouth,4.358530
6,0.973236,1ec7a45d803ab472e7fe5c6625667289_shot_001_000,sync_d,mouth,9.293126
6,0.973236,1ec7a45d803ab472e7fe5c6625667289_shot_001_000,sync_c,mouth,4.249101
7,0.968250,1ec7a45d803ab472e7fe5c6625667289_shot_001_000,pixel_mse,mouth,0.00171491
7,0.968250,1ec7a45d803ab472e7fe5c6625667289_shot_001_000,pixel_mse,upper_face,0.00009402
7,0.968250,1ec7a45d803ab472e7fe5c6625667289_shot_001_000,pixel_mse,full,0.00075372
7,0.968250,1ec7a45d803ab472e7fe5c6625667289_shot_001_000,ssim,mouth,0.88445562
7,0.968250,1ec7a45d803ab472e7fe5c6625667289_shot_001_000,ssim,upper_face,0.96855581
7,0.968250,1ec7a45d803ab472e7fe5c6625667289_shot_001_000,ssim,full,0.93432719
7,0.968250,1ec7a45d803ab472e7fe5c6625667289_shot_001_000,lpips,mouth,0.10660793
7,0.968250,1ec7a45d803ab472e7fe5c6625667289_shot_001_000,lpips,full,0.06948669
7,0.968250,1ec7a45d803ab472e7fe5c6625667289_shot_001_000,sharpness,mouth,9.5611
7,0.968250,1ec7a45d803ab472e7fe5c6625667289_shot_001_000,lmd,mouth,4.289909
7,0.968250,1ec7a45d803ab472e7fe5c6625667289_shot_001_000,sync_d,mouth,9.564036
7,0.968250,1ec7a45d803ab472e7fe5c6625667289_shot_001_000,sync_c,mouth,4.174881
8,0.963082,1ec7a45d803ab472e7fe5c6625667289_shot_001_000,pixel_mse,mouth,0.00173063
8,0.963082,1ec7a45d803ab472e7fe5c6625667289_shot_001_000,pixel_mse,upper_face,0.00009258
8,0.963082,1ec7a45d803ab472e7fe5c6625667289_shot_001_000,pixel_mse,full,0.00075927
8,0.963082,1ec7a45d803ab472e7fe5c6625667289_shot_001_000,ssim,mouth,0.88436699
8,0.963082,1ec7a45d803ab472e7fe5c6625667289_shot_001_000,ssim,upper_face,0.96879464
8,0.963082,1ec7a45d803ab472e7fe5c6625667289_shot_001_000,ssim,full,0.93443280
8,0.963082,1ec7a45d803ab472e7fe5c6625667289_shot_001_000,lpips,mouth,0.10550854
8,0.963082,1ec7a45d803ab472e7fe5c6625667289_shot_001_000,lpips,full,0.06889806
8,0.963082,1ec7a45d803ab472e7fe5c6625667289_shot_001_000,sharpness,mouth,9.5679
8,0.963082,1ec7a45d803ab472e7fe5c6625667289_shot_001_000,lmd,mouth,4.344071
8,0.963082,1ec7a45d803ab472e7fe5c6625667289_shot_001_000,sync_d,mouth,9.551170
8,0.963082,1ec7a45d803ab472e7fe5c6625667289_shot_001_000,sync_c,mouth,4.186698
9,0.957720,1ec7a45d803ab472e7fe5c6625667289_shot_001_000,pixel_mse,mouth,0.00172893
9,0.957720,1ec7a45d803ab472e7fe5c6625667289_shot_001_000,pixel_mse,upper_face,0.00008944
9,0.957720,1ec7a45d803ab472e7fe5c6625667289_shot_001_000,pixel_mse,full,0.00075671
9,0.957720,1ec7a45d803ab472e7fe5c6625667289_shot_001_000,ssim,mouth,0.88458091
9,0.957720,1ec7a45d803ab472e7fe5c6625667289_shot_001_000,ssim,upper_face,0.96913064
9,0.957720,1ec7a45d803ab472e7fe5c6625667289_shot_001_000,ssim,full,0.93471903
9,0.957720,1ec7a45d803ab472e7fe5c6625667289_shot_001_000,lpips,mouth,0.10411341
9,0.957720,1ec7a45d803ab472e7fe5c6625667289_shot_001_000,lpips,full,0.06791700
9,0.957720,1ec7a45d803ab472e7fe5c6625667289_shot_001_000,sharpness,mouth,9.6154
9,0.957720,1ec7a45d803ab472e7fe5c6625667289_shot_001_000,lmd,mouth,4.303433
9,0.957720,1ec7a45d803ab472e7fe5c6625667289_shot_001_000,sync_d,mouth,9.557653
9,0.957720,1ec7a45d803ab472e7fe5c6625667289_shot_001_000,sync_c,mouth,4.150882
10,0.952154,1ec7a45d803ab472e7fe5c6625667289_shot_001_000,pixel_mse,mouth,0.00175513
10,0.952154,1ec7a45d803ab472e7fe5c6625667289_shot_001_000,pixel_mse,upper_face,0.00008945
10,0.952154,1ec7a45d803ab472e7fe5c6625667289_shot_001_000,pixel_mse,full,0.00076738
10,0.952154,1ec7a45d803ab472e7fe5c6625667289_shot_001_000,ssim,mouth,0.88441402
10,0.952154,1ec7a45d803ab472e7fe5c6625667289_shot_001_000,ssim,upper_face,0.96927452
10,0.952154,1ec7a45d803ab472e7fe5c6625667289_shot_001_000,ssim,full,0.93473649
10,0.952154,1ec7a45d803ab472e7fe5c6625667289_shot_001_000,lpips,mouth,0.10336339
10,0.952154,1ec7a45d803ab472e7fe5c6625667289_shot_001_000,lpips,full,0.06746352
10,0.952154,1ec7a45d803ab472e7fe5c6625667289_shot_001_000,sharpness,mouth,9.6197
10,0.952154,1ec7a45d803ab472e7fe5c6625667289_shot_001_000,lmd,mouth,4.334365
10,0.952154,1ec7a45d803ab472e7fe5c6625667289_shot_001_000,sync_d,mouth,9.493806
10,0.952154,1ec7a45d803ab472e7fe5c6625667289_shot_001_000,sync_c,mouth,4.170305
11,0.946372,1ec7a45d803ab472e7fe5c6625667289_shot_001_000,pixel_mse,mouth,0.00175412
11,0.946372,1ec7a45d803ab472e7fe5c6625667289_shot_001_000,pixel_mse,upper_face,0.00008738
11,0.946372,1ec7a45d803ab472e7fe5c6625667289_shot_001_000,pixel_mse,full,0.00076574
11,0.946372,1ec7a45d803ab472e7fe5c6625667289_shot_001_000,ssim,mouth,0.88446760
11,0.946372,1ec7a45d803ab472e7fe5c6625667289_shot_001_000,ssim,upper_face,0.96958876
11,0.946372,1ec7a45d803ab472e7fe5c6625667289_shot_001_000,ssim,full,0.93494463
11,0.946372,1ec7a45d803ab472e7fe5c6625667289_shot_001_000,lpips,mouth,0.10249608
11,0.946372,1ec7a45d803ab472e7fe5c6625667289_shot_001_000,lpips,full,0.06686933
11,0.946372,1ec7a45d803ab472e7fe5c6625667289_shot_001_000,sharpness,mouth,9.6439
11,0.946372,1ec7a45d803ab472e7fe5c6625667289_shot_001_000,lmd,mouth,4.357869
11,0.946372,1ec7a45d803ab472e7fe5c6625667289_shot_001_000,sync_d,mouth,9.348070
11,0.946372,1ec7a45d803ab472e7fe5c6625667289_shot_001_000,sync_c,mouth,4.392655
12,0.940361,1ec7a45d803ab472e7fe5c6625667289_shot_001_000,pixel_mse,mouth,0.00175962
12,0.940361,1ec7a45d803ab472e7fe5c6625667289_shot_001_000,pixel_mse,upper_face,0.00008676
12,0.940361,1ec7a45d803ab472e7fe5c6625667289_shot_001_000,pixel_mse,full,0.00076761
12,0.940361,1ec7a45d803ab472e7fe5c6625667289_shot_001_000,ssim,mouth,0.88425636
12,0.940361,1ec7a45d803ab472e7fe5c6625667289_shot_001_000,ssim,upper_face,0.96975821
12,0.940361,1ec7a45d803ab472e7fe5c6625667289_shot_001_000,ssim,full,0.93495911
12,0.940361,1ec7a45d803ab472e7fe5c6625667289_shot_001_000,lpips,mouth,0.10160022
12,0.940361,1ec7a45d803ab472e7fe5c6625667289_shot_001_000,lpips,full,0.06639063
12,0.940361,1ec7a45d803ab472e7fe5c6625667289_shot_001_000,sharpness,mouth,9.6427
12,0.940361,1ec7a45d803ab472e7fe5c6625667289_shot_001_000,lmd,mouth,4.388251
12,0.940361,1ec7a45d803ab472e7fe5c6625667289_shot_001_000,sync_d,mouth,9.542578
12,0.940361,1ec7a45d803ab472e7fe5c6625667289_shot_001_000,sync_c,mouth,4.229250
13,0.934107,1ec7a45d803ab472e7fe5c6625667289_shot_001_000,pixel_mse,mouth,0.00177957
13,0.934107,1ec7a45d803ab472e7fe5c6625667289_shot_001_000,pixel_mse,upper_face,0.00008527
13,0.934107,1ec7a45d803ab472e7fe5c6625667289_shot_001_000,pixel_mse,full,0.00077484
13,0.934107,1ec7a45d803ab472e7fe5c6625667289_shot_001_000,ssim,mouth,0.88390785
13,0.934107,1ec7a45d803ab472e7fe5c6625667289_shot_001_000,ssim,upper_face,0.96987623
13,0.934107,1ec7a45d803ab472e7fe5c6625667289_shot_001_000,ssim,full,0.93488717
13,0.934107,1ec7a45d803ab472e7fe5c6625667289_shot_001_000,lpips,mouth,0.10054570
13,0.934107,1ec7a45d803ab472e7fe5c6625667289_shot_001_000,lpips,full,0.06571238
13,0.934107,1ec7a45d803ab472e7fe5c6625667289_shot_001_000,sharpness,mouth,9.6352
13,0.934107,1ec7a45d803ab472e7fe5c6625667289_shot_001_000,lmd,mouth,4.441424
13,0.934107,1ec7a45d803ab472e7fe5c6625667289_shot_001_000,sync_d,mouth,9.527920
13,0.934107,1ec7a45d803ab472e7fe5c6625667289_shot_001_000,sync_c,mouth,4.198118
14,0.927596,1ec7a45d803ab472e7fe5c6625667289_shot_001_000,pixel_mse,mouth,0.00180734
14,0.927596,1ec7a45d803ab472e7fe5c6625667289_shot_001_000,pixel_mse,upper_face,0.00008332
14,0.927596,1ec7a45d803ab472e7fe5c6625667289_shot_001_000,pixel_mse,full,0.00078499
14,0.927596,1ec7a45d803ab472e7fe5c6625667289_shot_001_000,ssim,mouth,0.88326859
14,0.927596,1ec7a45d803ab472e7fe5c6625667289_shot_001_000,ssim,upper_face,0.96988368
14,0.927596,1ec7a45d803ab472e7fe5c6625667289_shot_001_000,ssim,full,0.93463153
14,0.927596,1ec7a45d803ab472e7fe5c6625667289_shot_001_000,lpips,mouth,0.09967524
14,0.927596,1ec7a45d803ab472e7fe5c6625667289_shot_001_000,lpips,full,0.06527852
14,0.927596,1ec7a45d803ab472e7fe5c6625667289_shot_001_000,sharpness,mouth,9.6338
14,0.927596,1ec7a45d803ab472e7fe5c6625667289_shot_001_000,lmd,mouth,4.465302
14,0.927596,1ec7a45d803ab472e7fe5c6625667289_shot_001_000,sync_d,mouth,9.520452
14,0.927596,1ec7a45d803ab472e7fe5c6625667289_shot_001_000,sync_c,mouth,4.222955
15,0.920810,1ec7a45d803ab472e7fe5c6625667289_shot_001_000,pixel_mse,mouth,0.00182917
15,0.920810,1ec7a45d803ab472e7fe5c6625667289_shot_001_000,pixel_mse,upper_face,0.00008221
15,0.920810,1ec7a45d803ab472e7fe5c6625667289_shot_001_000,pixel_mse,full,0.00079322
15,0.920810,1ec7a45d803ab472e7fe5c6625667289_shot_001_000,ssim,mouth,0.88275409
15,0.920810,1ec7a45d803ab472e7fe5c6625667289_shot_001_000,ssim,upper_face,0.97002620
15,0.920810,1ec7a45d803ab472e7fe5c6625667289_shot_001_000,ssim,full,0.93450671
15,0.920810,1ec7a45d803ab472e7fe5c6625667289_shot_001_000,lpips,mouth,0.09911112
15,0.920810,1ec7a45d803ab472e7fe5c6625667289_shot_001_000,lpips,full,0.06480489
15,0.920810,1ec7a45d803ab472e7fe5c6625667289_shot_001_000,sharpness,mouth,9.6675
15,0.920810,1ec7a45d803ab472e7fe5c6625667289_shot_001_000,lmd,mouth,4.436073
15,0.920810,1ec7a45d803ab472e7fe5c6625667289_shot_001_000,sync_d,mouth,9.611469
15,0.920810,1ec7a45d803ab472e7fe5c6625667289_shot_001_000,sync_c,mouth,4.060593
16,0.913733,1ec7a45d803ab472e7fe5c6625667289_shot_001_000,pixel_mse,mouth,0.00183550
16,0.913733,1ec7a45d803ab472e7fe5c6625667289_shot_001_000,pixel_mse,upper_face,0.00008051
16,0.913733,1ec7a45d803ab472e7fe5c6625667289_shot_001_000,pixel_mse,full,0.00079479
16,0.913733,1ec7a45d803ab472e7fe5c6625667289_shot_001_000,ssim,mouth,0.88246548
16,0.913733,1ec7a45d803ab472e7fe5c6625667289_shot_001_000,ssim,upper_face,0.97025508
16,0.913733,1ec7a45d803ab472e7fe5c6625667289_shot_001_000,ssim,full,0.93452489
16,0.913733,1ec7a45d803ab472e7fe5c6625667289_shot_001_000,lpips,mouth,0.09917631
16,0.913733,1ec7a45d803ab472e7fe5c6625667289_shot_001_000,lpips,full,0.06475930
16,0.913733,1ec7a45d803ab472e7fe5c6625667289_shot_001_000,sharpness,mouth,9.6669
16,0.913733,1ec7a45d803ab472e7fe5c6625667289_shot_001_000,lmd,mouth,4.519090
16,0.913733,1ec7a45d803ab472e7fe5c6625667289_shot_001_000,sync_d,mouth,9.614586
16,0.913733,1ec7a45d803ab472e7fe5c6625667289_shot_001_000,sync_c,mouth,4.019976
17,0.906344,1ec7a45d803ab472e7fe5c6625667289_shot_001_000,pixel_mse,mouth,0.00186696
17,0.906344,1ec7a45d803ab472e7fe5c6625667289_shot_001_000,pixel_mse,upper_face,0.00007987
17,0.906344,1ec7a45d803ab472e7fe5c6625667289_shot_001_000,pixel_mse,full,0.00080721
17,0.906344,1ec7a45d803ab472e7fe5c6625667289_shot_001_000,ssim,mouth,0.88184536
17,0.906344,1ec7a45d803ab472e7fe5c6625667289_shot_001_000,ssim,upper_face,0.97029191
17,0.906344,1ec7a45d803ab472e7fe5c6625667289_shot_001_000,ssim,full,0.93429434
17,0.906344,1ec7a45d803ab472e7fe5c6625667289_shot_001_000,lpips,mouth,0.09832818
17,0.906344,1ec7a45d803ab472e7fe5c6625667289_shot_001_000,lpips,full,0.06439746
17,0.906344,1ec7a45d803ab472e7fe5c6625667289_shot_001_000,sharpness,mouth,9.6422
17,0.906344,1ec7a45d803ab472e7fe5c6625667289_shot_001_000,lmd,mouth,4.523219
17,0.906344,1ec7a45d803ab472e7fe5c6625667289_shot_001_000,sync_d,mouth,9.872544
17,0.906344,1ec7a45d803ab472e7fe5c6625667289_shot_001_000,sync_c,mouth,3.972223
18,0.898624,1ec7a45d803ab472e7fe5c6625667289_shot_001_000,pixel_mse,mouth,0.00187970
18,0.898624,1ec7a45d803ab472e7fe5c6625667289_shot_001_000,pixel_mse,upper_face,0.00007963
18,0.898624,1ec7a45d803ab472e7fe5c6625667289_shot_001_000,pixel_mse,full,0.00081225
18,0.898624,1ec7a45d803ab472e7fe5c6625667289_shot_001_000,ssim,mouth,0.88152260
18,0.898624,1ec7a45d803ab472e7fe5c6625667289_shot_001_000,ssim,upper_face,0.97046512
18,0.898624,1ec7a45d803ab472e7fe5c6625667289_shot_001_000,ssim,full,0.93426561
18,0.898624,1ec7a45d803ab472e7fe5c6625667289_shot_001_000,lpips,mouth,0.09795693
18,0.898624,1ec7a45d803ab472e7fe5c6625667289_shot_001_000,lpips,full,0.06403947
18,0.898624,1ec7a45d803ab472e7fe5c6625667289_shot_001_000,sharpness,mouth,9.6675
18,0.898624,1ec7a45d803ab472e7fe5c6625667289_shot_001_000,lmd,mouth,4.494353
18,0.898624,1ec7a45d803ab472e7fe5c6625667289_shot_001_000,sync_d,mouth,9.779651
18,0.898624,1ec7a45d803ab472e7fe5c6625667289_shot_001_000,sync_c,mouth,4.017558
19,0.890548,1ec7a45d803ab472e7fe5c6625667289_shot_001_000,pixel_mse,mouth,0.00191012
19,0.890548,1ec7a45d803ab472e7fe5c6625667289_shot_001_000,pixel_mse,upper_face,0.00007852
19,0.890548,1ec7a45d803ab472e7fe5c6625667289_shot_001_000,pixel_mse,full,0.00082397
19,0.890548,1ec7a45d803ab472e7fe5c6625667289_shot_001_000,ssim,mouth,0.88084185
19,0.890548,1ec7a45d803ab472e7fe5c6625667289_shot_001_000,ssim,upper_face,0.97056723
19,0.890548,1ec7a45d803ab472e7fe5c6625667289_shot_001_000,ssim,full,0.93404913
19,0.890548,1ec7a45d803ab472e7fe5c6625667289_shot_001_000,lpips,mouth,0.09722446
19,0.890548,1ec7a45d803ab472e7fe5c6625667289_shot_001_000,lpips,full,0.06362903
19,0.890548,1ec7a45d803ab472e7fe5c6625667289_shot_001_000,sharpness,mouth,9.6380
19,0.890548,1ec7a45d803ab472e7fe5c6625667289_shot_001_000,lmd,mouth,4.555679
19,0.890548,1ec7a45d803ab472e7fe5c6625667289_shot_001_000,sync_d,mouth,9.753692
19,0.890548,1ec7a45d803ab472e7fe5c6625667289_shot_001_000,sync_c,mouth,3.931250
20,0.882093,1ec7a45d803ab472e7fe5c6625667289_shot_001_000,pixel_mse,mouth,0.00193746
20,0.882093,1ec7a45d803ab472e7fe5c6625667289_shot_001_000,pixel_mse,upper_face,0.00007765
20,0.882093,1ec7a45d803ab472e7fe5c6625667289_shot_001_000,pixel_mse,full,0.00083459
20,0.882093,1ec7a45d803ab472e7fe5c6625667289_shot_001_000,ssim,mouth,0.88007629
20,0.882093,1ec7a45d803ab472e7fe5c6625667289_shot_001_000,ssim,upper_face,0.97058821
20,0.882093,1ec7a45d803ab472e7fe5c6625667289_shot_001_000,ssim,full,0.93375009
20,0.882093,1ec7a45d803ab472e7fe5c6625667289_shot_001_000,lpips,mouth,0.09656169
20,0.882093,1ec7a45d803ab472e7fe5c6625667289_shot_001_000,lpips,full,0.06324629
20,0.882093,1ec7a45d803ab472e7fe5c6625667289_shot_001_000,sharpness,mouth,9.6261
20,0.882093,1ec7a45d803ab472e7fe5c6625667289_shot_001_000,lmd,mouth,4.561508
20,0.882093,1ec7a45d803ab472e7fe5c6625667289_shot_001_000,sync_d,mouth,9.845179
20,0.882093,1ec7a45d803ab472e7fe5c6625667289_shot_001_000,sync_c,mouth,4.012595
21,0.873231,1ec7a45d803ab472e7fe5c6625667289_shot_001_000,pixel_mse,mouth,0.00196706
21,0.873231,1ec7a45d803ab472e7fe5c6625667289_shot_001_000,pixel_mse,upper_face,0.00007712
21,0.873231,1ec7a45d803ab472e7fe5c6625667289_shot_001_000,pixel_mse,full,0.00084632
21,0.873231,1ec7a45d803ab472e7fe5c6625667289_shot_001_000,ssim,mouth,0.87934178
21,0.873231,1ec7a45d803ab472e7fe5c6625667289_shot_001_000,ssim,upper_face,0.97071934
21,0.873231,1ec7a45d803ab472e7fe5c6625667289_shot_001_000,ssim,full,0.93352884
21,0.873231,1ec7a45d803ab472e7fe5c6625667289_shot_001_000,lpips,mouth,0.09613221
21,0.873231,1ec7a45d803ab472e7fe5c6625667289_shot_001_000,lpips,full,0.06297927
21,0.873231,1ec7a45d803ab472e7fe5c6625667289_shot_001_000,sharpness,mouth,9.6081
21,0.873231,1ec7a45d803ab472e7fe5c6625667289_shot_001_000,lmd,mouth,4.609933
21,0.873231,1ec7a45d803ab472e7fe5c6625667289_shot_001_000,sync_d,mouth,9.975569
21,0.873231,1ec7a45d803ab472e7fe5c6625667289_shot_001_000,sync_c,mouth,3.828057
22,0.863931,1ec7a45d803ab472e7fe5c6625667289_shot_001_000,pixel_mse,mouth,0.00198969
22,0.863931,1ec7a45d803ab472e7fe5c6625667289_shot_001_000,pixel_mse,upper_face,0.00007581
22,0.863931,1ec7a45d803ab472e7fe5c6625667289_shot_001_000,pixel_mse,full,0.00085475
22,0.863931,1ec7a45d803ab472e7fe5c6625667289_shot_001_000,ssim,mouth,0.87855709
22,0.863931,1ec7a45d803ab472e7fe5c6625667289_shot_001_000,ssim,upper_face,0.97083884
22,0.863931,1ec7a45d803ab472e7fe5c6625667289_shot_001_000,ssim,full,0.93328047
22,0.863931,1ec7a45d803ab472e7fe5c6625667289_shot_001_000,lpips,mouth,0.09575156
22,0.863931,1ec7a45d803ab472e7fe5c6625667289_shot_001_000,lpips,full,0.06264337
22,0.863931,1ec7a45d803ab472e7fe5c6625667289_shot_001_000,sharpness,mouth,9.6483
22,0.863931,1ec7a45d803ab472e7fe5c6625667289_shot_001_000,lmd,mouth,4.608583
22,0.863931,1ec7a45d803ab472e7fe5c6625667289_shot_001_000,sync_d,mouth,10.040817
22,0.863931,1ec7a45d803ab472e7fe5c6625667289_shot_001_000,sync_c,mouth,3.756578
23,0.854160,1ec7a45d803ab472e7fe5c6625667289_shot_001_000,pixel_mse,mouth,0.00200857
23,0.854160,1ec7a45d803ab472e7fe5c6625667289_shot_001_000,pixel_mse,upper_face,0.00007499
23,0.854160,1ec7a45d803ab472e7fe5c6625667289_shot_001_000,pixel_mse,full,0.00086195
23,0.854160,1ec7a45d803ab472e7fe5c6625667289_shot_001_000,ssim,mouth,0.87798214
23,0.854160,1ec7a45d803ab472e7fe5c6625667289_shot_001_000,ssim,upper_face,0.97094512
23,0.854160,1ec7a45d803ab472e7fe5c6625667289_shot_001_000,ssim,full,0.93310934
23,0.854160,1ec7a45d803ab472e7fe5c6625667289_shot_001_000,lpips,mouth,0.09554702
23,0.854160,1ec7a45d803ab472e7fe5c6625667289_shot_001_000,lpips,full,0.06251935
23,0.854160,1ec7a45d803ab472e7fe5c6625667289_shot_001_000,sharpness,mouth,9.5932
23,0.854160,1ec7a45d803ab472e7fe5c6625667289_shot_001_000,lmd,mouth,4.659211
23,0.854160,1ec7a45d803ab472e7fe5c6625667289_shot_001_000,sync_d,mouth,10.003245
23,0.854160,1ec7a45d803ab472e7fe5c6625667289_shot_001_000,sync_c,mouth,3.891931
24,0.843882,1ec7a45d803ab472e7fe5c6625667289_shot_001_000,pixel_mse,mouth,0.00204398
24,0.843882,1ec7a45d803ab472e7fe5c6625667289_shot_001_000,pixel_mse,upper_face,0.00007462
24,0.843882,1ec7a45d803ab472e7fe5c6625667289_shot_001_000,pixel_mse,full,0.00087614
24,0.843882,1ec7a45d803ab472e7fe5c6625667289_shot_001_000,ssim,mouth,0.87701917
24,0.843882,1ec7a45d803ab472e7fe5c6625667289_shot_001_000,ssim,upper_face,0.97106028
24,0.843882,1ec7a45d803ab472e7fe5c6625667289_shot_001_000,ssim,full,0.93278569
24,0.843882,1ec7a45d803ab472e7fe5c6625667289_shot_001_000,lpips,mouth,0.09524541
24,0.843882,1ec7a45d803ab472e7fe5c6625667289_shot_001_000,lpips,full,0.06223569
24,0.843882,1ec7a45d803ab472e7fe5c6625667289_shot_001_000,sharpness,mouth,9.6111
24,0.843882,1ec7a45d803ab472e7fe5c6625667289_shot_001_000,lmd,mouth,4.616078
24,0.843882,1ec7a45d803ab472e7fe5c6625667289_shot_001_000,sync_d,mouth,10.021179
24,0.843882,1ec7a45d803ab472e7fe5c6625667289_shot_001_000,sync_c,mouth,3.807216
25,0.833055,1ec7a45d803ab472e7fe5c6625667289_shot_001_000,pixel_mse,mouth,0.00247009
25,0.833055,1ec7a45d803ab472e7fe5c6625667289_shot_001_000,pixel_mse,upper_face,0.00008522
25,0.833055,1ec7a45d803ab472e7fe5c6625667289_shot_001_000,pixel_mse,full,0.00105586
25,0.833055,1ec7a45d803ab472e7fe5c6625667289_shot_001_000,ssim,mouth,0.86433136
25,0.833055,1ec7a45d803ab472e7fe5c6625667289_shot_001_000,ssim,upper_face,0.96873719
25,0.833055,1ec7a45d803ab472e7fe5c6625667289_shot_001_000,ssim,full,0.92624426
25,0.833055,1ec7a45d803ab472e7fe5c6625667289_shot_001_000,lpips,mouth,0.09552808
25,0.833055,1ec7a45d803ab472e7fe5c6625667289_shot_001_000,lpips,full,0.06294078
25,0.833055,1ec7a45d803ab472e7fe5c6625667289_shot_001_000,sharpness,mouth,9.4783
25,0.833055,1ec7a45d803ab472e7fe5c6625667289_shot_001_000,lmd,mouth,4.696441
25,0.833055,1ec7a45d803ab472e7fe5c6625667289_shot_001_000,sync_d,mouth,9.047868
25,0.833055,1ec7a45d803ab472e7fe5c6625667289_shot_001_000,sync_c,mouth,4.609750
26,0.821636,1ec7a45d803ab472e7fe5c6625667289_shot_001_000,pixel_mse,mouth,0.00250524
26,0.821636,1ec7a45d803ab472e7fe5c6625667289_shot_001_000,pixel_mse,upper_face,0.00008505
26,0.821636,1ec7a45d803ab472e7fe5c6625667289_shot_001_000,pixel_mse,full,0.00107006
26,0.821636,1ec7a45d803ab472e7fe5c6625667289_shot_001_000,ssim,mouth,0.86312544
26,0.821636,1ec7a45d803ab472e7fe5c6625667289_shot_001_000,ssim,upper_face,0.96882284
26,0.821636,1ec7a45d803ab472e7fe5c6625667289_shot_001_000,ssim,full,0.92580426
26,0.821636,1ec7a45d803ab472e7fe5c6625667289_shot_001_000,lpips,mouth,0.09594164
26,0.821636,1ec7a45d803ab472e7fe5c6625667289_shot_001_000,lpips,full,0.06304113
26,0.821636,1ec7a45d803ab472e7fe5c6625667289_shot_001_000,sharpness,mouth,9.5511
26,0.821636,1ec7a45d803ab472e7fe5c6625667289_shot_001_000,lmd,mouth,4.683915
26,0.821636,1ec7a45d803ab472e7fe5c6625667289_shot_001_000,sync_d,mouth,8.902228
26,0.821636,1ec7a45d803ab472e7fe5c6625667289_shot_001_000,sync_c,mouth,4.764430
27,0.809574,1ec7a45d803ab472e7fe5c6625667289_shot_001_000,pixel_mse,mouth,0.00247401
27,0.809574,1ec7a45d803ab472e7fe5c6625667289_shot_001_000,pixel_mse,upper_face,0.00008521
27,0.809574,1ec7a45d803ab472e7fe5c6625667289_shot_001_000,pixel_mse,full,0.00105744
27,0.809574,1ec7a45d803ab472e7fe5c6625667289_shot_001_000,ssim,mouth,0.86315751
27,0.809574,1ec7a45d803ab472e7fe5c6625667289_shot_001_000,ssim,upper_face,0.96880615
27,0.809574,1ec7a45d803ab472e7fe5c6625667289_shot_001_000,ssim,full,0.92580736
27,0.809574,1ec7a45d803ab472e7fe5c6625667289_shot_001_000,lpips,mouth,0.09554768
27,0.809574,1ec7a45d803ab472e7fe5c6625667289_shot_001_000,lpips,full,0.06288960
27,0.809574,1ec7a45d803ab472e7fe5c6625667289_shot_001_000,sharpness,mouth,9.5032
27,0.809574,1ec7a45d803ab472e7fe5c6625667289_shot_001_000,lmd,mouth,4.692294
27,0.809574,1ec7a45d803ab472e7fe5c6625667289_shot_001_000,sync_d,mouth,8.920331
27,0.809574,1ec7a45d803ab472e7fe5c6625667289_shot_001_000,sync_c,mouth,4.830436
28,0.796812,1ec7a45d803ab472e7fe5c6625667289_shot_001_000,pixel_mse,mouth,0.00245088
28,0.796812,1ec7a45d803ab472e7fe5c6625667289_shot_001_000,pixel_mse,upper_face,0.00008459
28,0.796812,1ec7a45d803ab472e7fe5c6625667289_shot_001_000,pixel_mse,full,0.00104767
28,0.796812,1ec7a45d803ab472e7fe5c6625667289_shot_001_000,ssim,mouth,0.86367339
28,0.796812,1ec7a45d803ab472e7fe5c6625667289_shot_001_000,ssim,upper_face,0.96886027
28,0.796812,1ec7a45d803ab472e7fe5c6625667289_shot_001_000,ssim,full,0.92604941
28,0.796812,1ec7a45d803ab472e7fe5c6625667289_shot_001_000,lpips,mouth,0.09509093
28,0.796812,1ec7a45d803ab472e7fe5c6625667289_shot_001_000,lpips,full,0.06263959
28,0.796812,1ec7a45d803ab472e7fe5c6625667289_shot_001_000,sharpness,mouth,9.5569
28,0.796812,1ec7a45d803ab472e7fe5c6625667289_shot_001_000,lmd,mouth,4.750502
28,0.796812,1ec7a45d803ab472e7fe5c6625667289_shot_001_000,sync_d,mouth,8.983906
28,0.796812,1ec7a45d803ab472e7fe5c6625667289_shot_001_000,sync_c,mouth,4.766684
29,0.783290,1ec7a45d803ab472e7fe5c6625667289_shot_001_000,pixel_mse,mouth,0.00244277
29,0.783290,1ec7a45d803ab472e7fe5c6625667289_shot_001_000,pixel_mse,upper_face,0.00008329
29,0.783290,1ec7a45d803ab472e7fe5c6625667289_shot_001_000,pixel_mse,full,0.00104360
29,0.783290,1ec7a45d803ab472e7fe5c6625667289_shot_001_000,ssim,mouth,0.86344957
29,0.783290,1ec7a45d803ab472e7fe5c6625667289_shot_001_000,ssim,upper_face,0.96911103
29,0.783290,1ec7a45d803ab472e7fe5c6625667289_shot_001_000,ssim,full,0.92610717
29,0.783290,1ec7a45d803ab472e7fe5c6625667289_shot_001_000,lpips,mouth,0.09473044
29,0.783290,1ec7a45d803ab472e7fe5c6625667289_shot_001_000,lpips,full,0.06235049
29,0.783290,1ec7a45d803ab472e7fe5c6625667289_shot_001_000,sharpness,mouth,9.5386
29,0.783290,1ec7a45d803ab472e7fe5c6625667289_shot_001_000,lmd,mouth,4.750478
29,0.783290,1ec7a45d803ab472e7fe5c6625667289_shot_001_000,sync_d,mouth,9.202927
29,0.783290,1ec7a45d803ab472e7fe5c6625667289_shot_001_000,sync_c,mouth,4.601181
30,0.768935,1ec7a45d803ab472e7fe5c6625667289_shot_001_000,pixel_mse,mouth,0.00245031
30,0.768935,1ec7a45d803ab472e7fe5c6625667289_shot_001_000,pixel_mse,upper_face,0.00008311
30,0.768935,1ec7a45d803ab472e7fe5c6625667289_shot_001_000,pixel_mse,full,0.00104655
30,0.768935,1ec7a45d803ab472e7fe5c6625667289_shot_001_000,ssim,mouth,0.86338335
30,0.768935,1ec7a45d803ab472e7fe5c6625667289_shot_001_000,ssim,upper_face,0.96917903
30,0.768935,1ec7a45d803ab472e7fe5c6625667289_shot_001_000,ssim,full,0.92612040
30,0.768935,1ec7a45d803ab472e7fe5c6625667289_shot_001_000,lpips,mouth,0.09501246
30,0.768935,1ec7a45d803ab472e7fe5c6625667289_shot_001_000,lpips,full,0.06259841
30,0.768935,1ec7a45d803ab472e7fe5c6625667289_shot_001_000,sharpness,mouth,9.5641
30,0.768935,1ec7a45d803ab472e7fe5c6625667289_shot_001_000,lmd,mouth,4.753057
30,0.768935,1ec7a45d803ab472e7fe5c6625667289_shot_001_000,sync_d,mouth,9.279227
30,0.768935,1ec7a45d803ab472e7fe5c6625667289_shot_001_000,sync_c,mouth,4.417161
31,0.753669,1ec7a45d803ab472e7fe5c6625667289_shot_001_000,pixel_mse,mouth,0.00243076
31,0.753669,1ec7a45d803ab472e7fe5c6625667289_shot_001_000,pixel_mse,upper_face,0.00008266
31,0.753669,1ec7a45d803ab472e7fe5c6625667289_shot_001_000,pixel_mse,full,0.00103833
31,0.753669,1ec7a45d803ab472e7fe5c6625667289_shot_001_000,ssim,mouth,0.86366630
31,0.753669,1ec7a45d803ab472e7fe5c6625667289_shot_001_000,ssim,upper_face,0.96925157
31,0.753669,1ec7a45d803ab472e7fe5c6625667289_shot_001_000,ssim,full,0.92627865
31,0.753669,1ec7a45d803ab472e7fe5c6625667289_shot_001_000,lpips,mouth,0.09441088
31,0.753669,1ec7a45d803ab472e7fe5c6625667289_shot_001_000,lpips,full,0.06221117
31,0.753669,1ec7a45d803ab472e7fe5c6625667289_shot_001_000,sharpness,mouth,9.5491
31,0.753669,1ec7a45d803ab472e7fe5c6625667289_shot_001_000,lmd,mouth,4.799036
31,0.753669,1ec7a45d803ab472e7fe5c6625667289_shot_001_000,sync_d,mouth,9.372108
31,0.753669,1ec7a45d803ab472e7fe5c6625667289_shot_001_000,sync_c,mouth,4.467611
32,0.737402,1ec7a45d803ab472e7fe5c6625667289_shot_001_000,pixel_mse,mouth,0.00245099
32,0.737402,1ec7a45d803ab472e7fe5c6625667289_shot_001_000,pixel_mse,upper_face,0.00008163
32,0.737402,1ec7a45d803ab472e7fe5c6625667289_shot_001_000,pixel_mse,full,0.00104595
32,0.737402,1ec7a45d803ab472e7fe5c6625667289_shot_001_000,ssim,mouth,0.86313111
32,0.737402,1ec7a45d803ab472e7fe5c6625667289_shot_001_000,ssim,upper_face,0.96943319
32,0.737402,1ec7a45d803ab472e7fe5c6625667289_shot_001_000,ssim,full,0.92616856
32,0.737402,1ec7a45d803ab472e7fe5c6625667289_shot_001_000,lpips,mouth,0.09435004
32,0.737402,1ec7a45d803ab472e7fe5c6625667289_shot_001_000,lpips,full,0.06209381
32,0.737402,1ec7a45d803ab472e7fe5c6625667289_shot_001_000,sharpness,mouth,9.5849
32,0.737402,1ec7a45d803ab472e7fe5c6625667289_shot_001_000,lmd,mouth,4.793615
32,0.737402,1ec7a45d803ab472e7fe5c6625667289_shot_001_000,sync_d,mouth,9.415146
32,0.737402,1ec7a45d803ab472e7fe5c6625667289_shot_001_000,sync_c,mouth,4.321795
33,0.720034,1ec7a45d803ab472e7fe5c6625667289_shot_001_000,pixel_mse,mouth,0.00245127
33,0.720034,1ec7a45d803ab472e7fe5c6625667289_shot_001_000,pixel_mse,upper_face,0.00008230
33,0.720034,1ec7a45d803ab472e7fe5c6625667289_shot_001_000,pixel_mse,full,0.00104647
33,0.720034,1ec7a45d803ab472e7fe5c6625667289_shot_001_000,ssim,mouth,0.86322200
33,0.720034,1ec7a45d803ab472e7fe5c6625667289_shot_001_000,ssim,upper_face,0.96945339
33,0.720034,1ec7a45d803ab472e7fe5c6625667289_shot_001_000,ssim,full,0.92621744
33,0.720034,1ec7a45d803ab472e7fe5c6625667289_shot_001_000,lpips,mouth,0.09455661
33,0.720034,1ec7a45d803ab472e7fe5c6625667289_shot_001_000,lpips,full,0.06220372
33,0.720034,1ec7a45d803ab472e7fe5c6625667289_shot_001_000,sharpness,mouth,9.6124
33,0.720034,1ec7a45d803ab472e7fe5c6625667289_shot_001_000,lmd,mouth,4.724481
33,0.720034,1ec7a45d803ab472e7fe5c6625667289_shot_001_000,sync_d,mouth,9.380117
33,0.720034,1ec7a45d803ab472e7fe5c6625667289_shot_001_000,sync_c,mouth,4.372317
34,0.701446,1ec7a45d803ab472e7fe5c6625667289_shot_001_000,pixel_mse,mouth,0.00245393
34,0.701446,1ec7a45d803ab472e7fe5c6625667289_shot_001_000,pixel_mse,upper_face,0.00008196
34,0.701446,1ec7a45d803ab472e7fe5c6625667289_shot_001_000,pixel_mse,full,0.00104735
34,0.701446,1ec7a45d803ab472e7fe5c6625667289_shot_001_000,ssim,mouth,0.86265790
34,0.701446,1ec7a45d803ab472e7fe5c6625667289_shot_001_000,ssim,upper_face,0.96952492
34,0.701446,1ec7a45d803ab472e7fe5c6625667289_shot_001_000,ssim,full,0.92603028
34,0.701446,1ec7a45d803ab472e7fe5c6625667289_shot_001_000,lpips,mouth,0.09447792
34,0.701446,1ec7a45d803ab472e7fe5c6625667289_shot_001_000,lpips,full,0.06201075
34,0.701446,1ec7a45d803ab472e7fe5c6625667289_shot_001_000,sharpness,mouth,9.5151
34,0.701446,1ec7a45d803ab472e7fe5c6625667289_shot_001_000,lmd,mouth,4.775680
34,0.701446,1ec7a45d803ab472e7fe5c6625667289_shot_001_000,sync_d,mouth,9.498954
34,0.701446,1ec7a45d803ab472e7fe5c6625667289_shot_001_000,sync_c,mouth,4.230387
35,0.681508,1ec7a45d803ab472e7fe5c6625667289_shot_001_000,pixel_mse,mouth,0.00246953
35,0.681508,1ec7a45d803ab472e7fe5c6625667289_shot_001_000,pixel_mse,upper_face,0.00008199
35,0.681508,1ec7a45d803ab472e7fe5c6625667289_shot_001_000,pixel_mse,full,0.00105372
35,0.681508,1ec7a45d803ab472e7fe5c6625667289_shot_001_000,ssim,mouth,0.86242580
35,0.681508,1ec7a45d803ab472e7fe5c6625667289_shot_001_000,ssim,upper_face,0.96961874
35,0.681508,1ec7a45d803ab472e7fe5c6625667289_shot_001_000,ssim,full,0.92599142
35,0.681508,1ec7a45d803ab472e7fe5c6625667289_shot_001_000,lpips,mouth,0.09486631
35,0.681508,1ec7a45d803ab472e7fe5c6625667289_shot_001_000,lpips,full,0.06228941
35,0.681508,1ec7a45d803ab472e7fe5c6625667289_shot_001_000,sharpness,mouth,9.5602
35,0.681508,1ec7a45d803ab472e7fe5c6625667289_shot_001_000,lmd,mouth,4.721232
35,0.681508,1ec7a45d803ab472e7fe5c6625667289_shot_001_000,sync_d,mouth,9.396937
35,0.681508,1ec7a45d803ab472e7fe5c6625667289_shot_001_000,sync_c,mouth,4.339685
36,0.660066,1ec7a45d803ab472e7fe5c6625667289_shot_001_000,pixel_mse,mouth,0.00248624
36,0.660066,1ec7a45d803ab472e7fe5c6625667289_shot_001_000,pixel_mse,upper_face,0.00008185
36,0.660066,1ec7a45d803ab472e7fe5c6625667289_shot_001_000,pixel_mse,full,0.00106043
36,0.660066,1ec7a45d803ab472e7fe5c6625667289_shot_001_000,ssim,mouth,0.86195338
36,0.660066,1ec7a45d803ab472e7fe5c6625667289_shot_001_000,ssim,upper_face,0.96975625
36,0.660066,1ec7a45d803ab472e7fe5c6625667289_shot_001_000,ssim,full,0.92588073
36,0.660066,1ec7a45d803ab472e7fe5c6625667289_shot_001_000,lpips,mouth,0.09481947
36,0.660066,1ec7a45d803ab472e7fe5c6625667289_shot_001_000,lpips,full,0.06214231
36,0.660066,1ec7a45d803ab472e7fe5c6625667289_shot_001_000,sharpness,mouth,9.5568
36,0.660066,1ec7a45d803ab472e7fe5c6625667289_shot_001_000,lmd,mouth,4.750358
36,0.660066,1ec7a45d803ab472e7fe5c6625667289_shot_001_000,sync_d,mouth,9.372135
36,0.660066,1ec7a45d803ab472e7fe5c6625667289_shot_001_000,sync_c,mouth,4.333374
37,0.636942,1ec7a45d803ab472e7fe5c6625667289_shot_001_000,pixel_mse,mouth,0.00250700
37,0.636942,1ec7a45d803ab472e7fe5c6625667289_shot_001_000,pixel_mse,upper_face,0.00008146
37,0.636942,1ec7a45d803ab472e7fe5c6625667289_shot_001_000,pixel_mse,full,0.00106865
37,0.636942,1ec7a45d803ab472e7fe5c6625667289_shot_001_000,ssim,mouth,0.86127013
37,0.636942,1ec7a45d803ab472e7fe5c6625667289_shot_001_000,ssim,upper_face,0.96984589
37,0.636942,1ec7a45d803ab472e7fe5c6625667289_shot_001_000,ssim,full,0.92565578
37,0.636942,1ec7a45d803ab472e7fe5c6625667289_shot_001_000,lpips,mouth,0.09482262
37,0.636942,1ec7a45d803ab472e7fe5c6625667289_shot_001_000,lpips,full,0.06226960
37,0.636942,1ec7a45d803ab472e7fe5c6625667289_shot_001_000,sharpness,mouth,9.5798
37,0.636942,1ec7a45d803ab472e7fe5c6625667289_shot_001_000,lmd,mouth,4.754688
37,0.636942,1ec7a45d803ab472e7fe5c6625667289_shot_001_000,sync_d,mouth,9.268879
37,0.636942,1ec7a45d803ab472e7fe5c6625667289_shot_001_000,sync_c,mouth,4.398565
38,0.611932,1ec7a45d803ab472e7fe5c6625667289_shot_001_000,pixel_mse,mouth,0.00252457
38,0.611932,1ec7a45d803ab472e7fe5c6625667289_shot_001_000,pixel_mse,upper_face,0.00008222
38,0.611932,1ec7a45d803ab472e7fe5c6625667289_shot_001_000,pixel_mse,full,0.00107625
38,0.611932,1ec7a45d803ab472e7fe5c6625667289_shot_001_000,ssim,mouth,0.86063969
38,0.611932,1ec7a45d803ab472e7fe5c6625667289_shot_001_000,ssim,upper_face,0.96992058
38,0.611932,1ec7a45d803ab472e7fe5c6625667289_shot_001_000,ssim,full,0.92544347
38,0.611932,1ec7a45d803ab472e7fe5c6625667289_shot_001_000,lpips,mouth,0.09490644
38,0.611932,1ec7a45d803ab472e7fe5c6625667289_shot_001_000,lpips,full,0.06230748
38,0.611932,1ec7a45d803ab472e7fe5c6625667289_shot_001_000,sharpness,mouth,9.5451
38,0.611932,1ec7a45d803ab472e7fe5c6625667289_shot_001_000,lmd,mouth,4.669291
38,0.611932,1ec7a45d803ab472e7fe5c6625667289_shot_001_000,sync_d,mouth,9.410346
38,0.611932,1ec7a45d803ab472e7fe5c6625667289_shot_001_000,sync_c,mouth,4.290787
39,0.584795,1ec7a45d803ab472e7fe5c6625667289_shot_001_000,pixel_mse,mouth,0.00253902
39,0.584795,1ec7a45d803ab472e7fe5c6625667289_shot_001_000,pixel_mse,upper_face,0.00008220
39,0.584795,1ec7a45d803ab472e7fe5c6625667289_shot_001_000,pixel_mse,full,0.00108212
39,0.584795,1ec7a45d803ab472e7fe5c6625667289_shot_001_000,ssim,mouth,0.86006522
39,0.584795,1ec7a45d803ab472e7fe5c6625667289_shot_001_000,ssim,upper_face,0.97002220
39,0.584795,1ec7a45d803ab472e7fe5c6625667289_shot_001_000,ssim,full,0.92526996
39,0.584795,1ec7a45d803ab472e7fe5c6625667289_shot_001_000,lpips,mouth,0.09471832
39,0.584795,1ec7a45d803ab472e7fe5c6625667289_shot_001_000,lpips,full,0.06210504
39,0.584795,1ec7a45d803ab472e7fe5c6625667289_shot_001_000,sharpness,mouth,9.6043
39,0.584795,1ec7a45d803ab472e7fe5c6625667289_shot_001_000,lmd,mouth,4.693601
39,0.584795,1ec7a45d803ab472e7fe5c6625667289_shot_001_000,sync_d,mouth,9.306938
39,0.584795,1ec7a45d803ab472e7fe5c6625667289_shot_001_000,sync_c,mouth,4.343053
40,0.555247,1ec7a45d803ab472e7fe5c6625667289_shot_001_000,pixel_mse,mouth,0.00256608
40,0.555247,1ec7a45d803ab472e7fe5c6625667289_shot_001_000,pixel_mse,upper_face,0.00008224
40,0.555247,1ec7a45d803ab472e7fe5c6625667289_shot_001_000,pixel_mse,full,0.00109316
40,0.555247,1ec7a45d803ab472e7fe5c6625667289_shot_001_000,ssim,mouth,0.85922015
40,0.555247,1ec7a45d803ab472e7fe5c6625667289_shot_001_000,ssim,upper_face,0.97005236
40,0.555247,1ec7a45d803ab472e7fe5c6625667289_shot_001_000,ssim,full,0.92494380
40,0.555247,1ec7a45d803ab472e7fe5c6625667289_shot_001_000,lpips,mouth,0.09520446
40,0.555247,1ec7a45d803ab472e7fe5c6625667289_shot_001_000,lpips,full,0.06233424
40,0.555247,1ec7a45d803ab472e7fe5c6625667289_shot_001_000,sharpness,mouth,9.6083
40,0.555247,1ec7a45d803ab472e7fe5c6625667289_shot_001_000,lmd,mouth,4.651573
40,0.555247,1ec7a45d803ab472e7fe5c6625667289_shot_001_000,sync_d,mouth,9.494728
40,0.555247,1ec7a45d803ab472e7fe5c6625667289_shot_001_000,sync_c,mouth,4.201070
41,0.522951,1ec7a45d803ab472e7fe5c6625667289_shot_001_000,pixel_mse,mouth,0.00259203
41,0.522951,1ec7a45d803ab472e7fe5c6625667289_shot_001_000,pixel_mse,upper_face,0.00008226
41,0.522951,1ec7a45d803ab472e7fe5c6625667289_shot_001_000,pixel_mse,full,0.00110373
41,0.522951,1ec7a45d803ab472e7fe5c6625667289_shot_001_000,ssim,mouth,0.85843903
41,0.522951,1ec7a45d803ab472e7fe5c6625667289_shot_001_000,ssim,upper_face,0.97015297
41,0.522951,1ec7a45d803ab472e7fe5c6625667289_shot_001_000,ssim,full,0.92468566
41,0.522951,1ec7a45d803ab472e7fe5c6625667289_shot_001_000,lpips,mouth,0.09554772
41,0.522951,1ec7a45d803ab472e7fe5c6625667289_shot_001_000,lpips,full,0.06254282
41,0.522951,1ec7a45d803ab472e7fe5c6625667289_shot_001_000,sharpness,mouth,9.6025
41,0.522951,1ec7a45d803ab472e7fe5c6625667289_shot_001_000,lmd,mouth,4.606122
41,0.522951,1ec7a45d803ab472e7fe5c6625667289_shot_001_000,sync_d,mouth,9.341085
41,0.522951,1ec7a45d803ab472e7fe5c6625667289_shot_001_000,sync_c,mouth,4.272159
42,0.487507,1ec7a45d803ab472e7fe5c6625667289_shot_001_000,pixel_mse,mouth,0.00262477
42,0.487507,1ec7a45d803ab472e7fe5c6625667289_shot_001_000,pixel_mse,upper_face,0.00008177
42,0.487507,1ec7a45d803ab472e7fe5c6625667289_shot_001_000,pixel_mse,full,0.00111677
42,0.487507,1ec7a45d803ab472e7fe5c6625667289_shot_001_000,ssim,mouth,0.85720515
42,0.487507,1ec7a45d803ab472e7fe5c6625667289_shot_001_000,ssim,upper_face,0.97030640
42,0.487507,1ec7a45d803ab472e7fe5c6625667289_shot_001_000,ssim,full,0.92427438
42,0.487507,1ec7a45d803ab472e7fe5c6625667289_shot_001_000,lpips,mouth,0.09599467
42,0.487507,1ec7a45d803ab472e7fe5c6625667289_shot_001_000,lpips,full,0.06268028
42,0.487507,1ec7a45d803ab472e7fe5c6625667289_shot_001_000,sharpness,mouth,9.5682
42,0.487507,1ec7a45d803ab472e7fe5c6625667289_shot_001_000,lmd,mouth,4.645090
42,0.487507,1ec7a45d803ab472e7fe5c6625667289_shot_001_000,sync_d,mouth,9.485990
42,0.487507,1ec7a45d803ab472e7fe5c6625667289_shot_001_000,sync_c,mouth,4.175900
43,0.448430,1ec7a45d803ab472e7fe5c6625667289_shot_001_000,pixel_mse,mouth,0.00264500
43,0.448430,1ec7a45d803ab472e7fe5c6625667289_shot_001_000,pixel_mse,upper_face,0.00008094
43,0.448430,1ec7a45d803ab472e7fe5c6625667289_shot_001_000,pixel_mse,full,0.00112451
43,0.448430,1ec7a45d803ab472e7fe5c6625667289_shot_001_000,ssim,mouth,0.85625130
43,0.448430,1ec7a45d803ab472e7fe5c6625667289_shot_001_000,ssim,upper_face,0.97038561
43,0.448430,1ec7a45d803ab472e7fe5c6625667289_shot_001_000,ssim,full,0.92393315
43,0.448430,1ec7a45d803ab472e7fe5c6625667289_shot_001_000,lpips,mouth,0.09587146
43,0.448430,1ec7a45d803ab472e7fe5c6625667289_shot_001_000,lpips,full,0.06261975
43,0.448430,1ec7a45d803ab472e7fe5c6625667289_shot_001_000,sharpness,mouth,9.6484
43,0.448430,1ec7a45d803ab472e7fe5c6625667289_shot_001_000,lmd,mouth,4.672151
43,0.448430,1ec7a45d803ab472e7fe5c6625667289_shot_001_000,sync_d,mouth,9.641559
43,0.448430,1ec7a45d803ab472e7fe5c6625667289_shot_001_000,sync_c,mouth,4.070042
44,0.405131,1ec7a45d803ab472e7fe5c6625667289_shot_001_000,pixel_mse,mouth,0.00266305
44,0.405131,1ec7a45d803ab472e7fe5c6625667289_shot_001_000,pixel_mse,upper_face,0.00008097
44,0.405131,1ec7a45d803ab472e7fe5c6625667289_shot_001_000,pixel_mse,full,0.00113187
44,0.405131,1ec7a45d803ab472e7fe5c6625667289_shot_001_000,ssim,mouth,0.85532182
44,0.405131,1ec7a45d803ab472e7fe5c6625667289_shot_001_000,ssim,upper_face,0.97042990
44,0.405131,1ec7a45d803ab472e7fe5c6625667289_shot_001_000,ssim,full,0.92358106
44,0.405131,1ec7a45d803ab472e7fe5c6625667289_shot_001_000,lpips,mouth,0.09610108
44,0.405131,1ec7a45d803ab472e7fe5c6625667289_shot_001_000,lpips,full,0.06281045
44,0.405131,1ec7a45d803ab472e7fe5c6625667289_shot_001_000,sharpness,mouth,9.6099
44,0.405131,1ec7a45d803ab472e7fe5c6625667289_shot_001_000,lmd,mouth,4.584663
44,0.405131,1ec7a45d803ab472e7fe5c6625667289_shot_001_000,sync_d,mouth,9.390902
44,0.405131,1ec7a45d803ab472e7fe5c6625667289_shot_001_000,sync_c,mouth,4.252312
45,0.356888,1ec7a45d803ab472e7fe5c6625667289_shot_001_000,pixel_mse,mouth,0.00269485
45,0.356888,1ec7a45d803ab472e7fe5c6625667289_shot_001_000,pixel_mse,upper_face,0.00008106
45,0.356888,1ec7a45d803ab472e7fe5c6625667289_shot_001_000,pixel_mse,full,0.00114486
45,0.356888,1ec7a45d803ab472e7fe5c6625667289_shot_001_000,ssim,mouth,0.85399842
45,0.356888,1ec7a45d803ab472e7fe5c6625667289_shot_001_000,ssim,upper_face,0.97050428
45,0.356888,1ec7a45d803ab472e7fe5c6625667289_shot_001_000,ssim,full,0.92308664
45,0.356888,1ec7a45d803ab472e7fe5c6625667289_shot_001_000,lpips,mouth,0.09627650
45,0.356888,1ec7a45d803ab472e7fe5c6625667289_shot_001_000,lpips,full,0.06284405
45,0.356888,1ec7a45d803ab472e7fe5c6625667289_shot_001_000,sharpness,mouth,9.6527
45,0.356888,1ec7a45d803ab472e7fe5c6625667289_shot_001_000,lmd,mouth,4.618006
45,0.356888,1ec7a45d803ab472e7fe5c6625667289_shot_001_000,sync_d,mouth,9.444724
45,0.356888,1ec7a45d803ab472e7fe5c6625667289_shot_001_000,sync_c,mouth,4.134287
46,0.302801,1ec7a45d803ab472e7fe5c6625667289_shot_001_000,pixel_mse,mouth,0.00272091
46,0.302801,1ec7a45d803ab472e7fe5c6625667289_shot_001_000,pixel_mse,upper_face,0.00008058
46,0.302801,1ec7a45d803ab472e7fe5c6625667289_shot_001_000,pixel_mse,full,0.00115519
46,0.302801,1ec7a45d803ab472e7fe5c6625667289_shot_001_000,ssim,mouth,0.85249811
46,0.302801,1ec7a45d803ab472e7fe5c6625667289_shot_001_000,ssim,upper_face,0.97051024
46,0.302801,1ec7a45d803ab472e7fe5c6625667289_shot_001_000,ssim,full,0.92247939
46,0.302801,1ec7a45d803ab472e7fe5c6625667289_shot_001_000,lpips,mouth,0.09621324
46,0.302801,1ec7a45d803ab472e7fe5c6625667289_shot_001_000,lpips,full,0.06285596
46,0.302801,1ec7a45d803ab472e7fe5c6625667289_shot_001_000,sharpness,mouth,9.6345
46,0.302801,1ec7a45d803ab472e7fe5c6625667289_shot_001_000,lmd,mouth,4.569717
46,0.302801,1ec7a45d803ab472e7fe5c6625667289_shot_001_000,sync_d,mouth,9.462227
46,0.302801,1ec7a45d803ab472e7fe5c6625667289_shot_001_000,sync_c,mouth,4.250501
47,0.241740,1ec7a45d803ab472e7fe5c6625667289_shot_001_000,pixel_mse,mouth,0.00274320
47,0.241740,1ec7a45d803ab472e7fe5c6625667289_shot_001_000,pixel_mse,upper_face,0.00008106
47,0.241740,1ec7a45d803ab472e7fe5c6625667289_shot_001_000,pixel_mse,full,0.00116455
47,0.241740,1ec7a45d803ab472e7fe5c6625667289_shot_001_000,ssim,mouth,0.85110801
47,0.241740,1ec7a45d803ab472e7fe5c6625667289_shot_001_000,ssim,upper_face,0.97039276
47,0.241740,1ec7a45d803ab472e7fe5c6625667289_shot_001_000,ssim,full,0.92184412
47,0.241740,1ec7a45d803ab472e7fe5c6625667289_shot_001_000,lpips,mouth,0.09657478
47,0.241740,1ec7a45d803ab472e7fe5c6625667289_shot_001_000,lpips,full,0.06311421
47,0.241740,1ec7a45d803ab472e7fe5c6625667289_shot_001_000,sharpness,mouth,9.6443
47,0.241740,1ec7a45d803ab472e7fe5c6625667289_shot_001_000,lmd,mouth,4.609809
47,0.241740,1ec7a45d803ab472e7fe5c6625667289_shot_001_000,sync_d,mouth,9.548558
47,0.241740,1ec7a45d803ab472e7fe5c6625667289_shot_001_000,sync_c,mouth,4.104304
48,0.172265,1ec7a45d803ab472e7fe5c6625667289_shot_001_000,pixel_mse,mouth,0.00277208
48,0.172265,1ec7a45d803ab472e7fe5c6625667289_shot_001_000,pixel_mse,upper_face,0.00008229
48,0.172265,1ec7a45d803ab472e7fe5c6625667289_shot_001_000,pixel_mse,full,0.00117703
48,0.172265,1ec7a45d803ab472e7fe5c6625667289_shot_001_000,ssim,mouth,0.84933054
48,0.172265,1ec7a45d803ab472e7fe5c6625667289_shot_001_000,ssim,upper_face,0.97027713
48,0.172265,1ec7a45d803ab472e7fe5c6625667289_shot_001_000,ssim,full,0.92105216
48,0.172265,1ec7a45d803ab472e7fe5c6625667289_shot_001_000,lpips,mouth,0.09638261
48,0.172265,1ec7a45d803ab472e7fe5c6625667289_shot_001_000,lpips,full,0.06292081
48,0.172265,1ec7a45d803ab472e7fe5c6625667289_shot_001_000,sharpness,mouth,9.6374
48,0.172265,1ec7a45d803ab472e7fe5c6625667289_shot_001_000,lmd,mouth,4.643400
48,0.172265,1ec7a45d803ab472e7fe5c6625667289_shot_001_000,sync_d,mouth,9.526721
48,0.172265,1ec7a45d803ab472e7fe5c6625667289_shot_001_000,sync_c,mouth,4.150090
49,0.092507,1ec7a45d803ab472e7fe5c6625667289_shot_001_000,pixel_mse,mouth,0.00280177
49,0.092507,1ec7a45d803ab472e7fe5c6625667289_shot_001_000,pixel_mse,upper_face,0.00008497
49,0.092507,1ec7a45d803ab472e7fe5c6625667289_shot_001_000,pixel_mse,full,0.00119070
49,0.092507,1ec7a45d803ab472e7fe5c6625667289_shot_001_000,ssim,mouth,0.84734976
49,0.092507,1ec7a45d803ab472e7fe5c6625667289_shot_001_000,ssim,upper_face,0.96984881
49,0.092507,1ec7a45d803ab472e7fe5c6625667289_shot_001_000,ssim,full,0.91999197
49,0.092507,1ec7a45d803ab472e7fe5c6625667289_shot_001_000,lpips,mouth,0.09615714
49,0.092507,1ec7a45d803ab472e7fe5c6625667289_shot_001_000,lpips,full,0.06289957
49,0.092507,1ec7a45d803ab472e7fe5c6625667289_shot_001_000,sharpness,mouth,9.6413
49,0.092507,1ec7a45d803ab472e7fe5c6625667289_shot_001_000,lmd,mouth,4.601482
49,0.092507,1ec7a45d803ab472e7fe5c6625667289_shot_001_000,sync_d,mouth,9.556970
49,0.092507,1ec7a45d803ab472e7fe5c6625667289_shot_001_000,sync_c,mouth,4.116953
-1,gt,283979598869ec6d8c5cdbe66eb5ecb8_shot_001_000,sharpness,mouth,6.5740
-1,gt,283979598869ec6d8c5cdbe66eb5ecb8_shot_001_000,sync_d,mouth,7.860506
-1,gt,283979598869ec6d8c5cdbe66eb5ecb8_shot_001_000,sync_c,mouth,5.337377
0,0.999000,283979598869ec6d8c5cdbe66eb5ecb8_shot_001_000,pixel_mse,mouth,0.00032153
0,0.999000,283979598869ec6d8c5cdbe66eb5ecb8_shot_001_000,pixel_mse,upper_face,0.00006862
0,0.999000,283979598869ec6d8c5cdbe66eb5ecb8_shot_001_000,pixel_mse,full,0.00017155
0,0.999000,283979598869ec6d8c5cdbe66eb5ecb8_shot_001_000,ssim,mouth,0.93697482
0,0.999000,283979598869ec6d8c5cdbe66eb5ecb8_shot_001_000,ssim,upper_face,0.97176415
0,0.999000,283979598869ec6d8c5cdbe66eb5ecb8_shot_001_000,ssim,full,0.95760494
0,0.999000,283979598869ec6d8c5cdbe66eb5ecb8_shot_001_000,lpips,mouth,0.07487768
0,0.999000,283979598869ec6d8c5cdbe66eb5ecb8_shot_001_000,lpips,full,0.05200774
0,0.999000,283979598869ec6d8c5cdbe66eb5ecb8_shot_001_000,sharpness,mouth,7.1796
0,0.999000,283979598869ec6d8c5cdbe66eb5ecb8_shot_001_000,lmd,mouth,2.080142
0,0.999000,283979598869ec6d8c5cdbe66eb5ecb8_shot_001_000,sync_d,mouth,8.437626
0,0.999000,283979598869ec6d8c5cdbe66eb5ecb8_shot_001_000,sync_c,mouth,4.407300
1,0.995732,283979598869ec6d8c5cdbe66eb5ecb8_shot_001_000,pixel_mse,mouth,0.00032363
1,0.995732,283979598869ec6d8c5cdbe66eb5ecb8_shot_001_000,pixel_mse,upper_face,0.00006701
1,0.995732,283979598869ec6d8c5cdbe66eb5ecb8_shot_001_000,pixel_mse,full,0.00017146
1,0.995732,283979598869ec6d8c5cdbe66eb5ecb8_shot_001_000,ssim,mouth,0.93755531
1,0.995732,283979598869ec6d8c5cdbe66eb5ecb8_shot_001_000,ssim,upper_face,0.97232282
1,0.995732,283979598869ec6d8c5cdbe66eb5ecb8_shot_001_000,ssim,full,0.95817256
1,0.995732,283979598869ec6d8c5cdbe66eb5ecb8_shot_001_000,lpips,mouth,0.07401089
1,0.995732,283979598869ec6d8c5cdbe66eb5ecb8_shot_001_000,lpips,full,0.05147521
1,0.995732,283979598869ec6d8c5cdbe66eb5ecb8_shot_001_000,sharpness,mouth,7.1360
1,0.995732,283979598869ec6d8c5cdbe66eb5ecb8_shot_001_000,lmd,mouth,2.038067
1,0.995732,283979598869ec6d8c5cdbe66eb5ecb8_shot_001_000,sync_d,mouth,8.261702
1,0.995732,283979598869ec6d8c5cdbe66eb5ecb8_shot_001_000,sync_c,mouth,4.397655
2,0.991530,283979598869ec6d8c5cdbe66eb5ecb8_shot_001_000,pixel_mse,mouth,0.00032604
2,0.991530,283979598869ec6d8c5cdbe66eb5ecb8_shot_001_000,pixel_mse,upper_face,0.00006660
2,0.991530,283979598869ec6d8c5cdbe66eb5ecb8_shot_001_000,pixel_mse,full,0.00017219
2,0.991530,283979598869ec6d8c5cdbe66eb5ecb8_shot_001_000,ssim,mouth,0.93979597
2,0.991530,283979598869ec6d8c5cdbe66eb5ecb8_shot_001_000,ssim,upper_face,0.97323835
2,0.991530,283979598869ec6d8c5cdbe66eb5ecb8_shot_001_000,ssim,full,0.95962733
2,0.991530,283979598869ec6d8c5cdbe66eb5ecb8_shot_001_000,lpips,mouth,0.07216278
2,0.991530,283979598869ec6d8c5cdbe66eb5ecb8_shot_001_000,lpips,full,0.05014339
2,0.991530,283979598869ec6d8c5cdbe66eb5ecb8_shot_001_000,sharpness,mouth,7.0630
2,0.991530,283979598869ec6d8c5cdbe66eb5ecb8_shot_001_000,lmd,mouth,1.955014
2,0.991530,283979598869ec6d8c5cdbe66eb5ecb8_shot_001_000,sync_d,mouth,8.598539
2,0.991530,283979598869ec6d8c5cdbe66eb5ecb8_shot_001_000,sync_c,mouth,3.948304
3,0.987187,283979598869ec6d8c5cdbe66eb5ecb8_shot_001_000,pixel_mse,mouth,0.00031397
3,0.987187,283979598869ec6d8c5cdbe66eb5ecb8_shot_001_000,pixel_mse,upper_face,0.00006486
3,0.987187,283979598869ec6d8c5cdbe66eb5ecb8_shot_001_000,pixel_mse,full,0.00016625
3,0.987187,283979598869ec6d8c5cdbe66eb5ecb8_shot_001_000,ssim,mouth,0.94214195
3,0.987187,283979598869ec6d8c5cdbe66eb5ecb8_shot_001_000,ssim,upper_face,0.97380483
3,0.987187,283979598869ec6d8c5cdbe66eb5ecb8_shot_001_000,ssim,full,0.96091801
3,0.987187,283979598869ec6d8c5cdbe66eb5ecb8_shot_001_000,lpips,mouth,0.07123578
3,0.987187,283979598869ec6d8c5cdbe66eb5ecb8_shot_001_000,lpips,full,0.04906937
3,0.987187,283979598869ec6d8c5cdbe66eb5ecb8_shot_001_000,sharpness,mouth,6.9970
3,0.987187,283979598869ec6d8c5cdbe66eb5ecb8_shot_001_000,lmd,mouth,1.933045
3,0.987187,283979598869ec6d8c5cdbe66eb5ecb8_shot_001_000,sync_d,mouth,8.552880
3,0.987187,283979598869ec6d8c5cdbe66eb5ecb8_shot_001_000,sync_c,mouth,4.013582
4,0.982696,283979598869ec6d8c5cdbe66eb5ecb8_shot_001_000,pixel_mse,mouth,0.00029545
4,0.982696,283979598869ec6d8c5cdbe66eb5ecb8_shot_001_000,pixel_mse,upper_face,0.00006312
4,0.982696,283979598869ec6d8c5cdbe66eb5ecb8_shot_001_000,pixel_mse,full,0.00015768
4,0.982696,283979598869ec6d8c5cdbe66eb5ecb8_shot_001_000,ssim,mouth,0.94392556
4,0.982696,283979598869ec6d8c5cdbe66eb5ecb8_shot_001_000,ssim,upper_face,0.97408086
4,0.982696,283979598869ec6d8c5cdbe66eb5ecb8_shot_001_000,ssim,full,0.96180779
4,0.982696,283979598869ec6d8c5cdbe66eb5ecb8_shot_001_000,lpips,mouth,0.06984022
4,0.982696,283979598869ec6d8c5cdbe66eb5ecb8_shot_001_000,lpips,full,0.04829737
4,0.982696,283979598869ec6d8c5cdbe66eb5ecb8_shot_001_000,sharpness,mouth,6.9419
4,0.982696,283979598869ec6d8c5cdbe66eb5ecb8_shot_001_000,lmd,mouth,1.874708
4,0.982696,283979598869ec6d8c5cdbe66eb5ecb8_shot_001_000,sync_d,mouth,8.607469
4,0.982696,283979598869ec6d8c5cdbe66eb5ecb8_shot_001_000,sync_c,mouth,4.128223
5,0.978048,283979598869ec6d8c5cdbe66eb5ecb8_shot_001_000,pixel_mse,mouth,0.00028927
5,0.978048,283979598869ec6d8c5cdbe66eb5ecb8_shot_001_000,pixel_mse,upper_face,0.00006047
5,0.978048,283979598869ec6d8c5cdbe66eb5ecb8_shot_001_000,pixel_mse,full,0.00015359
5,0.978048,283979598869ec6d8c5cdbe66eb5ecb8_shot_001_000,ssim,mouth,0.94472975
5,0.978048,283979598869ec6d8c5cdbe66eb5ecb8_shot_001_000,ssim,upper_face,0.97444803
5,0.978048,283979598869ec6d8c5cdbe66eb5ecb8_shot_001_000,ssim,full,0.96235281
5,0.978048,283979598869ec6d8c5cdbe66eb5ecb8_shot_001_000,lpips,mouth,0.06933156
5,0.978048,283979598869ec6d8c5cdbe66eb5ecb8_shot_001_000,lpips,full,0.04781133
5,0.978048,283979598869ec6d8c5cdbe66eb5ecb8_shot_001_000,sharpness,mouth,6.9141
5,0.978048,283979598869ec6d8c5cdbe66eb5ecb8_shot_001_000,lmd,mouth,1.938371
5,0.978048,283979598869ec6d8c5cdbe66eb5ecb8_shot_001_000,sync_d,mouth,8.828979
5,0.978048,283979598869ec6d8c5cdbe66eb5ecb8_shot_001_000,sync_c,mouth,4.029301
6,0.973236,283979598869ec6d8c5cdbe66eb5ecb8_shot_001_000,pixel_mse,mouth,0.00028203
6,0.973236,283979598869ec6d8c5cdbe66eb5ecb8_shot_001_000,pixel_mse,upper_face,0.00005833
6,0.973236,283979598869ec6d8c5cdbe66eb5ecb8_shot_001_000,pixel_mse,full,0.00014938
6,0.973236,283979598869ec6d8c5cdbe66eb5ecb8_shot_001_000,ssim,mouth,0.94524807
6,0.973236,283979598869ec6d8c5cdbe66eb5ecb8_shot_001_000,ssim,upper_face,0.97466958
6,0.973236,283979598869ec6d8c5cdbe66eb5ecb8_shot_001_000,ssim,full,0.96269518
6,0.973236,283979598869ec6d8c5cdbe66eb5ecb8_shot_001_000,lpips,mouth,0.06803181
6,0.973236,283979598869ec6d8c5cdbe66eb5ecb8_shot_001_000,lpips,full,0.04703037
6,0.973236,283979598869ec6d8c5cdbe66eb5ecb8_shot_001_000,sharpness,mouth,6.9247
6,0.973236,283979598869ec6d8c5cdbe66eb5ecb8_shot_001_000,lmd,mouth,1.933541
6,0.973236,283979598869ec6d8c5cdbe66eb5ecb8_shot_001_000,sync_d,mouth,8.427568
6,0.973236,283979598869ec6d8c5cdbe66eb5ecb8_shot_001_000,sync_c,mouth,4.319948
7,0.968250,283979598869ec6d8c5cdbe66eb5ecb8_shot_001_000,pixel_mse,mouth,0.00027821
7,0.968250,283979598869ec6d8c5cdbe66eb5ecb8_shot_001_000,pixel_mse,upper_face,0.00005664
7,0.968250,283979598869ec6d8c5cdbe66eb5ecb8_shot_001_000,pixel_mse,full,0.00014682
7,0.968250,283979598869ec6d8c5cdbe66eb5ecb8_shot_001_000,ssim,mouth,0.94561267
7,0.968250,283979598869ec6d8c5cdbe66eb5ecb8_shot_001_000,ssim,upper_face,0.97489983
7,0.968250,283979598869ec6d8c5cdbe66eb5ecb8_shot_001_000,ssim,full,0.96298003
7,0.968250,283979598869ec6d8c5cdbe66eb5ecb8_shot_001_000,lpips,mouth,0.06760790
7,0.968250,283979598869ec6d8c5cdbe66eb5ecb8_shot_001_000,lpips,full,0.04668528
7,0.968250,283979598869ec6d8c5cdbe66eb5ecb8_shot_001_000,sharpness,mouth,6.9640
7,0.968250,283979598869ec6d8c5cdbe66eb5ecb8_shot_001_000,lmd,mouth,1.895915
7,0.968250,283979598869ec6d8c5cdbe66eb5ecb8_shot_001_000,sync_d,mouth,8.485520
7,0.968250,283979598869ec6d8c5cdbe66eb5ecb8_shot_001_000,sync_c,mouth,4.307219
8,0.963082,283979598869ec6d8c5cdbe66eb5ecb8_shot_001_000,pixel_mse,mouth,0.00027818
8,0.963082,283979598869ec6d8c5cdbe66eb5ecb8_shot_001_000,pixel_mse,upper_face,0.00005469
8,0.963082,283979598869ec6d8c5cdbe66eb5ecb8_shot_001_000,pixel_mse,full,0.00014565
8,0.963082,283979598869ec6d8c5cdbe66eb5ecb8_shot_001_000,ssim,mouth,0.94587660
8,0.963082,283979598869ec6d8c5cdbe66eb5ecb8_shot_001_000,ssim,upper_face,0.97505850
8,0.963082,283979598869ec6d8c5cdbe66eb5ecb8_shot_001_000,ssim,full,0.96318156
8,0.963082,283979598869ec6d8c5cdbe66eb5ecb8_shot_001_000,lpips,mouth,0.06712151
8,0.963082,283979598869ec6d8c5cdbe66eb5ecb8_shot_001_000,lpips,full,0.04617720
8,0.963082,283979598869ec6d8c5cdbe66eb5ecb8_shot_001_000,sharpness,mouth,6.9307
8,0.963082,283979598869ec6d8c5cdbe66eb5ecb8_shot_001_000,lmd,mouth,1.901185
8,0.963082,283979598869ec6d8c5cdbe66eb5ecb8_shot_001_000,sync_d,mouth,8.559708
8,0.963082,283979598869ec6d8c5cdbe66eb5ecb8_shot_001_000,sync_c,mouth,4.361332
9,0.957720,283979598869ec6d8c5cdbe66eb5ecb8_shot_001_000,pixel_mse,mouth,0.00027482
9,0.957720,283979598869ec6d8c5cdbe66eb5ecb8_shot_001_000,pixel_mse,upper_face,0.00005288
9,0.957720,283979598869ec6d8c5cdbe66eb5ecb8_shot_001_000,pixel_mse,full,0.00014321
9,0.957720,283979598869ec6d8c5cdbe66eb5ecb8_shot_001_000,ssim,mouth,0.94605726
9,0.957720,283979598869ec6d8c5cdbe66eb5ecb8_shot_001_000,ssim,upper_face,0.97528762
9,0.957720,283979598869ec6d8c5cdbe66eb5ecb8_shot_001_000,ssim,full,0.96339089
9,0.957720,283979598869ec6d8c5cdbe66eb5ecb8_shot_001_000,lpips,mouth,0.06607071
9,0.957720,283979598869ec6d8c5cdbe66eb5ecb8_shot_001_000,lpips,full,0.04554956
9,0.957720,283979598869ec6d8c5cdbe66eb5ecb8_shot_001_000,sharpness,mouth,6.9767
9,0.957720,283979598869ec6d8c5cdbe66eb5ecb8_shot_001_000,lmd,mouth,1.865864
9,0.957720,283979598869ec6d8c5cdbe66eb5ecb8_shot_001_000,sync_d,mouth,8.528270
9,0.957720,283979598869ec6d8c5cdbe66eb5ecb8_shot_001_000,sync_c,mouth,4.315222
10,0.952154,283979598869ec6d8c5cdbe66eb5ecb8_shot_001_000,pixel_mse,mouth,0.00027486
10,0.952154,283979598869ec6d8c5cdbe66eb5ecb8_shot_001_000,pixel_mse,upper_face,0.00005305
10,0.952154,283979598869ec6d8c5cdbe66eb5ecb8_shot_001_000,pixel_mse,full,0.00014333
10,0.952154,283979598869ec6d8c5cdbe66eb5ecb8_shot_001_000,ssim,mouth,0.94613051
10,0.952154,283979598869ec6d8c5cdbe66eb5ecb8_shot_001_000,ssim,upper_face,0.97536159
10,0.952154,283979598869ec6d8c5cdbe66eb5ecb8_shot_001_000,ssim,full,0.96346462
10,0.952154,283979598869ec6d8c5cdbe66eb5ecb8_shot_001_000,lpips,mouth,0.06614286
10,0.952154,283979598869ec6d8c5cdbe66eb5ecb8_shot_001_000,lpips,full,0.04551964
10,0.952154,283979598869ec6d8c5cdbe66eb5ecb8_shot_001_000,sharpness,mouth,6.9788
10,0.952154,283979598869ec6d8c5cdbe66eb5ecb8_shot_001_000,lmd,mouth,1.831433
10,0.952154,283979598869ec6d8c5cdbe66eb5ecb8_shot_001_000,sync_d,mouth,8.548129
10,0.952154,283979598869ec6d8c5cdbe66eb5ecb8_shot_001_000,sync_c,mouth,4.241969
11,0.946372,283979598869ec6d8c5cdbe66eb5ecb8_shot_001_000,pixel_mse,mouth,0.00027061
11,0.946372,283979598869ec6d8c5cdbe66eb5ecb8_shot_001_000,pixel_mse,upper_face,0.00005189
11,0.946372,283979598869ec6d8c5cdbe66eb5ecb8_shot_001_000,pixel_mse,full,0.00014091
11,0.946372,283979598869ec6d8c5cdbe66eb5ecb8_shot_001_000,ssim,mouth,0.94628018
11,0.946372,283979598869ec6d8c5cdbe66eb5ecb8_shot_001_000,ssim,upper_face,0.97553092
11,0.946372,283979598869ec6d8c5cdbe66eb5ecb8_shot_001_000,ssim,full,0.96362597
11,0.946372,283979598869ec6d8c5cdbe66eb5ecb8_shot_001_000,lpips,mouth,0.06562689
11,0.946372,283979598869ec6d8c5cdbe66eb5ecb8_shot_001_000,lpips,full,0.04521309
11,0.946372,283979598869ec6d8c5cdbe66eb5ecb8_shot_001_000,sharpness,mouth,7.0066
11,0.946372,283979598869ec6d8c5cdbe66eb5ecb8_shot_001_000,lmd,mouth,1.883182
11,0.946372,283979598869ec6d8c5cdbe66eb5ecb8_shot_001_000,sync_d,mouth,8.451026
11,0.946372,283979598869ec6d8c5cdbe66eb5ecb8_shot_001_000,sync_c,mouth,4.308153
12,0.940361,283979598869ec6d8c5cdbe66eb5ecb8_shot_001_000,pixel_mse,mouth,0.00027265
12,0.940361,283979598869ec6d8c5cdbe66eb5ecb8_shot_001_000,pixel_mse,upper_face,0.00005118
12,0.940361,283979598869ec6d8c5cdbe66eb5ecb8_shot_001_000,pixel_mse,full,0.00014132
12,0.940361,283979598869ec6d8c5cdbe66eb5ecb8_shot_001_000,ssim,mouth,0.94620973
12,0.940361,283979598869ec6d8c5cdbe66eb5ecb8_shot_001_000,ssim,upper_face,0.97562265
12,0.940361,283979598869ec6d8c5cdbe66eb5ecb8_shot_001_000,ssim,full,0.96365178
12,0.940361,283979598869ec6d8c5cdbe66eb5ecb8_shot_001_000,lpips,mouth,0.06504688
12,0.940361,283979598869ec6d8c5cdbe66eb5ecb8_shot_001_000,lpips,full,0.04476535
12,0.940361,283979598869ec6d8c5cdbe66eb5ecb8_shot_001_000,sharpness,mouth,7.0066
12,0.940361,283979598869ec6d8c5cdbe66eb5ecb8_shot_001_000,lmd,mouth,1.906553
12,0.940361,283979598869ec6d8c5cdbe66eb5ecb8_shot_001_000,sync_d,mouth,8.475931
12,0.940361,283979598869ec6d8c5cdbe66eb5ecb8_shot_001_000,sync_c,mouth,4.347473
13,0.934107,283979598869ec6d8c5cdbe66eb5ecb8_shot_001_000,pixel_mse,mouth,0.00027492
13,0.934107,283979598869ec6d8c5cdbe66eb5ecb8_shot_001_000,pixel_mse,upper_face,0.00005139
13,0.934107,283979598869ec6d8c5cdbe66eb5ecb8_shot_001_000,pixel_mse,full,0.00014236
13,0.934107,283979598869ec6d8c5cdbe66eb5ecb8_shot_001_000,ssim,mouth,0.94633698
13,0.934107,283979598869ec6d8c5cdbe66eb5ecb8_shot_001_000,ssim,upper_face,0.97567260
13,0.934107,283979598869ec6d8c5cdbe66eb5ecb8_shot_001_000,ssim,full,0.96373308
13,0.934107,283979598869ec6d8c5cdbe66eb5ecb8_shot_001_000,lpips,mouth,0.06423267
13,0.934107,283979598869ec6d8c5cdbe66eb5ecb8_shot_001_000,lpips,full,0.04437316
13,0.934107,283979598869ec6d8c5cdbe66eb5ecb8_shot_001_000,sharpness,mouth,6.9792
13,0.934107,283979598869ec6d8c5cdbe66eb5ecb8_shot_001_000,lmd,mouth,1.897404
13,0.934107,283979598869ec6d8c5cdbe66eb5ecb8_shot_001_000,sync_d,mouth,8.589905
13,0.934107,283979598869ec6d8c5cdbe66eb5ecb8_shot_001_000,sync_c,mouth,4.117240
14,0.927596,283979598869ec6d8c5cdbe66eb5ecb8_shot_001_000,pixel_mse,mouth,0.00027132
14,0.927596,283979598869ec6d8c5cdbe66eb5ecb8_shot_001_000,pixel_mse,upper_face,0.00004950
14,0.927596,283979598869ec6d8c5cdbe66eb5ecb8_shot_001_000,pixel_mse,full,0.00013978
14,0.927596,283979598869ec6d8c5cdbe66eb5ecb8_shot_001_000,ssim,mouth,0.94643527
14,0.927596,283979598869ec6d8c5cdbe66eb5ecb8_shot_001_000,ssim,upper_face,0.97584617
14,0.927596,283979598869ec6d8c5cdbe66eb5ecb8_shot_001_000,ssim,full,0.96387595
14,0.927596,283979598869ec6d8c5cdbe66eb5ecb8_shot_001_000,lpips,mouth,0.06406759
14,0.927596,283979598869ec6d8c5cdbe66eb5ecb8_shot_001_000,lpips,full,0.04395918
14,0.927596,283979598869ec6d8c5cdbe66eb5ecb8_shot_001_000,sharpness,mouth,7.0073
14,0.927596,283979598869ec6d8c5cdbe66eb5ecb8_shot_001_000,lmd,mouth,1.976724
14,0.927596,283979598869ec6d8c5cdbe66eb5ecb8_shot_001_000,sync_d,mouth,8.455913
14,0.927596,283979598869ec6d8c5cdbe66eb5ecb8_shot_001_000,sync_c,mouth,4.289845
15,0.920810,283979598869ec6d8c5cdbe66eb5ecb8_shot_001_000,pixel_mse,mouth,0.00027499
15,0.920810,283979598869ec6d8c5cdbe66eb5ecb8_shot_001_000,pixel_mse,upper_face,0.00004911
15,0.920810,283979598869ec6d8c5cdbe66eb5ecb8_shot_001_000,pixel_mse,full,0.00014104
15,0.920810,283979598869ec6d8c5cdbe66eb5ecb8_shot_001_000,ssim,mouth,0.94621986
15,0.920810,283979598869ec6d8c5cdbe66eb5ecb8_shot_001_000,ssim,upper_face,0.97591430
15,0.920810,283979598869ec6d8c5cdbe66eb5ecb8_shot_001_000,ssim,full,0.96382874
15,0.920810,283979598869ec6d8c5cdbe66eb5ecb8_shot_001_000,lpips,mouth,0.06317245
15,0.920810,283979598869ec6d8c5cdbe66eb5ecb8_shot_001_000,lpips,full,0.04367847
15,0.920810,283979598869ec6d8c5cdbe66eb5ecb8_shot_001_000,sharpness,mouth,7.0256
15,0.920810,283979598869ec6d8c5cdbe66eb5ecb8_shot_001_000,lmd,mouth,1.876180
15,0.920810,283979598869ec6d8c5cdbe66eb5ecb8_shot_001_000,sync_d,mouth,8.784649
15,0.920810,283979598869ec6d8c5cdbe66eb5ecb8_shot_001_000,sync_c,mouth,4.188150
16,0.913733,283979598869ec6d8c5cdbe66eb5ecb8_shot_001_000,pixel_mse,mouth,0.00027529
16,0.913733,283979598869ec6d8c5cdbe66eb5ecb8_shot_001_000,pixel_mse,upper_face,0.00004753
16,0.913733,283979598869ec6d8c5cdbe66eb5ecb8_shot_001_000,pixel_mse,full,0.00014023
16,0.913733,283979598869ec6d8c5cdbe66eb5ecb8_shot_001_000,ssim,mouth,0.94616687
16,0.913733,283979598869ec6d8c5cdbe66eb5ecb8_shot_001_000,ssim,upper_face,0.97601736
16,0.913733,283979598869ec6d8c5cdbe66eb5ecb8_shot_001_000,ssim,full,0.96386832
16,0.913733,283979598869ec6d8c5cdbe66eb5ecb8_shot_001_000,lpips,mouth,0.06301217
16,0.913733,283979598869ec6d8c5cdbe66eb5ecb8_shot_001_000,lpips,full,0.04341016
16,0.913733,283979598869ec6d8c5cdbe66eb5ecb8_shot_001_000,sharpness,mouth,7.0429
16,0.913733,283979598869ec6d8c5cdbe66eb5ecb8_shot_001_000,lmd,mouth,1.852020
16,0.913733,283979598869ec6d8c5cdbe66eb5ecb8_shot_001_000,sync_d,mouth,8.491405
16,0.913733,283979598869ec6d8c5cdbe66eb5ecb8_shot_001_000,sync_c,mouth,4.206185
17,0.906344,283979598869ec6d8c5cdbe66eb5ecb8_shot_001_000,pixel_mse,mouth,0.00027654
17,0.906344,283979598869ec6d8c5cdbe66eb5ecb8_shot_001_000,pixel_mse,upper_face,0.00004796
17,0.906344,283979598869ec6d8c5cdbe66eb5ecb8_shot_001_000,pixel_mse,full,0.00014099
17,0.906344,283979598869ec6d8c5cdbe66eb5ecb8_shot_001_000,ssim,mouth,0.94616455
17,0.906344,283979598869ec6d8c5cdbe66eb5ecb8_shot_001_000,ssim,upper_face,0.97608572
17,0.906344,283979598869ec6d8c5cdbe66eb5ecb8_shot_001_000,ssim,full,0.96390778
17,0.906344,283979598869ec6d8c5cdbe66eb5ecb8_shot_001_000,lpips,mouth,0.06243708
17,0.906344,283979598869ec6d8c5cdbe66eb5ecb8_shot_001_000,lpips,full,0.04315809
17,0.906344,283979598869ec6d8c5cdbe66eb5ecb8_shot_001_000,sharpness,mouth,7.0189
17,0.906344,283979598869ec6d8c5cdbe66eb5ecb8_shot_001_000,lmd,mouth,1.873084
17,0.906344,283979598869ec6d8c5cdbe66eb5ecb8_shot_001_000,sync_d,mouth,8.614357
17,0.906344,283979598869ec6d8c5cdbe66eb5ecb8_shot_001_000,sync_c,mouth,4.072690
18,0.898624,283979598869ec6d8c5cdbe66eb5ecb8_shot_001_000,pixel_mse,mouth,0.00027921
18,0.898624,283979598869ec6d8c5cdbe66eb5ecb8_shot_001_000,pixel_mse,upper_face,0.00004784
18,0.898624,283979598869ec6d8c5cdbe66eb5ecb8_shot_001_000,pixel_mse,full,0.00014201
18,0.898624,283979598869ec6d8c5cdbe66eb5ecb8_shot_001_000,ssim,mouth,0.94626874
18,0.898624,283979598869ec6d8c5cdbe66eb5ecb8_shot_001_000,ssim,upper_face,0.97611475
18,0.898624,283979598869ec6d8c5cdbe66eb5ecb8_shot_001_000,ssim,full,0.96396738
18,0.898624,283979598869ec6d8c5cdbe66eb5ecb8_shot_001_000,lpips,mouth,0.06246271
18,0.898624,283979598869ec6d8c5cdbe66eb5ecb8_shot_001_000,lpips,full,0.04303327
18,0.898624,283979598869ec6d8c5cdbe66eb5ecb8_shot_001_000,sharpness,mouth,7.0180
18,0.898624,283979598869ec6d8c5cdbe66eb5ecb8_shot_001_000,lmd,mouth,1.887348
18,0.898624,283979598869ec6d8c5cdbe66eb5ecb8_shot_001_000,sync_d,mouth,8.524123
18,0.898624,283979598869ec6d8c5cdbe66eb5ecb8_shot_001_000,sync_c,mouth,4.171443
19,0.890548,283979598869ec6d8c5cdbe66eb5ecb8_shot_001_000,pixel_mse,mouth,0.00027659
19,0.890548,283979598869ec6d8c5cdbe66eb5ecb8_shot_001_000,pixel_mse,upper_face,0.00004679
19,0.890548,283979598869ec6d8c5cdbe66eb5ecb8_shot_001_000,pixel_mse,full,0.00014032
19,0.890548,283979598869ec6d8c5cdbe66eb5ecb8_shot_001_000,ssim,mouth,0.94644177
19,0.890548,283979598869ec6d8c5cdbe66eb5ecb8_shot_001_000,ssim,upper_face,0.97626120
19,0.890548,283979598869ec6d8c5cdbe66eb5ecb8_shot_001_000,ssim,full,0.96412468
19,0.890548,283979598869ec6d8c5cdbe66eb5ecb8_shot_001_000,lpips,mouth,0.06176146
19,0.890548,283979598869ec6d8c5cdbe66eb5ecb8_shot_001_000,lpips,full,0.04254150
19,0.890548,283979598869ec6d8c5cdbe66eb5ecb8_shot_001_000,sharpness,mouth,7.0350
19,0.890548,283979598869ec6d8c5cdbe66eb5ecb8_shot_001_000,lmd,mouth,1.877708
19,0.890548,283979598869ec6d8c5cdbe66eb5ecb8_shot_001_000,sync_d,mouth,8.410513
19,0.890548,283979598869ec6d8c5cdbe66eb5ecb8_shot_001_000,sync_c,mouth,4.208863
20,0.882093,283979598869ec6d8c5cdbe66eb5ecb8_shot_001_000,pixel_mse,mouth,0.00027852
20,0.882093,283979598869ec6d8c5cdbe66eb5ecb8_shot_001_000,pixel_mse,upper_face,0.00004704
20,0.882093,283979598869ec6d8c5cdbe66eb5ecb8_shot_001_000,pixel_mse,full,0.00014125
20,0.882093,283979598869ec6d8c5cdbe66eb5ecb8_shot_001_000,ssim,mouth,0.94644511
20,0.882093,283979598869ec6d8c5cdbe66eb5ecb8_shot_001_000,ssim,upper_face,0.97623998
20,0.882093,283979598869ec6d8c5cdbe66eb5ecb8_shot_001_000,ssim,full,0.96411347
20,0.882093,283979598869ec6d8c5cdbe66eb5ecb8_shot_001_000,lpips,mouth,0.06124539
20,0.882093,283979598869ec6d8c5cdbe66eb5ecb8_shot_001_000,lpips,full,0.04220149
20,0.882093,283979598869ec6d8c5cdbe66eb5ecb8_shot_001_000,sharpness,mouth,7.0045
20,0.882093,283979598869ec6d8c5cdbe66eb5ecb8_shot_001_000,lmd,mouth,1.817513
20,0.882093,283979598869ec6d8c5cdbe66eb5ecb8_shot_001_000,sync_d,mouth,8.504762
20,0.882093,283979598869ec6d8c5cdbe66eb5ecb8_shot_001_000,sync_c,mouth,4.181409
21,0.873231,283979598869ec6d8c5cdbe66eb5ecb8_shot_001_000,pixel_mse,mouth,0.00028086
21,0.873231,283979598869ec6d8c5cdbe66eb5ecb8_shot_001_000,pixel_mse,upper_face,0.00004711
21,0.873231,283979598869ec6d8c5cdbe66eb5ecb8_shot_001_000,pixel_mse,full,0.00014224
21,0.873231,283979598869ec6d8c5cdbe66eb5ecb8_shot_001_000,ssim,mouth,0.94635075
21,0.873231,283979598869ec6d8c5cdbe66eb5ecb8_shot_001_000,ssim,upper_face,0.97630292
21,0.873231,283979598869ec6d8c5cdbe66eb5ecb8_shot_001_000,ssim,full,0.96411258
21,0.873231,283979598869ec6d8c5cdbe66eb5ecb8_shot_001_000,lpips,mouth,0.06128256
21,0.873231,283979598869ec6d8c5cdbe66eb5ecb8_shot_001_000,lpips,full,0.04217328
21,0.873231,283979598869ec6d8c5cdbe66eb5ecb8_shot_001_000,sharpness,mouth,7.0251
21,0.873231,283979598869ec6d8c5cdbe66eb5ecb8_shot_001_000,lmd,mouth,1.876269
21,0.873231,283979598869ec6d8c5cdbe66eb5ecb8_shot_001_000,sync_d,mouth,8.180637
21,0.873231,283979598869ec6d8c5cdbe66eb5ecb8_shot_001_000,sync_c,mouth,4.439328
22,0.863931,283979598869ec6d8c5cdbe66eb5ecb8_shot_001_000,pixel_mse,mouth,0.00027955
22,0.863931,283979598869ec6d8c5cdbe66eb5ecb8_shot_001_000,pixel_mse,upper_face,0.00004592
22,0.863931,283979598869ec6d8c5cdbe66eb5ecb8_shot_001_000,pixel_mse,full,0.00014101
22,0.863931,283979598869ec6d8c5cdbe66eb5ecb8_shot_001_000,ssim,mouth,0.94626522
22,0.863931,283979598869ec6d8c5cdbe66eb5ecb8_shot_001_000,ssim,upper_face,0.97639275
22,0.863931,283979598869ec6d8c5cdbe66eb5ecb8_shot_001_000,ssim,full,0.96413100
22,0.863931,283979598869ec6d8c5cdbe66eb5ecb8_shot_001_000,lpips,mouth,0.06074537
22,0.863931,283979598869ec6d8c5cdbe66eb5ecb8_shot_001_000,lpips,full,0.04182049
22,0.863931,283979598869ec6d8c5cdbe66eb5ecb8_shot_001_000,sharpness,mouth,7.0108
22,0.863931,283979598869ec6d8c5cdbe66eb5ecb8_shot_001_000,lmd,mouth,1.876009
22,0.863931,283979598869ec6d8c5cdbe66eb5ecb8_shot_001_000,sync_d,mouth,8.365028
22,0.863931,283979598869ec6d8c5cdbe66eb5ecb8_shot_001_000,sync_c,mouth,4.119658
23,0.854160,283979598869ec6d8c5cdbe66eb5ecb8_shot_001_000,pixel_mse,mouth,0.00028013
23,0.854160,283979598869ec6d8c5cdbe66eb5ecb8_shot_001_000,pixel_mse,upper_face,0.00004622
23,0.854160,283979598869ec6d8c5cdbe66eb5ecb8_shot_001_000,pixel_mse,full,0.00014142
23,0.854160,283979598869ec6d8c5cdbe66eb5ecb8_shot_001_000,ssim,mouth,0.94615972
23,0.854160,283979598869ec6d8c5cdbe66eb5ecb8_shot_001_000,ssim,upper_face,0.97640342
23,0.854160,283979598869ec6d8c5cdbe66eb5ecb8_shot_001_000,ssim,full,0.96409440
23,0.854160,283979598869ec6d8c5cdbe66eb5ecb8_shot_001_000,lpips,mouth,0.06061858
23,0.854160,283979598869ec6d8c5cdbe66eb5ecb8_shot_001_000,lpips,full,0.04172020
23,0.854160,283979598869ec6d8c5cdbe66eb5ecb8_shot_001_000,sharpness,mouth,6.9978
23,0.854160,283979598869ec6d8c5cdbe66eb5ecb8_shot_001_000,lmd,mouth,1.839547
23,0.854160,283979598869ec6d8c5cdbe66eb5ecb8_shot_001_000,sync_d,mouth,8.332393
23,0.854160,283979598869ec6d8c5cdbe66eb5ecb8_shot_001_000,sync_c,mouth,4.298342
24,0.843882,283979598869ec6d8c5cdbe66eb5ecb8_shot_001_000,pixel_mse,mouth,0.00028177
24,0.843882,283979598869ec6d8c5cdbe66eb5ecb8_shot_001_000,pixel_mse,upper_face,0.00004593
24,0.843882,283979598869ec6d8c5cdbe66eb5ecb8_shot_001_000,pixel_mse,full,0.00014192
24,0.843882,283979598869ec6d8c5cdbe66eb5ecb8_shot_001_000,ssim,mouth,0.94607460
24,0.843882,283979598869ec6d8c5cdbe66eb5ecb8_shot_001_000,ssim,upper_face,0.97649938
24,0.843882,283979598869ec6d8c5cdbe66eb5ecb8_shot_001_000,ssim,full,0.96411651
24,0.843882,283979598869ec6d8c5cdbe66eb5ecb8_shot_001_000,lpips,mouth,0.06064973
24,0.843882,283979598869ec6d8c5cdbe66eb5ecb8_shot_001_000,lpips,full,0.04163083
24,0.843882,283979598869ec6d8c5cdbe66eb5ecb8_shot_001_000,sharpness,mouth,6.9755
24,0.843882,283979598869ec6d8c5cdbe66eb5ecb8_shot_001_000,lmd,mouth,1.802973
24,0.843882,283979598869ec6d8c5cdbe66eb5ecb8_shot_001_000,sync_d,mouth,8.103383
24,0.843882,283979598869ec6d8c5cdbe66eb5ecb8_shot_001_000,sync_c,mouth,4.383191
25,0.833055,283979598869ec6d8c5cdbe66eb5ecb8_shot_001_000,pixel_mse,mouth,0.00063518
25,0.833055,283979598869ec6d8c5cdbe66eb5ecb8_shot_001_000,pixel_mse,upper_face,0.00005236
25,0.833055,283979598869ec6d8c5cdbe66eb5ecb8_shot_001_000,pixel_mse,full,0.00028957
25,0.833055,283979598869ec6d8c5cdbe66eb5ecb8_shot_001_000,ssim,mouth,0.92769575
25,0.833055,283979598869ec6d8c5cdbe66eb5ecb8_shot_001_000,ssim,upper_face,0.97453392
25,0.833055,283979598869ec6d8c5cdbe66eb5ecb8_shot_001_000,ssim,full,0.95547080
25,0.833055,283979598869ec6d8c5cdbe66eb5ecb8_shot_001_000,lpips,mouth,0.07876862
25,0.833055,283979598869ec6d8c5cdbe66eb5ecb8_shot_001_000,lpips,full,0.05153311
25,0.833055,283979598869ec6d8c5cdbe66eb5ecb8_shot_001_000,sharpness,mouth,6.9077
25,0.833055,283979598869ec6d8c5cdbe66eb5ecb8_shot_001_000,lmd,mouth,3.369366
25,0.833055,283979598869ec6d8c5cdbe66eb5ecb8_shot_001_000,sync_d,mouth,6.720665
25,0.833055,283979598869ec6d8c5cdbe66eb5ecb8_shot_001_000,sync_c,mouth,6.927369
26,0.821636,283979598869ec6d8c5cdbe66eb5ecb8_shot_001_000,pixel_mse,mouth,0.00057213
26,0.821636,283979598869ec6d8c5cdbe66eb5ecb8_shot_001_000,pixel_mse,upper_face,0.00005171
26,0.821636,283979598869ec6d8c5cdbe66eb5ecb8_shot_001_000,pixel_mse,full,0.00026352
26,0.821636,283979598869ec6d8c5cdbe66eb5ecb8_shot_001_000,ssim,mouth,0.92914498
26,0.821636,283979598869ec6d8c5cdbe66eb5ecb8_shot_001_000,ssim,upper_face,0.97460514
26,0.821636,283979598869ec6d8c5cdbe66eb5ecb8_shot_001_000,ssim,full,0.95610303
26,0.821636,283979598869ec6d8c5cdbe66eb5ecb8_shot_001_000,lpips,mouth,0.07581242
26,0.821636,283979598869ec6d8c5cdbe66eb5ecb8_shot_001_000,lpips,full,0.04995243
26,0.821636,283979598869ec6d8c5cdbe66eb5ecb8_shot_001_000,sharpness,mouth,6.8717
26,0.821636,283979598869ec6d8c5cdbe66eb5ecb8_shot_001_000,lmd,mouth,3.234554
26,0.821636,283979598869ec6d8c5cdbe66eb5ecb8_shot_001_000,sync_d,mouth,6.337351
26,0.821636,283979598869ec6d8c5cdbe66eb5ecb8_shot_001_000,sync_c,mouth,7.438447
27,0.809574,283979598869ec6d8c5cdbe66eb5ecb8_shot_001_000,pixel_mse,mouth,0.00049678
27,0.809574,283979598869ec6d8c5cdbe66eb5ecb8_shot_001_000,pixel_mse,upper_face,0.00005345
27,0.809574,283979598869ec6d8c5cdbe66eb5ecb8_shot_001_000,pixel_mse,full,0.00023389
27,0.809574,283979598869ec6d8c5cdbe66eb5ecb8_shot_001_000,ssim,mouth,0.93191850
27,0.809574,283979598869ec6d8c5cdbe66eb5ecb8_shot_001_000,ssim,upper_face,0.97458667
27,0.809574,283979598869ec6d8c5cdbe66eb5ecb8_shot_001_000,ssim,full,0.95722085
27,0.809574,283979598869ec6d8c5cdbe66eb5ecb8_shot_001_000,lpips,mouth,0.07176142
27,0.809574,283979598869ec6d8c5cdbe66eb5ecb8_shot_001_000,lpips,full,0.04782341
27,0.809574,283979598869ec6d8c5cdbe66eb5ecb8_shot_001_000,sharpness,mouth,6.7824
27,0.809574,283979598869ec6d8c5cdbe66eb5ecb8_shot_001_000,lmd,mouth,2.958843
27,0.809574,283979598869ec6d8c5cdbe66eb5ecb8_shot_001_000,sync_d,mouth,6.533059
27,0.809574,283979598869ec6d8c5cdbe66eb5ecb8_shot_001_000,sync_c,mouth,7.390795
28,0.796812,283979598869ec6d8c5cdbe66eb5ecb8_shot_001_000,pixel_mse,mouth,0.00044141
28,0.796812,283979598869ec6d8c5cdbe66eb5ecb8_shot_001_000,pixel_mse,upper_face,0.00005183
28,0.796812,283979598869ec6d8c5cdbe66eb5ecb8_shot_001_000,pixel_mse,full,0.00021039
28,0.796812,283979598869ec6d8c5cdbe66eb5ecb8_shot_001_000,ssim,mouth,0.93385708
28,0.796812,283979598869ec6d8c5cdbe66eb5ecb8_shot_001_000,ssim,upper_face,0.97469950
28,0.796812,283979598869ec6d8c5cdbe66eb5ecb8_shot_001_000,ssim,full,0.95807678
28,0.796812,283979598869ec6d8c5cdbe66eb5ecb8_shot_001_000,lpips,mouth,0.06858361
28,0.796812,283979598869ec6d8c5cdbe66eb5ecb8_shot_001_000,lpips,full,0.04604074
28,0.796812,283979598869ec6d8c5cdbe66eb5ecb8_shot_001_000,sharpness,mouth,6.7728
28,0.796812,283979598869ec6d8c5cdbe66eb5ecb8_shot_001_000,lmd,mouth,2.694916
28,0.796812,283979598869ec6d8c5cdbe66eb5ecb8_shot_001_000,sync_d,mouth,6.598196
28,0.796812,283979598869ec6d8c5cdbe66eb5ecb8_shot_001_000,sync_c,mouth,7.103814
29,0.783290,283979598869ec6d8c5cdbe66eb5ecb8_shot_001_000,pixel_mse,mouth,0.00041109
29,0.783290,283979598869ec6d8c5cdbe66eb5ecb8_shot_001_000,pixel_mse,upper_face,0.00005182
29,0.783290,283979598869ec6d8c5cdbe66eb5ecb8_shot_001_000,pixel_mse,full,0.00019804
29,0.783290,283979598869ec6d8c5cdbe66eb5ecb8_shot_001_000,ssim,mouth,0.93546212
29,0.783290,283979598869ec6d8c5cdbe66eb5ecb8_shot_001_000,ssim,upper_face,0.97468859
29,0.783290,283979598869ec6d8c5cdbe66eb5ecb8_shot_001_000,ssim,full,0.95872349
29,0.783290,283979598869ec6d8c5cdbe66eb5ecb8_shot_001_000,lpips,mouth,0.06540397
29,0.783290,283979598869ec6d8c5cdbe66eb5ecb8_shot_001_000,lpips,full,0.04430934
29,0.783290,283979598869ec6d8c5cdbe66eb5ecb8_shot_001_000,sharpness,mouth,6.7894
29,0.783290,283979598869ec6d8c5cdbe66eb5ecb8_shot_001_000,lmd,mouth,2.480770
29,0.783290,283979598869ec6d8c5cdbe66eb5ecb8_shot_001_000,sync_d,mouth,6.790049
29,0.783290,283979598869ec6d8c5cdbe66eb5ecb8_shot_001_000,sync_c,mouth,6.921714
30,0.768935,283979598869ec6d8c5cdbe66eb5ecb8_shot_001_000,pixel_mse,mouth,0.00037567
30,0.768935,283979598869ec6d8c5cdbe66eb5ecb8_shot_001_000,pixel_mse,upper_face,0.00005091
30,0.768935,283979598869ec6d8c5cdbe66eb5ecb8_shot_001_000,pixel_mse,full,0.00018309
30,0.768935,283979598869ec6d8c5cdbe66eb5ecb8_shot_001_000,ssim,mouth,0.93755955
30,0.768935,283979598869ec6d8c5cdbe66eb5ecb8_shot_001_000,ssim,upper_face,0.97479928
30,0.768935,283979598869ec6d8c5cdbe66eb5ecb8_shot_001_000,ssim,full,0.95964277
30,0.768935,283979598869ec6d8c5cdbe66eb5ecb8_shot_001_000,lpips,mouth,0.06253967
30,0.768935,283979598869ec6d8c5cdbe66eb5ecb8_shot_001_000,lpips,full,0.04275643
30,0.768935,283979598869ec6d8c5cdbe66eb5ecb8_shot_001_000,sharpness,mouth,6.7426
30,0.768935,283979598869ec6d8c5cdbe66eb5ecb8_shot_001_000,lmd,mouth,2.351458
30,0.768935,283979598869ec6d8c5cdbe66eb5ecb8_shot_001_000,sync_d,mouth,6.674340
30,0.768935,283979598869ec6d8c5cdbe66eb5ecb8_shot_001_000,sync_c,mouth,6.574459
31,0.753669,283979598869ec6d8c5cdbe66eb5ecb8_shot_001_000,pixel_mse,mouth,0.00036051
31,0.753669,283979598869ec6d8c5cdbe66eb5ecb8_shot_001_000,pixel_mse,upper_face,0.00005213
31,0.753669,283979598869ec6d8c5cdbe66eb5ecb8_shot_001_000,pixel_mse,full,0.00017764
31,0.753669,283979598869ec6d8c5cdbe66eb5ecb8_shot_001_000,ssim,mouth,0.93860853
31,0.753669,283979598869ec6d8c5cdbe66eb5ecb8_shot_001_000,ssim,upper_face,0.97485399
31,0.753669,283979598869ec6d8c5cdbe66eb5ecb8_shot_001_000,ssim,full,0.96010214
31,0.753669,283979598869ec6d8c5cdbe66eb5ecb8_shot_001_000,lpips,mouth,0.06091202
31,0.753669,283979598869ec6d8c5cdbe66eb5ecb8_shot_001_000,lpips,full,0.04182108
31,0.753669,283979598869ec6d8c5cdbe66eb5ecb8_shot_001_000,sharpness,mouth,6.7349
31,0.753669,283979598869ec6d8c5cdbe66eb5ecb8_shot_001_000,lmd,mouth,2.251168
31,0.753669,283979598869ec6d8c5cdbe66eb5ecb8_shot_001_000,sync_d,mouth,6.854144
31,0.753669,283979598869ec6d8c5cdbe66eb5ecb8_shot_001_000,sync_c,mouth,6.430843
32,0.737402,283979598869ec6d8c5cdbe66eb5ecb8_shot_001_000,pixel_mse,mouth,0.00034949
32,0.737402,283979598869ec6d8c5cdbe66eb5ecb8_shot_001_000,pixel_mse,upper_face,0.00005238
32,0.737402,283979598869ec6d8c5cdbe66eb5ecb8_shot_001_000,pixel_mse,full,0.00017331
32,0.737402,283979598869ec6d8c5cdbe66eb5ecb8_shot_001_000,ssim,mouth,0.93937373
32,0.737402,283979598869ec6d8c5cdbe66eb5ecb8_shot_001_000,ssim,upper_face,0.97487104
32,0.737402,283979598869ec6d8c5cdbe66eb5ecb8_shot_001_000,ssim,full,0.96042377
32,0.737402,283979598869ec6d8c5cdbe66eb5ecb8_shot_001_000,lpips,mouth,0.05980235
32,0.737402,283979598869ec6d8c5cdbe66eb5ecb8_shot_001_000,lpips,full,0.04122922
32,0.737402,283979598869ec6d8c5cdbe66eb5ecb8_shot_001_000,sharpness,mouth,6.7416
32,0.737402,283979598869ec6d8c5cdbe66eb5ecb8_shot_001_000,lmd,mouth,2.164697
32,0.737402,283979598869ec6d8c5cdbe66eb5ecb8_shot_001_000,sync_d,mouth,6.858607
32,0.737402,283979598869ec6d8c5cdbe66eb5ecb8_shot_001_000,sync_c,mouth,6.053286
33,0.720034,283979598869ec6d8c5cdbe66eb5ecb8_shot_001_000,pixel_mse,mouth,0.00034457
33,0.720034,283979598869ec6d8c5cdbe66eb5ecb8_shot_001_000,pixel_mse,upper_face,0.00005202
33,0.720034,283979598869ec6d8c5cdbe66eb5ecb8_shot_001_000,pixel_mse,full,0.00017109
33,0.720034,283979598869ec6d8c5cdbe66eb5ecb8_shot_001_000,ssim,mouth,0.93962646
33,0.720034,283979598869ec6d8c5cdbe66eb5ecb8_shot_001_000,ssim,upper_face,0.97491944
33,0.720034,283979598869ec6d8c5cdbe66eb5ecb8_shot_001_000,ssim,full,0.96055537
33,0.720034,283979598869ec6d8c5cdbe66eb5ecb8_shot_001_000,lpips,mouth,0.05936925
33,0.720034,283979598869ec6d8c5cdbe66eb5ecb8_shot_001_000,lpips,full,0.04096031
33,0.720034,283979598869ec6d8c5cdbe66eb5ecb8_shot_001_000,sharpness,mouth,6.7512
33,0.720034,283979598869ec6d8c5cdbe66eb5ecb8_shot_001_000,lmd,mouth,2.087823
33,0.720034,283979598869ec6d8c5cdbe66eb5ecb8_shot_001_000,sync_d,mouth,6.940914
33,0.720034,283979598869ec6d8c5cdbe66eb5ecb8_shot_001_000,sync_c,mouth,5.758136
34,0.701446,283979598869ec6d8c5cdbe66eb5ecb8_shot_001_000,pixel_mse,mouth,0.00034020
34,0.701446,283979598869ec6d8c5cdbe66eb5ecb8_shot_001_000,pixel_mse,upper_face,0.00005317
34,0.701446,283979598869ec6d8c5cdbe66eb5ecb8_shot_001_000,pixel_mse,full,0.00016999
34,0.701446,283979598869ec6d8c5cdbe66eb5ecb8_shot_001_000,ssim,mouth,0.93992925
34,0.701446,283979598869ec6d8c5cdbe66eb5ecb8_shot_001_000,ssim,upper_face,0.97493905
34,0.701446,283979598869ec6d8c5cdbe66eb5ecb8_shot_001_000,ssim,full,0.96069008
34,0.701446,283979598869ec6d8c5cdbe66eb5ecb8_shot_001_000,lpips,mouth,0.05871928
34,0.701446,283979598869ec6d8c5cdbe66eb5ecb8_shot_001_000,lpips,full,0.04073699
34,0.701446,283979598869ec6d8c5cdbe66eb5ecb8_shot_001_000,sharpness,mouth,6.7363
34,0.701446,283979598869ec6d8c5cdbe66eb5ecb8_shot_001_000,lmd,mouth,2.120448
34,0.701446,283979598869ec6d8c5cdbe66eb5ecb8_shot_001_000,sync_d,mouth,6.967567
34,0.701446,283979598869ec6d8c5cdbe66eb5ecb8_shot_001_000,sync_c,mouth,5.747102
35,0.681508,283979598869ec6d8c5cdbe66eb5ecb8_shot_001_000,pixel_mse,mouth,0.00034038
35,0.681508,283979598869ec6d8c5cdbe66eb5ecb8_shot_001_000,pixel_mse,upper_face,0.00005178
35,0.681508,283979598869ec6d8c5cdbe66eb5ecb8_shot_001_000,pixel_mse,full,0.00016924
35,0.681508,283979598869ec6d8c5cdbe66eb5ecb8_shot_001_000,ssim,mouth,0.93979967
35,0.681508,283979598869ec6d8c5cdbe66eb5ecb8_shot_001_000,ssim,upper_face,0.97507817
35,0.681508,283979598869ec6d8c5cdbe66eb5ecb8_shot_001_000,ssim,full,0.96071994
35,0.681508,283979598869ec6d8c5cdbe66eb5ecb8_shot_001_000,lpips,mouth,0.05900736
35,0.681508,283979598869ec6d8c5cdbe66eb5ecb8_shot_001_000,lpips,full,0.04087725
35,0.681508,283979598869ec6d8c5cdbe66eb5ecb8_shot_001_000,sharpness,mouth,6.7441
35,0.681508,283979598869ec6d8c5cdbe66eb5ecb8_shot_001_000,lmd,mouth,2.086872
35,0.681508,283979598869ec6d8c5cdbe66eb5ecb8_shot_001_000,sync_d,mouth,7.261659
35,0.681508,283979598869ec6d8c5cdbe66eb5ecb8_shot_001_000,sync_c,mouth,5.249378
36,0.660066,283979598869ec6d8c5cdbe66eb5ecb8_shot_001_000,pixel_mse,mouth,0.00034135
36,0.660066,283979598869ec6d8c5cdbe66eb5ecb8_shot_001_000,pixel_mse,upper_face,0.00005167
36,0.660066,283979598869ec6d8c5cdbe66eb5ecb8_shot_001_000,pixel_mse,full,0.00016957
36,0.660066,283979598869ec6d8c5cdbe66eb5ecb8_shot_001_000,ssim,mouth,0.93970978
36,0.660066,283979598869ec6d8c5cdbe66eb5ecb8_shot_001_000,ssim,upper_face,0.97502846
36,0.660066,283979598869ec6d8c5cdbe66eb5ecb8_shot_001_000,ssim,full,0.96065372
36,0.660066,283979598869ec6d8c5cdbe66eb5ecb8_shot_001_000,lpips,mouth,0.05898034
36,0.660066,283979598869ec6d8c5cdbe66eb5ecb8_shot_001_000,lpips,full,0.04098714
36,0.660066,283979598869ec6d8c5cdbe66eb5ecb8_shot_001_000,sharpness,mouth,6.7677
36,0.660066,283979598869ec6d8c5cdbe66eb5ecb8_shot_001_000,lmd,mouth,2.038996
36,0.660066,283979598869ec6d8c5cdbe66eb5ecb8_shot_001_000,sync_d,mouth,7.036703
36,0.660066,283979598869ec6d8c5cdbe66eb5ecb8_shot_001_000,sync_c,mouth,5.590328
37,0.636942,283979598869ec6d8c5cdbe66eb5ecb8_shot_001_000,pixel_mse,mouth,0.00033823
37,0.636942,283979598869ec6d8c5cdbe66eb5ecb8_shot_001_000,pixel_mse,upper_face,0.00005075
37,0.636942,283979598869ec6d8c5cdbe66eb5ecb8_shot_001_000,pixel_mse,full,0.00016775
37,0.636942,283979598869ec6d8c5cdbe66eb5ecb8_shot_001_000,ssim,mouth,0.93969518
37,0.636942,283979598869ec6d8c5cdbe66eb5ecb8_shot_001_000,ssim,upper_face,0.97519195
37,0.636942,283979598869ec6d8c5cdbe66eb5ecb8_shot_001_000,ssim,full,0.96074486
37,0.636942,283979598869ec6d8c5cdbe66eb5ecb8_shot_001_000,lpips,mouth,0.05905566
37,0.636942,283979598869ec6d8c5cdbe66eb5ecb8_shot_001_000,lpips,full,0.04090777
37,0.636942,283979598869ec6d8c5cdbe66eb5ecb8_shot_001_000,sharpness,mouth,6.7285
37,0.636942,283979598869ec6d8c5cdbe66eb5ecb8_shot_001_000,lmd,mouth,1.982212
37,0.636942,283979598869ec6d8c5cdbe66eb5ecb8_shot_001_000,sync_d,mouth,7.117734
37,0.636942,283979598869ec6d8c5cdbe66eb5ecb8_shot_001_000,sync_c,mouth,5.189160
38,0.611932,283979598869ec6d8c5cdbe66eb5ecb8_shot_001_000,pixel_mse,mouth,0.00034232
38,0.611932,283979598869ec6d8c5cdbe66eb5ecb8_shot_001_000,pixel_mse,upper_face,0.00005127
38,0.611932,283979598869ec6d8c5cdbe66eb5ecb8_shot_001_000,pixel_mse,full,0.00016972
38,0.611932,283979598869ec6d8c5cdbe66eb5ecb8_shot_001_000,ssim,mouth,0.93928480
38,0.611932,283979598869ec6d8c5cdbe66eb5ecb8_shot_001_000,ssim,upper_face,0.97522444
38,0.611932,283979598869ec6d8c5cdbe66eb5ecb8_shot_001_000,ssim,full,0.96059698
38,0.611932,283979598869ec6d8c5cdbe66eb5ecb8_shot_001_000,lpips,mouth,0.05945348
38,0.611932,283979598869ec6d8c5cdbe66eb5ecb8_shot_001_000,lpips,full,0.04113043
38,0.611932,283979598869ec6d8c5cdbe66eb5ecb8_shot_001_000,sharpness,mouth,6.7106
38,0.611932,283979598869ec6d8c5cdbe66eb5ecb8_shot_001_000,lmd,mouth,2.048176
38,0.611932,283979598869ec6d8c5cdbe66eb5ecb8_shot_001_000,sync_d,mouth,6.989928
38,0.611932,283979598869ec6d8c5cdbe66eb5ecb8_shot_001_000,sync_c,mouth,5.581419
39,0.584795,283979598869ec6d8c5cdbe66eb5ecb8_shot_001_000,pixel_mse,mouth,0.00034322
39,0.584795,283979598869ec6d8c5cdbe66eb5ecb8_shot_001_000,pixel_mse,upper_face,0.00005171
39,0.584795,283979598869ec6d8c5cdbe66eb5ecb8_shot_001_000,pixel_mse,full,0.00017036
39,0.584795,283979598869ec6d8c5cdbe66eb5ecb8_shot_001_000,ssim,mouth,0.93896466
39,0.584795,283979598869ec6d8c5cdbe66eb5ecb8_shot_001_000,ssim,upper_face,0.97528821
39,0.584795,283979598869ec6d8c5cdbe66eb5ecb8_shot_001_000,ssim,full,0.96050459
39,0.584795,283979598869ec6d8c5cdbe66eb5ecb8_shot_001_000,lpips,mouth,0.05991916
39,0.584795,283979598869ec6d8c5cdbe66eb5ecb8_shot_001_000,lpips,full,0.04121331
39,0.584795,283979598869ec6d8c5cdbe66eb5ecb8_shot_001_000,sharpness,mouth,6.7531
39,0.584795,283979598869ec6d8c5cdbe66eb5ecb8_shot_001_000,lmd,mouth,2.124512
39,0.584795,283979598869ec6d8c5cdbe66eb5ecb8_shot_001_000,sync_d,mouth,7.008224
39,0.584795,283979598869ec6d8c5cdbe66eb5ecb8_shot_001_000,sync_c,mouth,5.470332
40,0.555247,283979598869ec6d8c5cdbe66eb5ecb8_shot_001_000,pixel_mse,mouth,0.00034832
40,0.555247,283979598869ec6d8c5cdbe66eb5ecb8_shot_001_000,pixel_mse,upper_face,0.00005214
40,0.555247,283979598869ec6d8c5cdbe66eb5ecb8_shot_001_000,pixel_mse,full,0.00017269
40,0.555247,283979598869ec6d8c5cdbe66eb5ecb8_shot_001_000,ssim,mouth,0.93834931
40,0.555247,283979598869ec6d8c5cdbe66eb5ecb8_shot_001_000,ssim,upper_face,0.97523874
40,0.555247,283979598869ec6d8c5cdbe66eb5ecb8_shot_001_000,ssim,full,0.96022487
40,0.555247,283979598869ec6d8c5cdbe66eb5ecb8_shot_001_000,lpips,mouth,0.06022314
40,0.555247,283979598869ec6d8c5cdbe66eb5ecb8_shot_001_000,lpips,full,0.04149450
40,0.555247,283979598869ec6d8c5cdbe66eb5ecb8_shot_001_000,sharpness,mouth,6.7799
40,0.555247,283979598869ec6d8c5cdbe66eb5ecb8_shot_001_000,lmd,mouth,1.995681
40,0.555247,283979598869ec6d8c5cdbe66eb5ecb8_shot_001_000,sync_d,mouth,7.179245
40,0.555247,283979598869ec6d8c5cdbe66eb5ecb8_shot_001_000,sync_c,mouth,5.390778
41,0.522951,283979598869ec6d8c5cdbe66eb5ecb8_shot_001_000,pixel_mse,mouth,0.00034851
41,0.522951,283979598869ec6d8c5cdbe66eb5ecb8_shot_001_000,pixel_mse,upper_face,0.00005080
41,0.522951,283979598869ec6d8c5cdbe66eb5ecb8_shot_001_000,pixel_mse,full,0.00017197
41,0.522951,283979598869ec6d8c5cdbe66eb5ecb8_shot_001_000,ssim,mouth,0.93804675
41,0.522951,283979598869ec6d8c5cdbe66eb5ecb8_shot_001_000,ssim,upper_face,0.97544014
41,0.522951,283979598869ec6d8c5cdbe66eb5ecb8_shot_001_000,ssim,full,0.96022111
41,0.522951,283979598869ec6d8c5cdbe66eb5ecb8_shot_001_000,lpips,mouth,0.06038686
41,0.522951,283979598869ec6d8c5cdbe66eb5ecb8_shot_001_000,lpips,full,0.04163326
41,0.522951,283979598869ec6d8c5cdbe66eb5ecb8_shot_001_000,sharpness,mouth,6.7744
41,0.522951,283979598869ec6d8c5cdbe66eb5ecb8_shot_001_000,lmd,mouth,2.047254
41,0.522951,283979598869ec6d8c5cdbe66eb5ecb8_shot_001_000,sync_d,mouth,7.184668
41,0.522951,283979598869ec6d8c5cdbe66eb5ecb8_shot_001_000,sync_c,mouth,5.435940
42,0.487507,283979598869ec6d8c5cdbe66eb5ecb8_shot_001_000,pixel_mse,mouth,0.00035260
42,0.487507,283979598869ec6d8c5cdbe66eb5ecb8_shot_001_000,pixel_mse,upper_face,0.00004972
42,0.487507,283979598869ec6d8c5cdbe66eb5ecb8_shot_001_000,pixel_mse,full,0.00017299
42,0.487507,283979598869ec6d8c5cdbe66eb5ecb8_shot_001_000,ssim,mouth,0.93761522
42,0.487507,283979598869ec6d8c5cdbe66eb5ecb8_shot_001_000,ssim,upper_face,0.97556162
42,0.487507,283979598869ec6d8c5cdbe66eb5ecb8_shot_001_000,ssim,full,0.96011746
42,0.487507,283979598869ec6d8c5cdbe66eb5ecb8_shot_001_000,lpips,mouth,0.06069930
42,0.487507,283979598869ec6d8c5cdbe66eb5ecb8_shot_001_000,lpips,full,0.04168759
42,0.487507,283979598869ec6d8c5cdbe66eb5ecb8_shot_001_000,sharpness,mouth,6.7663
42,0.487507,283979598869ec6d8c5cdbe66eb5ecb8_shot_001_000,lmd,mouth,2.066084
42,0.487507,283979598869ec6d8c5cdbe66eb5ecb8_shot_001_000,sync_d,mouth,7.660949
42,0.487507,283979598869ec6d8c5cdbe66eb5ecb8_shot_001_000,sync_c,mouth,4.871150
43,0.448430,283979598869ec6d8c5cdbe66eb5ecb8_shot_001_000,pixel_mse,mouth,0.00035583
43,0.448430,283979598869ec6d8c5cdbe66eb5ecb8_shot_001_000,pixel_mse,upper_face,0.00004935
43,0.448430,283979598869ec6d8c5cdbe66eb5ecb8_shot_001_000,pixel_mse,full,0.00017408
43,0.448430,283979598869ec6d8c5cdbe66eb5ecb8_shot_001_000,ssim,mouth,0.93695307
43,0.448430,283979598869ec6d8c5cdbe66eb5ecb8_shot_001_000,ssim,upper_face,0.97567344
43,0.448430,283979598869ec6d8c5cdbe66eb5ecb8_shot_001_000,ssim,full,0.95991439
43,0.448430,283979598869ec6d8c5cdbe66eb5ecb8_shot_001_000,lpips,mouth,0.06065232
43,0.448430,283979598869ec6d8c5cdbe66eb5ecb8_shot_001_000,lpips,full,0.04162798
43,0.448430,283979598869ec6d8c5cdbe66eb5ecb8_shot_001_000,sharpness,mouth,6.7870
43,0.448430,283979598869ec6d8c5cdbe66eb5ecb8_shot_001_000,lmd,mouth,1.981425
43,0.448430,283979598869ec6d8c5cdbe66eb5ecb8_shot_001_000,sync_d,mouth,7.484754
43,0.448430,283979598869ec6d8c5cdbe66eb5ecb8_shot_001_000,sync_c,mouth,5.062770
44,0.405131,283979598869ec6d8c5cdbe66eb5ecb8_shot_001_000,pixel_mse,mouth,0.00035978
44,0.405131,283979598869ec6d8c5cdbe66eb5ecb8_shot_001_000,pixel_mse,upper_face,0.00004950
44,0.405131,283979598869ec6d8c5cdbe66eb5ecb8_shot_001_000,pixel_mse,full,0.00017578
44,0.405131,283979598869ec6d8c5cdbe66eb5ecb8_shot_001_000,ssim,mouth,0.93622261
44,0.405131,283979598869ec6d8c5cdbe66eb5ecb8_shot_001_000,ssim,upper_face,0.97569484
44,0.405131,283979598869ec6d8c5cdbe66eb5ecb8_shot_001_000,ssim,full,0.95962977
44,0.405131,283979598869ec6d8c5cdbe66eb5ecb8_shot_001_000,lpips,mouth,0.06114155
44,0.405131,283979598869ec6d8c5cdbe66eb5ecb8_shot_001_000,lpips,full,0.04186072
44,0.405131,283979598869ec6d8c5cdbe66eb5ecb8_shot_001_000,sharpness,mouth,6.7539
44,0.405131,283979598869ec6d8c5cdbe66eb5ecb8_shot_001_000,lmd,mouth,1.980054
44,0.405131,283979598869ec6d8c5cdbe66eb5ecb8_shot_001_000,sync_d,mouth,7.474335
44,0.405131,283979598869ec6d8c5cdbe66eb5ecb8_shot_001_000,sync_c,mouth,5.139054
45,0.356888,283979598869ec6d8c5cdbe66eb5ecb8_shot_001_000,pixel_mse,mouth,0.00036331
45,0.356888,283979598869ec6d8c5cdbe66eb5ecb8_shot_001_000,pixel_mse,upper_face,0.00004837
45,0.356888,283979598869ec6d8c5cdbe66eb5ecb8_shot_001_000,pixel_mse,full,0.00017655
45,0.356888,283979598869ec6d8c5cdbe66eb5ecb8_shot_001_000,ssim,mouth,0.93559521
45,0.356888,283979598869ec6d8c5cdbe66eb5ecb8_shot_001_000,ssim,upper_face,0.97574550
45,0.356888,283979598869ec6d8c5cdbe66eb5ecb8_shot_001_000,ssim,full,0.95940435
45,0.356888,283979598869ec6d8c5cdbe66eb5ecb8_shot_001_000,lpips,mouth,0.06104788
45,0.356888,283979598869ec6d8c5cdbe66eb5ecb8_shot_001_000,lpips,full,0.04169300
45,0.356888,283979598869ec6d8c5cdbe66eb5ecb8_shot_001_000,sharpness,mouth,6.7414
45,0.356888,283979598869ec6d8c5cdbe66eb5ecb8_shot_001_000,lmd,mouth,1.937910
45,0.356888,283979598869ec6d8c5cdbe66eb5ecb8_shot_001_000,sync_d,mouth,7.368447
45,0.356888,283979598869ec6d8c5cdbe66eb5ecb8_shot_001_000,sync_c,mouth,5.321682
46,0.302801,283979598869ec6d8c5cdbe66eb5ecb8_shot_001_000,pixel_mse,mouth,0.00036832
46,0.302801,283979598869ec6d8c5cdbe66eb5ecb8_shot_001_000,pixel_mse,upper_face,0.00004759
46,0.302801,283979598869ec6d8c5cdbe66eb5ecb8_shot_001_000,pixel_mse,full,0.00017813
46,0.302801,283979598869ec6d8c5cdbe66eb5ecb8_shot_001_000,ssim,mouth,0.93459284
46,0.302801,283979598869ec6d8c5cdbe66eb5ecb8_shot_001_000,ssim,upper_face,0.97587502
46,0.302801,283979598869ec6d8c5cdbe66eb5ecb8_shot_001_000,ssim,full,0.95907331
46,0.302801,283979598869ec6d8c5cdbe66eb5ecb8_shot_001_000,lpips,mouth,0.06139287
46,0.302801,283979598869ec6d8c5cdbe66eb5ecb8_shot_001_000,lpips,full,0.04195368
46,0.302801,283979598869ec6d8c5cdbe66eb5ecb8_shot_001_000,sharpness,mouth,6.7440
46,0.302801,283979598869ec6d8c5cdbe66eb5ecb8_shot_001_000,lmd,mouth,1.959531
46,0.302801,283979598869ec6d8c5cdbe66eb5ecb8_shot_001_000,sync_d,mouth,7.327977
46,0.302801,283979598869ec6d8c5cdbe66eb5ecb8_shot_001_000,sync_c,mouth,5.310627
47,0.241740,283979598869ec6d8c5cdbe66eb5ecb8_shot_001_000,pixel_mse,mouth,0.00037516
47,0.241740,283979598869ec6d8c5cdbe66eb5ecb8_shot_001_000,pixel_mse,upper_face,0.00004767
47,0.241740,283979598869ec6d8c5cdbe66eb5ecb8_shot_001_000,pixel_mse,full,0.00018096
47,0.241740,283979598869ec6d8c5cdbe66eb5ecb8_shot_001_000,ssim,mouth,0.93359441
47,0.241740,283979598869ec6d8c5cdbe66eb5ecb8_shot_001_000,ssim,upper_face,0.97585672
47,0.241740,283979598869ec6d8c5cdbe66eb5ecb8_shot_001_000,ssim,full,0.95865601
47,0.241740,283979598869ec6d8c5cdbe66eb5ecb8_shot_001_000,lpips,mouth,0.06170112
47,0.241740,283979598869ec6d8c5cdbe66eb5ecb8_shot_001_000,lpips,full,0.04213498
47,0.241740,283979598869ec6d8c5cdbe66eb5ecb8_shot_001_000,sharpness,mouth,6.7056
47,0.241740,283979598869ec6d8c5cdbe66eb5ecb8_shot_001_000,lmd,mouth,2.005850
47,0.241740,283979598869ec6d8c5cdbe66eb5ecb8_shot_001_000,sync_d,mouth,7.430577
47,0.241740,283979598869ec6d8c5cdbe66eb5ecb8_shot_001_000,sync_c,mouth,5.274155
48,0.172265,283979598869ec6d8c5cdbe66eb5ecb8_shot_001_000,pixel_mse,mouth,0.00038096
48,0.172265,283979598869ec6d8c5cdbe66eb5ecb8_shot_001_000,pixel_mse,upper_face,0.00004714
48,0.172265,283979598869ec6d8c5cdbe66eb5ecb8_shot_001_000,pixel_mse,full,0.00018301
48,0.172265,283979598869ec6d8c5cdbe66eb5ecb8_shot_001_000,ssim,mouth,0.93242884
48,0.172265,283979598869ec6d8c5cdbe66eb5ecb8_shot_001_000,ssim,upper_face,0.97583282
48,0.172265,283979598869ec6d8c5cdbe66eb5ecb8_shot_001_000,ssim,full,0.95816749
48,0.172265,283979598869ec6d8c5cdbe66eb5ecb8_shot_001_000,lpips,mouth,0.06212068
48,0.172265,283979598869ec6d8c5cdbe66eb5ecb8_shot_001_000,lpips,full,0.04234331
48,0.172265,283979598869ec6d8c5cdbe66eb5ecb8_shot_001_000,sharpness,mouth,6.6610
48,0.172265,283979598869ec6d8c5cdbe66eb5ecb8_shot_001_000,lmd,mouth,1.982568
48,0.172265,283979598869ec6d8c5cdbe66eb5ecb8_shot_001_000,sync_d,mouth,7.477493
48,0.172265,283979598869ec6d8c5cdbe66eb5ecb8_shot_001_000,sync_c,mouth,5.300968
49,0.092507,283979598869ec6d8c5cdbe66eb5ecb8_shot_001_000,pixel_mse,mouth,0.00038796
49,0.092507,283979598869ec6d8c5cdbe66eb5ecb8_shot_001_000,pixel_mse,upper_face,0.00004789
49,0.092507,283979598869ec6d8c5cdbe66eb5ecb8_shot_001_000,pixel_mse,full,0.00018630
49,0.092507,283979598869ec6d8c5cdbe66eb5ecb8_shot_001_000,ssim,mouth,0.93115085
49,0.092507,283979598869ec6d8c5cdbe66eb5ecb8_shot_001_000,ssim,upper_face,0.97567862
49,0.092507,283979598869ec6d8c5cdbe66eb5ecb8_shot_001_000,ssim,full,0.95755577
49,0.092507,283979598869ec6d8c5cdbe66eb5ecb8_shot_001_000,lpips,mouth,0.06282758
49,0.092507,283979598869ec6d8c5cdbe66eb5ecb8_shot_001_000,lpips,full,0.04278500
49,0.092507,283979598869ec6d8c5cdbe66eb5ecb8_shot_001_000,sharpness,mouth,6.5833
49,0.092507,283979598869ec6d8c5cdbe66eb5ecb8_shot_001_000,lmd,mouth,1.998240
49,0.092507,283979598869ec6d8c5cdbe66eb5ecb8_shot_001_000,sync_d,mouth,7.514037
49,0.092507,283979598869ec6d8c5cdbe66eb5ecb8_shot_001_000,sync_c,mouth,5.165606
-1,gt,4452d828f84c6a2b2dee9c7a81e6c102_shot_001_000,sharpness,mouth,17.1995
-1,gt,4452d828f84c6a2b2dee9c7a81e6c102_shot_001_000,sync_d,mouth,7.776823
-1,gt,4452d828f84c6a2b2dee9c7a81e6c102_shot_001_000,sync_c,mouth,6.915483
0,0.999000,4452d828f84c6a2b2dee9c7a81e6c102_shot_001_000,pixel_mse,mouth,0.00212386
0,0.999000,4452d828f84c6a2b2dee9c7a81e6c102_shot_001_000,pixel_mse,upper_face,0.00016340
0,0.999000,4452d828f84c6a2b2dee9c7a81e6c102_shot_001_000,pixel_mse,full,0.00096130
0,0.999000,4452d828f84c6a2b2dee9c7a81e6c102_shot_001_000,ssim,mouth,0.90856236
0,0.999000,4452d828f84c6a2b2dee9c7a81e6c102_shot_001_000,ssim,upper_face,0.96720088
0,0.999000,4452d828f84c6a2b2dee9c7a81e6c102_shot_001_000,ssim,full,0.94333506
0,0.999000,4452d828f84c6a2b2dee9c7a81e6c102_shot_001_000,lpips,mouth,0.08975181
0,0.999000,4452d828f84c6a2b2dee9c7a81e6c102_shot_001_000,lpips,full,0.06009893
0,0.999000,4452d828f84c6a2b2dee9c7a81e6c102_shot_001_000,sharpness,mouth,18.2343
0,0.999000,4452d828f84c6a2b2dee9c7a81e6c102_shot_001_000,lmd,mouth,4.165968
0,0.999000,4452d828f84c6a2b2dee9c7a81e6c102_shot_001_000,sync_d,mouth,6.779451
0,0.999000,4452d828f84c6a2b2dee9c7a81e6c102_shot_001_000,sync_c,mouth,7.598159
1,0.995732,4452d828f84c6a2b2dee9c7a81e6c102_shot_001_000,pixel_mse,mouth,0.00210501
1,0.995732,4452d828f84c6a2b2dee9c7a81e6c102_shot_001_000,pixel_mse,upper_face,0.00015131
1,0.995732,4452d828f84c6a2b2dee9c7a81e6c102_shot_001_000,pixel_mse,full,0.00094646
1,0.995732,4452d828f84c6a2b2dee9c7a81e6c102_shot_001_000,ssim,mouth,0.90889823
1,0.995732,4452d828f84c6a2b2dee9c7a81e6c102_shot_001_000,ssim,upper_face,0.96757364
1,0.995732,4452d828f84c6a2b2dee9c7a81e6c102_shot_001_000,ssim,full,0.94369298
1,0.995732,4452d828f84c6a2b2dee9c7a81e6c102_shot_001_000,lpips,mouth,0.08905479
1,0.995732,4452d828f84c6a2b2dee9c7a81e6c102_shot_001_000,lpips,full,0.05968302
1,0.995732,4452d828f84c6a2b2dee9c7a81e6c102_shot_001_000,sharpness,mouth,18.1131
1,0.995732,4452d828f84c6a2b2dee9c7a81e6c102_shot_001_000,lmd,mouth,4.139102
1,0.995732,4452d828f84c6a2b2dee9c7a81e6c102_shot_001_000,sync_d,mouth,7.031377
1,0.995732,4452d828f84c6a2b2dee9c7a81e6c102_shot_001_000,sync_c,mouth,7.513391
2,0.991530,4452d828f84c6a2b2dee9c7a81e6c102_shot_001_000,pixel_mse,mouth,0.00213059
2,0.991530,4452d828f84c6a2b2dee9c7a81e6c102_shot_001_000,pixel_mse,upper_face,0.00013783
2,0.991530,4452d828f84c6a2b2dee9c7a81e6c102_shot_001_000,pixel_mse,full,0.00094888
2,0.991530,4452d828f84c6a2b2dee9c7a81e6c102_shot_001_000,ssim,mouth,0.90979689
2,0.991530,4452d828f84c6a2b2dee9c7a81e6c102_shot_001_000,ssim,upper_face,0.96870226
2,0.991530,4452d828f84c6a2b2dee9c7a81e6c102_shot_001_000,ssim,full,0.94472784
2,0.991530,4452d828f84c6a2b2dee9c7a81e6c102_shot_001_000,lpips,mouth,0.08682927
2,0.991530,4452d828f84c6a2b2dee9c7a81e6c102_shot_001_000,lpips,full,0.05790084
2,0.991530,4452d828f84c6a2b2dee9c7a81e6c102_shot_001_000,sharpness,mouth,17.9010
2,0.991530,4452d828f84c6a2b2dee9c7a81e6c102_shot_001_000,lmd,mouth,4.106909
2,0.991530,4452d828f84c6a2b2dee9c7a81e6c102_shot_001_000,sync_d,mouth,7.022062
2,0.991530,4452d828f84c6a2b2dee9c7a81e6c102_shot_001_000,sync_c,mouth,7.645413
3,0.987187,4452d828f84c6a2b2dee9c7a81e6c102_shot_001_000,pixel_mse,mouth,0.00221065
3,0.987187,4452d828f84c6a2b2dee9c7a81e6c102_shot_001_000,pixel_mse,upper_face,0.00012828
3,0.987187,4452d828f84c6a2b2dee9c7a81e6c102_shot_001_000,pixel_mse,full,0.00097580
3,0.987187,4452d828f84c6a2b2dee9c7a81e6c102_shot_001_000,ssim,mouth,0.91047037
3,0.987187,4452d828f84c6a2b2dee9c7a81e6c102_shot_001_000,ssim,upper_face,0.96958256
3,0.987187,4452d828f84c6a2b2dee9c7a81e6c102_shot_001_000,ssim,full,0.94552398
3,0.987187,4452d828f84c6a2b2dee9c7a81e6c102_shot_001_000,lpips,mouth,0.08482255
3,0.987187,4452d828f84c6a2b2dee9c7a81e6c102_shot_001_000,lpips,full,0.05627235
3,0.987187,4452d828f84c6a2b2dee9c7a81e6c102_shot_001_000,sharpness,mouth,17.8339
3,0.987187,4452d828f84c6a2b2dee9c7a81e6c102_shot_001_000,lmd,mouth,3.985640
3,0.987187,4452d828f84c6a2b2dee9c7a81e6c102_shot_001_000,sync_d,mouth,7.065199
3,0.987187,4452d828f84c6a2b2dee9c7a81e6c102_shot_001_000,sync_c,mouth,7.659652
4,0.982696,4452d828f84c6a2b2dee9c7a81e6c102_shot_001_000,pixel_mse,mouth,0.00225953
4,0.982696,4452d828f84c6a2b2dee9c7a81e6c102_shot_001_000,pixel_mse,upper_face,0.00011991
4,0.982696,4452d828f84c6a2b2dee9c7a81e6c102_shot_001_000,pixel_mse,full,0.00099073
4,0.982696,4452d828f84c6a2b2dee9c7a81e6c102_shot_001_000,ssim,mouth,0.91076064
4,0.982696,4452d828f84c6a2b2dee9c7a81e6c102_shot_001_000,ssim,upper_face,0.97012800
4,0.982696,4452d828f84c6a2b2dee9c7a81e6c102_shot_001_000,ssim,full,0.94596559
4,0.982696,4452d828f84c6a2b2dee9c7a81e6c102_shot_001_000,lpips,mouth,0.08409965
4,0.982696,4452d828f84c6a2b2dee9c7a81e6c102_shot_001_000,lpips,full,0.05559022
4,0.982696,4452d828f84c6a2b2dee9c7a81e6c102_shot_001_000,sharpness,mouth,17.9409
4,0.982696,4452d828f84c6a2b2dee9c7a81e6c102_shot_001_000,lmd,mouth,3.880754
4,0.982696,4452d828f84c6a2b2dee9c7a81e6c102_shot_001_000,sync_d,mouth,7.009501
4,0.982696,4452d828f84c6a2b2dee9c7a81e6c102_shot_001_000,sync_c,mouth,7.596222
5,0.978048,4452d828f84c6a2b2dee9c7a81e6c102_shot_001_000,pixel_mse,mouth,0.00233513
5,0.978048,4452d828f84c6a2b2dee9c7a81e6c102_shot_001_000,pixel_mse,upper_face,0.00011521
5,0.978048,4452d828f84c6a2b2dee9c7a81e6c102_shot_001_000,pixel_mse,full,0.00101871
5,0.978048,4452d828f84c6a2b2dee9c7a81e6c102_shot_001_000,ssim,mouth,0.91035539
5,0.978048,4452d828f84c6a2b2dee9c7a81e6c102_shot_001_000,ssim,upper_face,0.97055382
5,0.978048,4452d828f84c6a2b2dee9c7a81e6c102_shot_001_000,ssim,full,0.94605321
5,0.978048,4452d828f84c6a2b2dee9c7a81e6c102_shot_001_000,lpips,mouth,0.08374912
5,0.978048,4452d828f84c6a2b2dee9c7a81e6c102_shot_001_000,lpips,full,0.05519561
5,0.978048,4452d828f84c6a2b2dee9c7a81e6c102_shot_001_000,sharpness,mouth,17.7992
5,0.978048,4452d828f84c6a2b2dee9c7a81e6c102_shot_001_000,lmd,mouth,3.780267
5,0.978048,4452d828f84c6a2b2dee9c7a81e6c102_shot_001_000,sync_d,mouth,7.302800
5,0.978048,4452d828f84c6a2b2dee9c7a81e6c102_shot_001_000,sync_c,mouth,7.277092
6,0.973236,4452d828f84c6a2b2dee9c7a81e6c102_shot_001_000,pixel_mse,mouth,0.00244044
6,0.973236,4452d828f84c6a2b2dee9c7a81e6c102_shot_001_000,pixel_mse,upper_face,0.00011052
6,0.973236,4452d828f84c6a2b2dee9c7a81e6c102_shot_001_000,pixel_mse,full,0.00105879
6,0.973236,4452d828f84c6a2b2dee9c7a81e6c102_shot_001_000,ssim,mouth,0.90976614
6,0.973236,4452d828f84c6a2b2dee9c7a81e6c102_shot_001_000,ssim,upper_face,0.97093332
6,0.973236,4452d828f84c6a2b2dee9c7a81e6c102_shot_001_000,ssim,full,0.94603831
6,0.973236,4452d828f84c6a2b2dee9c7a81e6c102_shot_001_000,lpips,mouth,0.08307207
6,0.973236,4452d828f84c6a2b2dee9c7a81e6c102_shot_001_000,lpips,full,0.05460723
6,0.973236,4452d828f84c6a2b2dee9c7a81e6c102_shot_001_000,sharpness,mouth,17.7861
6,0.973236,4452d828f84c6a2b2dee9c7a81e6c102_shot_001_000,lmd,mouth,3.738371
6,0.973236,4452d828f84c6a2b2dee9c7a81e6c102_shot_001_000,sync_d,mouth,7.335151
6,0.973236,4452d828f84c6a2b2dee9c7a81e6c102_shot_001_000,sync_c,mouth,7.262054
7,0.968250,4452d828f84c6a2b2dee9c7a81e6c102_shot_001_000,pixel_mse,mouth,0.00247198
7,0.968250,4452d828f84c6a2b2dee9c7a81e6c102_shot_001_000,pixel_mse,upper_face,0.00010843
7,0.968250,4452d828f84c6a2b2dee9c7a81e6c102_shot_001_000,pixel_mse,full,0.00107039
7,0.968250,4452d828f84c6a2b2dee9c7a81e6c102_shot_001_000,ssim,mouth,0.90984637
7,0.968250,4452d828f84c6a2b2dee9c7a81e6c102_shot_001_000,ssim,upper_face,0.97124529
7,0.968250,4452d828f84c6a2b2dee9c7a81e6c102_shot_001_000,ssim,full,0.94625610
7,0.968250,4452d828f84c6a2b2dee9c7a81e6c102_shot_001_000,lpips,mouth,0.08221111
7,0.968250,4452d828f84c6a2b2dee9c7a81e6c102_shot_001_000,lpips,full,0.05384492
7,0.968250,4452d828f84c6a2b2dee9c7a81e6c102_shot_001_000,sharpness,mouth,17.7184
7,0.968250,4452d828f84c6a2b2dee9c7a81e6c102_shot_001_000,lmd,mouth,3.695616
7,0.968250,4452d828f84c6a2b2dee9c7a81e6c102_shot_001_000,sync_d,mouth,7.457210
7,0.968250,4452d828f84c6a2b2dee9c7a81e6c102_shot_001_000,sync_c,mouth,7.276327
8,0.963082,4452d828f84c6a2b2dee9c7a81e6c102_shot_001_000,pixel_mse,mouth,0.00249398
8,0.963082,4452d828f84c6a2b2dee9c7a81e6c102_shot_001_000,pixel_mse,upper_face,0.00010664
8,0.963082,4452d828f84c6a2b2dee9c7a81e6c102_shot_001_000,pixel_mse,full,0.00107828
8,0.963082,4452d828f84c6a2b2dee9c7a81e6c102_shot_001_000,ssim,mouth,0.90982783
8,0.963082,4452d828f84c6a2b2dee9c7a81e6c102_shot_001_000,ssim,upper_face,0.97143829
8,0.963082,4452d828f84c6a2b2dee9c7a81e6c102_shot_001_000,ssim,full,0.94636291
8,0.963082,4452d828f84c6a2b2dee9c7a81e6c102_shot_001_000,lpips,mouth,0.08179015
8,0.963082,4452d828f84c6a2b2dee9c7a81e6c102_shot_001_000,lpips,full,0.05348996
8,0.963082,4452d828f84c6a2b2dee9c7a81e6c102_shot_001_000,sharpness,mouth,17.7198
8,0.963082,4452d828f84c6a2b2dee9c7a81e6c102_shot_001_000,lmd,mouth,3.579861
8,0.963082,4452d828f84c6a2b2dee9c7a81e6c102_shot_001_000,sync_d,mouth,7.269341
8,0.963082,4452d828f84c6a2b2dee9c7a81e6c102_shot_001_000,sync_c,mouth,7.427948
9,0.957720,4452d828f84c6a2b2dee9c7a81e6c102_shot_001_000,pixel_mse,mouth,0.00249875
9,0.957720,4452d828f84c6a2b2dee9c7a81e6c102_shot_001_000,pixel_mse,upper_face,0.00010309
9,0.957720,4452d828f84c6a2b2dee9c7a81e6c102_shot_001_000,pixel_mse,full,0.00107812
9,0.957720,4452d828f84c6a2b2dee9c7a81e6c102_shot_001_000,ssim,mouth,0.90980595
9,0.957720,4452d828f84c6a2b2dee9c7a81e6c102_shot_001_000,ssim,upper_face,0.97172272
9,0.957720,4452d828f84c6a2b2dee9c7a81e6c102_shot_001_000,ssim,full,0.94652277
9,0.957720,4452d828f84c6a2b2dee9c7a81e6c102_shot_001_000,lpips,mouth,0.08118112
9,0.957720,4452d828f84c6a2b2dee9c7a81e6c102_shot_001_000,lpips,full,0.05305668
9,0.957720,4452d828f84c6a2b2dee9c7a81e6c102_shot_001_000,sharpness,mouth,17.7605
9,0.957720,4452d828f84c6a2b2dee9c7a81e6c102_shot_001_000,lmd,mouth,3.537672
9,0.957720,4452d828f84c6a2b2dee9c7a81e6c102_shot_001_000,sync_d,mouth,7.295809
9,0.957720,4452d828f84c6a2b2dee9c7a81e6c102_shot_001_000,sync_c,mouth,7.391839
10,0.952154,4452d828f84c6a2b2dee9c7a81e6c102_shot_001_000,pixel_mse,mouth,0.00252244
10,0.952154,4452d828f84c6a2b2dee9c7a81e6c102_shot_001_000,pixel_mse,upper_face,0.00010313
10,0.952154,4452d828f84c6a2b2dee9c7a81e6c102_shot_001_000,pixel_mse,full,0.00108778
10,0.952154,4452d828f84c6a2b2dee9c7a81e6c102_shot_001_000,ssim,mouth,0.90971243
10,0.952154,4452d828f84c6a2b2dee9c7a81e6c102_shot_001_000,ssim,upper_face,0.97188419
10,0.952154,4452d828f84c6a2b2dee9c7a81e6c102_shot_001_000,ssim,full,0.94658041
10,0.952154,4452d828f84c6a2b2dee9c7a81e6c102_shot_001_000,lpips,mouth,0.08064173
10,0.952154,4452d828f84c6a2b2dee9c7a81e6c102_shot_001_000,lpips,full,0.05258446
10,0.952154,4452d828f84c6a2b2dee9c7a81e6c102_shot_001_000,sharpness,mouth,17.7067
10,0.952154,4452d828f84c6a2b2dee9c7a81e6c102_shot_001_000,lmd,mouth,3.480420
10,0.952154,4452d828f84c6a2b2dee9c7a81e6c102_shot_001_000,sync_d,mouth,7.438290
10,0.952154,4452d828f84c6a2b2dee9c7a81e6c102_shot_001_000,sync_c,mouth,7.257974
11,0.946372,4452d828f84c6a2b2dee9c7a81e6c102_shot_001_000,pixel_mse,mouth,0.00255958
11,0.946372,4452d828f84c6a2b2dee9c7a81e6c102_shot_001_000,pixel_mse,upper_face,0.00010132
11,0.946372,4452d828f84c6a2b2dee9c7a81e6c102_shot_001_000,pixel_mse,full,0.00110182
11,0.946372,4452d828f84c6a2b2dee9c7a81e6c102_shot_001_000,ssim,mouth,0.90943241
11,0.946372,4452d828f84c6a2b2dee9c7a81e6c102_shot_001_000,ssim,upper_face,0.97202480
11,0.946372,4452d828f84c6a2b2dee9c7a81e6c102_shot_001_000,ssim,full,0.94654989
11,0.946372,4452d828f84c6a2b2dee9c7a81e6c102_shot_001_000,lpips,mouth,0.08012646
11,0.946372,4452d828f84c6a2b2dee9c7a81e6c102_shot_001_000,lpips,full,0.05223400
11,0.946372,4452d828f84c6a2b2dee9c7a81e6c102_shot_001_000,sharpness,mouth,17.7990
11,0.946372,4452d828f84c6a2b2dee9c7a81e6c102_shot_001_000,lmd,mouth,3.433069
11,0.946372,4452d828f84c6a2b2dee9c7a81e6c102_shot_001_000,sync_d,mouth,7.422729
11,0.946372,4452d828f84c6a2b2dee9c7a81e6c102_shot_001_000,sync_c,mouth,7.263043
12,0.940361,4452d828f84c6a2b2dee9c7a81e6c102_shot_001_000,pixel_mse,mouth,0.00260486
12,0.940361,4452d828f84c6a2b2dee9c7a81e6c102_shot_001_000,pixel_mse,upper_face,0.00010080
12,0.940361,4452d828f84c6a2b2dee9c7a81e6c102_shot_001_000,pixel_mse,full,0.00111995
12,0.940361,4452d828f84c6a2b2dee9c7a81e6c102_shot_001_000,ssim,mouth,0.90904850
12,0.940361,4452d828f84c6a2b2dee9c7a81e6c102_shot_001_000,ssim,upper_face,0.97216308
12,0.940361,4452d828f84c6a2b2dee9c7a81e6c102_shot_001_000,ssim,full,0.94647557
12,0.940361,4452d828f84c6a2b2dee9c7a81e6c102_shot_001_000,lpips,mouth,0.07982059
12,0.940361,4452d828f84c6a2b2dee9c7a81e6c102_shot_001_000,lpips,full,0.05197580
12,0.940361,4452d828f84c6a2b2dee9c7a81e6c102_shot_001_000,sharpness,mouth,17.7969
12,0.940361,4452d828f84c6a2b2dee9c7a81e6c102_shot_001_000,lmd,mouth,3.420814
12,0.940361,4452d828f84c6a2b2dee9c7a81e6c102_shot_001_000,sync_d,mouth,7.450191
12,0.940361,4452d828f84c6a2b2dee9c7a81e6c102_shot_001_000,sync_c,mouth,7.254873
13,0.934107,4452d828f84c6a2b2dee9c7a81e6c102_shot_001_000,pixel_mse,mouth,0.00263750
13,0.934107,4452d828f84c6a2b2dee9c7a81e6c102_shot_001_000,pixel_mse,upper_face,0.00009798
13,0.934107,4452d828f84c6a2b2dee9c7a81e6c102_shot_001_000,pixel_mse,full,0.00113156
13,0.934107,4452d828f84c6a2b2dee9c7a81e6c102_shot_001_000,ssim,mouth,0.90892625
13,0.934107,4452d828f84c6a2b2dee9c7a81e6c102_shot_001_000,ssim,upper_face,0.97232848
13,0.934107,4452d828f84c6a2b2dee9c7a81e6c102_shot_001_000,ssim,full,0.94652396
13,0.934107,4452d828f84c6a2b2dee9c7a81e6c102_shot_001_000,lpips,mouth,0.07926901
13,0.934107,4452d828f84c6a2b2dee9c7a81e6c102_shot_001_000,lpips,full,0.05171264
13,0.934107,4452d828f84c6a2b2dee9c7a81e6c102_shot_001_000,sharpness,mouth,17.8593
13,0.934107,4452d828f84c6a2b2dee9c7a81e6c102_shot_001_000,lmd,mouth,3.394435
13,0.934107,4452d828f84c6a2b2dee9c7a81e6c102_shot_001_000,sync_d,mouth,7.595918
13,0.934107,4452d828f84c6a2b2dee9c7a81e6c102_shot_001_000,sync_c,mouth,7.134044
14,0.927596,4452d828f84c6a2b2dee9c7a81e6c102_shot_001_000,pixel_mse,mouth,0.00268541
14,0.927596,4452d828f84c6a2b2dee9c7a81e6c102_shot_001_000,pixel_mse,upper_face,0.00009825
14,0.927596,4452d828f84c6a2b2dee9c7a81e6c102_shot_001_000,pixel_mse,full,0.00115122
14,0.927596,4452d828f84c6a2b2dee9c7a81e6c102_shot_001_000,ssim,mouth,0.90850490
14,0.927596,4452d828f84c6a2b2dee9c7a81e6c102_shot_001_000,ssim,upper_face,0.97245204
14,0.927596,4452d828f84c6a2b2dee9c7a81e6c102_shot_001_000,ssim,full,0.94642574
14,0.927596,4452d828f84c6a2b2dee9c7a81e6c102_shot_001_000,lpips,mouth,0.07891340
14,0.927596,4452d828f84c6a2b2dee9c7a81e6c102_shot_001_000,lpips,full,0.05135484
14,0.927596,4452d828f84c6a2b2dee9c7a81e6c102_shot_001_000,sharpness,mouth,17.9661
14,0.927596,4452d828f84c6a2b2dee9c7a81e6c102_shot_001_000,lmd,mouth,3.452070
14,0.927596,4452d828f84c6a2b2dee9c7a81e6c102_shot_001_000,sync_d,mouth,7.558452
14,0.927596,4452d828f84c6a2b2dee9c7a81e6c102_shot_001_000,sync_c,mouth,7.172632
15,0.920810,4452d828f84c6a2b2dee9c7a81e6c102_shot_001_000,pixel_mse,mouth,0.00269977
15,0.920810,4452d828f84c6a2b2dee9c7a81e6c102_shot_001_000,pixel_mse,upper_face,0.00009627
15,0.920810,4452d828f84c6a2b2dee9c7a81e6c102_shot_001_000,pixel_mse,full,0.00115589
15,0.920810,4452d828f84c6a2b2dee9c7a81e6c102_shot_001_000,ssim,mouth,0.90855980
15,0.920810,4452d828f84c6a2b2dee9c7a81e6c102_shot_001_000,ssim,upper_face,0.97257674
15,0.920810,4452d828f84c6a2b2dee9c7a81e6c102_shot_001_000,ssim,full,0.94652200
15,0.920810,4452d828f84c6a2b2dee9c7a81e6c102_shot_001_000,lpips,mouth,0.07854834
15,0.920810,4452d828f84c6a2b2dee9c7a81e6c102_shot_001_000,lpips,full,0.05106801
15,0.920810,4452d828f84c6a2b2dee9c7a81e6c102_shot_001_000,sharpness,mouth,17.9765
15,0.920810,4452d828f84c6a2b2dee9c7a81e6c102_shot_001_000,lmd,mouth,3.380708
15,0.920810,4452d828f84c6a2b2dee9c7a81e6c102_shot_001_000,sync_d,mouth,7.486260
15,0.920810,4452d828f84c6a2b2dee9c7a81e6c102_shot_001_000,sync_c,mouth,7.263185
16,0.913733,4452d828f84c6a2b2dee9c7a81e6c102_shot_001_000,pixel_mse,mouth,0.00274127
16,0.913733,4452d828f84c6a2b2dee9c7a81e6c102_shot_001_000,pixel_mse,upper_face,0.00009439
16,0.913733,4452d828f84c6a2b2dee9c7a81e6c102_shot_001_000,pixel_mse,full,0.00117167
16,0.913733,4452d828f84c6a2b2dee9c7a81e6c102_shot_001_000,ssim,mouth,0.90787828
16,0.913733,4452d828f84c6a2b2dee9c7a81e6c102_shot_001_000,ssim,upper_face,0.97264200
16,0.913733,4452d828f84c6a2b2dee9c7a81e6c102_shot_001_000,ssim,full,0.94628334
16,0.913733,4452d828f84c6a2b2dee9c7a81e6c102_shot_001_000,lpips,mouth,0.07854448
16,0.913733,4452d828f84c6a2b2dee9c7a81e6c102_shot_001_000,lpips,full,0.05105514
16,0.913733,4452d828f84c6a2b2dee9c7a81e6c102_shot_001_000,sharpness,mouth,18.0108
16,0.913733,4452d828f84c6a2b2dee9c7a81e6c102_shot_001_000,lmd,mouth,3.388303
16,0.913733,4452d828f84c6a2b2dee9c7a81e6c102_shot_001_000,sync_d,mouth,7.572374
16,0.913733,4452d828f84c6a2b2dee9c7a81e6c102_shot_001_000,sync_c,mouth,7.152620
17,0.906344,4452d828f84c6a2b2dee9c7a81e6c102_shot_001_000,pixel_mse,mouth,0.00277061
17,0.906344,4452d828f84c6a2b2dee9c7a81e6c102_shot_001_000,pixel_mse,upper_face,0.00009352
17,0.906344,4452d828f84c6a2b2dee9c7a81e6c102_shot_001_000,pixel_mse,full,0.00118309
17,0.906344,4452d828f84c6a2b2dee9c7a81e6c102_shot_001_000,ssim,mouth,0.90783852
17,0.906344,4452d828f84c6a2b2dee9c7a81e6c102_shot_001_000,ssim,upper_face,0.97280854
17,0.906344,4452d828f84c6a2b2dee9c7a81e6c102_shot_001_000,ssim,full,0.94636583
17,0.906344,4452d828f84c6a2b2dee9c7a81e6c102_shot_001_000,lpips,mouth,0.07810432
17,0.906344,4452d828f84c6a2b2dee9c7a81e6c102_shot_001_000,lpips,full,0.05062140
17,0.906344,4452d828f84c6a2b2dee9c7a81e6c102_shot_001_000,sharpness,mouth,17.9595
17,0.906344,4452d828f84c6a2b2dee9c7a81e6c102_shot_001_000,lmd,mouth,3.400513
17,0.906344,4452d828f84c6a2b2dee9c7a81e6c102_shot_001_000,sync_d,mouth,7.531201
17,0.906344,4452d828f84c6a2b2dee9c7a81e6c102_shot_001_000,sync_c,mouth,7.210014
18,0.898624,4452d828f84c6a2b2dee9c7a81e6c102_shot_001_000,pixel_mse,mouth,0.00279050
18,0.898624,4452d828f84c6a2b2dee9c7a81e6c102_shot_001_000,pixel_mse,upper_face,0.00009209
18,0.898624,4452d828f84c6a2b2dee9c7a81e6c102_shot_001_000,pixel_mse,full,0.00119034
18,0.898624,4452d828f84c6a2b2dee9c7a81e6c102_shot_001_000,ssim,mouth,0.90758723
18,0.898624,4452d828f84c6a2b2dee9c7a81e6c102_shot_001_000,ssim,upper_face,0.97285885
18,0.898624,4452d828f84c6a2b2dee9c7a81e6c102_shot_001_000,ssim,full,0.94629341
18,0.898624,4452d828f84c6a2b2dee9c7a81e6c102_shot_001_000,lpips,mouth,0.07818295
18,0.898624,4452d828f84c6a2b2dee9c7a81e6c102_shot_001_000,lpips,full,0.05075498
18,0.898624,4452d828f84c6a2b2dee9c7a81e6c102_shot_001_000,sharpness,mouth,18.0027
18,0.898624,4452d828f84c6a2b2dee9c7a81e6c102_shot_001_000,lmd,mouth,3.409629
18,0.898624,4452d828f84c6a2b2dee9c7a81e6c102_shot_001_000,sync_d,mouth,7.546832
18,0.898624,4452d828f84c6a2b2dee9c7a81e6c102_shot_001_000,sync_c,mouth,7.241747
19,0.890548,4452d828f84c6a2b2dee9c7a81e6c102_shot_001_000,pixel_mse,mouth,0.00282661
19,0.890548,4452d828f84c6a2b2dee9c7a81e6c102_shot_001_000,pixel_mse,upper_face,0.00009213
19,0.890548,4452d828f84c6a2b2dee9c7a81e6c102_shot_001_000,pixel_mse,full,0.00120505
19,0.890548,4452d828f84c6a2b2dee9c7a81e6c102_shot_001_000,ssim,mouth,0.90710866
19,0.890548,4452d828f84c6a2b2dee9c7a81e6c102_shot_001_000,ssim,upper_face,0.97294420
19,0.890548,4452d828f84c6a2b2dee9c7a81e6c102_shot_001_000,ssim,full,0.94614929
19,0.890548,4452d828f84c6a2b2dee9c7a81e6c102_shot_001_000,lpips,mouth,0.07786909
19,0.890548,4452d828f84c6a2b2dee9c7a81e6c102_shot_001_000,lpips,full,0.05048250
19,0.890548,4452d828f84c6a2b2dee9c7a81e6c102_shot_001_000,sharpness,mouth,18.0036
19,0.890548,4452d828f84c6a2b2dee9c7a81e6c102_shot_001_000,lmd,mouth,3.422633
19,0.890548,4452d828f84c6a2b2dee9c7a81e6c102_shot_001_000,sync_d,mouth,7.656390
19,0.890548,4452d828f84c6a2b2dee9c7a81e6c102_shot_001_000,sync_c,mouth,7.212384
20,0.882093,4452d828f84c6a2b2dee9c7a81e6c102_shot_001_000,pixel_mse,mouth,0.00285596
20,0.882093,4452d828f84c6a2b2dee9c7a81e6c102_shot_001_000,pixel_mse,upper_face,0.00009201
20,0.882093,4452d828f84c6a2b2dee9c7a81e6c102_shot_001_000,pixel_mse,full,0.00121693
20,0.882093,4452d828f84c6a2b2dee9c7a81e6c102_shot_001_000,ssim,mouth,0.90696377
20,0.882093,4452d828f84c6a2b2dee9c7a81e6c102_shot_001_000,ssim,upper_face,0.97302586
20,0.882093,4452d828f84c6a2b2dee9c7a81e6c102_shot_001_000,ssim,full,0.94613874
20,0.882093,4452d828f84c6a2b2dee9c7a81e6c102_shot_001_000,lpips,mouth,0.07778918
20,0.882093,4452d828f84c6a2b2dee9c7a81e6c102_shot_001_000,lpips,full,0.05046845
20,0.882093,4452d828f84c6a2b2dee9c7a81e6c102_shot_001_000,sharpness,mouth,18.0872
20,0.882093,4452d828f84c6a2b2dee9c7a81e6c102_shot_001_000,lmd,mouth,3.362732
20,0.882093,4452d828f84c6a2b2dee9c7a81e6c102_shot_001_000,sync_d,mouth,7.655302
20,0.882093,4452d828f84c6a2b2dee9c7a81e6c102_shot_001_000,sync_c,mouth,7.184755
21,0.873231,4452d828f84c6a2b2dee9c7a81e6c102_shot_001_000,pixel_mse,mouth,0.00290020
21,0.873231,4452d828f84c6a2b2dee9c7a81e6c102_shot_001_000,pixel_mse,upper_face,0.00009139
21,0.873231,4452d828f84c6a2b2dee9c7a81e6c102_shot_001_000,pixel_mse,full,0.00123457
21,0.873231,4452d828f84c6a2b2dee9c7a81e6c102_shot_001_000,ssim,mouth,0.90622288
21,0.873231,4452d828f84c6a2b2dee9c7a81e6c102_shot_001_000,ssim,upper_face,0.97310019
21,0.873231,4452d828f84c6a2b2dee9c7a81e6c102_shot_001_000,ssim,full,0.94588125
21,0.873231,4452d828f84c6a2b2dee9c7a81e6c102_shot_001_000,lpips,mouth,0.07772768
21,0.873231,4452d828f84c6a2b2dee9c7a81e6c102_shot_001_000,lpips,full,0.05039743
21,0.873231,4452d828f84c6a2b2dee9c7a81e6c102_shot_001_000,sharpness,mouth,18.1404
21,0.873231,4452d828f84c6a2b2dee9c7a81e6c102_shot_001_000,lmd,mouth,3.436200
21,0.873231,4452d828f84c6a2b2dee9c7a81e6c102_shot_001_000,sync_d,mouth,7.571179
21,0.873231,4452d828f84c6a2b2dee9c7a81e6c102_shot_001_000,sync_c,mouth,7.316868
22,0.863931,4452d828f84c6a2b2dee9c7a81e6c102_shot_001_000,pixel_mse,mouth,0.00293326
22,0.863931,4452d828f84c6a2b2dee9c7a81e6c102_shot_001_000,pixel_mse,upper_face,0.00008972
22,0.863931,4452d828f84c6a2b2dee9c7a81e6c102_shot_001_000,pixel_mse,full,0.00124703
22,0.863931,4452d828f84c6a2b2dee9c7a81e6c102_shot_001_000,ssim,mouth,0.90571207
22,0.863931,4452d828f84c6a2b2dee9c7a81e6c102_shot_001_000,ssim,upper_face,0.97318661
22,0.863931,4452d828f84c6a2b2dee9c7a81e6c102_shot_001_000,ssim,full,0.94572479
22,0.863931,4452d828f84c6a2b2dee9c7a81e6c102_shot_001_000,lpips,mouth,0.07774551
22,0.863931,4452d828f84c6a2b2dee9c7a81e6c102_shot_001_000,lpips,full,0.05038223
22,0.863931,4452d828f84c6a2b2dee9c7a81e6c102_shot_001_000,sharpness,mouth,18.1368
22,0.863931,4452d828f84c6a2b2dee9c7a81e6c102_shot_001_000,lmd,mouth,3.362520
22,0.863931,4452d828f84c6a2b2dee9c7a81e6c102_shot_001_000,sync_d,mouth,7.476674
22,0.863931,4452d828f84c6a2b2dee9c7a81e6c102_shot_001_000,sync_c,mouth,7.446680
23,0.854160,4452d828f84c6a2b2dee9c7a81e6c102_shot_001_000,pixel_mse,mouth,0.00295046
23,0.854160,4452d828f84c6a2b2dee9c7a81e6c102_shot_001_000,pixel_mse,upper_face,0.00008859
23,0.854160,4452d828f84c6a2b2dee9c7a81e6c102_shot_001_000,pixel_mse,full,0.00125337
23,0.854160,4452d828f84c6a2b2dee9c7a81e6c102_shot_001_000,ssim,mouth,0.90541404
23,0.854160,4452d828f84c6a2b2dee9c7a81e6c102_shot_001_000,ssim,upper_face,0.97331518
23,0.854160,4452d828f84c6a2b2dee9c7a81e6c102_shot_001_000,ssim,full,0.94567955
23,0.854160,4452d828f84c6a2b2dee9c7a81e6c102_shot_001_000,lpips,mouth,0.07765571
23,0.854160,4452d828f84c6a2b2dee9c7a81e6c102_shot_001_000,lpips,full,0.05030740
23,0.854160,4452d828f84c6a2b2dee9c7a81e6c102_shot_001_000,sharpness,mouth,18.0584
23,0.854160,4452d828f84c6a2b2dee9c7a81e6c102_shot_001_000,lmd,mouth,3.410498
23,0.854160,4452d828f84c6a2b2dee9c7a81e6c102_shot_001_000,sync_d,mouth,7.487126
23,0.854160,4452d828f84c6a2b2dee9c7a81e6c102_shot_001_000,sync_c,mouth,7.359088
24,0.843882,4452d828f84c6a2b2dee9c7a81e6c102_shot_001_000,pixel_mse,mouth,0.00298431
24,0.843882,4452d828f84c6a2b2dee9c7a81e6c102_shot_001_000,pixel_mse,upper_face,0.00008870
24,0.843882,4452d828f84c6a2b2dee9c7a81e6c102_shot_001_000,pixel_mse,full,0.00126721
24,0.843882,4452d828f84c6a2b2dee9c7a81e6c102_shot_001_000,ssim,mouth,0.90488482
24,0.843882,4452d828f84c6a2b2dee9c7a81e6c102_shot_001_000,ssim,upper_face,0.97334045
24,0.843882,4452d828f84c6a2b2dee9c7a81e6c102_shot_001_000,ssim,full,0.94547921
24,0.843882,4452d828f84c6a2b2dee9c7a81e6c102_shot_001_000,lpips,mouth,0.07756061
24,0.843882,4452d828f84c6a2b2dee9c7a81e6c102_shot_001_000,lpips,full,0.05034499
24,0.843882,4452d828f84c6a2b2dee9c7a81e6c102_shot_001_000,sharpness,mouth,18.1285
24,0.843882,4452d828f84c6a2b2dee9c7a81e6c102_shot_001_000,lmd,mouth,3.392647
24,0.843882,4452d828f84c6a2b2dee9c7a81e6c102_shot_001_000,sync_d,mouth,7.492716
24,0.843882,4452d828f84c6a2b2dee9c7a81e6c102_shot_001_000,sync_c,mouth,7.429949
25,0.833055,4452d828f84c6a2b2dee9c7a81e6c102_shot_001_000,pixel_mse,mouth,0.00377418
25,0.833055,4452d828f84c6a2b2dee9c7a81e6c102_shot_001_000,pixel_mse,upper_face,0.00010635
25,0.833055,4452d828f84c6a2b2dee9c7a81e6c102_shot_001_000,pixel_mse,full,0.00159915
25,0.833055,4452d828f84c6a2b2dee9c7a81e6c102_shot_001_000,ssim,mouth,0.89206618
25,0.833055,4452d828f84c6a2b2dee9c7a81e6c102_shot_001_000,ssim,upper_face,0.97044361
25,0.833055,4452d828f84c6a2b2dee9c7a81e6c102_shot_001_000,ssim,full,0.93854421
25,0.833055,4452d828f84c6a2b2dee9c7a81e6c102_shot_001_000,lpips,mouth,0.08128602
25,0.833055,4452d828f84c6a2b2dee9c7a81e6c102_shot_001_000,lpips,full,0.05351752
25,0.833055,4452d828f84c6a2b2dee9c7a81e6c102_shot_001_000,sharpness,mouth,17.9781
25,0.833055,4452d828f84c6a2b2dee9c7a81e6c102_shot_001_000,lmd,mouth,3.521678
25,0.833055,4452d828f84c6a2b2dee9c7a81e6c102_shot_001_000,sync_d,mouth,6.006444
25,0.833055,4452d828f84c6a2b2dee9c7a81e6c102_shot_001_000,sync_c,mouth,8.860262
26,0.821636,4452d828f84c6a2b2dee9c7a81e6c102_shot_001_000,pixel_mse,mouth,0.00369924
26,0.821636,4452d828f84c6a2b2dee9c7a81e6c102_shot_001_000,pixel_mse,upper_face,0.00010487
26,0.821636,4452d828f84c6a2b2dee9c7a81e6c102_shot_001_000,pixel_mse,full,0.00156777
26,0.821636,4452d828f84c6a2b2dee9c7a81e6c102_shot_001_000,ssim,mouth,0.89230067
26,0.821636,4452d828f84c6a2b2dee9c7a81e6c102_shot_001_000,ssim,upper_face,0.97059482
26,0.821636,4452d828f84c6a2b2dee9c7a81e6c102_shot_001_000,ssim,full,0.93872935
26,0.821636,4452d828f84c6a2b2dee9c7a81e6c102_shot_001_000,lpips,mouth,0.08047755
26,0.821636,4452d828f84c6a2b2dee9c7a81e6c102_shot_001_000,lpips,full,0.05289876
26,0.821636,4452d828f84c6a2b2dee9c7a81e6c102_shot_001_000,sharpness,mouth,18.1782
26,0.821636,4452d828f84c6a2b2dee9c7a81e6c102_shot_001_000,lmd,mouth,3.485591
26,0.821636,4452d828f84c6a2b2dee9c7a81e6c102_shot_001_000,sync_d,mouth,5.997418
26,0.821636,4452d828f84c6a2b2dee9c7a81e6c102_shot_001_000,sync_c,mouth,8.828281
27,0.809574,4452d828f84c6a2b2dee9c7a81e6c102_shot_001_000,pixel_mse,mouth,0.00365960
27,0.809574,4452d828f84c6a2b2dee9c7a81e6c102_shot_001_000,pixel_mse,upper_face,0.00010425
27,0.809574,4452d828f84c6a2b2dee9c7a81e6c102_shot_001_000,pixel_mse,full,0.00155127
27,0.809574,4452d828f84c6a2b2dee9c7a81e6c102_shot_001_000,ssim,mouth,0.89251089
27,0.809574,4452d828f84c6a2b2dee9c7a81e6c102_shot_001_000,ssim,upper_face,0.97070885
27,0.809574,4452d828f84c6a2b2dee9c7a81e6c102_shot_001_000,ssim,full,0.93888241
27,0.809574,4452d828f84c6a2b2dee9c7a81e6c102_shot_001_000,lpips,mouth,0.07989714
27,0.809574,4452d828f84c6a2b2dee9c7a81e6c102_shot_001_000,lpips,full,0.05271629
27,0.809574,4452d828f84c6a2b2dee9c7a81e6c102_shot_001_000,sharpness,mouth,18.2935
27,0.809574,4452d828f84c6a2b2dee9c7a81e6c102_shot_001_000,lmd,mouth,3.517264
27,0.809574,4452d828f84c6a2b2dee9c7a81e6c102_shot_001_000,sync_d,mouth,5.966608
27,0.809574,4452d828f84c6a2b2dee9c7a81e6c102_shot_001_000,sync_c,mouth,8.884146
28,0.796812,4452d828f84c6a2b2dee9c7a81e6c102_shot_001_000,pixel_mse,mouth,0.00357201
28,0.796812,4452d828f84c6a2b2dee9c7a81e6c102_shot_001_000,pixel_mse,upper_face,0.00010352
28,0.796812,4452d828f84c6a2b2dee9c7a81e6c102_shot_001_000,pixel_mse,full,0.00151518
28,0.796812,4452d828f84c6a2b2dee9c7a81e6c102_shot_001_000,ssim,mouth,0.89306492
28,0.796812,4452d828f84c6a2b2dee9c7a81e6c102_shot_001_000,ssim,upper_face,0.97079951
28,0.796812,4452d828f84c6a2b2dee9c7a81e6c102_shot_001_000,ssim,full,0.93916172
28,0.796812,4452d828f84c6a2b2dee9c7a81e6c102_shot_001_000,lpips,mouth,0.07894334
28,0.796812,4452d828f84c6a2b2dee9c7a81e6c102_shot_001_000,lpips,full,0.05203510
28,0.796812,4452d828f84c6a2b2dee9c7a81e6c102_shot_001_000,sharpness,mouth,18.4058
28,0.796812,4452d828f84c6a2b2dee9c7a81e6c102_shot_001_000,lmd,mouth,3.476458
28,0.796812,4452d828f84c6a2b2dee9c7a81e6c102_shot_001_000,sync_d,mouth,5.957036
28,0.796812,4452d828f84c6a2b2dee9c7a81e6c102_shot_001_000,sync_c,mouth,8.961248
29,0.783290,4452d828f84c6a2b2dee9c7a81e6c102_shot_001_000,pixel_mse,mouth,0.00352990
29,0.783290,4452d828f84c6a2b2dee9c7a81e6c102_shot_001_000,pixel_mse,upper_face,0.00010225
29,0.783290,4452d828f84c6a2b2dee9c7a81e6c102_shot_001_000,pixel_mse,full,0.00149729
29,0.783290,4452d828f84c6a2b2dee9c7a81e6c102_shot_001_000,ssim,mouth,0.89328408
29,0.783290,4452d828f84c6a2b2dee9c7a81e6c102_shot_001_000,ssim,upper_face,0.97094178
29,0.783290,4452d828f84c6a2b2dee9c7a81e6c102_shot_001_000,ssim,full,0.93933541
29,0.783290,4452d828f84c6a2b2dee9c7a81e6c102_shot_001_000,lpips,mouth,0.07853212
29,0.783290,4452d828f84c6a2b2dee9c7a81e6c102_shot_001_000,lpips,full,0.05164348
29,0.783290,4452d828f84c6a2b2dee9c7a81e6c102_shot_001_000,sharpness,mouth,18.3922
29,0.783290,4452d828f84c6a2b2dee9c7a81e6c102_shot_001_000,lmd,mouth,3.490041
29,0.783290,4452d828f84c6a2b2dee9c7a81e6c102_shot_001_000,sync_d,mouth,6.068799
29,0.783290,4452d828f84c6a2b2dee9c7a81e6c102_shot_001_000,sync_c,mouth,8.899282
30,0.768935,4452d828f84c6a2b2dee9c7a81e6c102_shot_001_000,pixel_mse,mouth,0.00350658
30,0.768935,4452d828f84c6a2b2dee9c7a81e6c102_shot_001_000,pixel_mse,upper_face,0.00010241
30,0.768935,4452d828f84c6a2b2dee9c7a81e6c102_shot_001_000,pixel_mse,full,0.00148790
30,0.768935,4452d828f84c6a2b2dee9c7a81e6c102_shot_001_000,ssim,mouth,0.89342159
30,0.768935,4452d828f84c6a2b2dee9c7a81e6c102_shot_001_000,ssim,upper_face,0.97098947
30,0.768935,4452d828f84c6a2b2dee9c7a81e6c102_shot_001_000,ssim,full,0.93941951
30,0.768935,4452d828f84c6a2b2dee9c7a81e6c102_shot_001_000,lpips,mouth,0.07844708
30,0.768935,4452d828f84c6a2b2dee9c7a81e6c102_shot_001_000,lpips,full,0.05163498
30,0.768935,4452d828f84c6a2b2dee9c7a81e6c102_shot_001_000,sharpness,mouth,18.3590
30,0.768935,4452d828f84c6a2b2dee9c7a81e6c102_shot_001_000,lmd,mouth,3.401151
30,0.768935,4452d828f84c6a2b2dee9c7a81e6c102_shot_001_000,sync_d,mouth,6.031046
30,0.768935,4452d828f84c6a2b2dee9c7a81e6c102_shot_001_000,sync_c,mouth,8.858738
31,0.753669,4452d828f84c6a2b2dee9c7a81e6c102_shot_001_000,pixel_mse,mouth,0.00346789
31,0.753669,4452d828f84c6a2b2dee9c7a81e6c102_shot_001_000,pixel_mse,upper_face,0.00010069
31,0.753669,4452d828f84c6a2b2dee9c7a81e6c102_shot_001_000,pixel_mse,full,0.00147113
31,0.753669,4452d828f84c6a2b2dee9c7a81e6c102_shot_001_000,ssim,mouth,0.89395487
31,0.753669,4452d828f84c6a2b2dee9c7a81e6c102_shot_001_000,ssim,upper_face,0.97114062
31,0.753669,4452d828f84c6a2b2dee9c7a81e6c102_shot_001_000,ssim,full,0.93972629
31,0.753669,4452d828f84c6a2b2dee9c7a81e6c102_shot_001_000,lpips,mouth,0.07846456
31,0.753669,4452d828f84c6a2b2dee9c7a81e6c102_shot_001_000,lpips,full,0.05149615
31,0.753669,4452d828f84c6a2b2dee9c7a81e6c102_shot_001_000,sharpness,mouth,18.1250
31,0.753669,4452d828f84c6a2b2dee9c7a81e6c102_shot_001_000,lmd,mouth,3.436388
31,0.753669,4452d828f84c6a2b2dee9c7a81e6c102_shot_001_000,sync_d,mouth,6.106116
31,0.753669,4452d828f84c6a2b2dee9c7a81e6c102_shot_001_000,sync_c,mouth,8.841652
32,0.737402,4452d828f84c6a2b2dee9c7a81e6c102_shot_001_000,pixel_mse,mouth,0.00346311
32,0.737402,4452d828f84c6a2b2dee9c7a81e6c102_shot_001_000,pixel_mse,upper_face,0.00010024
32,0.737402,4452d828f84c6a2b2dee9c7a81e6c102_shot_001_000,pixel_mse,full,0.00146892
32,0.737402,4452d828f84c6a2b2dee9c7a81e6c102_shot_001_000,ssim,mouth,0.89376616
32,0.737402,4452d828f84c6a2b2dee9c7a81e6c102_shot_001_000,ssim,upper_face,0.97122335
32,0.737402,4452d828f84c6a2b2dee9c7a81e6c102_shot_001_000,ssim,full,0.93969828
32,0.737402,4452d828f84c6a2b2dee9c7a81e6c102_shot_001_000,lpips,mouth,0.07825374
32,0.737402,4452d828f84c6a2b2dee9c7a81e6c102_shot_001_000,lpips,full,0.05135014
32,0.737402,4452d828f84c6a2b2dee9c7a81e6c102_shot_001_000,sharpness,mouth,18.1805
32,0.737402,4452d828f84c6a2b2dee9c7a81e6c102_shot_001_000,lmd,mouth,3.373564
32,0.737402,4452d828f84c6a2b2dee9c7a81e6c102_shot_001_000,sync_d,mouth,6.111143
32,0.737402,4452d828f84c6a2b2dee9c7a81e6c102_shot_001_000,sync_c,mouth,8.869423
33,0.720034,4452d828f84c6a2b2dee9c7a81e6c102_shot_001_000,pixel_mse,mouth,0.00344383
33,0.720034,4452d828f84c6a2b2dee9c7a81e6c102_shot_001_000,pixel_mse,upper_face,0.00009932
33,0.720034,4452d828f84c6a2b2dee9c7a81e6c102_shot_001_000,pixel_mse,full,0.00146053
33,0.720034,4452d828f84c6a2b2dee9c7a81e6c102_shot_001_000,ssim,mouth,0.89401650
33,0.720034,4452d828f84c6a2b2dee9c7a81e6c102_shot_001_000,ssim,upper_face,0.97135651
33,0.720034,4452d828f84c6a2b2dee9c7a81e6c102_shot_001_000,ssim,full,0.93987936
33,0.720034,4452d828f84c6a2b2dee9c7a81e6c102_shot_001_000,lpips,mouth,0.07848898
33,0.720034,4452d828f84c6a2b2dee9c7a81e6c102_shot_001_000,lpips,full,0.05155669
33,0.720034,4452d828f84c6a2b2dee9c7a81e6c102_shot_001_000,sharpness,mouth,18.3321
33,0.720034,4452d828f84c6a2b2dee9c7a81e6c102_shot_001_000,lmd,mouth,3.357849
33,0.720034,4452d828f84c6a2b2dee9c7a81e6c102_shot_001_000,sync_d,mouth,6.143507
33,0.720034,4452d828f84c6a2b2dee9c7a81e6c102_shot_001_000,sync_c,mouth,8.847857
34,0.701446,4452d828f84c6a2b2dee9c7a81e6c102_shot_001_000,pixel_mse,mouth,0.00343354
34,0.701446,4452d828f84c6a2b2dee9c7a81e6c102_shot_001_000,pixel_mse,upper_face,0.00009837
34,0.701446,4452d828f84c6a2b2dee9c7a81e6c102_shot_001_000,pixel_mse,full,0.00145578
34,0.701446,4452d828f84c6a2b2dee9c7a81e6c102_shot_001_000,ssim,mouth,0.89404589
34,0.701446,4452d828f84c6a2b2dee9c7a81e6c102_shot_001_000,ssim,upper_face,0.97145361
34,0.701446,4452d828f84c6a2b2dee9c7a81e6c102_shot_001_000,ssim,full,0.93994892
34,0.701446,4452d828f84c6a2b2dee9c7a81e6c102_shot_001_000,lpips,mouth,0.07851516
34,0.701446,4452d828f84c6a2b2dee9c7a81e6c102_shot_001_000,lpips,full,0.05145284
34,0.701446,4452d828f84c6a2b2dee9c7a81e6c102_shot_001_000,sharpness,mouth,18.3706
34,0.701446,4452d828f84c6a2b2dee9c7a81e6c102_shot_001_000,lmd,mouth,3.390916
34,0.701446,4452d828f84c6a2b2dee9c7a81e6c102_shot_001_000,sync_d,mouth,6.209276
34,0.701446,4452d828f84c6a2b2dee9c7a81e6c102_shot_001_000,sync_c,mouth,8.813869
35,0.681508,4452d828f84c6a2b2dee9c7a81e6c102_shot_001_000,pixel_mse,mouth,0.00344068
35,0.681508,4452d828f84c6a2b2dee9c7a81e6c102_shot_001_000,pixel_mse,upper_face,0.00009806
35,0.681508,4452d828f84c6a2b2dee9c7a81e6c102_shot_001_000,pixel_mse,full,0.00145850
35,0.681508,4452d828f84c6a2b2dee9c7a81e6c102_shot_001_000,ssim,mouth,0.89385629
35,0.681508,4452d828f84c6a2b2dee9c7a81e6c102_shot_001_000,ssim,upper_face,0.97157276
35,0.681508,4452d828f84c6a2b2dee9c7a81e6c102_shot_001_000,ssim,full,0.93994236
35,0.681508,4452d828f84c6a2b2dee9c7a81e6c102_shot_001_000,lpips,mouth,0.07874676
35,0.681508,4452d828f84c6a2b2dee9c7a81e6c102_shot_001_000,lpips,full,0.05158031
35,0.681508,4452d828f84c6a2b2dee9c7a81e6c102_shot_001_000,sharpness,mouth,18.3668
35,0.681508,4452d828f84c6a2b2dee9c7a81e6c102_shot_001_000,lmd,mouth,3.436227
35,0.681508,4452d828f84c6a2b2dee9c7a81e6c102_shot_001_000,sync_d,mouth,6.273294
35,0.681508,4452d828f84c6a2b2dee9c7a81e6c102_shot_001_000,sync_c,mouth,8.835867
36,0.660066,4452d828f84c6a2b2dee9c7a81e6c102_shot_001_000,pixel_mse,mouth,0.00345106
36,0.660066,4452d828f84c6a2b2dee9c7a81e6c102_shot_001_000,pixel_mse,upper_face,0.00009686
36,0.660066,4452d828f84c6a2b2dee9c7a81e6c102_shot_001_000,pixel_mse,full,0.00146201
36,0.660066,4452d828f84c6a2b2dee9c7a81e6c102_shot_001_000,ssim,mouth,0.89380080
36,0.660066,4452d828f84c6a2b2dee9c7a81e6c102_shot_001_000,ssim,upper_face,0.97167403
36,0.660066,4452d828f84c6a2b2dee9c7a81e6c102_shot_001_000,ssim,full,0.93997985
36,0.660066,4452d828f84c6a2b2dee9c7a81e6c102_shot_001_000,lpips,mouth,0.07864500
36,0.660066,4452d828f84c6a2b2dee9c7a81e6c102_shot_001_000,lpips,full,0.05144939
36,0.660066,4452d828f84c6a2b2dee9c7a81e6c102_shot_001_000,sharpness,mouth,18.3584
36,0.660066,4452d828f84c6a2b2dee9c7a81e6c102_shot_001_000,lmd,mouth,3.412372
36,0.660066,4452d828f84c6a2b2dee9c7a81e6c102_shot_001_000,sync_d,mouth,6.299703
36,0.660066,4452d828f84c6a2b2dee9c7a81e6c102_shot_001_000,sync_c,mouth,8.753738
37,0.636942,4452d828f84c6a2b2dee9c7a81e6c102_shot_001_000,pixel_mse,mouth,0.00346569
37,0.636942,4452d828f84c6a2b2dee9c7a81e6c102_shot_001_000,pixel_mse,upper_face,0.00009680
37,0.636942,4452d828f84c6a2b2dee9c7a81e6c102_shot_001_000,pixel_mse,full,0.00146793
37,0.636942,4452d828f84c6a2b2dee9c7a81e6c102_shot_001_000,ssim,mouth,0.89312238
37,0.636942,4452d828f84c6a2b2dee9c7a81e6c102_shot_001_000,ssim,upper_face,0.97175437
37,0.636942,4452d828f84c6a2b2dee9c7a81e6c102_shot_001_000,ssim,full,0.93975145
37,0.636942,4452d828f84c6a2b2dee9c7a81e6c102_shot_001_000,lpips,mouth,0.07898960
37,0.636942,4452d828f84c6a2b2dee9c7a81e6c102_shot_001_000,lpips,full,0.05163825
37,0.636942,4452d828f84c6a2b2dee9c7a81e6c102_shot_001_000,sharpness,mouth,18.2823
37,0.636942,4452d828f84c6a2b2dee9c7a81e6c102_shot_001_000,lmd,mouth,3.470210
37,0.636942,4452d828f84c6a2b2dee9c7a81e6c102_shot_001_000,sync_d,mouth,6.360553
37,0.636942,4452d828f84c6a2b2dee9c7a81e6c102_shot_001_000,sync_c,mouth,8.577208
38,0.611932,4452d828f84c6a2b2dee9c7a81e6c102_shot_001_000,pixel_mse,mouth,0.00347577
38,0.611932,4452d828f84c6a2b2dee9c7a81e6c102_shot_001_000,pixel_mse,upper_face,0.00009537
38,0.611932,4452d828f84c6a2b2dee9c7a81e6c102_shot_001_000,pixel_mse,full,0.00147119
38,0.611932,4452d828f84c6a2b2dee9c7a81e6c102_shot_001_000,ssim,mouth,0.89303195
38,0.611932,4452d828f84c6a2b2dee9c7a81e6c102_shot_001_000,ssim,upper_face,0.97187370
38,0.611932,4452d828f84c6a2b2dee9c7a81e6c102_shot_001_000,ssim,full,0.93978536
38,0.611932,4452d828f84c6a2b2dee9c7a81e6c102_shot_001_000,lpips,mouth,0.07915701
38,0.611932,4452d828f84c6a2b2dee9c7a81e6c102_shot_001_000,lpips,full,0.05170306
38,0.611932,4452d828f84c6a2b2dee9c7a81e6c102_shot_001_000,sharpness,mouth,18.4523
38,0.611932,4452d828f84c6a2b2dee9c7a81e6c102_shot_001_000,lmd,mouth,3.426569
38,0.611932,4452d828f84c6a2b2dee9c7a81e6c102_shot_001_000,sync_d,mouth,6.442781
38,0.611932,4452d828f84c6a2b2dee9c7a81e6c102_shot_001_000,sync_c,mouth,8.594767
39,0.584795,4452d828f84c6a2b2dee9c7a81e6c102_shot_001_000,pixel_mse,mouth,0.00349416
39,0.584795,4452d828f84c6a2b2dee9c7a81e6c102_shot_001_000,pixel_mse,upper_face,0.00009471
39,0.584795,4452d828f84c6a2b2dee9c7a81e6c102_shot_001_000,pixel_mse,full,0.00147828
39,0.584795,4452d828f84c6a2b2dee9c7a81e6c102_shot_001_000,ssim,mouth,0.89237863
39,0.584795,4452d828f84c6a2b2dee9c7a81e6c102_shot_001_000,ssim,upper_face,0.97197169
39,0.584795,4452d828f84c6a2b2dee9c7a81e6c102_shot_001_000,ssim,full,0.93957746
39,0.584795,4452d828f84c6a2b2dee9c7a81e6c102_shot_001_000,lpips,mouth,0.07960590
39,0.584795,4452d828f84c6a2b2dee9c7a81e6c102_shot_001_000,lpips,full,0.05182276
39,0.584795,4452d828f84c6a2b2dee9c7a81e6c102_shot_001_000,sharpness,mouth,18.1678
39,0.584795,4452d828f84c6a2b2dee9c7a81e6c102_shot_001_000,lmd,mouth,3.427778
39,0.584795,4452d828f84c6a2b2dee9c7a81e6c102_shot_001_000,sync_d,mouth,6.577619
39,0.584795,4452d828f84c6a2b2dee9c7a81e6c102_shot_001_000,sync_c,mouth,8.534473
40,0.555247,4452d828f84c6a2b2dee9c7a81e6c102_shot_001_000,pixel_mse,mouth,0.00350359
40,0.555247,4452d828f84c6a2b2dee9c7a81e6c102_shot_001_000,pixel_mse,upper_face,0.00009460
40,0.555247,4452d828f84c6a2b2dee9c7a81e6c102_shot_001_000,pixel_mse,full,0.00148205
40,0.555247,4452d828f84c6a2b2dee9c7a81e6c102_shot_001_000,ssim,mouth,0.89191097
40,0.555247,4452d828f84c6a2b2dee9c7a81e6c102_shot_001_000,ssim,upper_face,0.97205478
40,0.555247,4452d828f84c6a2b2dee9c7a81e6c102_shot_001_000,ssim,full,0.93943644
40,0.555247,4452d828f84c6a2b2dee9c7a81e6c102_shot_001_000,lpips,mouth,0.07972638
40,0.555247,4452d828f84c6a2b2dee9c7a81e6c102_shot_001_000,lpips,full,0.05186467
40,0.555247,4452d828f84c6a2b2dee9c7a81e6c102_shot_001_000,sharpness,mouth,18.0649
40,0.555247,4452d828f84c6a2b2dee9c7a81e6c102_shot_001_000,lmd,mouth,3.440860
40,0.555247,4452d828f84c6a2b2dee9c7a81e6c102_shot_001_000,sync_d,mouth,6.562459
40,0.555247,4452d828f84c6a2b2dee9c7a81e6c102_shot_001_000,sync_c,mouth,8.472950
41,0.522951,4452d828f84c6a2b2dee9c7a81e6c102_shot_001_000,pixel_mse,mouth,0.00353394
41,0.522951,4452d828f84c6a2b2dee9c7a81e6c102_shot_001_000,pixel_mse,upper_face,0.00009419
41,0.522951,4452d828f84c6a2b2dee9c7a81e6c102_shot_001_000,pixel_mse,full,0.00149416
41,0.522951,4452d828f84c6a2b2dee9c7a81e6c102_shot_001_000,ssim,mouth,0.89130974
41,0.522951,4452d828f84c6a2b2dee9c7a81e6c102_shot_001_000,ssim,upper_face,0.97222024
41,0.522951,4452d828f84c6a2b2dee9c7a81e6c102_shot_001_000,ssim,full,0.93928981
41,0.522951,4452d828f84c6a2b2dee9c7a81e6c102_shot_001_000,lpips,mouth,0.08012944
41,0.522951,4452d828f84c6a2b2dee9c7a81e6c102_shot_001_000,lpips,full,0.05218926
41,0.522951,4452d828f84c6a2b2dee9c7a81e6c102_shot_001_000,sharpness,mouth,18.3518
41,0.522951,4452d828f84c6a2b2dee9c7a81e6c102_shot_001_000,lmd,mouth,3.479033
41,0.522951,4452d828f84c6a2b2dee9c7a81e6c102_shot_001_000,sync_d,mouth,6.621894
41,0.522951,4452d828f84c6a2b2dee9c7a81e6c102_shot_001_000,sync_c,mouth,8.442179
42,0.487507,4452d828f84c6a2b2dee9c7a81e6c102_shot_001_000,pixel_mse,mouth,0.00354909
42,0.487507,4452d828f84c6a2b2dee9c7a81e6c102_shot_001_000,pixel_mse,upper_face,0.00009425
42,0.487507,4452d828f84c6a2b2dee9c7a81e6c102_shot_001_000,pixel_mse,full,0.00150036
42,0.487507,4452d828f84c6a2b2dee9c7a81e6c102_shot_001_000,ssim,mouth,0.89067549
42,0.487507,4452d828f84c6a2b2dee9c7a81e6c102_shot_001_000,ssim,upper_face,0.97228253
42,0.487507,4452d828f84c6a2b2dee9c7a81e6c102_shot_001_000,ssim,full,0.93906862
42,0.487507,4452d828f84c6a2b2dee9c7a81e6c102_shot_001_000,lpips,mouth,0.08044967
42,0.487507,4452d828f84c6a2b2dee9c7a81e6c102_shot_001_000,lpips,full,0.05227346
42,0.487507,4452d828f84c6a2b2dee9c7a81e6c102_shot_001_000,sharpness,mouth,18.2943
42,0.487507,4452d828f84c6a2b2dee9c7a81e6c102_shot_001_000,lmd,mouth,3.493261
42,0.487507,4452d828f84c6a2b2dee9c7a81e6c102_shot_001_000,sync_d,mouth,6.696043
42,0.487507,4452d828f84c6a2b2dee9c7a81e6c102_shot_001_000,sync_c,mouth,8.379314
43,0.448430,4452d828f84c6a2b2dee9c7a81e6c102_shot_001_000,pixel_mse,mouth,0.00358062
43,0.448430,4452d828f84c6a2b2dee9c7a81e6c102_shot_001_000,pixel_mse,upper_face,0.00009413
43,0.448430,4452d828f84c6a2b2dee9c7a81e6c102_shot_001_000,pixel_mse,full,0.00151313
43,0.448430,4452d828f84c6a2b2dee9c7a81e6c102_shot_001_000,ssim,mouth,0.88973057
43,0.448430,4452d828f84c6a2b2dee9c7a81e6c102_shot_001_000,ssim,upper_face,0.97236991
43,0.448430,4452d828f84c6a2b2dee9c7a81e6c102_shot_001_000,ssim,full,0.93873596
43,0.448430,4452d828f84c6a2b2dee9c7a81e6c102_shot_001_000,lpips,mouth,0.08063775
43,0.448430,4452d828f84c6a2b2dee9c7a81e6c102_shot_001_000,lpips,full,0.05241645
43,0.448430,4452d828f84c6a2b2dee9c7a81e6c102_shot_001_000,sharpness,mouth,18.2148
43,0.448430,4452d828f84c6a2b2dee9c7a81e6c102_shot_001_000,lmd,mouth,3.527309
43,0.448430,4452d828f84c6a2b2dee9c7a81e6c102_shot_001_000,sync_d,mouth,6.657911
43,0.448430,4452d828f84c6a2b2dee9c7a81e6c102_shot_001_000,sync_c,mouth,8.380027
44,0.405131,4452d828f84c6a2b2dee9c7a81e6c102_shot_001_000,pixel_mse,mouth,0.00360180
44,0.405131,4452d828f84c6a2b2dee9c7a81e6c102_shot_001_000,pixel_mse,upper_face,0.00009335
44,0.405131,4452d828f84c6a2b2dee9c7a81e6c102_shot_001_000,pixel_mse,full,0.00152128
44,0.405131,4452d828f84c6a2b2dee9c7a81e6c102_shot_001_000,ssim,mouth,0.88879025
44,0.405131,4452d828f84c6a2b2dee9c7a81e6c102_shot_001_000,ssim,upper_face,0.97243983
44,0.405131,4452d828f84c6a2b2dee9c7a81e6c102_shot_001_000,ssim,full,0.93839455
44,0.405131,4452d828f84c6a2b2dee9c7a81e6c102_shot_001_000,lpips,mouth,0.08086312
44,0.405131,4452d828f84c6a2b2dee9c7a81e6c102_shot_001_000,lpips,full,0.05253265
44,0.405131,4452d828f84c6a2b2dee9c7a81e6c102_shot_001_000,sharpness,mouth,18.1602
44,0.405131,4452d828f84c6a2b2dee9c7a81e6c102_shot_001_000,lmd,mouth,3.514313
44,0.405131,4452d828f84c6a2b2dee9c7a81e6c102_shot_001_000,sync_d,mouth,6.718027
44,0.405131,4452d828f84c6a2b2dee9c7a81e6c102_shot_001_000,sync_c,mouth,8.364697
45,0.356888,4452d828f84c6a2b2dee9c7a81e6c102_shot_001_000,pixel_mse,mouth,0.00364280
45,0.356888,4452d828f84c6a2b2dee9c7a81e6c102_shot_001_000,pixel_mse,upper_face,0.00009338
45,0.356888,4452d828f84c6a2b2dee9c7a81e6c102_shot_001_000,pixel_mse,full,0.00153798
45,0.356888,4452d828f84c6a2b2dee9c7a81e6c102_shot_001_000,ssim,mouth,0.88770127
45,0.356888,4452d828f84c6a2b2dee9c7a81e6c102_shot_001_000,ssim,upper_face,0.97254962
45,0.356888,4452d828f84c6a2b2dee9c7a81e6c102_shot_001_000,ssim,full,0.93801653
45,0.356888,4452d828f84c6a2b2dee9c7a81e6c102_shot_001_000,lpips,mouth,0.08123730
45,0.356888,4452d828f84c6a2b2dee9c7a81e6c102_shot_001_000,lpips,full,0.05271130
45,0.356888,4452d828f84c6a2b2dee9c7a81e6c102_shot_001_000,sharpness,mouth,17.9401
45,0.356888,4452d828f84c6a2b2dee9c7a81e6c102_shot_001_000,lmd,mouth,3.499322
45,0.356888,4452d828f84c6a2b2dee9c7a81e6c102_shot_001_000,sync_d,mouth,6.786107
45,0.356888,4452d828f84c6a2b2dee9c7a81e6c102_shot_001_000,sync_c,mouth,8.271023
46,0.302801,4452d828f84c6a2b2dee9c7a81e6c102_shot_001_000,pixel_mse,mouth,0.00366236
46,0.302801,4452d828f84c6a2b2dee9c7a81e6c102_shot_001_000,pixel_mse,upper_face,0.00009350
46,0.302801,4452d828f84c6a2b2dee9c7a81e6c102_shot_001_000,pixel_mse,full,0.00154602
46,0.302801,4452d828f84c6a2b2dee9c7a81e6c102_shot_001_000,ssim,mouth,0.88661468
46,0.302801,4452d828f84c6a2b2dee9c7a81e6c102_shot_001_000,ssim,upper_face,0.97258949
46,0.302801,4452d828f84c6a2b2dee9c7a81e6c102_shot_001_000,ssim,full,0.93759787
46,0.302801,4452d828f84c6a2b2dee9c7a81e6c102_shot_001_000,lpips,mouth,0.08186959
46,0.302801,4452d828f84c6a2b2dee9c7a81e6c102_shot_001_000,lpips,full,0.05297389
46,0.302801,4452d828f84c6a2b2dee9c7a81e6c102_shot_001_000,sharpness,mouth,18.0951
46,0.302801,4452d828f84c6a2b2dee9c7a81e6c102_shot_001_000,lmd,mouth,3.476033
46,0.302801,4452d828f84c6a2b2dee9c7a81e6c102_shot_001_000,sync_d,mouth,6.819788
46,0.302801,4452d828f84c6a2b2dee9c7a81e6c102_shot_001_000,sync_c,mouth,8.266550
47,0.241740,4452d828f84c6a2b2dee9c7a81e6c102_shot_001_000,pixel_mse,mouth,0.00369360
47,0.241740,4452d828f84c6a2b2dee9c7a81e6c102_shot_001_000,pixel_mse,upper_face,0.00009347
47,0.241740,4452d828f84c6a2b2dee9c7a81e6c102_shot_001_000,pixel_mse,full,0.00155871
47,0.241740,4452d828f84c6a2b2dee9c7a81e6c102_shot_001_000,ssim,mouth,0.88519996
47,0.241740,4452d828f84c6a2b2dee9c7a81e6c102_shot_001_000,ssim,upper_face,0.97260916
47,0.241740,4452d828f84c6a2b2dee9c7a81e6c102_shot_001_000,ssim,full,0.93703377
47,0.241740,4452d828f84c6a2b2dee9c7a81e6c102_shot_001_000,lpips,mouth,0.08197091
47,0.241740,4452d828f84c6a2b2dee9c7a81e6c102_shot_001_000,lpips,full,0.05338154
47,0.241740,4452d828f84c6a2b2dee9c7a81e6c102_shot_001_000,sharpness,mouth,18.1433
47,0.241740,4452d828f84c6a2b2dee9c7a81e6c102_shot_001_000,lmd,mouth,3.497669
47,0.241740,4452d828f84c6a2b2dee9c7a81e6c102_shot_001_000,sync_d,mouth,6.873834
47,0.241740,4452d828f84c6a2b2dee9c7a81e6c102_shot_001_000,sync_c,mouth,8.237877
48,0.172265,4452d828f84c6a2b2dee9c7a81e6c102_shot_001_000,pixel_mse,mouth,0.00372051
48,0.172265,4452d828f84c6a2b2dee9c7a81e6c102_shot_001_000,pixel_mse,upper_face,0.00009419
48,0.172265,4452d828f84c6a2b2dee9c7a81e6c102_shot_001_000,pixel_mse,full,0.00157009
48,0.172265,4452d828f84c6a2b2dee9c7a81e6c102_shot_001_000,ssim,mouth,0.88350743
48,0.172265,4452d828f84c6a2b2dee9c7a81e6c102_shot_001_000,ssim,upper_face,0.97256225
48,0.172265,4452d828f84c6a2b2dee9c7a81e6c102_shot_001_000,ssim,full,0.93631709
48,0.172265,4452d828f84c6a2b2dee9c7a81e6c102_shot_001_000,lpips,mouth,0.08262713
48,0.172265,4452d828f84c6a2b2dee9c7a81e6c102_shot_001_000,lpips,full,0.05365103
48,0.172265,4452d828f84c6a2b2dee9c7a81e6c102_shot_001_000,sharpness,mouth,18.0936
48,0.172265,4452d828f84c6a2b2dee9c7a81e6c102_shot_001_000,lmd,mouth,3.496196
48,0.172265,4452d828f84c6a2b2dee9c7a81e6c102_shot_001_000,sync_d,mouth,6.825032
48,0.172265,4452d828f84c6a2b2dee9c7a81e6c102_shot_001_000,sync_c,mouth,8.207483
49,0.092507,4452d828f84c6a2b2dee9c7a81e6c102_shot_001_000,pixel_mse,mouth,0.00375159
49,0.092507,4452d828f84c6a2b2dee9c7a81e6c102_shot_001_000,pixel_mse,upper_face,0.00009729
49,0.092507,4452d828f84c6a2b2dee9c7a81e6c102_shot_001_000,pixel_mse,full,0.00158458
49,0.092507,4452d828f84c6a2b2dee9c7a81e6c102_shot_001_000,ssim,mouth,0.88182312
49,0.092507,4452d828f84c6a2b2dee9c7a81e6c102_shot_001_000,ssim,upper_face,0.97228855
49,0.092507,4452d828f84c6a2b2dee9c7a81e6c102_shot_001_000,ssim,full,0.93546933
49,0.092507,4452d828f84c6a2b2dee9c7a81e6c102_shot_001_000,lpips,mouth,0.08317884
49,0.092507,4452d828f84c6a2b2dee9c7a81e6c102_shot_001_000,lpips,full,0.05402094
49,0.092507,4452d828f84c6a2b2dee9c7a81e6c102_shot_001_000,sharpness,mouth,18.1190
49,0.092507,4452d828f84c6a2b2dee9c7a81e6c102_shot_001_000,lmd,mouth,3.486874
49,0.092507,4452d828f84c6a2b2dee9c7a81e6c102_shot_001_000,sync_d,mouth,6.772791
49,0.092507,4452d828f84c6a2b2dee9c7a81e6c102_shot_001_000,sync_c,mouth,8.287502
-1,gt,4d5b044b30051de4f0a6b2dc419ea9ca_shot_001_000,sharpness,mouth,7.9307
-1,gt,4d5b044b30051de4f0a6b2dc419ea9ca_shot_001_000,sync_d,mouth,7.678581
-1,gt,4d5b044b30051de4f0a6b2dc419ea9ca_shot_001_000,sync_c,mouth,6.312716
0,0.999000,4d5b044b30051de4f0a6b2dc419ea9ca_shot_001_000,pixel_mse,mouth,0.00115348
0,0.999000,4d5b044b30051de4f0a6b2dc419ea9ca_shot_001_000,pixel_mse,upper_face,0.00011407
0,0.999000,4d5b044b30051de4f0a6b2dc419ea9ca_shot_001_000,pixel_mse,full,0.00053711
0,0.999000,4d5b044b30051de4f0a6b2dc419ea9ca_shot_001_000,ssim,mouth,0.91818726
0,0.999000,4d5b044b30051de4f0a6b2dc419ea9ca_shot_001_000,ssim,upper_face,0.96763253
0,0.999000,4d5b044b30051de4f0a6b2dc419ea9ca_shot_001_000,ssim,full,0.94750845
0,0.999000,4d5b044b30051de4f0a6b2dc419ea9ca_shot_001_000,lpips,mouth,0.09455838
0,0.999000,4d5b044b30051de4f0a6b2dc419ea9ca_shot_001_000,lpips,full,0.06536737
0,0.999000,4d5b044b30051de4f0a6b2dc419ea9ca_shot_001_000,sharpness,mouth,8.0752
0,0.999000,4d5b044b30051de4f0a6b2dc419ea9ca_shot_001_000,lmd,mouth,3.646380
0,0.999000,4d5b044b30051de4f0a6b2dc419ea9ca_shot_001_000,sync_d,mouth,8.479126
0,0.999000,4d5b044b30051de4f0a6b2dc419ea9ca_shot_001_000,sync_c,mouth,5.697058
1,0.995732,4d5b044b30051de4f0a6b2dc419ea9ca_shot_001_000,pixel_mse,mouth,0.00116300
1,0.995732,4d5b044b30051de4f0a6b2dc419ea9ca_shot_001_000,pixel_mse,upper_face,0.00012852
1,0.995732,4d5b044b30051de4f0a6b2dc419ea9ca_shot_001_000,pixel_mse,full,0.00054955
1,0.995732,4d5b044b30051de4f0a6b2dc419ea9ca_shot_001_000,ssim,mouth,0.91777384
1,0.995732,4d5b044b30051de4f0a6b2dc419ea9ca_shot_001_000,ssim,upper_face,0.96727198
1,0.995732,4d5b044b30051de4f0a6b2dc419ea9ca_shot_001_000,ssim,full,0.94712615
1,0.995732,4d5b044b30051de4f0a6b2dc419ea9ca_shot_001_000,lpips,mouth,0.09452564
1,0.995732,4d5b044b30051de4f0a6b2dc419ea9ca_shot_001_000,lpips,full,0.06562892
1,0.995732,4d5b044b30051de4f0a6b2dc419ea9ca_shot_001_000,sharpness,mouth,8.0793
1,0.995732,4d5b044b30051de4f0a6b2dc419ea9ca_shot_001_000,lmd,mouth,3.638111
1,0.995732,4d5b044b30051de4f0a6b2dc419ea9ca_shot_001_000,sync_d,mouth,8.605966
1,0.995732,4d5b044b30051de4f0a6b2dc419ea9ca_shot_001_000,sync_c,mouth,5.513497
2,0.991530,4d5b044b30051de4f0a6b2dc419ea9ca_shot_001_000,pixel_mse,mouth,0.00115973
2,0.991530,4d5b044b30051de4f0a6b2dc419ea9ca_shot_001_000,pixel_mse,upper_face,0.00014363
2,0.991530,4d5b044b30051de4f0a6b2dc419ea9ca_shot_001_000,pixel_mse,full,0.00055718
2,0.991530,4d5b044b30051de4f0a6b2dc419ea9ca_shot_001_000,ssim,mouth,0.91851789
2,0.991530,4d5b044b30051de4f0a6b2dc419ea9ca_shot_001_000,ssim,upper_face,0.96744639
2,0.991530,4d5b044b30051de4f0a6b2dc419ea9ca_shot_001_000,ssim,full,0.94753253
2,0.991530,4d5b044b30051de4f0a6b2dc419ea9ca_shot_001_000,lpips,mouth,0.09372855
2,0.991530,4d5b044b30051de4f0a6b2dc419ea9ca_shot_001_000,lpips,full,0.06485145
2,0.991530,4d5b044b30051de4f0a6b2dc419ea9ca_shot_001_000,sharpness,mouth,8.0886
2,0.991530,4d5b044b30051de4f0a6b2dc419ea9ca_shot_001_000,lmd,mouth,3.651631
2,0.991530,4d5b044b30051de4f0a6b2dc419ea9ca_shot_001_000,sync_d,mouth,8.560434
2,0.991530,4d5b044b30051de4f0a6b2dc419ea9ca_shot_001_000,sync_c,mouth,5.587460
3,0.987187,4d5b044b30051de4f0a6b2dc419ea9ca_shot_001_000,pixel_mse,mouth,0.00114065
3,0.987187,4d5b044b30051de4f0a6b2dc419ea9ca_shot_001_000,pixel_mse,upper_face,0.00014200
3,0.987187,4d5b044b30051de4f0a6b2dc419ea9ca_shot_001_000,pixel_mse,full,0.00054845
3,0.987187,4d5b044b30051de4f0a6b2dc419ea9ca_shot_001_000,ssim,mouth,0.91891533
3,0.987187,4d5b044b30051de4f0a6b2dc419ea9ca_shot_001_000,ssim,upper_face,0.96777719
3,0.987187,4d5b044b30051de4f0a6b2dc419ea9ca_shot_001_000,ssim,full,0.94789058
3,0.987187,4d5b044b30051de4f0a6b2dc419ea9ca_shot_001_000,lpips,mouth,0.09235743
3,0.987187,4d5b044b30051de4f0a6b2dc419ea9ca_shot_001_000,lpips,full,0.06402181
3,0.987187,4d5b044b30051de4f0a6b2dc419ea9ca_shot_001_000,sharpness,mouth,8.0934
3,0.987187,4d5b044b30051de4f0a6b2dc419ea9ca_shot_001_000,lmd,mouth,3.633361
3,0.987187,4d5b044b30051de4f0a6b2dc419ea9ca_shot_001_000,sync_d,mouth,8.208421
3,0.987187,4d5b044b30051de4f0a6b2dc419ea9ca_shot_001_000,sync_c,mouth,5.935862
4,0.982696,4d5b044b30051de4f0a6b2dc419ea9ca_shot_001_000,pixel_mse,mouth,0.00112191
4,0.982696,4d5b044b30051de4f0a6b2dc419ea9ca_shot_001_000,pixel_mse,upper_face,0.00013765
4,0.982696,4d5b044b30051de4f0a6b2dc419ea9ca_shot_001_000,pixel_mse,full,0.00053824
4,0.982696,4d5b044b30051de4f0a6b2dc419ea9ca_shot_001_000,ssim,mouth,0.91951627
4,0.982696,4d5b044b30051de4f0a6b2dc419ea9ca_shot_001_000,ssim,upper_face,0.96781373
4,0.982696,4d5b044b30051de4f0a6b2dc419ea9ca_shot_001_000,ssim,full,0.94815683
4,0.982696,4d5b044b30051de4f0a6b2dc419ea9ca_shot_001_000,lpips,mouth,0.09084823
4,0.982696,4d5b044b30051de4f0a6b2dc419ea9ca_shot_001_000,lpips,full,0.06270176
4,0.982696,4d5b044b30051de4f0a6b2dc419ea9ca_shot_001_000,sharpness,mouth,8.0995
4,0.982696,4d5b044b30051de4f0a6b2dc419ea9ca_shot_001_000,lmd,mouth,3.682160
4,0.982696,4d5b044b30051de4f0a6b2dc419ea9ca_shot_001_000,sync_d,mouth,8.204855
4,0.982696,4d5b044b30051de4f0a6b2dc419ea9ca_shot_001_000,sync_c,mouth,5.854435
5,0.978048,4d5b044b30051de4f0a6b2dc419ea9ca_shot_001_000,pixel_mse,mouth,0.00111856
5,0.978048,4d5b044b30051de4f0a6b2dc419ea9ca_shot_001_000,pixel_mse,upper_face,0.00013564
5,0.978048,4d5b044b30051de4f0a6b2dc419ea9ca_shot_001_000,pixel_mse,full,0.00053569
5,0.978048,4d5b044b30051de4f0a6b2dc419ea9ca_shot_001_000,ssim,mouth,0.92016733
5,0.978048,4d5b044b30051de4f0a6b2dc419ea9ca_shot_001_000,ssim,upper_face,0.96830946
5,0.978048,4d5b044b30051de4f0a6b2dc419ea9ca_shot_001_000,ssim,full,0.94871569
5,0.978048,4d5b044b30051de4f0a6b2dc419ea9ca_shot_001_000,lpips,mouth,0.08985455
5,0.978048,4d5b044b30051de4f0a6b2dc419ea9ca_shot_001_000,lpips,full,0.06223488
5,0.978048,4d5b044b30051de4f0a6b2dc419ea9ca_shot_001_000,sharpness,mouth,8.1164
5,0.978048,4d5b044b30051de4f0a6b2dc419ea9ca_shot_001_000,lmd,mouth,3.509009
5,0.978048,4d5b044b30051de4f0a6b2dc419ea9ca_shot_001_000,sync_d,mouth,8.359267
5,0.978048,4d5b044b30051de4f0a6b2dc419ea9ca_shot_001_000,sync_c,mouth,5.755594
6,0.973236,4d5b044b30051de4f0a6b2dc419ea9ca_shot_001_000,pixel_mse,mouth,0.00113122
6,0.973236,4d5b044b30051de4f0a6b2dc419ea9ca_shot_001_000,pixel_mse,upper_face,0.00013009
6,0.973236,4d5b044b30051de4f0a6b2dc419ea9ca_shot_001_000,pixel_mse,full,0.00053755
6,0.973236,4d5b044b30051de4f0a6b2dc419ea9ca_shot_001_000,ssim,mouth,0.92014682
6,0.973236,4d5b044b30051de4f0a6b2dc419ea9ca_shot_001_000,ssim,upper_face,0.96855313
6,0.973236,4d5b044b30051de4f0a6b2dc419ea9ca_shot_001_000,ssim,full,0.94885188
6,0.973236,4d5b044b30051de4f0a6b2dc419ea9ca_shot_001_000,lpips,mouth,0.08900320
6,0.973236,4d5b044b30051de4f0a6b2dc419ea9ca_shot_001_000,lpips,full,0.06145009
6,0.973236,4d5b044b30051de4f0a6b2dc419ea9ca_shot_001_000,sharpness,mouth,8.1228
6,0.973236,4d5b044b30051de4f0a6b2dc419ea9ca_shot_001_000,lmd,mouth,3.593006
6,0.973236,4d5b044b30051de4f0a6b2dc419ea9ca_shot_001_000,sync_d,mouth,8.091207
6,0.973236,4d5b044b30051de4f0a6b2dc419ea9ca_shot_001_000,sync_c,mouth,5.989119
7,0.968250,4d5b044b30051de4f0a6b2dc419ea9ca_shot_001_000,pixel_mse,mouth,0.00112860
7,0.968250,4d5b044b30051de4f0a6b2dc419ea9ca_shot_001_000,pixel_mse,upper_face,0.00012791
7,0.968250,4d5b044b30051de4f0a6b2dc419ea9ca_shot_001_000,pixel_mse,full,0.00053519
7,0.968250,4d5b044b30051de4f0a6b2dc419ea9ca_shot_001_000,ssim,mouth,0.92043722
7,0.968250,4d5b044b30051de4f0a6b2dc419ea9ca_shot_001_000,ssim,upper_face,0.96886766
7,0.968250,4d5b044b30051de4f0a6b2dc419ea9ca_shot_001_000,ssim,full,0.94915646
7,0.968250,4d5b044b30051de4f0a6b2dc419ea9ca_shot_001_000,lpips,mouth,0.08820363
7,0.968250,4d5b044b30051de4f0a6b2dc419ea9ca_shot_001_000,lpips,full,0.06082799
7,0.968250,4d5b044b30051de4f0a6b2dc419ea9ca_shot_001_000,sharpness,mouth,8.1014
7,0.968250,4d5b044b30051de4f0a6b2dc419ea9ca_shot_001_000,lmd,mouth,3.641721
7,0.968250,4d5b044b30051de4f0a6b2dc419ea9ca_shot_001_000,sync_d,mouth,8.070070
7,0.968250,4d5b044b30051de4f0a6b2dc419ea9ca_shot_001_000,sync_c,mouth,5.983387
8,0.963082,4d5b044b30051de4f0a6b2dc419ea9ca_shot_001_000,pixel_mse,mouth,0.00113192
8,0.963082,4d5b044b30051de4f0a6b2dc419ea9ca_shot_001_000,pixel_mse,upper_face,0.00012445
8,0.963082,4d5b044b30051de4f0a6b2dc419ea9ca_shot_001_000,pixel_mse,full,0.00053449
8,0.963082,4d5b044b30051de4f0a6b2dc419ea9ca_shot_001_000,ssim,mouth,0.92068624
8,0.963082,4d5b044b30051de4f0a6b2dc419ea9ca_shot_001_000,ssim,upper_face,0.96908021
8,0.963082,4d5b044b30051de4f0a6b2dc419ea9ca_shot_001_000,ssim,full,0.94938397
8,0.963082,4d5b044b30051de4f0a6b2dc419ea9ca_shot_001_000,lpips,mouth,0.08783488
8,0.963082,4d5b044b30051de4f0a6b2dc419ea9ca_shot_001_000,lpips,full,0.06051043
8,0.963082,4d5b044b30051de4f0a6b2dc419ea9ca_shot_001_000,sharpness,mouth,8.0973
8,0.963082,4d5b044b30051de4f0a6b2dc419ea9ca_shot_001_000,lmd,mouth,3.561918
8,0.963082,4d5b044b30051de4f0a6b2dc419ea9ca_shot_001_000,sync_d,mouth,8.001500
8,0.963082,4d5b044b30051de4f0a6b2dc419ea9ca_shot_001_000,sync_c,mouth,6.108799
9,0.957720,4d5b044b30051de4f0a6b2dc419ea9ca_shot_001_000,pixel_mse,mouth,0.00111086
9,0.957720,4d5b044b30051de4f0a6b2dc419ea9ca_shot_001_000,pixel_mse,upper_face,0.00012131
9,0.957720,4d5b044b30051de4f0a6b2dc419ea9ca_shot_001_000,pixel_mse,full,0.00052406
9,0.957720,4d5b044b30051de4f0a6b2dc419ea9ca_shot_001_000,ssim,mouth,0.92090303
9,0.957720,4d5b044b30051de4f0a6b2dc419ea9ca_shot_001_000,ssim,upper_face,0.96929604
9,0.957720,4d5b044b30051de4f0a6b2dc419ea9ca_shot_001_000,ssim,full,0.94960010
9,0.957720,4d5b044b30051de4f0a6b2dc419ea9ca_shot_001_000,lpips,mouth,0.08726460
9,0.957720,4d5b044b30051de4f0a6b2dc419ea9ca_shot_001_000,lpips,full,0.06010323
9,0.957720,4d5b044b30051de4f0a6b2dc419ea9ca_shot_001_000,sharpness,mouth,8.1229
9,0.957720,4d5b044b30051de4f0a6b2dc419ea9ca_shot_001_000,lmd,mouth,3.538294
9,0.957720,4d5b044b30051de4f0a6b2dc419ea9ca_shot_001_000,sync_d,mouth,7.994195
9,0.957720,4d5b044b30051de4f0a6b2dc419ea9ca_shot_001_000,sync_c,mouth,6.150545
10,0.952154,4d5b044b30051de4f0a6b2dc419ea9ca_shot_001_000,pixel_mse,mouth,0.00111977
10,0.952154,4d5b044b30051de4f0a6b2dc419ea9ca_shot_001_000,pixel_mse,upper_face,0.00012364
10,0.952154,4d5b044b30051de4f0a6b2dc419ea9ca_shot_001_000,pixel_mse,full,0.00052906
10,0.952154,4d5b044b30051de4f0a6b2dc419ea9ca_shot_001_000,ssim,mouth,0.92074710
10,0.952154,4d5b044b30051de4f0a6b2dc419ea9ca_shot_001_000,ssim,upper_face,0.96933013
10,0.952154,4d5b044b30051de4f0a6b2dc419ea9ca_shot_001_000,ssim,full,0.94955689
10,0.952154,4d5b044b30051de4f0a6b2dc419ea9ca_shot_001_000,lpips,mouth,0.08719146
10,0.952154,4d5b044b30051de4f0a6b2dc419ea9ca_shot_001_000,lpips,full,0.05994942
10,0.952154,4d5b044b30051de4f0a6b2dc419ea9ca_shot_001_000,sharpness,mouth,8.1088
10,0.952154,4d5b044b30051de4f0a6b2dc419ea9ca_shot_001_000,lmd,mouth,3.537785
10,0.952154,4d5b044b30051de4f0a6b2dc419ea9ca_shot_001_000,sync_d,mouth,7.983058
10,0.952154,4d5b044b30051de4f0a6b2dc419ea9ca_shot_001_000,sync_c,mouth,6.050264
11,0.946372,4d5b044b30051de4f0a6b2dc419ea9ca_shot_001_000,pixel_mse,mouth,0.00111038
11,0.946372,4d5b044b30051de4f0a6b2dc419ea9ca_shot_001_000,pixel_mse,upper_face,0.00011758
11,0.946372,4d5b044b30051de4f0a6b2dc419ea9ca_shot_001_000,pixel_mse,full,0.00052165
11,0.946372,4d5b044b30051de4f0a6b2dc419ea9ca_shot_001_000,ssim,mouth,0.92109925
11,0.946372,4d5b044b30051de4f0a6b2dc419ea9ca_shot_001_000,ssim,upper_face,0.96968502
11,0.946372,4d5b044b30051de4f0a6b2dc419ea9ca_shot_001_000,ssim,full,0.94991064
11,0.946372,4d5b044b30051de4f0a6b2dc419ea9ca_shot_001_000,lpips,mouth,0.08669449
11,0.946372,4d5b044b30051de4f0a6b2dc419ea9ca_shot_001_000,lpips,full,0.05961345
11,0.946372,4d5b044b30051de4f0a6b2dc419ea9ca_shot_001_000,sharpness,mouth,8.1501
11,0.946372,4d5b044b30051de4f0a6b2dc419ea9ca_shot_001_000,lmd,mouth,3.531234
11,0.946372,4d5b044b30051de4f0a6b2dc419ea9ca_shot_001_000,sync_d,mouth,8.048438
11,0.946372,4d5b044b30051de4f0a6b2dc419ea9ca_shot_001_000,sync_c,mouth,5.936082
12,0.940361,4d5b044b30051de4f0a6b2dc419ea9ca_shot_001_000,pixel_mse,mouth,0.00111766
12,0.940361,4d5b044b30051de4f0a6b2dc419ea9ca_shot_001_000,pixel_mse,upper_face,0.00011674
12,0.940361,4d5b044b30051de4f0a6b2dc419ea9ca_shot_001_000,pixel_mse,full,0.00052411
12,0.940361,4d5b044b30051de4f0a6b2dc419ea9ca_shot_001_000,ssim,mouth,0.92090315
12,0.940361,4d5b044b30051de4f0a6b2dc419ea9ca_shot_001_000,ssim,upper_face,0.96990508
12,0.940361,4d5b044b30051de4f0a6b2dc419ea9ca_shot_001_000,ssim,full,0.94996136
12,0.940361,4d5b044b30051de4f0a6b2dc419ea9ca_shot_001_000,lpips,mouth,0.08607720
12,0.940361,4d5b044b30051de4f0a6b2dc419ea9ca_shot_001_000,lpips,full,0.05929867
12,0.940361,4d5b044b30051de4f0a6b2dc419ea9ca_shot_001_000,sharpness,mouth,8.1472
12,0.940361,4d5b044b30051de4f0a6b2dc419ea9ca_shot_001_000,lmd,mouth,3.541591
12,0.940361,4d5b044b30051de4f0a6b2dc419ea9ca_shot_001_000,sync_d,mouth,7.904120
12,0.940361,4d5b044b30051de4f0a6b2dc419ea9ca_shot_001_000,sync_c,mouth,6.188515
13,0.934107,4d5b044b30051de4f0a6b2dc419ea9ca_shot_001_000,pixel_mse,mouth,0.00111880
13,0.934107,4d5b044b30051de4f0a6b2dc419ea9ca_shot_001_000,pixel_mse,upper_face,0.00011475
13,0.934107,4d5b044b30051de4f0a6b2dc419ea9ca_shot_001_000,pixel_mse,full,0.00052339
13,0.934107,4d5b044b30051de4f0a6b2dc419ea9ca_shot_001_000,ssim,mouth,0.92067361
13,0.934107,4d5b044b30051de4f0a6b2dc419ea9ca_shot_001_000,ssim,upper_face,0.96992004
13,0.934107,4d5b044b30051de4f0a6b2dc419ea9ca_shot_001_000,ssim,full,0.94987684
13,0.934107,4d5b044b30051de4f0a6b2dc419ea9ca_shot_001_000,lpips,mouth,0.08537925
13,0.934107,4d5b044b30051de4f0a6b2dc419ea9ca_shot_001_000,lpips,full,0.05895263
13,0.934107,4d5b044b30051de4f0a6b2dc419ea9ca_shot_001_000,sharpness,mouth,8.1043
13,0.934107,4d5b044b30051de4f0a6b2dc419ea9ca_shot_001_000,lmd,mouth,3.451290
13,0.934107,4d5b044b30051de4f0a6b2dc419ea9ca_shot_001_000,sync_d,mouth,8.105882
13,0.934107,4d5b044b30051de4f0a6b2dc419ea9ca_shot_001_000,sync_c,mouth,6.049603
14,0.927596,4d5b044b30051de4f0a6b2dc419ea9ca_shot_001_000,pixel_mse,mouth,0.00111416
14,0.927596,4d5b044b30051de4f0a6b2dc419ea9ca_shot_001_000,pixel_mse,upper_face,0.00011254
14,0.927596,4d5b044b30051de4f0a6b2dc419ea9ca_shot_001_000,pixel_mse,full,0.00052020
14,0.927596,4d5b044b30051de4f0a6b2dc419ea9ca_shot_001_000,ssim,mouth,0.92061681
14,0.927596,4d5b044b30051de4f0a6b2dc419ea9ca_shot_001_000,ssim,upper_face,0.96986830
14,0.927596,4d5b044b30051de4f0a6b2dc419ea9ca_shot_001_000,ssim,full,0.94982308
14,0.927596,4d5b044b30051de4f0a6b2dc419ea9ca_shot_001_000,lpips,mouth,0.08474395
14,0.927596,4d5b044b30051de4f0a6b2dc419ea9ca_shot_001_000,lpips,full,0.05848322
14,0.927596,4d5b044b30051de4f0a6b2dc419ea9ca_shot_001_000,sharpness,mouth,8.1366
14,0.927596,4d5b044b30051de4f0a6b2dc419ea9ca_shot_001_000,lmd,mouth,3.394759
14,0.927596,4d5b044b30051de4f0a6b2dc419ea9ca_shot_001_000,sync_d,mouth,7.985548
14,0.927596,4d5b044b30051de4f0a6b2dc419ea9ca_shot_001_000,sync_c,mouth,6.105095
15,0.920810,4d5b044b30051de4f0a6b2dc419ea9ca_shot_001_000,pixel_mse,mouth,0.00111114
15,0.920810,4d5b044b30051de4f0a6b2dc419ea9ca_shot_001_000,pixel_mse,upper_face,0.00011109
15,0.920810,4d5b044b30051de4f0a6b2dc419ea9ca_shot_001_000,pixel_mse,full,0.00051811
15,0.920810,4d5b044b30051de4f0a6b2dc419ea9ca_shot_001_000,ssim,mouth,0.92054087
15,0.920810,4d5b044b30051de4f0a6b2dc419ea9ca_shot_001_000,ssim,upper_face,0.96992576
15,0.920810,4d5b044b30051de4f0a6b2dc419ea9ca_shot_001_000,ssim,full,0.94982618
15,0.920810,4d5b044b30051de4f0a6b2dc419ea9ca_shot_001_000,lpips,mouth,0.08483259
15,0.920810,4d5b044b30051de4f0a6b2dc419ea9ca_shot_001_000,lpips,full,0.05832667
15,0.920810,4d5b044b30051de4f0a6b2dc419ea9ca_shot_001_000,sharpness,mouth,8.1908
15,0.920810,4d5b044b30051de4f0a6b2dc419ea9ca_shot_001_000,lmd,mouth,3.476501
15,0.920810,4d5b044b30051de4f0a6b2dc419ea9ca_shot_001_000,sync_d,mouth,7.947951
15,0.920810,4d5b044b30051de4f0a6b2dc419ea9ca_shot_001_000,sync_c,mouth,6.119163
16,0.913733,4d5b044b30051de4f0a6b2dc419ea9ca_shot_001_000,pixel_mse,mouth,0.00110874
16,0.913733,4d5b044b30051de4f0a6b2dc419ea9ca_shot_001_000,pixel_mse,upper_face,0.00010387
16,0.913733,4d5b044b30051de4f0a6b2dc419ea9ca_shot_001_000,pixel_mse,full,0.00051285
16,0.913733,4d5b044b30051de4f0a6b2dc419ea9ca_shot_001_000,ssim,mouth,0.92073184
16,0.913733,4d5b044b30051de4f0a6b2dc419ea9ca_shot_001_000,ssim,upper_face,0.97038031
16,0.913733,4d5b044b30051de4f0a6b2dc419ea9ca_shot_001_000,ssim,full,0.95017368
16,0.913733,4d5b044b30051de4f0a6b2dc419ea9ca_shot_001_000,lpips,mouth,0.08463027
16,0.913733,4d5b044b30051de4f0a6b2dc419ea9ca_shot_001_000,lpips,full,0.05809186
16,0.913733,4d5b044b30051de4f0a6b2dc419ea9ca_shot_001_000,sharpness,mouth,8.1567
16,0.913733,4d5b044b30051de4f0a6b2dc419ea9ca_shot_001_000,lmd,mouth,3.330188
16,0.913733,4d5b044b30051de4f0a6b2dc419ea9ca_shot_001_000,sync_d,mouth,7.987678
16,0.913733,4d5b044b30051de4f0a6b2dc419ea9ca_shot_001_000,sync_c,mouth,6.173138
17,0.906344,4d5b044b30051de4f0a6b2dc419ea9ca_shot_001_000,pixel_mse,mouth,0.00111769
17,0.906344,4d5b044b30051de4f0a6b2dc419ea9ca_shot_001_000,pixel_mse,upper_face,0.00010755
17,0.906344,4d5b044b30051de4f0a6b2dc419ea9ca_shot_001_000,pixel_mse,full,0.00051867
17,0.906344,4d5b044b30051de4f0a6b2dc419ea9ca_shot_001_000,ssim,mouth,0.92036426
17,0.906344,4d5b044b30051de4f0a6b2dc419ea9ca_shot_001_000,ssim,upper_face,0.97012281
17,0.906344,4d5b044b30051de4f0a6b2dc419ea9ca_shot_001_000,ssim,full,0.94987112
17,0.906344,4d5b044b30051de4f0a6b2dc419ea9ca_shot_001_000,lpips,mouth,0.08370688
17,0.906344,4d5b044b30051de4f0a6b2dc419ea9ca_shot_001_000,lpips,full,0.05776699
17,0.906344,4d5b044b30051de4f0a6b2dc419ea9ca_shot_001_000,sharpness,mouth,8.1503
17,0.906344,4d5b044b30051de4f0a6b2dc419ea9ca_shot_001_000,lmd,mouth,3.361974
17,0.906344,4d5b044b30051de4f0a6b2dc419ea9ca_shot_001_000,sync_d,mouth,7.961261
17,0.906344,4d5b044b30051de4f0a6b2dc419ea9ca_shot_001_000,sync_c,mouth,6.045568
18,0.898624,4d5b044b30051de4f0a6b2dc419ea9ca_shot_001_000,pixel_mse,mouth,0.00111855
18,0.898624,4d5b044b30051de4f0a6b2dc419ea9ca_shot_001_000,pixel_mse,upper_face,0.00010369
18,0.898624,4d5b044b30051de4f0a6b2dc419ea9ca_shot_001_000,pixel_mse,full,0.00051674
18,0.898624,4d5b044b30051de4f0a6b2dc419ea9ca_shot_001_000,ssim,mouth,0.92029685
18,0.898624,4d5b044b30051de4f0a6b2dc419ea9ca_shot_001_000,ssim,upper_face,0.97044587
18,0.898624,4d5b044b30051de4f0a6b2dc419ea9ca_shot_001_000,ssim,full,0.95003527
18,0.898624,4d5b044b30051de4f0a6b2dc419ea9ca_shot_001_000,lpips,mouth,0.08360968
18,0.898624,4d5b044b30051de4f0a6b2dc419ea9ca_shot_001_000,lpips,full,0.05753918
18,0.898624,4d5b044b30051de4f0a6b2dc419ea9ca_shot_001_000,sharpness,mouth,8.1432
18,0.898624,4d5b044b30051de4f0a6b2dc419ea9ca_shot_001_000,lmd,mouth,3.303834
18,0.898624,4d5b044b30051de4f0a6b2dc419ea9ca_shot_001_000,sync_d,mouth,8.060044
18,0.898624,4d5b044b30051de4f0a6b2dc419ea9ca_shot_001_000,sync_c,mouth,5.925210
19,0.890548,4d5b044b30051de4f0a6b2dc419ea9ca_shot_001_000,pixel_mse,mouth,0.00111889
19,0.890548,4d5b044b30051de4f0a6b2dc419ea9ca_shot_001_000,pixel_mse,upper_face,0.00010151
19,0.890548,4d5b044b30051de4f0a6b2dc419ea9ca_shot_001_000,pixel_mse,full,0.00051558
19,0.890548,4d5b044b30051de4f0a6b2dc419ea9ca_shot_001_000,ssim,mouth,0.92016256
19,0.890548,4d5b044b30051de4f0a6b2dc419ea9ca_shot_001_000,ssim,upper_face,0.97054178
19,0.890548,4d5b044b30051de4f0a6b2dc419ea9ca_shot_001_000,ssim,full,0.95003754
19,0.890548,4d5b044b30051de4f0a6b2dc419ea9ca_shot_001_000,lpips,mouth,0.08337013
19,0.890548,4d5b044b30051de4f0a6b2dc419ea9ca_shot_001_000,lpips,full,0.05722967
19,0.890548,4d5b044b30051de4f0a6b2dc419ea9ca_shot_001_000,sharpness,mouth,8.1319
19,0.890548,4d5b044b30051de4f0a6b2dc419ea9ca_shot_001_000,lmd,mouth,3.358423
19,0.890548,4d5b044b30051de4f0a6b2dc419ea9ca_shot_001_000,sync_d,mouth,8.001122
19,0.890548,4d5b044b30051de4f0a6b2dc419ea9ca_shot_001_000,sync_c,mouth,6.009867
20,0.882093,4d5b044b30051de4f0a6b2dc419ea9ca_shot_001_000,pixel_mse,mouth,0.00112554
20,0.882093,4d5b044b30051de4f0a6b2dc419ea9ca_shot_001_000,pixel_mse,upper_face,0.00010262
20,0.882093,4d5b044b30051de4f0a6b2dc419ea9ca_shot_001_000,pixel_mse,full,0.00051894
20,0.882093,4d5b044b30051de4f0a6b2dc419ea9ca_shot_001_000,ssim,mouth,0.91987914
20,0.882093,4d5b044b30051de4f0a6b2dc419ea9ca_shot_001_000,ssim,upper_face,0.97039115
20,0.882093,4d5b044b30051de4f0a6b2dc419ea9ca_shot_001_000,ssim,full,0.94983286
20,0.882093,4d5b044b30051de4f0a6b2dc419ea9ca_shot_001_000,lpips,mouth,0.08313993
20,0.882093,4d5b044b30051de4f0a6b2dc419ea9ca_shot_001_000,lpips,full,0.05710087
20,0.882093,4d5b044b30051de4f0a6b2dc419ea9ca_shot_001_000,sharpness,mouth,8.1283
20,0.882093,4d5b044b30051de4f0a6b2dc419ea9ca_shot_001_000,lmd,mouth,3.454037
20,0.882093,4d5b044b30051de4f0a6b2dc419ea9ca_shot_001_000,sync_d,mouth,7.811828
20,0.882093,4d5b044b30051de4f0a6b2dc419ea9ca_shot_001_000,sync_c,mouth,6.230515
21,0.873231,4d5b044b30051de4f0a6b2dc419ea9ca_shot_001_000,pixel_mse,mouth,0.00113034
21,0.873231,4d5b044b30051de4f0a6b2dc419ea9ca_shot_001_000,pixel_mse,upper_face,0.00010295
21,0.873231,4d5b044b30051de4f0a6b2dc419ea9ca_shot_001_000,pixel_mse,full,0.00052110
21,0.873231,4d5b044b30051de4f0a6b2dc419ea9ca_shot_001_000,ssim,mouth,0.91958034
21,0.873231,4d5b044b30051de4f0a6b2dc419ea9ca_shot_001_000,ssim,upper_face,0.97047555
21,0.873231,4d5b044b30051de4f0a6b2dc419ea9ca_shot_001_000,ssim,full,0.94976121
21,0.873231,4d5b044b30051de4f0a6b2dc419ea9ca_shot_001_000,lpips,mouth,0.08311702
21,0.873231,4d5b044b30051de4f0a6b2dc419ea9ca_shot_001_000,lpips,full,0.05711710
21,0.873231,4d5b044b30051de4f0a6b2dc419ea9ca_shot_001_000,sharpness,mouth,8.1579
21,0.873231,4d5b044b30051de4f0a6b2dc419ea9ca_shot_001_000,lmd,mouth,3.380425
21,0.873231,4d5b044b30051de4f0a6b2dc419ea9ca_shot_001_000,sync_d,mouth,7.939062
21,0.873231,4d5b044b30051de4f0a6b2dc419ea9ca_shot_001_000,sync_c,mouth,6.152832
22,0.863931,4d5b044b30051de4f0a6b2dc419ea9ca_shot_001_000,pixel_mse,mouth,0.00113829
22,0.863931,4d5b044b30051de4f0a6b2dc419ea9ca_shot_001_000,pixel_mse,upper_face,0.00009922
22,0.863931,4d5b044b30051de4f0a6b2dc419ea9ca_shot_001_000,pixel_mse,full,0.00052212
22,0.863931,4d5b044b30051de4f0a6b2dc419ea9ca_shot_001_000,ssim,mouth,0.91927594
22,0.863931,4d5b044b30051de4f0a6b2dc419ea9ca_shot_001_000,ssim,upper_face,0.97066009
22,0.863931,4d5b044b30051de4f0a6b2dc419ea9ca_shot_001_000,ssim,full,0.94974685
22,0.863931,4d5b044b30051de4f0a6b2dc419ea9ca_shot_001_000,lpips,mouth,0.08304176
22,0.863931,4d5b044b30051de4f0a6b2dc419ea9ca_shot_001_000,lpips,full,0.05696987
22,0.863931,4d5b044b30051de4f0a6b2dc419ea9ca_shot_001_000,sharpness,mouth,8.1434
22,0.863931,4d5b044b30051de4f0a6b2dc419ea9ca_shot_001_000,lmd,mouth,3.586629
22,0.863931,4d5b044b30051de4f0a6b2dc419ea9ca_shot_001_000,sync_d,mouth,7.942027
22,0.863931,4d5b044b30051de4f0a6b2dc419ea9ca_shot_001_000,sync_c,mouth,6.105684
23,0.854160,4d5b044b30051de4f0a6b2dc419ea9ca_shot_001_000,pixel_mse,mouth,0.00114153
23,0.854160,4d5b044b30051de4f0a6b2dc419ea9ca_shot_001_000,pixel_mse,upper_face,0.00009957
23,0.854160,4d5b044b30051de4f0a6b2dc419ea9ca_shot_001_000,pixel_mse,full,0.00052364
23,0.854160,4d5b044b30051de4f0a6b2dc419ea9ca_shot_001_000,ssim,mouth,0.91899073
23,0.854160,4d5b044b30051de4f0a6b2dc419ea9ca_shot_001_000,ssim,upper_face,0.97066599
23,0.854160,4d5b044b30051de4f0a6b2dc419ea9ca_shot_001_000,ssim,full,0.94963431
23,0.854160,4d5b044b30051de4f0a6b2dc419ea9ca_shot_001_000,lpips,mouth,0.08304913
23,0.854160,4d5b044b30051de4f0a6b2dc419ea9ca_shot_001_000,lpips,full,0.05687887
23,0.854160,4d5b044b30051de4f0a6b2dc419ea9ca_shot_001_000,sharpness,mouth,8.1466
23,0.854160,4d5b044b30051de4f0a6b2dc419ea9ca_shot_001_000,lmd,mouth,3.522702
23,0.854160,4d5b044b30051de4f0a6b2dc419ea9ca_shot_001_000,sync_d,mouth,8.009803
23,0.854160,4d5b044b30051de4f0a6b2dc419ea9ca_shot_001_000,sync_c,mouth,6.048641
24,0.843882,4d5b044b30051de4f0a6b2dc419ea9ca_shot_001_000,pixel_mse,mouth,0.00115061
24,0.843882,4d5b044b30051de4f0a6b2dc419ea9ca_shot_001_000,pixel_mse,upper_face,0.00009922
24,0.843882,4d5b044b30051de4f0a6b2dc419ea9ca_shot_001_000,pixel_mse,full,0.00052713
24,0.843882,4d5b044b30051de4f0a6b2dc419ea9ca_shot_001_000,ssim,mouth,0.91854519
24,0.843882,4d5b044b30051de4f0a6b2dc419ea9ca_shot_001_000,ssim,upper_face,0.97075528
24,0.843882,4d5b044b30051de4f0a6b2dc419ea9ca_shot_001_000,ssim,full,0.94950593
24,0.843882,4d5b044b30051de4f0a6b2dc419ea9ca_shot_001_000,lpips,mouth,0.08275300
24,0.843882,4d5b044b30051de4f0a6b2dc419ea9ca_shot_001_000,lpips,full,0.05666184
24,0.843882,4d5b044b30051de4f0a6b2dc419ea9ca_shot_001_000,sharpness,mouth,8.1649
24,0.843882,4d5b044b30051de4f0a6b2dc419ea9ca_shot_001_000,lmd,mouth,3.550203
24,0.843882,4d5b044b30051de4f0a6b2dc419ea9ca_shot_001_000,sync_d,mouth,8.094330
24,0.843882,4d5b044b30051de4f0a6b2dc419ea9ca_shot_001_000,sync_c,mouth,5.919243
25,0.833055,4d5b044b30051de4f0a6b2dc419ea9ca_shot_001_000,pixel_mse,mouth,0.00165913
25,0.833055,4d5b044b30051de4f0a6b2dc419ea9ca_shot_001_000,pixel_mse,upper_face,0.00010531
25,0.833055,4d5b044b30051de4f0a6b2dc419ea9ca_shot_001_000,pixel_mse,full,0.00073771
25,0.833055,4d5b044b30051de4f0a6b2dc419ea9ca_shot_001_000,ssim,mouth,0.90185380
25,0.833055,4d5b044b30051de4f0a6b2dc419ea9ca_shot_001_000,ssim,upper_face,0.96893460
25,0.833055,4d5b044b30051de4f0a6b2dc419ea9ca_shot_001_000,ssim,full,0.94163275
25,0.833055,4d5b044b30051de4f0a6b2dc419ea9ca_shot_001_000,lpips,mouth,0.08544786
25,0.833055,4d5b044b30051de4f0a6b2dc419ea9ca_shot_001_000,lpips,full,0.05864196
25,0.833055,4d5b044b30051de4f0a6b2dc419ea9ca_shot_001_000,sharpness,mouth,7.9310
25,0.833055,4d5b044b30051de4f0a6b2dc419ea9ca_shot_001_000,lmd,mouth,4.127538
25,0.833055,4d5b044b30051de4f0a6b2dc419ea9ca_shot_001_000,sync_d,mouth,8.290786
25,0.833055,4d5b044b30051de4f0a6b2dc419ea9ca_shot_001_000,sync_c,mouth,6.337419
26,0.821636,4d5b044b30051de4f0a6b2dc419ea9ca_shot_001_000,pixel_mse,mouth,0.00159808
26,0.821636,4d5b044b30051de4f0a6b2dc419ea9ca_shot_001_000,pixel_mse,upper_face,0.00010059
26,0.821636,4d5b044b30051de4f0a6b2dc419ea9ca_shot_001_000,pixel_mse,full,0.00071006
26,0.821636,4d5b044b30051de4f0a6b2dc419ea9ca_shot_001_000,ssim,mouth,0.90318912
26,0.821636,4d5b044b30051de4f0a6b2dc419ea9ca_shot_001_000,ssim,upper_face,0.96908265
26,0.821636,4d5b044b30051de4f0a6b2dc419ea9ca_shot_001_000,ssim,full,0.94226414
26,0.821636,4d5b044b30051de4f0a6b2dc419ea9ca_shot_001_000,lpips,mouth,0.08453554
26,0.821636,4d5b044b30051de4f0a6b2dc419ea9ca_shot_001_000,lpips,full,0.05803505
26,0.821636,4d5b044b30051de4f0a6b2dc419ea9ca_shot_001_000,sharpness,mouth,7.9380
26,0.821636,4d5b044b30051de4f0a6b2dc419ea9ca_shot_001_000,lmd,mouth,4.126744
26,0.821636,4d5b044b30051de4f0a6b2dc419ea9ca_shot_001_000,sync_d,mouth,8.051742
26,0.821636,4d5b044b30051de4f0a6b2dc419ea9ca_shot_001_000,sync_c,mouth,6.642549
27,0.809574,4d5b044b30051de4f0a6b2dc419ea9ca_shot_001_000,pixel_mse,mouth,0.00153931
27,0.809574,4d5b044b30051de4f0a6b2dc419ea9ca_shot_001_000,pixel_mse,upper_face,0.00010566
27,0.809574,4d5b044b30051de4f0a6b2dc419ea9ca_shot_001_000,pixel_mse,full,0.00068915
27,0.809574,4d5b044b30051de4f0a6b2dc419ea9ca_shot_001_000,ssim,mouth,0.90453696
27,0.809574,4d5b044b30051de4f0a6b2dc419ea9ca_shot_001_000,ssim,upper_face,0.96897238
27,0.809574,4d5b044b30051de4f0a6b2dc419ea9ca_shot_001_000,ssim,full,0.94274735
27,0.809574,4d5b044b30051de4f0a6b2dc419ea9ca_shot_001_000,lpips,mouth,0.08380047
27,0.809574,4d5b044b30051de4f0a6b2dc419ea9ca_shot_001_000,lpips,full,0.05771649
27,0.809574,4d5b044b30051de4f0a6b2dc419ea9ca_shot_001_000,sharpness,mouth,7.9087
27,0.809574,4d5b044b30051de4f0a6b2dc419ea9ca_shot_001_000,lmd,mouth,3.926916
27,0.809574,4d5b044b30051de4f0a6b2dc419ea9ca_shot_001_000,sync_d,mouth,7.812207
27,0.809574,4d5b044b30051de4f0a6b2dc419ea9ca_shot_001_000,sync_c,mouth,6.726738
28,0.796812,4d5b044b30051de4f0a6b2dc419ea9ca_shot_001_000,pixel_mse,mouth,0.00150700
28,0.796812,4d5b044b30051de4f0a6b2dc419ea9ca_shot_001_000,pixel_mse,upper_face,0.00010635
28,0.796812,4d5b044b30051de4f0a6b2dc419ea9ca_shot_001_000,pixel_mse,full,0.00067641
28,0.796812,4d5b044b30051de4f0a6b2dc419ea9ca_shot_001_000,ssim,mouth,0.90540683
28,0.796812,4d5b044b30051de4f0a6b2dc419ea9ca_shot_001_000,ssim,upper_face,0.96900904
28,0.796812,4d5b044b30051de4f0a6b2dc419ea9ca_shot_001_000,ssim,full,0.94312304
28,0.796812,4d5b044b30051de4f0a6b2dc419ea9ca_shot_001_000,lpips,mouth,0.08311518
28,0.796812,4d5b044b30051de4f0a6b2dc419ea9ca_shot_001_000,lpips,full,0.05734146
28,0.796812,4d5b044b30051de4f0a6b2dc419ea9ca_shot_001_000,sharpness,mouth,7.9552
28,0.796812,4d5b044b30051de4f0a6b2dc419ea9ca_shot_001_000,lmd,mouth,3.895427
28,0.796812,4d5b044b30051de4f0a6b2dc419ea9ca_shot_001_000,sync_d,mouth,7.811370
28,0.796812,4d5b044b30051de4f0a6b2dc419ea9ca_shot_001_000,sync_c,mouth,6.724479
29,0.783290,4d5b044b30051de4f0a6b2dc419ea9ca_shot_001_000,pixel_mse,mouth,0.00148813
29,0.783290,4d5b044b30051de4f0a6b2dc419ea9ca_shot_001_000,pixel_mse,upper_face,0.00010456
29,0.783290,4d5b044b30051de4f0a6b2dc419ea9ca_shot_001_000,pixel_mse,full,0.00066767
29,0.783290,4d5b044b30051de4f0a6b2dc419ea9ca_shot_001_000,ssim,mouth,0.90578932
29,0.783290,4d5b044b30051de4f0a6b2dc419ea9ca_shot_001_000,ssim,upper_face,0.96920472
29,0.783290,4d5b044b30051de4f0a6b2dc419ea9ca_shot_001_000,ssim,full,0.94339478
29,0.783290,4d5b044b30051de4f0a6b2dc419ea9ca_shot_001_000,lpips,mouth,0.08264693
29,0.783290,4d5b044b30051de4f0a6b2dc419ea9ca_shot_001_000,lpips,full,0.05703855
29,0.783290,4d5b044b30051de4f0a6b2dc419ea9ca_shot_001_000,sharpness,mouth,7.9963
29,0.783290,4d5b044b30051de4f0a6b2dc419ea9ca_shot_001_000,lmd,mouth,3.837039
29,0.783290,4d5b044b30051de4f0a6b2dc419ea9ca_shot_001_000,sync_d,mouth,7.617150
29,0.783290,4d5b044b30051de4f0a6b2dc419ea9ca_shot_001_000,sync_c,mouth,6.856451
30,0.768935,4d5b044b30051de4f0a6b2dc419ea9ca_shot_001_000,pixel_mse,mouth,0.00146322
30,0.768935,4d5b044b30051de4f0a6b2dc419ea9ca_shot_001_000,pixel_mse,upper_face,0.00010016
30,0.768935,4d5b044b30051de4f0a6b2dc419ea9ca_shot_001_000,pixel_mse,full,0.00065492
30,0.768935,4d5b044b30051de4f0a6b2dc419ea9ca_shot_001_000,ssim,mouth,0.90587467
30,0.768935,4d5b044b30051de4f0a6b2dc419ea9ca_shot_001_000,ssim,upper_face,0.96942723
30,0.768935,4d5b044b30051de4f0a6b2dc419ea9ca_shot_001_000,ssim,full,0.94356149
30,0.768935,4d5b044b30051de4f0a6b2dc419ea9ca_shot_001_000,lpips,mouth,0.08191410
30,0.768935,4d5b044b30051de4f0a6b2dc419ea9ca_shot_001_000,lpips,full,0.05667209
30,0.768935,4d5b044b30051de4f0a6b2dc419ea9ca_shot_001_000,sharpness,mouth,7.9909
30,0.768935,4d5b044b30051de4f0a6b2dc419ea9ca_shot_001_000,lmd,mouth,3.615526
30,0.768935,4d5b044b30051de4f0a6b2dc419ea9ca_shot_001_000,sync_d,mouth,7.588913
30,0.768935,4d5b044b30051de4f0a6b2dc419ea9ca_shot_001_000,sync_c,mouth,6.930325
31,0.753669,4d5b044b30051de4f0a6b2dc419ea9ca_shot_001_000,pixel_mse,mouth,0.00144537
31,0.753669,4d5b044b30051de4f0a6b2dc419ea9ca_shot_001_000,pixel_mse,upper_face,0.00010203
31,0.753669,4d5b044b30051de4f0a6b2dc419ea9ca_shot_001_000,pixel_mse,full,0.00064876
31,0.753669,4d5b044b30051de4f0a6b2dc419ea9ca_shot_001_000,ssim,mouth,0.90629274
31,0.753669,4d5b044b30051de4f0a6b2dc419ea9ca_shot_001_000,ssim,upper_face,0.96939296
31,0.753669,4d5b044b30051de4f0a6b2dc419ea9ca_shot_001_000,ssim,full,0.94371134
31,0.753669,4d5b044b30051de4f0a6b2dc419ea9ca_shot_001_000,lpips,mouth,0.08153032
31,0.753669,4d5b044b30051de4f0a6b2dc419ea9ca_shot_001_000,lpips,full,0.05633599
31,0.753669,4d5b044b30051de4f0a6b2dc419ea9ca_shot_001_000,sharpness,mouth,7.9575
31,0.753669,4d5b044b30051de4f0a6b2dc419ea9ca_shot_001_000,lmd,mouth,3.670741
31,0.753669,4d5b044b30051de4f0a6b2dc419ea9ca_shot_001_000,sync_d,mouth,7.675893
31,0.753669,4d5b044b30051de4f0a6b2dc419ea9ca_shot_001_000,sync_c,mouth,6.903840
32,0.737402,4d5b044b30051de4f0a6b2dc419ea9ca_shot_001_000,pixel_mse,mouth,0.00142713
32,0.737402,4d5b044b30051de4f0a6b2dc419ea9ca_shot_001_000,pixel_mse,upper_face,0.00009934
32,0.737402,4d5b044b30051de4f0a6b2dc419ea9ca_shot_001_000,pixel_mse,full,0.00063975
32,0.737402,4d5b044b30051de4f0a6b2dc419ea9ca_shot_001_000,ssim,mouth,0.90650827
32,0.737402,4d5b044b30051de4f0a6b2dc419ea9ca_shot_001_000,ssim,upper_face,0.96948647
32,0.737402,4d5b044b30051de4f0a6b2dc419ea9ca_shot_001_000,ssim,full,0.94385433
32,0.737402,4d5b044b30051de4f0a6b2dc419ea9ca_shot_001_000,lpips,mouth,0.08138326
32,0.737402,4d5b044b30051de4f0a6b2dc419ea9ca_shot_001_000,lpips,full,0.05626548
32,0.737402,4d5b044b30051de4f0a6b2dc419ea9ca_shot_001_000,sharpness,mouth,8.0070
32,0.737402,4d5b044b30051de4f0a6b2dc419ea9ca_shot_001_000,lmd,mouth,3.687485
32,0.737402,4d5b044b30051de4f0a6b2dc419ea9ca_shot_001_000,sync_d,mouth,7.566211
32,0.737402,4d5b044b30051de4f0a6b2dc419ea9ca_shot_001_000,sync_c,mouth,6.885095
33,0.720034,4d5b044b30051de4f0a6b2dc419ea9ca_shot_001_000,pixel_mse,mouth,0.00142479
33,0.720034,4d5b044b30051de4f0a6b2dc419ea9ca_shot_001_000,pixel_mse,upper_face,0.00010214
33,0.720034,4d5b044b30051de4f0a6b2dc419ea9ca_shot_001_000,pixel_mse,full,0.00064045
33,0.720034,4d5b044b30051de4f0a6b2dc419ea9ca_shot_001_000,ssim,mouth,0.90642142
33,0.720034,4d5b044b30051de4f0a6b2dc419ea9ca_shot_001_000,ssim,upper_face,0.96961766
33,0.720034,4d5b044b30051de4f0a6b2dc419ea9ca_shot_001_000,ssim,full,0.94389689
33,0.720034,4d5b044b30051de4f0a6b2dc419ea9ca_shot_001_000,lpips,mouth,0.08140486
33,0.720034,4d5b044b30051de4f0a6b2dc419ea9ca_shot_001_000,lpips,full,0.05629940
33,0.720034,4d5b044b30051de4f0a6b2dc419ea9ca_shot_001_000,sharpness,mouth,7.9730
33,0.720034,4d5b044b30051de4f0a6b2dc419ea9ca_shot_001_000,lmd,mouth,3.648533
33,0.720034,4d5b044b30051de4f0a6b2dc419ea9ca_shot_001_000,sync_d,mouth,7.827734
33,0.720034,4d5b044b30051de4f0a6b2dc419ea9ca_shot_001_000,sync_c,mouth,6.636754
34,0.701446,4d5b044b30051de4f0a6b2dc419ea9ca_shot_001_000,pixel_mse,mouth,0.00142935
34,0.701446,4d5b044b30051de4f0a6b2dc419ea9ca_shot_001_000,pixel_mse,upper_face,0.00010467
34,0.701446,4d5b044b30051de4f0a6b2dc419ea9ca_shot_001_000,pixel_mse,full,0.00064381
34,0.701446,4d5b044b30051de4f0a6b2dc419ea9ca_shot_001_000,ssim,mouth,0.90654302
34,0.701446,4d5b044b30051de4f0a6b2dc419ea9ca_shot_001_000,ssim,upper_face,0.96958715
34,0.701446,4d5b044b30051de4f0a6b2dc419ea9ca_shot_001_000,ssim,full,0.94392830
34,0.701446,4d5b044b30051de4f0a6b2dc419ea9ca_shot_001_000,lpips,mouth,0.08138704
34,0.701446,4d5b044b30051de4f0a6b2dc419ea9ca_shot_001_000,lpips,full,0.05632009
34,0.701446,4d5b044b30051de4f0a6b2dc419ea9ca_shot_001_000,sharpness,mouth,8.0180
34,0.701446,4d5b044b30051de4f0a6b2dc419ea9ca_shot_001_000,lmd,mouth,3.672621
34,0.701446,4d5b044b30051de4f0a6b2dc419ea9ca_shot_001_000,sync_d,mouth,7.522752
34,0.701446,4d5b044b30051de4f0a6b2dc419ea9ca_shot_001_000,sync_c,mouth,6.796420
35,0.681508,4d5b044b30051de4f0a6b2dc419ea9ca_shot_001_000,pixel_mse,mouth,0.00140942
35,0.681508,4d5b044b30051de4f0a6b2dc419ea9ca_shot_001_000,pixel_mse,upper_face,0.00010258
35,0.681508,4d5b044b30051de4f0a6b2dc419ea9ca_shot_001_000,pixel_mse,full,0.00063446
35,0.681508,4d5b044b30051de4f0a6b2dc419ea9ca_shot_001_000,ssim,mouth,0.90662330
35,0.681508,4d5b044b30051de4f0a6b2dc419ea9ca_shot_001_000,ssim,upper_face,0.96970677
35,0.681508,4d5b044b30051de4f0a6b2dc419ea9ca_shot_001_000,ssim,full,0.94403207
35,0.681508,4d5b044b30051de4f0a6b2dc419ea9ca_shot_001_000,lpips,mouth,0.08110479
35,0.681508,4d5b044b30051de4f0a6b2dc419ea9ca_shot_001_000,lpips,full,0.05602381
35,0.681508,4d5b044b30051de4f0a6b2dc419ea9ca_shot_001_000,sharpness,mouth,8.0216
35,0.681508,4d5b044b30051de4f0a6b2dc419ea9ca_shot_001_000,lmd,mouth,3.691362
35,0.681508,4d5b044b30051de4f0a6b2dc419ea9ca_shot_001_000,sync_d,mouth,7.703945
35,0.681508,4d5b044b30051de4f0a6b2dc419ea9ca_shot_001_000,sync_c,mouth,6.522422
36,0.660066,4d5b044b30051de4f0a6b2dc419ea9ca_shot_001_000,pixel_mse,mouth,0.00140313
36,0.660066,4d5b044b30051de4f0a6b2dc419ea9ca_shot_001_000,pixel_mse,upper_face,0.00010485
36,0.660066,4d5b044b30051de4f0a6b2dc419ea9ca_shot_001_000,pixel_mse,full,0.00063325
36,0.660066,4d5b044b30051de4f0a6b2dc419ea9ca_shot_001_000,ssim,mouth,0.90667444
36,0.660066,4d5b044b30051de4f0a6b2dc419ea9ca_shot_001_000,ssim,upper_face,0.96972084
36,0.660066,4d5b044b30051de4f0a6b2dc419ea9ca_shot_001_000,ssim,full,0.94406110
36,0.660066,4d5b044b30051de4f0a6b2dc419ea9ca_shot_001_000,lpips,mouth,0.08117950
36,0.660066,4d5b044b30051de4f0a6b2dc419ea9ca_shot_001_000,lpips,full,0.05603426
36,0.660066,4d5b044b30051de4f0a6b2dc419ea9ca_shot_001_000,sharpness,mouth,8.0175
36,0.660066,4d5b044b30051de4f0a6b2dc419ea9ca_shot_001_000,lmd,mouth,3.681239
36,0.660066,4d5b044b30051de4f0a6b2dc419ea9ca_shot_001_000,sync_d,mouth,7.669246
36,0.660066,4d5b044b30051de4f0a6b2dc419ea9ca_shot_001_000,sync_c,mouth,6.564707
37,0.636942,4d5b044b30051de4f0a6b2dc419ea9ca_shot_001_000,pixel_mse,mouth,0.00140357
37,0.636942,4d5b044b30051de4f0a6b2dc419ea9ca_shot_001_000,pixel_mse,upper_face,0.00010241
37,0.636942,4d5b044b30051de4f0a6b2dc419ea9ca_shot_001_000,pixel_mse,full,0.00063198
37,0.636942,4d5b044b30051de4f0a6b2dc419ea9ca_shot_001_000,ssim,mouth,0.90641576
37,0.636942,4d5b044b30051de4f0a6b2dc419ea9ca_shot_001_000,ssim,upper_face,0.96980381
37,0.636942,4d5b044b30051de4f0a6b2dc419ea9ca_shot_001_000,ssim,full,0.94400495
37,0.636942,4d5b044b30051de4f0a6b2dc419ea9ca_shot_001_000,lpips,mouth,0.08158009
37,0.636942,4d5b044b30051de4f0a6b2dc419ea9ca_shot_001_000,lpips,full,0.05625448
37,0.636942,4d5b044b30051de4f0a6b2dc419ea9ca_shot_001_000,sharpness,mouth,8.0201
37,0.636942,4d5b044b30051de4f0a6b2dc419ea9ca_shot_001_000,lmd,mouth,3.743176
37,0.636942,4d5b044b30051de4f0a6b2dc419ea9ca_shot_001_000,sync_d,mouth,7.569218
37,0.636942,4d5b044b30051de4f0a6b2dc419ea9ca_shot_001_000,sync_c,mouth,6.610932
38,0.611932,4d5b044b30051de4f0a6b2dc419ea9ca_shot_001_000,pixel_mse,mouth,0.00141381
38,0.611932,4d5b044b30051de4f0a6b2dc419ea9ca_shot_001_000,pixel_mse,upper_face,0.00010351
38,0.611932,4d5b044b30051de4f0a6b2dc419ea9ca_shot_001_000,pixel_mse,full,0.00063680
38,0.611932,4d5b044b30051de4f0a6b2dc419ea9ca_shot_001_000,ssim,mouth,0.90591496
38,0.611932,4d5b044b30051de4f0a6b2dc419ea9ca_shot_001_000,ssim,upper_face,0.96992576
38,0.611932,4d5b044b30051de4f0a6b2dc419ea9ca_shot_001_000,ssim,full,0.94387347
38,0.611932,4d5b044b30051de4f0a6b2dc419ea9ca_shot_001_000,lpips,mouth,0.08128715
38,0.611932,4d5b044b30051de4f0a6b2dc419ea9ca_shot_001_000,lpips,full,0.05615950
38,0.611932,4d5b044b30051de4f0a6b2dc419ea9ca_shot_001_000,sharpness,mouth,8.0218
38,0.611932,4d5b044b30051de4f0a6b2dc419ea9ca_shot_001_000,lmd,mouth,3.718841
38,0.611932,4d5b044b30051de4f0a6b2dc419ea9ca_shot_001_000,sync_d,mouth,7.625059
38,0.611932,4d5b044b30051de4f0a6b2dc419ea9ca_shot_001_000,sync_c,mouth,6.613974
39,0.584795,4d5b044b30051de4f0a6b2dc419ea9ca_shot_001_000,pixel_mse,mouth,0.00141779
39,0.584795,4d5b044b30051de4f0a6b2dc419ea9ca_shot_001_000,pixel_mse,upper_face,0.00010467
39,0.584795,4d5b044b30051de4f0a6b2dc419ea9ca_shot_001_000,pixel_mse,full,0.00063911
39,0.584795,4d5b044b30051de4f0a6b2dc419ea9ca_shot_001_000,ssim,mouth,0.90542406
39,0.584795,4d5b044b30051de4f0a6b2dc419ea9ca_shot_001_000,ssim,upper_face,0.97007608
39,0.584795,4d5b044b30051de4f0a6b2dc419ea9ca_shot_001_000,ssim,full,0.94376290
39,0.584795,4d5b044b30051de4f0a6b2dc419ea9ca_shot_001_000,lpips,mouth,0.08159156
39,0.584795,4d5b044b30051de4f0a6b2dc419ea9ca_shot_001_000,lpips,full,0.05617355
39,0.584795,4d5b044b30051de4f0a6b2dc419ea9ca_shot_001_000,sharpness,mouth,8.0296
39,0.584795,4d5b044b30051de4f0a6b2dc419ea9ca_shot_001_000,lmd,mouth,3.657151
39,0.584795,4d5b044b30051de4f0a6b2dc419ea9ca_shot_001_000,sync_d,mouth,7.652833
39,0.584795,4d5b044b30051de4f0a6b2dc419ea9ca_shot_001_000,sync_c,mouth,6.540047
40,0.555247,4d5b044b30051de4f0a6b2dc419ea9ca_shot_001_000,pixel_mse,mouth,0.00142487
40,0.555247,4d5b044b30051de4f0a6b2dc419ea9ca_shot_001_000,pixel_mse,upper_face,0.00010469
40,0.555247,4d5b044b30051de4f0a6b2dc419ea9ca_shot_001_000,pixel_mse,full,0.00064200
40,0.555247,4d5b044b30051de4f0a6b2dc419ea9ca_shot_001_000,ssim,mouth,0.90489423
40,0.555247,4d5b044b30051de4f0a6b2dc419ea9ca_shot_001_000,ssim,upper_face,0.97001976
40,0.555247,4d5b044b30051de4f0a6b2dc419ea9ca_shot_001_000,ssim,full,0.94351393
40,0.555247,4d5b044b30051de4f0a6b2dc419ea9ca_shot_001_000,lpips,mouth,0.08164176
40,0.555247,4d5b044b30051de4f0a6b2dc419ea9ca_shot_001_000,lpips,full,0.05627196
40,0.555247,4d5b044b30051de4f0a6b2dc419ea9ca_shot_001_000,sharpness,mouth,8.0537
40,0.555247,4d5b044b30051de4f0a6b2dc419ea9ca_shot_001_000,lmd,mouth,3.752629
40,0.555247,4d5b044b30051de4f0a6b2dc419ea9ca_shot_001_000,sync_d,mouth,7.586346
40,0.555247,4d5b044b30051de4f0a6b2dc419ea9ca_shot_001_000,sync_c,mouth,6.647031
41,0.522951,4d5b044b30051de4f0a6b2dc419ea9ca_shot_001_000,pixel_mse,mouth,0.00143272
41,0.522951,4d5b044b30051de4f0a6b2dc419ea9ca_shot_001_000,pixel_mse,upper_face,0.00010532
41,0.522951,4d5b044b30051de4f0a6b2dc419ea9ca_shot_001_000,pixel_mse,full,0.00064557
41,0.522951,4d5b044b30051de4f0a6b2dc419ea9ca_shot_001_000,ssim,mouth,0.90437263
41,0.522951,4d5b044b30051de4f0a6b2dc419ea9ca_shot_001_000,ssim,upper_face,0.97015142
41,0.522951,4d5b044b30051de4f0a6b2dc419ea9ca_shot_001_000,ssim,full,0.94337970
41,0.522951,4d5b044b30051de4f0a6b2dc419ea9ca_shot_001_000,lpips,mouth,0.08136636
41,0.522951,4d5b044b30051de4f0a6b2dc419ea9ca_shot_001_000,lpips,full,0.05617907
41,0.522951,4d5b044b30051de4f0a6b2dc419ea9ca_shot_001_000,sharpness,mouth,8.0322
41,0.522951,4d5b044b30051de4f0a6b2dc419ea9ca_shot_001_000,lmd,mouth,3.643612
41,0.522951,4d5b044b30051de4f0a6b2dc419ea9ca_shot_001_000,sync_d,mouth,7.598336
41,0.522951,4d5b044b30051de4f0a6b2dc419ea9ca_shot_001_000,sync_c,mouth,6.621480
42,0.487507,4d5b044b30051de4f0a6b2dc419ea9ca_shot_001_000,pixel_mse,mouth,0.00143952
42,0.487507,4d5b044b30051de4f0a6b2dc419ea9ca_shot_001_000,pixel_mse,upper_face,0.00010267
42,0.487507,4d5b044b30051de4f0a6b2dc419ea9ca_shot_001_000,pixel_mse,full,0.00064676
42,0.487507,4d5b044b30051de4f0a6b2dc419ea9ca_shot_001_000,ssim,mouth,0.90381229
42,0.487507,4d5b044b30051de4f0a6b2dc419ea9ca_shot_001_000,ssim,upper_face,0.97039896
42,0.487507,4d5b044b30051de4f0a6b2dc419ea9ca_shot_001_000,ssim,full,0.94329834
42,0.487507,4d5b044b30051de4f0a6b2dc419ea9ca_shot_001_000,lpips,mouth,0.08175700
42,0.487507,4d5b044b30051de4f0a6b2dc419ea9ca_shot_001_000,lpips,full,0.05627432
42,0.487507,4d5b044b30051de4f0a6b2dc419ea9ca_shot_001_000,sharpness,mouth,8.0543
42,0.487507,4d5b044b30051de4f0a6b2dc419ea9ca_shot_001_000,lmd,mouth,3.646315
42,0.487507,4d5b044b30051de4f0a6b2dc419ea9ca_shot_001_000,sync_d,mouth,7.518679
42,0.487507,4d5b044b30051de4f0a6b2dc419ea9ca_shot_001_000,sync_c,mouth,6.659983
43,0.448430,4d5b044b30051de4f0a6b2dc419ea9ca_shot_001_000,pixel_mse,mouth,0.00145228
43,0.448430,4d5b044b30051de4f0a6b2dc419ea9ca_shot_001_000,pixel_mse,upper_face,0.00010388
43,0.448430,4d5b044b30051de4f0a6b2dc419ea9ca_shot_001_000,pixel_mse,full,0.00065268
43,0.448430,4d5b044b30051de4f0a6b2dc419ea9ca_shot_001_000,ssim,mouth,0.90285069
43,0.448430,4d5b044b30051de4f0a6b2dc419ea9ca_shot_001_000,ssim,upper_face,0.97043175
43,0.448430,4d5b044b30051de4f0a6b2dc419ea9ca_shot_001_000,ssim,full,0.94292641
43,0.448430,4d5b044b30051de4f0a6b2dc419ea9ca_shot_001_000,lpips,mouth,0.08197231
43,0.448430,4d5b044b30051de4f0a6b2dc419ea9ca_shot_001_000,lpips,full,0.05635938
43,0.448430,4d5b044b30051de4f0a6b2dc419ea9ca_shot_001_000,sharpness,mouth,8.0327
43,0.448430,4d5b044b30051de4f0a6b2dc419ea9ca_shot_001_000,lmd,mouth,3.647990
43,0.448430,4d5b044b30051de4f0a6b2dc419ea9ca_shot_001_000,sync_d,mouth,7.663106
43,0.448430,4d5b044b30051de4f0a6b2dc419ea9ca_shot_001_000,sync_c,mouth,6.506011
44,0.405131,4d5b044b30051de4f0a6b2dc419ea9ca_shot_001_000,pixel_mse,mouth,0.00146430
44,0.405131,4d5b044b30051de4f0a6b2dc419ea9ca_shot_001_000,pixel_mse,upper_face,0.00010701
44,0.405131,4d5b044b30051de4f0a6b2dc419ea9ca_shot_001_000,pixel_mse,full,0.00065943
44,0.405131,4d5b044b30051de4f0a6b2dc419ea9ca_shot_001_000,ssim,mouth,0.90233827
44,0.405131,4d5b044b30051de4f0a6b2dc419ea9ca_shot_001_000,ssim,upper_face,0.97046494
44,0.405131,4d5b044b30051de4f0a6b2dc419ea9ca_shot_001_000,ssim,full,0.94273752
44,0.405131,4d5b044b30051de4f0a6b2dc419ea9ca_shot_001_000,lpips,mouth,0.08190230
44,0.405131,4d5b044b30051de4f0a6b2dc419ea9ca_shot_001_000,lpips,full,0.05619391
44,0.405131,4d5b044b30051de4f0a6b2dc419ea9ca_shot_001_000,sharpness,mouth,8.0012
44,0.405131,4d5b044b30051de4f0a6b2dc419ea9ca_shot_001_000,lmd,mouth,3.776352
44,0.405131,4d5b044b30051de4f0a6b2dc419ea9ca_shot_001_000,sync_d,mouth,7.608366
44,0.405131,4d5b044b30051de4f0a6b2dc419ea9ca_shot_001_000,sync_c,mouth,6.531425
45,0.356888,4d5b044b30051de4f0a6b2dc419ea9ca_shot_001_000,pixel_mse,mouth,0.00147974
45,0.356888,4d5b044b30051de4f0a6b2dc419ea9ca_shot_001_000,pixel_mse,upper_face,0.00010533
45,0.356888,4d5b044b30051de4f0a6b2dc419ea9ca_shot_001_000,pixel_mse,full,0.00066471
45,0.356888,4d5b044b30051de4f0a6b2dc419ea9ca_shot_001_000,ssim,mouth,0.90138507
45,0.356888,4d5b044b30051de4f0a6b2dc419ea9ca_shot_001_000,ssim,upper_face,0.97057164
45,0.356888,4d5b044b30051de4f0a6b2dc419ea9ca_shot_001_000,ssim,full,0.94241279
45,0.356888,4d5b044b30051de4f0a6b2dc419ea9ca_shot_001_000,lpips,mouth,0.08202240
45,0.356888,4d5b044b30051de4f0a6b2dc419ea9ca_shot_001_000,lpips,full,0.05635133
45,0.356888,4d5b044b30051de4f0a6b2dc419ea9ca_shot_001_000,sharpness,mouth,8.0067
45,0.356888,4d5b044b30051de4f0a6b2dc419ea9ca_shot_001_000,lmd,mouth,3.772655
45,0.356888,4d5b044b30051de4f0a6b2dc419ea9ca_shot_001_000,sync_d,mouth,7.652993
45,0.356888,4d5b044b30051de4f0a6b2dc419ea9ca_shot_001_000,sync_c,mouth,6.513641
46,0.302801,4d5b044b30051de4f0a6b2dc419ea9ca_shot_001_000,pixel_mse,mouth,0.00149486
46,0.302801,4d5b044b30051de4f0a6b2dc419ea9ca_shot_001_000,pixel_mse,upper_face,0.00010383
46,0.302801,4d5b044b30051de4f0a6b2dc419ea9ca_shot_001_000,pixel_mse,full,0.00066997
46,0.302801,4d5b044b30051de4f0a6b2dc419ea9ca_shot_001_000,ssim,mouth,0.90028608
46,0.302801,4d5b044b30051de4f0a6b2dc419ea9ca_shot_001_000,ssim,upper_face,0.97054648
46,0.302801,4d5b044b30051de4f0a6b2dc419ea9ca_shot_001_000,ssim,full,0.94195050
46,0.302801,4d5b044b30051de4f0a6b2dc419ea9ca_shot_001_000,lpips,mouth,0.08213940
46,0.302801,4d5b044b30051de4f0a6b2dc419ea9ca_shot_001_000,lpips,full,0.05630799
46,0.302801,4d5b044b30051de4f0a6b2dc419ea9ca_shot_001_000,sharpness,mouth,7.9765
46,0.302801,4d5b044b30051de4f0a6b2dc419ea9ca_shot_001_000,lmd,mouth,3.776710
46,0.302801,4d5b044b30051de4f0a6b2dc419ea9ca_shot_001_000,sync_d,mouth,7.595973
46,0.302801,4d5b044b30051de4f0a6b2dc419ea9ca_shot_001_000,sync_c,mouth,6.547923
47,0.241740,4d5b044b30051de4f0a6b2dc419ea9ca_shot_001_000,pixel_mse,mouth,0.00151482
47,0.241740,4d5b044b30051de4f0a6b2dc419ea9ca_shot_001_000,pixel_mse,upper_face,0.00010544
47,0.241740,4d5b044b30051de4f0a6b2dc419ea9ca_shot_001_000,pixel_mse,full,0.00067905
47,0.241740,4d5b044b30051de4f0a6b2dc419ea9ca_shot_001_000,ssim,mouth,0.89896631
47,0.241740,4d5b044b30051de4f0a6b2dc419ea9ca_shot_001_000,ssim,upper_face,0.97040075
47,0.241740,4d5b044b30051de4f0a6b2dc419ea9ca_shot_001_000,ssim,full,0.94132692
47,0.241740,4d5b044b30051de4f0a6b2dc419ea9ca_shot_001_000,lpips,mouth,0.08220410
47,0.241740,4d5b044b30051de4f0a6b2dc419ea9ca_shot_001_000,lpips,full,0.05639948
47,0.241740,4d5b044b30051de4f0a6b2dc419ea9ca_shot_001_000,sharpness,mouth,7.9552
47,0.241740,4d5b044b30051de4f0a6b2dc419ea9ca_shot_001_000,lmd,mouth,3.682564
47,0.241740,4d5b044b30051de4f0a6b2dc419ea9ca_shot_001_000,sync_d,mouth,7.629095
47,0.241740,4d5b044b30051de4f0a6b2dc419ea9ca_shot_001_000,sync_c,mouth,6.558050
48,0.172265,4d5b044b30051de4f0a6b2dc419ea9ca_shot_001_000,pixel_mse,mouth,0.00152913
48,0.172265,4d5b044b30051de4f0a6b2dc419ea9ca_shot_001_000,pixel_mse,upper_face,0.00010434
48,0.172265,4d5b044b30051de4f0a6b2dc419ea9ca_shot_001_000,pixel_mse,full,0.00068422
48,0.172265,4d5b044b30051de4f0a6b2dc419ea9ca_shot_001_000,ssim,mouth,0.89758921
48,0.172265,4d5b044b30051de4f0a6b2dc419ea9ca_shot_001_000,ssim,upper_face,0.97046739
48,0.172265,4d5b044b30051de4f0a6b2dc419ea9ca_shot_001_000,ssim,full,0.94080609
48,0.172265,4d5b044b30051de4f0a6b2dc419ea9ca_shot_001_000,lpips,mouth,0.08247697
48,0.172265,4d5b044b30051de4f0a6b2dc419ea9ca_shot_001_000,lpips,full,0.05654306
48,0.172265,4d5b044b30051de4f0a6b2dc419ea9ca_shot_001_000,sharpness,mouth,7.9232
48,0.172265,4d5b044b30051de4f0a6b2dc419ea9ca_shot_001_000,lmd,mouth,3.665052
48,0.172265,4d5b044b30051de4f0a6b2dc419ea9ca_shot_001_000,sync_d,mouth,7.786560
48,0.172265,4d5b044b30051de4f0a6b2dc419ea9ca_shot_001_000,sync_c,mouth,6.289066
49,0.092507,4d5b044b30051de4f0a6b2dc419ea9ca_shot_001_000,pixel_mse,mouth,0.00154631
49,0.092507,4d5b044b30051de4f0a6b2dc419ea9ca_shot_001_000,pixel_mse,upper_face,0.00010514
49,0.092507,4d5b044b30051de4f0a6b2dc419ea9ca_shot_001_000,pixel_mse,full,0.00069169
49,0.092507,4d5b044b30051de4f0a6b2dc419ea9ca_shot_001_000,ssim,mouth,0.89593017
49,0.092507,4d5b044b30051de4f0a6b2dc419ea9ca_shot_001_000,ssim,upper_face,0.97025818
49,0.092507,4d5b044b30051de4f0a6b2dc419ea9ca_shot_001_000,ssim,full,0.94000679
49,0.092507,4d5b044b30051de4f0a6b2dc419ea9ca_shot_001_000,lpips,mouth,0.08261814
49,0.092507,4d5b044b30051de4f0a6b2dc419ea9ca_shot_001_000,lpips,full,0.05665409
49,0.092507,4d5b044b30051de4f0a6b2dc419ea9ca_shot_001_000,sharpness,mouth,7.8750
49,0.092507,4d5b044b30051de4f0a6b2dc419ea9ca_shot_001_000,lmd,mouth,3.699319
49,0.092507,4d5b044b30051de4f0a6b2dc419ea9ca_shot_001_000,sync_d,mouth,7.812266
49,0.092507,4d5b044b30051de4f0a6b2dc419ea9ca_shot_001_000,sync_c,mouth,6.379032
-1,gt,59cdb196328a33d4c7b1248b916e5090_shot_001_000,sharpness,mouth,5.2486
-1,gt,59cdb196328a33d4c7b1248b916e5090_shot_001_000,sync_d,mouth,8.588214
-1,gt,59cdb196328a33d4c7b1248b916e5090_shot_001_000,sync_c,mouth,6.953785
0,0.999000,59cdb196328a33d4c7b1248b916e5090_shot_001_000,pixel_mse,mouth,0.00047683
0,0.999000,59cdb196328a33d4c7b1248b916e5090_shot_001_000,pixel_mse,upper_face,0.00010010
0,0.999000,59cdb196328a33d4c7b1248b916e5090_shot_001_000,pixel_mse,full,0.00025343
0,0.999000,59cdb196328a33d4c7b1248b916e5090_shot_001_000,ssim,mouth,0.94183820
0,0.999000,59cdb196328a33d4c7b1248b916e5090_shot_001_000,ssim,upper_face,0.96481031
0,0.999000,59cdb196328a33d4c7b1248b916e5090_shot_001_000,ssim,full,0.95546073
0,0.999000,59cdb196328a33d4c7b1248b916e5090_shot_001_000,lpips,mouth,0.08851577
0,0.999000,59cdb196328a33d4c7b1248b916e5090_shot_001_000,lpips,full,0.06346396
0,0.999000,59cdb196328a33d4c7b1248b916e5090_shot_001_000,sharpness,mouth,5.5167
0,0.999000,59cdb196328a33d4c7b1248b916e5090_shot_001_000,lmd,mouth,3.139454
0,0.999000,59cdb196328a33d4c7b1248b916e5090_shot_001_000,sync_d,mouth,8.747466
0,0.999000,59cdb196328a33d4c7b1248b916e5090_shot_001_000,sync_c,mouth,6.543575
1,0.995732,59cdb196328a33d4c7b1248b916e5090_shot_001_000,pixel_mse,mouth,0.00047737
1,0.995732,59cdb196328a33d4c7b1248b916e5090_shot_001_000,pixel_mse,upper_face,0.00010647
1,0.995732,59cdb196328a33d4c7b1248b916e5090_shot_001_000,pixel_mse,full,0.00025743
1,0.995732,59cdb196328a33d4c7b1248b916e5090_shot_001_000,ssim,mouth,0.94199532
1,0.995732,59cdb196328a33d4c7b1248b916e5090_shot_001_000,ssim,upper_face,0.96421945
1,0.995732,59cdb196328a33d4c7b1248b916e5090_shot_001_000,ssim,full,0.95517439
1,0.995732,59cdb196328a33d4c7b1248b916e5090_shot_001_000,lpips,mouth,0.08817966
1,0.995732,59cdb196328a33d4c7b1248b916e5090_shot_001_000,lpips,full,0.06336492
1,0.995732,59cdb196328a33d4c7b1248b916e5090_shot_001_000,sharpness,mouth,5.4956
1,0.995732,59cdb196328a33d4c7b1248b916e5090_shot_001_000,lmd,mouth,3.091148
1,0.995732,59cdb196328a33d4c7b1248b916e5090_shot_001_000,sync_d,mouth,8.617843
1,0.995732,59cdb196328a33d4c7b1248b916e5090_shot_001_000,sync_c,mouth,6.733316
2,0.991530,59cdb196328a33d4c7b1248b916e5090_shot_001_000,pixel_mse,mouth,0.00046786
2,0.991530,59cdb196328a33d4c7b1248b916e5090_shot_001_000,pixel_mse,upper_face,0.00010811
2,0.991530,59cdb196328a33d4c7b1248b916e5090_shot_001_000,pixel_mse,full,0.00025453
2,0.991530,59cdb196328a33d4c7b1248b916e5090_shot_001_000,ssim,mouth,0.94301593
2,0.991530,59cdb196328a33d4c7b1248b916e5090_shot_001_000,ssim,upper_face,0.96442151
2,0.991530,59cdb196328a33d4c7b1248b916e5090_shot_001_000,ssim,full,0.95570946
2,0.991530,59cdb196328a33d4c7b1248b916e5090_shot_001_000,lpips,mouth,0.08596172
2,0.991530,59cdb196328a33d4c7b1248b916e5090_shot_001_000,lpips,full,0.06170712
2,0.991530,59cdb196328a33d4c7b1248b916e5090_shot_001_000,sharpness,mouth,5.4687
2,0.991530,59cdb196328a33d4c7b1248b916e5090_shot_001_000,lmd,mouth,3.084815
2,0.991530,59cdb196328a33d4c7b1248b916e5090_shot_001_000,sync_d,mouth,8.615392
2,0.991530,59cdb196328a33d4c7b1248b916e5090_shot_001_000,sync_c,mouth,6.702959
3,0.987187,59cdb196328a33d4c7b1248b916e5090_shot_001_000,pixel_mse,mouth,0.00047502
3,0.987187,59cdb196328a33d4c7b1248b916e5090_shot_001_000,pixel_mse,upper_face,0.00010936
3,0.987187,59cdb196328a33d4c7b1248b916e5090_shot_001_000,pixel_mse,full,0.00025818
3,0.987187,59cdb196328a33d4c7b1248b916e5090_shot_001_000,ssim,mouth,0.94340044
3,0.987187,59cdb196328a33d4c7b1248b916e5090_shot_001_000,ssim,upper_face,0.96440291
3,0.987187,59cdb196328a33d4c7b1248b916e5090_shot_001_000,ssim,full,0.95585501
3,0.987187,59cdb196328a33d4c7b1248b916e5090_shot_001_000,lpips,mouth,0.08436438
3,0.987187,59cdb196328a33d4c7b1248b916e5090_shot_001_000,lpips,full,0.06040915
3,0.987187,59cdb196328a33d4c7b1248b916e5090_shot_001_000,sharpness,mouth,5.3623
3,0.987187,59cdb196328a33d4c7b1248b916e5090_shot_001_000,lmd,mouth,3.190372
3,0.987187,59cdb196328a33d4c7b1248b916e5090_shot_001_000,sync_d,mouth,8.812647
3,0.987187,59cdb196328a33d4c7b1248b916e5090_shot_001_000,sync_c,mouth,6.545924
4,0.982696,59cdb196328a33d4c7b1248b916e5090_shot_001_000,pixel_mse,mouth,0.00046760
4,0.982696,59cdb196328a33d4c7b1248b916e5090_shot_001_000,pixel_mse,upper_face,0.00010849
4,0.982696,59cdb196328a33d4c7b1248b916e5090_shot_001_000,pixel_mse,full,0.00025465
4,0.982696,59cdb196328a33d4c7b1248b916e5090_shot_001_000,ssim,mouth,0.94391036
4,0.982696,59cdb196328a33d4c7b1248b916e5090_shot_001_000,ssim,upper_face,0.96398246
4,0.982696,59cdb196328a33d4c7b1248b916e5090_shot_001_000,ssim,full,0.95581317
4,0.982696,59cdb196328a33d4c7b1248b916e5090_shot_001_000,lpips,mouth,0.08303593
4,0.982696,59cdb196328a33d4c7b1248b916e5090_shot_001_000,lpips,full,0.05952654
4,0.982696,59cdb196328a33d4c7b1248b916e5090_shot_001_000,sharpness,mouth,5.3511
4,0.982696,59cdb196328a33d4c7b1248b916e5090_shot_001_000,lmd,mouth,3.047280
4,0.982696,59cdb196328a33d4c7b1248b916e5090_shot_001_000,sync_d,mouth,8.917803
4,0.982696,59cdb196328a33d4c7b1248b916e5090_shot_001_000,sync_c,mouth,6.491535
5,0.978048,59cdb196328a33d4c7b1248b916e5090_shot_001_000,pixel_mse,mouth,0.00047409
5,0.978048,59cdb196328a33d4c7b1248b916e5090_shot_001_000,pixel_mse,upper_face,0.00010466
5,0.978048,59cdb196328a33d4c7b1248b916e5090_shot_001_000,pixel_mse,full,0.00025502
5,0.978048,59cdb196328a33d4c7b1248b916e5090_shot_001_000,ssim,mouth,0.94418937
5,0.978048,59cdb196328a33d4c7b1248b916e5090_shot_001_000,ssim,upper_face,0.96524304
5,0.978048,59cdb196328a33d4c7b1248b916e5090_shot_001_000,ssim,full,0.95667428
5,0.978048,59cdb196328a33d4c7b1248b916e5090_shot_001_000,lpips,mouth,0.08273381
5,0.978048,59cdb196328a33d4c7b1248b916e5090_shot_001_000,lpips,full,0.05899234
5,0.978048,59cdb196328a33d4c7b1248b916e5090_shot_001_000,sharpness,mouth,5.3297
5,0.978048,59cdb196328a33d4c7b1248b916e5090_shot_001_000,lmd,mouth,3.039670
5,0.978048,59cdb196328a33d4c7b1248b916e5090_shot_001_000,sync_d,mouth,9.012723
5,0.978048,59cdb196328a33d4c7b1248b916e5090_shot_001_000,sync_c,mouth,6.334910
6,0.973236,59cdb196328a33d4c7b1248b916e5090_shot_001_000,pixel_mse,mouth,0.00048531
6,0.973236,59cdb196328a33d4c7b1248b916e5090_shot_001_000,pixel_mse,upper_face,0.00010399
6,0.973236,59cdb196328a33d4c7b1248b916e5090_shot_001_000,pixel_mse,full,0.00025919
6,0.973236,59cdb196328a33d4c7b1248b916e5090_shot_001_000,ssim,mouth,0.94421417
6,0.973236,59cdb196328a33d4c7b1248b916e5090_shot_001_000,ssim,upper_face,0.96581692
6,0.973236,59cdb196328a33d4c7b1248b916e5090_shot_001_000,ssim,full,0.95702463
6,0.973236,59cdb196328a33d4c7b1248b916e5090_shot_001_000,lpips,mouth,0.08196028
6,0.973236,59cdb196328a33d4c7b1248b916e5090_shot_001_000,lpips,full,0.05848501
6,0.973236,59cdb196328a33d4c7b1248b916e5090_shot_001_000,sharpness,mouth,5.2739
6,0.973236,59cdb196328a33d4c7b1248b916e5090_shot_001_000,lmd,mouth,3.072221
6,0.973236,59cdb196328a33d4c7b1248b916e5090_shot_001_000,sync_d,mouth,9.069894
6,0.973236,59cdb196328a33d4c7b1248b916e5090_shot_001_000,sync_c,mouth,6.353644
7,0.968250,59cdb196328a33d4c7b1248b916e5090_shot_001_000,pixel_mse,mouth,0.00049493
7,0.968250,59cdb196328a33d4c7b1248b916e5090_shot_001_000,pixel_mse,upper_face,0.00010568
7,0.968250,59cdb196328a33d4c7b1248b916e5090_shot_001_000,pixel_mse,full,0.00026410
7,0.968250,59cdb196328a33d4c7b1248b916e5090_shot_001_000,ssim,mouth,0.94405448
7,0.968250,59cdb196328a33d4c7b1248b916e5090_shot_001_000,ssim,upper_face,0.96621865
7,0.968250,59cdb196328a33d4c7b1248b916e5090_shot_001_000,ssim,full,0.95719784
7,0.968250,59cdb196328a33d4c7b1248b916e5090_shot_001_000,lpips,mouth,0.08184709
7,0.968250,59cdb196328a33d4c7b1248b916e5090_shot_001_000,lpips,full,0.05824501
7,0.968250,59cdb196328a33d4c7b1248b916e5090_shot_001_000,sharpness,mouth,5.2801
7,0.968250,59cdb196328a33d4c7b1248b916e5090_shot_001_000,lmd,mouth,3.156407
7,0.968250,59cdb196328a33d4c7b1248b916e5090_shot_001_000,sync_d,mouth,9.058597
7,0.968250,59cdb196328a33d4c7b1248b916e5090_shot_001_000,sync_c,mouth,6.362284
8,0.963082,59cdb196328a33d4c7b1248b916e5090_shot_001_000,pixel_mse,mouth,0.00050894
8,0.963082,59cdb196328a33d4c7b1248b916e5090_shot_001_000,pixel_mse,upper_face,0.00010375
8,0.963082,59cdb196328a33d4c7b1248b916e5090_shot_001_000,pixel_mse,full,0.00026866
8,0.963082,59cdb196328a33d4c7b1248b916e5090_shot_001_000,ssim,mouth,0.94361061
8,0.963082,59cdb196328a33d4c7b1248b916e5090_shot_001_000,ssim,upper_face,0.96663439
8,0.963082,59cdb196328a33d4c7b1248b916e5090_shot_001_000,ssim,full,0.95726371
8,0.963082,59cdb196328a33d4c7b1248b916e5090_shot_001_000,lpips,mouth,0.08205500
8,0.963082,59cdb196328a33d4c7b1248b916e5090_shot_001_000,lpips,full,0.05846088
8,0.963082,59cdb196328a33d4c7b1248b916e5090_shot_001_000,sharpness,mouth,5.2631
8,0.963082,59cdb196328a33d4c7b1248b916e5090_shot_001_000,lmd,mouth,3.226146
8,0.963082,59cdb196328a33d4c7b1248b916e5090_shot_001_000,sync_d,mouth,9.068590
8,0.963082,59cdb196328a33d4c7b1248b916e5090_shot_001_000,sync_c,mouth,6.267803
9,0.957720,59cdb196328a33d4c7b1248b916e5090_shot_001_000,pixel_mse,mouth,0.00050286
9,0.957720,59cdb196328a33d4c7b1248b916e5090_shot_001_000,pixel_mse,upper_face,0.00009915
9,0.957720,59cdb196328a33d4c7b1248b916e5090_shot_001_000,pixel_mse,full,0.00026346
9,0.957720,59cdb196328a33d4c7b1248b916e5090_shot_001_000,ssim,mouth,0.94366795
9,0.957720,59cdb196328a33d4c7b1248b916e5090_shot_001_000,ssim,upper_face,0.96745104
9,0.957720,59cdb196328a33d4c7b1248b916e5090_shot_001_000,ssim,full,0.95777142
9,0.957720,59cdb196328a33d4c7b1248b916e5090_shot_001_000,lpips,mouth,0.08175018
9,0.957720,59cdb196328a33d4c7b1248b916e5090_shot_001_000,lpips,full,0.05808529
9,0.957720,59cdb196328a33d4c7b1248b916e5090_shot_001_000,sharpness,mouth,5.3063
9,0.957720,59cdb196328a33d4c7b1248b916e5090_shot_001_000,lmd,mouth,3.255796
9,0.957720,59cdb196328a33d4c7b1248b916e5090_shot_001_000,sync_d,mouth,9.067581
9,0.957720,59cdb196328a33d4c7b1248b916e5090_shot_001_000,sync_c,mouth,6.271484
10,0.952154,59cdb196328a33d4c7b1248b916e5090_shot_001_000,pixel_mse,mouth,0.00051038
10,0.952154,59cdb196328a33d4c7b1248b916e5090_shot_001_000,pixel_mse,upper_face,0.00010282
10,0.952154,59cdb196328a33d4c7b1248b916e5090_shot_001_000,pixel_mse,full,0.00026869
10,0.952154,59cdb196328a33d4c7b1248b916e5090_shot_001_000,ssim,mouth,0.94343984
10,0.952154,59cdb196328a33d4c7b1248b916e5090_shot_001_000,ssim,upper_face,0.96770787
10,0.952154,59cdb196328a33d4c7b1248b916e5090_shot_001_000,ssim,full,0.95783091
10,0.952154,59cdb196328a33d4c7b1248b916e5090_shot_001_000,lpips,mouth,0.08179161
10,0.952154,59cdb196328a33d4c7b1248b916e5090_shot_001_000,lpips,full,0.05803557
10,0.952154,59cdb196328a33d4c7b1248b916e5090_shot_001_000,sharpness,mouth,5.3084
10,0.952154,59cdb196328a33d4c7b1248b916e5090_shot_001_000,lmd,mouth,3.314249
10,0.952154,59cdb196328a33d4c7b1248b916e5090_shot_001_000,sync_d,mouth,9.141782
10,0.952154,59cdb196328a33d4c7b1248b916e5090_shot_001_000,sync_c,mouth,6.251535
11,0.946372,59cdb196328a33d4c7b1248b916e5090_shot_001_000,pixel_mse,mouth,0.00050718
11,0.946372,59cdb196328a33d4c7b1248b916e5090_shot_001_000,pixel_mse,upper_face,0.00009621
11,0.946372,59cdb196328a33d4c7b1248b916e5090_shot_001_000,pixel_mse,full,0.00026347
11,0.946372,59cdb196328a33d4c7b1248b916e5090_shot_001_000,ssim,mouth,0.94354618
11,0.946372,59cdb196328a33d4c7b1248b916e5090_shot_001_000,ssim,upper_face,0.96824175
11,0.946372,59cdb196328a33d4c7b1248b916e5090_shot_001_000,ssim,full,0.95819080
11,0.946372,59cdb196328a33d4c7b1248b916e5090_shot_001_000,lpips,mouth,0.08133194
11,0.946372,59cdb196328a33d4c7b1248b916e5090_shot_001_000,lpips,full,0.05762807
11,0.946372,59cdb196328a33d4c7b1248b916e5090_shot_001_000,sharpness,mouth,5.3114
11,0.946372,59cdb196328a33d4c7b1248b916e5090_shot_001_000,lmd,mouth,3.349788
11,0.946372,59cdb196328a33d4c7b1248b916e5090_shot_001_000,sync_d,mouth,8.991990
11,0.946372,59cdb196328a33d4c7b1248b916e5090_shot_001_000,sync_c,mouth,6.369485
12,0.940361,59cdb196328a33d4c7b1248b916e5090_shot_001_000,pixel_mse,mouth,0.00051141
12,0.940361,59cdb196328a33d4c7b1248b916e5090_shot_001_000,pixel_mse,upper_face,0.00009637
12,0.940361,59cdb196328a33d4c7b1248b916e5090_shot_001_000,pixel_mse,full,0.00026529
12,0.940361,59cdb196328a33d4c7b1248b916e5090_shot_001_000,ssim,mouth,0.94345367
12,0.940361,59cdb196328a33d4c7b1248b916e5090_shot_001_000,ssim,upper_face,0.96873015
12,0.940361,59cdb196328a33d4c7b1248b916e5090_shot_001_000,ssim,full,0.95844257
12,0.940361,59cdb196328a33d4c7b1248b916e5090_shot_001_000,lpips,mouth,0.08147755
12,0.940361,59cdb196328a33d4c7b1248b916e5090_shot_001_000,lpips,full,0.05782313
12,0.940361,59cdb196328a33d4c7b1248b916e5090_shot_001_000,sharpness,mouth,5.3395
12,0.940361,59cdb196328a33d4c7b1248b916e5090_shot_001_000,lmd,mouth,3.409015
12,0.940361,59cdb196328a33d4c7b1248b916e5090_shot_001_000,sync_d,mouth,9.048354
12,0.940361,59cdb196328a33d4c7b1248b916e5090_shot_001_000,sync_c,mouth,6.315284
13,0.934107,59cdb196328a33d4c7b1248b916e5090_shot_001_000,pixel_mse,mouth,0.00051262
13,0.934107,59cdb196328a33d4c7b1248b916e5090_shot_001_000,pixel_mse,upper_face,0.00009646
13,0.934107,59cdb196328a33d4c7b1248b916e5090_shot_001_000,pixel_mse,full,0.00026584
13,0.934107,59cdb196328a33d4c7b1248b916e5090_shot_001_000,ssim,mouth,0.94362509
13,0.934107,59cdb196328a33d4c7b1248b916e5090_shot_001_000,ssim,upper_face,0.96890551
13,0.934107,59cdb196328a33d4c7b1248b916e5090_shot_001_000,ssim,full,0.95861650
13,0.934107,59cdb196328a33d4c7b1248b916e5090_shot_001_000,lpips,mouth,0.08072171
13,0.934107,59cdb196328a33d4c7b1248b916e5090_shot_001_000,lpips,full,0.05727631
13,0.934107,59cdb196328a33d4c7b1248b916e5090_shot_001_000,sharpness,mouth,5.2951
13,0.934107,59cdb196328a33d4c7b1248b916e5090_shot_001_000,lmd,mouth,3.382407
13,0.934107,59cdb196328a33d4c7b1248b916e5090_shot_001_000,sync_d,mouth,9.059774
13,0.934107,59cdb196328a33d4c7b1248b916e5090_shot_001_000,sync_c,mouth,6.270580
14,0.927596,59cdb196328a33d4c7b1248b916e5090_shot_001_000,pixel_mse,mouth,0.00050683
14,0.927596,59cdb196328a33d4c7b1248b916e5090_shot_001_000,pixel_mse,upper_face,0.00009494
14,0.927596,59cdb196328a33d4c7b1248b916e5090_shot_001_000,pixel_mse,full,0.00026258
14,0.927596,59cdb196328a33d4c7b1248b916e5090_shot_001_000,ssim,mouth,0.94359893
14,0.927596,59cdb196328a33d4c7b1248b916e5090_shot_001_000,ssim,upper_face,0.96867090
14,0.927596,59cdb196328a33d4c7b1248b916e5090_shot_001_000,ssim,full,0.95846671
14,0.927596,59cdb196328a33d4c7b1248b916e5090_shot_001_000,lpips,mouth,0.08015551
14,0.927596,59cdb196328a33d4c7b1248b916e5090_shot_001_000,lpips,full,0.05680624
14,0.927596,59cdb196328a33d4c7b1248b916e5090_shot_001_000,sharpness,mouth,5.3293
14,0.927596,59cdb196328a33d4c7b1248b916e5090_shot_001_000,lmd,mouth,3.436680
14,0.927596,59cdb196328a33d4c7b1248b916e5090_shot_001_000,sync_d,mouth,8.963145
14,0.927596,59cdb196328a33d4c7b1248b916e5090_shot_001_000,sync_c,mouth,6.433825
15,0.920810,59cdb196328a33d4c7b1248b916e5090_shot_001_000,pixel_mse,mouth,0.00050499
15,0.920810,59cdb196328a33d4c7b1248b916e5090_shot_001_000,pixel_mse,upper_face,0.00009495
15,0.920810,59cdb196328a33d4c7b1248b916e5090_shot_001_000,pixel_mse,full,0.00026184
15,0.920810,59cdb196328a33d4c7b1248b916e5090_shot_001_000,ssim,mouth,0.94369131
15,0.920810,59cdb196328a33d4c7b1248b916e5090_shot_001_000,ssim,upper_face,0.96895438
15,0.920810,59cdb196328a33d4c7b1248b916e5090_shot_001_000,ssim,full,0.95867234
15,0.920810,59cdb196328a33d4c7b1248b916e5090_shot_001_000,lpips,mouth,0.07959951
15,0.920810,59cdb196328a33d4c7b1248b916e5090_shot_001_000,lpips,full,0.05643532
15,0.920810,59cdb196328a33d4c7b1248b916e5090_shot_001_000,sharpness,mouth,5.3118
15,0.920810,59cdb196328a33d4c7b1248b916e5090_shot_001_000,lmd,mouth,3.419346
15,0.920810,59cdb196328a33d4c7b1248b916e5090_shot_001_000,sync_d,mouth,9.045140
15,0.920810,59cdb196328a33d4c7b1248b916e5090_shot_001_000,sync_c,mouth,6.271214
16,0.913733,59cdb196328a33d4c7b1248b916e5090_shot_001_000,pixel_mse,mouth,0.00050097
16,0.913733,59cdb196328a33d4c7b1248b916e5090_shot_001_000,pixel_mse,upper_face,0.00008735
16,0.913733,59cdb196328a33d4c7b1248b916e5090_shot_001_000,pixel_mse,full,0.00025569
16,0.913733,59cdb196328a33d4c7b1248b916e5090_shot_001_000,ssim,mouth,0.94375038
16,0.913733,59cdb196328a33d4c7b1248b916e5090_shot_001_000,ssim,upper_face,0.96988726
16,0.913733,59cdb196328a33d4c7b1248b916e5090_shot_001_000,ssim,full,0.95924962
16,0.913733,59cdb196328a33d4c7b1248b916e5090_shot_001_000,lpips,mouth,0.07937481
16,0.913733,59cdb196328a33d4c7b1248b916e5090_shot_001_000,lpips,full,0.05621456
16,0.913733,59cdb196328a33d4c7b1248b916e5090_shot_001_000,sharpness,mouth,5.3411
16,0.913733,59cdb196328a33d4c7b1248b916e5090_shot_001_000,lmd,mouth,3.345074
16,0.913733,59cdb196328a33d4c7b1248b916e5090_shot_001_000,sync_d,mouth,8.994228
16,0.913733,59cdb196328a33d4c7b1248b916e5090_shot_001_000,sync_c,mouth,6.383282
17,0.906344,59cdb196328a33d4c7b1248b916e5090_shot_001_000,pixel_mse,mouth,0.00051136
17,0.906344,59cdb196328a33d4c7b1248b916e5090_shot_001_000,pixel_mse,upper_face,0.00009244
17,0.906344,59cdb196328a33d4c7b1248b916e5090_shot_001_000,pixel_mse,full,0.00026294
17,0.906344,59cdb196328a33d4c7b1248b916e5090_shot_001_000,ssim,mouth,0.94361711
17,0.906344,59cdb196328a33d4c7b1248b916e5090_shot_001_000,ssim,upper_face,0.96946192
17,0.906344,59cdb196328a33d4c7b1248b916e5090_shot_001_000,ssim,full,0.95894319
17,0.906344,59cdb196328a33d4c7b1248b916e5090_shot_001_000,lpips,mouth,0.07878653
17,0.906344,59cdb196328a33d4c7b1248b916e5090_shot_001_000,lpips,full,0.05585141
17,0.906344,59cdb196328a33d4c7b1248b916e5090_shot_001_000,sharpness,mouth,5.2952
17,0.906344,59cdb196328a33d4c7b1248b916e5090_shot_001_000,lmd,mouth,3.516975
17,0.906344,59cdb196328a33d4c7b1248b916e5090_shot_001_000,sync_d,mouth,9.057658
17,0.906344,59cdb196328a33d4c7b1248b916e5090_shot_001_000,sync_c,mouth,6.309992
18,0.898624,59cdb196328a33d4c7b1248b916e5090_shot_001_000,pixel_mse,mouth,0.00051688
18,0.898624,59cdb196328a33d4c7b1248b916e5090_shot_001_000,pixel_mse,upper_face,0.00009095
18,0.898624,59cdb196328a33d4c7b1248b916e5090_shot_001_000,pixel_mse,full,0.00026430
18,0.898624,59cdb196328a33d4c7b1248b916e5090_shot_001_000,ssim,mouth,0.94355661
18,0.898624,59cdb196328a33d4c7b1248b916e5090_shot_001_000,ssim,upper_face,0.96992236
18,0.898624,59cdb196328a33d4c7b1248b916e5090_shot_001_000,ssim,full,0.95919150
18,0.898624,59cdb196328a33d4c7b1248b916e5090_shot_001_000,lpips,mouth,0.07879854
18,0.898624,59cdb196328a33d4c7b1248b916e5090_shot_001_000,lpips,full,0.05575991
18,0.898624,59cdb196328a33d4c7b1248b916e5090_shot_001_000,sharpness,mouth,5.3025
18,0.898624,59cdb196328a33d4c7b1248b916e5090_shot_001_000,lmd,mouth,3.433058
18,0.898624,59cdb196328a33d4c7b1248b916e5090_shot_001_000,sync_d,mouth,9.044310
18,0.898624,59cdb196328a33d4c7b1248b916e5090_shot_001_000,sync_c,mouth,6.313967
19,0.890548,59cdb196328a33d4c7b1248b916e5090_shot_001_000,pixel_mse,mouth,0.00051219
19,0.890548,59cdb196328a33d4c7b1248b916e5090_shot_001_000,pixel_mse,upper_face,0.00008797
19,0.890548,59cdb196328a33d4c7b1248b916e5090_shot_001_000,pixel_mse,full,0.00026063
19,0.890548,59cdb196328a33d4c7b1248b916e5090_shot_001_000,ssim,mouth,0.94357091
19,0.890548,59cdb196328a33d4c7b1248b916e5090_shot_001_000,ssim,upper_face,0.96992975
19,0.890548,59cdb196328a33d4c7b1248b916e5090_shot_001_000,ssim,full,0.95920169
19,0.890548,59cdb196328a33d4c7b1248b916e5090_shot_001_000,lpips,mouth,0.07821880
19,0.890548,59cdb196328a33d4c7b1248b916e5090_shot_001_000,lpips,full,0.05532708
19,0.890548,59cdb196328a33d4c7b1248b916e5090_shot_001_000,sharpness,mouth,5.3252
19,0.890548,59cdb196328a33d4c7b1248b916e5090_shot_001_000,lmd,mouth,3.598313
19,0.890548,59cdb196328a33d4c7b1248b916e5090_shot_001_000,sync_d,mouth,9.029768
19,0.890548,59cdb196328a33d4c7b1248b916e5090_shot_001_000,sync_c,mouth,6.338953
20,0.882093,59cdb196328a33d4c7b1248b916e5090_shot_001_000,pixel_mse,mouth,0.00051730
20,0.882093,59cdb196328a33d4c7b1248b916e5090_shot_001_000,pixel_mse,upper_face,0.00008937
20,0.882093,59cdb196328a33d4c7b1248b916e5090_shot_001_000,pixel_mse,full,0.00026353
20,0.882093,59cdb196328a33d4c7b1248b916e5090_shot_001_000,ssim,mouth,0.94342238
20,0.882093,59cdb196328a33d4c7b1248b916e5090_shot_001_000,ssim,upper_face,0.96976662
20,0.882093,59cdb196328a33d4c7b1248b916e5090_shot_001_000,ssim,full,0.95904446
20,0.882093,59cdb196328a33d4c7b1248b916e5090_shot_001_000,lpips,mouth,0.07794941
20,0.882093,59cdb196328a33d4c7b1248b916e5090_shot_001_000,lpips,full,0.05521663
20,0.882093,59cdb196328a33d4c7b1248b916e5090_shot_001_000,sharpness,mouth,5.2936
20,0.882093,59cdb196328a33d4c7b1248b916e5090_shot_001_000,lmd,mouth,3.470557
20,0.882093,59cdb196328a33d4c7b1248b916e5090_shot_001_000,sync_d,mouth,8.947424
20,0.882093,59cdb196328a33d4c7b1248b916e5090_shot_001_000,sync_c,mouth,6.414199
21,0.873231,59cdb196328a33d4c7b1248b916e5090_shot_001_000,pixel_mse,mouth,0.00052293
21,0.873231,59cdb196328a33d4c7b1248b916e5090_shot_001_000,pixel_mse,upper_face,0.00009052
21,0.873231,59cdb196328a33d4c7b1248b916e5090_shot_001_000,pixel_mse,full,0.00026651
21,0.873231,59cdb196328a33d4c7b1248b916e5090_shot_001_000,ssim,mouth,0.94325286
21,0.873231,59cdb196328a33d4c7b1248b916e5090_shot_001_000,ssim,upper_face,0.97008693
21,0.873231,59cdb196328a33d4c7b1248b916e5090_shot_001_000,ssim,full,0.95916551
21,0.873231,59cdb196328a33d4c7b1248b916e5090_shot_001_000,lpips,mouth,0.07770646
21,0.873231,59cdb196328a33d4c7b1248b916e5090_shot_001_000,lpips,full,0.05503983
21,0.873231,59cdb196328a33d4c7b1248b916e5090_shot_001_000,sharpness,mouth,5.3014
21,0.873231,59cdb196328a33d4c7b1248b916e5090_shot_001_000,lmd,mouth,3.567486
21,0.873231,59cdb196328a33d4c7b1248b916e5090_shot_001_000,sync_d,mouth,8.932303
21,0.873231,59cdb196328a33d4c7b1248b916e5090_shot_001_000,sync_c,mouth,6.368443
22,0.863931,59cdb196328a33d4c7b1248b916e5090_shot_001_000,pixel_mse,mouth,0.00052778
22,0.863931,59cdb196328a33d4c7b1248b916e5090_shot_001_000,pixel_mse,upper_face,0.00008643
22,0.863931,59cdb196328a33d4c7b1248b916e5090_shot_001_000,pixel_mse,full,0.00026606
22,0.863931,59cdb196328a33d4c7b1248b916e5090_shot_001_000,ssim,mouth,0.94299656
22,0.863931,59cdb196328a33d4c7b1248b916e5090_shot_001_000,ssim,upper_face,0.97032917
22,0.863931,59cdb196328a33d4c7b1248b916e5090_shot_001_000,ssim,full,0.95920485
22,0.863931,59cdb196328a33d4c7b1248b916e5090_shot_001_000,lpips,mouth,0.07761899
22,0.863931,59cdb196328a33d4c7b1248b916e5090_shot_001_000,lpips,full,0.05500501
22,0.863931,59cdb196328a33d4c7b1248b916e5090_shot_001_000,sharpness,mouth,5.3316
22,0.863931,59cdb196328a33d4c7b1248b916e5090_shot_001_000,lmd,mouth,3.526810
22,0.863931,59cdb196328a33d4c7b1248b916e5090_shot_001_000,sync_d,mouth,8.964027
22,0.863931,59cdb196328a33d4c7b1248b916e5090_shot_001_000,sync_c,mouth,6.409309
23,0.854160,59cdb196328a33d4c7b1248b916e5090_shot_001_000,pixel_mse,mouth,0.00053311
23,0.854160,59cdb196328a33d4c7b1248b916e5090_shot_001_000,pixel_mse,upper_face,0.00008623
23,0.854160,59cdb196328a33d4c7b1248b916e5090_shot_001_000,pixel_mse,full,0.00026811
23,0.854160,59cdb196328a33d4c7b1248b916e5090_shot_001_000,ssim,mouth,0.94269866
23,0.854160,59cdb196328a33d4c7b1248b916e5090_shot_001_000,ssim,upper_face,0.97049403
23,0.854160,59cdb196328a33d4c7b1248b916e5090_shot_001_000,ssim,full,0.95918131
23,0.854160,59cdb196328a33d4c7b1248b916e5090_shot_001_000,lpips,mouth,0.07759745
23,0.854160,59cdb196328a33d4c7b1248b916e5090_shot_001_000,lpips,full,0.05491963
23,0.854160,59cdb196328a33d4c7b1248b916e5090_shot_001_000,sharpness,mouth,5.3239
23,0.854160,59cdb196328a33d4c7b1248b916e5090_shot_001_000,lmd,mouth,3.626267
23,0.854160,59cdb196328a33d4c7b1248b916e5090_shot_001_000,sync_d,mouth,8.947929
23,0.854160,59cdb196328a33d4c7b1248b916e5090_shot_001_000,sync_c,mouth,6.359999
24,0.843882,59cdb196328a33d4c7b1248b916e5090_shot_001_000,pixel_mse,mouth,0.00053570
24,0.843882,59cdb196328a33d4c7b1248b916e5090_shot_001_000,pixel_mse,upper_face,0.00008386
24,0.843882,59cdb196328a33d4c7b1248b916e5090_shot_001_000,pixel_mse,full,0.00026776
24,0.843882,59cdb196328a33d4c7b1248b916e5090_shot_001_000,ssim,mouth,0.94245487
24,0.843882,59cdb196328a33d4c7b1248b916e5090_shot_001_000,ssim,upper_face,0.97071129
24,0.843882,59cdb196328a33d4c7b1248b916e5090_shot_001_000,ssim,full,0.95921099
24,0.843882,59cdb196328a33d4c7b1248b916e5090_shot_001_000,lpips,mouth,0.07717055
24,0.843882,59cdb196328a33d4c7b1248b916e5090_shot_001_000,lpips,full,0.05457700
24,0.843882,59cdb196328a33d4c7b1248b916e5090_shot_001_000,sharpness,mouth,5.3281
24,0.843882,59cdb196328a33d4c7b1248b916e5090_shot_001_000,lmd,mouth,3.657070
24,0.843882,59cdb196328a33d4c7b1248b916e5090_shot_001_000,sync_d,mouth,9.007282
24,0.843882,59cdb196328a33d4c7b1248b916e5090_shot_001_000,sync_c,mouth,6.297216
25,0.833055,59cdb196328a33d4c7b1248b916e5090_shot_001_000,pixel_mse,mouth,0.00070026
25,0.833055,59cdb196328a33d4c7b1248b916e5090_shot_001_000,pixel_mse,upper_face,0.00009515
25,0.833055,59cdb196328a33d4c7b1248b916e5090_shot_001_000,pixel_mse,full,0.00034143
25,0.833055,59cdb196328a33d4c7b1248b916e5090_shot_001_000,ssim,mouth,0.93259740
25,0.833055,59cdb196328a33d4c7b1248b916e5090_shot_001_000,ssim,upper_face,0.96911347
25,0.833055,59cdb196328a33d4c7b1248b916e5090_shot_001_000,ssim,full,0.95425141
25,0.833055,59cdb196328a33d4c7b1248b916e5090_shot_001_000,lpips,mouth,0.07994127
25,0.833055,59cdb196328a33d4c7b1248b916e5090_shot_001_000,lpips,full,0.05655512
25,0.833055,59cdb196328a33d4c7b1248b916e5090_shot_001_000,sharpness,mouth,5.1696
25,0.833055,59cdb196328a33d4c7b1248b916e5090_shot_001_000,lmd,mouth,4.510506
25,0.833055,59cdb196328a33d4c7b1248b916e5090_shot_001_000,sync_d,mouth,7.848682
25,0.833055,59cdb196328a33d4c7b1248b916e5090_shot_001_000,sync_c,mouth,7.255483
26,0.821636,59cdb196328a33d4c7b1248b916e5090_shot_001_000,pixel_mse,mouth,0.00069199
26,0.821636,59cdb196328a33d4c7b1248b916e5090_shot_001_000,pixel_mse,upper_face,0.00009255
26,0.821636,59cdb196328a33d4c7b1248b916e5090_shot_001_000,pixel_mse,full,0.00033652
26,0.821636,59cdb196328a33d4c7b1248b916e5090_shot_001_000,ssim,mouth,0.93289977
26,0.821636,59cdb196328a33d4c7b1248b916e5090_shot_001_000,ssim,upper_face,0.96910530
26,0.821636,59cdb196328a33d4c7b1248b916e5090_shot_001_000,ssim,full,0.95436960
26,0.821636,59cdb196328a33d4c7b1248b916e5090_shot_001_000,lpips,mouth,0.07936004
26,0.821636,59cdb196328a33d4c7b1248b916e5090_shot_001_000,lpips,full,0.05614704
26,0.821636,59cdb196328a33d4c7b1248b916e5090_shot_001_000,sharpness,mouth,5.1861
26,0.821636,59cdb196328a33d4c7b1248b916e5090_shot_001_000,lmd,mouth,4.469921
26,0.821636,59cdb196328a33d4c7b1248b916e5090_shot_001_000,sync_d,mouth,7.854524
26,0.821636,59cdb196328a33d4c7b1248b916e5090_shot_001_000,sync_c,mouth,7.156480
27,0.809574,59cdb196328a33d4c7b1248b916e5090_shot_001_000,pixel_mse,mouth,0.00067592
27,0.809574,59cdb196328a33d4c7b1248b916e5090_shot_001_000,pixel_mse,upper_face,0.00009638
27,0.809574,59cdb196328a33d4c7b1248b916e5090_shot_001_000,pixel_mse,full,0.00033225
27,0.809574,59cdb196328a33d4c7b1248b916e5090_shot_001_000,ssim,mouth,0.93334568
27,0.809574,59cdb196328a33d4c7b1248b916e5090_shot_001_000,ssim,upper_face,0.96908081
27,0.809574,59cdb196328a33d4c7b1248b916e5090_shot_001_000,ssim,full,0.95453662
27,0.809574,59cdb196328a33d4c7b1248b916e5090_shot_001_000,lpips,mouth,0.07853965
27,0.809574,59cdb196328a33d4c7b1248b916e5090_shot_001_000,lpips,full,0.05567720
27,0.809574,59cdb196328a33d4c7b1248b916e5090_shot_001_000,sharpness,mouth,5.1562
27,0.809574,59cdb196328a33d4c7b1248b916e5090_shot_001_000,lmd,mouth,4.351065
27,0.809574,59cdb196328a33d4c7b1248b916e5090_shot_001_000,sync_d,mouth,7.949998
27,0.809574,59cdb196328a33d4c7b1248b916e5090_shot_001_000,sync_c,mouth,7.064408
28,0.796812,59cdb196328a33d4c7b1248b916e5090_shot_001_000,pixel_mse,mouth,0.00066899
28,0.796812,59cdb196328a33d4c7b1248b916e5090_shot_001_000,pixel_mse,upper_face,0.00009356
28,0.796812,59cdb196328a33d4c7b1248b916e5090_shot_001_000,pixel_mse,full,0.00032776
28,0.796812,59cdb196328a33d4c7b1248b916e5090_shot_001_000,ssim,mouth,0.93374032
28,0.796812,59cdb196328a33d4c7b1248b916e5090_shot_001_000,ssim,upper_face,0.96925497
28,0.796812,59cdb196328a33d4c7b1248b916e5090_shot_001_000,ssim,full,0.95480055
28,0.796812,59cdb196328a33d4c7b1248b916e5090_shot_001_000,lpips,mouth,0.07770674
28,0.796812,59cdb196328a33d4c7b1248b916e5090_shot_001_000,lpips,full,0.05511276
28,0.796812,59cdb196328a33d4c7b1248b916e5090_shot_001_000,sharpness,mouth,5.1861
28,0.796812,59cdb196328a33d4c7b1248b916e5090_shot_001_000,lmd,mouth,4.580683
28,0.796812,59cdb196328a33d4c7b1248b916e5090_shot_001_000,sync_d,mouth,7.992880
28,0.796812,59cdb196328a33d4c7b1248b916e5090_shot_001_000,sync_c,mouth,7.112469
29,0.783290,59cdb196328a33d4c7b1248b916e5090_shot_001_000,pixel_mse,mouth,0.00065518
29,0.783290,59cdb196328a33d4c7b1248b916e5090_shot_001_000,pixel_mse,upper_face,0.00009211
29,0.783290,59cdb196328a33d4c7b1248b916e5090_shot_001_000,pixel_mse,full,0.00032128
29,0.783290,59cdb196328a33d4c7b1248b916e5090_shot_001_000,ssim,mouth,0.93415552
29,0.783290,59cdb196328a33d4c7b1248b916e5090_shot_001_000,ssim,upper_face,0.96942919
29,0.783290,59cdb196328a33d4c7b1248b916e5090_shot_001_000,ssim,full,0.95507288
29,0.783290,59cdb196328a33d4c7b1248b916e5090_shot_001_000,lpips,mouth,0.07716664
29,0.783290,59cdb196328a33d4c7b1248b916e5090_shot_001_000,lpips,full,0.05459384
29,0.783290,59cdb196328a33d4c7b1248b916e5090_shot_001_000,sharpness,mouth,5.2027
29,0.783290,59cdb196328a33d4c7b1248b916e5090_shot_001_000,lmd,mouth,4.421832
29,0.783290,59cdb196328a33d4c7b1248b916e5090_shot_001_000,sync_d,mouth,8.053755
29,0.783290,59cdb196328a33d4c7b1248b916e5090_shot_001_000,sync_c,mouth,7.066134
30,0.768935,59cdb196328a33d4c7b1248b916e5090_shot_001_000,pixel_mse,mouth,0.00065353
30,0.768935,59cdb196328a33d4c7b1248b916e5090_shot_001_000,pixel_mse,upper_face,0.00008910
30,0.768935,59cdb196328a33d4c7b1248b916e5090_shot_001_000,pixel_mse,full,0.00031882
30,0.768935,59cdb196328a33d4c7b1248b916e5090_shot_001_000,ssim,mouth,0.93426722
30,0.768935,59cdb196328a33d4c7b1248b916e5090_shot_001_000,ssim,upper_face,0.96951133
30,0.768935,59cdb196328a33d4c7b1248b916e5090_shot_001_000,ssim,full,0.95516706
30,0.768935,59cdb196328a33d4c7b1248b916e5090_shot_001_000,lpips,mouth,0.07710644
30,0.768935,59cdb196328a33d4c7b1248b916e5090_shot_001_000,lpips,full,0.05467401
30,0.768935,59cdb196328a33d4c7b1248b916e5090_shot_001_000,sharpness,mouth,5.2337
30,0.768935,59cdb196328a33d4c7b1248b916e5090_shot_001_000,lmd,mouth,4.303278
30,0.768935,59cdb196328a33d4c7b1248b916e5090_shot_001_000,sync_d,mouth,8.122910
30,0.768935,59cdb196328a33d4c7b1248b916e5090_shot_001_000,sync_c,mouth,6.991982
31,0.753669,59cdb196328a33d4c7b1248b916e5090_shot_001_000,pixel_mse,mouth,0.00065145
31,0.753669,59cdb196328a33d4c7b1248b916e5090_shot_001_000,pixel_mse,upper_face,0.00009030
31,0.753669,59cdb196328a33d4c7b1248b916e5090_shot_001_000,pixel_mse,full,0.00031869
31,0.753669,59cdb196328a33d4c7b1248b916e5090_shot_001_000,ssim,mouth,0.93508601
31,0.753669,59cdb196328a33d4c7b1248b916e5090_shot_001_000,ssim,upper_face,0.96957868
31,0.753669,59cdb196328a33d4c7b1248b916e5090_shot_001_000,ssim,full,0.95554024
31,0.753669,59cdb196328a33d4c7b1248b916e5090_shot_001_000,lpips,mouth,0.07638352
31,0.753669,59cdb196328a33d4c7b1248b916e5090_shot_001_000,lpips,full,0.05427437
31,0.753669,59cdb196328a33d4c7b1248b916e5090_shot_001_000,sharpness,mouth,5.1889
31,0.753669,59cdb196328a33d4c7b1248b916e5090_shot_001_000,lmd,mouth,4.384864
31,0.753669,59cdb196328a33d4c7b1248b916e5090_shot_001_000,sync_d,mouth,8.242441
31,0.753669,59cdb196328a33d4c7b1248b916e5090_shot_001_000,sync_c,mouth,6.862593
32,0.737402,59cdb196328a33d4c7b1248b916e5090_shot_001_000,pixel_mse,mouth,0.00063564
32,0.737402,59cdb196328a33d4c7b1248b916e5090_shot_001_000,pixel_mse,upper_face,0.00008854
32,0.737402,59cdb196328a33d4c7b1248b916e5090_shot_001_000,pixel_mse,full,0.00031121
32,0.737402,59cdb196328a33d4c7b1248b916e5090_shot_001_000,ssim,mouth,0.93549961
32,0.737402,59cdb196328a33d4c7b1248b916e5090_shot_001_000,ssim,upper_face,0.96966946
32,0.737402,59cdb196328a33d4c7b1248b916e5090_shot_001_000,ssim,full,0.95576233
32,0.737402,59cdb196328a33d4c7b1248b916e5090_shot_001_000,lpips,mouth,0.07566503
32,0.737402,59cdb196328a33d4c7b1248b916e5090_shot_001_000,lpips,full,0.05370696
32,0.737402,59cdb196328a33d4c7b1248b916e5090_shot_001_000,sharpness,mouth,5.2331
32,0.737402,59cdb196328a33d4c7b1248b916e5090_shot_001_000,lmd,mouth,4.215349
32,0.737402,59cdb196328a33d4c7b1248b916e5090_shot_001_000,sync_d,mouth,8.256336
32,0.737402,59cdb196328a33d4c7b1248b916e5090_shot_001_000,sync_c,mouth,6.863963
33,0.720034,59cdb196328a33d4c7b1248b916e5090_shot_001_000,pixel_mse,mouth,0.00062919
33,0.720034,59cdb196328a33d4c7b1248b916e5090_shot_001_000,pixel_mse,upper_face,0.00008505
33,0.720034,59cdb196328a33d4c7b1248b916e5090_shot_001_000,pixel_mse,full,0.00030652
33,0.720034,59cdb196328a33d4c7b1248b916e5090_shot_001_000,ssim,mouth,0.93599117
33,0.720034,59cdb196328a33d4c7b1248b916e5090_shot_001_000,ssim,upper_face,0.96990579
33,0.720034,59cdb196328a33d4c7b1248b916e5090_shot_001_000,ssim,full,0.95610261
33,0.720034,59cdb196328a33d4c7b1248b916e5090_shot_001_000,lpips,mouth,0.07523264
33,0.720034,59cdb196328a33d4c7b1248b916e5090_shot_001_000,lpips,full,0.05356862
33,0.720034,59cdb196328a33d4c7b1248b916e5090_shot_001_000,sharpness,mouth,5.2241
33,0.720034,59cdb196328a33d4c7b1248b916e5090_shot_001_000,lmd,mouth,4.227383
33,0.720034,59cdb196328a33d4c7b1248b916e5090_shot_001_000,sync_d,mouth,8.206061
33,0.720034,59cdb196328a33d4c7b1248b916e5090_shot_001_000,sync_c,mouth,6.872189
34,0.701446,59cdb196328a33d4c7b1248b916e5090_shot_001_000,pixel_mse,mouth,0.00063251
34,0.701446,59cdb196328a33d4c7b1248b916e5090_shot_001_000,pixel_mse,upper_face,0.00008820
34,0.701446,59cdb196328a33d4c7b1248b916e5090_shot_001_000,pixel_mse,full,0.00030974
34,0.701446,59cdb196328a33d4c7b1248b916e5090_shot_001_000,ssim,mouth,0.93609470
34,0.701446,59cdb196328a33d4c7b1248b916e5090_shot_001_000,ssim,upper_face,0.96985412
34,0.701446,59cdb196328a33d4c7b1248b916e5090_shot_001_000,ssim,full,0.95611411
34,0.701446,59cdb196328a33d4c7b1248b916e5090_shot_001_000,lpips,mouth,0.07514793
34,0.701446,59cdb196328a33d4c7b1248b916e5090_shot_001_000,lpips,full,0.05356783
34,0.701446,59cdb196328a33d4c7b1248b916e5090_shot_001_000,sharpness,mouth,5.2389
34,0.701446,59cdb196328a33d4c7b1248b916e5090_shot_001_000,lmd,mouth,4.146314
34,0.701446,59cdb196328a33d4c7b1248b916e5090_shot_001_000,sync_d,mouth,8.311121
34,0.701446,59cdb196328a33d4c7b1248b916e5090_shot_001_000,sync_c,mouth,6.779014
35,0.681508,59cdb196328a33d4c7b1248b916e5090_shot_001_000,pixel_mse,mouth,0.00063332
35,0.681508,59cdb196328a33d4c7b1248b916e5090_shot_001_000,pixel_mse,upper_face,0.00008638
35,0.681508,59cdb196328a33d4c7b1248b916e5090_shot_001_000,pixel_mse,full,0.00030898
35,0.681508,59cdb196328a33d4c7b1248b916e5090_shot_001_000,ssim,mouth,0.93614048
35,0.681508,59cdb196328a33d4c7b1248b916e5090_shot_001_000,ssim,upper_face,0.97002649
35,0.681508,59cdb196328a33d4c7b1248b916e5090_shot_001_000,ssim,full,0.95623499
35,0.681508,59cdb196328a33d4c7b1248b916e5090_shot_001_000,lpips,mouth,0.07531002
35,0.681508,59cdb196328a33d4c7b1248b916e5090_shot_001_000,lpips,full,0.05359462
35,0.681508,59cdb196328a33d4c7b1248b916e5090_shot_001_000,sharpness,mouth,5.2435
35,0.681508,59cdb196328a33d4c7b1248b916e5090_shot_001_000,lmd,mouth,4.179666
35,0.681508,59cdb196328a33d4c7b1248b916e5090_shot_001_000,sync_d,mouth,8.406151
35,0.681508,59cdb196328a33d4c7b1248b916e5090_shot_001_000,sync_c,mouth,6.780786
36,0.660066,59cdb196328a33d4c7b1248b916e5090_shot_001_000,pixel_mse,mouth,0.00063341
36,0.660066,59cdb196328a33d4c7b1248b916e5090_shot_001_000,pixel_mse,upper_face,0.00008566
36,0.660066,59cdb196328a33d4c7b1248b916e5090_shot_001_000,pixel_mse,full,0.00030859
36,0.660066,59cdb196328a33d4c7b1248b916e5090_shot_001_000,ssim,mouth,0.93631470
36,0.660066,59cdb196328a33d4c7b1248b916e5090_shot_001_000,ssim,upper_face,0.96995103
36,0.660066,59cdb196328a33d4c7b1248b916e5090_shot_001_000,ssim,full,0.95626104
36,0.660066,59cdb196328a33d4c7b1248b916e5090_shot_001_000,lpips,mouth,0.07498924
36,0.660066,59cdb196328a33d4c7b1248b916e5090_shot_001_000,lpips,full,0.05331177
36,0.660066,59cdb196328a33d4c7b1248b916e5090_shot_001_000,sharpness,mouth,5.2480
36,0.660066,59cdb196328a33d4c7b1248b916e5090_shot_001_000,lmd,mouth,4.126961
36,0.660066,59cdb196328a33d4c7b1248b916e5090_shot_001_000,sync_d,mouth,8.288892
36,0.660066,59cdb196328a33d4c7b1248b916e5090_shot_001_000,sync_c,mouth,6.826683
37,0.636942,59cdb196328a33d4c7b1248b916e5090_shot_001_000,pixel_mse,mouth,0.00063269
37,0.636942,59cdb196328a33d4c7b1248b916e5090_shot_001_000,pixel_mse,upper_face,0.00008209
37,0.636942,59cdb196328a33d4c7b1248b916e5090_shot_001_000,pixel_mse,full,0.00030618
37,0.636942,59cdb196328a33d4c7b1248b916e5090_shot_001_000,ssim,mouth,0.93604130
37,0.636942,59cdb196328a33d4c7b1248b916e5090_shot_001_000,ssim,upper_face,0.97024685
37,0.636942,59cdb196328a33d4c7b1248b916e5090_shot_001_000,ssim,full,0.95632517
37,0.636942,59cdb196328a33d4c7b1248b916e5090_shot_001_000,lpips,mouth,0.07496981
37,0.636942,59cdb196328a33d4c7b1248b916e5090_shot_001_000,lpips,full,0.05327520
37,0.636942,59cdb196328a33d4c7b1248b916e5090_shot_001_000,sharpness,mouth,5.2616
37,0.636942,59cdb196328a33d4c7b1248b916e5090_shot_001_000,lmd,mouth,4.168983
37,0.636942,59cdb196328a33d4c7b1248b916e5090_shot_001_000,sync_d,mouth,8.268473
37,0.636942,59cdb196328a33d4c7b1248b916e5090_shot_001_000,sync_c,mouth,6.945906
38,0.611932,59cdb196328a33d4c7b1248b916e5090_shot_001_000,pixel_mse,mouth,0.00063201
38,0.611932,59cdb196328a33d4c7b1248b916e5090_shot_001_000,pixel_mse,upper_face,0.00008212
38,0.611932,59cdb196328a33d4c7b1248b916e5090_shot_001_000,pixel_mse,full,0.00030592
38,0.611932,59cdb196328a33d4c7b1248b916e5090_shot_001_000,ssim,mouth,0.93607831
38,0.611932,59cdb196328a33d4c7b1248b916e5090_shot_001_000,ssim,upper_face,0.97025996
38,0.611932,59cdb196328a33d4c7b1248b916e5090_shot_001_000,ssim,full,0.95634806
38,0.611932,59cdb196328a33d4c7b1248b916e5090_shot_001_000,lpips,mouth,0.07506880
38,0.611932,59cdb196328a33d4c7b1248b916e5090_shot_001_000,lpips,full,0.05326013
38,0.611932,59cdb196328a33d4c7b1248b916e5090_shot_001_000,sharpness,mouth,5.2743
38,0.611932,59cdb196328a33d4c7b1248b916e5090_shot_001_000,lmd,mouth,4.115549
38,0.611932,59cdb196328a33d4c7b1248b916e5090_shot_001_000,sync_d,mouth,8.209492
38,0.611932,59cdb196328a33d4c7b1248b916e5090_shot_001_000,sync_c,mouth,7.014233
39,0.584795,59cdb196328a33d4c7b1248b916e5090_shot_001_000,pixel_mse,mouth,0.00063938
39,0.584795,59cdb196328a33d4c7b1248b916e5090_shot_001_000,pixel_mse,upper_face,0.00008216
39,0.584795,59cdb196328a33d4c7b1248b916e5090_shot_001_000,pixel_mse,full,0.00030895
39,0.584795,59cdb196328a33d4c7b1248b916e5090_shot_001_000,ssim,mouth,0.93576217
39,0.584795,59cdb196328a33d4c7b1248b916e5090_shot_001_000,ssim,upper_face,0.97036666
39,0.584795,59cdb196328a33d4c7b1248b916e5090_shot_001_000,ssim,full,0.95628273
39,0.584795,59cdb196328a33d4c7b1248b916e5090_shot_001_000,lpips,mouth,0.07557859
39,0.584795,59cdb196328a33d4c7b1248b916e5090_shot_001_000,lpips,full,0.05354718
39,0.584795,59cdb196328a33d4c7b1248b916e5090_shot_001_000,sharpness,mouth,5.2964
39,0.584795,59cdb196328a33d4c7b1248b916e5090_shot_001_000,lmd,mouth,4.178224
39,0.584795,59cdb196328a33d4c7b1248b916e5090_shot_001_000,sync_d,mouth,8.288589
39,0.584795,59cdb196328a33d4c7b1248b916e5090_shot_001_000,sync_c,mouth,6.965799
40,0.555247,59cdb196328a33d4c7b1248b916e5090_shot_001_000,pixel_mse,mouth,0.00064889
40,0.555247,59cdb196328a33d4c7b1248b916e5090_shot_001_000,pixel_mse,upper_face,0.00008266
40,0.555247,59cdb196328a33d4c7b1248b916e5090_shot_001_000,pixel_mse,full,0.00031311
40,0.555247,59cdb196328a33d4c7b1248b916e5090_shot_001_000,ssim,mouth,0.93523711
40,0.555247,59cdb196328a33d4c7b1248b916e5090_shot_001_000,ssim,upper_face,0.97035384
40,0.555247,59cdb196328a33d4c7b1248b916e5090_shot_001_000,ssim,full,0.95606148
40,0.555247,59cdb196328a33d4c7b1248b916e5090_shot_001_000,lpips,mouth,0.07562166
40,0.555247,59cdb196328a33d4c7b1248b916e5090_shot_001_000,lpips,full,0.05366090
40,0.555247,59cdb196328a33d4c7b1248b916e5090_shot_001_000,sharpness,mouth,5.3073
40,0.555247,59cdb196328a33d4c7b1248b916e5090_shot_001_000,lmd,mouth,4.116138
40,0.555247,59cdb196328a33d4c7b1248b916e5090_shot_001_000,sync_d,mouth,8.245289
40,0.555247,59cdb196328a33d4c7b1248b916e5090_shot_001_000,sync_c,mouth,6.885315
41,0.522951,59cdb196328a33d4c7b1248b916e5090_shot_001_000,pixel_mse,mouth,0.00065285
41,0.522951,59cdb196328a33d4c7b1248b916e5090_shot_001_000,pixel_mse,upper_face,0.00007903
41,0.522951,59cdb196328a33d4c7b1248b916e5090_shot_001_000,pixel_mse,full,0.00031257
41,0.522951,59cdb196328a33d4c7b1248b916e5090_shot_001_000,ssim,mouth,0.93503582
41,0.522951,59cdb196328a33d4c7b1248b916e5090_shot_001_000,ssim,upper_face,0.97066414
41,0.522951,59cdb196328a33d4c7b1248b916e5090_shot_001_000,ssim,full,0.95616347
41,0.522951,59cdb196328a33d4c7b1248b916e5090_shot_001_000,lpips,mouth,0.07561465
41,0.522951,59cdb196328a33d4c7b1248b916e5090_shot_001_000,lpips,full,0.05359346
41,0.522951,59cdb196328a33d4c7b1248b916e5090_shot_001_000,sharpness,mouth,5.2770
41,0.522951,59cdb196328a33d4c7b1248b916e5090_shot_001_000,lmd,mouth,4.171921
41,0.522951,59cdb196328a33d4c7b1248b916e5090_shot_001_000,sync_d,mouth,8.467948
41,0.522951,59cdb196328a33d4c7b1248b916e5090_shot_001_000,sync_c,mouth,6.799121
42,0.487507,59cdb196328a33d4c7b1248b916e5090_shot_001_000,pixel_mse,mouth,0.00065553
42,0.487507,59cdb196328a33d4c7b1248b916e5090_shot_001_000,pixel_mse,upper_face,0.00007743
42,0.487507,59cdb196328a33d4c7b1248b916e5090_shot_001_000,pixel_mse,full,0.00031272
42,0.487507,59cdb196328a33d4c7b1248b916e5090_shot_001_000,ssim,mouth,0.93445587
42,0.487507,59cdb196328a33d4c7b1248b916e5090_shot_001_000,ssim,upper_face,0.97074091
42,0.487507,59cdb196328a33d4c7b1248b916e5090_shot_001_000,ssim,full,0.95597303
42,0.487507,59cdb196328a33d4c7b1248b916e5090_shot_001_000,lpips,mouth,0.07582693
42,0.487507,59cdb196328a33d4c7b1248b916e5090_shot_001_000,lpips,full,0.05362481
42,0.487507,59cdb196328a33d4c7b1248b916e5090_shot_001_000,sharpness,mouth,5.3043
42,0.487507,59cdb196328a33d4c7b1248b916e5090_shot_001_000,lmd,mouth,4.165075
42,0.487507,59cdb196328a33d4c7b1248b916e5090_shot_001_000,sync_d,mouth,8.425520
42,0.487507,59cdb196328a33d4c7b1248b916e5090_shot_001_000,sync_c,mouth,6.822289
43,0.448430,59cdb196328a33d4c7b1248b916e5090_shot_001_000,pixel_mse,mouth,0.00065894
43,0.448430,59cdb196328a33d4c7b1248b916e5090_shot_001_000,pixel_mse,upper_face,0.00007615
43,0.448430,59cdb196328a33d4c7b1248b916e5090_shot_001_000,pixel_mse,full,0.00031334
43,0.448430,59cdb196328a33d4c7b1248b916e5090_shot_001_000,ssim,mouth,0.93400443
43,0.448430,59cdb196328a33d4c7b1248b916e5090_shot_001_000,ssim,upper_face,0.97082615
43,0.448430,59cdb196328a33d4c7b1248b916e5090_shot_001_000,ssim,full,0.95583975
43,0.448430,59cdb196328a33d4c7b1248b916e5090_shot_001_000,lpips,mouth,0.07642791
43,0.448430,59cdb196328a33d4c7b1248b916e5090_shot_001_000,lpips,full,0.05383337
43,0.448430,59cdb196328a33d4c7b1248b916e5090_shot_001_000,sharpness,mouth,5.3046
43,0.448430,59cdb196328a33d4c7b1248b916e5090_shot_001_000,lmd,mouth,4.199800
43,0.448430,59cdb196328a33d4c7b1248b916e5090_shot_001_000,sync_d,mouth,8.505879
43,0.448430,59cdb196328a33d4c7b1248b916e5090_shot_001_000,sync_c,mouth,6.796369
44,0.405131,59cdb196328a33d4c7b1248b916e5090_shot_001_000,pixel_mse,mouth,0.00067030
44,0.405131,59cdb196328a33d4c7b1248b916e5090_shot_001_000,pixel_mse,upper_face,0.00007625
44,0.405131,59cdb196328a33d4c7b1248b916e5090_shot_001_000,pixel_mse,full,0.00031803
44,0.405131,59cdb196328a33d4c7b1248b916e5090_shot_001_000,ssim,mouth,0.93325484
44,0.405131,59cdb196328a33d4c7b1248b916e5090_shot_001_000,ssim,upper_face,0.97084421
44,0.405131,59cdb196328a33d4c7b1248b916e5090_shot_001_000,ssim,full,0.95554549
44,0.405131,59cdb196328a33d4c7b1248b916e5090_shot_001_000,lpips,mouth,0.07679839
44,0.405131,59cdb196328a33d4c7b1248b916e5090_shot_001_000,lpips,full,0.05418362
44,0.405131,59cdb196328a33d4c7b1248b916e5090_shot_001_000,sharpness,mouth,5.2868
44,0.405131,59cdb196328a33d4c7b1248b916e5090_shot_001_000,lmd,mouth,4.219290
44,0.405131,59cdb196328a33d4c7b1248b916e5090_shot_001_000,sync_d,mouth,8.473283
44,0.405131,59cdb196328a33d4c7b1248b916e5090_shot_001_000,sync_c,mouth,6.813818
45,0.356888,59cdb196328a33d4c7b1248b916e5090_shot_001_000,pixel_mse,mouth,0.00067755
45,0.356888,59cdb196328a33d4c7b1248b916e5090_shot_001_000,pixel_mse,upper_face,0.00007508
45,0.356888,59cdb196328a33d4c7b1248b916e5090_shot_001_000,pixel_mse,full,0.00032029
45,0.356888,59cdb196328a33d4c7b1248b916e5090_shot_001_000,ssim,mouth,0.93262106
45,0.356888,59cdb196328a33d4c7b1248b916e5090_shot_001_000,ssim,upper_face,0.97094822
45,0.356888,59cdb196328a33d4c7b1248b916e5090_shot_001_000,ssim,full,0.95534921
45,0.356888,59cdb196328a33d4c7b1248b916e5090_shot_001_000,lpips,mouth,0.07703741
45,0.356888,59cdb196328a33d4c7b1248b916e5090_shot_001_000,lpips,full,0.05410259
45,0.356888,59cdb196328a33d4c7b1248b916e5090_shot_001_000,sharpness,mouth,5.2624
45,0.356888,59cdb196328a33d4c7b1248b916e5090_shot_001_000,lmd,mouth,4.279709
45,0.356888,59cdb196328a33d4c7b1248b916e5090_shot_001_000,sync_d,mouth,8.494876
45,0.356888,59cdb196328a33d4c7b1248b916e5090_shot_001_000,sync_c,mouth,6.799788
46,0.302801,59cdb196328a33d4c7b1248b916e5090_shot_001_000,pixel_mse,mouth,0.00068791
46,0.302801,59cdb196328a33d4c7b1248b916e5090_shot_001_000,pixel_mse,upper_face,0.00007390
46,0.302801,59cdb196328a33d4c7b1248b916e5090_shot_001_000,pixel_mse,full,0.00032380
46,0.302801,59cdb196328a33d4c7b1248b916e5090_shot_001_000,ssim,mouth,0.93170089
46,0.302801,59cdb196328a33d4c7b1248b916e5090_shot_001_000,ssim,upper_face,0.97096962
46,0.302801,59cdb196328a33d4c7b1248b916e5090_shot_001_000,ssim,full,0.95498735
46,0.302801,59cdb196328a33d4c7b1248b916e5090_shot_001_000,lpips,mouth,0.07740059
46,0.302801,59cdb196328a33d4c7b1248b916e5090_shot_001_000,lpips,full,0.05435641
46,0.302801,59cdb196328a33d4c7b1248b916e5090_shot_001_000,sharpness,mouth,5.2720
46,0.302801,59cdb196328a33d4c7b1248b916e5090_shot_001_000,lmd,mouth,4.372625
46,0.302801,59cdb196328a33d4c7b1248b916e5090_shot_001_000,sync_d,mouth,8.509709
46,0.302801,59cdb196328a33d4c7b1248b916e5090_shot_001_000,sync_c,mouth,6.694549
47,0.241740,59cdb196328a33d4c7b1248b916e5090_shot_001_000,pixel_mse,mouth,0.00070060
47,0.241740,59cdb196328a33d4c7b1248b916e5090_shot_001_000,pixel_mse,upper_face,0.00007576
47,0.241740,59cdb196328a33d4c7b1248b916e5090_shot_001_000,pixel_mse,full,0.00033007
47,0.241740,59cdb196328a33d4c7b1248b916e5090_shot_001_000,ssim,mouth,0.93060791
47,0.241740,59cdb196328a33d4c7b1248b916e5090_shot_001_000,ssim,upper_face,0.97091806
47,0.241740,59cdb196328a33d4c7b1248b916e5090_shot_001_000,ssim,full,0.95451194
47,0.241740,59cdb196328a33d4c7b1248b916e5090_shot_001_000,lpips,mouth,0.07778116
47,0.241740,59cdb196328a33d4c7b1248b916e5090_shot_001_000,lpips,full,0.05458592
47,0.241740,59cdb196328a33d4c7b1248b916e5090_shot_001_000,sharpness,mouth,5.2127
47,0.241740,59cdb196328a33d4c7b1248b916e5090_shot_001_000,lmd,mouth,4.350440
47,0.241740,59cdb196328a33d4c7b1248b916e5090_shot_001_000,sync_d,mouth,8.489466
47,0.241740,59cdb196328a33d4c7b1248b916e5090_shot_001_000,sync_c,mouth,6.757914
48,0.172265,59cdb196328a33d4c7b1248b916e5090_shot_001_000,pixel_mse,mouth,0.00071199
48,0.172265,59cdb196328a33d4c7b1248b916e5090_shot_001_000,pixel_mse,upper_face,0.00007678
48,0.172265,59cdb196328a33d4c7b1248b916e5090_shot_001_000,pixel_mse,full,0.00033531
48,0.172265,59cdb196328a33d4c7b1248b916e5090_shot_001_000,ssim,mouth,0.92920959
48,0.172265,59cdb196328a33d4c7b1248b916e5090_shot_001_000,ssim,upper_face,0.97085834
48,0.172265,59cdb196328a33d4c7b1248b916e5090_shot_001_000,ssim,full,0.95390737
48,0.172265,59cdb196328a33d4c7b1248b916e5090_shot_001_000,lpips,mouth,0.07797146
48,0.172265,59cdb196328a33d4c7b1248b916e5090_shot_001_000,lpips,full,0.05465471
48,0.172265,59cdb196328a33d4c7b1248b916e5090_shot_001_000,sharpness,mouth,5.2113
48,0.172265,59cdb196328a33d4c7b1248b916e5090_shot_001_000,lmd,mouth,4.217545
48,0.172265,59cdb196328a33d4c7b1248b916e5090_shot_001_000,sync_d,mouth,8.459580
48,0.172265,59cdb196328a33d4c7b1248b916e5090_shot_001_000,sync_c,mouth,6.715001
49,0.092507,59cdb196328a33d4c7b1248b916e5090_shot_001_000,pixel_mse,mouth,0.00072308
49,0.092507,59cdb196328a33d4c7b1248b916e5090_shot_001_000,pixel_mse,upper_face,0.00008059
49,0.092507,59cdb196328a33d4c7b1248b916e5090_shot_001_000,pixel_mse,full,0.00034208
49,0.092507,59cdb196328a33d4c7b1248b916e5090_shot_001_000,ssim,mouth,0.92745537
49,0.092507,59cdb196328a33d4c7b1248b916e5090_shot_001_000,ssim,upper_face,0.97046226
49,0.092507,59cdb196328a33d4c7b1248b916e5090_shot_001_000,ssim,full,0.95295858
49,0.092507,59cdb196328a33d4c7b1248b916e5090_shot_001_000,lpips,mouth,0.07845315
49,0.092507,59cdb196328a33d4c7b1248b916e5090_shot_001_000,lpips,full,0.05495040
49,0.092507,59cdb196328a33d4c7b1248b916e5090_shot_001_000,sharpness,mouth,5.1737
49,0.092507,59cdb196328a33d4c7b1248b916e5090_shot_001_000,lmd,mouth,4.439509
49,0.092507,59cdb196328a33d4c7b1248b916e5090_shot_001_000,sync_d,mouth,8.538464
49,0.092507,59cdb196328a33d4c7b1248b916e5090_shot_001_000,sync_c,mouth,6.691104
-1,gt,a6927ea4c0223aa08b320e86987e4c89_shot_001_001,sharpness,mouth,10.2431
-1,gt,a6927ea4c0223aa08b320e86987e4c89_shot_001_001,sync_d,mouth,8.000403
-1,gt,a6927ea4c0223aa08b320e86987e4c89_shot_001_001,sync_c,mouth,6.118334
0,0.999000,a6927ea4c0223aa08b320e86987e4c89_shot_001_001,pixel_mse,mouth,0.00104139
0,0.999000,a6927ea4c0223aa08b320e86987e4c89_shot_001_001,pixel_mse,upper_face,0.00016057
0,0.999000,a6927ea4c0223aa08b320e86987e4c89_shot_001_001,pixel_mse,full,0.00051906
0,0.999000,a6927ea4c0223aa08b320e86987e4c89_shot_001_001,ssim,mouth,0.93098044
0,0.999000,a6927ea4c0223aa08b320e86987e4c89_shot_001_001,ssim,upper_face,0.96441424
0,0.999000,a6927ea4c0223aa08b320e86987e4c89_shot_001_001,ssim,full,0.95080680
0,0.999000,a6927ea4c0223aa08b320e86987e4c89_shot_001_001,lpips,mouth,0.07719798
0,0.999000,a6927ea4c0223aa08b320e86987e4c89_shot_001_001,lpips,full,0.05350970
0,0.999000,a6927ea4c0223aa08b320e86987e4c89_shot_001_001,sharpness,mouth,10.8413
0,0.999000,a6927ea4c0223aa08b320e86987e4c89_shot_001_001,lmd,mouth,2.687195
0,0.999000,a6927ea4c0223aa08b320e86987e4c89_shot_001_001,sync_d,mouth,7.341890
0,0.999000,a6927ea4c0223aa08b320e86987e4c89_shot_001_001,sync_c,mouth,7.001077
1,0.995732,a6927ea4c0223aa08b320e86987e4c89_shot_001_001,pixel_mse,mouth,0.00101233
1,0.995732,a6927ea4c0223aa08b320e86987e4c89_shot_001_001,pixel_mse,upper_face,0.00015533
1,0.995732,a6927ea4c0223aa08b320e86987e4c89_shot_001_001,pixel_mse,full,0.00050412
1,0.995732,a6927ea4c0223aa08b320e86987e4c89_shot_001_001,ssim,mouth,0.93119603
1,0.995732,a6927ea4c0223aa08b320e86987e4c89_shot_001_001,ssim,upper_face,0.96486449
1,0.995732,a6927ea4c0223aa08b320e86987e4c89_shot_001_001,ssim,full,0.95116132
1,0.995732,a6927ea4c0223aa08b320e86987e4c89_shot_001_001,lpips,mouth,0.07683870
1,0.995732,a6927ea4c0223aa08b320e86987e4c89_shot_001_001,lpips,full,0.05322248
1,0.995732,a6927ea4c0223aa08b320e86987e4c89_shot_001_001,sharpness,mouth,10.7729
1,0.995732,a6927ea4c0223aa08b320e86987e4c89_shot_001_001,lmd,mouth,2.692288
1,0.995732,a6927ea4c0223aa08b320e86987e4c89_shot_001_001,sync_d,mouth,7.312017
1,0.995732,a6927ea4c0223aa08b320e86987e4c89_shot_001_001,sync_c,mouth,7.012204
2,0.991530,a6927ea4c0223aa08b320e86987e4c89_shot_001_001,pixel_mse,mouth,0.00098542
2,0.991530,a6927ea4c0223aa08b320e86987e4c89_shot_001_001,pixel_mse,upper_face,0.00014112
2,0.991530,a6927ea4c0223aa08b320e86987e4c89_shot_001_001,pixel_mse,full,0.00048475
2,0.991530,a6927ea4c0223aa08b320e86987e4c89_shot_001_001,ssim,mouth,0.93124419
2,0.991530,a6927ea4c0223aa08b320e86987e4c89_shot_001_001,ssim,upper_face,0.96607471
2,0.991530,a6927ea4c0223aa08b320e86987e4c89_shot_001_001,ssim,full,0.95189881
2,0.991530,a6927ea4c0223aa08b320e86987e4c89_shot_001_001,lpips,mouth,0.07549127
2,0.991530,a6927ea4c0223aa08b320e86987e4c89_shot_001_001,lpips,full,0.05181717
2,0.991530,a6927ea4c0223aa08b320e86987e4c89_shot_001_001,sharpness,mouth,10.7591
2,0.991530,a6927ea4c0223aa08b320e86987e4c89_shot_001_001,lmd,mouth,2.668266
2,0.991530,a6927ea4c0223aa08b320e86987e4c89_shot_001_001,sync_d,mouth,7.280093
2,0.991530,a6927ea4c0223aa08b320e86987e4c89_shot_001_001,sync_c,mouth,7.058950
3,0.987187,a6927ea4c0223aa08b320e86987e4c89_shot_001_001,pixel_mse,mouth,0.00098031
3,0.987187,a6927ea4c0223aa08b320e86987e4c89_shot_001_001,pixel_mse,upper_face,0.00012912
3,0.987187,a6927ea4c0223aa08b320e86987e4c89_shot_001_001,pixel_mse,full,0.00047555
3,0.987187,a6927ea4c0223aa08b320e86987e4c89_shot_001_001,ssim,mouth,0.93117166
3,0.987187,a6927ea4c0223aa08b320e86987e4c89_shot_001_001,ssim,upper_face,0.96702445
3,0.987187,a6927ea4c0223aa08b320e86987e4c89_shot_001_001,ssim,full,0.95243239
3,0.987187,a6927ea4c0223aa08b320e86987e4c89_shot_001_001,lpips,mouth,0.07432895
3,0.987187,a6927ea4c0223aa08b320e86987e4c89_shot_001_001,lpips,full,0.05079460
3,0.987187,a6927ea4c0223aa08b320e86987e4c89_shot_001_001,sharpness,mouth,10.7193
3,0.987187,a6927ea4c0223aa08b320e86987e4c89_shot_001_001,lmd,mouth,2.578726
3,0.987187,a6927ea4c0223aa08b320e86987e4c89_shot_001_001,sync_d,mouth,7.380935
3,0.987187,a6927ea4c0223aa08b320e86987e4c89_shot_001_001,sync_c,mouth,6.935339
4,0.982696,a6927ea4c0223aa08b320e86987e4c89_shot_001_001,pixel_mse,mouth,0.00098115
4,0.982696,a6927ea4c0223aa08b320e86987e4c89_shot_001_001,pixel_mse,upper_face,0.00012189
4,0.982696,a6927ea4c0223aa08b320e86987e4c89_shot_001_001,pixel_mse,full,0.00047161
4,0.982696,a6927ea4c0223aa08b320e86987e4c89_shot_001_001,ssim,mouth,0.93098176
4,0.982696,a6927ea4c0223aa08b320e86987e4c89_shot_001_001,ssim,upper_face,0.96764845
4,0.982696,a6927ea4c0223aa08b320e86987e4c89_shot_001_001,ssim,full,0.95272517
4,0.982696,a6927ea4c0223aa08b320e86987e4c89_shot_001_001,lpips,mouth,0.07412457
4,0.982696,a6927ea4c0223aa08b320e86987e4c89_shot_001_001,lpips,full,0.05016650
4,0.982696,a6927ea4c0223aa08b320e86987e4c89_shot_001_001,sharpness,mouth,10.7576
4,0.982696,a6927ea4c0223aa08b320e86987e4c89_shot_001_001,lmd,mouth,2.498036
4,0.982696,a6927ea4c0223aa08b320e86987e4c89_shot_001_001,sync_d,mouth,7.319396
4,0.982696,a6927ea4c0223aa08b320e86987e4c89_shot_001_001,sync_c,mouth,6.988846
5,0.978048,a6927ea4c0223aa08b320e86987e4c89_shot_001_001,pixel_mse,mouth,0.00097465
5,0.978048,a6927ea4c0223aa08b320e86987e4c89_shot_001_001,pixel_mse,upper_face,0.00011753
5,0.978048,a6927ea4c0223aa08b320e86987e4c89_shot_001_001,pixel_mse,full,0.00046637
5,0.978048,a6927ea4c0223aa08b320e86987e4c89_shot_001_001,ssim,mouth,0.93124241
5,0.978048,a6927ea4c0223aa08b320e86987e4c89_shot_001_001,ssim,upper_face,0.96811384
5,0.978048,a6927ea4c0223aa08b320e86987e4c89_shot_001_001,ssim,full,0.95310730
5,0.978048,a6927ea4c0223aa08b320e86987e4c89_shot_001_001,lpips,mouth,0.07337882
5,0.978048,a6927ea4c0223aa08b320e86987e4c89_shot_001_001,lpips,full,0.04985535
5,0.978048,a6927ea4c0223aa08b320e86987e4c89_shot_001_001,sharpness,mouth,10.7678
5,0.978048,a6927ea4c0223aa08b320e86987e4c89_shot_001_001,lmd,mouth,2.586694
5,0.978048,a6927ea4c0223aa08b320e86987e4c89_shot_001_001,sync_d,mouth,7.555115
5,0.978048,a6927ea4c0223aa08b320e86987e4c89_shot_001_001,sync_c,mouth,6.809523
6,0.973236,a6927ea4c0223aa08b320e86987e4c89_shot_001_001,pixel_mse,mouth,0.00097649
6,0.973236,a6927ea4c0223aa08b320e86987e4c89_shot_001_001,pixel_mse,upper_face,0.00011412
6,0.973236,a6927ea4c0223aa08b320e86987e4c89_shot_001_001,pixel_mse,full,0.00046510
6,0.973236,a6927ea4c0223aa08b320e86987e4c89_shot_001_001,ssim,mouth,0.93120754
6,0.973236,a6927ea4c0223aa08b320e86987e4c89_shot_001_001,ssim,upper_face,0.96848756
6,0.973236,a6927ea4c0223aa08b320e86987e4c89_shot_001_001,ssim,full,0.95331472
6,0.973236,a6927ea4c0223aa08b320e86987e4c89_shot_001_001,lpips,mouth,0.07259446
6,0.973236,a6927ea4c0223aa08b320e86987e4c89_shot_001_001,lpips,full,0.04909094
6,0.973236,a6927ea4c0223aa08b320e86987e4c89_shot_001_001,sharpness,mouth,10.7369
6,0.973236,a6927ea4c0223aa08b320e86987e4c89_shot_001_001,lmd,mouth,2.546131
6,0.973236,a6927ea4c0223aa08b320e86987e4c89_shot_001_001,sync_d,mouth,7.640641
6,0.973236,a6927ea4c0223aa08b320e86987e4c89_shot_001_001,sync_c,mouth,6.717870
7,0.968250,a6927ea4c0223aa08b320e86987e4c89_shot_001_001,pixel_mse,mouth,0.00098159
7,0.968250,a6927ea4c0223aa08b320e86987e4c89_shot_001_001,pixel_mse,upper_face,0.00011052
7,0.968250,a6927ea4c0223aa08b320e86987e4c89_shot_001_001,pixel_mse,full,0.00046504
7,0.968250,a6927ea4c0223aa08b320e86987e4c89_shot_001_001,ssim,mouth,0.93106991
7,0.968250,a6927ea4c0223aa08b320e86987e4c89_shot_001_001,ssim,upper_face,0.96884346
7,0.968250,a6927ea4c0223aa08b320e86987e4c89_shot_001_001,ssim,full,0.95346975
7,0.968250,a6927ea4c0223aa08b320e86987e4c89_shot_001_001,lpips,mouth,0.07200077
7,0.968250,a6927ea4c0223aa08b320e86987e4c89_shot_001_001,lpips,full,0.04863881
7,0.968250,a6927ea4c0223aa08b320e86987e4c89_shot_001_001,sharpness,mouth,10.7770
7,0.968250,a6927ea4c0223aa08b320e86987e4c89_shot_001_001,lmd,mouth,2.375449
7,0.968250,a6927ea4c0223aa08b320e86987e4c89_shot_001_001,sync_d,mouth,7.570098
7,0.968250,a6927ea4c0223aa08b320e86987e4c89_shot_001_001,sync_c,mouth,6.874739
8,0.963082,a6927ea4c0223aa08b320e86987e4c89_shot_001_001,pixel_mse,mouth,0.00098442
8,0.963082,a6927ea4c0223aa08b320e86987e4c89_shot_001_001,pixel_mse,upper_face,0.00010805
8,0.963082,a6927ea4c0223aa08b320e86987e4c89_shot_001_001,pixel_mse,full,0.00046473
8,0.963082,a6927ea4c0223aa08b320e86987e4c89_shot_001_001,ssim,mouth,0.93111318
8,0.963082,a6927ea4c0223aa08b320e86987e4c89_shot_001_001,ssim,upper_face,0.96906668
8,0.963082,a6927ea4c0223aa08b320e86987e4c89_shot_001_001,ssim,full,0.95361978
8,0.963082,a6927ea4c0223aa08b320e86987e4c89_shot_001_001,lpips,mouth,0.07180066
8,0.963082,a6927ea4c0223aa08b320e86987e4c89_shot_001_001,lpips,full,0.04826750
8,0.963082,a6927ea4c0223aa08b320e86987e4c89_shot_001_001,sharpness,mouth,10.7495
8,0.963082,a6927ea4c0223aa08b320e86987e4c89_shot_001_001,lmd,mouth,2.420995
8,0.963082,a6927ea4c0223aa08b320e86987e4c89_shot_001_001,sync_d,mouth,7.580684
8,0.963082,a6927ea4c0223aa08b320e86987e4c89_shot_001_001,sync_c,mouth,6.794062
9,0.957720,a6927ea4c0223aa08b320e86987e4c89_shot_001_001,pixel_mse,mouth,0.00098824
9,0.957720,a6927ea4c0223aa08b320e86987e4c89_shot_001_001,pixel_mse,upper_face,0.00010726
9,0.957720,a6927ea4c0223aa08b320e86987e4c89_shot_001_001,pixel_mse,full,0.00046582
9,0.957720,a6927ea4c0223aa08b320e86987e4c89_shot_001_001,ssim,mouth,0.93085402
9,0.957720,a6927ea4c0223aa08b320e86987e4c89_shot_001_001,ssim,upper_face,0.96924269
9,0.957720,a6927ea4c0223aa08b320e86987e4c89_shot_001_001,ssim,full,0.95361865
9,0.957720,a6927ea4c0223aa08b320e86987e4c89_shot_001_001,lpips,mouth,0.07149838
9,0.957720,a6927ea4c0223aa08b320e86987e4c89_shot_001_001,lpips,full,0.04799686
9,0.957720,a6927ea4c0223aa08b320e86987e4c89_shot_001_001,sharpness,mouth,10.8067
9,0.957720,a6927ea4c0223aa08b320e86987e4c89_shot_001_001,lmd,mouth,2.344543
9,0.957720,a6927ea4c0223aa08b320e86987e4c89_shot_001_001,sync_d,mouth,7.720411
9,0.957720,a6927ea4c0223aa08b320e86987e4c89_shot_001_001,sync_c,mouth,6.679472
10,0.952154,a6927ea4c0223aa08b320e86987e4c89_shot_001_001,pixel_mse,mouth,0.00099549
10,0.952154,a6927ea4c0223aa08b320e86987e4c89_shot_001_001,pixel_mse,upper_face,0.00010382
10,0.952154,a6927ea4c0223aa08b320e86987e4c89_shot_001_001,pixel_mse,full,0.00046673
10,0.952154,a6927ea4c0223aa08b320e86987e4c89_shot_001_001,ssim,mouth,0.93091953
10,0.952154,a6927ea4c0223aa08b320e86987e4c89_shot_001_001,ssim,upper_face,0.96947175
10,0.952154,a6927ea4c0223aa08b320e86987e4c89_shot_001_001,ssim,full,0.95378113
10,0.952154,a6927ea4c0223aa08b320e86987e4c89_shot_001_001,lpips,mouth,0.07148051
10,0.952154,a6927ea4c0223aa08b320e86987e4c89_shot_001_001,lpips,full,0.04791462
10,0.952154,a6927ea4c0223aa08b320e86987e4c89_shot_001_001,sharpness,mouth,10.8221
10,0.952154,a6927ea4c0223aa08b320e86987e4c89_shot_001_001,lmd,mouth,2.467746
10,0.952154,a6927ea4c0223aa08b320e86987e4c89_shot_001_001,sync_d,mouth,7.582899
10,0.952154,a6927ea4c0223aa08b320e86987e4c89_shot_001_001,sync_c,mouth,6.773068
11,0.946372,a6927ea4c0223aa08b320e86987e4c89_shot_001_001,pixel_mse,mouth,0.00100247
11,0.946372,a6927ea4c0223aa08b320e86987e4c89_shot_001_001,pixel_mse,upper_face,0.00010345
11,0.946372,a6927ea4c0223aa08b320e86987e4c89_shot_001_001,pixel_mse,full,0.00046935
11,0.946372,a6927ea4c0223aa08b320e86987e4c89_shot_001_001,ssim,mouth,0.93074089
11,0.946372,a6927ea4c0223aa08b320e86987e4c89_shot_001_001,ssim,upper_face,0.96959966
11,0.946372,a6927ea4c0223aa08b320e86987e4c89_shot_001_001,ssim,full,0.95378417
11,0.946372,a6927ea4c0223aa08b320e86987e4c89_shot_001_001,lpips,mouth,0.07120396
11,0.946372,a6927ea4c0223aa08b320e86987e4c89_shot_001_001,lpips,full,0.04771620
11,0.946372,a6927ea4c0223aa08b320e86987e4c89_shot_001_001,sharpness,mouth,10.8384
11,0.946372,a6927ea4c0223aa08b320e86987e4c89_shot_001_001,lmd,mouth,2.401922
11,0.946372,a6927ea4c0223aa08b320e86987e4c89_shot_001_001,sync_d,mouth,7.728348
11,0.946372,a6927ea4c0223aa08b320e86987e4c89_shot_001_001,sync_c,mouth,6.695100
12,0.940361,a6927ea4c0223aa08b320e86987e4c89_shot_001_001,pixel_mse,mouth,0.00101218
12,0.940361,a6927ea4c0223aa08b320e86987e4c89_shot_001_001,pixel_mse,upper_face,0.00010183
12,0.940361,a6927ea4c0223aa08b320e86987e4c89_shot_001_001,pixel_mse,full,0.00047234
12,0.940361,a6927ea4c0223aa08b320e86987e4c89_shot_001_001,ssim,mouth,0.93056858
12,0.940361,a6927ea4c0223aa08b320e86987e4c89_shot_001_001,ssim,upper_face,0.96972090
12,0.940361,a6927ea4c0223aa08b320e86987e4c89_shot_001_001,ssim,full,0.95378602
12,0.940361,a6927ea4c0223aa08b320e86987e4c89_shot_001_001,lpips,mouth,0.07091087
12,0.940361,a6927ea4c0223aa08b320e86987e4c89_shot_001_001,lpips,full,0.04748913
12,0.940361,a6927ea4c0223aa08b320e86987e4c89_shot_001_001,sharpness,mouth,10.8607
12,0.940361,a6927ea4c0223aa08b320e86987e4c89_shot_001_001,lmd,mouth,2.385468
12,0.940361,a6927ea4c0223aa08b320e86987e4c89_shot_001_001,sync_d,mouth,7.628869
12,0.940361,a6927ea4c0223aa08b320e86987e4c89_shot_001_001,sync_c,mouth,6.671608
13,0.934107,a6927ea4c0223aa08b320e86987e4c89_shot_001_001,pixel_mse,mouth,0.00102726
13,0.934107,a6927ea4c0223aa08b320e86987e4c89_shot_001_001,pixel_mse,upper_face,0.00010078
13,0.934107,a6927ea4c0223aa08b320e86987e4c89_shot_001_001,pixel_mse,full,0.00047785
13,0.934107,a6927ea4c0223aa08b320e86987e4c89_shot_001_001,ssim,mouth,0.93027985
13,0.934107,a6927ea4c0223aa08b320e86987e4c89_shot_001_001,ssim,upper_face,0.96984702
13,0.934107,a6927ea4c0223aa08b320e86987e4c89_shot_001_001,ssim,full,0.95374334
13,0.934107,a6927ea4c0223aa08b320e86987e4c89_shot_001_001,lpips,mouth,0.07092918
13,0.934107,a6927ea4c0223aa08b320e86987e4c89_shot_001_001,lpips,full,0.04724325
13,0.934107,a6927ea4c0223aa08b320e86987e4c89_shot_001_001,sharpness,mouth,10.8185
13,0.934107,a6927ea4c0223aa08b320e86987e4c89_shot_001_001,lmd,mouth,2.442140
13,0.934107,a6927ea4c0223aa08b320e86987e4c89_shot_001_001,sync_d,mouth,7.642893
13,0.934107,a6927ea4c0223aa08b320e86987e4c89_shot_001_001,sync_c,mouth,6.646909
14,0.927596,a6927ea4c0223aa08b320e86987e4c89_shot_001_001,pixel_mse,mouth,0.00104091
14,0.927596,a6927ea4c0223aa08b320e86987e4c89_shot_001_001,pixel_mse,upper_face,0.00009897
14,0.927596,a6927ea4c0223aa08b320e86987e4c89_shot_001_001,pixel_mse,full,0.00048234
14,0.927596,a6927ea4c0223aa08b320e86987e4c89_shot_001_001,ssim,mouth,0.93013799
14,0.927596,a6927ea4c0223aa08b320e86987e4c89_shot_001_001,ssim,upper_face,0.96997118
14,0.927596,a6927ea4c0223aa08b320e86987e4c89_shot_001_001,ssim,full,0.95375919
14,0.927596,a6927ea4c0223aa08b320e86987e4c89_shot_001_001,lpips,mouth,0.07023808
14,0.927596,a6927ea4c0223aa08b320e86987e4c89_shot_001_001,lpips,full,0.04690938
14,0.927596,a6927ea4c0223aa08b320e86987e4c89_shot_001_001,sharpness,mouth,10.8552
14,0.927596,a6927ea4c0223aa08b320e86987e4c89_shot_001_001,lmd,mouth,2.442616
14,0.927596,a6927ea4c0223aa08b320e86987e4c89_shot_001_001,sync_d,mouth,7.767770
14,0.927596,a6927ea4c0223aa08b320e86987e4c89_shot_001_001,sync_c,mouth,6.532301
15,0.920810,a6927ea4c0223aa08b320e86987e4c89_shot_001_001,pixel_mse,mouth,0.00105107
15,0.920810,a6927ea4c0223aa08b320e86987e4c89_shot_001_001,pixel_mse,upper_face,0.00009793
15,0.920810,a6927ea4c0223aa08b320e86987e4c89_shot_001_001,pixel_mse,full,0.00048585
15,0.920810,a6927ea4c0223aa08b320e86987e4c89_shot_001_001,ssim,mouth,0.92995679
15,0.920810,a6927ea4c0223aa08b320e86987e4c89_shot_001_001,ssim,upper_face,0.97007167
15,0.920810,a6927ea4c0223aa08b320e86987e4c89_shot_001_001,ssim,full,0.95374495
15,0.920810,a6927ea4c0223aa08b320e86987e4c89_shot_001_001,lpips,mouth,0.06986909
15,0.920810,a6927ea4c0223aa08b320e86987e4c89_shot_001_001,lpips,full,0.04663847
15,0.920810,a6927ea4c0223aa08b320e86987e4c89_shot_001_001,sharpness,mouth,10.8674
15,0.920810,a6927ea4c0223aa08b320e86987e4c89_shot_001_001,lmd,mouth,2.503584
15,0.920810,a6927ea4c0223aa08b320e86987e4c89_shot_001_001,sync_d,mouth,7.887366
15,0.920810,a6927ea4c0223aa08b320e86987e4c89_shot_001_001,sync_c,mouth,6.507917
16,0.913733,a6927ea4c0223aa08b320e86987e4c89_shot_001_001,pixel_mse,mouth,0.00106992
16,0.913733,a6927ea4c0223aa08b320e86987e4c89_shot_001_001,pixel_mse,upper_face,0.00009913
16,0.913733,a6927ea4c0223aa08b320e86987e4c89_shot_001_001,pixel_mse,full,0.00049424
16,0.913733,a6927ea4c0223aa08b320e86987e4c89_shot_001_001,ssim,mouth,0.92966998
16,0.913733,a6927ea4c0223aa08b320e86987e4c89_shot_001_001,ssim,upper_face,0.97012115
16,0.913733,a6927ea4c0223aa08b320e86987e4c89_shot_001_001,ssim,full,0.95365757
16,0.913733,a6927ea4c0223aa08b320e86987e4c89_shot_001_001,lpips,mouth,0.07002719
16,0.913733,a6927ea4c0223aa08b320e86987e4c89_shot_001_001,lpips,full,0.04665753
16,0.913733,a6927ea4c0223aa08b320e86987e4c89_shot_001_001,sharpness,mouth,10.8318
16,0.913733,a6927ea4c0223aa08b320e86987e4c89_shot_001_001,lmd,mouth,2.461661
16,0.913733,a6927ea4c0223aa08b320e86987e4c89_shot_001_001,sync_d,mouth,7.752074
16,0.913733,a6927ea4c0223aa08b320e86987e4c89_shot_001_001,sync_c,mouth,6.590547
17,0.906344,a6927ea4c0223aa08b320e86987e4c89_shot_001_001,pixel_mse,mouth,0.00109028
17,0.906344,a6927ea4c0223aa08b320e86987e4c89_shot_001_001,pixel_mse,upper_face,0.00009678
17,0.906344,a6927ea4c0223aa08b320e86987e4c89_shot_001_001,pixel_mse,full,0.00050113
17,0.906344,a6927ea4c0223aa08b320e86987e4c89_shot_001_001,ssim,mouth,0.92947823
17,0.906344,a6927ea4c0223aa08b320e86987e4c89_shot_001_001,ssim,upper_face,0.97030312
17,0.906344,a6927ea4c0223aa08b320e86987e4c89_shot_001_001,ssim,full,0.95368743
17,0.906344,a6927ea4c0223aa08b320e86987e4c89_shot_001_001,lpips,mouth,0.06984573
17,0.906344,a6927ea4c0223aa08b320e86987e4c89_shot_001_001,lpips,full,0.04659443
17,0.906344,a6927ea4c0223aa08b320e86987e4c89_shot_001_001,sharpness,mouth,10.8406
17,0.906344,a6927ea4c0223aa08b320e86987e4c89_shot_001_001,lmd,mouth,2.567762
17,0.906344,a6927ea4c0223aa08b320e86987e4c89_shot_001_001,sync_d,mouth,7.719106
17,0.906344,a6927ea4c0223aa08b320e86987e4c89_shot_001_001,sync_c,mouth,6.628325
18,0.898624,a6927ea4c0223aa08b320e86987e4c89_shot_001_001,pixel_mse,mouth,0.00110992
18,0.898624,a6927ea4c0223aa08b320e86987e4c89_shot_001_001,pixel_mse,upper_face,0.00009646
18,0.898624,a6927ea4c0223aa08b320e86987e4c89_shot_001_001,pixel_mse,full,0.00050893
18,0.898624,a6927ea4c0223aa08b320e86987e4c89_shot_001_001,ssim,mouth,0.92907906
18,0.898624,a6927ea4c0223aa08b320e86987e4c89_shot_001_001,ssim,upper_face,0.97034085
18,0.898624,a6927ea4c0223aa08b320e86987e4c89_shot_001_001,ssim,full,0.95354736
18,0.898624,a6927ea4c0223aa08b320e86987e4c89_shot_001_001,lpips,mouth,0.06980878
18,0.898624,a6927ea4c0223aa08b320e86987e4c89_shot_001_001,lpips,full,0.04648590
18,0.898624,a6927ea4c0223aa08b320e86987e4c89_shot_001_001,sharpness,mouth,10.8480
18,0.898624,a6927ea4c0223aa08b320e86987e4c89_shot_001_001,lmd,mouth,2.488040
18,0.898624,a6927ea4c0223aa08b320e86987e4c89_shot_001_001,sync_d,mouth,7.815832
18,0.898624,a6927ea4c0223aa08b320e86987e4c89_shot_001_001,sync_c,mouth,6.524758
19,0.890548,a6927ea4c0223aa08b320e86987e4c89_shot_001_001,pixel_mse,mouth,0.00113436
19,0.890548,a6927ea4c0223aa08b320e86987e4c89_shot_001_001,pixel_mse,upper_face,0.00009583
19,0.890548,a6927ea4c0223aa08b320e86987e4c89_shot_001_001,pixel_mse,full,0.00051851
19,0.890548,a6927ea4c0223aa08b320e86987e4c89_shot_001_001,ssim,mouth,0.92875051
19,0.890548,a6927ea4c0223aa08b320e86987e4c89_shot_001_001,ssim,upper_face,0.97043526
19,0.890548,a6927ea4c0223aa08b320e86987e4c89_shot_001_001,ssim,full,0.95346975
19,0.890548,a6927ea4c0223aa08b320e86987e4c89_shot_001_001,lpips,mouth,0.06977971
19,0.890548,a6927ea4c0223aa08b320e86987e4c89_shot_001_001,lpips,full,0.04645989
19,0.890548,a6927ea4c0223aa08b320e86987e4c89_shot_001_001,sharpness,mouth,10.9072
19,0.890548,a6927ea4c0223aa08b320e86987e4c89_shot_001_001,lmd,mouth,2.566089
19,0.890548,a6927ea4c0223aa08b320e86987e4c89_shot_001_001,sync_d,mouth,7.837681
19,0.890548,a6927ea4c0223aa08b320e86987e4c89_shot_001_001,sync_c,mouth,6.453588
20,0.882093,a6927ea4c0223aa08b320e86987e4c89_shot_001_001,pixel_mse,mouth,0.00115048
20,0.882093,a6927ea4c0223aa08b320e86987e4c89_shot_001_001,pixel_mse,upper_face,0.00009527
20,0.882093,a6927ea4c0223aa08b320e86987e4c89_shot_001_001,pixel_mse,full,0.00052474
20,0.882093,a6927ea4c0223aa08b320e86987e4c89_shot_001_001,ssim,mouth,0.92846537
20,0.882093,a6927ea4c0223aa08b320e86987e4c89_shot_001_001,ssim,upper_face,0.97053427
20,0.882093,a6927ea4c0223aa08b320e86987e4c89_shot_001_001,ssim,full,0.95341218
20,0.882093,a6927ea4c0223aa08b320e86987e4c89_shot_001_001,lpips,mouth,0.06956305
20,0.882093,a6927ea4c0223aa08b320e86987e4c89_shot_001_001,lpips,full,0.04627066
20,0.882093,a6927ea4c0223aa08b320e86987e4c89_shot_001_001,sharpness,mouth,10.8956
20,0.882093,a6927ea4c0223aa08b320e86987e4c89_shot_001_001,lmd,mouth,2.503910
20,0.882093,a6927ea4c0223aa08b320e86987e4c89_shot_001_001,sync_d,mouth,7.825430
20,0.882093,a6927ea4c0223aa08b320e86987e4c89_shot_001_001,sync_c,mouth,6.408286
21,0.873231,a6927ea4c0223aa08b320e86987e4c89_shot_001_001,pixel_mse,mouth,0.00117081
21,0.873231,a6927ea4c0223aa08b320e86987e4c89_shot_001_001,pixel_mse,upper_face,0.00009344
21,0.873231,a6927ea4c0223aa08b320e86987e4c89_shot_001_001,pixel_mse,full,0.00053193
21,0.873231,a6927ea4c0223aa08b320e86987e4c89_shot_001_001,ssim,mouth,0.92822868
21,0.873231,a6927ea4c0223aa08b320e86987e4c89_shot_001_001,ssim,upper_face,0.97061044
21,0.873231,a6927ea4c0223aa08b320e86987e4c89_shot_001_001,ssim,full,0.95336115
21,0.873231,a6927ea4c0223aa08b320e86987e4c89_shot_001_001,lpips,mouth,0.06967798
21,0.873231,a6927ea4c0223aa08b320e86987e4c89_shot_001_001,lpips,full,0.04612838
21,0.873231,a6927ea4c0223aa08b320e86987e4c89_shot_001_001,sharpness,mouth,10.8857
21,0.873231,a6927ea4c0223aa08b320e86987e4c89_shot_001_001,lmd,mouth,2.595510
21,0.873231,a6927ea4c0223aa08b320e86987e4c89_shot_001_001,sync_d,mouth,7.879565
21,0.873231,a6927ea4c0223aa08b320e86987e4c89_shot_001_001,sync_c,mouth,6.453088
22,0.863931,a6927ea4c0223aa08b320e86987e4c89_shot_001_001,pixel_mse,mouth,0.00119840
22,0.863931,a6927ea4c0223aa08b320e86987e4c89_shot_001_001,pixel_mse,upper_face,0.00009375
22,0.863931,a6927ea4c0223aa08b320e86987e4c89_shot_001_001,pixel_mse,full,0.00054334
22,0.863931,a6927ea4c0223aa08b320e86987e4c89_shot_001_001,ssim,mouth,0.92779797
22,0.863931,a6927ea4c0223aa08b320e86987e4c89_shot_001_001,ssim,upper_face,0.97066969
22,0.863931,a6927ea4c0223aa08b320e86987e4c89_shot_001_001,ssim,full,0.95322108
22,0.863931,a6927ea4c0223aa08b320e86987e4c89_shot_001_001,lpips,mouth,0.06969214
22,0.863931,a6927ea4c0223aa08b320e86987e4c89_shot_001_001,lpips,full,0.04620310
22,0.863931,a6927ea4c0223aa08b320e86987e4c89_shot_001_001,sharpness,mouth,10.8797
22,0.863931,a6927ea4c0223aa08b320e86987e4c89_shot_001_001,lmd,mouth,2.607140
22,0.863931,a6927ea4c0223aa08b320e86987e4c89_shot_001_001,sync_d,mouth,7.778770
22,0.863931,a6927ea4c0223aa08b320e86987e4c89_shot_001_001,sync_c,mouth,6.506472
23,0.854160,a6927ea4c0223aa08b320e86987e4c89_shot_001_001,pixel_mse,mouth,0.00121358
23,0.854160,a6927ea4c0223aa08b320e86987e4c89_shot_001_001,pixel_mse,upper_face,0.00009331
23,0.854160,a6927ea4c0223aa08b320e86987e4c89_shot_001_001,pixel_mse,full,0.00054925
23,0.854160,a6927ea4c0223aa08b320e86987e4c89_shot_001_001,ssim,mouth,0.92746818
23,0.854160,a6927ea4c0223aa08b320e86987e4c89_shot_001_001,ssim,upper_face,0.97075099
23,0.854160,a6927ea4c0223aa08b320e86987e4c89_shot_001_001,ssim,full,0.95313489
23,0.854160,a6927ea4c0223aa08b320e86987e4c89_shot_001_001,lpips,mouth,0.06941419
23,0.854160,a6927ea4c0223aa08b320e86987e4c89_shot_001_001,lpips,full,0.04606183
23,0.854160,a6927ea4c0223aa08b320e86987e4c89_shot_001_001,sharpness,mouth,10.8671
23,0.854160,a6927ea4c0223aa08b320e86987e4c89_shot_001_001,lmd,mouth,2.701094
23,0.854160,a6927ea4c0223aa08b320e86987e4c89_shot_001_001,sync_d,mouth,7.774461
23,0.854160,a6927ea4c0223aa08b320e86987e4c89_shot_001_001,sync_c,mouth,6.448015
24,0.843882,a6927ea4c0223aa08b320e86987e4c89_shot_001_001,pixel_mse,mouth,0.00124079
24,0.843882,a6927ea4c0223aa08b320e86987e4c89_shot_001_001,pixel_mse,upper_face,0.00009220
24,0.843882,a6927ea4c0223aa08b320e86987e4c89_shot_001_001,pixel_mse,full,0.00055968
24,0.843882,a6927ea4c0223aa08b320e86987e4c89_shot_001_001,ssim,mouth,0.92698681
24,0.843882,a6927ea4c0223aa08b320e86987e4c89_shot_001_001,ssim,upper_face,0.97080421
24,0.843882,a6927ea4c0223aa08b320e86987e4c89_shot_001_001,ssim,full,0.95297050
24,0.843882,a6927ea4c0223aa08b320e86987e4c89_shot_001_001,lpips,mouth,0.06979266
24,0.843882,a6927ea4c0223aa08b320e86987e4c89_shot_001_001,lpips,full,0.04626835
24,0.843882,a6927ea4c0223aa08b320e86987e4c89_shot_001_001,sharpness,mouth,10.8975
24,0.843882,a6927ea4c0223aa08b320e86987e4c89_shot_001_001,lmd,mouth,2.628642
24,0.843882,a6927ea4c0223aa08b320e86987e4c89_shot_001_001,sync_d,mouth,7.789325
24,0.843882,a6927ea4c0223aa08b320e86987e4c89_shot_001_001,sync_c,mouth,6.423224
25,0.833055,a6927ea4c0223aa08b320e86987e4c89_shot_001_001,pixel_mse,mouth,0.00197931
25,0.833055,a6927ea4c0223aa08b320e86987e4c89_shot_001_001,pixel_mse,upper_face,0.00011269
25,0.833055,a6927ea4c0223aa08b320e86987e4c89_shot_001_001,pixel_mse,full,0.00087240
25,0.833055,a6927ea4c0223aa08b320e86987e4c89_shot_001_001,ssim,mouth,0.91098332
25,0.833055,a6927ea4c0223aa08b320e86987e4c89_shot_001_001,ssim,upper_face,0.96795416
25,0.833055,a6927ea4c0223aa08b320e86987e4c89_shot_001_001,ssim,full,0.94476712
25,0.833055,a6927ea4c0223aa08b320e86987e4c89_shot_001_001,lpips,mouth,0.07852775
25,0.833055,a6927ea4c0223aa08b320e86987e4c89_shot_001_001,lpips,full,0.05189976
25,0.833055,a6927ea4c0223aa08b320e86987e4c89_shot_001_001,sharpness,mouth,11.0491
25,0.833055,a6927ea4c0223aa08b320e86987e4c89_shot_001_001,lmd,mouth,3.680303
25,0.833055,a6927ea4c0223aa08b320e86987e4c89_shot_001_001,sync_d,mouth,7.361648
25,0.833055,a6927ea4c0223aa08b320e86987e4c89_shot_001_001,sync_c,mouth,7.315307
26,0.821636,a6927ea4c0223aa08b320e86987e4c89_shot_001_001,pixel_mse,mouth,0.00184359
26,0.821636,a6927ea4c0223aa08b320e86987e4c89_shot_001_001,pixel_mse,upper_face,0.00011173
26,0.821636,a6927ea4c0223aa08b320e86987e4c89_shot_001_001,pixel_mse,full,0.00081659
26,0.821636,a6927ea4c0223aa08b320e86987e4c89_shot_001_001,ssim,mouth,0.91305733
26,0.821636,a6927ea4c0223aa08b320e86987e4c89_shot_001_001,ssim,upper_face,0.96800297
26,0.821636,a6927ea4c0223aa08b320e86987e4c89_shot_001_001,ssim,full,0.94564021
26,0.821636,a6927ea4c0223aa08b320e86987e4c89_shot_001_001,lpips,mouth,0.07664642
26,0.821636,a6927ea4c0223aa08b320e86987e4c89_shot_001_001,lpips,full,0.05058975
26,0.821636,a6927ea4c0223aa08b320e86987e4c89_shot_001_001,sharpness,mouth,10.8885
26,0.821636,a6927ea4c0223aa08b320e86987e4c89_shot_001_001,lmd,mouth,3.516662
26,0.821636,a6927ea4c0223aa08b320e86987e4c89_shot_001_001,sync_d,mouth,7.423500
26,0.821636,a6927ea4c0223aa08b320e86987e4c89_shot_001_001,sync_c,mouth,7.301761
27,0.809574,a6927ea4c0223aa08b320e86987e4c89_shot_001_001,pixel_mse,mouth,0.00172912
27,0.809574,a6927ea4c0223aa08b320e86987e4c89_shot_001_001,pixel_mse,upper_face,0.00011030
27,0.809574,a6927ea4c0223aa08b320e86987e4c89_shot_001_001,pixel_mse,full,0.00076916
27,0.809574,a6927ea4c0223aa08b320e86987e4c89_shot_001_001,ssim,mouth,0.91498888
27,0.809574,a6927ea4c0223aa08b320e86987e4c89_shot_001_001,ssim,upper_face,0.96808052
27,0.809574,a6927ea4c0223aa08b320e86987e4c89_shot_001_001,ssim,full,0.94647235
27,0.809574,a6927ea4c0223aa08b320e86987e4c89_shot_001_001,lpips,mouth,0.07514405
27,0.809574,a6927ea4c0223aa08b320e86987e4c89_shot_001_001,lpips,full,0.04986111
27,0.809574,a6927ea4c0223aa08b320e86987e4c89_shot_001_001,sharpness,mouth,10.7649
27,0.809574,a6927ea4c0223aa08b320e86987e4c89_shot_001_001,lmd,mouth,3.464145
27,0.809574,a6927ea4c0223aa08b320e86987e4c89_shot_001_001,sync_d,mouth,7.378175
27,0.809574,a6927ea4c0223aa08b320e86987e4c89_shot_001_001,sync_c,mouth,7.379592
28,0.796812,a6927ea4c0223aa08b320e86987e4c89_shot_001_001,pixel_mse,mouth,0.00166338
28,0.796812,a6927ea4c0223aa08b320e86987e4c89_shot_001_001,pixel_mse,upper_face,0.00010868
28,0.796812,a6927ea4c0223aa08b320e86987e4c89_shot_001_001,pixel_mse,full,0.00074144
28,0.796812,a6927ea4c0223aa08b320e86987e4c89_shot_001_001,ssim,mouth,0.91606778
28,0.796812,a6927ea4c0223aa08b320e86987e4c89_shot_001_001,ssim,upper_face,0.96820068
28,0.796812,a6927ea4c0223aa08b320e86987e4c89_shot_001_001,ssim,full,0.94698280
28,0.796812,a6927ea4c0223aa08b320e86987e4c89_shot_001_001,lpips,mouth,0.07459742
28,0.796812,a6927ea4c0223aa08b320e86987e4c89_shot_001_001,lpips,full,0.04958308
28,0.796812,a6927ea4c0223aa08b320e86987e4c89_shot_001_001,sharpness,mouth,10.7251
28,0.796812,a6927ea4c0223aa08b320e86987e4c89_shot_001_001,lmd,mouth,3.325165
28,0.796812,a6927ea4c0223aa08b320e86987e4c89_shot_001_001,sync_d,mouth,7.429482
28,0.796812,a6927ea4c0223aa08b320e86987e4c89_shot_001_001,sync_c,mouth,7.362102
29,0.783290,a6927ea4c0223aa08b320e86987e4c89_shot_001_001,pixel_mse,mouth,0.00162507
29,0.783290,a6927ea4c0223aa08b320e86987e4c89_shot_001_001,pixel_mse,upper_face,0.00010804
29,0.783290,a6927ea4c0223aa08b320e86987e4c89_shot_001_001,pixel_mse,full,0.00072547
29,0.783290,a6927ea4c0223aa08b320e86987e4c89_shot_001_001,ssim,mouth,0.91699040
29,0.783290,a6927ea4c0223aa08b320e86987e4c89_shot_001_001,ssim,upper_face,0.96829975
29,0.783290,a6927ea4c0223aa08b320e86987e4c89_shot_001_001,ssim,full,0.94741696
29,0.783290,a6927ea4c0223aa08b320e86987e4c89_shot_001_001,lpips,mouth,0.07390732
29,0.783290,a6927ea4c0223aa08b320e86987e4c89_shot_001_001,lpips,full,0.04910930
29,0.783290,a6927ea4c0223aa08b320e86987e4c89_shot_001_001,sharpness,mouth,10.7052
29,0.783290,a6927ea4c0223aa08b320e86987e4c89_shot_001_001,lmd,mouth,3.353590
29,0.783290,a6927ea4c0223aa08b320e86987e4c89_shot_001_001,sync_d,mouth,7.470679
29,0.783290,a6927ea4c0223aa08b320e86987e4c89_shot_001_001,sync_c,mouth,7.430969
30,0.768935,a6927ea4c0223aa08b320e86987e4c89_shot_001_001,pixel_mse,mouth,0.00159430
30,0.768935,a6927ea4c0223aa08b320e86987e4c89_shot_001_001,pixel_mse,upper_face,0.00010758
30,0.768935,a6927ea4c0223aa08b320e86987e4c89_shot_001_001,pixel_mse,full,0.00071267
30,0.768935,a6927ea4c0223aa08b320e86987e4c89_shot_001_001,ssim,mouth,0.91771507
30,0.768935,a6927ea4c0223aa08b320e86987e4c89_shot_001_001,ssim,upper_face,0.96838433
30,0.768935,a6927ea4c0223aa08b320e86987e4c89_shot_001_001,ssim,full,0.94776207
30,0.768935,a6927ea4c0223aa08b320e86987e4c89_shot_001_001,lpips,mouth,0.07363966
30,0.768935,a6927ea4c0223aa08b320e86987e4c89_shot_001_001,lpips,full,0.04892958
30,0.768935,a6927ea4c0223aa08b320e86987e4c89_shot_001_001,sharpness,mouth,10.7108
30,0.768935,a6927ea4c0223aa08b320e86987e4c89_shot_001_001,lmd,mouth,3.397577
30,0.768935,a6927ea4c0223aa08b320e86987e4c89_shot_001_001,sync_d,mouth,7.464371
30,0.768935,a6927ea4c0223aa08b320e86987e4c89_shot_001_001,sync_c,mouth,7.301002
31,0.753669,a6927ea4c0223aa08b320e86987e4c89_shot_001_001,pixel_mse,mouth,0.00157176
31,0.753669,a6927ea4c0223aa08b320e86987e4c89_shot_001_001,pixel_mse,upper_face,0.00010692
31,0.753669,a6927ea4c0223aa08b320e86987e4c89_shot_001_001,pixel_mse,full,0.00070311
31,0.753669,a6927ea4c0223aa08b320e86987e4c89_shot_001_001,ssim,mouth,0.91837865
31,0.753669,a6927ea4c0223aa08b320e86987e4c89_shot_001_001,ssim,upper_face,0.96853626
31,0.753669,a6927ea4c0223aa08b320e86987e4c89_shot_001_001,ssim,full,0.94812226
31,0.753669,a6927ea4c0223aa08b320e86987e4c89_shot_001_001,lpips,mouth,0.07323749
31,0.753669,a6927ea4c0223aa08b320e86987e4c89_shot_001_001,lpips,full,0.04854351
31,0.753669,a6927ea4c0223aa08b320e86987e4c89_shot_001_001,sharpness,mouth,10.6848
31,0.753669,a6927ea4c0223aa08b320e86987e4c89_shot_001_001,lmd,mouth,3.343186
31,0.753669,a6927ea4c0223aa08b320e86987e4c89_shot_001_001,sync_d,mouth,7.475685
31,0.753669,a6927ea4c0223aa08b320e86987e4c89_shot_001_001,sync_c,mouth,7.243972
32,0.737402,a6927ea4c0223aa08b320e86987e4c89_shot_001_001,pixel_mse,mouth,0.00158290
32,0.737402,a6927ea4c0223aa08b320e86987e4c89_shot_001_001,pixel_mse,upper_face,0.00010695
32,0.737402,a6927ea4c0223aa08b320e86987e4c89_shot_001_001,pixel_mse,full,0.00070766
32,0.737402,a6927ea4c0223aa08b320e86987e4c89_shot_001_001,ssim,mouth,0.91847557
32,0.737402,a6927ea4c0223aa08b320e86987e4c89_shot_001_001,ssim,upper_face,0.96865541
32,0.737402,a6927ea4c0223aa08b320e86987e4c89_shot_001_001,ssim,full,0.94823229
32,0.737402,a6927ea4c0223aa08b320e86987e4c89_shot_001_001,lpips,mouth,0.07320078
32,0.737402,a6927ea4c0223aa08b320e86987e4c89_shot_001_001,lpips,full,0.04859685
32,0.737402,a6927ea4c0223aa08b320e86987e4c89_shot_001_001,sharpness,mouth,10.7079
32,0.737402,a6927ea4c0223aa08b320e86987e4c89_shot_001_001,lmd,mouth,3.322027
32,0.737402,a6927ea4c0223aa08b320e86987e4c89_shot_001_001,sync_d,mouth,7.392304
32,0.737402,a6927ea4c0223aa08b320e86987e4c89_shot_001_001,sync_c,mouth,7.291048
33,0.720034,a6927ea4c0223aa08b320e86987e4c89_shot_001_001,pixel_mse,mouth,0.00158151
33,0.720034,a6927ea4c0223aa08b320e86987e4c89_shot_001_001,pixel_mse,upper_face,0.00010490
33,0.720034,a6927ea4c0223aa08b320e86987e4c89_shot_001_001,pixel_mse,full,0.00070588
33,0.720034,a6927ea4c0223aa08b320e86987e4c89_shot_001_001,ssim,mouth,0.91865391
33,0.720034,a6927ea4c0223aa08b320e86987e4c89_shot_001_001,ssim,upper_face,0.96875507
33,0.720034,a6927ea4c0223aa08b320e86987e4c89_shot_001_001,ssim,full,0.94836408
33,0.720034,a6927ea4c0223aa08b320e86987e4c89_shot_001_001,lpips,mouth,0.07303869
33,0.720034,a6927ea4c0223aa08b320e86987e4c89_shot_001_001,lpips,full,0.04849502
33,0.720034,a6927ea4c0223aa08b320e86987e4c89_shot_001_001,sharpness,mouth,10.7319
33,0.720034,a6927ea4c0223aa08b320e86987e4c89_shot_001_001,lmd,mouth,3.266532
33,0.720034,a6927ea4c0223aa08b320e86987e4c89_shot_001_001,sync_d,mouth,7.428360
33,0.720034,a6927ea4c0223aa08b320e86987e4c89_shot_001_001,sync_c,mouth,7.261047
34,0.701446,a6927ea4c0223aa08b320e86987e4c89_shot_001_001,pixel_mse,mouth,0.00157694
34,0.701446,a6927ea4c0223aa08b320e86987e4c89_shot_001_001,pixel_mse,upper_face,0.00010451
34,0.701446,a6927ea4c0223aa08b320e86987e4c89_shot_001_001,pixel_mse,full,0.00070378
34,0.701446,a6927ea4c0223aa08b320e86987e4c89_shot_001_001,ssim,mouth,0.91883099
34,0.701446,a6927ea4c0223aa08b320e86987e4c89_shot_001_001,ssim,upper_face,0.96885312
34,0.701446,a6927ea4c0223aa08b320e86987e4c89_shot_001_001,ssim,full,0.94849426
34,0.701446,a6927ea4c0223aa08b320e86987e4c89_shot_001_001,lpips,mouth,0.07277258
34,0.701446,a6927ea4c0223aa08b320e86987e4c89_shot_001_001,lpips,full,0.04830825
34,0.701446,a6927ea4c0223aa08b320e86987e4c89_shot_001_001,sharpness,mouth,10.7046
34,0.701446,a6927ea4c0223aa08b320e86987e4c89_shot_001_001,lmd,mouth,3.281208
34,0.701446,a6927ea4c0223aa08b320e86987e4c89_shot_001_001,sync_d,mouth,7.221626
34,0.701446,a6927ea4c0223aa08b320e86987e4c89_shot_001_001,sync_c,mouth,7.351987
35,0.681508,a6927ea4c0223aa08b320e86987e4c89_shot_001_001,pixel_mse,mouth,0.00157156
35,0.681508,a6927ea4c0223aa08b320e86987e4c89_shot_001_001,pixel_mse,upper_face,0.00010372
35,0.681508,a6927ea4c0223aa08b320e86987e4c89_shot_001_001,pixel_mse,full,0.00070113
35,0.681508,a6927ea4c0223aa08b320e86987e4c89_shot_001_001,ssim,mouth,0.91895473
35,0.681508,a6927ea4c0223aa08b320e86987e4c89_shot_001_001,ssim,upper_face,0.96894318
35,0.681508,a6927ea4c0223aa08b320e86987e4c89_shot_001_001,ssim,full,0.94859815
35,0.681508,a6927ea4c0223aa08b320e86987e4c89_shot_001_001,lpips,mouth,0.07303972
35,0.681508,a6927ea4c0223aa08b320e86987e4c89_shot_001_001,lpips,full,0.04847342
35,0.681508,a6927ea4c0223aa08b320e86987e4c89_shot_001_001,sharpness,mouth,10.7013
35,0.681508,a6927ea4c0223aa08b320e86987e4c89_shot_001_001,lmd,mouth,3.255446
35,0.681508,a6927ea4c0223aa08b320e86987e4c89_shot_001_001,sync_d,mouth,7.312138
35,0.681508,a6927ea4c0223aa08b320e86987e4c89_shot_001_001,sync_c,mouth,7.261565
36,0.660066,a6927ea4c0223aa08b320e86987e4c89_shot_001_001,pixel_mse,mouth,0.00157941
36,0.660066,a6927ea4c0223aa08b320e86987e4c89_shot_001_001,pixel_mse,upper_face,0.00010267
36,0.660066,a6927ea4c0223aa08b320e86987e4c89_shot_001_001,pixel_mse,full,0.00070370
36,0.660066,a6927ea4c0223aa08b320e86987e4c89_shot_001_001,ssim,mouth,0.91851526
36,0.660066,a6927ea4c0223aa08b320e86987e4c89_shot_001_001,ssim,upper_face,0.96909314
36,0.660066,a6927ea4c0223aa08b320e86987e4c89_shot_001_001,ssim,full,0.94850808
36,0.660066,a6927ea4c0223aa08b320e86987e4c89_shot_001_001,lpips,mouth,0.07290696
36,0.660066,a6927ea4c0223aa08b320e86987e4c89_shot_001_001,lpips,full,0.04837001
36,0.660066,a6927ea4c0223aa08b320e86987e4c89_shot_001_001,sharpness,mouth,10.7380
36,0.660066,a6927ea4c0223aa08b320e86987e4c89_shot_001_001,lmd,mouth,3.336945
36,0.660066,a6927ea4c0223aa08b320e86987e4c89_shot_001_001,sync_d,mouth,7.142690
36,0.660066,a6927ea4c0223aa08b320e86987e4c89_shot_001_001,sync_c,mouth,7.394745
37,0.636942,a6927ea4c0223aa08b320e86987e4c89_shot_001_001,pixel_mse,mouth,0.00157988
37,0.636942,a6927ea4c0223aa08b320e86987e4c89_shot_001_001,pixel_mse,upper_face,0.00010158
37,0.636942,a6927ea4c0223aa08b320e86987e4c89_shot_001_001,pixel_mse,full,0.00070325
37,0.636942,a6927ea4c0223aa08b320e86987e4c89_shot_001_001,ssim,mouth,0.91844797
37,0.636942,a6927ea4c0223aa08b320e86987e4c89_shot_001_001,ssim,upper_face,0.96925861
37,0.636942,a6927ea4c0223aa08b320e86987e4c89_shot_001_001,ssim,full,0.94857901
37,0.636942,a6927ea4c0223aa08b320e86987e4c89_shot_001_001,lpips,mouth,0.07301052
37,0.636942,a6927ea4c0223aa08b320e86987e4c89_shot_001_001,lpips,full,0.04841753
37,0.636942,a6927ea4c0223aa08b320e86987e4c89_shot_001_001,sharpness,mouth,10.7089
37,0.636942,a6927ea4c0223aa08b320e86987e4c89_shot_001_001,lmd,mouth,3.268091
37,0.636942,a6927ea4c0223aa08b320e86987e4c89_shot_001_001,sync_d,mouth,7.103878
37,0.636942,a6927ea4c0223aa08b320e86987e4c89_shot_001_001,sync_c,mouth,7.356843
38,0.611932,a6927ea4c0223aa08b320e86987e4c89_shot_001_001,pixel_mse,mouth,0.00159259
38,0.611932,a6927ea4c0223aa08b320e86987e4c89_shot_001_001,pixel_mse,upper_face,0.00010173
38,0.611932,a6927ea4c0223aa08b320e86987e4c89_shot_001_001,pixel_mse,full,0.00070850
38,0.611932,a6927ea4c0223aa08b320e86987e4c89_shot_001_001,ssim,mouth,0.91811359
38,0.611932,a6927ea4c0223aa08b320e86987e4c89_shot_001_001,ssim,upper_face,0.96928632
38,0.611932,a6927ea4c0223aa08b320e86987e4c89_shot_001_001,ssim,full,0.94845921
38,0.611932,a6927ea4c0223aa08b320e86987e4c89_shot_001_001,lpips,mouth,0.07324097
38,0.611932,a6927ea4c0223aa08b320e86987e4c89_shot_001_001,lpips,full,0.04848927
38,0.611932,a6927ea4c0223aa08b320e86987e4c89_shot_001_001,sharpness,mouth,10.7078
38,0.611932,a6927ea4c0223aa08b320e86987e4c89_shot_001_001,lmd,mouth,3.203052
38,0.611932,a6927ea4c0223aa08b320e86987e4c89_shot_001_001,sync_d,mouth,7.144697
38,0.611932,a6927ea4c0223aa08b320e86987e4c89_shot_001_001,sync_c,mouth,7.351500
39,0.584795,a6927ea4c0223aa08b320e86987e4c89_shot_001_001,pixel_mse,mouth,0.00160497
39,0.584795,a6927ea4c0223aa08b320e86987e4c89_shot_001_001,pixel_mse,upper_face,0.00010021
39,0.584795,a6927ea4c0223aa08b320e86987e4c89_shot_001_001,pixel_mse,full,0.00071264
39,0.584795,a6927ea4c0223aa08b320e86987e4c89_shot_001_001,ssim,mouth,0.91787237
39,0.584795,a6927ea4c0223aa08b320e86987e4c89_shot_001_001,ssim,upper_face,0.96938598
39,0.584795,a6927ea4c0223aa08b320e86987e4c89_shot_001_001,ssim,full,0.94842005
39,0.584795,a6927ea4c0223aa08b320e86987e4c89_shot_001_001,lpips,mouth,0.07353085
39,0.584795,a6927ea4c0223aa08b320e86987e4c89_shot_001_001,lpips,full,0.04868184
39,0.584795,a6927ea4c0223aa08b320e86987e4c89_shot_001_001,sharpness,mouth,10.6946
39,0.584795,a6927ea4c0223aa08b320e86987e4c89_shot_001_001,lmd,mouth,3.226528
39,0.584795,a6927ea4c0223aa08b320e86987e4c89_shot_001_001,sync_d,mouth,7.139786
39,0.584795,a6927ea4c0223aa08b320e86987e4c89_shot_001_001,sync_c,mouth,7.347475
40,0.555247,a6927ea4c0223aa08b320e86987e4c89_shot_001_001,pixel_mse,mouth,0.00161859
40,0.555247,a6927ea4c0223aa08b320e86987e4c89_shot_001_001,pixel_mse,upper_face,0.00009963
40,0.555247,a6927ea4c0223aa08b320e86987e4c89_shot_001_001,pixel_mse,full,0.00071784
40,0.555247,a6927ea4c0223aa08b320e86987e4c89_shot_001_001,ssim,mouth,0.91755354
40,0.555247,a6927ea4c0223aa08b320e86987e4c89_shot_001_001,ssim,upper_face,0.96955025
40,0.555247,a6927ea4c0223aa08b320e86987e4c89_shot_001_001,ssim,full,0.94838780
40,0.555247,a6927ea4c0223aa08b320e86987e4c89_shot_001_001,lpips,mouth,0.07380094
40,0.555247,a6927ea4c0223aa08b320e86987e4c89_shot_001_001,lpips,full,0.04881150
40,0.555247,a6927ea4c0223aa08b320e86987e4c89_shot_001_001,sharpness,mouth,10.7165
40,0.555247,a6927ea4c0223aa08b320e86987e4c89_shot_001_001,lmd,mouth,3.294871
40,0.555247,a6927ea4c0223aa08b320e86987e4c89_shot_001_001,sync_d,mouth,7.136693
40,0.555247,a6927ea4c0223aa08b320e86987e4c89_shot_001_001,sync_c,mouth,7.361413
41,0.522951,a6927ea4c0223aa08b320e86987e4c89_shot_001_001,pixel_mse,mouth,0.00163023
41,0.522951,a6927ea4c0223aa08b320e86987e4c89_shot_001_001,pixel_mse,upper_face,0.00009884
41,0.522951,a6927ea4c0223aa08b320e86987e4c89_shot_001_001,pixel_mse,full,0.00072211
41,0.522951,a6927ea4c0223aa08b320e86987e4c89_shot_001_001,ssim,mouth,0.91722792
41,0.522951,a6927ea4c0223aa08b320e86987e4c89_shot_001_001,ssim,upper_face,0.96962708
41,0.522951,a6927ea4c0223aa08b320e86987e4c89_shot_001_001,ssim,full,0.94830078
41,0.522951,a6927ea4c0223aa08b320e86987e4c89_shot_001_001,lpips,mouth,0.07375827
41,0.522951,a6927ea4c0223aa08b320e86987e4c89_shot_001_001,lpips,full,0.04874482
41,0.522951,a6927ea4c0223aa08b320e86987e4c89_shot_001_001,sharpness,mouth,10.7787
41,0.522951,a6927ea4c0223aa08b320e86987e4c89_shot_001_001,lmd,mouth,3.260366
41,0.522951,a6927ea4c0223aa08b320e86987e4c89_shot_001_001,sync_d,mouth,7.014948
41,0.522951,a6927ea4c0223aa08b320e86987e4c89_shot_001_001,sync_c,mouth,7.426064
42,0.487507,a6927ea4c0223aa08b320e86987e4c89_shot_001_001,pixel_mse,mouth,0.00164584
42,0.487507,a6927ea4c0223aa08b320e86987e4c89_shot_001_001,pixel_mse,upper_face,0.00009905
42,0.487507,a6927ea4c0223aa08b320e86987e4c89_shot_001_001,pixel_mse,full,0.00072859
42,0.487507,a6927ea4c0223aa08b320e86987e4c89_shot_001_001,ssim,mouth,0.91674298
42,0.487507,a6927ea4c0223aa08b320e86987e4c89_shot_001_001,ssim,upper_face,0.96977693
42,0.487507,a6927ea4c0223aa08b320e86987e4c89_shot_001_001,ssim,full,0.94819218
42,0.487507,a6927ea4c0223aa08b320e86987e4c89_shot_001_001,lpips,mouth,0.07461660
42,0.487507,a6927ea4c0223aa08b320e86987e4c89_shot_001_001,lpips,full,0.04910852
42,0.487507,a6927ea4c0223aa08b320e86987e4c89_shot_001_001,sharpness,mouth,10.7152
42,0.487507,a6927ea4c0223aa08b320e86987e4c89_shot_001_001,lmd,mouth,3.245038
42,0.487507,a6927ea4c0223aa08b320e86987e4c89_shot_001_001,sync_d,mouth,7.207454
42,0.487507,a6927ea4c0223aa08b320e86987e4c89_shot_001_001,sync_c,mouth,7.236664
43,0.448430,a6927ea4c0223aa08b320e86987e4c89_shot_001_001,pixel_mse,mouth,0.00165924
43,0.448430,a6927ea4c0223aa08b320e86987e4c89_shot_001_001,pixel_mse,upper_face,0.00009843
43,0.448430,a6927ea4c0223aa08b320e86987e4c89_shot_001_001,pixel_mse,full,0.00073368
43,0.448430,a6927ea4c0223aa08b320e86987e4c89_shot_001_001,ssim,mouth,0.91624755
43,0.448430,a6927ea4c0223aa08b320e86987e4c89_shot_001_001,ssim,upper_face,0.96988803
43,0.448430,a6927ea4c0223aa08b320e86987e4c89_shot_001_001,ssim,full,0.94805634
43,0.448430,a6927ea4c0223aa08b320e86987e4c89_shot_001_001,lpips,mouth,0.07483982
43,0.448430,a6927ea4c0223aa08b320e86987e4c89_shot_001_001,lpips,full,0.04916681
43,0.448430,a6927ea4c0223aa08b320e86987e4c89_shot_001_001,sharpness,mouth,10.7461
43,0.448430,a6927ea4c0223aa08b320e86987e4c89_shot_001_001,lmd,mouth,3.352718
43,0.448430,a6927ea4c0223aa08b320e86987e4c89_shot_001_001,sync_d,mouth,7.184220
43,0.448430,a6927ea4c0223aa08b320e86987e4c89_shot_001_001,sync_c,mouth,7.304006
44,0.405131,a6927ea4c0223aa08b320e86987e4c89_shot_001_001,pixel_mse,mouth,0.00167992
44,0.405131,a6927ea4c0223aa08b320e86987e4c89_shot_001_001,pixel_mse,upper_face,0.00009864
44,0.405131,a6927ea4c0223aa08b320e86987e4c89_shot_001_001,pixel_mse,full,0.00074222
44,0.405131,a6927ea4c0223aa08b320e86987e4c89_shot_001_001,ssim,mouth,0.91534245
44,0.405131,a6927ea4c0223aa08b320e86987e4c89_shot_001_001,ssim,upper_face,0.96993268
44,0.405131,a6927ea4c0223aa08b320e86987e4c89_shot_001_001,ssim,full,0.94771463
44,0.405131,a6927ea4c0223aa08b320e86987e4c89_shot_001_001,lpips,mouth,0.07534268
44,0.405131,a6927ea4c0223aa08b320e86987e4c89_shot_001_001,lpips,full,0.04959006
44,0.405131,a6927ea4c0223aa08b320e86987e4c89_shot_001_001,sharpness,mouth,10.7706
44,0.405131,a6927ea4c0223aa08b320e86987e4c89_shot_001_001,lmd,mouth,3.301318
44,0.405131,a6927ea4c0223aa08b320e86987e4c89_shot_001_001,sync_d,mouth,7.248071
44,0.405131,a6927ea4c0223aa08b320e86987e4c89_shot_001_001,sync_c,mouth,7.153542
45,0.356888,a6927ea4c0223aa08b320e86987e4c89_shot_001_001,pixel_mse,mouth,0.00169832
45,0.356888,a6927ea4c0223aa08b320e86987e4c89_shot_001_001,pixel_mse,upper_face,0.00009914
45,0.356888,a6927ea4c0223aa08b320e86987e4c89_shot_001_001,pixel_mse,full,0.00075000
45,0.356888,a6927ea4c0223aa08b320e86987e4c89_shot_001_001,ssim,mouth,0.91459620
45,0.356888,a6927ea4c0223aa08b320e86987e4c89_shot_001_001,ssim,upper_face,0.97008497
45,0.356888,a6927ea4c0223aa08b320e86987e4c89_shot_001_001,ssim,full,0.94750112
45,0.356888,a6927ea4c0223aa08b320e86987e4c89_shot_001_001,lpips,mouth,0.07576711
45,0.356888,a6927ea4c0223aa08b320e86987e4c89_shot_001_001,lpips,full,0.04976865
45,0.356888,a6927ea4c0223aa08b320e86987e4c89_shot_001_001,sharpness,mouth,10.7258
45,0.356888,a6927ea4c0223aa08b320e86987e4c89_shot_001_001,lmd,mouth,3.312263
45,0.356888,a6927ea4c0223aa08b320e86987e4c89_shot_001_001,sync_d,mouth,7.247862
45,0.356888,a6927ea4c0223aa08b320e86987e4c89_shot_001_001,sync_c,mouth,7.136811
46,0.302801,a6927ea4c0223aa08b320e86987e4c89_shot_001_001,pixel_mse,mouth,0.00171688
46,0.302801,a6927ea4c0223aa08b320e86987e4c89_shot_001_001,pixel_mse,upper_face,0.00010070
46,0.302801,a6927ea4c0223aa08b320e86987e4c89_shot_001_001,pixel_mse,full,0.00075848
46,0.302801,a6927ea4c0223aa08b320e86987e4c89_shot_001_001,ssim,mouth,0.91355640
46,0.302801,a6927ea4c0223aa08b320e86987e4c89_shot_001_001,ssim,upper_face,0.97011489
46,0.302801,a6927ea4c0223aa08b320e86987e4c89_shot_001_001,ssim,full,0.94709569
46,0.302801,a6927ea4c0223aa08b320e86987e4c89_shot_001_001,lpips,mouth,0.07616509
46,0.302801,a6927ea4c0223aa08b320e86987e4c89_shot_001_001,lpips,full,0.05001925
46,0.302801,a6927ea4c0223aa08b320e86987e4c89_shot_001_001,sharpness,mouth,10.7002
46,0.302801,a6927ea4c0223aa08b320e86987e4c89_shot_001_001,lmd,mouth,3.295333
46,0.302801,a6927ea4c0223aa08b320e86987e4c89_shot_001_001,sync_d,mouth,7.355124
46,0.302801,a6927ea4c0223aa08b320e86987e4c89_shot_001_001,sync_c,mouth,7.040349
47,0.241740,a6927ea4c0223aa08b320e86987e4c89_shot_001_001,pixel_mse,mouth,0.00173671
47,0.241740,a6927ea4c0223aa08b320e86987e4c89_shot_001_001,pixel_mse,upper_face,0.00010225
47,0.241740,a6927ea4c0223aa08b320e86987e4c89_shot_001_001,pixel_mse,full,0.00076747
47,0.241740,a6927ea4c0223aa08b320e86987e4c89_shot_001_001,ssim,mouth,0.91237950
47,0.241740,a6927ea4c0223aa08b320e86987e4c89_shot_001_001,ssim,upper_face,0.97006059
47,0.241740,a6927ea4c0223aa08b320e86987e4c89_shot_001_001,ssim,full,0.94658452
47,0.241740,a6927ea4c0223aa08b320e86987e4c89_shot_001_001,lpips,mouth,0.07662258
47,0.241740,a6927ea4c0223aa08b320e86987e4c89_shot_001_001,lpips,full,0.05024683
47,0.241740,a6927ea4c0223aa08b320e86987e4c89_shot_001_001,sharpness,mouth,10.6765
47,0.241740,a6927ea4c0223aa08b320e86987e4c89_shot_001_001,lmd,mouth,3.295593
47,0.241740,a6927ea4c0223aa08b320e86987e4c89_shot_001_001,sync_d,mouth,7.169202
47,0.241740,a6927ea4c0223aa08b320e86987e4c89_shot_001_001,sync_c,mouth,7.192748
48,0.172265,a6927ea4c0223aa08b320e86987e4c89_shot_001_001,pixel_mse,mouth,0.00175922
48,0.172265,a6927ea4c0223aa08b320e86987e4c89_shot_001_001,pixel_mse,upper_face,0.00010412
48,0.172265,a6927ea4c0223aa08b320e86987e4c89_shot_001_001,pixel_mse,full,0.00077774
48,0.172265,a6927ea4c0223aa08b320e86987e4c89_shot_001_001,ssim,mouth,0.91092891
48,0.172265,a6927ea4c0223aa08b320e86987e4c89_shot_001_001,ssim,upper_face,0.97005856
48,0.172265,a6927ea4c0223aa08b320e86987e4c89_shot_001_001,ssim,full,0.94599295
48,0.172265,a6927ea4c0223aa08b320e86987e4c89_shot_001_001,lpips,mouth,0.07700679
48,0.172265,a6927ea4c0223aa08b320e86987e4c89_shot_001_001,lpips,full,0.05056525
48,0.172265,a6927ea4c0223aa08b320e86987e4c89_shot_001_001,sharpness,mouth,10.6733
48,0.172265,a6927ea4c0223aa08b320e86987e4c89_shot_001_001,lmd,mouth,3.409623
48,0.172265,a6927ea4c0223aa08b320e86987e4c89_shot_001_001,sync_d,mouth,7.292880
48,0.172265,a6927ea4c0223aa08b320e86987e4c89_shot_001_001,sync_c,mouth,7.153612
49,0.092507,a6927ea4c0223aa08b320e86987e4c89_shot_001_001,pixel_mse,mouth,0.00177738
49,0.092507,a6927ea4c0223aa08b320e86987e4c89_shot_001_001,pixel_mse,upper_face,0.00010875
49,0.092507,a6927ea4c0223aa08b320e86987e4c89_shot_001_001,pixel_mse,full,0.00078788
49,0.092507,a6927ea4c0223aa08b320e86987e4c89_shot_001_001,ssim,mouth,0.90939116
49,0.092507,a6927ea4c0223aa08b320e86987e4c89_shot_001_001,ssim,upper_face,0.96960461
49,0.092507,a6927ea4c0223aa08b320e86987e4c89_shot_001_001,ssim,full,0.94509792
49,0.092507,a6927ea4c0223aa08b320e86987e4c89_shot_001_001,lpips,mouth,0.07753567
49,0.092507,a6927ea4c0223aa08b320e86987e4c89_shot_001_001,lpips,full,0.05108120
49,0.092507,a6927ea4c0223aa08b320e86987e4c89_shot_001_001,sharpness,mouth,10.6668
49,0.092507,a6927ea4c0223aa08b320e86987e4c89_shot_001_001,lmd,mouth,3.301737
49,0.092507,a6927ea4c0223aa08b320e86987e4c89_shot_001_001,sync_d,mouth,7.249871
49,0.092507,a6927ea4c0223aa08b320e86987e4c89_shot_001_001,sync_c,mouth,7.229868
-1,gt,d39560e57ccf0d56a57604dda32c01f1_shot_001_000,sharpness,mouth,14.4626
-1,gt,d39560e57ccf0d56a57604dda32c01f1_shot_001_000,sync_d,mouth,6.505698
-1,gt,d39560e57ccf0d56a57604dda32c01f1_shot_001_000,sync_c,mouth,9.664845
0,0.999000,d39560e57ccf0d56a57604dda32c01f1_shot_001_000,pixel_mse,mouth,0.00105081
0,0.999000,d39560e57ccf0d56a57604dda32c01f1_shot_001_000,pixel_mse,upper_face,0.00027702
0,0.999000,d39560e57ccf0d56a57604dda32c01f1_shot_001_000,pixel_mse,full,0.00059195
0,0.999000,d39560e57ccf0d56a57604dda32c01f1_shot_001_000,ssim,mouth,0.90565145
0,0.999000,d39560e57ccf0d56a57604dda32c01f1_shot_001_000,ssim,upper_face,0.95229757
0,0.999000,d39560e57ccf0d56a57604dda32c01f1_shot_001_000,ssim,full,0.93331248
0,0.999000,d39560e57ccf0d56a57604dda32c01f1_shot_001_000,lpips,mouth,0.12074064
0,0.999000,d39560e57ccf0d56a57604dda32c01f1_shot_001_000,lpips,full,0.08295041
0,0.999000,d39560e57ccf0d56a57604dda32c01f1_shot_001_000,sharpness,mouth,14.9964
0,0.999000,d39560e57ccf0d56a57604dda32c01f1_shot_001_000,lmd,mouth,3.293723
0,0.999000,d39560e57ccf0d56a57604dda32c01f1_shot_001_000,sync_d,mouth,6.009570
0,0.999000,d39560e57ccf0d56a57604dda32c01f1_shot_001_000,sync_c,mouth,9.888291
1,0.995732,d39560e57ccf0d56a57604dda32c01f1_shot_001_000,pixel_mse,mouth,0.00105414
1,0.995732,d39560e57ccf0d56a57604dda32c01f1_shot_001_000,pixel_mse,upper_face,0.00027461
1,0.995732,d39560e57ccf0d56a57604dda32c01f1_shot_001_000,pixel_mse,full,0.00059187
1,0.995732,d39560e57ccf0d56a57604dda32c01f1_shot_001_000,ssim,mouth,0.90554535
1,0.995732,d39560e57ccf0d56a57604dda32c01f1_shot_001_000,ssim,upper_face,0.95262730
1,0.995732,d39560e57ccf0d56a57604dda32c01f1_shot_001_000,ssim,full,0.93346500
1,0.995732,d39560e57ccf0d56a57604dda32c01f1_shot_001_000,lpips,mouth,0.12093571
1,0.995732,d39560e57ccf0d56a57604dda32c01f1_shot_001_000,lpips,full,0.08301142
1,0.995732,d39560e57ccf0d56a57604dda32c01f1_shot_001_000,sharpness,mouth,14.7180
1,0.995732,d39560e57ccf0d56a57604dda32c01f1_shot_001_000,lmd,mouth,3.362459
1,0.995732,d39560e57ccf0d56a57604dda32c01f1_shot_001_000,sync_d,mouth,5.927627
1,0.995732,d39560e57ccf0d56a57604dda32c01f1_shot_001_000,sync_c,mouth,10.062106
2,0.991530,d39560e57ccf0d56a57604dda32c01f1_shot_001_000,pixel_mse,mouth,0.00101854
2,0.991530,d39560e57ccf0d56a57604dda32c01f1_shot_001_000,pixel_mse,upper_face,0.00025367
2,0.991530,d39560e57ccf0d56a57604dda32c01f1_shot_001_000,pixel_mse,full,0.00056497
2,0.991530,d39560e57ccf0d56a57604dda32c01f1_shot_001_000,ssim,mouth,0.90643525
2,0.991530,d39560e57ccf0d56a57604dda32c01f1_shot_001_000,ssim,upper_face,0.95451015
2,0.991530,d39560e57ccf0d56a57604dda32c01f1_shot_001_000,ssim,full,0.93494380
2,0.991530,d39560e57ccf0d56a57604dda32c01f1_shot_001_000,lpips,mouth,0.11836450
2,0.991530,d39560e57ccf0d56a57604dda32c01f1_shot_001_000,lpips,full,0.08093004
2,0.991530,d39560e57ccf0d56a57604dda32c01f1_shot_001_000,sharpness,mouth,14.7068
2,0.991530,d39560e57ccf0d56a57604dda32c01f1_shot_001_000,lmd,mouth,3.293880
2,0.991530,d39560e57ccf0d56a57604dda32c01f1_shot_001_000,sync_d,mouth,5.876473
2,0.991530,d39560e57ccf0d56a57604dda32c01f1_shot_001_000,sync_c,mouth,10.076569
3,0.987187,d39560e57ccf0d56a57604dda32c01f1_shot_001_000,pixel_mse,mouth,0.00101545
3,0.987187,d39560e57ccf0d56a57604dda32c01f1_shot_001_000,pixel_mse,upper_face,0.00023761
3,0.987187,d39560e57ccf0d56a57604dda32c01f1_shot_001_000,pixel_mse,full,0.00055419
3,0.987187,d39560e57ccf0d56a57604dda32c01f1_shot_001_000,ssim,mouth,0.90671444
3,0.987187,d39560e57ccf0d56a57604dda32c01f1_shot_001_000,ssim,upper_face,0.95601720
3,0.987187,d39560e57ccf0d56a57604dda32c01f1_shot_001_000,ssim,full,0.93595105
3,0.987187,d39560e57ccf0d56a57604dda32c01f1_shot_001_000,lpips,mouth,0.11708003
3,0.987187,d39560e57ccf0d56a57604dda32c01f1_shot_001_000,lpips,full,0.07959994
3,0.987187,d39560e57ccf0d56a57604dda32c01f1_shot_001_000,sharpness,mouth,14.6563
3,0.987187,d39560e57ccf0d56a57604dda32c01f1_shot_001_000,lmd,mouth,3.254181
3,0.987187,d39560e57ccf0d56a57604dda32c01f1_shot_001_000,sync_d,mouth,5.786745
3,0.987187,d39560e57ccf0d56a57604dda32c01f1_shot_001_000,sync_c,mouth,10.257774
4,0.982696,d39560e57ccf0d56a57604dda32c01f1_shot_001_000,pixel_mse,mouth,0.00101210
4,0.982696,d39560e57ccf0d56a57604dda32c01f1_shot_001_000,pixel_mse,upper_face,0.00023008
4,0.982696,d39560e57ccf0d56a57604dda32c01f1_shot_001_000,pixel_mse,full,0.00054836
4,0.982696,d39560e57ccf0d56a57604dda32c01f1_shot_001_000,ssim,mouth,0.90707624
4,0.982696,d39560e57ccf0d56a57604dda32c01f1_shot_001_000,ssim,upper_face,0.95684737
4,0.982696,d39560e57ccf0d56a57604dda32c01f1_shot_001_000,ssim,full,0.93659067
4,0.982696,d39560e57ccf0d56a57604dda32c01f1_shot_001_000,lpips,mouth,0.11661040
4,0.982696,d39560e57ccf0d56a57604dda32c01f1_shot_001_000,lpips,full,0.07882413
4,0.982696,d39560e57ccf0d56a57604dda32c01f1_shot_001_000,sharpness,mouth,14.7074
4,0.982696,d39560e57ccf0d56a57604dda32c01f1_shot_001_000,lmd,mouth,3.291932
4,0.982696,d39560e57ccf0d56a57604dda32c01f1_shot_001_000,sync_d,mouth,5.831021
4,0.982696,d39560e57ccf0d56a57604dda32c01f1_shot_001_000,sync_c,mouth,10.191792
5,0.978048,d39560e57ccf0d56a57604dda32c01f1_shot_001_000,pixel_mse,mouth,0.00100891
5,0.978048,d39560e57ccf0d56a57604dda32c01f1_shot_001_000,pixel_mse,upper_face,0.00022043
5,0.978048,d39560e57ccf0d56a57604dda32c01f1_shot_001_000,pixel_mse,full,0.00054134
5,0.978048,d39560e57ccf0d56a57604dda32c01f1_shot_001_000,ssim,mouth,0.90744621
5,0.978048,d39560e57ccf0d56a57604dda32c01f1_shot_001_000,ssim,upper_face,0.95760769
5,0.978048,d39560e57ccf0d56a57604dda32c01f1_shot_001_000,ssim,full,0.93719202
5,0.978048,d39560e57ccf0d56a57604dda32c01f1_shot_001_000,lpips,mouth,0.11639927
5,0.978048,d39560e57ccf0d56a57604dda32c01f1_shot_001_000,lpips,full,0.07863674
5,0.978048,d39560e57ccf0d56a57604dda32c01f1_shot_001_000,sharpness,mouth,14.5909
5,0.978048,d39560e57ccf0d56a57604dda32c01f1_shot_001_000,lmd,mouth,3.302850
5,0.978048,d39560e57ccf0d56a57604dda32c01f1_shot_001_000,sync_d,mouth,5.952521
5,0.978048,d39560e57ccf0d56a57604dda32c01f1_shot_001_000,sync_c,mouth,10.118574
6,0.973236,d39560e57ccf0d56a57604dda32c01f1_shot_001_000,pixel_mse,mouth,0.00101120
6,0.973236,d39560e57ccf0d56a57604dda32c01f1_shot_001_000,pixel_mse,upper_face,0.00021404
6,0.973236,d39560e57ccf0d56a57604dda32c01f1_shot_001_000,pixel_mse,full,0.00053848
6,0.973236,d39560e57ccf0d56a57604dda32c01f1_shot_001_000,ssim,mouth,0.90780449
6,0.973236,d39560e57ccf0d56a57604dda32c01f1_shot_001_000,ssim,upper_face,0.95827788
6,0.973236,d39560e57ccf0d56a57604dda32c01f1_shot_001_000,ssim,full,0.93773526
6,0.973236,d39560e57ccf0d56a57604dda32c01f1_shot_001_000,lpips,mouth,0.11568001
6,0.973236,d39560e57ccf0d56a57604dda32c01f1_shot_001_000,lpips,full,0.07789173
6,0.973236,d39560e57ccf0d56a57604dda32c01f1_shot_001_000,sharpness,mouth,14.6069
6,0.973236,d39560e57ccf0d56a57604dda32c01f1_shot_001_000,lmd,mouth,3.363240
6,0.973236,d39560e57ccf0d56a57604dda32c01f1_shot_001_000,sync_d,mouth,6.001733
6,0.973236,d39560e57ccf0d56a57604dda32c01f1_shot_001_000,sync_c,mouth,10.039700
7,0.968250,d39560e57ccf0d56a57604dda32c01f1_shot_001_000,pixel_mse,mouth,0.00100900
7,0.968250,d39560e57ccf0d56a57604dda32c01f1_shot_001_000,pixel_mse,upper_face,0.00020809
7,0.968250,d39560e57ccf0d56a57604dda32c01f1_shot_001_000,pixel_mse,full,0.00053406
7,0.968250,d39560e57ccf0d56a57604dda32c01f1_shot_001_000,ssim,mouth,0.90800691
7,0.968250,d39560e57ccf0d56a57604dda32c01f1_shot_001_000,ssim,upper_face,0.95876765
7,0.968250,d39560e57ccf0d56a57604dda32c01f1_shot_001_000,ssim,full,0.93810809
7,0.968250,d39560e57ccf0d56a57604dda32c01f1_shot_001_000,lpips,mouth,0.11476932
7,0.968250,d39560e57ccf0d56a57604dda32c01f1_shot_001_000,lpips,full,0.07706882
7,0.968250,d39560e57ccf0d56a57604dda32c01f1_shot_001_000,sharpness,mouth,14.5807
7,0.968250,d39560e57ccf0d56a57604dda32c01f1_shot_001_000,lmd,mouth,3.449399
7,0.968250,d39560e57ccf0d56a57604dda32c01f1_shot_001_000,sync_d,mouth,6.014194
7,0.968250,d39560e57ccf0d56a57604dda32c01f1_shot_001_000,sync_c,mouth,10.096172
8,0.963082,d39560e57ccf0d56a57604dda32c01f1_shot_001_000,pixel_mse,mouth,0.00101096
8,0.963082,d39560e57ccf0d56a57604dda32c01f1_shot_001_000,pixel_mse,upper_face,0.00020316
8,0.963082,d39560e57ccf0d56a57604dda32c01f1_shot_001_000,pixel_mse,full,0.00053193
8,0.963082,d39560e57ccf0d56a57604dda32c01f1_shot_001_000,ssim,mouth,0.90815973
8,0.963082,d39560e57ccf0d56a57604dda32c01f1_shot_001_000,ssim,upper_face,0.95916277
8,0.963082,d39560e57ccf0d56a57604dda32c01f1_shot_001_000,ssim,full,0.93840468
8,0.963082,d39560e57ccf0d56a57604dda32c01f1_shot_001_000,lpips,mouth,0.11448034
8,0.963082,d39560e57ccf0d56a57604dda32c01f1_shot_001_000,lpips,full,0.07674855
8,0.963082,d39560e57ccf0d56a57604dda32c01f1_shot_001_000,sharpness,mouth,14.5651
8,0.963082,d39560e57ccf0d56a57604dda32c01f1_shot_001_000,lmd,mouth,3.380908
8,0.963082,d39560e57ccf0d56a57604dda32c01f1_shot_001_000,sync_d,mouth,6.042089
8,0.963082,d39560e57ccf0d56a57604dda32c01f1_shot_001_000,sync_c,mouth,10.031980
9,0.957720,d39560e57ccf0d56a57604dda32c01f1_shot_001_000,pixel_mse,mouth,0.00102053
9,0.957720,d39560e57ccf0d56a57604dda32c01f1_shot_001_000,pixel_mse,upper_face,0.00020023
9,0.957720,d39560e57ccf0d56a57604dda32c01f1_shot_001_000,pixel_mse,full,0.00053409
9,0.957720,d39560e57ccf0d56a57604dda32c01f1_shot_001_000,ssim,mouth,0.90793192
9,0.957720,d39560e57ccf0d56a57604dda32c01f1_shot_001_000,ssim,upper_face,0.95950514
9,0.957720,d39560e57ccf0d56a57604dda32c01f1_shot_001_000,ssim,full,0.93851501
9,0.957720,d39560e57ccf0d56a57604dda32c01f1_shot_001_000,lpips,mouth,0.11402272
9,0.957720,d39560e57ccf0d56a57604dda32c01f1_shot_001_000,lpips,full,0.07627562
9,0.957720,d39560e57ccf0d56a57604dda32c01f1_shot_001_000,sharpness,mouth,14.5879
9,0.957720,d39560e57ccf0d56a57604dda32c01f1_shot_001_000,lmd,mouth,3.421788
9,0.957720,d39560e57ccf0d56a57604dda32c01f1_shot_001_000,sync_d,mouth,6.073379
9,0.957720,d39560e57ccf0d56a57604dda32c01f1_shot_001_000,sync_c,mouth,10.033553
10,0.952154,d39560e57ccf0d56a57604dda32c01f1_shot_001_000,pixel_mse,mouth,0.00102124
10,0.952154,d39560e57ccf0d56a57604dda32c01f1_shot_001_000,pixel_mse,upper_face,0.00019669
10,0.952154,d39560e57ccf0d56a57604dda32c01f1_shot_001_000,pixel_mse,full,0.00053228
10,0.952154,d39560e57ccf0d56a57604dda32c01f1_shot_001_000,ssim,mouth,0.90795952
10,0.952154,d39560e57ccf0d56a57604dda32c01f1_shot_001_000,ssim,upper_face,0.95982492
10,0.952154,d39560e57ccf0d56a57604dda32c01f1_shot_001_000,ssim,full,0.93871588
10,0.952154,d39560e57ccf0d56a57604dda32c01f1_shot_001_000,lpips,mouth,0.11386723
10,0.952154,d39560e57ccf0d56a57604dda32c01f1_shot_001_000,lpips,full,0.07615060
10,0.952154,d39560e57ccf0d56a57604dda32c01f1_shot_001_000,sharpness,mouth,14.5577
10,0.952154,d39560e57ccf0d56a57604dda32c01f1_shot_001_000,lmd,mouth,3.456214
10,0.952154,d39560e57ccf0d56a57604dda32c01f1_shot_001_000,sync_d,mouth,6.078276
10,0.952154,d39560e57ccf0d56a57604dda32c01f1_shot_001_000,sync_c,mouth,10.019878
11,0.946372,d39560e57ccf0d56a57604dda32c01f1_shot_001_000,pixel_mse,mouth,0.00102026
11,0.946372,d39560e57ccf0d56a57604dda32c01f1_shot_001_000,pixel_mse,upper_face,0.00019295
11,0.946372,d39560e57ccf0d56a57604dda32c01f1_shot_001_000,pixel_mse,full,0.00052967
11,0.946372,d39560e57ccf0d56a57604dda32c01f1_shot_001_000,ssim,mouth,0.90787762
11,0.946372,d39560e57ccf0d56a57604dda32c01f1_shot_001_000,ssim,upper_face,0.96015525
11,0.946372,d39560e57ccf0d56a57604dda32c01f1_shot_001_000,ssim,full,0.93887836
11,0.946372,d39560e57ccf0d56a57604dda32c01f1_shot_001_000,lpips,mouth,0.11303893
11,0.946372,d39560e57ccf0d56a57604dda32c01f1_shot_001_000,lpips,full,0.07542421
11,0.946372,d39560e57ccf0d56a57604dda32c01f1_shot_001_000,sharpness,mouth,14.5345
11,0.946372,d39560e57ccf0d56a57604dda32c01f1_shot_001_000,lmd,mouth,3.458670
11,0.946372,d39560e57ccf0d56a57604dda32c01f1_shot_001_000,sync_d,mouth,6.115904
11,0.946372,d39560e57ccf0d56a57604dda32c01f1_shot_001_000,sync_c,mouth,9.905378
12,0.940361,d39560e57ccf0d56a57604dda32c01f1_shot_001_000,pixel_mse,mouth,0.00101829
12,0.940361,d39560e57ccf0d56a57604dda32c01f1_shot_001_000,pixel_mse,upper_face,0.00019008
12,0.940361,d39560e57ccf0d56a57604dda32c01f1_shot_001_000,pixel_mse,full,0.00052716
12,0.940361,d39560e57ccf0d56a57604dda32c01f1_shot_001_000,ssim,mouth,0.90813571
12,0.940361,d39560e57ccf0d56a57604dda32c01f1_shot_001_000,ssim,upper_face,0.96038139
12,0.940361,d39560e57ccf0d56a57604dda32c01f1_shot_001_000,ssim,full,0.93911761
12,0.940361,d39560e57ccf0d56a57604dda32c01f1_shot_001_000,lpips,mouth,0.11270460
12,0.940361,d39560e57ccf0d56a57604dda32c01f1_shot_001_000,lpips,full,0.07516742
12,0.940361,d39560e57ccf0d56a57604dda32c01f1_shot_001_000,sharpness,mouth,14.5361
12,0.940361,d39560e57ccf0d56a57604dda32c01f1_shot_001_000,lmd,mouth,3.450436
12,0.940361,d39560e57ccf0d56a57604dda32c01f1_shot_001_000,sync_d,mouth,6.173440
12,0.940361,d39560e57ccf0d56a57604dda32c01f1_shot_001_000,sync_c,mouth,9.875854
13,0.934107,d39560e57ccf0d56a57604dda32c01f1_shot_001_000,pixel_mse,mouth,0.00102554
13,0.934107,d39560e57ccf0d56a57604dda32c01f1_shot_001_000,pixel_mse,upper_face,0.00018837
13,0.934107,d39560e57ccf0d56a57604dda32c01f1_shot_001_000,pixel_mse,full,0.00052910
13,0.934107,d39560e57ccf0d56a57604dda32c01f1_shot_001_000,ssim,mouth,0.90804762
13,0.934107,d39560e57ccf0d56a57604dda32c01f1_shot_001_000,ssim,upper_face,0.96058184
13,0.934107,d39560e57ccf0d56a57604dda32c01f1_shot_001_000,ssim,full,0.93920052
13,0.934107,d39560e57ccf0d56a57604dda32c01f1_shot_001_000,lpips,mouth,0.11262611
13,0.934107,d39560e57ccf0d56a57604dda32c01f1_shot_001_000,lpips,full,0.07491082
13,0.934107,d39560e57ccf0d56a57604dda32c01f1_shot_001_000,sharpness,mouth,14.4800
13,0.934107,d39560e57ccf0d56a57604dda32c01f1_shot_001_000,lmd,mouth,3.454496
13,0.934107,d39560e57ccf0d56a57604dda32c01f1_shot_001_000,sync_d,mouth,6.126676
13,0.934107,d39560e57ccf0d56a57604dda32c01f1_shot_001_000,sync_c,mouth,9.959759
14,0.927596,d39560e57ccf0d56a57604dda32c01f1_shot_001_000,pixel_mse,mouth,0.00102754
14,0.927596,d39560e57ccf0d56a57604dda32c01f1_shot_001_000,pixel_mse,upper_face,0.00018671
14,0.927596,d39560e57ccf0d56a57604dda32c01f1_shot_001_000,pixel_mse,full,0.00052893
14,0.927596,d39560e57ccf0d56a57604dda32c01f1_shot_001_000,ssim,mouth,0.90805542
14,0.927596,d39560e57ccf0d56a57604dda32c01f1_shot_001_000,ssim,upper_face,0.96086282
14,0.927596,d39560e57ccf0d56a57604dda32c01f1_shot_001_000,ssim,full,0.93937033
14,0.927596,d39560e57ccf0d56a57604dda32c01f1_shot_001_000,lpips,mouth,0.11105690
14,0.927596,d39560e57ccf0d56a57604dda32c01f1_shot_001_000,lpips,full,0.07390721
14,0.927596,d39560e57ccf0d56a57604dda32c01f1_shot_001_000,sharpness,mouth,14.4836
14,0.927596,d39560e57ccf0d56a57604dda32c01f1_shot_001_000,lmd,mouth,3.418515
14,0.927596,d39560e57ccf0d56a57604dda32c01f1_shot_001_000,sync_d,mouth,6.126936
14,0.927596,d39560e57ccf0d56a57604dda32c01f1_shot_001_000,sync_c,mouth,10.009119
15,0.920810,d39560e57ccf0d56a57604dda32c01f1_shot_001_000,pixel_mse,mouth,0.00102579
15,0.920810,d39560e57ccf0d56a57604dda32c01f1_shot_001_000,pixel_mse,upper_face,0.00018401
15,0.920810,d39560e57ccf0d56a57604dda32c01f1_shot_001_000,pixel_mse,full,0.00052661
15,0.920810,d39560e57ccf0d56a57604dda32c01f1_shot_001_000,ssim,mouth,0.90804815
15,0.920810,d39560e57ccf0d56a57604dda32c01f1_shot_001_000,ssim,upper_face,0.96108484
15,0.920810,d39560e57ccf0d56a57604dda32c01f1_shot_001_000,ssim,full,0.93949902
15,0.920810,d39560e57ccf0d56a57604dda32c01f1_shot_001_000,lpips,mouth,0.11015202
15,0.920810,d39560e57ccf0d56a57604dda32c01f1_shot_001_000,lpips,full,0.07327396
15,0.920810,d39560e57ccf0d56a57604dda32c01f1_shot_001_000,sharpness,mouth,14.5675
15,0.920810,d39560e57ccf0d56a57604dda32c01f1_shot_001_000,lmd,mouth,3.421273
15,0.920810,d39560e57ccf0d56a57604dda32c01f1_shot_001_000,sync_d,mouth,6.127737
15,0.920810,d39560e57ccf0d56a57604dda32c01f1_shot_001_000,sync_c,mouth,10.017067
16,0.913733,d39560e57ccf0d56a57604dda32c01f1_shot_001_000,pixel_mse,mouth,0.00102648
16,0.913733,d39560e57ccf0d56a57604dda32c01f1_shot_001_000,pixel_mse,upper_face,0.00018082
16,0.913733,d39560e57ccf0d56a57604dda32c01f1_shot_001_000,pixel_mse,full,0.00052500
16,0.913733,d39560e57ccf0d56a57604dda32c01f1_shot_001_000,ssim,mouth,0.90783060
16,0.913733,d39560e57ccf0d56a57604dda32c01f1_shot_001_000,ssim,upper_face,0.96126783
16,0.913733,d39560e57ccf0d56a57604dda32c01f1_shot_001_000,ssim,full,0.93951899
16,0.913733,d39560e57ccf0d56a57604dda32c01f1_shot_001_000,lpips,mouth,0.10969056
16,0.913733,d39560e57ccf0d56a57604dda32c01f1_shot_001_000,lpips,full,0.07292358
16,0.913733,d39560e57ccf0d56a57604dda32c01f1_shot_001_000,sharpness,mouth,14.5189
16,0.913733,d39560e57ccf0d56a57604dda32c01f1_shot_001_000,lmd,mouth,3.400074
16,0.913733,d39560e57ccf0d56a57604dda32c01f1_shot_001_000,sync_d,mouth,6.210811
16,0.913733,d39560e57ccf0d56a57604dda32c01f1_shot_001_000,sync_c,mouth,9.904163
17,0.906344,d39560e57ccf0d56a57604dda32c01f1_shot_001_000,pixel_mse,mouth,0.00102991
17,0.906344,d39560e57ccf0d56a57604dda32c01f1_shot_001_000,pixel_mse,upper_face,0.00017956
17,0.906344,d39560e57ccf0d56a57604dda32c01f1_shot_001_000,pixel_mse,full,0.00052565
17,0.906344,d39560e57ccf0d56a57604dda32c01f1_shot_001_000,ssim,mouth,0.90771466
17,0.906344,d39560e57ccf0d56a57604dda32c01f1_shot_001_000,ssim,upper_face,0.96145046
17,0.906344,d39560e57ccf0d56a57604dda32c01f1_shot_001_000,ssim,full,0.93958008
17,0.906344,d39560e57ccf0d56a57604dda32c01f1_shot_001_000,lpips,mouth,0.10852605
17,0.906344,d39560e57ccf0d56a57604dda32c01f1_shot_001_000,lpips,full,0.07213960
17,0.906344,d39560e57ccf0d56a57604dda32c01f1_shot_001_000,sharpness,mouth,14.4385
17,0.906344,d39560e57ccf0d56a57604dda32c01f1_shot_001_000,lmd,mouth,3.431291
17,0.906344,d39560e57ccf0d56a57604dda32c01f1_shot_001_000,sync_d,mouth,6.125919
17,0.906344,d39560e57ccf0d56a57604dda32c01f1_shot_001_000,sync_c,mouth,9.986362
18,0.898624,d39560e57ccf0d56a57604dda32c01f1_shot_001_000,pixel_mse,mouth,0.00104429
18,0.898624,d39560e57ccf0d56a57604dda32c01f1_shot_001_000,pixel_mse,upper_face,0.00017713
18,0.898624,d39560e57ccf0d56a57604dda32c01f1_shot_001_000,pixel_mse,full,0.00053006
18,0.898624,d39560e57ccf0d56a57604dda32c01f1_shot_001_000,ssim,mouth,0.90722895
18,0.898624,d39560e57ccf0d56a57604dda32c01f1_shot_001_000,ssim,upper_face,0.96158451
18,0.898624,d39560e57ccf0d56a57604dda32c01f1_shot_001_000,ssim,full,0.93946177
18,0.898624,d39560e57ccf0d56a57604dda32c01f1_shot_001_000,lpips,mouth,0.10852902
18,0.898624,d39560e57ccf0d56a57604dda32c01f1_shot_001_000,lpips,full,0.07226189
18,0.898624,d39560e57ccf0d56a57604dda32c01f1_shot_001_000,sharpness,mouth,14.4609
18,0.898624,d39560e57ccf0d56a57604dda32c01f1_shot_001_000,lmd,mouth,3.433706
18,0.898624,d39560e57ccf0d56a57604dda32c01f1_shot_001_000,sync_d,mouth,6.185817
18,0.898624,d39560e57ccf0d56a57604dda32c01f1_shot_001_000,sync_c,mouth,9.961681
19,0.890548,d39560e57ccf0d56a57604dda32c01f1_shot_001_000,pixel_mse,mouth,0.00104905
19,0.890548,d39560e57ccf0d56a57604dda32c01f1_shot_001_000,pixel_mse,upper_face,0.00017551
19,0.890548,d39560e57ccf0d56a57604dda32c01f1_shot_001_000,pixel_mse,full,0.00053104
19,0.890548,d39560e57ccf0d56a57604dda32c01f1_shot_001_000,ssim,mouth,0.90687931
19,0.890548,d39560e57ccf0d56a57604dda32c01f1_shot_001_000,ssim,upper_face,0.96180451
19,0.890548,d39560e57ccf0d56a57604dda32c01f1_shot_001_000,ssim,full,0.93945003
19,0.890548,d39560e57ccf0d56a57604dda32c01f1_shot_001_000,lpips,mouth,0.10787107
19,0.890548,d39560e57ccf0d56a57604dda32c01f1_shot_001_000,lpips,full,0.07151268
19,0.890548,d39560e57ccf0d56a57604dda32c01f1_shot_001_000,sharpness,mouth,14.4895
19,0.890548,d39560e57ccf0d56a57604dda32c01f1_shot_001_000,lmd,mouth,3.424434
19,0.890548,d39560e57ccf0d56a57604dda32c01f1_shot_001_000,sync_d,mouth,6.273812
19,0.890548,d39560e57ccf0d56a57604dda32c01f1_shot_001_000,sync_c,mouth,9.931237
20,0.882093,d39560e57ccf0d56a57604dda32c01f1_shot_001_000,pixel_mse,mouth,0.00105715
20,0.882093,d39560e57ccf0d56a57604dda32c01f1_shot_001_000,pixel_mse,upper_face,0.00017470
20,0.882093,d39560e57ccf0d56a57604dda32c01f1_shot_001_000,pixel_mse,full,0.00053385
20,0.882093,d39560e57ccf0d56a57604dda32c01f1_shot_001_000,ssim,mouth,0.90635908
20,0.882093,d39560e57ccf0d56a57604dda32c01f1_shot_001_000,ssim,upper_face,0.96191132
20,0.882093,d39560e57ccf0d56a57604dda32c01f1_shot_001_000,ssim,full,0.93930179
20,0.882093,d39560e57ccf0d56a57604dda32c01f1_shot_001_000,lpips,mouth,0.10736488
20,0.882093,d39560e57ccf0d56a57604dda32c01f1_shot_001_000,lpips,full,0.07117978
20,0.882093,d39560e57ccf0d56a57604dda32c01f1_shot_001_000,sharpness,mouth,14.5145
20,0.882093,d39560e57ccf0d56a57604dda32c01f1_shot_001_000,lmd,mouth,3.463288
20,0.882093,d39560e57ccf0d56a57604dda32c01f1_shot_001_000,sync_d,mouth,6.269104
20,0.882093,d39560e57ccf0d56a57604dda32c01f1_shot_001_000,sync_c,mouth,9.930042
21,0.873231,d39560e57ccf0d56a57604dda32c01f1_shot_001_000,pixel_mse,mouth,0.00106606
21,0.873231,d39560e57ccf0d56a57604dda32c01f1_shot_001_000,pixel_mse,upper_face,0.00017295
21,0.873231,d39560e57ccf0d56a57604dda32c01f1_shot_001_000,pixel_mse,full,0.00053645
21,0.873231,d39560e57ccf0d56a57604dda32c01f1_shot_001_000,ssim,mouth,0.90604758
21,0.873231,d39560e57ccf0d56a57604dda32c01f1_shot_001_000,ssim,upper_face,0.96207416
21,0.873231,d39560e57ccf0d56a57604dda32c01f1_shot_001_000,ssim,full,0.93927145
21,0.873231,d39560e57ccf0d56a57604dda32c01f1_shot_001_000,lpips,mouth,0.10726686
21,0.873231,d39560e57ccf0d56a57604dda32c01f1_shot_001_000,lpips,full,0.07101625
21,0.873231,d39560e57ccf0d56a57604dda32c01f1_shot_001_000,sharpness,mouth,14.4668
21,0.873231,d39560e57ccf0d56a57604dda32c01f1_shot_001_000,lmd,mouth,3.440355
21,0.873231,d39560e57ccf0d56a57604dda32c01f1_shot_001_000,sync_d,mouth,6.116347
21,0.873231,d39560e57ccf0d56a57604dda32c01f1_shot_001_000,sync_c,mouth,10.054880
22,0.863931,d39560e57ccf0d56a57604dda32c01f1_shot_001_000,pixel_mse,mouth,0.00107197
22,0.863931,d39560e57ccf0d56a57604dda32c01f1_shot_001_000,pixel_mse,upper_face,0.00017163
22,0.863931,d39560e57ccf0d56a57604dda32c01f1_shot_001_000,pixel_mse,full,0.00053807
22,0.863931,d39560e57ccf0d56a57604dda32c01f1_shot_001_000,ssim,mouth,0.90572894
22,0.863931,d39560e57ccf0d56a57604dda32c01f1_shot_001_000,ssim,upper_face,0.96223223
22,0.863931,d39560e57ccf0d56a57604dda32c01f1_shot_001_000,ssim,full,0.93923545
22,0.863931,d39560e57ccf0d56a57604dda32c01f1_shot_001_000,lpips,mouth,0.10660709
22,0.863931,d39560e57ccf0d56a57604dda32c01f1_shot_001_000,lpips,full,0.07080542
22,0.863931,d39560e57ccf0d56a57604dda32c01f1_shot_001_000,sharpness,mouth,14.4727
22,0.863931,d39560e57ccf0d56a57604dda32c01f1_shot_001_000,lmd,mouth,3.442753
22,0.863931,d39560e57ccf0d56a57604dda32c01f1_shot_001_000,sync_d,mouth,6.191808
22,0.863931,d39560e57ccf0d56a57604dda32c01f1_shot_001_000,sync_c,mouth,10.018951
23,0.854160,d39560e57ccf0d56a57604dda32c01f1_shot_001_000,pixel_mse,mouth,0.00108436
23,0.854160,d39560e57ccf0d56a57604dda32c01f1_shot_001_000,pixel_mse,upper_face,0.00017008
23,0.854160,d39560e57ccf0d56a57604dda32c01f1_shot_001_000,pixel_mse,full,0.00054219
23,0.854160,d39560e57ccf0d56a57604dda32c01f1_shot_001_000,ssim,mouth,0.90542257
23,0.854160,d39560e57ccf0d56a57604dda32c01f1_shot_001_000,ssim,upper_face,0.96237034
23,0.854160,d39560e57ccf0d56a57604dda32c01f1_shot_001_000,ssim,full,0.93919277
23,0.854160,d39560e57ccf0d56a57604dda32c01f1_shot_001_000,lpips,mouth,0.10629583
23,0.854160,d39560e57ccf0d56a57604dda32c01f1_shot_001_000,lpips,full,0.07041210
23,0.854160,d39560e57ccf0d56a57604dda32c01f1_shot_001_000,sharpness,mouth,14.4493
23,0.854160,d39560e57ccf0d56a57604dda32c01f1_shot_001_000,lmd,mouth,3.450584
23,0.854160,d39560e57ccf0d56a57604dda32c01f1_shot_001_000,sync_d,mouth,6.101310
23,0.854160,d39560e57ccf0d56a57604dda32c01f1_shot_001_000,sync_c,mouth,10.039948
24,0.843882,d39560e57ccf0d56a57604dda32c01f1_shot_001_000,pixel_mse,mouth,0.00109535
24,0.843882,d39560e57ccf0d56a57604dda32c01f1_shot_001_000,pixel_mse,upper_face,0.00016815
24,0.843882,d39560e57ccf0d56a57604dda32c01f1_shot_001_000,pixel_mse,full,0.00054552
24,0.843882,d39560e57ccf0d56a57604dda32c01f1_shot_001_000,ssim,mouth,0.90510315
24,0.843882,d39560e57ccf0d56a57604dda32c01f1_shot_001_000,ssim,upper_face,0.96252328
24,0.843882,d39560e57ccf0d56a57604dda32c01f1_shot_001_000,ssim,full,0.93915349
24,0.843882,d39560e57ccf0d56a57604dda32c01f1_shot_001_000,lpips,mouth,0.10533749
24,0.843882,d39560e57ccf0d56a57604dda32c01f1_shot_001_000,lpips,full,0.06987415
24,0.843882,d39560e57ccf0d56a57604dda32c01f1_shot_001_000,sharpness,mouth,14.4509
24,0.843882,d39560e57ccf0d56a57604dda32c01f1_shot_001_000,lmd,mouth,3.384193
24,0.843882,d39560e57ccf0d56a57604dda32c01f1_shot_001_000,sync_d,mouth,6.237018
24,0.843882,d39560e57ccf0d56a57604dda32c01f1_shot_001_000,sync_c,mouth,9.971094
25,0.833055,d39560e57ccf0d56a57604dda32c01f1_shot_001_000,pixel_mse,mouth,0.00206760
25,0.833055,d39560e57ccf0d56a57604dda32c01f1_shot_001_000,pixel_mse,upper_face,0.00019830
25,0.833055,d39560e57ccf0d56a57604dda32c01f1_shot_001_000,pixel_mse,full,0.00095911
25,0.833055,d39560e57ccf0d56a57604dda32c01f1_shot_001_000,ssim,mouth,0.87772000
25,0.833055,d39560e57ccf0d56a57604dda32c01f1_shot_001_000,ssim,upper_face,0.95850676
25,0.833055,d39560e57ccf0d56a57604dda32c01f1_shot_001_000,ssim,full,0.92562670
25,0.833055,d39560e57ccf0d56a57604dda32c01f1_shot_001_000,lpips,mouth,0.11242832
25,0.833055,d39560e57ccf0d56a57604dda32c01f1_shot_001_000,lpips,full,0.07466503
25,0.833055,d39560e57ccf0d56a57604dda32c01f1_shot_001_000,sharpness,mouth,15.6229
25,0.833055,d39560e57ccf0d56a57604dda32c01f1_shot_001_000,lmd,mouth,4.545632
25,0.833055,d39560e57ccf0d56a57604dda32c01f1_shot_001_000,sync_d,mouth,6.336243
25,0.833055,d39560e57ccf0d56a57604dda32c01f1_shot_001_000,sync_c,mouth,10.104965
26,0.821636,d39560e57ccf0d56a57604dda32c01f1_shot_001_000,pixel_mse,mouth,0.00185890
26,0.821636,d39560e57ccf0d56a57604dda32c01f1_shot_001_000,pixel_mse,upper_face,0.00019667
26,0.821636,d39560e57ccf0d56a57604dda32c01f1_shot_001_000,pixel_mse,full,0.00087320
26,0.821636,d39560e57ccf0d56a57604dda32c01f1_shot_001_000,ssim,mouth,0.88105315
26,0.821636,d39560e57ccf0d56a57604dda32c01f1_shot_001_000,ssim,upper_face,0.95875579
26,0.821636,d39560e57ccf0d56a57604dda32c01f1_shot_001_000,ssim,full,0.92713100
26,0.821636,d39560e57ccf0d56a57604dda32c01f1_shot_001_000,lpips,mouth,0.10887025
26,0.821636,d39560e57ccf0d56a57604dda32c01f1_shot_001_000,lpips,full,0.07260438
26,0.821636,d39560e57ccf0d56a57604dda32c01f1_shot_001_000,sharpness,mouth,15.2438
26,0.821636,d39560e57ccf0d56a57604dda32c01f1_shot_001_000,lmd,mouth,4.192561
26,0.821636,d39560e57ccf0d56a57604dda32c01f1_shot_001_000,sync_d,mouth,6.068163
26,0.821636,d39560e57ccf0d56a57604dda32c01f1_shot_001_000,sync_c,mouth,10.359257
27,0.809574,d39560e57ccf0d56a57604dda32c01f1_shot_001_000,pixel_mse,mouth,0.00167211
27,0.809574,d39560e57ccf0d56a57604dda32c01f1_shot_001_000,pixel_mse,upper_face,0.00019467
27,0.809574,d39560e57ccf0d56a57604dda32c01f1_shot_001_000,pixel_mse,full,0.00079598
27,0.809574,d39560e57ccf0d56a57604dda32c01f1_shot_001_000,ssim,mouth,0.88430214
27,0.809574,d39560e57ccf0d56a57604dda32c01f1_shot_001_000,ssim,upper_face,0.95907676
27,0.809574,d39560e57ccf0d56a57604dda32c01f1_shot_001_000,ssim,full,0.92864370
27,0.809574,d39560e57ccf0d56a57604dda32c01f1_shot_001_000,lpips,mouth,0.10433946
27,0.809574,d39560e57ccf0d56a57604dda32c01f1_shot_001_000,lpips,full,0.06998219
27,0.809574,d39560e57ccf0d56a57604dda32c01f1_shot_001_000,sharpness,mouth,14.5043
27,0.809574,d39560e57ccf0d56a57604dda32c01f1_shot_001_000,lmd,mouth,4.035824
27,0.809574,d39560e57ccf0d56a57604dda32c01f1_shot_001_000,sync_d,mouth,5.932343
27,0.809574,d39560e57ccf0d56a57604dda32c01f1_shot_001_000,sync_c,mouth,10.462517
28,0.796812,d39560e57ccf0d56a57604dda32c01f1_shot_001_000,pixel_mse,mouth,0.00155211
28,0.796812,d39560e57ccf0d56a57604dda32c01f1_shot_001_000,pixel_mse,upper_face,0.00019024
28,0.796812,d39560e57ccf0d56a57604dda32c01f1_shot_001_000,pixel_mse,full,0.00074452
28,0.796812,d39560e57ccf0d56a57604dda32c01f1_shot_001_000,ssim,mouth,0.88724321
28,0.796812,d39560e57ccf0d56a57604dda32c01f1_shot_001_000,ssim,upper_face,0.95928854
28,0.796812,d39560e57ccf0d56a57604dda32c01f1_shot_001_000,ssim,full,0.92996633
28,0.796812,d39560e57ccf0d56a57604dda32c01f1_shot_001_000,lpips,mouth,0.10191943
28,0.796812,d39560e57ccf0d56a57604dda32c01f1_shot_001_000,lpips,full,0.06848032
28,0.796812,d39560e57ccf0d56a57604dda32c01f1_shot_001_000,sharpness,mouth,14.3432
28,0.796812,d39560e57ccf0d56a57604dda32c01f1_shot_001_000,lmd,mouth,3.934753
28,0.796812,d39560e57ccf0d56a57604dda32c01f1_shot_001_000,sync_d,mouth,5.875924
28,0.796812,d39560e57ccf0d56a57604dda32c01f1_shot_001_000,sync_c,mouth,10.486876
29,0.783290,d39560e57ccf0d56a57604dda32c01f1_shot_001_000,pixel_mse,mouth,0.00151210
29,0.783290,d39560e57ccf0d56a57604dda32c01f1_shot_001_000,pixel_mse,upper_face,0.00019012
29,0.783290,d39560e57ccf0d56a57604dda32c01f1_shot_001_000,pixel_mse,full,0.00072816
29,0.783290,d39560e57ccf0d56a57604dda32c01f1_shot_001_000,ssim,mouth,0.88817304
29,0.783290,d39560e57ccf0d56a57604dda32c01f1_shot_001_000,ssim,upper_face,0.95922786
29,0.783290,d39560e57ccf0d56a57604dda32c01f1_shot_001_000,ssim,full,0.93030870
29,0.783290,d39560e57ccf0d56a57604dda32c01f1_shot_001_000,lpips,mouth,0.10116263
29,0.783290,d39560e57ccf0d56a57604dda32c01f1_shot_001_000,lpips,full,0.06787679
29,0.783290,d39560e57ccf0d56a57604dda32c01f1_shot_001_000,sharpness,mouth,14.2823
29,0.783290,d39560e57ccf0d56a57604dda32c01f1_shot_001_000,lmd,mouth,3.987083
29,0.783290,d39560e57ccf0d56a57604dda32c01f1_shot_001_000,sync_d,mouth,5.835014
29,0.783290,d39560e57ccf0d56a57604dda32c01f1_shot_001_000,sync_c,mouth,10.515894
30,0.768935,d39560e57ccf0d56a57604dda32c01f1_shot_001_000,pixel_mse,mouth,0.00147325
30,0.768935,d39560e57ccf0d56a57604dda32c01f1_shot_001_000,pixel_mse,upper_face,0.00018675
30,0.768935,d39560e57ccf0d56a57604dda32c01f1_shot_001_000,pixel_mse,full,0.00071036
30,0.768935,d39560e57ccf0d56a57604dda32c01f1_shot_001_000,ssim,mouth,0.88918030
30,0.768935,d39560e57ccf0d56a57604dda32c01f1_shot_001_000,ssim,upper_face,0.95942026
30,0.768935,d39560e57ccf0d56a57604dda32c01f1_shot_001_000,ssim,full,0.93083274
30,0.768935,d39560e57ccf0d56a57604dda32c01f1_shot_001_000,lpips,mouth,0.10002459
30,0.768935,d39560e57ccf0d56a57604dda32c01f1_shot_001_000,lpips,full,0.06725585
30,0.768935,d39560e57ccf0d56a57604dda32c01f1_shot_001_000,sharpness,mouth,14.3070
30,0.768935,d39560e57ccf0d56a57604dda32c01f1_shot_001_000,lmd,mouth,3.904843
30,0.768935,d39560e57ccf0d56a57604dda32c01f1_shot_001_000,sync_d,mouth,5.801541
30,0.768935,d39560e57ccf0d56a57604dda32c01f1_shot_001_000,sync_c,mouth,10.588615
31,0.753669,d39560e57ccf0d56a57604dda32c01f1_shot_001_000,pixel_mse,mouth,0.00143690
31,0.753669,d39560e57ccf0d56a57604dda32c01f1_shot_001_000,pixel_mse,upper_face,0.00018595
31,0.753669,d39560e57ccf0d56a57604dda32c01f1_shot_001_000,pixel_mse,full,0.00069508
31,0.753669,d39560e57ccf0d56a57604dda32c01f1_shot_001_000,ssim,mouth,0.89046234
31,0.753669,d39560e57ccf0d56a57604dda32c01f1_shot_001_000,ssim,upper_face,0.95972610
31,0.753669,d39560e57ccf0d56a57604dda32c01f1_shot_001_000,ssim,full,0.93153596
31,0.753669,d39560e57ccf0d56a57604dda32c01f1_shot_001_000,lpips,mouth,0.09943651
31,0.753669,d39560e57ccf0d56a57604dda32c01f1_shot_001_000,lpips,full,0.06688163
31,0.753669,d39560e57ccf0d56a57604dda32c01f1_shot_001_000,sharpness,mouth,14.1628
31,0.753669,d39560e57ccf0d56a57604dda32c01f1_shot_001_000,lmd,mouth,3.735227
31,0.753669,d39560e57ccf0d56a57604dda32c01f1_shot_001_000,sync_d,mouth,5.890197
31,0.753669,d39560e57ccf0d56a57604dda32c01f1_shot_001_000,sync_c,mouth,10.413009
32,0.737402,d39560e57ccf0d56a57604dda32c01f1_shot_001_000,pixel_mse,mouth,0.00139818
32,0.737402,d39560e57ccf0d56a57604dda32c01f1_shot_001_000,pixel_mse,upper_face,0.00018494
32,0.737402,d39560e57ccf0d56a57604dda32c01f1_shot_001_000,pixel_mse,full,0.00067872
32,0.737402,d39560e57ccf0d56a57604dda32c01f1_shot_001_000,ssim,mouth,0.89143854
32,0.737402,d39560e57ccf0d56a57604dda32c01f1_shot_001_000,ssim,upper_face,0.95984131
32,0.737402,d39560e57ccf0d56a57604dda32c01f1_shot_001_000,ssim,full,0.93200159
32,0.737402,d39560e57ccf0d56a57604dda32c01f1_shot_001_000,lpips,mouth,0.09868847
32,0.737402,d39560e57ccf0d56a57604dda32c01f1_shot_001_000,lpips,full,0.06641790
32,0.737402,d39560e57ccf0d56a57604dda32c01f1_shot_001_000,sharpness,mouth,14.2126
32,0.737402,d39560e57ccf0d56a57604dda32c01f1_shot_001_000,lmd,mouth,3.701735
32,0.737402,d39560e57ccf0d56a57604dda32c01f1_shot_001_000,sync_d,mouth,5.961336
32,0.737402,d39560e57ccf0d56a57604dda32c01f1_shot_001_000,sync_c,mouth,10.474844
33,0.720034,d39560e57ccf0d56a57604dda32c01f1_shot_001_000,pixel_mse,mouth,0.00138517
33,0.720034,d39560e57ccf0d56a57604dda32c01f1_shot_001_000,pixel_mse,upper_face,0.00018213
33,0.720034,d39560e57ccf0d56a57604dda32c01f1_shot_001_000,pixel_mse,full,0.00067176
33,0.720034,d39560e57ccf0d56a57604dda32c01f1_shot_001_000,ssim,mouth,0.89164346
33,0.720034,d39560e57ccf0d56a57604dda32c01f1_shot_001_000,ssim,upper_face,0.96002436
33,0.720034,d39560e57ccf0d56a57604dda32c01f1_shot_001_000,ssim,full,0.93219352
33,0.720034,d39560e57ccf0d56a57604dda32c01f1_shot_001_000,lpips,mouth,0.09879987
33,0.720034,d39560e57ccf0d56a57604dda32c01f1_shot_001_000,lpips,full,0.06619544
33,0.720034,d39560e57ccf0d56a57604dda32c01f1_shot_001_000,sharpness,mouth,14.2072
33,0.720034,d39560e57ccf0d56a57604dda32c01f1_shot_001_000,lmd,mouth,3.619620
33,0.720034,d39560e57ccf0d56a57604dda32c01f1_shot_001_000,sync_d,mouth,5.909247
33,0.720034,d39560e57ccf0d56a57604dda32c01f1_shot_001_000,sync_c,mouth,10.429801
34,0.701446,d39560e57ccf0d56a57604dda32c01f1_shot_001_000,pixel_mse,mouth,0.00137583
34,0.701446,d39560e57ccf0d56a57604dda32c01f1_shot_001_000,pixel_mse,upper_face,0.00018132
34,0.701446,d39560e57ccf0d56a57604dda32c01f1_shot_001_000,pixel_mse,full,0.00066748
34,0.701446,d39560e57ccf0d56a57604dda32c01f1_shot_001_000,ssim,mouth,0.89204752
34,0.701446,d39560e57ccf0d56a57604dda32c01f1_shot_001_000,ssim,upper_face,0.96009523
34,0.701446,d39560e57ccf0d56a57604dda32c01f1_shot_001_000,ssim,full,0.93240011
34,0.701446,d39560e57ccf0d56a57604dda32c01f1_shot_001_000,lpips,mouth,0.09835332
34,0.701446,d39560e57ccf0d56a57604dda32c01f1_shot_001_000,lpips,full,0.06603631
34,0.701446,d39560e57ccf0d56a57604dda32c01f1_shot_001_000,sharpness,mouth,14.1896
34,0.701446,d39560e57ccf0d56a57604dda32c01f1_shot_001_000,lmd,mouth,3.613625
34,0.701446,d39560e57ccf0d56a57604dda32c01f1_shot_001_000,sync_d,mouth,5.942461
34,0.701446,d39560e57ccf0d56a57604dda32c01f1_shot_001_000,sync_c,mouth,10.425177
35,0.681508,d39560e57ccf0d56a57604dda32c01f1_shot_001_000,pixel_mse,mouth,0.00137044
35,0.681508,d39560e57ccf0d56a57604dda32c01f1_shot_001_000,pixel_mse,upper_face,0.00017907
35,0.681508,d39560e57ccf0d56a57604dda32c01f1_shot_001_000,pixel_mse,full,0.00066395
35,0.681508,d39560e57ccf0d56a57604dda32c01f1_shot_001_000,ssim,mouth,0.89207911
35,0.681508,d39560e57ccf0d56a57604dda32c01f1_shot_001_000,ssim,upper_face,0.96039975
35,0.681508,d39560e57ccf0d56a57604dda32c01f1_shot_001_000,ssim,full,0.93259346
35,0.681508,d39560e57ccf0d56a57604dda32c01f1_shot_001_000,lpips,mouth,0.09830925
35,0.681508,d39560e57ccf0d56a57604dda32c01f1_shot_001_000,lpips,full,0.06605357
35,0.681508,d39560e57ccf0d56a57604dda32c01f1_shot_001_000,sharpness,mouth,14.2288
35,0.681508,d39560e57ccf0d56a57604dda32c01f1_shot_001_000,lmd,mouth,3.516037
35,0.681508,d39560e57ccf0d56a57604dda32c01f1_shot_001_000,sync_d,mouth,5.943161
35,0.681508,d39560e57ccf0d56a57604dda32c01f1_shot_001_000,sync_c,mouth,10.444159
36,0.660066,d39560e57ccf0d56a57604dda32c01f1_shot_001_000,pixel_mse,mouth,0.00137767
36,0.660066,d39560e57ccf0d56a57604dda32c01f1_shot_001_000,pixel_mse,upper_face,0.00017875
36,0.660066,d39560e57ccf0d56a57604dda32c01f1_shot_001_000,pixel_mse,full,0.00066671
36,0.660066,d39560e57ccf0d56a57604dda32c01f1_shot_001_000,ssim,mouth,0.89236969
36,0.660066,d39560e57ccf0d56a57604dda32c01f1_shot_001_000,ssim,upper_face,0.96063006
36,0.660066,d39560e57ccf0d56a57604dda32c01f1_shot_001_000,ssim,full,0.93284816
36,0.660066,d39560e57ccf0d56a57604dda32c01f1_shot_001_000,lpips,mouth,0.09874668
36,0.660066,d39560e57ccf0d56a57604dda32c01f1_shot_001_000,lpips,full,0.06599652
36,0.660066,d39560e57ccf0d56a57604dda32c01f1_shot_001_000,sharpness,mouth,14.2856
36,0.660066,d39560e57ccf0d56a57604dda32c01f1_shot_001_000,lmd,mouth,3.536842
36,0.660066,d39560e57ccf0d56a57604dda32c01f1_shot_001_000,sync_d,mouth,5.965266
36,0.660066,d39560e57ccf0d56a57604dda32c01f1_shot_001_000,sync_c,mouth,10.380277
37,0.636942,d39560e57ccf0d56a57604dda32c01f1_shot_001_000,pixel_mse,mouth,0.00138280
37,0.636942,d39560e57ccf0d56a57604dda32c01f1_shot_001_000,pixel_mse,upper_face,0.00017464
37,0.636942,d39560e57ccf0d56a57604dda32c01f1_shot_001_000,pixel_mse,full,0.00066636
37,0.636942,d39560e57ccf0d56a57604dda32c01f1_shot_001_000,ssim,mouth,0.89205045
37,0.636942,d39560e57ccf0d56a57604dda32c01f1_shot_001_000,ssim,upper_face,0.96095467
37,0.636942,d39560e57ccf0d56a57604dda32c01f1_shot_001_000,ssim,full,0.93291086
37,0.636942,d39560e57ccf0d56a57604dda32c01f1_shot_001_000,lpips,mouth,0.09848300
37,0.636942,d39560e57ccf0d56a57604dda32c01f1_shot_001_000,lpips,full,0.06566729
37,0.636942,d39560e57ccf0d56a57604dda32c01f1_shot_001_000,sharpness,mouth,14.2530
37,0.636942,d39560e57ccf0d56a57604dda32c01f1_shot_001_000,lmd,mouth,3.565570
37,0.636942,d39560e57ccf0d56a57604dda32c01f1_shot_001_000,sync_d,mouth,5.990836
37,0.636942,d39560e57ccf0d56a57604dda32c01f1_shot_001_000,sync_c,mouth,10.411303
38,0.611932,d39560e57ccf0d56a57604dda32c01f1_shot_001_000,pixel_mse,mouth,0.00139346
38,0.611932,d39560e57ccf0d56a57604dda32c01f1_shot_001_000,pixel_mse,upper_face,0.00017328
38,0.611932,d39560e57ccf0d56a57604dda32c01f1_shot_001_000,pixel_mse,full,0.00066989
38,0.611932,d39560e57ccf0d56a57604dda32c01f1_shot_001_000,ssim,mouth,0.89178437
38,0.611932,d39560e57ccf0d56a57604dda32c01f1_shot_001_000,ssim,upper_face,0.96104330
38,0.611932,d39560e57ccf0d56a57604dda32c01f1_shot_001_000,ssim,full,0.93285513
38,0.611932,d39560e57ccf0d56a57604dda32c01f1_shot_001_000,lpips,mouth,0.09854475
38,0.611932,d39560e57ccf0d56a57604dda32c01f1_shot_001_000,lpips,full,0.06566963
38,0.611932,d39560e57ccf0d56a57604dda32c01f1_shot_001_000,sharpness,mouth,14.1524
38,0.611932,d39560e57ccf0d56a57604dda32c01f1_shot_001_000,lmd,mouth,3.595652
38,0.611932,d39560e57ccf0d56a57604dda32c01f1_shot_001_000,sync_d,mouth,6.004326
38,0.611932,d39560e57ccf0d56a57604dda32c01f1_shot_001_000,sync_c,mouth,10.386860
39,0.584795,d39560e57ccf0d56a57604dda32c01f1_shot_001_000,pixel_mse,mouth,0.00140539
39,0.584795,d39560e57ccf0d56a57604dda32c01f1_shot_001_000,pixel_mse,upper_face,0.00017169
39,0.584795,d39560e57ccf0d56a57604dda32c01f1_shot_001_000,pixel_mse,full,0.00067380
39,0.584795,d39560e57ccf0d56a57604dda32c01f1_shot_001_000,ssim,mouth,0.89149892
39,0.584795,d39560e57ccf0d56a57604dda32c01f1_shot_001_000,ssim,upper_face,0.96130157
39,0.584795,d39560e57ccf0d56a57604dda32c01f1_shot_001_000,ssim,full,0.93289202
39,0.584795,d39560e57ccf0d56a57604dda32c01f1_shot_001_000,lpips,mouth,0.09873024
39,0.584795,d39560e57ccf0d56a57604dda32c01f1_shot_001_000,lpips,full,0.06578277
39,0.584795,d39560e57ccf0d56a57604dda32c01f1_shot_001_000,sharpness,mouth,14.1760
39,0.584795,d39560e57ccf0d56a57604dda32c01f1_shot_001_000,lmd,mouth,3.554656
39,0.584795,d39560e57ccf0d56a57604dda32c01f1_shot_001_000,sync_d,mouth,6.132700
39,0.584795,d39560e57ccf0d56a57604dda32c01f1_shot_001_000,sync_c,mouth,10.202501
40,0.555247,d39560e57ccf0d56a57604dda32c01f1_shot_001_000,pixel_mse,mouth,0.00141814
40,0.555247,d39560e57ccf0d56a57604dda32c01f1_shot_001_000,pixel_mse,upper_face,0.00016958
40,0.555247,d39560e57ccf0d56a57604dda32c01f1_shot_001_000,pixel_mse,full,0.00067774
40,0.555247,d39560e57ccf0d56a57604dda32c01f1_shot_001_000,ssim,mouth,0.89095521
40,0.555247,d39560e57ccf0d56a57604dda32c01f1_shot_001_000,ssim,upper_face,0.96140862
40,0.555247,d39560e57ccf0d56a57604dda32c01f1_shot_001_000,ssim,full,0.93273425
40,0.555247,d39560e57ccf0d56a57604dda32c01f1_shot_001_000,lpips,mouth,0.09899423
40,0.555247,d39560e57ccf0d56a57604dda32c01f1_shot_001_000,lpips,full,0.06584864
40,0.555247,d39560e57ccf0d56a57604dda32c01f1_shot_001_000,sharpness,mouth,14.2067
40,0.555247,d39560e57ccf0d56a57604dda32c01f1_shot_001_000,lmd,mouth,3.619273
40,0.555247,d39560e57ccf0d56a57604dda32c01f1_shot_001_000,sync_d,mouth,6.056218
40,0.555247,d39560e57ccf0d56a57604dda32c01f1_shot_001_000,sync_c,mouth,10.338372
41,0.522951,d39560e57ccf0d56a57604dda32c01f1_shot_001_000,pixel_mse,mouth,0.00143171
41,0.522951,d39560e57ccf0d56a57604dda32c01f1_shot_001_000,pixel_mse,upper_face,0.00016891
41,0.522951,d39560e57ccf0d56a57604dda32c01f1_shot_001_000,pixel_mse,full,0.00068287
41,0.522951,d39560e57ccf0d56a57604dda32c01f1_shot_001_000,ssim,mouth,0.89031887
41,0.522951,d39560e57ccf0d56a57604dda32c01f1_shot_001_000,ssim,upper_face,0.96157867
41,0.522951,d39560e57ccf0d56a57604dda32c01f1_shot_001_000,ssim,full,0.93257612
41,0.522951,d39560e57ccf0d56a57604dda32c01f1_shot_001_000,lpips,mouth,0.09897565
41,0.522951,d39560e57ccf0d56a57604dda32c01f1_shot_001_000,lpips,full,0.06574611
41,0.522951,d39560e57ccf0d56a57604dda32c01f1_shot_001_000,sharpness,mouth,14.1907
41,0.522951,d39560e57ccf0d56a57604dda32c01f1_shot_001_000,lmd,mouth,3.573306
41,0.522951,d39560e57ccf0d56a57604dda32c01f1_shot_001_000,sync_d,mouth,6.176188
41,0.522951,d39560e57ccf0d56a57604dda32c01f1_shot_001_000,sync_c,mouth,10.153475
42,0.487507,d39560e57ccf0d56a57604dda32c01f1_shot_001_000,pixel_mse,mouth,0.00145152
42,0.487507,d39560e57ccf0d56a57604dda32c01f1_shot_001_000,pixel_mse,upper_face,0.00016749
42,0.487507,d39560e57ccf0d56a57604dda32c01f1_shot_001_000,pixel_mse,full,0.00069009
42,0.487507,d39560e57ccf0d56a57604dda32c01f1_shot_001_000,ssim,mouth,0.88934392
42,0.487507,d39560e57ccf0d56a57604dda32c01f1_shot_001_000,ssim,upper_face,0.96182013
42,0.487507,d39560e57ccf0d56a57604dda32c01f1_shot_001_000,ssim,full,0.93232244
42,0.487507,d39560e57ccf0d56a57604dda32c01f1_shot_001_000,lpips,mouth,0.09938668
42,0.487507,d39560e57ccf0d56a57604dda32c01f1_shot_001_000,lpips,full,0.06598702
42,0.487507,d39560e57ccf0d56a57604dda32c01f1_shot_001_000,sharpness,mouth,14.1335
42,0.487507,d39560e57ccf0d56a57604dda32c01f1_shot_001_000,lmd,mouth,3.602415
42,0.487507,d39560e57ccf0d56a57604dda32c01f1_shot_001_000,sync_d,mouth,6.145961
42,0.487507,d39560e57ccf0d56a57604dda32c01f1_shot_001_000,sync_c,mouth,10.201953
43,0.448430,d39560e57ccf0d56a57604dda32c01f1_shot_001_000,pixel_mse,mouth,0.00146615
43,0.448430,d39560e57ccf0d56a57604dda32c01f1_shot_001_000,pixel_mse,upper_face,0.00016646
43,0.448430,d39560e57ccf0d56a57604dda32c01f1_shot_001_000,pixel_mse,full,0.00069543
43,0.448430,d39560e57ccf0d56a57604dda32c01f1_shot_001_000,ssim,mouth,0.88836426
43,0.448430,d39560e57ccf0d56a57604dda32c01f1_shot_001_000,ssim,upper_face,0.96189243
43,0.448430,d39560e57ccf0d56a57604dda32c01f1_shot_001_000,ssim,full,0.93196654
43,0.448430,d39560e57ccf0d56a57604dda32c01f1_shot_001_000,lpips,mouth,0.09979071
43,0.448430,d39560e57ccf0d56a57604dda32c01f1_shot_001_000,lpips,full,0.06594007
43,0.448430,d39560e57ccf0d56a57604dda32c01f1_shot_001_000,sharpness,mouth,14.1243
43,0.448430,d39560e57ccf0d56a57604dda32c01f1_shot_001_000,lmd,mouth,3.642266
43,0.448430,d39560e57ccf0d56a57604dda32c01f1_shot_001_000,sync_d,mouth,6.127927
43,0.448430,d39560e57ccf0d56a57604dda32c01f1_shot_001_000,sync_c,mouth,10.228745
44,0.405131,d39560e57ccf0d56a57604dda32c01f1_shot_001_000,pixel_mse,mouth,0.00148197
44,0.405131,d39560e57ccf0d56a57604dda32c01f1_shot_001_000,pixel_mse,upper_face,0.00016645
44,0.405131,d39560e57ccf0d56a57604dda32c01f1_shot_001_000,pixel_mse,full,0.00070187
44,0.405131,d39560e57ccf0d56a57604dda32c01f1_shot_001_000,ssim,mouth,0.88736582
44,0.405131,d39560e57ccf0d56a57604dda32c01f1_shot_001_000,ssim,upper_face,0.96205515
44,0.405131,d39560e57ccf0d56a57604dda32c01f1_shot_001_000,ssim,full,0.93165684
44,0.405131,d39560e57ccf0d56a57604dda32c01f1_shot_001_000,lpips,mouth,0.09996248
44,0.405131,d39560e57ccf0d56a57604dda32c01f1_shot_001_000,lpips,full,0.06615255
44,0.405131,d39560e57ccf0d56a57604dda32c01f1_shot_001_000,sharpness,mouth,14.1066
44,0.405131,d39560e57ccf0d56a57604dda32c01f1_shot_001_000,lmd,mouth,3.658969
44,0.405131,d39560e57ccf0d56a57604dda32c01f1_shot_001_000,sync_d,mouth,6.117918
44,0.405131,d39560e57ccf0d56a57604dda32c01f1_shot_001_000,sync_c,mouth,10.217892
45,0.356888,d39560e57ccf0d56a57604dda32c01f1_shot_001_000,pixel_mse,mouth,0.00150429
45,0.356888,d39560e57ccf0d56a57604dda32c01f1_shot_001_000,pixel_mse,upper_face,0.00016610
45,0.356888,d39560e57ccf0d56a57604dda32c01f1_shot_001_000,pixel_mse,full,0.00071074
45,0.356888,d39560e57ccf0d56a57604dda32c01f1_shot_001_000,ssim,mouth,0.88614529
45,0.356888,d39560e57ccf0d56a57604dda32c01f1_shot_001_000,ssim,upper_face,0.96213365
45,0.356888,d39560e57ccf0d56a57604dda32c01f1_shot_001_000,ssim,full,0.93120670
45,0.356888,d39560e57ccf0d56a57604dda32c01f1_shot_001_000,lpips,mouth,0.10047016
45,0.356888,d39560e57ccf0d56a57604dda32c01f1_shot_001_000,lpips,full,0.06628200
45,0.356888,d39560e57ccf0d56a57604dda32c01f1_shot_001_000,sharpness,mouth,14.1030
45,0.356888,d39560e57ccf0d56a57604dda32c01f1_shot_001_000,lmd,mouth,3.620382
45,0.356888,d39560e57ccf0d56a57604dda32c01f1_shot_001_000,sync_d,mouth,6.065007
45,0.356888,d39560e57ccf0d56a57604dda32c01f1_shot_001_000,sync_c,mouth,10.221121
46,0.302801,d39560e57ccf0d56a57604dda32c01f1_shot_001_000,pixel_mse,mouth,0.00152527
46,0.302801,d39560e57ccf0d56a57604dda32c01f1_shot_001_000,pixel_mse,upper_face,0.00016600
46,0.302801,d39560e57ccf0d56a57604dda32c01f1_shot_001_000,pixel_mse,full,0.00071922
46,0.302801,d39560e57ccf0d56a57604dda32c01f1_shot_001_000,ssim,mouth,0.88466966
46,0.302801,d39560e57ccf0d56a57604dda32c01f1_shot_001_000,ssim,upper_face,0.96221399
46,0.302801,d39560e57ccf0d56a57604dda32c01f1_shot_001_000,ssim,full,0.93065363
46,0.302801,d39560e57ccf0d56a57604dda32c01f1_shot_001_000,lpips,mouth,0.10057171
46,0.302801,d39560e57ccf0d56a57604dda32c01f1_shot_001_000,lpips,full,0.06629346
46,0.302801,d39560e57ccf0d56a57604dda32c01f1_shot_001_000,sharpness,mouth,14.0478
46,0.302801,d39560e57ccf0d56a57604dda32c01f1_shot_001_000,lmd,mouth,3.671979
46,0.302801,d39560e57ccf0d56a57604dda32c01f1_shot_001_000,sync_d,mouth,6.144366
46,0.302801,d39560e57ccf0d56a57604dda32c01f1_shot_001_000,sync_c,mouth,10.144359
47,0.241740,d39560e57ccf0d56a57604dda32c01f1_shot_001_000,pixel_mse,mouth,0.00154557
47,0.241740,d39560e57ccf0d56a57604dda32c01f1_shot_001_000,pixel_mse,upper_face,0.00016864
47,0.241740,d39560e57ccf0d56a57604dda32c01f1_shot_001_000,pixel_mse,full,0.00072905
47,0.241740,d39560e57ccf0d56a57604dda32c01f1_shot_001_000,ssim,mouth,0.88299805
47,0.241740,d39560e57ccf0d56a57604dda32c01f1_shot_001_000,ssim,upper_face,0.96202880
47,0.241740,d39560e57ccf0d56a57604dda32c01f1_shot_001_000,ssim,full,0.92986351
47,0.241740,d39560e57ccf0d56a57604dda32c01f1_shot_001_000,lpips,mouth,0.10128120
47,0.241740,d39560e57ccf0d56a57604dda32c01f1_shot_001_000,lpips,full,0.06670290
47,0.241740,d39560e57ccf0d56a57604dda32c01f1_shot_001_000,sharpness,mouth,14.0058
47,0.241740,d39560e57ccf0d56a57604dda32c01f1_shot_001_000,lmd,mouth,3.620926
47,0.241740,d39560e57ccf0d56a57604dda32c01f1_shot_001_000,sync_d,mouth,6.158923
47,0.241740,d39560e57ccf0d56a57604dda32c01f1_shot_001_000,sync_c,mouth,10.130774
48,0.172265,d39560e57ccf0d56a57604dda32c01f1_shot_001_000,pixel_mse,mouth,0.00156993
48,0.172265,d39560e57ccf0d56a57604dda32c01f1_shot_001_000,pixel_mse,upper_face,0.00017210
48,0.172265,d39560e57ccf0d56a57604dda32c01f1_shot_001_000,pixel_mse,full,0.00074102
48,0.172265,d39560e57ccf0d56a57604dda32c01f1_shot_001_000,ssim,mouth,0.88100886
48,0.172265,d39560e57ccf0d56a57604dda32c01f1_shot_001_000,ssim,upper_face,0.96169490
48,0.172265,d39560e57ccf0d56a57604dda32c01f1_shot_001_000,ssim,full,0.92885578
48,0.172265,d39560e57ccf0d56a57604dda32c01f1_shot_001_000,lpips,mouth,0.10171002
48,0.172265,d39560e57ccf0d56a57604dda32c01f1_shot_001_000,lpips,full,0.06691735
48,0.172265,d39560e57ccf0d56a57604dda32c01f1_shot_001_000,sharpness,mouth,13.9344
48,0.172265,d39560e57ccf0d56a57604dda32c01f1_shot_001_000,lmd,mouth,3.665334
48,0.172265,d39560e57ccf0d56a57604dda32c01f1_shot_001_000,sync_d,mouth,6.123321
48,0.172265,d39560e57ccf0d56a57604dda32c01f1_shot_001_000,sync_c,mouth,10.219676
49,0.092507,d39560e57ccf0d56a57604dda32c01f1_shot_001_000,pixel_mse,mouth,0.00159302
49,0.092507,d39560e57ccf0d56a57604dda32c01f1_shot_001_000,pixel_mse,upper_face,0.00018022
49,0.092507,d39560e57ccf0d56a57604dda32c01f1_shot_001_000,pixel_mse,full,0.00075522
49,0.092507,d39560e57ccf0d56a57604dda32c01f1_shot_001_000,ssim,mouth,0.87876600
49,0.092507,d39560e57ccf0d56a57604dda32c01f1_shot_001_000,ssim,upper_face,0.96098989
49,0.092507,d39560e57ccf0d56a57604dda32c01f1_shot_001_000,ssim,full,0.92752498
49,0.092507,d39560e57ccf0d56a57604dda32c01f1_shot_001_000,lpips,mouth,0.10244982
49,0.092507,d39560e57ccf0d56a57604dda32c01f1_shot_001_000,lpips,full,0.06741494
49,0.092507,d39560e57ccf0d56a57604dda32c01f1_shot_001_000,sharpness,mouth,13.8856
49,0.092507,d39560e57ccf0d56a57604dda32c01f1_shot_001_000,lmd,mouth,3.716582
49,0.092507,d39560e57ccf0d56a57604dda32c01f1_shot_001_000,sync_d,mouth,6.085387
49,0.092507,d39560e57ccf0d56a57604dda32c01f1_shot_001_000,sync_c,mouth,10.247168
-1,gt,eb79a85e6b928add93a5fbf5168af5ac_shot_001_000,sharpness,mouth,17.3796
-1,gt,eb79a85e6b928add93a5fbf5168af5ac_shot_001_000,sync_d,mouth,9.633518
-1,gt,eb79a85e6b928add93a5fbf5168af5ac_shot_001_000,sync_c,mouth,5.051971
0,0.999000,eb79a85e6b928add93a5fbf5168af5ac_shot_001_000,pixel_mse,mouth,0.00124452
0,0.999000,eb79a85e6b928add93a5fbf5168af5ac_shot_001_000,pixel_mse,upper_face,0.00017491
0,0.999000,eb79a85e6b928add93a5fbf5168af5ac_shot_001_000,pixel_mse,full,0.00061024
0,0.999000,eb79a85e6b928add93a5fbf5168af5ac_shot_001_000,ssim,mouth,0.89573300
0,0.999000,eb79a85e6b928add93a5fbf5168af5ac_shot_001_000,ssim,upper_face,0.96465629
0,0.999000,eb79a85e6b928add93a5fbf5168af5ac_shot_001_000,ssim,full,0.93660462
0,0.999000,eb79a85e6b928add93a5fbf5168af5ac_shot_001_000,lpips,mouth,0.14948481
0,0.999000,eb79a85e6b928add93a5fbf5168af5ac_shot_001_000,lpips,full,0.09306826
0,0.999000,eb79a85e6b928add93a5fbf5168af5ac_shot_001_000,sharpness,mouth,17.1418
0,0.999000,eb79a85e6b928add93a5fbf5168af5ac_shot_001_000,lmd,mouth,2.351552
0,0.999000,eb79a85e6b928add93a5fbf5168af5ac_shot_001_000,sync_d,mouth,10.414419
0,0.999000,eb79a85e6b928add93a5fbf5168af5ac_shot_001_000,sync_c,mouth,4.790436
1,0.995732,eb79a85e6b928add93a5fbf5168af5ac_shot_001_000,pixel_mse,mouth,0.00124900
1,0.995732,eb79a85e6b928add93a5fbf5168af5ac_shot_001_000,pixel_mse,upper_face,0.00016880
1,0.995732,eb79a85e6b928add93a5fbf5168af5ac_shot_001_000,pixel_mse,full,0.00060844
1,0.995732,eb79a85e6b928add93a5fbf5168af5ac_shot_001_000,ssim,mouth,0.89567894
1,0.995732,eb79a85e6b928add93a5fbf5168af5ac_shot_001_000,ssim,upper_face,0.96501112
1,0.995732,eb79a85e6b928add93a5fbf5168af5ac_shot_001_000,ssim,full,0.93679321
1,0.995732,eb79a85e6b928add93a5fbf5168af5ac_shot_001_000,lpips,mouth,0.14797151
1,0.995732,eb79a85e6b928add93a5fbf5168af5ac_shot_001_000,lpips,full,0.09208220
1,0.995732,eb79a85e6b928add93a5fbf5168af5ac_shot_001_000,sharpness,mouth,17.0358
1,0.995732,eb79a85e6b928add93a5fbf5168af5ac_shot_001_000,lmd,mouth,2.370184
1,0.995732,eb79a85e6b928add93a5fbf5168af5ac_shot_001_000,sync_d,mouth,10.563379
1,0.995732,eb79a85e6b928add93a5fbf5168af5ac_shot_001_000,sync_c,mouth,4.755044
2,0.991530,eb79a85e6b928add93a5fbf5168af5ac_shot_001_000,pixel_mse,mouth,0.00122032
2,0.991530,eb79a85e6b928add93a5fbf5168af5ac_shot_001_000,pixel_mse,upper_face,0.00015492
2,0.991530,eb79a85e6b928add93a5fbf5168af5ac_shot_001_000,pixel_mse,full,0.00058854
2,0.991530,eb79a85e6b928add93a5fbf5168af5ac_shot_001_000,ssim,mouth,0.89648503
2,0.991530,eb79a85e6b928add93a5fbf5168af5ac_shot_001_000,ssim,upper_face,0.96624881
2,0.991530,eb79a85e6b928add93a5fbf5168af5ac_shot_001_000,ssim,full,0.93785512
2,0.991530,eb79a85e6b928add93a5fbf5168af5ac_shot_001_000,lpips,mouth,0.14429171
2,0.991530,eb79a85e6b928add93a5fbf5168af5ac_shot_001_000,lpips,full,0.08965174
2,0.991530,eb79a85e6b928add93a5fbf5168af5ac_shot_001_000,sharpness,mouth,16.9186
2,0.991530,eb79a85e6b928add93a5fbf5168af5ac_shot_001_000,lmd,mouth,2.375544
2,0.991530,eb79a85e6b928add93a5fbf5168af5ac_shot_001_000,sync_d,mouth,10.631032
2,0.991530,eb79a85e6b928add93a5fbf5168af5ac_shot_001_000,sync_c,mouth,4.641325
3,0.987187,eb79a85e6b928add93a5fbf5168af5ac_shot_001_000,pixel_mse,mouth,0.00120432
3,0.987187,eb79a85e6b928add93a5fbf5168af5ac_shot_001_000,pixel_mse,upper_face,0.00014279
3,0.987187,eb79a85e6b928add93a5fbf5168af5ac_shot_001_000,pixel_mse,full,0.00057483
3,0.987187,eb79a85e6b928add93a5fbf5168af5ac_shot_001_000,ssim,mouth,0.89711452
3,0.987187,eb79a85e6b928add93a5fbf5168af5ac_shot_001_000,ssim,upper_face,0.96731311
3,0.987187,eb79a85e6b928add93a5fbf5168af5ac_shot_001_000,ssim,full,0.93874246
3,0.987187,eb79a85e6b928add93a5fbf5168af5ac_shot_001_000,lpips,mouth,0.14221621
3,0.987187,eb79a85e6b928add93a5fbf5168af5ac_shot_001_000,lpips,full,0.08767730
3,0.987187,eb79a85e6b928add93a5fbf5168af5ac_shot_001_000,sharpness,mouth,16.8016
3,0.987187,eb79a85e6b928add93a5fbf5168af5ac_shot_001_000,lmd,mouth,2.414084
3,0.987187,eb79a85e6b928add93a5fbf5168af5ac_shot_001_000,sync_d,mouth,10.520915
3,0.987187,eb79a85e6b928add93a5fbf5168af5ac_shot_001_000,sync_c,mouth,4.838223
4,0.982696,eb79a85e6b928add93a5fbf5168af5ac_shot_001_000,pixel_mse,mouth,0.00117911
4,0.982696,eb79a85e6b928add93a5fbf5168af5ac_shot_001_000,pixel_mse,upper_face,0.00013394
4,0.982696,eb79a85e6b928add93a5fbf5168af5ac_shot_001_000,pixel_mse,full,0.00055932
4,0.982696,eb79a85e6b928add93a5fbf5168af5ac_shot_001_000,ssim,mouth,0.89739841
4,0.982696,eb79a85e6b928add93a5fbf5168af5ac_shot_001_000,ssim,upper_face,0.96805781
4,0.982696,eb79a85e6b928add93a5fbf5168af5ac_shot_001_000,ssim,full,0.93929958
4,0.982696,eb79a85e6b928add93a5fbf5168af5ac_shot_001_000,lpips,mouth,0.14153282
4,0.982696,eb79a85e6b928add93a5fbf5168af5ac_shot_001_000,lpips,full,0.08684705
4,0.982696,eb79a85e6b928add93a5fbf5168af5ac_shot_001_000,sharpness,mouth,16.7471
4,0.982696,eb79a85e6b928add93a5fbf5168af5ac_shot_001_000,lmd,mouth,2.464828
4,0.982696,eb79a85e6b928add93a5fbf5168af5ac_shot_001_000,sync_d,mouth,10.443508
4,0.982696,eb79a85e6b928add93a5fbf5168af5ac_shot_001_000,sync_c,mouth,4.955750
5,0.978048,eb79a85e6b928add93a5fbf5168af5ac_shot_001_000,pixel_mse,mouth,0.00115771
5,0.978048,eb79a85e6b928add93a5fbf5168af5ac_shot_001_000,pixel_mse,upper_face,0.00013033
5,0.978048,eb79a85e6b928add93a5fbf5168af5ac_shot_001_000,pixel_mse,full,0.00054847
5,0.978048,eb79a85e6b928add93a5fbf5168af5ac_shot_001_000,ssim,mouth,0.89771742
5,0.978048,eb79a85e6b928add93a5fbf5168af5ac_shot_001_000,ssim,upper_face,0.96851248
5,0.978048,eb79a85e6b928add93a5fbf5168af5ac_shot_001_000,ssim,full,0.93969917
5,0.978048,eb79a85e6b928add93a5fbf5168af5ac_shot_001_000,lpips,mouth,0.13975900
5,0.978048,eb79a85e6b928add93a5fbf5168af5ac_shot_001_000,lpips,full,0.08591098
5,0.978048,eb79a85e6b928add93a5fbf5168af5ac_shot_001_000,sharpness,mouth,16.6184
5,0.978048,eb79a85e6b928add93a5fbf5168af5ac_shot_001_000,lmd,mouth,2.407990
5,0.978048,eb79a85e6b928add93a5fbf5168af5ac_shot_001_000,sync_d,mouth,10.529536
5,0.978048,eb79a85e6b928add93a5fbf5168af5ac_shot_001_000,sync_c,mouth,4.821771
6,0.973236,eb79a85e6b928add93a5fbf5168af5ac_shot_001_000,pixel_mse,mouth,0.00116692
6,0.973236,eb79a85e6b928add93a5fbf5168af5ac_shot_001_000,pixel_mse,upper_face,0.00012586
6,0.973236,eb79a85e6b928add93a5fbf5168af5ac_shot_001_000,pixel_mse,full,0.00054957
6,0.973236,eb79a85e6b928add93a5fbf5168af5ac_shot_001_000,ssim,mouth,0.89745998
6,0.973236,eb79a85e6b928add93a5fbf5168af5ac_shot_001_000,ssim,upper_face,0.96900815
6,0.973236,eb79a85e6b928add93a5fbf5168af5ac_shot_001_000,ssim,full,0.93988830
6,0.973236,eb79a85e6b928add93a5fbf5168af5ac_shot_001_000,lpips,mouth,0.13762903
6,0.973236,eb79a85e6b928add93a5fbf5168af5ac_shot_001_000,lpips,full,0.08434448
6,0.973236,eb79a85e6b928add93a5fbf5168af5ac_shot_001_000,sharpness,mouth,16.5476
6,0.973236,eb79a85e6b928add93a5fbf5168af5ac_shot_001_000,lmd,mouth,2.418739
6,0.973236,eb79a85e6b928add93a5fbf5168af5ac_shot_001_000,sync_d,mouth,10.631548
6,0.973236,eb79a85e6b928add93a5fbf5168af5ac_shot_001_000,sync_c,mouth,4.693783
7,0.968250,eb79a85e6b928add93a5fbf5168af5ac_shot_001_000,pixel_mse,mouth,0.00115760
7,0.968250,eb79a85e6b928add93a5fbf5168af5ac_shot_001_000,pixel_mse,upper_face,0.00012203
7,0.968250,eb79a85e6b928add93a5fbf5168af5ac_shot_001_000,pixel_mse,full,0.00054350
7,0.968250,eb79a85e6b928add93a5fbf5168af5ac_shot_001_000,ssim,mouth,0.89771515
7,0.968250,eb79a85e6b928add93a5fbf5168af5ac_shot_001_000,ssim,upper_face,0.96938288
7,0.968250,eb79a85e6b928add93a5fbf5168af5ac_shot_001_000,ssim,full,0.94021416
7,0.968250,eb79a85e6b928add93a5fbf5168af5ac_shot_001_000,lpips,mouth,0.13646406
7,0.968250,eb79a85e6b928add93a5fbf5168af5ac_shot_001_000,lpips,full,0.08353204
7,0.968250,eb79a85e6b928add93a5fbf5168af5ac_shot_001_000,sharpness,mouth,16.4631
7,0.968250,eb79a85e6b928add93a5fbf5168af5ac_shot_001_000,lmd,mouth,2.448997
7,0.968250,eb79a85e6b928add93a5fbf5168af5ac_shot_001_000,sync_d,mouth,10.512695
7,0.968250,eb79a85e6b928add93a5fbf5168af5ac_shot_001_000,sync_c,mouth,5.008851
8,0.963082,eb79a85e6b928add93a5fbf5168af5ac_shot_001_000,pixel_mse,mouth,0.00116230
8,0.963082,eb79a85e6b928add93a5fbf5168af5ac_shot_001_000,pixel_mse,upper_face,0.00011938
8,0.963082,eb79a85e6b928add93a5fbf5168af5ac_shot_001_000,pixel_mse,full,0.00054385
8,0.963082,eb79a85e6b928add93a5fbf5168af5ac_shot_001_000,ssim,mouth,0.89771396
8,0.963082,eb79a85e6b928add93a5fbf5168af5ac_shot_001_000,ssim,upper_face,0.96965402
8,0.963082,eb79a85e6b928add93a5fbf5168af5ac_shot_001_000,ssim,full,0.94037461
8,0.963082,eb79a85e6b928add93a5fbf5168af5ac_shot_001_000,lpips,mouth,0.13470300
8,0.963082,eb79a85e6b928add93a5fbf5168af5ac_shot_001_000,lpips,full,0.08249189
8,0.963082,eb79a85e6b928add93a5fbf5168af5ac_shot_001_000,sharpness,mouth,16.4161
8,0.963082,eb79a85e6b928add93a5fbf5168af5ac_shot_001_000,lmd,mouth,2.445104
8,0.963082,eb79a85e6b928add93a5fbf5168af5ac_shot_001_000,sync_d,mouth,10.603758
8,0.963082,eb79a85e6b928add93a5fbf5168af5ac_shot_001_000,sync_c,mouth,4.918630
9,0.957720,eb79a85e6b928add93a5fbf5168af5ac_shot_001_000,pixel_mse,mouth,0.00116148
9,0.957720,eb79a85e6b928add93a5fbf5168af5ac_shot_001_000,pixel_mse,upper_face,0.00011739
9,0.957720,eb79a85e6b928add93a5fbf5168af5ac_shot_001_000,pixel_mse,full,0.00054233
9,0.957720,eb79a85e6b928add93a5fbf5168af5ac_shot_001_000,ssim,mouth,0.89795631
9,0.957720,eb79a85e6b928add93a5fbf5168af5ac_shot_001_000,ssim,upper_face,0.96996516
9,0.957720,eb79a85e6b928add93a5fbf5168af5ac_shot_001_000,ssim,full,0.94065773
9,0.957720,eb79a85e6b928add93a5fbf5168af5ac_shot_001_000,lpips,mouth,0.13386799
9,0.957720,eb79a85e6b928add93a5fbf5168af5ac_shot_001_000,lpips,full,0.08188987
9,0.957720,eb79a85e6b928add93a5fbf5168af5ac_shot_001_000,sharpness,mouth,16.3979
9,0.957720,eb79a85e6b928add93a5fbf5168af5ac_shot_001_000,lmd,mouth,2.452495
9,0.957720,eb79a85e6b928add93a5fbf5168af5ac_shot_001_000,sync_d,mouth,10.618709
9,0.957720,eb79a85e6b928add93a5fbf5168af5ac_shot_001_000,sync_c,mouth,4.844359
10,0.952154,eb79a85e6b928add93a5fbf5168af5ac_shot_001_000,pixel_mse,mouth,0.00116696
10,0.952154,eb79a85e6b928add93a5fbf5168af5ac_shot_001_000,pixel_mse,upper_face,0.00011714
10,0.952154,eb79a85e6b928add93a5fbf5168af5ac_shot_001_000,pixel_mse,full,0.00054442
10,0.952154,eb79a85e6b928add93a5fbf5168af5ac_shot_001_000,ssim,mouth,0.89796168
10,0.952154,eb79a85e6b928add93a5fbf5168af5ac_shot_001_000,ssim,upper_face,0.97012413
10,0.952154,eb79a85e6b928add93a5fbf5168af5ac_shot_001_000,ssim,full,0.94075418
10,0.952154,eb79a85e6b928add93a5fbf5168af5ac_shot_001_000,lpips,mouth,0.13286974
10,0.952154,eb79a85e6b928add93a5fbf5168af5ac_shot_001_000,lpips,full,0.08131064
10,0.952154,eb79a85e6b928add93a5fbf5168af5ac_shot_001_000,sharpness,mouth,16.3626
10,0.952154,eb79a85e6b928add93a5fbf5168af5ac_shot_001_000,lmd,mouth,2.435397
10,0.952154,eb79a85e6b928add93a5fbf5168af5ac_shot_001_000,sync_d,mouth,10.524853
10,0.952154,eb79a85e6b928add93a5fbf5168af5ac_shot_001_000,sync_c,mouth,4.924371
11,0.946372,eb79a85e6b928add93a5fbf5168af5ac_shot_001_000,pixel_mse,mouth,0.00116073
11,0.946372,eb79a85e6b928add93a5fbf5168af5ac_shot_001_000,pixel_mse,upper_face,0.00011513
11,0.946372,eb79a85e6b928add93a5fbf5168af5ac_shot_001_000,pixel_mse,full,0.00054069
11,0.946372,eb79a85e6b928add93a5fbf5168af5ac_shot_001_000,ssim,mouth,0.89810491
11,0.946372,eb79a85e6b928add93a5fbf5168af5ac_shot_001_000,ssim,upper_face,0.97030067
11,0.946372,eb79a85e6b928add93a5fbf5168af5ac_shot_001_000,ssim,full,0.94091719
11,0.946372,eb79a85e6b928add93a5fbf5168af5ac_shot_001_000,lpips,mouth,0.13165699
11,0.946372,eb79a85e6b928add93a5fbf5168af5ac_shot_001_000,lpips,full,0.08053400
11,0.946372,eb79a85e6b928add93a5fbf5168af5ac_shot_001_000,sharpness,mouth,16.3453
11,0.946372,eb79a85e6b928add93a5fbf5168af5ac_shot_001_000,lmd,mouth,2.436322
11,0.946372,eb79a85e6b928add93a5fbf5168af5ac_shot_001_000,sync_d,mouth,10.657696
11,0.946372,eb79a85e6b928add93a5fbf5168af5ac_shot_001_000,sync_c,mouth,4.865555
12,0.940361,eb79a85e6b928add93a5fbf5168af5ac_shot_001_000,pixel_mse,mouth,0.00115559
12,0.940361,eb79a85e6b928add93a5fbf5168af5ac_shot_001_000,pixel_mse,upper_face,0.00011464
12,0.940361,eb79a85e6b928add93a5fbf5168af5ac_shot_001_000,pixel_mse,full,0.00053831
12,0.940361,eb79a85e6b928add93a5fbf5168af5ac_shot_001_000,ssim,mouth,0.89828837
12,0.940361,eb79a85e6b928add93a5fbf5168af5ac_shot_001_000,ssim,upper_face,0.97038573
12,0.940361,eb79a85e6b928add93a5fbf5168af5ac_shot_001_000,ssim,full,0.94104242
12,0.940361,eb79a85e6b928add93a5fbf5168af5ac_shot_001_000,lpips,mouth,0.13074090
12,0.940361,eb79a85e6b928add93a5fbf5168af5ac_shot_001_000,lpips,full,0.08011449
12,0.940361,eb79a85e6b928add93a5fbf5168af5ac_shot_001_000,sharpness,mouth,16.3218
12,0.940361,eb79a85e6b928add93a5fbf5168af5ac_shot_001_000,lmd,mouth,2.403373
12,0.940361,eb79a85e6b928add93a5fbf5168af5ac_shot_001_000,sync_d,mouth,10.607365
12,0.940361,eb79a85e6b928add93a5fbf5168af5ac_shot_001_000,sync_c,mouth,4.807668
13,0.934107,eb79a85e6b928add93a5fbf5168af5ac_shot_001_000,pixel_mse,mouth,0.00116091
13,0.934107,eb79a85e6b928add93a5fbf5168af5ac_shot_001_000,pixel_mse,upper_face,0.00011226
13,0.934107,eb79a85e6b928add93a5fbf5168af5ac_shot_001_000,pixel_mse,full,0.00053905
13,0.934107,eb79a85e6b928add93a5fbf5168af5ac_shot_001_000,ssim,mouth,0.89828670
13,0.934107,eb79a85e6b928add93a5fbf5168af5ac_shot_001_000,ssim,upper_face,0.97061753
13,0.934107,eb79a85e6b928add93a5fbf5168af5ac_shot_001_000,ssim,full,0.94117904
13,0.934107,eb79a85e6b928add93a5fbf5168af5ac_shot_001_000,lpips,mouth,0.13007514
13,0.934107,eb79a85e6b928add93a5fbf5168af5ac_shot_001_000,lpips,full,0.07942729
13,0.934107,eb79a85e6b928add93a5fbf5168af5ac_shot_001_000,sharpness,mouth,16.2969
13,0.934107,eb79a85e6b928add93a5fbf5168af5ac_shot_001_000,lmd,mouth,2.441139
13,0.934107,eb79a85e6b928add93a5fbf5168af5ac_shot_001_000,sync_d,mouth,10.536392
13,0.934107,eb79a85e6b928add93a5fbf5168af5ac_shot_001_000,sync_c,mouth,4.925530
14,0.927596,eb79a85e6b928add93a5fbf5168af5ac_shot_001_000,pixel_mse,mouth,0.00115978
14,0.927596,eb79a85e6b928add93a5fbf5168af5ac_shot_001_000,pixel_mse,upper_face,0.00010997
14,0.927596,eb79a85e6b928add93a5fbf5168af5ac_shot_001_000,pixel_mse,full,0.00053724
14,0.927596,eb79a85e6b928add93a5fbf5168af5ac_shot_001_000,ssim,mouth,0.89837193
14,0.927596,eb79a85e6b928add93a5fbf5168af5ac_shot_001_000,ssim,upper_face,0.97084659
14,0.927596,eb79a85e6b928add93a5fbf5168af5ac_shot_001_000,ssim,full,0.94134963
14,0.927596,eb79a85e6b928add93a5fbf5168af5ac_shot_001_000,lpips,mouth,0.12892793
14,0.927596,eb79a85e6b928add93a5fbf5168af5ac_shot_001_000,lpips,full,0.07881057
14,0.927596,eb79a85e6b928add93a5fbf5168af5ac_shot_001_000,sharpness,mouth,16.2713
14,0.927596,eb79a85e6b928add93a5fbf5168af5ac_shot_001_000,lmd,mouth,2.500517
14,0.927596,eb79a85e6b928add93a5fbf5168af5ac_shot_001_000,sync_d,mouth,10.499368
14,0.927596,eb79a85e6b928add93a5fbf5168af5ac_shot_001_000,sync_c,mouth,4.873956
15,0.920810,eb79a85e6b928add93a5fbf5168af5ac_shot_001_000,pixel_mse,mouth,0.00115797
15,0.920810,eb79a85e6b928add93a5fbf5168af5ac_shot_001_000,pixel_mse,upper_face,0.00010844
15,0.920810,eb79a85e6b928add93a5fbf5168af5ac_shot_001_000,pixel_mse,full,0.00053560
15,0.920810,eb79a85e6b928add93a5fbf5168af5ac_shot_001_000,ssim,mouth,0.89850897
15,0.920810,eb79a85e6b928add93a5fbf5168af5ac_shot_001_000,ssim,upper_face,0.97098511
15,0.920810,eb79a85e6b928add93a5fbf5168af5ac_shot_001_000,ssim,full,0.94148743
15,0.920810,eb79a85e6b928add93a5fbf5168af5ac_shot_001_000,lpips,mouth,0.12755391
15,0.920810,eb79a85e6b928add93a5fbf5168af5ac_shot_001_000,lpips,full,0.07796331
15,0.920810,eb79a85e6b928add93a5fbf5168af5ac_shot_001_000,sharpness,mouth,16.2510
15,0.920810,eb79a85e6b928add93a5fbf5168af5ac_shot_001_000,lmd,mouth,2.435940
15,0.920810,eb79a85e6b928add93a5fbf5168af5ac_shot_001_000,sync_d,mouth,10.401744
15,0.920810,eb79a85e6b928add93a5fbf5168af5ac_shot_001_000,sync_c,mouth,4.991065
16,0.913733,eb79a85e6b928add93a5fbf5168af5ac_shot_001_000,pixel_mse,mouth,0.00116983
16,0.913733,eb79a85e6b928add93a5fbf5168af5ac_shot_001_000,pixel_mse,upper_face,0.00010763
16,0.913733,eb79a85e6b928add93a5fbf5168af5ac_shot_001_000,pixel_mse,full,0.00053994
16,0.913733,eb79a85e6b928add93a5fbf5168af5ac_shot_001_000,ssim,mouth,0.89804202
16,0.913733,eb79a85e6b928add93a5fbf5168af5ac_shot_001_000,ssim,upper_face,0.97110736
16,0.913733,eb79a85e6b928add93a5fbf5168af5ac_shot_001_000,ssim,full,0.94136989
16,0.913733,eb79a85e6b928add93a5fbf5168af5ac_shot_001_000,lpips,mouth,0.12710597
16,0.913733,eb79a85e6b928add93a5fbf5168af5ac_shot_001_000,lpips,full,0.07781764
16,0.913733,eb79a85e6b928add93a5fbf5168af5ac_shot_001_000,sharpness,mouth,16.1438
16,0.913733,eb79a85e6b928add93a5fbf5168af5ac_shot_001_000,lmd,mouth,2.467518
16,0.913733,eb79a85e6b928add93a5fbf5168af5ac_shot_001_000,sync_d,mouth,10.639389
16,0.913733,eb79a85e6b928add93a5fbf5168af5ac_shot_001_000,sync_c,mouth,4.876252
17,0.906344,eb79a85e6b928add93a5fbf5168af5ac_shot_001_000,pixel_mse,mouth,0.00117764
17,0.906344,eb79a85e6b928add93a5fbf5168af5ac_shot_001_000,pixel_mse,upper_face,0.00010541
17,0.906344,eb79a85e6b928add93a5fbf5168af5ac_shot_001_000,pixel_mse,full,0.00054180
17,0.906344,eb79a85e6b928add93a5fbf5168af5ac_shot_001_000,ssim,mouth,0.89790243
17,0.906344,eb79a85e6b928add93a5fbf5168af5ac_shot_001_000,ssim,upper_face,0.97128314
17,0.906344,eb79a85e6b928add93a5fbf5168af5ac_shot_001_000,ssim,full,0.94141734
17,0.906344,eb79a85e6b928add93a5fbf5168af5ac_shot_001_000,lpips,mouth,0.12624420
17,0.906344,eb79a85e6b928add93a5fbf5168af5ac_shot_001_000,lpips,full,0.07712555
17,0.906344,eb79a85e6b928add93a5fbf5168af5ac_shot_001_000,sharpness,mouth,16.1190
17,0.906344,eb79a85e6b928add93a5fbf5168af5ac_shot_001_000,lmd,mouth,2.467466
17,0.906344,eb79a85e6b928add93a5fbf5168af5ac_shot_001_000,sync_d,mouth,10.404512
17,0.906344,eb79a85e6b928add93a5fbf5168af5ac_shot_001_000,sync_c,mouth,5.012743
18,0.898624,eb79a85e6b928add93a5fbf5168af5ac_shot_001_000,pixel_mse,mouth,0.00118624
18,0.898624,eb79a85e6b928add93a5fbf5168af5ac_shot_001_000,pixel_mse,upper_face,0.00010623
18,0.898624,eb79a85e6b928add93a5fbf5168af5ac_shot_001_000,pixel_mse,full,0.00054579
18,0.898624,eb79a85e6b928add93a5fbf5168af5ac_shot_001_000,ssim,mouth,0.89766455
18,0.898624,eb79a85e6b928add93a5fbf5168af5ac_shot_001_000,ssim,upper_face,0.97129726
18,0.898624,eb79a85e6b928add93a5fbf5168af5ac_shot_001_000,ssim,full,0.94132894
18,0.898624,eb79a85e6b928add93a5fbf5168af5ac_shot_001_000,lpips,mouth,0.12614121
18,0.898624,eb79a85e6b928add93a5fbf5168af5ac_shot_001_000,lpips,full,0.07711516
18,0.898624,eb79a85e6b928add93a5fbf5168af5ac_shot_001_000,sharpness,mouth,16.1105
18,0.898624,eb79a85e6b928add93a5fbf5168af5ac_shot_001_000,lmd,mouth,2.498473
18,0.898624,eb79a85e6b928add93a5fbf5168af5ac_shot_001_000,sync_d,mouth,10.484177
18,0.898624,eb79a85e6b928add93a5fbf5168af5ac_shot_001_000,sync_c,mouth,4.921401
19,0.890548,eb79a85e6b928add93a5fbf5168af5ac_shot_001_000,pixel_mse,mouth,0.00119182
19,0.890548,eb79a85e6b928add93a5fbf5168af5ac_shot_001_000,pixel_mse,upper_face,0.00010374
19,0.890548,eb79a85e6b928add93a5fbf5168af5ac_shot_001_000,pixel_mse,full,0.00054659
19,0.890548,eb79a85e6b928add93a5fbf5168af5ac_shot_001_000,ssim,mouth,0.89754361
19,0.890548,eb79a85e6b928add93a5fbf5168af5ac_shot_001_000,ssim,upper_face,0.97147268
19,0.890548,eb79a85e6b928add93a5fbf5168af5ac_shot_001_000,ssim,full,0.94138366
19,0.890548,eb79a85e6b928add93a5fbf5168af5ac_shot_001_000,lpips,mouth,0.12495591
19,0.890548,eb79a85e6b928add93a5fbf5168af5ac_shot_001_000,lpips,full,0.07629455
19,0.890548,eb79a85e6b928add93a5fbf5168af5ac_shot_001_000,sharpness,mouth,16.0989
19,0.890548,eb79a85e6b928add93a5fbf5168af5ac_shot_001_000,lmd,mouth,2.485009
19,0.890548,eb79a85e6b928add93a5fbf5168af5ac_shot_001_000,sync_d,mouth,10.552698
19,0.890548,eb79a85e6b928add93a5fbf5168af5ac_shot_001_000,sync_c,mouth,4.900915
20,0.882093,eb79a85e6b928add93a5fbf5168af5ac_shot_001_000,pixel_mse,mouth,0.00120474
20,0.882093,eb79a85e6b928add93a5fbf5168af5ac_shot_001_000,pixel_mse,upper_face,0.00010208
20,0.882093,eb79a85e6b928add93a5fbf5168af5ac_shot_001_000,pixel_mse,full,0.00055086
20,0.882093,eb79a85e6b928add93a5fbf5168af5ac_shot_001_000,ssim,mouth,0.89713711
20,0.882093,eb79a85e6b928add93a5fbf5168af5ac_shot_001_000,ssim,upper_face,0.97163308
20,0.882093,eb79a85e6b928add93a5fbf5168af5ac_shot_001_000,ssim,full,0.94131339
20,0.882093,eb79a85e6b928add93a5fbf5168af5ac_shot_001_000,lpips,mouth,0.12447278
20,0.882093,eb79a85e6b928add93a5fbf5168af5ac_shot_001_000,lpips,full,0.07612848
20,0.882093,eb79a85e6b928add93a5fbf5168af5ac_shot_001_000,sharpness,mouth,16.0796
20,0.882093,eb79a85e6b928add93a5fbf5168af5ac_shot_001_000,lmd,mouth,2.490086
20,0.882093,eb79a85e6b928add93a5fbf5168af5ac_shot_001_000,sync_d,mouth,10.591576
20,0.882093,eb79a85e6b928add93a5fbf5168af5ac_shot_001_000,sync_c,mouth,4.759423
21,0.873231,eb79a85e6b928add93a5fbf5168af5ac_shot_001_000,pixel_mse,mouth,0.00121716
21,0.873231,eb79a85e6b928add93a5fbf5168af5ac_shot_001_000,pixel_mse,upper_face,0.00010255
21,0.873231,eb79a85e6b928add93a5fbf5168af5ac_shot_001_000,pixel_mse,full,0.00055619
21,0.873231,eb79a85e6b928add93a5fbf5168af5ac_shot_001_000,ssim,mouth,0.89681405
21,0.873231,eb79a85e6b928add93a5fbf5168af5ac_shot_001_000,ssim,upper_face,0.97167170
21,0.873231,eb79a85e6b928add93a5fbf5168af5ac_shot_001_000,ssim,full,0.94120479
21,0.873231,eb79a85e6b928add93a5fbf5168af5ac_shot_001_000,lpips,mouth,0.12408575
21,0.873231,eb79a85e6b928add93a5fbf5168af5ac_shot_001_000,lpips,full,0.07570607
21,0.873231,eb79a85e6b928add93a5fbf5168af5ac_shot_001_000,sharpness,mouth,16.0764
21,0.873231,eb79a85e6b928add93a5fbf5168af5ac_shot_001_000,lmd,mouth,2.497952
21,0.873231,eb79a85e6b928add93a5fbf5168af5ac_shot_001_000,sync_d,mouth,10.497867
21,0.873231,eb79a85e6b928add93a5fbf5168af5ac_shot_001_000,sync_c,mouth,4.933619
22,0.863931,eb79a85e6b928add93a5fbf5168af5ac_shot_001_000,pixel_mse,mouth,0.00122971
22,0.863931,eb79a85e6b928add93a5fbf5168af5ac_shot_001_000,pixel_mse,upper_face,0.00010156
22,0.863931,eb79a85e6b928add93a5fbf5168af5ac_shot_001_000,pixel_mse,full,0.00056071
22,0.863931,eb79a85e6b928add93a5fbf5168af5ac_shot_001_000,ssim,mouth,0.89644301
22,0.863931,eb79a85e6b928add93a5fbf5168af5ac_shot_001_000,ssim,upper_face,0.97177547
22,0.863931,eb79a85e6b928add93a5fbf5168af5ac_shot_001_000,ssim,full,0.94111532
22,0.863931,eb79a85e6b928add93a5fbf5168af5ac_shot_001_000,lpips,mouth,0.12338900
22,0.863931,eb79a85e6b928add93a5fbf5168af5ac_shot_001_000,lpips,full,0.07530434
22,0.863931,eb79a85e6b928add93a5fbf5168af5ac_shot_001_000,sharpness,mouth,16.0363
22,0.863931,eb79a85e6b928add93a5fbf5168af5ac_shot_001_000,lmd,mouth,2.517278
22,0.863931,eb79a85e6b928add93a5fbf5168af5ac_shot_001_000,sync_d,mouth,10.594645
22,0.863931,eb79a85e6b928add93a5fbf5168af5ac_shot_001_000,sync_c,mouth,4.837128
23,0.854160,eb79a85e6b928add93a5fbf5168af5ac_shot_001_000,pixel_mse,mouth,0.00123363
23,0.854160,eb79a85e6b928add93a5fbf5168af5ac_shot_001_000,pixel_mse,upper_face,0.00010100
23,0.854160,eb79a85e6b928add93a5fbf5168af5ac_shot_001_000,pixel_mse,full,0.00056198
23,0.854160,eb79a85e6b928add93a5fbf5168af5ac_shot_001_000,ssim,mouth,0.89626729
23,0.854160,eb79a85e6b928add93a5fbf5168af5ac_shot_001_000,ssim,upper_face,0.97183454
23,0.854160,eb79a85e6b928add93a5fbf5168af5ac_shot_001_000,ssim,full,0.94107896
23,0.854160,eb79a85e6b928add93a5fbf5168af5ac_shot_001_000,lpips,mouth,0.12274502
23,0.854160,eb79a85e6b928add93a5fbf5168af5ac_shot_001_000,lpips,full,0.07502847
23,0.854160,eb79a85e6b928add93a5fbf5168af5ac_shot_001_000,sharpness,mouth,15.9602
23,0.854160,eb79a85e6b928add93a5fbf5168af5ac_shot_001_000,lmd,mouth,2.492812
23,0.854160,eb79a85e6b928add93a5fbf5168af5ac_shot_001_000,sync_d,mouth,10.585294
23,0.854160,eb79a85e6b928add93a5fbf5168af5ac_shot_001_000,sync_c,mouth,4.784966
24,0.843882,eb79a85e6b928add93a5fbf5168af5ac_shot_001_000,pixel_mse,mouth,0.00124586
24,0.843882,eb79a85e6b928add93a5fbf5168af5ac_shot_001_000,pixel_mse,upper_face,0.00010118
24,0.843882,eb79a85e6b928add93a5fbf5168af5ac_shot_001_000,pixel_mse,full,0.00056706
24,0.843882,eb79a85e6b928add93a5fbf5168af5ac_shot_001_000,ssim,mouth,0.89593607
24,0.843882,eb79a85e6b928add93a5fbf5168af5ac_shot_001_000,ssim,upper_face,0.97187871
24,0.843882,eb79a85e6b928add93a5fbf5168af5ac_shot_001_000,ssim,full,0.94097024
24,0.843882,eb79a85e6b928add93a5fbf5168af5ac_shot_001_000,lpips,mouth,0.12166569
24,0.843882,eb79a85e6b928add93a5fbf5168af5ac_shot_001_000,lpips,full,0.07439987
24,0.843882,eb79a85e6b928add93a5fbf5168af5ac_shot_001_000,sharpness,mouth,15.9545
24,0.843882,eb79a85e6b928add93a5fbf5168af5ac_shot_001_000,lmd,mouth,2.583768
24,0.843882,eb79a85e6b928add93a5fbf5168af5ac_shot_001_000,sync_d,mouth,10.706019
24,0.843882,eb79a85e6b928add93a5fbf5168af5ac_shot_001_000,sync_c,mouth,4.776959
25,0.833055,eb79a85e6b928add93a5fbf5168af5ac_shot_001_000,pixel_mse,mouth,0.00239765
25,0.833055,eb79a85e6b928add93a5fbf5168af5ac_shot_001_000,pixel_mse,upper_face,0.00011814
25,0.833055,eb79a85e6b928add93a5fbf5168af5ac_shot_001_000,pixel_mse,full,0.00104589
25,0.833055,eb79a85e6b928add93a5fbf5168af5ac_shot_001_000,ssim,mouth,0.87434763
25,0.833055,eb79a85e6b928add93a5fbf5168af5ac_shot_001_000,ssim,upper_face,0.96879900
25,0.833055,eb79a85e6b928add93a5fbf5168af5ac_shot_001_000,ssim,full,0.93035758
25,0.833055,eb79a85e6b928add93a5fbf5168af5ac_shot_001_000,lpips,mouth,0.11096412
25,0.833055,eb79a85e6b928add93a5fbf5168af5ac_shot_001_000,lpips,full,0.06896032
25,0.833055,eb79a85e6b928add93a5fbf5168af5ac_shot_001_000,sharpness,mouth,16.5408
25,0.833055,eb79a85e6b928add93a5fbf5168af5ac_shot_001_000,lmd,mouth,3.157788
25,0.833055,eb79a85e6b928add93a5fbf5168af5ac_shot_001_000,sync_d,mouth,8.647669
25,0.833055,eb79a85e6b928add93a5fbf5168af5ac_shot_001_000,sync_c,mouth,6.767303
26,0.821636,eb79a85e6b928add93a5fbf5168af5ac_shot_001_000,pixel_mse,mouth,0.00199817
26,0.821636,eb79a85e6b928add93a5fbf5168af5ac_shot_001_000,pixel_mse,upper_face,0.00011659
26,0.821636,eb79a85e6b928add93a5fbf5168af5ac_shot_001_000,pixel_mse,full,0.00088239
26,0.821636,eb79a85e6b928add93a5fbf5168af5ac_shot_001_000,ssim,mouth,0.87854493
26,0.821636,eb79a85e6b928add93a5fbf5168af5ac_shot_001_000,ssim,upper_face,0.96887565
26,0.821636,eb79a85e6b928add93a5fbf5168af5ac_shot_001_000,ssim,full,0.93211120
26,0.821636,eb79a85e6b928add93a5fbf5168af5ac_shot_001_000,lpips,mouth,0.10602891
26,0.821636,eb79a85e6b928add93a5fbf5168af5ac_shot_001_000,lpips,full,0.06630781
26,0.821636,eb79a85e6b928add93a5fbf5168af5ac_shot_001_000,sharpness,mouth,16.0647
26,0.821636,eb79a85e6b928add93a5fbf5168af5ac_shot_001_000,lmd,mouth,3.000978
26,0.821636,eb79a85e6b928add93a5fbf5168af5ac_shot_001_000,sync_d,mouth,8.478198
26,0.821636,eb79a85e6b928add93a5fbf5168af5ac_shot_001_000,sync_c,mouth,6.862325
27,0.809574,eb79a85e6b928add93a5fbf5168af5ac_shot_001_000,pixel_mse,mouth,0.00179731
27,0.809574,eb79a85e6b928add93a5fbf5168af5ac_shot_001_000,pixel_mse,upper_face,0.00011561
27,0.809574,eb79a85e6b928add93a5fbf5168af5ac_shot_001_000,pixel_mse,full,0.00080005
27,0.809574,eb79a85e6b928add93a5fbf5168af5ac_shot_001_000,ssim,mouth,0.88108277
27,0.809574,eb79a85e6b928add93a5fbf5168af5ac_shot_001_000,ssim,upper_face,0.96908516
27,0.809574,eb79a85e6b928add93a5fbf5168af5ac_shot_001_000,ssim,full,0.93326843
27,0.809574,eb79a85e6b928add93a5fbf5168af5ac_shot_001_000,lpips,mouth,0.10321855
27,0.809574,eb79a85e6b928add93a5fbf5168af5ac_shot_001_000,lpips,full,0.06473374
27,0.809574,eb79a85e6b928add93a5fbf5168af5ac_shot_001_000,sharpness,mouth,15.9613
27,0.809574,eb79a85e6b928add93a5fbf5168af5ac_shot_001_000,lmd,mouth,2.832577
27,0.809574,eb79a85e6b928add93a5fbf5168af5ac_shot_001_000,sync_d,mouth,8.659249
27,0.809574,eb79a85e6b928add93a5fbf5168af5ac_shot_001_000,sync_c,mouth,6.724897
28,0.796812,eb79a85e6b928add93a5fbf5168af5ac_shot_001_000,pixel_mse,mouth,0.00171440
28,0.796812,eb79a85e6b928add93a5fbf5168af5ac_shot_001_000,pixel_mse,upper_face,0.00011502
28,0.796812,eb79a85e6b928add93a5fbf5168af5ac_shot_001_000,pixel_mse,full,0.00076596
28,0.796812,eb79a85e6b928add93a5fbf5168af5ac_shot_001_000,ssim,mouth,0.88249677
28,0.796812,eb79a85e6b928add93a5fbf5168af5ac_shot_001_000,ssim,upper_face,0.96921486
28,0.796812,eb79a85e6b928add93a5fbf5168af5ac_shot_001_000,ssim,full,0.93392068
28,0.796812,eb79a85e6b928add93a5fbf5168af5ac_shot_001_000,lpips,mouth,0.10267741
28,0.796812,eb79a85e6b928add93a5fbf5168af5ac_shot_001_000,lpips,full,0.06414054
28,0.796812,eb79a85e6b928add93a5fbf5168af5ac_shot_001_000,sharpness,mouth,15.8156
28,0.796812,eb79a85e6b928add93a5fbf5168af5ac_shot_001_000,lmd,mouth,2.756819
28,0.796812,eb79a85e6b928add93a5fbf5168af5ac_shot_001_000,sync_d,mouth,8.507116
28,0.796812,eb79a85e6b928add93a5fbf5168af5ac_shot_001_000,sync_c,mouth,6.951832
29,0.783290,eb79a85e6b928add93a5fbf5168af5ac_shot_001_000,pixel_mse,mouth,0.00168764
29,0.783290,eb79a85e6b928add93a5fbf5168af5ac_shot_001_000,pixel_mse,upper_face,0.00011410
29,0.783290,eb79a85e6b928add93a5fbf5168af5ac_shot_001_000,pixel_mse,full,0.00075453
29,0.783290,eb79a85e6b928add93a5fbf5168af5ac_shot_001_000,ssim,mouth,0.88273102
29,0.783290,eb79a85e6b928add93a5fbf5168af5ac_shot_001_000,ssim,upper_face,0.96937478
29,0.783290,eb79a85e6b928add93a5fbf5168af5ac_shot_001_000,ssim,full,0.93411094
29,0.783290,eb79a85e6b928add93a5fbf5168af5ac_shot_001_000,lpips,mouth,0.10234104
29,0.783290,eb79a85e6b928add93a5fbf5168af5ac_shot_001_000,lpips,full,0.06417608
29,0.783290,eb79a85e6b928add93a5fbf5168af5ac_shot_001_000,sharpness,mouth,15.8782
29,0.783290,eb79a85e6b928add93a5fbf5168af5ac_shot_001_000,lmd,mouth,2.792034
29,0.783290,eb79a85e6b928add93a5fbf5168af5ac_shot_001_000,sync_d,mouth,8.469658
29,0.783290,eb79a85e6b928add93a5fbf5168af5ac_shot_001_000,sync_c,mouth,7.030025
30,0.768935,eb79a85e6b928add93a5fbf5168af5ac_shot_001_000,pixel_mse,mouth,0.00167605
30,0.768935,eb79a85e6b928add93a5fbf5168af5ac_shot_001_000,pixel_mse,upper_face,0.00011304
30,0.768935,eb79a85e6b928add93a5fbf5168af5ac_shot_001_000,pixel_mse,full,0.00074918
30,0.768935,eb79a85e6b928add93a5fbf5168af5ac_shot_001_000,ssim,mouth,0.88296837
30,0.768935,eb79a85e6b928add93a5fbf5168af5ac_shot_001_000,ssim,upper_face,0.96937072
30,0.768935,eb79a85e6b928add93a5fbf5168af5ac_shot_001_000,ssim,full,0.93420523
30,0.768935,eb79a85e6b928add93a5fbf5168af5ac_shot_001_000,lpips,mouth,0.10290585
30,0.768935,eb79a85e6b928add93a5fbf5168af5ac_shot_001_000,lpips,full,0.06426036
30,0.768935,eb79a85e6b928add93a5fbf5168af5ac_shot_001_000,sharpness,mouth,15.7834
30,0.768935,eb79a85e6b928add93a5fbf5168af5ac_shot_001_000,lmd,mouth,2.826454
30,0.768935,eb79a85e6b928add93a5fbf5168af5ac_shot_001_000,sync_d,mouth,8.391060
30,0.768935,eb79a85e6b928add93a5fbf5168af5ac_shot_001_000,sync_c,mouth,7.048479
31,0.753669,eb79a85e6b928add93a5fbf5168af5ac_shot_001_000,pixel_mse,mouth,0.00169022
31,0.753669,eb79a85e6b928add93a5fbf5168af5ac_shot_001_000,pixel_mse,upper_face,0.00011185
31,0.753669,eb79a85e6b928add93a5fbf5168af5ac_shot_001_000,pixel_mse,full,0.00075424
31,0.753669,eb79a85e6b928add93a5fbf5168af5ac_shot_001_000,ssim,mouth,0.88291335
31,0.753669,eb79a85e6b928add93a5fbf5168af5ac_shot_001_000,ssim,upper_face,0.96961695
31,0.753669,eb79a85e6b928add93a5fbf5168af5ac_shot_001_000,ssim,full,0.93432879
31,0.753669,eb79a85e6b928add93a5fbf5168af5ac_shot_001_000,lpips,mouth,0.10351721
31,0.753669,eb79a85e6b928add93a5fbf5168af5ac_shot_001_000,lpips,full,0.06464291
31,0.753669,eb79a85e6b928add93a5fbf5168af5ac_shot_001_000,sharpness,mouth,15.6523
31,0.753669,eb79a85e6b928add93a5fbf5168af5ac_shot_001_000,lmd,mouth,2.814196
31,0.753669,eb79a85e6b928add93a5fbf5168af5ac_shot_001_000,sync_d,mouth,8.575042
31,0.753669,eb79a85e6b928add93a5fbf5168af5ac_shot_001_000,sync_c,mouth,6.903910
32,0.737402,eb79a85e6b928add93a5fbf5168af5ac_shot_001_000,pixel_mse,mouth,0.00166058
32,0.737402,eb79a85e6b928add93a5fbf5168af5ac_shot_001_000,pixel_mse,upper_face,0.00011223
32,0.737402,eb79a85e6b928add93a5fbf5168af5ac_shot_001_000,pixel_mse,full,0.00074241
32,0.737402,eb79a85e6b928add93a5fbf5168af5ac_shot_001_000,ssim,mouth,0.88316649
32,0.737402,eb79a85e6b928add93a5fbf5168af5ac_shot_001_000,ssim,upper_face,0.96957868
32,0.737402,eb79a85e6b928add93a5fbf5168af5ac_shot_001_000,ssim,full,0.93440896
32,0.737402,eb79a85e6b928add93a5fbf5168af5ac_shot_001_000,lpips,mouth,0.10360827
32,0.737402,eb79a85e6b928add93a5fbf5168af5ac_shot_001_000,lpips,full,0.06484872
32,0.737402,eb79a85e6b928add93a5fbf5168af5ac_shot_001_000,sharpness,mouth,15.7193
32,0.737402,eb79a85e6b928add93a5fbf5168af5ac_shot_001_000,lmd,mouth,2.800445
32,0.737402,eb79a85e6b928add93a5fbf5168af5ac_shot_001_000,sync_d,mouth,8.658955
32,0.737402,eb79a85e6b928add93a5fbf5168af5ac_shot_001_000,sync_c,mouth,6.865378
33,0.720034,eb79a85e6b928add93a5fbf5168af5ac_shot_001_000,pixel_mse,mouth,0.00165334
33,0.720034,eb79a85e6b928add93a5fbf5168af5ac_shot_001_000,pixel_mse,upper_face,0.00011063
33,0.720034,eb79a85e6b928add93a5fbf5168af5ac_shot_001_000,pixel_mse,full,0.00073851
33,0.720034,eb79a85e6b928add93a5fbf5168af5ac_shot_001_000,ssim,mouth,0.88333184
33,0.720034,eb79a85e6b928add93a5fbf5168af5ac_shot_001_000,ssim,upper_face,0.96984279
33,0.720034,eb79a85e6b928add93a5fbf5168af5ac_shot_001_000,ssim,full,0.93463302
33,0.720034,eb79a85e6b928add93a5fbf5168af5ac_shot_001_000,lpips,mouth,0.10320204
33,0.720034,eb79a85e6b928add93a5fbf5168af5ac_shot_001_000,lpips,full,0.06433947
33,0.720034,eb79a85e6b928add93a5fbf5168af5ac_shot_001_000,sharpness,mouth,15.6626
33,0.720034,eb79a85e6b928add93a5fbf5168af5ac_shot_001_000,lmd,mouth,2.837281
33,0.720034,eb79a85e6b928add93a5fbf5168af5ac_shot_001_000,sync_d,mouth,8.660263
33,0.720034,eb79a85e6b928add93a5fbf5168af5ac_shot_001_000,sync_c,mouth,6.980860
34,0.701446,eb79a85e6b928add93a5fbf5168af5ac_shot_001_000,pixel_mse,mouth,0.00165650
34,0.701446,eb79a85e6b928add93a5fbf5168af5ac_shot_001_000,pixel_mse,upper_face,0.00010976
34,0.701446,eb79a85e6b928add93a5fbf5168af5ac_shot_001_000,pixel_mse,full,0.00073928
34,0.701446,eb79a85e6b928add93a5fbf5168af5ac_shot_001_000,ssim,mouth,0.88355941
34,0.701446,eb79a85e6b928add93a5fbf5168af5ac_shot_001_000,ssim,upper_face,0.96996027
34,0.701446,eb79a85e6b928add93a5fbf5168af5ac_shot_001_000,ssim,full,0.93479526
34,0.701446,eb79a85e6b928add93a5fbf5168af5ac_shot_001_000,lpips,mouth,0.10341390
34,0.701446,eb79a85e6b928add93a5fbf5168af5ac_shot_001_000,lpips,full,0.06443658
34,0.701446,eb79a85e6b928add93a5fbf5168af5ac_shot_001_000,sharpness,mouth,15.6275
34,0.701446,eb79a85e6b928add93a5fbf5168af5ac_shot_001_000,lmd,mouth,2.786528
34,0.701446,eb79a85e6b928add93a5fbf5168af5ac_shot_001_000,sync_d,mouth,8.788749
34,0.701446,eb79a85e6b928add93a5fbf5168af5ac_shot_001_000,sync_c,mouth,6.818247
35,0.681508,eb79a85e6b928add93a5fbf5168af5ac_shot_001_000,pixel_mse,mouth,0.00165166
35,0.681508,eb79a85e6b928add93a5fbf5168af5ac_shot_001_000,pixel_mse,upper_face,0.00010842
35,0.681508,eb79a85e6b928add93a5fbf5168af5ac_shot_001_000,pixel_mse,full,0.00073652
35,0.681508,eb79a85e6b928add93a5fbf5168af5ac_shot_001_000,ssim,mouth,0.88342333
35,0.681508,eb79a85e6b928add93a5fbf5168af5ac_shot_001_000,ssim,upper_face,0.97013283
35,0.681508,eb79a85e6b928add93a5fbf5168af5ac_shot_001_000,ssim,full,0.93484217
35,0.681508,eb79a85e6b928add93a5fbf5168af5ac_shot_001_000,lpips,mouth,0.10310396
35,0.681508,eb79a85e6b928add93a5fbf5168af5ac_shot_001_000,lpips,full,0.06433053
35,0.681508,eb79a85e6b928add93a5fbf5168af5ac_shot_001_000,sharpness,mouth,15.5622
35,0.681508,eb79a85e6b928add93a5fbf5168af5ac_shot_001_000,lmd,mouth,2.828803
35,0.681508,eb79a85e6b928add93a5fbf5168af5ac_shot_001_000,sync_d,mouth,8.919806
35,0.681508,eb79a85e6b928add93a5fbf5168af5ac_shot_001_000,sync_c,mouth,6.672042
36,0.660066,eb79a85e6b928add93a5fbf5168af5ac_shot_001_000,pixel_mse,mouth,0.00166117
36,0.660066,eb79a85e6b928add93a5fbf5168af5ac_shot_001_000,pixel_mse,upper_face,0.00010809
36,0.660066,eb79a85e6b928add93a5fbf5168af5ac_shot_001_000,pixel_mse,full,0.00074019
36,0.660066,eb79a85e6b928add93a5fbf5168af5ac_shot_001_000,ssim,mouth,0.88302547
36,0.660066,eb79a85e6b928add93a5fbf5168af5ac_shot_001_000,ssim,upper_face,0.97023565
36,0.660066,eb79a85e6b928add93a5fbf5168af5ac_shot_001_000,ssim,full,0.93474126
36,0.660066,eb79a85e6b928add93a5fbf5168af5ac_shot_001_000,lpips,mouth,0.10273164
36,0.660066,eb79a85e6b928add93a5fbf5168af5ac_shot_001_000,lpips,full,0.06418162
36,0.660066,eb79a85e6b928add93a5fbf5168af5ac_shot_001_000,sharpness,mouth,15.6594
36,0.660066,eb79a85e6b928add93a5fbf5168af5ac_shot_001_000,lmd,mouth,2.825643
36,0.660066,eb79a85e6b928add93a5fbf5168af5ac_shot_001_000,sync_d,mouth,8.800698
36,0.660066,eb79a85e6b928add93a5fbf5168af5ac_shot_001_000,sync_c,mouth,6.685243
37,0.636942,eb79a85e6b928add93a5fbf5168af5ac_shot_001_000,pixel_mse,mouth,0.00167337
37,0.636942,eb79a85e6b928add93a5fbf5168af5ac_shot_001_000,pixel_mse,upper_face,0.00010804
37,0.636942,eb79a85e6b928add93a5fbf5168af5ac_shot_001_000,pixel_mse,full,0.00074513
37,0.636942,eb79a85e6b928add93a5fbf5168af5ac_shot_001_000,ssim,mouth,0.88242710
37,0.636942,eb79a85e6b928add93a5fbf5168af5ac_shot_001_000,ssim,upper_face,0.97029990
37,0.636942,eb79a85e6b928add93a5fbf5168af5ac_shot_001_000,ssim,full,0.93453592
37,0.636942,eb79a85e6b928add93a5fbf5168af5ac_shot_001_000,lpips,mouth,0.10260511
37,0.636942,eb79a85e6b928add93a5fbf5168af5ac_shot_001_000,lpips,full,0.06400289
37,0.636942,eb79a85e6b928add93a5fbf5168af5ac_shot_001_000,sharpness,mouth,15.7242
37,0.636942,eb79a85e6b928add93a5fbf5168af5ac_shot_001_000,lmd,mouth,2.869210
37,0.636942,eb79a85e6b928add93a5fbf5168af5ac_shot_001_000,sync_d,mouth,8.792645
37,0.636942,eb79a85e6b928add93a5fbf5168af5ac_shot_001_000,sync_c,mouth,6.607039
38,0.611932,eb79a85e6b928add93a5fbf5168af5ac_shot_001_000,pixel_mse,mouth,0.00167851
38,0.611932,eb79a85e6b928add93a5fbf5168af5ac_shot_001_000,pixel_mse,upper_face,0.00010700
38,0.611932,eb79a85e6b928add93a5fbf5168af5ac_shot_001_000,pixel_mse,full,0.00074660
38,0.611932,eb79a85e6b928add93a5fbf5168af5ac_shot_001_000,ssim,mouth,0.88223541
38,0.611932,eb79a85e6b928add93a5fbf5168af5ac_shot_001_000,ssim,upper_face,0.97043431
38,0.611932,eb79a85e6b928add93a5fbf5168af5ac_shot_001_000,ssim,full,0.93453741
38,0.611932,eb79a85e6b928add93a5fbf5168af5ac_shot_001_000,lpips,mouth,0.10255861
38,0.611932,eb79a85e6b928add93a5fbf5168af5ac_shot_001_000,lpips,full,0.06375933
38,0.611932,eb79a85e6b928add93a5fbf5168af5ac_shot_001_000,sharpness,mouth,15.6907
38,0.611932,eb79a85e6b928add93a5fbf5168af5ac_shot_001_000,lmd,mouth,2.856872
38,0.611932,eb79a85e6b928add93a5fbf5168af5ac_shot_001_000,sync_d,mouth,8.869505
38,0.611932,eb79a85e6b928add93a5fbf5168af5ac_shot_001_000,sync_c,mouth,6.574951
39,0.584795,eb79a85e6b928add93a5fbf5168af5ac_shot_001_000,pixel_mse,mouth,0.00167337
39,0.584795,eb79a85e6b928add93a5fbf5168af5ac_shot_001_000,pixel_mse,upper_face,0.00010696
39,0.584795,eb79a85e6b928add93a5fbf5168af5ac_shot_001_000,pixel_mse,full,0.00074449
39,0.584795,eb79a85e6b928add93a5fbf5168af5ac_shot_001_000,ssim,mouth,0.88198465
39,0.584795,eb79a85e6b928add93a5fbf5168af5ac_shot_001_000,ssim,upper_face,0.97053641
39,0.584795,eb79a85e6b928add93a5fbf5168af5ac_shot_001_000,ssim,full,0.93449610
39,0.584795,eb79a85e6b928add93a5fbf5168af5ac_shot_001_000,lpips,mouth,0.10198303
39,0.584795,eb79a85e6b928add93a5fbf5168af5ac_shot_001_000,lpips,full,0.06364642
39,0.584795,eb79a85e6b928add93a5fbf5168af5ac_shot_001_000,sharpness,mouth,15.7304
39,0.584795,eb79a85e6b928add93a5fbf5168af5ac_shot_001_000,lmd,mouth,2.839686
39,0.584795,eb79a85e6b928add93a5fbf5168af5ac_shot_001_000,sync_d,mouth,8.856844
39,0.584795,eb79a85e6b928add93a5fbf5168af5ac_shot_001_000,sync_c,mouth,6.533482
40,0.555247,eb79a85e6b928add93a5fbf5168af5ac_shot_001_000,pixel_mse,mouth,0.00168819
40,0.555247,eb79a85e6b928add93a5fbf5168af5ac_shot_001_000,pixel_mse,upper_face,0.00010535
40,0.555247,eb79a85e6b928add93a5fbf5168af5ac_shot_001_000,pixel_mse,full,0.00074956
40,0.555247,eb79a85e6b928add93a5fbf5168af5ac_shot_001_000,ssim,mouth,0.88131344
40,0.555247,eb79a85e6b928add93a5fbf5168af5ac_shot_001_000,ssim,upper_face,0.97080410
40,0.555247,eb79a85e6b928add93a5fbf5168af5ac_shot_001_000,ssim,full,0.93438154
40,0.555247,eb79a85e6b928add93a5fbf5168af5ac_shot_001_000,lpips,mouth,0.10153285
40,0.555247,eb79a85e6b928add93a5fbf5168af5ac_shot_001_000,lpips,full,0.06328394
40,0.555247,eb79a85e6b928add93a5fbf5168af5ac_shot_001_000,sharpness,mouth,15.7257
40,0.555247,eb79a85e6b928add93a5fbf5168af5ac_shot_001_000,lmd,mouth,2.859415
40,0.555247,eb79a85e6b928add93a5fbf5168af5ac_shot_001_000,sync_d,mouth,8.897841
40,0.555247,eb79a85e6b928add93a5fbf5168af5ac_shot_001_000,sync_c,mouth,6.546667
41,0.522951,eb79a85e6b928add93a5fbf5168af5ac_shot_001_000,pixel_mse,mouth,0.00170415
41,0.522951,eb79a85e6b928add93a5fbf5168af5ac_shot_001_000,pixel_mse,upper_face,0.00010519
41,0.522951,eb79a85e6b928add93a5fbf5168af5ac_shot_001_000,pixel_mse,full,0.00075596
41,0.522951,eb79a85e6b928add93a5fbf5168af5ac_shot_001_000,ssim,mouth,0.88048798
41,0.522951,eb79a85e6b928add93a5fbf5168af5ac_shot_001_000,ssim,upper_face,0.97094566
41,0.522951,eb79a85e6b928add93a5fbf5168af5ac_shot_001_000,ssim,full,0.93412960
41,0.522951,eb79a85e6b928add93a5fbf5168af5ac_shot_001_000,lpips,mouth,0.10084540
41,0.522951,eb79a85e6b928add93a5fbf5168af5ac_shot_001_000,lpips,full,0.06290474
41,0.522951,eb79a85e6b928add93a5fbf5168af5ac_shot_001_000,sharpness,mouth,15.8156
41,0.522951,eb79a85e6b928add93a5fbf5168af5ac_shot_001_000,lmd,mouth,2.857662
41,0.522951,eb79a85e6b928add93a5fbf5168af5ac_shot_001_000,sync_d,mouth,8.810300
41,0.522951,eb79a85e6b928add93a5fbf5168af5ac_shot_001_000,sync_c,mouth,6.580805
42,0.487507,eb79a85e6b928add93a5fbf5168af5ac_shot_001_000,pixel_mse,mouth,0.00171252
42,0.487507,eb79a85e6b928add93a5fbf5168af5ac_shot_001_000,pixel_mse,upper_face,0.00010523
42,0.487507,eb79a85e6b928add93a5fbf5168af5ac_shot_001_000,pixel_mse,full,0.00075939
42,0.487507,eb79a85e6b928add93a5fbf5168af5ac_shot_001_000,ssim,mouth,0.87982416
42,0.487507,eb79a85e6b928add93a5fbf5168af5ac_shot_001_000,ssim,upper_face,0.97102392
42,0.487507,eb79a85e6b928add93a5fbf5168af5ac_shot_001_000,ssim,full,0.93390578
42,0.487507,eb79a85e6b928add93a5fbf5168af5ac_shot_001_000,lpips,mouth,0.10044529
42,0.487507,eb79a85e6b928add93a5fbf5168af5ac_shot_001_000,lpips,full,0.06261162
42,0.487507,eb79a85e6b928add93a5fbf5168af5ac_shot_001_000,sharpness,mouth,15.8391
42,0.487507,eb79a85e6b928add93a5fbf5168af5ac_shot_001_000,lmd,mouth,2.895455
42,0.487507,eb79a85e6b928add93a5fbf5168af5ac_shot_001_000,sync_d,mouth,9.059129
42,0.487507,eb79a85e6b928add93a5fbf5168af5ac_shot_001_000,sync_c,mouth,6.245953
43,0.448430,eb79a85e6b928add93a5fbf5168af5ac_shot_001_000,pixel_mse,mouth,0.00172892
43,0.448430,eb79a85e6b928add93a5fbf5168af5ac_shot_001_000,pixel_mse,upper_face,0.00010286
43,0.448430,eb79a85e6b928add93a5fbf5168af5ac_shot_001_000,pixel_mse,full,0.00076467
43,0.448430,eb79a85e6b928add93a5fbf5168af5ac_shot_001_000,ssim,mouth,0.87889516
43,0.448430,eb79a85e6b928add93a5fbf5168af5ac_shot_001_000,ssim,upper_face,0.97126532
43,0.448430,eb79a85e6b928add93a5fbf5168af5ac_shot_001_000,ssim,full,0.93367082
43,0.448430,eb79a85e6b928add93a5fbf5168af5ac_shot_001_000,lpips,mouth,0.10002832
43,0.448430,eb79a85e6b928add93a5fbf5168af5ac_shot_001_000,lpips,full,0.06243590
43,0.448430,eb79a85e6b928add93a5fbf5168af5ac_shot_001_000,sharpness,mouth,15.8663
43,0.448430,eb79a85e6b928add93a5fbf5168af5ac_shot_001_000,lmd,mouth,2.800140
43,0.448430,eb79a85e6b928add93a5fbf5168af5ac_shot_001_000,sync_d,mouth,8.994951
43,0.448430,eb79a85e6b928add93a5fbf5168af5ac_shot_001_000,sync_c,mouth,6.346376
44,0.405131,eb79a85e6b928add93a5fbf5168af5ac_shot_001_000,pixel_mse,mouth,0.00174833
44,0.405131,eb79a85e6b928add93a5fbf5168af5ac_shot_001_000,pixel_mse,upper_face,0.00010198
44,0.405131,eb79a85e6b928add93a5fbf5168af5ac_shot_001_000,pixel_mse,full,0.00077204
44,0.405131,eb79a85e6b928add93a5fbf5168af5ac_shot_001_000,ssim,mouth,0.87768519
44,0.405131,eb79a85e6b928add93a5fbf5168af5ac_shot_001_000,ssim,upper_face,0.97139370
44,0.405131,eb79a85e6b928add93a5fbf5168af5ac_shot_001_000,ssim,full,0.93325448
44,0.405131,eb79a85e6b928add93a5fbf5168af5ac_shot_001_000,lpips,mouth,0.09938075
44,0.405131,eb79a85e6b928add93a5fbf5168af5ac_shot_001_000,lpips,full,0.06197166
44,0.405131,eb79a85e6b928add93a5fbf5168af5ac_shot_001_000,sharpness,mouth,15.7611
44,0.405131,eb79a85e6b928add93a5fbf5168af5ac_shot_001_000,lmd,mouth,2.797079
44,0.405131,eb79a85e6b928add93a5fbf5168af5ac_shot_001_000,sync_d,mouth,9.101088
44,0.405131,eb79a85e6b928add93a5fbf5168af5ac_shot_001_000,sync_c,mouth,6.308592
45,0.356888,eb79a85e6b928add93a5fbf5168af5ac_shot_001_000,pixel_mse,mouth,0.00176362
45,0.356888,eb79a85e6b928add93a5fbf5168af5ac_shot_001_000,pixel_mse,upper_face,0.00010151
45,0.356888,eb79a85e6b928add93a5fbf5168af5ac_shot_001_000,pixel_mse,full,0.00077798
45,0.356888,eb79a85e6b928add93a5fbf5168af5ac_shot_001_000,ssim,mouth,0.87665099
45,0.356888,eb79a85e6b928add93a5fbf5168af5ac_shot_001_000,ssim,upper_face,0.97151512
45,0.356888,eb79a85e6b928add93a5fbf5168af5ac_shot_001_000,ssim,full,0.93290567
45,0.356888,eb79a85e6b928add93a5fbf5168af5ac_shot_001_000,lpips,mouth,0.09917878
45,0.356888,eb79a85e6b928add93a5fbf5168af5ac_shot_001_000,lpips,full,0.06180844
45,0.356888,eb79a85e6b928add93a5fbf5168af5ac_shot_001_000,sharpness,mouth,15.8321
45,0.356888,eb79a85e6b928add93a5fbf5168af5ac_shot_001_000,lmd,mouth,2.808383
45,0.356888,eb79a85e6b928add93a5fbf5168af5ac_shot_001_000,sync_d,mouth,8.969680
45,0.356888,eb79a85e6b928add93a5fbf5168af5ac_shot_001_000,sync_c,mouth,6.379450
46,0.302801,eb79a85e6b928add93a5fbf5168af5ac_shot_001_000,pixel_mse,mouth,0.00178324
46,0.302801,eb79a85e6b928add93a5fbf5168af5ac_shot_001_000,pixel_mse,upper_face,0.00010131
46,0.302801,eb79a85e6b928add93a5fbf5168af5ac_shot_001_000,pixel_mse,full,0.00078585
46,0.302801,eb79a85e6b928add93a5fbf5168af5ac_shot_001_000,ssim,mouth,0.87533015
46,0.302801,eb79a85e6b928add93a5fbf5168af5ac_shot_001_000,ssim,upper_face,0.97163558
46,0.302801,eb79a85e6b928add93a5fbf5168af5ac_shot_001_000,ssim,full,0.93243945
46,0.302801,eb79a85e6b928add93a5fbf5168af5ac_shot_001_000,lpips,mouth,0.09845928
46,0.302801,eb79a85e6b928add93a5fbf5168af5ac_shot_001_000,lpips,full,0.06137595
46,0.302801,eb79a85e6b928add93a5fbf5168af5ac_shot_001_000,sharpness,mouth,15.7763
46,0.302801,eb79a85e6b928add93a5fbf5168af5ac_shot_001_000,lmd,mouth,2.796362
46,0.302801,eb79a85e6b928add93a5fbf5168af5ac_shot_001_000,sync_d,mouth,9.188185
46,0.302801,eb79a85e6b928add93a5fbf5168af5ac_shot_001_000,sync_c,mouth,6.213549
47,0.241740,eb79a85e6b928add93a5fbf5168af5ac_shot_001_000,pixel_mse,mouth,0.00180598
47,0.241740,eb79a85e6b928add93a5fbf5168af5ac_shot_001_000,pixel_mse,upper_face,0.00010188
47,0.241740,eb79a85e6b928add93a5fbf5168af5ac_shot_001_000,pixel_mse,full,0.00079544
47,0.241740,eb79a85e6b928add93a5fbf5168af5ac_shot_001_000,ssim,mouth,0.87368548
47,0.241740,eb79a85e6b928add93a5fbf5168af5ac_shot_001_000,ssim,upper_face,0.97159833
47,0.241740,eb79a85e6b928add93a5fbf5168af5ac_shot_001_000,ssim,full,0.93174809
47,0.241740,eb79a85e6b928add93a5fbf5168af5ac_shot_001_000,lpips,mouth,0.09806273
47,0.241740,eb79a85e6b928add93a5fbf5168af5ac_shot_001_000,lpips,full,0.06114629
47,0.241740,eb79a85e6b928add93a5fbf5168af5ac_shot_001_000,sharpness,mouth,15.7673
47,0.241740,eb79a85e6b928add93a5fbf5168af5ac_shot_001_000,lmd,mouth,2.895787
47,0.241740,eb79a85e6b928add93a5fbf5168af5ac_shot_001_000,sync_d,mouth,9.049651
47,0.241740,eb79a85e6b928add93a5fbf5168af5ac_shot_001_000,sync_c,mouth,6.272917
48,0.172265,eb79a85e6b928add93a5fbf5168af5ac_shot_001_000,pixel_mse,mouth,0.00182953
48,0.172265,eb79a85e6b928add93a5fbf5168af5ac_shot_001_000,pixel_mse,upper_face,0.00010415
48,0.172265,eb79a85e6b928add93a5fbf5168af5ac_shot_001_000,pixel_mse,full,0.00080638
48,0.172265,eb79a85e6b928add93a5fbf5168af5ac_shot_001_000,ssim,mouth,0.87180942
48,0.172265,eb79a85e6b928add93a5fbf5168af5ac_shot_001_000,ssim,upper_face,0.97147536
48,0.172265,eb79a85e6b928add93a5fbf5168af5ac_shot_001_000,ssim,full,0.93091148
48,0.172265,eb79a85e6b928add93a5fbf5168af5ac_shot_001_000,lpips,mouth,0.09744033
48,0.172265,eb79a85e6b928add93a5fbf5168af5ac_shot_001_000,lpips,full,0.06087020
48,0.172265,eb79a85e6b928add93a5fbf5168af5ac_shot_001_000,sharpness,mouth,15.7095
48,0.172265,eb79a85e6b928add93a5fbf5168af5ac_shot_001_000,lmd,mouth,2.802009
48,0.172265,eb79a85e6b928add93a5fbf5168af5ac_shot_001_000,sync_d,mouth,9.124326
48,0.172265,eb79a85e6b928add93a5fbf5168af5ac_shot_001_000,sync_c,mouth,6.280298
49,0.092507,eb79a85e6b928add93a5fbf5168af5ac_shot_001_000,pixel_mse,mouth,0.00185263
49,0.092507,eb79a85e6b928add93a5fbf5168af5ac_shot_001_000,pixel_mse,upper_face,0.00010806
49,0.092507,eb79a85e6b928add93a5fbf5168af5ac_shot_001_000,pixel_mse,full,0.00081810
49,0.092507,eb79a85e6b928add93a5fbf5168af5ac_shot_001_000,ssim,mouth,0.86987764
49,0.092507,eb79a85e6b928add93a5fbf5168af5ac_shot_001_000,ssim,upper_face,0.97106546
49,0.092507,eb79a85e6b928add93a5fbf5168af5ac_shot_001_000,ssim,full,0.92988229
49,0.092507,eb79a85e6b928add93a5fbf5168af5ac_shot_001_000,lpips,mouth,0.09724407
49,0.092507,eb79a85e6b928add93a5fbf5168af5ac_shot_001_000,lpips,full,0.06082749
49,0.092507,eb79a85e6b928add93a5fbf5168af5ac_shot_001_000,sharpness,mouth,15.6562
49,0.092507,eb79a85e6b928add93a5fbf5168af5ac_shot_001_000,lmd,mouth,2.837568
49,0.092507,eb79a85e6b928add93a5fbf5168af5ac_shot_001_000,sync_d,mouth,9.093716
49,0.092507,eb79a85e6b928add93a5fbf5168af5ac_shot_001_000,sync_c,mouth,6.310807
-1,gt,ecb359eb6753b3b64a027f66d912892e_shot_001_000,sharpness,mouth,16.2472
-1,gt,ecb359eb6753b3b64a027f66d912892e_shot_001_000,sync_d,mouth,6.977401
-1,gt,ecb359eb6753b3b64a027f66d912892e_shot_001_000,sync_c,mouth,7.866958
0,0.999000,ecb359eb6753b3b64a027f66d912892e_shot_001_000,pixel_mse,mouth,0.00299144
0,0.999000,ecb359eb6753b3b64a027f66d912892e_shot_001_000,pixel_mse,upper_face,0.00025327
0,0.999000,ecb359eb6753b3b64a027f66d912892e_shot_001_000,pixel_mse,full,0.00136770
0,0.999000,ecb359eb6753b3b64a027f66d912892e_shot_001_000,ssim,mouth,0.88998628
0,0.999000,ecb359eb6753b3b64a027f66d912892e_shot_001_000,ssim,upper_face,0.96358991
0,0.999000,ecb359eb6753b3b64a027f66d912892e_shot_001_000,ssim,full,0.93363339
0,0.999000,ecb359eb6753b3b64a027f66d912892e_shot_001_000,lpips,mouth,0.11801498
0,0.999000,ecb359eb6753b3b64a027f66d912892e_shot_001_000,lpips,full,0.07793298
0,0.999000,ecb359eb6753b3b64a027f66d912892e_shot_001_000,sharpness,mouth,17.6693
0,0.999000,ecb359eb6753b3b64a027f66d912892e_shot_001_000,lmd,mouth,6.669804
0,0.999000,ecb359eb6753b3b64a027f66d912892e_shot_001_000,sync_d,mouth,7.615801
0,0.999000,ecb359eb6753b3b64a027f66d912892e_shot_001_000,sync_c,mouth,7.730036
1,0.995732,ecb359eb6753b3b64a027f66d912892e_shot_001_000,pixel_mse,mouth,0.00296685
1,0.995732,ecb359eb6753b3b64a027f66d912892e_shot_001_000,pixel_mse,upper_face,0.00025206
1,0.995732,ecb359eb6753b3b64a027f66d912892e_shot_001_000,pixel_mse,full,0.00135697
1,0.995732,ecb359eb6753b3b64a027f66d912892e_shot_001_000,ssim,mouth,0.89015800
1,0.995732,ecb359eb6753b3b64a027f66d912892e_shot_001_000,ssim,upper_face,0.96382695
1,0.995732,ecb359eb6753b3b64a027f66d912892e_shot_001_000,ssim,full,0.93384385
1,0.995732,ecb359eb6753b3b64a027f66d912892e_shot_001_000,lpips,mouth,0.11727996
1,0.995732,ecb359eb6753b3b64a027f66d912892e_shot_001_000,lpips,full,0.07738354
1,0.995732,ecb359eb6753b3b64a027f66d912892e_shot_001_000,sharpness,mouth,17.5470
1,0.995732,ecb359eb6753b3b64a027f66d912892e_shot_001_000,lmd,mouth,6.684034
1,0.995732,ecb359eb6753b3b64a027f66d912892e_shot_001_000,sync_d,mouth,7.619601
1,0.995732,ecb359eb6753b3b64a027f66d912892e_shot_001_000,sync_c,mouth,7.771132
2,0.991530,ecb359eb6753b3b64a027f66d912892e_shot_001_000,pixel_mse,mouth,0.00292483
2,0.991530,ecb359eb6753b3b64a027f66d912892e_shot_001_000,pixel_mse,upper_face,0.00023678
2,0.991530,ecb359eb6753b3b64a027f66d912892e_shot_001_000,pixel_mse,full,0.00133081
2,0.991530,ecb359eb6753b3b64a027f66d912892e_shot_001_000,ssim,mouth,0.89109766
2,0.991530,ecb359eb6753b3b64a027f66d912892e_shot_001_000,ssim,upper_face,0.96469486
2,0.991530,ecb359eb6753b3b64a027f66d912892e_shot_001_000,ssim,full,0.93474090
2,0.991530,ecb359eb6753b3b64a027f66d912892e_shot_001_000,lpips,mouth,0.11451963
2,0.991530,ecb359eb6753b3b64a027f66d912892e_shot_001_000,lpips,full,0.07541966
2,0.991530,ecb359eb6753b3b64a027f66d912892e_shot_001_000,sharpness,mouth,17.6778
2,0.991530,ecb359eb6753b3b64a027f66d912892e_shot_001_000,lmd,mouth,6.386611
2,0.991530,ecb359eb6753b3b64a027f66d912892e_shot_001_000,sync_d,mouth,7.395802
2,0.991530,ecb359eb6753b3b64a027f66d912892e_shot_001_000,sync_c,mouth,7.920097
3,0.987187,ecb359eb6753b3b64a027f66d912892e_shot_001_000,pixel_mse,mouth,0.00296126
3,0.987187,ecb359eb6753b3b64a027f66d912892e_shot_001_000,pixel_mse,upper_face,0.00022170
3,0.987187,ecb359eb6753b3b64a027f66d912892e_shot_001_000,pixel_mse,full,0.00133669
3,0.987187,ecb359eb6753b3b64a027f66d912892e_shot_001_000,ssim,mouth,0.89210415
3,0.987187,ecb359eb6753b3b64a027f66d912892e_shot_001_000,ssim,upper_face,0.96547568
3,0.987187,ecb359eb6753b3b64a027f66d912892e_shot_001_000,ssim,full,0.93561363
3,0.987187,ecb359eb6753b3b64a027f66d912892e_shot_001_000,lpips,mouth,0.11234716
3,0.987187,ecb359eb6753b3b64a027f66d912892e_shot_001_000,lpips,full,0.07384728
3,0.987187,ecb359eb6753b3b64a027f66d912892e_shot_001_000,sharpness,mouth,17.8244
3,0.987187,ecb359eb6753b3b64a027f66d912892e_shot_001_000,lmd,mouth,6.035324
3,0.987187,ecb359eb6753b3b64a027f66d912892e_shot_001_000,sync_d,mouth,7.345989
3,0.987187,ecb359eb6753b3b64a027f66d912892e_shot_001_000,sync_c,mouth,8.004141
4,0.982696,ecb359eb6753b3b64a027f66d912892e_shot_001_000,pixel_mse,mouth,0.00296028
4,0.982696,ecb359eb6753b3b64a027f66d912892e_shot_001_000,pixel_mse,upper_face,0.00020767
4,0.982696,ecb359eb6753b3b64a027f66d912892e_shot_001_000,pixel_mse,full,0.00132798
4,0.982696,ecb359eb6753b3b64a027f66d912892e_shot_001_000,ssim,mouth,0.89313000
4,0.982696,ecb359eb6753b3b64a027f66d912892e_shot_001_000,ssim,upper_face,0.96601474
4,0.982696,ecb359eb6753b3b64a027f66d912892e_shot_001_000,ssim,full,0.93635076
4,0.982696,ecb359eb6753b3b64a027f66d912892e_shot_001_000,lpips,mouth,0.11071189
4,0.982696,ecb359eb6753b3b64a027f66d912892e_shot_001_000,lpips,full,0.07263014
4,0.982696,ecb359eb6753b3b64a027f66d912892e_shot_001_000,sharpness,mouth,18.1492
4,0.982696,ecb359eb6753b3b64a027f66d912892e_shot_001_000,lmd,mouth,5.956532
4,0.982696,ecb359eb6753b3b64a027f66d912892e_shot_001_000,sync_d,mouth,7.429996
4,0.982696,ecb359eb6753b3b64a027f66d912892e_shot_001_000,sync_c,mouth,7.868980
5,0.978048,ecb359eb6753b3b64a027f66d912892e_shot_001_000,pixel_mse,mouth,0.00300665
5,0.978048,ecb359eb6753b3b64a027f66d912892e_shot_001_000,pixel_mse,upper_face,0.00019961
5,0.978048,ecb359eb6753b3b64a027f66d912892e_shot_001_000,pixel_mse,full,0.00134207
5,0.978048,ecb359eb6753b3b64a027f66d912892e_shot_001_000,ssim,mouth,0.89343584
5,0.978048,ecb359eb6753b3b64a027f66d912892e_shot_001_000,ssim,upper_face,0.96653879
5,0.978048,ecb359eb6753b3b64a027f66d912892e_shot_001_000,ssim,full,0.93678606
5,0.978048,ecb359eb6753b3b64a027f66d912892e_shot_001_000,lpips,mouth,0.10973890
5,0.978048,ecb359eb6753b3b64a027f66d912892e_shot_001_000,lpips,full,0.07218348
5,0.978048,ecb359eb6753b3b64a027f66d912892e_shot_001_000,sharpness,mouth,18.2307
5,0.978048,ecb359eb6753b3b64a027f66d912892e_shot_001_000,lmd,mouth,5.997560
5,0.978048,ecb359eb6753b3b64a027f66d912892e_shot_001_000,sync_d,mouth,7.253303
5,0.978048,ecb359eb6753b3b64a027f66d912892e_shot_001_000,sync_c,mouth,7.865179
6,0.973236,ecb359eb6753b3b64a027f66d912892e_shot_001_000,pixel_mse,mouth,0.00300746
6,0.973236,ecb359eb6753b3b64a027f66d912892e_shot_001_000,pixel_mse,upper_face,0.00019355
6,0.973236,ecb359eb6753b3b64a027f66d912892e_shot_001_000,pixel_mse,full,0.00133881
6,0.973236,ecb359eb6753b3b64a027f66d912892e_shot_001_000,ssim,mouth,0.89408326
6,0.973236,ecb359eb6753b3b64a027f66d912892e_shot_001_000,ssim,upper_face,0.96686763
6,0.973236,ecb359eb6753b3b64a027f66d912892e_shot_001_000,ssim,full,0.93724453
6,0.973236,ecb359eb6753b3b64a027f66d912892e_shot_001_000,lpips,mouth,0.10822085
6,0.973236,ecb359eb6753b3b64a027f66d912892e_shot_001_000,lpips,full,0.07111649
6,0.973236,ecb359eb6753b3b64a027f66d912892e_shot_001_000,sharpness,mouth,18.3056
6,0.973236,ecb359eb6753b3b64a027f66d912892e_shot_001_000,lmd,mouth,5.882185
6,0.973236,ecb359eb6753b3b64a027f66d912892e_shot_001_000,sync_d,mouth,7.218500
6,0.973236,ecb359eb6753b3b64a027f66d912892e_shot_001_000,sync_c,mouth,8.011644
7,0.968250,ecb359eb6753b3b64a027f66d912892e_shot_001_000,pixel_mse,mouth,0.00300208
7,0.968250,ecb359eb6753b3b64a027f66d912892e_shot_001_000,pixel_mse,upper_face,0.00018667
7,0.968250,ecb359eb6753b3b64a027f66d912892e_shot_001_000,pixel_mse,full,0.00133254
7,0.968250,ecb359eb6753b3b64a027f66d912892e_shot_001_000,ssim,mouth,0.89451683
7,0.968250,ecb359eb6753b3b64a027f66d912892e_shot_001_000,ssim,upper_face,0.96723032
7,0.968250,ecb359eb6753b3b64a027f66d912892e_shot_001_000,ssim,full,0.93763602
7,0.968250,ecb359eb6753b3b64a027f66d912892e_shot_001_000,lpips,mouth,0.10644241
7,0.968250,ecb359eb6753b3b64a027f66d912892e_shot_001_000,lpips,full,0.06988971
7,0.968250,ecb359eb6753b3b64a027f66d912892e_shot_001_000,sharpness,mouth,18.3388
7,0.968250,ecb359eb6753b3b64a027f66d912892e_shot_001_000,lmd,mouth,6.130823
7,0.968250,ecb359eb6753b3b64a027f66d912892e_shot_001_000,sync_d,mouth,7.107521
7,0.968250,ecb359eb6753b3b64a027f66d912892e_shot_001_000,sync_c,mouth,8.140629
8,0.963082,ecb359eb6753b3b64a027f66d912892e_shot_001_000,pixel_mse,mouth,0.00301032
8,0.963082,ecb359eb6753b3b64a027f66d912892e_shot_001_000,pixel_mse,upper_face,0.00018283
8,0.963082,ecb359eb6753b3b64a027f66d912892e_shot_001_000,pixel_mse,full,0.00133361
8,0.963082,ecb359eb6753b3b64a027f66d912892e_shot_001_000,ssim,mouth,0.89503384
8,0.963082,ecb359eb6753b3b64a027f66d912892e_shot_001_000,ssim,upper_face,0.96746546
8,0.963082,ecb359eb6753b3b64a027f66d912892e_shot_001_000,ssim,full,0.93798590
8,0.963082,ecb359eb6753b3b64a027f66d912892e_shot_001_000,lpips,mouth,0.10500169
8,0.963082,ecb359eb6753b3b64a027f66d912892e_shot_001_000,lpips,full,0.06918802
8,0.963082,ecb359eb6753b3b64a027f66d912892e_shot_001_000,sharpness,mouth,18.3122
8,0.963082,ecb359eb6753b3b64a027f66d912892e_shot_001_000,lmd,mouth,5.586462
8,0.963082,ecb359eb6753b3b64a027f66d912892e_shot_001_000,sync_d,mouth,7.284555
8,0.963082,ecb359eb6753b3b64a027f66d912892e_shot_001_000,sync_c,mouth,7.805132
9,0.957720,ecb359eb6753b3b64a027f66d912892e_shot_001_000,pixel_mse,mouth,0.00304898
9,0.957720,ecb359eb6753b3b64a027f66d912892e_shot_001_000,pixel_mse,upper_face,0.00017743
9,0.957720,ecb359eb6753b3b64a027f66d912892e_shot_001_000,pixel_mse,full,0.00134615
9,0.957720,ecb359eb6753b3b64a027f66d912892e_shot_001_000,ssim,mouth,0.89470398
9,0.957720,ecb359eb6753b3b64a027f66d912892e_shot_001_000,ssim,upper_face,0.96781325
9,0.957720,ecb359eb6753b3b64a027f66d912892e_shot_001_000,ssim,full,0.93805796
9,0.957720,ecb359eb6753b3b64a027f66d912892e_shot_001_000,lpips,mouth,0.10364158
9,0.957720,ecb359eb6753b3b64a027f66d912892e_shot_001_000,lpips,full,0.06825983
9,0.957720,ecb359eb6753b3b64a027f66d912892e_shot_001_000,sharpness,mouth,18.3507
9,0.957720,ecb359eb6753b3b64a027f66d912892e_shot_001_000,lmd,mouth,5.993342
9,0.957720,ecb359eb6753b3b64a027f66d912892e_shot_001_000,sync_d,mouth,7.289335
9,0.957720,ecb359eb6753b3b64a027f66d912892e_shot_001_000,sync_c,mouth,7.853162
10,0.952154,ecb359eb6753b3b64a027f66d912892e_shot_001_000,pixel_mse,mouth,0.00302207
10,0.952154,ecb359eb6753b3b64a027f66d912892e_shot_001_000,pixel_mse,upper_face,0.00017805
10,0.952154,ecb359eb6753b3b64a027f66d912892e_shot_001_000,pixel_mse,full,0.00133556
10,0.952154,ecb359eb6753b3b64a027f66d912892e_shot_001_000,ssim,mouth,0.89509857
10,0.952154,ecb359eb6753b3b64a027f66d912892e_shot_001_000,ssim,upper_face,0.96785510
10,0.952154,ecb359eb6753b3b64a027f66d912892e_shot_001_000,ssim,full,0.93824333
10,0.952154,ecb359eb6753b3b64a027f66d912892e_shot_001_000,lpips,mouth,0.10233106
10,0.952154,ecb359eb6753b3b64a027f66d912892e_shot_001_000,lpips,full,0.06745458
10,0.952154,ecb359eb6753b3b64a027f66d912892e_shot_001_000,sharpness,mouth,18.1641
10,0.952154,ecb359eb6753b3b64a027f66d912892e_shot_001_000,lmd,mouth,5.374146
10,0.952154,ecb359eb6753b3b64a027f66d912892e_shot_001_000,sync_d,mouth,7.313402
10,0.952154,ecb359eb6753b3b64a027f66d912892e_shot_001_000,sync_c,mouth,7.887666
11,0.946372,ecb359eb6753b3b64a027f66d912892e_shot_001_000,pixel_mse,mouth,0.00305272
11,0.946372,ecb359eb6753b3b64a027f66d912892e_shot_001_000,pixel_mse,upper_face,0.00017370
11,0.946372,ecb359eb6753b3b64a027f66d912892e_shot_001_000,pixel_mse,full,0.00134545
11,0.946372,ecb359eb6753b3b64a027f66d912892e_shot_001_000,ssim,mouth,0.89495897
11,0.946372,ecb359eb6753b3b64a027f66d912892e_shot_001_000,ssim,upper_face,0.96814352
11,0.946372,ecb359eb6753b3b64a027f66d912892e_shot_001_000,ssim,full,0.93835753
11,0.946372,ecb359eb6753b3b64a027f66d912892e_shot_001_000,lpips,mouth,0.10137077
11,0.946372,ecb359eb6753b3b64a027f66d912892e_shot_001_000,lpips,full,0.06671605
11,0.946372,ecb359eb6753b3b64a027f66d912892e_shot_001_000,sharpness,mouth,18.2922
11,0.946372,ecb359eb6753b3b64a027f66d912892e_shot_001_000,lmd,mouth,5.372316
11,0.946372,ecb359eb6753b3b64a027f66d912892e_shot_001_000,sync_d,mouth,7.293036
11,0.946372,ecb359eb6753b3b64a027f66d912892e_shot_001_000,sync_c,mouth,7.912094
12,0.940361,ecb359eb6753b3b64a027f66d912892e_shot_001_000,pixel_mse,mouth,0.00306599
12,0.940361,ecb359eb6753b3b64a027f66d912892e_shot_001_000,pixel_mse,upper_face,0.00017210
12,0.940361,ecb359eb6753b3b64a027f66d912892e_shot_001_000,pixel_mse,full,0.00134991
12,0.940361,ecb359eb6753b3b64a027f66d912892e_shot_001_000,ssim,mouth,0.89498889
12,0.940361,ecb359eb6753b3b64a027f66d912892e_shot_001_000,ssim,upper_face,0.96829063
12,0.940361,ecb359eb6753b3b64a027f66d912892e_shot_001_000,ssim,full,0.93845695
12,0.940361,ecb359eb6753b3b64a027f66d912892e_shot_001_000,lpips,mouth,0.10061714
12,0.940361,ecb359eb6753b3b64a027f66d912892e_shot_001_000,lpips,full,0.06620900
12,0.940361,ecb359eb6753b3b64a027f66d912892e_shot_001_000,sharpness,mouth,18.3069
12,0.940361,ecb359eb6753b3b64a027f66d912892e_shot_001_000,lmd,mouth,5.522044
12,0.940361,ecb359eb6753b3b64a027f66d912892e_shot_001_000,sync_d,mouth,7.230477
12,0.940361,ecb359eb6753b3b64a027f66d912892e_shot_001_000,sync_c,mouth,7.981608
13,0.934107,ecb359eb6753b3b64a027f66d912892e_shot_001_000,pixel_mse,mouth,0.00309085
13,0.934107,ecb359eb6753b3b64a027f66d912892e_shot_001_000,pixel_mse,upper_face,0.00016946
13,0.934107,ecb359eb6753b3b64a027f66d912892e_shot_001_000,pixel_mse,full,0.00135846
13,0.934107,ecb359eb6753b3b64a027f66d912892e_shot_001_000,ssim,mouth,0.89467859
13,0.934107,ecb359eb6753b3b64a027f66d912892e_shot_001_000,ssim,upper_face,0.96840715
13,0.934107,ecb359eb6753b3b64a027f66d912892e_shot_001_000,ssim,full,0.93839979
13,0.934107,ecb359eb6753b3b64a027f66d912892e_shot_001_000,lpips,mouth,0.09930974
13,0.934107,ecb359eb6753b3b64a027f66d912892e_shot_001_000,lpips,full,0.06558245
13,0.934107,ecb359eb6753b3b64a027f66d912892e_shot_001_000,sharpness,mouth,18.4141
13,0.934107,ecb359eb6753b3b64a027f66d912892e_shot_001_000,lmd,mouth,5.594808
13,0.934107,ecb359eb6753b3b64a027f66d912892e_shot_001_000,sync_d,mouth,7.179267
13,0.934107,ecb359eb6753b3b64a027f66d912892e_shot_001_000,sync_c,mouth,7.989307
14,0.927596,ecb359eb6753b3b64a027f66d912892e_shot_001_000,pixel_mse,mouth,0.00314256
14,0.927596,ecb359eb6753b3b64a027f66d912892e_shot_001_000,pixel_mse,upper_face,0.00016836
14,0.927596,ecb359eb6753b3b64a027f66d912892e_shot_001_000,pixel_mse,full,0.00137885
14,0.927596,ecb359eb6753b3b64a027f66d912892e_shot_001_000,ssim,mouth,0.89436406
14,0.927596,ecb359eb6753b3b64a027f66d912892e_shot_001_000,ssim,upper_face,0.96847618
14,0.927596,ecb359eb6753b3b64a027f66d912892e_shot_001_000,ssim,full,0.93831265
14,0.927596,ecb359eb6753b3b64a027f66d912892e_shot_001_000,lpips,mouth,0.09884993
14,0.927596,ecb359eb6753b3b64a027f66d912892e_shot_001_000,lpips,full,0.06501639
14,0.927596,ecb359eb6753b3b64a027f66d912892e_shot_001_000,sharpness,mouth,18.5725
14,0.927596,ecb359eb6753b3b64a027f66d912892e_shot_001_000,lmd,mouth,5.647170
14,0.927596,ecb359eb6753b3b64a027f66d912892e_shot_001_000,sync_d,mouth,7.220826
14,0.927596,ecb359eb6753b3b64a027f66d912892e_shot_001_000,sync_c,mouth,8.068855
15,0.920810,ecb359eb6753b3b64a027f66d912892e_shot_001_000,pixel_mse,mouth,0.00319689
15,0.920810,ecb359eb6753b3b64a027f66d912892e_shot_001_000,pixel_mse,upper_face,0.00016516
15,0.920810,ecb359eb6753b3b64a027f66d912892e_shot_001_000,pixel_mse,full,0.00139907
15,0.920810,ecb359eb6753b3b64a027f66d912892e_shot_001_000,ssim,mouth,0.89408189
15,0.920810,ecb359eb6753b3b64a027f66d912892e_shot_001_000,ssim,upper_face,0.96864170
15,0.920810,ecb359eb6753b3b64a027f66d912892e_shot_001_000,ssim,full,0.93829608
15,0.920810,ecb359eb6753b3b64a027f66d912892e_shot_001_000,lpips,mouth,0.09825051
15,0.920810,ecb359eb6753b3b64a027f66d912892e_shot_001_000,lpips,full,0.06460772
15,0.920810,ecb359eb6753b3b64a027f66d912892e_shot_001_000,sharpness,mouth,18.6987
15,0.920810,ecb359eb6753b3b64a027f66d912892e_shot_001_000,lmd,mouth,5.967341
15,0.920810,ecb359eb6753b3b64a027f66d912892e_shot_001_000,sync_d,mouth,7.221609
15,0.920810,ecb359eb6753b3b64a027f66d912892e_shot_001_000,sync_c,mouth,7.969935
16,0.913733,ecb359eb6753b3b64a027f66d912892e_shot_001_000,pixel_mse,mouth,0.00322380
16,0.913733,ecb359eb6753b3b64a027f66d912892e_shot_001_000,pixel_mse,upper_face,0.00016146
16,0.913733,ecb359eb6753b3b64a027f66d912892e_shot_001_000,pixel_mse,full,0.00140783
16,0.913733,ecb359eb6753b3b64a027f66d912892e_shot_001_000,ssim,mouth,0.89394683
16,0.913733,ecb359eb6753b3b64a027f66d912892e_shot_001_000,ssim,upper_face,0.96891558
16,0.913733,ecb359eb6753b3b64a027f66d912892e_shot_001_000,ssim,full,0.93840349
16,0.913733,ecb359eb6753b3b64a027f66d912892e_shot_001_000,lpips,mouth,0.09788366
16,0.913733,ecb359eb6753b3b64a027f66d912892e_shot_001_000,lpips,full,0.06432765
16,0.913733,ecb359eb6753b3b64a027f66d912892e_shot_001_000,sharpness,mouth,18.5943
16,0.913733,ecb359eb6753b3b64a027f66d912892e_shot_001_000,lmd,mouth,5.844645
16,0.913733,ecb359eb6753b3b64a027f66d912892e_shot_001_000,sync_d,mouth,7.362316
16,0.913733,ecb359eb6753b3b64a027f66d912892e_shot_001_000,sync_c,mouth,7.820076
17,0.906344,ecb359eb6753b3b64a027f66d912892e_shot_001_000,pixel_mse,mouth,0.00327554
17,0.906344,ecb359eb6753b3b64a027f66d912892e_shot_001_000,pixel_mse,upper_face,0.00016122
17,0.906344,ecb359eb6753b3b64a027f66d912892e_shot_001_000,pixel_mse,full,0.00142874
17,0.906344,ecb359eb6753b3b64a027f66d912892e_shot_001_000,ssim,mouth,0.89374554
17,0.906344,ecb359eb6753b3b64a027f66d912892e_shot_001_000,ssim,upper_face,0.96893913
17,0.906344,ecb359eb6753b3b64a027f66d912892e_shot_001_000,ssim,full,0.93833548
17,0.906344,ecb359eb6753b3b64a027f66d912892e_shot_001_000,lpips,mouth,0.09708846
17,0.906344,ecb359eb6753b3b64a027f66d912892e_shot_001_000,lpips,full,0.06386767
17,0.906344,ecb359eb6753b3b64a027f66d912892e_shot_001_000,sharpness,mouth,18.7580
17,0.906344,ecb359eb6753b3b64a027f66d912892e_shot_001_000,lmd,mouth,5.720057
17,0.906344,ecb359eb6753b3b64a027f66d912892e_shot_001_000,sync_d,mouth,7.289062
17,0.906344,ecb359eb6753b3b64a027f66d912892e_shot_001_000,sync_c,mouth,7.894679
18,0.898624,ecb359eb6753b3b64a027f66d912892e_shot_001_000,pixel_mse,mouth,0.00331317
18,0.898624,ecb359eb6753b3b64a027f66d912892e_shot_001_000,pixel_mse,upper_face,0.00016020
18,0.898624,ecb359eb6753b3b64a027f66d912892e_shot_001_000,pixel_mse,full,0.00144345
18,0.898624,ecb359eb6753b3b64a027f66d912892e_shot_001_000,ssim,mouth,0.89333016
18,0.898624,ecb359eb6753b3b64a027f66d912892e_shot_001_000,ssim,upper_face,0.96904832
18,0.898624,ecb359eb6753b3b64a027f66d912892e_shot_001_000,ssim,full,0.93823117
18,0.898624,ecb359eb6753b3b64a027f66d912892e_shot_001_000,lpips,mouth,0.09693479
18,0.898624,ecb359eb6753b3b64a027f66d912892e_shot_001_000,lpips,full,0.06378512
18,0.898624,ecb359eb6753b3b64a027f66d912892e_shot_001_000,sharpness,mouth,18.6700
18,0.898624,ecb359eb6753b3b64a027f66d912892e_shot_001_000,lmd,mouth,5.704705
18,0.898624,ecb359eb6753b3b64a027f66d912892e_shot_001_000,sync_d,mouth,7.252461
18,0.898624,ecb359eb6753b3b64a027f66d912892e_shot_001_000,sync_c,mouth,7.984227
19,0.890548,ecb359eb6753b3b64a027f66d912892e_shot_001_000,pixel_mse,mouth,0.00334967
19,0.890548,ecb359eb6753b3b64a027f66d912892e_shot_001_000,pixel_mse,upper_face,0.00015788
19,0.890548,ecb359eb6753b3b64a027f66d912892e_shot_001_000,pixel_mse,full,0.00145693
19,0.890548,ecb359eb6753b3b64a027f66d912892e_shot_001_000,ssim,mouth,0.89306086
19,0.890548,ecb359eb6753b3b64a027f66d912892e_shot_001_000,ssim,upper_face,0.96922338
19,0.890548,ecb359eb6753b3b64a027f66d912892e_shot_001_000,ssim,full,0.93822533
19,0.890548,ecb359eb6753b3b64a027f66d912892e_shot_001_000,lpips,mouth,0.09600100
19,0.890548,ecb359eb6753b3b64a027f66d912892e_shot_001_000,lpips,full,0.06323068
19,0.890548,ecb359eb6753b3b64a027f66d912892e_shot_001_000,sharpness,mouth,18.7354
19,0.890548,ecb359eb6753b3b64a027f66d912892e_shot_001_000,lmd,mouth,5.947816
19,0.890548,ecb359eb6753b3b64a027f66d912892e_shot_001_000,sync_d,mouth,7.331306
19,0.890548,ecb359eb6753b3b64a027f66d912892e_shot_001_000,sync_c,mouth,7.882827
20,0.882093,ecb359eb6753b3b64a027f66d912892e_shot_001_000,pixel_mse,mouth,0.00338610
20,0.882093,ecb359eb6753b3b64a027f66d912892e_shot_001_000,pixel_mse,upper_face,0.00015733
20,0.882093,ecb359eb6753b3b64a027f66d912892e_shot_001_000,pixel_mse,full,0.00147143
20,0.882093,ecb359eb6753b3b64a027f66d912892e_shot_001_000,ssim,mouth,0.89277565
20,0.882093,ecb359eb6753b3b64a027f66d912892e_shot_001_000,ssim,upper_face,0.96923715
20,0.882093,ecb359eb6753b3b64a027f66d912892e_shot_001_000,ssim,full,0.93811762
20,0.882093,ecb359eb6753b3b64a027f66d912892e_shot_001_000,lpips,mouth,0.09561776
20,0.882093,ecb359eb6753b3b64a027f66d912892e_shot_001_000,lpips,full,0.06287294
20,0.882093,ecb359eb6753b3b64a027f66d912892e_shot_001_000,sharpness,mouth,18.6685
20,0.882093,ecb359eb6753b3b64a027f66d912892e_shot_001_000,lmd,mouth,5.413529
20,0.882093,ecb359eb6753b3b64a027f66d912892e_shot_001_000,sync_d,mouth,7.350738
20,0.882093,ecb359eb6753b3b64a027f66d912892e_shot_001_000,sync_c,mouth,7.824820
21,0.873231,ecb359eb6753b3b64a027f66d912892e_shot_001_000,pixel_mse,mouth,0.00340489
21,0.873231,ecb359eb6753b3b64a027f66d912892e_shot_001_000,pixel_mse,upper_face,0.00015719
21,0.873231,ecb359eb6753b3b64a027f66d912892e_shot_001_000,pixel_mse,full,0.00147899
21,0.873231,ecb359eb6753b3b64a027f66d912892e_shot_001_000,ssim,mouth,0.89246935
21,0.873231,ecb359eb6753b3b64a027f66d912892e_shot_001_000,ssim,upper_face,0.96933466
21,0.873231,ecb359eb6753b3b64a027f66d912892e_shot_001_000,ssim,full,0.93805063
21,0.873231,ecb359eb6753b3b64a027f66d912892e_shot_001_000,lpips,mouth,0.09492037
21,0.873231,ecb359eb6753b3b64a027f66d912892e_shot_001_000,lpips,full,0.06252947
21,0.873231,ecb359eb6753b3b64a027f66d912892e_shot_001_000,sharpness,mouth,18.6926
21,0.873231,ecb359eb6753b3b64a027f66d912892e_shot_001_000,lmd,mouth,5.816484
21,0.873231,ecb359eb6753b3b64a027f66d912892e_shot_001_000,sync_d,mouth,7.364317
21,0.873231,ecb359eb6753b3b64a027f66d912892e_shot_001_000,sync_c,mouth,7.850577
22,0.863931,ecb359eb6753b3b64a027f66d912892e_shot_001_000,pixel_mse,mouth,0.00343465
22,0.863931,ecb359eb6753b3b64a027f66d912892e_shot_001_000,pixel_mse,upper_face,0.00015422
22,0.863931,ecb359eb6753b3b64a027f66d912892e_shot_001_000,pixel_mse,full,0.00148935
22,0.863931,ecb359eb6753b3b64a027f66d912892e_shot_001_000,ssim,mouth,0.89212537
22,0.863931,ecb359eb6753b3b64a027f66d912892e_shot_001_000,ssim,upper_face,0.96948922
22,0.863931,ecb359eb6753b3b64a027f66d912892e_shot_001_000,ssim,full,0.93800223
22,0.863931,ecb359eb6753b3b64a027f66d912892e_shot_001_000,lpips,mouth,0.09479064
22,0.863931,ecb359eb6753b3b64a027f66d912892e_shot_001_000,lpips,full,0.06227962
22,0.863931,ecb359eb6753b3b64a027f66d912892e_shot_001_000,sharpness,mouth,18.8146
22,0.863931,ecb359eb6753b3b64a027f66d912892e_shot_001_000,lmd,mouth,5.647882
22,0.863931,ecb359eb6753b3b64a027f66d912892e_shot_001_000,sync_d,mouth,7.383310
22,0.863931,ecb359eb6753b3b64a027f66d912892e_shot_001_000,sync_c,mouth,7.881010
23,0.854160,ecb359eb6753b3b64a027f66d912892e_shot_001_000,pixel_mse,mouth,0.00345384
23,0.854160,ecb359eb6753b3b64a027f66d912892e_shot_001_000,pixel_mse,upper_face,0.00015353
23,0.854160,ecb359eb6753b3b64a027f66d912892e_shot_001_000,pixel_mse,full,0.00149675
23,0.854160,ecb359eb6753b3b64a027f66d912892e_shot_001_000,ssim,mouth,0.89198470
23,0.854160,ecb359eb6753b3b64a027f66d912892e_shot_001_000,ssim,upper_face,0.96956623
23,0.854160,ecb359eb6753b3b64a027f66d912892e_shot_001_000,ssim,full,0.93799073
23,0.854160,ecb359eb6753b3b64a027f66d912892e_shot_001_000,lpips,mouth,0.09419942
23,0.854160,ecb359eb6753b3b64a027f66d912892e_shot_001_000,lpips,full,0.06199751
23,0.854160,ecb359eb6753b3b64a027f66d912892e_shot_001_000,sharpness,mouth,18.6127
23,0.854160,ecb359eb6753b3b64a027f66d912892e_shot_001_000,lmd,mouth,5.972630
23,0.854160,ecb359eb6753b3b64a027f66d912892e_shot_001_000,sync_d,mouth,7.418583
23,0.854160,ecb359eb6753b3b64a027f66d912892e_shot_001_000,sync_c,mouth,7.855363
24,0.843882,ecb359eb6753b3b64a027f66d912892e_shot_001_000,pixel_mse,mouth,0.00349722
24,0.843882,ecb359eb6753b3b64a027f66d912892e_shot_001_000,pixel_mse,upper_face,0.00015347
24,0.843882,ecb359eb6753b3b64a027f66d912892e_shot_001_000,pixel_mse,full,0.00151436
24,0.843882,ecb359eb6753b3b64a027f66d912892e_shot_001_000,ssim,mouth,0.89146817
24,0.843882,ecb359eb6753b3b64a027f66d912892e_shot_001_000,ssim,upper_face,0.96968776
24,0.843882,ecb359eb6753b3b64a027f66d912892e_shot_001_000,ssim,full,0.93785256
24,0.843882,ecb359eb6753b3b64a027f66d912892e_shot_001_000,lpips,mouth,0.09378485
24,0.843882,ecb359eb6753b3b64a027f66d912892e_shot_001_000,lpips,full,0.06167542
24,0.843882,ecb359eb6753b3b64a027f66d912892e_shot_001_000,sharpness,mouth,18.7230
24,0.843882,ecb359eb6753b3b64a027f66d912892e_shot_001_000,lmd,mouth,6.116486
24,0.843882,ecb359eb6753b3b64a027f66d912892e_shot_001_000,sync_d,mouth,7.462895
24,0.843882,ecb359eb6753b3b64a027f66d912892e_shot_001_000,sync_c,mouth,7.738939
25,0.833055,ecb359eb6753b3b64a027f66d912892e_shot_001_000,pixel_mse,mouth,0.00484079
25,0.833055,ecb359eb6753b3b64a027f66d912892e_shot_001_000,pixel_mse,upper_face,0.00017284
25,0.833055,ecb359eb6753b3b64a027f66d912892e_shot_001_000,pixel_mse,full,0.00207269
25,0.833055,ecb359eb6753b3b64a027f66d912892e_shot_001_000,ssim,mouth,0.87303764
25,0.833055,ecb359eb6753b3b64a027f66d912892e_shot_001_000,ssim,upper_face,0.96712530
25,0.833055,ecb359eb6753b3b64a027f66d912892e_shot_001_000,ssim,full,0.92883176
25,0.833055,ecb359eb6753b3b64a027f66d912892e_shot_001_000,lpips,mouth,0.10114609
25,0.833055,ecb359eb6753b3b64a027f66d912892e_shot_001_000,lpips,full,0.06587952
25,0.833055,ecb359eb6753b3b64a027f66d912892e_shot_001_000,sharpness,mouth,20.3825
25,0.833055,ecb359eb6753b3b64a027f66d912892e_shot_001_000,lmd,mouth,8.114239
25,0.833055,ecb359eb6753b3b64a027f66d912892e_shot_001_000,sync_d,mouth,7.424618
25,0.833055,ecb359eb6753b3b64a027f66d912892e_shot_001_000,sync_c,mouth,7.658831
26,0.821636,ecb359eb6753b3b64a027f66d912892e_shot_001_000,pixel_mse,mouth,0.00468935
26,0.821636,ecb359eb6753b3b64a027f66d912892e_shot_001_000,pixel_mse,upper_face,0.00017127
26,0.821636,ecb359eb6753b3b64a027f66d912892e_shot_001_000,pixel_mse,full,0.00201012
26,0.821636,ecb359eb6753b3b64a027f66d912892e_shot_001_000,ssim,mouth,0.87508589
26,0.821636,ecb359eb6753b3b64a027f66d912892e_shot_001_000,ssim,upper_face,0.96731097
26,0.821636,ecb359eb6753b3b64a027f66d912892e_shot_001_000,ssim,full,0.92977566
26,0.821636,ecb359eb6753b3b64a027f66d912892e_shot_001_000,lpips,mouth,0.09891630
26,0.821636,ecb359eb6753b3b64a027f66d912892e_shot_001_000,lpips,full,0.06475274
26,0.821636,ecb359eb6753b3b64a027f66d912892e_shot_001_000,sharpness,mouth,20.1022
26,0.821636,ecb359eb6753b3b64a027f66d912892e_shot_001_000,lmd,mouth,7.393121
26,0.821636,ecb359eb6753b3b64a027f66d912892e_shot_001_000,sync_d,mouth,7.198184
26,0.821636,ecb359eb6753b3b64a027f66d912892e_shot_001_000,sync_c,mouth,7.889359
27,0.809574,ecb359eb6753b3b64a027f66d912892e_shot_001_000,pixel_mse,mouth,0.00458227
27,0.809574,ecb359eb6753b3b64a027f66d912892e_shot_001_000,pixel_mse,upper_face,0.00017206
27,0.809574,ecb359eb6753b3b64a027f66d912892e_shot_001_000,pixel_mse,full,0.00196701
27,0.809574,ecb359eb6753b3b64a027f66d912892e_shot_001_000,ssim,mouth,0.87643772
27,0.809574,ecb359eb6753b3b64a027f66d912892e_shot_001_000,ssim,upper_face,0.96734017
27,0.809574,ecb359eb6753b3b64a027f66d912892e_shot_001_000,ssim,full,0.93034297
27,0.809574,ecb359eb6753b3b64a027f66d912892e_shot_001_000,lpips,mouth,0.09763645
27,0.809574,ecb359eb6753b3b64a027f66d912892e_shot_001_000,lpips,full,0.06393607
27,0.809574,ecb359eb6753b3b64a027f66d912892e_shot_001_000,sharpness,mouth,19.4084
27,0.809574,ecb359eb6753b3b64a027f66d912892e_shot_001_000,lmd,mouth,7.724706
27,0.809574,ecb359eb6753b3b64a027f66d912892e_shot_001_000,sync_d,mouth,7.240169
27,0.809574,ecb359eb6753b3b64a027f66d912892e_shot_001_000,sync_c,mouth,7.802683
28,0.796812,ecb359eb6753b3b64a027f66d912892e_shot_001_000,pixel_mse,mouth,0.00447495
28,0.796812,ecb359eb6753b3b64a027f66d912892e_shot_001_000,pixel_mse,upper_face,0.00017246
28,0.796812,ecb359eb6753b3b64a027f66d912892e_shot_001_000,pixel_mse,full,0.00192356
28,0.796812,ecb359eb6753b3b64a027f66d912892e_shot_001_000,ssim,mouth,0.87750781
28,0.796812,ecb359eb6753b3b64a027f66d912892e_shot_001_000,ssim,upper_face,0.96738690
28,0.796812,ecb359eb6753b3b64a027f66d912892e_shot_001_000,ssim,full,0.93080628
28,0.796812,ecb359eb6753b3b64a027f66d912892e_shot_001_000,lpips,mouth,0.09673510
28,0.796812,ecb359eb6753b3b64a027f66d912892e_shot_001_000,lpips,full,0.06347448
28,0.796812,ecb359eb6753b3b64a027f66d912892e_shot_001_000,sharpness,mouth,19.3884
28,0.796812,ecb359eb6753b3b64a027f66d912892e_shot_001_000,lmd,mouth,6.950955
28,0.796812,ecb359eb6753b3b64a027f66d912892e_shot_001_000,sync_d,mouth,7.072896
28,0.796812,ecb359eb6753b3b64a027f66d912892e_shot_001_000,sync_c,mouth,8.042625
29,0.783290,ecb359eb6753b3b64a027f66d912892e_shot_001_000,pixel_mse,mouth,0.00433296
29,0.783290,ecb359eb6753b3b64a027f66d912892e_shot_001_000,pixel_mse,upper_face,0.00016793
29,0.783290,ecb359eb6753b3b64a027f66d912892e_shot_001_000,pixel_mse,full,0.00186308
29,0.783290,ecb359eb6753b3b64a027f66d912892e_shot_001_000,ssim,mouth,0.87867099
29,0.783290,ecb359eb6753b3b64a027f66d912892e_shot_001_000,ssim,upper_face,0.96764386
29,0.783290,ecb359eb6753b3b64a027f66d912892e_shot_001_000,ssim,full,0.93143207
29,0.783290,ecb359eb6753b3b64a027f66d912892e_shot_001_000,lpips,mouth,0.09576914
29,0.783290,ecb359eb6753b3b64a027f66d912892e_shot_001_000,lpips,full,0.06291055
29,0.783290,ecb359eb6753b3b64a027f66d912892e_shot_001_000,sharpness,mouth,18.7370
29,0.783290,ecb359eb6753b3b64a027f66d912892e_shot_001_000,lmd,mouth,7.046367
29,0.783290,ecb359eb6753b3b64a027f66d912892e_shot_001_000,sync_d,mouth,7.035804
29,0.783290,ecb359eb6753b3b64a027f66d912892e_shot_001_000,sync_c,mouth,8.011667
30,0.768935,ecb359eb6753b3b64a027f66d912892e_shot_001_000,pixel_mse,mouth,0.00423177
30,0.768935,ecb359eb6753b3b64a027f66d912892e_shot_001_000,pixel_mse,upper_face,0.00016536
30,0.768935,ecb359eb6753b3b64a027f66d912892e_shot_001_000,pixel_mse,full,0.00182038
30,0.768935,ecb359eb6753b3b64a027f66d912892e_shot_001_000,ssim,mouth,0.87986207
30,0.768935,ecb359eb6753b3b64a027f66d912892e_shot_001_000,ssim,upper_face,0.96778202
30,0.768935,ecb359eb6753b3b64a027f66d912892e_shot_001_000,ssim,full,0.93199873
30,0.768935,ecb359eb6753b3b64a027f66d912892e_shot_001_000,lpips,mouth,0.09471595
30,0.768935,ecb359eb6753b3b64a027f66d912892e_shot_001_000,lpips,full,0.06235995
30,0.768935,ecb359eb6753b3b64a027f66d912892e_shot_001_000,sharpness,mouth,18.6418
30,0.768935,ecb359eb6753b3b64a027f66d912892e_shot_001_000,lmd,mouth,6.952211
30,0.768935,ecb359eb6753b3b64a027f66d912892e_shot_001_000,sync_d,mouth,6.924752
30,0.768935,ecb359eb6753b3b64a027f66d912892e_shot_001_000,sync_c,mouth,8.151024
31,0.753669,ecb359eb6753b3b64a027f66d912892e_shot_001_000,pixel_mse,mouth,0.00418750
31,0.753669,ecb359eb6753b3b64a027f66d912892e_shot_001_000,pixel_mse,upper_face,0.00016663
31,0.753669,ecb359eb6753b3b64a027f66d912892e_shot_001_000,pixel_mse,full,0.00180312
31,0.753669,ecb359eb6753b3b64a027f66d912892e_shot_001_000,ssim,mouth,0.88060796
31,0.753669,ecb359eb6753b3b64a027f66d912892e_shot_001_000,ssim,upper_face,0.96780944
31,0.753669,ecb359eb6753b3b64a027f66d912892e_shot_001_000,ssim,full,0.93231863
31,0.753669,ecb359eb6753b3b64a027f66d912892e_shot_001_000,lpips,mouth,0.09444609
31,0.753669,ecb359eb6753b3b64a027f66d912892e_shot_001_000,lpips,full,0.06214193
31,0.753669,ecb359eb6753b3b64a027f66d912892e_shot_001_000,sharpness,mouth,18.4089
31,0.753669,ecb359eb6753b3b64a027f66d912892e_shot_001_000,lmd,mouth,7.167953
31,0.753669,ecb359eb6753b3b64a027f66d912892e_shot_001_000,sync_d,mouth,6.854591
31,0.753669,ecb359eb6753b3b64a027f66d912892e_shot_001_000,sync_c,mouth,8.234509
32,0.737402,ecb359eb6753b3b64a027f66d912892e_shot_001_000,pixel_mse,mouth,0.00415217
32,0.737402,ecb359eb6753b3b64a027f66d912892e_shot_001_000,pixel_mse,upper_face,0.00016354
32,0.737402,ecb359eb6753b3b64a027f66d912892e_shot_001_000,pixel_mse,full,0.00178691
32,0.737402,ecb359eb6753b3b64a027f66d912892e_shot_001_000,ssim,mouth,0.88093078
32,0.737402,ecb359eb6753b3b64a027f66d912892e_shot_001_000,ssim,upper_face,0.96800750
32,0.737402,ecb359eb6753b3b64a027f66d912892e_shot_001_000,ssim,full,0.93256748
32,0.737402,ecb359eb6753b3b64a027f66d912892e_shot_001_000,lpips,mouth,0.09434015
32,0.737402,ecb359eb6753b3b64a027f66d912892e_shot_001_000,lpips,full,0.06199363
32,0.737402,ecb359eb6753b3b64a027f66d912892e_shot_001_000,sharpness,mouth,18.4592
32,0.737402,ecb359eb6753b3b64a027f66d912892e_shot_001_000,lmd,mouth,7.117804
32,0.737402,ecb359eb6753b3b64a027f66d912892e_shot_001_000,sync_d,mouth,6.801526
32,0.737402,ecb359eb6753b3b64a027f66d912892e_shot_001_000,sync_c,mouth,8.325206
33,0.720034,ecb359eb6753b3b64a027f66d912892e_shot_001_000,pixel_mse,mouth,0.00410232
33,0.720034,ecb359eb6753b3b64a027f66d912892e_shot_001_000,pixel_mse,upper_face,0.00016655
33,0.720034,ecb359eb6753b3b64a027f66d912892e_shot_001_000,pixel_mse,full,0.00176840
33,0.720034,ecb359eb6753b3b64a027f66d912892e_shot_001_000,ssim,mouth,0.88118327
33,0.720034,ecb359eb6753b3b64a027f66d912892e_shot_001_000,ssim,upper_face,0.96807986
33,0.720034,ecb359eb6753b3b64a027f66d912892e_shot_001_000,ssim,full,0.93271309
33,0.720034,ecb359eb6753b3b64a027f66d912892e_shot_001_000,lpips,mouth,0.09449627
33,0.720034,ecb359eb6753b3b64a027f66d912892e_shot_001_000,lpips,full,0.06229322
33,0.720034,ecb359eb6753b3b64a027f66d912892e_shot_001_000,sharpness,mouth,18.6483
33,0.720034,ecb359eb6753b3b64a027f66d912892e_shot_001_000,lmd,mouth,7.397944
33,0.720034,ecb359eb6753b3b64a027f66d912892e_shot_001_000,sync_d,mouth,6.797304
33,0.720034,ecb359eb6753b3b64a027f66d912892e_shot_001_000,sync_c,mouth,8.333242
34,0.701446,ecb359eb6753b3b64a027f66d912892e_shot_001_000,pixel_mse,mouth,0.00410341
34,0.701446,ecb359eb6753b3b64a027f66d912892e_shot_001_000,pixel_mse,upper_face,0.00016520
34,0.701446,ecb359eb6753b3b64a027f66d912892e_shot_001_000,pixel_mse,full,0.00176805
34,0.701446,ecb359eb6753b3b64a027f66d912892e_shot_001_000,ssim,mouth,0.88119268
34,0.701446,ecb359eb6753b3b64a027f66d912892e_shot_001_000,ssim,upper_face,0.96805978
34,0.701446,ecb359eb6753b3b64a027f66d912892e_shot_001_000,ssim,full,0.93270516
34,0.701446,ecb359eb6753b3b64a027f66d912892e_shot_001_000,lpips,mouth,0.09423504
34,0.701446,ecb359eb6753b3b64a027f66d912892e_shot_001_000,lpips,full,0.06196411
34,0.701446,ecb359eb6753b3b64a027f66d912892e_shot_001_000,sharpness,mouth,18.4223
34,0.701446,ecb359eb6753b3b64a027f66d912892e_shot_001_000,lmd,mouth,7.125889
34,0.701446,ecb359eb6753b3b64a027f66d912892e_shot_001_000,sync_d,mouth,6.805934
34,0.701446,ecb359eb6753b3b64a027f66d912892e_shot_001_000,sync_c,mouth,8.400927
35,0.681508,ecb359eb6753b3b64a027f66d912892e_shot_001_000,pixel_mse,mouth,0.00406761
35,0.681508,ecb359eb6753b3b64a027f66d912892e_shot_001_000,pixel_mse,upper_face,0.00016206
35,0.681508,ecb359eb6753b3b64a027f66d912892e_shot_001_000,pixel_mse,full,0.00175161
35,0.681508,ecb359eb6753b3b64a027f66d912892e_shot_001_000,ssim,mouth,0.88127691
35,0.681508,ecb359eb6753b3b64a027f66d912892e_shot_001_000,ssim,upper_face,0.96828836
35,0.681508,ecb359eb6753b3b64a027f66d912892e_shot_001_000,ssim,full,0.93287498
35,0.681508,ecb359eb6753b3b64a027f66d912892e_shot_001_000,lpips,mouth,0.09435146
35,0.681508,ecb359eb6753b3b64a027f66d912892e_shot_001_000,lpips,full,0.06194239
35,0.681508,ecb359eb6753b3b64a027f66d912892e_shot_001_000,sharpness,mouth,18.3955
35,0.681508,ecb359eb6753b3b64a027f66d912892e_shot_001_000,lmd,mouth,7.245063
35,0.681508,ecb359eb6753b3b64a027f66d912892e_shot_001_000,sync_d,mouth,6.884351
35,0.681508,ecb359eb6753b3b64a027f66d912892e_shot_001_000,sync_c,mouth,8.320059
36,0.660066,ecb359eb6753b3b64a027f66d912892e_shot_001_000,pixel_mse,mouth,0.00411813
36,0.660066,ecb359eb6753b3b64a027f66d912892e_shot_001_000,pixel_mse,upper_face,0.00016264
36,0.660066,ecb359eb6753b3b64a027f66d912892e_shot_001_000,pixel_mse,full,0.00177251
36,0.660066,ecb359eb6753b3b64a027f66d912892e_shot_001_000,ssim,mouth,0.88079804
36,0.660066,ecb359eb6753b3b64a027f66d912892e_shot_001_000,ssim,upper_face,0.96830618
36,0.660066,ecb359eb6753b3b64a027f66d912892e_shot_001_000,ssim,full,0.93269068
36,0.660066,ecb359eb6753b3b64a027f66d912892e_shot_001_000,lpips,mouth,0.09428121
36,0.660066,ecb359eb6753b3b64a027f66d912892e_shot_001_000,lpips,full,0.06189573
36,0.660066,ecb359eb6753b3b64a027f66d912892e_shot_001_000,sharpness,mouth,18.5406
36,0.660066,ecb359eb6753b3b64a027f66d912892e_shot_001_000,lmd,mouth,6.958580
36,0.660066,ecb359eb6753b3b64a027f66d912892e_shot_001_000,sync_d,mouth,6.933074
36,0.660066,ecb359eb6753b3b64a027f66d912892e_shot_001_000,sync_c,mouth,8.311626
37,0.636942,ecb359eb6753b3b64a027f66d912892e_shot_001_000,pixel_mse,mouth,0.00411443
37,0.636942,ecb359eb6753b3b64a027f66d912892e_shot_001_000,pixel_mse,upper_face,0.00015996
37,0.636942,ecb359eb6753b3b64a027f66d912892e_shot_001_000,pixel_mse,full,0.00176942
37,0.636942,ecb359eb6753b3b64a027f66d912892e_shot_001_000,ssim,mouth,0.88048393
37,0.636942,ecb359eb6753b3b64a027f66d912892e_shot_001_000,ssim,upper_face,0.96846253
37,0.636942,ecb359eb6753b3b64a027f66d912892e_shot_001_000,ssim,full,0.93265533
37,0.636942,ecb359eb6753b3b64a027f66d912892e_shot_001_000,lpips,mouth,0.09421387
37,0.636942,ecb359eb6753b3b64a027f66d912892e_shot_001_000,lpips,full,0.06171655
37,0.636942,ecb359eb6753b3b64a027f66d912892e_shot_001_000,sharpness,mouth,18.3323
37,0.636942,ecb359eb6753b3b64a027f66d912892e_shot_001_000,lmd,mouth,7.254052
37,0.636942,ecb359eb6753b3b64a027f66d912892e_shot_001_000,sync_d,mouth,6.983544
37,0.636942,ecb359eb6753b3b64a027f66d912892e_shot_001_000,sync_c,mouth,8.276918
38,0.611932,ecb359eb6753b3b64a027f66d912892e_shot_001_000,pixel_mse,mouth,0.00415457
38,0.611932,ecb359eb6753b3b64a027f66d912892e_shot_001_000,pixel_mse,upper_face,0.00015746
38,0.611932,ecb359eb6753b3b64a027f66d912892e_shot_001_000,pixel_mse,full,0.00178427
38,0.611932,ecb359eb6753b3b64a027f66d912892e_shot_001_000,ssim,mouth,0.88006723
38,0.611932,ecb359eb6753b3b64a027f66d912892e_shot_001_000,ssim,upper_face,0.96863163
38,0.611932,ecb359eb6753b3b64a027f66d912892e_shot_001_000,ssim,full,0.93258601
38,0.611932,ecb359eb6753b3b64a027f66d912892e_shot_001_000,lpips,mouth,0.09441607
38,0.611932,ecb359eb6753b3b64a027f66d912892e_shot_001_000,lpips,full,0.06199234
38,0.611932,ecb359eb6753b3b64a027f66d912892e_shot_001_000,sharpness,mouth,18.4791
38,0.611932,ecb359eb6753b3b64a027f66d912892e_shot_001_000,lmd,mouth,7.353490
38,0.611932,ecb359eb6753b3b64a027f66d912892e_shot_001_000,sync_d,mouth,6.969957
38,0.611932,ecb359eb6753b3b64a027f66d912892e_shot_001_000,sync_c,mouth,8.332357
39,0.584795,ecb359eb6753b3b64a027f66d912892e_shot_001_000,pixel_mse,mouth,0.00417029
39,0.584795,ecb359eb6753b3b64a027f66d912892e_shot_001_000,pixel_mse,upper_face,0.00015475
39,0.584795,ecb359eb6753b3b64a027f66d912892e_shot_001_000,pixel_mse,full,0.00178907
39,0.584795,ecb359eb6753b3b64a027f66d912892e_shot_001_000,ssim,mouth,0.87957245
39,0.584795,ecb359eb6753b3b64a027f66d912892e_shot_001_000,ssim,upper_face,0.96885973
39,0.584795,ecb359eb6753b3b64a027f66d912892e_shot_001_000,ssim,full,0.93251997
39,0.584795,ecb359eb6753b3b64a027f66d912892e_shot_001_000,lpips,mouth,0.09478874
39,0.584795,ecb359eb6753b3b64a027f66d912892e_shot_001_000,lpips,full,0.06212325
39,0.584795,ecb359eb6753b3b64a027f66d912892e_shot_001_000,sharpness,mouth,18.4283
39,0.584795,ecb359eb6753b3b64a027f66d912892e_shot_001_000,lmd,mouth,7.077265
39,0.584795,ecb359eb6753b3b64a027f66d912892e_shot_001_000,sync_d,mouth,7.001366
39,0.584795,ecb359eb6753b3b64a027f66d912892e_shot_001_000,sync_c,mouth,8.197163
40,0.555247,ecb359eb6753b3b64a027f66d912892e_shot_001_000,pixel_mse,mouth,0.00418294
40,0.555247,ecb359eb6753b3b64a027f66d912892e_shot_001_000,pixel_mse,upper_face,0.00015475
40,0.555247,ecb359eb6753b3b64a027f66d912892e_shot_001_000,pixel_mse,full,0.00179421
40,0.555247,ecb359eb6753b3b64a027f66d912892e_shot_001_000,ssim,mouth,0.87900609
40,0.555247,ecb359eb6753b3b64a027f66d912892e_shot_001_000,ssim,upper_face,0.96888834
40,0.555247,ecb359eb6753b3b64a027f66d912892e_shot_001_000,ssim,full,0.93230653
40,0.555247,ecb359eb6753b3b64a027f66d912892e_shot_001_000,lpips,mouth,0.09518410
40,0.555247,ecb359eb6753b3b64a027f66d912892e_shot_001_000,lpips,full,0.06221582
40,0.555247,ecb359eb6753b3b64a027f66d912892e_shot_001_000,sharpness,mouth,18.3598
40,0.555247,ecb359eb6753b3b64a027f66d912892e_shot_001_000,lmd,mouth,7.197141
40,0.555247,ecb359eb6753b3b64a027f66d912892e_shot_001_000,sync_d,mouth,7.033740
40,0.555247,ecb359eb6753b3b64a027f66d912892e_shot_001_000,sync_c,mouth,8.240686
41,0.522951,ecb359eb6753b3b64a027f66d912892e_shot_001_000,pixel_mse,mouth,0.00420118
41,0.522951,ecb359eb6753b3b64a027f66d912892e_shot_001_000,pixel_mse,upper_face,0.00015247
41,0.522951,ecb359eb6753b3b64a027f66d912892e_shot_001_000,pixel_mse,full,0.00180029
41,0.522951,ecb359eb6753b3b64a027f66d912892e_shot_001_000,ssim,mouth,0.87850273
41,0.522951,ecb359eb6753b3b64a027f66d912892e_shot_001_000,ssim,upper_face,0.96904045
41,0.522951,ecb359eb6753b3b64a027f66d912892e_shot_001_000,ssim,full,0.93219185
41,0.522951,ecb359eb6753b3b64a027f66d912892e_shot_001_000,lpips,mouth,0.09524482
41,0.522951,ecb359eb6753b3b64a027f66d912892e_shot_001_000,lpips,full,0.06218943
41,0.522951,ecb359eb6753b3b64a027f66d912892e_shot_001_000,sharpness,mouth,18.3907
41,0.522951,ecb359eb6753b3b64a027f66d912892e_shot_001_000,lmd,mouth,7.140986
41,0.522951,ecb359eb6753b3b64a027f66d912892e_shot_001_000,sync_d,mouth,7.097344
41,0.522951,ecb359eb6753b3b64a027f66d912892e_shot_001_000,sync_c,mouth,8.208260
42,0.487507,ecb359eb6753b3b64a027f66d912892e_shot_001_000,pixel_mse,mouth,0.00423291
42,0.487507,ecb359eb6753b3b64a027f66d912892e_shot_001_000,pixel_mse,upper_face,0.00015139
42,0.487507,ecb359eb6753b3b64a027f66d912892e_shot_001_000,pixel_mse,full,0.00181256
42,0.487507,ecb359eb6753b3b64a027f66d912892e_shot_001_000,ssim,mouth,0.87761724
42,0.487507,ecb359eb6753b3b64a027f66d912892e_shot_001_000,ssim,upper_face,0.96917969
42,0.487507,ecb359eb6753b3b64a027f66d912892e_shot_001_000,ssim,full,0.93191397
42,0.487507,ecb359eb6753b3b64a027f66d912892e_shot_001_000,lpips,mouth,0.09531283
42,0.487507,ecb359eb6753b3b64a027f66d912892e_shot_001_000,lpips,full,0.06217577
42,0.487507,ecb359eb6753b3b64a027f66d912892e_shot_001_000,sharpness,mouth,18.2605
42,0.487507,ecb359eb6753b3b64a027f66d912892e_shot_001_000,lmd,mouth,7.099414
42,0.487507,ecb359eb6753b3b64a027f66d912892e_shot_001_000,sync_d,mouth,7.018320
42,0.487507,ecb359eb6753b3b64a027f66d912892e_shot_001_000,sync_c,mouth,8.312469
43,0.448430,ecb359eb6753b3b64a027f66d912892e_shot_001_000,pixel_mse,mouth,0.00428341
43,0.448430,ecb359eb6753b3b64a027f66d912892e_shot_001_000,pixel_mse,upper_face,0.00015267
43,0.448430,ecb359eb6753b3b64a027f66d912892e_shot_001_000,pixel_mse,full,0.00183387
43,0.448430,ecb359eb6753b3b64a027f66d912892e_shot_001_000,ssim,mouth,0.87665993
43,0.448430,ecb359eb6753b3b64a027f66d912892e_shot_001_000,ssim,upper_face,0.96931523
43,0.448430,ecb359eb6753b3b64a027f66d912892e_shot_001_000,ssim,full,0.93160474
43,0.448430,ecb359eb6753b3b64a027f66d912892e_shot_001_000,lpips,mouth,0.09550721
43,0.448430,ecb359eb6753b3b64a027f66d912892e_shot_001_000,lpips,full,0.06233341
43,0.448430,ecb359eb6753b3b64a027f66d912892e_shot_001_000,sharpness,mouth,18.2647
43,0.448430,ecb359eb6753b3b64a027f66d912892e_shot_001_000,lmd,mouth,7.028852
43,0.448430,ecb359eb6753b3b64a027f66d912892e_shot_001_000,sync_d,mouth,6.923512
43,0.448430,ecb359eb6753b3b64a027f66d912892e_shot_001_000,sync_c,mouth,8.382794
44,0.405131,ecb359eb6753b3b64a027f66d912892e_shot_001_000,pixel_mse,mouth,0.00430478
44,0.405131,ecb359eb6753b3b64a027f66d912892e_shot_001_000,pixel_mse,upper_face,0.00015135
44,0.405131,ecb359eb6753b3b64a027f66d912892e_shot_001_000,pixel_mse,full,0.00184178
44,0.405131,ecb359eb6753b3b64a027f66d912892e_shot_001_000,ssim,mouth,0.87579459
44,0.405131,ecb359eb6753b3b64a027f66d912892e_shot_001_000,ssim,upper_face,0.96940303
44,0.405131,ecb359eb6753b3b64a027f66d912892e_shot_001_000,ssim,full,0.93130457
44,0.405131,ecb359eb6753b3b64a027f66d912892e_shot_001_000,lpips,mouth,0.09603948
44,0.405131,ecb359eb6753b3b64a027f66d912892e_shot_001_000,lpips,full,0.06254075
44,0.405131,ecb359eb6753b3b64a027f66d912892e_shot_001_000,sharpness,mouth,18.2667
44,0.405131,ecb359eb6753b3b64a027f66d912892e_shot_001_000,lmd,mouth,7.601822
44,0.405131,ecb359eb6753b3b64a027f66d912892e_shot_001_000,sync_d,mouth,7.024260
44,0.405131,ecb359eb6753b3b64a027f66d912892e_shot_001_000,sync_c,mouth,8.260754
45,0.356888,ecb359eb6753b3b64a027f66d912892e_shot_001_000,pixel_mse,mouth,0.00435015
45,0.356888,ecb359eb6753b3b64a027f66d912892e_shot_001_000,pixel_mse,upper_face,0.00015087
45,0.356888,ecb359eb6753b3b64a027f66d912892e_shot_001_000,pixel_mse,full,0.00185997
45,0.356888,ecb359eb6753b3b64a027f66d912892e_shot_001_000,ssim,mouth,0.87461185
45,0.356888,ecb359eb6753b3b64a027f66d912892e_shot_001_000,ssim,upper_face,0.96951652
45,0.356888,ecb359eb6753b3b64a027f66d912892e_shot_001_000,ssim,full,0.93089050
45,0.356888,ecb359eb6753b3b64a027f66d912892e_shot_001_000,lpips,mouth,0.09595718
45,0.356888,ecb359eb6753b3b64a027f66d912892e_shot_001_000,lpips,full,0.06251499
45,0.356888,ecb359eb6753b3b64a027f66d912892e_shot_001_000,sharpness,mouth,18.1673
45,0.356888,ecb359eb6753b3b64a027f66d912892e_shot_001_000,lmd,mouth,7.292537
45,0.356888,ecb359eb6753b3b64a027f66d912892e_shot_001_000,sync_d,mouth,6.972921
45,0.356888,ecb359eb6753b3b64a027f66d912892e_shot_001_000,sync_c,mouth,8.332057
46,0.302801,ecb359eb6753b3b64a027f66d912892e_shot_001_000,pixel_mse,mouth,0.00438366
46,0.302801,ecb359eb6753b3b64a027f66d912892e_shot_001_000,pixel_mse,upper_face,0.00015075
46,0.302801,ecb359eb6753b3b64a027f66d912892e_shot_001_000,pixel_mse,full,0.00187353
46,0.302801,ecb359eb6753b3b64a027f66d912892e_shot_001_000,ssim,mouth,0.87339151
46,0.302801,ecb359eb6753b3b64a027f66d912892e_shot_001_000,ssim,upper_face,0.96961504
46,0.302801,ecb359eb6753b3b64a027f66d912892e_shot_001_000,ssim,full,0.93045223
46,0.302801,ecb359eb6753b3b64a027f66d912892e_shot_001_000,lpips,mouth,0.09631391
46,0.302801,ecb359eb6753b3b64a027f66d912892e_shot_001_000,lpips,full,0.06263726
46,0.302801,ecb359eb6753b3b64a027f66d912892e_shot_001_000,sharpness,mouth,18.1462
46,0.302801,ecb359eb6753b3b64a027f66d912892e_shot_001_000,lmd,mouth,7.416567
46,0.302801,ecb359eb6753b3b64a027f66d912892e_shot_001_000,sync_d,mouth,7.005834
46,0.302801,ecb359eb6753b3b64a027f66d912892e_shot_001_000,sync_c,mouth,8.262650
47,0.241740,ecb359eb6753b3b64a027f66d912892e_shot_001_000,pixel_mse,mouth,0.00441749
47,0.241740,ecb359eb6753b3b64a027f66d912892e_shot_001_000,pixel_mse,upper_face,0.00015196
47,0.241740,ecb359eb6753b3b64a027f66d912892e_shot_001_000,pixel_mse,full,0.00188802
47,0.241740,ecb359eb6753b3b64a027f66d912892e_shot_001_000,ssim,mouth,0.87178904
47,0.241740,ecb359eb6753b3b64a027f66d912892e_shot_001_000,ssim,upper_face,0.96950984
47,0.241740,ecb359eb6753b3b64a027f66d912892e_shot_001_000,ssim,full,0.92973763
47,0.241740,ecb359eb6753b3b64a027f66d912892e_shot_001_000,lpips,mouth,0.09694322
47,0.241740,ecb359eb6753b3b64a027f66d912892e_shot_001_000,lpips,full,0.06283515
47,0.241740,ecb359eb6753b3b64a027f66d912892e_shot_001_000,sharpness,mouth,18.1868
47,0.241740,ecb359eb6753b3b64a027f66d912892e_shot_001_000,lmd,mouth,7.139419
47,0.241740,ecb359eb6753b3b64a027f66d912892e_shot_001_000,sync_d,mouth,7.011094
47,0.241740,ecb359eb6753b3b64a027f66d912892e_shot_001_000,sync_c,mouth,8.250692
48,0.172265,ecb359eb6753b3b64a027f66d912892e_shot_001_000,pixel_mse,mouth,0.00445443
48,0.172265,ecb359eb6753b3b64a027f66d912892e_shot_001_000,pixel_mse,upper_face,0.00015415
48,0.172265,ecb359eb6753b3b64a027f66d912892e_shot_001_000,pixel_mse,full,0.00190435
48,0.172265,ecb359eb6753b3b64a027f66d912892e_shot_001_000,ssim,mouth,0.86998230
48,0.172265,ecb359eb6753b3b64a027f66d912892e_shot_001_000,ssim,upper_face,0.96940237
48,0.172265,ecb359eb6753b3b64a027f66d912892e_shot_001_000,ssim,full,0.92893857
48,0.172265,ecb359eb6753b3b64a027f66d912892e_shot_001_000,lpips,mouth,0.09751680
48,0.172265,ecb359eb6753b3b64a027f66d912892e_shot_001_000,lpips,full,0.06318843
48,0.172265,ecb359eb6753b3b64a027f66d912892e_shot_001_000,sharpness,mouth,18.0967
48,0.172265,ecb359eb6753b3b64a027f66d912892e_shot_001_000,lmd,mouth,7.636453
48,0.172265,ecb359eb6753b3b64a027f66d912892e_shot_001_000,sync_d,mouth,7.108866
48,0.172265,ecb359eb6753b3b64a027f66d912892e_shot_001_000,sync_c,mouth,8.138906
49,0.092507,ecb359eb6753b3b64a027f66d912892e_shot_001_000,pixel_mse,mouth,0.00448667
49,0.092507,ecb359eb6753b3b64a027f66d912892e_shot_001_000,pixel_mse,upper_face,0.00016238
49,0.092507,ecb359eb6753b3b64a027f66d912892e_shot_001_000,pixel_mse,full,0.00192236
49,0.092507,ecb359eb6753b3b64a027f66d912892e_shot_001_000,ssim,mouth,0.86792564
49,0.092507,ecb359eb6753b3b64a027f66d912892e_shot_001_000,ssim,upper_face,0.96888244
49,0.092507,ecb359eb6753b3b64a027f66d912892e_shot_001_000,ssim,full,0.92779326
49,0.092507,ecb359eb6753b3b64a027f66d912892e_shot_001_000,lpips,mouth,0.09815905
49,0.092507,ecb359eb6753b3b64a027f66d912892e_shot_001_000,lpips,full,0.06359630
49,0.092507,ecb359eb6753b3b64a027f66d912892e_shot_001_000,sharpness,mouth,18.1318
49,0.092507,ecb359eb6753b3b64a027f66d912892e_shot_001_000,lmd,mouth,7.603490
49,0.092507,ecb359eb6753b3b64a027f66d912892e_shot_001_000,sync_d,mouth,7.093196
49,0.092507,ecb359eb6753b3b64a027f66d912892e_shot_001_000,sync_c,mouth,8.123354
