step,t,sample,metric,region,value
-1,gt,17ef723a912e46713e84fc2b7dd74e23_shot_001_000,sharpness,mouth,12.8889
-1,gt,17ef723a912e46713e84fc2b7dd74e23_shot_001_000,sync_d,mouth,6.164442
-1,gt,17ef723a912e46713e84fc2b7dd74e23_shot_001_000,sync_c,mouth,7.671010
0,0.999000,17ef723a912e46713e84fc2b7dd74e23_shot_001_000,pixel_mse,mouth,0.00953323
0,0.999000,17ef723a912e46713e84fc2b7dd74e23_shot_001_000,pixel_mse,upper_face,0.00017336
0,0.999000,17ef723a912e46713e84fc2b7dd74e23_shot_001_000,pixel_mse,full,0.00398281
0,0.999000,17ef723a912e46713e84fc2b7dd74e23_shot_001_000,ssim,mouth,0.83156294
0,0.999000,17ef723a912e46713e84fc2b7dd74e23_shot_001_000,ssim,upper_face,0.96502298
0,0.999000,17ef723a912e46713e84fc2b7dd74e23_shot_001_000,ssim,full,0.91070509
0,0.999000,17ef723a912e46713e84fc2b7dd74e23_shot_001_000,lpips,mouth,0.14207573
0,0.999000,17ef723a912e46713e84fc2b7dd74e23_shot_001_000,lpips,full,0.08899964
0,0.999000,17ef723a912e46713e84fc2b7dd74e23_shot_001_000,sharpness,mouth,18.1061
0,0.999000,17ef723a912e46713e84fc2b7dd74e23_shot_001_000,lmd,mouth,7.996789
0,0.999000,17ef723a912e46713e84fc2b7dd74e23_shot_001_000,sync_d,mouth,6.765107
0,0.999000,17ef723a912e46713e84fc2b7dd74e23_shot_001_000,sync_c,mouth,6.924200
1,0.995732,17ef723a912e46713e84fc2b7dd74e23_shot_001_000,pixel_mse,mouth,0.00960318
1,0.995732,17ef723a912e46713e84fc2b7dd74e23_shot_001_000,pixel_mse,upper_face,0.00017470
1,0.995732,17ef723a912e46713e84fc2b7dd74e23_shot_001_000,pixel_mse,full,0.00401207
1,0.995732,17ef723a912e46713e84fc2b7dd74e23_shot_001_000,ssim,mouth,0.83151227
1,0.995732,17ef723a912e46713e84fc2b7dd74e23_shot_001_000,ssim,upper_face,0.96503824
1,0.995732,17ef723a912e46713e84fc2b7dd74e23_shot_001_000,ssim,full,0.91069341
1,0.995732,17ef723a912e46713e84fc2b7dd74e23_shot_001_000,lpips,mouth,0.14329319
1,0.995732,17ef723a912e46713e84fc2b7dd74e23_shot_001_000,lpips,full,0.08952250
1,0.995732,17ef723a912e46713e84fc2b7dd74e23_shot_001_000,sharpness,mouth,18.4061
1,0.995732,17ef723a912e46713e84fc2b7dd74e23_shot_001_000,lmd,mouth,8.405737
1,0.995732,17ef723a912e46713e84fc2b7dd74e23_shot_001_000,sync_d,mouth,6.836147
1,0.995732,17ef723a912e46713e84fc2b7dd74e23_shot_001_000,sync_c,mouth,6.841184
2,0.991530,17ef723a912e46713e84fc2b7dd74e23_shot_001_000,pixel_mse,mouth,0.00971432
2,0.991530,17ef723a912e46713e84fc2b7dd74e23_shot_001_000,pixel_mse,upper_face,0.00016063
2,0.991530,17ef723a912e46713e84fc2b7dd74e23_shot_001_000,pixel_mse,full,0.00404896
2,0.991530,17ef723a912e46713e84fc2b7dd74e23_shot_001_000,ssim,mouth,0.83264971
2,0.991530,17ef723a912e46713e84fc2b7dd74e23_shot_001_000,ssim,upper_face,0.96614027
2,0.991530,17ef723a912e46713e84fc2b7dd74e23_shot_001_000,ssim,full,0.91181004
2,0.991530,17ef723a912e46713e84fc2b7dd74e23_shot_001_000,lpips,mouth,0.14280446
2,0.991530,17ef723a912e46713e84fc2b7dd74e23_shot_001_000,lpips,full,0.08896320
2,0.991530,17ef723a912e46713e84fc2b7dd74e23_shot_001_000,sharpness,mouth,19.4625
2,0.991530,17ef723a912e46713e84fc2b7dd74e23_shot_001_000,lmd,mouth,9.632177
2,0.991530,17ef723a912e46713e84fc2b7dd74e23_shot_001_000,sync_d,mouth,6.794014
2,0.991530,17ef723a912e46713e84fc2b7dd74e23_shot_001_000,sync_c,mouth,6.808884
3,0.987187,17ef723a912e46713e84fc2b7dd74e23_shot_001_000,pixel_mse,mouth,0.01016916
3,0.987187,17ef723a912e46713e84fc2b7dd74e23_shot_001_000,pixel_mse,upper_face,0.00015216
3,0.987187,17ef723a912e46713e84fc2b7dd74e23_shot_001_000,pixel_mse,full,0.00422905
3,0.987187,17ef723a912e46713e84fc2b7dd74e23_shot_001_000,ssim,mouth,0.83184654
3,0.987187,17ef723a912e46713e84fc2b7dd74e23_shot_001_000,ssim,upper_face,0.96665519
3,0.987187,17ef723a912e46713e84fc2b7dd74e23_shot_001_000,ssim,full,0.91178846
3,0.987187,17ef723a912e46713e84fc2b7dd74e23_shot_001_000,lpips,mouth,0.14290157
3,0.987187,17ef723a912e46713e84fc2b7dd74e23_shot_001_000,lpips,full,0.08856367
3,0.987187,17ef723a912e46713e84fc2b7dd74e23_shot_001_000,sharpness,mouth,20.8087
3,0.987187,17ef723a912e46713e84fc2b7dd74e23_shot_001_000,lmd,mouth,10.900110
3,0.987187,17ef723a912e46713e84fc2b7dd74e23_shot_001_000,sync_d,mouth,6.734127
3,0.987187,17ef723a912e46713e84fc2b7dd74e23_shot_001_000,sync_c,mouth,6.783477
4,0.982696,17ef723a912e46713e84fc2b7dd74e23_shot_001_000,pixel_mse,mouth,0.01032063
4,0.982696,17ef723a912e46713e84fc2b7dd74e23_shot_001_000,pixel_mse,upper_face,0.00014526
4,0.982696,17ef723a912e46713e84fc2b7dd74e23_shot_001_000,pixel_mse,full,0.00428661
4,0.982696,17ef723a912e46713e84fc2b7dd74e23_shot_001_000,ssim,mouth,0.83199865
4,0.982696,17ef723a912e46713e84fc2b7dd74e23_shot_001_000,ssim,upper_face,0.96691614
4,0.982696,17ef723a912e46713e84fc2b7dd74e23_shot_001_000,ssim,full,0.91200501
4,0.982696,17ef723a912e46713e84fc2b7dd74e23_shot_001_000,lpips,mouth,0.14235751
4,0.982696,17ef723a912e46713e84fc2b7dd74e23_shot_001_000,lpips,full,0.08782566
4,0.982696,17ef723a912e46713e84fc2b7dd74e23_shot_001_000,sharpness,mouth,20.7835
4,0.982696,17ef723a912e46713e84fc2b7dd74e23_shot_001_000,lmd,mouth,11.373290
4,0.982696,17ef723a912e46713e84fc2b7dd74e23_shot_001_000,sync_d,mouth,6.826179
4,0.982696,17ef723a912e46713e84fc2b7dd74e23_shot_001_000,sync_c,mouth,6.714556
5,0.978048,17ef723a912e46713e84fc2b7dd74e23_shot_001_000,pixel_mse,mouth,0.01047366
5,0.978048,17ef723a912e46713e84fc2b7dd74e23_shot_001_000,pixel_mse,upper_face,0.00013630
5,0.978048,17ef723a912e46713e84fc2b7dd74e23_shot_001_000,pixel_mse,full,0.00434358
5,0.978048,17ef723a912e46713e84fc2b7dd74e23_shot_001_000,ssim,mouth,0.83075190
5,0.978048,17ef723a912e46713e84fc2b7dd74e23_shot_001_000,ssim,upper_face,0.96776092
5,0.978048,17ef723a912e46713e84fc2b7dd74e23_shot_001_000,ssim,full,0.91199869
5,0.978048,17ef723a912e46713e84fc2b7dd74e23_shot_001_000,lpips,mouth,0.14155971
5,0.978048,17ef723a912e46713e84fc2b7dd74e23_shot_001_000,lpips,full,0.08731493
5,0.978048,17ef723a912e46713e84fc2b7dd74e23_shot_001_000,sharpness,mouth,20.2295
5,0.978048,17ef723a912e46713e84fc2b7dd74e23_shot_001_000,lmd,mouth,12.452436
5,0.978048,17ef723a912e46713e84fc2b7dd74e23_shot_001_000,sync_d,mouth,7.148503
5,0.978048,17ef723a912e46713e84fc2b7dd74e23_shot_001_000,sync_c,mouth,6.431901
6,0.973236,17ef723a912e46713e84fc2b7dd74e23_shot_001_000,pixel_mse,mouth,0.00992485
6,0.973236,17ef723a912e46713e84fc2b7dd74e23_shot_001_000,pixel_mse,upper_face,0.00013264
6,0.973236,17ef723a912e46713e84fc2b7dd74e23_shot_001_000,pixel_mse,full,0.00411805
6,0.973236,17ef723a912e46713e84fc2b7dd74e23_shot_001_000,ssim,mouth,0.83026743
6,0.973236,17ef723a912e46713e84fc2b7dd74e23_shot_001_000,ssim,upper_face,0.96790606
6,0.973236,17ef723a912e46713e84fc2b7dd74e23_shot_001_000,ssim,full,0.91188759
6,0.973236,17ef723a912e46713e84fc2b7dd74e23_shot_001_000,lpips,mouth,0.13896853
6,0.973236,17ef723a912e46713e84fc2b7dd74e23_shot_001_000,lpips,full,0.08574416
6,0.973236,17ef723a912e46713e84fc2b7dd74e23_shot_001_000,sharpness,mouth,18.9687
6,0.973236,17ef723a912e46713e84fc2b7dd74e23_shot_001_000,lmd,mouth,11.812690
6,0.973236,17ef723a912e46713e84fc2b7dd74e23_shot_001_000,sync_d,mouth,7.298074
6,0.973236,17ef723a912e46713e84fc2b7dd74e23_shot_001_000,sync_c,mouth,6.457477
7,0.968250,17ef723a912e46713e84fc2b7dd74e23_shot_001_000,pixel_mse,mouth,0.00922736
7,0.968250,17ef723a912e46713e84fc2b7dd74e23_shot_001_000,pixel_mse,upper_face,0.00012956
7,0.968250,17ef723a912e46713e84fc2b7dd74e23_shot_001_000,pixel_mse,full,0.00383234
7,0.968250,17ef723a912e46713e84fc2b7dd74e23_shot_001_000,ssim,mouth,0.83072257
7,0.968250,17ef723a912e46713e84fc2b7dd74e23_shot_001_000,ssim,upper_face,0.96824628
7,0.968250,17ef723a912e46713e84fc2b7dd74e23_shot_001_000,ssim,full,0.91227448
7,0.968250,17ef723a912e46713e84fc2b7dd74e23_shot_001_000,lpips,mouth,0.13659069
7,0.968250,17ef723a912e46713e84fc2b7dd74e23_shot_001_000,lpips,full,0.08410163
7,0.968250,17ef723a912e46713e84fc2b7dd74e23_shot_001_000,sharpness,mouth,17.8764
7,0.968250,17ef723a912e46713e84fc2b7dd74e23_shot_001_000,lmd,mouth,9.781775
7,0.968250,17ef723a912e46713e84fc2b7dd74e23_shot_001_000,sync_d,mouth,7.535785
7,0.968250,17ef723a912e46713e84fc2b7dd74e23_shot_001_000,sync_c,mouth,6.371817
8,0.963082,17ef723a912e46713e84fc2b7dd74e23_shot_001_000,pixel_mse,mouth,0.00826715
8,0.963082,17ef723a912e46713e84fc2b7dd74e23_shot_001_000,pixel_mse,upper_face,0.00012659
8,0.963082,17ef723a912e46713e84fc2b7dd74e23_shot_001_000,pixel_mse,full,0.00343978
8,0.963082,17ef723a912e46713e84fc2b7dd74e23_shot_001_000,ssim,mouth,0.83556628
8,0.963082,17ef723a912e46713e84fc2b7dd74e23_shot_001_000,ssim,upper_face,0.96843910
8,0.963082,17ef723a912e46713e84fc2b7dd74e23_shot_001_000,ssim,full,0.91436017
8,0.963082,17ef723a912e46713e84fc2b7dd74e23_shot_001_000,lpips,mouth,0.13088733
8,0.963082,17ef723a912e46713e84fc2b7dd74e23_shot_001_000,lpips,full,0.08090558
8,0.963082,17ef723a912e46713e84fc2b7dd74e23_shot_001_000,sharpness,mouth,16.4353
8,0.963082,17ef723a912e46713e84fc2b7dd74e23_shot_001_000,lmd,mouth,8.124450
8,0.963082,17ef723a912e46713e84fc2b7dd74e23_shot_001_000,sync_d,mouth,7.565606
8,0.963082,17ef723a912e46713e84fc2b7dd74e23_shot_001_000,sync_c,mouth,6.354186
9,0.957720,17ef723a912e46713e84fc2b7dd74e23_shot_001_000,pixel_mse,mouth,0.00776438
9,0.957720,17ef723a912e46713e84fc2b7dd74e23_shot_001_000,pixel_mse,upper_face,0.00012264
9,0.957720,17ef723a912e46713e84fc2b7dd74e23_shot_001_000,pixel_mse,full,0.00323281
9,0.957720,17ef723a912e46713e84fc2b7dd74e23_shot_001_000,ssim,mouth,0.83849108
9,0.957720,17ef723a912e46713e84fc2b7dd74e23_shot_001_000,ssim,upper_face,0.96881801
9,0.957720,17ef723a912e46713e84fc2b7dd74e23_shot_001_000,ssim,full,0.91577536
9,0.957720,17ef723a912e46713e84fc2b7dd74e23_shot_001_000,lpips,mouth,0.12700453
9,0.957720,17ef723a912e46713e84fc2b7dd74e23_shot_001_000,lpips,full,0.07867697
9,0.957720,17ef723a912e46713e84fc2b7dd74e23_shot_001_000,sharpness,mouth,15.9398
9,0.957720,17ef723a912e46713e84fc2b7dd74e23_shot_001_000,lmd,mouth,8.090982
9,0.957720,17ef723a912e46713e84fc2b7dd74e23_shot_001_000,sync_d,mouth,7.445294
9,0.957720,17ef723a912e46713e84fc2b7dd74e23_shot_001_000,sync_c,mouth,6.435521
10,0.952154,17ef723a912e46713e84fc2b7dd74e23_shot_001_000,pixel_mse,mouth,0.00729358
10,0.952154,17ef723a912e46713e84fc2b7dd74e23_shot_001_000,pixel_mse,upper_face,0.00012176
10,0.952154,17ef723a912e46713e84fc2b7dd74e23_shot_001_000,pixel_mse,full,0.00304068
10,0.952154,17ef723a912e46713e84fc2b7dd74e23_shot_001_000,ssim,mouth,0.84092307
10,0.952154,17ef723a912e46713e84fc2b7dd74e23_shot_001_000,ssim,upper_face,0.96896350
10,0.952154,17ef723a912e46713e84fc2b7dd74e23_shot_001_000,ssim,full,0.91685128
10,0.952154,17ef723a912e46713e84fc2b7dd74e23_shot_001_000,lpips,mouth,0.12399884
10,0.952154,17ef723a912e46713e84fc2b7dd74e23_shot_001_000,lpips,full,0.07682681
10,0.952154,17ef723a912e46713e84fc2b7dd74e23_shot_001_000,sharpness,mouth,15.5885
10,0.952154,17ef723a912e46713e84fc2b7dd74e23_shot_001_000,lmd,mouth,7.932901
10,0.952154,17ef723a912e46713e84fc2b7dd74e23_shot_001_000,sync_d,mouth,7.265787
10,0.952154,17ef723a912e46713e84fc2b7dd74e23_shot_001_000,sync_c,mouth,6.602886
11,0.946372,17ef723a912e46713e84fc2b7dd74e23_shot_001_000,pixel_mse,mouth,0.00683813
11,0.946372,17ef723a912e46713e84fc2b7dd74e23_shot_001_000,pixel_mse,upper_face,0.00011998
11,0.946372,17ef723a912e46713e84fc2b7dd74e23_shot_001_000,pixel_mse,full,0.00285425
11,0.946372,17ef723a912e46713e84fc2b7dd74e23_shot_001_000,ssim,mouth,0.84455097
11,0.946372,17ef723a912e46713e84fc2b7dd74e23_shot_001_000,ssim,upper_face,0.96924478
11,0.946372,17ef723a912e46713e84fc2b7dd74e23_shot_001_000,ssim,full,0.91849470
11,0.946372,17ef723a912e46713e84fc2b7dd74e23_shot_001_000,lpips,mouth,0.12105956
11,0.946372,17ef723a912e46713e84fc2b7dd74e23_shot_001_000,lpips,full,0.07530915
11,0.946372,17ef723a912e46713e84fc2b7dd74e23_shot_001_000,sharpness,mouth,15.3539
11,0.946372,17ef723a912e46713e84fc2b7dd74e23_shot_001_000,lmd,mouth,7.987031
11,0.946372,17ef723a912e46713e84fc2b7dd74e23_shot_001_000,sync_d,mouth,7.014744
11,0.946372,17ef723a912e46713e84fc2b7dd74e23_shot_001_000,sync_c,mouth,6.795412
12,0.940361,17ef723a912e46713e84fc2b7dd74e23_shot_001_000,pixel_mse,mouth,0.00655907
12,0.940361,17ef723a912e46713e84fc2b7dd74e23_shot_001_000,pixel_mse,upper_face,0.00011609
12,0.940361,17ef723a912e46713e84fc2b7dd74e23_shot_001_000,pixel_mse,full,0.00273837
12,0.940361,17ef723a912e46713e84fc2b7dd74e23_shot_001_000,ssim,mouth,0.84686333
12,0.940361,17ef723a912e46713e84fc2b7dd74e23_shot_001_000,ssim,upper_face,0.96963471
12,0.940361,17ef723a912e46713e84fc2b7dd74e23_shot_001_000,ssim,full,0.91966718
12,0.940361,17ef723a912e46713e84fc2b7dd74e23_shot_001_000,lpips,mouth,0.11933592
12,0.940361,17ef723a912e46713e84fc2b7dd74e23_shot_001_000,lpips,full,0.07422325
12,0.940361,17ef723a912e46713e84fc2b7dd74e23_shot_001_000,sharpness,mouth,15.0865
12,0.940361,17ef723a912e46713e84fc2b7dd74e23_shot_001_000,lmd,mouth,7.679621
12,0.940361,17ef723a912e46713e84fc2b7dd74e23_shot_001_000,sync_d,mouth,6.947176
12,0.940361,17ef723a912e46713e84fc2b7dd74e23_shot_001_000,sync_c,mouth,6.984501
13,0.934107,17ef723a912e46713e84fc2b7dd74e23_shot_001_000,pixel_mse,mouth,0.00635226
13,0.934107,17ef723a912e46713e84fc2b7dd74e23_shot_001_000,pixel_mse,upper_face,0.00011521
13,0.934107,17ef723a912e46713e84fc2b7dd74e23_shot_001_000,pixel_mse,full,0.00265367
13,0.934107,17ef723a912e46713e84fc2b7dd74e23_shot_001_000,ssim,mouth,0.84749812
13,0.934107,17ef723a912e46713e84fc2b7dd74e23_shot_001_000,ssim,upper_face,0.96970558
13,0.934107,17ef723a912e46713e84fc2b7dd74e23_shot_001_000,ssim,full,0.91996735
13,0.934107,17ef723a912e46713e84fc2b7dd74e23_shot_001_000,lpips,mouth,0.11809570
13,0.934107,17ef723a912e46713e84fc2b7dd74e23_shot_001_000,lpips,full,0.07342652
13,0.934107,17ef723a912e46713e84fc2b7dd74e23_shot_001_000,sharpness,mouth,14.5848
13,0.934107,17ef723a912e46713e84fc2b7dd74e23_shot_001_000,lmd,mouth,8.109329
13,0.934107,17ef723a912e46713e84fc2b7dd74e23_shot_001_000,sync_d,mouth,6.833649
13,0.934107,17ef723a912e46713e84fc2b7dd74e23_shot_001_000,sync_c,mouth,7.061670
14,0.927596,17ef723a912e46713e84fc2b7dd74e23_shot_001_000,pixel_mse,mouth,0.00620599
14,0.927596,17ef723a912e46713e84fc2b7dd74e23_shot_001_000,pixel_mse,upper_face,0.00011321
14,0.927596,17ef723a912e46713e84fc2b7dd74e23_shot_001_000,pixel_mse,full,0.00259296
14,0.927596,17ef723a912e46713e84fc2b7dd74e23_shot_001_000,ssim,mouth,0.84818548
14,0.927596,17ef723a912e46713e84fc2b7dd74e23_shot_001_000,ssim,upper_face,0.96972758
14,0.927596,17ef723a912e46713e84fc2b7dd74e23_shot_001_000,ssim,full,0.92026019
14,0.927596,17ef723a912e46713e84fc2b7dd74e23_shot_001_000,lpips,mouth,0.11723322
14,0.927596,17ef723a912e46713e84fc2b7dd74e23_shot_001_000,lpips,full,0.07289393
14,0.927596,17ef723a912e46713e84fc2b7dd74e23_shot_001_000,sharpness,mouth,14.6625
14,0.927596,17ef723a912e46713e84fc2b7dd74e23_shot_001_000,lmd,mouth,7.997733
14,0.927596,17ef723a912e46713e84fc2b7dd74e23_shot_001_000,sync_d,mouth,6.885409
14,0.927596,17ef723a912e46713e84fc2b7dd74e23_shot_001_000,sync_c,mouth,7.018103
15,0.920810,17ef723a912e46713e84fc2b7dd74e23_shot_001_000,pixel_mse,mouth,0.00621548
15,0.920810,17ef723a912e46713e84fc2b7dd74e23_shot_001_000,pixel_mse,upper_face,0.00010959
15,0.920810,17ef723a912e46713e84fc2b7dd74e23_shot_001_000,pixel_mse,full,0.00259467
15,0.920810,17ef723a912e46713e84fc2b7dd74e23_shot_001_000,ssim,mouth,0.84800881
15,0.920810,17ef723a912e46713e84fc2b7dd74e23_shot_001_000,ssim,upper_face,0.96999717
15,0.920810,17ef723a912e46713e84fc2b7dd74e23_shot_001_000,ssim,full,0.92034817
15,0.920810,17ef723a912e46713e84fc2b7dd74e23_shot_001_000,lpips,mouth,0.11757898
15,0.920810,17ef723a912e46713e84fc2b7dd74e23_shot_001_000,lpips,full,0.07296738
15,0.920810,17ef723a912e46713e84fc2b7dd74e23_shot_001_000,sharpness,mouth,14.8912
15,0.920810,17ef723a912e46713e84fc2b7dd74e23_shot_001_000,lmd,mouth,8.074419
15,0.920810,17ef723a912e46713e84fc2b7dd74e23_shot_001_000,sync_d,mouth,6.838123
15,0.920810,17ef723a912e46713e84fc2b7dd74e23_shot_001_000,sync_c,mouth,7.052518
16,0.913733,17ef723a912e46713e84fc2b7dd74e23_shot_001_000,pixel_mse,mouth,0.00606288
16,0.913733,17ef723a912e46713e84fc2b7dd74e23_shot_001_000,pixel_mse,upper_face,0.00010616
16,0.913733,17ef723a912e46713e84fc2b7dd74e23_shot_001_000,pixel_mse,full,0.00253053
16,0.913733,17ef723a912e46713e84fc2b7dd74e23_shot_001_000,ssim,mouth,0.84971428
16,0.913733,17ef723a912e46713e84fc2b7dd74e23_shot_001_000,ssim,upper_face,0.97059238
16,0.913733,17ef723a912e46713e84fc2b7dd74e23_shot_001_000,ssim,full,0.92139518
16,0.913733,17ef723a912e46713e84fc2b7dd74e23_shot_001_000,lpips,mouth,0.11632382
16,0.913733,17ef723a912e46713e84fc2b7dd74e23_shot_001_000,lpips,full,0.07244793
16,0.913733,17ef723a912e46713e84fc2b7dd74e23_shot_001_000,sharpness,mouth,14.8173
16,0.913733,17ef723a912e46713e84fc2b7dd74e23_shot_001_000,lmd,mouth,7.953475
16,0.913733,17ef723a912e46713e84fc2b7dd74e23_shot_001_000,sync_d,mouth,6.717415
16,0.913733,17ef723a912e46713e84fc2b7dd74e23_shot_001_000,sync_c,mouth,7.203914
17,0.906344,17ef723a912e46713e84fc2b7dd74e23_shot_001_000,pixel_mse,mouth,0.00595765
17,0.906344,17ef723a912e46713e84fc2b7dd74e23_shot_001_000,pixel_mse,upper_face,0.00010564
17,0.906344,17ef723a912e46713e84fc2b7dd74e23_shot_001_000,pixel_mse,full,0.00248740
17,0.906344,17ef723a912e46713e84fc2b7dd74e23_shot_001_000,ssim,mouth,0.85010821
17,0.906344,17ef723a912e46713e84fc2b7dd74e23_shot_001_000,ssim,upper_face,0.97055358
17,0.906344,17ef723a912e46713e84fc2b7dd74e23_shot_001_000,ssim,full,0.92153269
17,0.906344,17ef723a912e46713e84fc2b7dd74e23_shot_001_000,lpips,mouth,0.11636276
17,0.906344,17ef723a912e46713e84fc2b7dd74e23_shot_001_000,lpips,full,0.07219011
17,0.906344,17ef723a912e46713e84fc2b7dd74e23_shot_001_000,sharpness,mouth,14.7169
17,0.906344,17ef723a912e46713e84fc2b7dd74e23_shot_001_000,lmd,mouth,8.114962
17,0.906344,17ef723a912e46713e84fc2b7dd74e23_shot_001_000,sync_d,mouth,6.544632
17,0.906344,17ef723a912e46713e84fc2b7dd74e23_shot_001_000,sync_c,mouth,7.344487
18,0.898624,17ef723a912e46713e84fc2b7dd74e23_shot_001_000,pixel_mse,mouth,0.00577814
18,0.898624,17ef723a912e46713e84fc2b7dd74e23_shot_001_000,pixel_mse,upper_face,0.00010357
18,0.898624,17ef723a912e46713e84fc2b7dd74e23_shot_001_000,pixel_mse,full,0.00241311
18,0.898624,17ef723a912e46713e84fc2b7dd74e23_shot_001_000,ssim,mouth,0.85105360
18,0.898624,17ef723a912e46713e84fc2b7dd74e23_shot_001_000,ssim,upper_face,0.97084290
18,0.898624,17ef723a912e46713e84fc2b7dd74e23_shot_001_000,ssim,full,0.92208892
18,0.898624,17ef723a912e46713e84fc2b7dd74e23_shot_001_000,lpips,mouth,0.11488295
18,0.898624,17ef723a912e46713e84fc2b7dd74e23_shot_001_000,lpips,full,0.07142984
18,0.898624,17ef723a912e46713e84fc2b7dd74e23_shot_001_000,sharpness,mouth,14.6130
18,0.898624,17ef723a912e46713e84fc2b7dd74e23_shot_001_000,lmd,mouth,8.048515
18,0.898624,17ef723a912e46713e84fc2b7dd74e23_shot_001_000,sync_d,mouth,6.457416
18,0.898624,17ef723a912e46713e84fc2b7dd74e23_shot_001_000,sync_c,mouth,7.428856
19,0.890548,17ef723a912e46713e84fc2b7dd74e23_shot_001_000,pixel_mse,mouth,0.00565756
19,0.890548,17ef723a912e46713e84fc2b7dd74e23_shot_001_000,pixel_mse,upper_face,0.00010361
19,0.890548,17ef723a912e46713e84fc2b7dd74e23_shot_001_000,pixel_mse,full,0.00236405
19,0.890548,17ef723a912e46713e84fc2b7dd74e23_shot_001_000,ssim,mouth,0.85170311
19,0.890548,17ef723a912e46713e84fc2b7dd74e23_shot_001_000,ssim,upper_face,0.97090203
19,0.890548,17ef723a912e46713e84fc2b7dd74e23_shot_001_000,ssim,full,0.92238843
19,0.890548,17ef723a912e46713e84fc2b7dd74e23_shot_001_000,lpips,mouth,0.11510918
19,0.890548,17ef723a912e46713e84fc2b7dd74e23_shot_001_000,lpips,full,0.07148236
19,0.890548,17ef723a912e46713e84fc2b7dd74e23_shot_001_000,sharpness,mouth,14.6391
19,0.890548,17ef723a912e46713e84fc2b7dd74e23_shot_001_000,lmd,mouth,8.041344
19,0.890548,17ef723a912e46713e84fc2b7dd74e23_shot_001_000,sync_d,mouth,6.367857
19,0.890548,17ef723a912e46713e84fc2b7dd74e23_shot_001_000,sync_c,mouth,7.499853
20,0.882093,17ef723a912e46713e84fc2b7dd74e23_shot_001_000,pixel_mse,mouth,0.00559055
20,0.882093,17ef723a912e46713e84fc2b7dd74e23_shot_001_000,pixel_mse,upper_face,0.00010179
20,0.882093,17ef723a912e46713e84fc2b7dd74e23_shot_001_000,pixel_mse,full,0.00233570
20,0.882093,17ef723a912e46713e84fc2b7dd74e23_shot_001_000,ssim,mouth,0.85201019
20,0.882093,17ef723a912e46713e84fc2b7dd74e23_shot_001_000,ssim,upper_face,0.97106886
20,0.882093,17ef723a912e46713e84fc2b7dd74e23_shot_001_000,ssim,full,0.92261225
20,0.882093,17ef723a912e46713e84fc2b7dd74e23_shot_001_000,lpips,mouth,0.11472917
20,0.882093,17ef723a912e46713e84fc2b7dd74e23_shot_001_000,lpips,full,0.07103422
20,0.882093,17ef723a912e46713e84fc2b7dd74e23_shot_001_000,sharpness,mouth,14.6069
20,0.882093,17ef723a912e46713e84fc2b7dd74e23_shot_001_000,lmd,mouth,8.088798
20,0.882093,17ef723a912e46713e84fc2b7dd74e23_shot_001_000,sync_d,mouth,6.358921
20,0.882093,17ef723a912e46713e84fc2b7dd74e23_shot_001_000,sync_c,mouth,7.471349
21,0.873231,17ef723a912e46713e84fc2b7dd74e23_shot_001_000,pixel_mse,mouth,0.00559604
21,0.873231,17ef723a912e46713e84fc2b7dd74e23_shot_001_000,pixel_mse,upper_face,0.00010186
21,0.873231,17ef723a912e46713e84fc2b7dd74e23_shot_001_000,pixel_mse,full,0.00233798
21,0.873231,17ef723a912e46713e84fc2b7dd74e23_shot_001_000,ssim,mouth,0.85167885
21,0.873231,17ef723a912e46713e84fc2b7dd74e23_shot_001_000,ssim,upper_face,0.97108585
21,0.873231,17ef723a912e46713e84fc2b7dd74e23_shot_001_000,ssim,full,0.92248732
21,0.873231,17ef723a912e46713e84fc2b7dd74e23_shot_001_000,lpips,mouth,0.11491182
21,0.873231,17ef723a912e46713e84fc2b7dd74e23_shot_001_000,lpips,full,0.07120071
21,0.873231,17ef723a912e46713e84fc2b7dd74e23_shot_001_000,sharpness,mouth,14.4819
21,0.873231,17ef723a912e46713e84fc2b7dd74e23_shot_001_000,lmd,mouth,8.178753
21,0.873231,17ef723a912e46713e84fc2b7dd74e23_shot_001_000,sync_d,mouth,6.264220
21,0.873231,17ef723a912e46713e84fc2b7dd74e23_shot_001_000,sync_c,mouth,7.532072
22,0.863931,17ef723a912e46713e84fc2b7dd74e23_shot_001_000,pixel_mse,mouth,0.00556630
22,0.863931,17ef723a912e46713e84fc2b7dd74e23_shot_001_000,pixel_mse,upper_face,0.00009900
22,0.863931,17ef723a912e46713e84fc2b7dd74e23_shot_001_000,pixel_mse,full,0.00232418
22,0.863931,17ef723a912e46713e84fc2b7dd74e23_shot_001_000,ssim,mouth,0.85167998
22,0.863931,17ef723a912e46713e84fc2b7dd74e23_shot_001_000,ssim,upper_face,0.97151262
22,0.863931,17ef723a912e46713e84fc2b7dd74e23_shot_001_000,ssim,full,0.92274100
22,0.863931,17ef723a912e46713e84fc2b7dd74e23_shot_001_000,lpips,mouth,0.11506940
22,0.863931,17ef723a912e46713e84fc2b7dd74e23_shot_001_000,lpips,full,0.07122616
22,0.863931,17ef723a912e46713e84fc2b7dd74e23_shot_001_000,sharpness,mouth,14.7875
22,0.863931,17ef723a912e46713e84fc2b7dd74e23_shot_001_000,lmd,mouth,8.277809
22,0.863931,17ef723a912e46713e84fc2b7dd74e23_shot_001_000,sync_d,mouth,6.290131
22,0.863931,17ef723a912e46713e84fc2b7dd74e23_shot_001_000,sync_c,mouth,7.518301
23,0.854160,17ef723a912e46713e84fc2b7dd74e23_shot_001_000,pixel_mse,mouth,0.00556939
23,0.854160,17ef723a912e46713e84fc2b7dd74e23_shot_001_000,pixel_mse,upper_face,0.00009834
23,0.854160,17ef723a912e46713e84fc2b7dd74e23_shot_001_000,pixel_mse,full,0.00232505
23,0.854160,17ef723a912e46713e84fc2b7dd74e23_shot_001_000,ssim,mouth,0.85157454
23,0.854160,17ef723a912e46713e84fc2b7dd74e23_shot_001_000,ssim,upper_face,0.97157186
23,0.854160,17ef723a912e46713e84fc2b7dd74e23_shot_001_000,ssim,full,0.92273307
23,0.854160,17ef723a912e46713e84fc2b7dd74e23_shot_001_000,lpips,mouth,0.11519658
23,0.854160,17ef723a912e46713e84fc2b7dd74e23_shot_001_000,lpips,full,0.07120735
23,0.854160,17ef723a912e46713e84fc2b7dd74e23_shot_001_000,sharpness,mouth,14.7187
23,0.854160,17ef723a912e46713e84fc2b7dd74e23_shot_001_000,lmd,mouth,8.257692
23,0.854160,17ef723a912e46713e84fc2b7dd74e23_shot_001_000,sync_d,mouth,6.281020
23,0.854160,17ef723a912e46713e84fc2b7dd74e23_shot_001_000,sync_c,mouth,7.476425
24,0.843882,17ef723a912e46713e84fc2b7dd74e23_shot_001_000,pixel_mse,mouth,0.00554068
24,0.843882,17ef723a912e46713e84fc2b7dd74e23_shot_001_000,pixel_mse,upper_face,0.00009714
24,0.843882,17ef723a912e46713e84fc2b7dd74e23_shot_001_000,pixel_mse,full,0.00231265
24,0.843882,17ef723a912e46713e84fc2b7dd74e23_shot_001_000,ssim,mouth,0.85158670
24,0.843882,17ef723a912e46713e84fc2b7dd74e23_shot_001_000,ssim,upper_face,0.97166264
24,0.843882,17ef723a912e46713e84fc2b7dd74e23_shot_001_000,ssim,full,0.92279202
24,0.843882,17ef723a912e46713e84fc2b7dd74e23_shot_001_000,lpips,mouth,0.11476193
24,0.843882,17ef723a912e46713e84fc2b7dd74e23_shot_001_000,lpips,full,0.07111768
24,0.843882,17ef723a912e46713e84fc2b7dd74e23_shot_001_000,sharpness,mouth,15.0046
24,0.843882,17ef723a912e46713e84fc2b7dd74e23_shot_001_000,lmd,mouth,8.288200
24,0.843882,17ef723a912e46713e84fc2b7dd74e23_shot_001_000,sync_d,mouth,6.199554
24,0.843882,17ef723a912e46713e84fc2b7dd74e23_shot_001_000,sync_c,mouth,7.554055
25,0.833055,17ef723a912e46713e84fc2b7dd74e23_shot_001_000,pixel_mse,mouth,0.00552318
25,0.833055,17ef723a912e46713e84fc2b7dd74e23_shot_001_000,pixel_mse,upper_face,0.00009647
25,0.833055,17ef723a912e46713e84fc2b7dd74e23_shot_001_000,pixel_mse,full,0.00230513
25,0.833055,17ef723a912e46713e84fc2b7dd74e23_shot_001_000,ssim,mouth,0.85189432
25,0.833055,17ef723a912e46713e84fc2b7dd74e23_shot_001_000,ssim,upper_face,0.97182059
25,0.833055,17ef723a912e46713e84fc2b7dd74e23_shot_001_000,ssim,full,0.92301083
25,0.833055,17ef723a912e46713e84fc2b7dd74e23_shot_001_000,lpips,mouth,0.11488703
25,0.833055,17ef723a912e46713e84fc2b7dd74e23_shot_001_000,lpips,full,0.07102204
25,0.833055,17ef723a912e46713e84fc2b7dd74e23_shot_001_000,sharpness,mouth,15.1063
25,0.833055,17ef723a912e46713e84fc2b7dd74e23_shot_001_000,lmd,mouth,8.303217
25,0.833055,17ef723a912e46713e84fc2b7dd74e23_shot_001_000,sync_d,mouth,6.177845
25,0.833055,17ef723a912e46713e84fc2b7dd74e23_shot_001_000,sync_c,mouth,7.593010
26,0.821636,17ef723a912e46713e84fc2b7dd74e23_shot_001_000,pixel_mse,mouth,0.00548471
26,0.821636,17ef723a912e46713e84fc2b7dd74e23_shot_001_000,pixel_mse,upper_face,0.00009587
26,0.821636,17ef723a912e46713e84fc2b7dd74e23_shot_001_000,pixel_mse,full,0.00228912
26,0.821636,17ef723a912e46713e84fc2b7dd74e23_shot_001_000,ssim,mouth,0.85208905
26,0.821636,17ef723a912e46713e84fc2b7dd74e23_shot_001_000,ssim,upper_face,0.97178411
26,0.821636,17ef723a912e46713e84fc2b7dd74e23_shot_001_000,ssim,full,0.92306858
26,0.821636,17ef723a912e46713e84fc2b7dd74e23_shot_001_000,lpips,mouth,0.11520205
26,0.821636,17ef723a912e46713e84fc2b7dd74e23_shot_001_000,lpips,full,0.07106779
26,0.821636,17ef723a912e46713e84fc2b7dd74e23_shot_001_000,sharpness,mouth,15.4276
26,0.821636,17ef723a912e46713e84fc2b7dd74e23_shot_001_000,lmd,mouth,8.126257
26,0.821636,17ef723a912e46713e84fc2b7dd74e23_shot_001_000,sync_d,mouth,6.234251
26,0.821636,17ef723a912e46713e84fc2b7dd74e23_shot_001_000,sync_c,mouth,7.596048
27,0.809574,17ef723a912e46713e84fc2b7dd74e23_shot_001_000,pixel_mse,mouth,0.00548982
27,0.809574,17ef723a912e46713e84fc2b7dd74e23_shot_001_000,pixel_mse,upper_face,0.00009514
27,0.809574,17ef723a912e46713e84fc2b7dd74e23_shot_001_000,pixel_mse,full,0.00229076
27,0.809574,17ef723a912e46713e84fc2b7dd74e23_shot_001_000,ssim,mouth,0.85210317
27,0.809574,17ef723a912e46713e84fc2b7dd74e23_shot_001_000,ssim,upper_face,0.97192138
27,0.809574,17ef723a912e46713e84fc2b7dd74e23_shot_001_000,ssim,full,0.92315573
27,0.809574,17ef723a912e46713e84fc2b7dd74e23_shot_001_000,lpips,mouth,0.11526519
27,0.809574,17ef723a912e46713e84fc2b7dd74e23_shot_001_000,lpips,full,0.07104614
27,0.809574,17ef723a912e46713e84fc2b7dd74e23_shot_001_000,sharpness,mouth,15.5086
27,0.809574,17ef723a912e46713e84fc2b7dd74e23_shot_001_000,lmd,mouth,8.099478
27,0.809574,17ef723a912e46713e84fc2b7dd74e23_shot_001_000,sync_d,mouth,6.238609
27,0.809574,17ef723a912e46713e84fc2b7dd74e23_shot_001_000,sync_c,mouth,7.582613
28,0.796812,17ef723a912e46713e84fc2b7dd74e23_shot_001_000,pixel_mse,mouth,0.00545078
28,0.796812,17ef723a912e46713e84fc2b7dd74e23_shot_001_000,pixel_mse,upper_face,0.00009397
28,0.796812,17ef723a912e46713e84fc2b7dd74e23_shot_001_000,pixel_mse,full,0.00227418
28,0.796812,17ef723a912e46713e84fc2b7dd74e23_shot_001_000,ssim,mouth,0.85285604
28,0.796812,17ef723a912e46713e84fc2b7dd74e23_shot_001_000,ssim,upper_face,0.97214609
28,0.796812,17ef723a912e46713e84fc2b7dd74e23_shot_001_000,ssim,full,0.92359531
28,0.796812,17ef723a912e46713e84fc2b7dd74e23_shot_001_000,lpips,mouth,0.11486291
28,0.796812,17ef723a912e46713e84fc2b7dd74e23_shot_001_000,lpips,full,0.07089451
28,0.796812,17ef723a912e46713e84fc2b7dd74e23_shot_001_000,sharpness,mouth,15.6397
28,0.796812,17ef723a912e46713e84fc2b7dd74e23_shot_001_000,lmd,mouth,8.141923
28,0.796812,17ef723a912e46713e84fc2b7dd74e23_shot_001_000,sync_d,mouth,6.275090
28,0.796812,17ef723a912e46713e84fc2b7dd74e23_shot_001_000,sync_c,mouth,7.614870
29,0.783290,17ef723a912e46713e84fc2b7dd74e23_shot_001_000,pixel_mse,mouth,0.00542804
29,0.783290,17ef723a912e46713e84fc2b7dd74e23_shot_001_000,pixel_mse,upper_face,0.00009254
29,0.783290,17ef723a912e46713e84fc2b7dd74e23_shot_001_000,pixel_mse,full,0.00226408
29,0.783290,17ef723a912e46713e84fc2b7dd74e23_shot_001_000,ssim,mouth,0.85310721
29,0.783290,17ef723a912e46713e84fc2b7dd74e23_shot_001_000,ssim,upper_face,0.97233939
29,0.783290,17ef723a912e46713e84fc2b7dd74e23_shot_001_000,ssim,full,0.92381209
29,0.783290,17ef723a912e46713e84fc2b7dd74e23_shot_001_000,lpips,mouth,0.11500733
29,0.783290,17ef723a912e46713e84fc2b7dd74e23_shot_001_000,lpips,full,0.07075854
29,0.783290,17ef723a912e46713e84fc2b7dd74e23_shot_001_000,sharpness,mouth,15.7794
29,0.783290,17ef723a912e46713e84fc2b7dd74e23_shot_001_000,lmd,mouth,8.009089
29,0.783290,17ef723a912e46713e84fc2b7dd74e23_shot_001_000,sync_d,mouth,6.198577
29,0.783290,17ef723a912e46713e84fc2b7dd74e23_shot_001_000,sync_c,mouth,7.693985
30,0.768935,17ef723a912e46713e84fc2b7dd74e23_shot_001_000,pixel_mse,mouth,0.00540532
30,0.768935,17ef723a912e46713e84fc2b7dd74e23_shot_001_000,pixel_mse,upper_face,0.00009205
30,0.768935,17ef723a912e46713e84fc2b7dd74e23_shot_001_000,pixel_mse,full,0.00225454
30,0.768935,17ef723a912e46713e84fc2b7dd74e23_shot_001_000,ssim,mouth,0.85302836
30,0.768935,17ef723a912e46713e84fc2b7dd74e23_shot_001_000,ssim,upper_face,0.97238421
30,0.768935,17ef723a912e46713e84fc2b7dd74e23_shot_001_000,ssim,full,0.92380673
30,0.768935,17ef723a912e46713e84fc2b7dd74e23_shot_001_000,lpips,mouth,0.11490750
30,0.768935,17ef723a912e46713e84fc2b7dd74e23_shot_001_000,lpips,full,0.07072758
30,0.768935,17ef723a912e46713e84fc2b7dd74e23_shot_001_000,sharpness,mouth,16.1566
30,0.768935,17ef723a912e46713e84fc2b7dd74e23_shot_001_000,lmd,mouth,8.057565
30,0.768935,17ef723a912e46713e84fc2b7dd74e23_shot_001_000,sync_d,mouth,6.205072
30,0.768935,17ef723a912e46713e84fc2b7dd74e23_shot_001_000,sync_c,mouth,7.705965
31,0.753669,17ef723a912e46713e84fc2b7dd74e23_shot_001_000,pixel_mse,mouth,0.00544938
31,0.753669,17ef723a912e46713e84fc2b7dd74e23_shot_001_000,pixel_mse,upper_face,0.00009134
31,0.753669,17ef723a912e46713e84fc2b7dd74e23_shot_001_000,pixel_mse,full,0.00227205
31,0.753669,17ef723a912e46713e84fc2b7dd74e23_shot_001_000,ssim,mouth,0.85279799
31,0.753669,17ef723a912e46713e84fc2b7dd74e23_shot_001_000,ssim,upper_face,0.97253025
31,0.753669,17ef723a912e46713e84fc2b7dd74e23_shot_001_000,ssim,full,0.92379957
31,0.753669,17ef723a912e46713e84fc2b7dd74e23_shot_001_000,lpips,mouth,0.11543745
31,0.753669,17ef723a912e46713e84fc2b7dd74e23_shot_001_000,lpips,full,0.07099537
31,0.753669,17ef723a912e46713e84fc2b7dd74e23_shot_001_000,sharpness,mouth,16.2390
31,0.753669,17ef723a912e46713e84fc2b7dd74e23_shot_001_000,lmd,mouth,8.125612
31,0.753669,17ef723a912e46713e84fc2b7dd74e23_shot_001_000,sync_d,mouth,6.238364
31,0.753669,17ef723a912e46713e84fc2b7dd74e23_shot_001_000,sync_c,mouth,7.694873
32,0.737402,17ef723a912e46713e84fc2b7dd74e23_shot_001_000,pixel_mse,mouth,0.00543505
32,0.737402,17ef723a912e46713e84fc2b7dd74e23_shot_001_000,pixel_mse,upper_face,0.00009050
32,0.737402,17ef723a912e46713e84fc2b7dd74e23_shot_001_000,pixel_mse,full,0.00226572
32,0.737402,17ef723a912e46713e84fc2b7dd74e23_shot_001_000,ssim,mouth,0.85288274
32,0.737402,17ef723a912e46713e84fc2b7dd74e23_shot_001_000,ssim,upper_face,0.97263676
32,0.737402,17ef723a912e46713e84fc2b7dd74e23_shot_001_000,ssim,full,0.92389715
32,0.737402,17ef723a912e46713e84fc2b7dd74e23_shot_001_000,lpips,mouth,0.11546265
32,0.737402,17ef723a912e46713e84fc2b7dd74e23_shot_001_000,lpips,full,0.07096453
32,0.737402,17ef723a912e46713e84fc2b7dd74e23_shot_001_000,sharpness,mouth,16.2990
32,0.737402,17ef723a912e46713e84fc2b7dd74e23_shot_001_000,lmd,mouth,8.116761
32,0.737402,17ef723a912e46713e84fc2b7dd74e23_shot_001_000,sync_d,mouth,6.215384
32,0.737402,17ef723a912e46713e84fc2b7dd74e23_shot_001_000,sync_c,mouth,7.664633
33,0.720034,17ef723a912e46713e84fc2b7dd74e23_shot_001_000,pixel_mse,mouth,0.00548641
33,0.720034,17ef723a912e46713e84fc2b7dd74e23_shot_001_000,pixel_mse,upper_face,0.00008971
33,0.720034,17ef723a912e46713e84fc2b7dd74e23_shot_001_000,pixel_mse,full,0.00228615
33,0.720034,17ef723a912e46713e84fc2b7dd74e23_shot_001_000,ssim,mouth,0.85212606
33,0.720034,17ef723a912e46713e84fc2b7dd74e23_shot_001_000,ssim,upper_face,0.97276944
33,0.720034,17ef723a912e46713e84fc2b7dd74e23_shot_001_000,ssim,full,0.92366779
33,0.720034,17ef723a912e46713e84fc2b7dd74e23_shot_001_000,lpips,mouth,0.11584538
33,0.720034,17ef723a912e46713e84fc2b7dd74e23_shot_001_000,lpips,full,0.07117029
33,0.720034,17ef723a912e46713e84fc2b7dd74e23_shot_001_000,sharpness,mouth,16.0326
33,0.720034,17ef723a912e46713e84fc2b7dd74e23_shot_001_000,lmd,mouth,8.306508
33,0.720034,17ef723a912e46713e84fc2b7dd74e23_shot_001_000,sync_d,mouth,6.241619
33,0.720034,17ef723a912e46713e84fc2b7dd74e23_shot_001_000,sync_c,mouth,7.661521
34,0.701446,17ef723a912e46713e84fc2b7dd74e23_shot_001_000,pixel_mse,mouth,0.00552681
34,0.701446,17ef723a912e46713e84fc2b7dd74e23_shot_001_000,pixel_mse,upper_face,0.00008845
34,0.701446,17ef723a912e46713e84fc2b7dd74e23_shot_001_000,pixel_mse,full,0.00230185
34,0.701446,17ef723a912e46713e84fc2b7dd74e23_shot_001_000,ssim,mouth,0.85154253
34,0.701446,17ef723a912e46713e84fc2b7dd74e23_shot_001_000,ssim,upper_face,0.97291619
34,0.701446,17ef723a912e46713e84fc2b7dd74e23_shot_001_000,ssim,full,0.92351747
34,0.701446,17ef723a912e46713e84fc2b7dd74e23_shot_001_000,lpips,mouth,0.11587340
34,0.701446,17ef723a912e46713e84fc2b7dd74e23_shot_001_000,lpips,full,0.07106711
34,0.701446,17ef723a912e46713e84fc2b7dd74e23_shot_001_000,sharpness,mouth,16.0480
34,0.701446,17ef723a912e46713e84fc2b7dd74e23_shot_001_000,lmd,mouth,8.355037
34,0.701446,17ef723a912e46713e84fc2b7dd74e23_shot_001_000,sync_d,mouth,6.331152
34,0.701446,17ef723a912e46713e84fc2b7dd74e23_shot_001_000,sync_c,mouth,7.624297
35,0.681508,17ef723a912e46713e84fc2b7dd74e23_shot_001_000,pixel_mse,mouth,0.00557308
35,0.681508,17ef723a912e46713e84fc2b7dd74e23_shot_001_000,pixel_mse,upper_face,0.00008899
35,0.681508,17ef723a912e46713e84fc2b7dd74e23_shot_001_000,pixel_mse,full,0.00232100
35,0.681508,17ef723a912e46713e84fc2b7dd74e23_shot_001_000,ssim,mouth,0.85048932
35,0.681508,17ef723a912e46713e84fc2b7dd74e23_shot_001_000,ssim,upper_face,0.97298354
35,0.681508,17ef723a912e46713e84fc2b7dd74e23_shot_001_000,ssim,full,0.92312866
35,0.681508,17ef723a912e46713e84fc2b7dd74e23_shot_001_000,lpips,mouth,0.11643469
35,0.681508,17ef723a912e46713e84fc2b7dd74e23_shot_001_000,lpips,full,0.07145137
35,0.681508,17ef723a912e46713e84fc2b7dd74e23_shot_001_000,sharpness,mouth,16.1113
35,0.681508,17ef723a912e46713e84fc2b7dd74e23_shot_001_000,lmd,mouth,8.292018
35,0.681508,17ef723a912e46713e84fc2b7dd74e23_shot_001_000,sync_d,mouth,6.322776
35,0.681508,17ef723a912e46713e84fc2b7dd74e23_shot_001_000,sync_c,mouth,7.625275
36,0.660066,17ef723a912e46713e84fc2b7dd74e23_shot_001_000,pixel_mse,mouth,0.00563444
36,0.660066,17ef723a912e46713e84fc2b7dd74e23_shot_001_000,pixel_mse,upper_face,0.00008809
36,0.660066,17ef723a912e46713e84fc2b7dd74e23_shot_001_000,pixel_mse,full,0.00234544
36,0.660066,17ef723a912e46713e84fc2b7dd74e23_shot_001_000,ssim,mouth,0.84960061
36,0.660066,17ef723a912e46713e84fc2b7dd74e23_shot_001_000,ssim,upper_face,0.97301519
36,0.660066,17ef723a912e46713e84fc2b7dd74e23_shot_001_000,ssim,full,0.92278570
36,0.660066,17ef723a912e46713e84fc2b7dd74e23_shot_001_000,lpips,mouth,0.11696342
36,0.660066,17ef723a912e46713e84fc2b7dd74e23_shot_001_000,lpips,full,0.07167327
36,0.660066,17ef723a912e46713e84fc2b7dd74e23_shot_001_000,sharpness,mouth,16.2646
36,0.660066,17ef723a912e46713e84fc2b7dd74e23_shot_001_000,lmd,mouth,8.290390
36,0.660066,17ef723a912e46713e84fc2b7dd74e23_shot_001_000,sync_d,mouth,6.318546
36,0.660066,17ef723a912e46713e84fc2b7dd74e23_shot_001_000,sync_c,mouth,7.618435
37,0.636942,17ef723a912e46713e84fc2b7dd74e23_shot_001_000,pixel_mse,mouth,0.00564283
37,0.636942,17ef723a912e46713e84fc2b7dd74e23_shot_001_000,pixel_mse,upper_face,0.00008745
37,0.636942,17ef723a912e46713e84fc2b7dd74e23_shot_001_000,pixel_mse,full,0.00234848
37,0.636942,17ef723a912e46713e84fc2b7dd74e23_shot_001_000,ssim,mouth,0.84878331
37,0.636942,17ef723a912e46713e84fc2b7dd74e23_shot_001_000,ssim,upper_face,0.97309244
37,0.636942,17ef723a912e46713e84fc2b7dd74e23_shot_001_000,ssim,full,0.92249894
37,0.636942,17ef723a912e46713e84fc2b7dd74e23_shot_001_000,lpips,mouth,0.11768056
37,0.636942,17ef723a912e46713e84fc2b7dd74e23_shot_001_000,lpips,full,0.07213450
37,0.636942,17ef723a912e46713e84fc2b7dd74e23_shot_001_000,sharpness,mouth,16.2609
37,0.636942,17ef723a912e46713e84fc2b7dd74e23_shot_001_000,lmd,mouth,8.480044
37,0.636942,17ef723a912e46713e84fc2b7dd74e23_shot_001_000,sync_d,mouth,6.355612
37,0.636942,17ef723a912e46713e84fc2b7dd74e23_shot_001_000,sync_c,mouth,7.574140
38,0.611932,17ef723a912e46713e84fc2b7dd74e23_shot_001_000,pixel_mse,mouth,0.00570652
38,0.611932,17ef723a912e46713e84fc2b7dd74e23_shot_001_000,pixel_mse,upper_face,0.00008624
38,0.611932,17ef723a912e46713e84fc2b7dd74e23_shot_001_000,pixel_mse,full,0.00237368
38,0.611932,17ef723a912e46713e84fc2b7dd74e23_shot_001_000,ssim,mouth,0.84801936
38,0.611932,17ef723a912e46713e84fc2b7dd74e23_shot_001_000,ssim,upper_face,0.97320795
38,0.611932,17ef723a912e46713e84fc2b7dd74e23_shot_001_000,ssim,full,0.92225647
38,0.611932,17ef723a912e46713e84fc2b7dd74e23_shot_001_000,lpips,mouth,0.11830010
38,0.611932,17ef723a912e46713e84fc2b7dd74e23_shot_001_000,lpips,full,0.07242192
38,0.611932,17ef723a912e46713e84fc2b7dd74e23_shot_001_000,sharpness,mouth,16.5070
38,0.611932,17ef723a912e46713e84fc2b7dd74e23_shot_001_000,lmd,mouth,8.455538
38,0.611932,17ef723a912e46713e84fc2b7dd74e23_shot_001_000,sync_d,mouth,6.388390
38,0.611932,17ef723a912e46713e84fc2b7dd74e23_shot_001_000,sync_c,mouth,7.555061
39,0.584795,17ef723a912e46713e84fc2b7dd74e23_shot_001_000,pixel_mse,mouth,0.00574343
39,0.584795,17ef723a912e46713e84fc2b7dd74e23_shot_001_000,pixel_mse,upper_face,0.00008581
39,0.584795,17ef723a912e46713e84fc2b7dd74e23_shot_001_000,pixel_mse,full,0.00238845
39,0.584795,17ef723a912e46713e84fc2b7dd74e23_shot_001_000,ssim,mouth,0.84723026
39,0.584795,17ef723a912e46713e84fc2b7dd74e23_shot_001_000,ssim,upper_face,0.97333401
39,0.584795,17ef723a912e46713e84fc2b7dd74e23_shot_001_000,ssim,full,0.92201018
39,0.584795,17ef723a912e46713e84fc2b7dd74e23_shot_001_000,lpips,mouth,0.11922830
39,0.584795,17ef723a912e46713e84fc2b7dd74e23_shot_001_000,lpips,full,0.07288474
39,0.584795,17ef723a912e46713e84fc2b7dd74e23_shot_001_000,sharpness,mouth,16.5243
39,0.584795,17ef723a912e46713e84fc2b7dd74e23_shot_001_000,lmd,mouth,8.553088
39,0.584795,17ef723a912e46713e84fc2b7dd74e23_shot_001_000,sync_d,mouth,6.293604
39,0.584795,17ef723a912e46713e84fc2b7dd74e23_shot_001_000,sync_c,mouth,7.623225
40,0.555247,17ef723a912e46713e84fc2b7dd74e23_shot_001_000,pixel_mse,mouth,0.00580487
40,0.555247,17ef723a912e46713e84fc2b7dd74e23_shot_001_000,pixel_mse,upper_face,0.00008536
40,0.555247,17ef723a912e46713e84fc2b7dd74e23_shot_001_000,pixel_mse,full,0.00241318
40,0.555247,17ef723a912e46713e84fc2b7dd74e23_shot_001_000,ssim,mouth,0.84604090
40,0.555247,17ef723a912e46713e84fc2b7dd74e23_shot_001_000,ssim,upper_face,0.97323054
40,0.555247,17ef723a912e46713e84fc2b7dd74e23_shot_001_000,ssim,full,0.92146462
40,0.555247,17ef723a912e46713e84fc2b7dd74e23_shot_001_000,lpips,mouth,0.11993528
40,0.555247,17ef723a912e46713e84fc2b7dd74e23_shot_001_000,lpips,full,0.07348295
40,0.555247,17ef723a912e46713e84fc2b7dd74e23_shot_001_000,sharpness,mouth,16.5654
40,0.555247,17ef723a912e46713e84fc2b7dd74e23_shot_001_000,lmd,mouth,8.584281
40,0.555247,17ef723a912e46713e84fc2b7dd74e23_shot_001_000,sync_d,mouth,6.350153
40,0.555247,17ef723a912e46713e84fc2b7dd74e23_shot_001_000,sync_c,mouth,7.591636
41,0.522951,17ef723a912e46713e84fc2b7dd74e23_shot_001_000,pixel_mse,mouth,0.00585332
41,0.522951,17ef723a912e46713e84fc2b7dd74e23_shot_001_000,pixel_mse,upper_face,0.00008526
41,0.522951,17ef723a912e46713e84fc2b7dd74e23_shot_001_000,pixel_mse,full,0.00243285
41,0.522951,17ef723a912e46713e84fc2b7dd74e23_shot_001_000,ssim,mouth,0.84508365
41,0.522951,17ef723a912e46713e84fc2b7dd74e23_shot_001_000,ssim,upper_face,0.97334886
41,0.522951,17ef723a912e46713e84fc2b7dd74e23_shot_001_000,ssim,full,0.92114520
41,0.522951,17ef723a912e46713e84fc2b7dd74e23_shot_001_000,lpips,mouth,0.12086606
41,0.522951,17ef723a912e46713e84fc2b7dd74e23_shot_001_000,lpips,full,0.07384826
41,0.522951,17ef723a912e46713e84fc2b7dd74e23_shot_001_000,sharpness,mouth,16.7106
41,0.522951,17ef723a912e46713e84fc2b7dd74e23_shot_001_000,lmd,mouth,8.430431
41,0.522951,17ef723a912e46713e84fc2b7dd74e23_shot_001_000,sync_d,mouth,6.336040
41,0.522951,17ef723a912e46713e84fc2b7dd74e23_shot_001_000,sync_c,mouth,7.659201
42,0.487507,17ef723a912e46713e84fc2b7dd74e23_shot_001_000,pixel_mse,mouth,0.00589114
42,0.487507,17ef723a912e46713e84fc2b7dd74e23_shot_001_000,pixel_mse,upper_face,0.00008462
42,0.487507,17ef723a912e46713e84fc2b7dd74e23_shot_001_000,pixel_mse,full,0.00244786
42,0.487507,17ef723a912e46713e84fc2b7dd74e23_shot_001_000,ssim,mouth,0.84411818
42,0.487507,17ef723a912e46713e84fc2b7dd74e23_shot_001_000,ssim,upper_face,0.97351891
42,0.487507,17ef723a912e46713e84fc2b7dd74e23_shot_001_000,ssim,full,0.92085302
42,0.487507,17ef723a912e46713e84fc2b7dd74e23_shot_001_000,lpips,mouth,0.12204359
42,0.487507,17ef723a912e46713e84fc2b7dd74e23_shot_001_000,lpips,full,0.07447651
42,0.487507,17ef723a912e46713e84fc2b7dd74e23_shot_001_000,sharpness,mouth,16.5489
42,0.487507,17ef723a912e46713e84fc2b7dd74e23_shot_001_000,lmd,mouth,8.411324
42,0.487507,17ef723a912e46713e84fc2b7dd74e23_shot_001_000,sync_d,mouth,6.307560
42,0.487507,17ef723a912e46713e84fc2b7dd74e23_shot_001_000,sync_c,mouth,7.708719
43,0.448430,17ef723a912e46713e84fc2b7dd74e23_shot_001_000,pixel_mse,mouth,0.00594382
43,0.448430,17ef723a912e46713e84fc2b7dd74e23_shot_001_000,pixel_mse,upper_face,0.00008478
43,0.448430,17ef723a912e46713e84fc2b7dd74e23_shot_001_000,pixel_mse,full,0.00246939
43,0.448430,17ef723a912e46713e84fc2b7dd74e23_shot_001_000,ssim,mouth,0.84290344
43,0.448430,17ef723a912e46713e84fc2b7dd74e23_shot_001_000,ssim,upper_face,0.97353375
43,0.448430,17ef723a912e46713e84fc2b7dd74e23_shot_001_000,ssim,full,0.92036760
43,0.448430,17ef723a912e46713e84fc2b7dd74e23_shot_001_000,lpips,mouth,0.12270266
43,0.448430,17ef723a912e46713e84fc2b7dd74e23_shot_001_000,lpips,full,0.07490901
43,0.448430,17ef723a912e46713e84fc2b7dd74e23_shot_001_000,sharpness,mouth,16.6751
43,0.448430,17ef723a912e46713e84fc2b7dd74e23_shot_001_000,lmd,mouth,8.485878
43,0.448430,17ef723a912e46713e84fc2b7dd74e23_shot_001_000,sync_d,mouth,6.341303
43,0.448430,17ef723a912e46713e84fc2b7dd74e23_shot_001_000,sync_c,mouth,7.620189
44,0.405131,17ef723a912e46713e84fc2b7dd74e23_shot_001_000,pixel_mse,mouth,0.00596146
44,0.405131,17ef723a912e46713e84fc2b7dd74e23_shot_001_000,pixel_mse,upper_face,0.00008344
44,0.405131,17ef723a912e46713e84fc2b7dd74e23_shot_001_000,pixel_mse,full,0.00247578
44,0.405131,17ef723a912e46713e84fc2b7dd74e23_shot_001_000,ssim,mouth,0.84220153
44,0.405131,17ef723a912e46713e84fc2b7dd74e23_shot_001_000,ssim,upper_face,0.97356951
44,0.405131,17ef723a912e46713e84fc2b7dd74e23_shot_001_000,ssim,full,0.92010307
44,0.405131,17ef723a912e46713e84fc2b7dd74e23_shot_001_000,lpips,mouth,0.12282869
44,0.405131,17ef723a912e46713e84fc2b7dd74e23_shot_001_000,lpips,full,0.07488271
44,0.405131,17ef723a912e46713e84fc2b7dd74e23_shot_001_000,sharpness,mouth,16.6155
44,0.405131,17ef723a912e46713e84fc2b7dd74e23_shot_001_000,lmd,mouth,8.476562
44,0.405131,17ef723a912e46713e84fc2b7dd74e23_shot_001_000,sync_d,mouth,6.248553
44,0.405131,17ef723a912e46713e84fc2b7dd74e23_shot_001_000,sync_c,mouth,7.724072
45,0.356888,17ef723a912e46713e84fc2b7dd74e23_shot_001_000,pixel_mse,mouth,0.00600672
45,0.356888,17ef723a912e46713e84fc2b7dd74e23_shot_001_000,pixel_mse,upper_face,0.00008354
45,0.356888,17ef723a912e46713e84fc2b7dd74e23_shot_001_000,pixel_mse,full,0.00249426
45,0.356888,17ef723a912e46713e84fc2b7dd74e23_shot_001_000,ssim,mouth,0.84088737
45,0.356888,17ef723a912e46713e84fc2b7dd74e23_shot_001_000,ssim,upper_face,0.97358400
45,0.356888,17ef723a912e46713e84fc2b7dd74e23_shot_001_000,ssim,full,0.91957676
45,0.356888,17ef723a912e46713e84fc2b7dd74e23_shot_001_000,lpips,mouth,0.12372130
45,0.356888,17ef723a912e46713e84fc2b7dd74e23_shot_001_000,lpips,full,0.07545485
45,0.356888,17ef723a912e46713e84fc2b7dd74e23_shot_001_000,sharpness,mouth,16.6554
45,0.356888,17ef723a912e46713e84fc2b7dd74e23_shot_001_000,lmd,mouth,8.583896
45,0.356888,17ef723a912e46713e84fc2b7dd74e23_shot_001_000,sync_d,mouth,6.277787
45,0.356888,17ef723a912e46713e84fc2b7dd74e23_shot_001_000,sync_c,mouth,7.665113
46,0.302801,17ef723a912e46713e84fc2b7dd74e23_shot_001_000,pixel_mse,mouth,0.00604794
46,0.302801,17ef723a912e46713e84fc2b7dd74e23_shot_001_000,pixel_mse,upper_face,0.00008359
46,0.302801,17ef723a912e46713e84fc2b7dd74e23_shot_001_000,pixel_mse,full,0.00251107
46,0.302801,17ef723a912e46713e84fc2b7dd74e23_shot_001_000,ssim,mouth,0.83932370
46,0.302801,17ef723a912e46713e84fc2b7dd74e23_shot_001_000,ssim,upper_face,0.97359729
46,0.302801,17ef723a912e46713e84fc2b7dd74e23_shot_001_000,ssim,full,0.91894835
46,0.302801,17ef723a912e46713e84fc2b7dd74e23_shot_001_000,lpips,mouth,0.12430869
46,0.302801,17ef723a912e46713e84fc2b7dd74e23_shot_001_000,lpips,full,0.07583527
46,0.302801,17ef723a912e46713e84fc2b7dd74e23_shot_001_000,sharpness,mouth,16.6587
46,0.302801,17ef723a912e46713e84fc2b7dd74e23_shot_001_000,lmd,mouth,8.663107
46,0.302801,17ef723a912e46713e84fc2b7dd74e23_shot_001_000,sync_d,mouth,6.288560
46,0.302801,17ef723a912e46713e84fc2b7dd74e23_shot_001_000,sync_c,mouth,7.624594
47,0.241740,17ef723a912e46713e84fc2b7dd74e23_shot_001_000,pixel_mse,mouth,0.00609567
47,0.241740,17ef723a912e46713e84fc2b7dd74e23_shot_001_000,pixel_mse,upper_face,0.00008361
47,0.241740,17ef723a912e46713e84fc2b7dd74e23_shot_001_000,pixel_mse,full,0.00253051
47,0.241740,17ef723a912e46713e84fc2b7dd74e23_shot_001_000,ssim,mouth,0.83754224
47,0.241740,17ef723a912e46713e84fc2b7dd74e23_shot_001_000,ssim,upper_face,0.97355330
47,0.241740,17ef723a912e46713e84fc2b7dd74e23_shot_001_000,ssim,full,0.91819715
47,0.241740,17ef723a912e46713e84fc2b7dd74e23_shot_001_000,lpips,mouth,0.12495814
47,0.241740,17ef723a912e46713e84fc2b7dd74e23_shot_001_000,lpips,full,0.07608975
47,0.241740,17ef723a912e46713e84fc2b7dd74e23_shot_001_000,sharpness,mouth,16.6682
47,0.241740,17ef723a912e46713e84fc2b7dd74e23_shot_001_000,lmd,mouth,8.514422
47,0.241740,17ef723a912e46713e84fc2b7dd74e23_shot_001_000,sync_d,mouth,6.253247
47,0.241740,17ef723a912e46713e84fc2b7dd74e23_shot_001_000,sync_c,mouth,7.691354
48,0.172265,17ef723a912e46713e84fc2b7dd74e23_shot_001_000,pixel_mse,mouth,0.00612931
48,0.172265,17ef723a912e46713e84fc2b7dd74e23_shot_001_000,pixel_mse,upper_face,0.00008431
48,0.172265,17ef723a912e46713e84fc2b7dd74e23_shot_001_000,pixel_mse,full,0.00254461
48,0.172265,17ef723a912e46713e84fc2b7dd74e23_shot_001_000,ssim,mouth,0.83592594
48,0.172265,17ef723a912e46713e84fc2b7dd74e23_shot_001_000,ssim,upper_face,0.97345167
48,0.172265,17ef723a912e46713e84fc2b7dd74e23_shot_001_000,ssim,full,0.91747916
48,0.172265,17ef723a912e46713e84fc2b7dd74e23_shot_001_000,lpips,mouth,0.12512814
48,0.172265,17ef723a912e46713e84fc2b7dd74e23_shot_001_000,lpips,full,0.07625045
48,0.172265,17ef723a912e46713e84fc2b7dd74e23_shot_001_000,sharpness,mouth,16.6450
48,0.172265,17ef723a912e46713e84fc2b7dd74e23_shot_001_000,lmd,mouth,8.662076
48,0.172265,17ef723a912e46713e84fc2b7dd74e23_shot_001_000,sync_d,mouth,6.345395
48,0.172265,17ef723a912e46713e84fc2b7dd74e23_shot_001_000,sync_c,mouth,7.591311
49,0.092507,17ef723a912e46713e84fc2b7dd74e23_shot_001_000,pixel_mse,mouth,0.00617436
49,0.092507,17ef723a912e46713e84fc2b7dd74e23_shot_001_000,pixel_mse,upper_face,0.00008682
49,0.092507,17ef723a912e46713e84fc2b7dd74e23_shot_001_000,pixel_mse,full,0.00256444
49,0.092507,17ef723a912e46713e84fc2b7dd74e23_shot_001_000,ssim,mouth,0.83399719
49,0.092507,17ef723a912e46713e84fc2b7dd74e23_shot_001_000,ssim,upper_face,0.97318393
49,0.092507,17ef723a912e46713e84fc2b7dd74e23_shot_001_000,ssim,full,0.91653526
49,0.092507,17ef723a912e46713e84fc2b7dd74e23_shot_001_000,lpips,mouth,0.12531930
49,0.092507,17ef723a912e46713e84fc2b7dd74e23_shot_001_000,lpips,full,0.07647136
49,0.092507,17ef723a912e46713e84fc2b7dd74e23_shot_001_000,sharpness,mouth,16.6188
49,0.092507,17ef723a912e46713e84fc2b7dd74e23_shot_001_000,lmd,mouth,8.781627
49,0.092507,17ef723a912e46713e84fc2b7dd74e23_shot_001_000,sync_d,mouth,6.296760
49,0.092507,17ef723a912e46713e84fc2b7dd74e23_shot_001_000,sync_c,mouth,7.612224
-1,gt,1ec7a45d803ab472e7fe5c6625667289_shot_001_000,sharpness,mouth,9.4989
-1,gt,1ec7a45d803ab472e7fe5c6625667289_shot_001_000,sync_d,mouth,8.576579
-1,gt,1ec7a45d803ab472e7fe5c6625667289_shot_001_000,sync_c,mouth,4.507704
0,0.999000,1ec7a45d803ab472e7fe5c6625667289_shot_001_000,pixel_mse,mouth,0.00364446
0,0.999000,1ec7a45d803ab472e7fe5c6625667289_shot_001_000,pixel_mse,upper_face,0.00014659
0,0.999000,1ec7a45d803ab472e7fe5c6625667289_shot_001_000,pixel_mse,full,0.00157021
0,0.999000,1ec7a45d803ab472e7fe5c6625667289_shot_001_000,ssim,mouth,0.85272443
0,0.999000,1ec7a45d803ab472e7fe5c6625667289_shot_001_000,ssim,upper_face,0.96151680
0,0.999000,1ec7a45d803ab472e7fe5c6625667289_shot_001_000,ssim,full,0.91723871
0,0.999000,1ec7a45d803ab472e7fe5c6625667289_shot_001_000,lpips,mouth,0.11340375
0,0.999000,1ec7a45d803ab472e7fe5c6625667289_shot_001_000,lpips,full,0.07519616
0,0.999000,1ec7a45d803ab472e7fe5c6625667289_shot_001_000,sharpness,mouth,9.5368
0,0.999000,1ec7a45d803ab472e7fe5c6625667289_shot_001_000,lmd,mouth,5.239991
0,0.999000,1ec7a45d803ab472e7fe5c6625667289_shot_001_000,sync_d,mouth,8.302629
0,0.999000,1ec7a45d803ab472e7fe5c6625667289_shot_001_000,sync_c,mouth,5.117593
1,0.995732,1ec7a45d803ab472e7fe5c6625667289_shot_001_000,pixel_mse,mouth,0.00368182
1,0.995732,1ec7a45d803ab472e7fe5c6625667289_shot_001_000,pixel_mse,upper_face,0.00013971
1,0.995732,1ec7a45d803ab472e7fe5c6625667289_shot_001_000,pixel_mse,full,0.00158134
1,0.995732,1ec7a45d803ab472e7fe5c6625667289_shot_001_000,ssim,mouth,0.85286862
1,0.995732,1ec7a45d803ab472e7fe5c6625667289_shot_001_000,ssim,upper_face,0.96191210
1,0.995732,1ec7a45d803ab472e7fe5c6625667289_shot_001_000,ssim,full,0.91753173
1,0.995732,1ec7a45d803ab472e7fe5c6625667289_shot_001_000,lpips,mouth,0.11271834
1,0.995732,1ec7a45d803ab472e7fe5c6625667289_shot_001_000,lpips,full,0.07467642
1,0.995732,1ec7a45d803ab472e7fe5c6625667289_shot_001_000,sharpness,mouth,9.4980
1,0.995732,1ec7a45d803ab472e7fe5c6625667289_shot_001_000,lmd,mouth,5.333000
1,0.995732,1ec7a45d803ab472e7fe5c6625667289_shot_001_000,sync_d,mouth,8.506568
1,0.995732,1ec7a45d803ab472e7fe5c6625667289_shot_001_000,sync_c,mouth,4.902982
2,0.991530,1ec7a45d803ab472e7fe5c6625667289_shot_001_000,pixel_mse,mouth,0.00350770
2,0.991530,1ec7a45d803ab472e7fe5c6625667289_shot_001_000,pixel_mse,upper_face,0.00013427
2,0.991530,1ec7a45d803ab472e7fe5c6625667289_shot_001_000,pixel_mse,full,0.00150725
2,0.991530,1ec7a45d803ab472e7fe5c6625667289_shot_001_000,ssim,mouth,0.85373050
2,0.991530,1ec7a45d803ab472e7fe5c6625667289_shot_001_000,ssim,upper_face,0.96294415
2,0.991530,1ec7a45d803ab472e7fe5c6625667289_shot_001_000,ssim,full,0.91849440
2,0.991530,1ec7a45d803ab472e7fe5c6625667289_shot_001_000,lpips,mouth,0.10942979
2,0.991530,1ec7a45d803ab472e7fe5c6625667289_shot_001_000,lpips,full,0.07260530
2,0.991530,1ec7a45d803ab472e7fe5c6625667289_shot_001_000,sharpness,mouth,9.5607
2,0.991530,1ec7a45d803ab472e7fe5c6625667289_shot_001_000,lmd,mouth,5.030379
2,0.991530,1ec7a45d803ab472e7fe5c6625667289_shot_001_000,sync_d,mouth,8.671099
2,0.991530,1ec7a45d803ab472e7fe5c6625667289_shot_001_000,sync_c,mouth,4.805362
3,0.987187,1ec7a45d803ab472e7fe5c6625667289_shot_001_000,pixel_mse,mouth,0.00326779
3,0.987187,1ec7a45d803ab472e7fe5c6625667289_shot_001_000,pixel_mse,upper_face,0.00012529
3,0.987187,1ec7a45d803ab472e7fe5c6625667289_shot_001_000,pixel_mse,full,0.00140428
3,0.987187,1ec7a45d803ab472e7fe5c6625667289_shot_001_000,ssim,mouth,0.85421348
3,0.987187,1ec7a45d803ab472e7fe5c6625667289_shot_001_000,ssim,upper_face,0.96404248
3,0.987187,1ec7a45d803ab472e7fe5c6625667289_shot_001_000,ssim,full,0.91934234
3,0.987187,1ec7a45d803ab472e7fe5c6625667289_shot_001_000,lpips,mouth,0.10818447
3,0.987187,1ec7a45d803ab472e7fe5c6625667289_shot_001_000,lpips,full,0.07152281
3,0.987187,1ec7a45d803ab472e7fe5c6625667289_shot_001_000,sharpness,mouth,9.4128
3,0.987187,1ec7a45d803ab472e7fe5c6625667289_shot_001_000,lmd,mouth,4.962308
3,0.987187,1ec7a45d803ab472e7fe5c6625667289_shot_001_000,sync_d,mouth,8.901271
3,0.987187,1ec7a45d803ab472e7fe5c6625667289_shot_001_000,sync_c,mouth,4.646115
4,0.982696,1ec7a45d803ab472e7fe5c6625667289_shot_001_000,pixel_mse,mouth,0.00334733
4,0.982696,1ec7a45d803ab472e7fe5c6625667289_shot_001_000,pixel_mse,upper_face,0.00011911
4,0.982696,1ec7a45d803ab472e7fe5c6625667289_shot_001_000,pixel_mse,full,0.00143299
4,0.982696,1ec7a45d803ab472e7fe5c6625667289_shot_001_000,ssim,mouth,0.85525644
4,0.982696,1ec7a45d803ab472e7fe5c6625667289_shot_001_000,ssim,upper_face,0.96446323
4,0.982696,1ec7a45d803ab472e7fe5c6625667289_shot_001_000,ssim,full,0.92001635
4,0.982696,1ec7a45d803ab472e7fe5c6625667289_shot_001_000,lpips,mouth,0.10735285
4,0.982696,1ec7a45d803ab472e7fe5c6625667289_shot_001_000,lpips,full,0.07088319
4,0.982696,1ec7a45d803ab472e7fe5c6625667289_shot_001_000,sharpness,mouth,9.4553
4,0.982696,1ec7a45d803ab472e7fe5c6625667289_shot_001_000,lmd,mouth,4.908266
4,0.982696,1ec7a45d803ab472e7fe5c6625667289_shot_001_000,sync_d,mouth,8.887765
4,0.982696,1ec7a45d803ab472e7fe5c6625667289_shot_001_000,sync_c,mouth,4.631762
5,0.978048,1ec7a45d803ab472e7fe5c6625667289_shot_001_000,pixel_mse,mouth,0.00331893
5,0.978048,1ec7a45d803ab472e7fe5c6625667289_shot_001_000,pixel_mse,upper_face,0.00011477
5,0.978048,1ec7a45d803ab472e7fe5c6625667289_shot_001_000,pixel_mse,full,0.00141885
5,0.978048,1ec7a45d803ab472e7fe5c6625667289_shot_001_000,ssim,mouth,0.85632896
5,0.978048,1ec7a45d803ab472e7fe5c6625667289_shot_001_000,ssim,upper_face,0.96515036
5,0.978048,1ec7a45d803ab472e7fe5c6625667289_shot_001_000,ssim,full,0.92086029
5,0.978048,1ec7a45d803ab472e7fe5c6625667289_shot_001_000,lpips,mouth,0.10556182
5,0.978048,1ec7a45d803ab472e7fe5c6625667289_shot_001_000,lpips,full,0.06970540
5,0.978048,1ec7a45d803ab472e7fe5c6625667289_shot_001_000,sharpness,mouth,9.4512
5,0.978048,1ec7a45d803ab472e7fe5c6625667289_shot_001_000,lmd,mouth,4.717084
5,0.978048,1ec7a45d803ab472e7fe5c6625667289_shot_001_000,sync_d,mouth,8.922982
5,0.978048,1ec7a45d803ab472e7fe5c6625667289_shot_001_000,sync_c,mouth,4.778033
6,0.973236,1ec7a45d803ab472e7fe5c6625667289_shot_001_000,pixel_mse,mouth,0.00340895
6,0.973236,1ec7a45d803ab472e7fe5c6625667289_shot_001_000,pixel_mse,upper_face,0.00011079
6,0.973236,1ec7a45d803ab472e7fe5c6625667289_shot_001_000,pixel_mse,full,0.00145313
6,0.973236,1ec7a45d803ab472e7fe5c6625667289_shot_001_000,ssim,mouth,0.85567588
6,0.973236,1ec7a45d803ab472e7fe5c6625667289_shot_001_000,ssim,upper_face,0.96544600
6,0.973236,1ec7a45d803ab472e7fe5c6625667289_shot_001_000,ssim,full,0.92076975
6,0.973236,1ec7a45d803ab472e7fe5c6625667289_shot_001_000,lpips,mouth,0.10464226
6,0.973236,1ec7a45d803ab472e7fe5c6625667289_shot_001_000,lpips,full,0.06887230
6,0.973236,1ec7a45d803ab472e7fe5c6625667289_shot_001_000,sharpness,mouth,9.5273
6,0.973236,1ec7a45d803ab472e7fe5c6625667289_shot_001_000,lmd,mouth,4.579261
6,0.973236,1ec7a45d803ab472e7fe5c6625667289_shot_001_000,sync_d,mouth,8.921372
6,0.973236,1ec7a45d803ab472e7fe5c6625667289_shot_001_000,sync_c,mouth,4.817490
7,0.968250,1ec7a45d803ab472e7fe5c6625667289_shot_001_000,pixel_mse,mouth,0.00374946
7,0.968250,1ec7a45d803ab472e7fe5c6625667289_shot_001_000,pixel_mse,upper_face,0.00010734
7,0.968250,1ec7a45d803ab472e7fe5c6625667289_shot_001_000,pixel_mse,full,0.00158967
7,0.968250,1ec7a45d803ab472e7fe5c6625667289_shot_001_000,ssim,mouth,0.85234785
7,0.968250,1ec7a45d803ab472e7fe5c6625667289_shot_001_000,ssim,upper_face,0.96590078
7,0.968250,1ec7a45d803ab472e7fe5c6625667289_shot_001_000,ssim,full,0.91968507
7,0.968250,1ec7a45d803ab472e7fe5c6625667289_shot_001_000,lpips,mouth,0.10580365
7,0.968250,1ec7a45d803ab472e7fe5c6625667289_shot_001_000,lpips,full,0.06941107
7,0.968250,1ec7a45d803ab472e7fe5c6625667289_shot_001_000,sharpness,mouth,9.6061
7,0.968250,1ec7a45d803ab472e7fe5c6625667289_shot_001_000,lmd,mouth,4.658887
7,0.968250,1ec7a45d803ab472e7fe5c6625667289_shot_001_000,sync_d,mouth,8.947771
7,0.968250,1ec7a45d803ab472e7fe5c6625667289_shot_001_000,sync_c,mouth,4.838286
8,0.963082,1ec7a45d803ab472e7fe5c6625667289_shot_001_000,pixel_mse,mouth,0.00398063
8,0.963082,1ec7a45d803ab472e7fe5c6625667289_shot_001_000,pixel_mse,upper_face,0.00010627
8,0.963082,1ec7a45d803ab472e7fe5c6625667289_shot_001_000,pixel_mse,full,0.00168313
8,0.963082,1ec7a45d803ab472e7fe5c6625667289_shot_001_000,ssim,mouth,0.85024893
8,0.963082,1ec7a45d803ab472e7fe5c6625667289_shot_001_000,ssim,upper_face,0.96623540
8,0.963082,1ec7a45d803ab472e7fe5c6625667289_shot_001_000,ssim,full,0.91902906
8,0.963082,1ec7a45d803ab472e7fe5c6625667289_shot_001_000,lpips,mouth,0.10656855
8,0.963082,1ec7a45d803ab472e7fe5c6625667289_shot_001_000,lpips,full,0.06984057
8,0.963082,1ec7a45d803ab472e7fe5c6625667289_shot_001_000,sharpness,mouth,9.6300
8,0.963082,1ec7a45d803ab472e7fe5c6625667289_shot_001_000,lmd,mouth,4.644875
8,0.963082,1ec7a45d803ab472e7fe5c6625667289_shot_001_000,sync_d,mouth,9.153352
8,0.963082,1ec7a45d803ab472e7fe5c6625667289_shot_001_000,sync_c,mouth,4.654119
9,0.957720,1ec7a45d803ab472e7fe5c6625667289_shot_001_000,pixel_mse,mouth,0.00425032
9,0.957720,1ec7a45d803ab472e7fe5c6625667289_shot_001_000,pixel_mse,upper_face,0.00010410
9,0.957720,1ec7a45d803ab472e7fe5c6625667289_shot_001_000,pixel_mse,full,0.00179160
9,0.957720,1ec7a45d803ab472e7fe5c6625667289_shot_001_000,ssim,mouth,0.84894866
9,0.957720,1ec7a45d803ab472e7fe5c6625667289_shot_001_000,ssim,upper_face,0.96653050
9,0.957720,1ec7a45d803ab472e7fe5c6625667289_shot_001_000,ssim,full,0.91867501
9,0.957720,1ec7a45d803ab472e7fe5c6625667289_shot_001_000,lpips,mouth,0.10670266
9,0.957720,1ec7a45d803ab472e7fe5c6625667289_shot_001_000,lpips,full,0.06989893
9,0.957720,1ec7a45d803ab472e7fe5c6625667289_shot_001_000,sharpness,mouth,9.7319
9,0.957720,1ec7a45d803ab472e7fe5c6625667289_shot_001_000,lmd,mouth,4.534270
9,0.957720,1ec7a45d803ab472e7fe5c6625667289_shot_001_000,sync_d,mouth,9.234143
9,0.957720,1ec7a45d803ab472e7fe5c6625667289_shot_001_000,sync_c,mouth,4.575846
10,0.952154,1ec7a45d803ab472e7fe5c6625667289_shot_001_000,pixel_mse,mouth,0.00430042
10,0.952154,1ec7a45d803ab472e7fe5c6625667289_shot_001_000,pixel_mse,upper_face,0.00010211
10,0.952154,1ec7a45d803ab472e7fe5c6625667289_shot_001_000,pixel_mse,full,0.00181081
10,0.952154,1ec7a45d803ab472e7fe5c6625667289_shot_001_000,ssim,mouth,0.84785497
10,0.952154,1ec7a45d803ab472e7fe5c6625667289_shot_001_000,ssim,upper_face,0.96676248
10,0.952154,1ec7a45d803ab472e7fe5c6625667289_shot_001_000,ssim,full,0.91836739
10,0.952154,1ec7a45d803ab472e7fe5c6625667289_shot_001_000,lpips,mouth,0.10677533
10,0.952154,1ec7a45d803ab472e7fe5c6625667289_shot_001_000,lpips,full,0.06973870
10,0.952154,1ec7a45d803ab472e7fe5c6625667289_shot_001_000,sharpness,mouth,9.7147
10,0.952154,1ec7a45d803ab472e7fe5c6625667289_shot_001_000,lmd,mouth,4.443447
10,0.952154,1ec7a45d803ab472e7fe5c6625667289_shot_001_000,sync_d,mouth,8.988480
10,0.952154,1ec7a45d803ab472e7fe5c6625667289_shot_001_000,sync_c,mouth,4.671288
11,0.946372,1ec7a45d803ab472e7fe5c6625667289_shot_001_000,pixel_mse,mouth,0.00418344
11,0.946372,1ec7a45d803ab472e7fe5c6625667289_shot_001_000,pixel_mse,upper_face,0.00010262
11,0.946372,1ec7a45d803ab472e7fe5c6625667289_shot_001_000,pixel_mse,full,0.00176351
11,0.946372,1ec7a45d803ab472e7fe5c6625667289_shot_001_000,ssim,mouth,0.84796906
11,0.946372,1ec7a45d803ab472e7fe5c6625667289_shot_001_000,ssim,upper_face,0.96688277
11,0.946372,1ec7a45d803ab472e7fe5c6625667289_shot_001_000,ssim,full,0.91848511
11,0.946372,1ec7a45d803ab472e7fe5c6625667289_shot_001_000,lpips,mouth,0.10661464
11,0.946372,1ec7a45d803ab472e7fe5c6625667289_shot_001_000,lpips,full,0.06963459
11,0.946372,1ec7a45d803ab472e7fe5c6625667289_shot_001_000,sharpness,mouth,9.8070
11,0.946372,1ec7a45d803ab472e7fe5c6625667289_shot_001_000,lmd,mouth,4.370060
11,0.946372,1ec7a45d803ab472e7fe5c6625667289_shot_001_000,sync_d,mouth,8.994447
11,0.946372,1ec7a45d803ab472e7fe5c6625667289_shot_001_000,sync_c,mouth,4.681021
12,0.940361,1ec7a45d803ab472e7fe5c6625667289_shot_001_000,pixel_mse,mouth,0.00389112
12,0.940361,1ec7a45d803ab472e7fe5c6625667289_shot_001_000,pixel_mse,upper_face,0.00009949
12,0.940361,1ec7a45d803ab472e7fe5c6625667289_shot_001_000,pixel_mse,full,0.00164267
12,0.940361,1ec7a45d803ab472e7fe5c6625667289_shot_001_000,ssim,mouth,0.85050929
12,0.940361,1ec7a45d803ab472e7fe5c6625667289_shot_001_000,ssim,upper_face,0.96715593
12,0.940361,1ec7a45d803ab472e7fe5c6625667289_shot_001_000,ssim,full,0.91968101
12,0.940361,1ec7a45d803ab472e7fe5c6625667289_shot_001_000,lpips,mouth,0.10533822
12,0.940361,1ec7a45d803ab472e7fe5c6625667289_shot_001_000,lpips,full,0.06894720
12,0.940361,1ec7a45d803ab472e7fe5c6625667289_shot_001_000,sharpness,mouth,9.7310
12,0.940361,1ec7a45d803ab472e7fe5c6625667289_shot_001_000,lmd,mouth,4.278968
12,0.940361,1ec7a45d803ab472e7fe5c6625667289_shot_001_000,sync_d,mouth,9.239594
12,0.940361,1ec7a45d803ab472e7fe5c6625667289_shot_001_000,sync_c,mouth,4.476103
13,0.934107,1ec7a45d803ab472e7fe5c6625667289_shot_001_000,pixel_mse,mouth,0.00372683
13,0.934107,1ec7a45d803ab472e7fe5c6625667289_shot_001_000,pixel_mse,upper_face,0.00009739
13,0.934107,1ec7a45d803ab472e7fe5c6625667289_shot_001_000,pixel_mse,full,0.00157456
13,0.934107,1ec7a45d803ab472e7fe5c6625667289_shot_001_000,ssim,mouth,0.85204655
13,0.934107,1ec7a45d803ab472e7fe5c6625667289_shot_001_000,ssim,upper_face,0.96729779
13,0.934107,1ec7a45d803ab472e7fe5c6625667289_shot_001_000,ssim,full,0.92039073
13,0.934107,1ec7a45d803ab472e7fe5c6625667289_shot_001_000,lpips,mouth,0.10412925
13,0.934107,1ec7a45d803ab472e7fe5c6625667289_shot_001_000,lpips,full,0.06816874
13,0.934107,1ec7a45d803ab472e7fe5c6625667289_shot_001_000,sharpness,mouth,9.7591
13,0.934107,1ec7a45d803ab472e7fe5c6625667289_shot_001_000,lmd,mouth,4.191100
13,0.934107,1ec7a45d803ab472e7fe5c6625667289_shot_001_000,sync_d,mouth,9.290662
13,0.934107,1ec7a45d803ab472e7fe5c6625667289_shot_001_000,sync_c,mouth,4.447140
14,0.927596,1ec7a45d803ab472e7fe5c6625667289_shot_001_000,pixel_mse,mouth,0.00355969
14,0.927596,1ec7a45d803ab472e7fe5c6625667289_shot_001_000,pixel_mse,upper_face,0.00009730
14,0.927596,1ec7a45d803ab472e7fe5c6625667289_shot_001_000,pixel_mse,full,0.00150648
14,0.927596,1ec7a45d803ab472e7fe5c6625667289_shot_001_000,ssim,mouth,0.85361284
14,0.927596,1ec7a45d803ab472e7fe5c6625667289_shot_001_000,ssim,upper_face,0.96728891
14,0.927596,1ec7a45d803ab472e7fe5c6625667289_shot_001_000,ssim,full,0.92102289
14,0.927596,1ec7a45d803ab472e7fe5c6625667289_shot_001_000,lpips,mouth,0.10343190
14,0.927596,1ec7a45d803ab472e7fe5c6625667289_shot_001_000,lpips,full,0.06775694
14,0.927596,1ec7a45d803ab472e7fe5c6625667289_shot_001_000,sharpness,mouth,9.7337
14,0.927596,1ec7a45d803ab472e7fe5c6625667289_shot_001_000,lmd,mouth,4.243218
14,0.927596,1ec7a45d803ab472e7fe5c6625667289_shot_001_000,sync_d,mouth,9.263718
14,0.927596,1ec7a45d803ab472e7fe5c6625667289_shot_001_000,sync_c,mouth,4.646360
15,0.920810,1ec7a45d803ab472e7fe5c6625667289_shot_001_000,pixel_mse,mouth,0.00350427
15,0.920810,1ec7a45d803ab472e7fe5c6625667289_shot_001_000,pixel_mse,upper_face,0.00009399
15,0.920810,1ec7a45d803ab472e7fe5c6625667289_shot_001_000,pixel_mse,full,0.00148197
15,0.920810,1ec7a45d803ab472e7fe5c6625667289_shot_001_000,ssim,mouth,0.85440564
15,0.920810,1ec7a45d803ab472e7fe5c6625667289_shot_001_000,ssim,upper_face,0.96758223
15,0.920810,1ec7a45d803ab472e7fe5c6625667289_shot_001_000,ssim,full,0.92151970
15,0.920810,1ec7a45d803ab472e7fe5c6625667289_shot_001_000,lpips,mouth,0.10276306
15,0.920810,1ec7a45d803ab472e7fe5c6625667289_shot_001_000,lpips,full,0.06716004
15,0.920810,1ec7a45d803ab472e7fe5c6625667289_shot_001_000,sharpness,mouth,9.8072
15,0.920810,1ec7a45d803ab472e7fe5c6625667289_shot_001_000,lmd,mouth,4.391821
15,0.920810,1ec7a45d803ab472e7fe5c6625667289_shot_001_000,sync_d,mouth,9.321226
15,0.920810,1ec7a45d803ab472e7fe5c6625667289_shot_001_000,sync_c,mouth,4.601420
16,0.913733,1ec7a45d803ab472e7fe5c6625667289_shot_001_000,pixel_mse,mouth,0.00336788
16,0.913733,1ec7a45d803ab472e7fe5c6625667289_shot_001_000,pixel_mse,upper_face,0.00009325
16,0.913733,1ec7a45d803ab472e7fe5c6625667289_shot_001_000,pixel_mse,full,0.00142602
16,0.913733,1ec7a45d803ab472e7fe5c6625667289_shot_001_000,ssim,mouth,0.85631508
16,0.913733,1ec7a45d803ab472e7fe5c6625667289_shot_001_000,ssim,upper_face,0.96777880
16,0.913733,1ec7a45d803ab472e7fe5c6625667289_shot_001_000,ssim,full,0.92241341
16,0.913733,1ec7a45d803ab472e7fe5c6625667289_shot_001_000,lpips,mouth,0.10157115
16,0.913733,1ec7a45d803ab472e7fe5c6625667289_shot_001_000,lpips,full,0.06665467
16,0.913733,1ec7a45d803ab472e7fe5c6625667289_shot_001_000,sharpness,mouth,9.7351
16,0.913733,1ec7a45d803ab472e7fe5c6625667289_shot_001_000,lmd,mouth,4.358056
16,0.913733,1ec7a45d803ab472e7fe5c6625667289_shot_001_000,sync_d,mouth,9.274340
16,0.913733,1ec7a45d803ab472e7fe5c6625667289_shot_001_000,sync_c,mouth,4.839000
17,0.906344,1ec7a45d803ab472e7fe5c6625667289_shot_001_000,pixel_mse,mouth,0.00339666
17,0.906344,1ec7a45d803ab472e7fe5c6625667289_shot_001_000,pixel_mse,upper_face,0.00009299
17,0.906344,1ec7a45d803ab472e7fe5c6625667289_shot_001_000,pixel_mse,full,0.00143757
17,0.906344,1ec7a45d803ab472e7fe5c6625667289_shot_001_000,ssim,mouth,0.85504186
17,0.906344,1ec7a45d803ab472e7fe5c6625667289_shot_001_000,ssim,upper_face,0.96772671
17,0.906344,1ec7a45d803ab472e7fe5c6625667289_shot_001_000,ssim,full,0.92186427
17,0.906344,1ec7a45d803ab472e7fe5c6625667289_shot_001_000,lpips,mouth,0.10222328
17,0.906344,1ec7a45d803ab472e7fe5c6625667289_shot_001_000,lpips,full,0.06689296
17,0.906344,1ec7a45d803ab472e7fe5c6625667289_shot_001_000,sharpness,mouth,9.8259
17,0.906344,1ec7a45d803ab472e7fe5c6625667289_shot_001_000,lmd,mouth,4.472332
17,0.906344,1ec7a45d803ab472e7fe5c6625667289_shot_001_000,sync_d,mouth,9.364356
17,0.906344,1ec7a45d803ab472e7fe5c6625667289_shot_001_000,sync_c,mouth,4.717791
18,0.898624,1ec7a45d803ab472e7fe5c6625667289_shot_001_000,pixel_mse,mouth,0.00337044
18,0.898624,1ec7a45d803ab472e7fe5c6625667289_shot_001_000,pixel_mse,upper_face,0.00009232
18,0.898624,1ec7a45d803ab472e7fe5c6625667289_shot_001_000,pixel_mse,full,0.00142651
18,0.898624,1ec7a45d803ab472e7fe5c6625667289_shot_001_000,ssim,mouth,0.85502559
18,0.898624,1ec7a45d803ab472e7fe5c6625667289_shot_001_000,ssim,upper_face,0.96793467
18,0.898624,1ec7a45d803ab472e7fe5c6625667289_shot_001_000,ssim,full,0.92198104
18,0.898624,1ec7a45d803ab472e7fe5c6625667289_shot_001_000,lpips,mouth,0.10196175
18,0.898624,1ec7a45d803ab472e7fe5c6625667289_shot_001_000,lpips,full,0.06672814
18,0.898624,1ec7a45d803ab472e7fe5c6625667289_shot_001_000,sharpness,mouth,9.8134
18,0.898624,1ec7a45d803ab472e7fe5c6625667289_shot_001_000,lmd,mouth,4.664659
18,0.898624,1ec7a45d803ab472e7fe5c6625667289_shot_001_000,sync_d,mouth,9.524276
18,0.898624,1ec7a45d803ab472e7fe5c6625667289_shot_001_000,sync_c,mouth,4.478080
19,0.890548,1ec7a45d803ab472e7fe5c6625667289_shot_001_000,pixel_mse,mouth,0.00326743
19,0.890548,1ec7a45d803ab472e7fe5c6625667289_shot_001_000,pixel_mse,upper_face,0.00009123
19,0.890548,1ec7a45d803ab472e7fe5c6625667289_shot_001_000,pixel_mse,full,0.00138394
19,0.890548,1ec7a45d803ab472e7fe5c6625667289_shot_001_000,ssim,mouth,0.85650438
19,0.890548,1ec7a45d803ab472e7fe5c6625667289_shot_001_000,ssim,upper_face,0.96803159
19,0.890548,1ec7a45d803ab472e7fe5c6625667289_shot_001_000,ssim,full,0.92264020
19,0.890548,1ec7a45d803ab472e7fe5c6625667289_shot_001_000,lpips,mouth,0.10089728
19,0.890548,1ec7a45d803ab472e7fe5c6625667289_shot_001_000,lpips,full,0.06625528
19,0.890548,1ec7a45d803ab472e7fe5c6625667289_shot_001_000,sharpness,mouth,9.9200
19,0.890548,1ec7a45d803ab472e7fe5c6625667289_shot_001_000,lmd,mouth,4.717877
19,0.890548,1ec7a45d803ab472e7fe5c6625667289_shot_001_000,sync_d,mouth,9.582778
19,0.890548,1ec7a45d803ab472e7fe5c6625667289_shot_001_000,sync_c,mouth,4.585587
20,0.882093,1ec7a45d803ab472e7fe5c6625667289_shot_001_000,pixel_mse,mouth,0.00317715
20,0.882093,1ec7a45d803ab472e7fe5c6625667289_shot_001_000,pixel_mse,upper_face,0.00009009
20,0.882093,1ec7a45d803ab472e7fe5c6625667289_shot_001_000,pixel_mse,full,0.00134652
20,0.882093,1ec7a45d803ab472e7fe5c6625667289_shot_001_000,ssim,mouth,0.85712647
20,0.882093,1ec7a45d803ab472e7fe5c6625667289_shot_001_000,ssim,upper_face,0.96813089
20,0.882093,1ec7a45d803ab472e7fe5c6625667289_shot_001_000,ssim,full,0.92295223
20,0.882093,1ec7a45d803ab472e7fe5c6625667289_shot_001_000,lpips,mouth,0.10071868
20,0.882093,1ec7a45d803ab472e7fe5c6625667289_shot_001_000,lpips,full,0.06602267
20,0.882093,1ec7a45d803ab472e7fe5c6625667289_shot_001_000,sharpness,mouth,9.7798
20,0.882093,1ec7a45d803ab472e7fe5c6625667289_shot_001_000,lmd,mouth,4.875386
20,0.882093,1ec7a45d803ab472e7fe5c6625667289_shot_001_000,sync_d,mouth,9.596812
20,0.882093,1ec7a45d803ab472e7fe5c6625667289_shot_001_000,sync_c,mouth,4.620095
21,0.873231,1ec7a45d803ab472e7fe5c6625667289_shot_001_000,pixel_mse,mouth,0.00316310
21,0.873231,1ec7a45d803ab472e7fe5c6625667289_shot_001_000,pixel_mse,upper_face,0.00009024
21,0.873231,1ec7a45d803ab472e7fe5c6625667289_shot_001_000,pixel_mse,full,0.00134089
21,0.873231,1ec7a45d803ab472e7fe5c6625667289_shot_001_000,ssim,mouth,0.85672712
21,0.873231,1ec7a45d803ab472e7fe5c6625667289_shot_001_000,ssim,upper_face,0.96819723
21,0.873231,1ec7a45d803ab472e7fe5c6625667289_shot_001_000,ssim,full,0.92282915
21,0.873231,1ec7a45d803ab472e7fe5c6625667289_shot_001_000,lpips,mouth,0.10109005
21,0.873231,1ec7a45d803ab472e7fe5c6625667289_shot_001_000,lpips,full,0.06609888
21,0.873231,1ec7a45d803ab472e7fe5c6625667289_shot_001_000,sharpness,mouth,9.7395
21,0.873231,1ec7a45d803ab472e7fe5c6625667289_shot_001_000,lmd,mouth,4.903948
21,0.873231,1ec7a45d803ab472e7fe5c6625667289_shot_001_000,sync_d,mouth,9.762463
21,0.873231,1ec7a45d803ab472e7fe5c6625667289_shot_001_000,sync_c,mouth,4.518516
22,0.863931,1ec7a45d803ab472e7fe5c6625667289_shot_001_000,pixel_mse,mouth,0.00309420
22,0.863931,1ec7a45d803ab472e7fe5c6625667289_shot_001_000,pixel_mse,upper_face,0.00008900
22,0.863931,1ec7a45d803ab472e7fe5c6625667289_shot_001_000,pixel_mse,full,0.00131211
22,0.863931,1ec7a45d803ab472e7fe5c6625667289_shot_001_000,ssim,mouth,0.85790497
22,0.863931,1ec7a45d803ab472e7fe5c6625667289_shot_001_000,ssim,upper_face,0.96835947
22,0.863931,1ec7a45d803ab472e7fe5c6625667289_shot_001_000,ssim,full,0.92340481
22,0.863931,1ec7a45d803ab472e7fe5c6625667289_shot_001_000,lpips,mouth,0.10116358
22,0.863931,1ec7a45d803ab472e7fe5c6625667289_shot_001_000,lpips,full,0.06608402
22,0.863931,1ec7a45d803ab472e7fe5c6625667289_shot_001_000,sharpness,mouth,9.7626
22,0.863931,1ec7a45d803ab472e7fe5c6625667289_shot_001_000,lmd,mouth,5.092259
22,0.863931,1ec7a45d803ab472e7fe5c6625667289_shot_001_000,sync_d,mouth,9.668617
22,0.863931,1ec7a45d803ab472e7fe5c6625667289_shot_001_000,sync_c,mouth,4.588292
23,0.854160,1ec7a45d803ab472e7fe5c6625667289_shot_001_000,pixel_mse,mouth,0.00308595
23,0.854160,1ec7a45d803ab472e7fe5c6625667289_shot_001_000,pixel_mse,upper_face,0.00008751
23,0.854160,1ec7a45d803ab472e7fe5c6625667289_shot_001_000,pixel_mse,full,0.00130787
23,0.854160,1ec7a45d803ab472e7fe5c6625667289_shot_001_000,ssim,mouth,0.85783714
23,0.854160,1ec7a45d803ab472e7fe5c6625667289_shot_001_000,ssim,upper_face,0.96855330
23,0.854160,1ec7a45d803ab472e7fe5c6625667289_shot_001_000,ssim,full,0.92349207
23,0.854160,1ec7a45d803ab472e7fe5c6625667289_shot_001_000,lpips,mouth,0.10135277
23,0.854160,1ec7a45d803ab472e7fe5c6625667289_shot_001_000,lpips,full,0.06622131
23,0.854160,1ec7a45d803ab472e7fe5c6625667289_shot_001_000,sharpness,mouth,9.6663
23,0.854160,1ec7a45d803ab472e7fe5c6625667289_shot_001_000,lmd,mouth,5.274101
23,0.854160,1ec7a45d803ab472e7fe5c6625667289_shot_001_000,sync_d,mouth,9.690244
23,0.854160,1ec7a45d803ab472e7fe5c6625667289_shot_001_000,sync_c,mouth,4.579437
24,0.843882,1ec7a45d803ab472e7fe5c6625667289_shot_001_000,pixel_mse,mouth,0.00305665
24,0.843882,1ec7a45d803ab472e7fe5c6625667289_shot_001_000,pixel_mse,upper_face,0.00008703
24,0.843882,1ec7a45d803ab472e7fe5c6625667289_shot_001_000,pixel_mse,full,0.00129566
24,0.843882,1ec7a45d803ab472e7fe5c6625667289_shot_001_000,ssim,mouth,0.85738111
24,0.843882,1ec7a45d803ab472e7fe5c6625667289_shot_001_000,ssim,upper_face,0.96855038
24,0.843882,1ec7a45d803ab472e7fe5c6625667289_shot_001_000,ssim,full,0.92330474
24,0.843882,1ec7a45d803ab472e7fe5c6625667289_shot_001_000,lpips,mouth,0.10070644
24,0.843882,1ec7a45d803ab472e7fe5c6625667289_shot_001_000,lpips,full,0.06588878
24,0.843882,1ec7a45d803ab472e7fe5c6625667289_shot_001_000,sharpness,mouth,9.6818
24,0.843882,1ec7a45d803ab472e7fe5c6625667289_shot_001_000,lmd,mouth,5.179014
24,0.843882,1ec7a45d803ab472e7fe5c6625667289_shot_001_000,sync_d,mouth,9.604989
24,0.843882,1ec7a45d803ab472e7fe5c6625667289_shot_001_000,sync_c,mouth,4.566800
25,0.833055,1ec7a45d803ab472e7fe5c6625667289_shot_001_000,pixel_mse,mouth,0.00303172
25,0.833055,1ec7a45d803ab472e7fe5c6625667289_shot_001_000,pixel_mse,upper_face,0.00008586
25,0.833055,1ec7a45d803ab472e7fe5c6625667289_shot_001_000,pixel_mse,full,0.00128482
25,0.833055,1ec7a45d803ab472e7fe5c6625667289_shot_001_000,ssim,mouth,0.85797751
25,0.833055,1ec7a45d803ab472e7fe5c6625667289_shot_001_000,ssim,upper_face,0.96868908
25,0.833055,1ec7a45d803ab472e7fe5c6625667289_shot_001_000,ssim,full,0.92362964
25,0.833055,1ec7a45d803ab472e7fe5c6625667289_shot_001_000,lpips,mouth,0.10086820
25,0.833055,1ec7a45d803ab472e7fe5c6625667289_shot_001_000,lpips,full,0.06587148
25,0.833055,1ec7a45d803ab472e7fe5c6625667289_shot_001_000,sharpness,mouth,9.5964
25,0.833055,1ec7a45d803ab472e7fe5c6625667289_shot_001_000,lmd,mouth,5.151546
25,0.833055,1ec7a45d803ab472e7fe5c6625667289_shot_001_000,sync_d,mouth,9.633509
25,0.833055,1ec7a45d803ab472e7fe5c6625667289_shot_001_000,sync_c,mouth,4.571568
26,0.821636,1ec7a45d803ab472e7fe5c6625667289_shot_001_000,pixel_mse,mouth,0.00300899
26,0.821636,1ec7a45d803ab472e7fe5c6625667289_shot_001_000,pixel_mse,upper_face,0.00008530
26,0.821636,1ec7a45d803ab472e7fe5c6625667289_shot_001_000,pixel_mse,full,0.00127524
26,0.821636,1ec7a45d803ab472e7fe5c6625667289_shot_001_000,ssim,mouth,0.85793567
26,0.821636,1ec7a45d803ab472e7fe5c6625667289_shot_001_000,ssim,upper_face,0.96875733
26,0.821636,1ec7a45d803ab472e7fe5c6625667289_shot_001_000,ssim,full,0.92365319
26,0.821636,1ec7a45d803ab472e7fe5c6625667289_shot_001_000,lpips,mouth,0.10077722
26,0.821636,1ec7a45d803ab472e7fe5c6625667289_shot_001_000,lpips,full,0.06575684
26,0.821636,1ec7a45d803ab472e7fe5c6625667289_shot_001_000,sharpness,mouth,9.5937
26,0.821636,1ec7a45d803ab472e7fe5c6625667289_shot_001_000,lmd,mouth,5.179659
26,0.821636,1ec7a45d803ab472e7fe5c6625667289_shot_001_000,sync_d,mouth,9.512132
26,0.821636,1ec7a45d803ab472e7fe5c6625667289_shot_001_000,sync_c,mouth,4.650001
27,0.809574,1ec7a45d803ab472e7fe5c6625667289_shot_001_000,pixel_mse,mouth,0.00300204
27,0.809574,1ec7a45d803ab472e7fe5c6625667289_shot_001_000,pixel_mse,upper_face,0.00008608
27,0.809574,1ec7a45d803ab472e7fe5c6625667289_shot_001_000,pixel_mse,full,0.00127287
27,0.809574,1ec7a45d803ab472e7fe5c6625667289_shot_001_000,ssim,mouth,0.85801685
27,0.809574,1ec7a45d803ab472e7fe5c6625667289_shot_001_000,ssim,upper_face,0.96877128
27,0.809574,1ec7a45d803ab472e7fe5c6625667289_shot_001_000,ssim,full,0.92369449
27,0.809574,1ec7a45d803ab472e7fe5c6625667289_shot_001_000,lpips,mouth,0.10064138
27,0.809574,1ec7a45d803ab472e7fe5c6625667289_shot_001_000,lpips,full,0.06572977
27,0.809574,1ec7a45d803ab472e7fe5c6625667289_shot_001_000,sharpness,mouth,9.5316
27,0.809574,1ec7a45d803ab472e7fe5c6625667289_shot_001_000,lmd,mouth,5.115642
27,0.809574,1ec7a45d803ab472e7fe5c6625667289_shot_001_000,sync_d,mouth,9.610532
27,0.809574,1ec7a45d803ab472e7fe5c6625667289_shot_001_000,sync_c,mouth,4.603393
28,0.796812,1ec7a45d803ab472e7fe5c6625667289_shot_001_000,pixel_mse,mouth,0.00301196
28,0.796812,1ec7a45d803ab472e7fe5c6625667289_shot_001_000,pixel_mse,upper_face,0.00008524
28,0.796812,1ec7a45d803ab472e7fe5c6625667289_shot_001_000,pixel_mse,full,0.00127641
28,0.796812,1ec7a45d803ab472e7fe5c6625667289_shot_001_000,ssim,mouth,0.85767317
28,0.796812,1ec7a45d803ab472e7fe5c6625667289_shot_001_000,ssim,upper_face,0.96892387
28,0.796812,1ec7a45d803ab472e7fe5c6625667289_shot_001_000,ssim,full,0.92364514
28,0.796812,1ec7a45d803ab472e7fe5c6625667289_shot_001_000,lpips,mouth,0.10031859
28,0.796812,1ec7a45d803ab472e7fe5c6625667289_shot_001_000,lpips,full,0.06556806
28,0.796812,1ec7a45d803ab472e7fe5c6625667289_shot_001_000,sharpness,mouth,9.5705
28,0.796812,1ec7a45d803ab472e7fe5c6625667289_shot_001_000,lmd,mouth,5.137286
28,0.796812,1ec7a45d803ab472e7fe5c6625667289_shot_001_000,sync_d,mouth,9.497825
28,0.796812,1ec7a45d803ab472e7fe5c6625667289_shot_001_000,sync_c,mouth,4.620461
29,0.783290,1ec7a45d803ab472e7fe5c6625667289_shot_001_000,pixel_mse,mouth,0.00299501
29,0.783290,1ec7a45d803ab472e7fe5c6625667289_shot_001_000,pixel_mse,upper_face,0.00008348
29,0.783290,1ec7a45d803ab472e7fe5c6625667289_shot_001_000,pixel_mse,full,0.00126846
29,0.783290,1ec7a45d803ab472e7fe5c6625667289_shot_001_000,ssim,mouth,0.85762691
29,0.783290,1ec7a45d803ab472e7fe5c6625667289_shot_001_000,ssim,upper_face,0.96911341
29,0.783290,1ec7a45d803ab472e7fe5c6625667289_shot_001_000,ssim,full,0.92373872
29,0.783290,1ec7a45d803ab472e7fe5c6625667289_shot_001_000,lpips,mouth,0.10004372
29,0.783290,1ec7a45d803ab472e7fe5c6625667289_shot_001_000,lpips,full,0.06510108
29,0.783290,1ec7a45d803ab472e7fe5c6625667289_shot_001_000,sharpness,mouth,9.6063
29,0.783290,1ec7a45d803ab472e7fe5c6625667289_shot_001_000,lmd,mouth,5.072552
29,0.783290,1ec7a45d803ab472e7fe5c6625667289_shot_001_000,sync_d,mouth,9.562613
29,0.783290,1ec7a45d803ab472e7fe5c6625667289_shot_001_000,sync_c,mouth,4.692026
30,0.768935,1ec7a45d803ab472e7fe5c6625667289_shot_001_000,pixel_mse,mouth,0.00301013
30,0.768935,1ec7a45d803ab472e7fe5c6625667289_shot_001_000,pixel_mse,upper_face,0.00008388
30,0.768935,1ec7a45d803ab472e7fe5c6625667289_shot_001_000,pixel_mse,full,0.00127485
30,0.768935,1ec7a45d803ab472e7fe5c6625667289_shot_001_000,ssim,mouth,0.85752207
30,0.768935,1ec7a45d803ab472e7fe5c6625667289_shot_001_000,ssim,upper_face,0.96916884
30,0.768935,1ec7a45d803ab472e7fe5c6625667289_shot_001_000,ssim,full,0.92372894
30,0.768935,1ec7a45d803ab472e7fe5c6625667289_shot_001_000,lpips,mouth,0.09977684
30,0.768935,1ec7a45d803ab472e7fe5c6625667289_shot_001_000,lpips,full,0.06511893
30,0.768935,1ec7a45d803ab472e7fe5c6625667289_shot_001_000,sharpness,mouth,9.6278
30,0.768935,1ec7a45d803ab472e7fe5c6625667289_shot_001_000,lmd,mouth,5.035245
30,0.768935,1ec7a45d803ab472e7fe5c6625667289_shot_001_000,sync_d,mouth,9.585974
30,0.768935,1ec7a45d803ab472e7fe5c6625667289_shot_001_000,sync_c,mouth,4.678965
31,0.753669,1ec7a45d803ab472e7fe5c6625667289_shot_001_000,pixel_mse,mouth,0.00302534
31,0.753669,1ec7a45d803ab472e7fe5c6625667289_shot_001_000,pixel_mse,upper_face,0.00008400
31,0.753669,1ec7a45d803ab472e7fe5c6625667289_shot_001_000,pixel_mse,full,0.00128112
31,0.753669,1ec7a45d803ab472e7fe5c6625667289_shot_001_000,ssim,mouth,0.85684824
31,0.753669,1ec7a45d803ab472e7fe5c6625667289_shot_001_000,ssim,upper_face,0.96918857
31,0.753669,1ec7a45d803ab472e7fe5c6625667289_shot_001_000,ssim,full,0.92346632
31,0.753669,1ec7a45d803ab472e7fe5c6625667289_shot_001_000,lpips,mouth,0.09970359
31,0.753669,1ec7a45d803ab472e7fe5c6625667289_shot_001_000,lpips,full,0.06511370
31,0.753669,1ec7a45d803ab472e7fe5c6625667289_shot_001_000,sharpness,mouth,9.5681
31,0.753669,1ec7a45d803ab472e7fe5c6625667289_shot_001_000,lmd,mouth,5.055730
31,0.753669,1ec7a45d803ab472e7fe5c6625667289_shot_001_000,sync_d,mouth,9.620215
31,0.753669,1ec7a45d803ab472e7fe5c6625667289_shot_001_000,sync_c,mouth,4.620376
32,0.737402,1ec7a45d803ab472e7fe5c6625667289_shot_001_000,pixel_mse,mouth,0.00305374
32,0.737402,1ec7a45d803ab472e7fe5c6625667289_shot_001_000,pixel_mse,upper_face,0.00008347
32,0.737402,1ec7a45d803ab472e7fe5c6625667289_shot_001_000,pixel_mse,full,0.00129236
32,0.737402,1ec7a45d803ab472e7fe5c6625667289_shot_001_000,ssim,mouth,0.85637712
32,0.737402,1ec7a45d803ab472e7fe5c6625667289_shot_001_000,ssim,upper_face,0.96928418
32,0.737402,1ec7a45d803ab472e7fe5c6625667289_shot_001_000,ssim,full,0.92333126
32,0.737402,1ec7a45d803ab472e7fe5c6625667289_shot_001_000,lpips,mouth,0.09966962
32,0.737402,1ec7a45d803ab472e7fe5c6625667289_shot_001_000,lpips,full,0.06507865
32,0.737402,1ec7a45d803ab472e7fe5c6625667289_shot_001_000,sharpness,mouth,9.6680
32,0.737402,1ec7a45d803ab472e7fe5c6625667289_shot_001_000,lmd,mouth,5.061818
32,0.737402,1ec7a45d803ab472e7fe5c6625667289_shot_001_000,sync_d,mouth,9.519094
32,0.737402,1ec7a45d803ab472e7fe5c6625667289_shot_001_000,sync_c,mouth,4.631690
33,0.720034,1ec7a45d803ab472e7fe5c6625667289_shot_001_000,pixel_mse,mouth,0.00306788
33,0.720034,1ec7a45d803ab472e7fe5c6625667289_shot_001_000,pixel_mse,upper_face,0.00008347
33,0.720034,1ec7a45d803ab472e7fe5c6625667289_shot_001_000,pixel_mse,full,0.00129812
33,0.720034,1ec7a45d803ab472e7fe5c6625667289_shot_001_000,ssim,mouth,0.85560107
33,0.720034,1ec7a45d803ab472e7fe5c6625667289_shot_001_000,ssim,upper_face,0.96939903
33,0.720034,1ec7a45d803ab472e7fe5c6625667289_shot_001_000,ssim,full,0.92308354
33,0.720034,1ec7a45d803ab472e7fe5c6625667289_shot_001_000,lpips,mouth,0.10073211
33,0.720034,1ec7a45d803ab472e7fe5c6625667289_shot_001_000,lpips,full,0.06561267
33,0.720034,1ec7a45d803ab472e7fe5c6625667289_shot_001_000,sharpness,mouth,9.6668
33,0.720034,1ec7a45d803ab472e7fe5c6625667289_shot_001_000,lmd,mouth,4.998943
33,0.720034,1ec7a45d803ab472e7fe5c6625667289_shot_001_000,sync_d,mouth,9.584743
33,0.720034,1ec7a45d803ab472e7fe5c6625667289_shot_001_000,sync_c,mouth,4.562121
34,0.701446,1ec7a45d803ab472e7fe5c6625667289_shot_001_000,pixel_mse,mouth,0.00310030
34,0.701446,1ec7a45d803ab472e7fe5c6625667289_shot_001_000,pixel_mse,upper_face,0.00008294
34,0.701446,1ec7a45d803ab472e7fe5c6625667289_shot_001_000,pixel_mse,full,0.00131100
34,0.701446,1ec7a45d803ab472e7fe5c6625667289_shot_001_000,ssim,mouth,0.85497558
34,0.701446,1ec7a45d803ab472e7fe5c6625667289_shot_001_000,ssim,upper_face,0.96952873
34,0.701446,1ec7a45d803ab472e7fe5c6625667289_shot_001_000,ssim,full,0.92290580
34,0.701446,1ec7a45d803ab472e7fe5c6625667289_shot_001_000,lpips,mouth,0.10043516
34,0.701446,1ec7a45d803ab472e7fe5c6625667289_shot_001_000,lpips,full,0.06538287
34,0.701446,1ec7a45d803ab472e7fe5c6625667289_shot_001_000,sharpness,mouth,9.6520
34,0.701446,1ec7a45d803ab472e7fe5c6625667289_shot_001_000,lmd,mouth,4.918577
34,0.701446,1ec7a45d803ab472e7fe5c6625667289_shot_001_000,sync_d,mouth,9.498920
34,0.701446,1ec7a45d803ab472e7fe5c6625667289_shot_001_000,sync_c,mouth,4.658069
35,0.681508,1ec7a45d803ab472e7fe5c6625667289_shot_001_000,pixel_mse,mouth,0.00311344
35,0.681508,1ec7a45d803ab472e7fe5c6625667289_shot_001_000,pixel_mse,upper_face,0.00008243
35,0.681508,1ec7a45d803ab472e7fe5c6625667289_shot_001_000,pixel_mse,full,0.00131605
35,0.681508,1ec7a45d803ab472e7fe5c6625667289_shot_001_000,ssim,mouth,0.85415858
35,0.681508,1ec7a45d803ab472e7fe5c6625667289_shot_001_000,ssim,upper_face,0.96958148
35,0.681508,1ec7a45d803ab472e7fe5c6625667289_shot_001_000,ssim,full,0.92260450
35,0.681508,1ec7a45d803ab472e7fe5c6625667289_shot_001_000,lpips,mouth,0.10060249
35,0.681508,1ec7a45d803ab472e7fe5c6625667289_shot_001_000,lpips,full,0.06538738
35,0.681508,1ec7a45d803ab472e7fe5c6625667289_shot_001_000,sharpness,mouth,9.6117
35,0.681508,1ec7a45d803ab472e7fe5c6625667289_shot_001_000,lmd,mouth,4.962981
35,0.681508,1ec7a45d803ab472e7fe5c6625667289_shot_001_000,sync_d,mouth,9.548998
35,0.681508,1ec7a45d803ab472e7fe5c6625667289_shot_001_000,sync_c,mouth,4.607185
36,0.660066,1ec7a45d803ab472e7fe5c6625667289_shot_001_000,pixel_mse,mouth,0.00313427
36,0.660066,1ec7a45d803ab472e7fe5c6625667289_shot_001_000,pixel_mse,upper_face,0.00008273
36,0.660066,1ec7a45d803ab472e7fe5c6625667289_shot_001_000,pixel_mse,full,0.00132470
36,0.660066,1ec7a45d803ab472e7fe5c6625667289_shot_001_000,ssim,mouth,0.85342097
36,0.660066,1ec7a45d803ab472e7fe5c6625667289_shot_001_000,ssim,upper_face,0.96961832
36,0.660066,1ec7a45d803ab472e7fe5c6625667289_shot_001_000,ssim,full,0.92232627
36,0.660066,1ec7a45d803ab472e7fe5c6625667289_shot_001_000,lpips,mouth,0.10096781
36,0.660066,1ec7a45d803ab472e7fe5c6625667289_shot_001_000,lpips,full,0.06559122
36,0.660066,1ec7a45d803ab472e7fe5c6625667289_shot_001_000,sharpness,mouth,9.6775
36,0.660066,1ec7a45d803ab472e7fe5c6625667289_shot_001_000,lmd,mouth,4.956292
36,0.660066,1ec7a45d803ab472e7fe5c6625667289_shot_001_000,sync_d,mouth,9.587577
36,0.660066,1ec7a45d803ab472e7fe5c6625667289_shot_001_000,sync_c,mouth,4.549998
37,0.636942,1ec7a45d803ab472e7fe5c6625667289_shot_001_000,pixel_mse,mouth,0.00317682
37,0.636942,1ec7a45d803ab472e7fe5c6625667289_shot_001_000,pixel_mse,upper_face,0.00008256
37,0.636942,1ec7a45d803ab472e7fe5c6625667289_shot_001_000,pixel_mse,full,0.00134192
37,0.636942,1ec7a45d803ab472e7fe5c6625667289_shot_001_000,ssim,mouth,0.85223275
37,0.636942,1ec7a45d803ab472e7fe5c6625667289_shot_001_000,ssim,upper_face,0.96970707
37,0.636942,1ec7a45d803ab472e7fe5c6625667289_shot_001_000,ssim,full,0.92189533
37,0.636942,1ec7a45d803ab472e7fe5c6625667289_shot_001_000,lpips,mouth,0.10104299
37,0.636942,1ec7a45d803ab472e7fe5c6625667289_shot_001_000,lpips,full,0.06568427
37,0.636942,1ec7a45d803ab472e7fe5c6625667289_shot_001_000,sharpness,mouth,9.7106
37,0.636942,1ec7a45d803ab472e7fe5c6625667289_shot_001_000,lmd,mouth,4.821206
37,0.636942,1ec7a45d803ab472e7fe5c6625667289_shot_001_000,sync_d,mouth,9.550447
37,0.636942,1ec7a45d803ab472e7fe5c6625667289_shot_001_000,sync_c,mouth,4.532836
38,0.611932,1ec7a45d803ab472e7fe5c6625667289_shot_001_000,pixel_mse,mouth,0.00320997
38,0.611932,1ec7a45d803ab472e7fe5c6625667289_shot_001_000,pixel_mse,upper_face,0.00008321
38,0.611932,1ec7a45d803ab472e7fe5c6625667289_shot_001_000,pixel_mse,full,0.00135580
38,0.611932,1ec7a45d803ab472e7fe5c6625667289_shot_001_000,ssim,mouth,0.85112536
38,0.611932,1ec7a45d803ab472e7fe5c6625667289_shot_001_000,ssim,upper_face,0.96987116
38,0.611932,1ec7a45d803ab472e7fe5c6625667289_shot_001_000,ssim,full,0.92154187
38,0.611932,1ec7a45d803ab472e7fe5c6625667289_shot_001_000,lpips,mouth,0.10149203
38,0.611932,1ec7a45d803ab472e7fe5c6625667289_shot_001_000,lpips,full,0.06580261
38,0.611932,1ec7a45d803ab472e7fe5c6625667289_shot_001_000,sharpness,mouth,9.6727
38,0.611932,1ec7a45d803ab472e7fe5c6625667289_shot_001_000,lmd,mouth,4.954486
38,0.611932,1ec7a45d803ab472e7fe5c6625667289_shot_001_000,sync_d,mouth,9.476093
38,0.611932,1ec7a45d803ab472e7fe5c6625667289_shot_001_000,sync_c,mouth,4.613168
39,0.584795,1ec7a45d803ab472e7fe5c6625667289_shot_001_000,pixel_mse,mouth,0.00323916
39,0.584795,1ec7a45d803ab472e7fe5c6625667289_shot_001_000,pixel_mse,upper_face,0.00008266
39,0.584795,1ec7a45d803ab472e7fe5c6625667289_shot_001_000,pixel_mse,full,0.00136735
39,0.584795,1ec7a45d803ab472e7fe5c6625667289_shot_001_000,ssim,mouth,0.85041130
39,0.584795,1ec7a45d803ab472e7fe5c6625667289_shot_001_000,ssim,upper_face,0.96993268
39,0.584795,1ec7a45d803ab472e7fe5c6625667289_shot_001_000,ssim,full,0.92128783
39,0.584795,1ec7a45d803ab472e7fe5c6625667289_shot_001_000,lpips,mouth,0.10200442
39,0.584795,1ec7a45d803ab472e7fe5c6625667289_shot_001_000,lpips,full,0.06598809
39,0.584795,1ec7a45d803ab472e7fe5c6625667289_shot_001_000,sharpness,mouth,9.6902
39,0.584795,1ec7a45d803ab472e7fe5c6625667289_shot_001_000,lmd,mouth,4.951818
39,0.584795,1ec7a45d803ab472e7fe5c6625667289_shot_001_000,sync_d,mouth,9.510573
39,0.584795,1ec7a45d803ab472e7fe5c6625667289_shot_001_000,sync_c,mouth,4.591374
40,0.555247,1ec7a45d803ab472e7fe5c6625667289_shot_001_000,pixel_mse,mouth,0.00326182
40,0.555247,1ec7a45d803ab472e7fe5c6625667289_shot_001_000,pixel_mse,upper_face,0.00008313
40,0.555247,1ec7a45d803ab472e7fe5c6625667289_shot_001_000,pixel_mse,full,0.00137685
40,0.555247,1ec7a45d803ab472e7fe5c6625667289_shot_001_000,ssim,mouth,0.84942305
40,0.555247,1ec7a45d803ab472e7fe5c6625667289_shot_001_000,ssim,upper_face,0.96999037
40,0.555247,1ec7a45d803ab472e7fe5c6625667289_shot_001_000,ssim,full,0.92091984
40,0.555247,1ec7a45d803ab472e7fe5c6625667289_shot_001_000,lpips,mouth,0.10209244
40,0.555247,1ec7a45d803ab472e7fe5c6625667289_shot_001_000,lpips,full,0.06606314
40,0.555247,1ec7a45d803ab472e7fe5c6625667289_shot_001_000,sharpness,mouth,9.7377
40,0.555247,1ec7a45d803ab472e7fe5c6625667289_shot_001_000,lmd,mouth,4.939837
40,0.555247,1ec7a45d803ab472e7fe5c6625667289_shot_001_000,sync_d,mouth,9.509072
40,0.555247,1ec7a45d803ab472e7fe5c6625667289_shot_001_000,sync_c,mouth,4.573929
41,0.522951,1ec7a45d803ab472e7fe5c6625667289_shot_001_000,pixel_mse,mouth,0.00328993
41,0.522951,1ec7a45d803ab472e7fe5c6625667289_shot_001_000,pixel_mse,upper_face,0.00008225
41,0.522951,1ec7a45d803ab472e7fe5c6625667289_shot_001_000,pixel_mse,full,0.00138777
41,0.522951,1ec7a45d803ab472e7fe5c6625667289_shot_001_000,ssim,mouth,0.84866059
41,0.522951,1ec7a45d803ab472e7fe5c6625667289_shot_001_000,ssim,upper_face,0.97015572
41,0.522951,1ec7a45d803ab472e7fe5c6625667289_shot_001_000,ssim,full,0.92070752
41,0.522951,1ec7a45d803ab472e7fe5c6625667289_shot_001_000,lpips,mouth,0.10237164
41,0.522951,1ec7a45d803ab472e7fe5c6625667289_shot_001_000,lpips,full,0.06625488
41,0.522951,1ec7a45d803ab472e7fe5c6625667289_shot_001_000,sharpness,mouth,9.7281
41,0.522951,1ec7a45d803ab472e7fe5c6625667289_shot_001_000,lmd,mouth,4.940907
41,0.522951,1ec7a45d803ab472e7fe5c6625667289_shot_001_000,sync_d,mouth,9.480176
41,0.522951,1ec7a45d803ab472e7fe5c6625667289_shot_001_000,sync_c,mouth,4.540332
42,0.487507,1ec7a45d803ab472e7fe5c6625667289_shot_001_000,pixel_mse,mouth,0.00333213
42,0.487507,1ec7a45d803ab472e7fe5c6625667289_shot_001_000,pixel_mse,upper_face,0.00008208
42,0.487507,1ec7a45d803ab472e7fe5c6625667289_shot_001_000,pixel_mse,full,0.00140484
42,0.487507,1ec7a45d803ab472e7fe5c6625667289_shot_001_000,ssim,mouth,0.84723002
42,0.487507,1ec7a45d803ab472e7fe5c6625667289_shot_001_000,ssim,upper_face,0.97021967
42,0.487507,1ec7a45d803ab472e7fe5c6625667289_shot_001_000,ssim,full,0.92016309
42,0.487507,1ec7a45d803ab472e7fe5c6625667289_shot_001_000,lpips,mouth,0.10285992
42,0.487507,1ec7a45d803ab472e7fe5c6625667289_shot_001_000,lpips,full,0.06648631
42,0.487507,1ec7a45d803ab472e7fe5c6625667289_shot_001_000,sharpness,mouth,9.6762
42,0.487507,1ec7a45d803ab472e7fe5c6625667289_shot_001_000,lmd,mouth,4.890591
42,0.487507,1ec7a45d803ab472e7fe5c6625667289_shot_001_000,sync_d,mouth,9.400279
42,0.487507,1ec7a45d803ab472e7fe5c6625667289_shot_001_000,sync_c,mouth,4.568521
43,0.448430,1ec7a45d803ab472e7fe5c6625667289_shot_001_000,pixel_mse,mouth,0.00336555
43,0.448430,1ec7a45d803ab472e7fe5c6625667289_shot_001_000,pixel_mse,upper_face,0.00008200
43,0.448430,1ec7a45d803ab472e7fe5c6625667289_shot_001_000,pixel_mse,full,0.00141840
43,0.448430,1ec7a45d803ab472e7fe5c6625667289_shot_001_000,ssim,mouth,0.84622484
43,0.448430,1ec7a45d803ab472e7fe5c6625667289_shot_001_000,ssim,upper_face,0.97035229
43,0.448430,1ec7a45d803ab472e7fe5c6625667289_shot_001_000,ssim,full,0.91983271
43,0.448430,1ec7a45d803ab472e7fe5c6625667289_shot_001_000,lpips,mouth,0.10324281
43,0.448430,1ec7a45d803ab472e7fe5c6625667289_shot_001_000,lpips,full,0.06670906
43,0.448430,1ec7a45d803ab472e7fe5c6625667289_shot_001_000,sharpness,mouth,9.7183
43,0.448430,1ec7a45d803ab472e7fe5c6625667289_shot_001_000,lmd,mouth,4.927448
43,0.448430,1ec7a45d803ab472e7fe5c6625667289_shot_001_000,sync_d,mouth,9.387022
43,0.448430,1ec7a45d803ab472e7fe5c6625667289_shot_001_000,sync_c,mouth,4.647156
44,0.405131,1ec7a45d803ab472e7fe5c6625667289_shot_001_000,pixel_mse,mouth,0.00339229
44,0.405131,1ec7a45d803ab472e7fe5c6625667289_shot_001_000,pixel_mse,upper_face,0.00008184
44,0.405131,1ec7a45d803ab472e7fe5c6625667289_shot_001_000,pixel_mse,full,0.00142919
44,0.405131,1ec7a45d803ab472e7fe5c6625667289_shot_001_000,ssim,mouth,0.84486830
44,0.405131,1ec7a45d803ab472e7fe5c6625667289_shot_001_000,ssim,upper_face,0.97037786
44,0.405131,1ec7a45d803ab472e7fe5c6625667289_shot_001_000,ssim,full,0.91929573
44,0.405131,1ec7a45d803ab472e7fe5c6625667289_shot_001_000,lpips,mouth,0.10367118
44,0.405131,1ec7a45d803ab472e7fe5c6625667289_shot_001_000,lpips,full,0.06699794
44,0.405131,1ec7a45d803ab472e7fe5c6625667289_shot_001_000,sharpness,mouth,9.7324
44,0.405131,1ec7a45d803ab472e7fe5c6625667289_shot_001_000,lmd,mouth,4.923595
44,0.405131,1ec7a45d803ab472e7fe5c6625667289_shot_001_000,sync_d,mouth,9.318830
44,0.405131,1ec7a45d803ab472e7fe5c6625667289_shot_001_000,sync_c,mouth,4.630797
45,0.356888,1ec7a45d803ab472e7fe5c6625667289_shot_001_000,pixel_mse,mouth,0.00343369
45,0.356888,1ec7a45d803ab472e7fe5c6625667289_shot_001_000,pixel_mse,upper_face,0.00008223
45,0.356888,1ec7a45d803ab472e7fe5c6625667289_shot_001_000,pixel_mse,full,0.00144627
45,0.356888,1ec7a45d803ab472e7fe5c6625667289_shot_001_000,ssim,mouth,0.84353846
45,0.356888,1ec7a45d803ab472e7fe5c6625667289_shot_001_000,ssim,upper_face,0.97039437
45,0.356888,1ec7a45d803ab472e7fe5c6625667289_shot_001_000,ssim,full,0.91876435
45,0.356888,1ec7a45d803ab472e7fe5c6625667289_shot_001_000,lpips,mouth,0.10412644
45,0.356888,1ec7a45d803ab472e7fe5c6625667289_shot_001_000,lpips,full,0.06718808
45,0.356888,1ec7a45d803ab472e7fe5c6625667289_shot_001_000,sharpness,mouth,9.7139
45,0.356888,1ec7a45d803ab472e7fe5c6625667289_shot_001_000,lmd,mouth,4.936702
45,0.356888,1ec7a45d803ab472e7fe5c6625667289_shot_001_000,sync_d,mouth,9.391598
45,0.356888,1ec7a45d803ab472e7fe5c6625667289_shot_001_000,sync_c,mouth,4.552795
46,0.302801,1ec7a45d803ab472e7fe5c6625667289_shot_001_000,pixel_mse,mouth,0.00345916
46,0.302801,1ec7a45d803ab472e7fe5c6625667289_shot_001_000,pixel_mse,upper_face,0.00008198
46,0.302801,1ec7a45d803ab472e7fe5c6625667289_shot_001_000,pixel_mse,full,0.00145648
46,0.302801,1ec7a45d803ab472e7fe5c6625667289_shot_001_000,ssim,mouth,0.84220076
46,0.302801,1ec7a45d803ab472e7fe5c6625667289_shot_001_000,ssim,upper_face,0.97039229
46,0.302801,1ec7a45d803ab472e7fe5c6625667289_shot_001_000,ssim,full,0.91821861
46,0.302801,1ec7a45d803ab472e7fe5c6625667289_shot_001_000,lpips,mouth,0.10439515
46,0.302801,1ec7a45d803ab472e7fe5c6625667289_shot_001_000,lpips,full,0.06737792
46,0.302801,1ec7a45d803ab472e7fe5c6625667289_shot_001_000,sharpness,mouth,9.7270
46,0.302801,1ec7a45d803ab472e7fe5c6625667289_shot_001_000,lmd,mouth,4.942886
46,0.302801,1ec7a45d803ab472e7fe5c6625667289_shot_001_000,sync_d,mouth,9.467907
46,0.302801,1ec7a45d803ab472e7fe5c6625667289_shot_001_000,sync_c,mouth,4.503992
47,0.241740,1ec7a45d803ab472e7fe5c6625667289_shot_001_000,pixel_mse,mouth,0.00348855
47,0.241740,1ec7a45d803ab472e7fe5c6625667289_shot_001_000,pixel_mse,upper_face,0.00008218
47,0.241740,1ec7a45d803ab472e7fe5c6625667289_shot_001_000,pixel_mse,full,0.00146856
47,0.241740,1ec7a45d803ab472e7fe5c6625667289_shot_001_000,ssim,mouth,0.84039420
47,0.241740,1ec7a45d803ab472e7fe5c6625667289_shot_001_000,ssim,upper_face,0.97040212
47,0.241740,1ec7a45d803ab472e7fe5c6625667289_shot_001_000,ssim,full,0.91748923
47,0.241740,1ec7a45d803ab472e7fe5c6625667289_shot_001_000,lpips,mouth,0.10458346
47,0.241740,1ec7a45d803ab472e7fe5c6625667289_shot_001_000,lpips,full,0.06756147
47,0.241740,1ec7a45d803ab472e7fe5c6625667289_shot_001_000,sharpness,mouth,9.7009
47,0.241740,1ec7a45d803ab472e7fe5c6625667289_shot_001_000,lmd,mouth,4.899636
47,0.241740,1ec7a45d803ab472e7fe5c6625667289_shot_001_000,sync_d,mouth,9.422546
47,0.241740,1ec7a45d803ab472e7fe5c6625667289_shot_001_000,sync_c,mouth,4.504949
48,0.172265,1ec7a45d803ab472e7fe5c6625667289_shot_001_000,pixel_mse,mouth,0.00352089
48,0.172265,1ec7a45d803ab472e7fe5c6625667289_shot_001_000,pixel_mse,upper_face,0.00008357
48,0.172265,1ec7a45d803ab472e7fe5c6625667289_shot_001_000,pixel_mse,full,0.00148255
48,0.172265,1ec7a45d803ab472e7fe5c6625667289_shot_001_000,ssim,mouth,0.83858103
48,0.172265,1ec7a45d803ab472e7fe5c6625667289_shot_001_000,ssim,upper_face,0.97018641
48,0.172265,1ec7a45d803ab472e7fe5c6625667289_shot_001_000,ssim,full,0.91662323
48,0.172265,1ec7a45d803ab472e7fe5c6625667289_shot_001_000,lpips,mouth,0.10486978
48,0.172265,1ec7a45d803ab472e7fe5c6625667289_shot_001_000,lpips,full,0.06769332
48,0.172265,1ec7a45d803ab472e7fe5c6625667289_shot_001_000,sharpness,mouth,9.7563
48,0.172265,1ec7a45d803ab472e7fe5c6625667289_shot_001_000,lmd,mouth,4.866606
48,0.172265,1ec7a45d803ab472e7fe5c6625667289_shot_001_000,sync_d,mouth,9.272281
48,0.172265,1ec7a45d803ab472e7fe5c6625667289_shot_001_000,sync_c,mouth,4.602677
49,0.092507,1ec7a45d803ab472e7fe5c6625667289_shot_001_000,pixel_mse,mouth,0.00355530
49,0.092507,1ec7a45d803ab472e7fe5c6625667289_shot_001_000,pixel_mse,upper_face,0.00008603
49,0.092507,1ec7a45d803ab472e7fe5c6625667289_shot_001_000,pixel_mse,full,0.00149802
49,0.092507,1ec7a45d803ab472e7fe5c6625667289_shot_001_000,ssim,mouth,0.83649993
49,0.092507,1ec7a45d803ab472e7fe5c6625667289_shot_001_000,ssim,upper_face,0.96983206
49,0.092507,1ec7a45d803ab472e7fe5c6625667289_shot_001_000,ssim,full,0.91556603
49,0.092507,1ec7a45d803ab472e7fe5c6625667289_shot_001_000,lpips,mouth,0.10511439
49,0.092507,1ec7a45d803ab472e7fe5c6625667289_shot_001_000,lpips,full,0.06794003
49,0.092507,1ec7a45d803ab472e7fe5c6625667289_shot_001_000,sharpness,mouth,9.7945
49,0.092507,1ec7a45d803ab472e7fe5c6625667289_shot_001_000,lmd,mouth,4.922742
49,0.092507,1ec7a45d803ab472e7fe5c6625667289_shot_001_000,sync_d,mouth,9.362887
49,0.092507,1ec7a45d803ab472e7fe5c6625667289_shot_001_000,sync_c,mouth,4.440047
-1,gt,283979598869ec6d8c5cdbe66eb5ecb8_shot_001_000,sharpness,mouth,6.5740
-1,gt,283979598869ec6d8c5cdbe66eb5ecb8_shot_001_000,sync_d,mouth,7.860506
-1,gt,283979598869ec6d8c5cdbe66eb5ecb8_shot_001_000,sync_c,mouth,5.337377
0,0.999000,283979598869ec6d8c5cdbe66eb5ecb8_shot_001_000,pixel_mse,mouth,0.00082458
0,0.999000,283979598869ec6d8c5cdbe66eb5ecb8_shot_001_000,pixel_mse,upper_face,0.00008466
0,0.999000,283979598869ec6d8c5cdbe66eb5ecb8_shot_001_000,pixel_mse,full,0.00038580
0,0.999000,283979598869ec6d8c5cdbe66eb5ecb8_shot_001_000,ssim,mouth,0.90917152
0,0.999000,283979598869ec6d8c5cdbe66eb5ecb8_shot_001_000,ssim,upper_face,0.96886492
0,0.999000,283979598869ec6d8c5cdbe66eb5ecb8_shot_001_000,ssim,full,0.94456983
0,0.999000,283979598869ec6d8c5cdbe66eb5ecb8_shot_001_000,lpips,mouth,0.09083929
0,0.999000,283979598869ec6d8c5cdbe66eb5ecb8_shot_001_000,lpips,full,0.06134513
0,0.999000,283979598869ec6d8c5cdbe66eb5ecb8_shot_001_000,sharpness,mouth,6.9860
0,0.999000,283979598869ec6d8c5cdbe66eb5ecb8_shot_001_000,lmd,mouth,4.052819
0,0.999000,283979598869ec6d8c5cdbe66eb5ecb8_shot_001_000,sync_d,mouth,7.627607
0,0.999000,283979598869ec6d8c5cdbe66eb5ecb8_shot_001_000,sync_c,mouth,6.173895
1,0.995732,283979598869ec6d8c5cdbe66eb5ecb8_shot_001_000,pixel_mse,mouth,0.00085027
1,0.995732,283979598869ec6d8c5cdbe66eb5ecb8_shot_001_000,pixel_mse,upper_face,0.00007895
1,0.995732,283979598869ec6d8c5cdbe66eb5ecb8_shot_001_000,pixel_mse,full,0.00039288
1,0.995732,283979598869ec6d8c5cdbe66eb5ecb8_shot_001_000,ssim,mouth,0.90915805
1,0.995732,283979598869ec6d8c5cdbe66eb5ecb8_shot_001_000,ssim,upper_face,0.96961278
1,0.995732,283979598869ec6d8c5cdbe66eb5ecb8_shot_001_000,ssim,full,0.94500768
1,0.995732,283979598869ec6d8c5cdbe66eb5ecb8_shot_001_000,lpips,mouth,0.09239753
1,0.995732,283979598869ec6d8c5cdbe66eb5ecb8_shot_001_000,lpips,full,0.06198879
1,0.995732,283979598869ec6d8c5cdbe66eb5ecb8_shot_001_000,sharpness,mouth,6.9764
1,0.995732,283979598869ec6d8c5cdbe66eb5ecb8_shot_001_000,lmd,mouth,4.212072
1,0.995732,283979598869ec6d8c5cdbe66eb5ecb8_shot_001_000,sync_d,mouth,7.550949
1,0.995732,283979598869ec6d8c5cdbe66eb5ecb8_shot_001_000,sync_c,mouth,6.235841
2,0.991530,283979598869ec6d8c5cdbe66eb5ecb8_shot_001_000,pixel_mse,mouth,0.00084348
2,0.991530,283979598869ec6d8c5cdbe66eb5ecb8_shot_001_000,pixel_mse,upper_face,0.00007597
2,0.991530,283979598869ec6d8c5cdbe66eb5ecb8_shot_001_000,pixel_mse,full,0.00038834
2,0.991530,283979598869ec6d8c5cdbe66eb5ecb8_shot_001_000,ssim,mouth,0.91268319
2,0.991530,283979598869ec6d8c5cdbe66eb5ecb8_shot_001_000,ssim,upper_face,0.97079593
2,0.991530,283979598869ec6d8c5cdbe66eb5ecb8_shot_001_000,ssim,full,0.94714421
2,0.991530,283979598869ec6d8c5cdbe66eb5ecb8_shot_001_000,lpips,mouth,0.08987908
2,0.991530,283979598869ec6d8c5cdbe66eb5ecb8_shot_001_000,lpips,full,0.06009210
2,0.991530,283979598869ec6d8c5cdbe66eb5ecb8_shot_001_000,sharpness,mouth,6.9119
2,0.991530,283979598869ec6d8c5cdbe66eb5ecb8_shot_001_000,lmd,mouth,4.168100
2,0.991530,283979598869ec6d8c5cdbe66eb5ecb8_shot_001_000,sync_d,mouth,7.301313
2,0.991530,283979598869ec6d8c5cdbe66eb5ecb8_shot_001_000,sync_c,mouth,6.338860
3,0.987187,283979598869ec6d8c5cdbe66eb5ecb8_shot_001_000,pixel_mse,mouth,0.00077350
3,0.987187,283979598869ec6d8c5cdbe66eb5ecb8_shot_001_000,pixel_mse,upper_face,0.00007240
3,0.987187,283979598869ec6d8c5cdbe66eb5ecb8_shot_001_000,pixel_mse,full,0.00035774
3,0.987187,283979598869ec6d8c5cdbe66eb5ecb8_shot_001_000,ssim,mouth,0.91880715
3,0.987187,283979598869ec6d8c5cdbe66eb5ecb8_shot_001_000,ssim,upper_face,0.97150731
3,0.987187,283979598869ec6d8c5cdbe66eb5ecb8_shot_001_000,ssim,full,0.95005852
3,0.987187,283979598869ec6d8c5cdbe66eb5ecb8_shot_001_000,lpips,mouth,0.08462901
3,0.987187,283979598869ec6d8c5cdbe66eb5ecb8_shot_001_000,lpips,full,0.05685484
3,0.987187,283979598869ec6d8c5cdbe66eb5ecb8_shot_001_000,sharpness,mouth,6.7959
3,0.987187,283979598869ec6d8c5cdbe66eb5ecb8_shot_001_000,lmd,mouth,4.236673
3,0.987187,283979598869ec6d8c5cdbe66eb5ecb8_shot_001_000,sync_d,mouth,7.266536
3,0.987187,283979598869ec6d8c5cdbe66eb5ecb8_shot_001_000,sync_c,mouth,6.530942
4,0.982696,283979598869ec6d8c5cdbe66eb5ecb8_shot_001_000,pixel_mse,mouth,0.00072846
4,0.982696,283979598869ec6d8c5cdbe66eb5ecb8_shot_001_000,pixel_mse,upper_face,0.00007009
4,0.982696,283979598869ec6d8c5cdbe66eb5ecb8_shot_001_000,pixel_mse,full,0.00033805
4,0.982696,283979598869ec6d8c5cdbe66eb5ecb8_shot_001_000,ssim,mouth,0.92144924
4,0.982696,283979598869ec6d8c5cdbe66eb5ecb8_shot_001_000,ssim,upper_face,0.97191745
4,0.982696,283979598869ec6d8c5cdbe66eb5ecb8_shot_001_000,ssim,full,0.95137703
4,0.982696,283979598869ec6d8c5cdbe66eb5ecb8_shot_001_000,lpips,mouth,0.08323065
4,0.982696,283979598869ec6d8c5cdbe66eb5ecb8_shot_001_000,lpips,full,0.05568491
4,0.982696,283979598869ec6d8c5cdbe66eb5ecb8_shot_001_000,sharpness,mouth,6.7562
4,0.982696,283979598869ec6d8c5cdbe66eb5ecb8_shot_001_000,lmd,mouth,4.084851
4,0.982696,283979598869ec6d8c5cdbe66eb5ecb8_shot_001_000,sync_d,mouth,7.188405
4,0.982696,283979598869ec6d8c5cdbe66eb5ecb8_shot_001_000,sync_c,mouth,6.583377
5,0.978048,283979598869ec6d8c5cdbe66eb5ecb8_shot_001_000,pixel_mse,mouth,0.00068984
5,0.978048,283979598869ec6d8c5cdbe66eb5ecb8_shot_001_000,pixel_mse,upper_face,0.00006655
5,0.978048,283979598869ec6d8c5cdbe66eb5ecb8_shot_001_000,pixel_mse,full,0.00032023
5,0.978048,283979598869ec6d8c5cdbe66eb5ecb8_shot_001_000,ssim,mouth,0.92355609
5,0.978048,283979598869ec6d8c5cdbe66eb5ecb8_shot_001_000,ssim,upper_face,0.97230548
5,0.978048,283979598869ec6d8c5cdbe66eb5ecb8_shot_001_000,ssim,full,0.95246464
5,0.978048,283979598869ec6d8c5cdbe66eb5ecb8_shot_001_000,lpips,mouth,0.08079803
5,0.978048,283979598869ec6d8c5cdbe66eb5ecb8_shot_001_000,lpips,full,0.05418839
5,0.978048,283979598869ec6d8c5cdbe66eb5ecb8_shot_001_000,sharpness,mouth,6.7354
5,0.978048,283979598869ec6d8c5cdbe66eb5ecb8_shot_001_000,lmd,mouth,3.904521
5,0.978048,283979598869ec6d8c5cdbe66eb5ecb8_shot_001_000,sync_d,mouth,7.248882
5,0.978048,283979598869ec6d8c5cdbe66eb5ecb8_shot_001_000,sync_c,mouth,6.327514
6,0.973236,283979598869ec6d8c5cdbe66eb5ecb8_shot_001_000,pixel_mse,mouth,0.00068329
6,0.973236,283979598869ec6d8c5cdbe66eb5ecb8_shot_001_000,pixel_mse,upper_face,0.00006545
6,0.973236,283979598869ec6d8c5cdbe66eb5ecb8_shot_001_000,pixel_mse,full,0.00031691
6,0.973236,283979598869ec6d8c5cdbe66eb5ecb8_shot_001_000,ssim,mouth,0.92402309
6,0.973236,283979598869ec6d8c5cdbe66eb5ecb8_shot_001_000,ssim,upper_face,0.97251344
6,0.973236,283979598869ec6d8c5cdbe66eb5ecb8_shot_001_000,ssim,full,0.95277810
6,0.973236,283979598869ec6d8c5cdbe66eb5ecb8_shot_001_000,lpips,mouth,0.08018429
6,0.973236,283979598869ec6d8c5cdbe66eb5ecb8_shot_001_000,lpips,full,0.05367836
6,0.973236,283979598869ec6d8c5cdbe66eb5ecb8_shot_001_000,sharpness,mouth,6.7427
6,0.973236,283979598869ec6d8c5cdbe66eb5ecb8_shot_001_000,lmd,mouth,3.690586
6,0.973236,283979598869ec6d8c5cdbe66eb5ecb8_shot_001_000,sync_d,mouth,7.048863
6,0.973236,283979598869ec6d8c5cdbe66eb5ecb8_shot_001_000,sync_c,mouth,6.552532
7,0.968250,283979598869ec6d8c5cdbe66eb5ecb8_shot_001_000,pixel_mse,mouth,0.00071706
7,0.968250,283979598869ec6d8c5cdbe66eb5ecb8_shot_001_000,pixel_mse,upper_face,0.00006395
7,0.968250,283979598869ec6d8c5cdbe66eb5ecb8_shot_001_000,pixel_mse,full,0.00032976
7,0.968250,283979598869ec6d8c5cdbe66eb5ecb8_shot_001_000,ssim,mouth,0.92269170
7,0.968250,283979598869ec6d8c5cdbe66eb5ecb8_shot_001_000,ssim,upper_face,0.97274327
7,0.968250,283979598869ec6d8c5cdbe66eb5ecb8_shot_001_000,ssim,full,0.95237231
7,0.968250,283979598869ec6d8c5cdbe66eb5ecb8_shot_001_000,lpips,mouth,0.08225109
7,0.968250,283979598869ec6d8c5cdbe66eb5ecb8_shot_001_000,lpips,full,0.05490313
7,0.968250,283979598869ec6d8c5cdbe66eb5ecb8_shot_001_000,sharpness,mouth,6.8029
7,0.968250,283979598869ec6d8c5cdbe66eb5ecb8_shot_001_000,lmd,mouth,3.473884
7,0.968250,283979598869ec6d8c5cdbe66eb5ecb8_shot_001_000,sync_d,mouth,6.976929
7,0.968250,283979598869ec6d8c5cdbe66eb5ecb8_shot_001_000,sync_c,mouth,6.691432
8,0.963082,283979598869ec6d8c5cdbe66eb5ecb8_shot_001_000,pixel_mse,mouth,0.00069827
8,0.963082,283979598869ec6d8c5cdbe66eb5ecb8_shot_001_000,pixel_mse,upper_face,0.00006074
8,0.963082,283979598869ec6d8c5cdbe66eb5ecb8_shot_001_000,pixel_mse,full,0.00032021
8,0.963082,283979598869ec6d8c5cdbe66eb5ecb8_shot_001_000,ssim,mouth,0.92375731
8,0.963082,283979598869ec6d8c5cdbe66eb5ecb8_shot_001_000,ssim,upper_face,0.97292948
8,0.963082,283979598869ec6d8c5cdbe66eb5ecb8_shot_001_000,ssim,full,0.95291644
8,0.963082,283979598869ec6d8c5cdbe66eb5ecb8_shot_001_000,lpips,mouth,0.08123928
8,0.963082,283979598869ec6d8c5cdbe66eb5ecb8_shot_001_000,lpips,full,0.05410180
8,0.963082,283979598869ec6d8c5cdbe66eb5ecb8_shot_001_000,sharpness,mouth,6.7412
8,0.963082,283979598869ec6d8c5cdbe66eb5ecb8_shot_001_000,lmd,mouth,3.455843
8,0.963082,283979598869ec6d8c5cdbe66eb5ecb8_shot_001_000,sync_d,mouth,6.804966
8,0.963082,283979598869ec6d8c5cdbe66eb5ecb8_shot_001_000,sync_c,mouth,6.779820
9,0.957720,283979598869ec6d8c5cdbe66eb5ecb8_shot_001_000,pixel_mse,mouth,0.00069294
9,0.957720,283979598869ec6d8c5cdbe66eb5ecb8_shot_001_000,pixel_mse,upper_face,0.00005930
9,0.957720,283979598869ec6d8c5cdbe66eb5ecb8_shot_001_000,pixel_mse,full,0.00031719
9,0.957720,283979598869ec6d8c5cdbe66eb5ecb8_shot_001_000,ssim,mouth,0.92396420
9,0.957720,283979598869ec6d8c5cdbe66eb5ecb8_shot_001_000,ssim,upper_face,0.97310948
9,0.957720,283979598869ec6d8c5cdbe66eb5ecb8_shot_001_000,ssim,full,0.95310736
9,0.957720,283979598869ec6d8c5cdbe66eb5ecb8_shot_001_000,lpips,mouth,0.08114877
9,0.957720,283979598869ec6d8c5cdbe66eb5ecb8_shot_001_000,lpips,full,0.05394968
9,0.957720,283979598869ec6d8c5cdbe66eb5ecb8_shot_001_000,sharpness,mouth,6.7867
9,0.957720,283979598869ec6d8c5cdbe66eb5ecb8_shot_001_000,lmd,mouth,3.570969
9,0.957720,283979598869ec6d8c5cdbe66eb5ecb8_shot_001_000,sync_d,mouth,6.684864
9,0.957720,283979598869ec6d8c5cdbe66eb5ecb8_shot_001_000,sync_c,mouth,7.043229
10,0.952154,283979598869ec6d8c5cdbe66eb5ecb8_shot_001_000,pixel_mse,mouth,0.00069355
10,0.952154,283979598869ec6d8c5cdbe66eb5ecb8_shot_001_000,pixel_mse,upper_face,0.00006005
10,0.952154,283979598869ec6d8c5cdbe66eb5ecb8_shot_001_000,pixel_mse,full,0.00031789
10,0.952154,283979598869ec6d8c5cdbe66eb5ecb8_shot_001_000,ssim,mouth,0.92394012
10,0.952154,283979598869ec6d8c5cdbe66eb5ecb8_shot_001_000,ssim,upper_face,0.97315395
10,0.952154,283979598869ec6d8c5cdbe66eb5ecb8_shot_001_000,ssim,full,0.95312405
10,0.952154,283979598869ec6d8c5cdbe66eb5ecb8_shot_001_000,lpips,mouth,0.08115409
10,0.952154,283979598869ec6d8c5cdbe66eb5ecb8_shot_001_000,lpips,full,0.05380812
10,0.952154,283979598869ec6d8c5cdbe66eb5ecb8_shot_001_000,sharpness,mouth,6.8591
10,0.952154,283979598869ec6d8c5cdbe66eb5ecb8_shot_001_000,lmd,mouth,3.728419
10,0.952154,283979598869ec6d8c5cdbe66eb5ecb8_shot_001_000,sync_d,mouth,6.793161
10,0.952154,283979598869ec6d8c5cdbe66eb5ecb8_shot_001_000,sync_c,mouth,7.070894
11,0.946372,283979598869ec6d8c5cdbe66eb5ecb8_shot_001_000,pixel_mse,mouth,0.00067921
11,0.946372,283979598869ec6d8c5cdbe66eb5ecb8_shot_001_000,pixel_mse,upper_face,0.00005797
11,0.946372,283979598869ec6d8c5cdbe66eb5ecb8_shot_001_000,pixel_mse,full,0.00031081
11,0.946372,283979598869ec6d8c5cdbe66eb5ecb8_shot_001_000,ssim,mouth,0.92454946
11,0.946372,283979598869ec6d8c5cdbe66eb5ecb8_shot_001_000,ssim,upper_face,0.97336692
11,0.946372,283979598869ec6d8c5cdbe66eb5ecb8_shot_001_000,ssim,full,0.95349836
11,0.946372,283979598869ec6d8c5cdbe66eb5ecb8_shot_001_000,lpips,mouth,0.08073389
11,0.946372,283979598869ec6d8c5cdbe66eb5ecb8_shot_001_000,lpips,full,0.05368197
11,0.946372,283979598869ec6d8c5cdbe66eb5ecb8_shot_001_000,sharpness,mouth,6.8474
11,0.946372,283979598869ec6d8c5cdbe66eb5ecb8_shot_001_000,lmd,mouth,3.629993
11,0.946372,283979598869ec6d8c5cdbe66eb5ecb8_shot_001_000,sync_d,mouth,6.889220
11,0.946372,283979598869ec6d8c5cdbe66eb5ecb8_shot_001_000,sync_c,mouth,6.943846
12,0.940361,283979598869ec6d8c5cdbe66eb5ecb8_shot_001_000,pixel_mse,mouth,0.00069443
12,0.940361,283979598869ec6d8c5cdbe66eb5ecb8_shot_001_000,pixel_mse,upper_face,0.00005803
12,0.940361,283979598869ec6d8c5cdbe66eb5ecb8_shot_001_000,pixel_mse,full,0.00031704
12,0.940361,283979598869ec6d8c5cdbe66eb5ecb8_shot_001_000,ssim,mouth,0.92416042
12,0.940361,283979598869ec6d8c5cdbe66eb5ecb8_shot_001_000,ssim,upper_face,0.97347569
12,0.940361,283979598869ec6d8c5cdbe66eb5ecb8_shot_001_000,ssim,full,0.95340455
12,0.940361,283979598869ec6d8c5cdbe66eb5ecb8_shot_001_000,lpips,mouth,0.08063962
12,0.940361,283979598869ec6d8c5cdbe66eb5ecb8_shot_001_000,lpips,full,0.05358532
12,0.940361,283979598869ec6d8c5cdbe66eb5ecb8_shot_001_000,sharpness,mouth,6.8402
12,0.940361,283979598869ec6d8c5cdbe66eb5ecb8_shot_001_000,lmd,mouth,3.701251
12,0.940361,283979598869ec6d8c5cdbe66eb5ecb8_shot_001_000,sync_d,mouth,6.766447
12,0.940361,283979598869ec6d8c5cdbe66eb5ecb8_shot_001_000,sync_c,mouth,7.057298
13,0.934107,283979598869ec6d8c5cdbe66eb5ecb8_shot_001_000,pixel_mse,mouth,0.00069177
13,0.934107,283979598869ec6d8c5cdbe66eb5ecb8_shot_001_000,pixel_mse,upper_face,0.00005798
13,0.934107,283979598869ec6d8c5cdbe66eb5ecb8_shot_001_000,pixel_mse,full,0.00031593
13,0.934107,283979598869ec6d8c5cdbe66eb5ecb8_shot_001_000,ssim,mouth,0.92433691
13,0.934107,283979598869ec6d8c5cdbe66eb5ecb8_shot_001_000,ssim,upper_face,0.97366285
13,0.934107,283979598869ec6d8c5cdbe66eb5ecb8_shot_001_000,ssim,full,0.95358735
13,0.934107,283979598869ec6d8c5cdbe66eb5ecb8_shot_001_000,lpips,mouth,0.08075137
13,0.934107,283979598869ec6d8c5cdbe66eb5ecb8_shot_001_000,lpips,full,0.05357216
13,0.934107,283979598869ec6d8c5cdbe66eb5ecb8_shot_001_000,sharpness,mouth,6.8523
13,0.934107,283979598869ec6d8c5cdbe66eb5ecb8_shot_001_000,lmd,mouth,3.845694
13,0.934107,283979598869ec6d8c5cdbe66eb5ecb8_shot_001_000,sync_d,mouth,6.467117
13,0.934107,283979598869ec6d8c5cdbe66eb5ecb8_shot_001_000,sync_c,mouth,7.474374
14,0.927596,283979598869ec6d8c5cdbe66eb5ecb8_shot_001_000,pixel_mse,mouth,0.00070466
14,0.927596,283979598869ec6d8c5cdbe66eb5ecb8_shot_001_000,pixel_mse,upper_face,0.00005591
14,0.927596,283979598869ec6d8c5cdbe66eb5ecb8_shot_001_000,pixel_mse,full,0.00031995
14,0.927596,283979598869ec6d8c5cdbe66eb5ecb8_shot_001_000,ssim,mouth,0.92379129
14,0.927596,283979598869ec6d8c5cdbe66eb5ecb8_shot_001_000,ssim,upper_face,0.97377372
14,0.927596,283979598869ec6d8c5cdbe66eb5ecb8_shot_001_000,ssim,full,0.95343101
14,0.927596,283979598869ec6d8c5cdbe66eb5ecb8_shot_001_000,lpips,mouth,0.08157838
14,0.927596,283979598869ec6d8c5cdbe66eb5ecb8_shot_001_000,lpips,full,0.05379815
14,0.927596,283979598869ec6d8c5cdbe66eb5ecb8_shot_001_000,sharpness,mouth,6.8937
14,0.927596,283979598869ec6d8c5cdbe66eb5ecb8_shot_001_000,lmd,mouth,3.795597
14,0.927596,283979598869ec6d8c5cdbe66eb5ecb8_shot_001_000,sync_d,mouth,6.884145
14,0.927596,283979598869ec6d8c5cdbe66eb5ecb8_shot_001_000,sync_c,mouth,7.120502
15,0.920810,283979598869ec6d8c5cdbe66eb5ecb8_shot_001_000,pixel_mse,mouth,0.00069364
15,0.920810,283979598869ec6d8c5cdbe66eb5ecb8_shot_001_000,pixel_mse,upper_face,0.00005499
15,0.920810,283979598869ec6d8c5cdbe66eb5ecb8_shot_001_000,pixel_mse,full,0.00031492
15,0.920810,283979598869ec6d8c5cdbe66eb5ecb8_shot_001_000,ssim,mouth,0.92355072
15,0.920810,283979598869ec6d8c5cdbe66eb5ecb8_shot_001_000,ssim,upper_face,0.97380972
15,0.920810,283979598869ec6d8c5cdbe66eb5ecb8_shot_001_000,ssim,full,0.95335436
15,0.920810,283979598869ec6d8c5cdbe66eb5ecb8_shot_001_000,lpips,mouth,0.08122874
15,0.920810,283979598869ec6d8c5cdbe66eb5ecb8_shot_001_000,lpips,full,0.05365390
15,0.920810,283979598869ec6d8c5cdbe66eb5ecb8_shot_001_000,sharpness,mouth,6.9323
15,0.920810,283979598869ec6d8c5cdbe66eb5ecb8_shot_001_000,lmd,mouth,3.718945
15,0.920810,283979598869ec6d8c5cdbe66eb5ecb8_shot_001_000,sync_d,mouth,6.773773
15,0.920810,283979598869ec6d8c5cdbe66eb5ecb8_shot_001_000,sync_c,mouth,7.265492
16,0.913733,283979598869ec6d8c5cdbe66eb5ecb8_shot_001_000,pixel_mse,mouth,0.00066350
16,0.913733,283979598869ec6d8c5cdbe66eb5ecb8_shot_001_000,pixel_mse,upper_face,0.00005403
16,0.913733,283979598869ec6d8c5cdbe66eb5ecb8_shot_001_000,pixel_mse,full,0.00030208
16,0.913733,283979598869ec6d8c5cdbe66eb5ecb8_shot_001_000,ssim,mouth,0.92466635
16,0.913733,283979598869ec6d8c5cdbe66eb5ecb8_shot_001_000,ssim,upper_face,0.97396076
16,0.913733,283979598869ec6d8c5cdbe66eb5ecb8_shot_001_000,ssim,full,0.95389801
16,0.913733,283979598869ec6d8c5cdbe66eb5ecb8_shot_001_000,lpips,mouth,0.07976592
16,0.913733,283979598869ec6d8c5cdbe66eb5ecb8_shot_001_000,lpips,full,0.05264160
16,0.913733,283979598869ec6d8c5cdbe66eb5ecb8_shot_001_000,sharpness,mouth,6.9057
16,0.913733,283979598869ec6d8c5cdbe66eb5ecb8_shot_001_000,lmd,mouth,3.547269
16,0.913733,283979598869ec6d8c5cdbe66eb5ecb8_shot_001_000,sync_d,mouth,6.744199
16,0.913733,283979598869ec6d8c5cdbe66eb5ecb8_shot_001_000,sync_c,mouth,7.197143
17,0.906344,283979598869ec6d8c5cdbe66eb5ecb8_shot_001_000,pixel_mse,mouth,0.00063667
17,0.906344,283979598869ec6d8c5cdbe66eb5ecb8_shot_001_000,pixel_mse,upper_face,0.00005453
17,0.906344,283979598869ec6d8c5cdbe66eb5ecb8_shot_001_000,pixel_mse,full,0.00029146
17,0.906344,283979598869ec6d8c5cdbe66eb5ecb8_shot_001_000,ssim,mouth,0.92543584
17,0.906344,283979598869ec6d8c5cdbe66eb5ecb8_shot_001_000,ssim,upper_face,0.97399139
17,0.906344,283979598869ec6d8c5cdbe66eb5ecb8_shot_001_000,ssim,full,0.95422935
17,0.906344,283979598869ec6d8c5cdbe66eb5ecb8_shot_001_000,lpips,mouth,0.07853139
17,0.906344,283979598869ec6d8c5cdbe66eb5ecb8_shot_001_000,lpips,full,0.05223305
17,0.906344,283979598869ec6d8c5cdbe66eb5ecb8_shot_001_000,sharpness,mouth,6.9001
17,0.906344,283979598869ec6d8c5cdbe66eb5ecb8_shot_001_000,lmd,mouth,3.482345
17,0.906344,283979598869ec6d8c5cdbe66eb5ecb8_shot_001_000,sync_d,mouth,6.696746
17,0.906344,283979598869ec6d8c5cdbe66eb5ecb8_shot_001_000,sync_c,mouth,7.328619
18,0.898624,283979598869ec6d8c5cdbe66eb5ecb8_shot_001_000,pixel_mse,mouth,0.00059362
18,0.898624,283979598869ec6d8c5cdbe66eb5ecb8_shot_001_000,pixel_mse,upper_face,0.00005471
18,0.898624,283979598869ec6d8c5cdbe66eb5ecb8_shot_001_000,pixel_mse,full,0.00027404
18,0.898624,283979598869ec6d8c5cdbe66eb5ecb8_shot_001_000,ssim,mouth,0.92724007
18,0.898624,283979598869ec6d8c5cdbe66eb5ecb8_shot_001_000,ssim,upper_face,0.97398931
18,0.898624,283979598869ec6d8c5cdbe66eb5ecb8_shot_001_000,ssim,full,0.95496243
18,0.898624,283979598869ec6d8c5cdbe66eb5ecb8_shot_001_000,lpips,mouth,0.07550281
18,0.898624,283979598869ec6d8c5cdbe66eb5ecb8_shot_001_000,lpips,full,0.05047925
18,0.898624,283979598869ec6d8c5cdbe66eb5ecb8_shot_001_000,sharpness,mouth,6.8720
18,0.898624,283979598869ec6d8c5cdbe66eb5ecb8_shot_001_000,lmd,mouth,3.268003
18,0.898624,283979598869ec6d8c5cdbe66eb5ecb8_shot_001_000,sync_d,mouth,6.776495
18,0.898624,283979598869ec6d8c5cdbe66eb5ecb8_shot_001_000,sync_c,mouth,7.167744
19,0.890548,283979598869ec6d8c5cdbe66eb5ecb8_shot_001_000,pixel_mse,mouth,0.00055762
19,0.890548,283979598869ec6d8c5cdbe66eb5ecb8_shot_001_000,pixel_mse,upper_face,0.00005383
19,0.890548,283979598869ec6d8c5cdbe66eb5ecb8_shot_001_000,pixel_mse,full,0.00025887
19,0.890548,283979598869ec6d8c5cdbe66eb5ecb8_shot_001_000,ssim,mouth,0.92851812
19,0.890548,283979598869ec6d8c5cdbe66eb5ecb8_shot_001_000,ssim,upper_face,0.97418261
19,0.890548,283979598869ec6d8c5cdbe66eb5ecb8_shot_001_000,ssim,full,0.95559728
19,0.890548,283979598869ec6d8c5cdbe66eb5ecb8_shot_001_000,lpips,mouth,0.07347742
19,0.890548,283979598869ec6d8c5cdbe66eb5ecb8_shot_001_000,lpips,full,0.04926208
19,0.890548,283979598869ec6d8c5cdbe66eb5ecb8_shot_001_000,sharpness,mouth,6.8269
19,0.890548,283979598869ec6d8c5cdbe66eb5ecb8_shot_001_000,lmd,mouth,3.052529
19,0.890548,283979598869ec6d8c5cdbe66eb5ecb8_shot_001_000,sync_d,mouth,6.515502
19,0.890548,283979598869ec6d8c5cdbe66eb5ecb8_shot_001_000,sync_c,mouth,7.416480
20,0.882093,283979598869ec6d8c5cdbe66eb5ecb8_shot_001_000,pixel_mse,mouth,0.00053322
20,0.882093,283979598869ec6d8c5cdbe66eb5ecb8_shot_001_000,pixel_mse,upper_face,0.00005373
20,0.882093,283979598869ec6d8c5cdbe66eb5ecb8_shot_001_000,pixel_mse,full,0.00024888
20,0.882093,283979598869ec6d8c5cdbe66eb5ecb8_shot_001_000,ssim,mouth,0.92949873
20,0.882093,283979598869ec6d8c5cdbe66eb5ecb8_shot_001_000,ssim,upper_face,0.97424483
20,0.882093,283979598869ec6d8c5cdbe66eb5ecb8_shot_001_000,ssim,full,0.95603323
20,0.882093,283979598869ec6d8c5cdbe66eb5ecb8_shot_001_000,lpips,mouth,0.07131480
20,0.882093,283979598869ec6d8c5cdbe66eb5ecb8_shot_001_000,lpips,full,0.04805431
20,0.882093,283979598869ec6d8c5cdbe66eb5ecb8_shot_001_000,sharpness,mouth,6.8333
20,0.882093,283979598869ec6d8c5cdbe66eb5ecb8_shot_001_000,lmd,mouth,3.017829
20,0.882093,283979598869ec6d8c5cdbe66eb5ecb8_shot_001_000,sync_d,mouth,6.878571
20,0.882093,283979598869ec6d8c5cdbe66eb5ecb8_shot_001_000,sync_c,mouth,7.126318
21,0.873231,283979598869ec6d8c5cdbe66eb5ecb8_shot_001_000,pixel_mse,mouth,0.00050027
21,0.873231,283979598869ec6d8c5cdbe66eb5ecb8_shot_001_000,pixel_mse,upper_face,0.00005375
21,0.873231,283979598869ec6d8c5cdbe66eb5ecb8_shot_001_000,pixel_mse,full,0.00023549
21,0.873231,283979598869ec6d8c5cdbe66eb5ecb8_shot_001_000,ssim,mouth,0.93085319
21,0.873231,283979598869ec6d8c5cdbe66eb5ecb8_shot_001_000,ssim,upper_face,0.97426021
21,0.873231,283979598869ec6d8c5cdbe66eb5ecb8_shot_001_000,ssim,full,0.95659363
21,0.873231,283979598869ec6d8c5cdbe66eb5ecb8_shot_001_000,lpips,mouth,0.06944162
21,0.873231,283979598869ec6d8c5cdbe66eb5ecb8_shot_001_000,lpips,full,0.04697036
21,0.873231,283979598869ec6d8c5cdbe66eb5ecb8_shot_001_000,sharpness,mouth,6.8374
21,0.873231,283979598869ec6d8c5cdbe66eb5ecb8_shot_001_000,lmd,mouth,2.929718
21,0.873231,283979598869ec6d8c5cdbe66eb5ecb8_shot_001_000,sync_d,mouth,6.767686
21,0.873231,283979598869ec6d8c5cdbe66eb5ecb8_shot_001_000,sync_c,mouth,7.289252
22,0.863931,283979598869ec6d8c5cdbe66eb5ecb8_shot_001_000,pixel_mse,mouth,0.00047619
22,0.863931,283979598869ec6d8c5cdbe66eb5ecb8_shot_001_000,pixel_mse,upper_face,0.00005196
22,0.863931,283979598869ec6d8c5cdbe66eb5ecb8_shot_001_000,pixel_mse,full,0.00022462
22,0.863931,283979598869ec6d8c5cdbe66eb5ecb8_shot_001_000,ssim,mouth,0.93177181
22,0.863931,283979598869ec6d8c5cdbe66eb5ecb8_shot_001_000,ssim,upper_face,0.97441715
22,0.863931,283979598869ec6d8c5cdbe66eb5ecb8_shot_001_000,ssim,full,0.95706052
22,0.863931,283979598869ec6d8c5cdbe66eb5ecb8_shot_001_000,lpips,mouth,0.06800614
22,0.863931,283979598869ec6d8c5cdbe66eb5ecb8_shot_001_000,lpips,full,0.04605963
22,0.863931,283979598869ec6d8c5cdbe66eb5ecb8_shot_001_000,sharpness,mouth,6.8803
22,0.863931,283979598869ec6d8c5cdbe66eb5ecb8_shot_001_000,lmd,mouth,2.821440
22,0.863931,283979598869ec6d8c5cdbe66eb5ecb8_shot_001_000,sync_d,mouth,6.686382
22,0.863931,283979598869ec6d8c5cdbe66eb5ecb8_shot_001_000,sync_c,mouth,7.009034
23,0.854160,283979598869ec6d8c5cdbe66eb5ecb8_shot_001_000,pixel_mse,mouth,0.00045283
23,0.854160,283979598869ec6d8c5cdbe66eb5ecb8_shot_001_000,pixel_mse,upper_face,0.00005225
23,0.854160,283979598869ec6d8c5cdbe66eb5ecb8_shot_001_000,pixel_mse,full,0.00021529
23,0.854160,283979598869ec6d8c5cdbe66eb5ecb8_shot_001_000,ssim,mouth,0.93291909
23,0.854160,283979598869ec6d8c5cdbe66eb5ecb8_shot_001_000,ssim,upper_face,0.97438908
23,0.854160,283979598869ec6d8c5cdbe66eb5ecb8_shot_001_000,ssim,full,0.95751095
23,0.854160,283979598869ec6d8c5cdbe66eb5ecb8_shot_001_000,lpips,mouth,0.06673685
23,0.854160,283979598869ec6d8c5cdbe66eb5ecb8_shot_001_000,lpips,full,0.04538610
23,0.854160,283979598869ec6d8c5cdbe66eb5ecb8_shot_001_000,sharpness,mouth,6.8441
23,0.854160,283979598869ec6d8c5cdbe66eb5ecb8_shot_001_000,lmd,mouth,2.686379
23,0.854160,283979598869ec6d8c5cdbe66eb5ecb8_shot_001_000,sync_d,mouth,6.915945
23,0.854160,283979598869ec6d8c5cdbe66eb5ecb8_shot_001_000,sync_c,mouth,6.696479
24,0.843882,283979598869ec6d8c5cdbe66eb5ecb8_shot_001_000,pixel_mse,mouth,0.00043698
24,0.843882,283979598869ec6d8c5cdbe66eb5ecb8_shot_001_000,pixel_mse,upper_face,0.00005197
24,0.843882,283979598869ec6d8c5cdbe66eb5ecb8_shot_001_000,pixel_mse,full,0.00020867
24,0.843882,283979598869ec6d8c5cdbe66eb5ecb8_shot_001_000,ssim,mouth,0.93324429
24,0.843882,283979598869ec6d8c5cdbe66eb5ecb8_shot_001_000,ssim,upper_face,0.97440255
24,0.843882,283979598869ec6d8c5cdbe66eb5ecb8_shot_001_000,ssim,full,0.95765120
24,0.843882,283979598869ec6d8c5cdbe66eb5ecb8_shot_001_000,lpips,mouth,0.06553828
24,0.843882,283979598869ec6d8c5cdbe66eb5ecb8_shot_001_000,lpips,full,0.04463316
24,0.843882,283979598869ec6d8c5cdbe66eb5ecb8_shot_001_000,sharpness,mouth,6.8467
24,0.843882,283979598869ec6d8c5cdbe66eb5ecb8_shot_001_000,lmd,mouth,2.679795
24,0.843882,283979598869ec6d8c5cdbe66eb5ecb8_shot_001_000,sync_d,mouth,6.838408
24,0.843882,283979598869ec6d8c5cdbe66eb5ecb8_shot_001_000,sync_c,mouth,6.896830
25,0.833055,283979598869ec6d8c5cdbe66eb5ecb8_shot_001_000,pixel_mse,mouth,0.00042002
25,0.833055,283979598869ec6d8c5cdbe66eb5ecb8_shot_001_000,pixel_mse,upper_face,0.00005170
25,0.833055,283979598869ec6d8c5cdbe66eb5ecb8_shot_001_000,pixel_mse,full,0.00020161
25,0.833055,283979598869ec6d8c5cdbe66eb5ecb8_shot_001_000,ssim,mouth,0.93412405
25,0.833055,283979598869ec6d8c5cdbe66eb5ecb8_shot_001_000,ssim,upper_face,0.97454083
25,0.833055,283979598869ec6d8c5cdbe66eb5ecb8_shot_001_000,ssim,full,0.95809126
25,0.833055,283979598869ec6d8c5cdbe66eb5ecb8_shot_001_000,lpips,mouth,0.06450907
25,0.833055,283979598869ec6d8c5cdbe66eb5ecb8_shot_001_000,lpips,full,0.04395583
25,0.833055,283979598869ec6d8c5cdbe66eb5ecb8_shot_001_000,sharpness,mouth,6.8323
25,0.833055,283979598869ec6d8c5cdbe66eb5ecb8_shot_001_000,lmd,mouth,2.540780
25,0.833055,283979598869ec6d8c5cdbe66eb5ecb8_shot_001_000,sync_d,mouth,7.013497
25,0.833055,283979598869ec6d8c5cdbe66eb5ecb8_shot_001_000,sync_c,mouth,6.653087
26,0.821636,283979598869ec6d8c5cdbe66eb5ecb8_shot_001_000,pixel_mse,mouth,0.00040379
26,0.821636,283979598869ec6d8c5cdbe66eb5ecb8_shot_001_000,pixel_mse,upper_face,0.00005085
26,0.821636,283979598869ec6d8c5cdbe66eb5ecb8_shot_001_000,pixel_mse,full,0.00019450
26,0.821636,283979598869ec6d8c5cdbe66eb5ecb8_shot_001_000,ssim,mouth,0.93457580
26,0.821636,283979598869ec6d8c5cdbe66eb5ecb8_shot_001_000,ssim,upper_face,0.97461730
26,0.821636,283979598869ec6d8c5cdbe66eb5ecb8_shot_001_000,ssim,full,0.95832050
26,0.821636,283979598869ec6d8c5cdbe66eb5ecb8_shot_001_000,lpips,mouth,0.06411137
26,0.821636,283979598869ec6d8c5cdbe66eb5ecb8_shot_001_000,lpips,full,0.04373491
26,0.821636,283979598869ec6d8c5cdbe66eb5ecb8_shot_001_000,sharpness,mouth,6.8446
26,0.821636,283979598869ec6d8c5cdbe66eb5ecb8_shot_001_000,lmd,mouth,2.547160
26,0.821636,283979598869ec6d8c5cdbe66eb5ecb8_shot_001_000,sync_d,mouth,6.926016
26,0.821636,283979598869ec6d8c5cdbe66eb5ecb8_shot_001_000,sync_c,mouth,6.618428
27,0.809574,283979598869ec6d8c5cdbe66eb5ecb8_shot_001_000,pixel_mse,mouth,0.00040296
27,0.809574,283979598869ec6d8c5cdbe66eb5ecb8_shot_001_000,pixel_mse,upper_face,0.00005246
27,0.809574,283979598869ec6d8c5cdbe66eb5ecb8_shot_001_000,pixel_mse,full,0.00019512
27,0.809574,283979598869ec6d8c5cdbe66eb5ecb8_shot_001_000,ssim,mouth,0.93479401
27,0.809574,283979598869ec6d8c5cdbe66eb5ecb8_shot_001_000,ssim,upper_face,0.97452807
27,0.809574,283979598869ec6d8c5cdbe66eb5ecb8_shot_001_000,ssim,full,0.95835650
27,0.809574,283979598869ec6d8c5cdbe66eb5ecb8_shot_001_000,lpips,mouth,0.06328828
27,0.809574,283979598869ec6d8c5cdbe66eb5ecb8_shot_001_000,lpips,full,0.04343644
27,0.809574,283979598869ec6d8c5cdbe66eb5ecb8_shot_001_000,sharpness,mouth,6.8247
27,0.809574,283979598869ec6d8c5cdbe66eb5ecb8_shot_001_000,lmd,mouth,2.417922
27,0.809574,283979598869ec6d8c5cdbe66eb5ecb8_shot_001_000,sync_d,mouth,6.868809
27,0.809574,283979598869ec6d8c5cdbe66eb5ecb8_shot_001_000,sync_c,mouth,6.412517
28,0.796812,283979598869ec6d8c5cdbe66eb5ecb8_shot_001_000,pixel_mse,mouth,0.00039163
28,0.796812,283979598869ec6d8c5cdbe66eb5ecb8_shot_001_000,pixel_mse,upper_face,0.00005141
28,0.796812,283979598869ec6d8c5cdbe66eb5ecb8_shot_001_000,pixel_mse,full,0.00018988
28,0.796812,283979598869ec6d8c5cdbe66eb5ecb8_shot_001_000,ssim,mouth,0.93516618
28,0.796812,283979598869ec6d8c5cdbe66eb5ecb8_shot_001_000,ssim,upper_face,0.97462046
28,0.796812,283979598869ec6d8c5cdbe66eb5ecb8_shot_001_000,ssim,full,0.95856267
28,0.796812,283979598869ec6d8c5cdbe66eb5ecb8_shot_001_000,lpips,mouth,0.06269880
28,0.796812,283979598869ec6d8c5cdbe66eb5ecb8_shot_001_000,lpips,full,0.04308094
28,0.796812,283979598869ec6d8c5cdbe66eb5ecb8_shot_001_000,sharpness,mouth,6.8224
28,0.796812,283979598869ec6d8c5cdbe66eb5ecb8_shot_001_000,lmd,mouth,2.403230
28,0.796812,283979598869ec6d8c5cdbe66eb5ecb8_shot_001_000,sync_d,mouth,6.737503
28,0.796812,283979598869ec6d8c5cdbe66eb5ecb8_shot_001_000,sync_c,mouth,6.640213
29,0.783290,283979598869ec6d8c5cdbe66eb5ecb8_shot_001_000,pixel_mse,mouth,0.00038936
29,0.783290,283979598869ec6d8c5cdbe66eb5ecb8_shot_001_000,pixel_mse,upper_face,0.00005072
29,0.783290,283979598869ec6d8c5cdbe66eb5ecb8_shot_001_000,pixel_mse,full,0.00018854
29,0.783290,283979598869ec6d8c5cdbe66eb5ecb8_shot_001_000,ssim,mouth,0.93547332
29,0.783290,283979598869ec6d8c5cdbe66eb5ecb8_shot_001_000,ssim,upper_face,0.97475064
29,0.783290,283979598869ec6d8c5cdbe66eb5ecb8_shot_001_000,ssim,full,0.95876479
29,0.783290,283979598869ec6d8c5cdbe66eb5ecb8_shot_001_000,lpips,mouth,0.06218928
29,0.783290,283979598869ec6d8c5cdbe66eb5ecb8_shot_001_000,lpips,full,0.04264069
29,0.783290,283979598869ec6d8c5cdbe66eb5ecb8_shot_001_000,sharpness,mouth,6.8430
29,0.783290,283979598869ec6d8c5cdbe66eb5ecb8_shot_001_000,lmd,mouth,2.412173
29,0.783290,283979598869ec6d8c5cdbe66eb5ecb8_shot_001_000,sync_d,mouth,6.819895
29,0.783290,283979598869ec6d8c5cdbe66eb5ecb8_shot_001_000,sync_c,mouth,6.466792
30,0.768935,283979598869ec6d8c5cdbe66eb5ecb8_shot_001_000,pixel_mse,mouth,0.00038172
30,0.768935,283979598869ec6d8c5cdbe66eb5ecb8_shot_001_000,pixel_mse,upper_face,0.00005009
30,0.768935,283979598869ec6d8c5cdbe66eb5ecb8_shot_001_000,pixel_mse,full,0.00018506
30,0.768935,283979598869ec6d8c5cdbe66eb5ecb8_shot_001_000,ssim,mouth,0.93586093
30,0.768935,283979598869ec6d8c5cdbe66eb5ecb8_shot_001_000,ssim,upper_face,0.97482693
30,0.768935,283979598869ec6d8c5cdbe66eb5ecb8_shot_001_000,ssim,full,0.95896780
30,0.768935,283979598869ec6d8c5cdbe66eb5ecb8_shot_001_000,lpips,mouth,0.06213039
30,0.768935,283979598869ec6d8c5cdbe66eb5ecb8_shot_001_000,lpips,full,0.04245074
30,0.768935,283979598869ec6d8c5cdbe66eb5ecb8_shot_001_000,sharpness,mouth,6.8342
30,0.768935,283979598869ec6d8c5cdbe66eb5ecb8_shot_001_000,lmd,mouth,2.341338
30,0.768935,283979598869ec6d8c5cdbe66eb5ecb8_shot_001_000,sync_d,mouth,7.173758
30,0.768935,283979598869ec6d8c5cdbe66eb5ecb8_shot_001_000,sync_c,mouth,6.054690
31,0.753669,283979598869ec6d8c5cdbe66eb5ecb8_shot_001_000,pixel_mse,mouth,0.00038613
31,0.753669,283979598869ec6d8c5cdbe66eb5ecb8_shot_001_000,pixel_mse,upper_face,0.00005079
31,0.753669,283979598869ec6d8c5cdbe66eb5ecb8_shot_001_000,pixel_mse,full,0.00018727
31,0.753669,283979598869ec6d8c5cdbe66eb5ecb8_shot_001_000,ssim,mouth,0.93595135
31,0.753669,283979598869ec6d8c5cdbe66eb5ecb8_shot_001_000,ssim,upper_face,0.97487921
31,0.753669,283979598869ec6d8c5cdbe66eb5ecb8_shot_001_000,ssim,full,0.95903569
31,0.753669,283979598869ec6d8c5cdbe66eb5ecb8_shot_001_000,lpips,mouth,0.06203634
31,0.753669,283979598869ec6d8c5cdbe66eb5ecb8_shot_001_000,lpips,full,0.04250351
31,0.753669,283979598869ec6d8c5cdbe66eb5ecb8_shot_001_000,sharpness,mouth,6.8187
31,0.753669,283979598869ec6d8c5cdbe66eb5ecb8_shot_001_000,lmd,mouth,2.337139
31,0.753669,283979598869ec6d8c5cdbe66eb5ecb8_shot_001_000,sync_d,mouth,6.948794
31,0.753669,283979598869ec6d8c5cdbe66eb5ecb8_shot_001_000,sync_c,mouth,6.126320
32,0.737402,283979598869ec6d8c5cdbe66eb5ecb8_shot_001_000,pixel_mse,mouth,0.00038525
32,0.737402,283979598869ec6d8c5cdbe66eb5ecb8_shot_001_000,pixel_mse,upper_face,0.00005049
32,0.737402,283979598869ec6d8c5cdbe66eb5ecb8_shot_001_000,pixel_mse,full,0.00018674
32,0.737402,283979598869ec6d8c5cdbe66eb5ecb8_shot_001_000,ssim,mouth,0.93598598
32,0.737402,283979598869ec6d8c5cdbe66eb5ecb8_shot_001_000,ssim,upper_face,0.97485334
32,0.737402,283979598869ec6d8c5cdbe66eb5ecb8_shot_001_000,ssim,full,0.95903432
32,0.737402,283979598869ec6d8c5cdbe66eb5ecb8_shot_001_000,lpips,mouth,0.06225403
32,0.737402,283979598869ec6d8c5cdbe66eb5ecb8_shot_001_000,lpips,full,0.04266983
32,0.737402,283979598869ec6d8c5cdbe66eb5ecb8_shot_001_000,sharpness,mouth,6.8541
32,0.737402,283979598869ec6d8c5cdbe66eb5ecb8_shot_001_000,lmd,mouth,2.331342
32,0.737402,283979598869ec6d8c5cdbe66eb5ecb8_shot_001_000,sync_d,mouth,6.946537
32,0.737402,283979598869ec6d8c5cdbe66eb5ecb8_shot_001_000,sync_c,mouth,6.016751
33,0.720034,283979598869ec6d8c5cdbe66eb5ecb8_shot_001_000,pixel_mse,mouth,0.00038593
33,0.720034,283979598869ec6d8c5cdbe66eb5ecb8_shot_001_000,pixel_mse,upper_face,0.00005015
33,0.720034,283979598869ec6d8c5cdbe66eb5ecb8_shot_001_000,pixel_mse,full,0.00018681
33,0.720034,283979598869ec6d8c5cdbe66eb5ecb8_shot_001_000,ssim,mouth,0.93593436
33,0.720034,283979598869ec6d8c5cdbe66eb5ecb8_shot_001_000,ssim,upper_face,0.97493064
33,0.720034,283979598869ec6d8c5cdbe66eb5ecb8_shot_001_000,ssim,full,0.95905924
33,0.720034,283979598869ec6d8c5cdbe66eb5ecb8_shot_001_000,lpips,mouth,0.06208255
33,0.720034,283979598869ec6d8c5cdbe66eb5ecb8_shot_001_000,lpips,full,0.04276548
33,0.720034,283979598869ec6d8c5cdbe66eb5ecb8_shot_001_000,sharpness,mouth,6.8641
33,0.720034,283979598869ec6d8c5cdbe66eb5ecb8_shot_001_000,lmd,mouth,2.440688
33,0.720034,283979598869ec6d8c5cdbe66eb5ecb8_shot_001_000,sync_d,mouth,6.806556
33,0.720034,283979598869ec6d8c5cdbe66eb5ecb8_shot_001_000,sync_c,mouth,6.081028
34,0.701446,283979598869ec6d8c5cdbe66eb5ecb8_shot_001_000,pixel_mse,mouth,0.00039063
34,0.701446,283979598869ec6d8c5cdbe66eb5ecb8_shot_001_000,pixel_mse,upper_face,0.00005075
34,0.701446,283979598869ec6d8c5cdbe66eb5ecb8_shot_001_000,pixel_mse,full,0.00018908
34,0.701446,283979598869ec6d8c5cdbe66eb5ecb8_shot_001_000,ssim,mouth,0.93553585
34,0.701446,283979598869ec6d8c5cdbe66eb5ecb8_shot_001_000,ssim,upper_face,0.97505021
34,0.701446,283979598869ec6d8c5cdbe66eb5ecb8_shot_001_000,ssim,full,0.95896780
34,0.701446,283979598869ec6d8c5cdbe66eb5ecb8_shot_001_000,lpips,mouth,0.06192143
34,0.701446,283979598869ec6d8c5cdbe66eb5ecb8_shot_001_000,lpips,full,0.04245370
34,0.701446,283979598869ec6d8c5cdbe66eb5ecb8_shot_001_000,sharpness,mouth,6.8514
34,0.701446,283979598869ec6d8c5cdbe66eb5ecb8_shot_001_000,lmd,mouth,2.265393
34,0.701446,283979598869ec6d8c5cdbe66eb5ecb8_shot_001_000,sync_d,mouth,6.862467
34,0.701446,283979598869ec6d8c5cdbe66eb5ecb8_shot_001_000,sync_c,mouth,5.984232
35,0.681508,283979598869ec6d8c5cdbe66eb5ecb8_shot_001_000,pixel_mse,mouth,0.00039439
35,0.681508,283979598869ec6d8c5cdbe66eb5ecb8_shot_001_000,pixel_mse,upper_face,0.00005026
35,0.681508,283979598869ec6d8c5cdbe66eb5ecb8_shot_001_000,pixel_mse,full,0.00019032
35,0.681508,283979598869ec6d8c5cdbe66eb5ecb8_shot_001_000,ssim,mouth,0.93539751
35,0.681508,283979598869ec6d8c5cdbe66eb5ecb8_shot_001_000,ssim,upper_face,0.97508645
35,0.681508,283979598869ec6d8c5cdbe66eb5ecb8_shot_001_000,ssim,full,0.95893312
35,0.681508,283979598869ec6d8c5cdbe66eb5ecb8_shot_001_000,lpips,mouth,0.06242207
35,0.681508,283979598869ec6d8c5cdbe66eb5ecb8_shot_001_000,lpips,full,0.04281100
35,0.681508,283979598869ec6d8c5cdbe66eb5ecb8_shot_001_000,sharpness,mouth,6.8391
35,0.681508,283979598869ec6d8c5cdbe66eb5ecb8_shot_001_000,lmd,mouth,2.241121
35,0.681508,283979598869ec6d8c5cdbe66eb5ecb8_shot_001_000,sync_d,mouth,6.858110
35,0.681508,283979598869ec6d8c5cdbe66eb5ecb8_shot_001_000,sync_c,mouth,6.002055
36,0.660066,283979598869ec6d8c5cdbe66eb5ecb8_shot_001_000,pixel_mse,mouth,0.00040082
36,0.660066,283979598869ec6d8c5cdbe66eb5ecb8_shot_001_000,pixel_mse,upper_face,0.00005054
36,0.660066,283979598869ec6d8c5cdbe66eb5ecb8_shot_001_000,pixel_mse,full,0.00019310
36,0.660066,283979598869ec6d8c5cdbe66eb5ecb8_shot_001_000,ssim,mouth,0.93484467
36,0.660066,283979598869ec6d8c5cdbe66eb5ecb8_shot_001_000,ssim,upper_face,0.97509718
36,0.660066,283979598869ec6d8c5cdbe66eb5ecb8_shot_001_000,ssim,full,0.95871454
36,0.660066,283979598869ec6d8c5cdbe66eb5ecb8_shot_001_000,lpips,mouth,0.06272253
36,0.660066,283979598869ec6d8c5cdbe66eb5ecb8_shot_001_000,lpips,full,0.04293853
36,0.660066,283979598869ec6d8c5cdbe66eb5ecb8_shot_001_000,sharpness,mouth,6.8445
36,0.660066,283979598869ec6d8c5cdbe66eb5ecb8_shot_001_000,lmd,mouth,2.238784
36,0.660066,283979598869ec6d8c5cdbe66eb5ecb8_shot_001_000,sync_d,mouth,6.964168
36,0.660066,283979598869ec6d8c5cdbe66eb5ecb8_shot_001_000,sync_c,mouth,5.908854
37,0.636942,283979598869ec6d8c5cdbe66eb5ecb8_shot_001_000,pixel_mse,mouth,0.00039872
37,0.636942,283979598869ec6d8c5cdbe66eb5ecb8_shot_001_000,pixel_mse,upper_face,0.00004950
37,0.636942,283979598869ec6d8c5cdbe66eb5ecb8_shot_001_000,pixel_mse,full,0.00019163
37,0.636942,283979598869ec6d8c5cdbe66eb5ecb8_shot_001_000,ssim,mouth,0.93459517
37,0.636942,283979598869ec6d8c5cdbe66eb5ecb8_shot_001_000,ssim,upper_face,0.97519130
37,0.636942,283979598869ec6d8c5cdbe66eb5ecb8_shot_001_000,ssim,full,0.95866877
37,0.636942,283979598869ec6d8c5cdbe66eb5ecb8_shot_001_000,lpips,mouth,0.06278031
37,0.636942,283979598869ec6d8c5cdbe66eb5ecb8_shot_001_000,lpips,full,0.04311634
37,0.636942,283979598869ec6d8c5cdbe66eb5ecb8_shot_001_000,sharpness,mouth,6.8427
37,0.636942,283979598869ec6d8c5cdbe66eb5ecb8_shot_001_000,lmd,mouth,2.180441
37,0.636942,283979598869ec6d8c5cdbe66eb5ecb8_shot_001_000,sync_d,mouth,6.967124
37,0.636942,283979598869ec6d8c5cdbe66eb5ecb8_shot_001_000,sync_c,mouth,6.077118
38,0.611932,283979598869ec6d8c5cdbe66eb5ecb8_shot_001_000,pixel_mse,mouth,0.00040487
38,0.611932,283979598869ec6d8c5cdbe66eb5ecb8_shot_001_000,pixel_mse,upper_face,0.00005014
38,0.611932,283979598869ec6d8c5cdbe66eb5ecb8_shot_001_000,pixel_mse,full,0.00019451
38,0.611932,283979598869ec6d8c5cdbe66eb5ecb8_shot_001_000,ssim,mouth,0.93408644
38,0.611932,283979598869ec6d8c5cdbe66eb5ecb8_shot_001_000,ssim,upper_face,0.97527480
38,0.611932,283979598869ec6d8c5cdbe66eb5ecb8_shot_001_000,ssim,full,0.95851123
38,0.611932,283979598869ec6d8c5cdbe66eb5ecb8_shot_001_000,lpips,mouth,0.06349473
38,0.611932,283979598869ec6d8c5cdbe66eb5ecb8_shot_001_000,lpips,full,0.04328819
38,0.611932,283979598869ec6d8c5cdbe66eb5ecb8_shot_001_000,sharpness,mouth,6.8384
38,0.611932,283979598869ec6d8c5cdbe66eb5ecb8_shot_001_000,lmd,mouth,2.247039
38,0.611932,283979598869ec6d8c5cdbe66eb5ecb8_shot_001_000,sync_d,mouth,6.979150
38,0.611932,283979598869ec6d8c5cdbe66eb5ecb8_shot_001_000,sync_c,mouth,5.934988
39,0.584795,283979598869ec6d8c5cdbe66eb5ecb8_shot_001_000,pixel_mse,mouth,0.00040758
39,0.584795,283979598869ec6d8c5cdbe66eb5ecb8_shot_001_000,pixel_mse,upper_face,0.00005018
39,0.584795,283979598869ec6d8c5cdbe66eb5ecb8_shot_001_000,pixel_mse,full,0.00019564
39,0.584795,283979598869ec6d8c5cdbe66eb5ecb8_shot_001_000,ssim,mouth,0.93372947
39,0.584795,283979598869ec6d8c5cdbe66eb5ecb8_shot_001_000,ssim,upper_face,0.97533900
39,0.584795,283979598869ec6d8c5cdbe66eb5ecb8_shot_001_000,ssim,full,0.95840406
39,0.584795,283979598869ec6d8c5cdbe66eb5ecb8_shot_001_000,lpips,mouth,0.06377863
39,0.584795,283979598869ec6d8c5cdbe66eb5ecb8_shot_001_000,lpips,full,0.04350798
39,0.584795,283979598869ec6d8c5cdbe66eb5ecb8_shot_001_000,sharpness,mouth,6.8546
39,0.584795,283979598869ec6d8c5cdbe66eb5ecb8_shot_001_000,lmd,mouth,2.196305
39,0.584795,283979598869ec6d8c5cdbe66eb5ecb8_shot_001_000,sync_d,mouth,6.681458
39,0.584795,283979598869ec6d8c5cdbe66eb5ecb8_shot_001_000,sync_c,mouth,6.142427
40,0.555247,283979598869ec6d8c5cdbe66eb5ecb8_shot_001_000,pixel_mse,mouth,0.00041296
40,0.555247,283979598869ec6d8c5cdbe66eb5ecb8_shot_001_000,pixel_mse,upper_face,0.00005021
40,0.555247,283979598869ec6d8c5cdbe66eb5ecb8_shot_001_000,pixel_mse,full,0.00019785
40,0.555247,283979598869ec6d8c5cdbe66eb5ecb8_shot_001_000,ssim,mouth,0.93299675
40,0.555247,283979598869ec6d8c5cdbe66eb5ecb8_shot_001_000,ssim,upper_face,0.97532314
40,0.555247,283979598869ec6d8c5cdbe66eb5ecb8_shot_001_000,ssim,full,0.95809644
40,0.555247,283979598869ec6d8c5cdbe66eb5ecb8_shot_001_000,lpips,mouth,0.06437230
40,0.555247,283979598869ec6d8c5cdbe66eb5ecb8_shot_001_000,lpips,full,0.04396911
40,0.555247,283979598869ec6d8c5cdbe66eb5ecb8_shot_001_000,sharpness,mouth,6.8555
40,0.555247,283979598869ec6d8c5cdbe66eb5ecb8_shot_001_000,lmd,mouth,2.097772
40,0.555247,283979598869ec6d8c5cdbe66eb5ecb8_shot_001_000,sync_d,mouth,7.131375
40,0.555247,283979598869ec6d8c5cdbe66eb5ecb8_shot_001_000,sync_c,mouth,5.762293
41,0.522951,283979598869ec6d8c5cdbe66eb5ecb8_shot_001_000,pixel_mse,mouth,0.00041638
41,0.522951,283979598869ec6d8c5cdbe66eb5ecb8_shot_001_000,pixel_mse,upper_face,0.00004943
41,0.522951,283979598869ec6d8c5cdbe66eb5ecb8_shot_001_000,pixel_mse,full,0.00019878
41,0.522951,283979598869ec6d8c5cdbe66eb5ecb8_shot_001_000,ssim,mouth,0.93231052
41,0.522951,283979598869ec6d8c5cdbe66eb5ecb8_shot_001_000,ssim,upper_face,0.97545737
41,0.522951,283979598869ec6d8c5cdbe66eb5ecb8_shot_001_000,ssim,full,0.95789677
41,0.522951,283979598869ec6d8c5cdbe66eb5ecb8_shot_001_000,lpips,mouth,0.06471809
41,0.522951,283979598869ec6d8c5cdbe66eb5ecb8_shot_001_000,lpips,full,0.04417241
41,0.522951,283979598869ec6d8c5cdbe66eb5ecb8_shot_001_000,sharpness,mouth,6.9077
41,0.522951,283979598869ec6d8c5cdbe66eb5ecb8_shot_001_000,lmd,mouth,2.115249
41,0.522951,283979598869ec6d8c5cdbe66eb5ecb8_shot_001_000,sync_d,mouth,7.033057
41,0.522951,283979598869ec6d8c5cdbe66eb5ecb8_shot_001_000,sync_c,mouth,5.938632
42,0.487507,283979598869ec6d8c5cdbe66eb5ecb8_shot_001_000,pixel_mse,mouth,0.00042000
42,0.487507,283979598869ec6d8c5cdbe66eb5ecb8_shot_001_000,pixel_mse,upper_face,0.00004862
42,0.487507,283979598869ec6d8c5cdbe66eb5ecb8_shot_001_000,pixel_mse,full,0.00019977
42,0.487507,283979598869ec6d8c5cdbe66eb5ecb8_shot_001_000,ssim,mouth,0.93185508
42,0.487507,283979598869ec6d8c5cdbe66eb5ecb8_shot_001_000,ssim,upper_face,0.97553629
42,0.487507,283979598869ec6d8c5cdbe66eb5ecb8_shot_001_000,ssim,full,0.95775813
42,0.487507,283979598869ec6d8c5cdbe66eb5ecb8_shot_001_000,lpips,mouth,0.06507886
42,0.487507,283979598869ec6d8c5cdbe66eb5ecb8_shot_001_000,lpips,full,0.04428422
42,0.487507,283979598869ec6d8c5cdbe66eb5ecb8_shot_001_000,sharpness,mouth,6.8813
42,0.487507,283979598869ec6d8c5cdbe66eb5ecb8_shot_001_000,lmd,mouth,2.155019
42,0.487507,283979598869ec6d8c5cdbe66eb5ecb8_shot_001_000,sync_d,mouth,6.876353
42,0.487507,283979598869ec6d8c5cdbe66eb5ecb8_shot_001_000,sync_c,mouth,5.945232
43,0.448430,283979598869ec6d8c5cdbe66eb5ecb8_shot_001_000,pixel_mse,mouth,0.00042601
43,0.448430,283979598869ec6d8c5cdbe66eb5ecb8_shot_001_000,pixel_mse,upper_face,0.00004805
43,0.448430,283979598869ec6d8c5cdbe66eb5ecb8_shot_001_000,pixel_mse,full,0.00020188
43,0.448430,283979598869ec6d8c5cdbe66eb5ecb8_shot_001_000,ssim,mouth,0.93109375
43,0.448430,283979598869ec6d8c5cdbe66eb5ecb8_shot_001_000,ssim,upper_face,0.97559536
43,0.448430,283979598869ec6d8c5cdbe66eb5ecb8_shot_001_000,ssim,full,0.95748329
43,0.448430,283979598869ec6d8c5cdbe66eb5ecb8_shot_001_000,lpips,mouth,0.06555343
43,0.448430,283979598869ec6d8c5cdbe66eb5ecb8_shot_001_000,lpips,full,0.04457468
43,0.448430,283979598869ec6d8c5cdbe66eb5ecb8_shot_001_000,sharpness,mouth,6.9029
43,0.448430,283979598869ec6d8c5cdbe66eb5ecb8_shot_001_000,lmd,mouth,2.102426
43,0.448430,283979598869ec6d8c5cdbe66eb5ecb8_shot_001_000,sync_d,mouth,6.882247
43,0.448430,283979598869ec6d8c5cdbe66eb5ecb8_shot_001_000,sync_c,mouth,6.124663
44,0.405131,283979598869ec6d8c5cdbe66eb5ecb8_shot_001_000,pixel_mse,mouth,0.00043208
44,0.405131,283979598869ec6d8c5cdbe66eb5ecb8_shot_001_000,pixel_mse,upper_face,0.00004779
44,0.405131,283979598869ec6d8c5cdbe66eb5ecb8_shot_001_000,pixel_mse,full,0.00020419
44,0.405131,283979598869ec6d8c5cdbe66eb5ecb8_shot_001_000,ssim,mouth,0.93025959
44,0.405131,283979598869ec6d8c5cdbe66eb5ecb8_shot_001_000,ssim,upper_face,0.97573256
44,0.405131,283979598869ec6d8c5cdbe66eb5ecb8_shot_001_000,ssim,full,0.95722520
44,0.405131,283979598869ec6d8c5cdbe66eb5ecb8_shot_001_000,lpips,mouth,0.06618848
44,0.405131,283979598869ec6d8c5cdbe66eb5ecb8_shot_001_000,lpips,full,0.04496762
44,0.405131,283979598869ec6d8c5cdbe66eb5ecb8_shot_001_000,sharpness,mouth,6.8669
44,0.405131,283979598869ec6d8c5cdbe66eb5ecb8_shot_001_000,lmd,mouth,2.116508
44,0.405131,283979598869ec6d8c5cdbe66eb5ecb8_shot_001_000,sync_d,mouth,6.961474
44,0.405131,283979598869ec6d8c5cdbe66eb5ecb8_shot_001_000,sync_c,mouth,5.995626
45,0.356888,283979598869ec6d8c5cdbe66eb5ecb8_shot_001_000,pixel_mse,mouth,0.00043777
45,0.356888,283979598869ec6d8c5cdbe66eb5ecb8_shot_001_000,pixel_mse,upper_face,0.00004704
45,0.356888,283979598869ec6d8c5cdbe66eb5ecb8_shot_001_000,pixel_mse,full,0.00020606
45,0.356888,283979598869ec6d8c5cdbe66eb5ecb8_shot_001_000,ssim,mouth,0.92942894
45,0.356888,283979598869ec6d8c5cdbe66eb5ecb8_shot_001_000,ssim,upper_face,0.97582877
45,0.356888,283979598869ec6d8c5cdbe66eb5ecb8_shot_001_000,ssim,full,0.95694423
45,0.356888,283979598869ec6d8c5cdbe66eb5ecb8_shot_001_000,lpips,mouth,0.06659762
45,0.356888,283979598869ec6d8c5cdbe66eb5ecb8_shot_001_000,lpips,full,0.04510127
45,0.356888,283979598869ec6d8c5cdbe66eb5ecb8_shot_001_000,sharpness,mouth,6.8555
45,0.356888,283979598869ec6d8c5cdbe66eb5ecb8_shot_001_000,lmd,mouth,2.051567
45,0.356888,283979598869ec6d8c5cdbe66eb5ecb8_shot_001_000,sync_d,mouth,6.940098
45,0.356888,283979598869ec6d8c5cdbe66eb5ecb8_shot_001_000,sync_c,mouth,6.178924
46,0.302801,283979598869ec6d8c5cdbe66eb5ecb8_shot_001_000,pixel_mse,mouth,0.00044459
46,0.302801,283979598869ec6d8c5cdbe66eb5ecb8_shot_001_000,pixel_mse,upper_face,0.00004598
46,0.302801,283979598869ec6d8c5cdbe66eb5ecb8_shot_001_000,pixel_mse,full,0.00020822
46,0.302801,283979598869ec6d8c5cdbe66eb5ecb8_shot_001_000,ssim,mouth,0.92844582
46,0.302801,283979598869ec6d8c5cdbe66eb5ecb8_shot_001_000,ssim,upper_face,0.97588545
46,0.302801,283979598869ec6d8c5cdbe66eb5ecb8_shot_001_000,ssim,full,0.95657772
46,0.302801,283979598869ec6d8c5cdbe66eb5ecb8_shot_001_000,lpips,mouth,0.06707869
46,0.302801,283979598869ec6d8c5cdbe66eb5ecb8_shot_001_000,lpips,full,0.04542392
46,0.302801,283979598869ec6d8c5cdbe66eb5ecb8_shot_001_000,sharpness,mouth,6.8688
46,0.302801,283979598869ec6d8c5cdbe66eb5ecb8_shot_001_000,lmd,mouth,2.121706
46,0.302801,283979598869ec6d8c5cdbe66eb5ecb8_shot_001_000,sync_d,mouth,7.095912
46,0.302801,283979598869ec6d8c5cdbe66eb5ecb8_shot_001_000,sync_c,mouth,5.971126
47,0.241740,283979598869ec6d8c5cdbe66eb5ecb8_shot_001_000,pixel_mse,mouth,0.00045078
47,0.241740,283979598869ec6d8c5cdbe66eb5ecb8_shot_001_000,pixel_mse,upper_face,0.00004638
47,0.241740,283979598869ec6d8c5cdbe66eb5ecb8_shot_001_000,pixel_mse,full,0.00021097
47,0.241740,283979598869ec6d8c5cdbe66eb5ecb8_shot_001_000,ssim,mouth,0.92738199
47,0.241740,283979598869ec6d8c5cdbe66eb5ecb8_shot_001_000,ssim,upper_face,0.97585487
47,0.241740,283979598869ec6d8c5cdbe66eb5ecb8_shot_001_000,ssim,full,0.95612663
47,0.241740,283979598869ec6d8c5cdbe66eb5ecb8_shot_001_000,lpips,mouth,0.06758418
47,0.241740,283979598869ec6d8c5cdbe66eb5ecb8_shot_001_000,lpips,full,0.04571958
47,0.241740,283979598869ec6d8c5cdbe66eb5ecb8_shot_001_000,sharpness,mouth,6.8471
47,0.241740,283979598869ec6d8c5cdbe66eb5ecb8_shot_001_000,lmd,mouth,2.116638
47,0.241740,283979598869ec6d8c5cdbe66eb5ecb8_shot_001_000,sync_d,mouth,7.360450
47,0.241740,283979598869ec6d8c5cdbe66eb5ecb8_shot_001_000,sync_c,mouth,5.727265
48,0.172265,283979598869ec6d8c5cdbe66eb5ecb8_shot_001_000,pixel_mse,mouth,0.00045839
48,0.172265,283979598869ec6d8c5cdbe66eb5ecb8_shot_001_000,pixel_mse,upper_face,0.00004601
48,0.172265,283979598869ec6d8c5cdbe66eb5ecb8_shot_001_000,pixel_mse,full,0.00021385
48,0.172265,283979598869ec6d8c5cdbe66eb5ecb8_shot_001_000,ssim,mouth,0.92605704
48,0.172265,283979598869ec6d8c5cdbe66eb5ecb8_shot_001_000,ssim,upper_face,0.97586876
48,0.172265,283979598869ec6d8c5cdbe66eb5ecb8_shot_001_000,ssim,full,0.95559543
48,0.172265,283979598869ec6d8c5cdbe66eb5ecb8_shot_001_000,lpips,mouth,0.06825066
48,0.172265,283979598869ec6d8c5cdbe66eb5ecb8_shot_001_000,lpips,full,0.04592690
48,0.172265,283979598869ec6d8c5cdbe66eb5ecb8_shot_001_000,sharpness,mouth,6.8146
48,0.172265,283979598869ec6d8c5cdbe66eb5ecb8_shot_001_000,lmd,mouth,2.092948
48,0.172265,283979598869ec6d8c5cdbe66eb5ecb8_shot_001_000,sync_d,mouth,7.009338
48,0.172265,283979598869ec6d8c5cdbe66eb5ecb8_shot_001_000,sync_c,mouth,6.157000
49,0.092507,283979598869ec6d8c5cdbe66eb5ecb8_shot_001_000,pixel_mse,mouth,0.00046698
49,0.092507,283979598869ec6d8c5cdbe66eb5ecb8_shot_001_000,pixel_mse,upper_face,0.00004678
49,0.092507,283979598869ec6d8c5cdbe66eb5ecb8_shot_001_000,pixel_mse,full,0.00021780
49,0.092507,283979598869ec6d8c5cdbe66eb5ecb8_shot_001_000,ssim,mouth,0.92470068
49,0.092507,283979598869ec6d8c5cdbe66eb5ecb8_shot_001_000,ssim,upper_face,0.97572052
49,0.092507,283979598869ec6d8c5cdbe66eb5ecb8_shot_001_000,ssim,full,0.95495558
49,0.092507,283979598869ec6d8c5cdbe66eb5ecb8_shot_001_000,lpips,mouth,0.06894463
49,0.092507,283979598869ec6d8c5cdbe66eb5ecb8_shot_001_000,lpips,full,0.04644030
49,0.092507,283979598869ec6d8c5cdbe66eb5ecb8_shot_001_000,sharpness,mouth,6.7631
49,0.092507,283979598869ec6d8c5cdbe66eb5ecb8_shot_001_000,lmd,mouth,2.201323
49,0.092507,283979598869ec6d8c5cdbe66eb5ecb8_shot_001_000,sync_d,mouth,7.120457
49,0.092507,283979598869ec6d8c5cdbe66eb5ecb8_shot_001_000,sync_c,mouth,6.059370
-1,gt,4452d828f84c6a2b2dee9c7a81e6c102_shot_001_000,sharpness,mouth,17.1995
-1,gt,4452d828f84c6a2b2dee9c7a81e6c102_shot_001_000,sync_d,mouth,7.776823
-1,gt,4452d828f84c6a2b2dee9c7a81e6c102_shot_001_000,sync_c,mouth,6.915483
0,0.999000,4452d828f84c6a2b2dee9c7a81e6c102_shot_001_000,pixel_mse,mouth,0.00556438
0,0.999000,4452d828f84c6a2b2dee9c7a81e6c102_shot_001_000,pixel_mse,upper_face,0.00018687
0,0.999000,4452d828f84c6a2b2dee9c7a81e6c102_shot_001_000,pixel_mse,full,0.00237551
0,0.999000,4452d828f84c6a2b2dee9c7a81e6c102_shot_001_000,ssim,mouth,0.87207466
0,0.999000,4452d828f84c6a2b2dee9c7a81e6c102_shot_001_000,ssim,upper_face,0.96368802
0,0.999000,4452d828f84c6a2b2dee9c7a81e6c102_shot_001_000,ssim,full,0.92640179
0,0.999000,4452d828f84c6a2b2dee9c7a81e6c102_shot_001_000,lpips,mouth,0.10858447
0,0.999000,4452d828f84c6a2b2dee9c7a81e6c102_shot_001_000,lpips,full,0.07157225
0,0.999000,4452d828f84c6a2b2dee9c7a81e6c102_shot_001_000,sharpness,mouth,19.4574
0,0.999000,4452d828f84c6a2b2dee9c7a81e6c102_shot_001_000,lmd,mouth,5.921435
0,0.999000,4452d828f84c6a2b2dee9c7a81e6c102_shot_001_000,sync_d,mouth,6.373812
0,0.999000,4452d828f84c6a2b2dee9c7a81e6c102_shot_001_000,sync_c,mouth,8.553389
1,0.995732,4452d828f84c6a2b2dee9c7a81e6c102_shot_001_000,pixel_mse,mouth,0.00549407
1,0.995732,4452d828f84c6a2b2dee9c7a81e6c102_shot_001_000,pixel_mse,upper_face,0.00017967
1,0.995732,4452d828f84c6a2b2dee9c7a81e6c102_shot_001_000,pixel_mse,full,0.00234262
1,0.995732,4452d828f84c6a2b2dee9c7a81e6c102_shot_001_000,ssim,mouth,0.87251008
1,0.995732,4452d828f84c6a2b2dee9c7a81e6c102_shot_001_000,ssim,upper_face,0.96399450
1,0.995732,4452d828f84c6a2b2dee9c7a81e6c102_shot_001_000,ssim,full,0.92676061
1,0.995732,4452d828f84c6a2b2dee9c7a81e6c102_shot_001_000,lpips,mouth,0.10835857
1,0.995732,4452d828f84c6a2b2dee9c7a81e6c102_shot_001_000,lpips,full,0.07128204
1,0.995732,4452d828f84c6a2b2dee9c7a81e6c102_shot_001_000,sharpness,mouth,19.5837
1,0.995732,4452d828f84c6a2b2dee9c7a81e6c102_shot_001_000,lmd,mouth,5.768861
1,0.995732,4452d828f84c6a2b2dee9c7a81e6c102_shot_001_000,sync_d,mouth,6.333160
1,0.995732,4452d828f84c6a2b2dee9c7a81e6c102_shot_001_000,sync_c,mouth,8.700483
2,0.991530,4452d828f84c6a2b2dee9c7a81e6c102_shot_001_000,pixel_mse,mouth,0.00514112
2,0.991530,4452d828f84c6a2b2dee9c7a81e6c102_shot_001_000,pixel_mse,upper_face,0.00016563
2,0.991530,4452d828f84c6a2b2dee9c7a81e6c102_shot_001_000,pixel_mse,full,0.00219064
2,0.991530,4452d828f84c6a2b2dee9c7a81e6c102_shot_001_000,ssim,mouth,0.87686574
2,0.991530,4452d828f84c6a2b2dee9c7a81e6c102_shot_001_000,ssim,upper_face,0.96504486
2,0.991530,4452d828f84c6a2b2dee9c7a81e6c102_shot_001_000,ssim,full,0.92915606
2,0.991530,4452d828f84c6a2b2dee9c7a81e6c102_shot_001_000,lpips,mouth,0.10452317
2,0.991530,4452d828f84c6a2b2dee9c7a81e6c102_shot_001_000,lpips,full,0.06870096
2,0.991530,4452d828f84c6a2b2dee9c7a81e6c102_shot_001_000,sharpness,mouth,19.5447
2,0.991530,4452d828f84c6a2b2dee9c7a81e6c102_shot_001_000,lmd,mouth,5.397298
2,0.991530,4452d828f84c6a2b2dee9c7a81e6c102_shot_001_000,sync_d,mouth,6.493191
2,0.991530,4452d828f84c6a2b2dee9c7a81e6c102_shot_001_000,sync_c,mouth,8.598076
3,0.987187,4452d828f84c6a2b2dee9c7a81e6c102_shot_001_000,pixel_mse,mouth,0.00477089
3,0.987187,4452d828f84c6a2b2dee9c7a81e6c102_shot_001_000,pixel_mse,upper_face,0.00015476
3,0.987187,4452d828f84c6a2b2dee9c7a81e6c102_shot_001_000,pixel_mse,full,0.00203352
3,0.987187,4452d828f84c6a2b2dee9c7a81e6c102_shot_001_000,ssim,mouth,0.88102084
3,0.987187,4452d828f84c6a2b2dee9c7a81e6c102_shot_001_000,ssim,upper_face,0.96608746
3,0.987187,4452d828f84c6a2b2dee9c7a81e6c102_shot_001_000,ssim,full,0.93146551
3,0.987187,4452d828f84c6a2b2dee9c7a81e6c102_shot_001_000,lpips,mouth,0.10035142
3,0.987187,4452d828f84c6a2b2dee9c7a81e6c102_shot_001_000,lpips,full,0.06604905
3,0.987187,4452d828f84c6a2b2dee9c7a81e6c102_shot_001_000,sharpness,mouth,19.6908
3,0.987187,4452d828f84c6a2b2dee9c7a81e6c102_shot_001_000,lmd,mouth,4.811326
3,0.987187,4452d828f84c6a2b2dee9c7a81e6c102_shot_001_000,sync_d,mouth,6.441026
3,0.987187,4452d828f84c6a2b2dee9c7a81e6c102_shot_001_000,sync_c,mouth,8.649921
4,0.982696,4452d828f84c6a2b2dee9c7a81e6c102_shot_001_000,pixel_mse,mouth,0.00443806
4,0.982696,4452d828f84c6a2b2dee9c7a81e6c102_shot_001_000,pixel_mse,upper_face,0.00014507
4,0.982696,4452d828f84c6a2b2dee9c7a81e6c102_shot_001_000,pixel_mse,full,0.00189231
4,0.982696,4452d828f84c6a2b2dee9c7a81e6c102_shot_001_000,ssim,mouth,0.88486266
4,0.982696,4452d828f84c6a2b2dee9c7a81e6c102_shot_001_000,ssim,upper_face,0.96660775
4,0.982696,4452d828f84c6a2b2dee9c7a81e6c102_shot_001_000,ssim,full,0.93333763
4,0.982696,4452d828f84c6a2b2dee9c7a81e6c102_shot_001_000,lpips,mouth,0.09640935
4,0.982696,4452d828f84c6a2b2dee9c7a81e6c102_shot_001_000,lpips,full,0.06386501
4,0.982696,4452d828f84c6a2b2dee9c7a81e6c102_shot_001_000,sharpness,mouth,19.7052
4,0.982696,4452d828f84c6a2b2dee9c7a81e6c102_shot_001_000,lmd,mouth,4.452100
4,0.982696,4452d828f84c6a2b2dee9c7a81e6c102_shot_001_000,sync_d,mouth,6.288764
4,0.982696,4452d828f84c6a2b2dee9c7a81e6c102_shot_001_000,sync_c,mouth,8.749151
5,0.978048,4452d828f84c6a2b2dee9c7a81e6c102_shot_001_000,pixel_mse,mouth,0.00421262
5,0.978048,4452d828f84c6a2b2dee9c7a81e6c102_shot_001_000,pixel_mse,upper_face,0.00013847
5,0.978048,4452d828f84c6a2b2dee9c7a81e6c102_shot_001_000,pixel_mse,full,0.00179664
5,0.978048,4452d828f84c6a2b2dee9c7a81e6c102_shot_001_000,ssim,mouth,0.88800001
5,0.978048,4452d828f84c6a2b2dee9c7a81e6c102_shot_001_000,ssim,upper_face,0.96715629
5,0.978048,4452d828f84c6a2b2dee9c7a81e6c102_shot_001_000,ssim,full,0.93493992
5,0.978048,4452d828f84c6a2b2dee9c7a81e6c102_shot_001_000,lpips,mouth,0.09418207
5,0.978048,4452d828f84c6a2b2dee9c7a81e6c102_shot_001_000,lpips,full,0.06244355
5,0.978048,4452d828f84c6a2b2dee9c7a81e6c102_shot_001_000,sharpness,mouth,19.5087
5,0.978048,4452d828f84c6a2b2dee9c7a81e6c102_shot_001_000,lmd,mouth,4.182566
5,0.978048,4452d828f84c6a2b2dee9c7a81e6c102_shot_001_000,sync_d,mouth,6.268804
5,0.978048,4452d828f84c6a2b2dee9c7a81e6c102_shot_001_000,sync_c,mouth,8.678459
6,0.973236,4452d828f84c6a2b2dee9c7a81e6c102_shot_001_000,pixel_mse,mouth,0.00415383
6,0.973236,4452d828f84c6a2b2dee9c7a81e6c102_shot_001_000,pixel_mse,upper_face,0.00013292
6,0.973236,4452d828f84c6a2b2dee9c7a81e6c102_shot_001_000,pixel_mse,full,0.00176942
6,0.973236,4452d828f84c6a2b2dee9c7a81e6c102_shot_001_000,ssim,mouth,0.88886327
6,0.973236,4452d828f84c6a2b2dee9c7a81e6c102_shot_001_000,ssim,upper_face,0.96757215
6,0.973236,4452d828f84c6a2b2dee9c7a81e6c102_shot_001_000,ssim,full,0.93553776
6,0.973236,4452d828f84c6a2b2dee9c7a81e6c102_shot_001_000,lpips,mouth,0.09272338
6,0.973236,4452d828f84c6a2b2dee9c7a81e6c102_shot_001_000,lpips,full,0.06131580
6,0.973236,4452d828f84c6a2b2dee9c7a81e6c102_shot_001_000,sharpness,mouth,19.4406
6,0.973236,4452d828f84c6a2b2dee9c7a81e6c102_shot_001_000,lmd,mouth,4.038480
6,0.973236,4452d828f84c6a2b2dee9c7a81e6c102_shot_001_000,sync_d,mouth,6.358882
6,0.973236,4452d828f84c6a2b2dee9c7a81e6c102_shot_001_000,sync_c,mouth,8.503123
7,0.968250,4452d828f84c6a2b2dee9c7a81e6c102_shot_001_000,pixel_mse,mouth,0.00405916
7,0.968250,4452d828f84c6a2b2dee9c7a81e6c102_shot_001_000,pixel_mse,upper_face,0.00013049
7,0.968250,4452d828f84c6a2b2dee9c7a81e6c102_shot_001_000,pixel_mse,full,0.00172945
7,0.968250,4452d828f84c6a2b2dee9c7a81e6c102_shot_001_000,ssim,mouth,0.88957930
7,0.968250,4452d828f84c6a2b2dee9c7a81e6c102_shot_001_000,ssim,upper_face,0.96789145
7,0.968250,4452d828f84c6a2b2dee9c7a81e6c102_shot_001_000,ssim,full,0.93601859
7,0.968250,4452d828f84c6a2b2dee9c7a81e6c102_shot_001_000,lpips,mouth,0.09123910
7,0.968250,4452d828f84c6a2b2dee9c7a81e6c102_shot_001_000,lpips,full,0.06010922
7,0.968250,4452d828f84c6a2b2dee9c7a81e6c102_shot_001_000,sharpness,mouth,19.4843
7,0.968250,4452d828f84c6a2b2dee9c7a81e6c102_shot_001_000,lmd,mouth,3.901650
7,0.968250,4452d828f84c6a2b2dee9c7a81e6c102_shot_001_000,sync_d,mouth,6.388762
7,0.968250,4452d828f84c6a2b2dee9c7a81e6c102_shot_001_000,sync_c,mouth,8.525909
8,0.963082,4452d828f84c6a2b2dee9c7a81e6c102_shot_001_000,pixel_mse,mouth,0.00395168
8,0.963082,4452d828f84c6a2b2dee9c7a81e6c102_shot_001_000,pixel_mse,upper_face,0.00012898
8,0.963082,4452d828f84c6a2b2dee9c7a81e6c102_shot_001_000,pixel_mse,full,0.00168481
8,0.963082,4452d828f84c6a2b2dee9c7a81e6c102_shot_001_000,ssim,mouth,0.89102364
8,0.963082,4452d828f84c6a2b2dee9c7a81e6c102_shot_001_000,ssim,upper_face,0.96809340
8,0.963082,4452d828f84c6a2b2dee9c7a81e6c102_shot_001_000,ssim,full,0.93672621
8,0.963082,4452d828f84c6a2b2dee9c7a81e6c102_shot_001_000,lpips,mouth,0.09007293
8,0.963082,4452d828f84c6a2b2dee9c7a81e6c102_shot_001_000,lpips,full,0.05944059
8,0.963082,4452d828f84c6a2b2dee9c7a81e6c102_shot_001_000,sharpness,mouth,19.6267
8,0.963082,4452d828f84c6a2b2dee9c7a81e6c102_shot_001_000,lmd,mouth,3.763584
8,0.963082,4452d828f84c6a2b2dee9c7a81e6c102_shot_001_000,sync_d,mouth,6.308330
8,0.963082,4452d828f84c6a2b2dee9c7a81e6c102_shot_001_000,sync_c,mouth,8.606045
9,0.957720,4452d828f84c6a2b2dee9c7a81e6c102_shot_001_000,pixel_mse,mouth,0.00385231
9,0.957720,4452d828f84c6a2b2dee9c7a81e6c102_shot_001_000,pixel_mse,upper_face,0.00012439
9,0.957720,4452d828f84c6a2b2dee9c7a81e6c102_shot_001_000,pixel_mse,full,0.00164164
9,0.957720,4452d828f84c6a2b2dee9c7a81e6c102_shot_001_000,ssim,mouth,0.89204013
9,0.957720,4452d828f84c6a2b2dee9c7a81e6c102_shot_001_000,ssim,upper_face,0.96844953
9,0.957720,4452d828f84c6a2b2dee9c7a81e6c102_shot_001_000,ssim,full,0.93735117
9,0.957720,4452d828f84c6a2b2dee9c7a81e6c102_shot_001_000,lpips,mouth,0.08789700
9,0.957720,4452d828f84c6a2b2dee9c7a81e6c102_shot_001_000,lpips,full,0.05827447
9,0.957720,4452d828f84c6a2b2dee9c7a81e6c102_shot_001_000,sharpness,mouth,19.2474
9,0.957720,4452d828f84c6a2b2dee9c7a81e6c102_shot_001_000,lmd,mouth,3.701944
9,0.957720,4452d828f84c6a2b2dee9c7a81e6c102_shot_001_000,sync_d,mouth,6.302847
9,0.957720,4452d828f84c6a2b2dee9c7a81e6c102_shot_001_000,sync_c,mouth,8.778777
10,0.952154,4452d828f84c6a2b2dee9c7a81e6c102_shot_001_000,pixel_mse,mouth,0.00379529
10,0.952154,4452d828f84c6a2b2dee9c7a81e6c102_shot_001_000,pixel_mse,upper_face,0.00012434
10,0.952154,4452d828f84c6a2b2dee9c7a81e6c102_shot_001_000,pixel_mse,full,0.00161841
10,0.952154,4452d828f84c6a2b2dee9c7a81e6c102_shot_001_000,ssim,mouth,0.89318097
10,0.952154,4452d828f84c6a2b2dee9c7a81e6c102_shot_001_000,ssim,upper_face,0.96856540
10,0.952154,4452d828f84c6a2b2dee9c7a81e6c102_shot_001_000,ssim,full,0.93788409
10,0.952154,4452d828f84c6a2b2dee9c7a81e6c102_shot_001_000,lpips,mouth,0.08642756
10,0.952154,4452d828f84c6a2b2dee9c7a81e6c102_shot_001_000,lpips,full,0.05728994
10,0.952154,4452d828f84c6a2b2dee9c7a81e6c102_shot_001_000,sharpness,mouth,19.0880
10,0.952154,4452d828f84c6a2b2dee9c7a81e6c102_shot_001_000,lmd,mouth,3.727023
10,0.952154,4452d828f84c6a2b2dee9c7a81e6c102_shot_001_000,sync_d,mouth,6.240558
10,0.952154,4452d828f84c6a2b2dee9c7a81e6c102_shot_001_000,sync_c,mouth,8.794825
11,0.946372,4452d828f84c6a2b2dee9c7a81e6c102_shot_001_000,pixel_mse,mouth,0.00374833
11,0.946372,4452d828f84c6a2b2dee9c7a81e6c102_shot_001_000,pixel_mse,upper_face,0.00012174
11,0.946372,4452d828f84c6a2b2dee9c7a81e6c102_shot_001_000,pixel_mse,full,0.00159776
11,0.946372,4452d828f84c6a2b2dee9c7a81e6c102_shot_001_000,ssim,mouth,0.89329314
11,0.946372,4452d828f84c6a2b2dee9c7a81e6c102_shot_001_000,ssim,upper_face,0.96875048
11,0.946372,4452d828f84c6a2b2dee9c7a81e6c102_shot_001_000,ssim,full,0.93803954
11,0.946372,4452d828f84c6a2b2dee9c7a81e6c102_shot_001_000,lpips,mouth,0.08545060
11,0.946372,4452d828f84c6a2b2dee9c7a81e6c102_shot_001_000,lpips,full,0.05671247
11,0.946372,4452d828f84c6a2b2dee9c7a81e6c102_shot_001_000,sharpness,mouth,18.7160
11,0.946372,4452d828f84c6a2b2dee9c7a81e6c102_shot_001_000,lmd,mouth,3.617330
11,0.946372,4452d828f84c6a2b2dee9c7a81e6c102_shot_001_000,sync_d,mouth,6.191493
11,0.946372,4452d828f84c6a2b2dee9c7a81e6c102_shot_001_000,sync_c,mouth,8.865629
12,0.940361,4452d828f84c6a2b2dee9c7a81e6c102_shot_001_000,pixel_mse,mouth,0.00366656
12,0.940361,4452d828f84c6a2b2dee9c7a81e6c102_shot_001_000,pixel_mse,upper_face,0.00012115
12,0.940361,4452d828f84c6a2b2dee9c7a81e6c102_shot_001_000,pixel_mse,full,0.00156412
12,0.940361,4452d828f84c6a2b2dee9c7a81e6c102_shot_001_000,ssim,mouth,0.89373004
12,0.940361,4452d828f84c6a2b2dee9c7a81e6c102_shot_001_000,ssim,upper_face,0.96887714
12,0.940361,4452d828f84c6a2b2dee9c7a81e6c102_shot_001_000,ssim,full,0.93829232
12,0.940361,4452d828f84c6a2b2dee9c7a81e6c102_shot_001_000,lpips,mouth,0.08429141
12,0.940361,4452d828f84c6a2b2dee9c7a81e6c102_shot_001_000,lpips,full,0.05592064
12,0.940361,4452d828f84c6a2b2dee9c7a81e6c102_shot_001_000,sharpness,mouth,18.5359
12,0.940361,4452d828f84c6a2b2dee9c7a81e6c102_shot_001_000,lmd,mouth,3.635781
12,0.940361,4452d828f84c6a2b2dee9c7a81e6c102_shot_001_000,sync_d,mouth,6.134264
12,0.940361,4452d828f84c6a2b2dee9c7a81e6c102_shot_001_000,sync_c,mouth,8.865208
13,0.934107,4452d828f84c6a2b2dee9c7a81e6c102_shot_001_000,pixel_mse,mouth,0.00367025
13,0.934107,4452d828f84c6a2b2dee9c7a81e6c102_shot_001_000,pixel_mse,upper_face,0.00011775
13,0.934107,4452d828f84c6a2b2dee9c7a81e6c102_shot_001_000,pixel_mse,full,0.00156361
13,0.934107,4452d828f84c6a2b2dee9c7a81e6c102_shot_001_000,ssim,mouth,0.89405710
13,0.934107,4452d828f84c6a2b2dee9c7a81e6c102_shot_001_000,ssim,upper_face,0.96910238
13,0.934107,4452d828f84c6a2b2dee9c7a81e6c102_shot_001_000,ssim,full,0.93855906
13,0.934107,4452d828f84c6a2b2dee9c7a81e6c102_shot_001_000,lpips,mouth,0.08339075
13,0.934107,4452d828f84c6a2b2dee9c7a81e6c102_shot_001_000,lpips,full,0.05532610
13,0.934107,4452d828f84c6a2b2dee9c7a81e6c102_shot_001_000,sharpness,mouth,18.4089
13,0.934107,4452d828f84c6a2b2dee9c7a81e6c102_shot_001_000,lmd,mouth,3.705031
13,0.934107,4452d828f84c6a2b2dee9c7a81e6c102_shot_001_000,sync_d,mouth,6.097954
13,0.934107,4452d828f84c6a2b2dee9c7a81e6c102_shot_001_000,sync_c,mouth,8.905634
14,0.927596,4452d828f84c6a2b2dee9c7a81e6c102_shot_001_000,pixel_mse,mouth,0.00359332
14,0.927596,4452d828f84c6a2b2dee9c7a81e6c102_shot_001_000,pixel_mse,upper_face,0.00011814
14,0.927596,4452d828f84c6a2b2dee9c7a81e6c102_shot_001_000,pixel_mse,full,0.00153253
14,0.927596,4452d828f84c6a2b2dee9c7a81e6c102_shot_001_000,ssim,mouth,0.89428878
14,0.927596,4452d828f84c6a2b2dee9c7a81e6c102_shot_001_000,ssim,upper_face,0.96918404
14,0.927596,4452d828f84c6a2b2dee9c7a81e6c102_shot_001_000,ssim,full,0.93870187
14,0.927596,4452d828f84c6a2b2dee9c7a81e6c102_shot_001_000,lpips,mouth,0.08208813
14,0.927596,4452d828f84c6a2b2dee9c7a81e6c102_shot_001_000,lpips,full,0.05461101
14,0.927596,4452d828f84c6a2b2dee9c7a81e6c102_shot_001_000,sharpness,mouth,18.4024
14,0.927596,4452d828f84c6a2b2dee9c7a81e6c102_shot_001_000,lmd,mouth,3.823779
14,0.927596,4452d828f84c6a2b2dee9c7a81e6c102_shot_001_000,sync_d,mouth,5.998297
14,0.927596,4452d828f84c6a2b2dee9c7a81e6c102_shot_001_000,sync_c,mouth,9.032318
15,0.920810,4452d828f84c6a2b2dee9c7a81e6c102_shot_001_000,pixel_mse,mouth,0.00353713
15,0.920810,4452d828f84c6a2b2dee9c7a81e6c102_shot_001_000,pixel_mse,upper_face,0.00011734
15,0.920810,4452d828f84c6a2b2dee9c7a81e6c102_shot_001_000,pixel_mse,full,0.00150918
15,0.920810,4452d828f84c6a2b2dee9c7a81e6c102_shot_001_000,ssim,mouth,0.89505625
15,0.920810,4452d828f84c6a2b2dee9c7a81e6c102_shot_001_000,ssim,upper_face,0.96932381
15,0.920810,4452d828f84c6a2b2dee9c7a81e6c102_shot_001_000,ssim,full,0.93909711
15,0.920810,4452d828f84c6a2b2dee9c7a81e6c102_shot_001_000,lpips,mouth,0.08091615
15,0.920810,4452d828f84c6a2b2dee9c7a81e6c102_shot_001_000,lpips,full,0.05383313
15,0.920810,4452d828f84c6a2b2dee9c7a81e6c102_shot_001_000,sharpness,mouth,18.2704
15,0.920810,4452d828f84c6a2b2dee9c7a81e6c102_shot_001_000,lmd,mouth,3.742448
15,0.920810,4452d828f84c6a2b2dee9c7a81e6c102_shot_001_000,sync_d,mouth,5.992606
15,0.920810,4452d828f84c6a2b2dee9c7a81e6c102_shot_001_000,sync_c,mouth,9.049618
16,0.913733,4452d828f84c6a2b2dee9c7a81e6c102_shot_001_000,pixel_mse,mouth,0.00347414
16,0.913733,4452d828f84c6a2b2dee9c7a81e6c102_shot_001_000,pixel_mse,upper_face,0.00011549
16,0.913733,4452d828f84c6a2b2dee9c7a81e6c102_shot_001_000,pixel_mse,full,0.00148245
16,0.913733,4452d828f84c6a2b2dee9c7a81e6c102_shot_001_000,ssim,mouth,0.89527941
16,0.913733,4452d828f84c6a2b2dee9c7a81e6c102_shot_001_000,ssim,upper_face,0.96946084
16,0.913733,4452d828f84c6a2b2dee9c7a81e6c102_shot_001_000,ssim,full,0.93926924
16,0.913733,4452d828f84c6a2b2dee9c7a81e6c102_shot_001_000,lpips,mouth,0.08034342
16,0.913733,4452d828f84c6a2b2dee9c7a81e6c102_shot_001_000,lpips,full,0.05353522
16,0.913733,4452d828f84c6a2b2dee9c7a81e6c102_shot_001_000,sharpness,mouth,18.2856
16,0.913733,4452d828f84c6a2b2dee9c7a81e6c102_shot_001_000,lmd,mouth,3.725600
16,0.913733,4452d828f84c6a2b2dee9c7a81e6c102_shot_001_000,sync_d,mouth,5.981122
16,0.913733,4452d828f84c6a2b2dee9c7a81e6c102_shot_001_000,sync_c,mouth,9.036861
17,0.906344,4452d828f84c6a2b2dee9c7a81e6c102_shot_001_000,pixel_mse,mouth,0.00343073
17,0.906344,4452d828f84c6a2b2dee9c7a81e6c102_shot_001_000,pixel_mse,upper_face,0.00011348
17,0.906344,4452d828f84c6a2b2dee9c7a81e6c102_shot_001_000,pixel_mse,full,0.00146359
17,0.906344,4452d828f84c6a2b2dee9c7a81e6c102_shot_001_000,ssim,mouth,0.89511722
17,0.906344,4452d828f84c6a2b2dee9c7a81e6c102_shot_001_000,ssim,upper_face,0.96967155
17,0.906344,4452d828f84c6a2b2dee9c7a81e6c102_shot_001_000,ssim,full,0.93932801
17,0.906344,4452d828f84c6a2b2dee9c7a81e6c102_shot_001_000,lpips,mouth,0.07970174
17,0.906344,4452d828f84c6a2b2dee9c7a81e6c102_shot_001_000,lpips,full,0.05300063
17,0.906344,4452d828f84c6a2b2dee9c7a81e6c102_shot_001_000,sharpness,mouth,18.1611
17,0.906344,4452d828f84c6a2b2dee9c7a81e6c102_shot_001_000,lmd,mouth,3.832565
17,0.906344,4452d828f84c6a2b2dee9c7a81e6c102_shot_001_000,sync_d,mouth,5.874022
17,0.906344,4452d828f84c6a2b2dee9c7a81e6c102_shot_001_000,sync_c,mouth,9.100897
18,0.898624,4452d828f84c6a2b2dee9c7a81e6c102_shot_001_000,pixel_mse,mouth,0.00338232
18,0.898624,4452d828f84c6a2b2dee9c7a81e6c102_shot_001_000,pixel_mse,upper_face,0.00011188
18,0.898624,4452d828f84c6a2b2dee9c7a81e6c102_shot_001_000,pixel_mse,full,0.00144294
18,0.898624,4452d828f84c6a2b2dee9c7a81e6c102_shot_001_000,ssim,mouth,0.89549226
18,0.898624,4452d828f84c6a2b2dee9c7a81e6c102_shot_001_000,ssim,upper_face,0.96980143
18,0.898624,4452d828f84c6a2b2dee9c7a81e6c102_shot_001_000,ssim,full,0.93955767
18,0.898624,4452d828f84c6a2b2dee9c7a81e6c102_shot_001_000,lpips,mouth,0.07910218
18,0.898624,4452d828f84c6a2b2dee9c7a81e6c102_shot_001_000,lpips,full,0.05269288
18,0.898624,4452d828f84c6a2b2dee9c7a81e6c102_shot_001_000,sharpness,mouth,18.2662
18,0.898624,4452d828f84c6a2b2dee9c7a81e6c102_shot_001_000,lmd,mouth,3.797136
18,0.898624,4452d828f84c6a2b2dee9c7a81e6c102_shot_001_000,sync_d,mouth,5.830648
18,0.898624,4452d828f84c6a2b2dee9c7a81e6c102_shot_001_000,sync_c,mouth,9.118361
19,0.890548,4452d828f84c6a2b2dee9c7a81e6c102_shot_001_000,pixel_mse,mouth,0.00331436
19,0.890548,4452d828f84c6a2b2dee9c7a81e6c102_shot_001_000,pixel_mse,upper_face,0.00011090
19,0.890548,4452d828f84c6a2b2dee9c7a81e6c102_shot_001_000,pixel_mse,full,0.00141470
19,0.890548,4452d828f84c6a2b2dee9c7a81e6c102_shot_001_000,ssim,mouth,0.89600939
19,0.890548,4452d828f84c6a2b2dee9c7a81e6c102_shot_001_000,ssim,upper_face,0.96991718
19,0.890548,4452d828f84c6a2b2dee9c7a81e6c102_shot_001_000,ssim,full,0.93983698
19,0.890548,4452d828f84c6a2b2dee9c7a81e6c102_shot_001_000,lpips,mouth,0.07840997
19,0.890548,4452d828f84c6a2b2dee9c7a81e6c102_shot_001_000,lpips,full,0.05230037
19,0.890548,4452d828f84c6a2b2dee9c7a81e6c102_shot_001_000,sharpness,mouth,17.9871
19,0.890548,4452d828f84c6a2b2dee9c7a81e6c102_shot_001_000,lmd,mouth,3.758029
19,0.890548,4452d828f84c6a2b2dee9c7a81e6c102_shot_001_000,sync_d,mouth,5.822916
19,0.890548,4452d828f84c6a2b2dee9c7a81e6c102_shot_001_000,sync_c,mouth,9.175403
20,0.882093,4452d828f84c6a2b2dee9c7a81e6c102_shot_001_000,pixel_mse,mouth,0.00325973
20,0.882093,4452d828f84c6a2b2dee9c7a81e6c102_shot_001_000,pixel_mse,upper_face,0.00011090
20,0.882093,4452d828f84c6a2b2dee9c7a81e6c102_shot_001_000,pixel_mse,full,0.00139247
20,0.882093,4452d828f84c6a2b2dee9c7a81e6c102_shot_001_000,ssim,mouth,0.89599752
20,0.882093,4452d828f84c6a2b2dee9c7a81e6c102_shot_001_000,ssim,upper_face,0.96999913
20,0.882093,4452d828f84c6a2b2dee9c7a81e6c102_shot_001_000,ssim,full,0.93988055
20,0.882093,4452d828f84c6a2b2dee9c7a81e6c102_shot_001_000,lpips,mouth,0.07809844
20,0.882093,4452d828f84c6a2b2dee9c7a81e6c102_shot_001_000,lpips,full,0.05197779
20,0.882093,4452d828f84c6a2b2dee9c7a81e6c102_shot_001_000,sharpness,mouth,18.1929
20,0.882093,4452d828f84c6a2b2dee9c7a81e6c102_shot_001_000,lmd,mouth,3.716321
20,0.882093,4452d828f84c6a2b2dee9c7a81e6c102_shot_001_000,sync_d,mouth,5.739402
20,0.882093,4452d828f84c6a2b2dee9c7a81e6c102_shot_001_000,sync_c,mouth,9.187821
21,0.873231,4452d828f84c6a2b2dee9c7a81e6c102_shot_001_000,pixel_mse,mouth,0.00316190
21,0.873231,4452d828f84c6a2b2dee9c7a81e6c102_shot_001_000,pixel_mse,upper_face,0.00010961
21,0.873231,4452d828f84c6a2b2dee9c7a81e6c102_shot_001_000,pixel_mse,full,0.00135189
21,0.873231,4452d828f84c6a2b2dee9c7a81e6c102_shot_001_000,ssim,mouth,0.89648652
21,0.873231,4452d828f84c6a2b2dee9c7a81e6c102_shot_001_000,ssim,upper_face,0.97012848
21,0.873231,4452d828f84c6a2b2dee9c7a81e6c102_shot_001_000,ssim,full,0.94015646
21,0.873231,4452d828f84c6a2b2dee9c7a81e6c102_shot_001_000,lpips,mouth,0.07704303
21,0.873231,4452d828f84c6a2b2dee9c7a81e6c102_shot_001_000,lpips,full,0.05140406
21,0.873231,4452d828f84c6a2b2dee9c7a81e6c102_shot_001_000,sharpness,mouth,18.1161
21,0.873231,4452d828f84c6a2b2dee9c7a81e6c102_shot_001_000,lmd,mouth,3.628086
21,0.873231,4452d828f84c6a2b2dee9c7a81e6c102_shot_001_000,sync_d,mouth,5.768933
21,0.873231,4452d828f84c6a2b2dee9c7a81e6c102_shot_001_000,sync_c,mouth,9.139282
22,0.863931,4452d828f84c6a2b2dee9c7a81e6c102_shot_001_000,pixel_mse,mouth,0.00310906
22,0.863931,4452d828f84c6a2b2dee9c7a81e6c102_shot_001_000,pixel_mse,upper_face,0.00010793
22,0.863931,4452d828f84c6a2b2dee9c7a81e6c102_shot_001_000,pixel_mse,full,0.00132938
22,0.863931,4452d828f84c6a2b2dee9c7a81e6c102_shot_001_000,ssim,mouth,0.89683115
22,0.863931,4452d828f84c6a2b2dee9c7a81e6c102_shot_001_000,ssim,upper_face,0.97024393
22,0.863931,4452d828f84c6a2b2dee9c7a81e6c102_shot_001_000,ssim,full,0.94036520
22,0.863931,4452d828f84c6a2b2dee9c7a81e6c102_shot_001_000,lpips,mouth,0.07640916
22,0.863931,4452d828f84c6a2b2dee9c7a81e6c102_shot_001_000,lpips,full,0.05093028
22,0.863931,4452d828f84c6a2b2dee9c7a81e6c102_shot_001_000,sharpness,mouth,17.9826
22,0.863931,4452d828f84c6a2b2dee9c7a81e6c102_shot_001_000,lmd,mouth,3.530467
22,0.863931,4452d828f84c6a2b2dee9c7a81e6c102_shot_001_000,sync_d,mouth,5.728366
22,0.863931,4452d828f84c6a2b2dee9c7a81e6c102_shot_001_000,sync_c,mouth,9.118008
23,0.854160,4452d828f84c6a2b2dee9c7a81e6c102_shot_001_000,pixel_mse,mouth,0.00304232
23,0.854160,4452d828f84c6a2b2dee9c7a81e6c102_shot_001_000,pixel_mse,upper_face,0.00010695
23,0.854160,4452d828f84c6a2b2dee9c7a81e6c102_shot_001_000,pixel_mse,full,0.00130164
23,0.854160,4452d828f84c6a2b2dee9c7a81e6c102_shot_001_000,ssim,mouth,0.89749193
23,0.854160,4452d828f84c6a2b2dee9c7a81e6c102_shot_001_000,ssim,upper_face,0.97029144
23,0.854160,4452d828f84c6a2b2dee9c7a81e6c102_shot_001_000,ssim,full,0.94066226
23,0.854160,4452d828f84c6a2b2dee9c7a81e6c102_shot_001_000,lpips,mouth,0.07596532
23,0.854160,4452d828f84c6a2b2dee9c7a81e6c102_shot_001_000,lpips,full,0.05070716
23,0.854160,4452d828f84c6a2b2dee9c7a81e6c102_shot_001_000,sharpness,mouth,18.0772
23,0.854160,4452d828f84c6a2b2dee9c7a81e6c102_shot_001_000,lmd,mouth,3.499513
23,0.854160,4452d828f84c6a2b2dee9c7a81e6c102_shot_001_000,sync_d,mouth,5.700345
23,0.854160,4452d828f84c6a2b2dee9c7a81e6c102_shot_001_000,sync_c,mouth,9.090690
24,0.843882,4452d828f84c6a2b2dee9c7a81e6c102_shot_001_000,pixel_mse,mouth,0.00302929
24,0.843882,4452d828f84c6a2b2dee9c7a81e6c102_shot_001_000,pixel_mse,upper_face,0.00010671
24,0.843882,4452d828f84c6a2b2dee9c7a81e6c102_shot_001_000,pixel_mse,full,0.00129619
24,0.843882,4452d828f84c6a2b2dee9c7a81e6c102_shot_001_000,ssim,mouth,0.89751059
24,0.843882,4452d828f84c6a2b2dee9c7a81e6c102_shot_001_000,ssim,upper_face,0.97035366
24,0.843882,4452d828f84c6a2b2dee9c7a81e6c102_shot_001_000,ssim,full,0.94070661
24,0.843882,4452d828f84c6a2b2dee9c7a81e6c102_shot_001_000,lpips,mouth,0.07568188
24,0.843882,4452d828f84c6a2b2dee9c7a81e6c102_shot_001_000,lpips,full,0.05062481
24,0.843882,4452d828f84c6a2b2dee9c7a81e6c102_shot_001_000,sharpness,mouth,18.0063
24,0.843882,4452d828f84c6a2b2dee9c7a81e6c102_shot_001_000,lmd,mouth,3.448167
24,0.843882,4452d828f84c6a2b2dee9c7a81e6c102_shot_001_000,sync_d,mouth,5.726070
24,0.843882,4452d828f84c6a2b2dee9c7a81e6c102_shot_001_000,sync_c,mouth,9.052540
25,0.833055,4452d828f84c6a2b2dee9c7a81e6c102_shot_001_000,pixel_mse,mouth,0.00293212
25,0.833055,4452d828f84c6a2b2dee9c7a81e6c102_shot_001_000,pixel_mse,upper_face,0.00010551
25,0.833055,4452d828f84c6a2b2dee9c7a81e6c102_shot_001_000,pixel_mse,full,0.00125593
25,0.833055,4452d828f84c6a2b2dee9c7a81e6c102_shot_001_000,ssim,mouth,0.89869785
25,0.833055,4452d828f84c6a2b2dee9c7a81e6c102_shot_001_000,ssim,upper_face,0.97053581
25,0.833055,4452d828f84c6a2b2dee9c7a81e6c102_shot_001_000,ssim,full,0.94129801
25,0.833055,4452d828f84c6a2b2dee9c7a81e6c102_shot_001_000,lpips,mouth,0.07468902
25,0.833055,4452d828f84c6a2b2dee9c7a81e6c102_shot_001_000,lpips,full,0.04987300
25,0.833055,4452d828f84c6a2b2dee9c7a81e6c102_shot_001_000,sharpness,mouth,17.9208
25,0.833055,4452d828f84c6a2b2dee9c7a81e6c102_shot_001_000,lmd,mouth,3.334324
25,0.833055,4452d828f84c6a2b2dee9c7a81e6c102_shot_001_000,sync_d,mouth,5.758782
25,0.833055,4452d828f84c6a2b2dee9c7a81e6c102_shot_001_000,sync_c,mouth,9.058653
26,0.821636,4452d828f84c6a2b2dee9c7a81e6c102_shot_001_000,pixel_mse,mouth,0.00289597
26,0.821636,4452d828f84c6a2b2dee9c7a81e6c102_shot_001_000,pixel_mse,upper_face,0.00010436
26,0.821636,4452d828f84c6a2b2dee9c7a81e6c102_shot_001_000,pixel_mse,full,0.00124054
26,0.821636,4452d828f84c6a2b2dee9c7a81e6c102_shot_001_000,ssim,mouth,0.89888376
26,0.821636,4452d828f84c6a2b2dee9c7a81e6c102_shot_001_000,ssim,upper_face,0.97064775
26,0.821636,4452d828f84c6a2b2dee9c7a81e6c102_shot_001_000,ssim,full,0.94144005
26,0.821636,4452d828f84c6a2b2dee9c7a81e6c102_shot_001_000,lpips,mouth,0.07474732
26,0.821636,4452d828f84c6a2b2dee9c7a81e6c102_shot_001_000,lpips,full,0.04992840
26,0.821636,4452d828f84c6a2b2dee9c7a81e6c102_shot_001_000,sharpness,mouth,17.9653
26,0.821636,4452d828f84c6a2b2dee9c7a81e6c102_shot_001_000,lmd,mouth,3.351888
26,0.821636,4452d828f84c6a2b2dee9c7a81e6c102_shot_001_000,sync_d,mouth,5.768239
26,0.821636,4452d828f84c6a2b2dee9c7a81e6c102_shot_001_000,sync_c,mouth,8.991281
27,0.809574,4452d828f84c6a2b2dee9c7a81e6c102_shot_001_000,pixel_mse,mouth,0.00286855
27,0.809574,4452d828f84c6a2b2dee9c7a81e6c102_shot_001_000,pixel_mse,upper_face,0.00010287
27,0.809574,4452d828f84c6a2b2dee9c7a81e6c102_shot_001_000,pixel_mse,full,0.00122850
27,0.809574,4452d828f84c6a2b2dee9c7a81e6c102_shot_001_000,ssim,mouth,0.89902854
27,0.809574,4452d828f84c6a2b2dee9c7a81e6c102_shot_001_000,ssim,upper_face,0.97079259
27,0.809574,4452d828f84c6a2b2dee9c7a81e6c102_shot_001_000,ssim,full,0.94158477
27,0.809574,4452d828f84c6a2b2dee9c7a81e6c102_shot_001_000,lpips,mouth,0.07449888
27,0.809574,4452d828f84c6a2b2dee9c7a81e6c102_shot_001_000,lpips,full,0.04971122
27,0.809574,4452d828f84c6a2b2dee9c7a81e6c102_shot_001_000,sharpness,mouth,17.9099
27,0.809574,4452d828f84c6a2b2dee9c7a81e6c102_shot_001_000,lmd,mouth,3.322896
27,0.809574,4452d828f84c6a2b2dee9c7a81e6c102_shot_001_000,sync_d,mouth,5.666671
27,0.809574,4452d828f84c6a2b2dee9c7a81e6c102_shot_001_000,sync_c,mouth,9.015087
28,0.796812,4452d828f84c6a2b2dee9c7a81e6c102_shot_001_000,pixel_mse,mouth,0.00282877
28,0.796812,4452d828f84c6a2b2dee9c7a81e6c102_shot_001_000,pixel_mse,upper_face,0.00010284
28,0.796812,4452d828f84c6a2b2dee9c7a81e6c102_shot_001_000,pixel_mse,full,0.00121229
28,0.796812,4452d828f84c6a2b2dee9c7a81e6c102_shot_001_000,ssim,mouth,0.89919233
28,0.796812,4452d828f84c6a2b2dee9c7a81e6c102_shot_001_000,ssim,upper_face,0.97081381
28,0.796812,4452d828f84c6a2b2dee9c7a81e6c102_shot_001_000,ssim,full,0.94166416
28,0.796812,4452d828f84c6a2b2dee9c7a81e6c102_shot_001_000,lpips,mouth,0.07425728
28,0.796812,4452d828f84c6a2b2dee9c7a81e6c102_shot_001_000,lpips,full,0.04942541
28,0.796812,4452d828f84c6a2b2dee9c7a81e6c102_shot_001_000,sharpness,mouth,18.0496
28,0.796812,4452d828f84c6a2b2dee9c7a81e6c102_shot_001_000,lmd,mouth,3.310896
28,0.796812,4452d828f84c6a2b2dee9c7a81e6c102_shot_001_000,sync_d,mouth,5.796447
28,0.796812,4452d828f84c6a2b2dee9c7a81e6c102_shot_001_000,sync_c,mouth,8.993312
29,0.783290,4452d828f84c6a2b2dee9c7a81e6c102_shot_001_000,pixel_mse,mouth,0.00280420
29,0.783290,4452d828f84c6a2b2dee9c7a81e6c102_shot_001_000,pixel_mse,upper_face,0.00010170
29,0.783290,4452d828f84c6a2b2dee9c7a81e6c102_shot_001_000,pixel_mse,full,0.00120161
29,0.783290,4452d828f84c6a2b2dee9c7a81e6c102_shot_001_000,ssim,mouth,0.89936501
29,0.783290,4452d828f84c6a2b2dee9c7a81e6c102_shot_001_000,ssim,upper_face,0.97096676
29,0.783290,4452d828f84c6a2b2dee9c7a81e6c102_shot_001_000,ssim,full,0.94182491
29,0.783290,4452d828f84c6a2b2dee9c7a81e6c102_shot_001_000,lpips,mouth,0.07448971
29,0.783290,4452d828f84c6a2b2dee9c7a81e6c102_shot_001_000,lpips,full,0.04956179
29,0.783290,4452d828f84c6a2b2dee9c7a81e6c102_shot_001_000,sharpness,mouth,18.1936
29,0.783290,4452d828f84c6a2b2dee9c7a81e6c102_shot_001_000,lmd,mouth,3.337818
29,0.783290,4452d828f84c6a2b2dee9c7a81e6c102_shot_001_000,sync_d,mouth,5.825008
29,0.783290,4452d828f84c6a2b2dee9c7a81e6c102_shot_001_000,sync_c,mouth,8.956684
30,0.768935,4452d828f84c6a2b2dee9c7a81e6c102_shot_001_000,pixel_mse,mouth,0.00280722
30,0.768935,4452d828f84c6a2b2dee9c7a81e6c102_shot_001_000,pixel_mse,upper_face,0.00010134
30,0.768935,4452d828f84c6a2b2dee9c7a81e6c102_shot_001_000,pixel_mse,full,0.00120263
30,0.768935,4452d828f84c6a2b2dee9c7a81e6c102_shot_001_000,ssim,mouth,0.89936811
30,0.768935,4452d828f84c6a2b2dee9c7a81e6c102_shot_001_000,ssim,upper_face,0.97099560
30,0.768935,4452d828f84c6a2b2dee9c7a81e6c102_shot_001_000,ssim,full,0.94184339
30,0.768935,4452d828f84c6a2b2dee9c7a81e6c102_shot_001_000,lpips,mouth,0.07473188
30,0.768935,4452d828f84c6a2b2dee9c7a81e6c102_shot_001_000,lpips,full,0.04953229
30,0.768935,4452d828f84c6a2b2dee9c7a81e6c102_shot_001_000,sharpness,mouth,18.2368
30,0.768935,4452d828f84c6a2b2dee9c7a81e6c102_shot_001_000,lmd,mouth,3.397946
30,0.768935,4452d828f84c6a2b2dee9c7a81e6c102_shot_001_000,sync_d,mouth,5.795557
30,0.768935,4452d828f84c6a2b2dee9c7a81e6c102_shot_001_000,sync_c,mouth,9.003801
31,0.753669,4452d828f84c6a2b2dee9c7a81e6c102_shot_001_000,pixel_mse,mouth,0.00280291
31,0.753669,4452d828f84c6a2b2dee9c7a81e6c102_shot_001_000,pixel_mse,upper_face,0.00009990
31,0.753669,4452d828f84c6a2b2dee9c7a81e6c102_shot_001_000,pixel_mse,full,0.00120002
31,0.753669,4452d828f84c6a2b2dee9c7a81e6c102_shot_001_000,ssim,mouth,0.89916098
31,0.753669,4452d828f84c6a2b2dee9c7a81e6c102_shot_001_000,ssim,upper_face,0.97118622
31,0.753669,4452d828f84c6a2b2dee9c7a81e6c102_shot_001_000,ssim,full,0.94187218
31,0.753669,4452d828f84c6a2b2dee9c7a81e6c102_shot_001_000,lpips,mouth,0.07492400
31,0.753669,4452d828f84c6a2b2dee9c7a81e6c102_shot_001_000,lpips,full,0.04963206
31,0.753669,4452d828f84c6a2b2dee9c7a81e6c102_shot_001_000,sharpness,mouth,18.2447
31,0.753669,4452d828f84c6a2b2dee9c7a81e6c102_shot_001_000,lmd,mouth,3.325356
31,0.753669,4452d828f84c6a2b2dee9c7a81e6c102_shot_001_000,sync_d,mouth,5.911421
31,0.753669,4452d828f84c6a2b2dee9c7a81e6c102_shot_001_000,sync_c,mouth,9.049464
32,0.737402,4452d828f84c6a2b2dee9c7a81e6c102_shot_001_000,pixel_mse,mouth,0.00279964
32,0.737402,4452d828f84c6a2b2dee9c7a81e6c102_shot_001_000,pixel_mse,upper_face,0.00009963
32,0.737402,4452d828f84c6a2b2dee9c7a81e6c102_shot_001_000,pixel_mse,full,0.00119852
32,0.737402,4452d828f84c6a2b2dee9c7a81e6c102_shot_001_000,ssim,mouth,0.89875633
32,0.737402,4452d828f84c6a2b2dee9c7a81e6c102_shot_001_000,ssim,upper_face,0.97123510
32,0.737402,4452d828f84c6a2b2dee9c7a81e6c102_shot_001_000,ssim,full,0.94173646
32,0.737402,4452d828f84c6a2b2dee9c7a81e6c102_shot_001_000,lpips,mouth,0.07521672
32,0.737402,4452d828f84c6a2b2dee9c7a81e6c102_shot_001_000,lpips,full,0.04970628
32,0.737402,4452d828f84c6a2b2dee9c7a81e6c102_shot_001_000,sharpness,mouth,18.0301
32,0.737402,4452d828f84c6a2b2dee9c7a81e6c102_shot_001_000,lmd,mouth,3.395085
32,0.737402,4452d828f84c6a2b2dee9c7a81e6c102_shot_001_000,sync_d,mouth,5.958152
32,0.737402,4452d828f84c6a2b2dee9c7a81e6c102_shot_001_000,sync_c,mouth,8.950651
33,0.720034,4452d828f84c6a2b2dee9c7a81e6c102_shot_001_000,pixel_mse,mouth,0.00281536
33,0.720034,4452d828f84c6a2b2dee9c7a81e6c102_shot_001_000,pixel_mse,upper_face,0.00009908
33,0.720034,4452d828f84c6a2b2dee9c7a81e6c102_shot_001_000,pixel_mse,full,0.00120460
33,0.720034,4452d828f84c6a2b2dee9c7a81e6c102_shot_001_000,ssim,mouth,0.89852113
33,0.720034,4452d828f84c6a2b2dee9c7a81e6c102_shot_001_000,ssim,upper_face,0.97138619
33,0.720034,4452d828f84c6a2b2dee9c7a81e6c102_shot_001_000,ssim,full,0.94173038
33,0.720034,4452d828f84c6a2b2dee9c7a81e6c102_shot_001_000,lpips,mouth,0.07539552
33,0.720034,4452d828f84c6a2b2dee9c7a81e6c102_shot_001_000,lpips,full,0.04996418
33,0.720034,4452d828f84c6a2b2dee9c7a81e6c102_shot_001_000,sharpness,mouth,18.0146
33,0.720034,4452d828f84c6a2b2dee9c7a81e6c102_shot_001_000,lmd,mouth,3.411618
33,0.720034,4452d828f84c6a2b2dee9c7a81e6c102_shot_001_000,sync_d,mouth,5.957846
33,0.720034,4452d828f84c6a2b2dee9c7a81e6c102_shot_001_000,sync_c,mouth,9.036348
34,0.701446,4452d828f84c6a2b2dee9c7a81e6c102_shot_001_000,pixel_mse,mouth,0.00282682
34,0.701446,4452d828f84c6a2b2dee9c7a81e6c102_shot_001_000,pixel_mse,upper_face,0.00009798
34,0.701446,4452d828f84c6a2b2dee9c7a81e6c102_shot_001_000,pixel_mse,full,0.00120861
34,0.701446,4452d828f84c6a2b2dee9c7a81e6c102_shot_001_000,ssim,mouth,0.89820927
34,0.701446,4452d828f84c6a2b2dee9c7a81e6c102_shot_001_000,ssim,upper_face,0.97145742
34,0.701446,4452d828f84c6a2b2dee9c7a81e6c102_shot_001_000,ssim,full,0.94164556
34,0.701446,4452d828f84c6a2b2dee9c7a81e6c102_shot_001_000,lpips,mouth,0.07565827
34,0.701446,4452d828f84c6a2b2dee9c7a81e6c102_shot_001_000,lpips,full,0.04992876
34,0.701446,4452d828f84c6a2b2dee9c7a81e6c102_shot_001_000,sharpness,mouth,17.9543
34,0.701446,4452d828f84c6a2b2dee9c7a81e6c102_shot_001_000,lmd,mouth,3.409124
34,0.701446,4452d828f84c6a2b2dee9c7a81e6c102_shot_001_000,sync_d,mouth,6.060504
34,0.701446,4452d828f84c6a2b2dee9c7a81e6c102_shot_001_000,sync_c,mouth,9.017296
35,0.681508,4452d828f84c6a2b2dee9c7a81e6c102_shot_001_000,pixel_mse,mouth,0.00283248
35,0.681508,4452d828f84c6a2b2dee9c7a81e6c102_shot_001_000,pixel_mse,upper_face,0.00009767
35,0.681508,4452d828f84c6a2b2dee9c7a81e6c102_shot_001_000,pixel_mse,full,0.00121073
35,0.681508,4452d828f84c6a2b2dee9c7a81e6c102_shot_001_000,ssim,mouth,0.89793313
35,0.681508,4452d828f84c6a2b2dee9c7a81e6c102_shot_001_000,ssim,upper_face,0.97157335
35,0.681508,4452d828f84c6a2b2dee9c7a81e6c102_shot_001_000,ssim,full,0.94160187
35,0.681508,4452d828f84c6a2b2dee9c7a81e6c102_shot_001_000,lpips,mouth,0.07582712
35,0.681508,4452d828f84c6a2b2dee9c7a81e6c102_shot_001_000,lpips,full,0.04998423
35,0.681508,4452d828f84c6a2b2dee9c7a81e6c102_shot_001_000,sharpness,mouth,18.0589
35,0.681508,4452d828f84c6a2b2dee9c7a81e6c102_shot_001_000,lmd,mouth,3.428319
35,0.681508,4452d828f84c6a2b2dee9c7a81e6c102_shot_001_000,sync_d,mouth,6.074098
35,0.681508,4452d828f84c6a2b2dee9c7a81e6c102_shot_001_000,sync_c,mouth,8.928947
36,0.660066,4452d828f84c6a2b2dee9c7a81e6c102_shot_001_000,pixel_mse,mouth,0.00285488
36,0.660066,4452d828f84c6a2b2dee9c7a81e6c102_shot_001_000,pixel_mse,upper_face,0.00009682
36,0.660066,4452d828f84c6a2b2dee9c7a81e6c102_shot_001_000,pixel_mse,full,0.00121934
36,0.660066,4452d828f84c6a2b2dee9c7a81e6c102_shot_001_000,ssim,mouth,0.89780718
36,0.660066,4452d828f84c6a2b2dee9c7a81e6c102_shot_001_000,ssim,upper_face,0.97168517
36,0.660066,4452d828f84c6a2b2dee9c7a81e6c102_shot_001_000,ssim,full,0.94161707
36,0.660066,4452d828f84c6a2b2dee9c7a81e6c102_shot_001_000,lpips,mouth,0.07560207
36,0.660066,4452d828f84c6a2b2dee9c7a81e6c102_shot_001_000,lpips,full,0.04983405
36,0.660066,4452d828f84c6a2b2dee9c7a81e6c102_shot_001_000,sharpness,mouth,18.0219
36,0.660066,4452d828f84c6a2b2dee9c7a81e6c102_shot_001_000,lmd,mouth,3.483677
36,0.660066,4452d828f84c6a2b2dee9c7a81e6c102_shot_001_000,sync_d,mouth,6.056096
36,0.660066,4452d828f84c6a2b2dee9c7a81e6c102_shot_001_000,sync_c,mouth,8.918494
37,0.636942,4452d828f84c6a2b2dee9c7a81e6c102_shot_001_000,pixel_mse,mouth,0.00289350
37,0.636942,4452d828f84c6a2b2dee9c7a81e6c102_shot_001_000,pixel_mse,upper_face,0.00009670
37,0.636942,4452d828f84c6a2b2dee9c7a81e6c102_shot_001_000,pixel_mse,full,0.00123499
37,0.636942,4452d828f84c6a2b2dee9c7a81e6c102_shot_001_000,ssim,mouth,0.89733613
37,0.636942,4452d828f84c6a2b2dee9c7a81e6c102_shot_001_000,ssim,upper_face,0.97180921
37,0.636942,4452d828f84c6a2b2dee9c7a81e6c102_shot_001_000,ssim,full,0.94149882
37,0.636942,4452d828f84c6a2b2dee9c7a81e6c102_shot_001_000,lpips,mouth,0.07654937
37,0.636942,4452d828f84c6a2b2dee9c7a81e6c102_shot_001_000,lpips,full,0.05026939
37,0.636942,4452d828f84c6a2b2dee9c7a81e6c102_shot_001_000,sharpness,mouth,18.0182
37,0.636942,4452d828f84c6a2b2dee9c7a81e6c102_shot_001_000,lmd,mouth,3.470879
37,0.636942,4452d828f84c6a2b2dee9c7a81e6c102_shot_001_000,sync_d,mouth,6.041393
37,0.636942,4452d828f84c6a2b2dee9c7a81e6c102_shot_001_000,sync_c,mouth,8.934734
38,0.611932,4452d828f84c6a2b2dee9c7a81e6c102_shot_001_000,pixel_mse,mouth,0.00289464
38,0.611932,4452d828f84c6a2b2dee9c7a81e6c102_shot_001_000,pixel_mse,upper_face,0.00009553
38,0.611932,4452d828f84c6a2b2dee9c7a81e6c102_shot_001_000,pixel_mse,full,0.00123476
38,0.611932,4452d828f84c6a2b2dee9c7a81e6c102_shot_001_000,ssim,mouth,0.89725214
38,0.611932,4452d828f84c6a2b2dee9c7a81e6c102_shot_001_000,ssim,upper_face,0.97190058
38,0.611932,4452d828f84c6a2b2dee9c7a81e6c102_shot_001_000,ssim,full,0.94151878
38,0.611932,4452d828f84c6a2b2dee9c7a81e6c102_shot_001_000,lpips,mouth,0.07667471
38,0.611932,4452d828f84c6a2b2dee9c7a81e6c102_shot_001_000,lpips,full,0.05031533
38,0.611932,4452d828f84c6a2b2dee9c7a81e6c102_shot_001_000,sharpness,mouth,18.2368
38,0.611932,4452d828f84c6a2b2dee9c7a81e6c102_shot_001_000,lmd,mouth,3.495293
38,0.611932,4452d828f84c6a2b2dee9c7a81e6c102_shot_001_000,sync_d,mouth,6.133485
38,0.611932,4452d828f84c6a2b2dee9c7a81e6c102_shot_001_000,sync_c,mouth,8.831955
39,0.584795,4452d828f84c6a2b2dee9c7a81e6c102_shot_001_000,pixel_mse,mouth,0.00291809
39,0.584795,4452d828f84c6a2b2dee9c7a81e6c102_shot_001_000,pixel_mse,upper_face,0.00009443
39,0.584795,4452d828f84c6a2b2dee9c7a81e6c102_shot_001_000,pixel_mse,full,0.00124366
39,0.584795,4452d828f84c6a2b2dee9c7a81e6c102_shot_001_000,ssim,mouth,0.89671230
39,0.584795,4452d828f84c6a2b2dee9c7a81e6c102_shot_001_000,ssim,upper_face,0.97205204
39,0.584795,4452d828f84c6a2b2dee9c7a81e6c102_shot_001_000,ssim,full,0.94138891
39,0.584795,4452d828f84c6a2b2dee9c7a81e6c102_shot_001_000,lpips,mouth,0.07706995
39,0.584795,4452d828f84c6a2b2dee9c7a81e6c102_shot_001_000,lpips,full,0.05048602
39,0.584795,4452d828f84c6a2b2dee9c7a81e6c102_shot_001_000,sharpness,mouth,18.1387
39,0.584795,4452d828f84c6a2b2dee9c7a81e6c102_shot_001_000,lmd,mouth,3.469194
39,0.584795,4452d828f84c6a2b2dee9c7a81e6c102_shot_001_000,sync_d,mouth,6.178547
39,0.584795,4452d828f84c6a2b2dee9c7a81e6c102_shot_001_000,sync_c,mouth,8.920898
40,0.555247,4452d828f84c6a2b2dee9c7a81e6c102_shot_001_000,pixel_mse,mouth,0.00295420
40,0.555247,4452d828f84c6a2b2dee9c7a81e6c102_shot_001_000,pixel_mse,upper_face,0.00009451
40,0.555247,4452d828f84c6a2b2dee9c7a81e6c102_shot_001_000,pixel_mse,full,0.00125840
40,0.555247,4452d828f84c6a2b2dee9c7a81e6c102_shot_001_000,ssim,mouth,0.89583486
40,0.555247,4452d828f84c6a2b2dee9c7a81e6c102_shot_001_000,ssim,upper_face,0.97210836
40,0.555247,4452d828f84c6a2b2dee9c7a81e6c102_shot_001_000,ssim,full,0.94106507
40,0.555247,4452d828f84c6a2b2dee9c7a81e6c102_shot_001_000,lpips,mouth,0.07758529
40,0.555247,4452d828f84c6a2b2dee9c7a81e6c102_shot_001_000,lpips,full,0.05074384
40,0.555247,4452d828f84c6a2b2dee9c7a81e6c102_shot_001_000,sharpness,mouth,17.6934
40,0.555247,4452d828f84c6a2b2dee9c7a81e6c102_shot_001_000,lmd,mouth,3.474579
40,0.555247,4452d828f84c6a2b2dee9c7a81e6c102_shot_001_000,sync_d,mouth,6.161095
40,0.555247,4452d828f84c6a2b2dee9c7a81e6c102_shot_001_000,sync_c,mouth,8.902597
41,0.522951,4452d828f84c6a2b2dee9c7a81e6c102_shot_001_000,pixel_mse,mouth,0.00298843
41,0.522951,4452d828f84c6a2b2dee9c7a81e6c102_shot_001_000,pixel_mse,upper_face,0.00009407
41,0.522951,4452d828f84c6a2b2dee9c7a81e6c102_shot_001_000,pixel_mse,full,0.00127206
41,0.522951,4452d828f84c6a2b2dee9c7a81e6c102_shot_001_000,ssim,mouth,0.89504844
41,0.522951,4452d828f84c6a2b2dee9c7a81e6c102_shot_001_000,ssim,upper_face,0.97220546
41,0.522951,4452d828f84c6a2b2dee9c7a81e6c102_shot_001_000,ssim,full,0.94080269
41,0.522951,4452d828f84c6a2b2dee9c7a81e6c102_shot_001_000,lpips,mouth,0.07774718
41,0.522951,4452d828f84c6a2b2dee9c7a81e6c102_shot_001_000,lpips,full,0.05088080
41,0.522951,4452d828f84c6a2b2dee9c7a81e6c102_shot_001_000,sharpness,mouth,18.0300
41,0.522951,4452d828f84c6a2b2dee9c7a81e6c102_shot_001_000,lmd,mouth,3.559044
41,0.522951,4452d828f84c6a2b2dee9c7a81e6c102_shot_001_000,sync_d,mouth,6.247501
41,0.522951,4452d828f84c6a2b2dee9c7a81e6c102_shot_001_000,sync_c,mouth,8.775596
42,0.487507,4452d828f84c6a2b2dee9c7a81e6c102_shot_001_000,pixel_mse,mouth,0.00301920
42,0.487507,4452d828f84c6a2b2dee9c7a81e6c102_shot_001_000,pixel_mse,upper_face,0.00009366
42,0.487507,4452d828f84c6a2b2dee9c7a81e6c102_shot_001_000,pixel_mse,full,0.00128435
42,0.487507,4452d828f84c6a2b2dee9c7a81e6c102_shot_001_000,ssim,mouth,0.89428777
42,0.487507,4452d828f84c6a2b2dee9c7a81e6c102_shot_001_000,ssim,upper_face,0.97226912
42,0.487507,4452d828f84c6a2b2dee9c7a81e6c102_shot_001_000,ssim,full,0.94053084
42,0.487507,4452d828f84c6a2b2dee9c7a81e6c102_shot_001_000,lpips,mouth,0.07842464
42,0.487507,4452d828f84c6a2b2dee9c7a81e6c102_shot_001_000,lpips,full,0.05123139
42,0.487507,4452d828f84c6a2b2dee9c7a81e6c102_shot_001_000,sharpness,mouth,17.5542
42,0.487507,4452d828f84c6a2b2dee9c7a81e6c102_shot_001_000,lmd,mouth,3.528762
42,0.487507,4452d828f84c6a2b2dee9c7a81e6c102_shot_001_000,sync_d,mouth,6.224802
42,0.487507,4452d828f84c6a2b2dee9c7a81e6c102_shot_001_000,sync_c,mouth,8.875490
43,0.448430,4452d828f84c6a2b2dee9c7a81e6c102_shot_001_000,pixel_mse,mouth,0.00305558
43,0.448430,4452d828f84c6a2b2dee9c7a81e6c102_shot_001_000,pixel_mse,upper_face,0.00009320
43,0.448430,4452d828f84c6a2b2dee9c7a81e6c102_shot_001_000,pixel_mse,full,0.00129889
43,0.448430,4452d828f84c6a2b2dee9c7a81e6c102_shot_001_000,ssim,mouth,0.89329678
43,0.448430,4452d828f84c6a2b2dee9c7a81e6c102_shot_001_000,ssim,upper_face,0.97244120
43,0.448430,4452d828f84c6a2b2dee9c7a81e6c102_shot_001_000,ssim,full,0.94022965
43,0.448430,4452d828f84c6a2b2dee9c7a81e6c102_shot_001_000,lpips,mouth,0.07868450
43,0.448430,4452d828f84c6a2b2dee9c7a81e6c102_shot_001_000,lpips,full,0.05131359
43,0.448430,4452d828f84c6a2b2dee9c7a81e6c102_shot_001_000,sharpness,mouth,17.5949
43,0.448430,4452d828f84c6a2b2dee9c7a81e6c102_shot_001_000,lmd,mouth,3.561342
43,0.448430,4452d828f84c6a2b2dee9c7a81e6c102_shot_001_000,sync_d,mouth,6.329807
43,0.448430,4452d828f84c6a2b2dee9c7a81e6c102_shot_001_000,sync_c,mouth,8.754965
44,0.405131,4452d828f84c6a2b2dee9c7a81e6c102_shot_001_000,pixel_mse,mouth,0.00308053
44,0.405131,4452d828f84c6a2b2dee9c7a81e6c102_shot_001_000,pixel_mse,upper_face,0.00009291
44,0.405131,4452d828f84c6a2b2dee9c7a81e6c102_shot_001_000,pixel_mse,full,0.00130886
44,0.405131,4452d828f84c6a2b2dee9c7a81e6c102_shot_001_000,ssim,mouth,0.89232898
44,0.405131,4452d828f84c6a2b2dee9c7a81e6c102_shot_001_000,ssim,upper_face,0.97242320
44,0.405131,4452d828f84c6a2b2dee9c7a81e6c102_shot_001_000,ssim,full,0.93982518
44,0.405131,4452d828f84c6a2b2dee9c7a81e6c102_shot_001_000,lpips,mouth,0.07881889
44,0.405131,4452d828f84c6a2b2dee9c7a81e6c102_shot_001_000,lpips,full,0.05153721
44,0.405131,4452d828f84c6a2b2dee9c7a81e6c102_shot_001_000,sharpness,mouth,17.7303
44,0.405131,4452d828f84c6a2b2dee9c7a81e6c102_shot_001_000,lmd,mouth,3.530649
44,0.405131,4452d828f84c6a2b2dee9c7a81e6c102_shot_001_000,sync_d,mouth,6.277755
44,0.405131,4452d828f84c6a2b2dee9c7a81e6c102_shot_001_000,sync_c,mouth,8.759000
45,0.356888,4452d828f84c6a2b2dee9c7a81e6c102_shot_001_000,pixel_mse,mouth,0.00311179
45,0.356888,4452d828f84c6a2b2dee9c7a81e6c102_shot_001_000,pixel_mse,upper_face,0.00009301
45,0.356888,4452d828f84c6a2b2dee9c7a81e6c102_shot_001_000,pixel_mse,full,0.00132165
45,0.356888,4452d828f84c6a2b2dee9c7a81e6c102_shot_001_000,ssim,mouth,0.89142853
45,0.356888,4452d828f84c6a2b2dee9c7a81e6c102_shot_001_000,ssim,upper_face,0.97256857
45,0.356888,4452d828f84c6a2b2dee9c7a81e6c102_shot_001_000,ssim,full,0.93954480
45,0.356888,4452d828f84c6a2b2dee9c7a81e6c102_shot_001_000,lpips,mouth,0.07959647
45,0.356888,4452d828f84c6a2b2dee9c7a81e6c102_shot_001_000,lpips,full,0.05186347
45,0.356888,4452d828f84c6a2b2dee9c7a81e6c102_shot_001_000,sharpness,mouth,17.8050
45,0.356888,4452d828f84c6a2b2dee9c7a81e6c102_shot_001_000,lmd,mouth,3.514485
45,0.356888,4452d828f84c6a2b2dee9c7a81e6c102_shot_001_000,sync_d,mouth,6.253222
45,0.356888,4452d828f84c6a2b2dee9c7a81e6c102_shot_001_000,sync_c,mouth,8.817953
46,0.302801,4452d828f84c6a2b2dee9c7a81e6c102_shot_001_000,pixel_mse,mouth,0.00314461
46,0.302801,4452d828f84c6a2b2dee9c7a81e6c102_shot_001_000,pixel_mse,upper_face,0.00009285
46,0.302801,4452d828f84c6a2b2dee9c7a81e6c102_shot_001_000,pixel_mse,full,0.00133491
46,0.302801,4452d828f84c6a2b2dee9c7a81e6c102_shot_001_000,ssim,mouth,0.89018196
46,0.302801,4452d828f84c6a2b2dee9c7a81e6c102_shot_001_000,ssim,upper_face,0.97261894
46,0.302801,4452d828f84c6a2b2dee9c7a81e6c102_shot_001_000,ssim,full,0.93906724
46,0.302801,4452d828f84c6a2b2dee9c7a81e6c102_shot_001_000,lpips,mouth,0.08014937
46,0.302801,4452d828f84c6a2b2dee9c7a81e6c102_shot_001_000,lpips,full,0.05224346
46,0.302801,4452d828f84c6a2b2dee9c7a81e6c102_shot_001_000,sharpness,mouth,17.8076
46,0.302801,4452d828f84c6a2b2dee9c7a81e6c102_shot_001_000,lmd,mouth,3.539185
46,0.302801,4452d828f84c6a2b2dee9c7a81e6c102_shot_001_000,sync_d,mouth,6.361971
46,0.302801,4452d828f84c6a2b2dee9c7a81e6c102_shot_001_000,sync_c,mouth,8.715174
47,0.241740,4452d828f84c6a2b2dee9c7a81e6c102_shot_001_000,pixel_mse,mouth,0.00317996
47,0.241740,4452d828f84c6a2b2dee9c7a81e6c102_shot_001_000,pixel_mse,upper_face,0.00009298
47,0.241740,4452d828f84c6a2b2dee9c7a81e6c102_shot_001_000,pixel_mse,full,0.00134937
47,0.241740,4452d828f84c6a2b2dee9c7a81e6c102_shot_001_000,ssim,mouth,0.88869464
47,0.241740,4452d828f84c6a2b2dee9c7a81e6c102_shot_001_000,ssim,upper_face,0.97265822
47,0.241740,4452d828f84c6a2b2dee9c7a81e6c102_shot_001_000,ssim,full,0.93848532
47,0.241740,4452d828f84c6a2b2dee9c7a81e6c102_shot_001_000,lpips,mouth,0.08070911
47,0.241740,4452d828f84c6a2b2dee9c7a81e6c102_shot_001_000,lpips,full,0.05258954
47,0.241740,4452d828f84c6a2b2dee9c7a81e6c102_shot_001_000,sharpness,mouth,17.8148
47,0.241740,4452d828f84c6a2b2dee9c7a81e6c102_shot_001_000,lmd,mouth,3.520256
47,0.241740,4452d828f84c6a2b2dee9c7a81e6c102_shot_001_000,sync_d,mouth,6.372190
47,0.241740,4452d828f84c6a2b2dee9c7a81e6c102_shot_001_000,sync_c,mouth,8.722824
48,0.172265,4452d828f84c6a2b2dee9c7a81e6c102_shot_001_000,pixel_mse,mouth,0.00321736
48,0.172265,4452d828f84c6a2b2dee9c7a81e6c102_shot_001_000,pixel_mse,upper_face,0.00009418
48,0.172265,4452d828f84c6a2b2dee9c7a81e6c102_shot_001_000,pixel_mse,full,0.00136530
48,0.172265,4452d828f84c6a2b2dee9c7a81e6c102_shot_001_000,ssim,mouth,0.88704777
48,0.172265,4452d828f84c6a2b2dee9c7a81e6c102_shot_001_000,ssim,upper_face,0.97255433
48,0.172265,4452d828f84c6a2b2dee9c7a81e6c102_shot_001_000,ssim,full,0.93775338
48,0.172265,4452d828f84c6a2b2dee9c7a81e6c102_shot_001_000,lpips,mouth,0.08154735
48,0.172265,4452d828f84c6a2b2dee9c7a81e6c102_shot_001_000,lpips,full,0.05301826
48,0.172265,4452d828f84c6a2b2dee9c7a81e6c102_shot_001_000,sharpness,mouth,17.8152
48,0.172265,4452d828f84c6a2b2dee9c7a81e6c102_shot_001_000,lmd,mouth,3.550049
48,0.172265,4452d828f84c6a2b2dee9c7a81e6c102_shot_001_000,sync_d,mouth,6.319076
48,0.172265,4452d828f84c6a2b2dee9c7a81e6c102_shot_001_000,sync_c,mouth,8.714217
49,0.092507,4452d828f84c6a2b2dee9c7a81e6c102_shot_001_000,pixel_mse,mouth,0.00325343
49,0.092507,4452d828f84c6a2b2dee9c7a81e6c102_shot_001_000,pixel_mse,upper_face,0.00009673
49,0.092507,4452d828f84c6a2b2dee9c7a81e6c102_shot_001_000,pixel_mse,full,0.00138150
49,0.092507,4452d828f84c6a2b2dee9c7a81e6c102_shot_001_000,ssim,mouth,0.88530004
49,0.092507,4452d828f84c6a2b2dee9c7a81e6c102_shot_001_000,ssim,upper_face,0.97232723
49,0.092507,4452d828f84c6a2b2dee9c7a81e6c102_shot_001_000,ssim,full,0.93690735
49,0.092507,4452d828f84c6a2b2dee9c7a81e6c102_shot_001_000,lpips,mouth,0.08207870
49,0.092507,4452d828f84c6a2b2dee9c7a81e6c102_shot_001_000,lpips,full,0.05337209
49,0.092507,4452d828f84c6a2b2dee9c7a81e6c102_shot_001_000,sharpness,mouth,17.7977
49,0.092507,4452d828f84c6a2b2dee9c7a81e6c102_shot_001_000,lmd,mouth,3.573219
49,0.092507,4452d828f84c6a2b2dee9c7a81e6c102_shot_001_000,sync_d,mouth,6.349805
49,0.092507,4452d828f84c6a2b2dee9c7a81e6c102_shot_001_000,sync_c,mouth,8.766348
-1,gt,4d5b044b30051de4f0a6b2dc419ea9ca_shot_001_000,sharpness,mouth,7.9307
-1,gt,4d5b044b30051de4f0a6b2dc419ea9ca_shot_001_000,sync_d,mouth,7.678581
-1,gt,4d5b044b30051de4f0a6b2dc419ea9ca_shot_001_000,sync_c,mouth,6.312716
0,0.999000,4d5b044b30051de4f0a6b2dc419ea9ca_shot_001_000,pixel_mse,mouth,0.00320031
0,0.999000,4d5b044b30051de4f0a6b2dc419ea9ca_shot_001_000,pixel_mse,upper_face,0.00013091
0,0.999000,4d5b044b30051de4f0a6b2dc419ea9ca_shot_001_000,pixel_mse,full,0.00138015
0,0.999000,4d5b044b30051de4f0a6b2dc419ea9ca_shot_001_000,ssim,mouth,0.87215358
0,0.999000,4d5b044b30051de4f0a6b2dc419ea9ca_shot_001_000,ssim,upper_face,0.96543938
0,0.999000,4d5b044b30051de4f0a6b2dc419ea9ca_shot_001_000,ssim,full,0.92747223
0,0.999000,4d5b044b30051de4f0a6b2dc419ea9ca_shot_001_000,lpips,mouth,0.10876133
0,0.999000,4d5b044b30051de4f0a6b2dc419ea9ca_shot_001_000,lpips,full,0.07390071
0,0.999000,4d5b044b30051de4f0a6b2dc419ea9ca_shot_001_000,sharpness,mouth,7.8177
0,0.999000,4d5b044b30051de4f0a6b2dc419ea9ca_shot_001_000,lmd,mouth,5.232235
0,0.999000,4d5b044b30051de4f0a6b2dc419ea9ca_shot_001_000,sync_d,mouth,7.911256
0,0.999000,4d5b044b30051de4f0a6b2dc419ea9ca_shot_001_000,sync_c,mouth,6.713874
1,0.995732,4d5b044b30051de4f0a6b2dc419ea9ca_shot_001_000,pixel_mse,mouth,0.00326496
1,0.995732,4d5b044b30051de4f0a6b2dc419ea9ca_shot_001_000,pixel_mse,upper_face,0.00014539
1,0.995732,4d5b044b30051de4f0a6b2dc419ea9ca_shot_001_000,pixel_mse,full,0.00141505
1,0.995732,4d5b044b30051de4f0a6b2dc419ea9ca_shot_001_000,ssim,mouth,0.87150896
1,0.995732,4d5b044b30051de4f0a6b2dc419ea9ca_shot_001_000,ssim,upper_face,0.96522439
1,0.995732,4d5b044b30051de4f0a6b2dc419ea9ca_shot_001_000,ssim,full,0.92708242
1,0.995732,4d5b044b30051de4f0a6b2dc419ea9ca_shot_001_000,lpips,mouth,0.11004470
1,0.995732,4d5b044b30051de4f0a6b2dc419ea9ca_shot_001_000,lpips,full,0.07464415
1,0.995732,4d5b044b30051de4f0a6b2dc419ea9ca_shot_001_000,sharpness,mouth,7.8743
1,0.995732,4d5b044b30051de4f0a6b2dc419ea9ca_shot_001_000,lmd,mouth,5.123766
1,0.995732,4d5b044b30051de4f0a6b2dc419ea9ca_shot_001_000,sync_d,mouth,7.617752
1,0.995732,4d5b044b30051de4f0a6b2dc419ea9ca_shot_001_000,sync_c,mouth,6.956571
2,0.991530,4d5b044b30051de4f0a6b2dc419ea9ca_shot_001_000,pixel_mse,mouth,0.00318602
2,0.991530,4d5b044b30051de4f0a6b2dc419ea9ca_shot_001_000,pixel_mse,upper_face,0.00015304
2,0.991530,4d5b044b30051de4f0a6b2dc419ea9ca_shot_001_000,pixel_mse,full,0.00138746
2,0.991530,4d5b044b30051de4f0a6b2dc419ea9ca_shot_001_000,ssim,mouth,0.87396926
2,0.991530,4d5b044b30051de4f0a6b2dc419ea9ca_shot_001_000,ssim,upper_face,0.96559107
2,0.991530,4d5b044b30051de4f0a6b2dc419ea9ca_shot_001_000,ssim,full,0.92830110
2,0.991530,4d5b044b30051de4f0a6b2dc419ea9ca_shot_001_000,lpips,mouth,0.10883193
2,0.991530,4d5b044b30051de4f0a6b2dc419ea9ca_shot_001_000,lpips,full,0.07367019
2,0.991530,4d5b044b30051de4f0a6b2dc419ea9ca_shot_001_000,sharpness,mouth,7.8035
2,0.991530,4d5b044b30051de4f0a6b2dc419ea9ca_shot_001_000,lmd,mouth,4.889453
2,0.991530,4d5b044b30051de4f0a6b2dc419ea9ca_shot_001_000,sync_d,mouth,7.614822
2,0.991530,4d5b044b30051de4f0a6b2dc419ea9ca_shot_001_000,sync_c,mouth,6.874539
3,0.987187,4d5b044b30051de4f0a6b2dc419ea9ca_shot_001_000,pixel_mse,mouth,0.00294362
3,0.987187,4d5b044b30051de4f0a6b2dc419ea9ca_shot_001_000,pixel_mse,upper_face,0.00015615
3,0.987187,4d5b044b30051de4f0a6b2dc419ea9ca_shot_001_000,pixel_mse,full,0.00129065
3,0.987187,4d5b044b30051de4f0a6b2dc419ea9ca_shot_001_000,ssim,mouth,0.87767172
3,0.987187,4d5b044b30051de4f0a6b2dc419ea9ca_shot_001_000,ssim,upper_face,0.96570146
3,0.987187,4d5b044b30051de4f0a6b2dc419ea9ca_shot_001_000,ssim,full,0.92987365
3,0.987187,4d5b044b30051de4f0a6b2dc419ea9ca_shot_001_000,lpips,mouth,0.10547200
3,0.987187,4d5b044b30051de4f0a6b2dc419ea9ca_shot_001_000,lpips,full,0.07154267
3,0.987187,4d5b044b30051de4f0a6b2dc419ea9ca_shot_001_000,sharpness,mouth,7.9140
3,0.987187,4d5b044b30051de4f0a6b2dc419ea9ca_shot_001_000,lmd,mouth,4.773634
3,0.987187,4d5b044b30051de4f0a6b2dc419ea9ca_shot_001_000,sync_d,mouth,7.366287
3,0.987187,4d5b044b30051de4f0a6b2dc419ea9ca_shot_001_000,sync_c,mouth,7.125096
4,0.982696,4d5b044b30051de4f0a6b2dc419ea9ca_shot_001_000,pixel_mse,mouth,0.00264002
4,0.982696,4d5b044b30051de4f0a6b2dc419ea9ca_shot_001_000,pixel_mse,upper_face,0.00015349
4,0.982696,4d5b044b30051de4f0a6b2dc419ea9ca_shot_001_000,pixel_mse,full,0.00116550
4,0.982696,4d5b044b30051de4f0a6b2dc419ea9ca_shot_001_000,ssim,mouth,0.88403082
4,0.982696,4d5b044b30051de4f0a6b2dc419ea9ca_shot_001_000,ssim,upper_face,0.96568704
4,0.982696,4d5b044b30051de4f0a6b2dc419ea9ca_shot_001_000,ssim,full,0.93245304
4,0.982696,4d5b044b30051de4f0a6b2dc419ea9ca_shot_001_000,lpips,mouth,0.10081164
4,0.982696,4d5b044b30051de4f0a6b2dc419ea9ca_shot_001_000,lpips,full,0.06867445
4,0.982696,4d5b044b30051de4f0a6b2dc419ea9ca_shot_001_000,sharpness,mouth,7.8786
4,0.982696,4d5b044b30051de4f0a6b2dc419ea9ca_shot_001_000,lmd,mouth,4.613077
4,0.982696,4d5b044b30051de4f0a6b2dc419ea9ca_shot_001_000,sync_d,mouth,7.377151
4,0.982696,4d5b044b30051de4f0a6b2dc419ea9ca_shot_001_000,sync_c,mouth,7.113005
5,0.978048,4d5b044b30051de4f0a6b2dc419ea9ca_shot_001_000,pixel_mse,mouth,0.00248528
5,0.978048,4d5b044b30051de4f0a6b2dc419ea9ca_shot_001_000,pixel_mse,upper_face,0.00014503
5,0.978048,4d5b044b30051de4f0a6b2dc419ea9ca_shot_001_000,pixel_mse,full,0.00109751
5,0.978048,4d5b044b30051de4f0a6b2dc419ea9ca_shot_001_000,ssim,mouth,0.88694310
5,0.978048,4d5b044b30051de4f0a6b2dc419ea9ca_shot_001_000,ssim,upper_face,0.96633053
5,0.978048,4d5b044b30051de4f0a6b2dc419ea9ca_shot_001_000,ssim,full,0.93402016
5,0.978048,4d5b044b30051de4f0a6b2dc419ea9ca_shot_001_000,lpips,mouth,0.09968277
5,0.978048,4d5b044b30051de4f0a6b2dc419ea9ca_shot_001_000,lpips,full,0.06782551
5,0.978048,4d5b044b30051de4f0a6b2dc419ea9ca_shot_001_000,sharpness,mouth,7.8741
5,0.978048,4d5b044b30051de4f0a6b2dc419ea9ca_shot_001_000,lmd,mouth,4.384624
5,0.978048,4d5b044b30051de4f0a6b2dc419ea9ca_shot_001_000,sync_d,mouth,7.286384
5,0.978048,4d5b044b30051de4f0a6b2dc419ea9ca_shot_001_000,sync_c,mouth,7.260156
6,0.973236,4d5b044b30051de4f0a6b2dc419ea9ca_shot_001_000,pixel_mse,mouth,0.00236488
6,0.973236,4d5b044b30051de4f0a6b2dc419ea9ca_shot_001_000,pixel_mse,upper_face,0.00014503
6,0.973236,4d5b044b30051de4f0a6b2dc419ea9ca_shot_001_000,pixel_mse,full,0.00104850
6,0.973236,4d5b044b30051de4f0a6b2dc419ea9ca_shot_001_000,ssim,mouth,0.88804126
6,0.973236,4d5b044b30051de4f0a6b2dc419ea9ca_shot_001_000,ssim,upper_face,0.96627355
6,0.973236,4d5b044b30051de4f0a6b2dc419ea9ca_shot_001_000,ssim,full,0.93443328
6,0.973236,4d5b044b30051de4f0a6b2dc419ea9ca_shot_001_000,lpips,mouth,0.09788004
6,0.973236,4d5b044b30051de4f0a6b2dc419ea9ca_shot_001_000,lpips,full,0.06659212
6,0.973236,4d5b044b30051de4f0a6b2dc419ea9ca_shot_001_000,sharpness,mouth,7.8874
6,0.973236,4d5b044b30051de4f0a6b2dc419ea9ca_shot_001_000,lmd,mouth,4.234157
6,0.973236,4d5b044b30051de4f0a6b2dc419ea9ca_shot_001_000,sync_d,mouth,7.321530
6,0.973236,4d5b044b30051de4f0a6b2dc419ea9ca_shot_001_000,sync_c,mouth,7.248037
7,0.968250,4d5b044b30051de4f0a6b2dc419ea9ca_shot_001_000,pixel_mse,mouth,0.00232073
7,0.968250,4d5b044b30051de4f0a6b2dc419ea9ca_shot_001_000,pixel_mse,upper_face,0.00014939
7,0.968250,4d5b044b30051de4f0a6b2dc419ea9ca_shot_001_000,pixel_mse,full,0.00103312
7,0.968250,4d5b044b30051de4f0a6b2dc419ea9ca_shot_001_000,ssim,mouth,0.88856149
7,0.968250,4d5b044b30051de4f0a6b2dc419ea9ca_shot_001_000,ssim,upper_face,0.96638376
7,0.968250,4d5b044b30051de4f0a6b2dc419ea9ca_shot_001_000,ssim,full,0.93471020
7,0.968250,4d5b044b30051de4f0a6b2dc419ea9ca_shot_001_000,lpips,mouth,0.09727202
7,0.968250,4d5b044b30051de4f0a6b2dc419ea9ca_shot_001_000,lpips,full,0.06629497
7,0.968250,4d5b044b30051de4f0a6b2dc419ea9ca_shot_001_000,sharpness,mouth,7.9117
7,0.968250,4d5b044b30051de4f0a6b2dc419ea9ca_shot_001_000,lmd,mouth,4.349598
7,0.968250,4d5b044b30051de4f0a6b2dc419ea9ca_shot_001_000,sync_d,mouth,7.374421
7,0.968250,4d5b044b30051de4f0a6b2dc419ea9ca_shot_001_000,sync_c,mouth,7.274436
8,0.963082,4d5b044b30051de4f0a6b2dc419ea9ca_shot_001_000,pixel_mse,mouth,0.00219773
8,0.963082,4d5b044b30051de4f0a6b2dc419ea9ca_shot_001_000,pixel_mse,upper_face,0.00014477
8,0.963082,4d5b044b30051de4f0a6b2dc419ea9ca_shot_001_000,pixel_mse,full,0.00098032
8,0.963082,4d5b044b30051de4f0a6b2dc419ea9ca_shot_001_000,ssim,mouth,0.89160532
8,0.963082,4d5b044b30051de4f0a6b2dc419ea9ca_shot_001_000,ssim,upper_face,0.96654898
8,0.963082,4d5b044b30051de4f0a6b2dc419ea9ca_shot_001_000,ssim,full,0.93604714
8,0.963082,4d5b044b30051de4f0a6b2dc419ea9ca_shot_001_000,lpips,mouth,0.09509137
8,0.963082,4d5b044b30051de4f0a6b2dc419ea9ca_shot_001_000,lpips,full,0.06497674
8,0.963082,4d5b044b30051de4f0a6b2dc419ea9ca_shot_001_000,sharpness,mouth,7.9158
8,0.963082,4d5b044b30051de4f0a6b2dc419ea9ca_shot_001_000,lmd,mouth,4.251306
8,0.963082,4d5b044b30051de4f0a6b2dc419ea9ca_shot_001_000,sync_d,mouth,7.471884
8,0.963082,4d5b044b30051de4f0a6b2dc419ea9ca_shot_001_000,sync_c,mouth,7.215214
9,0.957720,4d5b044b30051de4f0a6b2dc419ea9ca_shot_001_000,pixel_mse,mouth,0.00211940
9,0.957720,4d5b044b30051de4f0a6b2dc419ea9ca_shot_001_000,pixel_mse,upper_face,0.00013789
9,0.957720,4d5b044b30051de4f0a6b2dc419ea9ca_shot_001_000,pixel_mse,full,0.00094436
9,0.957720,4d5b044b30051de4f0a6b2dc419ea9ca_shot_001_000,ssim,mouth,0.89295048
9,0.957720,4d5b044b30051de4f0a6b2dc419ea9ca_shot_001_000,ssim,upper_face,0.96668613
9,0.957720,4d5b044b30051de4f0a6b2dc419ea9ca_shot_001_000,ssim,full,0.93667585
9,0.957720,4d5b044b30051de4f0a6b2dc419ea9ca_shot_001_000,lpips,mouth,0.09390707
9,0.957720,4d5b044b30051de4f0a6b2dc419ea9ca_shot_001_000,lpips,full,0.06412243
9,0.957720,4d5b044b30051de4f0a6b2dc419ea9ca_shot_001_000,sharpness,mouth,7.8696
9,0.957720,4d5b044b30051de4f0a6b2dc419ea9ca_shot_001_000,lmd,mouth,4.213501
9,0.957720,4d5b044b30051de4f0a6b2dc419ea9ca_shot_001_000,sync_d,mouth,7.592652
9,0.957720,4d5b044b30051de4f0a6b2dc419ea9ca_shot_001_000,sync_c,mouth,7.108614
10,0.952154,4d5b044b30051de4f0a6b2dc419ea9ca_shot_001_000,pixel_mse,mouth,0.00208331
10,0.952154,4d5b044b30051de4f0a6b2dc419ea9ca_shot_001_000,pixel_mse,upper_face,0.00014018
10,0.952154,4d5b044b30051de4f0a6b2dc419ea9ca_shot_001_000,pixel_mse,full,0.00093103
10,0.952154,4d5b044b30051de4f0a6b2dc419ea9ca_shot_001_000,ssim,mouth,0.89356703
10,0.952154,4d5b044b30051de4f0a6b2dc419ea9ca_shot_001_000,ssim,upper_face,0.96690631
10,0.952154,4d5b044b30051de4f0a6b2dc419ea9ca_shot_001_000,ssim,full,0.93705732
10,0.952154,4d5b044b30051de4f0a6b2dc419ea9ca_shot_001_000,lpips,mouth,0.09320948
10,0.952154,4d5b044b30051de4f0a6b2dc419ea9ca_shot_001_000,lpips,full,0.06377500
10,0.952154,4d5b044b30051de4f0a6b2dc419ea9ca_shot_001_000,sharpness,mouth,7.9229
10,0.952154,4d5b044b30051de4f0a6b2dc419ea9ca_shot_001_000,lmd,mouth,4.315632
10,0.952154,4d5b044b30051de4f0a6b2dc419ea9ca_shot_001_000,sync_d,mouth,7.657075
10,0.952154,4d5b044b30051de4f0a6b2dc419ea9ca_shot_001_000,sync_c,mouth,6.940957
11,0.946372,4d5b044b30051de4f0a6b2dc419ea9ca_shot_001_000,pixel_mse,mouth,0.00201991
11,0.946372,4d5b044b30051de4f0a6b2dc419ea9ca_shot_001_000,pixel_mse,upper_face,0.00013439
11,0.946372,4d5b044b30051de4f0a6b2dc419ea9ca_shot_001_000,pixel_mse,full,0.00090179
11,0.946372,4d5b044b30051de4f0a6b2dc419ea9ca_shot_001_000,ssim,mouth,0.89406890
11,0.946372,4d5b044b30051de4f0a6b2dc419ea9ca_shot_001_000,ssim,upper_face,0.96736670
11,0.946372,4d5b044b30051de4f0a6b2dc419ea9ca_shot_001_000,ssim,full,0.93753469
11,0.946372,4d5b044b30051de4f0a6b2dc419ea9ca_shot_001_000,lpips,mouth,0.09215920
11,0.946372,4d5b044b30051de4f0a6b2dc419ea9ca_shot_001_000,lpips,full,0.06296775
11,0.946372,4d5b044b30051de4f0a6b2dc419ea9ca_shot_001_000,sharpness,mouth,7.9282
11,0.946372,4d5b044b30051de4f0a6b2dc419ea9ca_shot_001_000,lmd,mouth,4.311589
11,0.946372,4d5b044b30051de4f0a6b2dc419ea9ca_shot_001_000,sync_d,mouth,7.675041
11,0.946372,4d5b044b30051de4f0a6b2dc419ea9ca_shot_001_000,sync_c,mouth,6.939310
12,0.940361,4d5b044b30051de4f0a6b2dc419ea9ca_shot_001_000,pixel_mse,mouth,0.00193936
12,0.940361,4d5b044b30051de4f0a6b2dc419ea9ca_shot_001_000,pixel_mse,upper_face,0.00012961
12,0.940361,4d5b044b30051de4f0a6b2dc419ea9ca_shot_001_000,pixel_mse,full,0.00086618
12,0.940361,4d5b044b30051de4f0a6b2dc419ea9ca_shot_001_000,ssim,mouth,0.89550197
12,0.940361,4d5b044b30051de4f0a6b2dc419ea9ca_shot_001_000,ssim,upper_face,0.96780610
12,0.940361,4d5b044b30051de4f0a6b2dc419ea9ca_shot_001_000,ssim,full,0.93837839
12,0.940361,4d5b044b30051de4f0a6b2dc419ea9ca_shot_001_000,lpips,mouth,0.09089443
12,0.940361,4d5b044b30051de4f0a6b2dc419ea9ca_shot_001_000,lpips,full,0.06242255
12,0.940361,4d5b044b30051de4f0a6b2dc419ea9ca_shot_001_000,sharpness,mouth,7.9135
12,0.940361,4d5b044b30051de4f0a6b2dc419ea9ca_shot_001_000,lmd,mouth,4.315878
12,0.940361,4d5b044b30051de4f0a6b2dc419ea9ca_shot_001_000,sync_d,mouth,7.659540
12,0.940361,4d5b044b30051de4f0a6b2dc419ea9ca_shot_001_000,sync_c,mouth,7.025891
13,0.934107,4d5b044b30051de4f0a6b2dc419ea9ca_shot_001_000,pixel_mse,mouth,0.00188177
13,0.934107,4d5b044b30051de4f0a6b2dc419ea9ca_shot_001_000,pixel_mse,upper_face,0.00012921
13,0.934107,4d5b044b30051de4f0a6b2dc419ea9ca_shot_001_000,pixel_mse,full,0.00084249
13,0.934107,4d5b044b30051de4f0a6b2dc419ea9ca_shot_001_000,ssim,mouth,0.89688033
13,0.934107,4d5b044b30051de4f0a6b2dc419ea9ca_shot_001_000,ssim,upper_face,0.96765429
13,0.934107,4d5b044b30051de4f0a6b2dc419ea9ca_shot_001_000,ssim,full,0.93884945
13,0.934107,4d5b044b30051de4f0a6b2dc419ea9ca_shot_001_000,lpips,mouth,0.08973911
13,0.934107,4d5b044b30051de4f0a6b2dc419ea9ca_shot_001_000,lpips,full,0.06156671
13,0.934107,4d5b044b30051de4f0a6b2dc419ea9ca_shot_001_000,sharpness,mouth,7.8788
13,0.934107,4d5b044b30051de4f0a6b2dc419ea9ca_shot_001_000,lmd,mouth,4.290433
13,0.934107,4d5b044b30051de4f0a6b2dc419ea9ca_shot_001_000,sync_d,mouth,7.713555
13,0.934107,4d5b044b30051de4f0a6b2dc419ea9ca_shot_001_000,sync_c,mouth,6.915826
14,0.927596,4d5b044b30051de4f0a6b2dc419ea9ca_shot_001_000,pixel_mse,mouth,0.00188163
14,0.927596,4d5b044b30051de4f0a6b2dc419ea9ca_shot_001_000,pixel_mse,upper_face,0.00011706
14,0.927596,4d5b044b30051de4f0a6b2dc419ea9ca_shot_001_000,pixel_mse,full,0.00083523
14,0.927596,4d5b044b30051de4f0a6b2dc419ea9ca_shot_001_000,ssim,mouth,0.89684165
14,0.927596,4d5b044b30051de4f0a6b2dc419ea9ca_shot_001_000,ssim,upper_face,0.96804422
14,0.927596,4d5b044b30051de4f0a6b2dc419ea9ca_shot_001_000,ssim,full,0.93906498
14,0.927596,4d5b044b30051de4f0a6b2dc419ea9ca_shot_001_000,lpips,mouth,0.08909859
14,0.927596,4d5b044b30051de4f0a6b2dc419ea9ca_shot_001_000,lpips,full,0.06105094
14,0.927596,4d5b044b30051de4f0a6b2dc419ea9ca_shot_001_000,sharpness,mouth,7.8808
14,0.927596,4d5b044b30051de4f0a6b2dc419ea9ca_shot_001_000,lmd,mouth,4.575176
14,0.927596,4d5b044b30051de4f0a6b2dc419ea9ca_shot_001_000,sync_d,mouth,7.700011
14,0.927596,4d5b044b30051de4f0a6b2dc419ea9ca_shot_001_000,sync_c,mouth,6.976374
15,0.920810,4d5b044b30051de4f0a6b2dc419ea9ca_shot_001_000,pixel_mse,mouth,0.00184188
15,0.920810,4d5b044b30051de4f0a6b2dc419ea9ca_shot_001_000,pixel_mse,upper_face,0.00011576
15,0.920810,4d5b044b30051de4f0a6b2dc419ea9ca_shot_001_000,pixel_mse,full,0.00081829
15,0.920810,4d5b044b30051de4f0a6b2dc419ea9ca_shot_001_000,ssim,mouth,0.89724356
15,0.920810,4d5b044b30051de4f0a6b2dc419ea9ca_shot_001_000,ssim,upper_face,0.96803254
15,0.920810,4d5b044b30051de4f0a6b2dc419ea9ca_shot_001_000,ssim,full,0.93922168
15,0.920810,4d5b044b30051de4f0a6b2dc419ea9ca_shot_001_000,lpips,mouth,0.08882238
15,0.920810,4d5b044b30051de4f0a6b2dc419ea9ca_shot_001_000,lpips,full,0.06085782
15,0.920810,4d5b044b30051de4f0a6b2dc419ea9ca_shot_001_000,sharpness,mouth,7.9026
15,0.920810,4d5b044b30051de4f0a6b2dc419ea9ca_shot_001_000,lmd,mouth,4.569753
15,0.920810,4d5b044b30051de4f0a6b2dc419ea9ca_shot_001_000,sync_d,mouth,7.564981
15,0.920810,4d5b044b30051de4f0a6b2dc419ea9ca_shot_001_000,sync_c,mouth,7.142933
16,0.913733,4d5b044b30051de4f0a6b2dc419ea9ca_shot_001_000,pixel_mse,mouth,0.00180327
16,0.913733,4d5b044b30051de4f0a6b2dc419ea9ca_shot_001_000,pixel_mse,upper_face,0.00010948
16,0.913733,4d5b044b30051de4f0a6b2dc419ea9ca_shot_001_000,pixel_mse,full,0.00079884
16,0.913733,4d5b044b30051de4f0a6b2dc419ea9ca_shot_001_000,ssim,mouth,0.89847547
16,0.913733,4d5b044b30051de4f0a6b2dc419ea9ca_shot_001_000,ssim,upper_face,0.96848136
16,0.913733,4d5b044b30051de4f0a6b2dc419ea9ca_shot_001_000,ssim,full,0.93998915
16,0.913733,4d5b044b30051de4f0a6b2dc419ea9ca_shot_001_000,lpips,mouth,0.08810322
16,0.913733,4d5b044b30051de4f0a6b2dc419ea9ca_shot_001_000,lpips,full,0.06045595
16,0.913733,4d5b044b30051de4f0a6b2dc419ea9ca_shot_001_000,sharpness,mouth,7.9429
16,0.913733,4d5b044b30051de4f0a6b2dc419ea9ca_shot_001_000,lmd,mouth,4.423921
16,0.913733,4d5b044b30051de4f0a6b2dc419ea9ca_shot_001_000,sync_d,mouth,7.676752
16,0.913733,4d5b044b30051de4f0a6b2dc419ea9ca_shot_001_000,sync_c,mouth,7.086995
17,0.906344,4d5b044b30051de4f0a6b2dc419ea9ca_shot_001_000,pixel_mse,mouth,0.00176652
17,0.906344,4d5b044b30051de4f0a6b2dc419ea9ca_shot_001_000,pixel_mse,upper_face,0.00011353
17,0.906344,4d5b044b30051de4f0a6b2dc419ea9ca_shot_001_000,pixel_mse,full,0.00078630
17,0.906344,4d5b044b30051de4f0a6b2dc419ea9ca_shot_001_000,ssim,mouth,0.89945078
17,0.906344,4d5b044b30051de4f0a6b2dc419ea9ca_shot_001_000,ssim,upper_face,0.96834934
17,0.906344,4d5b044b30051de4f0a6b2dc419ea9ca_shot_001_000,ssim,full,0.94030774
17,0.906344,4d5b044b30051de4f0a6b2dc419ea9ca_shot_001_000,lpips,mouth,0.08682580
17,0.906344,4d5b044b30051de4f0a6b2dc419ea9ca_shot_001_000,lpips,full,0.05975851
17,0.906344,4d5b044b30051de4f0a6b2dc419ea9ca_shot_001_000,sharpness,mouth,7.8875
17,0.906344,4d5b044b30051de4f0a6b2dc419ea9ca_shot_001_000,lmd,mouth,4.505033
17,0.906344,4d5b044b30051de4f0a6b2dc419ea9ca_shot_001_000,sync_d,mouth,7.628787
17,0.906344,4d5b044b30051de4f0a6b2dc419ea9ca_shot_001_000,sync_c,mouth,7.158675
18,0.898624,4d5b044b30051de4f0a6b2dc419ea9ca_shot_001_000,pixel_mse,mouth,0.00176061
18,0.898624,4d5b044b30051de4f0a6b2dc419ea9ca_shot_001_000,pixel_mse,upper_face,0.00011169
18,0.898624,4d5b044b30051de4f0a6b2dc419ea9ca_shot_001_000,pixel_mse,full,0.00078280
18,0.898624,4d5b044b30051de4f0a6b2dc419ea9ca_shot_001_000,ssim,mouth,0.90001875
18,0.898624,4d5b044b30051de4f0a6b2dc419ea9ca_shot_001_000,ssim,upper_face,0.96861249
18,0.898624,4d5b044b30051de4f0a6b2dc419ea9ca_shot_001_000,ssim,full,0.94069505
18,0.898624,4d5b044b30051de4f0a6b2dc419ea9ca_shot_001_000,lpips,mouth,0.08659603
18,0.898624,4d5b044b30051de4f0a6b2dc419ea9ca_shot_001_000,lpips,full,0.05955933
18,0.898624,4d5b044b30051de4f0a6b2dc419ea9ca_shot_001_000,sharpness,mouth,7.9123
18,0.898624,4d5b044b30051de4f0a6b2dc419ea9ca_shot_001_000,lmd,mouth,4.452072
18,0.898624,4d5b044b30051de4f0a6b2dc419ea9ca_shot_001_000,sync_d,mouth,7.643625
18,0.898624,4d5b044b30051de4f0a6b2dc419ea9ca_shot_001_000,sync_c,mouth,7.201285
19,0.890548,4d5b044b30051de4f0a6b2dc419ea9ca_shot_001_000,pixel_mse,mouth,0.00173938
19,0.890548,4d5b044b30051de4f0a6b2dc419ea9ca_shot_001_000,pixel_mse,upper_face,0.00010684
19,0.890548,4d5b044b30051de4f0a6b2dc419ea9ca_shot_001_000,pixel_mse,full,0.00077128
19,0.890548,4d5b044b30051de4f0a6b2dc419ea9ca_shot_001_000,ssim,mouth,0.90030146
19,0.890548,4d5b044b30051de4f0a6b2dc419ea9ca_shot_001_000,ssim,upper_face,0.96873540
19,0.890548,4d5b044b30051de4f0a6b2dc419ea9ca_shot_001_000,ssim,full,0.94088292
19,0.890548,4d5b044b30051de4f0a6b2dc419ea9ca_shot_001_000,lpips,mouth,0.08580310
19,0.890548,4d5b044b30051de4f0a6b2dc419ea9ca_shot_001_000,lpips,full,0.05908619
19,0.890548,4d5b044b30051de4f0a6b2dc419ea9ca_shot_001_000,sharpness,mouth,7.9575
19,0.890548,4d5b044b30051de4f0a6b2dc419ea9ca_shot_001_000,lmd,mouth,4.249158
19,0.890548,4d5b044b30051de4f0a6b2dc419ea9ca_shot_001_000,sync_d,mouth,7.360018
19,0.890548,4d5b044b30051de4f0a6b2dc419ea9ca_shot_001_000,sync_c,mouth,7.381362
20,0.882093,4d5b044b30051de4f0a6b2dc419ea9ca_shot_001_000,pixel_mse,mouth,0.00169608
20,0.882093,4d5b044b30051de4f0a6b2dc419ea9ca_shot_001_000,pixel_mse,upper_face,0.00010823
20,0.882093,4d5b044b30051de4f0a6b2dc419ea9ca_shot_001_000,pixel_mse,full,0.00075448
20,0.882093,4d5b044b30051de4f0a6b2dc419ea9ca_shot_001_000,ssim,mouth,0.90111184
20,0.882093,4d5b044b30051de4f0a6b2dc419ea9ca_shot_001_000,ssim,upper_face,0.96847433
20,0.882093,4d5b044b30051de4f0a6b2dc419ea9ca_shot_001_000,ssim,full,0.94105804
20,0.882093,4d5b044b30051de4f0a6b2dc419ea9ca_shot_001_000,lpips,mouth,0.08511418
20,0.882093,4d5b044b30051de4f0a6b2dc419ea9ca_shot_001_000,lpips,full,0.05861259
20,0.882093,4d5b044b30051de4f0a6b2dc419ea9ca_shot_001_000,sharpness,mouth,7.9417
20,0.882093,4d5b044b30051de4f0a6b2dc419ea9ca_shot_001_000,lmd,mouth,4.366855
20,0.882093,4d5b044b30051de4f0a6b2dc419ea9ca_shot_001_000,sync_d,mouth,7.586943
20,0.882093,4d5b044b30051de4f0a6b2dc419ea9ca_shot_001_000,sync_c,mouth,7.165565
21,0.873231,4d5b044b30051de4f0a6b2dc419ea9ca_shot_001_000,pixel_mse,mouth,0.00165290
21,0.873231,4d5b044b30051de4f0a6b2dc419ea9ca_shot_001_000,pixel_mse,upper_face,0.00010918
21,0.873231,4d5b044b30051de4f0a6b2dc419ea9ca_shot_001_000,pixel_mse,full,0.00073747
21,0.873231,4d5b044b30051de4f0a6b2dc419ea9ca_shot_001_000,ssim,mouth,0.90230101
21,0.873231,4d5b044b30051de4f0a6b2dc419ea9ca_shot_001_000,ssim,upper_face,0.96863753
21,0.873231,4d5b044b30051de4f0a6b2dc419ea9ca_shot_001_000,ssim,full,0.94163883
21,0.873231,4d5b044b30051de4f0a6b2dc419ea9ca_shot_001_000,lpips,mouth,0.08430174
21,0.873231,4d5b044b30051de4f0a6b2dc419ea9ca_shot_001_000,lpips,full,0.05819554
21,0.873231,4d5b044b30051de4f0a6b2dc419ea9ca_shot_001_000,sharpness,mouth,7.9956
21,0.873231,4d5b044b30051de4f0a6b2dc419ea9ca_shot_001_000,lmd,mouth,4.311994
21,0.873231,4d5b044b30051de4f0a6b2dc419ea9ca_shot_001_000,sync_d,mouth,7.321487
21,0.873231,4d5b044b30051de4f0a6b2dc419ea9ca_shot_001_000,sync_c,mouth,7.453931
22,0.863931,4d5b044b30051de4f0a6b2dc419ea9ca_shot_001_000,pixel_mse,mouth,0.00165370
22,0.863931,4d5b044b30051de4f0a6b2dc419ea9ca_shot_001_000,pixel_mse,upper_face,0.00010774
22,0.863931,4d5b044b30051de4f0a6b2dc419ea9ca_shot_001_000,pixel_mse,full,0.00073694
22,0.863931,4d5b044b30051de4f0a6b2dc419ea9ca_shot_001_000,ssim,mouth,0.90213627
22,0.863931,4d5b044b30051de4f0a6b2dc419ea9ca_shot_001_000,ssim,upper_face,0.96873599
22,0.863931,4d5b044b30051de4f0a6b2dc419ea9ca_shot_001_000,ssim,full,0.94163007
22,0.863931,4d5b044b30051de4f0a6b2dc419ea9ca_shot_001_000,lpips,mouth,0.08499859
22,0.863931,4d5b044b30051de4f0a6b2dc419ea9ca_shot_001_000,lpips,full,0.05853382
22,0.863931,4d5b044b30051de4f0a6b2dc419ea9ca_shot_001_000,sharpness,mouth,7.9696
22,0.863931,4d5b044b30051de4f0a6b2dc419ea9ca_shot_001_000,lmd,mouth,4.398387
22,0.863931,4d5b044b30051de4f0a6b2dc419ea9ca_shot_001_000,sync_d,mouth,7.283960
22,0.863931,4d5b044b30051de4f0a6b2dc419ea9ca_shot_001_000,sync_c,mouth,7.444194
23,0.854160,4d5b044b30051de4f0a6b2dc419ea9ca_shot_001_000,pixel_mse,mouth,0.00161721
23,0.854160,4d5b044b30051de4f0a6b2dc419ea9ca_shot_001_000,pixel_mse,upper_face,0.00010650
23,0.854160,4d5b044b30051de4f0a6b2dc419ea9ca_shot_001_000,pixel_mse,full,0.00072135
23,0.854160,4d5b044b30051de4f0a6b2dc419ea9ca_shot_001_000,ssim,mouth,0.90289968
23,0.854160,4d5b044b30051de4f0a6b2dc419ea9ca_shot_001_000,ssim,upper_face,0.96880519
23,0.854160,4d5b044b30051de4f0a6b2dc419ea9ca_shot_001_000,ssim,full,0.94198185
23,0.854160,4d5b044b30051de4f0a6b2dc419ea9ca_shot_001_000,lpips,mouth,0.08439083
23,0.854160,4d5b044b30051de4f0a6b2dc419ea9ca_shot_001_000,lpips,full,0.05827009
23,0.854160,4d5b044b30051de4f0a6b2dc419ea9ca_shot_001_000,sharpness,mouth,7.9436
23,0.854160,4d5b044b30051de4f0a6b2dc419ea9ca_shot_001_000,lmd,mouth,4.229594
23,0.854160,4d5b044b30051de4f0a6b2dc419ea9ca_shot_001_000,sync_d,mouth,7.203571
23,0.854160,4d5b044b30051de4f0a6b2dc419ea9ca_shot_001_000,sync_c,mouth,7.504506
24,0.843882,4d5b044b30051de4f0a6b2dc419ea9ca_shot_001_000,pixel_mse,mouth,0.00157363
24,0.843882,4d5b044b30051de4f0a6b2dc419ea9ca_shot_001_000,pixel_mse,upper_face,0.00010351
24,0.843882,4d5b044b30051de4f0a6b2dc419ea9ca_shot_001_000,pixel_mse,full,0.00070184
24,0.843882,4d5b044b30051de4f0a6b2dc419ea9ca_shot_001_000,ssim,mouth,0.90410483
24,0.843882,4d5b044b30051de4f0a6b2dc419ea9ca_shot_001_000,ssim,upper_face,0.96901262
24,0.843882,4d5b044b30051de4f0a6b2dc419ea9ca_shot_001_000,ssim,full,0.94259518
24,0.843882,4d5b044b30051de4f0a6b2dc419ea9ca_shot_001_000,lpips,mouth,0.08354869
24,0.843882,4d5b044b30051de4f0a6b2dc419ea9ca_shot_001_000,lpips,full,0.05754793
24,0.843882,4d5b044b30051de4f0a6b2dc419ea9ca_shot_001_000,sharpness,mouth,8.0217
24,0.843882,4d5b044b30051de4f0a6b2dc419ea9ca_shot_001_000,lmd,mouth,4.146305
24,0.843882,4d5b044b30051de4f0a6b2dc419ea9ca_shot_001_000,sync_d,mouth,7.267976
24,0.843882,4d5b044b30051de4f0a6b2dc419ea9ca_shot_001_000,sync_c,mouth,7.513589
25,0.833055,4d5b044b30051de4f0a6b2dc419ea9ca_shot_001_000,pixel_mse,mouth,0.00157500
25,0.833055,4d5b044b30051de4f0a6b2dc419ea9ca_shot_001_000,pixel_mse,upper_face,0.00010365
25,0.833055,4d5b044b30051de4f0a6b2dc419ea9ca_shot_001_000,pixel_mse,full,0.00070249
25,0.833055,4d5b044b30051de4f0a6b2dc419ea9ca_shot_001_000,ssim,mouth,0.90370190
25,0.833055,4d5b044b30051de4f0a6b2dc419ea9ca_shot_001_000,ssim,upper_face,0.96904951
25,0.833055,4d5b044b30051de4f0a6b2dc419ea9ca_shot_001_000,ssim,full,0.94245315
25,0.833055,4d5b044b30051de4f0a6b2dc419ea9ca_shot_001_000,lpips,mouth,0.08384378
25,0.833055,4d5b044b30051de4f0a6b2dc419ea9ca_shot_001_000,lpips,full,0.05769868
25,0.833055,4d5b044b30051de4f0a6b2dc419ea9ca_shot_001_000,sharpness,mouth,7.9981
25,0.833055,4d5b044b30051de4f0a6b2dc419ea9ca_shot_001_000,lmd,mouth,4.066932
25,0.833055,4d5b044b30051de4f0a6b2dc419ea9ca_shot_001_000,sync_d,mouth,7.207790
25,0.833055,4d5b044b30051de4f0a6b2dc419ea9ca_shot_001_000,sync_c,mouth,7.525609
26,0.821636,4d5b044b30051de4f0a6b2dc419ea9ca_shot_001_000,pixel_mse,mouth,0.00155436
26,0.821636,4d5b044b30051de4f0a6b2dc419ea9ca_shot_001_000,pixel_mse,upper_face,0.00010318
26,0.821636,4d5b044b30051de4f0a6b2dc419ea9ca_shot_001_000,pixel_mse,full,0.00069381
26,0.821636,4d5b044b30051de4f0a6b2dc419ea9ca_shot_001_000,ssim,mouth,0.90434086
26,0.821636,4d5b044b30051de4f0a6b2dc419ea9ca_shot_001_000,ssim,upper_face,0.96898860
26,0.821636,4d5b044b30051de4f0a6b2dc419ea9ca_shot_001_000,ssim,full,0.94267708
26,0.821636,4d5b044b30051de4f0a6b2dc419ea9ca_shot_001_000,lpips,mouth,0.08328456
26,0.821636,4d5b044b30051de4f0a6b2dc419ea9ca_shot_001_000,lpips,full,0.05744205
26,0.821636,4d5b044b30051de4f0a6b2dc419ea9ca_shot_001_000,sharpness,mouth,7.9918
26,0.821636,4d5b044b30051de4f0a6b2dc419ea9ca_shot_001_000,lmd,mouth,4.135064
26,0.821636,4d5b044b30051de4f0a6b2dc419ea9ca_shot_001_000,sync_d,mouth,7.233228
26,0.821636,4d5b044b30051de4f0a6b2dc419ea9ca_shot_001_000,sync_c,mouth,7.536916
27,0.809574,4d5b044b30051de4f0a6b2dc419ea9ca_shot_001_000,pixel_mse,mouth,0.00156252
27,0.809574,4d5b044b30051de4f0a6b2dc419ea9ca_shot_001_000,pixel_mse,upper_face,0.00010933
27,0.809574,4d5b044b30051de4f0a6b2dc419ea9ca_shot_001_000,pixel_mse,full,0.00070078
27,0.809574,4d5b044b30051de4f0a6b2dc419ea9ca_shot_001_000,ssim,mouth,0.90381134
27,0.809574,4d5b044b30051de4f0a6b2dc419ea9ca_shot_001_000,ssim,upper_face,0.96892565
27,0.809574,4d5b044b30051de4f0a6b2dc419ea9ca_shot_001_000,ssim,full,0.94242436
27,0.809574,4d5b044b30051de4f0a6b2dc419ea9ca_shot_001_000,lpips,mouth,0.08342498
27,0.809574,4d5b044b30051de4f0a6b2dc419ea9ca_shot_001_000,lpips,full,0.05758948
27,0.809574,4d5b044b30051de4f0a6b2dc419ea9ca_shot_001_000,sharpness,mouth,7.9991
27,0.809574,4d5b044b30051de4f0a6b2dc419ea9ca_shot_001_000,lmd,mouth,4.067544
27,0.809574,4d5b044b30051de4f0a6b2dc419ea9ca_shot_001_000,sync_d,mouth,7.321422
27,0.809574,4d5b044b30051de4f0a6b2dc419ea9ca_shot_001_000,sync_c,mouth,7.374244
28,0.796812,4d5b044b30051de4f0a6b2dc419ea9ca_shot_001_000,pixel_mse,mouth,0.00155866
28,0.796812,4d5b044b30051de4f0a6b2dc419ea9ca_shot_001_000,pixel_mse,upper_face,0.00010476
28,0.796812,4d5b044b30051de4f0a6b2dc419ea9ca_shot_001_000,pixel_mse,full,0.00069649
28,0.796812,4d5b044b30051de4f0a6b2dc419ea9ca_shot_001_000,ssim,mouth,0.90423369
28,0.796812,4d5b044b30051de4f0a6b2dc419ea9ca_shot_001_000,ssim,upper_face,0.96907705
28,0.796812,4d5b044b30051de4f0a6b2dc419ea9ca_shot_001_000,ssim,full,0.94268590
28,0.796812,4d5b044b30051de4f0a6b2dc419ea9ca_shot_001_000,lpips,mouth,0.08330631
28,0.796812,4d5b044b30051de4f0a6b2dc419ea9ca_shot_001_000,lpips,full,0.05739389
28,0.796812,4d5b044b30051de4f0a6b2dc419ea9ca_shot_001_000,sharpness,mouth,7.9760
28,0.796812,4d5b044b30051de4f0a6b2dc419ea9ca_shot_001_000,lmd,mouth,4.007701
28,0.796812,4d5b044b30051de4f0a6b2dc419ea9ca_shot_001_000,sync_d,mouth,7.378159
28,0.796812,4d5b044b30051de4f0a6b2dc419ea9ca_shot_001_000,sync_c,mouth,7.299481
29,0.783290,4d5b044b30051de4f0a6b2dc419ea9ca_shot_001_000,pixel_mse,mouth,0.00156168
29,0.783290,4d5b044b30051de4f0a6b2dc419ea9ca_shot_001_000,pixel_mse,upper_face,0.00010324
29,0.783290,4d5b044b30051de4f0a6b2dc419ea9ca_shot_001_000,pixel_mse,full,0.00069682
29,0.783290,4d5b044b30051de4f0a6b2dc419ea9ca_shot_001_000,ssim,mouth,0.90437037
29,0.783290,4d5b044b30051de4f0a6b2dc419ea9ca_shot_001_000,ssim,upper_face,0.96925366
29,0.783290,4d5b044b30051de4f0a6b2dc419ea9ca_shot_001_000,ssim,full,0.94284630
29,0.783290,4d5b044b30051de4f0a6b2dc419ea9ca_shot_001_000,lpips,mouth,0.08338694
29,0.783290,4d5b044b30051de4f0a6b2dc419ea9ca_shot_001_000,lpips,full,0.05744227
29,0.783290,4d5b044b30051de4f0a6b2dc419ea9ca_shot_001_000,sharpness,mouth,7.9678
29,0.783290,4d5b044b30051de4f0a6b2dc419ea9ca_shot_001_000,lmd,mouth,3.989728
29,0.783290,4d5b044b30051de4f0a6b2dc419ea9ca_shot_001_000,sync_d,mouth,7.331120
29,0.783290,4d5b044b30051de4f0a6b2dc419ea9ca_shot_001_000,sync_c,mouth,7.327677
30,0.768935,4d5b044b30051de4f0a6b2dc419ea9ca_shot_001_000,pixel_mse,mouth,0.00157226
30,0.768935,4d5b044b30051de4f0a6b2dc419ea9ca_shot_001_000,pixel_mse,upper_face,0.00010486
30,0.768935,4d5b044b30051de4f0a6b2dc419ea9ca_shot_001_000,pixel_mse,full,0.00070209
30,0.768935,4d5b044b30051de4f0a6b2dc419ea9ca_shot_001_000,ssim,mouth,0.90387386
30,0.768935,4d5b044b30051de4f0a6b2dc419ea9ca_shot_001_000,ssim,upper_face,0.96920615
30,0.768935,4d5b044b30051de4f0a6b2dc419ea9ca_shot_001_000,ssim,full,0.94261611
30,0.768935,4d5b044b30051de4f0a6b2dc419ea9ca_shot_001_000,lpips,mouth,0.08386288
30,0.768935,4d5b044b30051de4f0a6b2dc419ea9ca_shot_001_000,lpips,full,0.05760935
30,0.768935,4d5b044b30051de4f0a6b2dc419ea9ca_shot_001_000,sharpness,mouth,8.0573
30,0.768935,4d5b044b30051de4f0a6b2dc419ea9ca_shot_001_000,lmd,mouth,3.799048
30,0.768935,4d5b044b30051de4f0a6b2dc419ea9ca_shot_001_000,sync_d,mouth,7.372535
30,0.768935,4d5b044b30051de4f0a6b2dc419ea9ca_shot_001_000,sync_c,mouth,7.284317
31,0.753669,4d5b044b30051de4f0a6b2dc419ea9ca_shot_001_000,pixel_mse,mouth,0.00157614
31,0.753669,4d5b044b30051de4f0a6b2dc419ea9ca_shot_001_000,pixel_mse,upper_face,0.00010509
31,0.753669,4d5b044b30051de4f0a6b2dc419ea9ca_shot_001_000,pixel_mse,full,0.00070381
31,0.753669,4d5b044b30051de4f0a6b2dc419ea9ca_shot_001_000,ssim,mouth,0.90370327
31,0.753669,4d5b044b30051de4f0a6b2dc419ea9ca_shot_001_000,ssim,upper_face,0.96933913
31,0.753669,4d5b044b30051de4f0a6b2dc419ea9ca_shot_001_000,ssim,full,0.94262552
31,0.753669,4d5b044b30051de4f0a6b2dc419ea9ca_shot_001_000,lpips,mouth,0.08417972
31,0.753669,4d5b044b30051de4f0a6b2dc419ea9ca_shot_001_000,lpips,full,0.05778697
31,0.753669,4d5b044b30051de4f0a6b2dc419ea9ca_shot_001_000,sharpness,mouth,8.0314
31,0.753669,4d5b044b30051de4f0a6b2dc419ea9ca_shot_001_000,lmd,mouth,3.868201
31,0.753669,4d5b044b30051de4f0a6b2dc419ea9ca_shot_001_000,sync_d,mouth,7.201608
31,0.753669,4d5b044b30051de4f0a6b2dc419ea9ca_shot_001_000,sync_c,mouth,7.340973
32,0.737402,4d5b044b30051de4f0a6b2dc419ea9ca_shot_001_000,pixel_mse,mouth,0.00156414
32,0.737402,4d5b044b30051de4f0a6b2dc419ea9ca_shot_001_000,pixel_mse,upper_face,0.00010532
32,0.737402,4d5b044b30051de4f0a6b2dc419ea9ca_shot_001_000,pixel_mse,full,0.00069905
32,0.737402,4d5b044b30051de4f0a6b2dc419ea9ca_shot_001_000,ssim,mouth,0.90369087
32,0.737402,4d5b044b30051de4f0a6b2dc419ea9ca_shot_001_000,ssim,upper_face,0.96925581
32,0.737402,4d5b044b30051de4f0a6b2dc419ea9ca_shot_001_000,ssim,full,0.94257098
32,0.737402,4d5b044b30051de4f0a6b2dc419ea9ca_shot_001_000,lpips,mouth,0.08394004
32,0.737402,4d5b044b30051de4f0a6b2dc419ea9ca_shot_001_000,lpips,full,0.05769002
32,0.737402,4d5b044b30051de4f0a6b2dc419ea9ca_shot_001_000,sharpness,mouth,8.0483
32,0.737402,4d5b044b30051de4f0a6b2dc419ea9ca_shot_001_000,lmd,mouth,3.982841
32,0.737402,4d5b044b30051de4f0a6b2dc419ea9ca_shot_001_000,sync_d,mouth,7.113472
32,0.737402,4d5b044b30051de4f0a6b2dc419ea9ca_shot_001_000,sync_c,mouth,7.531374
33,0.720034,4d5b044b30051de4f0a6b2dc419ea9ca_shot_001_000,pixel_mse,mouth,0.00156544
33,0.720034,4d5b044b30051de4f0a6b2dc419ea9ca_shot_001_000,pixel_mse,upper_face,0.00010920
33,0.720034,4d5b044b30051de4f0a6b2dc419ea9ca_shot_001_000,pixel_mse,full,0.00070188
33,0.720034,4d5b044b30051de4f0a6b2dc419ea9ca_shot_001_000,ssim,mouth,0.90338749
33,0.720034,4d5b044b30051de4f0a6b2dc419ea9ca_shot_001_000,ssim,upper_face,0.96930045
33,0.720034,4d5b044b30051de4f0a6b2dc419ea9ca_shot_001_000,ssim,full,0.94247401
33,0.720034,4d5b044b30051de4f0a6b2dc419ea9ca_shot_001_000,lpips,mouth,0.08398734
33,0.720034,4d5b044b30051de4f0a6b2dc419ea9ca_shot_001_000,lpips,full,0.05765025
33,0.720034,4d5b044b30051de4f0a6b2dc419ea9ca_shot_001_000,sharpness,mouth,8.0553
33,0.720034,4d5b044b30051de4f0a6b2dc419ea9ca_shot_001_000,lmd,mouth,3.842692
33,0.720034,4d5b044b30051de4f0a6b2dc419ea9ca_shot_001_000,sync_d,mouth,7.213346
33,0.720034,4d5b044b30051de4f0a6b2dc419ea9ca_shot_001_000,sync_c,mouth,7.381642
34,0.701446,4d5b044b30051de4f0a6b2dc419ea9ca_shot_001_000,pixel_mse,mouth,0.00155050
34,0.701446,4d5b044b30051de4f0a6b2dc419ea9ca_shot_001_000,pixel_mse,upper_face,0.00011029
34,0.701446,4d5b044b30051de4f0a6b2dc419ea9ca_shot_001_000,pixel_mse,full,0.00069645
34,0.701446,4d5b044b30051de4f0a6b2dc419ea9ca_shot_001_000,ssim,mouth,0.90345812
34,0.701446,4d5b044b30051de4f0a6b2dc419ea9ca_shot_001_000,ssim,upper_face,0.96936405
34,0.701446,4d5b044b30051de4f0a6b2dc419ea9ca_shot_001_000,ssim,full,0.94254047
34,0.701446,4d5b044b30051de4f0a6b2dc419ea9ca_shot_001_000,lpips,mouth,0.08345981
34,0.701446,4d5b044b30051de4f0a6b2dc419ea9ca_shot_001_000,lpips,full,0.05739647
34,0.701446,4d5b044b30051de4f0a6b2dc419ea9ca_shot_001_000,sharpness,mouth,8.0585
34,0.701446,4d5b044b30051de4f0a6b2dc419ea9ca_shot_001_000,lmd,mouth,3.962124
34,0.701446,4d5b044b30051de4f0a6b2dc419ea9ca_shot_001_000,sync_d,mouth,7.126813
34,0.701446,4d5b044b30051de4f0a6b2dc419ea9ca_shot_001_000,sync_c,mouth,7.389996
35,0.681508,4d5b044b30051de4f0a6b2dc419ea9ca_shot_001_000,pixel_mse,mouth,0.00156611
35,0.681508,4d5b044b30051de4f0a6b2dc419ea9ca_shot_001_000,pixel_mse,upper_face,0.00010480
35,0.681508,4d5b044b30051de4f0a6b2dc419ea9ca_shot_001_000,pixel_mse,full,0.00069955
35,0.681508,4d5b044b30051de4f0a6b2dc419ea9ca_shot_001_000,ssim,mouth,0.90294063
35,0.681508,4d5b044b30051de4f0a6b2dc419ea9ca_shot_001_000,ssim,upper_face,0.96959740
35,0.681508,4d5b044b30051de4f0a6b2dc419ea9ca_shot_001_000,ssim,full,0.94246835
35,0.681508,4d5b044b30051de4f0a6b2dc419ea9ca_shot_001_000,lpips,mouth,0.08387171
35,0.681508,4d5b044b30051de4f0a6b2dc419ea9ca_shot_001_000,lpips,full,0.05758165
35,0.681508,4d5b044b30051de4f0a6b2dc419ea9ca_shot_001_000,sharpness,mouth,8.0552
35,0.681508,4d5b044b30051de4f0a6b2dc419ea9ca_shot_001_000,lmd,mouth,3.873169
35,0.681508,4d5b044b30051de4f0a6b2dc419ea9ca_shot_001_000,sync_d,mouth,7.166318
35,0.681508,4d5b044b30051de4f0a6b2dc419ea9ca_shot_001_000,sync_c,mouth,7.289946
36,0.660066,4d5b044b30051de4f0a6b2dc419ea9ca_shot_001_000,pixel_mse,mouth,0.00156614
36,0.660066,4d5b044b30051de4f0a6b2dc419ea9ca_shot_001_000,pixel_mse,upper_face,0.00010544
36,0.660066,4d5b044b30051de4f0a6b2dc419ea9ca_shot_001_000,pixel_mse,full,0.00069994
36,0.660066,4d5b044b30051de4f0a6b2dc419ea9ca_shot_001_000,ssim,mouth,0.90273768
36,0.660066,4d5b044b30051de4f0a6b2dc419ea9ca_shot_001_000,ssim,upper_face,0.96962118
36,0.660066,4d5b044b30051de4f0a6b2dc419ea9ca_shot_001_000,ssim,full,0.94239974
36,0.660066,4d5b044b30051de4f0a6b2dc419ea9ca_shot_001_000,lpips,mouth,0.08407675
36,0.660066,4d5b044b30051de4f0a6b2dc419ea9ca_shot_001_000,lpips,full,0.05772351
36,0.660066,4d5b044b30051de4f0a6b2dc419ea9ca_shot_001_000,sharpness,mouth,8.0660
36,0.660066,4d5b044b30051de4f0a6b2dc419ea9ca_shot_001_000,lmd,mouth,3.794100
36,0.660066,4d5b044b30051de4f0a6b2dc419ea9ca_shot_001_000,sync_d,mouth,7.251519
36,0.660066,4d5b044b30051de4f0a6b2dc419ea9ca_shot_001_000,sync_c,mouth,7.300209
37,0.636942,4d5b044b30051de4f0a6b2dc419ea9ca_shot_001_000,pixel_mse,mouth,0.00156849
37,0.636942,4d5b044b30051de4f0a6b2dc419ea9ca_shot_001_000,pixel_mse,upper_face,0.00010371
37,0.636942,4d5b044b30051de4f0a6b2dc419ea9ca_shot_001_000,pixel_mse,full,0.00069987
37,0.636942,4d5b044b30051de4f0a6b2dc419ea9ca_shot_001_000,ssim,mouth,0.90233290
37,0.636942,4d5b044b30051de4f0a6b2dc419ea9ca_shot_001_000,ssim,upper_face,0.96972865
37,0.636942,4d5b044b30051de4f0a6b2dc419ea9ca_shot_001_000,ssim,full,0.94229877
37,0.636942,4d5b044b30051de4f0a6b2dc419ea9ca_shot_001_000,lpips,mouth,0.08387084
37,0.636942,4d5b044b30051de4f0a6b2dc419ea9ca_shot_001_000,lpips,full,0.05759165
37,0.636942,4d5b044b30051de4f0a6b2dc419ea9ca_shot_001_000,sharpness,mouth,8.0751
37,0.636942,4d5b044b30051de4f0a6b2dc419ea9ca_shot_001_000,lmd,mouth,3.865038
37,0.636942,4d5b044b30051de4f0a6b2dc419ea9ca_shot_001_000,sync_d,mouth,7.234562
37,0.636942,4d5b044b30051de4f0a6b2dc419ea9ca_shot_001_000,sync_c,mouth,7.245955
38,0.611932,4d5b044b30051de4f0a6b2dc419ea9ca_shot_001_000,pixel_mse,mouth,0.00157754
38,0.611932,4d5b044b30051de4f0a6b2dc419ea9ca_shot_001_000,pixel_mse,upper_face,0.00010299
38,0.611932,4d5b044b30051de4f0a6b2dc419ea9ca_shot_001_000,pixel_mse,full,0.00070313
38,0.611932,4d5b044b30051de4f0a6b2dc419ea9ca_shot_001_000,ssim,mouth,0.90198207
38,0.611932,4d5b044b30051de4f0a6b2dc419ea9ca_shot_001_000,ssim,upper_face,0.96992946
38,0.611932,4d5b044b30051de4f0a6b2dc419ea9ca_shot_001_000,ssim,full,0.94227505
38,0.611932,4d5b044b30051de4f0a6b2dc419ea9ca_shot_001_000,lpips,mouth,0.08410140
38,0.611932,4d5b044b30051de4f0a6b2dc419ea9ca_shot_001_000,lpips,full,0.05750369
38,0.611932,4d5b044b30051de4f0a6b2dc419ea9ca_shot_001_000,sharpness,mouth,8.0421
38,0.611932,4d5b044b30051de4f0a6b2dc419ea9ca_shot_001_000,lmd,mouth,3.796853
38,0.611932,4d5b044b30051de4f0a6b2dc419ea9ca_shot_001_000,sync_d,mouth,7.173041
38,0.611932,4d5b044b30051de4f0a6b2dc419ea9ca_shot_001_000,sync_c,mouth,7.251142
39,0.584795,4d5b044b30051de4f0a6b2dc419ea9ca_shot_001_000,pixel_mse,mouth,0.00158394
39,0.584795,4d5b044b30051de4f0a6b2dc419ea9ca_shot_001_000,pixel_mse,upper_face,0.00010356
39,0.584795,4d5b044b30051de4f0a6b2dc419ea9ca_shot_001_000,pixel_mse,full,0.00070607
39,0.584795,4d5b044b30051de4f0a6b2dc419ea9ca_shot_001_000,ssim,mouth,0.90159607
39,0.584795,4d5b044b30051de4f0a6b2dc419ea9ca_shot_001_000,ssim,upper_face,0.96997672
39,0.584795,4d5b044b30051de4f0a6b2dc419ea9ca_shot_001_000,ssim,full,0.94214600
39,0.584795,4d5b044b30051de4f0a6b2dc419ea9ca_shot_001_000,lpips,mouth,0.08423954
39,0.584795,4d5b044b30051de4f0a6b2dc419ea9ca_shot_001_000,lpips,full,0.05767119
39,0.584795,4d5b044b30051de4f0a6b2dc419ea9ca_shot_001_000,sharpness,mouth,8.0756
39,0.584795,4d5b044b30051de4f0a6b2dc419ea9ca_shot_001_000,lmd,mouth,3.783753
39,0.584795,4d5b044b30051de4f0a6b2dc419ea9ca_shot_001_000,sync_d,mouth,7.143145
39,0.584795,4d5b044b30051de4f0a6b2dc419ea9ca_shot_001_000,sync_c,mouth,7.313168
40,0.555247,4d5b044b30051de4f0a6b2dc419ea9ca_shot_001_000,pixel_mse,mouth,0.00159896
40,0.555247,4d5b044b30051de4f0a6b2dc419ea9ca_shot_001_000,pixel_mse,upper_face,0.00010654
40,0.555247,4d5b044b30051de4f0a6b2dc419ea9ca_shot_001_000,pixel_mse,full,0.00071395
40,0.555247,4d5b044b30051de4f0a6b2dc419ea9ca_shot_001_000,ssim,mouth,0.90085751
40,0.555247,4d5b044b30051de4f0a6b2dc419ea9ca_shot_001_000,ssim,upper_face,0.96990514
40,0.555247,4d5b044b30051de4f0a6b2dc419ea9ca_shot_001_000,ssim,full,0.94180286
40,0.555247,4d5b044b30051de4f0a6b2dc419ea9ca_shot_001_000,lpips,mouth,0.08459479
40,0.555247,4d5b044b30051de4f0a6b2dc419ea9ca_shot_001_000,lpips,full,0.05788025
40,0.555247,4d5b044b30051de4f0a6b2dc419ea9ca_shot_001_000,sharpness,mouth,8.0968
40,0.555247,4d5b044b30051de4f0a6b2dc419ea9ca_shot_001_000,lmd,mouth,3.786117
40,0.555247,4d5b044b30051de4f0a6b2dc419ea9ca_shot_001_000,sync_d,mouth,7.195848
40,0.555247,4d5b044b30051de4f0a6b2dc419ea9ca_shot_001_000,sync_c,mouth,7.217757
41,0.522951,4d5b044b30051de4f0a6b2dc419ea9ca_shot_001_000,pixel_mse,mouth,0.00161845
41,0.522951,4d5b044b30051de4f0a6b2dc419ea9ca_shot_001_000,pixel_mse,upper_face,0.00010563
41,0.522951,4d5b044b30051de4f0a6b2dc419ea9ca_shot_001_000,pixel_mse,full,0.00072134
41,0.522951,4d5b044b30051de4f0a6b2dc419ea9ca_shot_001_000,ssim,mouth,0.90003890
41,0.522951,4d5b044b30051de4f0a6b2dc419ea9ca_shot_001_000,ssim,upper_face,0.97016227
41,0.522951,4d5b044b30051de4f0a6b2dc419ea9ca_shot_001_000,ssim,full,0.94162226
41,0.522951,4d5b044b30051de4f0a6b2dc419ea9ca_shot_001_000,lpips,mouth,0.08480287
41,0.522951,4d5b044b30051de4f0a6b2dc419ea9ca_shot_001_000,lpips,full,0.05796397
41,0.522951,4d5b044b30051de4f0a6b2dc419ea9ca_shot_001_000,sharpness,mouth,8.0882
41,0.522951,4d5b044b30051de4f0a6b2dc419ea9ca_shot_001_000,lmd,mouth,3.825966
41,0.522951,4d5b044b30051de4f0a6b2dc419ea9ca_shot_001_000,sync_d,mouth,7.178680
41,0.522951,4d5b044b30051de4f0a6b2dc419ea9ca_shot_001_000,sync_c,mouth,7.252827
42,0.487507,4d5b044b30051de4f0a6b2dc419ea9ca_shot_001_000,pixel_mse,mouth,0.00162492
42,0.487507,4d5b044b30051de4f0a6b2dc419ea9ca_shot_001_000,pixel_mse,upper_face,0.00010296
42,0.487507,4d5b044b30051de4f0a6b2dc419ea9ca_shot_001_000,pixel_mse,full,0.00072240
42,0.487507,4d5b044b30051de4f0a6b2dc419ea9ca_shot_001_000,ssim,mouth,0.89941841
42,0.487507,4d5b044b30051de4f0a6b2dc419ea9ca_shot_001_000,ssim,upper_face,0.97028416
42,0.487507,4d5b044b30051de4f0a6b2dc419ea9ca_shot_001_000,ssim,full,0.94144195
42,0.487507,4d5b044b30051de4f0a6b2dc419ea9ca_shot_001_000,lpips,mouth,0.08540515
42,0.487507,4d5b044b30051de4f0a6b2dc419ea9ca_shot_001_000,lpips,full,0.05820822
42,0.487507,4d5b044b30051de4f0a6b2dc419ea9ca_shot_001_000,sharpness,mouth,8.0564
42,0.487507,4d5b044b30051de4f0a6b2dc419ea9ca_shot_001_000,lmd,mouth,3.809299
42,0.487507,4d5b044b30051de4f0a6b2dc419ea9ca_shot_001_000,sync_d,mouth,7.205413
42,0.487507,4d5b044b30051de4f0a6b2dc419ea9ca_shot_001_000,sync_c,mouth,7.197855
43,0.448430,4d5b044b30051de4f0a6b2dc419ea9ca_shot_001_000,pixel_mse,mouth,0.00164363
43,0.448430,4d5b044b30051de4f0a6b2dc419ea9ca_shot_001_000,pixel_mse,upper_face,0.00010397
43,0.448430,4d5b044b30051de4f0a6b2dc419ea9ca_shot_001_000,pixel_mse,full,0.00073060
43,0.448430,4d5b044b30051de4f0a6b2dc419ea9ca_shot_001_000,ssim,mouth,0.89876115
43,0.448430,4d5b044b30051de4f0a6b2dc419ea9ca_shot_001_000,ssim,upper_face,0.97041398
43,0.448430,4d5b044b30051de4f0a6b2dc419ea9ca_shot_001_000,ssim,full,0.94125140
43,0.448430,4d5b044b30051de4f0a6b2dc419ea9ca_shot_001_000,lpips,mouth,0.08526936
43,0.448430,4d5b044b30051de4f0a6b2dc419ea9ca_shot_001_000,lpips,full,0.05814019
43,0.448430,4d5b044b30051de4f0a6b2dc419ea9ca_shot_001_000,sharpness,mouth,8.0730
43,0.448430,4d5b044b30051de4f0a6b2dc419ea9ca_shot_001_000,lmd,mouth,3.805781
43,0.448430,4d5b044b30051de4f0a6b2dc419ea9ca_shot_001_000,sync_d,mouth,7.238335
43,0.448430,4d5b044b30051de4f0a6b2dc419ea9ca_shot_001_000,sync_c,mouth,7.155597
44,0.405131,4d5b044b30051de4f0a6b2dc419ea9ca_shot_001_000,pixel_mse,mouth,0.00165694
44,0.405131,4d5b044b30051de4f0a6b2dc419ea9ca_shot_001_000,pixel_mse,upper_face,0.00010648
44,0.405131,4d5b044b30051de4f0a6b2dc419ea9ca_shot_001_000,pixel_mse,full,0.00073751
44,0.405131,4d5b044b30051de4f0a6b2dc419ea9ca_shot_001_000,ssim,mouth,0.89789683
44,0.405131,4d5b044b30051de4f0a6b2dc419ea9ca_shot_001_000,ssim,upper_face,0.97043103
44,0.405131,4d5b044b30051de4f0a6b2dc419ea9ca_shot_001_000,ssim,full,0.94090980
44,0.405131,4d5b044b30051de4f0a6b2dc419ea9ca_shot_001_000,lpips,mouth,0.08589179
44,0.405131,4d5b044b30051de4f0a6b2dc419ea9ca_shot_001_000,lpips,full,0.05839775
44,0.405131,4d5b044b30051de4f0a6b2dc419ea9ca_shot_001_000,sharpness,mouth,8.0800
44,0.405131,4d5b044b30051de4f0a6b2dc419ea9ca_shot_001_000,lmd,mouth,3.860599
44,0.405131,4d5b044b30051de4f0a6b2dc419ea9ca_shot_001_000,sync_d,mouth,7.311058
44,0.405131,4d5b044b30051de4f0a6b2dc419ea9ca_shot_001_000,sync_c,mouth,7.094040
45,0.356888,4d5b044b30051de4f0a6b2dc419ea9ca_shot_001_000,pixel_mse,mouth,0.00167317
45,0.356888,4d5b044b30051de4f0a6b2dc419ea9ca_shot_001_000,pixel_mse,upper_face,0.00010724
45,0.356888,4d5b044b30051de4f0a6b2dc419ea9ca_shot_001_000,pixel_mse,full,0.00074457
45,0.356888,4d5b044b30051de4f0a6b2dc419ea9ca_shot_001_000,ssim,mouth,0.89694393
45,0.356888,4d5b044b30051de4f0a6b2dc419ea9ca_shot_001_000,ssim,upper_face,0.97045100
45,0.356888,4d5b044b30051de4f0a6b2dc419ea9ca_shot_001_000,ssim,full,0.94053388
45,0.356888,4d5b044b30051de4f0a6b2dc419ea9ca_shot_001_000,lpips,mouth,0.08602220
45,0.356888,4d5b044b30051de4f0a6b2dc419ea9ca_shot_001_000,lpips,full,0.05847052
45,0.356888,4d5b044b30051de4f0a6b2dc419ea9ca_shot_001_000,sharpness,mouth,8.0333
45,0.356888,4d5b044b30051de4f0a6b2dc419ea9ca_shot_001_000,lmd,mouth,3.829746
45,0.356888,4d5b044b30051de4f0a6b2dc419ea9ca_shot_001_000,sync_d,mouth,7.374961
45,0.356888,4d5b044b30051de4f0a6b2dc419ea9ca_shot_001_000,sync_c,mouth,7.078703
46,0.302801,4d5b044b30051de4f0a6b2dc419ea9ca_shot_001_000,pixel_mse,mouth,0.00169346
46,0.302801,4d5b044b30051de4f0a6b2dc419ea9ca_shot_001_000,pixel_mse,upper_face,0.00010590
46,0.302801,4d5b044b30051de4f0a6b2dc419ea9ca_shot_001_000,pixel_mse,full,0.00075203
46,0.302801,4d5b044b30051de4f0a6b2dc419ea9ca_shot_001_000,ssim,mouth,0.89579177
46,0.302801,4d5b044b30051de4f0a6b2dc419ea9ca_shot_001_000,ssim,upper_face,0.97045690
46,0.302801,4d5b044b30051de4f0a6b2dc419ea9ca_shot_001_000,ssim,full,0.94006836
46,0.302801,4d5b044b30051de4f0a6b2dc419ea9ca_shot_001_000,lpips,mouth,0.08613614
46,0.302801,4d5b044b30051de4f0a6b2dc419ea9ca_shot_001_000,lpips,full,0.05854986
46,0.302801,4d5b044b30051de4f0a6b2dc419ea9ca_shot_001_000,sharpness,mouth,8.0245
46,0.302801,4d5b044b30051de4f0a6b2dc419ea9ca_shot_001_000,lmd,mouth,3.729662
46,0.302801,4d5b044b30051de4f0a6b2dc419ea9ca_shot_001_000,sync_d,mouth,7.355643
46,0.302801,4d5b044b30051de4f0a6b2dc419ea9ca_shot_001_000,sync_c,mouth,7.134621
47,0.241740,4d5b044b30051de4f0a6b2dc419ea9ca_shot_001_000,pixel_mse,mouth,0.00171653
47,0.241740,4d5b044b30051de4f0a6b2dc419ea9ca_shot_001_000,pixel_mse,upper_face,0.00010682
47,0.241740,4d5b044b30051de4f0a6b2dc419ea9ca_shot_001_000,pixel_mse,full,0.00076197
47,0.241740,4d5b044b30051de4f0a6b2dc419ea9ca_shot_001_000,ssim,mouth,0.89433080
47,0.241740,4d5b044b30051de4f0a6b2dc419ea9ca_shot_001_000,ssim,upper_face,0.97039455
47,0.241740,4d5b044b30051de4f0a6b2dc419ea9ca_shot_001_000,ssim,full,0.93943685
47,0.241740,4d5b044b30051de4f0a6b2dc419ea9ca_shot_001_000,lpips,mouth,0.08672807
47,0.241740,4d5b044b30051de4f0a6b2dc419ea9ca_shot_001_000,lpips,full,0.05910005
47,0.241740,4d5b044b30051de4f0a6b2dc419ea9ca_shot_001_000,sharpness,mouth,7.9950
47,0.241740,4d5b044b30051de4f0a6b2dc419ea9ca_shot_001_000,lmd,mouth,3.724293
47,0.241740,4d5b044b30051de4f0a6b2dc419ea9ca_shot_001_000,sync_d,mouth,7.237603
47,0.241740,4d5b044b30051de4f0a6b2dc419ea9ca_shot_001_000,sync_c,mouth,7.227294
48,0.172265,4d5b044b30051de4f0a6b2dc419ea9ca_shot_001_000,pixel_mse,mouth,0.00173723
48,0.172265,4d5b044b30051de4f0a6b2dc419ea9ca_shot_001_000,pixel_mse,upper_face,0.00010598
48,0.172265,4d5b044b30051de4f0a6b2dc419ea9ca_shot_001_000,pixel_mse,full,0.00076990
48,0.172265,4d5b044b30051de4f0a6b2dc419ea9ca_shot_001_000,ssim,mouth,0.89281613
48,0.172265,4d5b044b30051de4f0a6b2dc419ea9ca_shot_001_000,ssim,upper_face,0.97039664
48,0.172265,4d5b044b30051de4f0a6b2dc419ea9ca_shot_001_000,ssim,full,0.93882149
48,0.172265,4d5b044b30051de4f0a6b2dc419ea9ca_shot_001_000,lpips,mouth,0.08738770
48,0.172265,4d5b044b30051de4f0a6b2dc419ea9ca_shot_001_000,lpips,full,0.05921158
48,0.172265,4d5b044b30051de4f0a6b2dc419ea9ca_shot_001_000,sharpness,mouth,7.9565
48,0.172265,4d5b044b30051de4f0a6b2dc419ea9ca_shot_001_000,lmd,mouth,3.742247
48,0.172265,4d5b044b30051de4f0a6b2dc419ea9ca_shot_001_000,sync_d,mouth,7.257809
48,0.172265,4d5b044b30051de4f0a6b2dc419ea9ca_shot_001_000,sync_c,mouth,7.179470
49,0.092507,4d5b044b30051de4f0a6b2dc419ea9ca_shot_001_000,pixel_mse,mouth,0.00175554
49,0.092507,4d5b044b30051de4f0a6b2dc419ea9ca_shot_001_000,pixel_mse,upper_face,0.00010685
49,0.092507,4d5b044b30051de4f0a6b2dc419ea9ca_shot_001_000,pixel_mse,full,0.00077786
49,0.092507,4d5b044b30051de4f0a6b2dc419ea9ca_shot_001_000,ssim,mouth,0.89106524
49,0.092507,4d5b044b30051de4f0a6b2dc419ea9ca_shot_001_000,ssim,upper_face,0.97019142
49,0.092507,4d5b044b30051de4f0a6b2dc419ea9ca_shot_001_000,ssim,full,0.93798727
49,0.092507,4d5b044b30051de4f0a6b2dc419ea9ca_shot_001_000,lpips,mouth,0.08774220
49,0.092507,4d5b044b30051de4f0a6b2dc419ea9ca_shot_001_000,lpips,full,0.05941570
49,0.092507,4d5b044b30051de4f0a6b2dc419ea9ca_shot_001_000,sharpness,mouth,7.9590
49,0.092507,4d5b044b30051de4f0a6b2dc419ea9ca_shot_001_000,lmd,mouth,3.859508
49,0.092507,4d5b044b30051de4f0a6b2dc419ea9ca_shot_001_000,sync_d,mouth,7.332813
49,0.092507,4d5b044b30051de4f0a6b2dc419ea9ca_shot_001_000,sync_c,mouth,7.157771
-1,gt,59cdb196328a33d4c7b1248b916e5090_shot_001_000,sharpness,mouth,5.2486
-1,gt,59cdb196328a33d4c7b1248b916e5090_shot_001_000,sync_d,mouth,8.588214
-1,gt,59cdb196328a33d4c7b1248b916e5090_shot_001_000,sync_c,mouth,6.953785
0,0.999000,59cdb196328a33d4c7b1248b916e5090_shot_001_000,pixel_mse,mouth,0.00101700
0,0.999000,59cdb196328a33d4c7b1248b916e5090_shot_001_000,pixel_mse,upper_face,0.00011967
0,0.999000,59cdb196328a33d4c7b1248b916e5090_shot_001_000,pixel_mse,full,0.00048488
0,0.999000,59cdb196328a33d4c7b1248b916e5090_shot_001_000,ssim,mouth,0.92167550
0,0.999000,59cdb196328a33d4c7b1248b916e5090_shot_001_000,ssim,upper_face,0.96295488
0,0.999000,59cdb196328a33d4c7b1248b916e5090_shot_001_000,ssim,full,0.94615430
0,0.999000,59cdb196328a33d4c7b1248b916e5090_shot_001_000,lpips,mouth,0.09117413
0,0.999000,59cdb196328a33d4c7b1248b916e5090_shot_001_000,lpips,full,0.06519640
0,0.999000,59cdb196328a33d4c7b1248b916e5090_shot_001_000,sharpness,mouth,5.2958
0,0.999000,59cdb196328a33d4c7b1248b916e5090_shot_001_000,lmd,mouth,5.041701
0,0.999000,59cdb196328a33d4c7b1248b916e5090_shot_001_000,sync_d,mouth,7.368724
0,0.999000,59cdb196328a33d4c7b1248b916e5090_shot_001_000,sync_c,mouth,7.505461
1,0.995732,59cdb196328a33d4c7b1248b916e5090_shot_001_000,pixel_mse,mouth,0.00102243
1,0.995732,59cdb196328a33d4c7b1248b916e5090_shot_001_000,pixel_mse,upper_face,0.00012722
1,0.995732,59cdb196328a33d4c7b1248b916e5090_shot_001_000,pixel_mse,full,0.00049157
1,0.995732,59cdb196328a33d4c7b1248b916e5090_shot_001_000,ssim,mouth,0.92185616
1,0.995732,59cdb196328a33d4c7b1248b916e5090_shot_001_000,ssim,upper_face,0.96262169
1,0.995732,59cdb196328a33d4c7b1248b916e5090_shot_001_000,ssim,full,0.94603032
1,0.995732,59cdb196328a33d4c7b1248b916e5090_shot_001_000,lpips,mouth,0.09102444
1,0.995732,59cdb196328a33d4c7b1248b916e5090_shot_001_000,lpips,full,0.06527047
1,0.995732,59cdb196328a33d4c7b1248b916e5090_shot_001_000,sharpness,mouth,5.2812
1,0.995732,59cdb196328a33d4c7b1248b916e5090_shot_001_000,lmd,mouth,5.071170
1,0.995732,59cdb196328a33d4c7b1248b916e5090_shot_001_000,sync_d,mouth,7.365531
1,0.995732,59cdb196328a33d4c7b1248b916e5090_shot_001_000,sync_c,mouth,7.356827
2,0.991530,59cdb196328a33d4c7b1248b916e5090_shot_001_000,pixel_mse,mouth,0.00098142
2,0.991530,59cdb196328a33d4c7b1248b916e5090_shot_001_000,pixel_mse,upper_face,0.00013071
2,0.991530,59cdb196328a33d4c7b1248b916e5090_shot_001_000,pixel_mse,full,0.00047695
2,0.991530,59cdb196328a33d4c7b1248b916e5090_shot_001_000,ssim,mouth,0.92304486
2,0.991530,59cdb196328a33d4c7b1248b916e5090_shot_001_000,ssim,upper_face,0.96252543
2,0.991530,59cdb196328a33d4c7b1248b916e5090_shot_001_000,ssim,full,0.94645703
2,0.991530,59cdb196328a33d4c7b1248b916e5090_shot_001_000,lpips,mouth,0.08951735
2,0.991530,59cdb196328a33d4c7b1248b916e5090_shot_001_000,lpips,full,0.06385893
2,0.991530,59cdb196328a33d4c7b1248b916e5090_shot_001_000,sharpness,mouth,5.2450
2,0.991530,59cdb196328a33d4c7b1248b916e5090_shot_001_000,lmd,mouth,4.829328
2,0.991530,59cdb196328a33d4c7b1248b916e5090_shot_001_000,sync_d,mouth,7.432110
2,0.991530,59cdb196328a33d4c7b1248b916e5090_shot_001_000,sync_c,mouth,7.282681
3,0.987187,59cdb196328a33d4c7b1248b916e5090_shot_001_000,pixel_mse,mouth,0.00093823
3,0.987187,59cdb196328a33d4c7b1248b916e5090_shot_001_000,pixel_mse,upper_face,0.00013596
3,0.987187,59cdb196328a33d4c7b1248b916e5090_shot_001_000,pixel_mse,full,0.00046248
3,0.987187,59cdb196328a33d4c7b1248b916e5090_shot_001_000,ssim,mouth,0.92393327
3,0.987187,59cdb196328a33d4c7b1248b916e5090_shot_001_000,ssim,upper_face,0.96217346
3,0.987187,59cdb196328a33d4c7b1248b916e5090_shot_001_000,ssim,full,0.94660985
3,0.987187,59cdb196328a33d4c7b1248b916e5090_shot_001_000,lpips,mouth,0.08840571
3,0.987187,59cdb196328a33d4c7b1248b916e5090_shot_001_000,lpips,full,0.06296134
3,0.987187,59cdb196328a33d4c7b1248b916e5090_shot_001_000,sharpness,mouth,5.2072
3,0.987187,59cdb196328a33d4c7b1248b916e5090_shot_001_000,lmd,mouth,4.870043
3,0.987187,59cdb196328a33d4c7b1248b916e5090_shot_001_000,sync_d,mouth,7.275304
3,0.987187,59cdb196328a33d4c7b1248b916e5090_shot_001_000,sync_c,mouth,7.397137
4,0.982696,59cdb196328a33d4c7b1248b916e5090_shot_001_000,pixel_mse,mouth,0.00093818
4,0.982696,59cdb196328a33d4c7b1248b916e5090_shot_001_000,pixel_mse,upper_face,0.00013512
4,0.982696,59cdb196328a33d4c7b1248b916e5090_shot_001_000,pixel_mse,full,0.00046196
4,0.982696,59cdb196328a33d4c7b1248b916e5090_shot_001_000,ssim,mouth,0.92403084
4,0.982696,59cdb196328a33d4c7b1248b916e5090_shot_001_000,ssim,upper_face,0.96159196
4,0.982696,59cdb196328a33d4c7b1248b916e5090_shot_001_000,ssim,full,0.94630468
4,0.982696,59cdb196328a33d4c7b1248b916e5090_shot_001_000,lpips,mouth,0.08819207
4,0.982696,59cdb196328a33d4c7b1248b916e5090_shot_001_000,lpips,full,0.06283183
4,0.982696,59cdb196328a33d4c7b1248b916e5090_shot_001_000,sharpness,mouth,5.1715
4,0.982696,59cdb196328a33d4c7b1248b916e5090_shot_001_000,lmd,mouth,4.779688
4,0.982696,59cdb196328a33d4c7b1248b916e5090_shot_001_000,sync_d,mouth,7.400778
4,0.982696,59cdb196328a33d4c7b1248b916e5090_shot_001_000,sync_c,mouth,7.343962
5,0.978048,59cdb196328a33d4c7b1248b916e5090_shot_001_000,pixel_mse,mouth,0.00093108
5,0.978048,59cdb196328a33d4c7b1248b916e5090_shot_001_000,pixel_mse,upper_face,0.00012794
5,0.978048,59cdb196328a33d4c7b1248b916e5090_shot_001_000,pixel_mse,full,0.00045482
5,0.978048,59cdb196328a33d4c7b1248b916e5090_shot_001_000,ssim,mouth,0.92496032
5,0.978048,59cdb196328a33d4c7b1248b916e5090_shot_001_000,ssim,upper_face,0.96363848
5,0.978048,59cdb196328a33d4c7b1248b916e5090_shot_001_000,ssim,full,0.94789660
5,0.978048,59cdb196328a33d4c7b1248b916e5090_shot_001_000,lpips,mouth,0.08790053
5,0.978048,59cdb196328a33d4c7b1248b916e5090_shot_001_000,lpips,full,0.06229122
5,0.978048,59cdb196328a33d4c7b1248b916e5090_shot_001_000,sharpness,mouth,5.1706
5,0.978048,59cdb196328a33d4c7b1248b916e5090_shot_001_000,lmd,mouth,4.794673
5,0.978048,59cdb196328a33d4c7b1248b916e5090_shot_001_000,sync_d,mouth,7.425727
5,0.978048,59cdb196328a33d4c7b1248b916e5090_shot_001_000,sync_c,mouth,7.419961
6,0.973236,59cdb196328a33d4c7b1248b916e5090_shot_001_000,pixel_mse,mouth,0.00092676
6,0.973236,59cdb196328a33d4c7b1248b916e5090_shot_001_000,pixel_mse,upper_face,0.00012459
6,0.973236,59cdb196328a33d4c7b1248b916e5090_shot_001_000,pixel_mse,full,0.00045107
6,0.973236,59cdb196328a33d4c7b1248b916e5090_shot_001_000,ssim,mouth,0.92499685
6,0.973236,59cdb196328a33d4c7b1248b916e5090_shot_001_000,ssim,upper_face,0.96373552
6,0.973236,59cdb196328a33d4c7b1248b916e5090_shot_001_000,ssim,full,0.94796896
6,0.973236,59cdb196328a33d4c7b1248b916e5090_shot_001_000,lpips,mouth,0.08751948
6,0.973236,59cdb196328a33d4c7b1248b916e5090_shot_001_000,lpips,full,0.06211586
6,0.973236,59cdb196328a33d4c7b1248b916e5090_shot_001_000,sharpness,mouth,5.1248
6,0.973236,59cdb196328a33d4c7b1248b916e5090_shot_001_000,lmd,mouth,4.692601
6,0.973236,59cdb196328a33d4c7b1248b916e5090_shot_001_000,sync_d,mouth,7.433526
6,0.973236,59cdb196328a33d4c7b1248b916e5090_shot_001_000,sync_c,mouth,7.351462
7,0.968250,59cdb196328a33d4c7b1248b916e5090_shot_001_000,pixel_mse,mouth,0.00095730
7,0.968250,59cdb196328a33d4c7b1248b916e5090_shot_001_000,pixel_mse,upper_face,0.00012899
7,0.968250,59cdb196328a33d4c7b1248b916e5090_shot_001_000,pixel_mse,full,0.00046611
7,0.968250,59cdb196328a33d4c7b1248b916e5090_shot_001_000,ssim,mouth,0.92394739
7,0.968250,59cdb196328a33d4c7b1248b916e5090_shot_001_000,ssim,upper_face,0.96367407
7,0.968250,59cdb196328a33d4c7b1248b916e5090_shot_001_000,ssim,full,0.94750535
7,0.968250,59cdb196328a33d4c7b1248b916e5090_shot_001_000,lpips,mouth,0.08841798
7,0.968250,59cdb196328a33d4c7b1248b916e5090_shot_001_000,lpips,full,0.06254455
7,0.968250,59cdb196328a33d4c7b1248b916e5090_shot_001_000,sharpness,mouth,5.1810
7,0.968250,59cdb196328a33d4c7b1248b916e5090_shot_001_000,lmd,mouth,4.752896
7,0.968250,59cdb196328a33d4c7b1248b916e5090_shot_001_000,sync_d,mouth,7.204669
7,0.968250,59cdb196328a33d4c7b1248b916e5090_shot_001_000,sync_c,mouth,7.551581
8,0.963082,59cdb196328a33d4c7b1248b916e5090_shot_001_000,pixel_mse,mouth,0.00098858
8,0.963082,59cdb196328a33d4c7b1248b916e5090_shot_001_000,pixel_mse,upper_face,0.00012477
8,0.963082,59cdb196328a33d4c7b1248b916e5090_shot_001_000,pixel_mse,full,0.00047634
8,0.963082,59cdb196328a33d4c7b1248b916e5090_shot_001_000,ssim,mouth,0.92357081
8,0.963082,59cdb196328a33d4c7b1248b916e5090_shot_001_000,ssim,upper_face,0.96443391
8,0.963082,59cdb196328a33d4c7b1248b916e5090_shot_001_000,ssim,full,0.94780278
8,0.963082,59cdb196328a33d4c7b1248b916e5090_shot_001_000,lpips,mouth,0.08921804
8,0.963082,59cdb196328a33d4c7b1248b916e5090_shot_001_000,lpips,full,0.06277725
8,0.963082,59cdb196328a33d4c7b1248b916e5090_shot_001_000,sharpness,mouth,5.1659
8,0.963082,59cdb196328a33d4c7b1248b916e5090_shot_001_000,lmd,mouth,4.773855
8,0.963082,59cdb196328a33d4c7b1248b916e5090_shot_001_000,sync_d,mouth,7.322850
8,0.963082,59cdb196328a33d4c7b1248b916e5090_shot_001_000,sync_c,mouth,7.559182
9,0.957720,59cdb196328a33d4c7b1248b916e5090_shot_001_000,pixel_mse,mouth,0.00096561
9,0.957720,59cdb196328a33d4c7b1248b916e5090_shot_001_000,pixel_mse,upper_face,0.00011470
9,0.957720,59cdb196328a33d4c7b1248b916e5090_shot_001_000,pixel_mse,full,0.00046102
9,0.957720,59cdb196328a33d4c7b1248b916e5090_shot_001_000,ssim,mouth,0.92382097
9,0.957720,59cdb196328a33d4c7b1248b916e5090_shot_001_000,ssim,upper_face,0.96573651
9,0.957720,59cdb196328a33d4c7b1248b916e5090_shot_001_000,ssim,full,0.94867694
9,0.957720,59cdb196328a33d4c7b1248b916e5090_shot_001_000,lpips,mouth,0.08895842
9,0.957720,59cdb196328a33d4c7b1248b916e5090_shot_001_000,lpips,full,0.06251881
9,0.957720,59cdb196328a33d4c7b1248b916e5090_shot_001_000,sharpness,mouth,5.1949
9,0.957720,59cdb196328a33d4c7b1248b916e5090_shot_001_000,lmd,mouth,4.900573
9,0.957720,59cdb196328a33d4c7b1248b916e5090_shot_001_000,sync_d,mouth,7.290370
9,0.957720,59cdb196328a33d4c7b1248b916e5090_shot_001_000,sync_c,mouth,7.528968
10,0.952154,59cdb196328a33d4c7b1248b916e5090_shot_001_000,pixel_mse,mouth,0.00096952
10,0.952154,59cdb196328a33d4c7b1248b916e5090_shot_001_000,pixel_mse,upper_face,0.00012495
10,0.952154,59cdb196328a33d4c7b1248b916e5090_shot_001_000,pixel_mse,full,0.00046869
10,0.952154,59cdb196328a33d4c7b1248b916e5090_shot_001_000,ssim,mouth,0.92391258
10,0.952154,59cdb196328a33d4c7b1248b916e5090_shot_001_000,ssim,upper_face,0.96570700
10,0.952154,59cdb196328a33d4c7b1248b916e5090_shot_001_000,ssim,full,0.94869673
10,0.952154,59cdb196328a33d4c7b1248b916e5090_shot_001_000,lpips,mouth,0.08845791
10,0.952154,59cdb196328a33d4c7b1248b916e5090_shot_001_000,lpips,full,0.06231694
10,0.952154,59cdb196328a33d4c7b1248b916e5090_shot_001_000,sharpness,mouth,5.1725
10,0.952154,59cdb196328a33d4c7b1248b916e5090_shot_001_000,lmd,mouth,4.843018
10,0.952154,59cdb196328a33d4c7b1248b916e5090_shot_001_000,sync_d,mouth,7.269999
10,0.952154,59cdb196328a33d4c7b1248b916e5090_shot_001_000,sync_c,mouth,7.506764
11,0.946372,59cdb196328a33d4c7b1248b916e5090_shot_001_000,pixel_mse,mouth,0.00097002
11,0.946372,59cdb196328a33d4c7b1248b916e5090_shot_001_000,pixel_mse,upper_face,0.00011448
11,0.946372,59cdb196328a33d4c7b1248b916e5090_shot_001_000,pixel_mse,full,0.00046269
11,0.946372,59cdb196328a33d4c7b1248b916e5090_shot_001_000,ssim,mouth,0.92402732
11,0.946372,59cdb196328a33d4c7b1248b916e5090_shot_001_000,ssim,upper_face,0.96641767
11,0.946372,59cdb196328a33d4c7b1248b916e5090_shot_001_000,ssim,full,0.94916499
11,0.946372,59cdb196328a33d4c7b1248b916e5090_shot_001_000,lpips,mouth,0.08845697
11,0.946372,59cdb196328a33d4c7b1248b916e5090_shot_001_000,lpips,full,0.06220994
11,0.946372,59cdb196328a33d4c7b1248b916e5090_shot_001_000,sharpness,mouth,5.2409
11,0.946372,59cdb196328a33d4c7b1248b916e5090_shot_001_000,lmd,mouth,4.894035
11,0.946372,59cdb196328a33d4c7b1248b916e5090_shot_001_000,sync_d,mouth,7.347589
11,0.946372,59cdb196328a33d4c7b1248b916e5090_shot_001_000,sync_c,mouth,7.515467
12,0.940361,59cdb196328a33d4c7b1248b916e5090_shot_001_000,pixel_mse,mouth,0.00093522
12,0.940361,59cdb196328a33d4c7b1248b916e5090_shot_001_000,pixel_mse,upper_face,0.00011473
12,0.940361,59cdb196328a33d4c7b1248b916e5090_shot_001_000,pixel_mse,full,0.00044866
12,0.940361,59cdb196328a33d4c7b1248b916e5090_shot_001_000,ssim,mouth,0.92482662
12,0.940361,59cdb196328a33d4c7b1248b916e5090_shot_001_000,ssim,upper_face,0.96701503
12,0.940361,59cdb196328a33d4c7b1248b916e5090_shot_001_000,ssim,full,0.94984448
12,0.940361,59cdb196328a33d4c7b1248b916e5090_shot_001_000,lpips,mouth,0.08735832
12,0.940361,59cdb196328a33d4c7b1248b916e5090_shot_001_000,lpips,full,0.06155837
12,0.940361,59cdb196328a33d4c7b1248b916e5090_shot_001_000,sharpness,mouth,5.2028
12,0.940361,59cdb196328a33d4c7b1248b916e5090_shot_001_000,lmd,mouth,4.741489
12,0.940361,59cdb196328a33d4c7b1248b916e5090_shot_001_000,sync_d,mouth,7.430698
12,0.940361,59cdb196328a33d4c7b1248b916e5090_shot_001_000,sync_c,mouth,7.417609
13,0.934107,59cdb196328a33d4c7b1248b916e5090_shot_001_000,pixel_mse,mouth,0.00087925
13,0.934107,59cdb196328a33d4c7b1248b916e5090_shot_001_000,pixel_mse,upper_face,0.00011025
13,0.934107,59cdb196328a33d4c7b1248b916e5090_shot_001_000,pixel_mse,full,0.00042323
13,0.934107,59cdb196328a33d4c7b1248b916e5090_shot_001_000,ssim,mouth,0.92622185
13,0.934107,59cdb196328a33d4c7b1248b916e5090_shot_001_000,ssim,upper_face,0.96737504
13,0.934107,59cdb196328a33d4c7b1248b916e5090_shot_001_000,ssim,full,0.95062566
13,0.934107,59cdb196328a33d4c7b1248b916e5090_shot_001_000,lpips,mouth,0.08591262
13,0.934107,59cdb196328a33d4c7b1248b916e5090_shot_001_000,lpips,full,0.06059985
13,0.934107,59cdb196328a33d4c7b1248b916e5090_shot_001_000,sharpness,mouth,5.1845
13,0.934107,59cdb196328a33d4c7b1248b916e5090_shot_001_000,lmd,mouth,4.812165
13,0.934107,59cdb196328a33d4c7b1248b916e5090_shot_001_000,sync_d,mouth,7.300313
13,0.934107,59cdb196328a33d4c7b1248b916e5090_shot_001_000,sync_c,mouth,7.700417
14,0.927596,59cdb196328a33d4c7b1248b916e5090_shot_001_000,pixel_mse,mouth,0.00082911
14,0.927596,59cdb196328a33d4c7b1248b916e5090_shot_001_000,pixel_mse,upper_face,0.00011099
14,0.927596,59cdb196328a33d4c7b1248b916e5090_shot_001_000,pixel_mse,full,0.00040327
14,0.927596,59cdb196328a33d4c7b1248b916e5090_shot_001_000,ssim,mouth,0.92727351
14,0.927596,59cdb196328a33d4c7b1248b916e5090_shot_001_000,ssim,upper_face,0.96708083
14,0.927596,59cdb196328a33d4c7b1248b916e5090_shot_001_000,ssim,full,0.95087940
14,0.927596,59cdb196328a33d4c7b1248b916e5090_shot_001_000,lpips,mouth,0.08387447
14,0.927596,59cdb196328a33d4c7b1248b916e5090_shot_001_000,lpips,full,0.05934448
14,0.927596,59cdb196328a33d4c7b1248b916e5090_shot_001_000,sharpness,mouth,5.1758
14,0.927596,59cdb196328a33d4c7b1248b916e5090_shot_001_000,lmd,mouth,4.767190
14,0.927596,59cdb196328a33d4c7b1248b916e5090_shot_001_000,sync_d,mouth,7.353085
14,0.927596,59cdb196328a33d4c7b1248b916e5090_shot_001_000,sync_c,mouth,7.641430
15,0.920810,59cdb196328a33d4c7b1248b916e5090_shot_001_000,pixel_mse,mouth,0.00080558
15,0.920810,59cdb196328a33d4c7b1248b916e5090_shot_001_000,pixel_mse,upper_face,0.00011222
15,0.920810,59cdb196328a33d4c7b1248b916e5090_shot_001_000,pixel_mse,full,0.00039441
15,0.920810,59cdb196328a33d4c7b1248b916e5090_shot_001_000,ssim,mouth,0.92785031
15,0.920810,59cdb196328a33d4c7b1248b916e5090_shot_001_000,ssim,upper_face,0.96724689
15,0.920810,59cdb196328a33d4c7b1248b916e5090_shot_001_000,ssim,full,0.95121264
15,0.920810,59cdb196328a33d4c7b1248b916e5090_shot_001_000,lpips,mouth,0.08333900
15,0.920810,59cdb196328a33d4c7b1248b916e5090_shot_001_000,lpips,full,0.05910630
15,0.920810,59cdb196328a33d4c7b1248b916e5090_shot_001_000,sharpness,mouth,5.1771
15,0.920810,59cdb196328a33d4c7b1248b916e5090_shot_001_000,lmd,mouth,4.702991
15,0.920810,59cdb196328a33d4c7b1248b916e5090_shot_001_000,sync_d,mouth,7.282654
15,0.920810,59cdb196328a33d4c7b1248b916e5090_shot_001_000,sync_c,mouth,7.627776
16,0.913733,59cdb196328a33d4c7b1248b916e5090_shot_001_000,pixel_mse,mouth,0.00078634
16,0.913733,59cdb196328a33d4c7b1248b916e5090_shot_001_000,pixel_mse,upper_face,0.00010624
16,0.913733,59cdb196328a33d4c7b1248b916e5090_shot_001_000,pixel_mse,full,0.00038304
16,0.913733,59cdb196328a33d4c7b1248b916e5090_shot_001_000,ssim,mouth,0.92863363
16,0.913733,59cdb196328a33d4c7b1248b916e5090_shot_001_000,ssim,upper_face,0.96809876
16,0.913733,59cdb196328a33d4c7b1248b916e5090_shot_001_000,ssim,full,0.95203662
16,0.913733,59cdb196328a33d4c7b1248b916e5090_shot_001_000,lpips,mouth,0.08252531
16,0.913733,59cdb196328a33d4c7b1248b916e5090_shot_001_000,lpips,full,0.05838642
16,0.913733,59cdb196328a33d4c7b1248b916e5090_shot_001_000,sharpness,mouth,5.1679
16,0.913733,59cdb196328a33d4c7b1248b916e5090_shot_001_000,lmd,mouth,4.797644
16,0.913733,59cdb196328a33d4c7b1248b916e5090_shot_001_000,sync_d,mouth,7.322452
16,0.913733,59cdb196328a33d4c7b1248b916e5090_shot_001_000,sync_c,mouth,7.631405
17,0.906344,59cdb196328a33d4c7b1248b916e5090_shot_001_000,pixel_mse,mouth,0.00079203
17,0.906344,59cdb196328a33d4c7b1248b916e5090_shot_001_000,pixel_mse,upper_face,0.00010853
17,0.906344,59cdb196328a33d4c7b1248b916e5090_shot_001_000,pixel_mse,full,0.00038671
17,0.906344,59cdb196328a33d4c7b1248b916e5090_shot_001_000,ssim,mouth,0.92856985
17,0.906344,59cdb196328a33d4c7b1248b916e5090_shot_001_000,ssim,upper_face,0.96781224
17,0.906344,59cdb196328a33d4c7b1248b916e5090_shot_001_000,ssim,full,0.95184070
17,0.906344,59cdb196328a33d4c7b1248b916e5090_shot_001_000,lpips,mouth,0.08176656
17,0.906344,59cdb196328a33d4c7b1248b916e5090_shot_001_000,lpips,full,0.05805808
17,0.906344,59cdb196328a33d4c7b1248b916e5090_shot_001_000,sharpness,mouth,5.1602
17,0.906344,59cdb196328a33d4c7b1248b916e5090_shot_001_000,lmd,mouth,4.799906
17,0.906344,59cdb196328a33d4c7b1248b916e5090_shot_001_000,sync_d,mouth,7.227152
17,0.906344,59cdb196328a33d4c7b1248b916e5090_shot_001_000,sync_c,mouth,7.760364
18,0.898624,59cdb196328a33d4c7b1248b916e5090_shot_001_000,pixel_mse,mouth,0.00079483
18,0.898624,59cdb196328a33d4c7b1248b916e5090_shot_001_000,pixel_mse,upper_face,0.00010951
18,0.898624,59cdb196328a33d4c7b1248b916e5090_shot_001_000,pixel_mse,full,0.00038844
18,0.898624,59cdb196328a33d4c7b1248b916e5090_shot_001_000,ssim,mouth,0.92898166
18,0.898624,59cdb196328a33d4c7b1248b916e5090_shot_001_000,ssim,upper_face,0.96813881
18,0.898624,59cdb196328a33d4c7b1248b916e5090_shot_001_000,ssim,full,0.95220184
18,0.898624,59cdb196328a33d4c7b1248b916e5090_shot_001_000,lpips,mouth,0.08149044
18,0.898624,59cdb196328a33d4c7b1248b916e5090_shot_001_000,lpips,full,0.05777822
18,0.898624,59cdb196328a33d4c7b1248b916e5090_shot_001_000,sharpness,mouth,5.1400
18,0.898624,59cdb196328a33d4c7b1248b916e5090_shot_001_000,lmd,mouth,4.817060
18,0.898624,59cdb196328a33d4c7b1248b916e5090_shot_001_000,sync_d,mouth,7.336252
18,0.898624,59cdb196328a33d4c7b1248b916e5090_shot_001_000,sync_c,mouth,7.666261
19,0.890548,59cdb196328a33d4c7b1248b916e5090_shot_001_000,pixel_mse,mouth,0.00078620
19,0.890548,59cdb196328a33d4c7b1248b916e5090_shot_001_000,pixel_mse,upper_face,0.00010883
19,0.890548,59cdb196328a33d4c7b1248b916e5090_shot_001_000,pixel_mse,full,0.00038452
19,0.890548,59cdb196328a33d4c7b1248b916e5090_shot_001_000,ssim,mouth,0.92901582
19,0.890548,59cdb196328a33d4c7b1248b916e5090_shot_001_000,ssim,upper_face,0.96787149
19,0.890548,59cdb196328a33d4c7b1248b916e5090_shot_001_000,ssim,full,0.95205736
19,0.890548,59cdb196328a33d4c7b1248b916e5090_shot_001_000,lpips,mouth,0.08108371
19,0.890548,59cdb196328a33d4c7b1248b916e5090_shot_001_000,lpips,full,0.05753884
19,0.890548,59cdb196328a33d4c7b1248b916e5090_shot_001_000,sharpness,mouth,5.1535
19,0.890548,59cdb196328a33d4c7b1248b916e5090_shot_001_000,lmd,mouth,4.865624
19,0.890548,59cdb196328a33d4c7b1248b916e5090_shot_001_000,sync_d,mouth,7.325057
19,0.890548,59cdb196328a33d4c7b1248b916e5090_shot_001_000,sync_c,mouth,7.611439
20,0.882093,59cdb196328a33d4c7b1248b916e5090_shot_001_000,pixel_mse,mouth,0.00079111
20,0.882093,59cdb196328a33d4c7b1248b916e5090_shot_001_000,pixel_mse,upper_face,0.00010885
20,0.882093,59cdb196328a33d4c7b1248b916e5090_shot_001_000,pixel_mse,full,0.00038653
20,0.882093,59cdb196328a33d4c7b1248b916e5090_shot_001_000,ssim,mouth,0.92894906
20,0.882093,59cdb196328a33d4c7b1248b916e5090_shot_001_000,ssim,upper_face,0.96796972
20,0.882093,59cdb196328a33d4c7b1248b916e5090_shot_001_000,ssim,full,0.95208842
20,0.882093,59cdb196328a33d4c7b1248b916e5090_shot_001_000,lpips,mouth,0.08089051
20,0.882093,59cdb196328a33d4c7b1248b916e5090_shot_001_000,lpips,full,0.05735224
20,0.882093,59cdb196328a33d4c7b1248b916e5090_shot_001_000,sharpness,mouth,5.1721
20,0.882093,59cdb196328a33d4c7b1248b916e5090_shot_001_000,lmd,mouth,4.917551
20,0.882093,59cdb196328a33d4c7b1248b916e5090_shot_001_000,sync_d,mouth,7.479373
20,0.882093,59cdb196328a33d4c7b1248b916e5090_shot_001_000,sync_c,mouth,7.430608
21,0.873231,59cdb196328a33d4c7b1248b916e5090_shot_001_000,pixel_mse,mouth,0.00077360
21,0.873231,59cdb196328a33d4c7b1248b916e5090_shot_001_000,pixel_mse,upper_face,0.00010936
21,0.873231,59cdb196328a33d4c7b1248b916e5090_shot_001_000,pixel_mse,full,0.00037970
21,0.873231,59cdb196328a33d4c7b1248b916e5090_shot_001_000,ssim,mouth,0.92960322
21,0.873231,59cdb196328a33d4c7b1248b916e5090_shot_001_000,ssim,upper_face,0.96817017
21,0.873231,59cdb196328a33d4c7b1248b916e5090_shot_001_000,ssim,full,0.95247358
21,0.873231,59cdb196328a33d4c7b1248b916e5090_shot_001_000,lpips,mouth,0.08041422
21,0.873231,59cdb196328a33d4c7b1248b916e5090_shot_001_000,lpips,full,0.05713216
21,0.873231,59cdb196328a33d4c7b1248b916e5090_shot_001_000,sharpness,mouth,5.1848
21,0.873231,59cdb196328a33d4c7b1248b916e5090_shot_001_000,lmd,mouth,4.724504
21,0.873231,59cdb196328a33d4c7b1248b916e5090_shot_001_000,sync_d,mouth,7.472159
21,0.873231,59cdb196328a33d4c7b1248b916e5090_shot_001_000,sync_c,mouth,7.558861
22,0.863931,59cdb196328a33d4c7b1248b916e5090_shot_001_000,pixel_mse,mouth,0.00074412
22,0.863931,59cdb196328a33d4c7b1248b916e5090_shot_001_000,pixel_mse,upper_face,0.00010311
22,0.863931,59cdb196328a33d4c7b1248b916e5090_shot_001_000,pixel_mse,full,0.00036400
22,0.863931,59cdb196328a33d4c7b1248b916e5090_shot_001_000,ssim,mouth,0.93043756
22,0.863931,59cdb196328a33d4c7b1248b916e5090_shot_001_000,ssim,upper_face,0.96841854
22,0.863931,59cdb196328a33d4c7b1248b916e5090_shot_001_000,ssim,full,0.95296037
22,0.863931,59cdb196328a33d4c7b1248b916e5090_shot_001_000,lpips,mouth,0.07952442
22,0.863931,59cdb196328a33d4c7b1248b916e5090_shot_001_000,lpips,full,0.05649372
22,0.863931,59cdb196328a33d4c7b1248b916e5090_shot_001_000,sharpness,mouth,5.1844
22,0.863931,59cdb196328a33d4c7b1248b916e5090_shot_001_000,lmd,mouth,4.727938
22,0.863931,59cdb196328a33d4c7b1248b916e5090_shot_001_000,sync_d,mouth,7.552458
22,0.863931,59cdb196328a33d4c7b1248b916e5090_shot_001_000,sync_c,mouth,7.388974
23,0.854160,59cdb196328a33d4c7b1248b916e5090_shot_001_000,pixel_mse,mouth,0.00074136
23,0.854160,59cdb196328a33d4c7b1248b916e5090_shot_001_000,pixel_mse,upper_face,0.00010246
23,0.854160,59cdb196328a33d4c7b1248b916e5090_shot_001_000,pixel_mse,full,0.00036249
23,0.854160,59cdb196328a33d4c7b1248b916e5090_shot_001_000,ssim,mouth,0.93066442
23,0.854160,59cdb196328a33d4c7b1248b916e5090_shot_001_000,ssim,upper_face,0.96864289
23,0.854160,59cdb196328a33d4c7b1248b916e5090_shot_001_000,ssim,full,0.95318574
23,0.854160,59cdb196328a33d4c7b1248b916e5090_shot_001_000,lpips,mouth,0.07960902
23,0.854160,59cdb196328a33d4c7b1248b916e5090_shot_001_000,lpips,full,0.05651228
23,0.854160,59cdb196328a33d4c7b1248b916e5090_shot_001_000,sharpness,mouth,5.1888
23,0.854160,59cdb196328a33d4c7b1248b916e5090_shot_001_000,lmd,mouth,4.789938
23,0.854160,59cdb196328a33d4c7b1248b916e5090_shot_001_000,sync_d,mouth,7.569284
23,0.854160,59cdb196328a33d4c7b1248b916e5090_shot_001_000,sync_c,mouth,7.454250
24,0.843882,59cdb196328a33d4c7b1248b916e5090_shot_001_000,pixel_mse,mouth,0.00073043
24,0.843882,59cdb196328a33d4c7b1248b916e5090_shot_001_000,pixel_mse,upper_face,0.00009985
24,0.843882,59cdb196328a33d4c7b1248b916e5090_shot_001_000,pixel_mse,full,0.00035649
24,0.843882,59cdb196328a33d4c7b1248b916e5090_shot_001_000,ssim,mouth,0.93071330
24,0.843882,59cdb196328a33d4c7b1248b916e5090_shot_001_000,ssim,upper_face,0.96885598
24,0.843882,59cdb196328a33d4c7b1248b916e5090_shot_001_000,ssim,full,0.95333201
24,0.843882,59cdb196328a33d4c7b1248b916e5090_shot_001_000,lpips,mouth,0.07943165
24,0.843882,59cdb196328a33d4c7b1248b916e5090_shot_001_000,lpips,full,0.05618731
24,0.843882,59cdb196328a33d4c7b1248b916e5090_shot_001_000,sharpness,mouth,5.2246
24,0.843882,59cdb196328a33d4c7b1248b916e5090_shot_001_000,lmd,mouth,4.572004
24,0.843882,59cdb196328a33d4c7b1248b916e5090_shot_001_000,sync_d,mouth,7.745157
24,0.843882,59cdb196328a33d4c7b1248b916e5090_shot_001_000,sync_c,mouth,7.259361
25,0.833055,59cdb196328a33d4c7b1248b916e5090_shot_001_000,pixel_mse,mouth,0.00071531
25,0.833055,59cdb196328a33d4c7b1248b916e5090_shot_001_000,pixel_mse,upper_face,0.00009717
25,0.833055,59cdb196328a33d4c7b1248b916e5090_shot_001_000,pixel_mse,full,0.00034875
25,0.833055,59cdb196328a33d4c7b1248b916e5090_shot_001_000,ssim,mouth,0.93121481
25,0.833055,59cdb196328a33d4c7b1248b916e5090_shot_001_000,ssim,upper_face,0.96905351
25,0.833055,59cdb196328a33d4c7b1248b916e5090_shot_001_000,ssim,full,0.95365334
25,0.833055,59cdb196328a33d4c7b1248b916e5090_shot_001_000,lpips,mouth,0.07894922
25,0.833055,59cdb196328a33d4c7b1248b916e5090_shot_001_000,lpips,full,0.05604613
25,0.833055,59cdb196328a33d4c7b1248b916e5090_shot_001_000,sharpness,mouth,5.1949
25,0.833055,59cdb196328a33d4c7b1248b916e5090_shot_001_000,lmd,mouth,4.582879
25,0.833055,59cdb196328a33d4c7b1248b916e5090_shot_001_000,sync_d,mouth,7.712962
25,0.833055,59cdb196328a33d4c7b1248b916e5090_shot_001_000,sync_c,mouth,7.355038
26,0.821636,59cdb196328a33d4c7b1248b916e5090_shot_001_000,pixel_mse,mouth,0.00069727
26,0.821636,59cdb196328a33d4c7b1248b916e5090_shot_001_000,pixel_mse,upper_face,0.00009484
26,0.821636,59cdb196328a33d4c7b1248b916e5090_shot_001_000,pixel_mse,full,0.00034003
26,0.821636,59cdb196328a33d4c7b1248b916e5090_shot_001_000,ssim,mouth,0.93168038
26,0.821636,59cdb196328a33d4c7b1248b916e5090_shot_001_000,ssim,upper_face,0.96902645
26,0.821636,59cdb196328a33d4c7b1248b916e5090_shot_001_000,ssim,full,0.95382673
26,0.821636,59cdb196328a33d4c7b1248b916e5090_shot_001_000,lpips,mouth,0.07829218
26,0.821636,59cdb196328a33d4c7b1248b916e5090_shot_001_000,lpips,full,0.05560048
26,0.821636,59cdb196328a33d4c7b1248b916e5090_shot_001_000,sharpness,mouth,5.1875
26,0.821636,59cdb196328a33d4c7b1248b916e5090_shot_001_000,lmd,mouth,4.511560
26,0.821636,59cdb196328a33d4c7b1248b916e5090_shot_001_000,sync_d,mouth,7.716633
26,0.821636,59cdb196328a33d4c7b1248b916e5090_shot_001_000,sync_c,mouth,7.308734
27,0.809574,59cdb196328a33d4c7b1248b916e5090_shot_001_000,pixel_mse,mouth,0.00068214
27,0.809574,59cdb196328a33d4c7b1248b916e5090_shot_001_000,pixel_mse,upper_face,0.00009980
27,0.809574,59cdb196328a33d4c7b1248b916e5090_shot_001_000,pixel_mse,full,0.00033681
27,0.809574,59cdb196328a33d4c7b1248b916e5090_shot_001_000,ssim,mouth,0.93242365
27,0.809574,59cdb196328a33d4c7b1248b916e5090_shot_001_000,ssim,upper_face,0.96903926
27,0.809574,59cdb196328a33d4c7b1248b916e5090_shot_001_000,ssim,full,0.95413667
27,0.809574,59cdb196328a33d4c7b1248b916e5090_shot_001_000,lpips,mouth,0.07727871
27,0.809574,59cdb196328a33d4c7b1248b916e5090_shot_001_000,lpips,full,0.05509013
27,0.809574,59cdb196328a33d4c7b1248b916e5090_shot_001_000,sharpness,mouth,5.1907
27,0.809574,59cdb196328a33d4c7b1248b916e5090_shot_001_000,lmd,mouth,4.409566
27,0.809574,59cdb196328a33d4c7b1248b916e5090_shot_001_000,sync_d,mouth,7.646550
27,0.809574,59cdb196328a33d4c7b1248b916e5090_shot_001_000,sync_c,mouth,7.340193
28,0.796812,59cdb196328a33d4c7b1248b916e5090_shot_001_000,pixel_mse,mouth,0.00066684
28,0.796812,59cdb196328a33d4c7b1248b916e5090_shot_001_000,pixel_mse,upper_face,0.00009760
28,0.796812,59cdb196328a33d4c7b1248b916e5090_shot_001_000,pixel_mse,full,0.00032928
28,0.796812,59cdb196328a33d4c7b1248b916e5090_shot_001_000,ssim,mouth,0.93298471
28,0.796812,59cdb196328a33d4c7b1248b916e5090_shot_001_000,ssim,upper_face,0.96908647
28,0.796812,59cdb196328a33d4c7b1248b916e5090_shot_001_000,ssim,full,0.95439315
28,0.796812,59cdb196328a33d4c7b1248b916e5090_shot_001_000,lpips,mouth,0.07676389
28,0.796812,59cdb196328a33d4c7b1248b916e5090_shot_001_000,lpips,full,0.05478619
28,0.796812,59cdb196328a33d4c7b1248b916e5090_shot_001_000,sharpness,mouth,5.2068
28,0.796812,59cdb196328a33d4c7b1248b916e5090_shot_001_000,lmd,mouth,4.447831
28,0.796812,59cdb196328a33d4c7b1248b916e5090_shot_001_000,sync_d,mouth,7.668558
28,0.796812,59cdb196328a33d4c7b1248b916e5090_shot_001_000,sync_c,mouth,7.443604
29,0.783290,59cdb196328a33d4c7b1248b916e5090_shot_001_000,pixel_mse,mouth,0.00066413
29,0.783290,59cdb196328a33d4c7b1248b916e5090_shot_001_000,pixel_mse,upper_face,0.00009711
29,0.783290,59cdb196328a33d4c7b1248b916e5090_shot_001_000,pixel_mse,full,0.00032789
29,0.783290,59cdb196328a33d4c7b1248b916e5090_shot_001_000,ssim,mouth,0.93309188
29,0.783290,59cdb196328a33d4c7b1248b916e5090_shot_001_000,ssim,upper_face,0.96929312
29,0.783290,59cdb196328a33d4c7b1248b916e5090_shot_001_000,ssim,full,0.95455933
29,0.783290,59cdb196328a33d4c7b1248b916e5090_shot_001_000,lpips,mouth,0.07682733
29,0.783290,59cdb196328a33d4c7b1248b916e5090_shot_001_000,lpips,full,0.05471554
29,0.783290,59cdb196328a33d4c7b1248b916e5090_shot_001_000,sharpness,mouth,5.2216
29,0.783290,59cdb196328a33d4c7b1248b916e5090_shot_001_000,lmd,mouth,4.325833
29,0.783290,59cdb196328a33d4c7b1248b916e5090_shot_001_000,sync_d,mouth,7.719421
29,0.783290,59cdb196328a33d4c7b1248b916e5090_shot_001_000,sync_c,mouth,7.461256
30,0.768935,59cdb196328a33d4c7b1248b916e5090_shot_001_000,pixel_mse,mouth,0.00066508
30,0.768935,59cdb196328a33d4c7b1248b916e5090_shot_001_000,pixel_mse,upper_face,0.00009158
30,0.768935,59cdb196328a33d4c7b1248b916e5090_shot_001_000,pixel_mse,full,0.00032500
30,0.768935,59cdb196328a33d4c7b1248b916e5090_shot_001_000,ssim,mouth,0.93321246
30,0.768935,59cdb196328a33d4c7b1248b916e5090_shot_001_000,ssim,upper_face,0.96949869
30,0.768935,59cdb196328a33d4c7b1248b916e5090_shot_001_000,ssim,full,0.95473021
30,0.768935,59cdb196328a33d4c7b1248b916e5090_shot_001_000,lpips,mouth,0.07625797
30,0.768935,59cdb196328a33d4c7b1248b916e5090_shot_001_000,lpips,full,0.05440259
30,0.768935,59cdb196328a33d4c7b1248b916e5090_shot_001_000,sharpness,mouth,5.2353
30,0.768935,59cdb196328a33d4c7b1248b916e5090_shot_001_000,lmd,mouth,4.379129
30,0.768935,59cdb196328a33d4c7b1248b916e5090_shot_001_000,sync_d,mouth,7.682175
30,0.768935,59cdb196328a33d4c7b1248b916e5090_shot_001_000,sync_c,mouth,7.512322
31,0.753669,59cdb196328a33d4c7b1248b916e5090_shot_001_000,pixel_mse,mouth,0.00066188
31,0.753669,59cdb196328a33d4c7b1248b916e5090_shot_001_000,pixel_mse,upper_face,0.00009607
31,0.753669,59cdb196328a33d4c7b1248b916e5090_shot_001_000,pixel_mse,full,0.00032635
31,0.753669,59cdb196328a33d4c7b1248b916e5090_shot_001_000,ssim,mouth,0.93357229
31,0.753669,59cdb196328a33d4c7b1248b916e5090_shot_001_000,ssim,upper_face,0.96947527
31,0.753669,59cdb196328a33d4c7b1248b916e5090_shot_001_000,ssim,full,0.95486283
31,0.753669,59cdb196328a33d4c7b1248b916e5090_shot_001_000,lpips,mouth,0.07588685
31,0.753669,59cdb196328a33d4c7b1248b916e5090_shot_001_000,lpips,full,0.05410259
31,0.753669,59cdb196328a33d4c7b1248b916e5090_shot_001_000,sharpness,mouth,5.1851
31,0.753669,59cdb196328a33d4c7b1248b916e5090_shot_001_000,lmd,mouth,4.488012
31,0.753669,59cdb196328a33d4c7b1248b916e5090_shot_001_000,sync_d,mouth,7.592090
31,0.753669,59cdb196328a33d4c7b1248b916e5090_shot_001_000,sync_c,mouth,7.595625
32,0.737402,59cdb196328a33d4c7b1248b916e5090_shot_001_000,pixel_mse,mouth,0.00066556
32,0.737402,59cdb196328a33d4c7b1248b916e5090_shot_001_000,pixel_mse,upper_face,0.00009271
32,0.737402,59cdb196328a33d4c7b1248b916e5090_shot_001_000,pixel_mse,full,0.00032586
32,0.737402,59cdb196328a33d4c7b1248b916e5090_shot_001_000,ssim,mouth,0.93343079
32,0.737402,59cdb196328a33d4c7b1248b916e5090_shot_001_000,ssim,upper_face,0.96965289
32,0.737402,59cdb196328a33d4c7b1248b916e5090_shot_001_000,ssim,full,0.95491064
32,0.737402,59cdb196328a33d4c7b1248b916e5090_shot_001_000,lpips,mouth,0.07563453
32,0.737402,59cdb196328a33d4c7b1248b916e5090_shot_001_000,lpips,full,0.05402270
32,0.737402,59cdb196328a33d4c7b1248b916e5090_shot_001_000,sharpness,mouth,5.2430
32,0.737402,59cdb196328a33d4c7b1248b916e5090_shot_001_000,lmd,mouth,4.394312
32,0.737402,59cdb196328a33d4c7b1248b916e5090_shot_001_000,sync_d,mouth,7.655968
32,0.737402,59cdb196328a33d4c7b1248b916e5090_shot_001_000,sync_c,mouth,7.465644
33,0.720034,59cdb196328a33d4c7b1248b916e5090_shot_001_000,pixel_mse,mouth,0.00066529
33,0.720034,59cdb196328a33d4c7b1248b916e5090_shot_001_000,pixel_mse,upper_face,0.00009045
33,0.720034,59cdb196328a33d4c7b1248b916e5090_shot_001_000,pixel_mse,full,0.00032441
33,0.720034,59cdb196328a33d4c7b1248b916e5090_shot_001_000,ssim,mouth,0.93362349
33,0.720034,59cdb196328a33d4c7b1248b916e5090_shot_001_000,ssim,upper_face,0.96973485
33,0.720034,59cdb196328a33d4c7b1248b916e5090_shot_001_000,ssim,full,0.95503771
33,0.720034,59cdb196328a33d4c7b1248b916e5090_shot_001_000,lpips,mouth,0.07594687
33,0.720034,59cdb196328a33d4c7b1248b916e5090_shot_001_000,lpips,full,0.05410824
33,0.720034,59cdb196328a33d4c7b1248b916e5090_shot_001_000,sharpness,mouth,5.2396
33,0.720034,59cdb196328a33d4c7b1248b916e5090_shot_001_000,lmd,mouth,4.388986
33,0.720034,59cdb196328a33d4c7b1248b916e5090_shot_001_000,sync_d,mouth,7.501431
33,0.720034,59cdb196328a33d4c7b1248b916e5090_shot_001_000,sync_c,mouth,7.631604
34,0.701446,59cdb196328a33d4c7b1248b916e5090_shot_001_000,pixel_mse,mouth,0.00067078
34,0.701446,59cdb196328a33d4c7b1248b916e5090_shot_001_000,pixel_mse,upper_face,0.00009276
34,0.701446,59cdb196328a33d4c7b1248b916e5090_shot_001_000,pixel_mse,full,0.00032801
34,0.701446,59cdb196328a33d4c7b1248b916e5090_shot_001_000,ssim,mouth,0.93370897
34,0.701446,59cdb196328a33d4c7b1248b916e5090_shot_001_000,ssim,upper_face,0.96977121
34,0.701446,59cdb196328a33d4c7b1248b916e5090_shot_001_000,ssim,full,0.95509392
34,0.701446,59cdb196328a33d4c7b1248b916e5090_shot_001_000,lpips,mouth,0.07593884
34,0.701446,59cdb196328a33d4c7b1248b916e5090_shot_001_000,lpips,full,0.05402058
34,0.701446,59cdb196328a33d4c7b1248b916e5090_shot_001_000,sharpness,mouth,5.2146
34,0.701446,59cdb196328a33d4c7b1248b916e5090_shot_001_000,lmd,mouth,4.312609
34,0.701446,59cdb196328a33d4c7b1248b916e5090_shot_001_000,sync_d,mouth,7.530359
34,0.701446,59cdb196328a33d4c7b1248b916e5090_shot_001_000,sync_c,mouth,7.632278
35,0.681508,59cdb196328a33d4c7b1248b916e5090_shot_001_000,pixel_mse,mouth,0.00066873
35,0.681508,59cdb196328a33d4c7b1248b916e5090_shot_001_000,pixel_mse,upper_face,0.00009098
35,0.681508,59cdb196328a33d4c7b1248b916e5090_shot_001_000,pixel_mse,full,0.00032613
35,0.681508,59cdb196328a33d4c7b1248b916e5090_shot_001_000,ssim,mouth,0.93375742
35,0.681508,59cdb196328a33d4c7b1248b916e5090_shot_001_000,ssim,upper_face,0.96992803
35,0.681508,59cdb196328a33d4c7b1248b916e5090_shot_001_000,ssim,full,0.95520657
35,0.681508,59cdb196328a33d4c7b1248b916e5090_shot_001_000,lpips,mouth,0.07556147
35,0.681508,59cdb196328a33d4c7b1248b916e5090_shot_001_000,lpips,full,0.05380743
35,0.681508,59cdb196328a33d4c7b1248b916e5090_shot_001_000,sharpness,mouth,5.2115
35,0.681508,59cdb196328a33d4c7b1248b916e5090_shot_001_000,lmd,mouth,4.293526
35,0.681508,59cdb196328a33d4c7b1248b916e5090_shot_001_000,sync_d,mouth,7.689532
35,0.681508,59cdb196328a33d4c7b1248b916e5090_shot_001_000,sync_c,mouth,7.481463
36,0.660066,59cdb196328a33d4c7b1248b916e5090_shot_001_000,pixel_mse,mouth,0.00067834
36,0.660066,59cdb196328a33d4c7b1248b916e5090_shot_001_000,pixel_mse,upper_face,0.00009001
36,0.660066,59cdb196328a33d4c7b1248b916e5090_shot_001_000,pixel_mse,full,0.00032946
36,0.660066,59cdb196328a33d4c7b1248b916e5090_shot_001_000,ssim,mouth,0.93343520
36,0.660066,59cdb196328a33d4c7b1248b916e5090_shot_001_000,ssim,upper_face,0.96989429
36,0.660066,59cdb196328a33d4c7b1248b916e5090_shot_001_000,ssim,full,0.95505553
36,0.660066,59cdb196328a33d4c7b1248b916e5090_shot_001_000,lpips,mouth,0.07584728
36,0.660066,59cdb196328a33d4c7b1248b916e5090_shot_001_000,lpips,full,0.05394878
36,0.660066,59cdb196328a33d4c7b1248b916e5090_shot_001_000,sharpness,mouth,5.2466
36,0.660066,59cdb196328a33d4c7b1248b916e5090_shot_001_000,lmd,mouth,4.283370
36,0.660066,59cdb196328a33d4c7b1248b916e5090_shot_001_000,sync_d,mouth,7.632339
36,0.660066,59cdb196328a33d4c7b1248b916e5090_shot_001_000,sync_c,mouth,7.475605
37,0.636942,59cdb196328a33d4c7b1248b916e5090_shot_001_000,pixel_mse,mouth,0.00067740
37,0.636942,59cdb196328a33d4c7b1248b916e5090_shot_001_000,pixel_mse,upper_face,0.00008675
37,0.636942,59cdb196328a33d4c7b1248b916e5090_shot_001_000,pixel_mse,full,0.00032714
37,0.636942,59cdb196328a33d4c7b1248b916e5090_shot_001_000,ssim,mouth,0.93348193
37,0.636942,59cdb196328a33d4c7b1248b916e5090_shot_001_000,ssim,upper_face,0.97012508
37,0.636942,59cdb196328a33d4c7b1248b916e5090_shot_001_000,ssim,full,0.95521140
37,0.636942,59cdb196328a33d4c7b1248b916e5090_shot_001_000,lpips,mouth,0.07610974
37,0.636942,59cdb196328a33d4c7b1248b916e5090_shot_001_000,lpips,full,0.05393657
37,0.636942,59cdb196328a33d4c7b1248b916e5090_shot_001_000,sharpness,mouth,5.2661
37,0.636942,59cdb196328a33d4c7b1248b916e5090_shot_001_000,lmd,mouth,4.262702
37,0.636942,59cdb196328a33d4c7b1248b916e5090_shot_001_000,sync_d,mouth,7.641575
37,0.636942,59cdb196328a33d4c7b1248b916e5090_shot_001_000,sync_c,mouth,7.501563
38,0.611932,59cdb196328a33d4c7b1248b916e5090_shot_001_000,pixel_mse,mouth,0.00068184
38,0.611932,59cdb196328a33d4c7b1248b916e5090_shot_001_000,pixel_mse,upper_face,0.00008632
38,0.611932,59cdb196328a33d4c7b1248b916e5090_shot_001_000,pixel_mse,full,0.00032869
38,0.611932,59cdb196328a33d4c7b1248b916e5090_shot_001_000,ssim,mouth,0.93327039
38,0.611932,59cdb196328a33d4c7b1248b916e5090_shot_001_000,ssim,upper_face,0.97013885
38,0.611932,59cdb196328a33d4c7b1248b916e5090_shot_001_000,ssim,full,0.95513344
38,0.611932,59cdb196328a33d4c7b1248b916e5090_shot_001_000,lpips,mouth,0.07614826
38,0.611932,59cdb196328a33d4c7b1248b916e5090_shot_001_000,lpips,full,0.05386076
38,0.611932,59cdb196328a33d4c7b1248b916e5090_shot_001_000,sharpness,mouth,5.2611
38,0.611932,59cdb196328a33d4c7b1248b916e5090_shot_001_000,lmd,mouth,4.394153
38,0.611932,59cdb196328a33d4c7b1248b916e5090_shot_001_000,sync_d,mouth,7.574411
38,0.611932,59cdb196328a33d4c7b1248b916e5090_shot_001_000,sync_c,mouth,7.607788
39,0.584795,59cdb196328a33d4c7b1248b916e5090_shot_001_000,pixel_mse,mouth,0.00069039
39,0.584795,59cdb196328a33d4c7b1248b916e5090_shot_001_000,pixel_mse,upper_face,0.00008547
39,0.584795,59cdb196328a33d4c7b1248b916e5090_shot_001_000,pixel_mse,full,0.00033167
39,0.584795,59cdb196328a33d4c7b1248b916e5090_shot_001_000,ssim,mouth,0.93305725
39,0.584795,59cdb196328a33d4c7b1248b916e5090_shot_001_000,ssim,upper_face,0.97035331
39,0.584795,59cdb196328a33d4c7b1248b916e5090_shot_001_000,ssim,full,0.95517391
39,0.584795,59cdb196328a33d4c7b1248b916e5090_shot_001_000,lpips,mouth,0.07621527
39,0.584795,59cdb196328a33d4c7b1248b916e5090_shot_001_000,lpips,full,0.05403261
39,0.584795,59cdb196328a33d4c7b1248b916e5090_shot_001_000,sharpness,mouth,5.2685
39,0.584795,59cdb196328a33d4c7b1248b916e5090_shot_001_000,lmd,mouth,4.382758
39,0.584795,59cdb196328a33d4c7b1248b916e5090_shot_001_000,sync_d,mouth,7.654341
39,0.584795,59cdb196328a33d4c7b1248b916e5090_shot_001_000,sync_c,mouth,7.533307
40,0.555247,59cdb196328a33d4c7b1248b916e5090_shot_001_000,pixel_mse,mouth,0.00069441
40,0.555247,59cdb196328a33d4c7b1248b916e5090_shot_001_000,pixel_mse,upper_face,0.00008629
40,0.555247,59cdb196328a33d4c7b1248b916e5090_shot_001_000,pixel_mse,full,0.00033379
40,0.555247,59cdb196328a33d4c7b1248b916e5090_shot_001_000,ssim,mouth,0.93267447
40,0.555247,59cdb196328a33d4c7b1248b916e5090_shot_001_000,ssim,upper_face,0.97032666
40,0.555247,59cdb196328a33d4c7b1248b916e5090_shot_001_000,ssim,full,0.95500231
40,0.555247,59cdb196328a33d4c7b1248b916e5090_shot_001_000,lpips,mouth,0.07675238
40,0.555247,59cdb196328a33d4c7b1248b916e5090_shot_001_000,lpips,full,0.05419994
40,0.555247,59cdb196328a33d4c7b1248b916e5090_shot_001_000,sharpness,mouth,5.2744
40,0.555247,59cdb196328a33d4c7b1248b916e5090_shot_001_000,lmd,mouth,4.366434
40,0.555247,59cdb196328a33d4c7b1248b916e5090_shot_001_000,sync_d,mouth,7.662752
40,0.555247,59cdb196328a33d4c7b1248b916e5090_shot_001_000,sync_c,mouth,7.530350
41,0.522951,59cdb196328a33d4c7b1248b916e5090_shot_001_000,pixel_mse,mouth,0.00070200
41,0.522951,59cdb196328a33d4c7b1248b916e5090_shot_001_000,pixel_mse,upper_face,0.00008351
41,0.522951,59cdb196328a33d4c7b1248b916e5090_shot_001_000,pixel_mse,full,0.00033524
41,0.522951,59cdb196328a33d4c7b1248b916e5090_shot_001_000,ssim,mouth,0.93232942
41,0.522951,59cdb196328a33d4c7b1248b916e5090_shot_001_000,ssim,upper_face,0.97060066
41,0.522951,59cdb196328a33d4c7b1248b916e5090_shot_001_000,ssim,full,0.95502442
41,0.522951,59cdb196328a33d4c7b1248b916e5090_shot_001_000,lpips,mouth,0.07714352
41,0.522951,59cdb196328a33d4c7b1248b916e5090_shot_001_000,lpips,full,0.05428617
41,0.522951,59cdb196328a33d4c7b1248b916e5090_shot_001_000,sharpness,mouth,5.2715
41,0.522951,59cdb196328a33d4c7b1248b916e5090_shot_001_000,lmd,mouth,4.369915
41,0.522951,59cdb196328a33d4c7b1248b916e5090_shot_001_000,sync_d,mouth,7.671024
41,0.522951,59cdb196328a33d4c7b1248b916e5090_shot_001_000,sync_c,mouth,7.528743
42,0.487507,59cdb196328a33d4c7b1248b916e5090_shot_001_000,pixel_mse,mouth,0.00070619
42,0.487507,59cdb196328a33d4c7b1248b916e5090_shot_001_000,pixel_mse,upper_face,0.00008087
42,0.487507,59cdb196328a33d4c7b1248b916e5090_shot_001_000,pixel_mse,full,0.00033537
42,0.487507,59cdb196328a33d4c7b1248b916e5090_shot_001_000,ssim,mouth,0.93175262
42,0.487507,59cdb196328a33d4c7b1248b916e5090_shot_001_000,ssim,upper_face,0.97065473
42,0.487507,59cdb196328a33d4c7b1248b916e5090_shot_001_000,ssim,full,0.95482165
42,0.487507,59cdb196328a33d4c7b1248b916e5090_shot_001_000,lpips,mouth,0.07748993
42,0.487507,59cdb196328a33d4c7b1248b916e5090_shot_001_000,lpips,full,0.05439801
42,0.487507,59cdb196328a33d4c7b1248b916e5090_shot_001_000,sharpness,mouth,5.2917
42,0.487507,59cdb196328a33d4c7b1248b916e5090_shot_001_000,lmd,mouth,4.401575
42,0.487507,59cdb196328a33d4c7b1248b916e5090_shot_001_000,sync_d,mouth,7.673369
42,0.487507,59cdb196328a33d4c7b1248b916e5090_shot_001_000,sync_c,mouth,7.479302
43,0.448430,59cdb196328a33d4c7b1248b916e5090_shot_001_000,pixel_mse,mouth,0.00071047
43,0.448430,59cdb196328a33d4c7b1248b916e5090_shot_001_000,pixel_mse,upper_face,0.00007977
43,0.448430,59cdb196328a33d4c7b1248b916e5090_shot_001_000,pixel_mse,full,0.00033647
43,0.448430,59cdb196328a33d4c7b1248b916e5090_shot_001_000,ssim,mouth,0.93120605
43,0.448430,59cdb196328a33d4c7b1248b916e5090_shot_001_000,ssim,upper_face,0.97078943
43,0.448430,59cdb196328a33d4c7b1248b916e5090_shot_001_000,ssim,full,0.95467913
43,0.448430,59cdb196328a33d4c7b1248b916e5090_shot_001_000,lpips,mouth,0.07785414
43,0.448430,59cdb196328a33d4c7b1248b916e5090_shot_001_000,lpips,full,0.05467615
43,0.448430,59cdb196328a33d4c7b1248b916e5090_shot_001_000,sharpness,mouth,5.2849
43,0.448430,59cdb196328a33d4c7b1248b916e5090_shot_001_000,lmd,mouth,4.468788
43,0.448430,59cdb196328a33d4c7b1248b916e5090_shot_001_000,sync_d,mouth,7.674607
43,0.448430,59cdb196328a33d4c7b1248b916e5090_shot_001_000,sync_c,mouth,7.506085
44,0.405131,59cdb196328a33d4c7b1248b916e5090_shot_001_000,pixel_mse,mouth,0.00072310
44,0.405131,59cdb196328a33d4c7b1248b916e5090_shot_001_000,pixel_mse,upper_face,0.00008139
44,0.405131,59cdb196328a33d4c7b1248b916e5090_shot_001_000,pixel_mse,full,0.00034256
44,0.405131,59cdb196328a33d4c7b1248b916e5090_shot_001_000,ssim,mouth,0.93060064
44,0.405131,59cdb196328a33d4c7b1248b916e5090_shot_001_000,ssim,upper_face,0.97082573
44,0.405131,59cdb196328a33d4c7b1248b916e5090_shot_001_000,ssim,full,0.95445418
44,0.405131,59cdb196328a33d4c7b1248b916e5090_shot_001_000,lpips,mouth,0.07833681
44,0.405131,59cdb196328a33d4c7b1248b916e5090_shot_001_000,lpips,full,0.05497403
44,0.405131,59cdb196328a33d4c7b1248b916e5090_shot_001_000,sharpness,mouth,5.2627
44,0.405131,59cdb196328a33d4c7b1248b916e5090_shot_001_000,lmd,mouth,4.334648
44,0.405131,59cdb196328a33d4c7b1248b916e5090_shot_001_000,sync_d,mouth,7.670972
44,0.405131,59cdb196328a33d4c7b1248b916e5090_shot_001_000,sync_c,mouth,7.502950
45,0.356888,59cdb196328a33d4c7b1248b916e5090_shot_001_000,pixel_mse,mouth,0.00073285
45,0.356888,59cdb196328a33d4c7b1248b916e5090_shot_001_000,pixel_mse,upper_face,0.00007920
45,0.356888,59cdb196328a33d4c7b1248b916e5090_shot_001_000,pixel_mse,full,0.00034524
45,0.356888,59cdb196328a33d4c7b1248b916e5090_shot_001_000,ssim,mouth,0.92974257
45,0.356888,59cdb196328a33d4c7b1248b916e5090_shot_001_000,ssim,upper_face,0.97091007
45,0.356888,59cdb196328a33d4c7b1248b916e5090_shot_001_000,ssim,full,0.95415497
45,0.356888,59cdb196328a33d4c7b1248b916e5090_shot_001_000,lpips,mouth,0.07887710
45,0.356888,59cdb196328a33d4c7b1248b916e5090_shot_001_000,lpips,full,0.05508707
45,0.356888,59cdb196328a33d4c7b1248b916e5090_shot_001_000,sharpness,mouth,5.2585
45,0.356888,59cdb196328a33d4c7b1248b916e5090_shot_001_000,lmd,mouth,4.384322
45,0.356888,59cdb196328a33d4c7b1248b916e5090_shot_001_000,sync_d,mouth,7.643805
45,0.356888,59cdb196328a33d4c7b1248b916e5090_shot_001_000,sync_c,mouth,7.539207
46,0.302801,59cdb196328a33d4c7b1248b916e5090_shot_001_000,pixel_mse,mouth,0.00074276
46,0.302801,59cdb196328a33d4c7b1248b916e5090_shot_001_000,pixel_mse,upper_face,0.00007792
46,0.302801,59cdb196328a33d4c7b1248b916e5090_shot_001_000,pixel_mse,full,0.00034851
46,0.302801,59cdb196328a33d4c7b1248b916e5090_shot_001_000,ssim,mouth,0.92882794
46,0.302801,59cdb196328a33d4c7b1248b916e5090_shot_001_000,ssim,upper_face,0.97091597
46,0.302801,59cdb196328a33d4c7b1248b916e5090_shot_001_000,ssim,full,0.95378631
46,0.302801,59cdb196328a33d4c7b1248b916e5090_shot_001_000,lpips,mouth,0.07933579
46,0.302801,59cdb196328a33d4c7b1248b916e5090_shot_001_000,lpips,full,0.05554545
46,0.302801,59cdb196328a33d4c7b1248b916e5090_shot_001_000,sharpness,mouth,5.2504
46,0.302801,59cdb196328a33d4c7b1248b916e5090_shot_001_000,lmd,mouth,4.463938
46,0.302801,59cdb196328a33d4c7b1248b916e5090_shot_001_000,sync_d,mouth,7.643321
46,0.302801,59cdb196328a33d4c7b1248b916e5090_shot_001_000,sync_c,mouth,7.545112
47,0.241740,59cdb196328a33d4c7b1248b916e5090_shot_001_000,pixel_mse,mouth,0.00075693
47,0.241740,59cdb196328a33d4c7b1248b916e5090_shot_001_000,pixel_mse,upper_face,0.00008042
47,0.241740,59cdb196328a33d4c7b1248b916e5090_shot_001_000,pixel_mse,full,0.00035575
47,0.241740,59cdb196328a33d4c7b1248b916e5090_shot_001_000,ssim,mouth,0.92767930
47,0.241740,59cdb196328a33d4c7b1248b916e5090_shot_001_000,ssim,upper_face,0.97083545
47,0.241740,59cdb196328a33d4c7b1248b916e5090_shot_001_000,ssim,full,0.95327097
47,0.241740,59cdb196328a33d4c7b1248b916e5090_shot_001_000,lpips,mouth,0.08007664
47,0.241740,59cdb196328a33d4c7b1248b916e5090_shot_001_000,lpips,full,0.05580342
47,0.241740,59cdb196328a33d4c7b1248b916e5090_shot_001_000,sharpness,mouth,5.2248
47,0.241740,59cdb196328a33d4c7b1248b916e5090_shot_001_000,lmd,mouth,4.430511
47,0.241740,59cdb196328a33d4c7b1248b916e5090_shot_001_000,sync_d,mouth,7.666392
47,0.241740,59cdb196328a33d4c7b1248b916e5090_shot_001_000,sync_c,mouth,7.577641
48,0.172265,59cdb196328a33d4c7b1248b916e5090_shot_001_000,pixel_mse,mouth,0.00076911
48,0.172265,59cdb196328a33d4c7b1248b916e5090_shot_001_000,pixel_mse,upper_face,0.00008144
48,0.172265,59cdb196328a33d4c7b1248b916e5090_shot_001_000,pixel_mse,full,0.00036132
48,0.172265,59cdb196328a33d4c7b1248b916e5090_shot_001_000,ssim,mouth,0.92630297
48,0.172265,59cdb196328a33d4c7b1248b916e5090_shot_001_000,ssim,upper_face,0.97076136
48,0.172265,59cdb196328a33d4c7b1248b916e5090_shot_001_000,ssim,full,0.95266688
48,0.172265,59cdb196328a33d4c7b1248b916e5090_shot_001_000,lpips,mouth,0.08027624
48,0.172265,59cdb196328a33d4c7b1248b916e5090_shot_001_000,lpips,full,0.05608427
48,0.172265,59cdb196328a33d4c7b1248b916e5090_shot_001_000,sharpness,mouth,5.1929
48,0.172265,59cdb196328a33d4c7b1248b916e5090_shot_001_000,lmd,mouth,4.489967
48,0.172265,59cdb196328a33d4c7b1248b916e5090_shot_001_000,sync_d,mouth,7.552596
48,0.172265,59cdb196328a33d4c7b1248b916e5090_shot_001_000,sync_c,mouth,7.654647
49,0.092507,59cdb196328a33d4c7b1248b916e5090_shot_001_000,pixel_mse,mouth,0.00078079
49,0.092507,59cdb196328a33d4c7b1248b916e5090_shot_001_000,pixel_mse,upper_face,0.00008565
49,0.092507,59cdb196328a33d4c7b1248b916e5090_shot_001_000,pixel_mse,full,0.00036857
49,0.092507,59cdb196328a33d4c7b1248b916e5090_shot_001_000,ssim,mouth,0.92453086
49,0.092507,59cdb196328a33d4c7b1248b916e5090_shot_001_000,ssim,upper_face,0.97036386
49,0.092507,59cdb196328a33d4c7b1248b916e5090_shot_001_000,ssim,full,0.95170999
49,0.092507,59cdb196328a33d4c7b1248b916e5090_shot_001_000,lpips,mouth,0.08096157
49,0.092507,59cdb196328a33d4c7b1248b916e5090_shot_001_000,lpips,full,0.05651993
49,0.092507,59cdb196328a33d4c7b1248b916e5090_shot_001_000,sharpness,mouth,5.1678
49,0.092507,59cdb196328a33d4c7b1248b916e5090_shot_001_000,lmd,mouth,4.521327
49,0.092507,59cdb196328a33d4c7b1248b916e5090_shot_001_000,sync_d,mouth,7.513180
49,0.092507,59cdb196328a33d4c7b1248b916e5090_shot_001_000,sync_c,mouth,7.647992
-1,gt,a6927ea4c0223aa08b320e86987e4c89_shot_001_001,sharpness,mouth,10.2431
-1,gt,a6927ea4c0223aa08b320e86987e4c89_shot_001_001,sync_d,mouth,8.000403
-1,gt,a6927ea4c0223aa08b320e86987e4c89_shot_001_001,sync_c,mouth,6.118334
0,0.999000,a6927ea4c0223aa08b320e86987e4c89_shot_001_001,pixel_mse,mouth,0.00499512
0,0.999000,a6927ea4c0223aa08b320e86987e4c89_shot_001_001,pixel_mse,upper_face,0.00018968
0,0.999000,a6927ea4c0223aa08b320e86987e4c89_shot_001_001,pixel_mse,full,0.00214548
0,0.999000,a6927ea4c0223aa08b320e86987e4c89_shot_001_001,ssim,mouth,0.88276184
0,0.999000,a6927ea4c0223aa08b320e86987e4c89_shot_001_001,ssim,upper_face,0.96083021
0,0.999000,a6927ea4c0223aa08b320e86987e4c89_shot_001_001,ssim,full,0.92905653
0,0.999000,a6927ea4c0223aa08b320e86987e4c89_shot_001_001,lpips,mouth,0.10362536
0,0.999000,a6927ea4c0223aa08b320e86987e4c89_shot_001_001,lpips,full,0.06915660
0,0.999000,a6927ea4c0223aa08b320e86987e4c89_shot_001_001,sharpness,mouth,11.1920
0,0.999000,a6927ea4c0223aa08b320e86987e4c89_shot_001_001,lmd,mouth,5.655045
0,0.999000,a6927ea4c0223aa08b320e86987e4c89_shot_001_001,sync_d,mouth,7.305387
0,0.999000,a6927ea4c0223aa08b320e86987e4c89_shot_001_001,sync_c,mouth,7.692805
1,0.995732,a6927ea4c0223aa08b320e86987e4c89_shot_001_001,pixel_mse,mouth,0.00496488
1,0.995732,a6927ea4c0223aa08b320e86987e4c89_shot_001_001,pixel_mse,upper_face,0.00018825
1,0.995732,a6927ea4c0223aa08b320e86987e4c89_shot_001_001,pixel_mse,full,0.00213232
1,0.995732,a6927ea4c0223aa08b320e86987e4c89_shot_001_001,ssim,mouth,0.88304460
1,0.995732,a6927ea4c0223aa08b320e86987e4c89_shot_001_001,ssim,upper_face,0.96094108
1,0.995732,a6927ea4c0223aa08b320e86987e4c89_shot_001_001,ssim,full,0.92923737
1,0.995732,a6927ea4c0223aa08b320e86987e4c89_shot_001_001,lpips,mouth,0.10294871
1,0.995732,a6927ea4c0223aa08b320e86987e4c89_shot_001_001,lpips,full,0.06875271
1,0.995732,a6927ea4c0223aa08b320e86987e4c89_shot_001_001,sharpness,mouth,11.2868
1,0.995732,a6927ea4c0223aa08b320e86987e4c89_shot_001_001,lmd,mouth,5.504817
1,0.995732,a6927ea4c0223aa08b320e86987e4c89_shot_001_001,sync_d,mouth,7.318195
1,0.995732,a6927ea4c0223aa08b320e86987e4c89_shot_001_001,sync_c,mouth,7.730386
2,0.991530,a6927ea4c0223aa08b320e86987e4c89_shot_001_001,pixel_mse,mouth,0.00479597
2,0.991530,a6927ea4c0223aa08b320e86987e4c89_shot_001_001,pixel_mse,upper_face,0.00017531
2,0.991530,a6927ea4c0223aa08b320e86987e4c89_shot_001_001,pixel_mse,full,0.00205591
2,0.991530,a6927ea4c0223aa08b320e86987e4c89_shot_001_001,ssim,mouth,0.88435978
2,0.991530,a6927ea4c0223aa08b320e86987e4c89_shot_001_001,ssim,upper_face,0.96222347
2,0.991530,a6927ea4c0223aa08b320e86987e4c89_shot_001_001,ssim,full,0.93053305
2,0.991530,a6927ea4c0223aa08b320e86987e4c89_shot_001_001,lpips,mouth,0.10107716
2,0.991530,a6927ea4c0223aa08b320e86987e4c89_shot_001_001,lpips,full,0.06704980
2,0.991530,a6927ea4c0223aa08b320e86987e4c89_shot_001_001,sharpness,mouth,11.4101
2,0.991530,a6927ea4c0223aa08b320e86987e4c89_shot_001_001,lmd,mouth,5.507552
2,0.991530,a6927ea4c0223aa08b320e86987e4c89_shot_001_001,sync_d,mouth,7.243242
2,0.991530,a6927ea4c0223aa08b320e86987e4c89_shot_001_001,sync_c,mouth,7.688152
3,0.987187,a6927ea4c0223aa08b320e86987e4c89_shot_001_001,pixel_mse,mouth,0.00461412
3,0.987187,a6927ea4c0223aa08b320e86987e4c89_shot_001_001,pixel_mse,upper_face,0.00016160
3,0.987187,a6927ea4c0223aa08b320e86987e4c89_shot_001_001,pixel_mse,full,0.00197376
3,0.987187,a6927ea4c0223aa08b320e86987e4c89_shot_001_001,ssim,mouth,0.88538623
3,0.987187,a6927ea4c0223aa08b320e86987e4c89_shot_001_001,ssim,upper_face,0.96303123
3,0.987187,a6927ea4c0223aa08b320e86987e4c89_shot_001_001,ssim,full,0.93142980
3,0.987187,a6927ea4c0223aa08b320e86987e4c89_shot_001_001,lpips,mouth,0.10022502
3,0.987187,a6927ea4c0223aa08b320e86987e4c89_shot_001_001,lpips,full,0.06614514
3,0.987187,a6927ea4c0223aa08b320e86987e4c89_shot_001_001,sharpness,mouth,11.4970
3,0.987187,a6927ea4c0223aa08b320e86987e4c89_shot_001_001,lmd,mouth,4.960309
3,0.987187,a6927ea4c0223aa08b320e86987e4c89_shot_001_001,sync_d,mouth,7.277590
3,0.987187,a6927ea4c0223aa08b320e86987e4c89_shot_001_001,sync_c,mouth,7.540393
4,0.982696,a6927ea4c0223aa08b320e86987e4c89_shot_001_001,pixel_mse,mouth,0.00449907
4,0.982696,a6927ea4c0223aa08b320e86987e4c89_shot_001_001,pixel_mse,upper_face,0.00015112
4,0.982696,a6927ea4c0223aa08b320e86987e4c89_shot_001_001,pixel_mse,full,0.00192072
4,0.982696,a6927ea4c0223aa08b320e86987e4c89_shot_001_001,ssim,mouth,0.88598454
4,0.982696,a6927ea4c0223aa08b320e86987e4c89_shot_001_001,ssim,upper_face,0.96366966
4,0.982696,a6927ea4c0223aa08b320e86987e4c89_shot_001_001,ssim,full,0.93205208
4,0.982696,a6927ea4c0223aa08b320e86987e4c89_shot_001_001,lpips,mouth,0.09902725
4,0.982696,a6927ea4c0223aa08b320e86987e4c89_shot_001_001,lpips,full,0.06520115
4,0.982696,a6927ea4c0223aa08b320e86987e4c89_shot_001_001,sharpness,mouth,11.7350
4,0.982696,a6927ea4c0223aa08b320e86987e4c89_shot_001_001,lmd,mouth,5.106819
4,0.982696,a6927ea4c0223aa08b320e86987e4c89_shot_001_001,sync_d,mouth,7.420648
4,0.982696,a6927ea4c0223aa08b320e86987e4c89_shot_001_001,sync_c,mouth,7.397281
5,0.978048,a6927ea4c0223aa08b320e86987e4c89_shot_001_001,pixel_mse,mouth,0.00436591
5,0.978048,a6927ea4c0223aa08b320e86987e4c89_shot_001_001,pixel_mse,upper_face,0.00014413
5,0.978048,a6927ea4c0223aa08b320e86987e4c89_shot_001_001,pixel_mse,full,0.00186239
5,0.978048,a6927ea4c0223aa08b320e86987e4c89_shot_001_001,ssim,mouth,0.88648921
5,0.978048,a6927ea4c0223aa08b320e86987e4c89_shot_001_001,ssim,upper_face,0.96445513
5,0.978048,a6927ea4c0223aa08b320e86987e4c89_shot_001_001,ssim,full,0.93272322
5,0.978048,a6927ea4c0223aa08b320e86987e4c89_shot_001_001,lpips,mouth,0.09744212
5,0.978048,a6927ea4c0223aa08b320e86987e4c89_shot_001_001,lpips,full,0.06413516
5,0.978048,a6927ea4c0223aa08b320e86987e4c89_shot_001_001,sharpness,mouth,11.8005
5,0.978048,a6927ea4c0223aa08b320e86987e4c89_shot_001_001,lmd,mouth,4.756748
5,0.978048,a6927ea4c0223aa08b320e86987e4c89_shot_001_001,sync_d,mouth,7.458692
5,0.978048,a6927ea4c0223aa08b320e86987e4c89_shot_001_001,sync_c,mouth,7.307859
6,0.973236,a6927ea4c0223aa08b320e86987e4c89_shot_001_001,pixel_mse,mouth,0.00421748
6,0.973236,a6927ea4c0223aa08b320e86987e4c89_shot_001_001,pixel_mse,upper_face,0.00014177
6,0.973236,a6927ea4c0223aa08b320e86987e4c89_shot_001_001,pixel_mse,full,0.00180057
6,0.973236,a6927ea4c0223aa08b320e86987e4c89_shot_001_001,ssim,mouth,0.88747144
6,0.973236,a6927ea4c0223aa08b320e86987e4c89_shot_001_001,ssim,upper_face,0.96498156
6,0.973236,a6927ea4c0223aa08b320e86987e4c89_shot_001_001,ssim,full,0.93343514
6,0.973236,a6927ea4c0223aa08b320e86987e4c89_shot_001_001,lpips,mouth,0.09690750
6,0.973236,a6927ea4c0223aa08b320e86987e4c89_shot_001_001,lpips,full,0.06350929
6,0.973236,a6927ea4c0223aa08b320e86987e4c89_shot_001_001,sharpness,mouth,11.8039
6,0.973236,a6927ea4c0223aa08b320e86987e4c89_shot_001_001,lmd,mouth,4.528005
6,0.973236,a6927ea4c0223aa08b320e86987e4c89_shot_001_001,sync_d,mouth,7.528214
6,0.973236,a6927ea4c0223aa08b320e86987e4c89_shot_001_001,sync_c,mouth,7.234584
7,0.968250,a6927ea4c0223aa08b320e86987e4c89_shot_001_001,pixel_mse,mouth,0.00418382
7,0.968250,a6927ea4c0223aa08b320e86987e4c89_shot_001_001,pixel_mse,upper_face,0.00013651
7,0.968250,a6927ea4c0223aa08b320e86987e4c89_shot_001_001,pixel_mse,full,0.00178376
7,0.968250,a6927ea4c0223aa08b320e86987e4c89_shot_001_001,ssim,mouth,0.88709992
7,0.968250,a6927ea4c0223aa08b320e86987e4c89_shot_001_001,ssim,upper_face,0.96533722
7,0.968250,a6927ea4c0223aa08b320e86987e4c89_shot_001_001,ssim,full,0.93349487
7,0.968250,a6927ea4c0223aa08b320e86987e4c89_shot_001_001,lpips,mouth,0.09673823
7,0.968250,a6927ea4c0223aa08b320e86987e4c89_shot_001_001,lpips,full,0.06340715
7,0.968250,a6927ea4c0223aa08b320e86987e4c89_shot_001_001,sharpness,mouth,12.0722
7,0.968250,a6927ea4c0223aa08b320e86987e4c89_shot_001_001,lmd,mouth,5.001250
7,0.968250,a6927ea4c0223aa08b320e86987e4c89_shot_001_001,sync_d,mouth,7.596136
7,0.968250,a6927ea4c0223aa08b320e86987e4c89_shot_001_001,sync_c,mouth,7.158353
8,0.963082,a6927ea4c0223aa08b320e86987e4c89_shot_001_001,pixel_mse,mouth,0.00403900
8,0.963082,a6927ea4c0223aa08b320e86987e4c89_shot_001_001,pixel_mse,upper_face,0.00013122
8,0.963082,a6927ea4c0223aa08b320e86987e4c89_shot_001_001,pixel_mse,full,0.00172168
8,0.963082,a6927ea4c0223aa08b320e86987e4c89_shot_001_001,ssim,mouth,0.88823050
8,0.963082,a6927ea4c0223aa08b320e86987e4c89_shot_001_001,ssim,upper_face,0.96562612
8,0.963082,a6927ea4c0223aa08b320e86987e4c89_shot_001_001,ssim,full,0.93412638
8,0.963082,a6927ea4c0223aa08b320e86987e4c89_shot_001_001,lpips,mouth,0.09575887
8,0.963082,a6927ea4c0223aa08b320e86987e4c89_shot_001_001,lpips,full,0.06267891
8,0.963082,a6927ea4c0223aa08b320e86987e4c89_shot_001_001,sharpness,mouth,12.2447
8,0.963082,a6927ea4c0223aa08b320e86987e4c89_shot_001_001,lmd,mouth,4.924359
8,0.963082,a6927ea4c0223aa08b320e86987e4c89_shot_001_001,sync_d,mouth,7.458352
8,0.963082,a6927ea4c0223aa08b320e86987e4c89_shot_001_001,sync_c,mouth,7.276697
9,0.957720,a6927ea4c0223aa08b320e86987e4c89_shot_001_001,pixel_mse,mouth,0.00387920
9,0.957720,a6927ea4c0223aa08b320e86987e4c89_shot_001_001,pixel_mse,upper_face,0.00013032
9,0.957720,a6927ea4c0223aa08b320e86987e4c89_shot_001_001,pixel_mse,full,0.00165611
9,0.957720,a6927ea4c0223aa08b320e86987e4c89_shot_001_001,ssim,mouth,0.88877916
9,0.957720,a6927ea4c0223aa08b320e86987e4c89_shot_001_001,ssim,upper_face,0.96582812
9,0.957720,a6927ea4c0223aa08b320e86987e4c89_shot_001_001,ssim,full,0.93446946
9,0.957720,a6927ea4c0223aa08b320e86987e4c89_shot_001_001,lpips,mouth,0.09497733
9,0.957720,a6927ea4c0223aa08b320e86987e4c89_shot_001_001,lpips,full,0.06217477
9,0.957720,a6927ea4c0223aa08b320e86987e4c89_shot_001_001,sharpness,mouth,12.4699
9,0.957720,a6927ea4c0223aa08b320e86987e4c89_shot_001_001,lmd,mouth,4.592328
9,0.957720,a6927ea4c0223aa08b320e86987e4c89_shot_001_001,sync_d,mouth,7.420057
9,0.957720,a6927ea4c0223aa08b320e86987e4c89_shot_001_001,sync_c,mouth,7.447806
10,0.952154,a6927ea4c0223aa08b320e86987e4c89_shot_001_001,pixel_mse,mouth,0.00368462
10,0.952154,a6927ea4c0223aa08b320e86987e4c89_shot_001_001,pixel_mse,upper_face,0.00012778
10,0.952154,a6927ea4c0223aa08b320e86987e4c89_shot_001_001,pixel_mse,full,0.00157541
10,0.952154,a6927ea4c0223aa08b320e86987e4c89_shot_001_001,ssim,mouth,0.88959557
10,0.952154,a6927ea4c0223aa08b320e86987e4c89_shot_001_001,ssim,upper_face,0.96611530
10,0.952154,a6927ea4c0223aa08b320e86987e4c89_shot_001_001,ssim,full,0.93497193
10,0.952154,a6927ea4c0223aa08b320e86987e4c89_shot_001_001,lpips,mouth,0.09358861
10,0.952154,a6927ea4c0223aa08b320e86987e4c89_shot_001_001,lpips,full,0.06125388
10,0.952154,a6927ea4c0223aa08b320e86987e4c89_shot_001_001,sharpness,mouth,12.3741
10,0.952154,a6927ea4c0223aa08b320e86987e4c89_shot_001_001,lmd,mouth,4.764670
10,0.952154,a6927ea4c0223aa08b320e86987e4c89_shot_001_001,sync_d,mouth,7.286525
10,0.952154,a6927ea4c0223aa08b320e86987e4c89_shot_001_001,sync_c,mouth,7.553566
11,0.946372,a6927ea4c0223aa08b320e86987e4c89_shot_001_001,pixel_mse,mouth,0.00344982
11,0.946372,a6927ea4c0223aa08b320e86987e4c89_shot_001_001,pixel_mse,upper_face,0.00012713
11,0.946372,a6927ea4c0223aa08b320e86987e4c89_shot_001_001,pixel_mse,full,0.00147946
11,0.946372,a6927ea4c0223aa08b320e86987e4c89_shot_001_001,ssim,mouth,0.89154893
11,0.946372,a6927ea4c0223aa08b320e86987e4c89_shot_001_001,ssim,upper_face,0.96623021
11,0.946372,a6927ea4c0223aa08b320e86987e4c89_shot_001_001,ssim,full,0.93583518
11,0.946372,a6927ea4c0223aa08b320e86987e4c89_shot_001_001,lpips,mouth,0.09220677
11,0.946372,a6927ea4c0223aa08b320e86987e4c89_shot_001_001,lpips,full,0.06041185
11,0.946372,a6927ea4c0223aa08b320e86987e4c89_shot_001_001,sharpness,mouth,12.2606
11,0.946372,a6927ea4c0223aa08b320e86987e4c89_shot_001_001,lmd,mouth,4.834594
11,0.946372,a6927ea4c0223aa08b320e86987e4c89_shot_001_001,sync_d,mouth,7.109955
11,0.946372,a6927ea4c0223aa08b320e86987e4c89_shot_001_001,sync_c,mouth,7.678129
12,0.940361,a6927ea4c0223aa08b320e86987e4c89_shot_001_001,pixel_mse,mouth,0.00320337
12,0.940361,a6927ea4c0223aa08b320e86987e4c89_shot_001_001,pixel_mse,upper_face,0.00012466
12,0.940361,a6927ea4c0223aa08b320e86987e4c89_shot_001_001,pixel_mse,full,0.00137769
12,0.940361,a6927ea4c0223aa08b320e86987e4c89_shot_001_001,ssim,mouth,0.89348477
12,0.940361,a6927ea4c0223aa08b320e86987e4c89_shot_001_001,ssim,upper_face,0.96638745
12,0.940361,a6927ea4c0223aa08b320e86987e4c89_shot_001_001,ssim,full,0.93671614
12,0.940361,a6927ea4c0223aa08b320e86987e4c89_shot_001_001,lpips,mouth,0.09009998
12,0.940361,a6927ea4c0223aa08b320e86987e4c89_shot_001_001,lpips,full,0.05918272
12,0.940361,a6927ea4c0223aa08b320e86987e4c89_shot_001_001,sharpness,mouth,12.0605
12,0.940361,a6927ea4c0223aa08b320e86987e4c89_shot_001_001,lmd,mouth,4.818765
12,0.940361,a6927ea4c0223aa08b320e86987e4c89_shot_001_001,sync_d,mouth,7.056759
12,0.940361,a6927ea4c0223aa08b320e86987e4c89_shot_001_001,sync_c,mouth,7.754258
13,0.934107,a6927ea4c0223aa08b320e86987e4c89_shot_001_001,pixel_mse,mouth,0.00296587
13,0.934107,a6927ea4c0223aa08b320e86987e4c89_shot_001_001,pixel_mse,upper_face,0.00012330
13,0.934107,a6927ea4c0223aa08b320e86987e4c89_shot_001_001,pixel_mse,full,0.00128022
13,0.934107,a6927ea4c0223aa08b320e86987e4c89_shot_001_001,ssim,mouth,0.89589721
13,0.934107,a6927ea4c0223aa08b320e86987e4c89_shot_001_001,ssim,upper_face,0.96658069
13,0.934107,a6927ea4c0223aa08b320e86987e4c89_shot_001_001,ssim,full,0.93781263
13,0.934107,a6927ea4c0223aa08b320e86987e4c89_shot_001_001,lpips,mouth,0.08778554
13,0.934107,a6927ea4c0223aa08b320e86987e4c89_shot_001_001,lpips,full,0.05769308
13,0.934107,a6927ea4c0223aa08b320e86987e4c89_shot_001_001,sharpness,mouth,11.7166
13,0.934107,a6927ea4c0223aa08b320e86987e4c89_shot_001_001,lmd,mouth,4.489822
13,0.934107,a6927ea4c0223aa08b320e86987e4c89_shot_001_001,sync_d,mouth,7.026485
13,0.934107,a6927ea4c0223aa08b320e86987e4c89_shot_001_001,sync_c,mouth,7.816507
14,0.927596,a6927ea4c0223aa08b320e86987e4c89_shot_001_001,pixel_mse,mouth,0.00278950
14,0.927596,a6927ea4c0223aa08b320e86987e4c89_shot_001_001,pixel_mse,upper_face,0.00012342
14,0.927596,a6927ea4c0223aa08b320e86987e4c89_shot_001_001,pixel_mse,full,0.00120850
14,0.927596,a6927ea4c0223aa08b320e86987e4c89_shot_001_001,ssim,mouth,0.89735204
14,0.927596,a6927ea4c0223aa08b320e86987e4c89_shot_001_001,ssim,upper_face,0.96668321
14,0.927596,a6927ea4c0223aa08b320e86987e4c89_shot_001_001,ssim,full,0.93846554
14,0.927596,a6927ea4c0223aa08b320e86987e4c89_shot_001_001,lpips,mouth,0.08622595
14,0.927596,a6927ea4c0223aa08b320e86987e4c89_shot_001_001,lpips,full,0.05698396
14,0.927596,a6927ea4c0223aa08b320e86987e4c89_shot_001_001,sharpness,mouth,11.6618
14,0.927596,a6927ea4c0223aa08b320e86987e4c89_shot_001_001,lmd,mouth,4.388434
14,0.927596,a6927ea4c0223aa08b320e86987e4c89_shot_001_001,sync_d,mouth,6.886329
14,0.927596,a6927ea4c0223aa08b320e86987e4c89_shot_001_001,sync_c,mouth,8.072752
15,0.920810,a6927ea4c0223aa08b320e86987e4c89_shot_001_001,pixel_mse,mouth,0.00266423
15,0.920810,a6927ea4c0223aa08b320e86987e4c89_shot_001_001,pixel_mse,upper_face,0.00012099
15,0.920810,a6927ea4c0223aa08b320e86987e4c89_shot_001_001,pixel_mse,full,0.00115609
15,0.920810,a6927ea4c0223aa08b320e86987e4c89_shot_001_001,ssim,mouth,0.89885515
15,0.920810,a6927ea4c0223aa08b320e86987e4c89_shot_001_001,ssim,upper_face,0.96682221
15,0.920810,a6927ea4c0223aa08b320e86987e4c89_shot_001_001,ssim,full,0.93915981
15,0.920810,a6927ea4c0223aa08b320e86987e4c89_shot_001_001,lpips,mouth,0.08493735
15,0.920810,a6927ea4c0223aa08b320e86987e4c89_shot_001_001,lpips,full,0.05614746
15,0.920810,a6927ea4c0223aa08b320e86987e4c89_shot_001_001,sharpness,mouth,11.4433
15,0.920810,a6927ea4c0223aa08b320e86987e4c89_shot_001_001,lmd,mouth,4.413704
15,0.920810,a6927ea4c0223aa08b320e86987e4c89_shot_001_001,sync_d,mouth,6.918289
15,0.920810,a6927ea4c0223aa08b320e86987e4c89_shot_001_001,sync_c,mouth,8.107922
16,0.913733,a6927ea4c0223aa08b320e86987e4c89_shot_001_001,pixel_mse,mouth,0.00251241
16,0.913733,a6927ea4c0223aa08b320e86987e4c89_shot_001_001,pixel_mse,upper_face,0.00012381
16,0.913733,a6927ea4c0223aa08b320e86987e4c89_shot_001_001,pixel_mse,full,0.00109596
16,0.913733,a6927ea4c0223aa08b320e86987e4c89_shot_001_001,ssim,mouth,0.90091360
16,0.913733,a6927ea4c0223aa08b320e86987e4c89_shot_001_001,ssim,upper_face,0.96687514
16,0.913733,a6927ea4c0223aa08b320e86987e4c89_shot_001_001,ssim,full,0.94002903
16,0.913733,a6927ea4c0223aa08b320e86987e4c89_shot_001_001,lpips,mouth,0.08338091
16,0.913733,a6927ea4c0223aa08b320e86987e4c89_shot_001_001,lpips,full,0.05521412
16,0.913733,a6927ea4c0223aa08b320e86987e4c89_shot_001_001,sharpness,mouth,11.1788
16,0.913733,a6927ea4c0223aa08b320e86987e4c89_shot_001_001,lmd,mouth,4.382800
16,0.913733,a6927ea4c0223aa08b320e86987e4c89_shot_001_001,sync_d,mouth,6.923630
16,0.913733,a6927ea4c0223aa08b320e86987e4c89_shot_001_001,sync_c,mouth,8.088823
17,0.906344,a6927ea4c0223aa08b320e86987e4c89_shot_001_001,pixel_mse,mouth,0.00237009
17,0.906344,a6927ea4c0223aa08b320e86987e4c89_shot_001_001,pixel_mse,upper_face,0.00012231
17,0.906344,a6927ea4c0223aa08b320e86987e4c89_shot_001_001,pixel_mse,full,0.00103715
17,0.906344,a6927ea4c0223aa08b320e86987e4c89_shot_001_001,ssim,mouth,0.90297329
17,0.906344,a6927ea4c0223aa08b320e86987e4c89_shot_001_001,ssim,upper_face,0.96707511
17,0.906344,a6927ea4c0223aa08b320e86987e4c89_shot_001_001,ssim,full,0.94098586
17,0.906344,a6927ea4c0223aa08b320e86987e4c89_shot_001_001,lpips,mouth,0.08113576
17,0.906344,a6927ea4c0223aa08b320e86987e4c89_shot_001_001,lpips,full,0.05391929
17,0.906344,a6927ea4c0223aa08b320e86987e4c89_shot_001_001,sharpness,mouth,11.0036
17,0.906344,a6927ea4c0223aa08b320e86987e4c89_shot_001_001,lmd,mouth,4.219242
17,0.906344,a6927ea4c0223aa08b320e86987e4c89_shot_001_001,sync_d,mouth,6.931240
17,0.906344,a6927ea4c0223aa08b320e86987e4c89_shot_001_001,sync_c,mouth,8.115863
18,0.898624,a6927ea4c0223aa08b320e86987e4c89_shot_001_001,pixel_mse,mouth,0.00229188
18,0.898624,a6927ea4c0223aa08b320e86987e4c89_shot_001_001,pixel_mse,upper_face,0.00012182
18,0.898624,a6927ea4c0223aa08b320e86987e4c89_shot_001_001,pixel_mse,full,0.00100503
18,0.898624,a6927ea4c0223aa08b320e86987e4c89_shot_001_001,ssim,mouth,0.90456164
18,0.898624,a6927ea4c0223aa08b320e86987e4c89_shot_001_001,ssim,upper_face,0.96721548
18,0.898624,a6927ea4c0223aa08b320e86987e4c89_shot_001_001,ssim,full,0.94171548
18,0.898624,a6927ea4c0223aa08b320e86987e4c89_shot_001_001,lpips,mouth,0.08000191
18,0.898624,a6927ea4c0223aa08b320e86987e4c89_shot_001_001,lpips,full,0.05317413
18,0.898624,a6927ea4c0223aa08b320e86987e4c89_shot_001_001,sharpness,mouth,10.9731
18,0.898624,a6927ea4c0223aa08b320e86987e4c89_shot_001_001,lmd,mouth,4.287571
18,0.898624,a6927ea4c0223aa08b320e86987e4c89_shot_001_001,sync_d,mouth,6.915359
18,0.898624,a6927ea4c0223aa08b320e86987e4c89_shot_001_001,sync_c,mouth,8.230873
19,0.890548,a6927ea4c0223aa08b320e86987e4c89_shot_001_001,pixel_mse,mouth,0.00224402
19,0.890548,a6927ea4c0223aa08b320e86987e4c89_shot_001_001,pixel_mse,upper_face,0.00011824
19,0.890548,a6927ea4c0223aa08b320e86987e4c89_shot_001_001,pixel_mse,full,0.00098343
19,0.890548,a6927ea4c0223aa08b320e86987e4c89_shot_001_001,ssim,mouth,0.90539646
19,0.890548,a6927ea4c0223aa08b320e86987e4c89_shot_001_001,ssim,upper_face,0.96734083
19,0.890548,a6927ea4c0223aa08b320e86987e4c89_shot_001_001,ssim,full,0.94212961
19,0.890548,a6927ea4c0223aa08b320e86987e4c89_shot_001_001,lpips,mouth,0.07889061
19,0.890548,a6927ea4c0223aa08b320e86987e4c89_shot_001_001,lpips,full,0.05256120
19,0.890548,a6927ea4c0223aa08b320e86987e4c89_shot_001_001,sharpness,mouth,10.9667
19,0.890548,a6927ea4c0223aa08b320e86987e4c89_shot_001_001,lmd,mouth,4.328379
19,0.890548,a6927ea4c0223aa08b320e86987e4c89_shot_001_001,sync_d,mouth,6.938127
19,0.890548,a6927ea4c0223aa08b320e86987e4c89_shot_001_001,sync_c,mouth,8.146582
20,0.882093,a6927ea4c0223aa08b320e86987e4c89_shot_001_001,pixel_mse,mouth,0.00216581
20,0.882093,a6927ea4c0223aa08b320e86987e4c89_shot_001_001,pixel_mse,upper_face,0.00011894
20,0.882093,a6927ea4c0223aa08b320e86987e4c89_shot_001_001,pixel_mse,full,0.00095202
20,0.882093,a6927ea4c0223aa08b320e86987e4c89_shot_001_001,ssim,mouth,0.90671486
20,0.882093,a6927ea4c0223aa08b320e86987e4c89_shot_001_001,ssim,upper_face,0.96743530
20,0.882093,a6927ea4c0223aa08b320e86987e4c89_shot_001_001,ssim,full,0.94272220
20,0.882093,a6927ea4c0223aa08b320e86987e4c89_shot_001_001,lpips,mouth,0.07795530
20,0.882093,a6927ea4c0223aa08b320e86987e4c89_shot_001_001,lpips,full,0.05203269
20,0.882093,a6927ea4c0223aa08b320e86987e4c89_shot_001_001,sharpness,mouth,10.9380
20,0.882093,a6927ea4c0223aa08b320e86987e4c89_shot_001_001,lmd,mouth,4.331828
20,0.882093,a6927ea4c0223aa08b320e86987e4c89_shot_001_001,sync_d,mouth,7.090631
20,0.882093,a6927ea4c0223aa08b320e86987e4c89_shot_001_001,sync_c,mouth,8.051610
21,0.873231,a6927ea4c0223aa08b320e86987e4c89_shot_001_001,pixel_mse,mouth,0.00209677
21,0.873231,a6927ea4c0223aa08b320e86987e4c89_shot_001_001,pixel_mse,upper_face,0.00011693
21,0.873231,a6927ea4c0223aa08b320e86987e4c89_shot_001_001,pixel_mse,full,0.00092272
21,0.873231,a6927ea4c0223aa08b320e86987e4c89_shot_001_001,ssim,mouth,0.90762460
21,0.873231,a6927ea4c0223aa08b320e86987e4c89_shot_001_001,ssim,upper_face,0.96755743
21,0.873231,a6927ea4c0223aa08b320e86987e4c89_shot_001_001,ssim,full,0.94316489
21,0.873231,a6927ea4c0223aa08b320e86987e4c89_shot_001_001,lpips,mouth,0.07711255
21,0.873231,a6927ea4c0223aa08b320e86987e4c89_shot_001_001,lpips,full,0.05131592
21,0.873231,a6927ea4c0223aa08b320e86987e4c89_shot_001_001,sharpness,mouth,10.9495
21,0.873231,a6927ea4c0223aa08b320e86987e4c89_shot_001_001,lmd,mouth,4.046904
21,0.873231,a6927ea4c0223aa08b320e86987e4c89_shot_001_001,sync_d,mouth,7.012839
21,0.873231,a6927ea4c0223aa08b320e86987e4c89_shot_001_001,sync_c,mouth,8.131026
22,0.863931,a6927ea4c0223aa08b320e86987e4c89_shot_001_001,pixel_mse,mouth,0.00198466
22,0.863931,a6927ea4c0223aa08b320e86987e4c89_shot_001_001,pixel_mse,upper_face,0.00011685
22,0.863931,a6927ea4c0223aa08b320e86987e4c89_shot_001_001,pixel_mse,full,0.00087705
22,0.863931,a6927ea4c0223aa08b320e86987e4c89_shot_001_001,ssim,mouth,0.90961069
22,0.863931,a6927ea4c0223aa08b320e86987e4c89_shot_001_001,ssim,upper_face,0.96760684
22,0.863931,a6927ea4c0223aa08b320e86987e4c89_shot_001_001,ssim,full,0.94400269
22,0.863931,a6927ea4c0223aa08b320e86987e4c89_shot_001_001,lpips,mouth,0.07624865
22,0.863931,a6927ea4c0223aa08b320e86987e4c89_shot_001_001,lpips,full,0.05085246
22,0.863931,a6927ea4c0223aa08b320e86987e4c89_shot_001_001,sharpness,mouth,10.8943
22,0.863931,a6927ea4c0223aa08b320e86987e4c89_shot_001_001,lmd,mouth,3.978426
22,0.863931,a6927ea4c0223aa08b320e86987e4c89_shot_001_001,sync_d,mouth,6.962417
22,0.863931,a6927ea4c0223aa08b320e86987e4c89_shot_001_001,sync_c,mouth,8.136501
23,0.854160,a6927ea4c0223aa08b320e86987e4c89_shot_001_001,pixel_mse,mouth,0.00193663
23,0.854160,a6927ea4c0223aa08b320e86987e4c89_shot_001_001,pixel_mse,upper_face,0.00011735
23,0.854160,a6927ea4c0223aa08b320e86987e4c89_shot_001_001,pixel_mse,full,0.00085779
23,0.854160,a6927ea4c0223aa08b320e86987e4c89_shot_001_001,ssim,mouth,0.91054976
23,0.854160,a6927ea4c0223aa08b320e86987e4c89_shot_001_001,ssim,upper_face,0.96775252
23,0.854160,a6927ea4c0223aa08b320e86987e4c89_shot_001_001,ssim,full,0.94447118
23,0.854160,a6927ea4c0223aa08b320e86987e4c89_shot_001_001,lpips,mouth,0.07538635
23,0.854160,a6927ea4c0223aa08b320e86987e4c89_shot_001_001,lpips,full,0.05045877
23,0.854160,a6927ea4c0223aa08b320e86987e4c89_shot_001_001,sharpness,mouth,10.7939
23,0.854160,a6927ea4c0223aa08b320e86987e4c89_shot_001_001,lmd,mouth,3.889520
23,0.854160,a6927ea4c0223aa08b320e86987e4c89_shot_001_001,sync_d,mouth,6.992381
23,0.854160,a6927ea4c0223aa08b320e86987e4c89_shot_001_001,sync_c,mouth,8.089931
24,0.843882,a6927ea4c0223aa08b320e86987e4c89_shot_001_001,pixel_mse,mouth,0.00188836
24,0.843882,a6927ea4c0223aa08b320e86987e4c89_shot_001_001,pixel_mse,upper_face,0.00011402
24,0.843882,a6927ea4c0223aa08b320e86987e4c89_shot_001_001,pixel_mse,full,0.00083617
24,0.843882,a6927ea4c0223aa08b320e86987e4c89_shot_001_001,ssim,mouth,0.91137534
24,0.843882,a6927ea4c0223aa08b320e86987e4c89_shot_001_001,ssim,upper_face,0.96781433
24,0.843882,a6927ea4c0223aa08b320e86987e4c89_shot_001_001,ssim,full,0.94484383
24,0.843882,a6927ea4c0223aa08b320e86987e4c89_shot_001_001,lpips,mouth,0.07457904
24,0.843882,a6927ea4c0223aa08b320e86987e4c89_shot_001_001,lpips,full,0.04995114
24,0.843882,a6927ea4c0223aa08b320e86987e4c89_shot_001_001,sharpness,mouth,10.8062
24,0.843882,a6927ea4c0223aa08b320e86987e4c89_shot_001_001,lmd,mouth,3.901269
24,0.843882,a6927ea4c0223aa08b320e86987e4c89_shot_001_001,sync_d,mouth,7.026068
24,0.843882,a6927ea4c0223aa08b320e86987e4c89_shot_001_001,sync_c,mouth,8.060305
25,0.833055,a6927ea4c0223aa08b320e86987e4c89_shot_001_001,pixel_mse,mouth,0.00184376
25,0.833055,a6927ea4c0223aa08b320e86987e4c89_shot_001_001,pixel_mse,upper_face,0.00011392
25,0.833055,a6927ea4c0223aa08b320e86987e4c89_shot_001_001,pixel_mse,full,0.00081796
25,0.833055,a6927ea4c0223aa08b320e86987e4c89_shot_001_001,ssim,mouth,0.91205204
25,0.833055,a6927ea4c0223aa08b320e86987e4c89_shot_001_001,ssim,upper_face,0.96792501
25,0.833055,a6927ea4c0223aa08b320e86987e4c89_shot_001_001,ssim,full,0.94518477
25,0.833055,a6927ea4c0223aa08b320e86987e4c89_shot_001_001,lpips,mouth,0.07434251
25,0.833055,a6927ea4c0223aa08b320e86987e4c89_shot_001_001,lpips,full,0.04960437
25,0.833055,a6927ea4c0223aa08b320e86987e4c89_shot_001_001,sharpness,mouth,10.8332
25,0.833055,a6927ea4c0223aa08b320e86987e4c89_shot_001_001,lmd,mouth,3.735831
25,0.833055,a6927ea4c0223aa08b320e86987e4c89_shot_001_001,sync_d,mouth,6.973261
25,0.833055,a6927ea4c0223aa08b320e86987e4c89_shot_001_001,sync_c,mouth,8.028890
26,0.821636,a6927ea4c0223aa08b320e86987e4c89_shot_001_001,pixel_mse,mouth,0.00185670
26,0.821636,a6927ea4c0223aa08b320e86987e4c89_shot_001_001,pixel_mse,upper_face,0.00011488
26,0.821636,a6927ea4c0223aa08b320e86987e4c89_shot_001_001,pixel_mse,full,0.00082379
26,0.821636,a6927ea4c0223aa08b320e86987e4c89_shot_001_001,ssim,mouth,0.91208065
26,0.821636,a6927ea4c0223aa08b320e86987e4c89_shot_001_001,ssim,upper_face,0.96804434
26,0.821636,a6927ea4c0223aa08b320e86987e4c89_shot_001_001,ssim,full,0.94526720
26,0.821636,a6927ea4c0223aa08b320e86987e4c89_shot_001_001,lpips,mouth,0.07430852
26,0.821636,a6927ea4c0223aa08b320e86987e4c89_shot_001_001,lpips,full,0.04966662
26,0.821636,a6927ea4c0223aa08b320e86987e4c89_shot_001_001,sharpness,mouth,10.8265
26,0.821636,a6927ea4c0223aa08b320e86987e4c89_shot_001_001,lmd,mouth,3.732682
26,0.821636,a6927ea4c0223aa08b320e86987e4c89_shot_001_001,sync_d,mouth,7.046063
26,0.821636,a6927ea4c0223aa08b320e86987e4c89_shot_001_001,sync_c,mouth,8.013266
27,0.809574,a6927ea4c0223aa08b320e86987e4c89_shot_001_001,pixel_mse,mouth,0.00184120
27,0.809574,a6927ea4c0223aa08b320e86987e4c89_shot_001_001,pixel_mse,upper_face,0.00011150
27,0.809574,a6927ea4c0223aa08b320e86987e4c89_shot_001_001,pixel_mse,full,0.00081549
27,0.809574,a6927ea4c0223aa08b320e86987e4c89_shot_001_001,ssim,mouth,0.91270947
27,0.809574,a6927ea4c0223aa08b320e86987e4c89_shot_001_001,ssim,upper_face,0.96812356
27,0.809574,a6927ea4c0223aa08b320e86987e4c89_shot_001_001,ssim,full,0.94556999
27,0.809574,a6927ea4c0223aa08b320e86987e4c89_shot_001_001,lpips,mouth,0.07406531
27,0.809574,a6927ea4c0223aa08b320e86987e4c89_shot_001_001,lpips,full,0.04945252
27,0.809574,a6927ea4c0223aa08b320e86987e4c89_shot_001_001,sharpness,mouth,10.8562
27,0.809574,a6927ea4c0223aa08b320e86987e4c89_shot_001_001,lmd,mouth,3.803922
27,0.809574,a6927ea4c0223aa08b320e86987e4c89_shot_001_001,sync_d,mouth,6.998856
27,0.809574,a6927ea4c0223aa08b320e86987e4c89_shot_001_001,sync_c,mouth,8.017859
28,0.796812,a6927ea4c0223aa08b320e86987e4c89_shot_001_001,pixel_mse,mouth,0.00184748
28,0.796812,a6927ea4c0223aa08b320e86987e4c89_shot_001_001,pixel_mse,upper_face,0.00011138
28,0.796812,a6927ea4c0223aa08b320e86987e4c89_shot_001_001,pixel_mse,full,0.00081797
28,0.796812,a6927ea4c0223aa08b320e86987e4c89_shot_001_001,ssim,mouth,0.91263956
28,0.796812,a6927ea4c0223aa08b320e86987e4c89_shot_001_001,ssim,upper_face,0.96820426
28,0.796812,a6927ea4c0223aa08b320e86987e4c89_shot_001_001,ssim,full,0.94558960
28,0.796812,a6927ea4c0223aa08b320e86987e4c89_shot_001_001,lpips,mouth,0.07426105
28,0.796812,a6927ea4c0223aa08b320e86987e4c89_shot_001_001,lpips,full,0.04953614
28,0.796812,a6927ea4c0223aa08b320e86987e4c89_shot_001_001,sharpness,mouth,10.8240
28,0.796812,a6927ea4c0223aa08b320e86987e4c89_shot_001_001,lmd,mouth,3.738572
28,0.796812,a6927ea4c0223aa08b320e86987e4c89_shot_001_001,sync_d,mouth,6.923873
28,0.796812,a6927ea4c0223aa08b320e86987e4c89_shot_001_001,sync_c,mouth,8.031036
29,0.783290,a6927ea4c0223aa08b320e86987e4c89_shot_001_001,pixel_mse,mouth,0.00185580
29,0.783290,a6927ea4c0223aa08b320e86987e4c89_shot_001_001,pixel_mse,upper_face,0.00011121
29,0.783290,a6927ea4c0223aa08b320e86987e4c89_shot_001_001,pixel_mse,full,0.00082126
29,0.783290,a6927ea4c0223aa08b320e86987e4c89_shot_001_001,ssim,mouth,0.91250372
29,0.783290,a6927ea4c0223aa08b320e86987e4c89_shot_001_001,ssim,upper_face,0.96833837
29,0.783290,a6927ea4c0223aa08b320e86987e4c89_shot_001_001,ssim,full,0.94561380
29,0.783290,a6927ea4c0223aa08b320e86987e4c89_shot_001_001,lpips,mouth,0.07415923
29,0.783290,a6927ea4c0223aa08b320e86987e4c89_shot_001_001,lpips,full,0.04950533
29,0.783290,a6927ea4c0223aa08b320e86987e4c89_shot_001_001,sharpness,mouth,10.8733
29,0.783290,a6927ea4c0223aa08b320e86987e4c89_shot_001_001,lmd,mouth,3.901171
29,0.783290,a6927ea4c0223aa08b320e86987e4c89_shot_001_001,sync_d,mouth,7.013754
29,0.783290,a6927ea4c0223aa08b320e86987e4c89_shot_001_001,sync_c,mouth,7.882714
30,0.768935,a6927ea4c0223aa08b320e86987e4c89_shot_001_001,pixel_mse,mouth,0.00186707
30,0.768935,a6927ea4c0223aa08b320e86987e4c89_shot_001_001,pixel_mse,upper_face,0.00010950
30,0.768935,a6927ea4c0223aa08b320e86987e4c89_shot_001_001,pixel_mse,full,0.00082483
30,0.768935,a6927ea4c0223aa08b320e86987e4c89_shot_001_001,ssim,mouth,0.91249150
30,0.768935,a6927ea4c0223aa08b320e86987e4c89_shot_001_001,ssim,upper_face,0.96839565
30,0.768935,a6927ea4c0223aa08b320e86987e4c89_shot_001_001,ssim,full,0.94564295
30,0.768935,a6927ea4c0223aa08b320e86987e4c89_shot_001_001,lpips,mouth,0.07432163
30,0.768935,a6927ea4c0223aa08b320e86987e4c89_shot_001_001,lpips,full,0.04959459
30,0.768935,a6927ea4c0223aa08b320e86987e4c89_shot_001_001,sharpness,mouth,10.8768
30,0.768935,a6927ea4c0223aa08b320e86987e4c89_shot_001_001,lmd,mouth,3.778299
30,0.768935,a6927ea4c0223aa08b320e86987e4c89_shot_001_001,sync_d,mouth,6.909151
30,0.768935,a6927ea4c0223aa08b320e86987e4c89_shot_001_001,sync_c,mouth,8.052450
31,0.753669,a6927ea4c0223aa08b320e86987e4c89_shot_001_001,pixel_mse,mouth,0.00186745
31,0.753669,a6927ea4c0223aa08b320e86987e4c89_shot_001_001,pixel_mse,upper_face,0.00011053
31,0.753669,a6927ea4c0223aa08b320e86987e4c89_shot_001_001,pixel_mse,full,0.00082559
31,0.753669,a6927ea4c0223aa08b320e86987e4c89_shot_001_001,ssim,mouth,0.91273582
31,0.753669,a6927ea4c0223aa08b320e86987e4c89_shot_001_001,ssim,upper_face,0.96851850
31,0.753669,a6927ea4c0223aa08b320e86987e4c89_shot_001_001,ssim,full,0.94581503
31,0.753669,a6927ea4c0223aa08b320e86987e4c89_shot_001_001,lpips,mouth,0.07456499
31,0.753669,a6927ea4c0223aa08b320e86987e4c89_shot_001_001,lpips,full,0.04946630
31,0.753669,a6927ea4c0223aa08b320e86987e4c89_shot_001_001,sharpness,mouth,10.8656
31,0.753669,a6927ea4c0223aa08b320e86987e4c89_shot_001_001,lmd,mouth,3.775168
31,0.753669,a6927ea4c0223aa08b320e86987e4c89_shot_001_001,sync_d,mouth,6.980536
31,0.753669,a6927ea4c0223aa08b320e86987e4c89_shot_001_001,sync_c,mouth,7.877731
32,0.737402,a6927ea4c0223aa08b320e86987e4c89_shot_001_001,pixel_mse,mouth,0.00190342
32,0.737402,a6927ea4c0223aa08b320e86987e4c89_shot_001_001,pixel_mse,upper_face,0.00011015
32,0.737402,a6927ea4c0223aa08b320e86987e4c89_shot_001_001,pixel_mse,full,0.00084000
32,0.737402,a6927ea4c0223aa08b320e86987e4c89_shot_001_001,ssim,mouth,0.91206795
32,0.737402,a6927ea4c0223aa08b320e86987e4c89_shot_001_001,ssim,upper_face,0.96857077
32,0.737402,a6927ea4c0223aa08b320e86987e4c89_shot_001_001,ssim,full,0.94557434
32,0.737402,a6927ea4c0223aa08b320e86987e4c89_shot_001_001,lpips,mouth,0.07474498
32,0.737402,a6927ea4c0223aa08b320e86987e4c89_shot_001_001,lpips,full,0.04960302
32,0.737402,a6927ea4c0223aa08b320e86987e4c89_shot_001_001,sharpness,mouth,10.9066
32,0.737402,a6927ea4c0223aa08b320e86987e4c89_shot_001_001,lmd,mouth,3.814692
32,0.737402,a6927ea4c0223aa08b320e86987e4c89_shot_001_001,sync_d,mouth,6.814611
32,0.737402,a6927ea4c0223aa08b320e86987e4c89_shot_001_001,sync_c,mouth,7.977362
33,0.720034,a6927ea4c0223aa08b320e86987e4c89_shot_001_001,pixel_mse,mouth,0.00193195
33,0.720034,a6927ea4c0223aa08b320e86987e4c89_shot_001_001,pixel_mse,upper_face,0.00010798
33,0.720034,a6927ea4c0223aa08b320e86987e4c89_shot_001_001,pixel_mse,full,0.00085033
33,0.720034,a6927ea4c0223aa08b320e86987e4c89_shot_001_001,ssim,mouth,0.91161376
33,0.720034,a6927ea4c0223aa08b320e86987e4c89_shot_001_001,ssim,upper_face,0.96880132
33,0.720034,a6927ea4c0223aa08b320e86987e4c89_shot_001_001,ssim,full,0.94552600
33,0.720034,a6927ea4c0223aa08b320e86987e4c89_shot_001_001,lpips,mouth,0.07515739
33,0.720034,a6927ea4c0223aa08b320e86987e4c89_shot_001_001,lpips,full,0.04977454
33,0.720034,a6927ea4c0223aa08b320e86987e4c89_shot_001_001,sharpness,mouth,10.8445
33,0.720034,a6927ea4c0223aa08b320e86987e4c89_shot_001_001,lmd,mouth,3.805530
33,0.720034,a6927ea4c0223aa08b320e86987e4c89_shot_001_001,sync_d,mouth,6.785113
33,0.720034,a6927ea4c0223aa08b320e86987e4c89_shot_001_001,sync_c,mouth,8.082314
34,0.701446,a6927ea4c0223aa08b320e86987e4c89_shot_001_001,pixel_mse,mouth,0.00194806
34,0.701446,a6927ea4c0223aa08b320e86987e4c89_shot_001_001,pixel_mse,upper_face,0.00010715
34,0.701446,a6927ea4c0223aa08b320e86987e4c89_shot_001_001,pixel_mse,full,0.00085640
34,0.701446,a6927ea4c0223aa08b320e86987e4c89_shot_001_001,ssim,mouth,0.91120994
34,0.701446,a6927ea4c0223aa08b320e86987e4c89_shot_001_001,ssim,upper_face,0.96878761
34,0.701446,a6927ea4c0223aa08b320e86987e4c89_shot_001_001,ssim,full,0.94535375
34,0.701446,a6927ea4c0223aa08b320e86987e4c89_shot_001_001,lpips,mouth,0.07567262
34,0.701446,a6927ea4c0223aa08b320e86987e4c89_shot_001_001,lpips,full,0.05000926
34,0.701446,a6927ea4c0223aa08b320e86987e4c89_shot_001_001,sharpness,mouth,10.8711
34,0.701446,a6927ea4c0223aa08b320e86987e4c89_shot_001_001,lmd,mouth,3.835208
34,0.701446,a6927ea4c0223aa08b320e86987e4c89_shot_001_001,sync_d,mouth,6.853511
34,0.701446,a6927ea4c0223aa08b320e86987e4c89_shot_001_001,sync_c,mouth,7.953566
35,0.681508,a6927ea4c0223aa08b320e86987e4c89_shot_001_001,pixel_mse,mouth,0.00196927
35,0.681508,a6927ea4c0223aa08b320e86987e4c89_shot_001_001,pixel_mse,upper_face,0.00010599
35,0.681508,a6927ea4c0223aa08b320e86987e4c89_shot_001_001,pixel_mse,full,0.00086434
35,0.681508,a6927ea4c0223aa08b320e86987e4c89_shot_001_001,ssim,mouth,0.91110599
35,0.681508,a6927ea4c0223aa08b320e86987e4c89_shot_001_001,ssim,upper_face,0.96892434
35,0.681508,a6927ea4c0223aa08b320e86987e4c89_shot_001_001,ssim,full,0.94539249
35,0.681508,a6927ea4c0223aa08b320e86987e4c89_shot_001_001,lpips,mouth,0.07570940
35,0.681508,a6927ea4c0223aa08b320e86987e4c89_shot_001_001,lpips,full,0.05009348
35,0.681508,a6927ea4c0223aa08b320e86987e4c89_shot_001_001,sharpness,mouth,10.9174
35,0.681508,a6927ea4c0223aa08b320e86987e4c89_shot_001_001,lmd,mouth,3.863053
35,0.681508,a6927ea4c0223aa08b320e86987e4c89_shot_001_001,sync_d,mouth,6.747615
35,0.681508,a6927ea4c0223aa08b320e86987e4c89_shot_001_001,sync_c,mouth,8.030684
36,0.660066,a6927ea4c0223aa08b320e86987e4c89_shot_001_001,pixel_mse,mouth,0.00198503
36,0.660066,a6927ea4c0223aa08b320e86987e4c89_shot_001_001,pixel_mse,upper_face,0.00010533
36,0.660066,a6927ea4c0223aa08b320e86987e4c89_shot_001_001,pixel_mse,full,0.00087037
36,0.660066,a6927ea4c0223aa08b320e86987e4c89_shot_001_001,ssim,mouth,0.91076189
36,0.660066,a6927ea4c0223aa08b320e86987e4c89_shot_001_001,ssim,upper_face,0.96903491
36,0.660066,a6927ea4c0223aa08b320e86987e4c89_shot_001_001,ssim,full,0.94531798
36,0.660066,a6927ea4c0223aa08b320e86987e4c89_shot_001_001,lpips,mouth,0.07599529
36,0.660066,a6927ea4c0223aa08b320e86987e4c89_shot_001_001,lpips,full,0.05020989
36,0.660066,a6927ea4c0223aa08b320e86987e4c89_shot_001_001,sharpness,mouth,10.9558
36,0.660066,a6927ea4c0223aa08b320e86987e4c89_shot_001_001,lmd,mouth,3.897334
36,0.660066,a6927ea4c0223aa08b320e86987e4c89_shot_001_001,sync_d,mouth,6.831758
36,0.660066,a6927ea4c0223aa08b320e86987e4c89_shot_001_001,sync_c,mouth,7.949363
37,0.636942,a6927ea4c0223aa08b320e86987e4c89_shot_001_001,pixel_mse,mouth,0.00199586
37,0.636942,a6927ea4c0223aa08b320e86987e4c89_shot_001_001,pixel_mse,upper_face,0.00010475
37,0.636942,a6927ea4c0223aa08b320e86987e4c89_shot_001_001,pixel_mse,full,0.00087442
37,0.636942,a6927ea4c0223aa08b320e86987e4c89_shot_001_001,ssim,mouth,0.91068542
37,0.636942,a6927ea4c0223aa08b320e86987e4c89_shot_001_001,ssim,upper_face,0.96918064
37,0.636942,a6927ea4c0223aa08b320e86987e4c89_shot_001_001,ssim,full,0.94537324
37,0.636942,a6927ea4c0223aa08b320e86987e4c89_shot_001_001,lpips,mouth,0.07618656
37,0.636942,a6927ea4c0223aa08b320e86987e4c89_shot_001_001,lpips,full,0.05029974
37,0.636942,a6927ea4c0223aa08b320e86987e4c89_shot_001_001,sharpness,mouth,10.9951
37,0.636942,a6927ea4c0223aa08b320e86987e4c89_shot_001_001,lmd,mouth,3.861397
37,0.636942,a6927ea4c0223aa08b320e86987e4c89_shot_001_001,sync_d,mouth,6.756582
37,0.636942,a6927ea4c0223aa08b320e86987e4c89_shot_001_001,sync_c,mouth,7.953971
38,0.611932,a6927ea4c0223aa08b320e86987e4c89_shot_001_001,pixel_mse,mouth,0.00203577
38,0.611932,a6927ea4c0223aa08b320e86987e4c89_shot_001_001,pixel_mse,upper_face,0.00010464
38,0.611932,a6927ea4c0223aa08b320e86987e4c89_shot_001_001,pixel_mse,full,0.00089061
38,0.611932,a6927ea4c0223aa08b320e86987e4c89_shot_001_001,ssim,mouth,0.91010475
38,0.611932,a6927ea4c0223aa08b320e86987e4c89_shot_001_001,ssim,upper_face,0.96925545
38,0.611932,a6927ea4c0223aa08b320e86987e4c89_shot_001_001,ssim,full,0.94518119
38,0.611932,a6927ea4c0223aa08b320e86987e4c89_shot_001_001,lpips,mouth,0.07687621
38,0.611932,a6927ea4c0223aa08b320e86987e4c89_shot_001_001,lpips,full,0.05061053
38,0.611932,a6927ea4c0223aa08b320e86987e4c89_shot_001_001,sharpness,mouth,10.9835
38,0.611932,a6927ea4c0223aa08b320e86987e4c89_shot_001_001,lmd,mouth,3.887747
38,0.611932,a6927ea4c0223aa08b320e86987e4c89_shot_001_001,sync_d,mouth,6.844665
38,0.611932,a6927ea4c0223aa08b320e86987e4c89_shot_001_001,sync_c,mouth,7.989134
39,0.584795,a6927ea4c0223aa08b320e86987e4c89_shot_001_001,pixel_mse,mouth,0.00206004
39,0.584795,a6927ea4c0223aa08b320e86987e4c89_shot_001_001,pixel_mse,upper_face,0.00010310
39,0.584795,a6927ea4c0223aa08b320e86987e4c89_shot_001_001,pixel_mse,full,0.00089957
39,0.584795,a6927ea4c0223aa08b320e86987e4c89_shot_001_001,ssim,mouth,0.90959263
39,0.584795,a6927ea4c0223aa08b320e86987e4c89_shot_001_001,ssim,upper_face,0.96937889
39,0.584795,a6927ea4c0223aa08b320e86987e4c89_shot_001_001,ssim,full,0.94504601
39,0.584795,a6927ea4c0223aa08b320e86987e4c89_shot_001_001,lpips,mouth,0.07726660
39,0.584795,a6927ea4c0223aa08b320e86987e4c89_shot_001_001,lpips,full,0.05066783
39,0.584795,a6927ea4c0223aa08b320e86987e4c89_shot_001_001,sharpness,mouth,10.9771
39,0.584795,a6927ea4c0223aa08b320e86987e4c89_shot_001_001,lmd,mouth,3.908576
39,0.584795,a6927ea4c0223aa08b320e86987e4c89_shot_001_001,sync_d,mouth,6.766058
39,0.584795,a6927ea4c0223aa08b320e86987e4c89_shot_001_001,sync_c,mouth,8.009685
40,0.555247,a6927ea4c0223aa08b320e86987e4c89_shot_001_001,pixel_mse,mouth,0.00207000
40,0.555247,a6927ea4c0223aa08b320e86987e4c89_shot_001_001,pixel_mse,upper_face,0.00010253
40,0.555247,a6927ea4c0223aa08b320e86987e4c89_shot_001_001,pixel_mse,full,0.00090329
40,0.555247,a6927ea4c0223aa08b320e86987e4c89_shot_001_001,ssim,mouth,0.90922755
40,0.555247,a6927ea4c0223aa08b320e86987e4c89_shot_001_001,ssim,upper_face,0.96951264
40,0.555247,a6927ea4c0223aa08b320e86987e4c89_shot_001_001,ssim,full,0.94497681
40,0.555247,a6927ea4c0223aa08b320e86987e4c89_shot_001_001,lpips,mouth,0.07772418
40,0.555247,a6927ea4c0223aa08b320e86987e4c89_shot_001_001,lpips,full,0.05094751
40,0.555247,a6927ea4c0223aa08b320e86987e4c89_shot_001_001,sharpness,mouth,11.0174
40,0.555247,a6927ea4c0223aa08b320e86987e4c89_shot_001_001,lmd,mouth,3.857863
40,0.555247,a6927ea4c0223aa08b320e86987e4c89_shot_001_001,sync_d,mouth,6.707557
40,0.555247,a6927ea4c0223aa08b320e86987e4c89_shot_001_001,sync_c,mouth,8.015232
41,0.522951,a6927ea4c0223aa08b320e86987e4c89_shot_001_001,pixel_mse,mouth,0.00210200
41,0.522951,a6927ea4c0223aa08b320e86987e4c89_shot_001_001,pixel_mse,upper_face,0.00010298
41,0.522951,a6927ea4c0223aa08b320e86987e4c89_shot_001_001,pixel_mse,full,0.00091657
41,0.522951,a6927ea4c0223aa08b320e86987e4c89_shot_001_001,ssim,mouth,0.90869802
41,0.522951,a6927ea4c0223aa08b320e86987e4c89_shot_001_001,ssim,upper_face,0.96961832
41,0.522951,a6927ea4c0223aa08b320e86987e4c89_shot_001_001,ssim,full,0.94482392
41,0.522951,a6927ea4c0223aa08b320e86987e4c89_shot_001_001,lpips,mouth,0.07794620
41,0.522951,a6927ea4c0223aa08b320e86987e4c89_shot_001_001,lpips,full,0.05102975
41,0.522951,a6927ea4c0223aa08b320e86987e4c89_shot_001_001,sharpness,mouth,10.9377
41,0.522951,a6927ea4c0223aa08b320e86987e4c89_shot_001_001,lmd,mouth,3.956706
41,0.522951,a6927ea4c0223aa08b320e86987e4c89_shot_001_001,sync_d,mouth,6.814944
41,0.522951,a6927ea4c0223aa08b320e86987e4c89_shot_001_001,sync_c,mouth,7.997076
42,0.487507,a6927ea4c0223aa08b320e86987e4c89_shot_001_001,pixel_mse,mouth,0.00212853
42,0.487507,a6927ea4c0223aa08b320e86987e4c89_shot_001_001,pixel_mse,upper_face,0.00010247
42,0.487507,a6927ea4c0223aa08b320e86987e4c89_shot_001_001,pixel_mse,full,0.00092707
42,0.487507,a6927ea4c0223aa08b320e86987e4c89_shot_001_001,ssim,mouth,0.90801585
42,0.487507,a6927ea4c0223aa08b320e86987e4c89_shot_001_001,ssim,upper_face,0.96977639
42,0.487507,a6927ea4c0223aa08b320e86987e4c89_shot_001_001,ssim,full,0.94463998
42,0.487507,a6927ea4c0223aa08b320e86987e4c89_shot_001_001,lpips,mouth,0.07841527
42,0.487507,a6927ea4c0223aa08b320e86987e4c89_shot_001_001,lpips,full,0.05117970
42,0.487507,a6927ea4c0223aa08b320e86987e4c89_shot_001_001,sharpness,mouth,10.9839
42,0.487507,a6927ea4c0223aa08b320e86987e4c89_shot_001_001,lmd,mouth,4.010807
42,0.487507,a6927ea4c0223aa08b320e86987e4c89_shot_001_001,sync_d,mouth,6.806086
42,0.487507,a6927ea4c0223aa08b320e86987e4c89_shot_001_001,sync_c,mouth,7.961600
43,0.448430,a6927ea4c0223aa08b320e86987e4c89_shot_001_001,pixel_mse,mouth,0.00214868
43,0.448430,a6927ea4c0223aa08b320e86987e4c89_shot_001_001,pixel_mse,upper_face,0.00010135
43,0.448430,a6927ea4c0223aa08b320e86987e4c89_shot_001_001,pixel_mse,full,0.00093461
43,0.448430,a6927ea4c0223aa08b320e86987e4c89_shot_001_001,ssim,mouth,0.90749848
43,0.448430,a6927ea4c0223aa08b320e86987e4c89_shot_001_001,ssim,upper_face,0.96989584
43,0.448430,a6927ea4c0223aa08b320e86987e4c89_shot_001_001,ssim,full,0.94450021
43,0.448430,a6927ea4c0223aa08b320e86987e4c89_shot_001_001,lpips,mouth,0.07900335
43,0.448430,a6927ea4c0223aa08b320e86987e4c89_shot_001_001,lpips,full,0.05159479
43,0.448430,a6927ea4c0223aa08b320e86987e4c89_shot_001_001,sharpness,mouth,11.0002
43,0.448430,a6927ea4c0223aa08b320e86987e4c89_shot_001_001,lmd,mouth,3.923758
43,0.448430,a6927ea4c0223aa08b320e86987e4c89_shot_001_001,sync_d,mouth,6.817434
43,0.448430,a6927ea4c0223aa08b320e86987e4c89_shot_001_001,sync_c,mouth,7.906201
44,0.405131,a6927ea4c0223aa08b320e86987e4c89_shot_001_001,pixel_mse,mouth,0.00217103
44,0.405131,a6927ea4c0223aa08b320e86987e4c89_shot_001_001,pixel_mse,upper_face,0.00010126
44,0.405131,a6927ea4c0223aa08b320e86987e4c89_shot_001_001,pixel_mse,full,0.00094365
44,0.405131,a6927ea4c0223aa08b320e86987e4c89_shot_001_001,ssim,mouth,0.90670145
44,0.405131,a6927ea4c0223aa08b320e86987e4c89_shot_001_001,ssim,upper_face,0.96992636
44,0.405131,a6927ea4c0223aa08b320e86987e4c89_shot_001_001,ssim,full,0.94419390
44,0.405131,a6927ea4c0223aa08b320e86987e4c89_shot_001_001,lpips,mouth,0.07926804
44,0.405131,a6927ea4c0223aa08b320e86987e4c89_shot_001_001,lpips,full,0.05170795
44,0.405131,a6927ea4c0223aa08b320e86987e4c89_shot_001_001,sharpness,mouth,11.0082
44,0.405131,a6927ea4c0223aa08b320e86987e4c89_shot_001_001,lmd,mouth,3.955342
44,0.405131,a6927ea4c0223aa08b320e86987e4c89_shot_001_001,sync_d,mouth,6.994584
44,0.405131,a6927ea4c0223aa08b320e86987e4c89_shot_001_001,sync_c,mouth,7.764085
45,0.356888,a6927ea4c0223aa08b320e86987e4c89_shot_001_001,pixel_mse,mouth,0.00219859
45,0.356888,a6927ea4c0223aa08b320e86987e4c89_shot_001_001,pixel_mse,upper_face,0.00010225
45,0.356888,a6927ea4c0223aa08b320e86987e4c89_shot_001_001,pixel_mse,full,0.00095546
45,0.356888,a6927ea4c0223aa08b320e86987e4c89_shot_001_001,ssim,mouth,0.90599757
45,0.356888,a6927ea4c0223aa08b320e86987e4c89_shot_001_001,ssim,upper_face,0.97004962
45,0.356888,a6927ea4c0223aa08b320e86987e4c89_shot_001_001,ssim,full,0.94398057
45,0.356888,a6927ea4c0223aa08b320e86987e4c89_shot_001_001,lpips,mouth,0.07976884
45,0.356888,a6927ea4c0223aa08b320e86987e4c89_shot_001_001,lpips,full,0.05199539
45,0.356888,a6927ea4c0223aa08b320e86987e4c89_shot_001_001,sharpness,mouth,11.0348
45,0.356888,a6927ea4c0223aa08b320e86987e4c89_shot_001_001,lmd,mouth,3.956337
45,0.356888,a6927ea4c0223aa08b320e86987e4c89_shot_001_001,sync_d,mouth,6.839325
45,0.356888,a6927ea4c0223aa08b320e86987e4c89_shot_001_001,sync_c,mouth,7.961280
46,0.302801,a6927ea4c0223aa08b320e86987e4c89_shot_001_001,pixel_mse,mouth,0.00222195
46,0.302801,a6927ea4c0223aa08b320e86987e4c89_shot_001_001,pixel_mse,upper_face,0.00010438
46,0.302801,a6927ea4c0223aa08b320e86987e4c89_shot_001_001,pixel_mse,full,0.00096623
46,0.302801,a6927ea4c0223aa08b320e86987e4c89_shot_001_001,ssim,mouth,0.90488178
46,0.302801,a6927ea4c0223aa08b320e86987e4c89_shot_001_001,ssim,upper_face,0.97004813
46,0.302801,a6927ea4c0223aa08b320e86987e4c89_shot_001_001,ssim,full,0.94352561
46,0.302801,a6927ea4c0223aa08b320e86987e4c89_shot_001_001,lpips,mouth,0.08023112
46,0.302801,a6927ea4c0223aa08b320e86987e4c89_shot_001_001,lpips,full,0.05231943
46,0.302801,a6927ea4c0223aa08b320e86987e4c89_shot_001_001,sharpness,mouth,11.0374
46,0.302801,a6927ea4c0223aa08b320e86987e4c89_shot_001_001,lmd,mouth,4.000732
46,0.302801,a6927ea4c0223aa08b320e86987e4c89_shot_001_001,sync_d,mouth,6.915607
46,0.302801,a6927ea4c0223aa08b320e86987e4c89_shot_001_001,sync_c,mouth,7.871921
47,0.241740,a6927ea4c0223aa08b320e86987e4c89_shot_001_001,pixel_mse,mouth,0.00224916
47,0.241740,a6927ea4c0223aa08b320e86987e4c89_shot_001_001,pixel_mse,upper_face,0.00010581
47,0.241740,a6927ea4c0223aa08b320e86987e4c89_shot_001_001,pixel_mse,full,0.00097815
47,0.241740,a6927ea4c0223aa08b320e86987e4c89_shot_001_001,ssim,mouth,0.90367389
47,0.241740,a6927ea4c0223aa08b320e86987e4c89_shot_001_001,ssim,upper_face,0.97009861
47,0.241740,a6927ea4c0223aa08b320e86987e4c89_shot_001_001,ssim,full,0.94306391
47,0.241740,a6927ea4c0223aa08b320e86987e4c89_shot_001_001,lpips,mouth,0.08073227
47,0.241740,a6927ea4c0223aa08b320e86987e4c89_shot_001_001,lpips,full,0.05253758
47,0.241740,a6927ea4c0223aa08b320e86987e4c89_shot_001_001,sharpness,mouth,11.0248
47,0.241740,a6927ea4c0223aa08b320e86987e4c89_shot_001_001,lmd,mouth,4.038422
47,0.241740,a6927ea4c0223aa08b320e86987e4c89_shot_001_001,sync_d,mouth,6.834076
47,0.241740,a6927ea4c0223aa08b320e86987e4c89_shot_001_001,sync_c,mouth,7.923375
48,0.172265,a6927ea4c0223aa08b320e86987e4c89_shot_001_001,pixel_mse,mouth,0.00227360
48,0.172265,a6927ea4c0223aa08b320e86987e4c89_shot_001_001,pixel_mse,upper_face,0.00010880
48,0.172265,a6927ea4c0223aa08b320e86987e4c89_shot_001_001,pixel_mse,full,0.00098987
48,0.172265,a6927ea4c0223aa08b320e86987e4c89_shot_001_001,ssim,mouth,0.90224767
48,0.172265,a6927ea4c0223aa08b320e86987e4c89_shot_001_001,ssim,upper_face,0.96998447
48,0.172265,a6927ea4c0223aa08b320e86987e4c89_shot_001_001,ssim,full,0.94241577
48,0.172265,a6927ea4c0223aa08b320e86987e4c89_shot_001_001,lpips,mouth,0.08129761
48,0.172265,a6927ea4c0223aa08b320e86987e4c89_shot_001_001,lpips,full,0.05306658
48,0.172265,a6927ea4c0223aa08b320e86987e4c89_shot_001_001,sharpness,mouth,11.0010
48,0.172265,a6927ea4c0223aa08b320e86987e4c89_shot_001_001,lmd,mouth,4.010710
48,0.172265,a6927ea4c0223aa08b320e86987e4c89_shot_001_001,sync_d,mouth,6.811635
48,0.172265,a6927ea4c0223aa08b320e86987e4c89_shot_001_001,sync_c,mouth,7.942776
49,0.092507,a6927ea4c0223aa08b320e86987e4c89_shot_001_001,pixel_mse,mouth,0.00230002
49,0.092507,a6927ea4c0223aa08b320e86987e4c89_shot_001_001,pixel_mse,upper_face,0.00011261
49,0.092507,a6927ea4c0223aa08b320e86987e4c89_shot_001_001,pixel_mse,full,0.00100288
49,0.092507,a6927ea4c0223aa08b320e86987e4c89_shot_001_001,ssim,mouth,0.90066671
49,0.092507,a6927ea4c0223aa08b320e86987e4c89_shot_001_001,ssim,upper_face,0.96960467
49,0.092507,a6927ea4c0223aa08b320e86987e4c89_shot_001_001,ssim,full,0.94154698
49,0.092507,a6927ea4c0223aa08b320e86987e4c89_shot_001_001,lpips,mouth,0.08184401
49,0.092507,a6927ea4c0223aa08b320e86987e4c89_shot_001_001,lpips,full,0.05336712
49,0.092507,a6927ea4c0223aa08b320e86987e4c89_shot_001_001,sharpness,mouth,10.9933
49,0.092507,a6927ea4c0223aa08b320e86987e4c89_shot_001_001,lmd,mouth,4.037348
49,0.092507,a6927ea4c0223aa08b320e86987e4c89_shot_001_001,sync_d,mouth,6.790266
49,0.092507,a6927ea4c0223aa08b320e86987e4c89_shot_001_001,sync_c,mouth,7.932809
-1,gt,d39560e57ccf0d56a57604dda32c01f1_shot_001_000,sharpness,mouth,14.4626
-1,gt,d39560e57ccf0d56a57604dda32c01f1_shot_001_000,sync_d,mouth,6.505698
-1,gt,d39560e57ccf0d56a57604dda32c01f1_shot_001_000,sync_c,mouth,9.664845
0,0.999000,d39560e57ccf0d56a57604dda32c01f1_shot_001_000,pixel_mse,mouth,0.00379183
0,0.999000,d39560e57ccf0d56a57604dda32c01f1_shot_001_000,pixel_mse,upper_face,0.00034167
0,0.999000,d39560e57ccf0d56a57604dda32c01f1_shot_001_000,pixel_mse,full,0.00174588
0,0.999000,d39560e57ccf0d56a57604dda32c01f1_shot_001_000,ssim,mouth,0.84763956
0,0.999000,d39560e57ccf0d56a57604dda32c01f1_shot_001_000,ssim,upper_face,0.94624621
0,0.999000,d39560e57ccf0d56a57604dda32c01f1_shot_001_000,ssim,full,0.90611351
0,0.999000,d39560e57ccf0d56a57604dda32c01f1_shot_001_000,lpips,mouth,0.14087270
0,0.999000,d39560e57ccf0d56a57604dda32c01f1_shot_001_000,lpips,full,0.09539577
0,0.999000,d39560e57ccf0d56a57604dda32c01f1_shot_001_000,sharpness,mouth,18.7765
0,0.999000,d39560e57ccf0d56a57604dda32c01f1_shot_001_000,lmd,mouth,5.223116
0,0.999000,d39560e57ccf0d56a57604dda32c01f1_shot_001_000,sync_d,mouth,6.055782
0,0.999000,d39560e57ccf0d56a57604dda32c01f1_shot_001_000,sync_c,mouth,10.851307
1,0.995732,d39560e57ccf0d56a57604dda32c01f1_shot_001_000,pixel_mse,mouth,0.00377504
1,0.995732,d39560e57ccf0d56a57604dda32c01f1_shot_001_000,pixel_mse,upper_face,0.00033998
1,0.995732,d39560e57ccf0d56a57604dda32c01f1_shot_001_000,pixel_mse,full,0.00173804
1,0.995732,d39560e57ccf0d56a57604dda32c01f1_shot_001_000,ssim,mouth,0.84871966
1,0.995732,d39560e57ccf0d56a57604dda32c01f1_shot_001_000,ssim,upper_face,0.94659734
1,0.995732,d39560e57ccf0d56a57604dda32c01f1_shot_001_000,ssim,full,0.90676135
1,0.995732,d39560e57ccf0d56a57604dda32c01f1_shot_001_000,lpips,mouth,0.14051461
1,0.995732,d39560e57ccf0d56a57604dda32c01f1_shot_001_000,lpips,full,0.09511579
1,0.995732,d39560e57ccf0d56a57604dda32c01f1_shot_001_000,sharpness,mouth,18.5437
1,0.995732,d39560e57ccf0d56a57604dda32c01f1_shot_001_000,lmd,mouth,5.387702
1,0.995732,d39560e57ccf0d56a57604dda32c01f1_shot_001_000,sync_d,mouth,6.104827
1,0.995732,d39560e57ccf0d56a57604dda32c01f1_shot_001_000,sync_c,mouth,10.775690
2,0.991530,d39560e57ccf0d56a57604dda32c01f1_shot_001_000,pixel_mse,mouth,0.00365295
2,0.991530,d39560e57ccf0d56a57604dda32c01f1_shot_001_000,pixel_mse,upper_face,0.00031165
2,0.991530,d39560e57ccf0d56a57604dda32c01f1_shot_001_000,pixel_mse,full,0.00167155
2,0.991530,d39560e57ccf0d56a57604dda32c01f1_shot_001_000,ssim,mouth,0.85303259
2,0.991530,d39560e57ccf0d56a57604dda32c01f1_shot_001_000,ssim,upper_face,0.94907594
2,0.991530,d39560e57ccf0d56a57604dda32c01f1_shot_001_000,ssim,full,0.90998650
2,0.991530,d39560e57ccf0d56a57604dda32c01f1_shot_001_000,lpips,mouth,0.13599655
2,0.991530,d39560e57ccf0d56a57604dda32c01f1_shot_001_000,lpips,full,0.09155115
2,0.991530,d39560e57ccf0d56a57604dda32c01f1_shot_001_000,sharpness,mouth,18.0369
2,0.991530,d39560e57ccf0d56a57604dda32c01f1_shot_001_000,lmd,mouth,5.476650
2,0.991530,d39560e57ccf0d56a57604dda32c01f1_shot_001_000,sync_d,mouth,6.052447
2,0.991530,d39560e57ccf0d56a57604dda32c01f1_shot_001_000,sync_c,mouth,10.717748
3,0.987187,d39560e57ccf0d56a57604dda32c01f1_shot_001_000,pixel_mse,mouth,0.00350228
3,0.987187,d39560e57ccf0d56a57604dda32c01f1_shot_001_000,pixel_mse,upper_face,0.00029515
3,0.987187,d39560e57ccf0d56a57604dda32c01f1_shot_001_000,pixel_mse,full,0.00160044
3,0.987187,d39560e57ccf0d56a57604dda32c01f1_shot_001_000,ssim,mouth,0.85647178
3,0.987187,d39560e57ccf0d56a57604dda32c01f1_shot_001_000,ssim,upper_face,0.95079786
3,0.987187,d39560e57ccf0d56a57604dda32c01f1_shot_001_000,ssim,full,0.91240728
3,0.987187,d39560e57ccf0d56a57604dda32c01f1_shot_001_000,lpips,mouth,0.13271914
3,0.987187,d39560e57ccf0d56a57604dda32c01f1_shot_001_000,lpips,full,0.08928975
3,0.987187,d39560e57ccf0d56a57604dda32c01f1_shot_001_000,sharpness,mouth,17.4290
3,0.987187,d39560e57ccf0d56a57604dda32c01f1_shot_001_000,lmd,mouth,5.410246
3,0.987187,d39560e57ccf0d56a57604dda32c01f1_shot_001_000,sync_d,mouth,6.229713
3,0.987187,d39560e57ccf0d56a57604dda32c01f1_shot_001_000,sync_c,mouth,10.549597
4,0.982696,d39560e57ccf0d56a57604dda32c01f1_shot_001_000,pixel_mse,mouth,0.00350862
4,0.982696,d39560e57ccf0d56a57604dda32c01f1_shot_001_000,pixel_mse,upper_face,0.00028664
4,0.982696,d39560e57ccf0d56a57604dda32c01f1_shot_001_000,pixel_mse,full,0.00159798
4,0.982696,d39560e57ccf0d56a57604dda32c01f1_shot_001_000,ssim,mouth,0.85733098
4,0.982696,d39560e57ccf0d56a57604dda32c01f1_shot_001_000,ssim,upper_face,0.95169652
4,0.982696,d39560e57ccf0d56a57604dda32c01f1_shot_001_000,ssim,full,0.91328996
4,0.982696,d39560e57ccf0d56a57604dda32c01f1_shot_001_000,lpips,mouth,0.13323742
4,0.982696,d39560e57ccf0d56a57604dda32c01f1_shot_001_000,lpips,full,0.08911683
4,0.982696,d39560e57ccf0d56a57604dda32c01f1_shot_001_000,sharpness,mouth,16.8029
4,0.982696,d39560e57ccf0d56a57604dda32c01f1_shot_001_000,lmd,mouth,5.687502
4,0.982696,d39560e57ccf0d56a57604dda32c01f1_shot_001_000,sync_d,mouth,6.241827
4,0.982696,d39560e57ccf0d56a57604dda32c01f1_shot_001_000,sync_c,mouth,10.437809
5,0.978048,d39560e57ccf0d56a57604dda32c01f1_shot_001_000,pixel_mse,mouth,0.00342733
5,0.978048,d39560e57ccf0d56a57604dda32c01f1_shot_001_000,pixel_mse,upper_face,0.00027308
5,0.978048,d39560e57ccf0d56a57604dda32c01f1_shot_001_000,pixel_mse,full,0.00155685
5,0.978048,d39560e57ccf0d56a57604dda32c01f1_shot_001_000,ssim,mouth,0.85926008
5,0.978048,d39560e57ccf0d56a57604dda32c01f1_shot_001_000,ssim,upper_face,0.95264858
5,0.978048,d39560e57ccf0d56a57604dda32c01f1_shot_001_000,ssim,full,0.91463971
5,0.978048,d39560e57ccf0d56a57604dda32c01f1_shot_001_000,lpips,mouth,0.13226882
5,0.978048,d39560e57ccf0d56a57604dda32c01f1_shot_001_000,lpips,full,0.08825359
5,0.978048,d39560e57ccf0d56a57604dda32c01f1_shot_001_000,sharpness,mouth,16.3491
5,0.978048,d39560e57ccf0d56a57604dda32c01f1_shot_001_000,lmd,mouth,6.119005
5,0.978048,d39560e57ccf0d56a57604dda32c01f1_shot_001_000,sync_d,mouth,6.355234
5,0.978048,d39560e57ccf0d56a57604dda32c01f1_shot_001_000,sync_c,mouth,10.343777
6,0.973236,d39560e57ccf0d56a57604dda32c01f1_shot_001_000,pixel_mse,mouth,0.00356742
6,0.973236,d39560e57ccf0d56a57604dda32c01f1_shot_001_000,pixel_mse,upper_face,0.00026849
6,0.973236,d39560e57ccf0d56a57604dda32c01f1_shot_001_000,pixel_mse,full,0.00161115
6,0.973236,d39560e57ccf0d56a57604dda32c01f1_shot_001_000,ssim,mouth,0.85845917
6,0.973236,d39560e57ccf0d56a57604dda32c01f1_shot_001_000,ssim,upper_face,0.95326179
6,0.973236,d39560e57ccf0d56a57604dda32c01f1_shot_001_000,ssim,full,0.91467738
6,0.973236,d39560e57ccf0d56a57604dda32c01f1_shot_001_000,lpips,mouth,0.13252117
6,0.973236,d39560e57ccf0d56a57604dda32c01f1_shot_001_000,lpips,full,0.08823177
6,0.973236,d39560e57ccf0d56a57604dda32c01f1_shot_001_000,sharpness,mouth,16.2259
6,0.973236,d39560e57ccf0d56a57604dda32c01f1_shot_001_000,lmd,mouth,6.531090
6,0.973236,d39560e57ccf0d56a57604dda32c01f1_shot_001_000,sync_d,mouth,6.466975
6,0.973236,d39560e57ccf0d56a57604dda32c01f1_shot_001_000,sync_c,mouth,10.154013
7,0.968250,d39560e57ccf0d56a57604dda32c01f1_shot_001_000,pixel_mse,mouth,0.00361895
7,0.968250,d39560e57ccf0d56a57604dda32c01f1_shot_001_000,pixel_mse,upper_face,0.00025732
7,0.968250,d39560e57ccf0d56a57604dda32c01f1_shot_001_000,pixel_mse,full,0.00162550
7,0.968250,d39560e57ccf0d56a57604dda32c01f1_shot_001_000,ssim,mouth,0.85834181
7,0.968250,d39560e57ccf0d56a57604dda32c01f1_shot_001_000,ssim,upper_face,0.95405477
7,0.968250,d39560e57ccf0d56a57604dda32c01f1_shot_001_000,ssim,full,0.91509980
7,0.968250,d39560e57ccf0d56a57604dda32c01f1_shot_001_000,lpips,mouth,0.13302514
7,0.968250,d39560e57ccf0d56a57604dda32c01f1_shot_001_000,lpips,full,0.08794338
7,0.968250,d39560e57ccf0d56a57604dda32c01f1_shot_001_000,sharpness,mouth,16.2801
7,0.968250,d39560e57ccf0d56a57604dda32c01f1_shot_001_000,lmd,mouth,6.547447
7,0.968250,d39560e57ccf0d56a57604dda32c01f1_shot_001_000,sync_d,mouth,6.381581
7,0.968250,d39560e57ccf0d56a57604dda32c01f1_shot_001_000,sync_c,mouth,10.190354
8,0.963082,d39560e57ccf0d56a57604dda32c01f1_shot_001_000,pixel_mse,mouth,0.00366170
8,0.963082,d39560e57ccf0d56a57604dda32c01f1_shot_001_000,pixel_mse,upper_face,0.00024785
8,0.963082,d39560e57ccf0d56a57604dda32c01f1_shot_001_000,pixel_mse,full,0.00163728
8,0.963082,d39560e57ccf0d56a57604dda32c01f1_shot_001_000,ssim,mouth,0.85814762
8,0.963082,d39560e57ccf0d56a57604dda32c01f1_shot_001_000,ssim,upper_face,0.95456922
8,0.963082,d39560e57ccf0d56a57604dda32c01f1_shot_001_000,ssim,full,0.91532576
8,0.963082,d39560e57ccf0d56a57604dda32c01f1_shot_001_000,lpips,mouth,0.13330840
8,0.963082,d39560e57ccf0d56a57604dda32c01f1_shot_001_000,lpips,full,0.08790136
8,0.963082,d39560e57ccf0d56a57604dda32c01f1_shot_001_000,sharpness,mouth,16.3759
8,0.963082,d39560e57ccf0d56a57604dda32c01f1_shot_001_000,lmd,mouth,6.878655
8,0.963082,d39560e57ccf0d56a57604dda32c01f1_shot_001_000,sync_d,mouth,6.425103
8,0.963082,d39560e57ccf0d56a57604dda32c01f1_shot_001_000,sync_c,mouth,10.164522
9,0.957720,d39560e57ccf0d56a57604dda32c01f1_shot_001_000,pixel_mse,mouth,0.00368465
9,0.957720,d39560e57ccf0d56a57604dda32c01f1_shot_001_000,pixel_mse,upper_face,0.00024429
9,0.957720,d39560e57ccf0d56a57604dda32c01f1_shot_001_000,pixel_mse,full,0.00164451
9,0.957720,d39560e57ccf0d56a57604dda32c01f1_shot_001_000,ssim,mouth,0.85744578
9,0.957720,d39560e57ccf0d56a57604dda32c01f1_shot_001_000,ssim,upper_face,0.95475376
9,0.957720,d39560e57ccf0d56a57604dda32c01f1_shot_001_000,ssim,full,0.91514963
9,0.957720,d39560e57ccf0d56a57604dda32c01f1_shot_001_000,lpips,mouth,0.13344654
9,0.957720,d39560e57ccf0d56a57604dda32c01f1_shot_001_000,lpips,full,0.08783204
9,0.957720,d39560e57ccf0d56a57604dda32c01f1_shot_001_000,sharpness,mouth,16.3731
9,0.957720,d39560e57ccf0d56a57604dda32c01f1_shot_001_000,lmd,mouth,6.788652
9,0.957720,d39560e57ccf0d56a57604dda32c01f1_shot_001_000,sync_d,mouth,6.379004
9,0.957720,d39560e57ccf0d56a57604dda32c01f1_shot_001_000,sync_c,mouth,10.177094
10,0.952154,d39560e57ccf0d56a57604dda32c01f1_shot_001_000,pixel_mse,mouth,0.00368699
10,0.952154,d39560e57ccf0d56a57604dda32c01f1_shot_001_000,pixel_mse,upper_face,0.00024167
10,0.952154,d39560e57ccf0d56a57604dda32c01f1_shot_001_000,pixel_mse,full,0.00164391
10,0.952154,d39560e57ccf0d56a57604dda32c01f1_shot_001_000,ssim,mouth,0.85778326
10,0.952154,d39560e57ccf0d56a57604dda32c01f1_shot_001_000,ssim,upper_face,0.95523125
10,0.952154,d39560e57ccf0d56a57604dda32c01f1_shot_001_000,ssim,full,0.91557020
10,0.952154,d39560e57ccf0d56a57604dda32c01f1_shot_001_000,lpips,mouth,0.13312101
10,0.952154,d39560e57ccf0d56a57604dda32c01f1_shot_001_000,lpips,full,0.08746583
10,0.952154,d39560e57ccf0d56a57604dda32c01f1_shot_001_000,sharpness,mouth,16.3625
10,0.952154,d39560e57ccf0d56a57604dda32c01f1_shot_001_000,lmd,mouth,7.003058
10,0.952154,d39560e57ccf0d56a57604dda32c01f1_shot_001_000,sync_d,mouth,6.300487
10,0.952154,d39560e57ccf0d56a57604dda32c01f1_shot_001_000,sync_c,mouth,10.205671
11,0.946372,d39560e57ccf0d56a57604dda32c01f1_shot_001_000,pixel_mse,mouth,0.00351265
11,0.946372,d39560e57ccf0d56a57604dda32c01f1_shot_001_000,pixel_mse,upper_face,0.00023714
11,0.946372,d39560e57ccf0d56a57604dda32c01f1_shot_001_000,pixel_mse,full,0.00157026
11,0.946372,d39560e57ccf0d56a57604dda32c01f1_shot_001_000,ssim,mouth,0.85980129
11,0.946372,d39560e57ccf0d56a57604dda32c01f1_shot_001_000,ssim,upper_face,0.95549142
11,0.946372,d39560e57ccf0d56a57604dda32c01f1_shot_001_000,ssim,full,0.91654581
11,0.946372,d39560e57ccf0d56a57604dda32c01f1_shot_001_000,lpips,mouth,0.13126577
11,0.946372,d39560e57ccf0d56a57604dda32c01f1_shot_001_000,lpips,full,0.08623552
11,0.946372,d39560e57ccf0d56a57604dda32c01f1_shot_001_000,sharpness,mouth,16.1986
11,0.946372,d39560e57ccf0d56a57604dda32c01f1_shot_001_000,lmd,mouth,6.889287
11,0.946372,d39560e57ccf0d56a57604dda32c01f1_shot_001_000,sync_d,mouth,6.323033
11,0.946372,d39560e57ccf0d56a57604dda32c01f1_shot_001_000,sync_c,mouth,10.163102
12,0.940361,d39560e57ccf0d56a57604dda32c01f1_shot_001_000,pixel_mse,mouth,0.00325971
12,0.940361,d39560e57ccf0d56a57604dda32c01f1_shot_001_000,pixel_mse,upper_face,0.00023144
12,0.940361,d39560e57ccf0d56a57604dda32c01f1_shot_001_000,pixel_mse,full,0.00146394
12,0.940361,d39560e57ccf0d56a57604dda32c01f1_shot_001_000,ssim,mouth,0.86211294
12,0.940361,d39560e57ccf0d56a57604dda32c01f1_shot_001_000,ssim,upper_face,0.95578963
12,0.940361,d39560e57ccf0d56a57604dda32c01f1_shot_001_000,ssim,full,0.91766340
12,0.940361,d39560e57ccf0d56a57604dda32c01f1_shot_001_000,lpips,mouth,0.12914847
12,0.940361,d39560e57ccf0d56a57604dda32c01f1_shot_001_000,lpips,full,0.08496273
12,0.940361,d39560e57ccf0d56a57604dda32c01f1_shot_001_000,sharpness,mouth,15.9713
12,0.940361,d39560e57ccf0d56a57604dda32c01f1_shot_001_000,lmd,mouth,6.641005
12,0.940361,d39560e57ccf0d56a57604dda32c01f1_shot_001_000,sync_d,mouth,6.173253
12,0.940361,d39560e57ccf0d56a57604dda32c01f1_shot_001_000,sync_c,mouth,10.223665
13,0.934107,d39560e57ccf0d56a57604dda32c01f1_shot_001_000,pixel_mse,mouth,0.00308255
13,0.934107,d39560e57ccf0d56a57604dda32c01f1_shot_001_000,pixel_mse,upper_face,0.00022983
13,0.934107,d39560e57ccf0d56a57604dda32c01f1_shot_001_000,pixel_mse,full,0.00139088
13,0.934107,d39560e57ccf0d56a57604dda32c01f1_shot_001_000,ssim,mouth,0.86325532
13,0.934107,d39560e57ccf0d56a57604dda32c01f1_shot_001_000,ssim,upper_face,0.95593590
13,0.934107,d39560e57ccf0d56a57604dda32c01f1_shot_001_000,ssim,full,0.91821516
13,0.934107,d39560e57ccf0d56a57604dda32c01f1_shot_001_000,lpips,mouth,0.12652035
13,0.934107,d39560e57ccf0d56a57604dda32c01f1_shot_001_000,lpips,full,0.08334858
13,0.934107,d39560e57ccf0d56a57604dda32c01f1_shot_001_000,sharpness,mouth,15.6008
13,0.934107,d39560e57ccf0d56a57604dda32c01f1_shot_001_000,lmd,mouth,6.456462
13,0.934107,d39560e57ccf0d56a57604dda32c01f1_shot_001_000,sync_d,mouth,6.333965
13,0.934107,d39560e57ccf0d56a57604dda32c01f1_shot_001_000,sync_c,mouth,10.060312
14,0.927596,d39560e57ccf0d56a57604dda32c01f1_shot_001_000,pixel_mse,mouth,0.00285948
14,0.927596,d39560e57ccf0d56a57604dda32c01f1_shot_001_000,pixel_mse,upper_face,0.00022646
14,0.927596,d39560e57ccf0d56a57604dda32c01f1_shot_001_000,pixel_mse,full,0.00129809
14,0.927596,d39560e57ccf0d56a57604dda32c01f1_shot_001_000,ssim,mouth,0.86572707
14,0.927596,d39560e57ccf0d56a57604dda32c01f1_shot_001_000,ssim,upper_face,0.95626032
14,0.927596,d39560e57ccf0d56a57604dda32c01f1_shot_001_000,ssim,full,0.91941351
14,0.927596,d39560e57ccf0d56a57604dda32c01f1_shot_001_000,lpips,mouth,0.12299564
14,0.927596,d39560e57ccf0d56a57604dda32c01f1_shot_001_000,lpips,full,0.08126836
14,0.927596,d39560e57ccf0d56a57604dda32c01f1_shot_001_000,sharpness,mouth,15.4744
14,0.927596,d39560e57ccf0d56a57604dda32c01f1_shot_001_000,lmd,mouth,6.379678
14,0.927596,d39560e57ccf0d56a57604dda32c01f1_shot_001_000,sync_d,mouth,6.298446
14,0.927596,d39560e57ccf0d56a57604dda32c01f1_shot_001_000,sync_c,mouth,10.205253
15,0.920810,d39560e57ccf0d56a57604dda32c01f1_shot_001_000,pixel_mse,mouth,0.00261787
15,0.920810,d39560e57ccf0d56a57604dda32c01f1_shot_001_000,pixel_mse,upper_face,0.00022185
15,0.920810,d39560e57ccf0d56a57604dda32c01f1_shot_001_000,pixel_mse,full,0.00119702
15,0.920810,d39560e57ccf0d56a57604dda32c01f1_shot_001_000,ssim,mouth,0.86845738
15,0.920810,d39560e57ccf0d56a57604dda32c01f1_shot_001_000,ssim,upper_face,0.95655859
15,0.920810,d39560e57ccf0d56a57604dda32c01f1_shot_001_000,ssim,full,0.92070150
15,0.920810,d39560e57ccf0d56a57604dda32c01f1_shot_001_000,lpips,mouth,0.11881269
15,0.920810,d39560e57ccf0d56a57604dda32c01f1_shot_001_000,lpips,full,0.07894769
15,0.920810,d39560e57ccf0d56a57604dda32c01f1_shot_001_000,sharpness,mouth,15.4586
15,0.920810,d39560e57ccf0d56a57604dda32c01f1_shot_001_000,lmd,mouth,5.892662
15,0.920810,d39560e57ccf0d56a57604dda32c01f1_shot_001_000,sync_d,mouth,6.290781
15,0.920810,d39560e57ccf0d56a57604dda32c01f1_shot_001_000,sync_c,mouth,10.180765
16,0.913733,d39560e57ccf0d56a57604dda32c01f1_shot_001_000,pixel_mse,mouth,0.00241409
16,0.913733,d39560e57ccf0d56a57604dda32c01f1_shot_001_000,pixel_mse,upper_face,0.00021797
16,0.913733,d39560e57ccf0d56a57604dda32c01f1_shot_001_000,pixel_mse,full,0.00111179
16,0.913733,d39560e57ccf0d56a57604dda32c01f1_shot_001_000,ssim,mouth,0.87075043
16,0.913733,d39560e57ccf0d56a57604dda32c01f1_shot_001_000,ssim,upper_face,0.95664829
16,0.913733,d39560e57ccf0d56a57604dda32c01f1_shot_001_000,ssim,full,0.92168802
16,0.913733,d39560e57ccf0d56a57604dda32c01f1_shot_001_000,lpips,mouth,0.11549465
16,0.913733,d39560e57ccf0d56a57604dda32c01f1_shot_001_000,lpips,full,0.07709629
16,0.913733,d39560e57ccf0d56a57604dda32c01f1_shot_001_000,sharpness,mouth,15.1248
16,0.913733,d39560e57ccf0d56a57604dda32c01f1_shot_001_000,lmd,mouth,5.834817
16,0.913733,d39560e57ccf0d56a57604dda32c01f1_shot_001_000,sync_d,mouth,6.213503
16,0.913733,d39560e57ccf0d56a57604dda32c01f1_shot_001_000,sync_c,mouth,10.254698
17,0.906344,d39560e57ccf0d56a57604dda32c01f1_shot_001_000,pixel_mse,mouth,0.00222390
17,0.906344,d39560e57ccf0d56a57604dda32c01f1_shot_001_000,pixel_mse,upper_face,0.00021661
17,0.906344,d39560e57ccf0d56a57604dda32c01f1_shot_001_000,pixel_mse,full,0.00103357
17,0.906344,d39560e57ccf0d56a57604dda32c01f1_shot_001_000,ssim,mouth,0.87309974
17,0.906344,d39560e57ccf0d56a57604dda32c01f1_shot_001_000,ssim,upper_face,0.95694995
17,0.906344,d39560e57ccf0d56a57604dda32c01f1_shot_001_000,ssim,full,0.92282319
17,0.906344,d39560e57ccf0d56a57604dda32c01f1_shot_001_000,lpips,mouth,0.11320929
17,0.906344,d39560e57ccf0d56a57604dda32c01f1_shot_001_000,lpips,full,0.07563736
17,0.906344,d39560e57ccf0d56a57604dda32c01f1_shot_001_000,sharpness,mouth,14.7645
17,0.906344,d39560e57ccf0d56a57604dda32c01f1_shot_001_000,lmd,mouth,5.584271
17,0.906344,d39560e57ccf0d56a57604dda32c01f1_shot_001_000,sync_d,mouth,6.180407
17,0.906344,d39560e57ccf0d56a57604dda32c01f1_shot_001_000,sync_c,mouth,10.268301
18,0.898624,d39560e57ccf0d56a57604dda32c01f1_shot_001_000,pixel_mse,mouth,0.00211591
18,0.898624,d39560e57ccf0d56a57604dda32c01f1_shot_001_000,pixel_mse,upper_face,0.00021028
18,0.898624,d39560e57ccf0d56a57604dda32c01f1_shot_001_000,pixel_mse,full,0.00098586
18,0.898624,d39560e57ccf0d56a57604dda32c01f1_shot_001_000,ssim,mouth,0.87511724
18,0.898624,d39560e57ccf0d56a57604dda32c01f1_shot_001_000,ssim,upper_face,0.95724696
18,0.898624,d39560e57ccf0d56a57604dda32c01f1_shot_001_000,ssim,full,0.92382032
18,0.898624,d39560e57ccf0d56a57604dda32c01f1_shot_001_000,lpips,mouth,0.11108851
18,0.898624,d39560e57ccf0d56a57604dda32c01f1_shot_001_000,lpips,full,0.07427832
18,0.898624,d39560e57ccf0d56a57604dda32c01f1_shot_001_000,sharpness,mouth,14.7475
18,0.898624,d39560e57ccf0d56a57604dda32c01f1_shot_001_000,lmd,mouth,5.411432
18,0.898624,d39560e57ccf0d56a57604dda32c01f1_shot_001_000,sync_d,mouth,6.145619
18,0.898624,d39560e57ccf0d56a57604dda32c01f1_shot_001_000,sync_c,mouth,10.426723
19,0.890548,d39560e57ccf0d56a57604dda32c01f1_shot_001_000,pixel_mse,mouth,0.00203541
19,0.890548,d39560e57ccf0d56a57604dda32c01f1_shot_001_000,pixel_mse,upper_face,0.00020878
19,0.890548,d39560e57ccf0d56a57604dda32c01f1_shot_001_000,pixel_mse,full,0.00095221
19,0.890548,d39560e57ccf0d56a57604dda32c01f1_shot_001_000,ssim,mouth,0.87666434
19,0.890548,d39560e57ccf0d56a57604dda32c01f1_shot_001_000,ssim,upper_face,0.95765835
19,0.890548,d39560e57ccf0d56a57604dda32c01f1_shot_001_000,ssim,full,0.92469394
19,0.890548,d39560e57ccf0d56a57604dda32c01f1_shot_001_000,lpips,mouth,0.10988104
19,0.890548,d39560e57ccf0d56a57604dda32c01f1_shot_001_000,lpips,full,0.07351217
19,0.890548,d39560e57ccf0d56a57604dda32c01f1_shot_001_000,sharpness,mouth,14.5681
19,0.890548,d39560e57ccf0d56a57604dda32c01f1_shot_001_000,lmd,mouth,5.351370
19,0.890548,d39560e57ccf0d56a57604dda32c01f1_shot_001_000,sync_d,mouth,6.139372
19,0.890548,d39560e57ccf0d56a57604dda32c01f1_shot_001_000,sync_c,mouth,10.304655
20,0.882093,d39560e57ccf0d56a57604dda32c01f1_shot_001_000,pixel_mse,mouth,0.00197949
20,0.882093,d39560e57ccf0d56a57604dda32c01f1_shot_001_000,pixel_mse,upper_face,0.00020671
20,0.882093,d39560e57ccf0d56a57604dda32c01f1_shot_001_000,pixel_mse,full,0.00092823
20,0.882093,d39560e57ccf0d56a57604dda32c01f1_shot_001_000,ssim,mouth,0.87771040
20,0.882093,d39560e57ccf0d56a57604dda32c01f1_shot_001_000,ssim,upper_face,0.95784074
20,0.882093,d39560e57ccf0d56a57604dda32c01f1_shot_001_000,ssim,full,0.92522800
20,0.882093,d39560e57ccf0d56a57604dda32c01f1_shot_001_000,lpips,mouth,0.10968740
20,0.882093,d39560e57ccf0d56a57604dda32c01f1_shot_001_000,lpips,full,0.07339650
20,0.882093,d39560e57ccf0d56a57604dda32c01f1_shot_001_000,sharpness,mouth,14.6127
20,0.882093,d39560e57ccf0d56a57604dda32c01f1_shot_001_000,lmd,mouth,5.254533
20,0.882093,d39560e57ccf0d56a57604dda32c01f1_shot_001_000,sync_d,mouth,6.239199
20,0.882093,d39560e57ccf0d56a57604dda32c01f1_shot_001_000,sync_c,mouth,10.259192
21,0.873231,d39560e57ccf0d56a57604dda32c01f1_shot_001_000,pixel_mse,mouth,0.00190629
21,0.873231,d39560e57ccf0d56a57604dda32c01f1_shot_001_000,pixel_mse,upper_face,0.00020497
21,0.873231,d39560e57ccf0d56a57604dda32c01f1_shot_001_000,pixel_mse,full,0.00089740
21,0.873231,d39560e57ccf0d56a57604dda32c01f1_shot_001_000,ssim,mouth,0.87899566
21,0.873231,d39560e57ccf0d56a57604dda32c01f1_shot_001_000,ssim,upper_face,0.95805639
21,0.873231,d39560e57ccf0d56a57604dda32c01f1_shot_001_000,ssim,full,0.92587894
21,0.873231,d39560e57ccf0d56a57604dda32c01f1_shot_001_000,lpips,mouth,0.10798576
21,0.873231,d39560e57ccf0d56a57604dda32c01f1_shot_001_000,lpips,full,0.07240206
21,0.873231,d39560e57ccf0d56a57604dda32c01f1_shot_001_000,sharpness,mouth,14.6062
21,0.873231,d39560e57ccf0d56a57604dda32c01f1_shot_001_000,lmd,mouth,5.153665
21,0.873231,d39560e57ccf0d56a57604dda32c01f1_shot_001_000,sync_d,mouth,6.074578
21,0.873231,d39560e57ccf0d56a57604dda32c01f1_shot_001_000,sync_c,mouth,10.476439
22,0.863931,d39560e57ccf0d56a57604dda32c01f1_shot_001_000,pixel_mse,mouth,0.00184420
22,0.863931,d39560e57ccf0d56a57604dda32c01f1_shot_001_000,pixel_mse,upper_face,0.00020347
22,0.863931,d39560e57ccf0d56a57604dda32c01f1_shot_001_000,pixel_mse,full,0.00087124
22,0.863931,d39560e57ccf0d56a57604dda32c01f1_shot_001_000,ssim,mouth,0.87981981
22,0.863931,d39560e57ccf0d56a57604dda32c01f1_shot_001_000,ssim,upper_face,0.95815533
22,0.863931,d39560e57ccf0d56a57604dda32c01f1_shot_001_000,ssim,full,0.92627293
22,0.863931,d39560e57ccf0d56a57604dda32c01f1_shot_001_000,lpips,mouth,0.10798680
22,0.863931,d39560e57ccf0d56a57604dda32c01f1_shot_001_000,lpips,full,0.07244826
22,0.863931,d39560e57ccf0d56a57604dda32c01f1_shot_001_000,sharpness,mouth,14.5937
22,0.863931,d39560e57ccf0d56a57604dda32c01f1_shot_001_000,lmd,mouth,5.014405
22,0.863931,d39560e57ccf0d56a57604dda32c01f1_shot_001_000,sync_d,mouth,6.053028
22,0.863931,d39560e57ccf0d56a57604dda32c01f1_shot_001_000,sync_c,mouth,10.563883
23,0.854160,d39560e57ccf0d56a57604dda32c01f1_shot_001_000,pixel_mse,mouth,0.00177801
23,0.854160,d39560e57ccf0d56a57604dda32c01f1_shot_001_000,pixel_mse,upper_face,0.00020210
23,0.854160,d39560e57ccf0d56a57604dda32c01f1_shot_001_000,pixel_mse,full,0.00084349
23,0.854160,d39560e57ccf0d56a57604dda32c01f1_shot_001_000,ssim,mouth,0.88134444
23,0.854160,d39560e57ccf0d56a57604dda32c01f1_shot_001_000,ssim,upper_face,0.95833635
23,0.854160,d39560e57ccf0d56a57604dda32c01f1_shot_001_000,ssim,full,0.92700070
23,0.854160,d39560e57ccf0d56a57604dda32c01f1_shot_001_000,lpips,mouth,0.10673224
23,0.854160,d39560e57ccf0d56a57604dda32c01f1_shot_001_000,lpips,full,0.07145523
23,0.854160,d39560e57ccf0d56a57604dda32c01f1_shot_001_000,sharpness,mouth,14.5364
23,0.854160,d39560e57ccf0d56a57604dda32c01f1_shot_001_000,lmd,mouth,4.937467
23,0.854160,d39560e57ccf0d56a57604dda32c01f1_shot_001_000,sync_d,mouth,6.068437
23,0.854160,d39560e57ccf0d56a57604dda32c01f1_shot_001_000,sync_c,mouth,10.507379
24,0.843882,d39560e57ccf0d56a57604dda32c01f1_shot_001_000,pixel_mse,mouth,0.00173601
24,0.843882,d39560e57ccf0d56a57604dda32c01f1_shot_001_000,pixel_mse,upper_face,0.00019945
24,0.843882,d39560e57ccf0d56a57604dda32c01f1_shot_001_000,pixel_mse,full,0.00082483
24,0.843882,d39560e57ccf0d56a57604dda32c01f1_shot_001_000,ssim,mouth,0.88205993
24,0.843882,d39560e57ccf0d56a57604dda32c01f1_shot_001_000,ssim,upper_face,0.95843261
24,0.843882,d39560e57ccf0d56a57604dda32c01f1_shot_001_000,ssim,full,0.92734915
24,0.843882,d39560e57ccf0d56a57604dda32c01f1_shot_001_000,lpips,mouth,0.10602809
24,0.843882,d39560e57ccf0d56a57604dda32c01f1_shot_001_000,lpips,full,0.07096662
24,0.843882,d39560e57ccf0d56a57604dda32c01f1_shot_001_000,sharpness,mouth,14.6343
24,0.843882,d39560e57ccf0d56a57604dda32c01f1_shot_001_000,lmd,mouth,4.867140
24,0.843882,d39560e57ccf0d56a57604dda32c01f1_shot_001_000,sync_d,mouth,5.947861
24,0.843882,d39560e57ccf0d56a57604dda32c01f1_shot_001_000,sync_c,mouth,10.695877
25,0.833055,d39560e57ccf0d56a57604dda32c01f1_shot_001_000,pixel_mse,mouth,0.00170205
25,0.833055,d39560e57ccf0d56a57604dda32c01f1_shot_001_000,pixel_mse,upper_face,0.00020005
25,0.833055,d39560e57ccf0d56a57604dda32c01f1_shot_001_000,pixel_mse,full,0.00081136
25,0.833055,d39560e57ccf0d56a57604dda32c01f1_shot_001_000,ssim,mouth,0.88357019
25,0.833055,d39560e57ccf0d56a57604dda32c01f1_shot_001_000,ssim,upper_face,0.95853472
25,0.833055,d39560e57ccf0d56a57604dda32c01f1_shot_001_000,ssim,full,0.92802429
25,0.833055,d39560e57ccf0d56a57604dda32c01f1_shot_001_000,lpips,mouth,0.10444722
25,0.833055,d39560e57ccf0d56a57604dda32c01f1_shot_001_000,lpips,full,0.07015824
25,0.833055,d39560e57ccf0d56a57604dda32c01f1_shot_001_000,sharpness,mouth,14.6284
25,0.833055,d39560e57ccf0d56a57604dda32c01f1_shot_001_000,lmd,mouth,4.735311
25,0.833055,d39560e57ccf0d56a57604dda32c01f1_shot_001_000,sync_d,mouth,5.960307
25,0.833055,d39560e57ccf0d56a57604dda32c01f1_shot_001_000,sync_c,mouth,10.625216
26,0.821636,d39560e57ccf0d56a57604dda32c01f1_shot_001_000,pixel_mse,mouth,0.00167504
26,0.821636,d39560e57ccf0d56a57604dda32c01f1_shot_001_000,pixel_mse,upper_face,0.00019662
26,0.821636,d39560e57ccf0d56a57604dda32c01f1_shot_001_000,pixel_mse,full,0.00079834
26,0.821636,d39560e57ccf0d56a57604dda32c01f1_shot_001_000,ssim,mouth,0.88430035
26,0.821636,d39560e57ccf0d56a57604dda32c01f1_shot_001_000,ssim,upper_face,0.95883781
26,0.821636,d39560e57ccf0d56a57604dda32c01f1_shot_001_000,ssim,full,0.92850125
26,0.821636,d39560e57ccf0d56a57604dda32c01f1_shot_001_000,lpips,mouth,0.10394155
26,0.821636,d39560e57ccf0d56a57604dda32c01f1_shot_001_000,lpips,full,0.06959804
26,0.821636,d39560e57ccf0d56a57604dda32c01f1_shot_001_000,sharpness,mouth,14.6495
26,0.821636,d39560e57ccf0d56a57604dda32c01f1_shot_001_000,lmd,mouth,4.706140
26,0.821636,d39560e57ccf0d56a57604dda32c01f1_shot_001_000,sync_d,mouth,5.968476
26,0.821636,d39560e57ccf0d56a57604dda32c01f1_shot_001_000,sync_c,mouth,10.588032
27,0.809574,d39560e57ccf0d56a57604dda32c01f1_shot_001_000,pixel_mse,mouth,0.00164746
27,0.809574,d39560e57ccf0d56a57604dda32c01f1_shot_001_000,pixel_mse,upper_face,0.00019525
27,0.809574,d39560e57ccf0d56a57604dda32c01f1_shot_001_000,pixel_mse,full,0.00078630
27,0.809574,d39560e57ccf0d56a57604dda32c01f1_shot_001_000,ssim,mouth,0.88542581
27,0.809574,d39560e57ccf0d56a57604dda32c01f1_shot_001_000,ssim,upper_face,0.95909780
27,0.809574,d39560e57ccf0d56a57604dda32c01f1_shot_001_000,ssim,full,0.92911351
27,0.809574,d39560e57ccf0d56a57604dda32c01f1_shot_001_000,lpips,mouth,0.10387871
27,0.809574,d39560e57ccf0d56a57604dda32c01f1_shot_001_000,lpips,full,0.06970624
27,0.809574,d39560e57ccf0d56a57604dda32c01f1_shot_001_000,sharpness,mouth,14.6069
27,0.809574,d39560e57ccf0d56a57604dda32c01f1_shot_001_000,lmd,mouth,4.701253
27,0.809574,d39560e57ccf0d56a57604dda32c01f1_shot_001_000,sync_d,mouth,5.978849
27,0.809574,d39560e57ccf0d56a57604dda32c01f1_shot_001_000,sync_c,mouth,10.635777
28,0.796812,d39560e57ccf0d56a57604dda32c01f1_shot_001_000,pixel_mse,mouth,0.00160645
28,0.796812,d39560e57ccf0d56a57604dda32c01f1_shot_001_000,pixel_mse,upper_face,0.00019064
28,0.796812,d39560e57ccf0d56a57604dda32c01f1_shot_001_000,pixel_mse,full,0.00076687
28,0.796812,d39560e57ccf0d56a57604dda32c01f1_shot_001_000,ssim,mouth,0.88631117
28,0.796812,d39560e57ccf0d56a57604dda32c01f1_shot_001_000,ssim,upper_face,0.95932686
28,0.796812,d39560e57ccf0d56a57604dda32c01f1_shot_001_000,ssim,full,0.92960972
28,0.796812,d39560e57ccf0d56a57604dda32c01f1_shot_001_000,lpips,mouth,0.10275555
28,0.796812,d39560e57ccf0d56a57604dda32c01f1_shot_001_000,lpips,full,0.06888896
28,0.796812,d39560e57ccf0d56a57604dda32c01f1_shot_001_000,sharpness,mouth,14.6584
28,0.796812,d39560e57ccf0d56a57604dda32c01f1_shot_001_000,lmd,mouth,4.685520
28,0.796812,d39560e57ccf0d56a57604dda32c01f1_shot_001_000,sync_d,mouth,5.967029
28,0.796812,d39560e57ccf0d56a57604dda32c01f1_shot_001_000,sync_c,mouth,10.610181
29,0.783290,d39560e57ccf0d56a57604dda32c01f1_shot_001_000,pixel_mse,mouth,0.00161243
29,0.783290,d39560e57ccf0d56a57604dda32c01f1_shot_001_000,pixel_mse,upper_face,0.00018984
29,0.783290,d39560e57ccf0d56a57604dda32c01f1_shot_001_000,pixel_mse,full,0.00076883
29,0.783290,d39560e57ccf0d56a57604dda32c01f1_shot_001_000,ssim,mouth,0.88591105
29,0.783290,d39560e57ccf0d56a57604dda32c01f1_shot_001_000,ssim,upper_face,0.95938075
29,0.783290,d39560e57ccf0d56a57604dda32c01f1_shot_001_000,ssim,full,0.92947870
29,0.783290,d39560e57ccf0d56a57604dda32c01f1_shot_001_000,lpips,mouth,0.10259188
29,0.783290,d39560e57ccf0d56a57604dda32c01f1_shot_001_000,lpips,full,0.06870703
29,0.783290,d39560e57ccf0d56a57604dda32c01f1_shot_001_000,sharpness,mouth,14.6192
29,0.783290,d39560e57ccf0d56a57604dda32c01f1_shot_001_000,lmd,mouth,4.648889
29,0.783290,d39560e57ccf0d56a57604dda32c01f1_shot_001_000,sync_d,mouth,5.991707
29,0.783290,d39560e57ccf0d56a57604dda32c01f1_shot_001_000,sync_c,mouth,10.606155
30,0.768935,d39560e57ccf0d56a57604dda32c01f1_shot_001_000,pixel_mse,mouth,0.00160693
30,0.768935,d39560e57ccf0d56a57604dda32c01f1_shot_001_000,pixel_mse,upper_face,0.00018740
30,0.768935,d39560e57ccf0d56a57604dda32c01f1_shot_001_000,pixel_mse,full,0.00076515
30,0.768935,d39560e57ccf0d56a57604dda32c01f1_shot_001_000,ssim,mouth,0.88623470
30,0.768935,d39560e57ccf0d56a57604dda32c01f1_shot_001_000,ssim,upper_face,0.95962363
30,0.768935,d39560e57ccf0d56a57604dda32c01f1_shot_001_000,ssim,full,0.92975438
30,0.768935,d39560e57ccf0d56a57604dda32c01f1_shot_001_000,lpips,mouth,0.10205798
30,0.768935,d39560e57ccf0d56a57604dda32c01f1_shot_001_000,lpips,full,0.06824010
30,0.768935,d39560e57ccf0d56a57604dda32c01f1_shot_001_000,sharpness,mouth,14.5653
30,0.768935,d39560e57ccf0d56a57604dda32c01f1_shot_001_000,lmd,mouth,4.614282
30,0.768935,d39560e57ccf0d56a57604dda32c01f1_shot_001_000,sync_d,mouth,6.029935
30,0.768935,d39560e57ccf0d56a57604dda32c01f1_shot_001_000,sync_c,mouth,10.538365
31,0.753669,d39560e57ccf0d56a57604dda32c01f1_shot_001_000,pixel_mse,mouth,0.00161544
31,0.753669,d39560e57ccf0d56a57604dda32c01f1_shot_001_000,pixel_mse,upper_face,0.00018704
31,0.753669,d39560e57ccf0d56a57604dda32c01f1_shot_001_000,pixel_mse,full,0.00076839
31,0.753669,d39560e57ccf0d56a57604dda32c01f1_shot_001_000,ssim,mouth,0.88568783
31,0.753669,d39560e57ccf0d56a57604dda32c01f1_shot_001_000,ssim,upper_face,0.95975900
31,0.753669,d39560e57ccf0d56a57604dda32c01f1_shot_001_000,ssim,full,0.92961216
31,0.753669,d39560e57ccf0d56a57604dda32c01f1_shot_001_000,lpips,mouth,0.10232804
31,0.753669,d39560e57ccf0d56a57604dda32c01f1_shot_001_000,lpips,full,0.06839498
31,0.753669,d39560e57ccf0d56a57604dda32c01f1_shot_001_000,sharpness,mouth,14.6273
31,0.753669,d39560e57ccf0d56a57604dda32c01f1_shot_001_000,lmd,mouth,4.567306
31,0.753669,d39560e57ccf0d56a57604dda32c01f1_shot_001_000,sync_d,mouth,5.975753
31,0.753669,d39560e57ccf0d56a57604dda32c01f1_shot_001_000,sync_c,mouth,10.605337
32,0.737402,d39560e57ccf0d56a57604dda32c01f1_shot_001_000,pixel_mse,mouth,0.00163917
32,0.737402,d39560e57ccf0d56a57604dda32c01f1_shot_001_000,pixel_mse,upper_face,0.00018581
32,0.737402,d39560e57ccf0d56a57604dda32c01f1_shot_001_000,pixel_mse,full,0.00077732
32,0.737402,d39560e57ccf0d56a57604dda32c01f1_shot_001_000,ssim,mouth,0.88500309
32,0.737402,d39560e57ccf0d56a57604dda32c01f1_shot_001_000,ssim,upper_face,0.95990181
32,0.737402,d39560e57ccf0d56a57604dda32c01f1_shot_001_000,ssim,full,0.92941821
32,0.737402,d39560e57ccf0d56a57604dda32c01f1_shot_001_000,lpips,mouth,0.10332853
32,0.737402,d39560e57ccf0d56a57604dda32c01f1_shot_001_000,lpips,full,0.06894894
32,0.737402,d39560e57ccf0d56a57604dda32c01f1_shot_001_000,sharpness,mouth,14.6388
32,0.737402,d39560e57ccf0d56a57604dda32c01f1_shot_001_000,lmd,mouth,4.565621
32,0.737402,d39560e57ccf0d56a57604dda32c01f1_shot_001_000,sync_d,mouth,6.069891
32,0.737402,d39560e57ccf0d56a57604dda32c01f1_shot_001_000,sync_c,mouth,10.511459
33,0.720034,d39560e57ccf0d56a57604dda32c01f1_shot_001_000,pixel_mse,mouth,0.00166042
33,0.720034,d39560e57ccf0d56a57604dda32c01f1_shot_001_000,pixel_mse,upper_face,0.00018391
33,0.720034,d39560e57ccf0d56a57604dda32c01f1_shot_001_000,pixel_mse,full,0.00078485
33,0.720034,d39560e57ccf0d56a57604dda32c01f1_shot_001_000,ssim,mouth,0.88456649
33,0.720034,d39560e57ccf0d56a57604dda32c01f1_shot_001_000,ssim,upper_face,0.96003598
33,0.720034,d39560e57ccf0d56a57604dda32c01f1_shot_001_000,ssim,full,0.92932004
33,0.720034,d39560e57ccf0d56a57604dda32c01f1_shot_001_000,lpips,mouth,0.10309972
33,0.720034,d39560e57ccf0d56a57604dda32c01f1_shot_001_000,lpips,full,0.06872077
33,0.720034,d39560e57ccf0d56a57604dda32c01f1_shot_001_000,sharpness,mouth,14.6510
33,0.720034,d39560e57ccf0d56a57604dda32c01f1_shot_001_000,lmd,mouth,4.681938
33,0.720034,d39560e57ccf0d56a57604dda32c01f1_shot_001_000,sync_d,mouth,6.098746
33,0.720034,d39560e57ccf0d56a57604dda32c01f1_shot_001_000,sync_c,mouth,10.536236
34,0.701446,d39560e57ccf0d56a57604dda32c01f1_shot_001_000,pixel_mse,mouth,0.00166916
34,0.701446,d39560e57ccf0d56a57604dda32c01f1_shot_001_000,pixel_mse,upper_face,0.00018184
34,0.701446,d39560e57ccf0d56a57604dda32c01f1_shot_001_000,pixel_mse,full,0.00078718
34,0.701446,d39560e57ccf0d56a57604dda32c01f1_shot_001_000,ssim,mouth,0.88419551
34,0.701446,d39560e57ccf0d56a57604dda32c01f1_shot_001_000,ssim,upper_face,0.96023542
34,0.701446,d39560e57ccf0d56a57604dda32c01f1_shot_001_000,ssim,full,0.92928737
34,0.701446,d39560e57ccf0d56a57604dda32c01f1_shot_001_000,lpips,mouth,0.10355710
34,0.701446,d39560e57ccf0d56a57604dda32c01f1_shot_001_000,lpips,full,0.06901471
34,0.701446,d39560e57ccf0d56a57604dda32c01f1_shot_001_000,sharpness,mouth,14.6731
34,0.701446,d39560e57ccf0d56a57604dda32c01f1_shot_001_000,lmd,mouth,4.738109
34,0.701446,d39560e57ccf0d56a57604dda32c01f1_shot_001_000,sync_d,mouth,6.176768
34,0.701446,d39560e57ccf0d56a57604dda32c01f1_shot_001_000,sync_c,mouth,10.500270
35,0.681508,d39560e57ccf0d56a57604dda32c01f1_shot_001_000,pixel_mse,mouth,0.00168947
35,0.681508,d39560e57ccf0d56a57604dda32c01f1_shot_001_000,pixel_mse,upper_face,0.00017911
35,0.681508,d39560e57ccf0d56a57604dda32c01f1_shot_001_000,pixel_mse,full,0.00079382
35,0.681508,d39560e57ccf0d56a57604dda32c01f1_shot_001_000,ssim,mouth,0.88349348
35,0.681508,d39560e57ccf0d56a57604dda32c01f1_shot_001_000,ssim,upper_face,0.96053445
35,0.681508,d39560e57ccf0d56a57604dda32c01f1_shot_001_000,ssim,full,0.92917889
35,0.681508,d39560e57ccf0d56a57604dda32c01f1_shot_001_000,lpips,mouth,0.10393587
35,0.681508,d39560e57ccf0d56a57604dda32c01f1_shot_001_000,lpips,full,0.06915402
35,0.681508,d39560e57ccf0d56a57604dda32c01f1_shot_001_000,sharpness,mouth,14.6373
35,0.681508,d39560e57ccf0d56a57604dda32c01f1_shot_001_000,lmd,mouth,4.845100
35,0.681508,d39560e57ccf0d56a57604dda32c01f1_shot_001_000,sync_d,mouth,6.141276
35,0.681508,d39560e57ccf0d56a57604dda32c01f1_shot_001_000,sync_c,mouth,10.519369
36,0.660066,d39560e57ccf0d56a57604dda32c01f1_shot_001_000,pixel_mse,mouth,0.00171193
36,0.660066,d39560e57ccf0d56a57604dda32c01f1_shot_001_000,pixel_mse,upper_face,0.00017703
36,0.660066,d39560e57ccf0d56a57604dda32c01f1_shot_001_000,pixel_mse,full,0.00080173
36,0.660066,d39560e57ccf0d56a57604dda32c01f1_shot_001_000,ssim,mouth,0.88307869
36,0.660066,d39560e57ccf0d56a57604dda32c01f1_shot_001_000,ssim,upper_face,0.96076214
36,0.660066,d39560e57ccf0d56a57604dda32c01f1_shot_001_000,ssim,full,0.92914504
36,0.660066,d39560e57ccf0d56a57604dda32c01f1_shot_001_000,lpips,mouth,0.10423778
36,0.660066,d39560e57ccf0d56a57604dda32c01f1_shot_001_000,lpips,full,0.06912889
36,0.660066,d39560e57ccf0d56a57604dda32c01f1_shot_001_000,sharpness,mouth,14.6429
36,0.660066,d39560e57ccf0d56a57604dda32c01f1_shot_001_000,lmd,mouth,4.779541
36,0.660066,d39560e57ccf0d56a57604dda32c01f1_shot_001_000,sync_d,mouth,6.104621
36,0.660066,d39560e57ccf0d56a57604dda32c01f1_shot_001_000,sync_c,mouth,10.554562
37,0.636942,d39560e57ccf0d56a57604dda32c01f1_shot_001_000,pixel_mse,mouth,0.00173102
37,0.636942,d39560e57ccf0d56a57604dda32c01f1_shot_001_000,pixel_mse,upper_face,0.00017416
37,0.636942,d39560e57ccf0d56a57604dda32c01f1_shot_001_000,pixel_mse,full,0.00080780
37,0.636942,d39560e57ccf0d56a57604dda32c01f1_shot_001_000,ssim,mouth,0.88239121
37,0.636942,d39560e57ccf0d56a57604dda32c01f1_shot_001_000,ssim,upper_face,0.96093673
37,0.636942,d39560e57ccf0d56a57604dda32c01f1_shot_001_000,ssim,full,0.92896885
37,0.636942,d39560e57ccf0d56a57604dda32c01f1_shot_001_000,lpips,mouth,0.10500271
37,0.636942,d39560e57ccf0d56a57604dda32c01f1_shot_001_000,lpips,full,0.06952619
37,0.636942,d39560e57ccf0d56a57604dda32c01f1_shot_001_000,sharpness,mouth,14.6345
37,0.636942,d39560e57ccf0d56a57604dda32c01f1_shot_001_000,lmd,mouth,4.869930
37,0.636942,d39560e57ccf0d56a57604dda32c01f1_shot_001_000,sync_d,mouth,6.197085
37,0.636942,d39560e57ccf0d56a57604dda32c01f1_shot_001_000,sync_c,mouth,10.515965
38,0.611932,d39560e57ccf0d56a57604dda32c01f1_shot_001_000,pixel_mse,mouth,0.00175706
38,0.611932,d39560e57ccf0d56a57604dda32c01f1_shot_001_000,pixel_mse,upper_face,0.00017291
38,0.611932,d39560e57ccf0d56a57604dda32c01f1_shot_001_000,pixel_mse,full,0.00081766
38,0.611932,d39560e57ccf0d56a57604dda32c01f1_shot_001_000,ssim,mouth,0.88193429
38,0.611932,d39560e57ccf0d56a57604dda32c01f1_shot_001_000,ssim,upper_face,0.96107537
38,0.611932,d39560e57ccf0d56a57604dda32c01f1_shot_001_000,ssim,full,0.92886502
38,0.611932,d39560e57ccf0d56a57604dda32c01f1_shot_001_000,lpips,mouth,0.10546764
38,0.611932,d39560e57ccf0d56a57604dda32c01f1_shot_001_000,lpips,full,0.06972084
38,0.611932,d39560e57ccf0d56a57604dda32c01f1_shot_001_000,sharpness,mouth,14.6227
38,0.611932,d39560e57ccf0d56a57604dda32c01f1_shot_001_000,lmd,mouth,4.909063
38,0.611932,d39560e57ccf0d56a57604dda32c01f1_shot_001_000,sync_d,mouth,6.172057
38,0.611932,d39560e57ccf0d56a57604dda32c01f1_shot_001_000,sync_c,mouth,10.487550
39,0.584795,d39560e57ccf0d56a57604dda32c01f1_shot_001_000,pixel_mse,mouth,0.00178998
39,0.584795,d39560e57ccf0d56a57604dda32c01f1_shot_001_000,pixel_mse,upper_face,0.00017270
39,0.584795,d39560e57ccf0d56a57604dda32c01f1_shot_001_000,pixel_mse,full,0.00083093
39,0.584795,d39560e57ccf0d56a57604dda32c01f1_shot_001_000,ssim,mouth,0.88072127
39,0.584795,d39560e57ccf0d56a57604dda32c01f1_shot_001_000,ssim,upper_face,0.96123898
39,0.584795,d39560e57ccf0d56a57604dda32c01f1_shot_001_000,ssim,full,0.92846841
39,0.584795,d39560e57ccf0d56a57604dda32c01f1_shot_001_000,lpips,mouth,0.10580221
39,0.584795,d39560e57ccf0d56a57604dda32c01f1_shot_001_000,lpips,full,0.06975952
39,0.584795,d39560e57ccf0d56a57604dda32c01f1_shot_001_000,sharpness,mouth,14.6329
39,0.584795,d39560e57ccf0d56a57604dda32c01f1_shot_001_000,lmd,mouth,4.906661
39,0.584795,d39560e57ccf0d56a57604dda32c01f1_shot_001_000,sync_d,mouth,6.240569
39,0.584795,d39560e57ccf0d56a57604dda32c01f1_shot_001_000,sync_c,mouth,10.474648
40,0.555247,d39560e57ccf0d56a57604dda32c01f1_shot_001_000,pixel_mse,mouth,0.00180617
40,0.555247,d39560e57ccf0d56a57604dda32c01f1_shot_001_000,pixel_mse,upper_face,0.00017063
40,0.555247,d39560e57ccf0d56a57604dda32c01f1_shot_001_000,pixel_mse,full,0.00083629
40,0.555247,d39560e57ccf0d56a57604dda32c01f1_shot_001_000,ssim,mouth,0.87993497
40,0.555247,d39560e57ccf0d56a57604dda32c01f1_shot_001_000,ssim,upper_face,0.96146762
40,0.555247,d39560e57ccf0d56a57604dda32c01f1_shot_001_000,ssim,full,0.92828405
40,0.555247,d39560e57ccf0d56a57604dda32c01f1_shot_001_000,lpips,mouth,0.10635615
40,0.555247,d39560e57ccf0d56a57604dda32c01f1_shot_001_000,lpips,full,0.06999996
40,0.555247,d39560e57ccf0d56a57604dda32c01f1_shot_001_000,sharpness,mouth,14.6508
40,0.555247,d39560e57ccf0d56a57604dda32c01f1_shot_001_000,lmd,mouth,4.979562
40,0.555247,d39560e57ccf0d56a57604dda32c01f1_shot_001_000,sync_d,mouth,6.181981
40,0.555247,d39560e57ccf0d56a57604dda32c01f1_shot_001_000,sync_c,mouth,10.516307
41,0.522951,d39560e57ccf0d56a57604dda32c01f1_shot_001_000,pixel_mse,mouth,0.00182777
41,0.522951,d39560e57ccf0d56a57604dda32c01f1_shot_001_000,pixel_mse,upper_face,0.00016994
41,0.522951,d39560e57ccf0d56a57604dda32c01f1_shot_001_000,pixel_mse,full,0.00084467
41,0.522951,d39560e57ccf0d56a57604dda32c01f1_shot_001_000,ssim,mouth,0.87916219
41,0.522951,d39560e57ccf0d56a57604dda32c01f1_shot_001_000,ssim,upper_face,0.96164393
41,0.522951,d39560e57ccf0d56a57604dda32c01f1_shot_001_000,ssim,full,0.92807400
41,0.522951,d39560e57ccf0d56a57604dda32c01f1_shot_001_000,lpips,mouth,0.10685001
41,0.522951,d39560e57ccf0d56a57604dda32c01f1_shot_001_000,lpips,full,0.07020316
41,0.522951,d39560e57ccf0d56a57604dda32c01f1_shot_001_000,sharpness,mouth,14.6666
41,0.522951,d39560e57ccf0d56a57604dda32c01f1_shot_001_000,lmd,mouth,4.963869
41,0.522951,d39560e57ccf0d56a57604dda32c01f1_shot_001_000,sync_d,mouth,6.173920
41,0.522951,d39560e57ccf0d56a57604dda32c01f1_shot_001_000,sync_c,mouth,10.481241
42,0.487507,d39560e57ccf0d56a57604dda32c01f1_shot_001_000,pixel_mse,mouth,0.00185414
42,0.487507,d39560e57ccf0d56a57604dda32c01f1_shot_001_000,pixel_mse,upper_face,0.00016725
42,0.487507,d39560e57ccf0d56a57604dda32c01f1_shot_001_000,pixel_mse,full,0.00085381
42,0.487507,d39560e57ccf0d56a57604dda32c01f1_shot_001_000,ssim,mouth,0.87815678
42,0.487507,d39560e57ccf0d56a57604dda32c01f1_shot_001_000,ssim,upper_face,0.96181309
42,0.487507,d39560e57ccf0d56a57604dda32c01f1_shot_001_000,ssim,full,0.92776525
42,0.487507,d39560e57ccf0d56a57604dda32c01f1_shot_001_000,lpips,mouth,0.10761958
42,0.487507,d39560e57ccf0d56a57604dda32c01f1_shot_001_000,lpips,full,0.07069465
42,0.487507,d39560e57ccf0d56a57604dda32c01f1_shot_001_000,sharpness,mouth,14.5709
42,0.487507,d39560e57ccf0d56a57604dda32c01f1_shot_001_000,lmd,mouth,5.012362
42,0.487507,d39560e57ccf0d56a57604dda32c01f1_shot_001_000,sync_d,mouth,6.179097
42,0.487507,d39560e57ccf0d56a57604dda32c01f1_shot_001_000,sync_c,mouth,10.502356
43,0.448430,d39560e57ccf0d56a57604dda32c01f1_shot_001_000,pixel_mse,mouth,0.00188524
43,0.448430,d39560e57ccf0d56a57604dda32c01f1_shot_001_000,pixel_mse,upper_face,0.00016759
43,0.448430,d39560e57ccf0d56a57604dda32c01f1_shot_001_000,pixel_mse,full,0.00086667
43,0.448430,d39560e57ccf0d56a57604dda32c01f1_shot_001_000,ssim,mouth,0.87693250
43,0.448430,d39560e57ccf0d56a57604dda32c01f1_shot_001_000,ssim,upper_face,0.96205282
43,0.448430,d39560e57ccf0d56a57604dda32c01f1_shot_001_000,ssim,full,0.92740893
43,0.448430,d39560e57ccf0d56a57604dda32c01f1_shot_001_000,lpips,mouth,0.10854835
43,0.448430,d39560e57ccf0d56a57604dda32c01f1_shot_001_000,lpips,full,0.07104971
43,0.448430,d39560e57ccf0d56a57604dda32c01f1_shot_001_000,sharpness,mouth,14.5943
43,0.448430,d39560e57ccf0d56a57604dda32c01f1_shot_001_000,lmd,mouth,5.000291
43,0.448430,d39560e57ccf0d56a57604dda32c01f1_shot_001_000,sync_d,mouth,6.206734
43,0.448430,d39560e57ccf0d56a57604dda32c01f1_shot_001_000,sync_c,mouth,10.407780
44,0.405131,d39560e57ccf0d56a57604dda32c01f1_shot_001_000,pixel_mse,mouth,0.00191064
44,0.405131,d39560e57ccf0d56a57604dda32c01f1_shot_001_000,pixel_mse,upper_face,0.00016691
44,0.405131,d39560e57ccf0d56a57604dda32c01f1_shot_001_000,pixel_mse,full,0.00087660
44,0.405131,d39560e57ccf0d56a57604dda32c01f1_shot_001_000,ssim,mouth,0.87558210
44,0.405131,d39560e57ccf0d56a57604dda32c01f1_shot_001_000,ssim,upper_face,0.96191424
44,0.405131,d39560e57ccf0d56a57604dda32c01f1_shot_001_000,ssim,full,0.92677724
44,0.405131,d39560e57ccf0d56a57604dda32c01f1_shot_001_000,lpips,mouth,0.10890186
44,0.405131,d39560e57ccf0d56a57604dda32c01f1_shot_001_000,lpips,full,0.07144801
44,0.405131,d39560e57ccf0d56a57604dda32c01f1_shot_001_000,sharpness,mouth,14.5715
44,0.405131,d39560e57ccf0d56a57604dda32c01f1_shot_001_000,lmd,mouth,5.045828
44,0.405131,d39560e57ccf0d56a57604dda32c01f1_shot_001_000,sync_d,mouth,6.202146
44,0.405131,d39560e57ccf0d56a57604dda32c01f1_shot_001_000,sync_c,mouth,10.392188
45,0.356888,d39560e57ccf0d56a57604dda32c01f1_shot_001_000,pixel_mse,mouth,0.00194114
45,0.356888,d39560e57ccf0d56a57604dda32c01f1_shot_001_000,pixel_mse,upper_face,0.00016765
45,0.356888,d39560e57ccf0d56a57604dda32c01f1_shot_001_000,pixel_mse,full,0.00088946
45,0.356888,d39560e57ccf0d56a57604dda32c01f1_shot_001_000,ssim,mouth,0.87419647
45,0.356888,d39560e57ccf0d56a57604dda32c01f1_shot_001_000,ssim,upper_face,0.96213877
45,0.356888,d39560e57ccf0d56a57604dda32c01f1_shot_001_000,ssim,full,0.92634648
45,0.356888,d39560e57ccf0d56a57604dda32c01f1_shot_001_000,lpips,mouth,0.10994820
45,0.356888,d39560e57ccf0d56a57604dda32c01f1_shot_001_000,lpips,full,0.07169776
45,0.356888,d39560e57ccf0d56a57604dda32c01f1_shot_001_000,sharpness,mouth,14.5599
45,0.356888,d39560e57ccf0d56a57604dda32c01f1_shot_001_000,lmd,mouth,5.010393
45,0.356888,d39560e57ccf0d56a57604dda32c01f1_shot_001_000,sync_d,mouth,6.129780
45,0.356888,d39560e57ccf0d56a57604dda32c01f1_shot_001_000,sync_c,mouth,10.454306
46,0.302801,d39560e57ccf0d56a57604dda32c01f1_shot_001_000,pixel_mse,mouth,0.00197270
46,0.302801,d39560e57ccf0d56a57604dda32c01f1_shot_001_000,pixel_mse,upper_face,0.00016788
46,0.302801,d39560e57ccf0d56a57604dda32c01f1_shot_001_000,pixel_mse,full,0.00090244
46,0.302801,d39560e57ccf0d56a57604dda32c01f1_shot_001_000,ssim,mouth,0.87240052
46,0.302801,d39560e57ccf0d56a57604dda32c01f1_shot_001_000,ssim,upper_face,0.96212965
46,0.302801,d39560e57ccf0d56a57604dda32c01f1_shot_001_000,ssim,full,0.92561013
46,0.302801,d39560e57ccf0d56a57604dda32c01f1_shot_001_000,lpips,mouth,0.11081298
46,0.302801,d39560e57ccf0d56a57604dda32c01f1_shot_001_000,lpips,full,0.07216748
46,0.302801,d39560e57ccf0d56a57604dda32c01f1_shot_001_000,sharpness,mouth,14.5133
46,0.302801,d39560e57ccf0d56a57604dda32c01f1_shot_001_000,lmd,mouth,4.958468
46,0.302801,d39560e57ccf0d56a57604dda32c01f1_shot_001_000,sync_d,mouth,6.255023
46,0.302801,d39560e57ccf0d56a57604dda32c01f1_shot_001_000,sync_c,mouth,10.342423
47,0.241740,d39560e57ccf0d56a57604dda32c01f1_shot_001_000,pixel_mse,mouth,0.00199705
47,0.241740,d39560e57ccf0d56a57604dda32c01f1_shot_001_000,pixel_mse,upper_face,0.00016957
47,0.241740,d39560e57ccf0d56a57604dda32c01f1_shot_001_000,pixel_mse,full,0.00091335
47,0.241740,d39560e57ccf0d56a57604dda32c01f1_shot_001_000,ssim,mouth,0.87062722
47,0.241740,d39560e57ccf0d56a57604dda32c01f1_shot_001_000,ssim,upper_face,0.96200657
47,0.241740,d39560e57ccf0d56a57604dda32c01f1_shot_001_000,ssim,full,0.92481554
47,0.241740,d39560e57ccf0d56a57604dda32c01f1_shot_001_000,lpips,mouth,0.11173181
47,0.241740,d39560e57ccf0d56a57604dda32c01f1_shot_001_000,lpips,full,0.07274166
47,0.241740,d39560e57ccf0d56a57604dda32c01f1_shot_001_000,sharpness,mouth,14.4730
47,0.241740,d39560e57ccf0d56a57604dda32c01f1_shot_001_000,lmd,mouth,4.997731
47,0.241740,d39560e57ccf0d56a57604dda32c01f1_shot_001_000,sync_d,mouth,6.295054
47,0.241740,d39560e57ccf0d56a57604dda32c01f1_shot_001_000,sync_c,mouth,10.310140
48,0.172265,d39560e57ccf0d56a57604dda32c01f1_shot_001_000,pixel_mse,mouth,0.00202529
48,0.172265,d39560e57ccf0d56a57604dda32c01f1_shot_001_000,pixel_mse,upper_face,0.00017324
48,0.172265,d39560e57ccf0d56a57604dda32c01f1_shot_001_000,pixel_mse,full,0.00092702
48,0.172265,d39560e57ccf0d56a57604dda32c01f1_shot_001_000,ssim,mouth,0.86855334
48,0.172265,d39560e57ccf0d56a57604dda32c01f1_shot_001_000,ssim,upper_face,0.96172947
48,0.172265,d39560e57ccf0d56a57604dda32c01f1_shot_001_000,ssim,full,0.92380702
48,0.172265,d39560e57ccf0d56a57604dda32c01f1_shot_001_000,lpips,mouth,0.11249482
48,0.172265,d39560e57ccf0d56a57604dda32c01f1_shot_001_000,lpips,full,0.07322486
48,0.172265,d39560e57ccf0d56a57604dda32c01f1_shot_001_000,sharpness,mouth,14.4431
48,0.172265,d39560e57ccf0d56a57604dda32c01f1_shot_001_000,lmd,mouth,5.020387
48,0.172265,d39560e57ccf0d56a57604dda32c01f1_shot_001_000,sync_d,mouth,6.227493
48,0.172265,d39560e57ccf0d56a57604dda32c01f1_shot_001_000,sync_c,mouth,10.356527
49,0.092507,d39560e57ccf0d56a57604dda32c01f1_shot_001_000,pixel_mse,mouth,0.00205605
49,0.092507,d39560e57ccf0d56a57604dda32c01f1_shot_001_000,pixel_mse,upper_face,0.00018191
49,0.092507,d39560e57ccf0d56a57604dda32c01f1_shot_001_000,pixel_mse,full,0.00094468
49,0.092507,d39560e57ccf0d56a57604dda32c01f1_shot_001_000,ssim,mouth,0.86612016
49,0.092507,d39560e57ccf0d56a57604dda32c01f1_shot_001_000,ssim,upper_face,0.96094012
49,0.092507,d39560e57ccf0d56a57604dda32c01f1_shot_001_000,ssim,full,0.92234856
49,0.092507,d39560e57ccf0d56a57604dda32c01f1_shot_001_000,lpips,mouth,0.11377251
49,0.092507,d39560e57ccf0d56a57604dda32c01f1_shot_001_000,lpips,full,0.07393239
49,0.092507,d39560e57ccf0d56a57604dda32c01f1_shot_001_000,sharpness,mouth,14.4148
49,0.092507,d39560e57ccf0d56a57604dda32c01f1_shot_001_000,lmd,mouth,5.112272
49,0.092507,d39560e57ccf0d56a57604dda32c01f1_shot_001_000,sync_d,mouth,6.246982
49,0.092507,d39560e57ccf0d56a57604dda32c01f1_shot_001_000,sync_c,mouth,10.318186
-1,gt,eb79a85e6b928add93a5fbf5168af5ac_shot_001_000,sharpness,mouth,17.3796
-1,gt,eb79a85e6b928add93a5fbf5168af5ac_shot_001_000,sync_d,mouth,9.633518
-1,gt,eb79a85e6b928add93a5fbf5168af5ac_shot_001_000,sync_c,mouth,5.051971
0,0.999000,eb79a85e6b928add93a5fbf5168af5ac_shot_001_000,pixel_mse,mouth,0.00363343
0,0.999000,eb79a85e6b928add93a5fbf5168af5ac_shot_001_000,pixel_mse,upper_face,0.00020324
0,0.999000,eb79a85e6b928add93a5fbf5168af5ac_shot_001_000,pixel_mse,full,0.00159932
0,0.999000,eb79a85e6b928add93a5fbf5168af5ac_shot_001_000,ssim,mouth,0.85602456
0,0.999000,eb79a85e6b928add93a5fbf5168af5ac_shot_001_000,ssim,upper_face,0.96094549
0,0.999000,eb79a85e6b928add93a5fbf5168af5ac_shot_001_000,ssim,full,0.91824305
0,0.999000,eb79a85e6b928add93a5fbf5168af5ac_shot_001_000,lpips,mouth,0.13259165
0,0.999000,eb79a85e6b928add93a5fbf5168af5ac_shot_001_000,lpips,full,0.08455056
0,0.999000,eb79a85e6b928add93a5fbf5168af5ac_shot_001_000,sharpness,mouth,20.7147
0,0.999000,eb79a85e6b928add93a5fbf5168af5ac_shot_001_000,lmd,mouth,3.229240
0,0.999000,eb79a85e6b928add93a5fbf5168af5ac_shot_001_000,sync_d,mouth,6.936607
0,0.999000,eb79a85e6b928add93a5fbf5168af5ac_shot_001_000,sync_c,mouth,8.080321
1,0.995732,eb79a85e6b928add93a5fbf5168af5ac_shot_001_000,pixel_mse,mouth,0.00363135
1,0.995732,eb79a85e6b928add93a5fbf5168af5ac_shot_001_000,pixel_mse,upper_face,0.00019860
1,0.995732,eb79a85e6b928add93a5fbf5168af5ac_shot_001_000,pixel_mse,full,0.00159572
1,0.995732,eb79a85e6b928add93a5fbf5168af5ac_shot_001_000,ssim,mouth,0.85609484
1,0.995732,eb79a85e6b928add93a5fbf5168af5ac_shot_001_000,ssim,upper_face,0.96128273
1,0.995732,eb79a85e6b928add93a5fbf5168af5ac_shot_001_000,ssim,full,0.91847163
1,0.995732,eb79a85e6b928add93a5fbf5168af5ac_shot_001_000,lpips,mouth,0.13251662
1,0.995732,eb79a85e6b928add93a5fbf5168af5ac_shot_001_000,lpips,full,0.08451278
1,0.995732,eb79a85e6b928add93a5fbf5168af5ac_shot_001_000,sharpness,mouth,20.4877
1,0.995732,eb79a85e6b928add93a5fbf5168af5ac_shot_001_000,lmd,mouth,3.160072
1,0.995732,eb79a85e6b928add93a5fbf5168af5ac_shot_001_000,sync_d,mouth,6.890128
1,0.995732,eb79a85e6b928add93a5fbf5168af5ac_shot_001_000,sync_c,mouth,8.096125
2,0.991530,eb79a85e6b928add93a5fbf5168af5ac_shot_001_000,pixel_mse,mouth,0.00353547
2,0.991530,eb79a85e6b928add93a5fbf5168af5ac_shot_001_000,pixel_mse,upper_face,0.00018620
2,0.991530,eb79a85e6b928add93a5fbf5168af5ac_shot_001_000,pixel_mse,full,0.00154935
2,0.991530,eb79a85e6b928add93a5fbf5168af5ac_shot_001_000,ssim,mouth,0.85637176
2,0.991530,eb79a85e6b928add93a5fbf5168af5ac_shot_001_000,ssim,upper_face,0.96247852
2,0.991530,eb79a85e6b928add93a5fbf5168af5ac_shot_001_000,ssim,full,0.91929334
2,0.991530,eb79a85e6b928add93a5fbf5168af5ac_shot_001_000,lpips,mouth,0.13189377
2,0.991530,eb79a85e6b928add93a5fbf5168af5ac_shot_001_000,lpips,full,0.08360548
2,0.991530,eb79a85e6b928add93a5fbf5168af5ac_shot_001_000,sharpness,mouth,20.3246
2,0.991530,eb79a85e6b928add93a5fbf5168af5ac_shot_001_000,lmd,mouth,3.251891
2,0.991530,eb79a85e6b928add93a5fbf5168af5ac_shot_001_000,sync_d,mouth,6.974374
2,0.991530,eb79a85e6b928add93a5fbf5168af5ac_shot_001_000,sync_c,mouth,8.157309
3,0.987187,eb79a85e6b928add93a5fbf5168af5ac_shot_001_000,pixel_mse,mouth,0.00342118
3,0.987187,eb79a85e6b928add93a5fbf5168af5ac_shot_001_000,pixel_mse,upper_face,0.00017158
3,0.987187,eb79a85e6b928add93a5fbf5168af5ac_shot_001_000,pixel_mse,full,0.00149416
3,0.987187,eb79a85e6b928add93a5fbf5168af5ac_shot_001_000,ssim,mouth,0.85744131
3,0.987187,eb79a85e6b928add93a5fbf5168af5ac_shot_001_000,ssim,upper_face,0.96367955
3,0.987187,eb79a85e6b928add93a5fbf5168af5ac_shot_001_000,ssim,full,0.92044085
3,0.987187,eb79a85e6b928add93a5fbf5168af5ac_shot_001_000,lpips,mouth,0.12990214
3,0.987187,eb79a85e6b928add93a5fbf5168af5ac_shot_001_000,lpips,full,0.08199952
3,0.987187,eb79a85e6b928add93a5fbf5168af5ac_shot_001_000,sharpness,mouth,20.2236
3,0.987187,eb79a85e6b928add93a5fbf5168af5ac_shot_001_000,lmd,mouth,3.106309
3,0.987187,eb79a85e6b928add93a5fbf5168af5ac_shot_001_000,sync_d,mouth,7.220911
3,0.987187,eb79a85e6b928add93a5fbf5168af5ac_shot_001_000,sync_c,mouth,8.097752
4,0.982696,eb79a85e6b928add93a5fbf5168af5ac_shot_001_000,pixel_mse,mouth,0.00332936
4,0.982696,eb79a85e6b928add93a5fbf5168af5ac_shot_001_000,pixel_mse,upper_face,0.00016099
4,0.982696,eb79a85e6b928add93a5fbf5168af5ac_shot_001_000,pixel_mse,full,0.00145051
4,0.982696,eb79a85e6b928add93a5fbf5168af5ac_shot_001_000,ssim,mouth,0.85835361
4,0.982696,eb79a85e6b928add93a5fbf5168af5ac_shot_001_000,ssim,upper_face,0.96438515
4,0.982696,eb79a85e6b928add93a5fbf5168af5ac_shot_001_000,ssim,full,0.92123044
4,0.982696,eb79a85e6b928add93a5fbf5168af5ac_shot_001_000,lpips,mouth,0.12814814
4,0.982696,eb79a85e6b928add93a5fbf5168af5ac_shot_001_000,lpips,full,0.08065612
4,0.982696,eb79a85e6b928add93a5fbf5168af5ac_shot_001_000,sharpness,mouth,19.9414
4,0.982696,eb79a85e6b928add93a5fbf5168af5ac_shot_001_000,lmd,mouth,3.043701
4,0.982696,eb79a85e6b928add93a5fbf5168af5ac_shot_001_000,sync_d,mouth,7.424677
4,0.982696,eb79a85e6b928add93a5fbf5168af5ac_shot_001_000,sync_c,mouth,7.884630
5,0.978048,eb79a85e6b928add93a5fbf5168af5ac_shot_001_000,pixel_mse,mouth,0.00334392
5,0.978048,eb79a85e6b928add93a5fbf5168af5ac_shot_001_000,pixel_mse,upper_face,0.00015525
5,0.978048,eb79a85e6b928add93a5fbf5168af5ac_shot_001_000,pixel_mse,full,0.00145303
5,0.978048,eb79a85e6b928add93a5fbf5168af5ac_shot_001_000,ssim,mouth,0.85708380
5,0.978048,eb79a85e6b928add93a5fbf5168af5ac_shot_001_000,ssim,upper_face,0.96494228
5,0.978048,eb79a85e6b928add93a5fbf5168af5ac_shot_001_000,ssim,full,0.92104417
5,0.978048,eb79a85e6b928add93a5fbf5168af5ac_shot_001_000,lpips,mouth,0.12557364
5,0.978048,eb79a85e6b928add93a5fbf5168af5ac_shot_001_000,lpips,full,0.07901558
5,0.978048,eb79a85e6b928add93a5fbf5168af5ac_shot_001_000,sharpness,mouth,19.7454
5,0.978048,eb79a85e6b928add93a5fbf5168af5ac_shot_001_000,lmd,mouth,3.032700
5,0.978048,eb79a85e6b928add93a5fbf5168af5ac_shot_001_000,sync_d,mouth,7.472726
5,0.978048,eb79a85e6b928add93a5fbf5168af5ac_shot_001_000,sync_c,mouth,7.978543
6,0.973236,eb79a85e6b928add93a5fbf5168af5ac_shot_001_000,pixel_mse,mouth,0.00332009
6,0.973236,eb79a85e6b928add93a5fbf5168af5ac_shot_001_000,pixel_mse,upper_face,0.00015190
6,0.973236,eb79a85e6b928add93a5fbf5168af5ac_shot_001_000,pixel_mse,full,0.00144135
6,0.973236,eb79a85e6b928add93a5fbf5168af5ac_shot_001_000,ssim,mouth,0.85660899
6,0.973236,eb79a85e6b928add93a5fbf5168af5ac_shot_001_000,ssim,upper_face,0.96548253
6,0.973236,eb79a85e6b928add93a5fbf5168af5ac_shot_001_000,ssim,full,0.92117119
6,0.973236,eb79a85e6b928add93a5fbf5168af5ac_shot_001_000,lpips,mouth,0.12399226
6,0.973236,eb79a85e6b928add93a5fbf5168af5ac_shot_001_000,lpips,full,0.07780530
6,0.973236,eb79a85e6b928add93a5fbf5168af5ac_shot_001_000,sharpness,mouth,19.3603
6,0.973236,eb79a85e6b928add93a5fbf5168af5ac_shot_001_000,lmd,mouth,3.037537
6,0.973236,eb79a85e6b928add93a5fbf5168af5ac_shot_001_000,sync_d,mouth,7.601555
6,0.973236,eb79a85e6b928add93a5fbf5168af5ac_shot_001_000,sync_c,mouth,7.748402
7,0.968250,eb79a85e6b928add93a5fbf5168af5ac_shot_001_000,pixel_mse,mouth,0.00326909
7,0.968250,eb79a85e6b928add93a5fbf5168af5ac_shot_001_000,pixel_mse,upper_face,0.00014680
7,0.968250,eb79a85e6b928add93a5fbf5168af5ac_shot_001_000,pixel_mse,full,0.00141757
7,0.968250,eb79a85e6b928add93a5fbf5168af5ac_shot_001_000,ssim,mouth,0.85684729
7,0.968250,eb79a85e6b928add93a5fbf5168af5ac_shot_001_000,ssim,upper_face,0.96584755
7,0.968250,eb79a85e6b928add93a5fbf5168af5ac_shot_001_000,ssim,full,0.92148465
7,0.968250,eb79a85e6b928add93a5fbf5168af5ac_shot_001_000,lpips,mouth,0.12322728
7,0.968250,eb79a85e6b928add93a5fbf5168af5ac_shot_001_000,lpips,full,0.07720971
7,0.968250,eb79a85e6b928add93a5fbf5168af5ac_shot_001_000,sharpness,mouth,18.5868
7,0.968250,eb79a85e6b928add93a5fbf5168af5ac_shot_001_000,lmd,mouth,3.241759
7,0.968250,eb79a85e6b928add93a5fbf5168af5ac_shot_001_000,sync_d,mouth,7.490973
7,0.968250,eb79a85e6b928add93a5fbf5168af5ac_shot_001_000,sync_c,mouth,7.890723
8,0.963082,eb79a85e6b928add93a5fbf5168af5ac_shot_001_000,pixel_mse,mouth,0.00318223
8,0.963082,eb79a85e6b928add93a5fbf5168af5ac_shot_001_000,pixel_mse,upper_face,0.00014537
8,0.963082,eb79a85e6b928add93a5fbf5168af5ac_shot_001_000,pixel_mse,full,0.00138136
8,0.963082,eb79a85e6b928add93a5fbf5168af5ac_shot_001_000,ssim,mouth,0.85767221
8,0.963082,eb79a85e6b928add93a5fbf5168af5ac_shot_001_000,ssim,upper_face,0.96595597
8,0.963082,eb79a85e6b928add93a5fbf5168af5ac_shot_001_000,ssim,full,0.92188472
8,0.963082,eb79a85e6b928add93a5fbf5168af5ac_shot_001_000,lpips,mouth,0.12099201
8,0.963082,eb79a85e6b928add93a5fbf5168af5ac_shot_001_000,lpips,full,0.07597510
8,0.963082,eb79a85e6b928add93a5fbf5168af5ac_shot_001_000,sharpness,mouth,18.6008
8,0.963082,eb79a85e6b928add93a5fbf5168af5ac_shot_001_000,lmd,mouth,3.223207
8,0.963082,eb79a85e6b928add93a5fbf5168af5ac_shot_001_000,sync_d,mouth,7.504672
8,0.963082,eb79a85e6b928add93a5fbf5168af5ac_shot_001_000,sync_c,mouth,7.899351
9,0.957720,eb79a85e6b928add93a5fbf5168af5ac_shot_001_000,pixel_mse,mouth,0.00307941
9,0.957720,eb79a85e6b928add93a5fbf5168af5ac_shot_001_000,pixel_mse,upper_face,0.00014158
9,0.957720,eb79a85e6b928add93a5fbf5168af5ac_shot_001_000,pixel_mse,full,0.00133727
9,0.957720,eb79a85e6b928add93a5fbf5168af5ac_shot_001_000,ssim,mouth,0.85919446
9,0.957720,eb79a85e6b928add93a5fbf5168af5ac_shot_001_000,ssim,upper_face,0.96631497
9,0.957720,eb79a85e6b928add93a5fbf5168af5ac_shot_001_000,ssim,full,0.92271727
9,0.957720,eb79a85e6b928add93a5fbf5168af5ac_shot_001_000,lpips,mouth,0.11979775
9,0.957720,eb79a85e6b928add93a5fbf5168af5ac_shot_001_000,lpips,full,0.07517003
9,0.957720,eb79a85e6b928add93a5fbf5168af5ac_shot_001_000,sharpness,mouth,18.2525
9,0.957720,eb79a85e6b928add93a5fbf5168af5ac_shot_001_000,lmd,mouth,3.211665
9,0.957720,eb79a85e6b928add93a5fbf5168af5ac_shot_001_000,sync_d,mouth,7.404121
9,0.957720,eb79a85e6b928add93a5fbf5168af5ac_shot_001_000,sync_c,mouth,7.967883
10,0.952154,eb79a85e6b928add93a5fbf5168af5ac_shot_001_000,pixel_mse,mouth,0.00302307
10,0.952154,eb79a85e6b928add93a5fbf5168af5ac_shot_001_000,pixel_mse,upper_face,0.00013892
10,0.952154,eb79a85e6b928add93a5fbf5168af5ac_shot_001_000,pixel_mse,full,0.00131276
10,0.952154,eb79a85e6b928add93a5fbf5168af5ac_shot_001_000,ssim,mouth,0.85996997
10,0.952154,eb79a85e6b928add93a5fbf5168af5ac_shot_001_000,ssim,upper_face,0.96659672
10,0.952154,eb79a85e6b928add93a5fbf5168af5ac_shot_001_000,ssim,full,0.92319989
10,0.952154,eb79a85e6b928add93a5fbf5168af5ac_shot_001_000,lpips,mouth,0.11887344
10,0.952154,eb79a85e6b928add93a5fbf5168af5ac_shot_001_000,lpips,full,0.07438584
10,0.952154,eb79a85e6b928add93a5fbf5168af5ac_shot_001_000,sharpness,mouth,17.9443
10,0.952154,eb79a85e6b928add93a5fbf5168af5ac_shot_001_000,lmd,mouth,3.257568
10,0.952154,eb79a85e6b928add93a5fbf5168af5ac_shot_001_000,sync_d,mouth,7.506374
10,0.952154,eb79a85e6b928add93a5fbf5168af5ac_shot_001_000,sync_c,mouth,7.933025
11,0.946372,eb79a85e6b928add93a5fbf5168af5ac_shot_001_000,pixel_mse,mouth,0.00295764
11,0.946372,eb79a85e6b928add93a5fbf5168af5ac_shot_001_000,pixel_mse,upper_face,0.00013814
11,0.946372,eb79a85e6b928add93a5fbf5168af5ac_shot_001_000,pixel_mse,full,0.00128567
11,0.946372,eb79a85e6b928add93a5fbf5168af5ac_shot_001_000,ssim,mouth,0.86027312
11,0.946372,eb79a85e6b928add93a5fbf5168af5ac_shot_001_000,ssim,upper_face,0.96673375
11,0.946372,eb79a85e6b928add93a5fbf5168af5ac_shot_001_000,ssim,full,0.92340457
11,0.946372,eb79a85e6b928add93a5fbf5168af5ac_shot_001_000,lpips,mouth,0.11719593
11,0.946372,eb79a85e6b928add93a5fbf5168af5ac_shot_001_000,lpips,full,0.07351364
11,0.946372,eb79a85e6b928add93a5fbf5168af5ac_shot_001_000,sharpness,mouth,17.8377
11,0.946372,eb79a85e6b928add93a5fbf5168af5ac_shot_001_000,lmd,mouth,3.132747
11,0.946372,eb79a85e6b928add93a5fbf5168af5ac_shot_001_000,sync_d,mouth,7.461910
11,0.946372,eb79a85e6b928add93a5fbf5168af5ac_shot_001_000,sync_c,mouth,8.023050
12,0.940361,eb79a85e6b928add93a5fbf5168af5ac_shot_001_000,pixel_mse,mouth,0.00276403
12,0.940361,eb79a85e6b928add93a5fbf5168af5ac_shot_001_000,pixel_mse,upper_face,0.00013687
12,0.940361,eb79a85e6b928add93a5fbf5168af5ac_shot_001_000,pixel_mse,full,0.00120612
12,0.940361,eb79a85e6b928add93a5fbf5168af5ac_shot_001_000,ssim,mouth,0.86321718
12,0.940361,eb79a85e6b928add93a5fbf5168af5ac_shot_001_000,ssim,upper_face,0.96689099
12,0.940361,eb79a85e6b928add93a5fbf5168af5ac_shot_001_000,ssim,full,0.92469597
12,0.940361,eb79a85e6b928add93a5fbf5168af5ac_shot_001_000,lpips,mouth,0.11527049
12,0.940361,eb79a85e6b928add93a5fbf5168af5ac_shot_001_000,lpips,full,0.07230873
12,0.940361,eb79a85e6b928add93a5fbf5168af5ac_shot_001_000,sharpness,mouth,17.2756
12,0.940361,eb79a85e6b928add93a5fbf5168af5ac_shot_001_000,lmd,mouth,3.119598
12,0.940361,eb79a85e6b928add93a5fbf5168af5ac_shot_001_000,sync_d,mouth,7.465230
12,0.940361,eb79a85e6b928add93a5fbf5168af5ac_shot_001_000,sync_c,mouth,7.947401
13,0.934107,eb79a85e6b928add93a5fbf5168af5ac_shot_001_000,pixel_mse,mouth,0.00270177
13,0.934107,eb79a85e6b928add93a5fbf5168af5ac_shot_001_000,pixel_mse,upper_face,0.00013549
13,0.934107,eb79a85e6b928add93a5fbf5168af5ac_shot_001_000,pixel_mse,full,0.00117996
13,0.934107,eb79a85e6b928add93a5fbf5168af5ac_shot_001_000,ssim,mouth,0.86454433
13,0.934107,eb79a85e6b928add93a5fbf5168af5ac_shot_001_000,ssim,upper_face,0.96707851
13,0.934107,eb79a85e6b928add93a5fbf5168af5ac_shot_001_000,ssim,full,0.92534733
13,0.934107,eb79a85e6b928add93a5fbf5168af5ac_shot_001_000,lpips,mouth,0.11431257
13,0.934107,eb79a85e6b928add93a5fbf5168af5ac_shot_001_000,lpips,full,0.07179982
13,0.934107,eb79a85e6b928add93a5fbf5168af5ac_shot_001_000,sharpness,mouth,16.9769
13,0.934107,eb79a85e6b928add93a5fbf5168af5ac_shot_001_000,lmd,mouth,3.100397
13,0.934107,eb79a85e6b928add93a5fbf5168af5ac_shot_001_000,sync_d,mouth,7.359543
13,0.934107,eb79a85e6b928add93a5fbf5168af5ac_shot_001_000,sync_c,mouth,8.095770
14,0.927596,eb79a85e6b928add93a5fbf5168af5ac_shot_001_000,pixel_mse,mouth,0.00262958
14,0.927596,eb79a85e6b928add93a5fbf5168af5ac_shot_001_000,pixel_mse,upper_face,0.00013251
14,0.927596,eb79a85e6b928add93a5fbf5168af5ac_shot_001_000,pixel_mse,full,0.00114881
14,0.927596,eb79a85e6b928add93a5fbf5168af5ac_shot_001_000,ssim,mouth,0.86572200
14,0.927596,eb79a85e6b928add93a5fbf5168af5ac_shot_001_000,ssim,upper_face,0.96725774
14,0.927596,eb79a85e6b928add93a5fbf5168af5ac_shot_001_000,ssim,full,0.92593300
14,0.927596,eb79a85e6b928add93a5fbf5168af5ac_shot_001_000,lpips,mouth,0.11320662
14,0.927596,eb79a85e6b928add93a5fbf5168af5ac_shot_001_000,lpips,full,0.07092719
14,0.927596,eb79a85e6b928add93a5fbf5168af5ac_shot_001_000,sharpness,mouth,16.9857
14,0.927596,eb79a85e6b928add93a5fbf5168af5ac_shot_001_000,lmd,mouth,3.129027
14,0.927596,eb79a85e6b928add93a5fbf5168af5ac_shot_001_000,sync_d,mouth,7.423330
14,0.927596,eb79a85e6b928add93a5fbf5168af5ac_shot_001_000,sync_c,mouth,8.003752
15,0.920810,eb79a85e6b928add93a5fbf5168af5ac_shot_001_000,pixel_mse,mouth,0.00257150
15,0.920810,eb79a85e6b928add93a5fbf5168af5ac_shot_001_000,pixel_mse,upper_face,0.00013006
15,0.920810,eb79a85e6b928add93a5fbf5168af5ac_shot_001_000,pixel_mse,full,0.00112372
15,0.920810,eb79a85e6b928add93a5fbf5168af5ac_shot_001_000,ssim,mouth,0.86691284
15,0.920810,eb79a85e6b928add93a5fbf5168af5ac_shot_001_000,ssim,upper_face,0.96745330
15,0.920810,eb79a85e6b928add93a5fbf5168af5ac_shot_001_000,ssim,full,0.92653352
15,0.920810,eb79a85e6b928add93a5fbf5168af5ac_shot_001_000,lpips,mouth,0.11148877
15,0.920810,eb79a85e6b928add93a5fbf5168af5ac_shot_001_000,lpips,full,0.07013492
15,0.920810,eb79a85e6b928add93a5fbf5168af5ac_shot_001_000,sharpness,mouth,16.8361
15,0.920810,eb79a85e6b928add93a5fbf5168af5ac_shot_001_000,lmd,mouth,3.059371
15,0.920810,eb79a85e6b928add93a5fbf5168af5ac_shot_001_000,sync_d,mouth,7.250229
15,0.920810,eb79a85e6b928add93a5fbf5168af5ac_shot_001_000,sync_c,mouth,8.190458
16,0.913733,eb79a85e6b928add93a5fbf5168af5ac_shot_001_000,pixel_mse,mouth,0.00248291
16,0.913733,eb79a85e6b928add93a5fbf5168af5ac_shot_001_000,pixel_mse,upper_face,0.00012974
16,0.913733,eb79a85e6b928add93a5fbf5168af5ac_shot_001_000,pixel_mse,full,0.00108748
16,0.913733,eb79a85e6b928add93a5fbf5168af5ac_shot_001_000,ssim,mouth,0.86795628
16,0.913733,eb79a85e6b928add93a5fbf5168af5ac_shot_001_000,ssim,upper_face,0.96758044
16,0.913733,eb79a85e6b928add93a5fbf5168af5ac_shot_001_000,ssim,full,0.92703372
16,0.913733,eb79a85e6b928add93a5fbf5168af5ac_shot_001_000,lpips,mouth,0.11048441
16,0.913733,eb79a85e6b928add93a5fbf5168af5ac_shot_001_000,lpips,full,0.06965364
16,0.913733,eb79a85e6b928add93a5fbf5168af5ac_shot_001_000,sharpness,mouth,16.8071
16,0.913733,eb79a85e6b928add93a5fbf5168af5ac_shot_001_000,lmd,mouth,3.009759
16,0.913733,eb79a85e6b928add93a5fbf5168af5ac_shot_001_000,sync_d,mouth,7.323404
16,0.913733,eb79a85e6b928add93a5fbf5168af5ac_shot_001_000,sync_c,mouth,8.081452
17,0.906344,eb79a85e6b928add93a5fbf5168af5ac_shot_001_000,pixel_mse,mouth,0.00242059
17,0.906344,eb79a85e6b928add93a5fbf5168af5ac_shot_001_000,pixel_mse,upper_face,0.00012570
17,0.906344,eb79a85e6b928add93a5fbf5168af5ac_shot_001_000,pixel_mse,full,0.00105972
17,0.906344,eb79a85e6b928add93a5fbf5168af5ac_shot_001_000,ssim,mouth,0.86934382
17,0.906344,eb79a85e6b928add93a5fbf5168af5ac_shot_001_000,ssim,upper_face,0.96786577
17,0.906344,eb79a85e6b928add93a5fbf5168af5ac_shot_001_000,ssim,full,0.92776746
17,0.906344,eb79a85e6b928add93a5fbf5168af5ac_shot_001_000,lpips,mouth,0.10962676
17,0.906344,eb79a85e6b928add93a5fbf5168af5ac_shot_001_000,lpips,full,0.06919770
17,0.906344,eb79a85e6b928add93a5fbf5168af5ac_shot_001_000,sharpness,mouth,16.5753
17,0.906344,eb79a85e6b928add93a5fbf5168af5ac_shot_001_000,lmd,mouth,3.008458
17,0.906344,eb79a85e6b928add93a5fbf5168af5ac_shot_001_000,sync_d,mouth,7.293674
17,0.906344,eb79a85e6b928add93a5fbf5168af5ac_shot_001_000,sync_c,mouth,8.016732
18,0.898624,eb79a85e6b928add93a5fbf5168af5ac_shot_001_000,pixel_mse,mouth,0.00235183
18,0.898624,eb79a85e6b928add93a5fbf5168af5ac_shot_001_000,pixel_mse,upper_face,0.00012663
18,0.898624,eb79a85e6b928add93a5fbf5168af5ac_shot_001_000,pixel_mse,full,0.00103228
18,0.898624,eb79a85e6b928add93a5fbf5168af5ac_shot_001_000,ssim,mouth,0.87061912
18,0.898624,eb79a85e6b928add93a5fbf5168af5ac_shot_001_000,ssim,upper_face,0.96788919
18,0.898624,eb79a85e6b928add93a5fbf5168af5ac_shot_001_000,ssim,full,0.92830056
18,0.898624,eb79a85e6b928add93a5fbf5168af5ac_shot_001_000,lpips,mouth,0.10866766
18,0.898624,eb79a85e6b928add93a5fbf5168af5ac_shot_001_000,lpips,full,0.06834511
18,0.898624,eb79a85e6b928add93a5fbf5168af5ac_shot_001_000,sharpness,mouth,16.3884
18,0.898624,eb79a85e6b928add93a5fbf5168af5ac_shot_001_000,lmd,mouth,2.947199
18,0.898624,eb79a85e6b928add93a5fbf5168af5ac_shot_001_000,sync_d,mouth,7.282267
18,0.898624,eb79a85e6b928add93a5fbf5168af5ac_shot_001_000,sync_c,mouth,8.031307
19,0.890548,eb79a85e6b928add93a5fbf5168af5ac_shot_001_000,pixel_mse,mouth,0.00230425
19,0.890548,eb79a85e6b928add93a5fbf5168af5ac_shot_001_000,pixel_mse,upper_face,0.00012425
19,0.890548,eb79a85e6b928add93a5fbf5168af5ac_shot_001_000,pixel_mse,full,0.00101150
19,0.890548,eb79a85e6b928add93a5fbf5168af5ac_shot_001_000,ssim,mouth,0.87176514
19,0.890548,eb79a85e6b928add93a5fbf5168af5ac_shot_001_000,ssim,upper_face,0.96802735
19,0.890548,eb79a85e6b928add93a5fbf5168af5ac_shot_001_000,ssim,full,0.92884892
19,0.890548,eb79a85e6b928add93a5fbf5168af5ac_shot_001_000,lpips,mouth,0.10879344
19,0.890548,eb79a85e6b928add93a5fbf5168af5ac_shot_001_000,lpips,full,0.06841243
19,0.890548,eb79a85e6b928add93a5fbf5168af5ac_shot_001_000,sharpness,mouth,16.2313
19,0.890548,eb79a85e6b928add93a5fbf5168af5ac_shot_001_000,lmd,mouth,2.963141
19,0.890548,eb79a85e6b928add93a5fbf5168af5ac_shot_001_000,sync_d,mouth,7.279282
19,0.890548,eb79a85e6b928add93a5fbf5168af5ac_shot_001_000,sync_c,mouth,8.028428
20,0.882093,eb79a85e6b928add93a5fbf5168af5ac_shot_001_000,pixel_mse,mouth,0.00226731
20,0.882093,eb79a85e6b928add93a5fbf5168af5ac_shot_001_000,pixel_mse,upper_face,0.00012337
20,0.882093,eb79a85e6b928add93a5fbf5168af5ac_shot_001_000,pixel_mse,full,0.00099595
20,0.882093,eb79a85e6b928add93a5fbf5168af5ac_shot_001_000,ssim,mouth,0.87191224
20,0.882093,eb79a85e6b928add93a5fbf5168af5ac_shot_001_000,ssim,upper_face,0.96828115
20,0.882093,eb79a85e6b928add93a5fbf5168af5ac_shot_001_000,ssim,full,0.92905915
20,0.882093,eb79a85e6b928add93a5fbf5168af5ac_shot_001_000,lpips,mouth,0.10926346
20,0.882093,eb79a85e6b928add93a5fbf5168af5ac_shot_001_000,lpips,full,0.06838612
20,0.882093,eb79a85e6b928add93a5fbf5168af5ac_shot_001_000,sharpness,mouth,16.0975
20,0.882093,eb79a85e6b928add93a5fbf5168af5ac_shot_001_000,lmd,mouth,2.930438
20,0.882093,eb79a85e6b928add93a5fbf5168af5ac_shot_001_000,sync_d,mouth,7.528489
20,0.882093,eb79a85e6b928add93a5fbf5168af5ac_shot_001_000,sync_c,mouth,7.875177
21,0.873231,eb79a85e6b928add93a5fbf5168af5ac_shot_001_000,pixel_mse,mouth,0.00221085
21,0.873231,eb79a85e6b928add93a5fbf5168af5ac_shot_001_000,pixel_mse,upper_face,0.00012179
21,0.873231,eb79a85e6b928add93a5fbf5168af5ac_shot_001_000,pixel_mse,full,0.00097203
21,0.873231,eb79a85e6b928add93a5fbf5168af5ac_shot_001_000,ssim,mouth,0.87331796
21,0.873231,eb79a85e6b928add93a5fbf5168af5ac_shot_001_000,ssim,upper_face,0.96832407
21,0.873231,eb79a85e6b928add93a5fbf5168af5ac_shot_001_000,ssim,full,0.92965680
21,0.873231,eb79a85e6b928add93a5fbf5168af5ac_shot_001_000,lpips,mouth,0.10831919
21,0.873231,eb79a85e6b928add93a5fbf5168af5ac_shot_001_000,lpips,full,0.06788113
21,0.873231,eb79a85e6b928add93a5fbf5168af5ac_shot_001_000,sharpness,mouth,16.0889
21,0.873231,eb79a85e6b928add93a5fbf5168af5ac_shot_001_000,lmd,mouth,2.976481
21,0.873231,eb79a85e6b928add93a5fbf5168af5ac_shot_001_000,sync_d,mouth,7.422385
21,0.873231,eb79a85e6b928add93a5fbf5168af5ac_shot_001_000,sync_c,mouth,7.998479
22,0.863931,eb79a85e6b928add93a5fbf5168af5ac_shot_001_000,pixel_mse,mouth,0.00217132
22,0.863931,eb79a85e6b928add93a5fbf5168af5ac_shot_001_000,pixel_mse,upper_face,0.00012159
22,0.863931,eb79a85e6b928add93a5fbf5168af5ac_shot_001_000,pixel_mse,full,0.00095583
22,0.863931,eb79a85e6b928add93a5fbf5168af5ac_shot_001_000,ssim,mouth,0.87402105
22,0.863931,eb79a85e6b928add93a5fbf5168af5ac_shot_001_000,ssim,upper_face,0.96846884
22,0.863931,eb79a85e6b928add93a5fbf5168af5ac_shot_001_000,ssim,full,0.93002886
22,0.863931,eb79a85e6b928add93a5fbf5168af5ac_shot_001_000,lpips,mouth,0.10862255
22,0.863931,eb79a85e6b928add93a5fbf5168af5ac_shot_001_000,lpips,full,0.06812437
22,0.863931,eb79a85e6b928add93a5fbf5168af5ac_shot_001_000,sharpness,mouth,16.0217
22,0.863931,eb79a85e6b928add93a5fbf5168af5ac_shot_001_000,lmd,mouth,3.004953
22,0.863931,eb79a85e6b928add93a5fbf5168af5ac_shot_001_000,sync_d,mouth,7.418733
22,0.863931,eb79a85e6b928add93a5fbf5168af5ac_shot_001_000,sync_c,mouth,7.992439
23,0.854160,eb79a85e6b928add93a5fbf5168af5ac_shot_001_000,pixel_mse,mouth,0.00218971
23,0.854160,eb79a85e6b928add93a5fbf5168af5ac_shot_001_000,pixel_mse,upper_face,0.00012131
23,0.854160,eb79a85e6b928add93a5fbf5168af5ac_shot_001_000,pixel_mse,full,0.00096315
23,0.854160,eb79a85e6b928add93a5fbf5168af5ac_shot_001_000,ssim,mouth,0.87417436
23,0.854160,eb79a85e6b928add93a5fbf5168af5ac_shot_001_000,ssim,upper_face,0.96856856
23,0.854160,eb79a85e6b928add93a5fbf5168af5ac_shot_001_000,ssim,full,0.93015033
23,0.854160,eb79a85e6b928add93a5fbf5168af5ac_shot_001_000,lpips,mouth,0.10848587
23,0.854160,eb79a85e6b928add93a5fbf5168af5ac_shot_001_000,lpips,full,0.06791806
23,0.854160,eb79a85e6b928add93a5fbf5168af5ac_shot_001_000,sharpness,mouth,16.0098
23,0.854160,eb79a85e6b928add93a5fbf5168af5ac_shot_001_000,lmd,mouth,3.043146
23,0.854160,eb79a85e6b928add93a5fbf5168af5ac_shot_001_000,sync_d,mouth,7.626975
23,0.854160,eb79a85e6b928add93a5fbf5168af5ac_shot_001_000,sync_c,mouth,7.897738
24,0.843882,eb79a85e6b928add93a5fbf5168af5ac_shot_001_000,pixel_mse,mouth,0.00221218
24,0.843882,eb79a85e6b928add93a5fbf5168af5ac_shot_001_000,pixel_mse,upper_face,0.00012081
24,0.843882,eb79a85e6b928add93a5fbf5168af5ac_shot_001_000,pixel_mse,full,0.00097199
24,0.843882,eb79a85e6b928add93a5fbf5168af5ac_shot_001_000,ssim,mouth,0.87369257
24,0.843882,eb79a85e6b928add93a5fbf5168af5ac_shot_001_000,ssim,upper_face,0.96868038
24,0.843882,eb79a85e6b928add93a5fbf5168af5ac_shot_001_000,ssim,full,0.93002045
24,0.843882,eb79a85e6b928add93a5fbf5168af5ac_shot_001_000,lpips,mouth,0.10844786
24,0.843882,eb79a85e6b928add93a5fbf5168af5ac_shot_001_000,lpips,full,0.06792825
24,0.843882,eb79a85e6b928add93a5fbf5168af5ac_shot_001_000,sharpness,mouth,16.0526
24,0.843882,eb79a85e6b928add93a5fbf5168af5ac_shot_001_000,lmd,mouth,3.012886
24,0.843882,eb79a85e6b928add93a5fbf5168af5ac_shot_001_000,sync_d,mouth,7.601095
24,0.843882,eb79a85e6b928add93a5fbf5168af5ac_shot_001_000,sync_c,mouth,7.895579
25,0.833055,eb79a85e6b928add93a5fbf5168af5ac_shot_001_000,pixel_mse,mouth,0.00218355
25,0.833055,eb79a85e6b928add93a5fbf5168af5ac_shot_001_000,pixel_mse,upper_face,0.00011914
25,0.833055,eb79a85e6b928add93a5fbf5168af5ac_shot_001_000,pixel_mse,full,0.00095935
25,0.833055,eb79a85e6b928add93a5fbf5168af5ac_shot_001_000,ssim,mouth,0.87387699
25,0.833055,eb79a85e6b928add93a5fbf5168af5ac_shot_001_000,ssim,upper_face,0.96884125
25,0.833055,eb79a85e6b928add93a5fbf5168af5ac_shot_001_000,ssim,full,0.93019104
25,0.833055,eb79a85e6b928add93a5fbf5168af5ac_shot_001_000,lpips,mouth,0.10824838
25,0.833055,eb79a85e6b928add93a5fbf5168af5ac_shot_001_000,lpips,full,0.06781283
25,0.833055,eb79a85e6b928add93a5fbf5168af5ac_shot_001_000,sharpness,mouth,15.9693
25,0.833055,eb79a85e6b928add93a5fbf5168af5ac_shot_001_000,lmd,mouth,3.006887
25,0.833055,eb79a85e6b928add93a5fbf5168af5ac_shot_001_000,sync_d,mouth,7.659294
25,0.833055,eb79a85e6b928add93a5fbf5168af5ac_shot_001_000,sync_c,mouth,7.833324
26,0.821636,eb79a85e6b928add93a5fbf5168af5ac_shot_001_000,pixel_mse,mouth,0.00220090
26,0.821636,eb79a85e6b928add93a5fbf5168af5ac_shot_001_000,pixel_mse,upper_face,0.00011822
26,0.821636,eb79a85e6b928add93a5fbf5168af5ac_shot_001_000,pixel_mse,full,0.00096587
26,0.821636,eb79a85e6b928add93a5fbf5168af5ac_shot_001_000,ssim,mouth,0.87355608
26,0.821636,eb79a85e6b928add93a5fbf5168af5ac_shot_001_000,ssim,upper_face,0.96897399
26,0.821636,eb79a85e6b928add93a5fbf5168af5ac_shot_001_000,ssim,full,0.93013912
26,0.821636,eb79a85e6b928add93a5fbf5168af5ac_shot_001_000,lpips,mouth,0.10864582
26,0.821636,eb79a85e6b928add93a5fbf5168af5ac_shot_001_000,lpips,full,0.06776379
26,0.821636,eb79a85e6b928add93a5fbf5168af5ac_shot_001_000,sharpness,mouth,15.9958
26,0.821636,eb79a85e6b928add93a5fbf5168af5ac_shot_001_000,lmd,mouth,3.020029
26,0.821636,eb79a85e6b928add93a5fbf5168af5ac_shot_001_000,sync_d,mouth,7.660807
26,0.821636,eb79a85e6b928add93a5fbf5168af5ac_shot_001_000,sync_c,mouth,7.741460
27,0.809574,eb79a85e6b928add93a5fbf5168af5ac_shot_001_000,pixel_mse,mouth,0.00212939
27,0.809574,eb79a85e6b928add93a5fbf5168af5ac_shot_001_000,pixel_mse,upper_face,0.00011773
27,0.809574,eb79a85e6b928add93a5fbf5168af5ac_shot_001_000,pixel_mse,full,0.00093647
27,0.809574,eb79a85e6b928add93a5fbf5168af5ac_shot_001_000,ssim,mouth,0.87369961
27,0.809574,eb79a85e6b928add93a5fbf5168af5ac_shot_001_000,ssim,upper_face,0.96900970
27,0.809574,eb79a85e6b928add93a5fbf5168af5ac_shot_001_000,ssim,full,0.93021876
27,0.809574,eb79a85e6b928add93a5fbf5168af5ac_shot_001_000,lpips,mouth,0.10781022
27,0.809574,eb79a85e6b928add93a5fbf5168af5ac_shot_001_000,lpips,full,0.06732975
27,0.809574,eb79a85e6b928add93a5fbf5168af5ac_shot_001_000,sharpness,mouth,15.9324
27,0.809574,eb79a85e6b928add93a5fbf5168af5ac_shot_001_000,lmd,mouth,2.959677
27,0.809574,eb79a85e6b928add93a5fbf5168af5ac_shot_001_000,sync_d,mouth,7.832948
27,0.809574,eb79a85e6b928add93a5fbf5168af5ac_shot_001_000,sync_c,mouth,7.717453
28,0.796812,eb79a85e6b928add93a5fbf5168af5ac_shot_001_000,pixel_mse,mouth,0.00206550
28,0.796812,eb79a85e6b928add93a5fbf5168af5ac_shot_001_000,pixel_mse,upper_face,0.00011541
28,0.796812,eb79a85e6b928add93a5fbf5168af5ac_shot_001_000,pixel_mse,full,0.00090910
28,0.796812,eb79a85e6b928add93a5fbf5168af5ac_shot_001_000,ssim,mouth,0.87426388
28,0.796812,eb79a85e6b928add93a5fbf5168af5ac_shot_001_000,ssim,upper_face,0.96919101
28,0.796812,eb79a85e6b928add93a5fbf5168af5ac_shot_001_000,ssim,full,0.93055594
28,0.796812,eb79a85e6b928add93a5fbf5168af5ac_shot_001_000,lpips,mouth,0.10728645
28,0.796812,eb79a85e6b928add93a5fbf5168af5ac_shot_001_000,lpips,full,0.06688187
28,0.796812,eb79a85e6b928add93a5fbf5168af5ac_shot_001_000,sharpness,mouth,15.8533
28,0.796812,eb79a85e6b928add93a5fbf5168af5ac_shot_001_000,lmd,mouth,2.856943
28,0.796812,eb79a85e6b928add93a5fbf5168af5ac_shot_001_000,sync_d,mouth,7.886154
28,0.796812,eb79a85e6b928add93a5fbf5168af5ac_shot_001_000,sync_c,mouth,7.684653
29,0.783290,eb79a85e6b928add93a5fbf5168af5ac_shot_001_000,pixel_mse,mouth,0.00205422
29,0.783290,eb79a85e6b928add93a5fbf5168af5ac_shot_001_000,pixel_mse,upper_face,0.00011499
29,0.783290,eb79a85e6b928add93a5fbf5168af5ac_shot_001_000,pixel_mse,full,0.00090425
29,0.783290,eb79a85e6b928add93a5fbf5168af5ac_shot_001_000,ssim,mouth,0.87401921
29,0.783290,eb79a85e6b928add93a5fbf5168af5ac_shot_001_000,ssim,upper_face,0.96930975
29,0.783290,eb79a85e6b928add93a5fbf5168af5ac_shot_001_000,ssim,full,0.93052673
29,0.783290,eb79a85e6b928add93a5fbf5168af5ac_shot_001_000,lpips,mouth,0.10737019
29,0.783290,eb79a85e6b928add93a5fbf5168af5ac_shot_001_000,lpips,full,0.06680903
29,0.783290,eb79a85e6b928add93a5fbf5168af5ac_shot_001_000,sharpness,mouth,15.8720
29,0.783290,eb79a85e6b928add93a5fbf5168af5ac_shot_001_000,lmd,mouth,2.886333
29,0.783290,eb79a85e6b928add93a5fbf5168af5ac_shot_001_000,sync_d,mouth,7.938408
29,0.783290,eb79a85e6b928add93a5fbf5168af5ac_shot_001_000,sync_c,mouth,7.609503
30,0.768935,eb79a85e6b928add93a5fbf5168af5ac_shot_001_000,pixel_mse,mouth,0.00204633
30,0.768935,eb79a85e6b928add93a5fbf5168af5ac_shot_001_000,pixel_mse,upper_face,0.00011306
30,0.768935,eb79a85e6b928add93a5fbf5168af5ac_shot_001_000,pixel_mse,full,0.00089990
30,0.768935,eb79a85e6b928add93a5fbf5168af5ac_shot_001_000,ssim,mouth,0.87406325
30,0.768935,eb79a85e6b928add93a5fbf5168af5ac_shot_001_000,ssim,upper_face,0.96943420
30,0.768935,eb79a85e6b928add93a5fbf5168af5ac_shot_001_000,ssim,full,0.93061858
30,0.768935,eb79a85e6b928add93a5fbf5168af5ac_shot_001_000,lpips,mouth,0.10755824
30,0.768935,eb79a85e6b928add93a5fbf5168af5ac_shot_001_000,lpips,full,0.06684858
30,0.768935,eb79a85e6b928add93a5fbf5168af5ac_shot_001_000,sharpness,mouth,15.9107
30,0.768935,eb79a85e6b928add93a5fbf5168af5ac_shot_001_000,lmd,mouth,2.843949
30,0.768935,eb79a85e6b928add93a5fbf5168af5ac_shot_001_000,sync_d,mouth,8.044353
30,0.768935,eb79a85e6b928add93a5fbf5168af5ac_shot_001_000,sync_c,mouth,7.686620
31,0.753669,eb79a85e6b928add93a5fbf5168af5ac_shot_001_000,pixel_mse,mouth,0.00204750
31,0.753669,eb79a85e6b928add93a5fbf5168af5ac_shot_001_000,pixel_mse,upper_face,0.00011221
31,0.753669,eb79a85e6b928add93a5fbf5168af5ac_shot_001_000,pixel_mse,full,0.00089987
31,0.753669,eb79a85e6b928add93a5fbf5168af5ac_shot_001_000,ssim,mouth,0.87367898
31,0.753669,eb79a85e6b928add93a5fbf5168af5ac_shot_001_000,ssim,upper_face,0.96965867
31,0.753669,eb79a85e6b928add93a5fbf5168af5ac_shot_001_000,ssim,full,0.93059510
31,0.753669,eb79a85e6b928add93a5fbf5168af5ac_shot_001_000,lpips,mouth,0.10740497
31,0.753669,eb79a85e6b928add93a5fbf5168af5ac_shot_001_000,lpips,full,0.06661747
31,0.753669,eb79a85e6b928add93a5fbf5168af5ac_shot_001_000,sharpness,mouth,15.8900
31,0.753669,eb79a85e6b928add93a5fbf5168af5ac_shot_001_000,lmd,mouth,2.849459
31,0.753669,eb79a85e6b928add93a5fbf5168af5ac_shot_001_000,sync_d,mouth,7.936743
31,0.753669,eb79a85e6b928add93a5fbf5168af5ac_shot_001_000,sync_c,mouth,7.657332
32,0.737402,eb79a85e6b928add93a5fbf5168af5ac_shot_001_000,pixel_mse,mouth,0.00205893
32,0.737402,eb79a85e6b928add93a5fbf5168af5ac_shot_001_000,pixel_mse,upper_face,0.00011225
32,0.737402,eb79a85e6b928add93a5fbf5168af5ac_shot_001_000,pixel_mse,full,0.00090454
32,0.737402,eb79a85e6b928add93a5fbf5168af5ac_shot_001_000,ssim,mouth,0.87307626
32,0.737402,eb79a85e6b928add93a5fbf5168af5ac_shot_001_000,ssim,upper_face,0.96963513
32,0.737402,eb79a85e6b928add93a5fbf5168af5ac_shot_001_000,ssim,full,0.93033588
32,0.737402,eb79a85e6b928add93a5fbf5168af5ac_shot_001_000,lpips,mouth,0.10770909
32,0.737402,eb79a85e6b928add93a5fbf5168af5ac_shot_001_000,lpips,full,0.06682701
32,0.737402,eb79a85e6b928add93a5fbf5168af5ac_shot_001_000,sharpness,mouth,15.9020
32,0.737402,eb79a85e6b928add93a5fbf5168af5ac_shot_001_000,lmd,mouth,2.874450
32,0.737402,eb79a85e6b928add93a5fbf5168af5ac_shot_001_000,sync_d,mouth,7.849451
32,0.737402,eb79a85e6b928add93a5fbf5168af5ac_shot_001_000,sync_c,mouth,7.881044
33,0.720034,eb79a85e6b928add93a5fbf5168af5ac_shot_001_000,pixel_mse,mouth,0.00206188
33,0.720034,eb79a85e6b928add93a5fbf5168af5ac_shot_001_000,pixel_mse,upper_face,0.00011138
33,0.720034,eb79a85e6b928add93a5fbf5168af5ac_shot_001_000,pixel_mse,full,0.00090523
33,0.720034,eb79a85e6b928add93a5fbf5168af5ac_shot_001_000,ssim,mouth,0.87308598
33,0.720034,eb79a85e6b928add93a5fbf5168af5ac_shot_001_000,ssim,upper_face,0.96976417
33,0.720034,eb79a85e6b928add93a5fbf5168af5ac_shot_001_000,ssim,full,0.93041635
33,0.720034,eb79a85e6b928add93a5fbf5168af5ac_shot_001_000,lpips,mouth,0.10694008
33,0.720034,eb79a85e6b928add93a5fbf5168af5ac_shot_001_000,lpips,full,0.06624690
33,0.720034,eb79a85e6b928add93a5fbf5168af5ac_shot_001_000,sharpness,mouth,15.9731
33,0.720034,eb79a85e6b928add93a5fbf5168af5ac_shot_001_000,lmd,mouth,2.854483
33,0.720034,eb79a85e6b928add93a5fbf5168af5ac_shot_001_000,sync_d,mouth,7.888260
33,0.720034,eb79a85e6b928add93a5fbf5168af5ac_shot_001_000,sync_c,mouth,7.744244
34,0.701446,eb79a85e6b928add93a5fbf5168af5ac_shot_001_000,pixel_mse,mouth,0.00206972
34,0.701446,eb79a85e6b928add93a5fbf5168af5ac_shot_001_000,pixel_mse,upper_face,0.00011159
34,0.701446,eb79a85e6b928add93a5fbf5168af5ac_shot_001_000,pixel_mse,full,0.00090854
34,0.701446,eb79a85e6b928add93a5fbf5168af5ac_shot_001_000,ssim,mouth,0.87252402
34,0.701446,eb79a85e6b928add93a5fbf5168af5ac_shot_001_000,ssim,upper_face,0.96992153
34,0.701446,eb79a85e6b928add93a5fbf5168af5ac_shot_001_000,ssim,full,0.93028110
34,0.701446,eb79a85e6b928add93a5fbf5168af5ac_shot_001_000,lpips,mouth,0.10651197
34,0.701446,eb79a85e6b928add93a5fbf5168af5ac_shot_001_000,lpips,full,0.06602678
34,0.701446,eb79a85e6b928add93a5fbf5168af5ac_shot_001_000,sharpness,mouth,15.8930
34,0.701446,eb79a85e6b928add93a5fbf5168af5ac_shot_001_000,lmd,mouth,2.912950
34,0.701446,eb79a85e6b928add93a5fbf5168af5ac_shot_001_000,sync_d,mouth,7.975844
34,0.701446,eb79a85e6b928add93a5fbf5168af5ac_shot_001_000,sync_c,mouth,7.769073
35,0.681508,eb79a85e6b928add93a5fbf5168af5ac_shot_001_000,pixel_mse,mouth,0.00209375
35,0.681508,eb79a85e6b928add93a5fbf5168af5ac_shot_001_000,pixel_mse,upper_face,0.00011086
35,0.681508,eb79a85e6b928add93a5fbf5168af5ac_shot_001_000,pixel_mse,full,0.00091789
35,0.681508,eb79a85e6b928add93a5fbf5168af5ac_shot_001_000,ssim,mouth,0.87187564
35,0.681508,eb79a85e6b928add93a5fbf5168af5ac_shot_001_000,ssim,upper_face,0.97007054
35,0.681508,eb79a85e6b928add93a5fbf5168af5ac_shot_001_000,ssim,full,0.93010545
35,0.681508,eb79a85e6b928add93a5fbf5168af5ac_shot_001_000,lpips,mouth,0.10692956
35,0.681508,eb79a85e6b928add93a5fbf5168af5ac_shot_001_000,lpips,full,0.06619954
35,0.681508,eb79a85e6b928add93a5fbf5168af5ac_shot_001_000,sharpness,mouth,15.9285
35,0.681508,eb79a85e6b928add93a5fbf5168af5ac_shot_001_000,lmd,mouth,2.903651
35,0.681508,eb79a85e6b928add93a5fbf5168af5ac_shot_001_000,sync_d,mouth,7.966434
35,0.681508,eb79a85e6b928add93a5fbf5168af5ac_shot_001_000,sync_c,mouth,7.720547
36,0.660066,eb79a85e6b928add93a5fbf5168af5ac_shot_001_000,pixel_mse,mouth,0.00209887
36,0.660066,eb79a85e6b928add93a5fbf5168af5ac_shot_001_000,pixel_mse,upper_face,0.00011012
36,0.660066,eb79a85e6b928add93a5fbf5168af5ac_shot_001_000,pixel_mse,full,0.00091954
36,0.660066,eb79a85e6b928add93a5fbf5168af5ac_shot_001_000,ssim,mouth,0.87150884
36,0.660066,eb79a85e6b928add93a5fbf5168af5ac_shot_001_000,ssim,upper_face,0.97026223
36,0.660066,eb79a85e6b928add93a5fbf5168af5ac_shot_001_000,ssim,full,0.93006980
36,0.660066,eb79a85e6b928add93a5fbf5168af5ac_shot_001_000,lpips,mouth,0.10696214
36,0.660066,eb79a85e6b928add93a5fbf5168af5ac_shot_001_000,lpips,full,0.06619082
36,0.660066,eb79a85e6b928add93a5fbf5168af5ac_shot_001_000,sharpness,mouth,15.8804
36,0.660066,eb79a85e6b928add93a5fbf5168af5ac_shot_001_000,lmd,mouth,2.894830
36,0.660066,eb79a85e6b928add93a5fbf5168af5ac_shot_001_000,sync_d,mouth,7.970356
36,0.660066,eb79a85e6b928add93a5fbf5168af5ac_shot_001_000,sync_c,mouth,7.737100
37,0.636942,eb79a85e6b928add93a5fbf5168af5ac_shot_001_000,pixel_mse,mouth,0.00212432
37,0.636942,eb79a85e6b928add93a5fbf5168af5ac_shot_001_000,pixel_mse,upper_face,0.00010988
37,0.636942,eb79a85e6b928add93a5fbf5168af5ac_shot_001_000,pixel_mse,full,0.00092975
37,0.636942,eb79a85e6b928add93a5fbf5168af5ac_shot_001_000,ssim,mouth,0.87055159
37,0.636942,eb79a85e6b928add93a5fbf5168af5ac_shot_001_000,ssim,upper_face,0.97030801
37,0.636942,eb79a85e6b928add93a5fbf5168af5ac_shot_001_000,ssim,full,0.92970735
37,0.636942,eb79a85e6b928add93a5fbf5168af5ac_shot_001_000,lpips,mouth,0.10634639
37,0.636942,eb79a85e6b928add93a5fbf5168af5ac_shot_001_000,lpips,full,0.06584656
37,0.636942,eb79a85e6b928add93a5fbf5168af5ac_shot_001_000,sharpness,mouth,15.8884
37,0.636942,eb79a85e6b928add93a5fbf5168af5ac_shot_001_000,lmd,mouth,2.912143
37,0.636942,eb79a85e6b928add93a5fbf5168af5ac_shot_001_000,sync_d,mouth,7.799788
37,0.636942,eb79a85e6b928add93a5fbf5168af5ac_shot_001_000,sync_c,mouth,7.855970
38,0.611932,eb79a85e6b928add93a5fbf5168af5ac_shot_001_000,pixel_mse,mouth,0.00213986
38,0.611932,eb79a85e6b928add93a5fbf5168af5ac_shot_001_000,pixel_mse,upper_face,0.00010873
38,0.611932,eb79a85e6b928add93a5fbf5168af5ac_shot_001_000,pixel_mse,full,0.00093540
38,0.611932,eb79a85e6b928add93a5fbf5168af5ac_shot_001_000,ssim,mouth,0.87020177
38,0.611932,eb79a85e6b928add93a5fbf5168af5ac_shot_001_000,ssim,upper_face,0.97042722
38,0.611932,eb79a85e6b928add93a5fbf5168af5ac_shot_001_000,ssim,full,0.92963570
38,0.611932,eb79a85e6b928add93a5fbf5168af5ac_shot_001_000,lpips,mouth,0.10620402
38,0.611932,eb79a85e6b928add93a5fbf5168af5ac_shot_001_000,lpips,full,0.06581739
38,0.611932,eb79a85e6b928add93a5fbf5168af5ac_shot_001_000,sharpness,mouth,15.8992
38,0.611932,eb79a85e6b928add93a5fbf5168af5ac_shot_001_000,lmd,mouth,2.947751
38,0.611932,eb79a85e6b928add93a5fbf5168af5ac_shot_001_000,sync_d,mouth,7.881890
38,0.611932,eb79a85e6b928add93a5fbf5168af5ac_shot_001_000,sync_c,mouth,7.718370
39,0.584795,eb79a85e6b928add93a5fbf5168af5ac_shot_001_000,pixel_mse,mouth,0.00214841
39,0.584795,eb79a85e6b928add93a5fbf5168af5ac_shot_001_000,pixel_mse,upper_face,0.00010967
39,0.584795,eb79a85e6b928add93a5fbf5168af5ac_shot_001_000,pixel_mse,full,0.00093944
39,0.584795,eb79a85e6b928add93a5fbf5168af5ac_shot_001_000,ssim,mouth,0.86935359
39,0.584795,eb79a85e6b928add93a5fbf5168af5ac_shot_001_000,ssim,upper_face,0.97056186
39,0.584795,eb79a85e6b928add93a5fbf5168af5ac_shot_001_000,ssim,full,0.92937028
39,0.584795,eb79a85e6b928add93a5fbf5168af5ac_shot_001_000,lpips,mouth,0.10558414
39,0.584795,eb79a85e6b928add93a5fbf5168af5ac_shot_001_000,lpips,full,0.06560466
39,0.584795,eb79a85e6b928add93a5fbf5168af5ac_shot_001_000,sharpness,mouth,15.9553
39,0.584795,eb79a85e6b928add93a5fbf5168af5ac_shot_001_000,lmd,mouth,2.943214
39,0.584795,eb79a85e6b928add93a5fbf5168af5ac_shot_001_000,sync_d,mouth,7.890566
39,0.584795,eb79a85e6b928add93a5fbf5168af5ac_shot_001_000,sync_c,mouth,7.773759
40,0.555247,eb79a85e6b928add93a5fbf5168af5ac_shot_001_000,pixel_mse,mouth,0.00215563
40,0.555247,eb79a85e6b928add93a5fbf5168af5ac_shot_001_000,pixel_mse,upper_face,0.00010807
40,0.555247,eb79a85e6b928add93a5fbf5168af5ac_shot_001_000,pixel_mse,full,0.00094142
40,0.555247,eb79a85e6b928add93a5fbf5168af5ac_shot_001_000,ssim,mouth,0.86887032
40,0.555247,eb79a85e6b928add93a5fbf5168af5ac_shot_001_000,ssim,upper_face,0.97075117
40,0.555247,eb79a85e6b928add93a5fbf5168af5ac_shot_001_000,ssim,full,0.92928606
40,0.555247,eb79a85e6b928add93a5fbf5168af5ac_shot_001_000,lpips,mouth,0.10533769
40,0.555247,eb79a85e6b928add93a5fbf5168af5ac_shot_001_000,lpips,full,0.06543349
40,0.555247,eb79a85e6b928add93a5fbf5168af5ac_shot_001_000,sharpness,mouth,15.9391
40,0.555247,eb79a85e6b928add93a5fbf5168af5ac_shot_001_000,lmd,mouth,2.894574
40,0.555247,eb79a85e6b928add93a5fbf5168af5ac_shot_001_000,sync_d,mouth,7.991470
40,0.555247,eb79a85e6b928add93a5fbf5168af5ac_shot_001_000,sync_c,mouth,7.612764
41,0.522951,eb79a85e6b928add93a5fbf5168af5ac_shot_001_000,pixel_mse,mouth,0.00217855
41,0.522951,eb79a85e6b928add93a5fbf5168af5ac_shot_001_000,pixel_mse,upper_face,0.00010744
41,0.522951,eb79a85e6b928add93a5fbf5168af5ac_shot_001_000,pixel_mse,full,0.00095038
41,0.522951,eb79a85e6b928add93a5fbf5168af5ac_shot_001_000,ssim,mouth,0.86780858
41,0.522951,eb79a85e6b928add93a5fbf5168af5ac_shot_001_000,ssim,upper_face,0.97092229
41,0.522951,eb79a85e6b928add93a5fbf5168af5ac_shot_001_000,ssim,full,0.92895526
41,0.522951,eb79a85e6b928add93a5fbf5168af5ac_shot_001_000,lpips,mouth,0.10567931
41,0.522951,eb79a85e6b928add93a5fbf5168af5ac_shot_001_000,lpips,full,0.06541463
41,0.522951,eb79a85e6b928add93a5fbf5168af5ac_shot_001_000,sharpness,mouth,16.0578
41,0.522951,eb79a85e6b928add93a5fbf5168af5ac_shot_001_000,lmd,mouth,2.933549
41,0.522951,eb79a85e6b928add93a5fbf5168af5ac_shot_001_000,sync_d,mouth,7.956929
41,0.522951,eb79a85e6b928add93a5fbf5168af5ac_shot_001_000,sync_c,mouth,7.655516
42,0.487507,eb79a85e6b928add93a5fbf5168af5ac_shot_001_000,pixel_mse,mouth,0.00220501
42,0.487507,eb79a85e6b928add93a5fbf5168af5ac_shot_001_000,pixel_mse,upper_face,0.00010745
42,0.487507,eb79a85e6b928add93a5fbf5168af5ac_shot_001_000,pixel_mse,full,0.00096115
42,0.487507,eb79a85e6b928add93a5fbf5168af5ac_shot_001_000,ssim,mouth,0.86680216
42,0.487507,eb79a85e6b928add93a5fbf5168af5ac_shot_001_000,ssim,upper_face,0.97105217
42,0.487507,eb79a85e6b928add93a5fbf5168af5ac_shot_001_000,ssim,full,0.92862278
42,0.487507,eb79a85e6b928add93a5fbf5168af5ac_shot_001_000,lpips,mouth,0.10483145
42,0.487507,eb79a85e6b928add93a5fbf5168af5ac_shot_001_000,lpips,full,0.06499314
42,0.487507,eb79a85e6b928add93a5fbf5168af5ac_shot_001_000,sharpness,mouth,16.0543
42,0.487507,eb79a85e6b928add93a5fbf5168af5ac_shot_001_000,lmd,mouth,2.979638
42,0.487507,eb79a85e6b928add93a5fbf5168af5ac_shot_001_000,sync_d,mouth,7.890111
42,0.487507,eb79a85e6b928add93a5fbf5168af5ac_shot_001_000,sync_c,mouth,7.658189
43,0.448430,eb79a85e6b928add93a5fbf5168af5ac_shot_001_000,pixel_mse,mouth,0.00223466
43,0.448430,eb79a85e6b928add93a5fbf5168af5ac_shot_001_000,pixel_mse,upper_face,0.00010489
43,0.448430,eb79a85e6b928add93a5fbf5168af5ac_shot_001_000,pixel_mse,full,0.00097170
43,0.448430,eb79a85e6b928add93a5fbf5168af5ac_shot_001_000,ssim,mouth,0.86574781
43,0.448430,eb79a85e6b928add93a5fbf5168af5ac_shot_001_000,ssim,upper_face,0.97132045
43,0.448430,eb79a85e6b928add93a5fbf5168af5ac_shot_001_000,ssim,full,0.92835265
43,0.448430,eb79a85e6b928add93a5fbf5168af5ac_shot_001_000,lpips,mouth,0.10506161
43,0.448430,eb79a85e6b928add93a5fbf5168af5ac_shot_001_000,lpips,full,0.06494428
43,0.448430,eb79a85e6b928add93a5fbf5168af5ac_shot_001_000,sharpness,mouth,16.0491
43,0.448430,eb79a85e6b928add93a5fbf5168af5ac_shot_001_000,lmd,mouth,2.900175
43,0.448430,eb79a85e6b928add93a5fbf5168af5ac_shot_001_000,sync_d,mouth,7.846918
43,0.448430,eb79a85e6b928add93a5fbf5168af5ac_shot_001_000,sync_c,mouth,7.789708
44,0.405131,eb79a85e6b928add93a5fbf5168af5ac_shot_001_000,pixel_mse,mouth,0.00226061
44,0.405131,eb79a85e6b928add93a5fbf5168af5ac_shot_001_000,pixel_mse,upper_face,0.00010436
44,0.405131,eb79a85e6b928add93a5fbf5168af5ac_shot_001_000,pixel_mse,full,0.00098195
44,0.405131,eb79a85e6b928add93a5fbf5168af5ac_shot_001_000,ssim,mouth,0.86472529
44,0.405131,eb79a85e6b928add93a5fbf5168af5ac_shot_001_000,ssim,upper_face,0.97142446
44,0.405131,eb79a85e6b928add93a5fbf5168af5ac_shot_001_000,ssim,full,0.92799819
44,0.405131,eb79a85e6b928add93a5fbf5168af5ac_shot_001_000,lpips,mouth,0.10463510
44,0.405131,eb79a85e6b928add93a5fbf5168af5ac_shot_001_000,lpips,full,0.06466511
44,0.405131,eb79a85e6b928add93a5fbf5168af5ac_shot_001_000,sharpness,mouth,16.1092
44,0.405131,eb79a85e6b928add93a5fbf5168af5ac_shot_001_000,lmd,mouth,2.947561
44,0.405131,eb79a85e6b928add93a5fbf5168af5ac_shot_001_000,sync_d,mouth,7.897643
44,0.405131,eb79a85e6b928add93a5fbf5168af5ac_shot_001_000,sync_c,mouth,7.749079
45,0.356888,eb79a85e6b928add93a5fbf5168af5ac_shot_001_000,pixel_mse,mouth,0.00228640
45,0.356888,eb79a85e6b928add93a5fbf5168af5ac_shot_001_000,pixel_mse,upper_face,0.00010369
45,0.356888,eb79a85e6b928add93a5fbf5168af5ac_shot_001_000,pixel_mse,full,0.00099205
45,0.356888,eb79a85e6b928add93a5fbf5168af5ac_shot_001_000,ssim,mouth,0.86334419
45,0.356888,eb79a85e6b928add93a5fbf5168af5ac_shot_001_000,ssim,upper_face,0.97151089
45,0.356888,eb79a85e6b928add93a5fbf5168af5ac_shot_001_000,ssim,full,0.92748731
45,0.356888,eb79a85e6b928add93a5fbf5168af5ac_shot_001_000,lpips,mouth,0.10425665
45,0.356888,eb79a85e6b928add93a5fbf5168af5ac_shot_001_000,lpips,full,0.06454730
45,0.356888,eb79a85e6b928add93a5fbf5168af5ac_shot_001_000,sharpness,mouth,16.0558
45,0.356888,eb79a85e6b928add93a5fbf5168af5ac_shot_001_000,lmd,mouth,2.974738
45,0.356888,eb79a85e6b928add93a5fbf5168af5ac_shot_001_000,sync_d,mouth,7.842092
45,0.356888,eb79a85e6b928add93a5fbf5168af5ac_shot_001_000,sync_c,mouth,7.794061
46,0.302801,eb79a85e6b928add93a5fbf5168af5ac_shot_001_000,pixel_mse,mouth,0.00230891
46,0.302801,eb79a85e6b928add93a5fbf5168af5ac_shot_001_000,pixel_mse,upper_face,0.00010430
46,0.302801,eb79a85e6b928add93a5fbf5168af5ac_shot_001_000,pixel_mse,full,0.00100157
46,0.302801,eb79a85e6b928add93a5fbf5168af5ac_shot_001_000,ssim,mouth,0.86188424
46,0.302801,eb79a85e6b928add93a5fbf5168af5ac_shot_001_000,ssim,upper_face,0.97153389
46,0.302801,eb79a85e6b928add93a5fbf5168af5ac_shot_001_000,ssim,full,0.92690665
46,0.302801,eb79a85e6b928add93a5fbf5168af5ac_shot_001_000,lpips,mouth,0.10397433
46,0.302801,eb79a85e6b928add93a5fbf5168af5ac_shot_001_000,lpips,full,0.06433217
46,0.302801,eb79a85e6b928add93a5fbf5168af5ac_shot_001_000,sharpness,mouth,16.1121
46,0.302801,eb79a85e6b928add93a5fbf5168af5ac_shot_001_000,lmd,mouth,2.946547
46,0.302801,eb79a85e6b928add93a5fbf5168af5ac_shot_001_000,sync_d,mouth,7.878639
46,0.302801,eb79a85e6b928add93a5fbf5168af5ac_shot_001_000,sync_c,mouth,7.715529
47,0.241740,eb79a85e6b928add93a5fbf5168af5ac_shot_001_000,pixel_mse,mouth,0.00234071
47,0.241740,eb79a85e6b928add93a5fbf5168af5ac_shot_001_000,pixel_mse,upper_face,0.00010432
47,0.241740,eb79a85e6b928add93a5fbf5168af5ac_shot_001_000,pixel_mse,full,0.00101453
47,0.241740,eb79a85e6b928add93a5fbf5168af5ac_shot_001_000,ssim,mouth,0.86011225
47,0.241740,eb79a85e6b928add93a5fbf5168af5ac_shot_001_000,ssim,upper_face,0.97158843
47,0.241740,eb79a85e6b928add93a5fbf5168af5ac_shot_001_000,ssim,full,0.92621791
47,0.241740,eb79a85e6b928add93a5fbf5168af5ac_shot_001_000,lpips,mouth,0.10364357
47,0.241740,eb79a85e6b928add93a5fbf5168af5ac_shot_001_000,lpips,full,0.06429622
47,0.241740,eb79a85e6b928add93a5fbf5168af5ac_shot_001_000,sharpness,mouth,16.0368
47,0.241740,eb79a85e6b928add93a5fbf5168af5ac_shot_001_000,lmd,mouth,2.931859
47,0.241740,eb79a85e6b928add93a5fbf5168af5ac_shot_001_000,sync_d,mouth,7.770464
47,0.241740,eb79a85e6b928add93a5fbf5168af5ac_shot_001_000,sync_c,mouth,7.827869
48,0.172265,eb79a85e6b928add93a5fbf5168af5ac_shot_001_000,pixel_mse,mouth,0.00236682
48,0.172265,eb79a85e6b928add93a5fbf5168af5ac_shot_001_000,pixel_mse,upper_face,0.00010691
48,0.172265,eb79a85e6b928add93a5fbf5168af5ac_shot_001_000,pixel_mse,full,0.00102669
48,0.172265,eb79a85e6b928add93a5fbf5168af5ac_shot_001_000,ssim,mouth,0.85819638
48,0.172265,eb79a85e6b928add93a5fbf5168af5ac_shot_001_000,ssim,upper_face,0.97142029
48,0.172265,eb79a85e6b928add93a5fbf5168af5ac_shot_001_000,ssim,full,0.92533845
48,0.172265,eb79a85e6b928add93a5fbf5168af5ac_shot_001_000,lpips,mouth,0.10325003
48,0.172265,eb79a85e6b928add93a5fbf5168af5ac_shot_001_000,lpips,full,0.06419397
48,0.172265,eb79a85e6b928add93a5fbf5168af5ac_shot_001_000,sharpness,mouth,16.0452
48,0.172265,eb79a85e6b928add93a5fbf5168af5ac_shot_001_000,lmd,mouth,2.928993
48,0.172265,eb79a85e6b928add93a5fbf5168af5ac_shot_001_000,sync_d,mouth,7.740678
48,0.172265,eb79a85e6b928add93a5fbf5168af5ac_shot_001_000,sync_c,mouth,7.846890
49,0.092507,eb79a85e6b928add93a5fbf5168af5ac_shot_001_000,pixel_mse,mouth,0.00239436
49,0.092507,eb79a85e6b928add93a5fbf5168af5ac_shot_001_000,pixel_mse,upper_face,0.00011070
49,0.092507,eb79a85e6b928add93a5fbf5168af5ac_shot_001_000,pixel_mse,full,0.00104014
49,0.092507,eb79a85e6b928add93a5fbf5168af5ac_shot_001_000,ssim,mouth,0.85629660
49,0.092507,eb79a85e6b928add93a5fbf5168af5ac_shot_001_000,ssim,upper_face,0.97101611
49,0.092507,eb79a85e6b928add93a5fbf5168af5ac_shot_001_000,ssim,full,0.92432553
49,0.092507,eb79a85e6b928add93a5fbf5168af5ac_shot_001_000,lpips,mouth,0.10310654
49,0.092507,eb79a85e6b928add93a5fbf5168af5ac_shot_001_000,lpips,full,0.06431233
49,0.092507,eb79a85e6b928add93a5fbf5168af5ac_shot_001_000,sharpness,mouth,16.0499
49,0.092507,eb79a85e6b928add93a5fbf5168af5ac_shot_001_000,lmd,mouth,2.981169
49,0.092507,eb79a85e6b928add93a5fbf5168af5ac_shot_001_000,sync_d,mouth,7.865564
49,0.092507,eb79a85e6b928add93a5fbf5168af5ac_shot_001_000,sync_c,mouth,7.746476
-1,gt,ecb359eb6753b3b64a027f66d912892e_shot_001_000,sharpness,mouth,16.2472
-1,gt,ecb359eb6753b3b64a027f66d912892e_shot_001_000,sync_d,mouth,6.977401
-1,gt,ecb359eb6753b3b64a027f66d912892e_shot_001_000,sync_c,mouth,7.866958
0,0.999000,ecb359eb6753b3b64a027f66d912892e_shot_001_000,pixel_mse,mouth,0.00952719
0,0.999000,ecb359eb6753b3b64a027f66d912892e_shot_001_000,pixel_mse,upper_face,0.00031566
0,0.999000,ecb359eb6753b3b64a027f66d912892e_shot_001_000,pixel_mse,full,0.00406473
0,0.999000,ecb359eb6753b3b64a027f66d912892e_shot_001_000,ssim,mouth,0.82798690
0,0.999000,ecb359eb6753b3b64a027f66d912892e_shot_001_000,ssim,upper_face,0.95961303
0,0.999000,ecb359eb6753b3b64a027f66d912892e_shot_001_000,ssim,full,0.90604144
0,0.999000,ecb359eb6753b3b64a027f66d912892e_shot_001_000,lpips,mouth,0.14448690
0,0.999000,ecb359eb6753b3b64a027f66d912892e_shot_001_000,lpips,full,0.09356386
0,0.999000,ecb359eb6753b3b64a027f66d912892e_shot_001_000,sharpness,mouth,25.5435
0,0.999000,ecb359eb6753b3b64a027f66d912892e_shot_001_000,lmd,mouth,9.052056
0,0.999000,ecb359eb6753b3b64a027f66d912892e_shot_001_000,sync_d,mouth,8.021435
0,0.999000,ecb359eb6753b3b64a027f66d912892e_shot_001_000,sync_c,mouth,6.422747
1,0.995732,ecb359eb6753b3b64a027f66d912892e_shot_001_000,pixel_mse,mouth,0.00943612
1,0.995732,ecb359eb6753b3b64a027f66d912892e_shot_001_000,pixel_mse,upper_face,0.00031437
1,0.995732,ecb359eb6753b3b64a027f66d912892e_shot_001_000,pixel_mse,full,0.00402690
1,0.995732,ecb359eb6753b3b64a027f66d912892e_shot_001_000,ssim,mouth,0.82925832
1,0.995732,ecb359eb6753b3b64a027f66d912892e_shot_001_000,ssim,upper_face,0.95987427
1,0.995732,ecb359eb6753b3b64a027f66d912892e_shot_001_000,ssim,full,0.90671390
1,0.995732,ecb359eb6753b3b64a027f66d912892e_shot_001_000,lpips,mouth,0.14327671
1,0.995732,ecb359eb6753b3b64a027f66d912892e_shot_001_000,lpips,full,0.09279606
1,0.995732,ecb359eb6753b3b64a027f66d912892e_shot_001_000,sharpness,mouth,25.7261
1,0.995732,ecb359eb6753b3b64a027f66d912892e_shot_001_000,lmd,mouth,9.130910
1,0.995732,ecb359eb6753b3b64a027f66d912892e_shot_001_000,sync_d,mouth,8.060105
1,0.995732,ecb359eb6753b3b64a027f66d912892e_shot_001_000,sync_c,mouth,6.317884
2,0.991530,ecb359eb6753b3b64a027f66d912892e_shot_001_000,pixel_mse,mouth,0.00943634
2,0.991530,ecb359eb6753b3b64a027f66d912892e_shot_001_000,pixel_mse,upper_face,0.00029405
2,0.991530,ecb359eb6753b3b64a027f66d912892e_shot_001_000,pixel_mse,full,0.00401494
2,0.991530,ecb359eb6753b3b64a027f66d912892e_shot_001_000,ssim,mouth,0.83119887
2,0.991530,ecb359eb6753b3b64a027f66d912892e_shot_001_000,ssim,upper_face,0.96085924
2,0.991530,ecb359eb6753b3b64a027f66d912892e_shot_001_000,ssim,full,0.90808773
2,0.991530,ecb359eb6753b3b64a027f66d912892e_shot_001_000,lpips,mouth,0.14132868
2,0.991530,ecb359eb6753b3b64a027f66d912892e_shot_001_000,lpips,full,0.09126345
2,0.991530,ecb359eb6753b3b64a027f66d912892e_shot_001_000,sharpness,mouth,26.8923
2,0.991530,ecb359eb6753b3b64a027f66d912892e_shot_001_000,lmd,mouth,8.971683
2,0.991530,ecb359eb6753b3b64a027f66d912892e_shot_001_000,sync_d,mouth,8.180899
2,0.991530,ecb359eb6753b3b64a027f66d912892e_shot_001_000,sync_c,mouth,6.296530
3,0.987187,ecb359eb6753b3b64a027f66d912892e_shot_001_000,pixel_mse,mouth,0.00942175
3,0.987187,ecb359eb6753b3b64a027f66d912892e_shot_001_000,pixel_mse,upper_face,0.00027431
3,0.987187,ecb359eb6753b3b64a027f66d912892e_shot_001_000,pixel_mse,full,0.00399730
3,0.987187,ecb359eb6753b3b64a027f66d912892e_shot_001_000,ssim,mouth,0.83447999
3,0.987187,ecb359eb6753b3b64a027f66d912892e_shot_001_000,ssim,upper_face,0.96188432
3,0.987187,ecb359eb6753b3b64a027f66d912892e_shot_001_000,ssim,full,0.91003108
3,0.987187,ecb359eb6753b3b64a027f66d912892e_shot_001_000,lpips,mouth,0.13750152
3,0.987187,ecb359eb6753b3b64a027f66d912892e_shot_001_000,lpips,full,0.08864573
3,0.987187,ecb359eb6753b3b64a027f66d912892e_shot_001_000,sharpness,mouth,26.6026
3,0.987187,ecb359eb6753b3b64a027f66d912892e_shot_001_000,lmd,mouth,9.433754
3,0.987187,ecb359eb6753b3b64a027f66d912892e_shot_001_000,sync_d,mouth,8.228287
3,0.987187,ecb359eb6753b3b64a027f66d912892e_shot_001_000,sync_c,mouth,6.086493
4,0.982696,ecb359eb6753b3b64a027f66d912892e_shot_001_000,pixel_mse,mouth,0.00913988
4,0.982696,ecb359eb6753b3b64a027f66d912892e_shot_001_000,pixel_mse,upper_face,0.00025215
4,0.982696,ecb359eb6753b3b64a027f66d912892e_shot_001_000,pixel_mse,full,0.00386943
4,0.982696,ecb359eb6753b3b64a027f66d912892e_shot_001_000,ssim,mouth,0.83794826
4,0.982696,ecb359eb6753b3b64a027f66d912892e_shot_001_000,ssim,upper_face,0.96260577
4,0.982696,ecb359eb6753b3b64a027f66d912892e_shot_001_000,ssim,full,0.91187048
4,0.982696,ecb359eb6753b3b64a027f66d912892e_shot_001_000,lpips,mouth,0.13478243
4,0.982696,ecb359eb6753b3b64a027f66d912892e_shot_001_000,lpips,full,0.08643676
4,0.982696,ecb359eb6753b3b64a027f66d912892e_shot_001_000,sharpness,mouth,26.5181
4,0.982696,ecb359eb6753b3b64a027f66d912892e_shot_001_000,lmd,mouth,9.217014
4,0.982696,ecb359eb6753b3b64a027f66d912892e_shot_001_000,sync_d,mouth,8.132050
4,0.982696,ecb359eb6753b3b64a027f66d912892e_shot_001_000,sync_c,mouth,6.182651
5,0.978048,ecb359eb6753b3b64a027f66d912892e_shot_001_000,pixel_mse,mouth,0.00909813
5,0.978048,ecb359eb6753b3b64a027f66d912892e_shot_001_000,pixel_mse,upper_face,0.00024401
5,0.978048,ecb359eb6753b3b64a027f66d912892e_shot_001_000,pixel_mse,full,0.00384762
5,0.978048,ecb359eb6753b3b64a027f66d912892e_shot_001_000,ssim,mouth,0.83938080
5,0.978048,ecb359eb6753b3b64a027f66d912892e_shot_001_000,ssim,upper_face,0.96305931
5,0.978048,ecb359eb6753b3b64a027f66d912892e_shot_001_000,ssim,full,0.91272235
5,0.978048,ecb359eb6753b3b64a027f66d912892e_shot_001_000,lpips,mouth,0.13314588
5,0.978048,ecb359eb6753b3b64a027f66d912892e_shot_001_000,lpips,full,0.08553731
5,0.978048,ecb359eb6753b3b64a027f66d912892e_shot_001_000,sharpness,mouth,26.4268
5,0.978048,ecb359eb6753b3b64a027f66d912892e_shot_001_000,lmd,mouth,9.819102
5,0.978048,ecb359eb6753b3b64a027f66d912892e_shot_001_000,sync_d,mouth,8.110365
5,0.978048,ecb359eb6753b3b64a027f66d912892e_shot_001_000,sync_c,mouth,6.190221
6,0.973236,ecb359eb6753b3b64a027f66d912892e_shot_001_000,pixel_mse,mouth,0.00890886
6,0.973236,ecb359eb6753b3b64a027f66d912892e_shot_001_000,pixel_mse,upper_face,0.00023779
6,0.973236,ecb359eb6753b3b64a027f66d912892e_shot_001_000,pixel_mse,full,0.00376689
6,0.973236,ecb359eb6753b3b64a027f66d912892e_shot_001_000,ssim,mouth,0.84064984
6,0.973236,ecb359eb6753b3b64a027f66d912892e_shot_001_000,ssim,upper_face,0.96350992
6,0.973236,ecb359eb6753b3b64a027f66d912892e_shot_001_000,ssim,full,0.91350621
6,0.973236,ecb359eb6753b3b64a027f66d912892e_shot_001_000,lpips,mouth,0.13047883
6,0.973236,ecb359eb6753b3b64a027f66d912892e_shot_001_000,lpips,full,0.08389017
6,0.973236,ecb359eb6753b3b64a027f66d912892e_shot_001_000,sharpness,mouth,25.5358
6,0.973236,ecb359eb6753b3b64a027f66d912892e_shot_001_000,lmd,mouth,10.244610
6,0.973236,ecb359eb6753b3b64a027f66d912892e_shot_001_000,sync_d,mouth,8.160352
6,0.973236,ecb359eb6753b3b64a027f66d912892e_shot_001_000,sync_c,mouth,6.202923
7,0.968250,ecb359eb6753b3b64a027f66d912892e_shot_001_000,pixel_mse,mouth,0.00854397
7,0.968250,ecb359eb6753b3b64a027f66d912892e_shot_001_000,pixel_mse,upper_face,0.00022514
7,0.968250,ecb359eb6753b3b64a027f66d912892e_shot_001_000,pixel_mse,full,0.00361088
7,0.968250,ecb359eb6753b3b64a027f66d912892e_shot_001_000,ssim,mouth,0.84264028
7,0.968250,ecb359eb6753b3b64a027f66d912892e_shot_001_000,ssim,upper_face,0.96393621
7,0.968250,ecb359eb6753b3b64a027f66d912892e_shot_001_000,ssim,full,0.91456914
7,0.968250,ecb359eb6753b3b64a027f66d912892e_shot_001_000,lpips,mouth,0.12732579
7,0.968250,ecb359eb6753b3b64a027f66d912892e_shot_001_000,lpips,full,0.08195768
7,0.968250,ecb359eb6753b3b64a027f66d912892e_shot_001_000,sharpness,mouth,24.9728
7,0.968250,ecb359eb6753b3b64a027f66d912892e_shot_001_000,lmd,mouth,10.441521
7,0.968250,ecb359eb6753b3b64a027f66d912892e_shot_001_000,sync_d,mouth,8.221433
7,0.968250,ecb359eb6753b3b64a027f66d912892e_shot_001_000,sync_c,mouth,6.169065
8,0.963082,ecb359eb6753b3b64a027f66d912892e_shot_001_000,pixel_mse,mouth,0.00769859
8,0.963082,ecb359eb6753b3b64a027f66d912892e_shot_001_000,pixel_mse,upper_face,0.00021918
8,0.963082,ecb359eb6753b3b64a027f66d912892e_shot_001_000,pixel_mse,full,0.00326328
8,0.963082,ecb359eb6753b3b64a027f66d912892e_shot_001_000,ssim,mouth,0.84767860
8,0.963082,ecb359eb6753b3b64a027f66d912892e_shot_001_000,ssim,upper_face,0.96420807
8,0.963082,ecb359eb6753b3b64a027f66d912892e_shot_001_000,ssim,full,0.91678083
8,0.963082,ecb359eb6753b3b64a027f66d912892e_shot_001_000,lpips,mouth,0.12133139
8,0.963082,ecb359eb6753b3b64a027f66d912892e_shot_001_000,lpips,full,0.07840955
8,0.963082,ecb359eb6753b3b64a027f66d912892e_shot_001_000,sharpness,mouth,23.1895
8,0.963082,ecb359eb6753b3b64a027f66d912892e_shot_001_000,lmd,mouth,10.278207
8,0.963082,ecb359eb6753b3b64a027f66d912892e_shot_001_000,sync_d,mouth,8.107948
8,0.963082,ecb359eb6753b3b64a027f66d912892e_shot_001_000,sync_c,mouth,6.286119
9,0.957720,ecb359eb6753b3b64a027f66d912892e_shot_001_000,pixel_mse,mouth,0.00724922
9,0.957720,ecb359eb6753b3b64a027f66d912892e_shot_001_000,pixel_mse,upper_face,0.00021376
9,0.957720,ecb359eb6753b3b64a027f66d912892e_shot_001_000,pixel_mse,full,0.00307717
9,0.957720,ecb359eb6753b3b64a027f66d912892e_shot_001_000,ssim,mouth,0.85071707
9,0.957720,ecb359eb6753b3b64a027f66d912892e_shot_001_000,ssim,upper_face,0.96458256
9,0.957720,ecb359eb6753b3b64a027f66d912892e_shot_001_000,ssim,full,0.91823953
9,0.957720,ecb359eb6753b3b64a027f66d912892e_shot_001_000,lpips,mouth,0.11817136
9,0.957720,ecb359eb6753b3b64a027f66d912892e_shot_001_000,lpips,full,0.07673456
9,0.957720,ecb359eb6753b3b64a027f66d912892e_shot_001_000,sharpness,mouth,22.1740
9,0.957720,ecb359eb6753b3b64a027f66d912892e_shot_001_000,lmd,mouth,10.595663
9,0.957720,ecb359eb6753b3b64a027f66d912892e_shot_001_000,sync_d,mouth,7.934565
9,0.957720,ecb359eb6753b3b64a027f66d912892e_shot_001_000,sync_c,mouth,6.510649
10,0.952154,ecb359eb6753b3b64a027f66d912892e_shot_001_000,pixel_mse,mouth,0.00696678
10,0.952154,ecb359eb6753b3b64a027f66d912892e_shot_001_000,pixel_mse,upper_face,0.00020908
10,0.952154,ecb359eb6753b3b64a027f66d912892e_shot_001_000,pixel_mse,full,0.00295945
10,0.952154,ecb359eb6753b3b64a027f66d912892e_shot_001_000,ssim,mouth,0.85241699
10,0.952154,ecb359eb6753b3b64a027f66d912892e_shot_001_000,ssim,upper_face,0.96486586
10,0.952154,ecb359eb6753b3b64a027f66d912892e_shot_001_000,ssim,full,0.91909951
10,0.952154,ecb359eb6753b3b64a027f66d912892e_shot_001_000,lpips,mouth,0.11528812
10,0.952154,ecb359eb6753b3b64a027f66d912892e_shot_001_000,lpips,full,0.07494878
10,0.952154,ecb359eb6753b3b64a027f66d912892e_shot_001_000,sharpness,mouth,21.6010
10,0.952154,ecb359eb6753b3b64a027f66d912892e_shot_001_000,lmd,mouth,10.526033
10,0.952154,ecb359eb6753b3b64a027f66d912892e_shot_001_000,sync_d,mouth,7.863585
10,0.952154,ecb359eb6753b3b64a027f66d912892e_shot_001_000,sync_c,mouth,6.656165
11,0.946372,ecb359eb6753b3b64a027f66d912892e_shot_001_000,pixel_mse,mouth,0.00658265
11,0.946372,ecb359eb6753b3b64a027f66d912892e_shot_001_000,pixel_mse,upper_face,0.00020470
11,0.946372,ecb359eb6753b3b64a027f66d912892e_shot_001_000,pixel_mse,full,0.00280051
11,0.946372,ecb359eb6753b3b64a027f66d912892e_shot_001_000,ssim,mouth,0.85569280
11,0.946372,ecb359eb6753b3b64a027f66d912892e_shot_001_000,ssim,upper_face,0.96501756
11,0.946372,ecb359eb6753b3b64a027f66d912892e_shot_001_000,ssim,full,0.92052269
11,0.946372,ecb359eb6753b3b64a027f66d912892e_shot_001_000,lpips,mouth,0.11189566
11,0.946372,ecb359eb6753b3b64a027f66d912892e_shot_001_000,lpips,full,0.07303756
11,0.946372,ecb359eb6753b3b64a027f66d912892e_shot_001_000,sharpness,mouth,21.2248
11,0.946372,ecb359eb6753b3b64a027f66d912892e_shot_001_000,lmd,mouth,9.862825
11,0.946372,ecb359eb6753b3b64a027f66d912892e_shot_001_000,sync_d,mouth,7.840750
11,0.946372,ecb359eb6753b3b64a027f66d912892e_shot_001_000,sync_c,mouth,6.701953
12,0.940361,ecb359eb6753b3b64a027f66d912892e_shot_001_000,pixel_mse,mouth,0.00630302
12,0.940361,ecb359eb6753b3b64a027f66d912892e_shot_001_000,pixel_mse,upper_face,0.00020178
12,0.940361,ecb359eb6753b3b64a027f66d912892e_shot_001_000,pixel_mse,full,0.00268497
12,0.940361,ecb359eb6753b3b64a027f66d912892e_shot_001_000,ssim,mouth,0.85816258
12,0.940361,ecb359eb6753b3b64a027f66d912892e_shot_001_000,ssim,upper_face,0.96530205
12,0.940361,ecb359eb6753b3b64a027f66d912892e_shot_001_000,ssim,full,0.92169648
12,0.940361,ecb359eb6753b3b64a027f66d912892e_shot_001_000,lpips,mouth,0.10951485
12,0.940361,ecb359eb6753b3b64a027f66d912892e_shot_001_000,lpips,full,0.07149268
12,0.940361,ecb359eb6753b3b64a027f66d912892e_shot_001_000,sharpness,mouth,21.2301
12,0.940361,ecb359eb6753b3b64a027f66d912892e_shot_001_000,lmd,mouth,9.493790
12,0.940361,ecb359eb6753b3b64a027f66d912892e_shot_001_000,sync_d,mouth,7.735679
12,0.940361,ecb359eb6753b3b64a027f66d912892e_shot_001_000,sync_c,mouth,6.884982
13,0.934107,ecb359eb6753b3b64a027f66d912892e_shot_001_000,pixel_mse,mouth,0.00616354
13,0.934107,ecb359eb6753b3b64a027f66d912892e_shot_001_000,pixel_mse,upper_face,0.00020285
13,0.934107,ecb359eb6753b3b64a027f66d912892e_shot_001_000,pixel_mse,full,0.00262884
13,0.934107,ecb359eb6753b3b64a027f66d912892e_shot_001_000,ssim,mouth,0.85931152
13,0.934107,ecb359eb6753b3b64a027f66d912892e_shot_001_000,ssim,upper_face,0.96523643
13,0.934107,ecb359eb6753b3b64a027f66d912892e_shot_001_000,ssim,full,0.92212528
13,0.934107,ecb359eb6753b3b64a027f66d912892e_shot_001_000,lpips,mouth,0.10843252
13,0.934107,ecb359eb6753b3b64a027f66d912892e_shot_001_000,lpips,full,0.07093661
13,0.934107,ecb359eb6753b3b64a027f66d912892e_shot_001_000,sharpness,mouth,20.9316
13,0.934107,ecb359eb6753b3b64a027f66d912892e_shot_001_000,lmd,mouth,9.691931
13,0.934107,ecb359eb6753b3b64a027f66d912892e_shot_001_000,sync_d,mouth,7.620905
13,0.934107,ecb359eb6753b3b64a027f66d912892e_shot_001_000,sync_c,mouth,6.798906
14,0.927596,ecb359eb6753b3b64a027f66d912892e_shot_001_000,pixel_mse,mouth,0.00595062
14,0.927596,ecb359eb6753b3b64a027f66d912892e_shot_001_000,pixel_mse,upper_face,0.00019864
14,0.927596,ecb359eb6753b3b64a027f66d912892e_shot_001_000,pixel_mse,full,0.00253968
14,0.927596,ecb359eb6753b3b64a027f66d912892e_shot_001_000,ssim,mouth,0.86090559
14,0.927596,ecb359eb6753b3b64a027f66d912892e_shot_001_000,ssim,upper_face,0.96555310
14,0.927596,ecb359eb6753b3b64a027f66d912892e_shot_001_000,ssim,full,0.92296183
14,0.927596,ecb359eb6753b3b64a027f66d912892e_shot_001_000,lpips,mouth,0.10679433
14,0.927596,ecb359eb6753b3b64a027f66d912892e_shot_001_000,lpips,full,0.06978089
14,0.927596,ecb359eb6753b3b64a027f66d912892e_shot_001_000,sharpness,mouth,21.2852
14,0.927596,ecb359eb6753b3b64a027f66d912892e_shot_001_000,lmd,mouth,9.206706
14,0.927596,ecb359eb6753b3b64a027f66d912892e_shot_001_000,sync_d,mouth,7.404913
14,0.927596,ecb359eb6753b3b64a027f66d912892e_shot_001_000,sync_c,mouth,7.318687
15,0.920810,ecb359eb6753b3b64a027f66d912892e_shot_001_000,pixel_mse,mouth,0.00578451
15,0.920810,ecb359eb6753b3b64a027f66d912892e_shot_001_000,pixel_mse,upper_face,0.00019375
15,0.920810,ecb359eb6753b3b64a027f66d912892e_shot_001_000,pixel_mse,full,0.00246918
15,0.920810,ecb359eb6753b3b64a027f66d912892e_shot_001_000,ssim,mouth,0.86233199
15,0.920810,ecb359eb6753b3b64a027f66d912892e_shot_001_000,ssim,upper_face,0.96570325
15,0.920810,ecb359eb6753b3b64a027f66d912892e_shot_001_000,ssim,full,0.92363137
15,0.920810,ecb359eb6753b3b64a027f66d912892e_shot_001_000,lpips,mouth,0.10531282
15,0.920810,ecb359eb6753b3b64a027f66d912892e_shot_001_000,lpips,full,0.06899101
15,0.920810,ecb359eb6753b3b64a027f66d912892e_shot_001_000,sharpness,mouth,21.1548
15,0.920810,ecb359eb6753b3b64a027f66d912892e_shot_001_000,lmd,mouth,9.234536
15,0.920810,ecb359eb6753b3b64a027f66d912892e_shot_001_000,sync_d,mouth,7.445463
15,0.920810,ecb359eb6753b3b64a027f66d912892e_shot_001_000,sync_c,mouth,7.357071
16,0.913733,ecb359eb6753b3b64a027f66d912892e_shot_001_000,pixel_mse,mouth,0.00556826
16,0.913733,ecb359eb6753b3b64a027f66d912892e_shot_001_000,pixel_mse,upper_face,0.00018862
16,0.913733,ecb359eb6753b3b64a027f66d912892e_shot_001_000,pixel_mse,full,0.00237812
16,0.913733,ecb359eb6753b3b64a027f66d912892e_shot_001_000,ssim,mouth,0.86489969
16,0.913733,ecb359eb6753b3b64a027f66d912892e_shot_001_000,ssim,upper_face,0.96595728
16,0.913733,ecb359eb6753b3b64a027f66d912892e_shot_001_000,ssim,full,0.92482710
16,0.913733,ecb359eb6753b3b64a027f66d912892e_shot_001_000,lpips,mouth,0.10354543
16,0.913733,ecb359eb6753b3b64a027f66d912892e_shot_001_000,lpips,full,0.06783012
16,0.913733,ecb359eb6753b3b64a027f66d912892e_shot_001_000,sharpness,mouth,20.6502
16,0.913733,ecb359eb6753b3b64a027f66d912892e_shot_001_000,lmd,mouth,9.102583
16,0.913733,ecb359eb6753b3b64a027f66d912892e_shot_001_000,sync_d,mouth,7.396314
16,0.913733,ecb359eb6753b3b64a027f66d912892e_shot_001_000,sync_c,mouth,7.504445
17,0.906344,ecb359eb6753b3b64a027f66d912892e_shot_001_000,pixel_mse,mouth,0.00552097
17,0.906344,ecb359eb6753b3b64a027f66d912892e_shot_001_000,pixel_mse,upper_face,0.00019045
17,0.906344,ecb359eb6753b3b64a027f66d912892e_shot_001_000,pixel_mse,full,0.00235996
17,0.906344,ecb359eb6753b3b64a027f66d912892e_shot_001_000,ssim,mouth,0.86525810
17,0.906344,ecb359eb6753b3b64a027f66d912892e_shot_001_000,ssim,upper_face,0.96601886
17,0.906344,ecb359eb6753b3b64a027f66d912892e_shot_001_000,ssim,full,0.92500943
17,0.906344,ecb359eb6753b3b64a027f66d912892e_shot_001_000,lpips,mouth,0.10298244
17,0.906344,ecb359eb6753b3b64a027f66d912892e_shot_001_000,lpips,full,0.06752647
17,0.906344,ecb359eb6753b3b64a027f66d912892e_shot_001_000,sharpness,mouth,20.9653
17,0.906344,ecb359eb6753b3b64a027f66d912892e_shot_001_000,lmd,mouth,8.985417
17,0.906344,ecb359eb6753b3b64a027f66d912892e_shot_001_000,sync_d,mouth,7.227188
17,0.906344,ecb359eb6753b3b64a027f66d912892e_shot_001_000,sync_c,mouth,7.755874
18,0.898624,ecb359eb6753b3b64a027f66d912892e_shot_001_000,pixel_mse,mouth,0.00540414
18,0.898624,ecb359eb6753b3b64a027f66d912892e_shot_001_000,pixel_mse,upper_face,0.00018552
18,0.898624,ecb359eb6753b3b64a027f66d912892e_shot_001_000,pixel_mse,full,0.00230949
18,0.898624,ecb359eb6753b3b64a027f66d912892e_shot_001_000,ssim,mouth,0.86596352
18,0.898624,ecb359eb6753b3b64a027f66d912892e_shot_001_000,ssim,upper_face,0.96627885
18,0.898624,ecb359eb6753b3b64a027f66d912892e_shot_001_000,ssim,full,0.92545074
18,0.898624,ecb359eb6753b3b64a027f66d912892e_shot_001_000,lpips,mouth,0.10199529
18,0.898624,ecb359eb6753b3b64a027f66d912892e_shot_001_000,lpips,full,0.06691425
18,0.898624,ecb359eb6753b3b64a027f66d912892e_shot_001_000,sharpness,mouth,20.5104
18,0.898624,ecb359eb6753b3b64a027f66d912892e_shot_001_000,lmd,mouth,8.779945
18,0.898624,ecb359eb6753b3b64a027f66d912892e_shot_001_000,sync_d,mouth,7.208025
18,0.898624,ecb359eb6753b3b64a027f66d912892e_shot_001_000,sync_c,mouth,7.768334
19,0.890548,ecb359eb6753b3b64a027f66d912892e_shot_001_000,pixel_mse,mouth,0.00532452
19,0.890548,ecb359eb6753b3b64a027f66d912892e_shot_001_000,pixel_mse,upper_face,0.00018371
19,0.890548,ecb359eb6753b3b64a027f66d912892e_shot_001_000,pixel_mse,full,0.00227601
19,0.890548,ecb359eb6753b3b64a027f66d912892e_shot_001_000,ssim,mouth,0.86701137
19,0.890548,ecb359eb6753b3b64a027f66d912892e_shot_001_000,ssim,upper_face,0.96638930
19,0.890548,ecb359eb6753b3b64a027f66d912892e_shot_001_000,ssim,full,0.92594272
19,0.890548,ecb359eb6753b3b64a027f66d912892e_shot_001_000,lpips,mouth,0.10138447
19,0.890548,ecb359eb6753b3b64a027f66d912892e_shot_001_000,lpips,full,0.06635493
19,0.890548,ecb359eb6753b3b64a027f66d912892e_shot_001_000,sharpness,mouth,20.3000
19,0.890548,ecb359eb6753b3b64a027f66d912892e_shot_001_000,lmd,mouth,8.892212
19,0.890548,ecb359eb6753b3b64a027f66d912892e_shot_001_000,sync_d,mouth,7.119810
19,0.890548,ecb359eb6753b3b64a027f66d912892e_shot_001_000,sync_c,mouth,7.967373
20,0.882093,ecb359eb6753b3b64a027f66d912892e_shot_001_000,pixel_mse,mouth,0.00522341
20,0.882093,ecb359eb6753b3b64a027f66d912892e_shot_001_000,pixel_mse,upper_face,0.00018131
20,0.882093,ecb359eb6753b3b64a027f66d912892e_shot_001_000,pixel_mse,full,0.00223343
20,0.882093,ecb359eb6753b3b64a027f66d912892e_shot_001_000,ssim,mouth,0.86806750
20,0.882093,ecb359eb6753b3b64a027f66d912892e_shot_001_000,ssim,upper_face,0.96655512
20,0.882093,ecb359eb6753b3b64a027f66d912892e_shot_001_000,ssim,full,0.92647082
20,0.882093,ecb359eb6753b3b64a027f66d912892e_shot_001_000,lpips,mouth,0.09962535
20,0.882093,ecb359eb6753b3b64a027f66d912892e_shot_001_000,lpips,full,0.06534409
20,0.882093,ecb359eb6753b3b64a027f66d912892e_shot_001_000,sharpness,mouth,20.0685
20,0.882093,ecb359eb6753b3b64a027f66d912892e_shot_001_000,lmd,mouth,9.245897
20,0.882093,ecb359eb6753b3b64a027f66d912892e_shot_001_000,sync_d,mouth,7.020463
20,0.882093,ecb359eb6753b3b64a027f66d912892e_shot_001_000,sync_c,mouth,7.927855
21,0.873231,ecb359eb6753b3b64a027f66d912892e_shot_001_000,pixel_mse,mouth,0.00516110
21,0.873231,ecb359eb6753b3b64a027f66d912892e_shot_001_000,pixel_mse,upper_face,0.00018102
21,0.873231,ecb359eb6753b3b64a027f66d912892e_shot_001_000,pixel_mse,full,0.00220790
21,0.873231,ecb359eb6753b3b64a027f66d912892e_shot_001_000,ssim,mouth,0.86862117
21,0.873231,ecb359eb6753b3b64a027f66d912892e_shot_001_000,ssim,upper_face,0.96650732
21,0.873231,ecb359eb6753b3b64a027f66d912892e_shot_001_000,ssim,full,0.92666793
21,0.873231,ecb359eb6753b3b64a027f66d912892e_shot_001_000,lpips,mouth,0.09883144
21,0.873231,ecb359eb6753b3b64a027f66d912892e_shot_001_000,lpips,full,0.06506052
21,0.873231,ecb359eb6753b3b64a027f66d912892e_shot_001_000,sharpness,mouth,19.6618
21,0.873231,ecb359eb6753b3b64a027f66d912892e_shot_001_000,lmd,mouth,9.195793
21,0.873231,ecb359eb6753b3b64a027f66d912892e_shot_001_000,sync_d,mouth,6.799854
21,0.873231,ecb359eb6753b3b64a027f66d912892e_shot_001_000,sync_c,mouth,8.188397
22,0.863931,ecb359eb6753b3b64a027f66d912892e_shot_001_000,pixel_mse,mouth,0.00505688
22,0.863931,ecb359eb6753b3b64a027f66d912892e_shot_001_000,pixel_mse,upper_face,0.00017660
22,0.863931,ecb359eb6753b3b64a027f66d912892e_shot_001_000,pixel_mse,full,0.00216287
22,0.863931,ecb359eb6753b3b64a027f66d912892e_shot_001_000,ssim,mouth,0.86942387
22,0.863931,ecb359eb6753b3b64a027f66d912892e_shot_001_000,ssim,upper_face,0.96679783
22,0.863931,ecb359eb6753b3b64a027f66d912892e_shot_001_000,ssim,full,0.92716676
22,0.863931,ecb359eb6753b3b64a027f66d912892e_shot_001_000,lpips,mouth,0.09825955
22,0.863931,ecb359eb6753b3b64a027f66d912892e_shot_001_000,lpips,full,0.06457619
22,0.863931,ecb359eb6753b3b64a027f66d912892e_shot_001_000,sharpness,mouth,19.4475
22,0.863931,ecb359eb6753b3b64a027f66d912892e_shot_001_000,lmd,mouth,8.555078
22,0.863931,ecb359eb6753b3b64a027f66d912892e_shot_001_000,sync_d,mouth,6.602716
22,0.863931,ecb359eb6753b3b64a027f66d912892e_shot_001_000,sync_c,mouth,8.447669
23,0.854160,ecb359eb6753b3b64a027f66d912892e_shot_001_000,pixel_mse,mouth,0.00497048
23,0.854160,ecb359eb6753b3b64a027f66d912892e_shot_001_000,pixel_mse,upper_face,0.00017816
23,0.854160,ecb359eb6753b3b64a027f66d912892e_shot_001_000,pixel_mse,full,0.00212862
23,0.854160,ecb359eb6753b3b64a027f66d912892e_shot_001_000,ssim,mouth,0.86934340
23,0.854160,ecb359eb6753b3b64a027f66d912892e_shot_001_000,ssim,upper_face,0.96682984
23,0.854160,ecb359eb6753b3b64a027f66d912892e_shot_001_000,ssim,full,0.92715311
23,0.854160,ecb359eb6753b3b64a027f66d912892e_shot_001_000,lpips,mouth,0.09792509
23,0.854160,ecb359eb6753b3b64a027f66d912892e_shot_001_000,lpips,full,0.06443415
23,0.854160,ecb359eb6753b3b64a027f66d912892e_shot_001_000,sharpness,mouth,19.6448
23,0.854160,ecb359eb6753b3b64a027f66d912892e_shot_001_000,lmd,mouth,9.261511
23,0.854160,ecb359eb6753b3b64a027f66d912892e_shot_001_000,sync_d,mouth,6.747847
23,0.854160,ecb359eb6753b3b64a027f66d912892e_shot_001_000,sync_c,mouth,8.168900
24,0.843882,ecb359eb6753b3b64a027f66d912892e_shot_001_000,pixel_mse,mouth,0.00499059
24,0.843882,ecb359eb6753b3b64a027f66d912892e_shot_001_000,pixel_mse,upper_face,0.00017700
24,0.843882,ecb359eb6753b3b64a027f66d912892e_shot_001_000,pixel_mse,full,0.00213612
24,0.843882,ecb359eb6753b3b64a027f66d912892e_shot_001_000,ssim,mouth,0.86959380
24,0.843882,ecb359eb6753b3b64a027f66d912892e_shot_001_000,ssim,upper_face,0.96687150
24,0.843882,ecb359eb6753b3b64a027f66d912892e_shot_001_000,ssim,full,0.92727971
24,0.843882,ecb359eb6753b3b64a027f66d912892e_shot_001_000,lpips,mouth,0.09813753
24,0.843882,ecb359eb6753b3b64a027f66d912892e_shot_001_000,lpips,full,0.06450745
24,0.843882,ecb359eb6753b3b64a027f66d912892e_shot_001_000,sharpness,mouth,19.7516
24,0.843882,ecb359eb6753b3b64a027f66d912892e_shot_001_000,lmd,mouth,9.176540
24,0.843882,ecb359eb6753b3b64a027f66d912892e_shot_001_000,sync_d,mouth,6.525189
24,0.843882,ecb359eb6753b3b64a027f66d912892e_shot_001_000,sync_c,mouth,8.419958
25,0.833055,ecb359eb6753b3b64a027f66d912892e_shot_001_000,pixel_mse,mouth,0.00494979
25,0.833055,ecb359eb6753b3b64a027f66d912892e_shot_001_000,pixel_mse,upper_face,0.00017607
25,0.833055,ecb359eb6753b3b64a027f66d912892e_shot_001_000,pixel_mse,full,0.00211896
25,0.833055,ecb359eb6753b3b64a027f66d912892e_shot_001_000,ssim,mouth,0.86993152
25,0.833055,ecb359eb6753b3b64a027f66d912892e_shot_001_000,ssim,upper_face,0.96703243
25,0.833055,ecb359eb6753b3b64a027f66d912892e_shot_001_000,ssim,full,0.92751259
25,0.833055,ecb359eb6753b3b64a027f66d912892e_shot_001_000,lpips,mouth,0.09816740
25,0.833055,ecb359eb6753b3b64a027f66d912892e_shot_001_000,lpips,full,0.06447002
25,0.833055,ecb359eb6753b3b64a027f66d912892e_shot_001_000,sharpness,mouth,19.8724
25,0.833055,ecb359eb6753b3b64a027f66d912892e_shot_001_000,lmd,mouth,8.539068
25,0.833055,ecb359eb6753b3b64a027f66d912892e_shot_001_000,sync_d,mouth,6.615825
25,0.833055,ecb359eb6753b3b64a027f66d912892e_shot_001_000,sync_c,mouth,8.418852
26,0.821636,ecb359eb6753b3b64a027f66d912892e_shot_001_000,pixel_mse,mouth,0.00494450
26,0.821636,ecb359eb6753b3b64a027f66d912892e_shot_001_000,pixel_mse,upper_face,0.00017277
26,0.821636,ecb359eb6753b3b64a027f66d912892e_shot_001_000,pixel_mse,full,0.00211485
26,0.821636,ecb359eb6753b3b64a027f66d912892e_shot_001_000,ssim,mouth,0.87013894
26,0.821636,ecb359eb6753b3b64a027f66d912892e_shot_001_000,ssim,upper_face,0.96715736
26,0.821636,ecb359eb6753b3b64a027f66d912892e_shot_001_000,ssim,full,0.92767107
26,0.821636,ecb359eb6753b3b64a027f66d912892e_shot_001_000,lpips,mouth,0.09781820
26,0.821636,ecb359eb6753b3b64a027f66d912892e_shot_001_000,lpips,full,0.06419736
26,0.821636,ecb359eb6753b3b64a027f66d912892e_shot_001_000,sharpness,mouth,19.7986
26,0.821636,ecb359eb6753b3b64a027f66d912892e_shot_001_000,lmd,mouth,9.182459
26,0.821636,ecb359eb6753b3b64a027f66d912892e_shot_001_000,sync_d,mouth,6.640044
26,0.821636,ecb359eb6753b3b64a027f66d912892e_shot_001_000,sync_c,mouth,8.341591
27,0.809574,ecb359eb6753b3b64a027f66d912892e_shot_001_000,pixel_mse,mouth,0.00490596
27,0.809574,ecb359eb6753b3b64a027f66d912892e_shot_001_000,pixel_mse,upper_face,0.00017380
27,0.809574,ecb359eb6753b3b64a027f66d912892e_shot_001_000,pixel_mse,full,0.00209978
27,0.809574,ecb359eb6753b3b64a027f66d912892e_shot_001_000,ssim,mouth,0.87058449
27,0.809574,ecb359eb6753b3b64a027f66d912892e_shot_001_000,ssim,upper_face,0.96726048
27,0.809574,ecb359eb6753b3b64a027f66d912892e_shot_001_000,ssim,full,0.92791361
27,0.809574,ecb359eb6753b3b64a027f66d912892e_shot_001_000,lpips,mouth,0.09794531
27,0.809574,ecb359eb6753b3b64a027f66d912892e_shot_001_000,lpips,full,0.06422078
27,0.809574,ecb359eb6753b3b64a027f66d912892e_shot_001_000,sharpness,mouth,19.9467
27,0.809574,ecb359eb6753b3b64a027f66d912892e_shot_001_000,lmd,mouth,8.778874
27,0.809574,ecb359eb6753b3b64a027f66d912892e_shot_001_000,sync_d,mouth,6.569564
27,0.809574,ecb359eb6753b3b64a027f66d912892e_shot_001_000,sync_c,mouth,8.439771
28,0.796812,ecb359eb6753b3b64a027f66d912892e_shot_001_000,pixel_mse,mouth,0.00482728
28,0.796812,ecb359eb6753b3b64a027f66d912892e_shot_001_000,pixel_mse,upper_face,0.00017348
28,0.796812,ecb359eb6753b3b64a027f66d912892e_shot_001_000,pixel_mse,full,0.00206756
28,0.796812,ecb359eb6753b3b64a027f66d912892e_shot_001_000,ssim,mouth,0.87111050
28,0.796812,ecb359eb6753b3b64a027f66d912892e_shot_001_000,ssim,upper_face,0.96732050
28,0.796812,ecb359eb6753b3b64a027f66d912892e_shot_001_000,ssim,full,0.92816323
28,0.796812,ecb359eb6753b3b64a027f66d912892e_shot_001_000,lpips,mouth,0.09715501
28,0.796812,ecb359eb6753b3b64a027f66d912892e_shot_001_000,lpips,full,0.06369880
28,0.796812,ecb359eb6753b3b64a027f66d912892e_shot_001_000,sharpness,mouth,19.5991
28,0.796812,ecb359eb6753b3b64a027f66d912892e_shot_001_000,lmd,mouth,9.286585
28,0.796812,ecb359eb6753b3b64a027f66d912892e_shot_001_000,sync_d,mouth,6.499417
28,0.796812,ecb359eb6753b3b64a027f66d912892e_shot_001_000,sync_c,mouth,8.553996
29,0.783290,ecb359eb6753b3b64a027f66d912892e_shot_001_000,pixel_mse,mouth,0.00481968
29,0.783290,ecb359eb6753b3b64a027f66d912892e_shot_001_000,pixel_mse,upper_face,0.00017166
29,0.783290,ecb359eb6753b3b64a027f66d912892e_shot_001_000,pixel_mse,full,0.00206339
29,0.783290,ecb359eb6753b3b64a027f66d912892e_shot_001_000,ssim,mouth,0.87114799
29,0.783290,ecb359eb6753b3b64a027f66d912892e_shot_001_000,ssim,upper_face,0.96745938
29,0.783290,ecb359eb6753b3b64a027f66d912892e_shot_001_000,ssim,full,0.92826080
29,0.783290,ecb359eb6753b3b64a027f66d912892e_shot_001_000,lpips,mouth,0.09670513
29,0.783290,ecb359eb6753b3b64a027f66d912892e_shot_001_000,lpips,full,0.06342780
29,0.783290,ecb359eb6753b3b64a027f66d912892e_shot_001_000,sharpness,mouth,19.4472
29,0.783290,ecb359eb6753b3b64a027f66d912892e_shot_001_000,lmd,mouth,9.208920
29,0.783290,ecb359eb6753b3b64a027f66d912892e_shot_001_000,sync_d,mouth,6.504296
29,0.783290,ecb359eb6753b3b64a027f66d912892e_shot_001_000,sync_c,mouth,8.584396
30,0.768935,ecb359eb6753b3b64a027f66d912892e_shot_001_000,pixel_mse,mouth,0.00483074
30,0.768935,ecb359eb6753b3b64a027f66d912892e_shot_001_000,pixel_mse,upper_face,0.00016893
30,0.768935,ecb359eb6753b3b64a027f66d912892e_shot_001_000,pixel_mse,full,0.00206628
30,0.768935,ecb359eb6753b3b64a027f66d912892e_shot_001_000,ssim,mouth,0.87162256
30,0.768935,ecb359eb6753b3b64a027f66d912892e_shot_001_000,ssim,upper_face,0.96767706
30,0.768935,ecb359eb6753b3b64a027f66d912892e_shot_001_000,ssim,full,0.92858315
30,0.768935,ecb359eb6753b3b64a027f66d912892e_shot_001_000,lpips,mouth,0.09685531
30,0.768935,ecb359eb6753b3b64a027f66d912892e_shot_001_000,lpips,full,0.06338198
30,0.768935,ecb359eb6753b3b64a027f66d912892e_shot_001_000,sharpness,mouth,19.3276
30,0.768935,ecb359eb6753b3b64a027f66d912892e_shot_001_000,lmd,mouth,8.956983
30,0.768935,ecb359eb6753b3b64a027f66d912892e_shot_001_000,sync_d,mouth,6.576968
30,0.768935,ecb359eb6753b3b64a027f66d912892e_shot_001_000,sync_c,mouth,8.402215
31,0.753669,ecb359eb6753b3b64a027f66d912892e_shot_001_000,pixel_mse,mouth,0.00482915
31,0.753669,ecb359eb6753b3b64a027f66d912892e_shot_001_000,pixel_mse,upper_face,0.00016792
31,0.753669,ecb359eb6753b3b64a027f66d912892e_shot_001_000,pixel_mse,full,0.00206503
31,0.753669,ecb359eb6753b3b64a027f66d912892e_shot_001_000,ssim,mouth,0.87122846
31,0.753669,ecb359eb6753b3b64a027f66d912892e_shot_001_000,ssim,upper_face,0.96769780
31,0.753669,ecb359eb6753b3b64a027f66d912892e_shot_001_000,ssim,full,0.92843497
31,0.753669,ecb359eb6753b3b64a027f66d912892e_shot_001_000,lpips,mouth,0.09692176
31,0.753669,ecb359eb6753b3b64a027f66d912892e_shot_001_000,lpips,full,0.06336446
31,0.753669,ecb359eb6753b3b64a027f66d912892e_shot_001_000,sharpness,mouth,19.5600
31,0.753669,ecb359eb6753b3b64a027f66d912892e_shot_001_000,lmd,mouth,8.779938
31,0.753669,ecb359eb6753b3b64a027f66d912892e_shot_001_000,sync_d,mouth,6.581554
31,0.753669,ecb359eb6753b3b64a027f66d912892e_shot_001_000,sync_c,mouth,8.475882
32,0.737402,ecb359eb6753b3b64a027f66d912892e_shot_001_000,pixel_mse,mouth,0.00482458
32,0.737402,ecb359eb6753b3b64a027f66d912892e_shot_001_000,pixel_mse,upper_face,0.00016852
32,0.737402,ecb359eb6753b3b64a027f66d912892e_shot_001_000,pixel_mse,full,0.00206353
32,0.737402,ecb359eb6753b3b64a027f66d912892e_shot_001_000,ssim,mouth,0.87107766
32,0.737402,ecb359eb6753b3b64a027f66d912892e_shot_001_000,ssim,upper_face,0.96773154
32,0.737402,ecb359eb6753b3b64a027f66d912892e_shot_001_000,ssim,full,0.92839372
32,0.737402,ecb359eb6753b3b64a027f66d912892e_shot_001_000,lpips,mouth,0.09724210
32,0.737402,ecb359eb6753b3b64a027f66d912892e_shot_001_000,lpips,full,0.06354463
32,0.737402,ecb359eb6753b3b64a027f66d912892e_shot_001_000,sharpness,mouth,19.5163
32,0.737402,ecb359eb6753b3b64a027f66d912892e_shot_001_000,lmd,mouth,8.850936
32,0.737402,ecb359eb6753b3b64a027f66d912892e_shot_001_000,sync_d,mouth,6.638256
32,0.737402,ecb359eb6753b3b64a027f66d912892e_shot_001_000,sync_c,mouth,8.435795
33,0.720034,ecb359eb6753b3b64a027f66d912892e_shot_001_000,pixel_mse,mouth,0.00484540
33,0.720034,ecb359eb6753b3b64a027f66d912892e_shot_001_000,pixel_mse,upper_face,0.00016659
33,0.720034,ecb359eb6753b3b64a027f66d912892e_shot_001_000,pixel_mse,full,0.00207085
33,0.720034,ecb359eb6753b3b64a027f66d912892e_shot_001_000,ssim,mouth,0.87086308
33,0.720034,ecb359eb6753b3b64a027f66d912892e_shot_001_000,ssim,upper_face,0.96791661
33,0.720034,ecb359eb6753b3b64a027f66d912892e_shot_001_000,ssim,full,0.92841601
33,0.720034,ecb359eb6753b3b64a027f66d912892e_shot_001_000,lpips,mouth,0.09761256
33,0.720034,ecb359eb6753b3b64a027f66d912892e_shot_001_000,lpips,full,0.06377665
33,0.720034,ecb359eb6753b3b64a027f66d912892e_shot_001_000,sharpness,mouth,19.3086
33,0.720034,ecb359eb6753b3b64a027f66d912892e_shot_001_000,lmd,mouth,8.257313
33,0.720034,ecb359eb6753b3b64a027f66d912892e_shot_001_000,sync_d,mouth,6.617566
33,0.720034,ecb359eb6753b3b64a027f66d912892e_shot_001_000,sync_c,mouth,8.566597
34,0.701446,ecb359eb6753b3b64a027f66d912892e_shot_001_000,pixel_mse,mouth,0.00488812
34,0.701446,ecb359eb6753b3b64a027f66d912892e_shot_001_000,pixel_mse,upper_face,0.00016558
34,0.701446,ecb359eb6753b3b64a027f66d912892e_shot_001_000,pixel_mse,full,0.00208764
34,0.701446,ecb359eb6753b3b64a027f66d912892e_shot_001_000,ssim,mouth,0.87066793
34,0.701446,ecb359eb6753b3b64a027f66d912892e_shot_001_000,ssim,upper_face,0.96800786
34,0.701446,ecb359eb6753b3b64a027f66d912892e_shot_001_000,ssim,full,0.92839062
34,0.701446,ecb359eb6753b3b64a027f66d912892e_shot_001_000,lpips,mouth,0.09822468
34,0.701446,ecb359eb6753b3b64a027f66d912892e_shot_001_000,lpips,full,0.06406942
34,0.701446,ecb359eb6753b3b64a027f66d912892e_shot_001_000,sharpness,mouth,19.3748
34,0.701446,ecb359eb6753b3b64a027f66d912892e_shot_001_000,lmd,mouth,8.923421
34,0.701446,ecb359eb6753b3b64a027f66d912892e_shot_001_000,sync_d,mouth,6.685235
34,0.701446,ecb359eb6753b3b64a027f66d912892e_shot_001_000,sync_c,mouth,8.319729
35,0.681508,ecb359eb6753b3b64a027f66d912892e_shot_001_000,pixel_mse,mouth,0.00492184
35,0.681508,ecb359eb6753b3b64a027f66d912892e_shot_001_000,pixel_mse,upper_face,0.00016310
35,0.681508,ecb359eb6753b3b64a027f66d912892e_shot_001_000,pixel_mse,full,0.00209989
35,0.681508,ecb359eb6753b3b64a027f66d912892e_shot_001_000,ssim,mouth,0.87015206
35,0.681508,ecb359eb6753b3b64a027f66d912892e_shot_001_000,ssim,upper_face,0.96815163
35,0.681508,ecb359eb6753b3b64a027f66d912892e_shot_001_000,ssim,full,0.92826587
35,0.681508,ecb359eb6753b3b64a027f66d912892e_shot_001_000,lpips,mouth,0.09835231
35,0.681508,ecb359eb6753b3b64a027f66d912892e_shot_001_000,lpips,full,0.06400679
35,0.681508,ecb359eb6753b3b64a027f66d912892e_shot_001_000,sharpness,mouth,19.4497
35,0.681508,ecb359eb6753b3b64a027f66d912892e_shot_001_000,lmd,mouth,8.566087
35,0.681508,ecb359eb6753b3b64a027f66d912892e_shot_001_000,sync_d,mouth,6.703124
35,0.681508,ecb359eb6753b3b64a027f66d912892e_shot_001_000,sync_c,mouth,8.382959
36,0.660066,ecb359eb6753b3b64a027f66d912892e_shot_001_000,pixel_mse,mouth,0.00495377
36,0.660066,ecb359eb6753b3b64a027f66d912892e_shot_001_000,pixel_mse,upper_face,0.00016331
36,0.660066,ecb359eb6753b3b64a027f66d912892e_shot_001_000,pixel_mse,full,0.00211302
36,0.660066,ecb359eb6753b3b64a027f66d912892e_shot_001_000,ssim,mouth,0.86972100
36,0.660066,ecb359eb6753b3b64a027f66d912892e_shot_001_000,ssim,upper_face,0.96817827
36,0.660066,ecb359eb6753b3b64a027f66d912892e_shot_001_000,ssim,full,0.92810631
36,0.660066,ecb359eb6753b3b64a027f66d912892e_shot_001_000,lpips,mouth,0.09864715
36,0.660066,ecb359eb6753b3b64a027f66d912892e_shot_001_000,lpips,full,0.06428682
36,0.660066,ecb359eb6753b3b64a027f66d912892e_shot_001_000,sharpness,mouth,19.5038
36,0.660066,ecb359eb6753b3b64a027f66d912892e_shot_001_000,lmd,mouth,8.547155
36,0.660066,ecb359eb6753b3b64a027f66d912892e_shot_001_000,sync_d,mouth,6.579859
36,0.660066,ecb359eb6753b3b64a027f66d912892e_shot_001_000,sync_c,mouth,8.548002
37,0.636942,ecb359eb6753b3b64a027f66d912892e_shot_001_000,pixel_mse,mouth,0.00501176
37,0.636942,ecb359eb6753b3b64a027f66d912892e_shot_001_000,pixel_mse,upper_face,0.00015976
37,0.636942,ecb359eb6753b3b64a027f66d912892e_shot_001_000,pixel_mse,full,0.00213451
37,0.636942,ecb359eb6753b3b64a027f66d912892e_shot_001_000,ssim,mouth,0.86895394
37,0.636942,ecb359eb6753b3b64a027f66d912892e_shot_001_000,ssim,upper_face,0.96840119
37,0.636942,ecb359eb6753b3b64a027f66d912892e_shot_001_000,ssim,full,0.92792660
37,0.636942,ecb359eb6753b3b64a027f66d912892e_shot_001_000,lpips,mouth,0.09905361
37,0.636942,ecb359eb6753b3b64a027f66d912892e_shot_001_000,lpips,full,0.06444207
37,0.636942,ecb359eb6753b3b64a027f66d912892e_shot_001_000,sharpness,mouth,19.5607
37,0.636942,ecb359eb6753b3b64a027f66d912892e_shot_001_000,lmd,mouth,8.554851
37,0.636942,ecb359eb6753b3b64a027f66d912892e_shot_001_000,sync_d,mouth,6.711082
37,0.636942,ecb359eb6753b3b64a027f66d912892e_shot_001_000,sync_c,mouth,8.408123
38,0.611932,ecb359eb6753b3b64a027f66d912892e_shot_001_000,pixel_mse,mouth,0.00507680
38,0.611932,ecb359eb6753b3b64a027f66d912892e_shot_001_000,pixel_mse,upper_face,0.00015837
38,0.611932,ecb359eb6753b3b64a027f66d912892e_shot_001_000,pixel_mse,full,0.00216016
38,0.611932,ecb359eb6753b3b64a027f66d912892e_shot_001_000,ssim,mouth,0.86805964
38,0.611932,ecb359eb6753b3b64a027f66d912892e_shot_001_000,ssim,upper_face,0.96859872
38,0.611932,ecb359eb6753b3b64a027f66d912892e_shot_001_000,ssim,full,0.92767948
38,0.611932,ecb359eb6753b3b64a027f66d912892e_shot_001_000,lpips,mouth,0.09991916
38,0.611932,ecb359eb6753b3b64a027f66d912892e_shot_001_000,lpips,full,0.06478856
38,0.611932,ecb359eb6753b3b64a027f66d912892e_shot_001_000,sharpness,mouth,19.5275
38,0.611932,ecb359eb6753b3b64a027f66d912892e_shot_001_000,lmd,mouth,8.602814
38,0.611932,ecb359eb6753b3b64a027f66d912892e_shot_001_000,sync_d,mouth,6.597966
38,0.611932,ecb359eb6753b3b64a027f66d912892e_shot_001_000,sync_c,mouth,8.498552
39,0.584795,ecb359eb6753b3b64a027f66d912892e_shot_001_000,pixel_mse,mouth,0.00509018
39,0.584795,ecb359eb6753b3b64a027f66d912892e_shot_001_000,pixel_mse,upper_face,0.00015710
39,0.584795,ecb359eb6753b3b64a027f66d912892e_shot_001_000,pixel_mse,full,0.00216485
39,0.584795,ecb359eb6753b3b64a027f66d912892e_shot_001_000,ssim,mouth,0.86776620
39,0.584795,ecb359eb6753b3b64a027f66d912892e_shot_001_000,ssim,upper_face,0.96873266
39,0.584795,ecb359eb6753b3b64a027f66d912892e_shot_001_000,ssim,full,0.92763960
39,0.584795,ecb359eb6753b3b64a027f66d912892e_shot_001_000,lpips,mouth,0.10026076
39,0.584795,ecb359eb6753b3b64a027f66d912892e_shot_001_000,lpips,full,0.06503028
39,0.584795,ecb359eb6753b3b64a027f66d912892e_shot_001_000,sharpness,mouth,19.4428
39,0.584795,ecb359eb6753b3b64a027f66d912892e_shot_001_000,lmd,mouth,8.924549
39,0.584795,ecb359eb6753b3b64a027f66d912892e_shot_001_000,sync_d,mouth,6.644885
39,0.584795,ecb359eb6753b3b64a027f66d912892e_shot_001_000,sync_c,mouth,8.419066
40,0.555247,ecb359eb6753b3b64a027f66d912892e_shot_001_000,pixel_mse,mouth,0.00513390
40,0.555247,ecb359eb6753b3b64a027f66d912892e_shot_001_000,pixel_mse,upper_face,0.00015789
40,0.555247,ecb359eb6753b3b64a027f66d912892e_shot_001_000,pixel_mse,full,0.00218312
40,0.555247,ecb359eb6753b3b64a027f66d912892e_shot_001_000,ssim,mouth,0.86695224
40,0.555247,ecb359eb6753b3b64a027f66d912892e_shot_001_000,ssim,upper_face,0.96876252
40,0.555247,ecb359eb6753b3b64a027f66d912892e_shot_001_000,ssim,full,0.92732596
40,0.555247,ecb359eb6753b3b64a027f66d912892e_shot_001_000,lpips,mouth,0.10101604
40,0.555247,ecb359eb6753b3b64a027f66d912892e_shot_001_000,lpips,full,0.06526298
40,0.555247,ecb359eb6753b3b64a027f66d912892e_shot_001_000,sharpness,mouth,19.7695
40,0.555247,ecb359eb6753b3b64a027f66d912892e_shot_001_000,lmd,mouth,8.359575
40,0.555247,ecb359eb6753b3b64a027f66d912892e_shot_001_000,sync_d,mouth,6.648951
40,0.555247,ecb359eb6753b3b64a027f66d912892e_shot_001_000,sync_c,mouth,8.398405
41,0.522951,ecb359eb6753b3b64a027f66d912892e_shot_001_000,pixel_mse,mouth,0.00517234
41,0.522951,ecb359eb6753b3b64a027f66d912892e_shot_001_000,pixel_mse,upper_face,0.00015389
41,0.522951,ecb359eb6753b3b64a027f66d912892e_shot_001_000,pixel_mse,full,0.00219639
41,0.522951,ecb359eb6753b3b64a027f66d912892e_shot_001_000,ssim,mouth,0.86606729
41,0.522951,ecb359eb6753b3b64a027f66d912892e_shot_001_000,ssim,upper_face,0.96895546
41,0.522951,ecb359eb6753b3b64a027f66d912892e_shot_001_000,ssim,full,0.92708021
41,0.522951,ecb359eb6753b3b64a027f66d912892e_shot_001_000,lpips,mouth,0.10145897
41,0.522951,ecb359eb6753b3b64a027f66d912892e_shot_001_000,lpips,full,0.06553183
41,0.522951,ecb359eb6753b3b64a027f66d912892e_shot_001_000,sharpness,mouth,19.7807
41,0.522951,ecb359eb6753b3b64a027f66d912892e_shot_001_000,lmd,mouth,9.160092
41,0.522951,ecb359eb6753b3b64a027f66d912892e_shot_001_000,sync_d,mouth,6.657197
41,0.522951,ecb359eb6753b3b64a027f66d912892e_shot_001_000,sync_c,mouth,8.495035
42,0.487507,ecb359eb6753b3b64a027f66d912892e_shot_001_000,pixel_mse,mouth,0.00520814
42,0.487507,ecb359eb6753b3b64a027f66d912892e_shot_001_000,pixel_mse,upper_face,0.00015397
42,0.487507,ecb359eb6753b3b64a027f66d912892e_shot_001_000,pixel_mse,full,0.00221101
42,0.487507,ecb359eb6753b3b64a027f66d912892e_shot_001_000,ssim,mouth,0.86506689
42,0.487507,ecb359eb6753b3b64a027f66d912892e_shot_001_000,ssim,upper_face,0.96915567
42,0.487507,ecb359eb6753b3b64a027f66d912892e_shot_001_000,ssim,full,0.92679179
42,0.487507,ecb359eb6753b3b64a027f66d912892e_shot_001_000,lpips,mouth,0.10199509
42,0.487507,ecb359eb6753b3b64a027f66d912892e_shot_001_000,lpips,full,0.06575011
42,0.487507,ecb359eb6753b3b64a027f66d912892e_shot_001_000,sharpness,mouth,19.8527
42,0.487507,ecb359eb6753b3b64a027f66d912892e_shot_001_000,lmd,mouth,8.624007
42,0.487507,ecb359eb6753b3b64a027f66d912892e_shot_001_000,sync_d,mouth,6.605753
42,0.487507,ecb359eb6753b3b64a027f66d912892e_shot_001_000,sync_c,mouth,8.552717
43,0.448430,ecb359eb6753b3b64a027f66d912892e_shot_001_000,pixel_mse,mouth,0.00524276
43,0.448430,ecb359eb6753b3b64a027f66d912892e_shot_001_000,pixel_mse,upper_face,0.00015283
43,0.448430,ecb359eb6753b3b64a027f66d912892e_shot_001_000,pixel_mse,full,0.00222442
43,0.448430,ecb359eb6753b3b64a027f66d912892e_shot_001_000,ssim,mouth,0.86442274
43,0.448430,ecb359eb6753b3b64a027f66d912892e_shot_001_000,ssim,upper_face,0.96926445
43,0.448430,ecb359eb6753b3b64a027f66d912892e_shot_001_000,ssim,full,0.92659414
43,0.448430,ecb359eb6753b3b64a027f66d912892e_shot_001_000,lpips,mouth,0.10228268
43,0.448430,ecb359eb6753b3b64a027f66d912892e_shot_001_000,lpips,full,0.06585547
43,0.448430,ecb359eb6753b3b64a027f66d912892e_shot_001_000,sharpness,mouth,19.8246
43,0.448430,ecb359eb6753b3b64a027f66d912892e_shot_001_000,lmd,mouth,8.847758
43,0.448430,ecb359eb6753b3b64a027f66d912892e_shot_001_000,sync_d,mouth,6.592073
43,0.448430,ecb359eb6753b3b64a027f66d912892e_shot_001_000,sync_c,mouth,8.516956
44,0.405131,ecb359eb6753b3b64a027f66d912892e_shot_001_000,pixel_mse,mouth,0.00529673
44,0.405131,ecb359eb6753b3b64a027f66d912892e_shot_001_000,pixel_mse,upper_face,0.00015426
44,0.405131,ecb359eb6753b3b64a027f66d912892e_shot_001_000,pixel_mse,full,0.00224723
44,0.405131,ecb359eb6753b3b64a027f66d912892e_shot_001_000,ssim,mouth,0.86320710
44,0.405131,ecb359eb6753b3b64a027f66d912892e_shot_001_000,ssim,upper_face,0.96932352
44,0.405131,ecb359eb6753b3b64a027f66d912892e_shot_001_000,ssim,full,0.92613447
44,0.405131,ecb359eb6753b3b64a027f66d912892e_shot_001_000,lpips,mouth,0.10275666
44,0.405131,ecb359eb6753b3b64a027f66d912892e_shot_001_000,lpips,full,0.06608556
44,0.405131,ecb359eb6753b3b64a027f66d912892e_shot_001_000,sharpness,mouth,19.7866
44,0.405131,ecb359eb6753b3b64a027f66d912892e_shot_001_000,lmd,mouth,9.250397
44,0.405131,ecb359eb6753b3b64a027f66d912892e_shot_001_000,sync_d,mouth,6.513825
44,0.405131,ecb359eb6753b3b64a027f66d912892e_shot_001_000,sync_c,mouth,8.645082
45,0.356888,ecb359eb6753b3b64a027f66d912892e_shot_001_000,pixel_mse,mouth,0.00534864
45,0.356888,ecb359eb6753b3b64a027f66d912892e_shot_001_000,pixel_mse,upper_face,0.00015233
45,0.356888,ecb359eb6753b3b64a027f66d912892e_shot_001_000,pixel_mse,full,0.00226721
45,0.356888,ecb359eb6753b3b64a027f66d912892e_shot_001_000,ssim,mouth,0.86188328
45,0.356888,ecb359eb6753b3b64a027f66d912892e_shot_001_000,ssim,upper_face,0.96944004
45,0.356888,ecb359eb6753b3b64a027f66d912892e_shot_001_000,ssim,full,0.92566472
45,0.356888,ecb359eb6753b3b64a027f66d912892e_shot_001_000,lpips,mouth,0.10338537
45,0.356888,ecb359eb6753b3b64a027f66d912892e_shot_001_000,lpips,full,0.06642172
45,0.356888,ecb359eb6753b3b64a027f66d912892e_shot_001_000,sharpness,mouth,19.6656
45,0.356888,ecb359eb6753b3b64a027f66d912892e_shot_001_000,lmd,mouth,9.319505
45,0.356888,ecb359eb6753b3b64a027f66d912892e_shot_001_000,sync_d,mouth,6.633528
45,0.356888,ecb359eb6753b3b64a027f66d912892e_shot_001_000,sync_c,mouth,8.402010
46,0.302801,ecb359eb6753b3b64a027f66d912892e_shot_001_000,pixel_mse,mouth,0.00537372
46,0.302801,ecb359eb6753b3b64a027f66d912892e_shot_001_000,pixel_mse,upper_face,0.00015283
46,0.302801,ecb359eb6753b3b64a027f66d912892e_shot_001_000,pixel_mse,full,0.00227772
46,0.302801,ecb359eb6753b3b64a027f66d912892e_shot_001_000,ssim,mouth,0.86073136
46,0.302801,ecb359eb6753b3b64a027f66d912892e_shot_001_000,ssim,upper_face,0.96948141
46,0.302801,ecb359eb6753b3b64a027f66d912892e_shot_001_000,ssim,full,0.92522037
46,0.302801,ecb359eb6753b3b64a027f66d912892e_shot_001_000,lpips,mouth,0.10376544
46,0.302801,ecb359eb6753b3b64a027f66d912892e_shot_001_000,lpips,full,0.06659326
46,0.302801,ecb359eb6753b3b64a027f66d912892e_shot_001_000,sharpness,mouth,19.6261
46,0.302801,ecb359eb6753b3b64a027f66d912892e_shot_001_000,lmd,mouth,9.125119
46,0.302801,ecb359eb6753b3b64a027f66d912892e_shot_001_000,sync_d,mouth,6.714399
46,0.302801,ecb359eb6753b3b64a027f66d912892e_shot_001_000,sync_c,mouth,8.336725
47,0.241740,ecb359eb6753b3b64a027f66d912892e_shot_001_000,pixel_mse,mouth,0.00542051
47,0.241740,ecb359eb6753b3b64a027f66d912892e_shot_001_000,pixel_mse,upper_face,0.00015494
47,0.241740,ecb359eb6753b3b64a027f66d912892e_shot_001_000,pixel_mse,full,0.00229802
47,0.241740,ecb359eb6753b3b64a027f66d912892e_shot_001_000,ssim,mouth,0.85912156
47,0.241740,ecb359eb6753b3b64a027f66d912892e_shot_001_000,ssim,upper_face,0.96939540
47,0.241740,ecb359eb6753b3b64a027f66d912892e_shot_001_000,ssim,full,0.92451411
47,0.241740,ecb359eb6753b3b64a027f66d912892e_shot_001_000,lpips,mouth,0.10444625
47,0.241740,ecb359eb6753b3b64a027f66d912892e_shot_001_000,lpips,full,0.06692725
47,0.241740,ecb359eb6753b3b64a027f66d912892e_shot_001_000,sharpness,mouth,19.6615
47,0.241740,ecb359eb6753b3b64a027f66d912892e_shot_001_000,lmd,mouth,9.187930
47,0.241740,ecb359eb6753b3b64a027f66d912892e_shot_001_000,sync_d,mouth,6.712190
47,0.241740,ecb359eb6753b3b64a027f66d912892e_shot_001_000,sync_c,mouth,8.346245
48,0.172265,ecb359eb6753b3b64a027f66d912892e_shot_001_000,pixel_mse,mouth,0.00546002
48,0.172265,ecb359eb6753b3b64a027f66d912892e_shot_001_000,pixel_mse,upper_face,0.00015658
48,0.172265,ecb359eb6753b3b64a027f66d912892e_shot_001_000,pixel_mse,full,0.00231507
48,0.172265,ecb359eb6753b3b64a027f66d912892e_shot_001_000,ssim,mouth,0.85725421
48,0.172265,ecb359eb6753b3b64a027f66d912892e_shot_001_000,ssim,upper_face,0.96931672
48,0.172265,ecb359eb6753b3b64a027f66d912892e_shot_001_000,ssim,full,0.92370754
48,0.172265,ecb359eb6753b3b64a027f66d912892e_shot_001_000,lpips,mouth,0.10510611
48,0.172265,ecb359eb6753b3b64a027f66d912892e_shot_001_000,lpips,full,0.06718314
48,0.172265,ecb359eb6753b3b64a027f66d912892e_shot_001_000,sharpness,mouth,19.6005
48,0.172265,ecb359eb6753b3b64a027f66d912892e_shot_001_000,lmd,mouth,9.305572
48,0.172265,ecb359eb6753b3b64a027f66d912892e_shot_001_000,sync_d,mouth,6.782240
48,0.172265,ecb359eb6753b3b64a027f66d912892e_shot_001_000,sync_c,mouth,8.346424
49,0.092507,ecb359eb6753b3b64a027f66d912892e_shot_001_000,pixel_mse,mouth,0.00549819
49,0.092507,ecb359eb6753b3b64a027f66d912892e_shot_001_000,pixel_mse,upper_face,0.00016576
49,0.092507,ecb359eb6753b3b64a027f66d912892e_shot_001_000,pixel_mse,full,0.00233605
49,0.092507,ecb359eb6753b3b64a027f66d912892e_shot_001_000,ssim,mouth,0.85519934
49,0.092507,ecb359eb6753b3b64a027f66d912892e_shot_001_000,ssim,upper_face,0.96878618
49,0.092507,ecb359eb6753b3b64a027f66d912892e_shot_001_000,ssim,full,0.92255658
49,0.092507,ecb359eb6753b3b64a027f66d912892e_shot_001_000,lpips,mouth,0.10585823
49,0.092507,ecb359eb6753b3b64a027f66d912892e_shot_001_000,lpips,full,0.06774198
49,0.092507,ecb359eb6753b3b64a027f66d912892e_shot_001_000,sharpness,mouth,19.6015
49,0.092507,ecb359eb6753b3b64a027f66d912892e_shot_001_000,lmd,mouth,9.168615
49,0.092507,ecb359eb6753b3b64a027f66d912892e_shot_001_000,sync_d,mouth,6.746058
49,0.092507,ecb359eb6753b3b64a027f66d912892e_shot_001_000,sync_c,mouth,8.388203
