step,t,sample,metric,region,value
-1,gt,17ef723a912e46713e84fc2b7dd74e23_shot_001_000,sharpness,mouth,10.8085
-1,gt,17ef723a912e46713e84fc2b7dd74e23_shot_001_000,sync_d,mouth,4.996210
-1,gt,17ef723a912e46713e84fc2b7dd74e23_shot_001_000,sync_c,mouth,5.926050
0,981.000000,17ef723a912e46713e84fc2b7dd74e23_shot_001_000,pixel_mse,mouth,0.00045021
0,981.000000,17ef723a912e46713e84fc2b7dd74e23_shot_001_000,pixel_mse,upper_face,0.00008481
0,981.000000,17ef723a912e46713e84fc2b7dd74e23_shot_001_000,pixel_mse,full,0.00023353
0,981.000000,17ef723a912e46713e84fc2b7dd74e23_shot_001_000,ssim,mouth,0.95323777
0,981.000000,17ef723a912e46713e84fc2b7dd74e23_shot_001_000,ssim,upper_face,0.97446978
0,981.000000,17ef723a912e46713e84fc2b7dd74e23_shot_001_000,ssim,full,0.96582842
0,981.000000,17ef723a912e46713e84fc2b7dd74e23_shot_001_000,lpips,mouth,0.02693660
0,981.000000,17ef723a912e46713e84fc2b7dd74e23_shot_001_000,lpips,full,0.02225490
0,981.000000,17ef723a912e46713e84fc2b7dd74e23_shot_001_000,sharpness,mouth,10.1343
0,981.000000,17ef723a912e46713e84fc2b7dd74e23_shot_001_000,lmd,mouth,1.368309
0,981.000000,17ef723a912e46713e84fc2b7dd74e23_shot_001_000,sync_d,mouth,3.627392
0,981.000000,17ef723a912e46713e84fc2b7dd74e23_shot_001_000,sync_c,mouth,7.615869
1,961.000000,17ef723a912e46713e84fc2b7dd74e23_shot_001_000,pixel_mse,mouth,0.00043164
1,961.000000,17ef723a912e46713e84fc2b7dd74e23_shot_001_000,pixel_mse,upper_face,0.00007582
1,961.000000,17ef723a912e46713e84fc2b7dd74e23_shot_001_000,pixel_mse,full,0.00022064
1,961.000000,17ef723a912e46713e84fc2b7dd74e23_shot_001_000,ssim,mouth,0.95384467
1,961.000000,17ef723a912e46713e84fc2b7dd74e23_shot_001_000,ssim,upper_face,0.97511882
1,961.000000,17ef723a912e46713e84fc2b7dd74e23_shot_001_000,ssim,full,0.96646035
1,961.000000,17ef723a912e46713e84fc2b7dd74e23_shot_001_000,lpips,mouth,0.02662648
1,961.000000,17ef723a912e46713e84fc2b7dd74e23_shot_001_000,lpips,full,0.02166635
1,961.000000,17ef723a912e46713e84fc2b7dd74e23_shot_001_000,sharpness,mouth,10.0290
1,961.000000,17ef723a912e46713e84fc2b7dd74e23_shot_001_000,lmd,mouth,1.394222
1,961.000000,17ef723a912e46713e84fc2b7dd74e23_shot_001_000,sync_d,mouth,3.571631
1,961.000000,17ef723a912e46713e84fc2b7dd74e23_shot_001_000,sync_c,mouth,7.698763
2,941.000000,17ef723a912e46713e84fc2b7dd74e23_shot_001_000,pixel_mse,mouth,0.00042326
2,941.000000,17ef723a912e46713e84fc2b7dd74e23_shot_001_000,pixel_mse,upper_face,0.00006927
2,941.000000,17ef723a912e46713e84fc2b7dd74e23_shot_001_000,pixel_mse,full,0.00021334
2,941.000000,17ef723a912e46713e84fc2b7dd74e23_shot_001_000,ssim,mouth,0.95408642
2,941.000000,17ef723a912e46713e84fc2b7dd74e23_shot_001_000,ssim,upper_face,0.97550201
2,941.000000,17ef723a912e46713e84fc2b7dd74e23_shot_001_000,ssim,full,0.96678591
2,941.000000,17ef723a912e46713e84fc2b7dd74e23_shot_001_000,lpips,mouth,0.02634461
2,941.000000,17ef723a912e46713e84fc2b7dd74e23_shot_001_000,lpips,full,0.02114582
2,941.000000,17ef723a912e46713e84fc2b7dd74e23_shot_001_000,sharpness,mouth,9.9425
2,941.000000,17ef723a912e46713e84fc2b7dd74e23_shot_001_000,lmd,mouth,1.265301
2,941.000000,17ef723a912e46713e84fc2b7dd74e23_shot_001_000,sync_d,mouth,3.661635
2,941.000000,17ef723a912e46713e84fc2b7dd74e23_shot_001_000,sync_c,mouth,7.451170
3,921.000000,17ef723a912e46713e84fc2b7dd74e23_shot_001_000,pixel_mse,mouth,0.00041897
3,921.000000,17ef723a912e46713e84fc2b7dd74e23_shot_001_000,pixel_mse,upper_face,0.00006436
3,921.000000,17ef723a912e46713e84fc2b7dd74e23_shot_001_000,pixel_mse,full,0.00020868
3,921.000000,17ef723a912e46713e84fc2b7dd74e23_shot_001_000,ssim,mouth,0.95414400
3,921.000000,17ef723a912e46713e84fc2b7dd74e23_shot_001_000,ssim,upper_face,0.97563726
3,921.000000,17ef723a912e46713e84fc2b7dd74e23_shot_001_000,ssim,full,0.96688956
3,921.000000,17ef723a912e46713e84fc2b7dd74e23_shot_001_000,lpips,mouth,0.02599847
3,921.000000,17ef723a912e46713e84fc2b7dd74e23_shot_001_000,lpips,full,0.02076533
3,921.000000,17ef723a912e46713e84fc2b7dd74e23_shot_001_000,sharpness,mouth,9.8159
3,921.000000,17ef723a912e46713e84fc2b7dd74e23_shot_001_000,lmd,mouth,1.302424
3,921.000000,17ef723a912e46713e84fc2b7dd74e23_shot_001_000,sync_d,mouth,3.737250
3,921.000000,17ef723a912e46713e84fc2b7dd74e23_shot_001_000,sync_c,mouth,7.513896
4,901.000000,17ef723a912e46713e84fc2b7dd74e23_shot_001_000,pixel_mse,mouth,0.00041346
4,901.000000,17ef723a912e46713e84fc2b7dd74e23_shot_001_000,pixel_mse,upper_face,0.00005999
4,901.000000,17ef723a912e46713e84fc2b7dd74e23_shot_001_000,pixel_mse,full,0.00020385
4,901.000000,17ef723a912e46713e84fc2b7dd74e23_shot_001_000,ssim,mouth,0.95418870
4,901.000000,17ef723a912e46713e84fc2b7dd74e23_shot_001_000,ssim,upper_face,0.97600961
4,901.000000,17ef723a912e46713e84fc2b7dd74e23_shot_001_000,ssim,full,0.96712852
4,901.000000,17ef723a912e46713e84fc2b7dd74e23_shot_001_000,lpips,mouth,0.02585916
4,901.000000,17ef723a912e46713e84fc2b7dd74e23_shot_001_000,lpips,full,0.02037483
4,901.000000,17ef723a912e46713e84fc2b7dd74e23_shot_001_000,sharpness,mouth,9.8514
4,901.000000,17ef723a912e46713e84fc2b7dd74e23_shot_001_000,lmd,mouth,1.363745
4,901.000000,17ef723a912e46713e84fc2b7dd74e23_shot_001_000,sync_d,mouth,3.721943
4,901.000000,17ef723a912e46713e84fc2b7dd74e23_shot_001_000,sync_c,mouth,7.472726
5,881.000000,17ef723a912e46713e84fc2b7dd74e23_shot_001_000,pixel_mse,mouth,0.00041350
5,881.000000,17ef723a912e46713e84fc2b7dd74e23_shot_001_000,pixel_mse,upper_face,0.00005791
5,881.000000,17ef723a912e46713e84fc2b7dd74e23_shot_001_000,pixel_mse,full,0.00020264
5,881.000000,17ef723a912e46713e84fc2b7dd74e23_shot_001_000,ssim,mouth,0.95402896
5,881.000000,17ef723a912e46713e84fc2b7dd74e23_shot_001_000,ssim,upper_face,0.97612202
5,881.000000,17ef723a912e46713e84fc2b7dd74e23_shot_001_000,ssim,full,0.96713018
5,881.000000,17ef723a912e46713e84fc2b7dd74e23_shot_001_000,lpips,mouth,0.02589254
5,881.000000,17ef723a912e46713e84fc2b7dd74e23_shot_001_000,lpips,full,0.02023395
5,881.000000,17ef723a912e46713e84fc2b7dd74e23_shot_001_000,sharpness,mouth,9.7472
5,881.000000,17ef723a912e46713e84fc2b7dd74e23_shot_001_000,lmd,mouth,1.347611
5,881.000000,17ef723a912e46713e84fc2b7dd74e23_shot_001_000,sync_d,mouth,3.704305
5,881.000000,17ef723a912e46713e84fc2b7dd74e23_shot_001_000,sync_c,mouth,7.488576
6,861.000000,17ef723a912e46713e84fc2b7dd74e23_shot_001_000,pixel_mse,mouth,0.00040881
6,861.000000,17ef723a912e46713e84fc2b7dd74e23_shot_001_000,pixel_mse,upper_face,0.00005505
6,861.000000,17ef723a912e46713e84fc2b7dd74e23_shot_001_000,pixel_mse,full,0.00019903
6,861.000000,17ef723a912e46713e84fc2b7dd74e23_shot_001_000,ssim,mouth,0.95395190
6,861.000000,17ef723a912e46713e84fc2b7dd74e23_shot_001_000,ssim,upper_face,0.97620571
6,861.000000,17ef723a912e46713e84fc2b7dd74e23_shot_001_000,ssim,full,0.96714842
6,861.000000,17ef723a912e46713e84fc2b7dd74e23_shot_001_000,lpips,mouth,0.02574299
6,861.000000,17ef723a912e46713e84fc2b7dd74e23_shot_001_000,lpips,full,0.02003174
6,861.000000,17ef723a912e46713e84fc2b7dd74e23_shot_001_000,sharpness,mouth,9.6557
6,861.000000,17ef723a912e46713e84fc2b7dd74e23_shot_001_000,lmd,mouth,1.255172
6,861.000000,17ef723a912e46713e84fc2b7dd74e23_shot_001_000,sync_d,mouth,3.746341
6,861.000000,17ef723a912e46713e84fc2b7dd74e23_shot_001_000,sync_c,mouth,7.467381
7,841.000000,17ef723a912e46713e84fc2b7dd74e23_shot_001_000,pixel_mse,mouth,0.00040384
7,841.000000,17ef723a912e46713e84fc2b7dd74e23_shot_001_000,pixel_mse,upper_face,0.00005273
7,841.000000,17ef723a912e46713e84fc2b7dd74e23_shot_001_000,pixel_mse,full,0.00019563
7,841.000000,17ef723a912e46713e84fc2b7dd74e23_shot_001_000,ssim,mouth,0.95409209
7,841.000000,17ef723a912e46713e84fc2b7dd74e23_shot_001_000,ssim,upper_face,0.97638667
7,841.000000,17ef723a912e46713e84fc2b7dd74e23_shot_001_000,ssim,full,0.96731287
7,841.000000,17ef723a912e46713e84fc2b7dd74e23_shot_001_000,lpips,mouth,0.02569477
7,841.000000,17ef723a912e46713e84fc2b7dd74e23_shot_001_000,lpips,full,0.01994223
7,841.000000,17ef723a912e46713e84fc2b7dd74e23_shot_001_000,sharpness,mouth,9.6597
7,841.000000,17ef723a912e46713e84fc2b7dd74e23_shot_001_000,lmd,mouth,1.223242
7,841.000000,17ef723a912e46713e84fc2b7dd74e23_shot_001_000,sync_d,mouth,3.719384
7,841.000000,17ef723a912e46713e84fc2b7dd74e23_shot_001_000,sync_c,mouth,7.403465
8,821.000000,17ef723a912e46713e84fc2b7dd74e23_shot_001_000,pixel_mse,mouth,0.00040056
8,821.000000,17ef723a912e46713e84fc2b7dd74e23_shot_001_000,pixel_mse,upper_face,0.00005172
8,821.000000,17ef723a912e46713e84fc2b7dd74e23_shot_001_000,pixel_mse,full,0.00019370
8,821.000000,17ef723a912e46713e84fc2b7dd74e23_shot_001_000,ssim,mouth,0.95412320
8,821.000000,17ef723a912e46713e84fc2b7dd74e23_shot_001_000,ssim,upper_face,0.97648078
8,821.000000,17ef723a912e46713e84fc2b7dd74e23_shot_001_000,ssim,full,0.96738130
8,821.000000,17ef723a912e46713e84fc2b7dd74e23_shot_001_000,lpips,mouth,0.02556593
8,821.000000,17ef723a912e46713e84fc2b7dd74e23_shot_001_000,lpips,full,0.01976122
8,821.000000,17ef723a912e46713e84fc2b7dd74e23_shot_001_000,sharpness,mouth,9.6423
8,821.000000,17ef723a912e46713e84fc2b7dd74e23_shot_001_000,lmd,mouth,1.258110
8,821.000000,17ef723a912e46713e84fc2b7dd74e23_shot_001_000,sync_d,mouth,3.668375
8,821.000000,17ef723a912e46713e84fc2b7dd74e23_shot_001_000,sync_c,mouth,7.566527
9,801.000000,17ef723a912e46713e84fc2b7dd74e23_shot_001_000,pixel_mse,mouth,0.00039514
9,801.000000,17ef723a912e46713e84fc2b7dd74e23_shot_001_000,pixel_mse,upper_face,0.00005061
9,801.000000,17ef723a912e46713e84fc2b7dd74e23_shot_001_000,pixel_mse,full,0.00019083
9,801.000000,17ef723a912e46713e84fc2b7dd74e23_shot_001_000,ssim,mouth,0.95450556
9,801.000000,17ef723a912e46713e84fc2b7dd74e23_shot_001_000,ssim,upper_face,0.97666168
9,801.000000,17ef723a912e46713e84fc2b7dd74e23_shot_001_000,ssim,full,0.96764421
9,801.000000,17ef723a912e46713e84fc2b7dd74e23_shot_001_000,lpips,mouth,0.02517034
9,801.000000,17ef723a912e46713e84fc2b7dd74e23_shot_001_000,lpips,full,0.01951425
9,801.000000,17ef723a912e46713e84fc2b7dd74e23_shot_001_000,sharpness,mouth,9.5923
9,801.000000,17ef723a912e46713e84fc2b7dd74e23_shot_001_000,lmd,mouth,1.199795
9,801.000000,17ef723a912e46713e84fc2b7dd74e23_shot_001_000,sync_d,mouth,3.761817
9,801.000000,17ef723a912e46713e84fc2b7dd74e23_shot_001_000,sync_c,mouth,7.369622
10,781.000000,17ef723a912e46713e84fc2b7dd74e23_shot_001_000,pixel_mse,mouth,0.00038880
10,781.000000,17ef723a912e46713e84fc2b7dd74e23_shot_001_000,pixel_mse,upper_face,0.00004922
10,781.000000,17ef723a912e46713e84fc2b7dd74e23_shot_001_000,pixel_mse,full,0.00018742
10,781.000000,17ef723a912e46713e84fc2b7dd74e23_shot_001_000,ssim,mouth,0.95475793
10,781.000000,17ef723a912e46713e84fc2b7dd74e23_shot_001_000,ssim,upper_face,0.97671455
10,781.000000,17ef723a912e46713e84fc2b7dd74e23_shot_001_000,ssim,full,0.96777821
10,781.000000,17ef723a912e46713e84fc2b7dd74e23_shot_001_000,lpips,mouth,0.02510782
10,781.000000,17ef723a912e46713e84fc2b7dd74e23_shot_001_000,lpips,full,0.01927050
10,781.000000,17ef723a912e46713e84fc2b7dd74e23_shot_001_000,sharpness,mouth,9.5399
10,781.000000,17ef723a912e46713e84fc2b7dd74e23_shot_001_000,lmd,mouth,1.218239
10,781.000000,17ef723a912e46713e84fc2b7dd74e23_shot_001_000,sync_d,mouth,3.772975
10,781.000000,17ef723a912e46713e84fc2b7dd74e23_shot_001_000,sync_c,mouth,7.537412
11,761.000000,17ef723a912e46713e84fc2b7dd74e23_shot_001_000,pixel_mse,mouth,0.00038288
11,761.000000,17ef723a912e46713e84fc2b7dd74e23_shot_001_000,pixel_mse,upper_face,0.00004822
11,761.000000,17ef723a912e46713e84fc2b7dd74e23_shot_001_000,pixel_mse,full,0.00018442
11,761.000000,17ef723a912e46713e84fc2b7dd74e23_shot_001_000,ssim,mouth,0.95503098
11,761.000000,17ef723a912e46713e84fc2b7dd74e23_shot_001_000,ssim,upper_face,0.97687662
11,761.000000,17ef723a912e46713e84fc2b7dd74e23_shot_001_000,ssim,full,0.96798551
11,761.000000,17ef723a912e46713e84fc2b7dd74e23_shot_001_000,lpips,mouth,0.02487852
11,761.000000,17ef723a912e46713e84fc2b7dd74e23_shot_001_000,lpips,full,0.01909563
11,761.000000,17ef723a912e46713e84fc2b7dd74e23_shot_001_000,sharpness,mouth,9.5551
11,761.000000,17ef723a912e46713e84fc2b7dd74e23_shot_001_000,lmd,mouth,1.261520
11,761.000000,17ef723a912e46713e84fc2b7dd74e23_shot_001_000,sync_d,mouth,3.803832
11,761.000000,17ef723a912e46713e84fc2b7dd74e23_shot_001_000,sync_c,mouth,7.452441
12,741.000000,17ef723a912e46713e84fc2b7dd74e23_shot_001_000,pixel_mse,mouth,0.00038174
12,741.000000,17ef723a912e46713e84fc2b7dd74e23_shot_001_000,pixel_mse,upper_face,0.00004798
12,741.000000,17ef723a912e46713e84fc2b7dd74e23_shot_001_000,pixel_mse,full,0.00018382
12,741.000000,17ef723a912e46713e84fc2b7dd74e23_shot_001_000,ssim,mouth,0.95492148
12,741.000000,17ef723a912e46713e84fc2b7dd74e23_shot_001_000,ssim,upper_face,0.97671247
12,741.000000,17ef723a912e46713e84fc2b7dd74e23_shot_001_000,ssim,full,0.96784353
12,741.000000,17ef723a912e46713e84fc2b7dd74e23_shot_001_000,lpips,mouth,0.02535921
12,741.000000,17ef723a912e46713e84fc2b7dd74e23_shot_001_000,lpips,full,0.01927395
12,741.000000,17ef723a912e46713e84fc2b7dd74e23_shot_001_000,sharpness,mouth,9.4131
12,741.000000,17ef723a912e46713e84fc2b7dd74e23_shot_001_000,lmd,mouth,1.186924
12,741.000000,17ef723a912e46713e84fc2b7dd74e23_shot_001_000,sync_d,mouth,3.861047
12,741.000000,17ef723a912e46713e84fc2b7dd74e23_shot_001_000,sync_c,mouth,7.386104
13,721.000000,17ef723a912e46713e84fc2b7dd74e23_shot_001_000,pixel_mse,mouth,0.00038042
13,721.000000,17ef723a912e46713e84fc2b7dd74e23_shot_001_000,pixel_mse,upper_face,0.00004783
13,721.000000,17ef723a912e46713e84fc2b7dd74e23_shot_001_000,pixel_mse,full,0.00018319
13,721.000000,17ef723a912e46713e84fc2b7dd74e23_shot_001_000,ssim,mouth,0.95502824
13,721.000000,17ef723a912e46713e84fc2b7dd74e23_shot_001_000,ssim,upper_face,0.97672367
13,721.000000,17ef723a912e46713e84fc2b7dd74e23_shot_001_000,ssim,full,0.96789372
13,721.000000,17ef723a912e46713e84fc2b7dd74e23_shot_001_000,lpips,mouth,0.02549379
13,721.000000,17ef723a912e46713e84fc2b7dd74e23_shot_001_000,lpips,full,0.01917120
13,721.000000,17ef723a912e46713e84fc2b7dd74e23_shot_001_000,sharpness,mouth,9.3834
13,721.000000,17ef723a912e46713e84fc2b7dd74e23_shot_001_000,lmd,mouth,1.275982
13,721.000000,17ef723a912e46713e84fc2b7dd74e23_shot_001_000,sync_d,mouth,3.778804
13,721.000000,17ef723a912e46713e84fc2b7dd74e23_shot_001_000,sync_c,mouth,7.537138
14,701.000000,17ef723a912e46713e84fc2b7dd74e23_shot_001_000,pixel_mse,mouth,0.00037277
14,701.000000,17ef723a912e46713e84fc2b7dd74e23_shot_001_000,pixel_mse,upper_face,0.00004680
14,701.000000,17ef723a912e46713e84fc2b7dd74e23_shot_001_000,pixel_mse,full,0.00017947
14,701.000000,17ef723a912e46713e84fc2b7dd74e23_shot_001_000,ssim,mouth,0.95549071
14,701.000000,17ef723a912e46713e84fc2b7dd74e23_shot_001_000,ssim,upper_face,0.97687364
14,701.000000,17ef723a912e46713e84fc2b7dd74e23_shot_001_000,ssim,full,0.96817088
14,701.000000,17ef723a912e46713e84fc2b7dd74e23_shot_001_000,lpips,mouth,0.02515482
14,701.000000,17ef723a912e46713e84fc2b7dd74e23_shot_001_000,lpips,full,0.01911715
14,701.000000,17ef723a912e46713e84fc2b7dd74e23_shot_001_000,sharpness,mouth,9.3463
14,701.000000,17ef723a912e46713e84fc2b7dd74e23_shot_001_000,lmd,mouth,1.209399
14,701.000000,17ef723a912e46713e84fc2b7dd74e23_shot_001_000,sync_d,mouth,3.738101
14,701.000000,17ef723a912e46713e84fc2b7dd74e23_shot_001_000,sync_c,mouth,7.175053
15,681.000000,17ef723a912e46713e84fc2b7dd74e23_shot_001_000,pixel_mse,mouth,0.00036695
15,681.000000,17ef723a912e46713e84fc2b7dd74e23_shot_001_000,pixel_mse,upper_face,0.00004585
15,681.000000,17ef723a912e46713e84fc2b7dd74e23_shot_001_000,pixel_mse,full,0.00017654
15,681.000000,17ef723a912e46713e84fc2b7dd74e23_shot_001_000,ssim,mouth,0.95577091
15,681.000000,17ef723a912e46713e84fc2b7dd74e23_shot_001_000,ssim,upper_face,0.97705901
15,681.000000,17ef723a912e46713e84fc2b7dd74e23_shot_001_000,ssim,full,0.96839476
15,681.000000,17ef723a912e46713e84fc2b7dd74e23_shot_001_000,lpips,mouth,0.02513583
15,681.000000,17ef723a912e46713e84fc2b7dd74e23_shot_001_000,lpips,full,0.01883280
15,681.000000,17ef723a912e46713e84fc2b7dd74e23_shot_001_000,sharpness,mouth,9.3561
15,681.000000,17ef723a912e46713e84fc2b7dd74e23_shot_001_000,lmd,mouth,1.191159
15,681.000000,17ef723a912e46713e84fc2b7dd74e23_shot_001_000,sync_d,mouth,3.760651
15,681.000000,17ef723a912e46713e84fc2b7dd74e23_shot_001_000,sync_c,mouth,7.368293
16,661.000000,17ef723a912e46713e84fc2b7dd74e23_shot_001_000,pixel_mse,mouth,0.00036169
16,661.000000,17ef723a912e46713e84fc2b7dd74e23_shot_001_000,pixel_mse,upper_face,0.00004556
16,661.000000,17ef723a912e46713e84fc2b7dd74e23_shot_001_000,pixel_mse,full,0.00017423
16,661.000000,17ef723a912e46713e84fc2b7dd74e23_shot_001_000,ssim,mouth,0.95612526
16,661.000000,17ef723a912e46713e84fc2b7dd74e23_shot_001_000,ssim,upper_face,0.97705162
16,661.000000,17ef723a912e46713e84fc2b7dd74e23_shot_001_000,ssim,full,0.96853459
16,661.000000,17ef723a912e46713e84fc2b7dd74e23_shot_001_000,lpips,mouth,0.02475349
16,661.000000,17ef723a912e46713e84fc2b7dd74e23_shot_001_000,lpips,full,0.01868587
16,661.000000,17ef723a912e46713e84fc2b7dd74e23_shot_001_000,sharpness,mouth,9.3057
16,661.000000,17ef723a912e46713e84fc2b7dd74e23_shot_001_000,lmd,mouth,1.231487
16,661.000000,17ef723a912e46713e84fc2b7dd74e23_shot_001_000,sync_d,mouth,3.726920
16,661.000000,17ef723a912e46713e84fc2b7dd74e23_shot_001_000,sync_c,mouth,7.286612
17,641.000000,17ef723a912e46713e84fc2b7dd74e23_shot_001_000,pixel_mse,mouth,0.00035641
17,641.000000,17ef723a912e46713e84fc2b7dd74e23_shot_001_000,pixel_mse,upper_face,0.00004481
17,641.000000,17ef723a912e46713e84fc2b7dd74e23_shot_001_000,pixel_mse,full,0.00017163
17,641.000000,17ef723a912e46713e84fc2b7dd74e23_shot_001_000,ssim,mouth,0.95627940
17,641.000000,17ef723a912e46713e84fc2b7dd74e23_shot_001_000,ssim,upper_face,0.97728080
17,641.000000,17ef723a912e46713e84fc2b7dd74e23_shot_001_000,ssim,full,0.96873325
17,641.000000,17ef723a912e46713e84fc2b7dd74e23_shot_001_000,lpips,mouth,0.02464317
17,641.000000,17ef723a912e46713e84fc2b7dd74e23_shot_001_000,lpips,full,0.01860931
17,641.000000,17ef723a912e46713e84fc2b7dd74e23_shot_001_000,sharpness,mouth,9.3263
17,641.000000,17ef723a912e46713e84fc2b7dd74e23_shot_001_000,lmd,mouth,1.250189
17,641.000000,17ef723a912e46713e84fc2b7dd74e23_shot_001_000,sync_d,mouth,3.739505
17,641.000000,17ef723a912e46713e84fc2b7dd74e23_shot_001_000,sync_c,mouth,7.426167
18,621.000000,17ef723a912e46713e84fc2b7dd74e23_shot_001_000,pixel_mse,mouth,0.00035127
18,621.000000,17ef723a912e46713e84fc2b7dd74e23_shot_001_000,pixel_mse,upper_face,0.00004446
18,621.000000,17ef723a912e46713e84fc2b7dd74e23_shot_001_000,pixel_mse,full,0.00016933
18,621.000000,17ef723a912e46713e84fc2b7dd74e23_shot_001_000,ssim,mouth,0.95658255
18,621.000000,17ef723a912e46713e84fc2b7dd74e23_shot_001_000,ssim,upper_face,0.97732788
18,621.000000,17ef723a912e46713e84fc2b7dd74e23_shot_001_000,ssim,full,0.96888447
18,621.000000,17ef723a912e46713e84fc2b7dd74e23_shot_001_000,lpips,mouth,0.02423744
18,621.000000,17ef723a912e46713e84fc2b7dd74e23_shot_001_000,lpips,full,0.01846763
18,621.000000,17ef723a912e46713e84fc2b7dd74e23_shot_001_000,sharpness,mouth,9.2639
18,621.000000,17ef723a912e46713e84fc2b7dd74e23_shot_001_000,lmd,mouth,1.173783
18,621.000000,17ef723a912e46713e84fc2b7dd74e23_shot_001_000,sync_d,mouth,3.791050
18,621.000000,17ef723a912e46713e84fc2b7dd74e23_shot_001_000,sync_c,mouth,7.331185
19,601.000000,17ef723a912e46713e84fc2b7dd74e23_shot_001_000,pixel_mse,mouth,0.00034629
19,601.000000,17ef723a912e46713e84fc2b7dd74e23_shot_001_000,pixel_mse,upper_face,0.00004406
19,601.000000,17ef723a912e46713e84fc2b7dd74e23_shot_001_000,pixel_mse,full,0.00016706
19,601.000000,17ef723a912e46713e84fc2b7dd74e23_shot_001_000,ssim,mouth,0.95678627
19,601.000000,17ef723a912e46713e84fc2b7dd74e23_shot_001_000,ssim,upper_face,0.97737479
19,601.000000,17ef723a912e46713e84fc2b7dd74e23_shot_001_000,ssim,full,0.96899527
19,601.000000,17ef723a912e46713e84fc2b7dd74e23_shot_001_000,lpips,mouth,0.02405316
19,601.000000,17ef723a912e46713e84fc2b7dd74e23_shot_001_000,lpips,full,0.01832544
19,601.000000,17ef723a912e46713e84fc2b7dd74e23_shot_001_000,sharpness,mouth,9.2873
19,601.000000,17ef723a912e46713e84fc2b7dd74e23_shot_001_000,lmd,mouth,1.204900
19,601.000000,17ef723a912e46713e84fc2b7dd74e23_shot_001_000,sync_d,mouth,3.786100
19,601.000000,17ef723a912e46713e84fc2b7dd74e23_shot_001_000,sync_c,mouth,7.327623
20,581.000000,17ef723a912e46713e84fc2b7dd74e23_shot_001_000,pixel_mse,mouth,0.00034363
20,581.000000,17ef723a912e46713e84fc2b7dd74e23_shot_001_000,pixel_mse,upper_face,0.00004412
20,581.000000,17ef723a912e46713e84fc2b7dd74e23_shot_001_000,pixel_mse,full,0.00016602
20,581.000000,17ef723a912e46713e84fc2b7dd74e23_shot_001_000,ssim,mouth,0.95688176
20,581.000000,17ef723a912e46713e84fc2b7dd74e23_shot_001_000,ssim,upper_face,0.97735912
20,581.000000,17ef723a912e46713e84fc2b7dd74e23_shot_001_000,ssim,full,0.96902490
20,581.000000,17ef723a912e46713e84fc2b7dd74e23_shot_001_000,lpips,mouth,0.02411991
20,581.000000,17ef723a912e46713e84fc2b7dd74e23_shot_001_000,lpips,full,0.01844127
20,581.000000,17ef723a912e46713e84fc2b7dd74e23_shot_001_000,sharpness,mouth,9.2482
20,581.000000,17ef723a912e46713e84fc2b7dd74e23_shot_001_000,lmd,mouth,1.211754
20,581.000000,17ef723a912e46713e84fc2b7dd74e23_shot_001_000,sync_d,mouth,3.835066
20,581.000000,17ef723a912e46713e84fc2b7dd74e23_shot_001_000,sync_c,mouth,7.598903
21,561.000000,17ef723a912e46713e84fc2b7dd74e23_shot_001_000,pixel_mse,mouth,0.00033772
21,561.000000,17ef723a912e46713e84fc2b7dd74e23_shot_001_000,pixel_mse,upper_face,0.00004375
21,561.000000,17ef723a912e46713e84fc2b7dd74e23_shot_001_000,pixel_mse,full,0.00016340
21,561.000000,17ef723a912e46713e84fc2b7dd74e23_shot_001_000,ssim,mouth,0.95721835
21,561.000000,17ef723a912e46713e84fc2b7dd74e23_shot_001_000,ssim,upper_face,0.97740436
21,561.000000,17ef723a912e46713e84fc2b7dd74e23_shot_001_000,ssim,full,0.96918869
21,561.000000,17ef723a912e46713e84fc2b7dd74e23_shot_001_000,lpips,mouth,0.02382260
21,561.000000,17ef723a912e46713e84fc2b7dd74e23_shot_001_000,lpips,full,0.01813539
21,561.000000,17ef723a912e46713e84fc2b7dd74e23_shot_001_000,sharpness,mouth,9.1639
21,561.000000,17ef723a912e46713e84fc2b7dd74e23_shot_001_000,lmd,mouth,1.234788
21,561.000000,17ef723a912e46713e84fc2b7dd74e23_shot_001_000,sync_d,mouth,3.828024
21,561.000000,17ef723a912e46713e84fc2b7dd74e23_shot_001_000,sync_c,mouth,7.482827
22,541.000000,17ef723a912e46713e84fc2b7dd74e23_shot_001_000,pixel_mse,mouth,0.00033507
22,541.000000,17ef723a912e46713e84fc2b7dd74e23_shot_001_000,pixel_mse,upper_face,0.00004303
22,541.000000,17ef723a912e46713e84fc2b7dd74e23_shot_001_000,pixel_mse,full,0.00016189
22,541.000000,17ef723a912e46713e84fc2b7dd74e23_shot_001_000,ssim,mouth,0.95737219
22,541.000000,17ef723a912e46713e84fc2b7dd74e23_shot_001_000,ssim,upper_face,0.97755873
22,541.000000,17ef723a912e46713e84fc2b7dd74e23_shot_001_000,ssim,full,0.96934283
22,541.000000,17ef723a912e46713e84fc2b7dd74e23_shot_001_000,lpips,mouth,0.02371321
22,541.000000,17ef723a912e46713e84fc2b7dd74e23_shot_001_000,lpips,full,0.01804242
22,541.000000,17ef723a912e46713e84fc2b7dd74e23_shot_001_000,sharpness,mouth,9.2042
22,541.000000,17ef723a912e46713e84fc2b7dd74e23_shot_001_000,lmd,mouth,1.197815
22,541.000000,17ef723a912e46713e84fc2b7dd74e23_shot_001_000,sync_d,mouth,3.849508
22,541.000000,17ef723a912e46713e84fc2b7dd74e23_shot_001_000,sync_c,mouth,7.232463
23,521.000000,17ef723a912e46713e84fc2b7dd74e23_shot_001_000,pixel_mse,mouth,0.00033064
23,521.000000,17ef723a912e46713e84fc2b7dd74e23_shot_001_000,pixel_mse,upper_face,0.00004320
23,521.000000,17ef723a912e46713e84fc2b7dd74e23_shot_001_000,pixel_mse,full,0.00016019
23,521.000000,17ef723a912e46713e84fc2b7dd74e23_shot_001_000,ssim,mouth,0.95747715
23,521.000000,17ef723a912e46713e84fc2b7dd74e23_shot_001_000,ssim,upper_face,0.97754383
23,521.000000,17ef723a912e46713e84fc2b7dd74e23_shot_001_000,ssim,full,0.96937668
23,521.000000,17ef723a912e46713e84fc2b7dd74e23_shot_001_000,lpips,mouth,0.02372803
23,521.000000,17ef723a912e46713e84fc2b7dd74e23_shot_001_000,lpips,full,0.01811324
23,521.000000,17ef723a912e46713e84fc2b7dd74e23_shot_001_000,sharpness,mouth,9.1715
23,521.000000,17ef723a912e46713e84fc2b7dd74e23_shot_001_000,lmd,mouth,1.110382
23,521.000000,17ef723a912e46713e84fc2b7dd74e23_shot_001_000,sync_d,mouth,3.806474
23,521.000000,17ef723a912e46713e84fc2b7dd74e23_shot_001_000,sync_c,mouth,7.139554
24,501.000000,17ef723a912e46713e84fc2b7dd74e23_shot_001_000,pixel_mse,mouth,0.00032776
24,501.000000,17ef723a912e46713e84fc2b7dd74e23_shot_001_000,pixel_mse,upper_face,0.00004243
24,501.000000,17ef723a912e46713e84fc2b7dd74e23_shot_001_000,pixel_mse,full,0.00015856
24,501.000000,17ef723a912e46713e84fc2b7dd74e23_shot_001_000,ssim,mouth,0.95763481
24,501.000000,17ef723a912e46713e84fc2b7dd74e23_shot_001_000,ssim,upper_face,0.97768164
24,501.000000,17ef723a912e46713e84fc2b7dd74e23_shot_001_000,ssim,full,0.96952260
24,501.000000,17ef723a912e46713e84fc2b7dd74e23_shot_001_000,lpips,mouth,0.02340550
24,501.000000,17ef723a912e46713e84fc2b7dd74e23_shot_001_000,lpips,full,0.01790952
24,501.000000,17ef723a912e46713e84fc2b7dd74e23_shot_001_000,sharpness,mouth,9.1596
24,501.000000,17ef723a912e46713e84fc2b7dd74e23_shot_001_000,lmd,mouth,1.160618
24,501.000000,17ef723a912e46713e84fc2b7dd74e23_shot_001_000,sync_d,mouth,3.798237
24,501.000000,17ef723a912e46713e84fc2b7dd74e23_shot_001_000,sync_c,mouth,7.135287
25,481.000000,17ef723a912e46713e84fc2b7dd74e23_shot_001_000,pixel_mse,mouth,0.00032340
25,481.000000,17ef723a912e46713e84fc2b7dd74e23_shot_001_000,pixel_mse,upper_face,0.00004243
25,481.000000,17ef723a912e46713e84fc2b7dd74e23_shot_001_000,pixel_mse,full,0.00015678
25,481.000000,17ef723a912e46713e84fc2b7dd74e23_shot_001_000,ssim,mouth,0.95785427
25,481.000000,17ef723a912e46713e84fc2b7dd74e23_shot_001_000,ssim,upper_face,0.97764140
25,481.000000,17ef723a912e46713e84fc2b7dd74e23_shot_001_000,ssim,full,0.96958804
25,481.000000,17ef723a912e46713e84fc2b7dd74e23_shot_001_000,lpips,mouth,0.02332376
25,481.000000,17ef723a912e46713e84fc2b7dd74e23_shot_001_000,lpips,full,0.01776081
25,481.000000,17ef723a912e46713e84fc2b7dd74e23_shot_001_000,sharpness,mouth,9.1548
25,481.000000,17ef723a912e46713e84fc2b7dd74e23_shot_001_000,lmd,mouth,1.133853
25,481.000000,17ef723a912e46713e84fc2b7dd74e23_shot_001_000,sync_d,mouth,3.853246
25,481.000000,17ef723a912e46713e84fc2b7dd74e23_shot_001_000,sync_c,mouth,7.277481
26,461.000000,17ef723a912e46713e84fc2b7dd74e23_shot_001_000,pixel_mse,mouth,0.00032116
26,461.000000,17ef723a912e46713e84fc2b7dd74e23_shot_001_000,pixel_mse,upper_face,0.00004252
26,461.000000,17ef723a912e46713e84fc2b7dd74e23_shot_001_000,pixel_mse,full,0.00015592
26,461.000000,17ef723a912e46713e84fc2b7dd74e23_shot_001_000,ssim,mouth,0.95796013
26,461.000000,17ef723a912e46713e84fc2b7dd74e23_shot_001_000,ssim,upper_face,0.97766286
26,461.000000,17ef723a912e46713e84fc2b7dd74e23_shot_001_000,ssim,full,0.96964395
26,461.000000,17ef723a912e46713e84fc2b7dd74e23_shot_001_000,lpips,mouth,0.02334064
26,461.000000,17ef723a912e46713e84fc2b7dd74e23_shot_001_000,lpips,full,0.01789143
26,461.000000,17ef723a912e46713e84fc2b7dd74e23_shot_001_000,sharpness,mouth,9.1293
26,461.000000,17ef723a912e46713e84fc2b7dd74e23_shot_001_000,lmd,mouth,1.180278
26,461.000000,17ef723a912e46713e84fc2b7dd74e23_shot_001_000,sync_d,mouth,3.855346
26,461.000000,17ef723a912e46713e84fc2b7dd74e23_shot_001_000,sync_c,mouth,7.151892
27,441.000000,17ef723a912e46713e84fc2b7dd74e23_shot_001_000,pixel_mse,mouth,0.00031784
27,441.000000,17ef723a912e46713e84fc2b7dd74e23_shot_001_000,pixel_mse,upper_face,0.00004223
27,441.000000,17ef723a912e46713e84fc2b7dd74e23_shot_001_000,pixel_mse,full,0.00015440
27,441.000000,17ef723a912e46713e84fc2b7dd74e23_shot_001_000,ssim,mouth,0.95811832
27,441.000000,17ef723a912e46713e84fc2b7dd74e23_shot_001_000,ssim,upper_face,0.97765577
27,441.000000,17ef723a912e46713e84fc2b7dd74e23_shot_001_000,ssim,full,0.96970409
27,441.000000,17ef723a912e46713e84fc2b7dd74e23_shot_001_000,lpips,mouth,0.02324839
27,441.000000,17ef723a912e46713e84fc2b7dd74e23_shot_001_000,lpips,full,0.01766602
27,441.000000,17ef723a912e46713e84fc2b7dd74e23_shot_001_000,sharpness,mouth,9.1464
27,441.000000,17ef723a912e46713e84fc2b7dd74e23_shot_001_000,lmd,mouth,1.137495
27,441.000000,17ef723a912e46713e84fc2b7dd74e23_shot_001_000,sync_d,mouth,3.755429
27,441.000000,17ef723a912e46713e84fc2b7dd74e23_shot_001_000,sync_c,mouth,7.233141
28,421.000000,17ef723a912e46713e84fc2b7dd74e23_shot_001_000,pixel_mse,mouth,0.00031541
28,421.000000,17ef723a912e46713e84fc2b7dd74e23_shot_001_000,pixel_mse,upper_face,0.00004194
28,421.000000,17ef723a912e46713e84fc2b7dd74e23_shot_001_000,pixel_mse,full,0.00015324
28,421.000000,17ef723a912e46713e84fc2b7dd74e23_shot_001_000,ssim,mouth,0.95823640
28,421.000000,17ef723a912e46713e84fc2b7dd74e23_shot_001_000,ssim,upper_face,0.97774434
28,421.000000,17ef723a912e46713e84fc2b7dd74e23_shot_001_000,ssim,full,0.96980464
28,421.000000,17ef723a912e46713e84fc2b7dd74e23_shot_001_000,lpips,mouth,0.02291358
28,421.000000,17ef723a912e46713e84fc2b7dd74e23_shot_001_000,lpips,full,0.01762496
28,421.000000,17ef723a912e46713e84fc2b7dd74e23_shot_001_000,sharpness,mouth,9.0860
28,421.000000,17ef723a912e46713e84fc2b7dd74e23_shot_001_000,lmd,mouth,1.194807
28,421.000000,17ef723a912e46713e84fc2b7dd74e23_shot_001_000,sync_d,mouth,3.744057
28,421.000000,17ef723a912e46713e84fc2b7dd74e23_shot_001_000,sync_c,mouth,7.431744
29,401.000000,17ef723a912e46713e84fc2b7dd74e23_shot_001_000,pixel_mse,mouth,0.00031326
29,401.000000,17ef723a912e46713e84fc2b7dd74e23_shot_001_000,pixel_mse,upper_face,0.00004202
29,401.000000,17ef723a912e46713e84fc2b7dd74e23_shot_001_000,pixel_mse,full,0.00015241
29,401.000000,17ef723a912e46713e84fc2b7dd74e23_shot_001_000,ssim,mouth,0.95830870
29,401.000000,17ef723a912e46713e84fc2b7dd74e23_shot_001_000,ssim,upper_face,0.97772503
29,401.000000,17ef723a912e46713e84fc2b7dd74e23_shot_001_000,ssim,full,0.96982265
29,401.000000,17ef723a912e46713e84fc2b7dd74e23_shot_001_000,lpips,mouth,0.02321280
29,401.000000,17ef723a912e46713e84fc2b7dd74e23_shot_001_000,lpips,full,0.01777165
29,401.000000,17ef723a912e46713e84fc2b7dd74e23_shot_001_000,sharpness,mouth,9.0232
29,401.000000,17ef723a912e46713e84fc2b7dd74e23_shot_001_000,lmd,mouth,1.121392
29,401.000000,17ef723a912e46713e84fc2b7dd74e23_shot_001_000,sync_d,mouth,3.802034
29,401.000000,17ef723a912e46713e84fc2b7dd74e23_shot_001_000,sync_c,mouth,7.143507
30,381.000000,17ef723a912e46713e84fc2b7dd74e23_shot_001_000,pixel_mse,mouth,0.00031133
30,381.000000,17ef723a912e46713e84fc2b7dd74e23_shot_001_000,pixel_mse,upper_face,0.00004182
30,381.000000,17ef723a912e46713e84fc2b7dd74e23_shot_001_000,pixel_mse,full,0.00015151
30,381.000000,17ef723a912e46713e84fc2b7dd74e23_shot_001_000,ssim,mouth,0.95833248
30,381.000000,17ef723a912e46713e84fc2b7dd74e23_shot_001_000,ssim,upper_face,0.97777164
30,381.000000,17ef723a912e46713e84fc2b7dd74e23_shot_001_000,ssim,full,0.96985996
30,381.000000,17ef723a912e46713e84fc2b7dd74e23_shot_001_000,lpips,mouth,0.02306528
30,381.000000,17ef723a912e46713e84fc2b7dd74e23_shot_001_000,lpips,full,0.01756236
30,381.000000,17ef723a912e46713e84fc2b7dd74e23_shot_001_000,sharpness,mouth,9.0373
30,381.000000,17ef723a912e46713e84fc2b7dd74e23_shot_001_000,lmd,mouth,1.241774
30,381.000000,17ef723a912e46713e84fc2b7dd74e23_shot_001_000,sync_d,mouth,3.920434
30,381.000000,17ef723a912e46713e84fc2b7dd74e23_shot_001_000,sync_c,mouth,7.183715
31,361.000000,17ef723a912e46713e84fc2b7dd74e23_shot_001_000,pixel_mse,mouth,0.00030799
31,361.000000,17ef723a912e46713e84fc2b7dd74e23_shot_001_000,pixel_mse,upper_face,0.00004175
31,361.000000,17ef723a912e46713e84fc2b7dd74e23_shot_001_000,pixel_mse,full,0.00015011
31,361.000000,17ef723a912e46713e84fc2b7dd74e23_shot_001_000,ssim,mouth,0.95853603
31,361.000000,17ef723a912e46713e84fc2b7dd74e23_shot_001_000,ssim,upper_face,0.97775829
31,361.000000,17ef723a912e46713e84fc2b7dd74e23_shot_001_000,ssim,full,0.96993488
31,361.000000,17ef723a912e46713e84fc2b7dd74e23_shot_001_000,lpips,mouth,0.02292443
31,361.000000,17ef723a912e46713e84fc2b7dd74e23_shot_001_000,lpips,full,0.01759961
31,361.000000,17ef723a912e46713e84fc2b7dd74e23_shot_001_000,sharpness,mouth,9.0202
31,361.000000,17ef723a912e46713e84fc2b7dd74e23_shot_001_000,lmd,mouth,1.133523
31,361.000000,17ef723a912e46713e84fc2b7dd74e23_shot_001_000,sync_d,mouth,3.752191
31,361.000000,17ef723a912e46713e84fc2b7dd74e23_shot_001_000,sync_c,mouth,7.410888
32,341.000000,17ef723a912e46713e84fc2b7dd74e23_shot_001_000,pixel_mse,mouth,0.00030692
32,341.000000,17ef723a912e46713e84fc2b7dd74e23_shot_001_000,pixel_mse,upper_face,0.00004134
32,341.000000,17ef723a912e46713e84fc2b7dd74e23_shot_001_000,pixel_mse,full,0.00014943
32,341.000000,17ef723a912e46713e84fc2b7dd74e23_shot_001_000,ssim,mouth,0.95859921
32,341.000000,17ef723a912e46713e84fc2b7dd74e23_shot_001_000,ssim,upper_face,0.97785825
32,341.000000,17ef723a912e46713e84fc2b7dd74e23_shot_001_000,ssim,full,0.97001994
32,341.000000,17ef723a912e46713e84fc2b7dd74e23_shot_001_000,lpips,mouth,0.02299510
32,341.000000,17ef723a912e46713e84fc2b7dd74e23_shot_001_000,lpips,full,0.01758350
32,341.000000,17ef723a912e46713e84fc2b7dd74e23_shot_001_000,sharpness,mouth,9.0439
32,341.000000,17ef723a912e46713e84fc2b7dd74e23_shot_001_000,lmd,mouth,1.141559
32,341.000000,17ef723a912e46713e84fc2b7dd74e23_shot_001_000,sync_d,mouth,3.879793
32,341.000000,17ef723a912e46713e84fc2b7dd74e23_shot_001_000,sync_c,mouth,7.427205
33,321.000000,17ef723a912e46713e84fc2b7dd74e23_shot_001_000,pixel_mse,mouth,0.00030609
33,321.000000,17ef723a912e46713e84fc2b7dd74e23_shot_001_000,pixel_mse,upper_face,0.00004155
33,321.000000,17ef723a912e46713e84fc2b7dd74e23_shot_001_000,pixel_mse,full,0.00014922
33,321.000000,17ef723a912e46713e84fc2b7dd74e23_shot_001_000,ssim,mouth,0.95854735
33,321.000000,17ef723a912e46713e84fc2b7dd74e23_shot_001_000,ssim,upper_face,0.97780555
33,321.000000,17ef723a912e46713e84fc2b7dd74e23_shot_001_000,ssim,full,0.96996748
33,321.000000,17ef723a912e46713e84fc2b7dd74e23_shot_001_000,lpips,mouth,0.02326869
33,321.000000,17ef723a912e46713e84fc2b7dd74e23_shot_001_000,lpips,full,0.01772206
33,321.000000,17ef723a912e46713e84fc2b7dd74e23_shot_001_000,sharpness,mouth,9.0286
33,321.000000,17ef723a912e46713e84fc2b7dd74e23_shot_001_000,lmd,mouth,1.107701
33,321.000000,17ef723a912e46713e84fc2b7dd74e23_shot_001_000,sync_d,mouth,3.865520
33,321.000000,17ef723a912e46713e84fc2b7dd74e23_shot_001_000,sync_c,mouth,7.230155
34,301.000000,17ef723a912e46713e84fc2b7dd74e23_shot_001_000,pixel_mse,mouth,0.00030466
34,301.000000,17ef723a912e46713e84fc2b7dd74e23_shot_001_000,pixel_mse,upper_face,0.00004144
34,301.000000,17ef723a912e46713e84fc2b7dd74e23_shot_001_000,pixel_mse,full,0.00014857
34,301.000000,17ef723a912e46713e84fc2b7dd74e23_shot_001_000,ssim,mouth,0.95857751
34,301.000000,17ef723a912e46713e84fc2b7dd74e23_shot_001_000,ssim,upper_face,0.97780615
34,301.000000,17ef723a912e46713e84fc2b7dd74e23_shot_001_000,ssim,full,0.96998012
34,301.000000,17ef723a912e46713e84fc2b7dd74e23_shot_001_000,lpips,mouth,0.02293847
34,301.000000,17ef723a912e46713e84fc2b7dd74e23_shot_001_000,lpips,full,0.01758110
34,301.000000,17ef723a912e46713e84fc2b7dd74e23_shot_001_000,sharpness,mouth,8.9499
34,301.000000,17ef723a912e46713e84fc2b7dd74e23_shot_001_000,lmd,mouth,1.111541
34,301.000000,17ef723a912e46713e84fc2b7dd74e23_shot_001_000,sync_d,mouth,3.781167
34,301.000000,17ef723a912e46713e84fc2b7dd74e23_shot_001_000,sync_c,mouth,7.250824
35,281.000000,17ef723a912e46713e84fc2b7dd74e23_shot_001_000,pixel_mse,mouth,0.00030407
35,281.000000,17ef723a912e46713e84fc2b7dd74e23_shot_001_000,pixel_mse,upper_face,0.00004107
35,281.000000,17ef723a912e46713e84fc2b7dd74e23_shot_001_000,pixel_mse,full,0.00014811
35,281.000000,17ef723a912e46713e84fc2b7dd74e23_shot_001_000,ssim,mouth,0.95866251
35,281.000000,17ef723a912e46713e84fc2b7dd74e23_shot_001_000,ssim,upper_face,0.97787786
35,281.000000,17ef723a912e46713e84fc2b7dd74e23_shot_001_000,ssim,full,0.97005725
35,281.000000,17ef723a912e46713e84fc2b7dd74e23_shot_001_000,lpips,mouth,0.02279140
35,281.000000,17ef723a912e46713e84fc2b7dd74e23_shot_001_000,lpips,full,0.01749585
35,281.000000,17ef723a912e46713e84fc2b7dd74e23_shot_001_000,sharpness,mouth,8.9665
35,281.000000,17ef723a912e46713e84fc2b7dd74e23_shot_001_000,lmd,mouth,1.132374
35,281.000000,17ef723a912e46713e84fc2b7dd74e23_shot_001_000,sync_d,mouth,3.785085
35,281.000000,17ef723a912e46713e84fc2b7dd74e23_shot_001_000,sync_c,mouth,7.077907
36,261.000000,17ef723a912e46713e84fc2b7dd74e23_shot_001_000,pixel_mse,mouth,0.00030286
36,261.000000,17ef723a912e46713e84fc2b7dd74e23_shot_001_000,pixel_mse,upper_face,0.00004117
36,261.000000,17ef723a912e46713e84fc2b7dd74e23_shot_001_000,pixel_mse,full,0.00014768
36,261.000000,17ef723a912e46713e84fc2b7dd74e23_shot_001_000,ssim,mouth,0.95870125
36,261.000000,17ef723a912e46713e84fc2b7dd74e23_shot_001_000,ssim,upper_face,0.97785479
36,261.000000,17ef723a912e46713e84fc2b7dd74e23_shot_001_000,ssim,full,0.97005928
36,261.000000,17ef723a912e46713e84fc2b7dd74e23_shot_001_000,lpips,mouth,0.02307571
36,261.000000,17ef723a912e46713e84fc2b7dd74e23_shot_001_000,lpips,full,0.01754094
36,261.000000,17ef723a912e46713e84fc2b7dd74e23_shot_001_000,sharpness,mouth,8.9817
36,261.000000,17ef723a912e46713e84fc2b7dd74e23_shot_001_000,lmd,mouth,1.087846
36,261.000000,17ef723a912e46713e84fc2b7dd74e23_shot_001_000,sync_d,mouth,3.740615
36,261.000000,17ef723a912e46713e84fc2b7dd74e23_shot_001_000,sync_c,mouth,7.290967
37,241.000000,17ef723a912e46713e84fc2b7dd74e23_shot_001_000,pixel_mse,mouth,0.00030260
37,241.000000,17ef723a912e46713e84fc2b7dd74e23_shot_001_000,pixel_mse,upper_face,0.00004115
37,241.000000,17ef723a912e46713e84fc2b7dd74e23_shot_001_000,pixel_mse,full,0.00014756
37,241.000000,17ef723a912e46713e84fc2b7dd74e23_shot_001_000,ssim,mouth,0.95862466
37,241.000000,17ef723a912e46713e84fc2b7dd74e23_shot_001_000,ssim,upper_face,0.97788066
37,241.000000,17ef723a912e46713e84fc2b7dd74e23_shot_001_000,ssim,full,0.97004348
37,241.000000,17ef723a912e46713e84fc2b7dd74e23_shot_001_000,lpips,mouth,0.02290719
37,241.000000,17ef723a912e46713e84fc2b7dd74e23_shot_001_000,lpips,full,0.01760822
37,241.000000,17ef723a912e46713e84fc2b7dd74e23_shot_001_000,sharpness,mouth,8.9533
37,241.000000,17ef723a912e46713e84fc2b7dd74e23_shot_001_000,lmd,mouth,1.145462
37,241.000000,17ef723a912e46713e84fc2b7dd74e23_shot_001_000,sync_d,mouth,3.812286
37,241.000000,17ef723a912e46713e84fc2b7dd74e23_shot_001_000,sync_c,mouth,6.945861
38,221.000000,17ef723a912e46713e84fc2b7dd74e23_shot_001_000,pixel_mse,mouth,0.00030224
38,221.000000,17ef723a912e46713e84fc2b7dd74e23_shot_001_000,pixel_mse,upper_face,0.00004120
38,221.000000,17ef723a912e46713e84fc2b7dd74e23_shot_001_000,pixel_mse,full,0.00014744
38,221.000000,17ef723a912e46713e84fc2b7dd74e23_shot_001_000,ssim,mouth,0.95867866
38,221.000000,17ef723a912e46713e84fc2b7dd74e23_shot_001_000,ssim,upper_face,0.97786605
38,221.000000,17ef723a912e46713e84fc2b7dd74e23_shot_001_000,ssim,full,0.97005677
38,221.000000,17ef723a912e46713e84fc2b7dd74e23_shot_001_000,lpips,mouth,0.02303657
38,221.000000,17ef723a912e46713e84fc2b7dd74e23_shot_001_000,lpips,full,0.01757915
38,221.000000,17ef723a912e46713e84fc2b7dd74e23_shot_001_000,sharpness,mouth,8.9256
38,221.000000,17ef723a912e46713e84fc2b7dd74e23_shot_001_000,lmd,mouth,1.091507
38,221.000000,17ef723a912e46713e84fc2b7dd74e23_shot_001_000,sync_d,mouth,3.847925
38,221.000000,17ef723a912e46713e84fc2b7dd74e23_shot_001_000,sync_c,mouth,7.280985
39,201.000000,17ef723a912e46713e84fc2b7dd74e23_shot_001_000,pixel_mse,mouth,0.00030234
39,201.000000,17ef723a912e46713e84fc2b7dd74e23_shot_001_000,pixel_mse,upper_face,0.00004107
39,201.000000,17ef723a912e46713e84fc2b7dd74e23_shot_001_000,pixel_mse,full,0.00014741
39,201.000000,17ef723a912e46713e84fc2b7dd74e23_shot_001_000,ssim,mouth,0.95856100
39,201.000000,17ef723a912e46713e84fc2b7dd74e23_shot_001_000,ssim,upper_face,0.97791231
39,201.000000,17ef723a912e46713e84fc2b7dd74e23_shot_001_000,ssim,full,0.97003639
39,201.000000,17ef723a912e46713e84fc2b7dd74e23_shot_001_000,lpips,mouth,0.02312017
39,201.000000,17ef723a912e46713e84fc2b7dd74e23_shot_001_000,lpips,full,0.01753156
39,201.000000,17ef723a912e46713e84fc2b7dd74e23_shot_001_000,sharpness,mouth,8.9159
39,201.000000,17ef723a912e46713e84fc2b7dd74e23_shot_001_000,lmd,mouth,1.037774
39,201.000000,17ef723a912e46713e84fc2b7dd74e23_shot_001_000,sync_d,mouth,3.847975
39,201.000000,17ef723a912e46713e84fc2b7dd74e23_shot_001_000,sync_c,mouth,7.035048
40,181.000000,17ef723a912e46713e84fc2b7dd74e23_shot_001_000,pixel_mse,mouth,0.00030357
40,181.000000,17ef723a912e46713e84fc2b7dd74e23_shot_001_000,pixel_mse,upper_face,0.00004081
40,181.000000,17ef723a912e46713e84fc2b7dd74e23_shot_001_000,pixel_mse,full,0.00014776
40,181.000000,17ef723a912e46713e84fc2b7dd74e23_shot_001_000,ssim,mouth,0.95848799
40,181.000000,17ef723a912e46713e84fc2b7dd74e23_shot_001_000,ssim,upper_face,0.97790188
40,181.000000,17ef723a912e46713e84fc2b7dd74e23_shot_001_000,ssim,full,0.97000045
40,181.000000,17ef723a912e46713e84fc2b7dd74e23_shot_001_000,lpips,mouth,0.02299648
40,181.000000,17ef723a912e46713e84fc2b7dd74e23_shot_001_000,lpips,full,0.01736143
40,181.000000,17ef723a912e46713e84fc2b7dd74e23_shot_001_000,sharpness,mouth,8.9003
40,181.000000,17ef723a912e46713e84fc2b7dd74e23_shot_001_000,lmd,mouth,1.102309
40,181.000000,17ef723a912e46713e84fc2b7dd74e23_shot_001_000,sync_d,mouth,3.878221
40,181.000000,17ef723a912e46713e84fc2b7dd74e23_shot_001_000,sync_c,mouth,7.227109
41,161.000000,17ef723a912e46713e84fc2b7dd74e23_shot_001_000,pixel_mse,mouth,0.00030443
41,161.000000,17ef723a912e46713e84fc2b7dd74e23_shot_001_000,pixel_mse,upper_face,0.00004119
41,161.000000,17ef723a912e46713e84fc2b7dd74e23_shot_001_000,pixel_mse,full,0.00014833
41,161.000000,17ef723a912e46713e84fc2b7dd74e23_shot_001_000,ssim,mouth,0.95842493
41,161.000000,17ef723a912e46713e84fc2b7dd74e23_shot_001_000,ssim,upper_face,0.97783804
41,161.000000,17ef723a912e46713e84fc2b7dd74e23_shot_001_000,ssim,full,0.96993697
41,161.000000,17ef723a912e46713e84fc2b7dd74e23_shot_001_000,lpips,mouth,0.02329655
41,161.000000,17ef723a912e46713e84fc2b7dd74e23_shot_001_000,lpips,full,0.01777447
41,161.000000,17ef723a912e46713e84fc2b7dd74e23_shot_001_000,sharpness,mouth,8.8952
41,161.000000,17ef723a912e46713e84fc2b7dd74e23_shot_001_000,lmd,mouth,1.098074
41,161.000000,17ef723a912e46713e84fc2b7dd74e23_shot_001_000,sync_d,mouth,3.956406
41,161.000000,17ef723a912e46713e84fc2b7dd74e23_shot_001_000,sync_c,mouth,6.832612
42,141.000000,17ef723a912e46713e84fc2b7dd74e23_shot_001_000,pixel_mse,mouth,0.00030558
42,141.000000,17ef723a912e46713e84fc2b7dd74e23_shot_001_000,pixel_mse,upper_face,0.00004091
42,141.000000,17ef723a912e46713e84fc2b7dd74e23_shot_001_000,pixel_mse,full,0.00014863
42,141.000000,17ef723a912e46713e84fc2b7dd74e23_shot_001_000,ssim,mouth,0.95841771
42,141.000000,17ef723a912e46713e84fc2b7dd74e23_shot_001_000,ssim,upper_face,0.97791946
42,141.000000,17ef723a912e46713e84fc2b7dd74e23_shot_001_000,ssim,full,0.96998227
42,141.000000,17ef723a912e46713e84fc2b7dd74e23_shot_001_000,lpips,mouth,0.02321812
42,141.000000,17ef723a912e46713e84fc2b7dd74e23_shot_001_000,lpips,full,0.01760085
42,141.000000,17ef723a912e46713e84fc2b7dd74e23_shot_001_000,sharpness,mouth,8.9005
42,141.000000,17ef723a912e46713e84fc2b7dd74e23_shot_001_000,lmd,mouth,1.170117
42,141.000000,17ef723a912e46713e84fc2b7dd74e23_shot_001_000,sync_d,mouth,3.946728
42,141.000000,17ef723a912e46713e84fc2b7dd74e23_shot_001_000,sync_c,mouth,6.997914
43,121.000000,17ef723a912e46713e84fc2b7dd74e23_shot_001_000,pixel_mse,mouth,0.00030810
43,121.000000,17ef723a912e46713e84fc2b7dd74e23_shot_001_000,pixel_mse,upper_face,0.00004080
43,121.000000,17ef723a912e46713e84fc2b7dd74e23_shot_001_000,pixel_mse,full,0.00014959
43,121.000000,17ef723a912e46713e84fc2b7dd74e23_shot_001_000,ssim,mouth,0.95837164
43,121.000000,17ef723a912e46713e84fc2b7dd74e23_shot_001_000,ssim,upper_face,0.97794527
43,121.000000,17ef723a912e46713e84fc2b7dd74e23_shot_001_000,ssim,full,0.96997881
43,121.000000,17ef723a912e46713e84fc2b7dd74e23_shot_001_000,lpips,mouth,0.02316096
43,121.000000,17ef723a912e46713e84fc2b7dd74e23_shot_001_000,lpips,full,0.01774921
43,121.000000,17ef723a912e46713e84fc2b7dd74e23_shot_001_000,sharpness,mouth,8.8889
43,121.000000,17ef723a912e46713e84fc2b7dd74e23_shot_001_000,lmd,mouth,1.067186
43,121.000000,17ef723a912e46713e84fc2b7dd74e23_shot_001_000,sync_d,mouth,3.860203
43,121.000000,17ef723a912e46713e84fc2b7dd74e23_shot_001_000,sync_c,mouth,7.105227
44,101.000000,17ef723a912e46713e84fc2b7dd74e23_shot_001_000,pixel_mse,mouth,0.00031175
44,101.000000,17ef723a912e46713e84fc2b7dd74e23_shot_001_000,pixel_mse,upper_face,0.00004091
44,101.000000,17ef723a912e46713e84fc2b7dd74e23_shot_001_000,pixel_mse,full,0.00015114
44,101.000000,17ef723a912e46713e84fc2b7dd74e23_shot_001_000,ssim,mouth,0.95824206
44,101.000000,17ef723a912e46713e84fc2b7dd74e23_shot_001_000,ssim,upper_face,0.97790796
44,101.000000,17ef723a912e46713e84fc2b7dd74e23_shot_001_000,ssim,full,0.96990401
44,101.000000,17ef723a912e46713e84fc2b7dd74e23_shot_001_000,lpips,mouth,0.02304297
44,101.000000,17ef723a912e46713e84fc2b7dd74e23_shot_001_000,lpips,full,0.01760175
44,101.000000,17ef723a912e46713e84fc2b7dd74e23_shot_001_000,sharpness,mouth,8.9135
44,101.000000,17ef723a912e46713e84fc2b7dd74e23_shot_001_000,lmd,mouth,1.127425
44,101.000000,17ef723a912e46713e84fc2b7dd74e23_shot_001_000,sync_d,mouth,3.848369
44,101.000000,17ef723a912e46713e84fc2b7dd74e23_shot_001_000,sync_c,mouth,7.095506
45,81.000000,17ef723a912e46713e84fc2b7dd74e23_shot_001_000,pixel_mse,mouth,0.00031533
45,81.000000,17ef723a912e46713e84fc2b7dd74e23_shot_001_000,pixel_mse,upper_face,0.00004091
45,81.000000,17ef723a912e46713e84fc2b7dd74e23_shot_001_000,pixel_mse,full,0.00015260
45,81.000000,17ef723a912e46713e84fc2b7dd74e23_shot_001_000,ssim,mouth,0.95816642
45,81.000000,17ef723a912e46713e84fc2b7dd74e23_shot_001_000,ssim,upper_face,0.97793299
45,81.000000,17ef723a912e46713e84fc2b7dd74e23_shot_001_000,ssim,full,0.96988809
45,81.000000,17ef723a912e46713e84fc2b7dd74e23_shot_001_000,lpips,mouth,0.02338033
45,81.000000,17ef723a912e46713e84fc2b7dd74e23_shot_001_000,lpips,full,0.01768523
45,81.000000,17ef723a912e46713e84fc2b7dd74e23_shot_001_000,sharpness,mouth,8.9036
45,81.000000,17ef723a912e46713e84fc2b7dd74e23_shot_001_000,lmd,mouth,1.133581
45,81.000000,17ef723a912e46713e84fc2b7dd74e23_shot_001_000,sync_d,mouth,3.828946
45,81.000000,17ef723a912e46713e84fc2b7dd74e23_shot_001_000,sync_c,mouth,7.284877
46,61.000000,17ef723a912e46713e84fc2b7dd74e23_shot_001_000,pixel_mse,mouth,0.00032145
46,61.000000,17ef723a912e46713e84fc2b7dd74e23_shot_001_000,pixel_mse,upper_face,0.00004115
46,61.000000,17ef723a912e46713e84fc2b7dd74e23_shot_001_000,pixel_mse,full,0.00015523
46,61.000000,17ef723a912e46713e84fc2b7dd74e23_shot_001_000,ssim,mouth,0.95793486
46,61.000000,17ef723a912e46713e84fc2b7dd74e23_shot_001_000,ssim,upper_face,0.97787660
46,61.000000,17ef723a912e46713e84fc2b7dd74e23_shot_001_000,ssim,full,0.96976042
46,61.000000,17ef723a912e46713e84fc2b7dd74e23_shot_001_000,lpips,mouth,0.02327716
46,61.000000,17ef723a912e46713e84fc2b7dd74e23_shot_001_000,lpips,full,0.01770956
46,61.000000,17ef723a912e46713e84fc2b7dd74e23_shot_001_000,sharpness,mouth,9.0266
46,61.000000,17ef723a912e46713e84fc2b7dd74e23_shot_001_000,lmd,mouth,1.113001
46,61.000000,17ef723a912e46713e84fc2b7dd74e23_shot_001_000,sync_d,mouth,3.914407
46,61.000000,17ef723a912e46713e84fc2b7dd74e23_shot_001_000,sync_c,mouth,7.291586
47,41.000000,17ef723a912e46713e84fc2b7dd74e23_shot_001_000,pixel_mse,mouth,0.00033205
47,41.000000,17ef723a912e46713e84fc2b7dd74e23_shot_001_000,pixel_mse,upper_face,0.00004148
47,41.000000,17ef723a912e46713e84fc2b7dd74e23_shot_001_000,pixel_mse,full,0.00015974
47,41.000000,17ef723a912e46713e84fc2b7dd74e23_shot_001_000,ssim,mouth,0.95777655
47,41.000000,17ef723a912e46713e84fc2b7dd74e23_shot_001_000,ssim,upper_face,0.97790837
47,41.000000,17ef723a912e46713e84fc2b7dd74e23_shot_001_000,ssim,full,0.96971476
47,41.000000,17ef723a912e46713e84fc2b7dd74e23_shot_001_000,lpips,mouth,0.02336102
47,41.000000,17ef723a912e46713e84fc2b7dd74e23_shot_001_000,lpips,full,0.01774193
47,41.000000,17ef723a912e46713e84fc2b7dd74e23_shot_001_000,sharpness,mouth,9.0500
47,41.000000,17ef723a912e46713e84fc2b7dd74e23_shot_001_000,lmd,mouth,1.152611
47,41.000000,17ef723a912e46713e84fc2b7dd74e23_shot_001_000,sync_d,mouth,3.831872
47,41.000000,17ef723a912e46713e84fc2b7dd74e23_shot_001_000,sync_c,mouth,7.309578
48,21.000000,17ef723a912e46713e84fc2b7dd74e23_shot_001_000,pixel_mse,mouth,0.00035138
48,21.000000,17ef723a912e46713e84fc2b7dd74e23_shot_001_000,pixel_mse,upper_face,0.00004299
48,21.000000,17ef723a912e46713e84fc2b7dd74e23_shot_001_000,pixel_mse,full,0.00016851
48,21.000000,17ef723a912e46713e84fc2b7dd74e23_shot_001_000,ssim,mouth,0.95747042
48,21.000000,17ef723a912e46713e84fc2b7dd74e23_shot_001_000,ssim,upper_face,0.97779328
48,21.000000,17ef723a912e46713e84fc2b7dd74e23_shot_001_000,ssim,full,0.96952188
48,21.000000,17ef723a912e46713e84fc2b7dd74e23_shot_001_000,lpips,mouth,0.02341398
48,21.000000,17ef723a912e46713e84fc2b7dd74e23_shot_001_000,lpips,full,0.01782745
48,21.000000,17ef723a912e46713e84fc2b7dd74e23_shot_001_000,sharpness,mouth,9.2028
48,21.000000,17ef723a912e46713e84fc2b7dd74e23_shot_001_000,lmd,mouth,1.182467
48,21.000000,17ef723a912e46713e84fc2b7dd74e23_shot_001_000,sync_d,mouth,3.905086
48,21.000000,17ef723a912e46713e84fc2b7dd74e23_shot_001_000,sync_c,mouth,6.992392
49,1.000000,17ef723a912e46713e84fc2b7dd74e23_shot_001_000,pixel_mse,mouth,0.00042112
49,1.000000,17ef723a912e46713e84fc2b7dd74e23_shot_001_000,pixel_mse,upper_face,0.00005401
49,1.000000,17ef723a912e46713e84fc2b7dd74e23_shot_001_000,pixel_mse,full,0.00020342
49,1.000000,17ef723a912e46713e84fc2b7dd74e23_shot_001_000,ssim,mouth,0.95501745
49,1.000000,17ef723a912e46713e84fc2b7dd74e23_shot_001_000,ssim,upper_face,0.97727162
49,1.000000,17ef723a912e46713e84fc2b7dd74e23_shot_001_000,ssim,full,0.96821427
49,1.000000,17ef723a912e46713e84fc2b7dd74e23_shot_001_000,lpips,mouth,0.02531308
49,1.000000,17ef723a912e46713e84fc2b7dd74e23_shot_001_000,lpips,full,0.01916189
49,1.000000,17ef723a912e46713e84fc2b7dd74e23_shot_001_000,sharpness,mouth,9.8653
49,1.000000,17ef723a912e46713e84fc2b7dd74e23_shot_001_000,lmd,mouth,1.341562
49,1.000000,17ef723a912e46713e84fc2b7dd74e23_shot_001_000,sync_d,mouth,3.629233
49,1.000000,17ef723a912e46713e84fc2b7dd74e23_shot_001_000,sync_c,mouth,7.420537
-1,gt,1ec7a45d803ab472e7fe5c6625667289_shot_001_000,sharpness,mouth,8.2112
-1,gt,1ec7a45d803ab472e7fe5c6625667289_shot_001_000,sync_d,mouth,10.073647
-1,gt,1ec7a45d803ab472e7fe5c6625667289_shot_001_000,sync_c,mouth,1.120208
0,981.000000,1ec7a45d803ab472e7fe5c6625667289_shot_001_000,pixel_mse,mouth,0.00050910
0,981.000000,1ec7a45d803ab472e7fe5c6625667289_shot_001_000,pixel_mse,upper_face,0.00011539
0,981.000000,1ec7a45d803ab472e7fe5c6625667289_shot_001_000,pixel_mse,full,0.00027563
0,981.000000,1ec7a45d803ab472e7fe5c6625667289_shot_001_000,ssim,mouth,0.94441020
0,981.000000,1ec7a45d803ab472e7fe5c6625667289_shot_001_000,ssim,upper_face,0.97304285
0,981.000000,1ec7a45d803ab472e7fe5c6625667289_shot_001_000,ssim,full,0.96138942
0,981.000000,1ec7a45d803ab472e7fe5c6625667289_shot_001_000,lpips,mouth,0.03280241
0,981.000000,1ec7a45d803ab472e7fe5c6625667289_shot_001_000,lpips,full,0.02645374
0,981.000000,1ec7a45d803ab472e7fe5c6625667289_shot_001_000,sharpness,mouth,7.6326
0,981.000000,1ec7a45d803ab472e7fe5c6625667289_shot_001_000,lmd,mouth,2.127816
0,981.000000,1ec7a45d803ab472e7fe5c6625667289_shot_001_000,sync_d,mouth,8.574429
0,981.000000,1ec7a45d803ab472e7fe5c6625667289_shot_001_000,sync_c,mouth,2.355848
1,961.000000,1ec7a45d803ab472e7fe5c6625667289_shot_001_000,pixel_mse,mouth,0.00049752
1,961.000000,1ec7a45d803ab472e7fe5c6625667289_shot_001_000,pixel_mse,upper_face,0.00010280
1,961.000000,1ec7a45d803ab472e7fe5c6625667289_shot_001_000,pixel_mse,full,0.00026345
1,961.000000,1ec7a45d803ab472e7fe5c6625667289_shot_001_000,ssim,mouth,0.94519699
1,961.000000,1ec7a45d803ab472e7fe5c6625667289_shot_001_000,ssim,upper_face,0.97416317
1,961.000000,1ec7a45d803ab472e7fe5c6625667289_shot_001_000,ssim,full,0.96237397
1,961.000000,1ec7a45d803ab472e7fe5c6625667289_shot_001_000,lpips,mouth,0.03222465
1,961.000000,1ec7a45d803ab472e7fe5c6625667289_shot_001_000,lpips,full,0.02581110
1,961.000000,1ec7a45d803ab472e7fe5c6625667289_shot_001_000,sharpness,mouth,7.5144
1,961.000000,1ec7a45d803ab472e7fe5c6625667289_shot_001_000,lmd,mouth,2.076088
1,961.000000,1ec7a45d803ab472e7fe5c6625667289_shot_001_000,sync_d,mouth,8.509783
1,961.000000,1ec7a45d803ab472e7fe5c6625667289_shot_001_000,sync_c,mouth,2.322392
2,941.000000,1ec7a45d803ab472e7fe5c6625667289_shot_001_000,pixel_mse,mouth,0.00049191
2,941.000000,1ec7a45d803ab472e7fe5c6625667289_shot_001_000,pixel_mse,upper_face,0.00009410
2,941.000000,1ec7a45d803ab472e7fe5c6625667289_shot_001_000,pixel_mse,full,0.00025601
2,941.000000,1ec7a45d803ab472e7fe5c6625667289_shot_001_000,ssim,mouth,0.94557542
2,941.000000,1ec7a45d803ab472e7fe5c6625667289_shot_001_000,ssim,upper_face,0.97457033
2,941.000000,1ec7a45d803ab472e7fe5c6625667289_shot_001_000,ssim,full,0.96276951
2,941.000000,1ec7a45d803ab472e7fe5c6625667289_shot_001_000,lpips,mouth,0.03192996
2,941.000000,1ec7a45d803ab472e7fe5c6625667289_shot_001_000,lpips,full,0.02541618
2,941.000000,1ec7a45d803ab472e7fe5c6625667289_shot_001_000,sharpness,mouth,7.5078
2,941.000000,1ec7a45d803ab472e7fe5c6625667289_shot_001_000,lmd,mouth,2.023554
2,941.000000,1ec7a45d803ab472e7fe5c6625667289_shot_001_000,sync_d,mouth,8.337644
2,941.000000,1ec7a45d803ab472e7fe5c6625667289_shot_001_000,sync_c,mouth,2.529235
3,921.000000,1ec7a45d803ab472e7fe5c6625667289_shot_001_000,pixel_mse,mouth,0.00048500
3,921.000000,1ec7a45d803ab472e7fe5c6625667289_shot_001_000,pixel_mse,upper_face,0.00008193
3,921.000000,1ec7a45d803ab472e7fe5c6625667289_shot_001_000,pixel_mse,full,0.00024598
3,921.000000,1ec7a45d803ab472e7fe5c6625667289_shot_001_000,ssim,mouth,0.94601715
3,921.000000,1ec7a45d803ab472e7fe5c6625667289_shot_001_000,ssim,upper_face,0.97529495
3,921.000000,1ec7a45d803ab472e7fe5c6625667289_shot_001_000,ssim,full,0.96337897
3,921.000000,1ec7a45d803ab472e7fe5c6625667289_shot_001_000,lpips,mouth,0.03193665
3,921.000000,1ec7a45d803ab472e7fe5c6625667289_shot_001_000,lpips,full,0.02495466
3,921.000000,1ec7a45d803ab472e7fe5c6625667289_shot_001_000,sharpness,mouth,7.4664
3,921.000000,1ec7a45d803ab472e7fe5c6625667289_shot_001_000,lmd,mouth,2.103328
3,921.000000,1ec7a45d803ab472e7fe5c6625667289_shot_001_000,sync_d,mouth,8.406874
3,921.000000,1ec7a45d803ab472e7fe5c6625667289_shot_001_000,sync_c,mouth,2.466280
4,901.000000,1ec7a45d803ab472e7fe5c6625667289_shot_001_000,pixel_mse,mouth,0.00048196
4,901.000000,1ec7a45d803ab472e7fe5c6625667289_shot_001_000,pixel_mse,upper_face,0.00007637
4,901.000000,1ec7a45d803ab472e7fe5c6625667289_shot_001_000,pixel_mse,full,0.00024144
4,901.000000,1ec7a45d803ab472e7fe5c6625667289_shot_001_000,ssim,mouth,0.94618499
4,901.000000,1ec7a45d803ab472e7fe5c6625667289_shot_001_000,ssim,upper_face,0.97567731
4,901.000000,1ec7a45d803ab472e7fe5c6625667289_shot_001_000,ssim,full,0.96367401
4,901.000000,1ec7a45d803ab472e7fe5c6625667289_shot_001_000,lpips,mouth,0.03185609
4,901.000000,1ec7a45d803ab472e7fe5c6625667289_shot_001_000,lpips,full,0.02501615
4,901.000000,1ec7a45d803ab472e7fe5c6625667289_shot_001_000,sharpness,mouth,7.4363
4,901.000000,1ec7a45d803ab472e7fe5c6625667289_shot_001_000,lmd,mouth,2.059369
4,901.000000,1ec7a45d803ab472e7fe5c6625667289_shot_001_000,sync_d,mouth,8.487794
4,901.000000,1ec7a45d803ab472e7fe5c6625667289_shot_001_000,sync_c,mouth,2.480880
5,881.000000,1ec7a45d803ab472e7fe5c6625667289_shot_001_000,pixel_mse,mouth,0.00048146
5,881.000000,1ec7a45d803ab472e7fe5c6625667289_shot_001_000,pixel_mse,upper_face,0.00007156
5,881.000000,1ec7a45d803ab472e7fe5c6625667289_shot_001_000,pixel_mse,full,0.00023839
5,881.000000,1ec7a45d803ab472e7fe5c6625667289_shot_001_000,ssim,mouth,0.94629794
5,881.000000,1ec7a45d803ab472e7fe5c6625667289_shot_001_000,ssim,upper_face,0.97604078
5,881.000000,1ec7a45d803ab472e7fe5c6625667289_shot_001_000,ssim,full,0.96393555
5,881.000000,1ec7a45d803ab472e7fe5c6625667289_shot_001_000,lpips,mouth,0.03151090
5,881.000000,1ec7a45d803ab472e7fe5c6625667289_shot_001_000,lpips,full,0.02452270
5,881.000000,1ec7a45d803ab472e7fe5c6625667289_shot_001_000,sharpness,mouth,7.4614
5,881.000000,1ec7a45d803ab472e7fe5c6625667289_shot_001_000,lmd,mouth,2.054495
5,881.000000,1ec7a45d803ab472e7fe5c6625667289_shot_001_000,sync_d,mouth,8.535940
5,881.000000,1ec7a45d803ab472e7fe5c6625667289_shot_001_000,sync_c,mouth,2.275567
6,861.000000,1ec7a45d803ab472e7fe5c6625667289_shot_001_000,pixel_mse,mouth,0.00047806
6,861.000000,1ec7a45d803ab472e7fe5c6625667289_shot_001_000,pixel_mse,upper_face,0.00006541
6,861.000000,1ec7a45d803ab472e7fe5c6625667289_shot_001_000,pixel_mse,full,0.00023336
6,861.000000,1ec7a45d803ab472e7fe5c6625667289_shot_001_000,ssim,mouth,0.94670385
6,861.000000,1ec7a45d803ab472e7fe5c6625667289_shot_001_000,ssim,upper_face,0.97657812
6,861.000000,1ec7a45d803ab472e7fe5c6625667289_shot_001_000,ssim,full,0.96441936
6,861.000000,1ec7a45d803ab472e7fe5c6625667289_shot_001_000,lpips,mouth,0.03142165
6,861.000000,1ec7a45d803ab472e7fe5c6625667289_shot_001_000,lpips,full,0.02430553
6,861.000000,1ec7a45d803ab472e7fe5c6625667289_shot_001_000,sharpness,mouth,7.3986
6,861.000000,1ec7a45d803ab472e7fe5c6625667289_shot_001_000,lmd,mouth,1.948753
6,861.000000,1ec7a45d803ab472e7fe5c6625667289_shot_001_000,sync_d,mouth,8.699796
6,861.000000,1ec7a45d803ab472e7fe5c6625667289_shot_001_000,sync_c,mouth,2.138391
7,841.000000,1ec7a45d803ab472e7fe5c6625667289_shot_001_000,pixel_mse,mouth,0.00047624
7,841.000000,1ec7a45d803ab472e7fe5c6625667289_shot_001_000,pixel_mse,upper_face,0.00006093
7,841.000000,1ec7a45d803ab472e7fe5c6625667289_shot_001_000,pixel_mse,full,0.00022996
7,841.000000,1ec7a45d803ab472e7fe5c6625667289_shot_001_000,ssim,mouth,0.94691658
7,841.000000,1ec7a45d803ab472e7fe5c6625667289_shot_001_000,ssim,upper_face,0.97685492
7,841.000000,1ec7a45d803ab472e7fe5c6625667289_shot_001_000,ssim,full,0.96467006
7,841.000000,1ec7a45d803ab472e7fe5c6625667289_shot_001_000,lpips,mouth,0.03124314
7,841.000000,1ec7a45d803ab472e7fe5c6625667289_shot_001_000,lpips,full,0.02408247
7,841.000000,1ec7a45d803ab472e7fe5c6625667289_shot_001_000,sharpness,mouth,7.3910
7,841.000000,1ec7a45d803ab472e7fe5c6625667289_shot_001_000,lmd,mouth,2.049387
7,841.000000,1ec7a45d803ab472e7fe5c6625667289_shot_001_000,sync_d,mouth,8.882733
7,841.000000,1ec7a45d803ab472e7fe5c6625667289_shot_001_000,sync_c,mouth,1.976319
8,821.000000,1ec7a45d803ab472e7fe5c6625667289_shot_001_000,pixel_mse,mouth,0.00047722
8,821.000000,1ec7a45d803ab472e7fe5c6625667289_shot_001_000,pixel_mse,upper_face,0.00005774
8,821.000000,1ec7a45d803ab472e7fe5c6625667289_shot_001_000,pixel_mse,full,0.00022846
8,821.000000,1ec7a45d803ab472e7fe5c6625667289_shot_001_000,ssim,mouth,0.94686198
8,821.000000,1ec7a45d803ab472e7fe5c6625667289_shot_001_000,ssim,upper_face,0.97708577
8,821.000000,1ec7a45d803ab472e7fe5c6625667289_shot_001_000,ssim,full,0.96478486
8,821.000000,1ec7a45d803ab472e7fe5c6625667289_shot_001_000,lpips,mouth,0.03133780
8,821.000000,1ec7a45d803ab472e7fe5c6625667289_shot_001_000,lpips,full,0.02402035
8,821.000000,1ec7a45d803ab472e7fe5c6625667289_shot_001_000,sharpness,mouth,7.3736
8,821.000000,1ec7a45d803ab472e7fe5c6625667289_shot_001_000,lmd,mouth,2.059894
8,821.000000,1ec7a45d803ab472e7fe5c6625667289_shot_001_000,sync_d,mouth,8.654423
8,821.000000,1ec7a45d803ab472e7fe5c6625667289_shot_001_000,sync_c,mouth,2.264034
9,801.000000,1ec7a45d803ab472e7fe5c6625667289_shot_001_000,pixel_mse,mouth,0.00047742
9,801.000000,1ec7a45d803ab472e7fe5c6625667289_shot_001_000,pixel_mse,upper_face,0.00005550
9,801.000000,1ec7a45d803ab472e7fe5c6625667289_shot_001_000,pixel_mse,full,0.00022722
9,801.000000,1ec7a45d803ab472e7fe5c6625667289_shot_001_000,ssim,mouth,0.94705176
9,801.000000,1ec7a45d803ab472e7fe5c6625667289_shot_001_000,ssim,upper_face,0.97734547
9,801.000000,1ec7a45d803ab472e7fe5c6625667289_shot_001_000,ssim,full,0.96501595
9,801.000000,1ec7a45d803ab472e7fe5c6625667289_shot_001_000,lpips,mouth,0.03105753
9,801.000000,1ec7a45d803ab472e7fe5c6625667289_shot_001_000,lpips,full,0.02370936
9,801.000000,1ec7a45d803ab472e7fe5c6625667289_shot_001_000,sharpness,mouth,7.2980
9,801.000000,1ec7a45d803ab472e7fe5c6625667289_shot_001_000,lmd,mouth,1.979896
9,801.000000,1ec7a45d803ab472e7fe5c6625667289_shot_001_000,sync_d,mouth,8.878638
9,801.000000,1ec7a45d803ab472e7fe5c6625667289_shot_001_000,sync_c,mouth,1.949602
10,781.000000,1ec7a45d803ab472e7fe5c6625667289_shot_001_000,pixel_mse,mouth,0.00047596
10,781.000000,1ec7a45d803ab472e7fe5c6625667289_shot_001_000,pixel_mse,upper_face,0.00005170
10,781.000000,1ec7a45d803ab472e7fe5c6625667289_shot_001_000,pixel_mse,full,0.00022437
10,781.000000,1ec7a45d803ab472e7fe5c6625667289_shot_001_000,ssim,mouth,0.94722688
10,781.000000,1ec7a45d803ab472e7fe5c6625667289_shot_001_000,ssim,upper_face,0.97767055
10,781.000000,1ec7a45d803ab472e7fe5c6625667289_shot_001_000,ssim,full,0.96528006
10,781.000000,1ec7a45d803ab472e7fe5c6625667289_shot_001_000,lpips,mouth,0.03098653
10,781.000000,1ec7a45d803ab472e7fe5c6625667289_shot_001_000,lpips,full,0.02354485
10,781.000000,1ec7a45d803ab472e7fe5c6625667289_shot_001_000,sharpness,mouth,7.3158
10,781.000000,1ec7a45d803ab472e7fe5c6625667289_shot_001_000,lmd,mouth,1.927108
10,781.000000,1ec7a45d803ab472e7fe5c6625667289_shot_001_000,sync_d,mouth,8.899923
10,781.000000,1ec7a45d803ab472e7fe5c6625667289_shot_001_000,sync_c,mouth,1.824527
11,761.000000,1ec7a45d803ab472e7fe5c6625667289_shot_001_000,pixel_mse,mouth,0.00047465
11,761.000000,1ec7a45d803ab472e7fe5c6625667289_shot_001_000,pixel_mse,upper_face,0.00004901
11,761.000000,1ec7a45d803ab472e7fe5c6625667289_shot_001_000,pixel_mse,full,0.00022224
11,761.000000,1ec7a45d803ab472e7fe5c6625667289_shot_001_000,ssim,mouth,0.94738245
11,761.000000,1ec7a45d803ab472e7fe5c6625667289_shot_001_000,ssim,upper_face,0.97800958
11,761.000000,1ec7a45d803ab472e7fe5c6625667289_shot_001_000,ssim,full,0.96554446
11,761.000000,1ec7a45d803ab472e7fe5c6625667289_shot_001_000,lpips,mouth,0.03103340
11,761.000000,1ec7a45d803ab472e7fe5c6625667289_shot_001_000,lpips,full,0.02329123
11,761.000000,1ec7a45d803ab472e7fe5c6625667289_shot_001_000,sharpness,mouth,7.3079
11,761.000000,1ec7a45d803ab472e7fe5c6625667289_shot_001_000,lmd,mouth,1.924444
11,761.000000,1ec7a45d803ab472e7fe5c6625667289_shot_001_000,sync_d,mouth,8.733721
11,761.000000,1ec7a45d803ab472e7fe5c6625667289_shot_001_000,sync_c,mouth,2.032074
12,741.000000,1ec7a45d803ab472e7fe5c6625667289_shot_001_000,pixel_mse,mouth,0.00047354
12,741.000000,1ec7a45d803ab472e7fe5c6625667289_shot_001_000,pixel_mse,upper_face,0.00004500
12,741.000000,1ec7a45d803ab472e7fe5c6625667289_shot_001_000,pixel_mse,full,0.00021942
12,741.000000,1ec7a45d803ab472e7fe5c6625667289_shot_001_000,ssim,mouth,0.94716346
12,741.000000,1ec7a45d803ab472e7fe5c6625667289_shot_001_000,ssim,upper_face,0.97832322
12,741.000000,1ec7a45d803ab472e7fe5c6625667289_shot_001_000,ssim,full,0.96564126
12,741.000000,1ec7a45d803ab472e7fe5c6625667289_shot_001_000,lpips,mouth,0.03135330
12,741.000000,1ec7a45d803ab472e7fe5c6625667289_shot_001_000,lpips,full,0.02323194
12,741.000000,1ec7a45d803ab472e7fe5c6625667289_shot_001_000,sharpness,mouth,7.2488
12,741.000000,1ec7a45d803ab472e7fe5c6625667289_shot_001_000,lmd,mouth,2.033021
12,741.000000,1ec7a45d803ab472e7fe5c6625667289_shot_001_000,sync_d,mouth,9.019083
12,741.000000,1ec7a45d803ab472e7fe5c6625667289_shot_001_000,sync_c,mouth,1.620926
13,721.000000,1ec7a45d803ab472e7fe5c6625667289_shot_001_000,pixel_mse,mouth,0.00047227
13,721.000000,1ec7a45d803ab472e7fe5c6625667289_shot_001_000,pixel_mse,upper_face,0.00004418
13,721.000000,1ec7a45d803ab472e7fe5c6625667289_shot_001_000,pixel_mse,full,0.00021841
13,721.000000,1ec7a45d803ab472e7fe5c6625667289_shot_001_000,ssim,mouth,0.94722062
13,721.000000,1ec7a45d803ab472e7fe5c6625667289_shot_001_000,ssim,upper_face,0.97846591
13,721.000000,1ec7a45d803ab472e7fe5c6625667289_shot_001_000,ssim,full,0.96574914
13,721.000000,1ec7a45d803ab472e7fe5c6625667289_shot_001_000,lpips,mouth,0.03110791
13,721.000000,1ec7a45d803ab472e7fe5c6625667289_shot_001_000,lpips,full,0.02330135
13,721.000000,1ec7a45d803ab472e7fe5c6625667289_shot_001_000,sharpness,mouth,7.2122
13,721.000000,1ec7a45d803ab472e7fe5c6625667289_shot_001_000,lmd,mouth,1.951863
13,721.000000,1ec7a45d803ab472e7fe5c6625667289_shot_001_000,sync_d,mouth,8.988819
13,721.000000,1ec7a45d803ab472e7fe5c6625667289_shot_001_000,sync_c,mouth,1.661859
14,701.000000,1ec7a45d803ab472e7fe5c6625667289_shot_001_000,pixel_mse,mouth,0.00046917
14,701.000000,1ec7a45d803ab472e7fe5c6625667289_shot_001_000,pixel_mse,upper_face,0.00004229
14,701.000000,1ec7a45d803ab472e7fe5c6625667289_shot_001_000,pixel_mse,full,0.00021603
14,701.000000,1ec7a45d803ab472e7fe5c6625667289_shot_001_000,ssim,mouth,0.94748336
14,701.000000,1ec7a45d803ab472e7fe5c6625667289_shot_001_000,ssim,upper_face,0.97859371
14,701.000000,1ec7a45d803ab472e7fe5c6625667289_shot_001_000,ssim,full,0.96593189
14,701.000000,1ec7a45d803ab472e7fe5c6625667289_shot_001_000,lpips,mouth,0.03091886
14,701.000000,1ec7a45d803ab472e7fe5c6625667289_shot_001_000,lpips,full,0.02306076
14,701.000000,1ec7a45d803ab472e7fe5c6625667289_shot_001_000,sharpness,mouth,7.1722
14,701.000000,1ec7a45d803ab472e7fe5c6625667289_shot_001_000,lmd,mouth,1.963028
14,701.000000,1ec7a45d803ab472e7fe5c6625667289_shot_001_000,sync_d,mouth,8.910336
14,701.000000,1ec7a45d803ab472e7fe5c6625667289_shot_001_000,sync_c,mouth,1.880576
15,681.000000,1ec7a45d803ab472e7fe5c6625667289_shot_001_000,pixel_mse,mouth,0.00046582
15,681.000000,1ec7a45d803ab472e7fe5c6625667289_shot_001_000,pixel_mse,upper_face,0.00004100
15,681.000000,1ec7a45d803ab472e7fe5c6625667289_shot_001_000,pixel_mse,full,0.00021390
15,681.000000,1ec7a45d803ab472e7fe5c6625667289_shot_001_000,ssim,mouth,0.94780368
15,681.000000,1ec7a45d803ab472e7fe5c6625667289_shot_001_000,ssim,upper_face,0.97871506
15,681.000000,1ec7a45d803ab472e7fe5c6625667289_shot_001_000,ssim,full,0.96613419
15,681.000000,1ec7a45d803ab472e7fe5c6625667289_shot_001_000,lpips,mouth,0.03077811
15,681.000000,1ec7a45d803ab472e7fe5c6625667289_shot_001_000,lpips,full,0.02294692
15,681.000000,1ec7a45d803ab472e7fe5c6625667289_shot_001_000,sharpness,mouth,7.1647
15,681.000000,1ec7a45d803ab472e7fe5c6625667289_shot_001_000,lmd,mouth,1.899809
15,681.000000,1ec7a45d803ab472e7fe5c6625667289_shot_001_000,sync_d,mouth,9.031644
15,681.000000,1ec7a45d803ab472e7fe5c6625667289_shot_001_000,sync_c,mouth,1.738743
16,661.000000,1ec7a45d803ab472e7fe5c6625667289_shot_001_000,pixel_mse,mouth,0.00046364
16,661.000000,1ec7a45d803ab472e7fe5c6625667289_shot_001_000,pixel_mse,upper_face,0.00003989
16,661.000000,1ec7a45d803ab472e7fe5c6625667289_shot_001_000,pixel_mse,full,0.00021235
16,661.000000,1ec7a45d803ab472e7fe5c6625667289_shot_001_000,ssim,mouth,0.94790286
16,661.000000,1ec7a45d803ab472e7fe5c6625667289_shot_001_000,ssim,upper_face,0.97866577
16,661.000000,1ec7a45d803ab472e7fe5c6625667289_shot_001_000,ssim,full,0.96614540
16,661.000000,1ec7a45d803ab472e7fe5c6625667289_shot_001_000,lpips,mouth,0.03064434
16,661.000000,1ec7a45d803ab472e7fe5c6625667289_shot_001_000,lpips,full,0.02285164
16,661.000000,1ec7a45d803ab472e7fe5c6625667289_shot_001_000,sharpness,mouth,7.1202
16,661.000000,1ec7a45d803ab472e7fe5c6625667289_shot_001_000,lmd,mouth,1.949338
16,661.000000,1ec7a45d803ab472e7fe5c6625667289_shot_001_000,sync_d,mouth,8.892276
16,661.000000,1ec7a45d803ab472e7fe5c6625667289_shot_001_000,sync_c,mouth,1.883471
17,641.000000,1ec7a45d803ab472e7fe5c6625667289_shot_001_000,pixel_mse,mouth,0.00046031
17,641.000000,1ec7a45d803ab472e7fe5c6625667289_shot_001_000,pixel_mse,upper_face,0.00003924
17,641.000000,1ec7a45d803ab472e7fe5c6625667289_shot_001_000,pixel_mse,full,0.00021061
17,641.000000,1ec7a45d803ab472e7fe5c6625667289_shot_001_000,ssim,mouth,0.94814444
17,641.000000,1ec7a45d803ab472e7fe5c6625667289_shot_001_000,ssim,upper_face,0.97883725
17,641.000000,1ec7a45d803ab472e7fe5c6625667289_shot_001_000,ssim,full,0.96634531
17,641.000000,1ec7a45d803ab472e7fe5c6625667289_shot_001_000,lpips,mouth,0.03050478
17,641.000000,1ec7a45d803ab472e7fe5c6625667289_shot_001_000,lpips,full,0.02273770
17,641.000000,1ec7a45d803ab472e7fe5c6625667289_shot_001_000,sharpness,mouth,7.1668
17,641.000000,1ec7a45d803ab472e7fe5c6625667289_shot_001_000,lmd,mouth,1.897814
17,641.000000,1ec7a45d803ab472e7fe5c6625667289_shot_001_000,sync_d,mouth,9.131609
17,641.000000,1ec7a45d803ab472e7fe5c6625667289_shot_001_000,sync_c,mouth,1.583024
18,621.000000,1ec7a45d803ab472e7fe5c6625667289_shot_001_000,pixel_mse,mouth,0.00045690
18,621.000000,1ec7a45d803ab472e7fe5c6625667289_shot_001_000,pixel_mse,upper_face,0.00003849
18,621.000000,1ec7a45d803ab472e7fe5c6625667289_shot_001_000,pixel_mse,full,0.00020878
18,621.000000,1ec7a45d803ab472e7fe5c6625667289_shot_001_000,ssim,mouth,0.94846392
18,621.000000,1ec7a45d803ab472e7fe5c6625667289_shot_001_000,ssim,upper_face,0.97888547
18,621.000000,1ec7a45d803ab472e7fe5c6625667289_shot_001_000,ssim,full,0.96650398
18,621.000000,1ec7a45d803ab472e7fe5c6625667289_shot_001_000,lpips,mouth,0.03024613
18,621.000000,1ec7a45d803ab472e7fe5c6625667289_shot_001_000,lpips,full,0.02235581
18,621.000000,1ec7a45d803ab472e7fe5c6625667289_shot_001_000,sharpness,mouth,7.1334
18,621.000000,1ec7a45d803ab472e7fe5c6625667289_shot_001_000,lmd,mouth,1.888946
18,621.000000,1ec7a45d803ab472e7fe5c6625667289_shot_001_000,sync_d,mouth,9.155305
18,621.000000,1ec7a45d803ab472e7fe5c6625667289_shot_001_000,sync_c,mouth,1.652576
19,601.000000,1ec7a45d803ab472e7fe5c6625667289_shot_001_000,pixel_mse,mouth,0.00045277
19,601.000000,1ec7a45d803ab472e7fe5c6625667289_shot_001_000,pixel_mse,upper_face,0.00003807
19,601.000000,1ec7a45d803ab472e7fe5c6625667289_shot_001_000,pixel_mse,full,0.00020685
19,601.000000,1ec7a45d803ab472e7fe5c6625667289_shot_001_000,ssim,mouth,0.94867647
19,601.000000,1ec7a45d803ab472e7fe5c6625667289_shot_001_000,ssim,upper_face,0.97901964
19,601.000000,1ec7a45d803ab472e7fe5c6625667289_shot_001_000,ssim,full,0.96667004
19,601.000000,1ec7a45d803ab472e7fe5c6625667289_shot_001_000,lpips,mouth,0.03032279
19,601.000000,1ec7a45d803ab472e7fe5c6625667289_shot_001_000,lpips,full,0.02237928
19,601.000000,1ec7a45d803ab472e7fe5c6625667289_shot_001_000,sharpness,mouth,7.1119
19,601.000000,1ec7a45d803ab472e7fe5c6625667289_shot_001_000,lmd,mouth,1.910628
19,601.000000,1ec7a45d803ab472e7fe5c6625667289_shot_001_000,sync_d,mouth,9.321538
19,601.000000,1ec7a45d803ab472e7fe5c6625667289_shot_001_000,sync_c,mouth,1.426666
20,581.000000,1ec7a45d803ab472e7fe5c6625667289_shot_001_000,pixel_mse,mouth,0.00044972
20,581.000000,1ec7a45d803ab472e7fe5c6625667289_shot_001_000,pixel_mse,upper_face,0.00003728
20,581.000000,1ec7a45d803ab472e7fe5c6625667289_shot_001_000,pixel_mse,full,0.00020514
20,581.000000,1ec7a45d803ab472e7fe5c6625667289_shot_001_000,ssim,mouth,0.94889963
20,581.000000,1ec7a45d803ab472e7fe5c6625667289_shot_001_000,ssim,upper_face,0.97900546
20,581.000000,1ec7a45d803ab472e7fe5c6625667289_shot_001_000,ssim,full,0.96675253
20,581.000000,1ec7a45d803ab472e7fe5c6625667289_shot_001_000,lpips,mouth,0.03026167
20,581.000000,1ec7a45d803ab472e7fe5c6625667289_shot_001_000,lpips,full,0.02222577
20,581.000000,1ec7a45d803ab472e7fe5c6625667289_shot_001_000,sharpness,mouth,7.0861
20,581.000000,1ec7a45d803ab472e7fe5c6625667289_shot_001_000,lmd,mouth,1.985089
20,581.000000,1ec7a45d803ab472e7fe5c6625667289_shot_001_000,sync_d,mouth,9.124309
20,581.000000,1ec7a45d803ab472e7fe5c6625667289_shot_001_000,sync_c,mouth,1.603819
21,561.000000,1ec7a45d803ab472e7fe5c6625667289_shot_001_000,pixel_mse,mouth,0.00044447
21,561.000000,1ec7a45d803ab472e7fe5c6625667289_shot_001_000,pixel_mse,upper_face,0.00003713
21,561.000000,1ec7a45d803ab472e7fe5c6625667289_shot_001_000,pixel_mse,full,0.00020292
21,561.000000,1ec7a45d803ab472e7fe5c6625667289_shot_001_000,ssim,mouth,0.94926465
21,561.000000,1ec7a45d803ab472e7fe5c6625667289_shot_001_000,ssim,upper_face,0.97904515
21,561.000000,1ec7a45d803ab472e7fe5c6625667289_shot_001_000,ssim,full,0.96692455
21,561.000000,1ec7a45d803ab472e7fe5c6625667289_shot_001_000,lpips,mouth,0.03010574
21,561.000000,1ec7a45d803ab472e7fe5c6625667289_shot_001_000,lpips,full,0.02221611
21,561.000000,1ec7a45d803ab472e7fe5c6625667289_shot_001_000,sharpness,mouth,7.0534
21,561.000000,1ec7a45d803ab472e7fe5c6625667289_shot_001_000,lmd,mouth,1.985772
21,561.000000,1ec7a45d803ab472e7fe5c6625667289_shot_001_000,sync_d,mouth,9.146968
21,561.000000,1ec7a45d803ab472e7fe5c6625667289_shot_001_000,sync_c,mouth,1.466459
22,541.000000,1ec7a45d803ab472e7fe5c6625667289_shot_001_000,pixel_mse,mouth,0.00044028
22,541.000000,1ec7a45d803ab472e7fe5c6625667289_shot_001_000,pixel_mse,upper_face,0.00003672
22,541.000000,1ec7a45d803ab472e7fe5c6625667289_shot_001_000,pixel_mse,full,0.00020097
22,541.000000,1ec7a45d803ab472e7fe5c6625667289_shot_001_000,ssim,mouth,0.94959778
22,541.000000,1ec7a45d803ab472e7fe5c6625667289_shot_001_000,ssim,upper_face,0.97911209
22,541.000000,1ec7a45d803ab472e7fe5c6625667289_shot_001_000,ssim,full,0.96709979
22,541.000000,1ec7a45d803ab472e7fe5c6625667289_shot_001_000,lpips,mouth,0.02999211
22,541.000000,1ec7a45d803ab472e7fe5c6625667289_shot_001_000,lpips,full,0.02217827
22,541.000000,1ec7a45d803ab472e7fe5c6625667289_shot_001_000,sharpness,mouth,7.0407
22,541.000000,1ec7a45d803ab472e7fe5c6625667289_shot_001_000,lmd,mouth,1.998313
22,541.000000,1ec7a45d803ab472e7fe5c6625667289_shot_001_000,sync_d,mouth,9.083232
22,541.000000,1ec7a45d803ab472e7fe5c6625667289_shot_001_000,sync_c,mouth,1.641932
23,521.000000,1ec7a45d803ab472e7fe5c6625667289_shot_001_000,pixel_mse,mouth,0.00043644
23,521.000000,1ec7a45d803ab472e7fe5c6625667289_shot_001_000,pixel_mse,upper_face,0.00003634
23,521.000000,1ec7a45d803ab472e7fe5c6625667289_shot_001_000,pixel_mse,full,0.00019918
23,521.000000,1ec7a45d803ab472e7fe5c6625667289_shot_001_000,ssim,mouth,0.94987750
23,521.000000,1ec7a45d803ab472e7fe5c6625667289_shot_001_000,ssim,upper_face,0.97912455
23,521.000000,1ec7a45d803ab472e7fe5c6625667289_shot_001_000,ssim,full,0.96722114
23,521.000000,1ec7a45d803ab472e7fe5c6625667289_shot_001_000,lpips,mouth,0.02978491
23,521.000000,1ec7a45d803ab472e7fe5c6625667289_shot_001_000,lpips,full,0.02203185
23,521.000000,1ec7a45d803ab472e7fe5c6625667289_shot_001_000,sharpness,mouth,7.0430
23,521.000000,1ec7a45d803ab472e7fe5c6625667289_shot_001_000,lmd,mouth,1.853194
23,521.000000,1ec7a45d803ab472e7fe5c6625667289_shot_001_000,sync_d,mouth,9.344450
23,521.000000,1ec7a45d803ab472e7fe5c6625667289_shot_001_000,sync_c,mouth,1.456617
24,501.000000,1ec7a45d803ab472e7fe5c6625667289_shot_001_000,pixel_mse,mouth,0.00043275
24,501.000000,1ec7a45d803ab472e7fe5c6625667289_shot_001_000,pixel_mse,upper_face,0.00003617
24,501.000000,1ec7a45d803ab472e7fe5c6625667289_shot_001_000,pixel_mse,full,0.00019758
24,501.000000,1ec7a45d803ab472e7fe5c6625667289_shot_001_000,ssim,mouth,0.95022529
24,501.000000,1ec7a45d803ab472e7fe5c6625667289_shot_001_000,ssim,upper_face,0.97924864
24,501.000000,1ec7a45d803ab472e7fe5c6625667289_shot_001_000,ssim,full,0.96743619
24,501.000000,1ec7a45d803ab472e7fe5c6625667289_shot_001_000,lpips,mouth,0.02946544
24,501.000000,1ec7a45d803ab472e7fe5c6625667289_shot_001_000,lpips,full,0.02191677
24,501.000000,1ec7a45d803ab472e7fe5c6625667289_shot_001_000,sharpness,mouth,6.9931
24,501.000000,1ec7a45d803ab472e7fe5c6625667289_shot_001_000,lmd,mouth,2.000131
24,501.000000,1ec7a45d803ab472e7fe5c6625667289_shot_001_000,sync_d,mouth,9.099852
24,501.000000,1ec7a45d803ab472e7fe5c6625667289_shot_001_000,sync_c,mouth,1.594267
25,481.000000,1ec7a45d803ab472e7fe5c6625667289_shot_001_000,pixel_mse,mouth,0.00042867
25,481.000000,1ec7a45d803ab472e7fe5c6625667289_shot_001_000,pixel_mse,upper_face,0.00003604
25,481.000000,1ec7a45d803ab472e7fe5c6625667289_shot_001_000,pixel_mse,full,0.00019584
25,481.000000,1ec7a45d803ab472e7fe5c6625667289_shot_001_000,ssim,mouth,0.95041537
25,481.000000,1ec7a45d803ab472e7fe5c6625667289_shot_001_000,ssim,upper_face,0.97918659
25,481.000000,1ec7a45d803ab472e7fe5c6625667289_shot_001_000,ssim,full,0.96747679
25,481.000000,1ec7a45d803ab472e7fe5c6625667289_shot_001_000,lpips,mouth,0.02982529
25,481.000000,1ec7a45d803ab472e7fe5c6625667289_shot_001_000,lpips,full,0.02195763
25,481.000000,1ec7a45d803ab472e7fe5c6625667289_shot_001_000,sharpness,mouth,7.0135
25,481.000000,1ec7a45d803ab472e7fe5c6625667289_shot_001_000,lmd,mouth,1.857317
25,481.000000,1ec7a45d803ab472e7fe5c6625667289_shot_001_000,sync_d,mouth,9.082470
25,481.000000,1ec7a45d803ab472e7fe5c6625667289_shot_001_000,sync_c,mouth,1.590547
26,461.000000,1ec7a45d803ab472e7fe5c6625667289_shot_001_000,pixel_mse,mouth,0.00042468
26,461.000000,1ec7a45d803ab472e7fe5c6625667289_shot_001_000,pixel_mse,upper_face,0.00003580
26,461.000000,1ec7a45d803ab472e7fe5c6625667289_shot_001_000,pixel_mse,full,0.00019407
26,461.000000,1ec7a45d803ab472e7fe5c6625667289_shot_001_000,ssim,mouth,0.95057476
26,461.000000,1ec7a45d803ab472e7fe5c6625667289_shot_001_000,ssim,upper_face,0.97915912
26,461.000000,1ec7a45d803ab472e7fe5c6625667289_shot_001_000,ssim,full,0.96752536
26,461.000000,1ec7a45d803ab472e7fe5c6625667289_shot_001_000,lpips,mouth,0.02960019
26,461.000000,1ec7a45d803ab472e7fe5c6625667289_shot_001_000,lpips,full,0.02190061
26,461.000000,1ec7a45d803ab472e7fe5c6625667289_shot_001_000,sharpness,mouth,6.9981
26,461.000000,1ec7a45d803ab472e7fe5c6625667289_shot_001_000,lmd,mouth,1.933575
26,461.000000,1ec7a45d803ab472e7fe5c6625667289_shot_001_000,sync_d,mouth,9.253579
26,461.000000,1ec7a45d803ab472e7fe5c6625667289_shot_001_000,sync_c,mouth,1.480146
27,441.000000,1ec7a45d803ab472e7fe5c6625667289_shot_001_000,pixel_mse,mouth,0.00042097
27,441.000000,1ec7a45d803ab472e7fe5c6625667289_shot_001_000,pixel_mse,upper_face,0.00003543
27,441.000000,1ec7a45d803ab472e7fe5c6625667289_shot_001_000,pixel_mse,full,0.00019234
27,441.000000,1ec7a45d803ab472e7fe5c6625667289_shot_001_000,ssim,mouth,0.95093983
27,441.000000,1ec7a45d803ab472e7fe5c6625667289_shot_001_000,ssim,upper_face,0.97931248
27,441.000000,1ec7a45d803ab472e7fe5c6625667289_shot_001_000,ssim,full,0.96776491
27,441.000000,1ec7a45d803ab472e7fe5c6625667289_shot_001_000,lpips,mouth,0.02964982
27,441.000000,1ec7a45d803ab472e7fe5c6625667289_shot_001_000,lpips,full,0.02171167
27,441.000000,1ec7a45d803ab472e7fe5c6625667289_shot_001_000,sharpness,mouth,6.9887
27,441.000000,1ec7a45d803ab472e7fe5c6625667289_shot_001_000,lmd,mouth,1.879896
27,441.000000,1ec7a45d803ab472e7fe5c6625667289_shot_001_000,sync_d,mouth,9.306843
27,441.000000,1ec7a45d803ab472e7fe5c6625667289_shot_001_000,sync_c,mouth,1.377160
28,421.000000,1ec7a45d803ab472e7fe5c6625667289_shot_001_000,pixel_mse,mouth,0.00041743
28,421.000000,1ec7a45d803ab472e7fe5c6625667289_shot_001_000,pixel_mse,upper_face,0.00003555
28,421.000000,1ec7a45d803ab472e7fe5c6625667289_shot_001_000,pixel_mse,full,0.00019098
28,421.000000,1ec7a45d803ab472e7fe5c6625667289_shot_001_000,ssim,mouth,0.95112616
28,421.000000,1ec7a45d803ab472e7fe5c6625667289_shot_001_000,ssim,upper_face,0.97927696
28,421.000000,1ec7a45d803ab472e7fe5c6625667289_shot_001_000,ssim,full,0.96781969
28,421.000000,1ec7a45d803ab472e7fe5c6625667289_shot_001_000,lpips,mouth,0.02947192
28,421.000000,1ec7a45d803ab472e7fe5c6625667289_shot_001_000,lpips,full,0.02180037
28,421.000000,1ec7a45d803ab472e7fe5c6625667289_shot_001_000,sharpness,mouth,7.0043
28,421.000000,1ec7a45d803ab472e7fe5c6625667289_shot_001_000,lmd,mouth,1.851125
28,421.000000,1ec7a45d803ab472e7fe5c6625667289_shot_001_000,sync_d,mouth,9.220142
28,421.000000,1ec7a45d803ab472e7fe5c6625667289_shot_001_000,sync_c,mouth,1.503066
29,401.000000,1ec7a45d803ab472e7fe5c6625667289_shot_001_000,pixel_mse,mouth,0.00041260
29,401.000000,1ec7a45d803ab472e7fe5c6625667289_shot_001_000,pixel_mse,upper_face,0.00003527
29,401.000000,1ec7a45d803ab472e7fe5c6625667289_shot_001_000,pixel_mse,full,0.00018885
29,401.000000,1ec7a45d803ab472e7fe5c6625667289_shot_001_000,ssim,mouth,0.95131105
29,401.000000,1ec7a45d803ab472e7fe5c6625667289_shot_001_000,ssim,upper_face,0.97930801
29,401.000000,1ec7a45d803ab472e7fe5c6625667289_shot_001_000,ssim,full,0.96791327
29,401.000000,1ec7a45d803ab472e7fe5c6625667289_shot_001_000,lpips,mouth,0.02939360
29,401.000000,1ec7a45d803ab472e7fe5c6625667289_shot_001_000,lpips,full,0.02156393
29,401.000000,1ec7a45d803ab472e7fe5c6625667289_shot_001_000,sharpness,mouth,6.9786
29,401.000000,1ec7a45d803ab472e7fe5c6625667289_shot_001_000,lmd,mouth,1.881206
29,401.000000,1ec7a45d803ab472e7fe5c6625667289_shot_001_000,sync_d,mouth,9.032587
29,401.000000,1ec7a45d803ab472e7fe5c6625667289_shot_001_000,sync_c,mouth,1.726908
30,381.000000,1ec7a45d803ab472e7fe5c6625667289_shot_001_000,pixel_mse,mouth,0.00041012
30,381.000000,1ec7a45d803ab472e7fe5c6625667289_shot_001_000,pixel_mse,upper_face,0.00003517
30,381.000000,1ec7a45d803ab472e7fe5c6625667289_shot_001_000,pixel_mse,full,0.00018777
30,381.000000,1ec7a45d803ab472e7fe5c6625667289_shot_001_000,ssim,mouth,0.95153022
30,381.000000,1ec7a45d803ab472e7fe5c6625667289_shot_001_000,ssim,upper_face,0.97934228
30,381.000000,1ec7a45d803ab472e7fe5c6625667289_shot_001_000,ssim,full,0.96802282
30,381.000000,1ec7a45d803ab472e7fe5c6625667289_shot_001_000,lpips,mouth,0.02936126
30,381.000000,1ec7a45d803ab472e7fe5c6625667289_shot_001_000,lpips,full,0.02162141
30,381.000000,1ec7a45d803ab472e7fe5c6625667289_shot_001_000,sharpness,mouth,6.9614
30,381.000000,1ec7a45d803ab472e7fe5c6625667289_shot_001_000,lmd,mouth,1.924648
30,381.000000,1ec7a45d803ab472e7fe5c6625667289_shot_001_000,sync_d,mouth,9.216743
30,381.000000,1ec7a45d803ab472e7fe5c6625667289_shot_001_000,sync_c,mouth,1.481118
31,361.000000,1ec7a45d803ab472e7fe5c6625667289_shot_001_000,pixel_mse,mouth,0.00040625
31,361.000000,1ec7a45d803ab472e7fe5c6625667289_shot_001_000,pixel_mse,upper_face,0.00003519
31,361.000000,1ec7a45d803ab472e7fe5c6625667289_shot_001_000,pixel_mse,full,0.00018621
31,361.000000,1ec7a45d803ab472e7fe5c6625667289_shot_001_000,ssim,mouth,0.95181084
31,361.000000,1ec7a45d803ab472e7fe5c6625667289_shot_001_000,ssim,upper_face,0.97935557
31,361.000000,1ec7a45d803ab472e7fe5c6625667289_shot_001_000,ssim,full,0.96814489
31,361.000000,1ec7a45d803ab472e7fe5c6625667289_shot_001_000,lpips,mouth,0.02910319
31,361.000000,1ec7a45d803ab472e7fe5c6625667289_shot_001_000,lpips,full,0.02169560
31,361.000000,1ec7a45d803ab472e7fe5c6625667289_shot_001_000,sharpness,mouth,6.9210
31,361.000000,1ec7a45d803ab472e7fe5c6625667289_shot_001_000,lmd,mouth,1.878049
31,361.000000,1ec7a45d803ab472e7fe5c6625667289_shot_001_000,sync_d,mouth,9.333096
31,361.000000,1ec7a45d803ab472e7fe5c6625667289_shot_001_000,sync_c,mouth,1.370709
32,341.000000,1ec7a45d803ab472e7fe5c6625667289_shot_001_000,pixel_mse,mouth,0.00040332
32,341.000000,1ec7a45d803ab472e7fe5c6625667289_shot_001_000,pixel_mse,upper_face,0.00003505
32,341.000000,1ec7a45d803ab472e7fe5c6625667289_shot_001_000,pixel_mse,full,0.00018494
32,341.000000,1ec7a45d803ab472e7fe5c6625667289_shot_001_000,ssim,mouth,0.95204943
32,341.000000,1ec7a45d803ab472e7fe5c6625667289_shot_001_000,ssim,upper_face,0.97940981
32,341.000000,1ec7a45d803ab472e7fe5c6625667289_shot_001_000,ssim,full,0.96827424
32,341.000000,1ec7a45d803ab472e7fe5c6625667289_shot_001_000,lpips,mouth,0.02924822
32,341.000000,1ec7a45d803ab472e7fe5c6625667289_shot_001_000,lpips,full,0.02165170
32,341.000000,1ec7a45d803ab472e7fe5c6625667289_shot_001_000,sharpness,mouth,6.9301
32,341.000000,1ec7a45d803ab472e7fe5c6625667289_shot_001_000,lmd,mouth,1.832891
32,341.000000,1ec7a45d803ab472e7fe5c6625667289_shot_001_000,sync_d,mouth,9.154202
32,341.000000,1ec7a45d803ab472e7fe5c6625667289_shot_001_000,sync_c,mouth,1.612094
33,321.000000,1ec7a45d803ab472e7fe5c6625667289_shot_001_000,pixel_mse,mouth,0.00040049
33,321.000000,1ec7a45d803ab472e7fe5c6625667289_shot_001_000,pixel_mse,upper_face,0.00003504
33,321.000000,1ec7a45d803ab472e7fe5c6625667289_shot_001_000,pixel_mse,full,0.00018378
33,321.000000,1ec7a45d803ab472e7fe5c6625667289_shot_001_000,ssim,mouth,0.95213544
33,321.000000,1ec7a45d803ab472e7fe5c6625667289_shot_001_000,ssim,upper_face,0.97942495
33,321.000000,1ec7a45d803ab472e7fe5c6625667289_shot_001_000,ssim,full,0.96831822
33,321.000000,1ec7a45d803ab472e7fe5c6625667289_shot_001_000,lpips,mouth,0.02920018
33,321.000000,1ec7a45d803ab472e7fe5c6625667289_shot_001_000,lpips,full,0.02174841
33,321.000000,1ec7a45d803ab472e7fe5c6625667289_shot_001_000,sharpness,mouth,6.9080
33,321.000000,1ec7a45d803ab472e7fe5c6625667289_shot_001_000,lmd,mouth,1.777142
33,321.000000,1ec7a45d803ab472e7fe5c6625667289_shot_001_000,sync_d,mouth,9.169164
33,321.000000,1ec7a45d803ab472e7fe5c6625667289_shot_001_000,sync_c,mouth,1.407612
34,301.000000,1ec7a45d803ab472e7fe5c6625667289_shot_001_000,pixel_mse,mouth,0.00039860
34,301.000000,1ec7a45d803ab472e7fe5c6625667289_shot_001_000,pixel_mse,upper_face,0.00003516
34,301.000000,1ec7a45d803ab472e7fe5c6625667289_shot_001_000,pixel_mse,full,0.00018308
34,301.000000,1ec7a45d803ab472e7fe5c6625667289_shot_001_000,ssim,mouth,0.95217645
34,301.000000,1ec7a45d803ab472e7fe5c6625667289_shot_001_000,ssim,upper_face,0.97934949
34,301.000000,1ec7a45d803ab472e7fe5c6625667289_shot_001_000,ssim,full,0.96829009
34,301.000000,1ec7a45d803ab472e7fe5c6625667289_shot_001_000,lpips,mouth,0.02903862
34,301.000000,1ec7a45d803ab472e7fe5c6625667289_shot_001_000,lpips,full,0.02153528
34,301.000000,1ec7a45d803ab472e7fe5c6625667289_shot_001_000,sharpness,mouth,6.9074
34,301.000000,1ec7a45d803ab472e7fe5c6625667289_shot_001_000,lmd,mouth,1.863130
34,301.000000,1ec7a45d803ab472e7fe5c6625667289_shot_001_000,sync_d,mouth,9.329247
34,301.000000,1ec7a45d803ab472e7fe5c6625667289_shot_001_000,sync_c,mouth,1.425662
35,281.000000,1ec7a45d803ab472e7fe5c6625667289_shot_001_000,pixel_mse,mouth,0.00039570
35,281.000000,1ec7a45d803ab472e7fe5c6625667289_shot_001_000,pixel_mse,upper_face,0.00003511
35,281.000000,1ec7a45d803ab472e7fe5c6625667289_shot_001_000,pixel_mse,full,0.00018187
35,281.000000,1ec7a45d803ab472e7fe5c6625667289_shot_001_000,ssim,mouth,0.95237118
35,281.000000,1ec7a45d803ab472e7fe5c6625667289_shot_001_000,ssim,upper_face,0.97936213
35,281.000000,1ec7a45d803ab472e7fe5c6625667289_shot_001_000,ssim,full,0.96837687
35,281.000000,1ec7a45d803ab472e7fe5c6625667289_shot_001_000,lpips,mouth,0.02888886
35,281.000000,1ec7a45d803ab472e7fe5c6625667289_shot_001_000,lpips,full,0.02154476
35,281.000000,1ec7a45d803ab472e7fe5c6625667289_shot_001_000,sharpness,mouth,6.9174
35,281.000000,1ec7a45d803ab472e7fe5c6625667289_shot_001_000,lmd,mouth,1.889024
35,281.000000,1ec7a45d803ab472e7fe5c6625667289_shot_001_000,sync_d,mouth,9.299759
35,281.000000,1ec7a45d803ab472e7fe5c6625667289_shot_001_000,sync_c,mouth,1.540910
36,261.000000,1ec7a45d803ab472e7fe5c6625667289_shot_001_000,pixel_mse,mouth,0.00039421
36,261.000000,1ec7a45d803ab472e7fe5c6625667289_shot_001_000,pixel_mse,upper_face,0.00003512
36,261.000000,1ec7a45d803ab472e7fe5c6625667289_shot_001_000,pixel_mse,full,0.00018127
36,261.000000,1ec7a45d803ab472e7fe5c6625667289_shot_001_000,ssim,mouth,0.95241582
36,261.000000,1ec7a45d803ab472e7fe5c6625667289_shot_001_000,ssim,upper_face,0.97933018
36,261.000000,1ec7a45d803ab472e7fe5c6625667289_shot_001_000,ssim,full,0.96837604
36,261.000000,1ec7a45d803ab472e7fe5c6625667289_shot_001_000,lpips,mouth,0.02941573
36,261.000000,1ec7a45d803ab472e7fe5c6625667289_shot_001_000,lpips,full,0.02163016
36,261.000000,1ec7a45d803ab472e7fe5c6625667289_shot_001_000,sharpness,mouth,6.8773
36,261.000000,1ec7a45d803ab472e7fe5c6625667289_shot_001_000,lmd,mouth,1.838860
36,261.000000,1ec7a45d803ab472e7fe5c6625667289_shot_001_000,sync_d,mouth,9.441190
36,261.000000,1ec7a45d803ab472e7fe5c6625667289_shot_001_000,sync_c,mouth,1.411376
37,241.000000,1ec7a45d803ab472e7fe5c6625667289_shot_001_000,pixel_mse,mouth,0.00039262
37,241.000000,1ec7a45d803ab472e7fe5c6625667289_shot_001_000,pixel_mse,upper_face,0.00003513
37,241.000000,1ec7a45d803ab472e7fe5c6625667289_shot_001_000,pixel_mse,full,0.00018063
37,241.000000,1ec7a45d803ab472e7fe5c6625667289_shot_001_000,ssim,mouth,0.95255518
37,241.000000,1ec7a45d803ab472e7fe5c6625667289_shot_001_000,ssim,upper_face,0.97936743
37,241.000000,1ec7a45d803ab472e7fe5c6625667289_shot_001_000,ssim,full,0.96845490
37,241.000000,1ec7a45d803ab472e7fe5c6625667289_shot_001_000,lpips,mouth,0.02912753
37,241.000000,1ec7a45d803ab472e7fe5c6625667289_shot_001_000,lpips,full,0.02162776
37,241.000000,1ec7a45d803ab472e7fe5c6625667289_shot_001_000,sharpness,mouth,6.8780
37,241.000000,1ec7a45d803ab472e7fe5c6625667289_shot_001_000,lmd,mouth,1.849020
37,241.000000,1ec7a45d803ab472e7fe5c6625667289_shot_001_000,sync_d,mouth,9.095893
37,241.000000,1ec7a45d803ab472e7fe5c6625667289_shot_001_000,sync_c,mouth,1.619493
38,221.000000,1ec7a45d803ab472e7fe5c6625667289_shot_001_000,pixel_mse,mouth,0.00039130
38,221.000000,1ec7a45d803ab472e7fe5c6625667289_shot_001_000,pixel_mse,upper_face,0.00003516
38,221.000000,1ec7a45d803ab472e7fe5c6625667289_shot_001_000,pixel_mse,full,0.00018011
38,221.000000,1ec7a45d803ab472e7fe5c6625667289_shot_001_000,ssim,mouth,0.95246512
38,221.000000,1ec7a45d803ab472e7fe5c6625667289_shot_001_000,ssim,upper_face,0.97933710
38,221.000000,1ec7a45d803ab472e7fe5c6625667289_shot_001_000,ssim,full,0.96840024
38,221.000000,1ec7a45d803ab472e7fe5c6625667289_shot_001_000,lpips,mouth,0.02926403
38,221.000000,1ec7a45d803ab472e7fe5c6625667289_shot_001_000,lpips,full,0.02177463
38,221.000000,1ec7a45d803ab472e7fe5c6625667289_shot_001_000,sharpness,mouth,6.8781
38,221.000000,1ec7a45d803ab472e7fe5c6625667289_shot_001_000,lmd,mouth,1.756332
38,221.000000,1ec7a45d803ab472e7fe5c6625667289_shot_001_000,sync_d,mouth,9.051061
38,221.000000,1ec7a45d803ab472e7fe5c6625667289_shot_001_000,sync_c,mouth,1.745871
39,201.000000,1ec7a45d803ab472e7fe5c6625667289_shot_001_000,pixel_mse,mouth,0.00039040
39,201.000000,1ec7a45d803ab472e7fe5c6625667289_shot_001_000,pixel_mse,upper_face,0.00003521
39,201.000000,1ec7a45d803ab472e7fe5c6625667289_shot_001_000,pixel_mse,full,0.00017977
39,201.000000,1ec7a45d803ab472e7fe5c6625667289_shot_001_000,ssim,mouth,0.95252442
39,201.000000,1ec7a45d803ab472e7fe5c6625667289_shot_001_000,ssim,upper_face,0.97935927
39,201.000000,1ec7a45d803ab472e7fe5c6625667289_shot_001_000,ssim,full,0.96843755
39,201.000000,1ec7a45d803ab472e7fe5c6625667289_shot_001_000,lpips,mouth,0.02937529
39,201.000000,1ec7a45d803ab472e7fe5c6625667289_shot_001_000,lpips,full,0.02181488
39,201.000000,1ec7a45d803ab472e7fe5c6625667289_shot_001_000,sharpness,mouth,6.8566
39,201.000000,1ec7a45d803ab472e7fe5c6625667289_shot_001_000,lmd,mouth,1.907833
39,201.000000,1ec7a45d803ab472e7fe5c6625667289_shot_001_000,sync_d,mouth,9.134335
39,201.000000,1ec7a45d803ab472e7fe5c6625667289_shot_001_000,sync_c,mouth,1.648591
40,181.000000,1ec7a45d803ab472e7fe5c6625667289_shot_001_000,pixel_mse,mouth,0.00039085
40,181.000000,1ec7a45d803ab472e7fe5c6625667289_shot_001_000,pixel_mse,upper_face,0.00003555
40,181.000000,1ec7a45d803ab472e7fe5c6625667289_shot_001_000,pixel_mse,full,0.00018016
40,181.000000,1ec7a45d803ab472e7fe5c6625667289_shot_001_000,ssim,mouth,0.95256251
40,181.000000,1ec7a45d803ab472e7fe5c6625667289_shot_001_000,ssim,upper_face,0.97931296
40,181.000000,1ec7a45d803ab472e7fe5c6625667289_shot_001_000,ssim,full,0.96842557
40,181.000000,1ec7a45d803ab472e7fe5c6625667289_shot_001_000,lpips,mouth,0.02915980
40,181.000000,1ec7a45d803ab472e7fe5c6625667289_shot_001_000,lpips,full,0.02166208
40,181.000000,1ec7a45d803ab472e7fe5c6625667289_shot_001_000,sharpness,mouth,6.8478
40,181.000000,1ec7a45d803ab472e7fe5c6625667289_shot_001_000,lmd,mouth,1.911351
40,181.000000,1ec7a45d803ab472e7fe5c6625667289_shot_001_000,sync_d,mouth,9.157240
40,181.000000,1ec7a45d803ab472e7fe5c6625667289_shot_001_000,sync_c,mouth,1.553653
41,161.000000,1ec7a45d803ab472e7fe5c6625667289_shot_001_000,pixel_mse,mouth,0.00039099
41,161.000000,1ec7a45d803ab472e7fe5c6625667289_shot_001_000,pixel_mse,upper_face,0.00003566
41,161.000000,1ec7a45d803ab472e7fe5c6625667289_shot_001_000,pixel_mse,full,0.00018028
41,161.000000,1ec7a45d803ab472e7fe5c6625667289_shot_001_000,ssim,mouth,0.95243436
41,161.000000,1ec7a45d803ab472e7fe5c6625667289_shot_001_000,ssim,upper_face,0.97927713
41,161.000000,1ec7a45d803ab472e7fe5c6625667289_shot_001_000,ssim,full,0.96835220
41,161.000000,1ec7a45d803ab472e7fe5c6625667289_shot_001_000,lpips,mouth,0.02954905
41,161.000000,1ec7a45d803ab472e7fe5c6625667289_shot_001_000,lpips,full,0.02196198
41,161.000000,1ec7a45d803ab472e7fe5c6625667289_shot_001_000,sharpness,mouth,6.8409
41,161.000000,1ec7a45d803ab472e7fe5c6625667289_shot_001_000,lmd,mouth,1.970873
41,161.000000,1ec7a45d803ab472e7fe5c6625667289_shot_001_000,sync_d,mouth,9.055800
41,161.000000,1ec7a45d803ab472e7fe5c6625667289_shot_001_000,sync_c,mouth,1.765360
42,141.000000,1ec7a45d803ab472e7fe5c6625667289_shot_001_000,pixel_mse,mouth,0.00039210
42,141.000000,1ec7a45d803ab472e7fe5c6625667289_shot_001_000,pixel_mse,upper_face,0.00003614
42,141.000000,1ec7a45d803ab472e7fe5c6625667289_shot_001_000,pixel_mse,full,0.00018102
42,141.000000,1ec7a45d803ab472e7fe5c6625667289_shot_001_000,ssim,mouth,0.95232999
42,141.000000,1ec7a45d803ab472e7fe5c6625667289_shot_001_000,ssim,upper_face,0.97921294
42,141.000000,1ec7a45d803ab472e7fe5c6625667289_shot_001_000,ssim,full,0.96827161
42,141.000000,1ec7a45d803ab472e7fe5c6625667289_shot_001_000,lpips,mouth,0.02959548
42,141.000000,1ec7a45d803ab472e7fe5c6625667289_shot_001_000,lpips,full,0.02204152
42,141.000000,1ec7a45d803ab472e7fe5c6625667289_shot_001_000,sharpness,mouth,6.8641
42,141.000000,1ec7a45d803ab472e7fe5c6625667289_shot_001_000,lmd,mouth,1.864795
42,141.000000,1ec7a45d803ab472e7fe5c6625667289_shot_001_000,sync_d,mouth,9.163274
42,141.000000,1ec7a45d803ab472e7fe5c6625667289_shot_001_000,sync_c,mouth,1.449880
43,121.000000,1ec7a45d803ab472e7fe5c6625667289_shot_001_000,pixel_mse,mouth,0.00039387
43,121.000000,1ec7a45d803ab472e7fe5c6625667289_shot_001_000,pixel_mse,upper_face,0.00003674
43,121.000000,1ec7a45d803ab472e7fe5c6625667289_shot_001_000,pixel_mse,full,0.00018209
43,121.000000,1ec7a45d803ab472e7fe5c6625667289_shot_001_000,ssim,mouth,0.95230037
43,121.000000,1ec7a45d803ab472e7fe5c6625667289_shot_001_000,ssim,upper_face,0.97901952
43,121.000000,1ec7a45d803ab472e7fe5c6625667289_shot_001_000,ssim,full,0.96814489
43,121.000000,1ec7a45d803ab472e7fe5c6625667289_shot_001_000,lpips,mouth,0.02965370
43,121.000000,1ec7a45d803ab472e7fe5c6625667289_shot_001_000,lpips,full,0.02197599
43,121.000000,1ec7a45d803ab472e7fe5c6625667289_shot_001_000,sharpness,mouth,6.8617
43,121.000000,1ec7a45d803ab472e7fe5c6625667289_shot_001_000,lmd,mouth,1.816222
43,121.000000,1ec7a45d803ab472e7fe5c6625667289_shot_001_000,sync_d,mouth,9.479016
43,121.000000,1ec7a45d803ab472e7fe5c6625667289_shot_001_000,sync_c,mouth,1.221313
44,101.000000,1ec7a45d803ab472e7fe5c6625667289_shot_001_000,pixel_mse,mouth,0.00039582
44,101.000000,1ec7a45d803ab472e7fe5c6625667289_shot_001_000,pixel_mse,upper_face,0.00003731
44,101.000000,1ec7a45d803ab472e7fe5c6625667289_shot_001_000,pixel_mse,full,0.00018322
44,101.000000,1ec7a45d803ab472e7fe5c6625667289_shot_001_000,ssim,mouth,0.95205438
44,101.000000,1ec7a45d803ab472e7fe5c6625667289_shot_001_000,ssim,upper_face,0.97897685
44,101.000000,1ec7a45d803ab472e7fe5c6625667289_shot_001_000,ssim,full,0.96801949
44,101.000000,1ec7a45d803ab472e7fe5c6625667289_shot_001_000,lpips,mouth,0.02975531
44,101.000000,1ec7a45d803ab472e7fe5c6625667289_shot_001_000,lpips,full,0.02206298
44,101.000000,1ec7a45d803ab472e7fe5c6625667289_shot_001_000,sharpness,mouth,6.8639
44,101.000000,1ec7a45d803ab472e7fe5c6625667289_shot_001_000,lmd,mouth,1.823954
44,101.000000,1ec7a45d803ab472e7fe5c6625667289_shot_001_000,sync_d,mouth,8.939010
44,101.000000,1ec7a45d803ab472e7fe5c6625667289_shot_001_000,sync_c,mouth,1.742157
45,81.000000,1ec7a45d803ab472e7fe5c6625667289_shot_001_000,pixel_mse,mouth,0.00040025
45,81.000000,1ec7a45d803ab472e7fe5c6625667289_shot_001_000,pixel_mse,upper_face,0.00003838
45,81.000000,1ec7a45d803ab472e7fe5c6625667289_shot_001_000,pixel_mse,full,0.00018566
45,81.000000,1ec7a45d803ab472e7fe5c6625667289_shot_001_000,ssim,mouth,0.95180142
45,81.000000,1ec7a45d803ab472e7fe5c6625667289_shot_001_000,ssim,upper_face,0.97882187
45,81.000000,1ec7a45d803ab472e7fe5c6625667289_shot_001_000,ssim,full,0.96782464
45,81.000000,1ec7a45d803ab472e7fe5c6625667289_shot_001_000,lpips,mouth,0.02985163
45,81.000000,1ec7a45d803ab472e7fe5c6625667289_shot_001_000,lpips,full,0.02214409
45,81.000000,1ec7a45d803ab472e7fe5c6625667289_shot_001_000,sharpness,mouth,6.8865
45,81.000000,1ec7a45d803ab472e7fe5c6625667289_shot_001_000,lmd,mouth,1.762415
45,81.000000,1ec7a45d803ab472e7fe5c6625667289_shot_001_000,sync_d,mouth,9.188015
45,81.000000,1ec7a45d803ab472e7fe5c6625667289_shot_001_000,sync_c,mouth,1.508172
46,61.000000,1ec7a45d803ab472e7fe5c6625667289_shot_001_000,pixel_mse,mouth,0.00040575
46,61.000000,1ec7a45d803ab472e7fe5c6625667289_shot_001_000,pixel_mse,upper_face,0.00003999
46,61.000000,1ec7a45d803ab472e7fe5c6625667289_shot_001_000,pixel_mse,full,0.00018885
46,61.000000,1ec7a45d803ab472e7fe5c6625667289_shot_001_000,ssim,mouth,0.95148319
46,61.000000,1ec7a45d803ab472e7fe5c6625667289_shot_001_000,ssim,upper_face,0.97857016
46,61.000000,1ec7a45d803ab472e7fe5c6625667289_shot_001_000,ssim,full,0.96754587
46,61.000000,1ec7a45d803ab472e7fe5c6625667289_shot_001_000,lpips,mouth,0.02977687
46,61.000000,1ec7a45d803ab472e7fe5c6625667289_shot_001_000,lpips,full,0.02228239
46,61.000000,1ec7a45d803ab472e7fe5c6625667289_shot_001_000,sharpness,mouth,6.9068
46,61.000000,1ec7a45d803ab472e7fe5c6625667289_shot_001_000,lmd,mouth,1.831121
46,61.000000,1ec7a45d803ab472e7fe5c6625667289_shot_001_000,sync_d,mouth,9.124098
46,61.000000,1ec7a45d803ab472e7fe5c6625667289_shot_001_000,sync_c,mouth,1.609435
47,41.000000,1ec7a45d803ab472e7fe5c6625667289_shot_001_000,pixel_mse,mouth,0.00041434
47,41.000000,1ec7a45d803ab472e7fe5c6625667289_shot_001_000,pixel_mse,upper_face,0.00004212
47,41.000000,1ec7a45d803ab472e7fe5c6625667289_shot_001_000,pixel_mse,full,0.00019361
47,41.000000,1ec7a45d803ab472e7fe5c6625667289_shot_001_000,ssim,mouth,0.95074844
47,41.000000,1ec7a45d803ab472e7fe5c6625667289_shot_001_000,ssim,upper_face,0.97826123
47,41.000000,1ec7a45d803ab472e7fe5c6625667289_shot_001_000,ssim,full,0.96706361
47,41.000000,1ec7a45d803ab472e7fe5c6625667289_shot_001_000,lpips,mouth,0.03008189
47,41.000000,1ec7a45d803ab472e7fe5c6625667289_shot_001_000,lpips,full,0.02251812
47,41.000000,1ec7a45d803ab472e7fe5c6625667289_shot_001_000,sharpness,mouth,7.0080
47,41.000000,1ec7a45d803ab472e7fe5c6625667289_shot_001_000,lmd,mouth,1.861487
47,41.000000,1ec7a45d803ab472e7fe5c6625667289_shot_001_000,sync_d,mouth,9.009487
47,41.000000,1ec7a45d803ab472e7fe5c6625667289_shot_001_000,sync_c,mouth,1.748347
48,21.000000,1ec7a45d803ab472e7fe5c6625667289_shot_001_000,pixel_mse,mouth,0.00043336
48,21.000000,1ec7a45d803ab472e7fe5c6625667289_shot_001_000,pixel_mse,upper_face,0.00004670
48,21.000000,1ec7a45d803ab472e7fe5c6625667289_shot_001_000,pixel_mse,full,0.00020407
48,21.000000,1ec7a45d803ab472e7fe5c6625667289_shot_001_000,ssim,mouth,0.94964242
48,21.000000,1ec7a45d803ab472e7fe5c6625667289_shot_001_000,ssim,upper_face,0.97768325
48,21.000000,1ec7a45d803ab472e7fe5c6625667289_shot_001_000,ssim,full,0.96627069
48,21.000000,1ec7a45d803ab472e7fe5c6625667289_shot_001_000,lpips,mouth,0.03010281
48,21.000000,1ec7a45d803ab472e7fe5c6625667289_shot_001_000,lpips,full,0.02249097
48,21.000000,1ec7a45d803ab472e7fe5c6625667289_shot_001_000,sharpness,mouth,7.1002
48,21.000000,1ec7a45d803ab472e7fe5c6625667289_shot_001_000,lmd,mouth,1.957745
48,21.000000,1ec7a45d803ab472e7fe5c6625667289_shot_001_000,sync_d,mouth,8.847433
48,21.000000,1ec7a45d803ab472e7fe5c6625667289_shot_001_000,sync_c,mouth,1.904037
49,1.000000,1ec7a45d803ab472e7fe5c6625667289_shot_001_000,pixel_mse,mouth,0.00048813
49,1.000000,1ec7a45d803ab472e7fe5c6625667289_shot_001_000,pixel_mse,upper_face,0.00006712
49,1.000000,1ec7a45d803ab472e7fe5c6625667289_shot_001_000,pixel_mse,full,0.00023847
49,1.000000,1ec7a45d803ab472e7fe5c6625667289_shot_001_000,ssim,mouth,0.94611740
49,1.000000,1ec7a45d803ab472e7fe5c6625667289_shot_001_000,ssim,upper_face,0.97622257
49,1.000000,1ec7a45d803ab472e7fe5c6625667289_shot_001_000,ssim,full,0.96396983
49,1.000000,1ec7a45d803ab472e7fe5c6625667289_shot_001_000,lpips,mouth,0.03147050
49,1.000000,1ec7a45d803ab472e7fe5c6625667289_shot_001_000,lpips,full,0.02391051
49,1.000000,1ec7a45d803ab472e7fe5c6625667289_shot_001_000,sharpness,mouth,7.4729
49,1.000000,1ec7a45d803ab472e7fe5c6625667289_shot_001_000,lmd,mouth,2.210769
49,1.000000,1ec7a45d803ab472e7fe5c6625667289_shot_001_000,sync_d,mouth,8.552271
49,1.000000,1ec7a45d803ab472e7fe5c6625667289_shot_001_000,sync_c,mouth,2.184569
-1,gt,283979598869ec6d8c5cdbe66eb5ecb8_shot_001_000,sharpness,mouth,6.4060
-1,gt,283979598869ec6d8c5cdbe66eb5ecb8_shot_001_000,sync_d,mouth,6.175333
-1,gt,283979598869ec6d8c5cdbe66eb5ecb8_shot_001_000,sync_c,mouth,4.952878
0,981.000000,283979598869ec6d8c5cdbe66eb5ecb8_shot_001_000,pixel_mse,mouth,0.00020850
0,981.000000,283979598869ec6d8c5cdbe66eb5ecb8_shot_001_000,pixel_mse,upper_face,0.00015379
0,981.000000,283979598869ec6d8c5cdbe66eb5ecb8_shot_001_000,pixel_mse,full,0.00017605
0,981.000000,283979598869ec6d8c5cdbe66eb5ecb8_shot_001_000,ssim,mouth,0.96557200
0,981.000000,283979598869ec6d8c5cdbe66eb5ecb8_shot_001_000,ssim,upper_face,0.97305590
0,981.000000,283979598869ec6d8c5cdbe66eb5ecb8_shot_001_000,ssim,full,0.97001004
0,981.000000,283979598869ec6d8c5cdbe66eb5ecb8_shot_001_000,lpips,mouth,0.02998342
0,981.000000,283979598869ec6d8c5cdbe66eb5ecb8_shot_001_000,lpips,full,0.02649891
0,981.000000,283979598869ec6d8c5cdbe66eb5ecb8_shot_001_000,sharpness,mouth,6.5570
0,981.000000,283979598869ec6d8c5cdbe66eb5ecb8_shot_001_000,lmd,mouth,1.525229
0,981.000000,283979598869ec6d8c5cdbe66eb5ecb8_shot_001_000,sync_d,mouth,5.129220
0,981.000000,283979598869ec6d8c5cdbe66eb5ecb8_shot_001_000,sync_c,mouth,5.930322
1,961.000000,283979598869ec6d8c5cdbe66eb5ecb8_shot_001_000,pixel_mse,mouth,0.00019041
1,961.000000,283979598869ec6d8c5cdbe66eb5ecb8_shot_001_000,pixel_mse,upper_face,0.00013687
1,961.000000,283979598869ec6d8c5cdbe66eb5ecb8_shot_001_000,pixel_mse,full,0.00015866
1,961.000000,283979598869ec6d8c5cdbe66eb5ecb8_shot_001_000,ssim,mouth,0.96586913
1,961.000000,283979598869ec6d8c5cdbe66eb5ecb8_shot_001_000,ssim,upper_face,0.97362018
1,961.000000,283979598869ec6d8c5cdbe66eb5ecb8_shot_001_000,ssim,full,0.97046554
1,961.000000,283979598869ec6d8c5cdbe66eb5ecb8_shot_001_000,lpips,mouth,0.02899901
1,961.000000,283979598869ec6d8c5cdbe66eb5ecb8_shot_001_000,lpips,full,0.02534481
1,961.000000,283979598869ec6d8c5cdbe66eb5ecb8_shot_001_000,sharpness,mouth,6.4858
1,961.000000,283979598869ec6d8c5cdbe66eb5ecb8_shot_001_000,lmd,mouth,1.443028
1,961.000000,283979598869ec6d8c5cdbe66eb5ecb8_shot_001_000,sync_d,mouth,5.398448
1,961.000000,283979598869ec6d8c5cdbe66eb5ecb8_shot_001_000,sync_c,mouth,5.610468
2,941.000000,283979598869ec6d8c5cdbe66eb5ecb8_shot_001_000,pixel_mse,mouth,0.00017954
2,941.000000,283979598869ec6d8c5cdbe66eb5ecb8_shot_001_000,pixel_mse,upper_face,0.00011935
2,941.000000,283979598869ec6d8c5cdbe66eb5ecb8_shot_001_000,pixel_mse,full,0.00014384
2,941.000000,283979598869ec6d8c5cdbe66eb5ecb8_shot_001_000,ssim,mouth,0.96591699
2,941.000000,283979598869ec6d8c5cdbe66eb5ecb8_shot_001_000,ssim,upper_face,0.97397435
2,941.000000,283979598869ec6d8c5cdbe66eb5ecb8_shot_001_000,ssim,full,0.97069502
2,941.000000,283979598869ec6d8c5cdbe66eb5ecb8_shot_001_000,lpips,mouth,0.02808770
2,941.000000,283979598869ec6d8c5cdbe66eb5ecb8_shot_001_000,lpips,full,0.02445503
2,941.000000,283979598869ec6d8c5cdbe66eb5ecb8_shot_001_000,sharpness,mouth,6.4304
2,941.000000,283979598869ec6d8c5cdbe66eb5ecb8_shot_001_000,lmd,mouth,1.489131
2,941.000000,283979598869ec6d8c5cdbe66eb5ecb8_shot_001_000,sync_d,mouth,5.340563
2,941.000000,283979598869ec6d8c5cdbe66eb5ecb8_shot_001_000,sync_c,mouth,5.707648
3,921.000000,283979598869ec6d8c5cdbe66eb5ecb8_shot_001_000,pixel_mse,mouth,0.00017426
3,921.000000,283979598869ec6d8c5cdbe66eb5ecb8_shot_001_000,pixel_mse,upper_face,0.00011018
3,921.000000,283979598869ec6d8c5cdbe66eb5ecb8_shot_001_000,pixel_mse,full,0.00013626
3,921.000000,283979598869ec6d8c5cdbe66eb5ecb8_shot_001_000,ssim,mouth,0.96569240
3,921.000000,283979598869ec6d8c5cdbe66eb5ecb8_shot_001_000,ssim,upper_face,0.97400624
3,921.000000,283979598869ec6d8c5cdbe66eb5ecb8_shot_001_000,ssim,full,0.97062248
3,921.000000,283979598869ec6d8c5cdbe66eb5ecb8_shot_001_000,lpips,mouth,0.02766056
3,921.000000,283979598869ec6d8c5cdbe66eb5ecb8_shot_001_000,lpips,full,0.02390277
3,921.000000,283979598869ec6d8c5cdbe66eb5ecb8_shot_001_000,sharpness,mouth,6.4066
3,921.000000,283979598869ec6d8c5cdbe66eb5ecb8_shot_001_000,lmd,mouth,1.467079
3,921.000000,283979598869ec6d8c5cdbe66eb5ecb8_shot_001_000,sync_d,mouth,5.575984
3,921.000000,283979598869ec6d8c5cdbe66eb5ecb8_shot_001_000,sync_c,mouth,5.548497
4,901.000000,283979598869ec6d8c5cdbe66eb5ecb8_shot_001_000,pixel_mse,mouth,0.00016613
4,901.000000,283979598869ec6d8c5cdbe66eb5ecb8_shot_001_000,pixel_mse,upper_face,0.00009958
4,901.000000,283979598869ec6d8c5cdbe66eb5ecb8_shot_001_000,pixel_mse,full,0.00012667
4,901.000000,283979598869ec6d8c5cdbe66eb5ecb8_shot_001_000,ssim,mouth,0.96584880
4,901.000000,283979598869ec6d8c5cdbe66eb5ecb8_shot_001_000,ssim,upper_face,0.97421598
4,901.000000,283979598869ec6d8c5cdbe66eb5ecb8_shot_001_000,ssim,full,0.97081065
4,901.000000,283979598869ec6d8c5cdbe66eb5ecb8_shot_001_000,lpips,mouth,0.02731087
4,901.000000,283979598869ec6d8c5cdbe66eb5ecb8_shot_001_000,lpips,full,0.02337249
4,901.000000,283979598869ec6d8c5cdbe66eb5ecb8_shot_001_000,sharpness,mouth,6.3898
4,901.000000,283979598869ec6d8c5cdbe66eb5ecb8_shot_001_000,lmd,mouth,1.515191
4,901.000000,283979598869ec6d8c5cdbe66eb5ecb8_shot_001_000,sync_d,mouth,5.484138
4,901.000000,283979598869ec6d8c5cdbe66eb5ecb8_shot_001_000,sync_c,mouth,5.431487
5,881.000000,283979598869ec6d8c5cdbe66eb5ecb8_shot_001_000,pixel_mse,mouth,0.00016349
5,881.000000,283979598869ec6d8c5cdbe66eb5ecb8_shot_001_000,pixel_mse,upper_face,0.00009232
5,881.000000,283979598869ec6d8c5cdbe66eb5ecb8_shot_001_000,pixel_mse,full,0.00012129
5,881.000000,283979598869ec6d8c5cdbe66eb5ecb8_shot_001_000,ssim,mouth,0.96590686
5,881.000000,283979598869ec6d8c5cdbe66eb5ecb8_shot_001_000,ssim,upper_face,0.97436476
5,881.000000,283979598869ec6d8c5cdbe66eb5ecb8_shot_001_000,ssim,full,0.97092241
5,881.000000,283979598869ec6d8c5cdbe66eb5ecb8_shot_001_000,lpips,mouth,0.02684085
5,881.000000,283979598869ec6d8c5cdbe66eb5ecb8_shot_001_000,lpips,full,0.02281144
5,881.000000,283979598869ec6d8c5cdbe66eb5ecb8_shot_001_000,sharpness,mouth,6.3272
5,881.000000,283979598869ec6d8c5cdbe66eb5ecb8_shot_001_000,lmd,mouth,1.532481
5,881.000000,283979598869ec6d8c5cdbe66eb5ecb8_shot_001_000,sync_d,mouth,5.785318
5,881.000000,283979598869ec6d8c5cdbe66eb5ecb8_shot_001_000,sync_c,mouth,5.340230
6,861.000000,283979598869ec6d8c5cdbe66eb5ecb8_shot_001_000,pixel_mse,mouth,0.00016198
6,861.000000,283979598869ec6d8c5cdbe66eb5ecb8_shot_001_000,pixel_mse,upper_face,0.00008829
6,861.000000,283979598869ec6d8c5cdbe66eb5ecb8_shot_001_000,pixel_mse,full,0.00011828
6,861.000000,283979598869ec6d8c5cdbe66eb5ecb8_shot_001_000,ssim,mouth,0.96580899
6,861.000000,283979598869ec6d8c5cdbe66eb5ecb8_shot_001_000,ssim,upper_face,0.97442889
6,861.000000,283979598869ec6d8c5cdbe66eb5ecb8_shot_001_000,ssim,full,0.97092062
6,861.000000,283979598869ec6d8c5cdbe66eb5ecb8_shot_001_000,lpips,mouth,0.02658111
6,861.000000,283979598869ec6d8c5cdbe66eb5ecb8_shot_001_000,lpips,full,0.02265854
6,861.000000,283979598869ec6d8c5cdbe66eb5ecb8_shot_001_000,sharpness,mouth,6.2763
6,861.000000,283979598869ec6d8c5cdbe66eb5ecb8_shot_001_000,lmd,mouth,1.482304
6,861.000000,283979598869ec6d8c5cdbe66eb5ecb8_shot_001_000,sync_d,mouth,5.458065
6,861.000000,283979598869ec6d8c5cdbe66eb5ecb8_shot_001_000,sync_c,mouth,5.630009
7,841.000000,283979598869ec6d8c5cdbe66eb5ecb8_shot_001_000,pixel_mse,mouth,0.00015948
7,841.000000,283979598869ec6d8c5cdbe66eb5ecb8_shot_001_000,pixel_mse,upper_face,0.00008271
7,841.000000,283979598869ec6d8c5cdbe66eb5ecb8_shot_001_000,pixel_mse,full,0.00011396
7,841.000000,283979598869ec6d8c5cdbe66eb5ecb8_shot_001_000,ssim,mouth,0.96594036
7,841.000000,283979598869ec6d8c5cdbe66eb5ecb8_shot_001_000,ssim,upper_face,0.97457397
7,841.000000,283979598869ec6d8c5cdbe66eb5ecb8_shot_001_000,ssim,full,0.97106016
7,841.000000,283979598869ec6d8c5cdbe66eb5ecb8_shot_001_000,lpips,mouth,0.02587174
7,841.000000,283979598869ec6d8c5cdbe66eb5ecb8_shot_001_000,lpips,full,0.02203810
7,841.000000,283979598869ec6d8c5cdbe66eb5ecb8_shot_001_000,sharpness,mouth,6.2703
7,841.000000,283979598869ec6d8c5cdbe66eb5ecb8_shot_001_000,lmd,mouth,1.523534
7,841.000000,283979598869ec6d8c5cdbe66eb5ecb8_shot_001_000,sync_d,mouth,5.819403
7,841.000000,283979598869ec6d8c5cdbe66eb5ecb8_shot_001_000,sync_c,mouth,5.080651
8,821.000000,283979598869ec6d8c5cdbe66eb5ecb8_shot_001_000,pixel_mse,mouth,0.00015715
8,821.000000,283979598869ec6d8c5cdbe66eb5ecb8_shot_001_000,pixel_mse,upper_face,0.00007835
8,821.000000,283979598869ec6d8c5cdbe66eb5ecb8_shot_001_000,pixel_mse,full,0.00011042
8,821.000000,283979598869ec6d8c5cdbe66eb5ecb8_shot_001_000,ssim,mouth,0.96607816
8,821.000000,283979598869ec6d8c5cdbe66eb5ecb8_shot_001_000,ssim,upper_face,0.97486591
8,821.000000,283979598869ec6d8c5cdbe66eb5ecb8_shot_001_000,ssim,full,0.97128928
8,821.000000,283979598869ec6d8c5cdbe66eb5ecb8_shot_001_000,lpips,mouth,0.02591500
8,821.000000,283979598869ec6d8c5cdbe66eb5ecb8_shot_001_000,lpips,full,0.02177124
8,821.000000,283979598869ec6d8c5cdbe66eb5ecb8_shot_001_000,sharpness,mouth,6.2275
8,821.000000,283979598869ec6d8c5cdbe66eb5ecb8_shot_001_000,lmd,mouth,1.525180
8,821.000000,283979598869ec6d8c5cdbe66eb5ecb8_shot_001_000,sync_d,mouth,5.960269
8,821.000000,283979598869ec6d8c5cdbe66eb5ecb8_shot_001_000,sync_c,mouth,4.994279
9,801.000000,283979598869ec6d8c5cdbe66eb5ecb8_shot_001_000,pixel_mse,mouth,0.00015381
9,801.000000,283979598869ec6d8c5cdbe66eb5ecb8_shot_001_000,pixel_mse,upper_face,0.00007506
9,801.000000,283979598869ec6d8c5cdbe66eb5ecb8_shot_001_000,pixel_mse,full,0.00010711
9,801.000000,283979598869ec6d8c5cdbe66eb5ecb8_shot_001_000,ssim,mouth,0.96653152
9,801.000000,283979598869ec6d8c5cdbe66eb5ecb8_shot_001_000,ssim,upper_face,0.97515714
9,801.000000,283979598869ec6d8c5cdbe66eb5ecb8_shot_001_000,ssim,full,0.97164649
9,801.000000,283979598869ec6d8c5cdbe66eb5ecb8_shot_001_000,lpips,mouth,0.02563949
9,801.000000,283979598869ec6d8c5cdbe66eb5ecb8_shot_001_000,lpips,full,0.02171766
9,801.000000,283979598869ec6d8c5cdbe66eb5ecb8_shot_001_000,sharpness,mouth,6.1676
9,801.000000,283979598869ec6d8c5cdbe66eb5ecb8_shot_001_000,lmd,mouth,1.510245
9,801.000000,283979598869ec6d8c5cdbe66eb5ecb8_shot_001_000,sync_d,mouth,5.852378
9,801.000000,283979598869ec6d8c5cdbe66eb5ecb8_shot_001_000,sync_c,mouth,5.095215
10,781.000000,283979598869ec6d8c5cdbe66eb5ecb8_shot_001_000,pixel_mse,mouth,0.00015259
10,781.000000,283979598869ec6d8c5cdbe66eb5ecb8_shot_001_000,pixel_mse,upper_face,0.00007197
10,781.000000,283979598869ec6d8c5cdbe66eb5ecb8_shot_001_000,pixel_mse,full,0.00010478
10,781.000000,283979598869ec6d8c5cdbe66eb5ecb8_shot_001_000,ssim,mouth,0.96653271
10,781.000000,283979598869ec6d8c5cdbe66eb5ecb8_shot_001_000,ssim,upper_face,0.97528362
10,781.000000,283979598869ec6d8c5cdbe66eb5ecb8_shot_001_000,ssim,full,0.97172201
10,781.000000,283979598869ec6d8c5cdbe66eb5ecb8_shot_001_000,lpips,mouth,0.02524338
10,781.000000,283979598869ec6d8c5cdbe66eb5ecb8_shot_001_000,lpips,full,0.02116134
10,781.000000,283979598869ec6d8c5cdbe66eb5ecb8_shot_001_000,sharpness,mouth,6.1847
10,781.000000,283979598869ec6d8c5cdbe66eb5ecb8_shot_001_000,lmd,mouth,1.484061
10,781.000000,283979598869ec6d8c5cdbe66eb5ecb8_shot_001_000,sync_d,mouth,5.618465
10,781.000000,283979598869ec6d8c5cdbe66eb5ecb8_shot_001_000,sync_c,mouth,5.470664
11,761.000000,283979598869ec6d8c5cdbe66eb5ecb8_shot_001_000,pixel_mse,mouth,0.00014989
11,761.000000,283979598869ec6d8c5cdbe66eb5ecb8_shot_001_000,pixel_mse,upper_face,0.00006777
11,761.000000,283979598869ec6d8c5cdbe66eb5ecb8_shot_001_000,pixel_mse,full,0.00010119
11,761.000000,283979598869ec6d8c5cdbe66eb5ecb8_shot_001_000,ssim,mouth,0.96678120
11,761.000000,283979598869ec6d8c5cdbe66eb5ecb8_shot_001_000,ssim,upper_face,0.97546124
11,761.000000,283979598869ec6d8c5cdbe66eb5ecb8_shot_001_000,ssim,full,0.97192848
11,761.000000,283979598869ec6d8c5cdbe66eb5ecb8_shot_001_000,lpips,mouth,0.02497979
11,761.000000,283979598869ec6d8c5cdbe66eb5ecb8_shot_001_000,lpips,full,0.02086279
11,761.000000,283979598869ec6d8c5cdbe66eb5ecb8_shot_001_000,sharpness,mouth,6.1400
11,761.000000,283979598869ec6d8c5cdbe66eb5ecb8_shot_001_000,lmd,mouth,1.543298
11,761.000000,283979598869ec6d8c5cdbe66eb5ecb8_shot_001_000,sync_d,mouth,6.222756
11,761.000000,283979598869ec6d8c5cdbe66eb5ecb8_shot_001_000,sync_c,mouth,4.914412
12,741.000000,283979598869ec6d8c5cdbe66eb5ecb8_shot_001_000,pixel_mse,mouth,0.00014452
12,741.000000,283979598869ec6d8c5cdbe66eb5ecb8_shot_001_000,pixel_mse,upper_face,0.00006878
12,741.000000,283979598869ec6d8c5cdbe66eb5ecb8_shot_001_000,pixel_mse,full,0.00009961
12,741.000000,283979598869ec6d8c5cdbe66eb5ecb8_shot_001_000,ssim,mouth,0.96692860
12,741.000000,283979598869ec6d8c5cdbe66eb5ecb8_shot_001_000,ssim,upper_face,0.97521544
12,741.000000,283979598869ec6d8c5cdbe66eb5ecb8_shot_001_000,ssim,full,0.97184277
12,741.000000,283979598869ec6d8c5cdbe66eb5ecb8_shot_001_000,lpips,mouth,0.02473043
12,741.000000,283979598869ec6d8c5cdbe66eb5ecb8_shot_001_000,lpips,full,0.02074032
12,741.000000,283979598869ec6d8c5cdbe66eb5ecb8_shot_001_000,sharpness,mouth,6.0569
12,741.000000,283979598869ec6d8c5cdbe66eb5ecb8_shot_001_000,lmd,mouth,1.346859
12,741.000000,283979598869ec6d8c5cdbe66eb5ecb8_shot_001_000,sync_d,mouth,6.306056
12,741.000000,283979598869ec6d8c5cdbe66eb5ecb8_shot_001_000,sync_c,mouth,4.856336
13,721.000000,283979598869ec6d8c5cdbe66eb5ecb8_shot_001_000,pixel_mse,mouth,0.00013469
13,721.000000,283979598869ec6d8c5cdbe66eb5ecb8_shot_001_000,pixel_mse,upper_face,0.00006655
13,721.000000,283979598869ec6d8c5cdbe66eb5ecb8_shot_001_000,pixel_mse,full,0.00009428
13,721.000000,283979598869ec6d8c5cdbe66eb5ecb8_shot_001_000,ssim,mouth,0.96746624
13,721.000000,283979598869ec6d8c5cdbe66eb5ecb8_shot_001_000,ssim,upper_face,0.97549921
13,721.000000,283979598869ec6d8c5cdbe66eb5ecb8_shot_001_000,ssim,full,0.97222978
13,721.000000,283979598869ec6d8c5cdbe66eb5ecb8_shot_001_000,lpips,mouth,0.02445804
13,721.000000,283979598869ec6d8c5cdbe66eb5ecb8_shot_001_000,lpips,full,0.02038908
13,721.000000,283979598869ec6d8c5cdbe66eb5ecb8_shot_001_000,sharpness,mouth,6.0200
13,721.000000,283979598869ec6d8c5cdbe66eb5ecb8_shot_001_000,lmd,mouth,1.525473
13,721.000000,283979598869ec6d8c5cdbe66eb5ecb8_shot_001_000,sync_d,mouth,6.540308
13,721.000000,283979598869ec6d8c5cdbe66eb5ecb8_shot_001_000,sync_c,mouth,4.702215
14,701.000000,283979598869ec6d8c5cdbe66eb5ecb8_shot_001_000,pixel_mse,mouth,0.00013365
14,701.000000,283979598869ec6d8c5cdbe66eb5ecb8_shot_001_000,pixel_mse,upper_face,0.00006354
14,701.000000,283979598869ec6d8c5cdbe66eb5ecb8_shot_001_000,pixel_mse,full,0.00009207
14,701.000000,283979598869ec6d8c5cdbe66eb5ecb8_shot_001_000,ssim,mouth,0.96766204
14,701.000000,283979598869ec6d8c5cdbe66eb5ecb8_shot_001_000,ssim,upper_face,0.97555089
14,701.000000,283979598869ec6d8c5cdbe66eb5ecb8_shot_001_000,ssim,full,0.97234011
14,701.000000,283979598869ec6d8c5cdbe66eb5ecb8_shot_001_000,lpips,mouth,0.02450002
14,701.000000,283979598869ec6d8c5cdbe66eb5ecb8_shot_001_000,lpips,full,0.02037923
14,701.000000,283979598869ec6d8c5cdbe66eb5ecb8_shot_001_000,sharpness,mouth,5.9880
14,701.000000,283979598869ec6d8c5cdbe66eb5ecb8_shot_001_000,lmd,mouth,1.455521
14,701.000000,283979598869ec6d8c5cdbe66eb5ecb8_shot_001_000,sync_d,mouth,6.156923
14,701.000000,283979598869ec6d8c5cdbe66eb5ecb8_shot_001_000,sync_c,mouth,4.921133
15,681.000000,283979598869ec6d8c5cdbe66eb5ecb8_shot_001_000,pixel_mse,mouth,0.00012892
15,681.000000,283979598869ec6d8c5cdbe66eb5ecb8_shot_001_000,pixel_mse,upper_face,0.00005873
15,681.000000,283979598869ec6d8c5cdbe66eb5ecb8_shot_001_000,pixel_mse,full,0.00008730
15,681.000000,283979598869ec6d8c5cdbe66eb5ecb8_shot_001_000,ssim,mouth,0.96796262
15,681.000000,283979598869ec6d8c5cdbe66eb5ecb8_shot_001_000,ssim,upper_face,0.97617823
15,681.000000,283979598869ec6d8c5cdbe66eb5ecb8_shot_001_000,ssim,full,0.97283447
15,681.000000,283979598869ec6d8c5cdbe66eb5ecb8_shot_001_000,lpips,mouth,0.02387182
15,681.000000,283979598869ec6d8c5cdbe66eb5ecb8_shot_001_000,lpips,full,0.01999156
15,681.000000,283979598869ec6d8c5cdbe66eb5ecb8_shot_001_000,sharpness,mouth,6.0040
15,681.000000,283979598869ec6d8c5cdbe66eb5ecb8_shot_001_000,lmd,mouth,1.525990
15,681.000000,283979598869ec6d8c5cdbe66eb5ecb8_shot_001_000,sync_d,mouth,6.288943
15,681.000000,283979598869ec6d8c5cdbe66eb5ecb8_shot_001_000,sync_c,mouth,4.902337
16,661.000000,283979598869ec6d8c5cdbe66eb5ecb8_shot_001_000,pixel_mse,mouth,0.00012846
16,661.000000,283979598869ec6d8c5cdbe66eb5ecb8_shot_001_000,pixel_mse,upper_face,0.00005696
16,661.000000,283979598869ec6d8c5cdbe66eb5ecb8_shot_001_000,pixel_mse,full,0.00008606
16,661.000000,283979598869ec6d8c5cdbe66eb5ecb8_shot_001_000,ssim,mouth,0.96802008
16,661.000000,283979598869ec6d8c5cdbe66eb5ecb8_shot_001_000,ssim,upper_face,0.97618616
16,661.000000,283979598869ec6d8c5cdbe66eb5ecb8_shot_001_000,ssim,full,0.97286260
16,661.000000,283979598869ec6d8c5cdbe66eb5ecb8_shot_001_000,lpips,mouth,0.02386022
16,661.000000,283979598869ec6d8c5cdbe66eb5ecb8_shot_001_000,lpips,full,0.01969561
16,661.000000,283979598869ec6d8c5cdbe66eb5ecb8_shot_001_000,sharpness,mouth,5.9733
16,661.000000,283979598869ec6d8c5cdbe66eb5ecb8_shot_001_000,lmd,mouth,1.504966
16,661.000000,283979598869ec6d8c5cdbe66eb5ecb8_shot_001_000,sync_d,mouth,6.331185
16,661.000000,283979598869ec6d8c5cdbe66eb5ecb8_shot_001_000,sync_c,mouth,4.725036
17,641.000000,283979598869ec6d8c5cdbe66eb5ecb8_shot_001_000,pixel_mse,mouth,0.00012683
17,641.000000,283979598869ec6d8c5cdbe66eb5ecb8_shot_001_000,pixel_mse,upper_face,0.00005383
17,641.000000,283979598869ec6d8c5cdbe66eb5ecb8_shot_001_000,pixel_mse,full,0.00008354
17,641.000000,283979598869ec6d8c5cdbe66eb5ecb8_shot_001_000,ssim,mouth,0.96824539
17,641.000000,283979598869ec6d8c5cdbe66eb5ecb8_shot_001_000,ssim,upper_face,0.97661006
17,641.000000,283979598869ec6d8c5cdbe66eb5ecb8_shot_001_000,ssim,full,0.97320563
17,641.000000,283979598869ec6d8c5cdbe66eb5ecb8_shot_001_000,lpips,mouth,0.02382936
17,641.000000,283979598869ec6d8c5cdbe66eb5ecb8_shot_001_000,lpips,full,0.01954583
17,641.000000,283979598869ec6d8c5cdbe66eb5ecb8_shot_001_000,sharpness,mouth,5.9475
17,641.000000,283979598869ec6d8c5cdbe66eb5ecb8_shot_001_000,lmd,mouth,1.476722
17,641.000000,283979598869ec6d8c5cdbe66eb5ecb8_shot_001_000,sync_d,mouth,6.307572
17,641.000000,283979598869ec6d8c5cdbe66eb5ecb8_shot_001_000,sync_c,mouth,4.674016
18,621.000000,283979598869ec6d8c5cdbe66eb5ecb8_shot_001_000,pixel_mse,mouth,0.00012564
18,621.000000,283979598869ec6d8c5cdbe66eb5ecb8_shot_001_000,pixel_mse,upper_face,0.00005329
18,621.000000,283979598869ec6d8c5cdbe66eb5ecb8_shot_001_000,pixel_mse,full,0.00008274
18,621.000000,283979598869ec6d8c5cdbe66eb5ecb8_shot_001_000,ssim,mouth,0.96834862
18,621.000000,283979598869ec6d8c5cdbe66eb5ecb8_shot_001_000,ssim,upper_face,0.97661507
18,621.000000,283979598869ec6d8c5cdbe66eb5ecb8_shot_001_000,ssim,full,0.97325063
18,621.000000,283979598869ec6d8c5cdbe66eb5ecb8_shot_001_000,lpips,mouth,0.02379850
18,621.000000,283979598869ec6d8c5cdbe66eb5ecb8_shot_001_000,lpips,full,0.01940496
18,621.000000,283979598869ec6d8c5cdbe66eb5ecb8_shot_001_000,sharpness,mouth,5.9001
18,621.000000,283979598869ec6d8c5cdbe66eb5ecb8_shot_001_000,lmd,mouth,1.521852
18,621.000000,283979598869ec6d8c5cdbe66eb5ecb8_shot_001_000,sync_d,mouth,6.112041
18,621.000000,283979598869ec6d8c5cdbe66eb5ecb8_shot_001_000,sync_c,mouth,4.969084
19,601.000000,283979598869ec6d8c5cdbe66eb5ecb8_shot_001_000,pixel_mse,mouth,0.00012354
19,601.000000,283979598869ec6d8c5cdbe66eb5ecb8_shot_001_000,pixel_mse,upper_face,0.00005097
19,601.000000,283979598869ec6d8c5cdbe66eb5ecb8_shot_001_000,pixel_mse,full,0.00008050
19,601.000000,283979598869ec6d8c5cdbe66eb5ecb8_shot_001_000,ssim,mouth,0.96847093
19,601.000000,283979598869ec6d8c5cdbe66eb5ecb8_shot_001_000,ssim,upper_face,0.97689319
19,601.000000,283979598869ec6d8c5cdbe66eb5ecb8_shot_001_000,ssim,full,0.97346532
19,601.000000,283979598869ec6d8c5cdbe66eb5ecb8_shot_001_000,lpips,mouth,0.02379208
19,601.000000,283979598869ec6d8c5cdbe66eb5ecb8_shot_001_000,lpips,full,0.01943862
19,601.000000,283979598869ec6d8c5cdbe66eb5ecb8_shot_001_000,sharpness,mouth,5.8966
19,601.000000,283979598869ec6d8c5cdbe66eb5ecb8_shot_001_000,lmd,mouth,1.337341
19,601.000000,283979598869ec6d8c5cdbe66eb5ecb8_shot_001_000,sync_d,mouth,6.187445
19,601.000000,283979598869ec6d8c5cdbe66eb5ecb8_shot_001_000,sync_c,mouth,4.984789
20,581.000000,283979598869ec6d8c5cdbe66eb5ecb8_shot_001_000,pixel_mse,mouth,0.00012328
20,581.000000,283979598869ec6d8c5cdbe66eb5ecb8_shot_001_000,pixel_mse,upper_face,0.00005011
20,581.000000,283979598869ec6d8c5cdbe66eb5ecb8_shot_001_000,pixel_mse,full,0.00007989
20,581.000000,283979598869ec6d8c5cdbe66eb5ecb8_shot_001_000,ssim,mouth,0.96837521
20,581.000000,283979598869ec6d8c5cdbe66eb5ecb8_shot_001_000,ssim,upper_face,0.97698164
20,581.000000,283979598869ec6d8c5cdbe66eb5ecb8_shot_001_000,ssim,full,0.97347885
20,581.000000,283979598869ec6d8c5cdbe66eb5ecb8_shot_001_000,lpips,mouth,0.02353983
20,581.000000,283979598869ec6d8c5cdbe66eb5ecb8_shot_001_000,lpips,full,0.01907058
20,581.000000,283979598869ec6d8c5cdbe66eb5ecb8_shot_001_000,sharpness,mouth,5.8917
20,581.000000,283979598869ec6d8c5cdbe66eb5ecb8_shot_001_000,lmd,mouth,1.543040
20,581.000000,283979598869ec6d8c5cdbe66eb5ecb8_shot_001_000,sync_d,mouth,6.805719
20,581.000000,283979598869ec6d8c5cdbe66eb5ecb8_shot_001_000,sync_c,mouth,4.289973
21,561.000000,283979598869ec6d8c5cdbe66eb5ecb8_shot_001_000,pixel_mse,mouth,0.00011996
21,561.000000,283979598869ec6d8c5cdbe66eb5ecb8_shot_001_000,pixel_mse,upper_face,0.00004792
21,561.000000,283979598869ec6d8c5cdbe66eb5ecb8_shot_001_000,pixel_mse,full,0.00007724
21,561.000000,283979598869ec6d8c5cdbe66eb5ecb8_shot_001_000,ssim,mouth,0.96865582
21,561.000000,283979598869ec6d8c5cdbe66eb5ecb8_shot_001_000,ssim,upper_face,0.97721893
21,561.000000,283979598869ec6d8c5cdbe66eb5ecb8_shot_001_000,ssim,full,0.97373378
21,561.000000,283979598869ec6d8c5cdbe66eb5ecb8_shot_001_000,lpips,mouth,0.02342301
21,561.000000,283979598869ec6d8c5cdbe66eb5ecb8_shot_001_000,lpips,full,0.01900232
21,561.000000,283979598869ec6d8c5cdbe66eb5ecb8_shot_001_000,sharpness,mouth,5.8682
21,561.000000,283979598869ec6d8c5cdbe66eb5ecb8_shot_001_000,lmd,mouth,1.491560
21,561.000000,283979598869ec6d8c5cdbe66eb5ecb8_shot_001_000,sync_d,mouth,5.753502
21,561.000000,283979598869ec6d8c5cdbe66eb5ecb8_shot_001_000,sync_c,mouth,5.227922
22,541.000000,283979598869ec6d8c5cdbe66eb5ecb8_shot_001_000,pixel_mse,mouth,0.00011815
22,541.000000,283979598869ec6d8c5cdbe66eb5ecb8_shot_001_000,pixel_mse,upper_face,0.00004606
22,541.000000,283979598869ec6d8c5cdbe66eb5ecb8_shot_001_000,pixel_mse,full,0.00007540
22,541.000000,283979598869ec6d8c5cdbe66eb5ecb8_shot_001_000,ssim,mouth,0.96874964
22,541.000000,283979598869ec6d8c5cdbe66eb5ecb8_shot_001_000,ssim,upper_face,0.97740400
22,541.000000,283979598869ec6d8c5cdbe66eb5ecb8_shot_001_000,ssim,full,0.97388166
22,541.000000,283979598869ec6d8c5cdbe66eb5ecb8_shot_001_000,lpips,mouth,0.02316559
22,541.000000,283979598869ec6d8c5cdbe66eb5ecb8_shot_001_000,lpips,full,0.01882439
22,541.000000,283979598869ec6d8c5cdbe66eb5ecb8_shot_001_000,sharpness,mouth,5.8295
22,541.000000,283979598869ec6d8c5cdbe66eb5ecb8_shot_001_000,lmd,mouth,1.537129
22,541.000000,283979598869ec6d8c5cdbe66eb5ecb8_shot_001_000,sync_d,mouth,6.423947
22,541.000000,283979598869ec6d8c5cdbe66eb5ecb8_shot_001_000,sync_c,mouth,4.500869
23,521.000000,283979598869ec6d8c5cdbe66eb5ecb8_shot_001_000,pixel_mse,mouth,0.00011635
23,521.000000,283979598869ec6d8c5cdbe66eb5ecb8_shot_001_000,pixel_mse,upper_face,0.00004519
23,521.000000,283979598869ec6d8c5cdbe66eb5ecb8_shot_001_000,pixel_mse,full,0.00007415
23,521.000000,283979598869ec6d8c5cdbe66eb5ecb8_shot_001_000,ssim,mouth,0.96884441
23,521.000000,283979598869ec6d8c5cdbe66eb5ecb8_shot_001_000,ssim,upper_face,0.97749609
23,521.000000,283979598869ec6d8c5cdbe66eb5ecb8_shot_001_000,ssim,full,0.97397482
23,521.000000,283979598869ec6d8c5cdbe66eb5ecb8_shot_001_000,lpips,mouth,0.02331652
23,521.000000,283979598869ec6d8c5cdbe66eb5ecb8_shot_001_000,lpips,full,0.01883748
23,521.000000,283979598869ec6d8c5cdbe66eb5ecb8_shot_001_000,sharpness,mouth,5.8244
23,521.000000,283979598869ec6d8c5cdbe66eb5ecb8_shot_001_000,lmd,mouth,1.384773
23,521.000000,283979598869ec6d8c5cdbe66eb5ecb8_shot_001_000,sync_d,mouth,6.288034
23,521.000000,283979598869ec6d8c5cdbe66eb5ecb8_shot_001_000,sync_c,mouth,4.615084
24,501.000000,283979598869ec6d8c5cdbe66eb5ecb8_shot_001_000,pixel_mse,mouth,0.00011483
24,501.000000,283979598869ec6d8c5cdbe66eb5ecb8_shot_001_000,pixel_mse,upper_face,0.00004338
24,501.000000,283979598869ec6d8c5cdbe66eb5ecb8_shot_001_000,pixel_mse,full,0.00007246
24,501.000000,283979598869ec6d8c5cdbe66eb5ecb8_shot_001_000,ssim,mouth,0.96900082
24,501.000000,283979598869ec6d8c5cdbe66eb5ecb8_shot_001_000,ssim,upper_face,0.97788405
24,501.000000,283979598869ec6d8c5cdbe66eb5ecb8_shot_001_000,ssim,full,0.97426867
24,501.000000,283979598869ec6d8c5cdbe66eb5ecb8_shot_001_000,lpips,mouth,0.02293213
24,501.000000,283979598869ec6d8c5cdbe66eb5ecb8_shot_001_000,lpips,full,0.01854051
24,501.000000,283979598869ec6d8c5cdbe66eb5ecb8_shot_001_000,sharpness,mouth,5.7942
24,501.000000,283979598869ec6d8c5cdbe66eb5ecb8_shot_001_000,lmd,mouth,1.423561
24,501.000000,283979598869ec6d8c5cdbe66eb5ecb8_shot_001_000,sync_d,mouth,6.331112
24,501.000000,283979598869ec6d8c5cdbe66eb5ecb8_shot_001_000,sync_c,mouth,4.796027
25,481.000000,283979598869ec6d8c5cdbe66eb5ecb8_shot_001_000,pixel_mse,mouth,0.00011386
25,481.000000,283979598869ec6d8c5cdbe66eb5ecb8_shot_001_000,pixel_mse,upper_face,0.00004279
25,481.000000,283979598869ec6d8c5cdbe66eb5ecb8_shot_001_000,pixel_mse,full,0.00007172
25,481.000000,283979598869ec6d8c5cdbe66eb5ecb8_shot_001_000,ssim,mouth,0.96901488
25,481.000000,283979598869ec6d8c5cdbe66eb5ecb8_shot_001_000,ssim,upper_face,0.97786903
25,481.000000,283979598869ec6d8c5cdbe66eb5ecb8_shot_001_000,ssim,full,0.97426540
25,481.000000,283979598869ec6d8c5cdbe66eb5ecb8_shot_001_000,lpips,mouth,0.02279633
25,481.000000,283979598869ec6d8c5cdbe66eb5ecb8_shot_001_000,lpips,full,0.01878826
25,481.000000,283979598869ec6d8c5cdbe66eb5ecb8_shot_001_000,sharpness,mouth,5.7998
25,481.000000,283979598869ec6d8c5cdbe66eb5ecb8_shot_001_000,lmd,mouth,1.412965
25,481.000000,283979598869ec6d8c5cdbe66eb5ecb8_shot_001_000,sync_d,mouth,6.498953
25,481.000000,283979598869ec6d8c5cdbe66eb5ecb8_shot_001_000,sync_c,mouth,4.632927
26,461.000000,283979598869ec6d8c5cdbe66eb5ecb8_shot_001_000,pixel_mse,mouth,0.00011255
26,461.000000,283979598869ec6d8c5cdbe66eb5ecb8_shot_001_000,pixel_mse,upper_face,0.00004239
26,461.000000,283979598869ec6d8c5cdbe66eb5ecb8_shot_001_000,pixel_mse,full,0.00007094
26,461.000000,283979598869ec6d8c5cdbe66eb5ecb8_shot_001_000,ssim,mouth,0.96903282
26,461.000000,283979598869ec6d8c5cdbe66eb5ecb8_shot_001_000,ssim,upper_face,0.97786850
26,461.000000,283979598869ec6d8c5cdbe66eb5ecb8_shot_001_000,ssim,full,0.97427237
26,461.000000,283979598869ec6d8c5cdbe66eb5ecb8_shot_001_000,lpips,mouth,0.02292435
26,461.000000,283979598869ec6d8c5cdbe66eb5ecb8_shot_001_000,lpips,full,0.01864518
26,461.000000,283979598869ec6d8c5cdbe66eb5ecb8_shot_001_000,sharpness,mouth,5.7559
26,461.000000,283979598869ec6d8c5cdbe66eb5ecb8_shot_001_000,lmd,mouth,1.334465
26,461.000000,283979598869ec6d8c5cdbe66eb5ecb8_shot_001_000,sync_d,mouth,6.841809
26,461.000000,283979598869ec6d8c5cdbe66eb5ecb8_shot_001_000,sync_c,mouth,4.110769
27,441.000000,283979598869ec6d8c5cdbe66eb5ecb8_shot_001_000,pixel_mse,mouth,0.00011201
27,441.000000,283979598869ec6d8c5cdbe66eb5ecb8_shot_001_000,pixel_mse,upper_face,0.00004168
27,441.000000,283979598869ec6d8c5cdbe66eb5ecb8_shot_001_000,pixel_mse,full,0.00007030
27,441.000000,283979598869ec6d8c5cdbe66eb5ecb8_shot_001_000,ssim,mouth,0.96915579
27,441.000000,283979598869ec6d8c5cdbe66eb5ecb8_shot_001_000,ssim,upper_face,0.97798508
27,441.000000,283979598869ec6d8c5cdbe66eb5ecb8_shot_001_000,ssim,full,0.97439158
27,441.000000,283979598869ec6d8c5cdbe66eb5ecb8_shot_001_000,lpips,mouth,0.02290402
27,441.000000,283979598869ec6d8c5cdbe66eb5ecb8_shot_001_000,lpips,full,0.01862653
27,441.000000,283979598869ec6d8c5cdbe66eb5ecb8_shot_001_000,sharpness,mouth,5.7469
27,441.000000,283979598869ec6d8c5cdbe66eb5ecb8_shot_001_000,lmd,mouth,1.307581
27,441.000000,283979598869ec6d8c5cdbe66eb5ecb8_shot_001_000,sync_d,mouth,6.070939
27,441.000000,283979598869ec6d8c5cdbe66eb5ecb8_shot_001_000,sync_c,mouth,5.009080
28,421.000000,283979598869ec6d8c5cdbe66eb5ecb8_shot_001_000,pixel_mse,mouth,0.00011122
28,421.000000,283979598869ec6d8c5cdbe66eb5ecb8_shot_001_000,pixel_mse,upper_face,0.00004083
28,421.000000,283979598869ec6d8c5cdbe66eb5ecb8_shot_001_000,pixel_mse,full,0.00006948
28,421.000000,283979598869ec6d8c5cdbe66eb5ecb8_shot_001_000,ssim,mouth,0.96914029
28,421.000000,283979598869ec6d8c5cdbe66eb5ecb8_shot_001_000,ssim,upper_face,0.97812277
28,421.000000,283979598869ec6d8c5cdbe66eb5ecb8_shot_001_000,ssim,full,0.97446692
28,421.000000,283979598869ec6d8c5cdbe66eb5ecb8_shot_001_000,lpips,mouth,0.02274489
28,421.000000,283979598869ec6d8c5cdbe66eb5ecb8_shot_001_000,lpips,full,0.01841739
28,421.000000,283979598869ec6d8c5cdbe66eb5ecb8_shot_001_000,sharpness,mouth,5.7509
28,421.000000,283979598869ec6d8c5cdbe66eb5ecb8_shot_001_000,lmd,mouth,1.400912
28,421.000000,283979598869ec6d8c5cdbe66eb5ecb8_shot_001_000,sync_d,mouth,6.341867
28,421.000000,283979598869ec6d8c5cdbe66eb5ecb8_shot_001_000,sync_c,mouth,4.709839
29,401.000000,283979598869ec6d8c5cdbe66eb5ecb8_shot_001_000,pixel_mse,mouth,0.00010974
29,401.000000,283979598869ec6d8c5cdbe66eb5ecb8_shot_001_000,pixel_mse,upper_face,0.00004070
29,401.000000,283979598869ec6d8c5cdbe66eb5ecb8_shot_001_000,pixel_mse,full,0.00006880
29,401.000000,283979598869ec6d8c5cdbe66eb5ecb8_shot_001_000,ssim,mouth,0.96920419
29,401.000000,283979598869ec6d8c5cdbe66eb5ecb8_shot_001_000,ssim,upper_face,0.97812474
29,401.000000,283979598869ec6d8c5cdbe66eb5ecb8_shot_001_000,ssim,full,0.97449410
29,401.000000,283979598869ec6d8c5cdbe66eb5ecb8_shot_001_000,lpips,mouth,0.02303811
29,401.000000,283979598869ec6d8c5cdbe66eb5ecb8_shot_001_000,lpips,full,0.01872224
29,401.000000,283979598869ec6d8c5cdbe66eb5ecb8_shot_001_000,sharpness,mouth,5.7318
29,401.000000,283979598869ec6d8c5cdbe66eb5ecb8_shot_001_000,lmd,mouth,1.320670
29,401.000000,283979598869ec6d8c5cdbe66eb5ecb8_shot_001_000,sync_d,mouth,6.276375
29,401.000000,283979598869ec6d8c5cdbe66eb5ecb8_shot_001_000,sync_c,mouth,4.677101
30,381.000000,283979598869ec6d8c5cdbe66eb5ecb8_shot_001_000,pixel_mse,mouth,0.00010926
30,381.000000,283979598869ec6d8c5cdbe66eb5ecb8_shot_001_000,pixel_mse,upper_face,0.00004060
30,381.000000,283979598869ec6d8c5cdbe66eb5ecb8_shot_001_000,pixel_mse,full,0.00006854
30,381.000000,283979598869ec6d8c5cdbe66eb5ecb8_shot_001_000,ssim,mouth,0.96924931
30,381.000000,283979598869ec6d8c5cdbe66eb5ecb8_shot_001_000,ssim,upper_face,0.97817349
30,381.000000,283979598869ec6d8c5cdbe66eb5ecb8_shot_001_000,ssim,full,0.97454137
30,381.000000,283979598869ec6d8c5cdbe66eb5ecb8_shot_001_000,lpips,mouth,0.02278534
30,381.000000,283979598869ec6d8c5cdbe66eb5ecb8_shot_001_000,lpips,full,0.01839511
30,381.000000,283979598869ec6d8c5cdbe66eb5ecb8_shot_001_000,sharpness,mouth,5.7286
30,381.000000,283979598869ec6d8c5cdbe66eb5ecb8_shot_001_000,lmd,mouth,1.291422
30,381.000000,283979598869ec6d8c5cdbe66eb5ecb8_shot_001_000,sync_d,mouth,6.291243
30,381.000000,283979598869ec6d8c5cdbe66eb5ecb8_shot_001_000,sync_c,mouth,4.716897
31,361.000000,283979598869ec6d8c5cdbe66eb5ecb8_shot_001_000,pixel_mse,mouth,0.00010772
31,361.000000,283979598869ec6d8c5cdbe66eb5ecb8_shot_001_000,pixel_mse,upper_face,0.00003991
31,361.000000,283979598869ec6d8c5cdbe66eb5ecb8_shot_001_000,pixel_mse,full,0.00006751
31,361.000000,283979598869ec6d8c5cdbe66eb5ecb8_shot_001_000,ssim,mouth,0.96933270
31,361.000000,283979598869ec6d8c5cdbe66eb5ecb8_shot_001_000,ssim,upper_face,0.97827047
31,361.000000,283979598869ec6d8c5cdbe66eb5ecb8_shot_001_000,ssim,full,0.97463286
31,361.000000,283979598869ec6d8c5cdbe66eb5ecb8_shot_001_000,lpips,mouth,0.02271651
31,361.000000,283979598869ec6d8c5cdbe66eb5ecb8_shot_001_000,lpips,full,0.01857441
31,361.000000,283979598869ec6d8c5cdbe66eb5ecb8_shot_001_000,sharpness,mouth,5.7131
31,361.000000,283979598869ec6d8c5cdbe66eb5ecb8_shot_001_000,lmd,mouth,1.307904
31,361.000000,283979598869ec6d8c5cdbe66eb5ecb8_shot_001_000,sync_d,mouth,6.071487
31,361.000000,283979598869ec6d8c5cdbe66eb5ecb8_shot_001_000,sync_c,mouth,4.850769
32,341.000000,283979598869ec6d8c5cdbe66eb5ecb8_shot_001_000,pixel_mse,mouth,0.00010698
32,341.000000,283979598869ec6d8c5cdbe66eb5ecb8_shot_001_000,pixel_mse,upper_face,0.00003912
32,341.000000,283979598869ec6d8c5cdbe66eb5ecb8_shot_001_000,pixel_mse,full,0.00006674
32,341.000000,283979598869ec6d8c5cdbe66eb5ecb8_shot_001_000,ssim,mouth,0.96959066
32,341.000000,283979598869ec6d8c5cdbe66eb5ecb8_shot_001_000,ssim,upper_face,0.97842807
32,341.000000,283979598869ec6d8c5cdbe66eb5ecb8_shot_001_000,ssim,full,0.97483134
32,341.000000,283979598869ec6d8c5cdbe66eb5ecb8_shot_001_000,lpips,mouth,0.02280950
32,341.000000,283979598869ec6d8c5cdbe66eb5ecb8_shot_001_000,lpips,full,0.01847848
32,341.000000,283979598869ec6d8c5cdbe66eb5ecb8_shot_001_000,sharpness,mouth,5.6622
32,341.000000,283979598869ec6d8c5cdbe66eb5ecb8_shot_001_000,lmd,mouth,1.272937
32,341.000000,283979598869ec6d8c5cdbe66eb5ecb8_shot_001_000,sync_d,mouth,5.903848
32,341.000000,283979598869ec6d8c5cdbe66eb5ecb8_shot_001_000,sync_c,mouth,4.941185
33,321.000000,283979598869ec6d8c5cdbe66eb5ecb8_shot_001_000,pixel_mse,mouth,0.00010680
33,321.000000,283979598869ec6d8c5cdbe66eb5ecb8_shot_001_000,pixel_mse,upper_face,0.00003926
33,321.000000,283979598869ec6d8c5cdbe66eb5ecb8_shot_001_000,pixel_mse,full,0.00006675
33,321.000000,283979598869ec6d8c5cdbe66eb5ecb8_shot_001_000,ssim,mouth,0.96959430
33,321.000000,283979598869ec6d8c5cdbe66eb5ecb8_shot_001_000,ssim,upper_face,0.97844344
33,321.000000,283979598869ec6d8c5cdbe66eb5ecb8_shot_001_000,ssim,full,0.97484183
33,321.000000,283979598869ec6d8c5cdbe66eb5ecb8_shot_001_000,lpips,mouth,0.02265795
33,321.000000,283979598869ec6d8c5cdbe66eb5ecb8_shot_001_000,lpips,full,0.01844305
33,321.000000,283979598869ec6d8c5cdbe66eb5ecb8_shot_001_000,sharpness,mouth,5.6745
33,321.000000,283979598869ec6d8c5cdbe66eb5ecb8_shot_001_000,lmd,mouth,1.297949
33,321.000000,283979598869ec6d8c5cdbe66eb5ecb8_shot_001_000,sync_d,mouth,6.341370
33,321.000000,283979598869ec6d8c5cdbe66eb5ecb8_shot_001_000,sync_c,mouth,4.668238
34,301.000000,283979598869ec6d8c5cdbe66eb5ecb8_shot_001_000,pixel_mse,mouth,0.00010627
34,301.000000,283979598869ec6d8c5cdbe66eb5ecb8_shot_001_000,pixel_mse,upper_face,0.00003881
34,301.000000,283979598869ec6d8c5cdbe66eb5ecb8_shot_001_000,pixel_mse,full,0.00006627
34,301.000000,283979598869ec6d8c5cdbe66eb5ecb8_shot_001_000,ssim,mouth,0.96960813
34,301.000000,283979598869ec6d8c5cdbe66eb5ecb8_shot_001_000,ssim,upper_face,0.97852218
34,301.000000,283979598869ec6d8c5cdbe66eb5ecb8_shot_001_000,ssim,full,0.97489417
34,301.000000,283979598869ec6d8c5cdbe66eb5ecb8_shot_001_000,lpips,mouth,0.02299352
34,301.000000,283979598869ec6d8c5cdbe66eb5ecb8_shot_001_000,lpips,full,0.01849498
34,301.000000,283979598869ec6d8c5cdbe66eb5ecb8_shot_001_000,sharpness,mouth,5.7025
34,301.000000,283979598869ec6d8c5cdbe66eb5ecb8_shot_001_000,lmd,mouth,1.268248
34,301.000000,283979598869ec6d8c5cdbe66eb5ecb8_shot_001_000,sync_d,mouth,6.407738
34,301.000000,283979598869ec6d8c5cdbe66eb5ecb8_shot_001_000,sync_c,mouth,4.606084
35,281.000000,283979598869ec6d8c5cdbe66eb5ecb8_shot_001_000,pixel_mse,mouth,0.00010622
35,281.000000,283979598869ec6d8c5cdbe66eb5ecb8_shot_001_000,pixel_mse,upper_face,0.00003869
35,281.000000,283979598869ec6d8c5cdbe66eb5ecb8_shot_001_000,pixel_mse,full,0.00006617
35,281.000000,283979598869ec6d8c5cdbe66eb5ecb8_shot_001_000,ssim,mouth,0.96961951
35,281.000000,283979598869ec6d8c5cdbe66eb5ecb8_shot_001_000,ssim,upper_face,0.97853887
35,281.000000,283979598869ec6d8c5cdbe66eb5ecb8_shot_001_000,ssim,full,0.97490871
35,281.000000,283979598869ec6d8c5cdbe66eb5ecb8_shot_001_000,lpips,mouth,0.02287930
35,281.000000,283979598869ec6d8c5cdbe66eb5ecb8_shot_001_000,lpips,full,0.01849477
35,281.000000,283979598869ec6d8c5cdbe66eb5ecb8_shot_001_000,sharpness,mouth,5.6824
35,281.000000,283979598869ec6d8c5cdbe66eb5ecb8_shot_001_000,lmd,mouth,1.221363
35,281.000000,283979598869ec6d8c5cdbe66eb5ecb8_shot_001_000,sync_d,mouth,6.386229
35,281.000000,283979598869ec6d8c5cdbe66eb5ecb8_shot_001_000,sync_c,mouth,4.660429
36,261.000000,283979598869ec6d8c5cdbe66eb5ecb8_shot_001_000,pixel_mse,mouth,0.00010585
36,261.000000,283979598869ec6d8c5cdbe66eb5ecb8_shot_001_000,pixel_mse,upper_face,0.00003876
36,261.000000,283979598869ec6d8c5cdbe66eb5ecb8_shot_001_000,pixel_mse,full,0.00006607
36,261.000000,283979598869ec6d8c5cdbe66eb5ecb8_shot_001_000,ssim,mouth,0.96963406
36,261.000000,283979598869ec6d8c5cdbe66eb5ecb8_shot_001_000,ssim,upper_face,0.97850537
36,261.000000,283979598869ec6d8c5cdbe66eb5ecb8_shot_001_000,ssim,full,0.97489476
36,261.000000,283979598869ec6d8c5cdbe66eb5ecb8_shot_001_000,lpips,mouth,0.02280912
36,261.000000,283979598869ec6d8c5cdbe66eb5ecb8_shot_001_000,lpips,full,0.01841304
36,261.000000,283979598869ec6d8c5cdbe66eb5ecb8_shot_001_000,sharpness,mouth,5.6511
36,261.000000,283979598869ec6d8c5cdbe66eb5ecb8_shot_001_000,lmd,mouth,1.185643
36,261.000000,283979598869ec6d8c5cdbe66eb5ecb8_shot_001_000,sync_d,mouth,6.304140
36,261.000000,283979598869ec6d8c5cdbe66eb5ecb8_shot_001_000,sync_c,mouth,4.845232
37,241.000000,283979598869ec6d8c5cdbe66eb5ecb8_shot_001_000,pixel_mse,mouth,0.00010546
37,241.000000,283979598869ec6d8c5cdbe66eb5ecb8_shot_001_000,pixel_mse,upper_face,0.00003855
37,241.000000,283979598869ec6d8c5cdbe66eb5ecb8_shot_001_000,pixel_mse,full,0.00006579
37,241.000000,283979598869ec6d8c5cdbe66eb5ecb8_shot_001_000,ssim,mouth,0.96966141
37,241.000000,283979598869ec6d8c5cdbe66eb5ecb8_shot_001_000,ssim,upper_face,0.97856152
37,241.000000,283979598869ec6d8c5cdbe66eb5ecb8_shot_001_000,ssim,full,0.97493917
37,241.000000,283979598869ec6d8c5cdbe66eb5ecb8_shot_001_000,lpips,mouth,0.02306316
37,241.000000,283979598869ec6d8c5cdbe66eb5ecb8_shot_001_000,lpips,full,0.01845113
37,241.000000,283979598869ec6d8c5cdbe66eb5ecb8_shot_001_000,sharpness,mouth,5.6542
37,241.000000,283979598869ec6d8c5cdbe66eb5ecb8_shot_001_000,lmd,mouth,1.255619
37,241.000000,283979598869ec6d8c5cdbe66eb5ecb8_shot_001_000,sync_d,mouth,6.287089
37,241.000000,283979598869ec6d8c5cdbe66eb5ecb8_shot_001_000,sync_c,mouth,4.468250
38,221.000000,283979598869ec6d8c5cdbe66eb5ecb8_shot_001_000,pixel_mse,mouth,0.00010546
38,221.000000,283979598869ec6d8c5cdbe66eb5ecb8_shot_001_000,pixel_mse,upper_face,0.00003887
38,221.000000,283979598869ec6d8c5cdbe66eb5ecb8_shot_001_000,pixel_mse,full,0.00006597
38,221.000000,283979598869ec6d8c5cdbe66eb5ecb8_shot_001_000,ssim,mouth,0.96964908
38,221.000000,283979598869ec6d8c5cdbe66eb5ecb8_shot_001_000,ssim,upper_face,0.97844619
38,221.000000,283979598869ec6d8c5cdbe66eb5ecb8_shot_001_000,ssim,full,0.97486573
38,221.000000,283979598869ec6d8c5cdbe66eb5ecb8_shot_001_000,lpips,mouth,0.02303246
38,221.000000,283979598869ec6d8c5cdbe66eb5ecb8_shot_001_000,lpips,full,0.01855879
38,221.000000,283979598869ec6d8c5cdbe66eb5ecb8_shot_001_000,sharpness,mouth,5.6789
38,221.000000,283979598869ec6d8c5cdbe66eb5ecb8_shot_001_000,lmd,mouth,1.171111
38,221.000000,283979598869ec6d8c5cdbe66eb5ecb8_shot_001_000,sync_d,mouth,6.372984
38,221.000000,283979598869ec6d8c5cdbe66eb5ecb8_shot_001_000,sync_c,mouth,4.632302
39,201.000000,283979598869ec6d8c5cdbe66eb5ecb8_shot_001_000,pixel_mse,mouth,0.00010590
39,201.000000,283979598869ec6d8c5cdbe66eb5ecb8_shot_001_000,pixel_mse,upper_face,0.00003878
39,201.000000,283979598869ec6d8c5cdbe66eb5ecb8_shot_001_000,pixel_mse,full,0.00006610
39,201.000000,283979598869ec6d8c5cdbe66eb5ecb8_shot_001_000,ssim,mouth,0.96958357
39,201.000000,283979598869ec6d8c5cdbe66eb5ecb8_shot_001_000,ssim,upper_face,0.97856969
39,201.000000,283979598869ec6d8c5cdbe66eb5ecb8_shot_001_000,ssim,full,0.97491241
39,201.000000,283979598869ec6d8c5cdbe66eb5ecb8_shot_001_000,lpips,mouth,0.02277377
39,201.000000,283979598869ec6d8c5cdbe66eb5ecb8_shot_001_000,lpips,full,0.01855774
39,201.000000,283979598869ec6d8c5cdbe66eb5ecb8_shot_001_000,sharpness,mouth,5.6687
39,201.000000,283979598869ec6d8c5cdbe66eb5ecb8_shot_001_000,lmd,mouth,1.205819
39,201.000000,283979598869ec6d8c5cdbe66eb5ecb8_shot_001_000,sync_d,mouth,6.228299
39,201.000000,283979598869ec6d8c5cdbe66eb5ecb8_shot_001_000,sync_c,mouth,4.827833
40,181.000000,283979598869ec6d8c5cdbe66eb5ecb8_shot_001_000,pixel_mse,mouth,0.00010658
40,181.000000,283979598869ec6d8c5cdbe66eb5ecb8_shot_001_000,pixel_mse,upper_face,0.00003878
40,181.000000,283979598869ec6d8c5cdbe66eb5ecb8_shot_001_000,pixel_mse,full,0.00006637
40,181.000000,283979598869ec6d8c5cdbe66eb5ecb8_shot_001_000,ssim,mouth,0.96963847
40,181.000000,283979598869ec6d8c5cdbe66eb5ecb8_shot_001_000,ssim,upper_face,0.97853923
40,181.000000,283979598869ec6d8c5cdbe66eb5ecb8_shot_001_000,ssim,full,0.97491658
40,181.000000,283979598869ec6d8c5cdbe66eb5ecb8_shot_001_000,lpips,mouth,0.02315623
40,181.000000,283979598869ec6d8c5cdbe66eb5ecb8_shot_001_000,lpips,full,0.01849165
40,181.000000,283979598869ec6d8c5cdbe66eb5ecb8_shot_001_000,sharpness,mouth,5.6806
40,181.000000,283979598869ec6d8c5cdbe66eb5ecb8_shot_001_000,lmd,mouth,1.288695
40,181.000000,283979598869ec6d8c5cdbe66eb5ecb8_shot_001_000,sync_d,mouth,5.870560
40,181.000000,283979598869ec6d8c5cdbe66eb5ecb8_shot_001_000,sync_c,mouth,4.871280
41,161.000000,283979598869ec6d8c5cdbe66eb5ecb8_shot_001_000,pixel_mse,mouth,0.00010751
41,161.000000,283979598869ec6d8c5cdbe66eb5ecb8_shot_001_000,pixel_mse,upper_face,0.00003907
41,161.000000,283979598869ec6d8c5cdbe66eb5ecb8_shot_001_000,pixel_mse,full,0.00006692
41,161.000000,283979598869ec6d8c5cdbe66eb5ecb8_shot_001_000,ssim,mouth,0.96956253
41,161.000000,283979598869ec6d8c5cdbe66eb5ecb8_shot_001_000,ssim,upper_face,0.97855711
41,161.000000,283979598869ec6d8c5cdbe66eb5ecb8_shot_001_000,ssim,full,0.97489631
41,161.000000,283979598869ec6d8c5cdbe66eb5ecb8_shot_001_000,lpips,mouth,0.02350667
41,161.000000,283979598869ec6d8c5cdbe66eb5ecb8_shot_001_000,lpips,full,0.01884631
41,161.000000,283979598869ec6d8c5cdbe66eb5ecb8_shot_001_000,sharpness,mouth,5.6644
41,161.000000,283979598869ec6d8c5cdbe66eb5ecb8_shot_001_000,lmd,mouth,1.316290
41,161.000000,283979598869ec6d8c5cdbe66eb5ecb8_shot_001_000,sync_d,mouth,6.591493
41,161.000000,283979598869ec6d8c5cdbe66eb5ecb8_shot_001_000,sync_c,mouth,4.389750
42,141.000000,283979598869ec6d8c5cdbe66eb5ecb8_shot_001_000,pixel_mse,mouth,0.00010838
42,141.000000,283979598869ec6d8c5cdbe66eb5ecb8_shot_001_000,pixel_mse,upper_face,0.00003908
42,141.000000,283979598869ec6d8c5cdbe66eb5ecb8_shot_001_000,pixel_mse,full,0.00006729
42,141.000000,283979598869ec6d8c5cdbe66eb5ecb8_shot_001_000,ssim,mouth,0.96958268
42,141.000000,283979598869ec6d8c5cdbe66eb5ecb8_shot_001_000,ssim,upper_face,0.97860599
42,141.000000,283979598869ec6d8c5cdbe66eb5ecb8_shot_001_000,ssim,full,0.97493351
42,141.000000,283979598869ec6d8c5cdbe66eb5ecb8_shot_001_000,lpips,mouth,0.02293460
42,141.000000,283979598869ec6d8c5cdbe66eb5ecb8_shot_001_000,lpips,full,0.01856626
42,141.000000,283979598869ec6d8c5cdbe66eb5ecb8_shot_001_000,sharpness,mouth,5.6777
42,141.000000,283979598869ec6d8c5cdbe66eb5ecb8_shot_001_000,lmd,mouth,1.283764
42,141.000000,283979598869ec6d8c5cdbe66eb5ecb8_shot_001_000,sync_d,mouth,5.745242
42,141.000000,283979598869ec6d8c5cdbe66eb5ecb8_shot_001_000,sync_c,mouth,5.019260
43,121.000000,283979598869ec6d8c5cdbe66eb5ecb8_shot_001_000,pixel_mse,mouth,0.00011019
43,121.000000,283979598869ec6d8c5cdbe66eb5ecb8_shot_001_000,pixel_mse,upper_face,0.00003923
43,121.000000,283979598869ec6d8c5cdbe66eb5ecb8_shot_001_000,pixel_mse,full,0.00006811
43,121.000000,283979598869ec6d8c5cdbe66eb5ecb8_shot_001_000,ssim,mouth,0.96962589
43,121.000000,283979598869ec6d8c5cdbe66eb5ecb8_shot_001_000,ssim,upper_face,0.97865188
43,121.000000,283979598869ec6d8c5cdbe66eb5ecb8_shot_001_000,ssim,full,0.97497833
43,121.000000,283979598869ec6d8c5cdbe66eb5ecb8_shot_001_000,lpips,mouth,0.02316901
43,121.000000,283979598869ec6d8c5cdbe66eb5ecb8_shot_001_000,lpips,full,0.01852798
43,121.000000,283979598869ec6d8c5cdbe66eb5ecb8_shot_001_000,sharpness,mouth,5.6994
43,121.000000,283979598869ec6d8c5cdbe66eb5ecb8_shot_001_000,lmd,mouth,1.201956
43,121.000000,283979598869ec6d8c5cdbe66eb5ecb8_shot_001_000,sync_d,mouth,6.242079
43,121.000000,283979598869ec6d8c5cdbe66eb5ecb8_shot_001_000,sync_c,mouth,4.972123
44,101.000000,283979598869ec6d8c5cdbe66eb5ecb8_shot_001_000,pixel_mse,mouth,0.00011245
44,101.000000,283979598869ec6d8c5cdbe66eb5ecb8_shot_001_000,pixel_mse,upper_face,0.00003990
44,101.000000,283979598869ec6d8c5cdbe66eb5ecb8_shot_001_000,pixel_mse,full,0.00006943
44,101.000000,283979598869ec6d8c5cdbe66eb5ecb8_shot_001_000,ssim,mouth,0.96946460
44,101.000000,283979598869ec6d8c5cdbe66eb5ecb8_shot_001_000,ssim,upper_face,0.97854954
44,101.000000,283979598869ec6d8c5cdbe66eb5ecb8_shot_001_000,ssim,full,0.97485197
44,101.000000,283979598869ec6d8c5cdbe66eb5ecb8_shot_001_000,lpips,mouth,0.02339583
44,101.000000,283979598869ec6d8c5cdbe66eb5ecb8_shot_001_000,lpips,full,0.01900536
44,101.000000,283979598869ec6d8c5cdbe66eb5ecb8_shot_001_000,sharpness,mouth,5.6872
44,101.000000,283979598869ec6d8c5cdbe66eb5ecb8_shot_001_000,lmd,mouth,1.386521
44,101.000000,283979598869ec6d8c5cdbe66eb5ecb8_shot_001_000,sync_d,mouth,6.091893
44,101.000000,283979598869ec6d8c5cdbe66eb5ecb8_shot_001_000,sync_c,mouth,4.888710
45,81.000000,283979598869ec6d8c5cdbe66eb5ecb8_shot_001_000,pixel_mse,mouth,0.00011634
45,81.000000,283979598869ec6d8c5cdbe66eb5ecb8_shot_001_000,pixel_mse,upper_face,0.00004056
45,81.000000,283979598869ec6d8c5cdbe66eb5ecb8_shot_001_000,pixel_mse,full,0.00007140
45,81.000000,283979598869ec6d8c5cdbe66eb5ecb8_shot_001_000,ssim,mouth,0.96931994
45,81.000000,283979598869ec6d8c5cdbe66eb5ecb8_shot_001_000,ssim,upper_face,0.97854644
45,81.000000,283979598869ec6d8c5cdbe66eb5ecb8_shot_001_000,ssim,full,0.97479129
45,81.000000,283979598869ec6d8c5cdbe66eb5ecb8_shot_001_000,lpips,mouth,0.02357119
45,81.000000,283979598869ec6d8c5cdbe66eb5ecb8_shot_001_000,lpips,full,0.01889179
45,81.000000,283979598869ec6d8c5cdbe66eb5ecb8_shot_001_000,sharpness,mouth,5.7127
45,81.000000,283979598869ec6d8c5cdbe66eb5ecb8_shot_001_000,lmd,mouth,1.166013
45,81.000000,283979598869ec6d8c5cdbe66eb5ecb8_shot_001_000,sync_d,mouth,5.911392
45,81.000000,283979598869ec6d8c5cdbe66eb5ecb8_shot_001_000,sync_c,mouth,5.046165
46,61.000000,283979598869ec6d8c5cdbe66eb5ecb8_shot_001_000,pixel_mse,mouth,0.00012170
46,61.000000,283979598869ec6d8c5cdbe66eb5ecb8_shot_001_000,pixel_mse,upper_face,0.00004192
46,61.000000,283979598869ec6d8c5cdbe66eb5ecb8_shot_001_000,pixel_mse,full,0.00007439
46,61.000000,283979598869ec6d8c5cdbe66eb5ecb8_shot_001_000,ssim,mouth,0.96916950
46,61.000000,283979598869ec6d8c5cdbe66eb5ecb8_shot_001_000,ssim,upper_face,0.97839433
46,61.000000,283979598869ec6d8c5cdbe66eb5ecb8_shot_001_000,ssim,full,0.97463989
46,61.000000,283979598869ec6d8c5cdbe66eb5ecb8_shot_001_000,lpips,mouth,0.02377297
46,61.000000,283979598869ec6d8c5cdbe66eb5ecb8_shot_001_000,lpips,full,0.01886416
46,61.000000,283979598869ec6d8c5cdbe66eb5ecb8_shot_001_000,sharpness,mouth,5.7452
46,61.000000,283979598869ec6d8c5cdbe66eb5ecb8_shot_001_000,lmd,mouth,1.248343
46,61.000000,283979598869ec6d8c5cdbe66eb5ecb8_shot_001_000,sync_d,mouth,5.932459
46,61.000000,283979598869ec6d8c5cdbe66eb5ecb8_shot_001_000,sync_c,mouth,4.999416
47,41.000000,283979598869ec6d8c5cdbe66eb5ecb8_shot_001_000,pixel_mse,mouth,0.00013184
47,41.000000,283979598869ec6d8c5cdbe66eb5ecb8_shot_001_000,pixel_mse,upper_face,0.00004397
47,41.000000,283979598869ec6d8c5cdbe66eb5ecb8_shot_001_000,pixel_mse,full,0.00007974
47,41.000000,283979598869ec6d8c5cdbe66eb5ecb8_shot_001_000,ssim,mouth,0.96876526
47,41.000000,283979598869ec6d8c5cdbe66eb5ecb8_shot_001_000,ssim,upper_face,0.97840166
47,41.000000,283979598869ec6d8c5cdbe66eb5ecb8_shot_001_000,ssim,full,0.97447968
47,41.000000,283979598869ec6d8c5cdbe66eb5ecb8_shot_001_000,lpips,mouth,0.02421137
47,41.000000,283979598869ec6d8c5cdbe66eb5ecb8_shot_001_000,lpips,full,0.01932737
47,41.000000,283979598869ec6d8c5cdbe66eb5ecb8_shot_001_000,sharpness,mouth,5.7915
47,41.000000,283979598869ec6d8c5cdbe66eb5ecb8_shot_001_000,lmd,mouth,1.346246
47,41.000000,283979598869ec6d8c5cdbe66eb5ecb8_shot_001_000,sync_d,mouth,5.613853
47,41.000000,283979598869ec6d8c5cdbe66eb5ecb8_shot_001_000,sync_c,mouth,5.564619
48,21.000000,283979598869ec6d8c5cdbe66eb5ecb8_shot_001_000,pixel_mse,mouth,0.00015071
48,21.000000,283979598869ec6d8c5cdbe66eb5ecb8_shot_001_000,pixel_mse,upper_face,0.00004943
48,21.000000,283979598869ec6d8c5cdbe66eb5ecb8_shot_001_000,pixel_mse,full,0.00009065
48,21.000000,283979598869ec6d8c5cdbe66eb5ecb8_shot_001_000,ssim,mouth,0.96818006
48,21.000000,283979598869ec6d8c5cdbe66eb5ecb8_shot_001_000,ssim,upper_face,0.97805321
48,21.000000,283979598869ec6d8c5cdbe66eb5ecb8_shot_001_000,ssim,full,0.97403491
48,21.000000,283979598869ec6d8c5cdbe66eb5ecb8_shot_001_000,lpips,mouth,0.02463353
48,21.000000,283979598869ec6d8c5cdbe66eb5ecb8_shot_001_000,lpips,full,0.01967718
48,21.000000,283979598869ec6d8c5cdbe66eb5ecb8_shot_001_000,sharpness,mouth,5.9241
48,21.000000,283979598869ec6d8c5cdbe66eb5ecb8_shot_001_000,lmd,mouth,1.320720
48,21.000000,283979598869ec6d8c5cdbe66eb5ecb8_shot_001_000,sync_d,mouth,5.501225
48,21.000000,283979598869ec6d8c5cdbe66eb5ecb8_shot_001_000,sync_c,mouth,5.626770
49,1.000000,283979598869ec6d8c5cdbe66eb5ecb8_shot_001_000,pixel_mse,mouth,0.00019691
49,1.000000,283979598869ec6d8c5cdbe66eb5ecb8_shot_001_000,pixel_mse,upper_face,0.00008561
49,1.000000,283979598869ec6d8c5cdbe66eb5ecb8_shot_001_000,pixel_mse,full,0.00013091
49,1.000000,283979598869ec6d8c5cdbe66eb5ecb8_shot_001_000,ssim,mouth,0.96605939
49,1.000000,283979598869ec6d8c5cdbe66eb5ecb8_shot_001_000,ssim,upper_face,0.97661746
49,1.000000,283979598869ec6d8c5cdbe66eb5ecb8_shot_001_000,ssim,full,0.97232032
49,1.000000,283979598869ec6d8c5cdbe66eb5ecb8_shot_001_000,lpips,mouth,0.02814773
49,1.000000,283979598869ec6d8c5cdbe66eb5ecb8_shot_001_000,lpips,full,0.02246844
49,1.000000,283979598869ec6d8c5cdbe66eb5ecb8_shot_001_000,sharpness,mouth,6.3715
49,1.000000,283979598869ec6d8c5cdbe66eb5ecb8_shot_001_000,lmd,mouth,1.385056
49,1.000000,283979598869ec6d8c5cdbe66eb5ecb8_shot_001_000,sync_d,mouth,5.827057
49,1.000000,283979598869ec6d8c5cdbe66eb5ecb8_shot_001_000,sync_c,mouth,5.293344
-1,gt,4452d828f84c6a2b2dee9c7a81e6c102_shot_001_000,sharpness,mouth,18.4699
-1,gt,4452d828f84c6a2b2dee9c7a81e6c102_shot_001_000,sync_d,mouth,6.114220
-1,gt,4452d828f84c6a2b2dee9c7a81e6c102_shot_001_000,sync_c,mouth,4.814622
0,981.000000,4452d828f84c6a2b2dee9c7a81e6c102_shot_001_000,pixel_mse,mouth,0.00109205
0,981.000000,4452d828f84c6a2b2dee9c7a81e6c102_shot_001_000,pixel_mse,upper_face,0.00009238
0,981.000000,4452d828f84c6a2b2dee9c7a81e6c102_shot_001_000,pixel_mse,full,0.00049924
0,981.000000,4452d828f84c6a2b2dee9c7a81e6c102_shot_001_000,ssim,mouth,0.94267321
0,981.000000,4452d828f84c6a2b2dee9c7a81e6c102_shot_001_000,ssim,upper_face,0.97356164
0,981.000000,4452d828f84c6a2b2dee9c7a81e6c102_shot_001_000,ssim,full,0.96099013
0,981.000000,4452d828f84c6a2b2dee9c7a81e6c102_shot_001_000,lpips,mouth,0.03836067
0,981.000000,4452d828f84c6a2b2dee9c7a81e6c102_shot_001_000,lpips,full,0.02976184
0,981.000000,4452d828f84c6a2b2dee9c7a81e6c102_shot_001_000,sharpness,mouth,17.2315
0,981.000000,4452d828f84c6a2b2dee9c7a81e6c102_shot_001_000,lmd,mouth,2.189027
0,981.000000,4452d828f84c6a2b2dee9c7a81e6c102_shot_001_000,sync_d,mouth,6.345285
0,981.000000,4452d828f84c6a2b2dee9c7a81e6c102_shot_001_000,sync_c,mouth,3.623102
1,961.000000,4452d828f84c6a2b2dee9c7a81e6c102_shot_001_000,pixel_mse,mouth,0.00107801
1,961.000000,4452d828f84c6a2b2dee9c7a81e6c102_shot_001_000,pixel_mse,upper_face,0.00008667
1,961.000000,4452d828f84c6a2b2dee9c7a81e6c102_shot_001_000,pixel_mse,full,0.00049014
1,961.000000,4452d828f84c6a2b2dee9c7a81e6c102_shot_001_000,ssim,mouth,0.94292015
1,961.000000,4452d828f84c6a2b2dee9c7a81e6c102_shot_001_000,ssim,upper_face,0.97409225
1,961.000000,4452d828f84c6a2b2dee9c7a81e6c102_shot_001_000,ssim,full,0.96140528
1,961.000000,4452d828f84c6a2b2dee9c7a81e6c102_shot_001_000,lpips,mouth,0.03757842
1,961.000000,4452d828f84c6a2b2dee9c7a81e6c102_shot_001_000,lpips,full,0.02909587
1,961.000000,4452d828f84c6a2b2dee9c7a81e6c102_shot_001_000,sharpness,mouth,17.0549
1,961.000000,4452d828f84c6a2b2dee9c7a81e6c102_shot_001_000,lmd,mouth,2.184768
1,961.000000,4452d828f84c6a2b2dee9c7a81e6c102_shot_001_000,sync_d,mouth,6.228815
1,961.000000,4452d828f84c6a2b2dee9c7a81e6c102_shot_001_000,sync_c,mouth,3.653661
2,941.000000,4452d828f84c6a2b2dee9c7a81e6c102_shot_001_000,pixel_mse,mouth,0.00106801
2,941.000000,4452d828f84c6a2b2dee9c7a81e6c102_shot_001_000,pixel_mse,upper_face,0.00008099
2,941.000000,4452d828f84c6a2b2dee9c7a81e6c102_shot_001_000,pixel_mse,full,0.00048271
2,941.000000,4452d828f84c6a2b2dee9c7a81e6c102_shot_001_000,ssim,mouth,0.94308162
2,941.000000,4452d828f84c6a2b2dee9c7a81e6c102_shot_001_000,ssim,upper_face,0.97460628
2,941.000000,4452d828f84c6a2b2dee9c7a81e6c102_shot_001_000,ssim,full,0.96177578
2,941.000000,4452d828f84c6a2b2dee9c7a81e6c102_shot_001_000,lpips,mouth,0.03735793
2,941.000000,4452d828f84c6a2b2dee9c7a81e6c102_shot_001_000,lpips,full,0.02842098
2,941.000000,4452d828f84c6a2b2dee9c7a81e6c102_shot_001_000,sharpness,mouth,16.9698
2,941.000000,4452d828f84c6a2b2dee9c7a81e6c102_shot_001_000,lmd,mouth,2.285822
2,941.000000,4452d828f84c6a2b2dee9c7a81e6c102_shot_001_000,sync_d,mouth,6.129652
2,941.000000,4452d828f84c6a2b2dee9c7a81e6c102_shot_001_000,sync_c,mouth,3.674994
3,921.000000,4452d828f84c6a2b2dee9c7a81e6c102_shot_001_000,pixel_mse,mouth,0.00105884
3,921.000000,4452d828f84c6a2b2dee9c7a81e6c102_shot_001_000,pixel_mse,upper_face,0.00007722
3,921.000000,4452d828f84c6a2b2dee9c7a81e6c102_shot_001_000,pixel_mse,full,0.00047674
3,921.000000,4452d828f84c6a2b2dee9c7a81e6c102_shot_001_000,ssim,mouth,0.94327092
3,921.000000,4452d828f84c6a2b2dee9c7a81e6c102_shot_001_000,ssim,upper_face,0.97489297
3,921.000000,4452d828f84c6a2b2dee9c7a81e6c102_shot_001_000,ssim,full,0.96202290
3,921.000000,4452d828f84c6a2b2dee9c7a81e6c102_shot_001_000,lpips,mouth,0.03698803
3,921.000000,4452d828f84c6a2b2dee9c7a81e6c102_shot_001_000,lpips,full,0.02800037
3,921.000000,4452d828f84c6a2b2dee9c7a81e6c102_shot_001_000,sharpness,mouth,16.9491
3,921.000000,4452d828f84c6a2b2dee9c7a81e6c102_shot_001_000,lmd,mouth,2.255447
3,921.000000,4452d828f84c6a2b2dee9c7a81e6c102_shot_001_000,sync_d,mouth,6.241915
3,921.000000,4452d828f84c6a2b2dee9c7a81e6c102_shot_001_000,sync_c,mouth,3.596407
4,901.000000,4452d828f84c6a2b2dee9c7a81e6c102_shot_001_000,pixel_mse,mouth,0.00105625
4,901.000000,4452d828f84c6a2b2dee9c7a81e6c102_shot_001_000,pixel_mse,upper_face,0.00007603
4,901.000000,4452d828f84c6a2b2dee9c7a81e6c102_shot_001_000,pixel_mse,full,0.00047498
4,901.000000,4452d828f84c6a2b2dee9c7a81e6c102_shot_001_000,ssim,mouth,0.94318020
4,901.000000,4452d828f84c6a2b2dee9c7a81e6c102_shot_001_000,ssim,upper_face,0.97518706
4,901.000000,4452d828f84c6a2b2dee9c7a81e6c102_shot_001_000,ssim,full,0.96216041
4,901.000000,4452d828f84c6a2b2dee9c7a81e6c102_shot_001_000,lpips,mouth,0.03646069
4,901.000000,4452d828f84c6a2b2dee9c7a81e6c102_shot_001_000,lpips,full,0.02760448
4,901.000000,4452d828f84c6a2b2dee9c7a81e6c102_shot_001_000,sharpness,mouth,17.0336
4,901.000000,4452d828f84c6a2b2dee9c7a81e6c102_shot_001_000,lmd,mouth,2.236561
4,901.000000,4452d828f84c6a2b2dee9c7a81e6c102_shot_001_000,sync_d,mouth,6.087032
4,901.000000,4452d828f84c6a2b2dee9c7a81e6c102_shot_001_000,sync_c,mouth,3.747084
5,881.000000,4452d828f84c6a2b2dee9c7a81e6c102_shot_001_000,pixel_mse,mouth,0.00104944
5,881.000000,4452d828f84c6a2b2dee9c7a81e6c102_shot_001_000,pixel_mse,upper_face,0.00007647
5,881.000000,4452d828f84c6a2b2dee9c7a81e6c102_shot_001_000,pixel_mse,full,0.00047247
5,881.000000,4452d828f84c6a2b2dee9c7a81e6c102_shot_001_000,ssim,mouth,0.94319046
5,881.000000,4452d828f84c6a2b2dee9c7a81e6c102_shot_001_000,ssim,upper_face,0.97525728
5,881.000000,4452d828f84c6a2b2dee9c7a81e6c102_shot_001_000,ssim,full,0.96220613
5,881.000000,4452d828f84c6a2b2dee9c7a81e6c102_shot_001_000,lpips,mouth,0.03632499
5,881.000000,4452d828f84c6a2b2dee9c7a81e6c102_shot_001_000,lpips,full,0.02726830
5,881.000000,4452d828f84c6a2b2dee9c7a81e6c102_shot_001_000,sharpness,mouth,17.0848
5,881.000000,4452d828f84c6a2b2dee9c7a81e6c102_shot_001_000,lmd,mouth,2.218804
5,881.000000,4452d828f84c6a2b2dee9c7a81e6c102_shot_001_000,sync_d,mouth,6.162692
5,881.000000,4452d828f84c6a2b2dee9c7a81e6c102_shot_001_000,sync_c,mouth,3.540678
6,861.000000,4452d828f84c6a2b2dee9c7a81e6c102_shot_001_000,pixel_mse,mouth,0.00104150
6,861.000000,4452d828f84c6a2b2dee9c7a81e6c102_shot_001_000,pixel_mse,upper_face,0.00007522
6,861.000000,4452d828f84c6a2b2dee9c7a81e6c102_shot_001_000,pixel_mse,full,0.00046849
6,861.000000,4452d828f84c6a2b2dee9c7a81e6c102_shot_001_000,ssim,mouth,0.94322562
6,861.000000,4452d828f84c6a2b2dee9c7a81e6c102_shot_001_000,ssim,upper_face,0.97542679
6,861.000000,4452d828f84c6a2b2dee9c7a81e6c102_shot_001_000,ssim,full,0.96232092
6,861.000000,4452d828f84c6a2b2dee9c7a81e6c102_shot_001_000,lpips,mouth,0.03602562
6,861.000000,4452d828f84c6a2b2dee9c7a81e6c102_shot_001_000,lpips,full,0.02718959
6,861.000000,4452d828f84c6a2b2dee9c7a81e6c102_shot_001_000,sharpness,mouth,17.0259
6,861.000000,4452d828f84c6a2b2dee9c7a81e6c102_shot_001_000,lmd,mouth,2.231174
6,861.000000,4452d828f84c6a2b2dee9c7a81e6c102_shot_001_000,sync_d,mouth,6.111908
6,861.000000,4452d828f84c6a2b2dee9c7a81e6c102_shot_001_000,sync_c,mouth,3.517838
7,841.000000,4452d828f84c6a2b2dee9c7a81e6c102_shot_001_000,pixel_mse,mouth,0.00103434
7,841.000000,4452d828f84c6a2b2dee9c7a81e6c102_shot_001_000,pixel_mse,upper_face,0.00007394
7,841.000000,4452d828f84c6a2b2dee9c7a81e6c102_shot_001_000,pixel_mse,full,0.00046482
7,841.000000,4452d828f84c6a2b2dee9c7a81e6c102_shot_001_000,ssim,mouth,0.94340599
7,841.000000,4452d828f84c6a2b2dee9c7a81e6c102_shot_001_000,ssim,upper_face,0.97558612
7,841.000000,4452d828f84c6a2b2dee9c7a81e6c102_shot_001_000,ssim,full,0.96248883
7,841.000000,4452d828f84c6a2b2dee9c7a81e6c102_shot_001_000,lpips,mouth,0.03578870
7,841.000000,4452d828f84c6a2b2dee9c7a81e6c102_shot_001_000,lpips,full,0.02680680
7,841.000000,4452d828f84c6a2b2dee9c7a81e6c102_shot_001_000,sharpness,mouth,16.9918
7,841.000000,4452d828f84c6a2b2dee9c7a81e6c102_shot_001_000,lmd,mouth,2.305551
7,841.000000,4452d828f84c6a2b2dee9c7a81e6c102_shot_001_000,sync_d,mouth,6.351187
7,841.000000,4452d828f84c6a2b2dee9c7a81e6c102_shot_001_000,sync_c,mouth,3.438287
8,821.000000,4452d828f84c6a2b2dee9c7a81e6c102_shot_001_000,pixel_mse,mouth,0.00102831
8,821.000000,4452d828f84c6a2b2dee9c7a81e6c102_shot_001_000,pixel_mse,upper_face,0.00007198
8,821.000000,4452d828f84c6a2b2dee9c7a81e6c102_shot_001_000,pixel_mse,full,0.00046121
8,821.000000,4452d828f84c6a2b2dee9c7a81e6c102_shot_001_000,ssim,mouth,0.94335818
8,821.000000,4452d828f84c6a2b2dee9c7a81e6c102_shot_001_000,ssim,upper_face,0.97574037
8,821.000000,4452d828f84c6a2b2dee9c7a81e6c102_shot_001_000,ssim,full,0.96256089
8,821.000000,4452d828f84c6a2b2dee9c7a81e6c102_shot_001_000,lpips,mouth,0.03575999
8,821.000000,4452d828f84c6a2b2dee9c7a81e6c102_shot_001_000,lpips,full,0.02660542
8,821.000000,4452d828f84c6a2b2dee9c7a81e6c102_shot_001_000,sharpness,mouth,17.0000
8,821.000000,4452d828f84c6a2b2dee9c7a81e6c102_shot_001_000,lmd,mouth,2.293783
8,821.000000,4452d828f84c6a2b2dee9c7a81e6c102_shot_001_000,sync_d,mouth,6.340813
8,821.000000,4452d828f84c6a2b2dee9c7a81e6c102_shot_001_000,sync_c,mouth,3.418736
9,801.000000,4452d828f84c6a2b2dee9c7a81e6c102_shot_001_000,pixel_mse,mouth,0.00102152
9,801.000000,4452d828f84c6a2b2dee9c7a81e6c102_shot_001_000,pixel_mse,upper_face,0.00007347
9,801.000000,4452d828f84c6a2b2dee9c7a81e6c102_shot_001_000,pixel_mse,full,0.00045932
9,801.000000,4452d828f84c6a2b2dee9c7a81e6c102_shot_001_000,ssim,mouth,0.94351572
9,801.000000,4452d828f84c6a2b2dee9c7a81e6c102_shot_001_000,ssim,upper_face,0.97593665
9,801.000000,4452d828f84c6a2b2dee9c7a81e6c102_shot_001_000,ssim,full,0.96274143
9,801.000000,4452d828f84c6a2b2dee9c7a81e6c102_shot_001_000,lpips,mouth,0.03533006
9,801.000000,4452d828f84c6a2b2dee9c7a81e6c102_shot_001_000,lpips,full,0.02630064
9,801.000000,4452d828f84c6a2b2dee9c7a81e6c102_shot_001_000,sharpness,mouth,16.9025
9,801.000000,4452d828f84c6a2b2dee9c7a81e6c102_shot_001_000,lmd,mouth,2.350518
9,801.000000,4452d828f84c6a2b2dee9c7a81e6c102_shot_001_000,sync_d,mouth,6.330570
9,801.000000,4452d828f84c6a2b2dee9c7a81e6c102_shot_001_000,sync_c,mouth,3.550272
10,781.000000,4452d828f84c6a2b2dee9c7a81e6c102_shot_001_000,pixel_mse,mouth,0.00101024
10,781.000000,4452d828f84c6a2b2dee9c7a81e6c102_shot_001_000,pixel_mse,upper_face,0.00007193
10,781.000000,4452d828f84c6a2b2dee9c7a81e6c102_shot_001_000,pixel_mse,full,0.00045382
10,781.000000,4452d828f84c6a2b2dee9c7a81e6c102_shot_001_000,ssim,mouth,0.94375134
10,781.000000,4452d828f84c6a2b2dee9c7a81e6c102_shot_001_000,ssim,upper_face,0.97606820
10,781.000000,4452d828f84c6a2b2dee9c7a81e6c102_shot_001_000,ssim,full,0.96291536
10,781.000000,4452d828f84c6a2b2dee9c7a81e6c102_shot_001_000,lpips,mouth,0.03554203
10,781.000000,4452d828f84c6a2b2dee9c7a81e6c102_shot_001_000,lpips,full,0.02633066
10,781.000000,4452d828f84c6a2b2dee9c7a81e6c102_shot_001_000,sharpness,mouth,16.8693
10,781.000000,4452d828f84c6a2b2dee9c7a81e6c102_shot_001_000,lmd,mouth,2.236199
10,781.000000,4452d828f84c6a2b2dee9c7a81e6c102_shot_001_000,sync_d,mouth,6.224861
10,781.000000,4452d828f84c6a2b2dee9c7a81e6c102_shot_001_000,sync_c,mouth,3.470698
11,761.000000,4452d828f84c6a2b2dee9c7a81e6c102_shot_001_000,pixel_mse,mouth,0.00099754
11,761.000000,4452d828f84c6a2b2dee9c7a81e6c102_shot_001_000,pixel_mse,upper_face,0.00007232
11,761.000000,4452d828f84c6a2b2dee9c7a81e6c102_shot_001_000,pixel_mse,full,0.00044888
11,761.000000,4452d828f84c6a2b2dee9c7a81e6c102_shot_001_000,ssim,mouth,0.94407594
11,761.000000,4452d828f84c6a2b2dee9c7a81e6c102_shot_001_000,ssim,upper_face,0.97615683
11,761.000000,4452d828f84c6a2b2dee9c7a81e6c102_shot_001_000,ssim,full,0.96309996
11,761.000000,4452d828f84c6a2b2dee9c7a81e6c102_shot_001_000,lpips,mouth,0.03491308
11,761.000000,4452d828f84c6a2b2dee9c7a81e6c102_shot_001_000,lpips,full,0.02587480
11,761.000000,4452d828f84c6a2b2dee9c7a81e6c102_shot_001_000,sharpness,mouth,16.9063
11,761.000000,4452d828f84c6a2b2dee9c7a81e6c102_shot_001_000,lmd,mouth,2.319180
11,761.000000,4452d828f84c6a2b2dee9c7a81e6c102_shot_001_000,sync_d,mouth,6.294991
11,761.000000,4452d828f84c6a2b2dee9c7a81e6c102_shot_001_000,sync_c,mouth,3.118761
12,741.000000,4452d828f84c6a2b2dee9c7a81e6c102_shot_001_000,pixel_mse,mouth,0.00098805
12,741.000000,4452d828f84c6a2b2dee9c7a81e6c102_shot_001_000,pixel_mse,upper_face,0.00006707
12,741.000000,4452d828f84c6a2b2dee9c7a81e6c102_shot_001_000,pixel_mse,full,0.00044191
12,741.000000,4452d828f84c6a2b2dee9c7a81e6c102_shot_001_000,ssim,mouth,0.94426548
12,741.000000,4452d828f84c6a2b2dee9c7a81e6c102_shot_001_000,ssim,upper_face,0.97636223
12,741.000000,4452d828f84c6a2b2dee9c7a81e6c102_shot_001_000,ssim,full,0.96329892
12,741.000000,4452d828f84c6a2b2dee9c7a81e6c102_shot_001_000,lpips,mouth,0.03529238
12,741.000000,4452d828f84c6a2b2dee9c7a81e6c102_shot_001_000,lpips,full,0.02568770
12,741.000000,4452d828f84c6a2b2dee9c7a81e6c102_shot_001_000,sharpness,mouth,16.7165
12,741.000000,4452d828f84c6a2b2dee9c7a81e6c102_shot_001_000,lmd,mouth,2.406867
12,741.000000,4452d828f84c6a2b2dee9c7a81e6c102_shot_001_000,sync_d,mouth,6.392842
12,741.000000,4452d828f84c6a2b2dee9c7a81e6c102_shot_001_000,sync_c,mouth,3.379173
13,721.000000,4452d828f84c6a2b2dee9c7a81e6c102_shot_001_000,pixel_mse,mouth,0.00098624
13,721.000000,4452d828f84c6a2b2dee9c7a81e6c102_shot_001_000,pixel_mse,upper_face,0.00006645
13,721.000000,4452d828f84c6a2b2dee9c7a81e6c102_shot_001_000,pixel_mse,full,0.00044080
13,721.000000,4452d828f84c6a2b2dee9c7a81e6c102_shot_001_000,ssim,mouth,0.94431502
13,721.000000,4452d828f84c6a2b2dee9c7a81e6c102_shot_001_000,ssim,upper_face,0.97649395
13,721.000000,4452d828f84c6a2b2dee9c7a81e6c102_shot_001_000,ssim,full,0.96339715
13,721.000000,4452d828f84c6a2b2dee9c7a81e6c102_shot_001_000,lpips,mouth,0.03498708
13,721.000000,4452d828f84c6a2b2dee9c7a81e6c102_shot_001_000,lpips,full,0.02568606
13,721.000000,4452d828f84c6a2b2dee9c7a81e6c102_shot_001_000,sharpness,mouth,16.6876
13,721.000000,4452d828f84c6a2b2dee9c7a81e6c102_shot_001_000,lmd,mouth,2.264433
13,721.000000,4452d828f84c6a2b2dee9c7a81e6c102_shot_001_000,sync_d,mouth,6.262712
13,721.000000,4452d828f84c6a2b2dee9c7a81e6c102_shot_001_000,sync_c,mouth,3.537252
14,701.000000,4452d828f84c6a2b2dee9c7a81e6c102_shot_001_000,pixel_mse,mouth,0.00097435
14,701.000000,4452d828f84c6a2b2dee9c7a81e6c102_shot_001_000,pixel_mse,upper_face,0.00006563
14,701.000000,4452d828f84c6a2b2dee9c7a81e6c102_shot_001_000,pixel_mse,full,0.00043548
14,701.000000,4452d828f84c6a2b2dee9c7a81e6c102_shot_001_000,ssim,mouth,0.94468647
14,701.000000,4452d828f84c6a2b2dee9c7a81e6c102_shot_001_000,ssim,upper_face,0.97650474
14,701.000000,4452d828f84c6a2b2dee9c7a81e6c102_shot_001_000,ssim,full,0.96355474
14,701.000000,4452d828f84c6a2b2dee9c7a81e6c102_shot_001_000,lpips,mouth,0.03484275
14,701.000000,4452d828f84c6a2b2dee9c7a81e6c102_shot_001_000,lpips,full,0.02558881
14,701.000000,4452d828f84c6a2b2dee9c7a81e6c102_shot_001_000,sharpness,mouth,16.6625
14,701.000000,4452d828f84c6a2b2dee9c7a81e6c102_shot_001_000,lmd,mouth,2.319167
14,701.000000,4452d828f84c6a2b2dee9c7a81e6c102_shot_001_000,sync_d,mouth,6.437522
14,701.000000,4452d828f84c6a2b2dee9c7a81e6c102_shot_001_000,sync_c,mouth,3.257926
15,681.000000,4452d828f84c6a2b2dee9c7a81e6c102_shot_001_000,pixel_mse,mouth,0.00096465
15,681.000000,4452d828f84c6a2b2dee9c7a81e6c102_shot_001_000,pixel_mse,upper_face,0.00006650
15,681.000000,4452d828f84c6a2b2dee9c7a81e6c102_shot_001_000,pixel_mse,full,0.00043205
15,681.000000,4452d828f84c6a2b2dee9c7a81e6c102_shot_001_000,ssim,mouth,0.94497943
15,681.000000,4452d828f84c6a2b2dee9c7a81e6c102_shot_001_000,ssim,upper_face,0.97664112
15,681.000000,4452d828f84c6a2b2dee9c7a81e6c102_shot_001_000,ssim,full,0.96375489
15,681.000000,4452d828f84c6a2b2dee9c7a81e6c102_shot_001_000,lpips,mouth,0.03495130
15,681.000000,4452d828f84c6a2b2dee9c7a81e6c102_shot_001_000,lpips,full,0.02530543
15,681.000000,4452d828f84c6a2b2dee9c7a81e6c102_shot_001_000,sharpness,mouth,16.6102
15,681.000000,4452d828f84c6a2b2dee9c7a81e6c102_shot_001_000,lmd,mouth,2.237038
15,681.000000,4452d828f84c6a2b2dee9c7a81e6c102_shot_001_000,sync_d,mouth,6.381157
15,681.000000,4452d828f84c6a2b2dee9c7a81e6c102_shot_001_000,sync_c,mouth,3.227864
16,661.000000,4452d828f84c6a2b2dee9c7a81e6c102_shot_001_000,pixel_mse,mouth,0.00094951
16,661.000000,4452d828f84c6a2b2dee9c7a81e6c102_shot_001_000,pixel_mse,upper_face,0.00006391
16,661.000000,4452d828f84c6a2b2dee9c7a81e6c102_shot_001_000,pixel_mse,full,0.00042435
16,661.000000,4452d828f84c6a2b2dee9c7a81e6c102_shot_001_000,ssim,mouth,0.94534218
16,661.000000,4452d828f84c6a2b2dee9c7a81e6c102_shot_001_000,ssim,upper_face,0.97668159
16,661.000000,4452d828f84c6a2b2dee9c7a81e6c102_shot_001_000,ssim,full,0.96392649
16,661.000000,4452d828f84c6a2b2dee9c7a81e6c102_shot_001_000,lpips,mouth,0.03420918
16,661.000000,4452d828f84c6a2b2dee9c7a81e6c102_shot_001_000,lpips,full,0.02507014
16,661.000000,4452d828f84c6a2b2dee9c7a81e6c102_shot_001_000,sharpness,mouth,16.6834
16,661.000000,4452d828f84c6a2b2dee9c7a81e6c102_shot_001_000,lmd,mouth,2.368324
16,661.000000,4452d828f84c6a2b2dee9c7a81e6c102_shot_001_000,sync_d,mouth,6.498340
16,661.000000,4452d828f84c6a2b2dee9c7a81e6c102_shot_001_000,sync_c,mouth,2.987196
17,641.000000,4452d828f84c6a2b2dee9c7a81e6c102_shot_001_000,pixel_mse,mouth,0.00094164
17,641.000000,4452d828f84c6a2b2dee9c7a81e6c102_shot_001_000,pixel_mse,upper_face,0.00006486
17,641.000000,4452d828f84c6a2b2dee9c7a81e6c102_shot_001_000,pixel_mse,full,0.00042171
17,641.000000,4452d828f84c6a2b2dee9c7a81e6c102_shot_001_000,ssim,mouth,0.94566816
17,641.000000,4452d828f84c6a2b2dee9c7a81e6c102_shot_001_000,ssim,upper_face,0.97672969
17,641.000000,4452d828f84c6a2b2dee9c7a81e6c102_shot_001_000,ssim,full,0.96408772
17,641.000000,4452d828f84c6a2b2dee9c7a81e6c102_shot_001_000,lpips,mouth,0.03420038
17,641.000000,4452d828f84c6a2b2dee9c7a81e6c102_shot_001_000,lpips,full,0.02519767
17,641.000000,4452d828f84c6a2b2dee9c7a81e6c102_shot_001_000,sharpness,mouth,16.6457
17,641.000000,4452d828f84c6a2b2dee9c7a81e6c102_shot_001_000,lmd,mouth,2.295587
17,641.000000,4452d828f84c6a2b2dee9c7a81e6c102_shot_001_000,sync_d,mouth,6.410121
17,641.000000,4452d828f84c6a2b2dee9c7a81e6c102_shot_001_000,sync_c,mouth,3.225637
18,621.000000,4452d828f84c6a2b2dee9c7a81e6c102_shot_001_000,pixel_mse,mouth,0.00092964
18,621.000000,4452d828f84c6a2b2dee9c7a81e6c102_shot_001_000,pixel_mse,upper_face,0.00006378
18,621.000000,4452d828f84c6a2b2dee9c7a81e6c102_shot_001_000,pixel_mse,full,0.00041618
18,621.000000,4452d828f84c6a2b2dee9c7a81e6c102_shot_001_000,ssim,mouth,0.94604528
18,621.000000,4452d828f84c6a2b2dee9c7a81e6c102_shot_001_000,ssim,upper_face,0.97674972
18,621.000000,4452d828f84c6a2b2dee9c7a81e6c102_shot_001_000,ssim,full,0.96425307
18,621.000000,4452d828f84c6a2b2dee9c7a81e6c102_shot_001_000,lpips,mouth,0.03420261
18,621.000000,4452d828f84c6a2b2dee9c7a81e6c102_shot_001_000,lpips,full,0.02494156
18,621.000000,4452d828f84c6a2b2dee9c7a81e6c102_shot_001_000,sharpness,mouth,16.6114
18,621.000000,4452d828f84c6a2b2dee9c7a81e6c102_shot_001_000,lmd,mouth,2.322624
18,621.000000,4452d828f84c6a2b2dee9c7a81e6c102_shot_001_000,sync_d,mouth,6.384819
18,621.000000,4452d828f84c6a2b2dee9c7a81e6c102_shot_001_000,sync_c,mouth,3.397243
19,601.000000,4452d828f84c6a2b2dee9c7a81e6c102_shot_001_000,pixel_mse,mouth,0.00092112
19,601.000000,4452d828f84c6a2b2dee9c7a81e6c102_shot_001_000,pixel_mse,upper_face,0.00006327
19,601.000000,4452d828f84c6a2b2dee9c7a81e6c102_shot_001_000,pixel_mse,full,0.00041241
19,601.000000,4452d828f84c6a2b2dee9c7a81e6c102_shot_001_000,ssim,mouth,0.94622087
19,601.000000,4452d828f84c6a2b2dee9c7a81e6c102_shot_001_000,ssim,upper_face,0.97679794
19,601.000000,4452d828f84c6a2b2dee9c7a81e6c102_shot_001_000,ssim,full,0.96435320
19,601.000000,4452d828f84c6a2b2dee9c7a81e6c102_shot_001_000,lpips,mouth,0.03384319
19,601.000000,4452d828f84c6a2b2dee9c7a81e6c102_shot_001_000,lpips,full,0.02480809
19,601.000000,4452d828f84c6a2b2dee9c7a81e6c102_shot_001_000,sharpness,mouth,16.5916
19,601.000000,4452d828f84c6a2b2dee9c7a81e6c102_shot_001_000,lmd,mouth,2.329382
19,601.000000,4452d828f84c6a2b2dee9c7a81e6c102_shot_001_000,sync_d,mouth,6.409164
19,601.000000,4452d828f84c6a2b2dee9c7a81e6c102_shot_001_000,sync_c,mouth,3.412731
20,581.000000,4452d828f84c6a2b2dee9c7a81e6c102_shot_001_000,pixel_mse,mouth,0.00091195
20,581.000000,4452d828f84c6a2b2dee9c7a81e6c102_shot_001_000,pixel_mse,upper_face,0.00006124
20,581.000000,4452d828f84c6a2b2dee9c7a81e6c102_shot_001_000,pixel_mse,full,0.00040747
20,581.000000,4452d828f84c6a2b2dee9c7a81e6c102_shot_001_000,ssim,mouth,0.94656861
20,581.000000,4452d828f84c6a2b2dee9c7a81e6c102_shot_001_000,ssim,upper_face,0.97686064
20,581.000000,4452d828f84c6a2b2dee9c7a81e6c102_shot_001_000,ssim,full,0.96453184
20,581.000000,4452d828f84c6a2b2dee9c7a81e6c102_shot_001_000,lpips,mouth,0.03365154
20,581.000000,4452d828f84c6a2b2dee9c7a81e6c102_shot_001_000,lpips,full,0.02460317
20,581.000000,4452d828f84c6a2b2dee9c7a81e6c102_shot_001_000,sharpness,mouth,16.5730
20,581.000000,4452d828f84c6a2b2dee9c7a81e6c102_shot_001_000,lmd,mouth,2.291506
20,581.000000,4452d828f84c6a2b2dee9c7a81e6c102_shot_001_000,sync_d,mouth,6.380331
20,581.000000,4452d828f84c6a2b2dee9c7a81e6c102_shot_001_000,sync_c,mouth,3.367378
21,561.000000,4452d828f84c6a2b2dee9c7a81e6c102_shot_001_000,pixel_mse,mouth,0.00090418
21,561.000000,4452d828f84c6a2b2dee9c7a81e6c102_shot_001_000,pixel_mse,upper_face,0.00006154
21,561.000000,4452d828f84c6a2b2dee9c7a81e6c102_shot_001_000,pixel_mse,full,0.00040449
21,561.000000,4452d828f84c6a2b2dee9c7a81e6c102_shot_001_000,ssim,mouth,0.94680583
21,561.000000,4452d828f84c6a2b2dee9c7a81e6c102_shot_001_000,ssim,upper_face,0.97688740
21,561.000000,4452d828f84c6a2b2dee9c7a81e6c102_shot_001_000,ssim,full,0.96464431
21,561.000000,4452d828f84c6a2b2dee9c7a81e6c102_shot_001_000,lpips,mouth,0.03348642
21,561.000000,4452d828f84c6a2b2dee9c7a81e6c102_shot_001_000,lpips,full,0.02459068
21,561.000000,4452d828f84c6a2b2dee9c7a81e6c102_shot_001_000,sharpness,mouth,16.5259
21,561.000000,4452d828f84c6a2b2dee9c7a81e6c102_shot_001_000,lmd,mouth,2.260827
21,561.000000,4452d828f84c6a2b2dee9c7a81e6c102_shot_001_000,sync_d,mouth,6.372046
21,561.000000,4452d828f84c6a2b2dee9c7a81e6c102_shot_001_000,sync_c,mouth,3.455738
22,541.000000,4452d828f84c6a2b2dee9c7a81e6c102_shot_001_000,pixel_mse,mouth,0.00089940
22,541.000000,4452d828f84c6a2b2dee9c7a81e6c102_shot_001_000,pixel_mse,upper_face,0.00006134
22,541.000000,4452d828f84c6a2b2dee9c7a81e6c102_shot_001_000,pixel_mse,full,0.00040243
22,541.000000,4452d828f84c6a2b2dee9c7a81e6c102_shot_001_000,ssim,mouth,0.94702691
22,541.000000,4452d828f84c6a2b2dee9c7a81e6c102_shot_001_000,ssim,upper_face,0.97689915
22,541.000000,4452d828f84c6a2b2dee9c7a81e6c102_shot_001_000,ssim,full,0.96474123
22,541.000000,4452d828f84c6a2b2dee9c7a81e6c102_shot_001_000,lpips,mouth,0.03347700
22,541.000000,4452d828f84c6a2b2dee9c7a81e6c102_shot_001_000,lpips,full,0.02451718
22,541.000000,4452d828f84c6a2b2dee9c7a81e6c102_shot_001_000,sharpness,mouth,16.5022
22,541.000000,4452d828f84c6a2b2dee9c7a81e6c102_shot_001_000,lmd,mouth,2.340252
22,541.000000,4452d828f84c6a2b2dee9c7a81e6c102_shot_001_000,sync_d,mouth,6.595532
22,541.000000,4452d828f84c6a2b2dee9c7a81e6c102_shot_001_000,sync_c,mouth,3.236768
23,521.000000,4452d828f84c6a2b2dee9c7a81e6c102_shot_001_000,pixel_mse,mouth,0.00089077
23,521.000000,4452d828f84c6a2b2dee9c7a81e6c102_shot_001_000,pixel_mse,upper_face,0.00006002
23,521.000000,4452d828f84c6a2b2dee9c7a81e6c102_shot_001_000,pixel_mse,full,0.00039813
23,521.000000,4452d828f84c6a2b2dee9c7a81e6c102_shot_001_000,ssim,mouth,0.94728708
23,521.000000,4452d828f84c6a2b2dee9c7a81e6c102_shot_001_000,ssim,upper_face,0.97692496
23,521.000000,4452d828f84c6a2b2dee9c7a81e6c102_shot_001_000,ssim,full,0.96486247
23,521.000000,4452d828f84c6a2b2dee9c7a81e6c102_shot_001_000,lpips,mouth,0.03341737
23,521.000000,4452d828f84c6a2b2dee9c7a81e6c102_shot_001_000,lpips,full,0.02447626
23,521.000000,4452d828f84c6a2b2dee9c7a81e6c102_shot_001_000,sharpness,mouth,16.4386
23,521.000000,4452d828f84c6a2b2dee9c7a81e6c102_shot_001_000,lmd,mouth,2.259781
23,521.000000,4452d828f84c6a2b2dee9c7a81e6c102_shot_001_000,sync_d,mouth,6.333582
23,521.000000,4452d828f84c6a2b2dee9c7a81e6c102_shot_001_000,sync_c,mouth,3.337653
24,501.000000,4452d828f84c6a2b2dee9c7a81e6c102_shot_001_000,pixel_mse,mouth,0.00088804
24,501.000000,4452d828f84c6a2b2dee9c7a81e6c102_shot_001_000,pixel_mse,upper_face,0.00006007
24,501.000000,4452d828f84c6a2b2dee9c7a81e6c102_shot_001_000,pixel_mse,full,0.00039706
24,501.000000,4452d828f84c6a2b2dee9c7a81e6c102_shot_001_000,ssim,mouth,0.94740331
24,501.000000,4452d828f84c6a2b2dee9c7a81e6c102_shot_001_000,ssim,upper_face,0.97701740
24,501.000000,4452d828f84c6a2b2dee9c7a81e6c102_shot_001_000,ssim,full,0.96496457
24,501.000000,4452d828f84c6a2b2dee9c7a81e6c102_shot_001_000,lpips,mouth,0.03347559
24,501.000000,4452d828f84c6a2b2dee9c7a81e6c102_shot_001_000,lpips,full,0.02438829
24,501.000000,4452d828f84c6a2b2dee9c7a81e6c102_shot_001_000,sharpness,mouth,16.3957
24,501.000000,4452d828f84c6a2b2dee9c7a81e6c102_shot_001_000,lmd,mouth,2.262023
24,501.000000,4452d828f84c6a2b2dee9c7a81e6c102_shot_001_000,sync_d,mouth,6.443391
24,501.000000,4452d828f84c6a2b2dee9c7a81e6c102_shot_001_000,sync_c,mouth,3.210948
25,481.000000,4452d828f84c6a2b2dee9c7a81e6c102_shot_001_000,pixel_mse,mouth,0.00088377
25,481.000000,4452d828f84c6a2b2dee9c7a81e6c102_shot_001_000,pixel_mse,upper_face,0.00005946
25,481.000000,4452d828f84c6a2b2dee9c7a81e6c102_shot_001_000,pixel_mse,full,0.00039495
25,481.000000,4452d828f84c6a2b2dee9c7a81e6c102_shot_001_000,ssim,mouth,0.94766426
25,481.000000,4452d828f84c6a2b2dee9c7a81e6c102_shot_001_000,ssim,upper_face,0.97696638
25,481.000000,4452d828f84c6a2b2dee9c7a81e6c102_shot_001_000,ssim,full,0.96504050
25,481.000000,4452d828f84c6a2b2dee9c7a81e6c102_shot_001_000,lpips,mouth,0.03343379
25,481.000000,4452d828f84c6a2b2dee9c7a81e6c102_shot_001_000,lpips,full,0.02424424
25,481.000000,4452d828f84c6a2b2dee9c7a81e6c102_shot_001_000,sharpness,mouth,16.3998
25,481.000000,4452d828f84c6a2b2dee9c7a81e6c102_shot_001_000,lmd,mouth,2.309720
25,481.000000,4452d828f84c6a2b2dee9c7a81e6c102_shot_001_000,sync_d,mouth,6.469441
25,481.000000,4452d828f84c6a2b2dee9c7a81e6c102_shot_001_000,sync_c,mouth,3.388505
26,461.000000,4452d828f84c6a2b2dee9c7a81e6c102_shot_001_000,pixel_mse,mouth,0.00088125
26,461.000000,4452d828f84c6a2b2dee9c7a81e6c102_shot_001_000,pixel_mse,upper_face,0.00005779
26,461.000000,4452d828f84c6a2b2dee9c7a81e6c102_shot_001_000,pixel_mse,full,0.00039294
26,461.000000,4452d828f84c6a2b2dee9c7a81e6c102_shot_001_000,ssim,mouth,0.94775230
26,461.000000,4452d828f84c6a2b2dee9c7a81e6c102_shot_001_000,ssim,upper_face,0.97701609
26,461.000000,4452d828f84c6a2b2dee9c7a81e6c102_shot_001_000,ssim,full,0.96510577
26,461.000000,4452d828f84c6a2b2dee9c7a81e6c102_shot_001_000,lpips,mouth,0.03344696
26,461.000000,4452d828f84c6a2b2dee9c7a81e6c102_shot_001_000,lpips,full,0.02410756
26,461.000000,4452d828f84c6a2b2dee9c7a81e6c102_shot_001_000,sharpness,mouth,16.3271
26,461.000000,4452d828f84c6a2b2dee9c7a81e6c102_shot_001_000,lmd,mouth,2.259264
26,461.000000,4452d828f84c6a2b2dee9c7a81e6c102_shot_001_000,sync_d,mouth,6.614960
26,461.000000,4452d828f84c6a2b2dee9c7a81e6c102_shot_001_000,sync_c,mouth,3.296667
27,441.000000,4452d828f84c6a2b2dee9c7a81e6c102_shot_001_000,pixel_mse,mouth,0.00087870
27,441.000000,4452d828f84c6a2b2dee9c7a81e6c102_shot_001_000,pixel_mse,upper_face,0.00005697
27,441.000000,4452d828f84c6a2b2dee9c7a81e6c102_shot_001_000,pixel_mse,full,0.00039141
27,441.000000,4452d828f84c6a2b2dee9c7a81e6c102_shot_001_000,ssim,mouth,0.94787657
27,441.000000,4452d828f84c6a2b2dee9c7a81e6c102_shot_001_000,ssim,upper_face,0.97704184
27,441.000000,4452d828f84c6a2b2dee9c7a81e6c102_shot_001_000,ssim,full,0.96517158
27,441.000000,4452d828f84c6a2b2dee9c7a81e6c102_shot_001_000,lpips,mouth,0.03342059
27,441.000000,4452d828f84c6a2b2dee9c7a81e6c102_shot_001_000,lpips,full,0.02411727
27,441.000000,4452d828f84c6a2b2dee9c7a81e6c102_shot_001_000,sharpness,mouth,16.2855
27,441.000000,4452d828f84c6a2b2dee9c7a81e6c102_shot_001_000,lmd,mouth,2.305399
27,441.000000,4452d828f84c6a2b2dee9c7a81e6c102_shot_001_000,sync_d,mouth,6.467597
27,441.000000,4452d828f84c6a2b2dee9c7a81e6c102_shot_001_000,sync_c,mouth,3.412809
28,421.000000,4452d828f84c6a2b2dee9c7a81e6c102_shot_001_000,pixel_mse,mouth,0.00087814
28,421.000000,4452d828f84c6a2b2dee9c7a81e6c102_shot_001_000,pixel_mse,upper_face,0.00005732
28,421.000000,4452d828f84c6a2b2dee9c7a81e6c102_shot_001_000,pixel_mse,full,0.00039139
28,421.000000,4452d828f84c6a2b2dee9c7a81e6c102_shot_001_000,ssim,mouth,0.94795668
28,421.000000,4452d828f84c6a2b2dee9c7a81e6c102_shot_001_000,ssim,upper_face,0.97706699
28,421.000000,4452d828f84c6a2b2dee9c7a81e6c102_shot_001_000,ssim,full,0.96521914
28,421.000000,4452d828f84c6a2b2dee9c7a81e6c102_shot_001_000,lpips,mouth,0.03368614
28,421.000000,4452d828f84c6a2b2dee9c7a81e6c102_shot_001_000,lpips,full,0.02414669
28,421.000000,4452d828f84c6a2b2dee9c7a81e6c102_shot_001_000,sharpness,mouth,16.2467
28,421.000000,4452d828f84c6a2b2dee9c7a81e6c102_shot_001_000,lmd,mouth,2.268451
28,421.000000,4452d828f84c6a2b2dee9c7a81e6c102_shot_001_000,sync_d,mouth,6.602692
28,421.000000,4452d828f84c6a2b2dee9c7a81e6c102_shot_001_000,sync_c,mouth,3.303892
29,401.000000,4452d828f84c6a2b2dee9c7a81e6c102_shot_001_000,pixel_mse,mouth,0.00087693
29,401.000000,4452d828f84c6a2b2dee9c7a81e6c102_shot_001_000,pixel_mse,upper_face,0.00005560
29,401.000000,4452d828f84c6a2b2dee9c7a81e6c102_shot_001_000,pixel_mse,full,0.00038988
29,401.000000,4452d828f84c6a2b2dee9c7a81e6c102_shot_001_000,ssim,mouth,0.94810402
29,401.000000,4452d828f84c6a2b2dee9c7a81e6c102_shot_001_000,ssim,upper_face,0.97712839
29,401.000000,4452d828f84c6a2b2dee9c7a81e6c102_shot_001_000,ssim,full,0.96531558
29,401.000000,4452d828f84c6a2b2dee9c7a81e6c102_shot_001_000,lpips,mouth,0.03348551
29,401.000000,4452d828f84c6a2b2dee9c7a81e6c102_shot_001_000,lpips,full,0.02403263
29,401.000000,4452d828f84c6a2b2dee9c7a81e6c102_shot_001_000,sharpness,mouth,16.2390
29,401.000000,4452d828f84c6a2b2dee9c7a81e6c102_shot_001_000,lmd,mouth,2.253403
29,401.000000,4452d828f84c6a2b2dee9c7a81e6c102_shot_001_000,sync_d,mouth,6.838362
29,401.000000,4452d828f84c6a2b2dee9c7a81e6c102_shot_001_000,sync_c,mouth,2.911563
30,381.000000,4452d828f84c6a2b2dee9c7a81e6c102_shot_001_000,pixel_mse,mouth,0.00087893
30,381.000000,4452d828f84c6a2b2dee9c7a81e6c102_shot_001_000,pixel_mse,upper_face,0.00005532
30,381.000000,4452d828f84c6a2b2dee9c7a81e6c102_shot_001_000,pixel_mse,full,0.00039052
30,381.000000,4452d828f84c6a2b2dee9c7a81e6c102_shot_001_000,ssim,mouth,0.94810635
30,381.000000,4452d828f84c6a2b2dee9c7a81e6c102_shot_001_000,ssim,upper_face,0.97716594
30,381.000000,4452d828f84c6a2b2dee9c7a81e6c102_shot_001_000,ssim,full,0.96533871
30,381.000000,4452d828f84c6a2b2dee9c7a81e6c102_shot_001_000,lpips,mouth,0.03355738
30,381.000000,4452d828f84c6a2b2dee9c7a81e6c102_shot_001_000,lpips,full,0.02403489
30,381.000000,4452d828f84c6a2b2dee9c7a81e6c102_shot_001_000,sharpness,mouth,16.2659
30,381.000000,4452d828f84c6a2b2dee9c7a81e6c102_shot_001_000,lmd,mouth,2.257928
30,381.000000,4452d828f84c6a2b2dee9c7a81e6c102_shot_001_000,sync_d,mouth,6.548466
30,381.000000,4452d828f84c6a2b2dee9c7a81e6c102_shot_001_000,sync_c,mouth,3.311773
31,361.000000,4452d828f84c6a2b2dee9c7a81e6c102_shot_001_000,pixel_mse,mouth,0.00087982
31,361.000000,4452d828f84c6a2b2dee9c7a81e6c102_shot_001_000,pixel_mse,upper_face,0.00005491
31,361.000000,4452d828f84c6a2b2dee9c7a81e6c102_shot_001_000,pixel_mse,full,0.00039065
31,361.000000,4452d828f84c6a2b2dee9c7a81e6c102_shot_001_000,ssim,mouth,0.94817030
31,361.000000,4452d828f84c6a2b2dee9c7a81e6c102_shot_001_000,ssim,upper_face,0.97717303
31,361.000000,4452d828f84c6a2b2dee9c7a81e6c102_shot_001_000,ssim,full,0.96536899
31,361.000000,4452d828f84c6a2b2dee9c7a81e6c102_shot_001_000,lpips,mouth,0.03366543
31,361.000000,4452d828f84c6a2b2dee9c7a81e6c102_shot_001_000,lpips,full,0.02405204
31,361.000000,4452d828f84c6a2b2dee9c7a81e6c102_shot_001_000,sharpness,mouth,16.1771
31,361.000000,4452d828f84c6a2b2dee9c7a81e6c102_shot_001_000,lmd,mouth,2.292444
31,361.000000,4452d828f84c6a2b2dee9c7a81e6c102_shot_001_000,sync_d,mouth,6.624949
31,361.000000,4452d828f84c6a2b2dee9c7a81e6c102_shot_001_000,sync_c,mouth,3.147747
32,341.000000,4452d828f84c6a2b2dee9c7a81e6c102_shot_001_000,pixel_mse,mouth,0.00088410
32,341.000000,4452d828f84c6a2b2dee9c7a81e6c102_shot_001_000,pixel_mse,upper_face,0.00005493
32,341.000000,4452d828f84c6a2b2dee9c7a81e6c102_shot_001_000,pixel_mse,full,0.00039240
32,341.000000,4452d828f84c6a2b2dee9c7a81e6c102_shot_001_000,ssim,mouth,0.94812161
32,341.000000,4452d828f84c6a2b2dee9c7a81e6c102_shot_001_000,ssim,upper_face,0.97725338
32,341.000000,4452d828f84c6a2b2dee9c7a81e6c102_shot_001_000,ssim,full,0.96539682
32,341.000000,4452d828f84c6a2b2dee9c7a81e6c102_shot_001_000,lpips,mouth,0.03371727
32,341.000000,4452d828f84c6a2b2dee9c7a81e6c102_shot_001_000,lpips,full,0.02401649
32,341.000000,4452d828f84c6a2b2dee9c7a81e6c102_shot_001_000,sharpness,mouth,16.2220
32,341.000000,4452d828f84c6a2b2dee9c7a81e6c102_shot_001_000,lmd,mouth,2.284940
32,341.000000,4452d828f84c6a2b2dee9c7a81e6c102_shot_001_000,sync_d,mouth,6.453026
32,341.000000,4452d828f84c6a2b2dee9c7a81e6c102_shot_001_000,sync_c,mouth,3.098141
33,321.000000,4452d828f84c6a2b2dee9c7a81e6c102_shot_001_000,pixel_mse,mouth,0.00088466
33,321.000000,4452d828f84c6a2b2dee9c7a81e6c102_shot_001_000,pixel_mse,upper_face,0.00005404
33,321.000000,4452d828f84c6a2b2dee9c7a81e6c102_shot_001_000,pixel_mse,full,0.00039210
33,321.000000,4452d828f84c6a2b2dee9c7a81e6c102_shot_001_000,ssim,mouth,0.94824129
33,321.000000,4452d828f84c6a2b2dee9c7a81e6c102_shot_001_000,ssim,upper_face,0.97725654
33,321.000000,4452d828f84c6a2b2dee9c7a81e6c102_shot_001_000,ssim,full,0.96544743
33,321.000000,4452d828f84c6a2b2dee9c7a81e6c102_shot_001_000,lpips,mouth,0.03379144
33,321.000000,4452d828f84c6a2b2dee9c7a81e6c102_shot_001_000,lpips,full,0.02415540
33,321.000000,4452d828f84c6a2b2dee9c7a81e6c102_shot_001_000,sharpness,mouth,16.1471
33,321.000000,4452d828f84c6a2b2dee9c7a81e6c102_shot_001_000,lmd,mouth,2.276246
33,321.000000,4452d828f84c6a2b2dee9c7a81e6c102_shot_001_000,sync_d,mouth,6.487704
33,321.000000,4452d828f84c6a2b2dee9c7a81e6c102_shot_001_000,sync_c,mouth,3.312142
34,301.000000,4452d828f84c6a2b2dee9c7a81e6c102_shot_001_000,pixel_mse,mouth,0.00088874
34,301.000000,4452d828f84c6a2b2dee9c7a81e6c102_shot_001_000,pixel_mse,upper_face,0.00005386
34,301.000000,4452d828f84c6a2b2dee9c7a81e6c102_shot_001_000,pixel_mse,full,0.00039365
34,301.000000,4452d828f84c6a2b2dee9c7a81e6c102_shot_001_000,ssim,mouth,0.94814384
34,301.000000,4452d828f84c6a2b2dee9c7a81e6c102_shot_001_000,ssim,upper_face,0.97734725
34,301.000000,4452d828f84c6a2b2dee9c7a81e6c102_shot_001_000,ssim,full,0.96546149
34,301.000000,4452d828f84c6a2b2dee9c7a81e6c102_shot_001_000,lpips,mouth,0.03392782
34,301.000000,4452d828f84c6a2b2dee9c7a81e6c102_shot_001_000,lpips,full,0.02408797
34,301.000000,4452d828f84c6a2b2dee9c7a81e6c102_shot_001_000,sharpness,mouth,16.1215
34,301.000000,4452d828f84c6a2b2dee9c7a81e6c102_shot_001_000,lmd,mouth,2.208726
34,301.000000,4452d828f84c6a2b2dee9c7a81e6c102_shot_001_000,sync_d,mouth,6.746331
34,301.000000,4452d828f84c6a2b2dee9c7a81e6c102_shot_001_000,sync_c,mouth,3.109125
35,281.000000,4452d828f84c6a2b2dee9c7a81e6c102_shot_001_000,pixel_mse,mouth,0.00089226
35,281.000000,4452d828f84c6a2b2dee9c7a81e6c102_shot_001_000,pixel_mse,upper_face,0.00005361
35,281.000000,4452d828f84c6a2b2dee9c7a81e6c102_shot_001_000,pixel_mse,full,0.00039494
35,281.000000,4452d828f84c6a2b2dee9c7a81e6c102_shot_001_000,ssim,mouth,0.94818038
35,281.000000,4452d828f84c6a2b2dee9c7a81e6c102_shot_001_000,ssim,upper_face,0.97728544
35,281.000000,4452d828f84c6a2b2dee9c7a81e6c102_shot_001_000,ssim,full,0.96543980
35,281.000000,4452d828f84c6a2b2dee9c7a81e6c102_shot_001_000,lpips,mouth,0.03414351
35,281.000000,4452d828f84c6a2b2dee9c7a81e6c102_shot_001_000,lpips,full,0.02418797
35,281.000000,4452d828f84c6a2b2dee9c7a81e6c102_shot_001_000,sharpness,mouth,16.1675
35,281.000000,4452d828f84c6a2b2dee9c7a81e6c102_shot_001_000,lmd,mouth,2.242108
35,281.000000,4452d828f84c6a2b2dee9c7a81e6c102_shot_001_000,sync_d,mouth,6.480606
35,281.000000,4452d828f84c6a2b2dee9c7a81e6c102_shot_001_000,sync_c,mouth,3.182806
36,261.000000,4452d828f84c6a2b2dee9c7a81e6c102_shot_001_000,pixel_mse,mouth,0.00089543
36,261.000000,4452d828f84c6a2b2dee9c7a81e6c102_shot_001_000,pixel_mse,upper_face,0.00005300
36,261.000000,4452d828f84c6a2b2dee9c7a81e6c102_shot_001_000,pixel_mse,full,0.00039586
36,261.000000,4452d828f84c6a2b2dee9c7a81e6c102_shot_001_000,ssim,mouth,0.94805181
36,261.000000,4452d828f84c6a2b2dee9c7a81e6c102_shot_001_000,ssim,upper_face,0.97738671
36,261.000000,4452d828f84c6a2b2dee9c7a81e6c102_shot_001_000,ssim,full,0.96544755
36,261.000000,4452d828f84c6a2b2dee9c7a81e6c102_shot_001_000,lpips,mouth,0.03420837
36,261.000000,4452d828f84c6a2b2dee9c7a81e6c102_shot_001_000,lpips,full,0.02430744
36,261.000000,4452d828f84c6a2b2dee9c7a81e6c102_shot_001_000,sharpness,mouth,16.1889
36,261.000000,4452d828f84c6a2b2dee9c7a81e6c102_shot_001_000,lmd,mouth,2.278560
36,261.000000,4452d828f84c6a2b2dee9c7a81e6c102_shot_001_000,sync_d,mouth,6.765433
36,261.000000,4452d828f84c6a2b2dee9c7a81e6c102_shot_001_000,sync_c,mouth,2.930893
37,241.000000,4452d828f84c6a2b2dee9c7a81e6c102_shot_001_000,pixel_mse,mouth,0.00090026
37,241.000000,4452d828f84c6a2b2dee9c7a81e6c102_shot_001_000,pixel_mse,upper_face,0.00005289
37,241.000000,4452d828f84c6a2b2dee9c7a81e6c102_shot_001_000,pixel_mse,full,0.00039776
37,241.000000,4452d828f84c6a2b2dee9c7a81e6c102_shot_001_000,ssim,mouth,0.94797587
37,241.000000,4452d828f84c6a2b2dee9c7a81e6c102_shot_001_000,ssim,upper_face,0.97738254
37,241.000000,4452d828f84c6a2b2dee9c7a81e6c102_shot_001_000,ssim,full,0.96541405
37,241.000000,4452d828f84c6a2b2dee9c7a81e6c102_shot_001_000,lpips,mouth,0.03418794
37,241.000000,4452d828f84c6a2b2dee9c7a81e6c102_shot_001_000,lpips,full,0.02424466
37,241.000000,4452d828f84c6a2b2dee9c7a81e6c102_shot_001_000,sharpness,mouth,16.1996
37,241.000000,4452d828f84c6a2b2dee9c7a81e6c102_shot_001_000,lmd,mouth,2.263340
37,241.000000,4452d828f84c6a2b2dee9c7a81e6c102_shot_001_000,sync_d,mouth,6.843582
37,241.000000,4452d828f84c6a2b2dee9c7a81e6c102_shot_001_000,sync_c,mouth,3.046695
38,221.000000,4452d828f84c6a2b2dee9c7a81e6c102_shot_001_000,pixel_mse,mouth,0.00090466
38,221.000000,4452d828f84c6a2b2dee9c7a81e6c102_shot_001_000,pixel_mse,upper_face,0.00005200
38,221.000000,4452d828f84c6a2b2dee9c7a81e6c102_shot_001_000,pixel_mse,full,0.00039903
38,221.000000,4452d828f84c6a2b2dee9c7a81e6c102_shot_001_000,ssim,mouth,0.94786060
38,221.000000,4452d828f84c6a2b2dee9c7a81e6c102_shot_001_000,ssim,upper_face,0.97747773
38,221.000000,4452d828f84c6a2b2dee9c7a81e6c102_shot_001_000,ssim,full,0.96542358
38,221.000000,4452d828f84c6a2b2dee9c7a81e6c102_shot_001_000,lpips,mouth,0.03435435
38,221.000000,4452d828f84c6a2b2dee9c7a81e6c102_shot_001_000,lpips,full,0.02438141
38,221.000000,4452d828f84c6a2b2dee9c7a81e6c102_shot_001_000,sharpness,mouth,16.1381
38,221.000000,4452d828f84c6a2b2dee9c7a81e6c102_shot_001_000,lmd,mouth,2.290498
38,221.000000,4452d828f84c6a2b2dee9c7a81e6c102_shot_001_000,sync_d,mouth,6.679324
38,221.000000,4452d828f84c6a2b2dee9c7a81e6c102_shot_001_000,sync_c,mouth,3.136783
39,201.000000,4452d828f84c6a2b2dee9c7a81e6c102_shot_001_000,pixel_mse,mouth,0.00091089
39,201.000000,4452d828f84c6a2b2dee9c7a81e6c102_shot_001_000,pixel_mse,upper_face,0.00005192
39,201.000000,4452d828f84c6a2b2dee9c7a81e6c102_shot_001_000,pixel_mse,full,0.00040152
39,201.000000,4452d828f84c6a2b2dee9c7a81e6c102_shot_001_000,ssim,mouth,0.94789952
39,201.000000,4452d828f84c6a2b2dee9c7a81e6c102_shot_001_000,ssim,upper_face,0.97745925
39,201.000000,4452d828f84c6a2b2dee9c7a81e6c102_shot_001_000,ssim,full,0.96542859
39,201.000000,4452d828f84c6a2b2dee9c7a81e6c102_shot_001_000,lpips,mouth,0.03474587
39,201.000000,4452d828f84c6a2b2dee9c7a81e6c102_shot_001_000,lpips,full,0.02447363
39,201.000000,4452d828f84c6a2b2dee9c7a81e6c102_shot_001_000,sharpness,mouth,16.2435
39,201.000000,4452d828f84c6a2b2dee9c7a81e6c102_shot_001_000,lmd,mouth,2.291034
39,201.000000,4452d828f84c6a2b2dee9c7a81e6c102_shot_001_000,sync_d,mouth,6.730198
39,201.000000,4452d828f84c6a2b2dee9c7a81e6c102_shot_001_000,sync_c,mouth,3.090822
40,181.000000,4452d828f84c6a2b2dee9c7a81e6c102_shot_001_000,pixel_mse,mouth,0.00091658
40,181.000000,4452d828f84c6a2b2dee9c7a81e6c102_shot_001_000,pixel_mse,upper_face,0.00005175
40,181.000000,4452d828f84c6a2b2dee9c7a81e6c102_shot_001_000,pixel_mse,full,0.00040374
40,181.000000,4452d828f84c6a2b2dee9c7a81e6c102_shot_001_000,ssim,mouth,0.94769245
40,181.000000,4452d828f84c6a2b2dee9c7a81e6c102_shot_001_000,ssim,upper_face,0.97753119
40,181.000000,4452d828f84c6a2b2dee9c7a81e6c102_shot_001_000,ssim,full,0.96538693
40,181.000000,4452d828f84c6a2b2dee9c7a81e6c102_shot_001_000,lpips,mouth,0.03487621
40,181.000000,4452d828f84c6a2b2dee9c7a81e6c102_shot_001_000,lpips,full,0.02436555
40,181.000000,4452d828f84c6a2b2dee9c7a81e6c102_shot_001_000,sharpness,mouth,16.1904
40,181.000000,4452d828f84c6a2b2dee9c7a81e6c102_shot_001_000,lmd,mouth,2.326241
40,181.000000,4452d828f84c6a2b2dee9c7a81e6c102_shot_001_000,sync_d,mouth,7.014926
40,181.000000,4452d828f84c6a2b2dee9c7a81e6c102_shot_001_000,sync_c,mouth,2.826579
41,161.000000,4452d828f84c6a2b2dee9c7a81e6c102_shot_001_000,pixel_mse,mouth,0.00092296
41,161.000000,4452d828f84c6a2b2dee9c7a81e6c102_shot_001_000,pixel_mse,upper_face,0.00005163
41,161.000000,4452d828f84c6a2b2dee9c7a81e6c102_shot_001_000,pixel_mse,full,0.00040626
41,161.000000,4452d828f84c6a2b2dee9c7a81e6c102_shot_001_000,ssim,mouth,0.94761497
41,161.000000,4452d828f84c6a2b2dee9c7a81e6c102_shot_001_000,ssim,upper_face,0.97741604
41,161.000000,4452d828f84c6a2b2dee9c7a81e6c102_shot_001_000,ssim,full,0.96528703
41,161.000000,4452d828f84c6a2b2dee9c7a81e6c102_shot_001_000,lpips,mouth,0.03476305
41,161.000000,4452d828f84c6a2b2dee9c7a81e6c102_shot_001_000,lpips,full,0.02454946
41,161.000000,4452d828f84c6a2b2dee9c7a81e6c102_shot_001_000,sharpness,mouth,16.2110
41,161.000000,4452d828f84c6a2b2dee9c7a81e6c102_shot_001_000,lmd,mouth,2.309090
41,161.000000,4452d828f84c6a2b2dee9c7a81e6c102_shot_001_000,sync_d,mouth,6.753766
41,161.000000,4452d828f84c6a2b2dee9c7a81e6c102_shot_001_000,sync_c,mouth,3.020640
42,141.000000,4452d828f84c6a2b2dee9c7a81e6c102_shot_001_000,pixel_mse,mouth,0.00092920
42,141.000000,4452d828f84c6a2b2dee9c7a81e6c102_shot_001_000,pixel_mse,upper_face,0.00005146
42,141.000000,4452d828f84c6a2b2dee9c7a81e6c102_shot_001_000,pixel_mse,full,0.00040870
42,141.000000,4452d828f84c6a2b2dee9c7a81e6c102_shot_001_000,ssim,mouth,0.94754946
42,141.000000,4452d828f84c6a2b2dee9c7a81e6c102_shot_001_000,ssim,upper_face,0.97749686
42,141.000000,4452d828f84c6a2b2dee9c7a81e6c102_shot_001_000,ssim,full,0.96530831
42,141.000000,4452d828f84c6a2b2dee9c7a81e6c102_shot_001_000,lpips,mouth,0.03491356
42,141.000000,4452d828f84c6a2b2dee9c7a81e6c102_shot_001_000,lpips,full,0.02452671
42,141.000000,4452d828f84c6a2b2dee9c7a81e6c102_shot_001_000,sharpness,mouth,16.2323
42,141.000000,4452d828f84c6a2b2dee9c7a81e6c102_shot_001_000,lmd,mouth,2.255574
42,141.000000,4452d828f84c6a2b2dee9c7a81e6c102_shot_001_000,sync_d,mouth,6.809258
42,141.000000,4452d828f84c6a2b2dee9c7a81e6c102_shot_001_000,sync_c,mouth,2.832925
43,121.000000,4452d828f84c6a2b2dee9c7a81e6c102_shot_001_000,pixel_mse,mouth,0.00093688
43,121.000000,4452d828f84c6a2b2dee9c7a81e6c102_shot_001_000,pixel_mse,upper_face,0.00005137
43,121.000000,4452d828f84c6a2b2dee9c7a81e6c102_shot_001_000,pixel_mse,full,0.00041177
43,121.000000,4452d828f84c6a2b2dee9c7a81e6c102_shot_001_000,ssim,mouth,0.94731683
43,121.000000,4452d828f84c6a2b2dee9c7a81e6c102_shot_001_000,ssim,upper_face,0.97750628
43,121.000000,4452d828f84c6a2b2dee9c7a81e6c102_shot_001_000,ssim,full,0.96521926
43,121.000000,4452d828f84c6a2b2dee9c7a81e6c102_shot_001_000,lpips,mouth,0.03464816
43,121.000000,4452d828f84c6a2b2dee9c7a81e6c102_shot_001_000,lpips,full,0.02457662
43,121.000000,4452d828f84c6a2b2dee9c7a81e6c102_shot_001_000,sharpness,mouth,16.2813
43,121.000000,4452d828f84c6a2b2dee9c7a81e6c102_shot_001_000,lmd,mouth,2.209777
43,121.000000,4452d828f84c6a2b2dee9c7a81e6c102_shot_001_000,sync_d,mouth,6.817220
43,121.000000,4452d828f84c6a2b2dee9c7a81e6c102_shot_001_000,sync_c,mouth,2.887225
44,101.000000,4452d828f84c6a2b2dee9c7a81e6c102_shot_001_000,pixel_mse,mouth,0.00094251
44,101.000000,4452d828f84c6a2b2dee9c7a81e6c102_shot_001_000,pixel_mse,upper_face,0.00005112
44,101.000000,4452d828f84c6a2b2dee9c7a81e6c102_shot_001_000,pixel_mse,full,0.00041392
44,101.000000,4452d828f84c6a2b2dee9c7a81e6c102_shot_001_000,ssim,mouth,0.94712359
44,101.000000,4452d828f84c6a2b2dee9c7a81e6c102_shot_001_000,ssim,upper_face,0.97747493
44,101.000000,4452d828f84c6a2b2dee9c7a81e6c102_shot_001_000,ssim,full,0.96512198
44,101.000000,4452d828f84c6a2b2dee9c7a81e6c102_shot_001_000,lpips,mouth,0.03494435
44,101.000000,4452d828f84c6a2b2dee9c7a81e6c102_shot_001_000,lpips,full,0.02470295
44,101.000000,4452d828f84c6a2b2dee9c7a81e6c102_shot_001_000,sharpness,mouth,16.3623
44,101.000000,4452d828f84c6a2b2dee9c7a81e6c102_shot_001_000,lmd,mouth,2.208502
44,101.000000,4452d828f84c6a2b2dee9c7a81e6c102_shot_001_000,sync_d,mouth,6.748677
44,101.000000,4452d828f84c6a2b2dee9c7a81e6c102_shot_001_000,sync_c,mouth,3.035228
45,81.000000,4452d828f84c6a2b2dee9c7a81e6c102_shot_001_000,pixel_mse,mouth,0.00095116
45,81.000000,4452d828f84c6a2b2dee9c7a81e6c102_shot_001_000,pixel_mse,upper_face,0.00005119
45,81.000000,4452d828f84c6a2b2dee9c7a81e6c102_shot_001_000,pixel_mse,full,0.00041748
45,81.000000,4452d828f84c6a2b2dee9c7a81e6c102_shot_001_000,ssim,mouth,0.94689411
45,81.000000,4452d828f84c6a2b2dee9c7a81e6c102_shot_001_000,ssim,upper_face,0.97746480
45,81.000000,4452d828f84c6a2b2dee9c7a81e6c102_shot_001_000,ssim,full,0.96502256
45,81.000000,4452d828f84c6a2b2dee9c7a81e6c102_shot_001_000,lpips,mouth,0.03533854
45,81.000000,4452d828f84c6a2b2dee9c7a81e6c102_shot_001_000,lpips,full,0.02478378
45,81.000000,4452d828f84c6a2b2dee9c7a81e6c102_shot_001_000,sharpness,mouth,16.4315
45,81.000000,4452d828f84c6a2b2dee9c7a81e6c102_shot_001_000,lmd,mouth,2.240292
45,81.000000,4452d828f84c6a2b2dee9c7a81e6c102_shot_001_000,sync_d,mouth,6.893485
45,81.000000,4452d828f84c6a2b2dee9c7a81e6c102_shot_001_000,sync_c,mouth,2.985034
46,61.000000,4452d828f84c6a2b2dee9c7a81e6c102_shot_001_000,pixel_mse,mouth,0.00096036
46,61.000000,4452d828f84c6a2b2dee9c7a81e6c102_shot_001_000,pixel_mse,upper_face,0.00005151
46,61.000000,4452d828f84c6a2b2dee9c7a81e6c102_shot_001_000,pixel_mse,full,0.00042141
46,61.000000,4452d828f84c6a2b2dee9c7a81e6c102_shot_001_000,ssim,mouth,0.94665205
46,61.000000,4452d828f84c6a2b2dee9c7a81e6c102_shot_001_000,ssim,upper_face,0.97744775
46,61.000000,4452d828f84c6a2b2dee9c7a81e6c102_shot_001_000,ssim,full,0.96491396
46,61.000000,4452d828f84c6a2b2dee9c7a81e6c102_shot_001_000,lpips,mouth,0.03524642
46,61.000000,4452d828f84c6a2b2dee9c7a81e6c102_shot_001_000,lpips,full,0.02481741
46,61.000000,4452d828f84c6a2b2dee9c7a81e6c102_shot_001_000,sharpness,mouth,16.5309
46,61.000000,4452d828f84c6a2b2dee9c7a81e6c102_shot_001_000,lmd,mouth,2.315230
46,61.000000,4452d828f84c6a2b2dee9c7a81e6c102_shot_001_000,sync_d,mouth,6.914099
46,61.000000,4452d828f84c6a2b2dee9c7a81e6c102_shot_001_000,sync_c,mouth,3.040531
47,41.000000,4452d828f84c6a2b2dee9c7a81e6c102_shot_001_000,pixel_mse,mouth,0.00096919
47,41.000000,4452d828f84c6a2b2dee9c7a81e6c102_shot_001_000,pixel_mse,upper_face,0.00005178
47,41.000000,4452d828f84c6a2b2dee9c7a81e6c102_shot_001_000,pixel_mse,full,0.00042516
47,41.000000,4452d828f84c6a2b2dee9c7a81e6c102_shot_001_000,ssim,mouth,0.94654369
47,41.000000,4452d828f84c6a2b2dee9c7a81e6c102_shot_001_000,ssim,upper_face,0.97746336
47,41.000000,4452d828f84c6a2b2dee9c7a81e6c102_shot_001_000,ssim,full,0.96487916
47,41.000000,4452d828f84c6a2b2dee9c7a81e6c102_shot_001_000,lpips,mouth,0.03532553
47,41.000000,4452d828f84c6a2b2dee9c7a81e6c102_shot_001_000,lpips,full,0.02466106
47,41.000000,4452d828f84c6a2b2dee9c7a81e6c102_shot_001_000,sharpness,mouth,16.5481
47,41.000000,4452d828f84c6a2b2dee9c7a81e6c102_shot_001_000,lmd,mouth,2.190937
47,41.000000,4452d828f84c6a2b2dee9c7a81e6c102_shot_001_000,sync_d,mouth,6.921228
47,41.000000,4452d828f84c6a2b2dee9c7a81e6c102_shot_001_000,sync_c,mouth,3.098289
48,21.000000,4452d828f84c6a2b2dee9c7a81e6c102_shot_001_000,pixel_mse,mouth,0.00098425
48,21.000000,4452d828f84c6a2b2dee9c7a81e6c102_shot_001_000,pixel_mse,upper_face,0.00005280
48,21.000000,4452d828f84c6a2b2dee9c7a81e6c102_shot_001_000,pixel_mse,full,0.00043190
48,21.000000,4452d828f84c6a2b2dee9c7a81e6c102_shot_001_000,ssim,mouth,0.94609392
48,21.000000,4452d828f84c6a2b2dee9c7a81e6c102_shot_001_000,ssim,upper_face,0.97731781
48,21.000000,4452d828f84c6a2b2dee9c7a81e6c102_shot_001_000,ssim,full,0.96460974
48,21.000000,4452d828f84c6a2b2dee9c7a81e6c102_shot_001_000,lpips,mouth,0.03538532
48,21.000000,4452d828f84c6a2b2dee9c7a81e6c102_shot_001_000,lpips,full,0.02492351
48,21.000000,4452d828f84c6a2b2dee9c7a81e6c102_shot_001_000,sharpness,mouth,16.6326
48,21.000000,4452d828f84c6a2b2dee9c7a81e6c102_shot_001_000,lmd,mouth,2.185960
48,21.000000,4452d828f84c6a2b2dee9c7a81e6c102_shot_001_000,sync_d,mouth,6.386401
48,21.000000,4452d828f84c6a2b2dee9c7a81e6c102_shot_001_000,sync_c,mouth,3.456641
49,1.000000,4452d828f84c6a2b2dee9c7a81e6c102_shot_001_000,pixel_mse,mouth,0.00105489
49,1.000000,4452d828f84c6a2b2dee9c7a81e6c102_shot_001_000,pixel_mse,upper_face,0.00006004
49,1.000000,4452d828f84c6a2b2dee9c7a81e6c102_shot_001_000,pixel_mse,full,0.00046494
49,1.000000,4452d828f84c6a2b2dee9c7a81e6c102_shot_001_000,ssim,mouth,0.94402069
49,1.000000,4452d828f84c6a2b2dee9c7a81e6c102_shot_001_000,ssim,upper_face,0.97658050
49,1.000000,4452d828f84c6a2b2dee9c7a81e6c102_shot_001_000,ssim,full,0.96332872
49,1.000000,4452d828f84c6a2b2dee9c7a81e6c102_shot_001_000,lpips,mouth,0.03643079
49,1.000000,4452d828f84c6a2b2dee9c7a81e6c102_shot_001_000,lpips,full,0.02604067
49,1.000000,4452d828f84c6a2b2dee9c7a81e6c102_shot_001_000,sharpness,mouth,17.0947
49,1.000000,4452d828f84c6a2b2dee9c7a81e6c102_shot_001_000,lmd,mouth,2.246411
49,1.000000,4452d828f84c6a2b2dee9c7a81e6c102_shot_001_000,sync_d,mouth,6.122882
49,1.000000,4452d828f84c6a2b2dee9c7a81e6c102_shot_001_000,sync_c,mouth,3.838204
-1,gt,4d5b044b30051de4f0a6b2dc419ea9ca_shot_001_000,sharpness,mouth,7.2974
-1,gt,4d5b044b30051de4f0a6b2dc419ea9ca_shot_001_000,sync_d,mouth,8.397253
-1,gt,4d5b044b30051de4f0a6b2dc419ea9ca_shot_001_000,sync_c,mouth,1.767130
0,981.000000,4d5b044b30051de4f0a6b2dc419ea9ca_shot_001_000,pixel_mse,mouth,0.00034635
0,981.000000,4d5b044b30051de4f0a6b2dc419ea9ca_shot_001_000,pixel_mse,upper_face,0.00009813
0,981.000000,4d5b044b30051de4f0a6b2dc419ea9ca_shot_001_000,pixel_mse,full,0.00019915
0,981.000000,4d5b044b30051de4f0a6b2dc419ea9ca_shot_001_000,ssim,mouth,0.95981318
0,981.000000,4d5b044b30051de4f0a6b2dc419ea9ca_shot_001_000,ssim,upper_face,0.97229785
0,981.000000,4d5b044b30051de4f0a6b2dc419ea9ca_shot_001_000,ssim,full,0.96721661
0,981.000000,4d5b044b30051de4f0a6b2dc419ea9ca_shot_001_000,lpips,mouth,0.03341902
0,981.000000,4d5b044b30051de4f0a6b2dc419ea9ca_shot_001_000,lpips,full,0.02878010
0,981.000000,4d5b044b30051de4f0a6b2dc419ea9ca_shot_001_000,sharpness,mouth,6.9671
0,981.000000,4d5b044b30051de4f0a6b2dc419ea9ca_shot_001_000,sync_d,mouth,6.144829
0,981.000000,4d5b044b30051de4f0a6b2dc419ea9ca_shot_001_000,sync_c,mouth,3.893272
1,961.000000,4d5b044b30051de4f0a6b2dc419ea9ca_shot_001_000,pixel_mse,mouth,0.00033109
1,961.000000,4d5b044b30051de4f0a6b2dc419ea9ca_shot_001_000,pixel_mse,upper_face,0.00008785
1,961.000000,4d5b044b30051de4f0a6b2dc419ea9ca_shot_001_000,pixel_mse,full,0.00018685
1,961.000000,4d5b044b30051de4f0a6b2dc419ea9ca_shot_001_000,ssim,mouth,0.96054614
1,961.000000,4d5b044b30051de4f0a6b2dc419ea9ca_shot_001_000,ssim,upper_face,0.97326386
1,961.000000,4d5b044b30051de4f0a6b2dc419ea9ca_shot_001_000,ssim,full,0.96808779
1,961.000000,4d5b044b30051de4f0a6b2dc419ea9ca_shot_001_000,lpips,mouth,0.03231601
1,961.000000,4d5b044b30051de4f0a6b2dc419ea9ca_shot_001_000,lpips,full,0.02786837
1,961.000000,4d5b044b30051de4f0a6b2dc419ea9ca_shot_001_000,sharpness,mouth,6.9033
1,961.000000,4d5b044b30051de4f0a6b2dc419ea9ca_shot_001_000,sync_d,mouth,6.331153
1,961.000000,4d5b044b30051de4f0a6b2dc419ea9ca_shot_001_000,sync_c,mouth,3.759846
2,941.000000,4d5b044b30051de4f0a6b2dc419ea9ca_shot_001_000,pixel_mse,mouth,0.00032037
2,941.000000,4d5b044b30051de4f0a6b2dc419ea9ca_shot_001_000,pixel_mse,upper_face,0.00008099
2,941.000000,4d5b044b30051de4f0a6b2dc419ea9ca_shot_001_000,pixel_mse,full,0.00017841
2,941.000000,4d5b044b30051de4f0a6b2dc419ea9ca_shot_001_000,ssim,mouth,0.96086276
2,941.000000,4d5b044b30051de4f0a6b2dc419ea9ca_shot_001_000,ssim,upper_face,0.97385842
2,941.000000,4d5b044b30051de4f0a6b2dc419ea9ca_shot_001_000,ssim,full,0.96856916
2,941.000000,4d5b044b30051de4f0a6b2dc419ea9ca_shot_001_000,lpips,mouth,0.03177461
2,941.000000,4d5b044b30051de4f0a6b2dc419ea9ca_shot_001_000,lpips,full,0.02702942
2,941.000000,4d5b044b30051de4f0a6b2dc419ea9ca_shot_001_000,sharpness,mouth,6.9443
2,941.000000,4d5b044b30051de4f0a6b2dc419ea9ca_shot_001_000,sync_d,mouth,6.411916
2,941.000000,4d5b044b30051de4f0a6b2dc419ea9ca_shot_001_000,sync_c,mouth,3.727339
3,921.000000,4d5b044b30051de4f0a6b2dc419ea9ca_shot_001_000,pixel_mse,mouth,0.00030956
3,921.000000,4d5b044b30051de4f0a6b2dc419ea9ca_shot_001_000,pixel_mse,upper_face,0.00007206
3,921.000000,4d5b044b30051de4f0a6b2dc419ea9ca_shot_001_000,pixel_mse,full,0.00016873
3,921.000000,4d5b044b30051de4f0a6b2dc419ea9ca_shot_001_000,ssim,mouth,0.96135795
3,921.000000,4d5b044b30051de4f0a6b2dc419ea9ca_shot_001_000,ssim,upper_face,0.97459483
3,921.000000,4d5b044b30051de4f0a6b2dc419ea9ca_shot_001_000,ssim,full,0.96920753
3,921.000000,4d5b044b30051de4f0a6b2dc419ea9ca_shot_001_000,lpips,mouth,0.03078815
3,921.000000,4d5b044b30051de4f0a6b2dc419ea9ca_shot_001_000,lpips,full,0.02602565
3,921.000000,4d5b044b30051de4f0a6b2dc419ea9ca_shot_001_000,sharpness,mouth,6.8712
3,921.000000,4d5b044b30051de4f0a6b2dc419ea9ca_shot_001_000,sync_d,mouth,6.682518
3,921.000000,4d5b044b30051de4f0a6b2dc419ea9ca_shot_001_000,sync_c,mouth,3.314644
4,901.000000,4d5b044b30051de4f0a6b2dc419ea9ca_shot_001_000,pixel_mse,mouth,0.00030229
4,901.000000,4d5b044b30051de4f0a6b2dc419ea9ca_shot_001_000,pixel_mse,upper_face,0.00006748
4,901.000000,4d5b044b30051de4f0a6b2dc419ea9ca_shot_001_000,pixel_mse,full,0.00016304
4,901.000000,4d5b044b30051de4f0a6b2dc419ea9ca_shot_001_000,ssim,mouth,0.96161377
4,901.000000,4d5b044b30051de4f0a6b2dc419ea9ca_shot_001_000,ssim,upper_face,0.97492439
4,901.000000,4d5b044b30051de4f0a6b2dc419ea9ca_shot_001_000,ssim,full,0.96950698
4,901.000000,4d5b044b30051de4f0a6b2dc419ea9ca_shot_001_000,lpips,mouth,0.03037489
4,901.000000,4d5b044b30051de4f0a6b2dc419ea9ca_shot_001_000,lpips,full,0.02568884
4,901.000000,4d5b044b30051de4f0a6b2dc419ea9ca_shot_001_000,sharpness,mouth,6.8768
4,901.000000,4d5b044b30051de4f0a6b2dc419ea9ca_shot_001_000,sync_d,mouth,6.712001
4,901.000000,4d5b044b30051de4f0a6b2dc419ea9ca_shot_001_000,sync_c,mouth,3.155903
5,881.000000,4d5b044b30051de4f0a6b2dc419ea9ca_shot_001_000,pixel_mse,mouth,0.00029728
5,881.000000,4d5b044b30051de4f0a6b2dc419ea9ca_shot_001_000,pixel_mse,upper_face,0.00006299
5,881.000000,4d5b044b30051de4f0a6b2dc419ea9ca_shot_001_000,pixel_mse,full,0.00015835
5,881.000000,4d5b044b30051de4f0a6b2dc419ea9ca_shot_001_000,ssim,mouth,0.96182179
5,881.000000,4d5b044b30051de4f0a6b2dc419ea9ca_shot_001_000,ssim,upper_face,0.97537833
5,881.000000,4d5b044b30051de4f0a6b2dc419ea9ca_shot_001_000,ssim,full,0.96986085
5,881.000000,4d5b044b30051de4f0a6b2dc419ea9ca_shot_001_000,lpips,mouth,0.03000939
5,881.000000,4d5b044b30051de4f0a6b2dc419ea9ca_shot_001_000,lpips,full,0.02509548
5,881.000000,4d5b044b30051de4f0a6b2dc419ea9ca_shot_001_000,sharpness,mouth,6.9005
5,881.000000,4d5b044b30051de4f0a6b2dc419ea9ca_shot_001_000,sync_d,mouth,6.606026
5,881.000000,4d5b044b30051de4f0a6b2dc419ea9ca_shot_001_000,sync_c,mouth,3.150994
6,861.000000,4d5b044b30051de4f0a6b2dc419ea9ca_shot_001_000,pixel_mse,mouth,0.00029088
6,861.000000,4d5b044b30051de4f0a6b2dc419ea9ca_shot_001_000,pixel_mse,upper_face,0.00005857
6,861.000000,4d5b044b30051de4f0a6b2dc419ea9ca_shot_001_000,pixel_mse,full,0.00015312
6,861.000000,4d5b044b30051de4f0a6b2dc419ea9ca_shot_001_000,ssim,mouth,0.96198392
6,861.000000,4d5b044b30051de4f0a6b2dc419ea9ca_shot_001_000,ssim,upper_face,0.97560471
6,861.000000,4d5b044b30051de4f0a6b2dc419ea9ca_shot_001_000,ssim,full,0.97006106
6,861.000000,4d5b044b30051de4f0a6b2dc419ea9ca_shot_001_000,lpips,mouth,0.02937908
6,861.000000,4d5b044b30051de4f0a6b2dc419ea9ca_shot_001_000,lpips,full,0.02472215
6,861.000000,4d5b044b30051de4f0a6b2dc419ea9ca_shot_001_000,sharpness,mouth,6.8939
6,861.000000,4d5b044b30051de4f0a6b2dc419ea9ca_shot_001_000,sync_d,mouth,6.606115
6,861.000000,4d5b044b30051de4f0a6b2dc419ea9ca_shot_001_000,sync_c,mouth,3.384789
7,841.000000,4d5b044b30051de4f0a6b2dc419ea9ca_shot_001_000,pixel_mse,mouth,0.00028608
7,841.000000,4d5b044b30051de4f0a6b2dc419ea9ca_shot_001_000,pixel_mse,upper_face,0.00005565
7,841.000000,4d5b044b30051de4f0a6b2dc419ea9ca_shot_001_000,pixel_mse,full,0.00014943
7,841.000000,4d5b044b30051de4f0a6b2dc419ea9ca_shot_001_000,ssim,mouth,0.96235067
7,841.000000,4d5b044b30051de4f0a6b2dc419ea9ca_shot_001_000,ssim,upper_face,0.97585911
7,841.000000,4d5b044b30051de4f0a6b2dc419ea9ca_shot_001_000,ssim,full,0.97036123
7,841.000000,4d5b044b30051de4f0a6b2dc419ea9ca_shot_001_000,lpips,mouth,0.02934873
7,841.000000,4d5b044b30051de4f0a6b2dc419ea9ca_shot_001_000,lpips,full,0.02427368
7,841.000000,4d5b044b30051de4f0a6b2dc419ea9ca_shot_001_000,sharpness,mouth,6.8499
7,841.000000,4d5b044b30051de4f0a6b2dc419ea9ca_shot_001_000,sync_d,mouth,6.353495
7,841.000000,4d5b044b30051de4f0a6b2dc419ea9ca_shot_001_000,sync_c,mouth,3.782495
8,821.000000,4d5b044b30051de4f0a6b2dc419ea9ca_shot_001_000,pixel_mse,mouth,0.00028325
8,821.000000,4d5b044b30051de4f0a6b2dc419ea9ca_shot_001_000,pixel_mse,upper_face,0.00005310
8,821.000000,4d5b044b30051de4f0a6b2dc419ea9ca_shot_001_000,pixel_mse,full,0.00014677
8,821.000000,4d5b044b30051de4f0a6b2dc419ea9ca_shot_001_000,ssim,mouth,0.96237427
8,821.000000,4d5b044b30051de4f0a6b2dc419ea9ca_shot_001_000,ssim,upper_face,0.97615194
8,821.000000,4d5b044b30051de4f0a6b2dc419ea9ca_shot_001_000,ssim,full,0.97054446
8,821.000000,4d5b044b30051de4f0a6b2dc419ea9ca_shot_001_000,lpips,mouth,0.02921513
8,821.000000,4d5b044b30051de4f0a6b2dc419ea9ca_shot_001_000,lpips,full,0.02426854
8,821.000000,4d5b044b30051de4f0a6b2dc419ea9ca_shot_001_000,sharpness,mouth,6.8596
8,821.000000,4d5b044b30051de4f0a6b2dc419ea9ca_shot_001_000,sync_d,mouth,6.476882
8,821.000000,4d5b044b30051de4f0a6b2dc419ea9ca_shot_001_000,sync_c,mouth,3.493098
9,801.000000,4d5b044b30051de4f0a6b2dc419ea9ca_shot_001_000,pixel_mse,mouth,0.00028019
9,801.000000,4d5b044b30051de4f0a6b2dc419ea9ca_shot_001_000,pixel_mse,upper_face,0.00005200
9,801.000000,4d5b044b30051de4f0a6b2dc419ea9ca_shot_001_000,pixel_mse,full,0.00014487
9,801.000000,4d5b044b30051de4f0a6b2dc419ea9ca_shot_001_000,ssim,mouth,0.96252477
9,801.000000,4d5b044b30051de4f0a6b2dc419ea9ca_shot_001_000,ssim,upper_face,0.97625208
9,801.000000,4d5b044b30051de4f0a6b2dc419ea9ca_shot_001_000,ssim,full,0.97066510
9,801.000000,4d5b044b30051de4f0a6b2dc419ea9ca_shot_001_000,lpips,mouth,0.02862575
9,801.000000,4d5b044b30051de4f0a6b2dc419ea9ca_shot_001_000,lpips,full,0.02399465
9,801.000000,4d5b044b30051de4f0a6b2dc419ea9ca_shot_001_000,sharpness,mouth,6.8566
9,801.000000,4d5b044b30051de4f0a6b2dc419ea9ca_shot_001_000,sync_d,mouth,6.524073
9,801.000000,4d5b044b30051de4f0a6b2dc419ea9ca_shot_001_000,sync_c,mouth,3.477080
10,781.000000,4d5b044b30051de4f0a6b2dc419ea9ca_shot_001_000,pixel_mse,mouth,0.00027575
10,781.000000,4d5b044b30051de4f0a6b2dc419ea9ca_shot_001_000,pixel_mse,upper_face,0.00004995
10,781.000000,4d5b044b30051de4f0a6b2dc419ea9ca_shot_001_000,pixel_mse,full,0.00014185
10,781.000000,4d5b044b30051de4f0a6b2dc419ea9ca_shot_001_000,ssim,mouth,0.96281362
10,781.000000,4d5b044b30051de4f0a6b2dc419ea9ca_shot_001_000,ssim,upper_face,0.97631371
10,781.000000,4d5b044b30051de4f0a6b2dc419ea9ca_shot_001_000,ssim,full,0.97081923
10,781.000000,4d5b044b30051de4f0a6b2dc419ea9ca_shot_001_000,lpips,mouth,0.02851627
10,781.000000,4d5b044b30051de4f0a6b2dc419ea9ca_shot_001_000,lpips,full,0.02370435
10,781.000000,4d5b044b30051de4f0a6b2dc419ea9ca_shot_001_000,sharpness,mouth,6.8170
10,781.000000,4d5b044b30051de4f0a6b2dc419ea9ca_shot_001_000,sync_d,mouth,6.601636
10,781.000000,4d5b044b30051de4f0a6b2dc419ea9ca_shot_001_000,sync_c,mouth,3.279411
11,761.000000,4d5b044b30051de4f0a6b2dc419ea9ca_shot_001_000,pixel_mse,mouth,0.00027089
11,761.000000,4d5b044b30051de4f0a6b2dc419ea9ca_shot_001_000,pixel_mse,upper_face,0.00004775
11,761.000000,4d5b044b30051de4f0a6b2dc419ea9ca_shot_001_000,pixel_mse,full,0.00013857
11,761.000000,4d5b044b30051de4f0a6b2dc419ea9ca_shot_001_000,ssim,mouth,0.96297419
11,761.000000,4d5b044b30051de4f0a6b2dc419ea9ca_shot_001_000,ssim,upper_face,0.97659642
11,761.000000,4d5b044b30051de4f0a6b2dc419ea9ca_shot_001_000,ssim,full,0.97105223
11,761.000000,4d5b044b30051de4f0a6b2dc419ea9ca_shot_001_000,lpips,mouth,0.02832108
11,761.000000,4d5b044b30051de4f0a6b2dc419ea9ca_shot_001_000,lpips,full,0.02338777
11,761.000000,4d5b044b30051de4f0a6b2dc419ea9ca_shot_001_000,sharpness,mouth,6.8423
11,761.000000,4d5b044b30051de4f0a6b2dc419ea9ca_shot_001_000,sync_d,mouth,6.945183
11,761.000000,4d5b044b30051de4f0a6b2dc419ea9ca_shot_001_000,sync_c,mouth,3.081063
12,741.000000,4d5b044b30051de4f0a6b2dc419ea9ca_shot_001_000,pixel_mse,mouth,0.00026851
12,741.000000,4d5b044b30051de4f0a6b2dc419ea9ca_shot_001_000,pixel_mse,upper_face,0.00004529
12,741.000000,4d5b044b30051de4f0a6b2dc419ea9ca_shot_001_000,pixel_mse,full,0.00013614
12,741.000000,4d5b044b30051de4f0a6b2dc419ea9ca_shot_001_000,ssim,mouth,0.96307760
12,741.000000,4d5b044b30051de4f0a6b2dc419ea9ca_shot_001_000,ssim,upper_face,0.97680449
12,741.000000,4d5b044b30051de4f0a6b2dc419ea9ca_shot_001_000,ssim,full,0.97121763
12,741.000000,4d5b044b30051de4f0a6b2dc419ea9ca_shot_001_000,lpips,mouth,0.02802707
12,741.000000,4d5b044b30051de4f0a6b2dc419ea9ca_shot_001_000,lpips,full,0.02312264
12,741.000000,4d5b044b30051de4f0a6b2dc419ea9ca_shot_001_000,sharpness,mouth,6.7744
12,741.000000,4d5b044b30051de4f0a6b2dc419ea9ca_shot_001_000,sync_d,mouth,6.527797
12,741.000000,4d5b044b30051de4f0a6b2dc419ea9ca_shot_001_000,sync_c,mouth,3.511221
13,721.000000,4d5b044b30051de4f0a6b2dc419ea9ca_shot_001_000,pixel_mse,mouth,0.00026515
13,721.000000,4d5b044b30051de4f0a6b2dc419ea9ca_shot_001_000,pixel_mse,upper_face,0.00004386
13,721.000000,4d5b044b30051de4f0a6b2dc419ea9ca_shot_001_000,pixel_mse,full,0.00013392
13,721.000000,4d5b044b30051de4f0a6b2dc419ea9ca_shot_001_000,ssim,mouth,0.96325076
13,721.000000,4d5b044b30051de4f0a6b2dc419ea9ca_shot_001_000,ssim,upper_face,0.97699076
13,721.000000,4d5b044b30051de4f0a6b2dc419ea9ca_shot_001_000,ssim,full,0.97139859
13,721.000000,4d5b044b30051de4f0a6b2dc419ea9ca_shot_001_000,lpips,mouth,0.02770557
13,721.000000,4d5b044b30051de4f0a6b2dc419ea9ca_shot_001_000,lpips,full,0.02295184
13,721.000000,4d5b044b30051de4f0a6b2dc419ea9ca_shot_001_000,sharpness,mouth,6.8210
13,721.000000,4d5b044b30051de4f0a6b2dc419ea9ca_shot_001_000,sync_d,mouth,6.897521
13,721.000000,4d5b044b30051de4f0a6b2dc419ea9ca_shot_001_000,sync_c,mouth,3.097014
14,701.000000,4d5b044b30051de4f0a6b2dc419ea9ca_shot_001_000,pixel_mse,mouth,0.00026108
14,701.000000,4d5b044b30051de4f0a6b2dc419ea9ca_shot_001_000,pixel_mse,upper_face,0.00004251
14,701.000000,4d5b044b30051de4f0a6b2dc419ea9ca_shot_001_000,pixel_mse,full,0.00013147
14,701.000000,4d5b044b30051de4f0a6b2dc419ea9ca_shot_001_000,ssim,mouth,0.96351761
14,701.000000,4d5b044b30051de4f0a6b2dc419ea9ca_shot_001_000,ssim,upper_face,0.97709382
14,701.000000,4d5b044b30051de4f0a6b2dc419ea9ca_shot_001_000,ssim,full,0.97156835
14,701.000000,4d5b044b30051de4f0a6b2dc419ea9ca_shot_001_000,lpips,mouth,0.02741810
14,701.000000,4d5b044b30051de4f0a6b2dc419ea9ca_shot_001_000,lpips,full,0.02271457
14,701.000000,4d5b044b30051de4f0a6b2dc419ea9ca_shot_001_000,sharpness,mouth,6.7582
14,701.000000,4d5b044b30051de4f0a6b2dc419ea9ca_shot_001_000,sync_d,mouth,6.555402
14,701.000000,4d5b044b30051de4f0a6b2dc419ea9ca_shot_001_000,sync_c,mouth,3.485896
15,681.000000,4d5b044b30051de4f0a6b2dc419ea9ca_shot_001_000,pixel_mse,mouth,0.00025679
15,681.000000,4d5b044b30051de4f0a6b2dc419ea9ca_shot_001_000,pixel_mse,upper_face,0.00004199
15,681.000000,4d5b044b30051de4f0a6b2dc419ea9ca_shot_001_000,pixel_mse,full,0.00012941
15,681.000000,4d5b044b30051de4f0a6b2dc419ea9ca_shot_001_000,ssim,mouth,0.96369994
15,681.000000,4d5b044b30051de4f0a6b2dc419ea9ca_shot_001_000,ssim,upper_face,0.97714221
15,681.000000,4d5b044b30051de4f0a6b2dc419ea9ca_shot_001_000,ssim,full,0.97167122
15,681.000000,4d5b044b30051de4f0a6b2dc419ea9ca_shot_001_000,lpips,mouth,0.02778363
15,681.000000,4d5b044b30051de4f0a6b2dc419ea9ca_shot_001_000,lpips,full,0.02264378
15,681.000000,4d5b044b30051de4f0a6b2dc419ea9ca_shot_001_000,sharpness,mouth,6.7474
15,681.000000,4d5b044b30051de4f0a6b2dc419ea9ca_shot_001_000,sync_d,mouth,6.850505
15,681.000000,4d5b044b30051de4f0a6b2dc419ea9ca_shot_001_000,sync_c,mouth,3.309616
16,661.000000,4d5b044b30051de4f0a6b2dc419ea9ca_shot_001_000,pixel_mse,mouth,0.00025267
16,661.000000,4d5b044b30051de4f0a6b2dc419ea9ca_shot_001_000,pixel_mse,upper_face,0.00004050
16,661.000000,4d5b044b30051de4f0a6b2dc419ea9ca_shot_001_000,pixel_mse,full,0.00012685
16,661.000000,4d5b044b30051de4f0a6b2dc419ea9ca_shot_001_000,ssim,mouth,0.96400613
16,661.000000,4d5b044b30051de4f0a6b2dc419ea9ca_shot_001_000,ssim,upper_face,0.97727537
16,661.000000,4d5b044b30051de4f0a6b2dc419ea9ca_shot_001_000,ssim,full,0.97187483
16,661.000000,4d5b044b30051de4f0a6b2dc419ea9ca_shot_001_000,lpips,mouth,0.02726350
16,661.000000,4d5b044b30051de4f0a6b2dc419ea9ca_shot_001_000,lpips,full,0.02238563
16,661.000000,4d5b044b30051de4f0a6b2dc419ea9ca_shot_001_000,sharpness,mouth,6.7523
16,661.000000,4d5b044b30051de4f0a6b2dc419ea9ca_shot_001_000,sync_d,mouth,7.049411
16,661.000000,4d5b044b30051de4f0a6b2dc419ea9ca_shot_001_000,sync_c,mouth,3.004813
17,641.000000,4d5b044b30051de4f0a6b2dc419ea9ca_shot_001_000,pixel_mse,mouth,0.00024954
17,641.000000,4d5b044b30051de4f0a6b2dc419ea9ca_shot_001_000,pixel_mse,upper_face,0.00003993
17,641.000000,4d5b044b30051de4f0a6b2dc419ea9ca_shot_001_000,pixel_mse,full,0.00012524
17,641.000000,4d5b044b30051de4f0a6b2dc419ea9ca_shot_001_000,ssim,mouth,0.96412325
17,641.000000,4d5b044b30051de4f0a6b2dc419ea9ca_shot_001_000,ssim,upper_face,0.97733581
17,641.000000,4d5b044b30051de4f0a6b2dc419ea9ca_shot_001_000,ssim,full,0.97195834
17,641.000000,4d5b044b30051de4f0a6b2dc419ea9ca_shot_001_000,lpips,mouth,0.02705435
17,641.000000,4d5b044b30051de4f0a6b2dc419ea9ca_shot_001_000,lpips,full,0.02247607
17,641.000000,4d5b044b30051de4f0a6b2dc419ea9ca_shot_001_000,sharpness,mouth,6.7262
17,641.000000,4d5b044b30051de4f0a6b2dc419ea9ca_shot_001_000,sync_d,mouth,6.965082
17,641.000000,4d5b044b30051de4f0a6b2dc419ea9ca_shot_001_000,sync_c,mouth,3.084559
18,621.000000,4d5b044b30051de4f0a6b2dc419ea9ca_shot_001_000,pixel_mse,mouth,0.00024602
18,621.000000,4d5b044b30051de4f0a6b2dc419ea9ca_shot_001_000,pixel_mse,upper_face,0.00003917
18,621.000000,4d5b044b30051de4f0a6b2dc419ea9ca_shot_001_000,pixel_mse,full,0.00012336
18,621.000000,4d5b044b30051de4f0a6b2dc419ea9ca_shot_001_000,ssim,mouth,0.96435076
18,621.000000,4d5b044b30051de4f0a6b2dc419ea9ca_shot_001_000,ssim,upper_face,0.97738749
18,621.000000,4d5b044b30051de4f0a6b2dc419ea9ca_shot_001_000,ssim,full,0.97208160
18,621.000000,4d5b044b30051de4f0a6b2dc419ea9ca_shot_001_000,lpips,mouth,0.02665946
18,621.000000,4d5b044b30051de4f0a6b2dc419ea9ca_shot_001_000,lpips,full,0.02200148
18,621.000000,4d5b044b30051de4f0a6b2dc419ea9ca_shot_001_000,sharpness,mouth,6.7256
18,621.000000,4d5b044b30051de4f0a6b2dc419ea9ca_shot_001_000,sync_d,mouth,6.884977
18,621.000000,4d5b044b30051de4f0a6b2dc419ea9ca_shot_001_000,sync_c,mouth,3.096687
19,601.000000,4d5b044b30051de4f0a6b2dc419ea9ca_shot_001_000,pixel_mse,mouth,0.00024170
19,601.000000,4d5b044b30051de4f0a6b2dc419ea9ca_shot_001_000,pixel_mse,upper_face,0.00003878
19,601.000000,4d5b044b30051de4f0a6b2dc419ea9ca_shot_001_000,pixel_mse,full,0.00012137
19,601.000000,4d5b044b30051de4f0a6b2dc419ea9ca_shot_001_000,ssim,mouth,0.96456212
19,601.000000,4d5b044b30051de4f0a6b2dc419ea9ca_shot_001_000,ssim,upper_face,0.97748798
19,601.000000,4d5b044b30051de4f0a6b2dc419ea9ca_shot_001_000,ssim,full,0.97222716
19,601.000000,4d5b044b30051de4f0a6b2dc419ea9ca_shot_001_000,lpips,mouth,0.02664925
19,601.000000,4d5b044b30051de4f0a6b2dc419ea9ca_shot_001_000,lpips,full,0.02198005
19,601.000000,4d5b044b30051de4f0a6b2dc419ea9ca_shot_001_000,sharpness,mouth,6.7197
19,601.000000,4d5b044b30051de4f0a6b2dc419ea9ca_shot_001_000,sync_d,mouth,7.028226
19,601.000000,4d5b044b30051de4f0a6b2dc419ea9ca_shot_001_000,sync_c,mouth,2.883136
20,581.000000,4d5b044b30051de4f0a6b2dc419ea9ca_shot_001_000,pixel_mse,mouth,0.00023849
20,581.000000,4d5b044b30051de4f0a6b2dc419ea9ca_shot_001_000,pixel_mse,upper_face,0.00003778
20,581.000000,4d5b044b30051de4f0a6b2dc419ea9ca_shot_001_000,pixel_mse,full,0.00011947
20,581.000000,4d5b044b30051de4f0a6b2dc419ea9ca_shot_001_000,ssim,mouth,0.96479571
20,581.000000,4d5b044b30051de4f0a6b2dc419ea9ca_shot_001_000,ssim,upper_face,0.97754443
20,581.000000,4d5b044b30051de4f0a6b2dc419ea9ca_shot_001_000,ssim,full,0.97235572
20,581.000000,4d5b044b30051de4f0a6b2dc419ea9ca_shot_001_000,lpips,mouth,0.02645770
20,581.000000,4d5b044b30051de4f0a6b2dc419ea9ca_shot_001_000,lpips,full,0.02164439
20,581.000000,4d5b044b30051de4f0a6b2dc419ea9ca_shot_001_000,sharpness,mouth,6.7084
20,581.000000,4d5b044b30051de4f0a6b2dc419ea9ca_shot_001_000,sync_d,mouth,7.314413
20,581.000000,4d5b044b30051de4f0a6b2dc419ea9ca_shot_001_000,sync_c,mouth,2.503539
21,561.000000,4d5b044b30051de4f0a6b2dc419ea9ca_shot_001_000,pixel_mse,mouth,0.00023510
21,561.000000,4d5b044b30051de4f0a6b2dc419ea9ca_shot_001_000,pixel_mse,upper_face,0.00003752
21,561.000000,4d5b044b30051de4f0a6b2dc419ea9ca_shot_001_000,pixel_mse,full,0.00011793
21,561.000000,4d5b044b30051de4f0a6b2dc419ea9ca_shot_001_000,ssim,mouth,0.96502942
21,561.000000,4d5b044b30051de4f0a6b2dc419ea9ca_shot_001_000,ssim,upper_face,0.97759306
21,561.000000,4d5b044b30051de4f0a6b2dc419ea9ca_shot_001_000,ssim,full,0.97247970
21,561.000000,4d5b044b30051de4f0a6b2dc419ea9ca_shot_001_000,lpips,mouth,0.02636520
21,561.000000,4d5b044b30051de4f0a6b2dc419ea9ca_shot_001_000,lpips,full,0.02162729
21,561.000000,4d5b044b30051de4f0a6b2dc419ea9ca_shot_001_000,sharpness,mouth,6.6741
21,561.000000,4d5b044b30051de4f0a6b2dc419ea9ca_shot_001_000,sync_d,mouth,6.678280
21,561.000000,4d5b044b30051de4f0a6b2dc419ea9ca_shot_001_000,sync_c,mouth,3.403032
22,541.000000,4d5b044b30051de4f0a6b2dc419ea9ca_shot_001_000,pixel_mse,mouth,0.00023279
22,541.000000,4d5b044b30051de4f0a6b2dc419ea9ca_shot_001_000,pixel_mse,upper_face,0.00003724
22,541.000000,4d5b044b30051de4f0a6b2dc419ea9ca_shot_001_000,pixel_mse,full,0.00011683
22,541.000000,4d5b044b30051de4f0a6b2dc419ea9ca_shot_001_000,ssim,mouth,0.96520793
22,541.000000,4d5b044b30051de4f0a6b2dc419ea9ca_shot_001_000,ssim,upper_face,0.97766477
22,541.000000,4d5b044b30051de4f0a6b2dc419ea9ca_shot_001_000,ssim,full,0.97259480
22,541.000000,4d5b044b30051de4f0a6b2dc419ea9ca_shot_001_000,lpips,mouth,0.02633885
22,541.000000,4d5b044b30051de4f0a6b2dc419ea9ca_shot_001_000,lpips,full,0.02161899
22,541.000000,4d5b044b30051de4f0a6b2dc419ea9ca_shot_001_000,sharpness,mouth,6.6562
22,541.000000,4d5b044b30051de4f0a6b2dc419ea9ca_shot_001_000,sync_d,mouth,6.883785
22,541.000000,4d5b044b30051de4f0a6b2dc419ea9ca_shot_001_000,sync_c,mouth,3.076038
23,521.000000,4d5b044b30051de4f0a6b2dc419ea9ca_shot_001_000,pixel_mse,mouth,0.00023022
23,521.000000,4d5b044b30051de4f0a6b2dc419ea9ca_shot_001_000,pixel_mse,upper_face,0.00003669
23,521.000000,4d5b044b30051de4f0a6b2dc419ea9ca_shot_001_000,pixel_mse,full,0.00011546
23,521.000000,4d5b044b30051de4f0a6b2dc419ea9ca_shot_001_000,ssim,mouth,0.96528053
23,521.000000,4d5b044b30051de4f0a6b2dc419ea9ca_shot_001_000,ssim,upper_face,0.97769648
23,521.000000,4d5b044b30051de4f0a6b2dc419ea9ca_shot_001_000,ssim,full,0.97264314
23,521.000000,4d5b044b30051de4f0a6b2dc419ea9ca_shot_001_000,lpips,mouth,0.02606459
23,521.000000,4d5b044b30051de4f0a6b2dc419ea9ca_shot_001_000,lpips,full,0.02151206
23,521.000000,4d5b044b30051de4f0a6b2dc419ea9ca_shot_001_000,sharpness,mouth,6.6668
23,521.000000,4d5b044b30051de4f0a6b2dc419ea9ca_shot_001_000,sync_d,mouth,6.883062
23,521.000000,4d5b044b30051de4f0a6b2dc419ea9ca_shot_001_000,sync_c,mouth,3.030912
24,501.000000,4d5b044b30051de4f0a6b2dc419ea9ca_shot_001_000,pixel_mse,mouth,0.00022827
24,501.000000,4d5b044b30051de4f0a6b2dc419ea9ca_shot_001_000,pixel_mse,upper_face,0.00003675
24,501.000000,4d5b044b30051de4f0a6b2dc419ea9ca_shot_001_000,pixel_mse,full,0.00011470
24,501.000000,4d5b044b30051de4f0a6b2dc419ea9ca_shot_001_000,ssim,mouth,0.96550810
24,501.000000,4d5b044b30051de4f0a6b2dc419ea9ca_shot_001_000,ssim,upper_face,0.97776365
24,501.000000,4d5b044b30051de4f0a6b2dc419ea9ca_shot_001_000,ssim,full,0.97277570
24,501.000000,4d5b044b30051de4f0a6b2dc419ea9ca_shot_001_000,lpips,mouth,0.02650196
24,501.000000,4d5b044b30051de4f0a6b2dc419ea9ca_shot_001_000,lpips,full,0.02141435
24,501.000000,4d5b044b30051de4f0a6b2dc419ea9ca_shot_001_000,sharpness,mouth,6.6476
24,501.000000,4d5b044b30051de4f0a6b2dc419ea9ca_shot_001_000,sync_d,mouth,7.622895
24,501.000000,4d5b044b30051de4f0a6b2dc419ea9ca_shot_001_000,sync_c,mouth,2.150124
25,481.000000,4d5b044b30051de4f0a6b2dc419ea9ca_shot_001_000,pixel_mse,mouth,0.00022596
25,481.000000,4d5b044b30051de4f0a6b2dc419ea9ca_shot_001_000,pixel_mse,upper_face,0.00003686
25,481.000000,4d5b044b30051de4f0a6b2dc419ea9ca_shot_001_000,pixel_mse,full,0.00011382
25,481.000000,4d5b044b30051de4f0a6b2dc419ea9ca_shot_001_000,ssim,mouth,0.96568513
25,481.000000,4d5b044b30051de4f0a6b2dc419ea9ca_shot_001_000,ssim,upper_face,0.97763860
25,481.000000,4d5b044b30051de4f0a6b2dc419ea9ca_shot_001_000,ssim,full,0.97277355
25,481.000000,4d5b044b30051de4f0a6b2dc419ea9ca_shot_001_000,lpips,mouth,0.02611458
25,481.000000,4d5b044b30051de4f0a6b2dc419ea9ca_shot_001_000,lpips,full,0.02146921
25,481.000000,4d5b044b30051de4f0a6b2dc419ea9ca_shot_001_000,sharpness,mouth,6.6330
25,481.000000,4d5b044b30051de4f0a6b2dc419ea9ca_shot_001_000,sync_d,mouth,7.047226
25,481.000000,4d5b044b30051de4f0a6b2dc419ea9ca_shot_001_000,sync_c,mouth,2.763325
26,461.000000,4d5b044b30051de4f0a6b2dc419ea9ca_shot_001_000,pixel_mse,mouth,0.00022394
26,461.000000,4d5b044b30051de4f0a6b2dc419ea9ca_shot_001_000,pixel_mse,upper_face,0.00003654
26,461.000000,4d5b044b30051de4f0a6b2dc419ea9ca_shot_001_000,pixel_mse,full,0.00011281
26,461.000000,4d5b044b30051de4f0a6b2dc419ea9ca_shot_001_000,ssim,mouth,0.96576333
26,461.000000,4d5b044b30051de4f0a6b2dc419ea9ca_shot_001_000,ssim,upper_face,0.97777653
26,461.000000,4d5b044b30051de4f0a6b2dc419ea9ca_shot_001_000,ssim,full,0.97288716
26,461.000000,4d5b044b30051de4f0a6b2dc419ea9ca_shot_001_000,lpips,mouth,0.02595721
26,461.000000,4d5b044b30051de4f0a6b2dc419ea9ca_shot_001_000,lpips,full,0.02130437
26,461.000000,4d5b044b30051de4f0a6b2dc419ea9ca_shot_001_000,sharpness,mouth,6.6465
26,461.000000,4d5b044b30051de4f0a6b2dc419ea9ca_shot_001_000,sync_d,mouth,7.088356
26,461.000000,4d5b044b30051de4f0a6b2dc419ea9ca_shot_001_000,sync_c,mouth,2.767461
27,441.000000,4d5b044b30051de4f0a6b2dc419ea9ca_shot_001_000,pixel_mse,mouth,0.00022098
27,441.000000,4d5b044b30051de4f0a6b2dc419ea9ca_shot_001_000,pixel_mse,upper_face,0.00003619
27,441.000000,4d5b044b30051de4f0a6b2dc419ea9ca_shot_001_000,pixel_mse,full,0.00011140
27,441.000000,4d5b044b30051de4f0a6b2dc419ea9ca_shot_001_000,ssim,mouth,0.96595252
27,441.000000,4d5b044b30051de4f0a6b2dc419ea9ca_shot_001_000,ssim,upper_face,0.97787988
27,441.000000,4d5b044b30051de4f0a6b2dc419ea9ca_shot_001_000,ssim,full,0.97302544
27,441.000000,4d5b044b30051de4f0a6b2dc419ea9ca_shot_001_000,lpips,mouth,0.02573362
27,441.000000,4d5b044b30051de4f0a6b2dc419ea9ca_shot_001_000,lpips,full,0.02134124
27,441.000000,4d5b044b30051de4f0a6b2dc419ea9ca_shot_001_000,sharpness,mouth,6.5921
27,441.000000,4d5b044b30051de4f0a6b2dc419ea9ca_shot_001_000,sync_d,mouth,6.901201
27,441.000000,4d5b044b30051de4f0a6b2dc419ea9ca_shot_001_000,sync_c,mouth,3.040673
28,421.000000,4d5b044b30051de4f0a6b2dc419ea9ca_shot_001_000,pixel_mse,mouth,0.00021938
28,421.000000,4d5b044b30051de4f0a6b2dc419ea9ca_shot_001_000,pixel_mse,upper_face,0.00003651
28,421.000000,4d5b044b30051de4f0a6b2dc419ea9ca_shot_001_000,pixel_mse,full,0.00011094
28,421.000000,4d5b044b30051de4f0a6b2dc419ea9ca_shot_001_000,ssim,mouth,0.96611631
28,421.000000,4d5b044b30051de4f0a6b2dc419ea9ca_shot_001_000,ssim,upper_face,0.97786999
28,421.000000,4d5b044b30051de4f0a6b2dc419ea9ca_shot_001_000,ssim,full,0.97308624
28,421.000000,4d5b044b30051de4f0a6b2dc419ea9ca_shot_001_000,lpips,mouth,0.02608549
28,421.000000,4d5b044b30051de4f0a6b2dc419ea9ca_shot_001_000,lpips,full,0.02129958
28,421.000000,4d5b044b30051de4f0a6b2dc419ea9ca_shot_001_000,sharpness,mouth,6.5951
28,421.000000,4d5b044b30051de4f0a6b2dc419ea9ca_shot_001_000,sync_d,mouth,7.296495
28,421.000000,4d5b044b30051de4f0a6b2dc419ea9ca_shot_001_000,sync_c,mouth,2.551087
29,401.000000,4d5b044b30051de4f0a6b2dc419ea9ca_shot_001_000,pixel_mse,mouth,0.00021685
29,401.000000,4d5b044b30051de4f0a6b2dc419ea9ca_shot_001_000,pixel_mse,upper_face,0.00003615
29,401.000000,4d5b044b30051de4f0a6b2dc419ea9ca_shot_001_000,pixel_mse,full,0.00010970
29,401.000000,4d5b044b30051de4f0a6b2dc419ea9ca_shot_001_000,ssim,mouth,0.96614832
29,401.000000,4d5b044b30051de4f0a6b2dc419ea9ca_shot_001_000,ssim,upper_face,0.97786963
29,401.000000,4d5b044b30051de4f0a6b2dc419ea9ca_shot_001_000,ssim,full,0.97309911
29,401.000000,4d5b044b30051de4f0a6b2dc419ea9ca_shot_001_000,lpips,mouth,0.02554992
29,401.000000,4d5b044b30051de4f0a6b2dc419ea9ca_shot_001_000,lpips,full,0.02093038
29,401.000000,4d5b044b30051de4f0a6b2dc419ea9ca_shot_001_000,sharpness,mouth,6.6480
29,401.000000,4d5b044b30051de4f0a6b2dc419ea9ca_shot_001_000,sync_d,mouth,6.980678
29,401.000000,4d5b044b30051de4f0a6b2dc419ea9ca_shot_001_000,sync_c,mouth,3.103820
30,381.000000,4d5b044b30051de4f0a6b2dc419ea9ca_shot_001_000,pixel_mse,mouth,0.00021594
30,381.000000,4d5b044b30051de4f0a6b2dc419ea9ca_shot_001_000,pixel_mse,upper_face,0.00003628
30,381.000000,4d5b044b30051de4f0a6b2dc419ea9ca_shot_001_000,pixel_mse,full,0.00010940
30,381.000000,4d5b044b30051de4f0a6b2dc419ea9ca_shot_001_000,ssim,mouth,0.96635461
30,381.000000,4d5b044b30051de4f0a6b2dc419ea9ca_shot_001_000,ssim,upper_face,0.97788203
30,381.000000,4d5b044b30051de4f0a6b2dc419ea9ca_shot_001_000,ssim,full,0.97319043
30,381.000000,4d5b044b30051de4f0a6b2dc419ea9ca_shot_001_000,lpips,mouth,0.02557989
30,381.000000,4d5b044b30051de4f0a6b2dc419ea9ca_shot_001_000,lpips,full,0.02112570
30,381.000000,4d5b044b30051de4f0a6b2dc419ea9ca_shot_001_000,sharpness,mouth,6.6061
30,381.000000,4d5b044b30051de4f0a6b2dc419ea9ca_shot_001_000,sync_d,mouth,7.248250
30,381.000000,4d5b044b30051de4f0a6b2dc419ea9ca_shot_001_000,sync_c,mouth,2.673274
31,361.000000,4d5b044b30051de4f0a6b2dc419ea9ca_shot_001_000,pixel_mse,mouth,0.00021423
31,361.000000,4d5b044b30051de4f0a6b2dc419ea9ca_shot_001_000,pixel_mse,upper_face,0.00003655
31,361.000000,4d5b044b30051de4f0a6b2dc419ea9ca_shot_001_000,pixel_mse,full,0.00010886
31,361.000000,4d5b044b30051de4f0a6b2dc419ea9ca_shot_001_000,ssim,mouth,0.96642983
31,361.000000,4d5b044b30051de4f0a6b2dc419ea9ca_shot_001_000,ssim,upper_face,0.97783607
31,361.000000,4d5b044b30051de4f0a6b2dc419ea9ca_shot_001_000,ssim,full,0.97319371
31,361.000000,4d5b044b30051de4f0a6b2dc419ea9ca_shot_001_000,lpips,mouth,0.02595020
31,361.000000,4d5b044b30051de4f0a6b2dc419ea9ca_shot_001_000,lpips,full,0.02095176
31,361.000000,4d5b044b30051de4f0a6b2dc419ea9ca_shot_001_000,sharpness,mouth,6.5605
31,361.000000,4d5b044b30051de4f0a6b2dc419ea9ca_shot_001_000,sync_d,mouth,7.430371
31,361.000000,4d5b044b30051de4f0a6b2dc419ea9ca_shot_001_000,sync_c,mouth,2.534066
32,341.000000,4d5b044b30051de4f0a6b2dc419ea9ca_shot_001_000,pixel_mse,mouth,0.00021345
32,341.000000,4d5b044b30051de4f0a6b2dc419ea9ca_shot_001_000,pixel_mse,upper_face,0.00003688
32,341.000000,4d5b044b30051de4f0a6b2dc419ea9ca_shot_001_000,pixel_mse,full,0.00010874
32,341.000000,4d5b044b30051de4f0a6b2dc419ea9ca_shot_001_000,ssim,mouth,0.96654344
32,341.000000,4d5b044b30051de4f0a6b2dc419ea9ca_shot_001_000,ssim,upper_face,0.97779590
32,341.000000,4d5b044b30051de4f0a6b2dc419ea9ca_shot_001_000,ssim,full,0.97321618
32,341.000000,4d5b044b30051de4f0a6b2dc419ea9ca_shot_001_000,lpips,mouth,0.02577770
32,341.000000,4d5b044b30051de4f0a6b2dc419ea9ca_shot_001_000,lpips,full,0.02119185
32,341.000000,4d5b044b30051de4f0a6b2dc419ea9ca_shot_001_000,sharpness,mouth,6.5666
32,341.000000,4d5b044b30051de4f0a6b2dc419ea9ca_shot_001_000,sync_d,mouth,7.093566
32,341.000000,4d5b044b30051de4f0a6b2dc419ea9ca_shot_001_000,sync_c,mouth,2.880454
33,321.000000,4d5b044b30051de4f0a6b2dc419ea9ca_shot_001_000,pixel_mse,mouth,0.00021215
33,321.000000,4d5b044b30051de4f0a6b2dc419ea9ca_shot_001_000,pixel_mse,upper_face,0.00003684
33,321.000000,4d5b044b30051de4f0a6b2dc419ea9ca_shot_001_000,pixel_mse,full,0.00010819
33,321.000000,4d5b044b30051de4f0a6b2dc419ea9ca_shot_001_000,ssim,mouth,0.96665382
33,321.000000,4d5b044b30051de4f0a6b2dc419ea9ca_shot_001_000,ssim,upper_face,0.97785485
33,321.000000,4d5b044b30051de4f0a6b2dc419ea9ca_shot_001_000,ssim,full,0.97329611
33,321.000000,4d5b044b30051de4f0a6b2dc419ea9ca_shot_001_000,lpips,mouth,0.02593892
33,321.000000,4d5b044b30051de4f0a6b2dc419ea9ca_shot_001_000,lpips,full,0.02128850
33,321.000000,4d5b044b30051de4f0a6b2dc419ea9ca_shot_001_000,sharpness,mouth,6.5542
33,321.000000,4d5b044b30051de4f0a6b2dc419ea9ca_shot_001_000,sync_d,mouth,7.213750
33,321.000000,4d5b044b30051de4f0a6b2dc419ea9ca_shot_001_000,sync_c,mouth,2.888292
34,301.000000,4d5b044b30051de4f0a6b2dc419ea9ca_shot_001_000,pixel_mse,mouth,0.00021128
34,301.000000,4d5b044b30051de4f0a6b2dc419ea9ca_shot_001_000,pixel_mse,upper_face,0.00003738
34,301.000000,4d5b044b30051de4f0a6b2dc419ea9ca_shot_001_000,pixel_mse,full,0.00010816
34,301.000000,4d5b044b30051de4f0a6b2dc419ea9ca_shot_001_000,ssim,mouth,0.96670115
34,301.000000,4d5b044b30051de4f0a6b2dc419ea9ca_shot_001_000,ssim,upper_face,0.97772563
34,301.000000,4d5b044b30051de4f0a6b2dc419ea9ca_shot_001_000,ssim,full,0.97323865
34,301.000000,4d5b044b30051de4f0a6b2dc419ea9ca_shot_001_000,lpips,mouth,0.02588866
34,301.000000,4d5b044b30051de4f0a6b2dc419ea9ca_shot_001_000,lpips,full,0.02143919
34,301.000000,4d5b044b30051de4f0a6b2dc419ea9ca_shot_001_000,sharpness,mouth,6.5338
34,301.000000,4d5b044b30051de4f0a6b2dc419ea9ca_shot_001_000,sync_d,mouth,7.557304
34,301.000000,4d5b044b30051de4f0a6b2dc419ea9ca_shot_001_000,sync_c,mouth,2.388686
35,281.000000,4d5b044b30051de4f0a6b2dc419ea9ca_shot_001_000,pixel_mse,mouth,0.00021126
35,281.000000,4d5b044b30051de4f0a6b2dc419ea9ca_shot_001_000,pixel_mse,upper_face,0.00003757
35,281.000000,4d5b044b30051de4f0a6b2dc419ea9ca_shot_001_000,pixel_mse,full,0.00010826
35,281.000000,4d5b044b30051de4f0a6b2dc419ea9ca_shot_001_000,ssim,mouth,0.96670222
35,281.000000,4d5b044b30051de4f0a6b2dc419ea9ca_shot_001_000,ssim,upper_face,0.97773510
35,281.000000,4d5b044b30051de4f0a6b2dc419ea9ca_shot_001_000,ssim,full,0.97324479
35,281.000000,4d5b044b30051de4f0a6b2dc419ea9ca_shot_001_000,lpips,mouth,0.02594358
35,281.000000,4d5b044b30051de4f0a6b2dc419ea9ca_shot_001_000,lpips,full,0.02125160
35,281.000000,4d5b044b30051de4f0a6b2dc419ea9ca_shot_001_000,sharpness,mouth,6.5333
35,281.000000,4d5b044b30051de4f0a6b2dc419ea9ca_shot_001_000,sync_d,mouth,7.389780
35,281.000000,4d5b044b30051de4f0a6b2dc419ea9ca_shot_001_000,sync_c,mouth,2.669511
36,261.000000,4d5b044b30051de4f0a6b2dc419ea9ca_shot_001_000,pixel_mse,mouth,0.00021020
36,261.000000,4d5b044b30051de4f0a6b2dc419ea9ca_shot_001_000,pixel_mse,upper_face,0.00003756
36,261.000000,4d5b044b30051de4f0a6b2dc419ea9ca_shot_001_000,pixel_mse,full,0.00010783
36,261.000000,4d5b044b30051de4f0a6b2dc419ea9ca_shot_001_000,ssim,mouth,0.96678019
36,261.000000,4d5b044b30051de4f0a6b2dc419ea9ca_shot_001_000,ssim,upper_face,0.97772616
36,261.000000,4d5b044b30051de4f0a6b2dc419ea9ca_shot_001_000,ssim,full,0.97327113
36,261.000000,4d5b044b30051de4f0a6b2dc419ea9ca_shot_001_000,lpips,mouth,0.02563434
36,261.000000,4d5b044b30051de4f0a6b2dc419ea9ca_shot_001_000,lpips,full,0.02107287
36,261.000000,4d5b044b30051de4f0a6b2dc419ea9ca_shot_001_000,sharpness,mouth,6.5350
36,261.000000,4d5b044b30051de4f0a6b2dc419ea9ca_shot_001_000,sync_d,mouth,7.210733
36,261.000000,4d5b044b30051de4f0a6b2dc419ea9ca_shot_001_000,sync_c,mouth,2.696478
37,241.000000,4d5b044b30051de4f0a6b2dc419ea9ca_shot_001_000,pixel_mse,mouth,0.00020983
37,241.000000,4d5b044b30051de4f0a6b2dc419ea9ca_shot_001_000,pixel_mse,upper_face,0.00003806
37,241.000000,4d5b044b30051de4f0a6b2dc419ea9ca_shot_001_000,pixel_mse,full,0.00010797
37,241.000000,4d5b044b30051de4f0a6b2dc419ea9ca_shot_001_000,ssim,mouth,0.96680081
37,241.000000,4d5b044b30051de4f0a6b2dc419ea9ca_shot_001_000,ssim,upper_face,0.97762454
37,241.000000,4d5b044b30051de4f0a6b2dc419ea9ca_shot_001_000,ssim,full,0.97321934
37,241.000000,4d5b044b30051de4f0a6b2dc419ea9ca_shot_001_000,lpips,mouth,0.02604995
37,241.000000,4d5b044b30051de4f0a6b2dc419ea9ca_shot_001_000,lpips,full,0.02135648
37,241.000000,4d5b044b30051de4f0a6b2dc419ea9ca_shot_001_000,sharpness,mouth,6.5053
37,241.000000,4d5b044b30051de4f0a6b2dc419ea9ca_shot_001_000,sync_d,mouth,7.405325
37,241.000000,4d5b044b30051de4f0a6b2dc419ea9ca_shot_001_000,sync_c,mouth,2.616444
38,221.000000,4d5b044b30051de4f0a6b2dc419ea9ca_shot_001_000,pixel_mse,mouth,0.00020985
38,221.000000,4d5b044b30051de4f0a6b2dc419ea9ca_shot_001_000,pixel_mse,upper_face,0.00003796
38,221.000000,4d5b044b30051de4f0a6b2dc419ea9ca_shot_001_000,pixel_mse,full,0.00010792
38,221.000000,4d5b044b30051de4f0a6b2dc419ea9ca_shot_001_000,ssim,mouth,0.96676660
38,221.000000,4d5b044b30051de4f0a6b2dc419ea9ca_shot_001_000,ssim,upper_face,0.97763538
38,221.000000,4d5b044b30051de4f0a6b2dc419ea9ca_shot_001_000,ssim,full,0.97321177
38,221.000000,4d5b044b30051de4f0a6b2dc419ea9ca_shot_001_000,lpips,mouth,0.02609342
38,221.000000,4d5b044b30051de4f0a6b2dc419ea9ca_shot_001_000,lpips,full,0.02118102
38,221.000000,4d5b044b30051de4f0a6b2dc419ea9ca_shot_001_000,sharpness,mouth,6.5491
38,221.000000,4d5b044b30051de4f0a6b2dc419ea9ca_shot_001_000,sync_d,mouth,7.710274
38,221.000000,4d5b044b30051de4f0a6b2dc419ea9ca_shot_001_000,sync_c,mouth,2.208047
39,201.000000,4d5b044b30051de4f0a6b2dc419ea9ca_shot_001_000,pixel_mse,mouth,0.00020994
39,201.000000,4d5b044b30051de4f0a6b2dc419ea9ca_shot_001_000,pixel_mse,upper_face,0.00003854
39,201.000000,4d5b044b30051de4f0a6b2dc419ea9ca_shot_001_000,pixel_mse,full,0.00010830
39,201.000000,4d5b044b30051de4f0a6b2dc419ea9ca_shot_001_000,ssim,mouth,0.96685332
39,201.000000,4d5b044b30051de4f0a6b2dc419ea9ca_shot_001_000,ssim,upper_face,0.97756863
39,201.000000,4d5b044b30051de4f0a6b2dc419ea9ca_shot_001_000,ssim,full,0.97320747
39,201.000000,4d5b044b30051de4f0a6b2dc419ea9ca_shot_001_000,lpips,mouth,0.02587490
39,201.000000,4d5b044b30051de4f0a6b2dc419ea9ca_shot_001_000,lpips,full,0.02143527
39,201.000000,4d5b044b30051de4f0a6b2dc419ea9ca_shot_001_000,sharpness,mouth,6.5513
39,201.000000,4d5b044b30051de4f0a6b2dc419ea9ca_shot_001_000,sync_d,mouth,7.276854
39,201.000000,4d5b044b30051de4f0a6b2dc419ea9ca_shot_001_000,sync_c,mouth,2.603431
40,181.000000,4d5b044b30051de4f0a6b2dc419ea9ca_shot_001_000,pixel_mse,mouth,0.00021081
40,181.000000,4d5b044b30051de4f0a6b2dc419ea9ca_shot_001_000,pixel_mse,upper_face,0.00003914
40,181.000000,4d5b044b30051de4f0a6b2dc419ea9ca_shot_001_000,pixel_mse,full,0.00010901
40,181.000000,4d5b044b30051de4f0a6b2dc419ea9ca_shot_001_000,ssim,mouth,0.96680057
40,181.000000,4d5b044b30051de4f0a6b2dc419ea9ca_shot_001_000,ssim,upper_face,0.97749168
40,181.000000,4d5b044b30051de4f0a6b2dc419ea9ca_shot_001_000,ssim,full,0.97314048
40,181.000000,4d5b044b30051de4f0a6b2dc419ea9ca_shot_001_000,lpips,mouth,0.02631163
40,181.000000,4d5b044b30051de4f0a6b2dc419ea9ca_shot_001_000,lpips,full,0.02174415
40,181.000000,4d5b044b30051de4f0a6b2dc419ea9ca_shot_001_000,sharpness,mouth,6.4872
40,181.000000,4d5b044b30051de4f0a6b2dc419ea9ca_shot_001_000,sync_d,mouth,7.183803
40,181.000000,4d5b044b30051de4f0a6b2dc419ea9ca_shot_001_000,sync_c,mouth,2.789417
41,161.000000,4d5b044b30051de4f0a6b2dc419ea9ca_shot_001_000,pixel_mse,mouth,0.00021183
41,161.000000,4d5b044b30051de4f0a6b2dc419ea9ca_shot_001_000,pixel_mse,upper_face,0.00003936
41,161.000000,4d5b044b30051de4f0a6b2dc419ea9ca_shot_001_000,pixel_mse,full,0.00010956
41,161.000000,4d5b044b30051de4f0a6b2dc419ea9ca_shot_001_000,ssim,mouth,0.96666145
41,161.000000,4d5b044b30051de4f0a6b2dc419ea9ca_shot_001_000,ssim,upper_face,0.97742283
41,161.000000,4d5b044b30051de4f0a6b2dc419ea9ca_shot_001_000,ssim,full,0.97304296
41,161.000000,4d5b044b30051de4f0a6b2dc419ea9ca_shot_001_000,lpips,mouth,0.02641718
41,161.000000,4d5b044b30051de4f0a6b2dc419ea9ca_shot_001_000,lpips,full,0.02167626
41,161.000000,4d5b044b30051de4f0a6b2dc419ea9ca_shot_001_000,sharpness,mouth,6.4859
41,161.000000,4d5b044b30051de4f0a6b2dc419ea9ca_shot_001_000,sync_d,mouth,7.588696
41,161.000000,4d5b044b30051de4f0a6b2dc419ea9ca_shot_001_000,sync_c,mouth,2.194862
42,141.000000,4d5b044b30051de4f0a6b2dc419ea9ca_shot_001_000,pixel_mse,mouth,0.00021325
42,141.000000,4d5b044b30051de4f0a6b2dc419ea9ca_shot_001_000,pixel_mse,upper_face,0.00004009
42,141.000000,4d5b044b30051de4f0a6b2dc419ea9ca_shot_001_000,pixel_mse,full,0.00011057
42,141.000000,4d5b044b30051de4f0a6b2dc419ea9ca_shot_001_000,ssim,mouth,0.96664220
42,141.000000,4d5b044b30051de4f0a6b2dc419ea9ca_shot_001_000,ssim,upper_face,0.97736216
42,141.000000,4d5b044b30051de4f0a6b2dc419ea9ca_shot_001_000,ssim,full,0.97299927
42,141.000000,4d5b044b30051de4f0a6b2dc419ea9ca_shot_001_000,lpips,mouth,0.02661255
42,141.000000,4d5b044b30051de4f0a6b2dc419ea9ca_shot_001_000,lpips,full,0.02164046
42,141.000000,4d5b044b30051de4f0a6b2dc419ea9ca_shot_001_000,sharpness,mouth,6.4744
42,141.000000,4d5b044b30051de4f0a6b2dc419ea9ca_shot_001_000,sync_d,mouth,7.485136
42,141.000000,4d5b044b30051de4f0a6b2dc419ea9ca_shot_001_000,sync_c,mouth,2.573211
43,121.000000,4d5b044b30051de4f0a6b2dc419ea9ca_shot_001_000,pixel_mse,mouth,0.00021494
43,121.000000,4d5b044b30051de4f0a6b2dc419ea9ca_shot_001_000,pixel_mse,upper_face,0.00004078
43,121.000000,4d5b044b30051de4f0a6b2dc419ea9ca_shot_001_000,pixel_mse,full,0.00011167
43,121.000000,4d5b044b30051de4f0a6b2dc419ea9ca_shot_001_000,ssim,mouth,0.96651089
43,121.000000,4d5b044b30051de4f0a6b2dc419ea9ca_shot_001_000,ssim,upper_face,0.97722620
43,121.000000,4d5b044b30051de4f0a6b2dc419ea9ca_shot_001_000,ssim,full,0.97286505
43,121.000000,4d5b044b30051de4f0a6b2dc419ea9ca_shot_001_000,lpips,mouth,0.02713726
43,121.000000,4d5b044b30051de4f0a6b2dc419ea9ca_shot_001_000,lpips,full,0.02195382
43,121.000000,4d5b044b30051de4f0a6b2dc419ea9ca_shot_001_000,sharpness,mouth,6.4658
43,121.000000,4d5b044b30051de4f0a6b2dc419ea9ca_shot_001_000,sync_d,mouth,7.531325
43,121.000000,4d5b044b30051de4f0a6b2dc419ea9ca_shot_001_000,sync_c,mouth,2.155264
44,101.000000,4d5b044b30051de4f0a6b2dc419ea9ca_shot_001_000,pixel_mse,mouth,0.00021784
44,101.000000,4d5b044b30051de4f0a6b2dc419ea9ca_shot_001_000,pixel_mse,upper_face,0.00004131
44,101.000000,4d5b044b30051de4f0a6b2dc419ea9ca_shot_001_000,pixel_mse,full,0.00011316
44,101.000000,4d5b044b30051de4f0a6b2dc419ea9ca_shot_001_000,ssim,mouth,0.96631706
44,101.000000,4d5b044b30051de4f0a6b2dc419ea9ca_shot_001_000,ssim,upper_face,0.97712278
44,101.000000,4d5b044b30051de4f0a6b2dc419ea9ca_shot_001_000,ssim,full,0.97272480
44,101.000000,4d5b044b30051de4f0a6b2dc419ea9ca_shot_001_000,lpips,mouth,0.02694061
44,101.000000,4d5b044b30051de4f0a6b2dc419ea9ca_shot_001_000,lpips,full,0.02209146
44,101.000000,4d5b044b30051de4f0a6b2dc419ea9ca_shot_001_000,sharpness,mouth,6.5197
44,101.000000,4d5b044b30051de4f0a6b2dc419ea9ca_shot_001_000,sync_d,mouth,7.312366
44,101.000000,4d5b044b30051de4f0a6b2dc419ea9ca_shot_001_000,sync_c,mouth,2.608326
45,81.000000,4d5b044b30051de4f0a6b2dc419ea9ca_shot_001_000,pixel_mse,mouth,0.00022150
45,81.000000,4d5b044b30051de4f0a6b2dc419ea9ca_shot_001_000,pixel_mse,upper_face,0.00004240
45,81.000000,4d5b044b30051de4f0a6b2dc419ea9ca_shot_001_000,pixel_mse,full,0.00011530
45,81.000000,4d5b044b30051de4f0a6b2dc419ea9ca_shot_001_000,ssim,mouth,0.96609616
45,81.000000,4d5b044b30051de4f0a6b2dc419ea9ca_shot_001_000,ssim,upper_face,0.97697181
45,81.000000,4d5b044b30051de4f0a6b2dc419ea9ca_shot_001_000,ssim,full,0.97254544
45,81.000000,4d5b044b30051de4f0a6b2dc419ea9ca_shot_001_000,lpips,mouth,0.02728218
45,81.000000,4d5b044b30051de4f0a6b2dc419ea9ca_shot_001_000,lpips,full,0.02227553
45,81.000000,4d5b044b30051de4f0a6b2dc419ea9ca_shot_001_000,sharpness,mouth,6.4986
45,81.000000,4d5b044b30051de4f0a6b2dc419ea9ca_shot_001_000,sync_d,mouth,7.477162
45,81.000000,4d5b044b30051de4f0a6b2dc419ea9ca_shot_001_000,sync_c,mouth,2.492705
46,61.000000,4d5b044b30051de4f0a6b2dc419ea9ca_shot_001_000,pixel_mse,mouth,0.00022629
46,61.000000,4d5b044b30051de4f0a6b2dc419ea9ca_shot_001_000,pixel_mse,upper_face,0.00004376
46,61.000000,4d5b044b30051de4f0a6b2dc419ea9ca_shot_001_000,pixel_mse,full,0.00011805
46,61.000000,4d5b044b30051de4f0a6b2dc419ea9ca_shot_001_000,ssim,mouth,0.96578896
46,61.000000,4d5b044b30051de4f0a6b2dc419ea9ca_shot_001_000,ssim,upper_face,0.97683811
46,61.000000,4d5b044b30051de4f0a6b2dc419ea9ca_shot_001_000,ssim,full,0.97234112
46,61.000000,4d5b044b30051de4f0a6b2dc419ea9ca_shot_001_000,lpips,mouth,0.02776117
46,61.000000,4d5b044b30051de4f0a6b2dc419ea9ca_shot_001_000,lpips,full,0.02270257
46,61.000000,4d5b044b30051de4f0a6b2dc419ea9ca_shot_001_000,sharpness,mouth,6.4846
46,61.000000,4d5b044b30051de4f0a6b2dc419ea9ca_shot_001_000,sync_d,mouth,7.490446
46,61.000000,4d5b044b30051de4f0a6b2dc419ea9ca_shot_001_000,sync_c,mouth,2.351103
47,41.000000,4d5b044b30051de4f0a6b2dc419ea9ca_shot_001_000,pixel_mse,mouth,0.00023385
47,41.000000,4d5b044b30051de4f0a6b2dc419ea9ca_shot_001_000,pixel_mse,upper_face,0.00004499
47,41.000000,4d5b044b30051de4f0a6b2dc419ea9ca_shot_001_000,pixel_mse,full,0.00012185
47,41.000000,4d5b044b30051de4f0a6b2dc419ea9ca_shot_001_000,ssim,mouth,0.96536422
47,41.000000,4d5b044b30051de4f0a6b2dc419ea9ca_shot_001_000,ssim,upper_face,0.97663629
47,41.000000,4d5b044b30051de4f0a6b2dc419ea9ca_shot_001_000,ssim,full,0.97204858
47,41.000000,4d5b044b30051de4f0a6b2dc419ea9ca_shot_001_000,lpips,mouth,0.02781338
47,41.000000,4d5b044b30051de4f0a6b2dc419ea9ca_shot_001_000,lpips,full,0.02260956
47,41.000000,4d5b044b30051de4f0a6b2dc419ea9ca_shot_001_000,sharpness,mouth,6.5257
47,41.000000,4d5b044b30051de4f0a6b2dc419ea9ca_shot_001_000,sync_d,mouth,7.205957
47,41.000000,4d5b044b30051de4f0a6b2dc419ea9ca_shot_001_000,sync_c,mouth,2.715037
48,21.000000,4d5b044b30051de4f0a6b2dc419ea9ca_shot_001_000,pixel_mse,mouth,0.00024930
48,21.000000,4d5b044b30051de4f0a6b2dc419ea9ca_shot_001_000,pixel_mse,upper_face,0.00004737
48,21.000000,4d5b044b30051de4f0a6b2dc419ea9ca_shot_001_000,pixel_mse,full,0.00012955
48,21.000000,4d5b044b30051de4f0a6b2dc419ea9ca_shot_001_000,ssim,mouth,0.96473604
48,21.000000,4d5b044b30051de4f0a6b2dc419ea9ca_shot_001_000,ssim,upper_face,0.97640562
48,21.000000,4d5b044b30051de4f0a6b2dc419ea9ca_shot_001_000,ssim,full,0.97165608
48,21.000000,4d5b044b30051de4f0a6b2dc419ea9ca_shot_001_000,lpips,mouth,0.02785368
48,21.000000,4d5b044b30051de4f0a6b2dc419ea9ca_shot_001_000,lpips,full,0.02264283
48,21.000000,4d5b044b30051de4f0a6b2dc419ea9ca_shot_001_000,sharpness,mouth,6.5834
48,21.000000,4d5b044b30051de4f0a6b2dc419ea9ca_shot_001_000,sync_d,mouth,7.178250
48,21.000000,4d5b044b30051de4f0a6b2dc419ea9ca_shot_001_000,sync_c,mouth,2.855678
49,1.000000,4d5b044b30051de4f0a6b2dc419ea9ca_shot_001_000,pixel_mse,mouth,0.00031259
49,1.000000,4d5b044b30051de4f0a6b2dc419ea9ca_shot_001_000,pixel_mse,upper_face,0.00005965
49,1.000000,4d5b044b30051de4f0a6b2dc419ea9ca_shot_001_000,pixel_mse,full,0.00016259
49,1.000000,4d5b044b30051de4f0a6b2dc419ea9ca_shot_001_000,ssim,mouth,0.96152151
49,1.000000,4d5b044b30051de4f0a6b2dc419ea9ca_shot_001_000,ssim,upper_face,0.97522604
49,1.000000,4d5b044b30051de4f0a6b2dc419ea9ca_shot_001_000,ssim,full,0.96964836
49,1.000000,4d5b044b30051de4f0a6b2dc419ea9ca_shot_001_000,lpips,mouth,0.03014833
49,1.000000,4d5b044b30051de4f0a6b2dc419ea9ca_shot_001_000,lpips,full,0.02474784
49,1.000000,4d5b044b30051de4f0a6b2dc419ea9ca_shot_001_000,sharpness,mouth,6.8645
49,1.000000,4d5b044b30051de4f0a6b2dc419ea9ca_shot_001_000,sync_d,mouth,6.053980
49,1.000000,4d5b044b30051de4f0a6b2dc419ea9ca_shot_001_000,sync_c,mouth,4.123090
-1,gt,59cdb196328a33d4c7b1248b916e5090_shot_001_000,sharpness,mouth,5.4416
-1,gt,59cdb196328a33d4c7b1248b916e5090_shot_001_000,sync_d,mouth,10.698649
-1,gt,59cdb196328a33d4c7b1248b916e5090_shot_001_000,sync_c,mouth,1.321537
0,981.000000,59cdb196328a33d4c7b1248b916e5090_shot_001_000,pixel_mse,mouth,0.00017696
0,981.000000,59cdb196328a33d4c7b1248b916e5090_shot_001_000,pixel_mse,upper_face,0.00012859
0,981.000000,59cdb196328a33d4c7b1248b916e5090_shot_001_000,pixel_mse,full,0.00014828
0,981.000000,59cdb196328a33d4c7b1248b916e5090_shot_001_000,ssim,mouth,0.95997143
0,981.000000,59cdb196328a33d4c7b1248b916e5090_shot_001_000,ssim,upper_face,0.96320385
0,981.000000,59cdb196328a33d4c7b1248b916e5090_shot_001_000,ssim,full,0.96188819
0,981.000000,59cdb196328a33d4c7b1248b916e5090_shot_001_000,lpips,mouth,0.03615386
0,981.000000,59cdb196328a33d4c7b1248b916e5090_shot_001_000,lpips,full,0.03378686
0,981.000000,59cdb196328a33d4c7b1248b916e5090_shot_001_000,sharpness,mouth,5.1972
0,981.000000,59cdb196328a33d4c7b1248b916e5090_shot_001_000,lmd,mouth,2.540104
0,981.000000,59cdb196328a33d4c7b1248b916e5090_shot_001_000,sync_d,mouth,10.282758
0,981.000000,59cdb196328a33d4c7b1248b916e5090_shot_001_000,sync_c,mouth,1.154365
1,961.000000,59cdb196328a33d4c7b1248b916e5090_shot_001_000,pixel_mse,mouth,0.00016796
1,961.000000,59cdb196328a33d4c7b1248b916e5090_shot_001_000,pixel_mse,upper_face,0.00011137
1,961.000000,59cdb196328a33d4c7b1248b916e5090_shot_001_000,pixel_mse,full,0.00013440
1,961.000000,59cdb196328a33d4c7b1248b916e5090_shot_001_000,ssim,mouth,0.96054566
1,961.000000,59cdb196328a33d4c7b1248b916e5090_shot_001_000,ssim,upper_face,0.96398515
1,961.000000,59cdb196328a33d4c7b1248b916e5090_shot_001_000,ssim,full,0.96258521
1,961.000000,59cdb196328a33d4c7b1248b916e5090_shot_001_000,lpips,mouth,0.03489254
1,961.000000,59cdb196328a33d4c7b1248b916e5090_shot_001_000,lpips,full,0.03203143
1,961.000000,59cdb196328a33d4c7b1248b916e5090_shot_001_000,sharpness,mouth,5.1572
1,961.000000,59cdb196328a33d4c7b1248b916e5090_shot_001_000,lmd,mouth,2.306535
1,961.000000,59cdb196328a33d4c7b1248b916e5090_shot_001_000,sync_d,mouth,10.490490
1,961.000000,59cdb196328a33d4c7b1248b916e5090_shot_001_000,sync_c,mouth,1.000538
2,941.000000,59cdb196328a33d4c7b1248b916e5090_shot_001_000,pixel_mse,mouth,0.00016473
2,941.000000,59cdb196328a33d4c7b1248b916e5090_shot_001_000,pixel_mse,upper_face,0.00010186
2,941.000000,59cdb196328a33d4c7b1248b916e5090_shot_001_000,pixel_mse,full,0.00012745
2,941.000000,59cdb196328a33d4c7b1248b916e5090_shot_001_000,ssim,mouth,0.96059811
2,941.000000,59cdb196328a33d4c7b1248b916e5090_shot_001_000,ssim,upper_face,0.96386766
2,941.000000,59cdb196328a33d4c7b1248b916e5090_shot_001_000,ssim,full,0.96253699
2,941.000000,59cdb196328a33d4c7b1248b916e5090_shot_001_000,lpips,mouth,0.03396412
2,941.000000,59cdb196328a33d4c7b1248b916e5090_shot_001_000,lpips,full,0.03085098
2,941.000000,59cdb196328a33d4c7b1248b916e5090_shot_001_000,sharpness,mouth,5.1662
2,941.000000,59cdb196328a33d4c7b1248b916e5090_shot_001_000,lmd,mouth,2.405460
2,941.000000,59cdb196328a33d4c7b1248b916e5090_shot_001_000,sync_d,mouth,10.514960
2,941.000000,59cdb196328a33d4c7b1248b916e5090_shot_001_000,sync_c,mouth,1.006639
3,921.000000,59cdb196328a33d4c7b1248b916e5090_shot_001_000,pixel_mse,mouth,0.00016173
3,921.000000,59cdb196328a33d4c7b1248b916e5090_shot_001_000,pixel_mse,upper_face,0.00009050
3,921.000000,59cdb196328a33d4c7b1248b916e5090_shot_001_000,pixel_mse,full,0.00011949
3,921.000000,59cdb196328a33d4c7b1248b916e5090_shot_001_000,ssim,mouth,0.96048349
3,921.000000,59cdb196328a33d4c7b1248b916e5090_shot_001_000,ssim,upper_face,0.96565050
3,921.000000,59cdb196328a33d4c7b1248b916e5090_shot_001_000,ssim,full,0.96354753
3,921.000000,59cdb196328a33d4c7b1248b916e5090_shot_001_000,lpips,mouth,0.03342539
3,921.000000,59cdb196328a33d4c7b1248b916e5090_shot_001_000,lpips,full,0.02994161
3,921.000000,59cdb196328a33d4c7b1248b916e5090_shot_001_000,sharpness,mouth,5.1684
3,921.000000,59cdb196328a33d4c7b1248b916e5090_shot_001_000,lmd,mouth,2.693085
3,921.000000,59cdb196328a33d4c7b1248b916e5090_shot_001_000,sync_d,mouth,10.570562
3,921.000000,59cdb196328a33d4c7b1248b916e5090_shot_001_000,sync_c,mouth,1.097562
4,901.000000,59cdb196328a33d4c7b1248b916e5090_shot_001_000,pixel_mse,mouth,0.00015791
4,901.000000,59cdb196328a33d4c7b1248b916e5090_shot_001_000,pixel_mse,upper_face,0.00008154
4,901.000000,59cdb196328a33d4c7b1248b916e5090_shot_001_000,pixel_mse,full,0.00011262
4,901.000000,59cdb196328a33d4c7b1248b916e5090_shot_001_000,ssim,mouth,0.96090811
4,901.000000,59cdb196328a33d4c7b1248b916e5090_shot_001_000,ssim,upper_face,0.96608979
4,901.000000,59cdb196328a33d4c7b1248b916e5090_shot_001_000,ssim,full,0.96398091
4,901.000000,59cdb196328a33d4c7b1248b916e5090_shot_001_000,lpips,mouth,0.03285701
4,901.000000,59cdb196328a33d4c7b1248b916e5090_shot_001_000,lpips,full,0.02928955
4,901.000000,59cdb196328a33d4c7b1248b916e5090_shot_001_000,sharpness,mouth,5.1393
4,901.000000,59cdb196328a33d4c7b1248b916e5090_shot_001_000,lmd,mouth,2.281272
4,901.000000,59cdb196328a33d4c7b1248b916e5090_shot_001_000,sync_d,mouth,10.452728
4,901.000000,59cdb196328a33d4c7b1248b916e5090_shot_001_000,sync_c,mouth,1.212210
5,881.000000,59cdb196328a33d4c7b1248b916e5090_shot_001_000,pixel_mse,mouth,0.00015682
5,881.000000,59cdb196328a33d4c7b1248b916e5090_shot_001_000,pixel_mse,upper_face,0.00007432
5,881.000000,59cdb196328a33d4c7b1248b916e5090_shot_001_000,pixel_mse,full,0.00010789
5,881.000000,59cdb196328a33d4c7b1248b916e5090_shot_001_000,ssim,mouth,0.96078897
5,881.000000,59cdb196328a33d4c7b1248b916e5090_shot_001_000,ssim,upper_face,0.96723711
5,881.000000,59cdb196328a33d4c7b1248b916e5090_shot_001_000,ssim,full,0.96461272
5,881.000000,59cdb196328a33d4c7b1248b916e5090_shot_001_000,lpips,mouth,0.03273489
5,881.000000,59cdb196328a33d4c7b1248b916e5090_shot_001_000,lpips,full,0.02882369
5,881.000000,59cdb196328a33d4c7b1248b916e5090_shot_001_000,sharpness,mouth,5.1636
5,881.000000,59cdb196328a33d4c7b1248b916e5090_shot_001_000,lmd,mouth,2.519301
5,881.000000,59cdb196328a33d4c7b1248b916e5090_shot_001_000,sync_d,mouth,10.460880
5,881.000000,59cdb196328a33d4c7b1248b916e5090_shot_001_000,sync_c,mouth,1.120358
6,861.000000,59cdb196328a33d4c7b1248b916e5090_shot_001_000,pixel_mse,mouth,0.00015700
6,861.000000,59cdb196328a33d4c7b1248b916e5090_shot_001_000,pixel_mse,upper_face,0.00006692
6,861.000000,59cdb196328a33d4c7b1248b916e5090_shot_001_000,pixel_mse,full,0.00010359
6,861.000000,59cdb196328a33d4c7b1248b916e5090_shot_001_000,ssim,mouth,0.96057928
6,861.000000,59cdb196328a33d4c7b1248b916e5090_shot_001_000,ssim,upper_face,0.96900815
6,861.000000,59cdb196328a33d4c7b1248b916e5090_shot_001_000,ssim,full,0.96557766
6,861.000000,59cdb196328a33d4c7b1248b916e5090_shot_001_000,lpips,mouth,0.03219121
6,861.000000,59cdb196328a33d4c7b1248b916e5090_shot_001_000,lpips,full,0.02777422
6,861.000000,59cdb196328a33d4c7b1248b916e5090_shot_001_000,sharpness,mouth,5.1407
6,861.000000,59cdb196328a33d4c7b1248b916e5090_shot_001_000,lmd,mouth,2.506115
6,861.000000,59cdb196328a33d4c7b1248b916e5090_shot_001_000,sync_d,mouth,10.222789
6,861.000000,59cdb196328a33d4c7b1248b916e5090_shot_001_000,sync_c,mouth,1.307858
7,841.000000,59cdb196328a33d4c7b1248b916e5090_shot_001_000,pixel_mse,mouth,0.00015475
7,841.000000,59cdb196328a33d4c7b1248b916e5090_shot_001_000,pixel_mse,upper_face,0.00006376
7,841.000000,59cdb196328a33d4c7b1248b916e5090_shot_001_000,pixel_mse,full,0.00010079
7,841.000000,59cdb196328a33d4c7b1248b916e5090_shot_001_000,ssim,mouth,0.96070457
7,841.000000,59cdb196328a33d4c7b1248b916e5090_shot_001_000,ssim,upper_face,0.96966100
7,841.000000,59cdb196328a33d4c7b1248b916e5090_shot_001_000,ssim,full,0.96601582
7,841.000000,59cdb196328a33d4c7b1248b916e5090_shot_001_000,lpips,mouth,0.03199451
7,841.000000,59cdb196328a33d4c7b1248b916e5090_shot_001_000,lpips,full,0.02738652
7,841.000000,59cdb196328a33d4c7b1248b916e5090_shot_001_000,sharpness,mouth,5.1865
7,841.000000,59cdb196328a33d4c7b1248b916e5090_shot_001_000,lmd,mouth,2.454993
7,841.000000,59cdb196328a33d4c7b1248b916e5090_shot_001_000,sync_d,mouth,10.498312
7,841.000000,59cdb196328a33d4c7b1248b916e5090_shot_001_000,sync_c,mouth,1.124092
8,821.000000,59cdb196328a33d4c7b1248b916e5090_shot_001_000,pixel_mse,mouth,0.00015362
8,821.000000,59cdb196328a33d4c7b1248b916e5090_shot_001_000,pixel_mse,upper_face,0.00005901
8,821.000000,59cdb196328a33d4c7b1248b916e5090_shot_001_000,pixel_mse,full,0.00009751
8,821.000000,59cdb196328a33d4c7b1248b916e5090_shot_001_000,ssim,mouth,0.96073890
8,821.000000,59cdb196328a33d4c7b1248b916e5090_shot_001_000,ssim,upper_face,0.97054154
8,821.000000,59cdb196328a33d4c7b1248b916e5090_shot_001_000,ssim,full,0.96655190
8,821.000000,59cdb196328a33d4c7b1248b916e5090_shot_001_000,lpips,mouth,0.03184627
8,821.000000,59cdb196328a33d4c7b1248b916e5090_shot_001_000,lpips,full,0.02669081
8,821.000000,59cdb196328a33d4c7b1248b916e5090_shot_001_000,sharpness,mouth,5.1736
8,821.000000,59cdb196328a33d4c7b1248b916e5090_shot_001_000,lmd,mouth,2.463734
8,821.000000,59cdb196328a33d4c7b1248b916e5090_shot_001_000,sync_d,mouth,10.315536
8,821.000000,59cdb196328a33d4c7b1248b916e5090_shot_001_000,sync_c,mouth,1.255306
9,801.000000,59cdb196328a33d4c7b1248b916e5090_shot_001_000,pixel_mse,mouth,0.00015257
9,801.000000,59cdb196328a33d4c7b1248b916e5090_shot_001_000,pixel_mse,upper_face,0.00005641
9,801.000000,59cdb196328a33d4c7b1248b916e5090_shot_001_000,pixel_mse,full,0.00009555
9,801.000000,59cdb196328a33d4c7b1248b916e5090_shot_001_000,ssim,mouth,0.96100795
9,801.000000,59cdb196328a33d4c7b1248b916e5090_shot_001_000,ssim,upper_face,0.97078979
9,801.000000,59cdb196328a33d4c7b1248b916e5090_shot_001_000,ssim,full,0.96680856
9,801.000000,59cdb196328a33d4c7b1248b916e5090_shot_001_000,lpips,mouth,0.03141178
9,801.000000,59cdb196328a33d4c7b1248b916e5090_shot_001_000,lpips,full,0.02670837
9,801.000000,59cdb196328a33d4c7b1248b916e5090_shot_001_000,sharpness,mouth,5.1504
9,801.000000,59cdb196328a33d4c7b1248b916e5090_shot_001_000,lmd,mouth,2.497886
9,801.000000,59cdb196328a33d4c7b1248b916e5090_shot_001_000,sync_d,mouth,10.536763
9,801.000000,59cdb196328a33d4c7b1248b916e5090_shot_001_000,sync_c,mouth,1.103899
10,781.000000,59cdb196328a33d4c7b1248b916e5090_shot_001_000,pixel_mse,mouth,0.00015104
10,781.000000,59cdb196328a33d4c7b1248b916e5090_shot_001_000,pixel_mse,upper_face,0.00005293
10,781.000000,59cdb196328a33d4c7b1248b916e5090_shot_001_000,pixel_mse,full,0.00009286
10,781.000000,59cdb196328a33d4c7b1248b916e5090_shot_001_000,ssim,mouth,0.96105891
10,781.000000,59cdb196328a33d4c7b1248b916e5090_shot_001_000,ssim,upper_face,0.97171271
10,781.000000,59cdb196328a33d4c7b1248b916e5090_shot_001_000,ssim,full,0.96737665
10,781.000000,59cdb196328a33d4c7b1248b916e5090_shot_001_000,lpips,mouth,0.03141225
10,781.000000,59cdb196328a33d4c7b1248b916e5090_shot_001_000,lpips,full,0.02638350
10,781.000000,59cdb196328a33d4c7b1248b916e5090_shot_001_000,sharpness,mouth,5.1148
10,781.000000,59cdb196328a33d4c7b1248b916e5090_shot_001_000,lmd,mouth,2.342254
10,781.000000,59cdb196328a33d4c7b1248b916e5090_shot_001_000,sync_d,mouth,10.500437
10,781.000000,59cdb196328a33d4c7b1248b916e5090_shot_001_000,sync_c,mouth,1.017672
11,761.000000,59cdb196328a33d4c7b1248b916e5090_shot_001_000,pixel_mse,mouth,0.00014960
11,761.000000,59cdb196328a33d4c7b1248b916e5090_shot_001_000,pixel_mse,upper_face,0.00005088
11,761.000000,59cdb196328a33d4c7b1248b916e5090_shot_001_000,pixel_mse,full,0.00009106
11,761.000000,59cdb196328a33d4c7b1248b916e5090_shot_001_000,ssim,mouth,0.96130401
11,761.000000,59cdb196328a33d4c7b1248b916e5090_shot_001_000,ssim,upper_face,0.97208679
11,761.000000,59cdb196328a33d4c7b1248b916e5090_shot_001_000,ssim,full,0.96769822
11,761.000000,59cdb196328a33d4c7b1248b916e5090_shot_001_000,lpips,mouth,0.03099896
11,761.000000,59cdb196328a33d4c7b1248b916e5090_shot_001_000,lpips,full,0.02579754
11,761.000000,59cdb196328a33d4c7b1248b916e5090_shot_001_000,sharpness,mouth,5.1069
11,761.000000,59cdb196328a33d4c7b1248b916e5090_shot_001_000,lmd,mouth,2.284012
11,761.000000,59cdb196328a33d4c7b1248b916e5090_shot_001_000,sync_d,mouth,10.385179
11,761.000000,59cdb196328a33d4c7b1248b916e5090_shot_001_000,sync_c,mouth,1.065191
12,741.000000,59cdb196328a33d4c7b1248b916e5090_shot_001_000,pixel_mse,mouth,0.00014866
12,741.000000,59cdb196328a33d4c7b1248b916e5090_shot_001_000,pixel_mse,upper_face,0.00004747
12,741.000000,59cdb196328a33d4c7b1248b916e5090_shot_001_000,pixel_mse,full,0.00008865
12,741.000000,59cdb196328a33d4c7b1248b916e5090_shot_001_000,ssim,mouth,0.96135229
12,741.000000,59cdb196328a33d4c7b1248b916e5090_shot_001_000,ssim,upper_face,0.97302473
12,741.000000,59cdb196328a33d4c7b1248b916e5090_shot_001_000,ssim,full,0.96827400
12,741.000000,59cdb196328a33d4c7b1248b916e5090_shot_001_000,lpips,mouth,0.03088435
12,741.000000,59cdb196328a33d4c7b1248b916e5090_shot_001_000,lpips,full,0.02555064
12,741.000000,59cdb196328a33d4c7b1248b916e5090_shot_001_000,sharpness,mouth,5.0655
12,741.000000,59cdb196328a33d4c7b1248b916e5090_shot_001_000,lmd,mouth,2.158192
12,741.000000,59cdb196328a33d4c7b1248b916e5090_shot_001_000,sync_d,mouth,10.435169
12,741.000000,59cdb196328a33d4c7b1248b916e5090_shot_001_000,sync_c,mouth,1.272256
13,721.000000,59cdb196328a33d4c7b1248b916e5090_shot_001_000,pixel_mse,mouth,0.00014512
13,721.000000,59cdb196328a33d4c7b1248b916e5090_shot_001_000,pixel_mse,upper_face,0.00004567
13,721.000000,59cdb196328a33d4c7b1248b916e5090_shot_001_000,pixel_mse,full,0.00008614
13,721.000000,59cdb196328a33d4c7b1248b916e5090_shot_001_000,ssim,mouth,0.96168172
13,721.000000,59cdb196328a33d4c7b1248b916e5090_shot_001_000,ssim,upper_face,0.97347248
13,721.000000,59cdb196328a33d4c7b1248b916e5090_shot_001_000,ssim,full,0.96867371
13,721.000000,59cdb196328a33d4c7b1248b916e5090_shot_001_000,lpips,mouth,0.03083999
13,721.000000,59cdb196328a33d4c7b1248b916e5090_shot_001_000,lpips,full,0.02542288
13,721.000000,59cdb196328a33d4c7b1248b916e5090_shot_001_000,sharpness,mouth,5.1012
13,721.000000,59cdb196328a33d4c7b1248b916e5090_shot_001_000,lmd,mouth,2.425079
13,721.000000,59cdb196328a33d4c7b1248b916e5090_shot_001_000,sync_d,mouth,10.397755
13,721.000000,59cdb196328a33d4c7b1248b916e5090_shot_001_000,sync_c,mouth,1.312511
14,701.000000,59cdb196328a33d4c7b1248b916e5090_shot_001_000,pixel_mse,mouth,0.00014433
14,701.000000,59cdb196328a33d4c7b1248b916e5090_shot_001_000,pixel_mse,upper_face,0.00004444
14,701.000000,59cdb196328a33d4c7b1248b916e5090_shot_001_000,pixel_mse,full,0.00008510
14,701.000000,59cdb196328a33d4c7b1248b916e5090_shot_001_000,ssim,mouth,0.96177268
14,701.000000,59cdb196328a33d4c7b1248b916e5090_shot_001_000,ssim,upper_face,0.97377223
14,701.000000,59cdb196328a33d4c7b1248b916e5090_shot_001_000,ssim,full,0.96888840
14,701.000000,59cdb196328a33d4c7b1248b916e5090_shot_001_000,lpips,mouth,0.03076871
14,701.000000,59cdb196328a33d4c7b1248b916e5090_shot_001_000,lpips,full,0.02525224
14,701.000000,59cdb196328a33d4c7b1248b916e5090_shot_001_000,sharpness,mouth,5.0641
14,701.000000,59cdb196328a33d4c7b1248b916e5090_shot_001_000,lmd,mouth,2.179175
14,701.000000,59cdb196328a33d4c7b1248b916e5090_shot_001_000,sync_d,mouth,10.201611
14,701.000000,59cdb196328a33d4c7b1248b916e5090_shot_001_000,sync_c,mouth,1.365295
15,681.000000,59cdb196328a33d4c7b1248b916e5090_shot_001_000,pixel_mse,mouth,0.00014270
15,681.000000,59cdb196328a33d4c7b1248b916e5090_shot_001_000,pixel_mse,upper_face,0.00004365
15,681.000000,59cdb196328a33d4c7b1248b916e5090_shot_001_000,pixel_mse,full,0.00008396
15,681.000000,59cdb196328a33d4c7b1248b916e5090_shot_001_000,ssim,mouth,0.96193206
15,681.000000,59cdb196328a33d4c7b1248b916e5090_shot_001_000,ssim,upper_face,0.97399414
15,681.000000,59cdb196328a33d4c7b1248b916e5090_shot_001_000,ssim,full,0.96908492
15,681.000000,59cdb196328a33d4c7b1248b916e5090_shot_001_000,lpips,mouth,0.03032754
15,681.000000,59cdb196328a33d4c7b1248b916e5090_shot_001_000,lpips,full,0.02480162
15,681.000000,59cdb196328a33d4c7b1248b916e5090_shot_001_000,sharpness,mouth,5.0689
15,681.000000,59cdb196328a33d4c7b1248b916e5090_shot_001_000,lmd,mouth,2.231800
15,681.000000,59cdb196328a33d4c7b1248b916e5090_shot_001_000,sync_d,mouth,10.336350
15,681.000000,59cdb196328a33d4c7b1248b916e5090_shot_001_000,sync_c,mouth,1.219641
16,661.000000,59cdb196328a33d4c7b1248b916e5090_shot_001_000,pixel_mse,mouth,0.00014210
16,661.000000,59cdb196328a33d4c7b1248b916e5090_shot_001_000,pixel_mse,upper_face,0.00004247
16,661.000000,59cdb196328a33d4c7b1248b916e5090_shot_001_000,pixel_mse,full,0.00008302
16,661.000000,59cdb196328a33d4c7b1248b916e5090_shot_001_000,ssim,mouth,0.96188581
16,661.000000,59cdb196328a33d4c7b1248b916e5090_shot_001_000,ssim,upper_face,0.97422767
16,661.000000,59cdb196328a33d4c7b1248b916e5090_shot_001_000,ssim,full,0.96920455
16,661.000000,59cdb196328a33d4c7b1248b916e5090_shot_001_000,lpips,mouth,0.03011579
16,661.000000,59cdb196328a33d4c7b1248b916e5090_shot_001_000,lpips,full,0.02474054
16,661.000000,59cdb196328a33d4c7b1248b916e5090_shot_001_000,sharpness,mouth,5.0468
16,661.000000,59cdb196328a33d4c7b1248b916e5090_shot_001_000,lmd,mouth,2.478154
16,661.000000,59cdb196328a33d4c7b1248b916e5090_shot_001_000,sync_d,mouth,10.386932
16,661.000000,59cdb196328a33d4c7b1248b916e5090_shot_001_000,sync_c,mouth,1.287090
17,641.000000,59cdb196328a33d4c7b1248b916e5090_shot_001_000,pixel_mse,mouth,0.00014111
17,641.000000,59cdb196328a33d4c7b1248b916e5090_shot_001_000,pixel_mse,upper_face,0.00004173
17,641.000000,59cdb196328a33d4c7b1248b916e5090_shot_001_000,pixel_mse,full,0.00008217
17,641.000000,59cdb196328a33d4c7b1248b916e5090_shot_001_000,ssim,mouth,0.96200264
17,641.000000,59cdb196328a33d4c7b1248b916e5090_shot_001_000,ssim,upper_face,0.97438955
17,641.000000,59cdb196328a33d4c7b1248b916e5090_shot_001_000,ssim,full,0.96934807
17,641.000000,59cdb196328a33d4c7b1248b916e5090_shot_001_000,lpips,mouth,0.02989918
17,641.000000,59cdb196328a33d4c7b1248b916e5090_shot_001_000,lpips,full,0.02436950
17,641.000000,59cdb196328a33d4c7b1248b916e5090_shot_001_000,sharpness,mouth,5.0279
17,641.000000,59cdb196328a33d4c7b1248b916e5090_shot_001_000,lmd,mouth,2.204495
17,641.000000,59cdb196328a33d4c7b1248b916e5090_shot_001_000,sync_d,mouth,10.433671
17,641.000000,59cdb196328a33d4c7b1248b916e5090_shot_001_000,sync_c,mouth,1.216106
18,621.000000,59cdb196328a33d4c7b1248b916e5090_shot_001_000,pixel_mse,mouth,0.00014067
18,621.000000,59cdb196328a33d4c7b1248b916e5090_shot_001_000,pixel_mse,upper_face,0.00004117
18,621.000000,59cdb196328a33d4c7b1248b916e5090_shot_001_000,pixel_mse,full,0.00008167
18,621.000000,59cdb196328a33d4c7b1248b916e5090_shot_001_000,ssim,mouth,0.96202564
18,621.000000,59cdb196328a33d4c7b1248b916e5090_shot_001_000,ssim,upper_face,0.97449404
18,621.000000,59cdb196328a33d4c7b1248b916e5090_shot_001_000,ssim,full,0.96941936
18,621.000000,59cdb196328a33d4c7b1248b916e5090_shot_001_000,lpips,mouth,0.02973804
18,621.000000,59cdb196328a33d4c7b1248b916e5090_shot_001_000,lpips,full,0.02430329
18,621.000000,59cdb196328a33d4c7b1248b916e5090_shot_001_000,sharpness,mouth,5.0176
18,621.000000,59cdb196328a33d4c7b1248b916e5090_shot_001_000,lmd,mouth,2.154377
18,621.000000,59cdb196328a33d4c7b1248b916e5090_shot_001_000,sync_d,mouth,10.375622
18,621.000000,59cdb196328a33d4c7b1248b916e5090_shot_001_000,sync_c,mouth,1.262104
19,601.000000,59cdb196328a33d4c7b1248b916e5090_shot_001_000,pixel_mse,mouth,0.00013976
19,601.000000,59cdb196328a33d4c7b1248b916e5090_shot_001_000,pixel_mse,upper_face,0.00004091
19,601.000000,59cdb196328a33d4c7b1248b916e5090_shot_001_000,pixel_mse,full,0.00008114
19,601.000000,59cdb196328a33d4c7b1248b916e5090_shot_001_000,ssim,mouth,0.96209359
19,601.000000,59cdb196328a33d4c7b1248b916e5090_shot_001_000,ssim,upper_face,0.97443044
19,601.000000,59cdb196328a33d4c7b1248b916e5090_shot_001_000,ssim,full,0.96940935
19,601.000000,59cdb196328a33d4c7b1248b916e5090_shot_001_000,lpips,mouth,0.03029360
19,601.000000,59cdb196328a33d4c7b1248b916e5090_shot_001_000,lpips,full,0.02445564
19,601.000000,59cdb196328a33d4c7b1248b916e5090_shot_001_000,sharpness,mouth,4.9874
19,601.000000,59cdb196328a33d4c7b1248b916e5090_shot_001_000,lmd,mouth,2.015428
19,601.000000,59cdb196328a33d4c7b1248b916e5090_shot_001_000,sync_d,mouth,10.520743
19,601.000000,59cdb196328a33d4c7b1248b916e5090_shot_001_000,sync_c,mouth,1.141500
20,581.000000,59cdb196328a33d4c7b1248b916e5090_shot_001_000,pixel_mse,mouth,0.00013914
20,581.000000,59cdb196328a33d4c7b1248b916e5090_shot_001_000,pixel_mse,upper_face,0.00004016
20,581.000000,59cdb196328a33d4c7b1248b916e5090_shot_001_000,pixel_mse,full,0.00008044
20,581.000000,59cdb196328a33d4c7b1248b916e5090_shot_001_000,ssim,mouth,0.96217346
20,581.000000,59cdb196328a33d4c7b1248b916e5090_shot_001_000,ssim,upper_face,0.97456825
20,581.000000,59cdb196328a33d4c7b1248b916e5090_shot_001_000,ssim,full,0.96952355
20,581.000000,59cdb196328a33d4c7b1248b916e5090_shot_001_000,lpips,mouth,0.02989486
20,581.000000,59cdb196328a33d4c7b1248b916e5090_shot_001_000,lpips,full,0.02417888
20,581.000000,59cdb196328a33d4c7b1248b916e5090_shot_001_000,sharpness,mouth,4.9882
20,581.000000,59cdb196328a33d4c7b1248b916e5090_shot_001_000,lmd,mouth,2.183517
20,581.000000,59cdb196328a33d4c7b1248b916e5090_shot_001_000,sync_d,mouth,10.560538
20,581.000000,59cdb196328a33d4c7b1248b916e5090_shot_001_000,sync_c,mouth,1.137484
21,561.000000,59cdb196328a33d4c7b1248b916e5090_shot_001_000,pixel_mse,mouth,0.00013771
21,561.000000,59cdb196328a33d4c7b1248b916e5090_shot_001_000,pixel_mse,upper_face,0.00003981
21,561.000000,59cdb196328a33d4c7b1248b916e5090_shot_001_000,pixel_mse,full,0.00007965
21,561.000000,59cdb196328a33d4c7b1248b916e5090_shot_001_000,ssim,mouth,0.96222222
21,561.000000,59cdb196328a33d4c7b1248b916e5090_shot_001_000,ssim,upper_face,0.97464073
21,561.000000,59cdb196328a33d4c7b1248b916e5090_shot_001_000,ssim,full,0.96958649
21,561.000000,59cdb196328a33d4c7b1248b916e5090_shot_001_000,lpips,mouth,0.02950622
21,561.000000,59cdb196328a33d4c7b1248b916e5090_shot_001_000,lpips,full,0.02401848
21,561.000000,59cdb196328a33d4c7b1248b916e5090_shot_001_000,sharpness,mouth,4.9717
21,561.000000,59cdb196328a33d4c7b1248b916e5090_shot_001_000,lmd,mouth,2.205015
21,561.000000,59cdb196328a33d4c7b1248b916e5090_shot_001_000,sync_d,mouth,10.602723
21,561.000000,59cdb196328a33d4c7b1248b916e5090_shot_001_000,sync_c,mouth,1.157556
22,541.000000,59cdb196328a33d4c7b1248b916e5090_shot_001_000,pixel_mse,mouth,0.00013569
22,541.000000,59cdb196328a33d4c7b1248b916e5090_shot_001_000,pixel_mse,upper_face,0.00003927
22,541.000000,59cdb196328a33d4c7b1248b916e5090_shot_001_000,pixel_mse,full,0.00007852
22,541.000000,59cdb196328a33d4c7b1248b916e5090_shot_001_000,ssim,mouth,0.96247053
22,541.000000,59cdb196328a33d4c7b1248b916e5090_shot_001_000,ssim,upper_face,0.97466701
22,541.000000,59cdb196328a33d4c7b1248b916e5090_shot_001_000,ssim,full,0.96970308
22,541.000000,59cdb196328a33d4c7b1248b916e5090_shot_001_000,lpips,mouth,0.02954115
22,541.000000,59cdb196328a33d4c7b1248b916e5090_shot_001_000,lpips,full,0.02364997
22,541.000000,59cdb196328a33d4c7b1248b916e5090_shot_001_000,sharpness,mouth,4.9455
22,541.000000,59cdb196328a33d4c7b1248b916e5090_shot_001_000,lmd,mouth,2.217722
22,541.000000,59cdb196328a33d4c7b1248b916e5090_shot_001_000,sync_d,mouth,10.460378
22,541.000000,59cdb196328a33d4c7b1248b916e5090_shot_001_000,sync_c,mouth,1.351786
23,521.000000,59cdb196328a33d4c7b1248b916e5090_shot_001_000,pixel_mse,mouth,0.00013519
23,521.000000,59cdb196328a33d4c7b1248b916e5090_shot_001_000,pixel_mse,upper_face,0.00003868
23,521.000000,59cdb196328a33d4c7b1248b916e5090_shot_001_000,pixel_mse,full,0.00007796
23,521.000000,59cdb196328a33d4c7b1248b916e5090_shot_001_000,ssim,mouth,0.96249771
23,521.000000,59cdb196328a33d4c7b1248b916e5090_shot_001_000,ssim,upper_face,0.97478306
23,521.000000,59cdb196328a33d4c7b1248b916e5090_shot_001_000,ssim,full,0.96978301
23,521.000000,59cdb196328a33d4c7b1248b916e5090_shot_001_000,lpips,mouth,0.02934540
23,521.000000,59cdb196328a33d4c7b1248b916e5090_shot_001_000,lpips,full,0.02383948
23,521.000000,59cdb196328a33d4c7b1248b916e5090_shot_001_000,sharpness,mouth,4.9514
23,521.000000,59cdb196328a33d4c7b1248b916e5090_shot_001_000,lmd,mouth,2.189852
23,521.000000,59cdb196328a33d4c7b1248b916e5090_shot_001_000,sync_d,mouth,10.748290
23,521.000000,59cdb196328a33d4c7b1248b916e5090_shot_001_000,sync_c,mouth,0.842175
24,501.000000,59cdb196328a33d4c7b1248b916e5090_shot_001_000,pixel_mse,mouth,0.00013353
24,501.000000,59cdb196328a33d4c7b1248b916e5090_shot_001_000,pixel_mse,upper_face,0.00003841
24,501.000000,59cdb196328a33d4c7b1248b916e5090_shot_001_000,pixel_mse,full,0.00007712
24,501.000000,59cdb196328a33d4c7b1248b916e5090_shot_001_000,ssim,mouth,0.96272928
24,501.000000,59cdb196328a33d4c7b1248b916e5090_shot_001_000,ssim,upper_face,0.97475266
24,501.000000,59cdb196328a33d4c7b1248b916e5090_shot_001_000,ssim,full,0.96985918
24,501.000000,59cdb196328a33d4c7b1248b916e5090_shot_001_000,lpips,mouth,0.02924897
24,501.000000,59cdb196328a33d4c7b1248b916e5090_shot_001_000,lpips,full,0.02361374
24,501.000000,59cdb196328a33d4c7b1248b916e5090_shot_001_000,sharpness,mouth,4.9356
24,501.000000,59cdb196328a33d4c7b1248b916e5090_shot_001_000,lmd,mouth,2.077508
24,501.000000,59cdb196328a33d4c7b1248b916e5090_shot_001_000,sync_d,mouth,10.787683
24,501.000000,59cdb196328a33d4c7b1248b916e5090_shot_001_000,sync_c,mouth,0.832062
25,481.000000,59cdb196328a33d4c7b1248b916e5090_shot_001_000,pixel_mse,mouth,0.00013240
25,481.000000,59cdb196328a33d4c7b1248b916e5090_shot_001_000,pixel_mse,upper_face,0.00003812
25,481.000000,59cdb196328a33d4c7b1248b916e5090_shot_001_000,pixel_mse,full,0.00007649
25,481.000000,59cdb196328a33d4c7b1248b916e5090_shot_001_000,ssim,mouth,0.96288848
25,481.000000,59cdb196328a33d4c7b1248b916e5090_shot_001_000,ssim,upper_face,0.97481155
25,481.000000,59cdb196328a33d4c7b1248b916e5090_shot_001_000,ssim,full,0.96995890
25,481.000000,59cdb196328a33d4c7b1248b916e5090_shot_001_000,lpips,mouth,0.02906984
25,481.000000,59cdb196328a33d4c7b1248b916e5090_shot_001_000,lpips,full,0.02346173
25,481.000000,59cdb196328a33d4c7b1248b916e5090_shot_001_000,sharpness,mouth,4.9195
25,481.000000,59cdb196328a33d4c7b1248b916e5090_shot_001_000,lmd,mouth,2.301668
25,481.000000,59cdb196328a33d4c7b1248b916e5090_shot_001_000,sync_d,mouth,10.528454
25,481.000000,59cdb196328a33d4c7b1248b916e5090_shot_001_000,sync_c,mouth,1.125728
26,461.000000,59cdb196328a33d4c7b1248b916e5090_shot_001_000,pixel_mse,mouth,0.00013147
26,461.000000,59cdb196328a33d4c7b1248b916e5090_shot_001_000,pixel_mse,upper_face,0.00003771
26,461.000000,59cdb196328a33d4c7b1248b916e5090_shot_001_000,pixel_mse,full,0.00007587
26,461.000000,59cdb196328a33d4c7b1248b916e5090_shot_001_000,ssim,mouth,0.96294034
26,461.000000,59cdb196328a33d4c7b1248b916e5090_shot_001_000,ssim,upper_face,0.97487557
26,461.000000,59cdb196328a33d4c7b1248b916e5090_shot_001_000,ssim,full,0.97001791
26,461.000000,59cdb196328a33d4c7b1248b916e5090_shot_001_000,lpips,mouth,0.02919122
26,461.000000,59cdb196328a33d4c7b1248b916e5090_shot_001_000,lpips,full,0.02360065
26,461.000000,59cdb196328a33d4c7b1248b916e5090_shot_001_000,sharpness,mouth,4.9145
26,461.000000,59cdb196328a33d4c7b1248b916e5090_shot_001_000,lmd,mouth,2.155737
26,461.000000,59cdb196328a33d4c7b1248b916e5090_shot_001_000,sync_d,mouth,10.708721
26,461.000000,59cdb196328a33d4c7b1248b916e5090_shot_001_000,sync_c,mouth,0.913054
27,441.000000,59cdb196328a33d4c7b1248b916e5090_shot_001_000,pixel_mse,mouth,0.00013129
27,441.000000,59cdb196328a33d4c7b1248b916e5090_shot_001_000,pixel_mse,upper_face,0.00003766
27,441.000000,59cdb196328a33d4c7b1248b916e5090_shot_001_000,pixel_mse,full,0.00007577
27,441.000000,59cdb196328a33d4c7b1248b916e5090_shot_001_000,ssim,mouth,0.96287990
27,441.000000,59cdb196328a33d4c7b1248b916e5090_shot_001_000,ssim,upper_face,0.97482115
27,441.000000,59cdb196328a33d4c7b1248b916e5090_shot_001_000,ssim,full,0.96996105
27,441.000000,59cdb196328a33d4c7b1248b916e5090_shot_001_000,lpips,mouth,0.02927504
27,441.000000,59cdb196328a33d4c7b1248b916e5090_shot_001_000,lpips,full,0.02356634
27,441.000000,59cdb196328a33d4c7b1248b916e5090_shot_001_000,sharpness,mouth,4.8786
27,441.000000,59cdb196328a33d4c7b1248b916e5090_shot_001_000,lmd,mouth,2.031057
27,441.000000,59cdb196328a33d4c7b1248b916e5090_shot_001_000,sync_d,mouth,10.825356
27,441.000000,59cdb196328a33d4c7b1248b916e5090_shot_001_000,sync_c,mouth,0.846563
28,421.000000,59cdb196328a33d4c7b1248b916e5090_shot_001_000,pixel_mse,mouth,0.00012954
28,421.000000,59cdb196328a33d4c7b1248b916e5090_shot_001_000,pixel_mse,upper_face,0.00003732
28,421.000000,59cdb196328a33d4c7b1248b916e5090_shot_001_000,pixel_mse,full,0.00007485
28,421.000000,59cdb196328a33d4c7b1248b916e5090_shot_001_000,ssim,mouth,0.96321177
28,421.000000,59cdb196328a33d4c7b1248b916e5090_shot_001_000,ssim,upper_face,0.97493178
28,421.000000,59cdb196328a33d4c7b1248b916e5090_shot_001_000,ssim,full,0.97016180
28,421.000000,59cdb196328a33d4c7b1248b916e5090_shot_001_000,lpips,mouth,0.02884049
28,421.000000,59cdb196328a33d4c7b1248b916e5090_shot_001_000,lpips,full,0.02325201
28,421.000000,59cdb196328a33d4c7b1248b916e5090_shot_001_000,sharpness,mouth,4.8586
28,421.000000,59cdb196328a33d4c7b1248b916e5090_shot_001_000,lmd,mouth,2.050521
28,421.000000,59cdb196328a33d4c7b1248b916e5090_shot_001_000,sync_d,mouth,10.723902
28,421.000000,59cdb196328a33d4c7b1248b916e5090_shot_001_000,sync_c,mouth,0.935251
29,401.000000,59cdb196328a33d4c7b1248b916e5090_shot_001_000,pixel_mse,mouth,0.00012853
29,401.000000,59cdb196328a33d4c7b1248b916e5090_shot_001_000,pixel_mse,upper_face,0.00003709
29,401.000000,59cdb196328a33d4c7b1248b916e5090_shot_001_000,pixel_mse,full,0.00007430
29,401.000000,59cdb196328a33d4c7b1248b916e5090_shot_001_000,ssim,mouth,0.96330416
29,401.000000,59cdb196328a33d4c7b1248b916e5090_shot_001_000,ssim,upper_face,0.97497284
29,401.000000,59cdb196328a33d4c7b1248b916e5090_shot_001_000,ssim,full,0.97022372
29,401.000000,59cdb196328a33d4c7b1248b916e5090_shot_001_000,lpips,mouth,0.02914456
29,401.000000,59cdb196328a33d4c7b1248b916e5090_shot_001_000,lpips,full,0.02344517
29,401.000000,59cdb196328a33d4c7b1248b916e5090_shot_001_000,sharpness,mouth,4.8475
29,401.000000,59cdb196328a33d4c7b1248b916e5090_shot_001_000,lmd,mouth,2.113722
29,401.000000,59cdb196328a33d4c7b1248b916e5090_shot_001_000,sync_d,mouth,10.700549
29,401.000000,59cdb196328a33d4c7b1248b916e5090_shot_001_000,sync_c,mouth,0.958117
30,381.000000,59cdb196328a33d4c7b1248b916e5090_shot_001_000,pixel_mse,mouth,0.00012699
30,381.000000,59cdb196328a33d4c7b1248b916e5090_shot_001_000,pixel_mse,upper_face,0.00003698
30,381.000000,59cdb196328a33d4c7b1248b916e5090_shot_001_000,pixel_mse,full,0.00007362
30,381.000000,59cdb196328a33d4c7b1248b916e5090_shot_001_000,ssim,mouth,0.96357208
30,381.000000,59cdb196328a33d4c7b1248b916e5090_shot_001_000,ssim,upper_face,0.97496223
30,381.000000,59cdb196328a33d4c7b1248b916e5090_shot_001_000,ssim,full,0.97032642
30,381.000000,59cdb196328a33d4c7b1248b916e5090_shot_001_000,lpips,mouth,0.02886698
30,381.000000,59cdb196328a33d4c7b1248b916e5090_shot_001_000,lpips,full,0.02324452
30,381.000000,59cdb196328a33d4c7b1248b916e5090_shot_001_000,sharpness,mouth,4.8282
30,381.000000,59cdb196328a33d4c7b1248b916e5090_shot_001_000,lmd,mouth,1.971022
30,381.000000,59cdb196328a33d4c7b1248b916e5090_shot_001_000,sync_d,mouth,10.711638
30,381.000000,59cdb196328a33d4c7b1248b916e5090_shot_001_000,sync_c,mouth,0.767298
31,361.000000,59cdb196328a33d4c7b1248b916e5090_shot_001_000,pixel_mse,mouth,0.00012597
31,361.000000,59cdb196328a33d4c7b1248b916e5090_shot_001_000,pixel_mse,upper_face,0.00003698
31,361.000000,59cdb196328a33d4c7b1248b916e5090_shot_001_000,pixel_mse,full,0.00007320
31,361.000000,59cdb196328a33d4c7b1248b916e5090_shot_001_000,ssim,mouth,0.96352088
31,361.000000,59cdb196328a33d4c7b1248b916e5090_shot_001_000,ssim,upper_face,0.97489601
31,361.000000,59cdb196328a33d4c7b1248b916e5090_shot_001_000,ssim,full,0.97026634
31,361.000000,59cdb196328a33d4c7b1248b916e5090_shot_001_000,lpips,mouth,0.02878589
31,361.000000,59cdb196328a33d4c7b1248b916e5090_shot_001_000,lpips,full,0.02317345
31,361.000000,59cdb196328a33d4c7b1248b916e5090_shot_001_000,sharpness,mouth,4.8777
31,361.000000,59cdb196328a33d4c7b1248b916e5090_shot_001_000,lmd,mouth,2.052853
31,361.000000,59cdb196328a33d4c7b1248b916e5090_shot_001_000,sync_d,mouth,10.805053
31,361.000000,59cdb196328a33d4c7b1248b916e5090_shot_001_000,sync_c,mouth,0.836426
32,341.000000,59cdb196328a33d4c7b1248b916e5090_shot_001_000,pixel_mse,mouth,0.00012459
32,341.000000,59cdb196328a33d4c7b1248b916e5090_shot_001_000,pixel_mse,upper_face,0.00003691
32,341.000000,59cdb196328a33d4c7b1248b916e5090_shot_001_000,pixel_mse,full,0.00007259
32,341.000000,59cdb196328a33d4c7b1248b916e5090_shot_001_000,ssim,mouth,0.96389800
32,341.000000,59cdb196328a33d4c7b1248b916e5090_shot_001_000,ssim,upper_face,0.97492826
32,341.000000,59cdb196328a33d4c7b1248b916e5090_shot_001_000,ssim,full,0.97043896
32,341.000000,59cdb196328a33d4c7b1248b916e5090_shot_001_000,lpips,mouth,0.02879364
32,341.000000,59cdb196328a33d4c7b1248b916e5090_shot_001_000,lpips,full,0.02334137
32,341.000000,59cdb196328a33d4c7b1248b916e5090_shot_001_000,sharpness,mouth,4.8164
32,341.000000,59cdb196328a33d4c7b1248b916e5090_shot_001_000,lmd,mouth,2.109351
32,341.000000,59cdb196328a33d4c7b1248b916e5090_shot_001_000,sync_d,mouth,10.777805
32,341.000000,59cdb196328a33d4c7b1248b916e5090_shot_001_000,sync_c,mouth,0.853771
33,321.000000,59cdb196328a33d4c7b1248b916e5090_shot_001_000,pixel_mse,mouth,0.00012414
33,321.000000,59cdb196328a33d4c7b1248b916e5090_shot_001_000,pixel_mse,upper_face,0.00003681
33,321.000000,59cdb196328a33d4c7b1248b916e5090_shot_001_000,pixel_mse,full,0.00007235
33,321.000000,59cdb196328a33d4c7b1248b916e5090_shot_001_000,ssim,mouth,0.96394551
33,321.000000,59cdb196328a33d4c7b1248b916e5090_shot_001_000,ssim,upper_face,0.97498214
33,321.000000,59cdb196328a33d4c7b1248b916e5090_shot_001_000,ssim,full,0.97049022
33,321.000000,59cdb196328a33d4c7b1248b916e5090_shot_001_000,lpips,mouth,0.02878347
33,321.000000,59cdb196328a33d4c7b1248b916e5090_shot_001_000,lpips,full,0.02345977
33,321.000000,59cdb196328a33d4c7b1248b916e5090_shot_001_000,sharpness,mouth,4.7897
33,321.000000,59cdb196328a33d4c7b1248b916e5090_shot_001_000,lmd,mouth,1.968356
33,321.000000,59cdb196328a33d4c7b1248b916e5090_shot_001_000,sync_d,mouth,10.845527
33,321.000000,59cdb196328a33d4c7b1248b916e5090_shot_001_000,sync_c,mouth,0.894256
34,301.000000,59cdb196328a33d4c7b1248b916e5090_shot_001_000,pixel_mse,mouth,0.00012272
34,301.000000,59cdb196328a33d4c7b1248b916e5090_shot_001_000,pixel_mse,upper_face,0.00003691
34,301.000000,59cdb196328a33d4c7b1248b916e5090_shot_001_000,pixel_mse,full,0.00007183
34,301.000000,59cdb196328a33d4c7b1248b916e5090_shot_001_000,ssim,mouth,0.96415186
34,301.000000,59cdb196328a33d4c7b1248b916e5090_shot_001_000,ssim,upper_face,0.97494763
34,301.000000,59cdb196328a33d4c7b1248b916e5090_shot_001_000,ssim,full,0.97055376
34,301.000000,59cdb196328a33d4c7b1248b916e5090_shot_001_000,lpips,mouth,0.02859897
34,301.000000,59cdb196328a33d4c7b1248b916e5090_shot_001_000,lpips,full,0.02301652
34,301.000000,59cdb196328a33d4c7b1248b916e5090_shot_001_000,sharpness,mouth,4.7991
34,301.000000,59cdb196328a33d4c7b1248b916e5090_shot_001_000,lmd,mouth,1.670970
34,301.000000,59cdb196328a33d4c7b1248b916e5090_shot_001_000,sync_d,mouth,10.683518
34,301.000000,59cdb196328a33d4c7b1248b916e5090_shot_001_000,sync_c,mouth,1.141353
35,281.000000,59cdb196328a33d4c7b1248b916e5090_shot_001_000,pixel_mse,mouth,0.00012201
35,281.000000,59cdb196328a33d4c7b1248b916e5090_shot_001_000,pixel_mse,upper_face,0.00003691
35,281.000000,59cdb196328a33d4c7b1248b916e5090_shot_001_000,pixel_mse,full,0.00007155
35,281.000000,59cdb196328a33d4c7b1248b916e5090_shot_001_000,ssim,mouth,0.96425712
35,281.000000,59cdb196328a33d4c7b1248b916e5090_shot_001_000,ssim,upper_face,0.97495270
35,281.000000,59cdb196328a33d4c7b1248b916e5090_shot_001_000,ssim,full,0.97059959
35,281.000000,59cdb196328a33d4c7b1248b916e5090_shot_001_000,lpips,mouth,0.02886162
35,281.000000,59cdb196328a33d4c7b1248b916e5090_shot_001_000,lpips,full,0.02323846
35,281.000000,59cdb196328a33d4c7b1248b916e5090_shot_001_000,sharpness,mouth,4.7718
35,281.000000,59cdb196328a33d4c7b1248b916e5090_shot_001_000,lmd,mouth,1.908489
35,281.000000,59cdb196328a33d4c7b1248b916e5090_shot_001_000,sync_d,mouth,10.646403
35,281.000000,59cdb196328a33d4c7b1248b916e5090_shot_001_000,sync_c,mouth,0.779206
36,261.000000,59cdb196328a33d4c7b1248b916e5090_shot_001_000,pixel_mse,mouth,0.00012121
36,261.000000,59cdb196328a33d4c7b1248b916e5090_shot_001_000,pixel_mse,upper_face,0.00003706
36,261.000000,59cdb196328a33d4c7b1248b916e5090_shot_001_000,pixel_mse,full,0.00007131
36,261.000000,59cdb196328a33d4c7b1248b916e5090_shot_001_000,ssim,mouth,0.96434510
36,261.000000,59cdb196328a33d4c7b1248b916e5090_shot_001_000,ssim,upper_face,0.97487468
36,261.000000,59cdb196328a33d4c7b1248b916e5090_shot_001_000,ssim,full,0.97058916
36,261.000000,59cdb196328a33d4c7b1248b916e5090_shot_001_000,lpips,mouth,0.02897869
36,261.000000,59cdb196328a33d4c7b1248b916e5090_shot_001_000,lpips,full,0.02317645
36,261.000000,59cdb196328a33d4c7b1248b916e5090_shot_001_000,sharpness,mouth,4.7779
36,261.000000,59cdb196328a33d4c7b1248b916e5090_shot_001_000,lmd,mouth,1.904041
36,261.000000,59cdb196328a33d4c7b1248b916e5090_shot_001_000,sync_d,mouth,10.950186
36,261.000000,59cdb196328a33d4c7b1248b916e5090_shot_001_000,sync_c,mouth,0.796722
37,241.000000,59cdb196328a33d4c7b1248b916e5090_shot_001_000,pixel_mse,mouth,0.00012038
37,241.000000,59cdb196328a33d4c7b1248b916e5090_shot_001_000,pixel_mse,upper_face,0.00003709
37,241.000000,59cdb196328a33d4c7b1248b916e5090_shot_001_000,pixel_mse,full,0.00007099
37,241.000000,59cdb196328a33d4c7b1248b916e5090_shot_001_000,ssim,mouth,0.96451700
37,241.000000,59cdb196328a33d4c7b1248b916e5090_shot_001_000,ssim,upper_face,0.97492886
37,241.000000,59cdb196328a33d4c7b1248b916e5090_shot_001_000,ssim,full,0.97069132
37,241.000000,59cdb196328a33d4c7b1248b916e5090_shot_001_000,lpips,mouth,0.02899669
37,241.000000,59cdb196328a33d4c7b1248b916e5090_shot_001_000,lpips,full,0.02315480
37,241.000000,59cdb196328a33d4c7b1248b916e5090_shot_001_000,sharpness,mouth,4.7360
37,241.000000,59cdb196328a33d4c7b1248b916e5090_shot_001_000,lmd,mouth,1.902508
37,241.000000,59cdb196328a33d4c7b1248b916e5090_shot_001_000,sync_d,mouth,10.811956
37,241.000000,59cdb196328a33d4c7b1248b916e5090_shot_001_000,sync_c,mouth,0.754756
38,221.000000,59cdb196328a33d4c7b1248b916e5090_shot_001_000,pixel_mse,mouth,0.00011934
38,221.000000,59cdb196328a33d4c7b1248b916e5090_shot_001_000,pixel_mse,upper_face,0.00003723
38,221.000000,59cdb196328a33d4c7b1248b916e5090_shot_001_000,pixel_mse,full,0.00007065
38,221.000000,59cdb196328a33d4c7b1248b916e5090_shot_001_000,ssim,mouth,0.96464562
38,221.000000,59cdb196328a33d4c7b1248b916e5090_shot_001_000,ssim,upper_face,0.97488713
38,221.000000,59cdb196328a33d4c7b1248b916e5090_shot_001_000,ssim,full,0.97071880
38,221.000000,59cdb196328a33d4c7b1248b916e5090_shot_001_000,lpips,mouth,0.02872377
38,221.000000,59cdb196328a33d4c7b1248b916e5090_shot_001_000,lpips,full,0.02319053
38,221.000000,59cdb196328a33d4c7b1248b916e5090_shot_001_000,sharpness,mouth,4.7229
38,221.000000,59cdb196328a33d4c7b1248b916e5090_shot_001_000,lmd,mouth,1.917019
38,221.000000,59cdb196328a33d4c7b1248b916e5090_shot_001_000,sync_d,mouth,10.782643
38,221.000000,59cdb196328a33d4c7b1248b916e5090_shot_001_000,sync_c,mouth,0.765913
39,201.000000,59cdb196328a33d4c7b1248b916e5090_shot_001_000,pixel_mse,mouth,0.00011852
39,201.000000,59cdb196328a33d4c7b1248b916e5090_shot_001_000,pixel_mse,upper_face,0.00003743
39,201.000000,59cdb196328a33d4c7b1248b916e5090_shot_001_000,pixel_mse,full,0.00007044
39,201.000000,59cdb196328a33d4c7b1248b916e5090_shot_001_000,ssim,mouth,0.96475959
39,201.000000,59cdb196328a33d4c7b1248b916e5090_shot_001_000,ssim,upper_face,0.97483873
39,201.000000,59cdb196328a33d4c7b1248b916e5090_shot_001_000,ssim,full,0.97073644
39,201.000000,59cdb196328a33d4c7b1248b916e5090_shot_001_000,lpips,mouth,0.02875255
39,201.000000,59cdb196328a33d4c7b1248b916e5090_shot_001_000,lpips,full,0.02336104
39,201.000000,59cdb196328a33d4c7b1248b916e5090_shot_001_000,sharpness,mouth,4.7596
39,201.000000,59cdb196328a33d4c7b1248b916e5090_shot_001_000,lmd,mouth,2.040489
39,201.000000,59cdb196328a33d4c7b1248b916e5090_shot_001_000,sync_d,mouth,10.829021
39,201.000000,59cdb196328a33d4c7b1248b916e5090_shot_001_000,sync_c,mouth,0.767923
40,181.000000,59cdb196328a33d4c7b1248b916e5090_shot_001_000,pixel_mse,mouth,0.00011784
40,181.000000,59cdb196328a33d4c7b1248b916e5090_shot_001_000,pixel_mse,upper_face,0.00003764
40,181.000000,59cdb196328a33d4c7b1248b916e5090_shot_001_000,pixel_mse,full,0.00007028
40,181.000000,59cdb196328a33d4c7b1248b916e5090_shot_001_000,ssim,mouth,0.96489501
40,181.000000,59cdb196328a33d4c7b1248b916e5090_shot_001_000,ssim,upper_face,0.97478062
40,181.000000,59cdb196328a33d4c7b1248b916e5090_shot_001_000,ssim,full,0.97075725
40,181.000000,59cdb196328a33d4c7b1248b916e5090_shot_001_000,lpips,mouth,0.02906565
40,181.000000,59cdb196328a33d4c7b1248b916e5090_shot_001_000,lpips,full,0.02326769
40,181.000000,59cdb196328a33d4c7b1248b916e5090_shot_001_000,sharpness,mouth,4.7112
40,181.000000,59cdb196328a33d4c7b1248b916e5090_shot_001_000,lmd,mouth,1.902660
40,181.000000,59cdb196328a33d4c7b1248b916e5090_shot_001_000,sync_d,mouth,10.809631
40,181.000000,59cdb196328a33d4c7b1248b916e5090_shot_001_000,sync_c,mouth,0.743560
41,161.000000,59cdb196328a33d4c7b1248b916e5090_shot_001_000,pixel_mse,mouth,0.00011743
41,161.000000,59cdb196328a33d4c7b1248b916e5090_shot_001_000,pixel_mse,upper_face,0.00003814
41,161.000000,59cdb196328a33d4c7b1248b916e5090_shot_001_000,pixel_mse,full,0.00007042
41,161.000000,59cdb196328a33d4c7b1248b916e5090_shot_001_000,ssim,mouth,0.96494555
41,161.000000,59cdb196328a33d4c7b1248b916e5090_shot_001_000,ssim,upper_face,0.97462726
41,161.000000,59cdb196328a33d4c7b1248b916e5090_shot_001_000,ssim,full,0.97068679
41,161.000000,59cdb196328a33d4c7b1248b916e5090_shot_001_000,lpips,mouth,0.02880969
41,161.000000,59cdb196328a33d4c7b1248b916e5090_shot_001_000,lpips,full,0.02339732
41,161.000000,59cdb196328a33d4c7b1248b916e5090_shot_001_000,sharpness,mouth,4.7271
41,161.000000,59cdb196328a33d4c7b1248b916e5090_shot_001_000,lmd,mouth,2.093948
41,161.000000,59cdb196328a33d4c7b1248b916e5090_shot_001_000,sync_d,mouth,10.761530
41,161.000000,59cdb196328a33d4c7b1248b916e5090_shot_001_000,sync_c,mouth,0.802093
42,141.000000,59cdb196328a33d4c7b1248b916e5090_shot_001_000,pixel_mse,mouth,0.00011718
42,141.000000,59cdb196328a33d4c7b1248b916e5090_shot_001_000,pixel_mse,upper_face,0.00003856
42,141.000000,59cdb196328a33d4c7b1248b916e5090_shot_001_000,pixel_mse,full,0.00007056
42,141.000000,59cdb196328a33d4c7b1248b916e5090_shot_001_000,ssim,mouth,0.96498084
42,141.000000,59cdb196328a33d4c7b1248b916e5090_shot_001_000,ssim,upper_face,0.97455227
42,141.000000,59cdb196328a33d4c7b1248b916e5090_shot_001_000,ssim,full,0.97065675
42,141.000000,59cdb196328a33d4c7b1248b916e5090_shot_001_000,lpips,mouth,0.02886598
42,141.000000,59cdb196328a33d4c7b1248b916e5090_shot_001_000,lpips,full,0.02335236
42,141.000000,59cdb196328a33d4c7b1248b916e5090_shot_001_000,sharpness,mouth,4.7237
42,141.000000,59cdb196328a33d4c7b1248b916e5090_shot_001_000,lmd,mouth,2.011897
42,141.000000,59cdb196328a33d4c7b1248b916e5090_shot_001_000,sync_d,mouth,10.741241
42,141.000000,59cdb196328a33d4c7b1248b916e5090_shot_001_000,sync_c,mouth,0.797918
43,121.000000,59cdb196328a33d4c7b1248b916e5090_shot_001_000,pixel_mse,mouth,0.00011686
43,121.000000,59cdb196328a33d4c7b1248b916e5090_shot_001_000,pixel_mse,upper_face,0.00003905
43,121.000000,59cdb196328a33d4c7b1248b916e5090_shot_001_000,pixel_mse,full,0.00007072
43,121.000000,59cdb196328a33d4c7b1248b916e5090_shot_001_000,ssim,mouth,0.96503210
43,121.000000,59cdb196328a33d4c7b1248b916e5090_shot_001_000,ssim,upper_face,0.97439438
43,121.000000,59cdb196328a33d4c7b1248b916e5090_shot_001_000,ssim,full,0.97058398
43,121.000000,59cdb196328a33d4c7b1248b916e5090_shot_001_000,lpips,mouth,0.02929978
43,121.000000,59cdb196328a33d4c7b1248b916e5090_shot_001_000,lpips,full,0.02340587
43,121.000000,59cdb196328a33d4c7b1248b916e5090_shot_001_000,sharpness,mouth,4.6955
43,121.000000,59cdb196328a33d4c7b1248b916e5090_shot_001_000,lmd,mouth,2.077319
43,121.000000,59cdb196328a33d4c7b1248b916e5090_shot_001_000,sync_d,mouth,10.853260
43,121.000000,59cdb196328a33d4c7b1248b916e5090_shot_001_000,sync_c,mouth,0.754221
44,101.000000,59cdb196328a33d4c7b1248b916e5090_shot_001_000,pixel_mse,mouth,0.00011718
44,101.000000,59cdb196328a33d4c7b1248b916e5090_shot_001_000,pixel_mse,upper_face,0.00003961
44,101.000000,59cdb196328a33d4c7b1248b916e5090_shot_001_000,pixel_mse,full,0.00007118
44,101.000000,59cdb196328a33d4c7b1248b916e5090_shot_001_000,ssim,mouth,0.96501541
44,101.000000,59cdb196328a33d4c7b1248b916e5090_shot_001_000,ssim,upper_face,0.97429931
44,101.000000,59cdb196328a33d4c7b1248b916e5090_shot_001_000,ssim,full,0.97052073
44,101.000000,59cdb196328a33d4c7b1248b916e5090_shot_001_000,lpips,mouth,0.02971027
44,101.000000,59cdb196328a33d4c7b1248b916e5090_shot_001_000,lpips,full,0.02370632
44,101.000000,59cdb196328a33d4c7b1248b916e5090_shot_001_000,sharpness,mouth,4.6797
44,101.000000,59cdb196328a33d4c7b1248b916e5090_shot_001_000,lmd,mouth,1.856434
44,101.000000,59cdb196328a33d4c7b1248b916e5090_shot_001_000,sync_d,mouth,10.711670
44,101.000000,59cdb196328a33d4c7b1248b916e5090_shot_001_000,sync_c,mouth,0.805673
45,81.000000,59cdb196328a33d4c7b1248b916e5090_shot_001_000,pixel_mse,mouth,0.00011778
45,81.000000,59cdb196328a33d4c7b1248b916e5090_shot_001_000,pixel_mse,upper_face,0.00004052
45,81.000000,59cdb196328a33d4c7b1248b916e5090_shot_001_000,pixel_mse,full,0.00007196
45,81.000000,59cdb196328a33d4c7b1248b916e5090_shot_001_000,ssim,mouth,0.96502960
45,81.000000,59cdb196328a33d4c7b1248b916e5090_shot_001_000,ssim,upper_face,0.97407234
45,81.000000,59cdb196328a33d4c7b1248b916e5090_shot_001_000,ssim,full,0.97039199
45,81.000000,59cdb196328a33d4c7b1248b916e5090_shot_001_000,lpips,mouth,0.02988185
45,81.000000,59cdb196328a33d4c7b1248b916e5090_shot_001_000,lpips,full,0.02396054
45,81.000000,59cdb196328a33d4c7b1248b916e5090_shot_001_000,sharpness,mouth,4.6899
45,81.000000,59cdb196328a33d4c7b1248b916e5090_shot_001_000,lmd,mouth,1.893606
45,81.000000,59cdb196328a33d4c7b1248b916e5090_shot_001_000,sync_d,mouth,10.866828
45,81.000000,59cdb196328a33d4c7b1248b916e5090_shot_001_000,sync_c,mouth,0.793431
46,61.000000,59cdb196328a33d4c7b1248b916e5090_shot_001_000,pixel_mse,mouth,0.00012036
46,61.000000,59cdb196328a33d4c7b1248b916e5090_shot_001_000,pixel_mse,upper_face,0.00004176
46,61.000000,59cdb196328a33d4c7b1248b916e5090_shot_001_000,pixel_mse,full,0.00007375
46,61.000000,59cdb196328a33d4c7b1248b916e5090_shot_001_000,ssim,mouth,0.96479368
46,61.000000,59cdb196328a33d4c7b1248b916e5090_shot_001_000,ssim,upper_face,0.97388709
46,61.000000,59cdb196328a33d4c7b1248b916e5090_shot_001_000,ssim,full,0.97018611
46,61.000000,59cdb196328a33d4c7b1248b916e5090_shot_001_000,lpips,mouth,0.03007692
46,61.000000,59cdb196328a33d4c7b1248b916e5090_shot_001_000,lpips,full,0.02426515
46,61.000000,59cdb196328a33d4c7b1248b916e5090_shot_001_000,sharpness,mouth,4.7315
46,61.000000,59cdb196328a33d4c7b1248b916e5090_shot_001_000,lmd,mouth,1.944383
46,61.000000,59cdb196328a33d4c7b1248b916e5090_shot_001_000,sync_d,mouth,10.833198
46,61.000000,59cdb196328a33d4c7b1248b916e5090_shot_001_000,sync_c,mouth,0.762059
47,41.000000,59cdb196328a33d4c7b1248b916e5090_shot_001_000,pixel_mse,mouth,0.00012551
47,41.000000,59cdb196328a33d4c7b1248b916e5090_shot_001_000,pixel_mse,upper_face,0.00004322
47,41.000000,59cdb196328a33d4c7b1248b916e5090_shot_001_000,pixel_mse,full,0.00007671
47,41.000000,59cdb196328a33d4c7b1248b916e5090_shot_001_000,ssim,mouth,0.96438980
47,41.000000,59cdb196328a33d4c7b1248b916e5090_shot_001_000,ssim,upper_face,0.97370374
47,41.000000,59cdb196328a33d4c7b1248b916e5090_shot_001_000,ssim,full,0.96991301
47,41.000000,59cdb196328a33d4c7b1248b916e5090_shot_001_000,lpips,mouth,0.03025839
47,41.000000,59cdb196328a33d4c7b1248b916e5090_shot_001_000,lpips,full,0.02446868
47,41.000000,59cdb196328a33d4c7b1248b916e5090_shot_001_000,sharpness,mouth,4.7527
47,41.000000,59cdb196328a33d4c7b1248b916e5090_shot_001_000,lmd,mouth,2.035205
47,41.000000,59cdb196328a33d4c7b1248b916e5090_shot_001_000,sync_d,mouth,10.884511
47,41.000000,59cdb196328a33d4c7b1248b916e5090_shot_001_000,sync_c,mouth,0.745928
48,21.000000,59cdb196328a33d4c7b1248b916e5090_shot_001_000,pixel_mse,mouth,0.00013712
48,21.000000,59cdb196328a33d4c7b1248b916e5090_shot_001_000,pixel_mse,upper_face,0.00004722
48,21.000000,59cdb196328a33d4c7b1248b916e5090_shot_001_000,pixel_mse,full,0.00008381
48,21.000000,59cdb196328a33d4c7b1248b916e5090_shot_001_000,ssim,mouth,0.96337217
48,21.000000,59cdb196328a33d4c7b1248b916e5090_shot_001_000,ssim,upper_face,0.97309303
48,21.000000,59cdb196328a33d4c7b1248b916e5090_shot_001_000,ssim,full,0.96913671
48,21.000000,59cdb196328a33d4c7b1248b916e5090_shot_001_000,lpips,mouth,0.03095769
48,21.000000,59cdb196328a33d4c7b1248b916e5090_shot_001_000,lpips,full,0.02507626
48,21.000000,59cdb196328a33d4c7b1248b916e5090_shot_001_000,sharpness,mouth,4.7754
48,21.000000,59cdb196328a33d4c7b1248b916e5090_shot_001_000,lmd,mouth,2.084030
48,21.000000,59cdb196328a33d4c7b1248b916e5090_shot_001_000,sync_d,mouth,10.877811
48,21.000000,59cdb196328a33d4c7b1248b916e5090_shot_001_000,sync_c,mouth,0.806581
49,1.000000,59cdb196328a33d4c7b1248b916e5090_shot_001_000,pixel_mse,mouth,0.00016424
49,1.000000,59cdb196328a33d4c7b1248b916e5090_shot_001_000,pixel_mse,upper_face,0.00006989
49,1.000000,59cdb196328a33d4c7b1248b916e5090_shot_001_000,pixel_mse,full,0.00010829
49,1.000000,59cdb196328a33d4c7b1248b916e5090_shot_001_000,ssim,mouth,0.96067786
49,1.000000,59cdb196328a33d4c7b1248b916e5090_shot_001_000,ssim,upper_face,0.97040933
49,1.000000,59cdb196328a33d4c7b1248b916e5090_shot_001_000,ssim,full,0.96644866
49,1.000000,59cdb196328a33d4c7b1248b916e5090_shot_001_000,lpips,mouth,0.03347747
49,1.000000,59cdb196328a33d4c7b1248b916e5090_shot_001_000,lpips,full,0.02753869
49,1.000000,59cdb196328a33d4c7b1248b916e5090_shot_001_000,sharpness,mouth,5.0711
49,1.000000,59cdb196328a33d4c7b1248b916e5090_shot_001_000,lmd,mouth,2.403976
49,1.000000,59cdb196328a33d4c7b1248b916e5090_shot_001_000,sync_d,mouth,10.715569
49,1.000000,59cdb196328a33d4c7b1248b916e5090_shot_001_000,sync_c,mouth,0.872301
-1,gt,a6927ea4c0223aa08b320e86987e4c89_shot_001_001,sharpness,mouth,9.3033
-1,gt,a6927ea4c0223aa08b320e86987e4c89_shot_001_001,sync_d,mouth,8.178820
-1,gt,a6927ea4c0223aa08b320e86987e4c89_shot_001_001,sync_c,mouth,2.294176
0,981.000000,a6927ea4c0223aa08b320e86987e4c89_shot_001_001,pixel_mse,mouth,0.00056019
0,981.000000,a6927ea4c0223aa08b320e86987e4c89_shot_001_001,pixel_mse,upper_face,0.00008594
0,981.000000,a6927ea4c0223aa08b320e86987e4c89_shot_001_001,pixel_mse,full,0.00027896
0,981.000000,a6927ea4c0223aa08b320e86987e4c89_shot_001_001,ssim,mouth,0.95122111
0,981.000000,a6927ea4c0223aa08b320e86987e4c89_shot_001_001,ssim,upper_face,0.97252655
0,981.000000,a6927ea4c0223aa08b320e86987e4c89_shot_001_001,ssim,full,0.96385527
0,981.000000,a6927ea4c0223aa08b320e86987e4c89_shot_001_001,lpips,mouth,0.03745559
0,981.000000,a6927ea4c0223aa08b320e86987e4c89_shot_001_001,lpips,full,0.02820906
0,981.000000,a6927ea4c0223aa08b320e86987e4c89_shot_001_001,sharpness,mouth,8.7357
0,981.000000,a6927ea4c0223aa08b320e86987e4c89_shot_001_001,lmd,mouth,2.458426
0,981.000000,a6927ea4c0223aa08b320e86987e4c89_shot_001_001,sync_d,mouth,7.026216
0,981.000000,a6927ea4c0223aa08b320e86987e4c89_shot_001_001,sync_c,mouth,2.755817
1,961.000000,a6927ea4c0223aa08b320e86987e4c89_shot_001_001,pixel_mse,mouth,0.00055178
1,961.000000,a6927ea4c0223aa08b320e86987e4c89_shot_001_001,pixel_mse,upper_face,0.00008110
1,961.000000,a6927ea4c0223aa08b320e86987e4c89_shot_001_001,pixel_mse,full,0.00027266
1,961.000000,a6927ea4c0223aa08b320e86987e4c89_shot_001_001,ssim,mouth,0.95157242
1,961.000000,a6927ea4c0223aa08b320e86987e4c89_shot_001_001,ssim,upper_face,0.97311461
1,961.000000,a6927ea4c0223aa08b320e86987e4c89_shot_001_001,ssim,full,0.96434695
1,961.000000,a6927ea4c0223aa08b320e86987e4c89_shot_001_001,lpips,mouth,0.03677419
1,961.000000,a6927ea4c0223aa08b320e86987e4c89_shot_001_001,lpips,full,0.02740599
1,961.000000,a6927ea4c0223aa08b320e86987e4c89_shot_001_001,sharpness,mouth,8.6634
1,961.000000,a6927ea4c0223aa08b320e86987e4c89_shot_001_001,lmd,mouth,2.428907
1,961.000000,a6927ea4c0223aa08b320e86987e4c89_shot_001_001,sync_d,mouth,6.853098
1,961.000000,a6927ea4c0223aa08b320e86987e4c89_shot_001_001,sync_c,mouth,2.942590
2,941.000000,a6927ea4c0223aa08b320e86987e4c89_shot_001_001,pixel_mse,mouth,0.00054620
2,941.000000,a6927ea4c0223aa08b320e86987e4c89_shot_001_001,pixel_mse,upper_face,0.00007352
2,941.000000,a6927ea4c0223aa08b320e86987e4c89_shot_001_001,pixel_mse,full,0.00026590
2,941.000000,a6927ea4c0223aa08b320e86987e4c89_shot_001_001,ssim,mouth,0.95161194
2,941.000000,a6927ea4c0223aa08b320e86987e4c89_shot_001_001,ssim,upper_face,0.97354984
2,941.000000,a6927ea4c0223aa08b320e86987e4c89_shot_001_001,ssim,full,0.96462119
2,941.000000,a6927ea4c0223aa08b320e86987e4c89_shot_001_001,lpips,mouth,0.03636787
2,941.000000,a6927ea4c0223aa08b320e86987e4c89_shot_001_001,lpips,full,0.02690967
2,941.000000,a6927ea4c0223aa08b320e86987e4c89_shot_001_001,sharpness,mouth,8.6074
2,941.000000,a6927ea4c0223aa08b320e86987e4c89_shot_001_001,lmd,mouth,2.576985
2,941.000000,a6927ea4c0223aa08b320e86987e4c89_shot_001_001,sync_d,mouth,6.941122
2,941.000000,a6927ea4c0223aa08b320e86987e4c89_shot_001_001,sync_c,mouth,3.020987
3,921.000000,a6927ea4c0223aa08b320e86987e4c89_shot_001_001,pixel_mse,mouth,0.00054179
3,921.000000,a6927ea4c0223aa08b320e86987e4c89_shot_001_001,pixel_mse,upper_face,0.00006997
3,921.000000,a6927ea4c0223aa08b320e86987e4c89_shot_001_001,pixel_mse,full,0.00026200
3,921.000000,a6927ea4c0223aa08b320e86987e4c89_shot_001_001,ssim,mouth,0.95184779
3,921.000000,a6927ea4c0223aa08b320e86987e4c89_shot_001_001,ssim,upper_face,0.97378588
3,921.000000,a6927ea4c0223aa08b320e86987e4c89_shot_001_001,ssim,full,0.96485710
3,921.000000,a6927ea4c0223aa08b320e86987e4c89_shot_001_001,lpips,mouth,0.03580946
3,921.000000,a6927ea4c0223aa08b320e86987e4c89_shot_001_001,lpips,full,0.02625036
3,921.000000,a6927ea4c0223aa08b320e86987e4c89_shot_001_001,sharpness,mouth,8.5667
3,921.000000,a6927ea4c0223aa08b320e86987e4c89_shot_001_001,lmd,mouth,2.485721
3,921.000000,a6927ea4c0223aa08b320e86987e4c89_shot_001_001,sync_d,mouth,6.880554
3,921.000000,a6927ea4c0223aa08b320e86987e4c89_shot_001_001,sync_c,mouth,2.966199
4,901.000000,a6927ea4c0223aa08b320e86987e4c89_shot_001_001,pixel_mse,mouth,0.00053871
4,901.000000,a6927ea4c0223aa08b320e86987e4c89_shot_001_001,pixel_mse,upper_face,0.00006762
4,901.000000,a6927ea4c0223aa08b320e86987e4c89_shot_001_001,pixel_mse,full,0.00025935
4,901.000000,a6927ea4c0223aa08b320e86987e4c89_shot_001_001,ssim,mouth,0.95192975
4,901.000000,a6927ea4c0223aa08b320e86987e4c89_shot_001_001,ssim,upper_face,0.97406900
4,901.000000,a6927ea4c0223aa08b320e86987e4c89_shot_001_001,ssim,full,0.96505839
4,901.000000,a6927ea4c0223aa08b320e86987e4c89_shot_001_001,lpips,mouth,0.03566300
4,901.000000,a6927ea4c0223aa08b320e86987e4c89_shot_001_001,lpips,full,0.02601001
4,901.000000,a6927ea4c0223aa08b320e86987e4c89_shot_001_001,sharpness,mouth,8.5287
4,901.000000,a6927ea4c0223aa08b320e86987e4c89_shot_001_001,lmd,mouth,2.324237
4,901.000000,a6927ea4c0223aa08b320e86987e4c89_shot_001_001,sync_d,mouth,6.956462
4,901.000000,a6927ea4c0223aa08b320e86987e4c89_shot_001_001,sync_c,mouth,2.976894
5,881.000000,a6927ea4c0223aa08b320e86987e4c89_shot_001_001,pixel_mse,mouth,0.00053526
5,881.000000,a6927ea4c0223aa08b320e86987e4c89_shot_001_001,pixel_mse,upper_face,0.00006460
5,881.000000,a6927ea4c0223aa08b320e86987e4c89_shot_001_001,pixel_mse,full,0.00025616
5,881.000000,a6927ea4c0223aa08b320e86987e4c89_shot_001_001,ssim,mouth,0.95207953
5,881.000000,a6927ea4c0223aa08b320e86987e4c89_shot_001_001,ssim,upper_face,0.97426671
5,881.000000,a6927ea4c0223aa08b320e86987e4c89_shot_001_001,ssim,full,0.96523654
5,881.000000,a6927ea4c0223aa08b320e86987e4c89_shot_001_001,lpips,mouth,0.03534639
5,881.000000,a6927ea4c0223aa08b320e86987e4c89_shot_001_001,lpips,full,0.02546929
5,881.000000,a6927ea4c0223aa08b320e86987e4c89_shot_001_001,sharpness,mouth,8.5346
5,881.000000,a6927ea4c0223aa08b320e86987e4c89_shot_001_001,lmd,mouth,2.436988
5,881.000000,a6927ea4c0223aa08b320e86987e4c89_shot_001_001,sync_d,mouth,6.861550
5,881.000000,a6927ea4c0223aa08b320e86987e4c89_shot_001_001,sync_c,mouth,3.058562
6,861.000000,a6927ea4c0223aa08b320e86987e4c89_shot_001_001,pixel_mse,mouth,0.00053412
6,861.000000,a6927ea4c0223aa08b320e86987e4c89_shot_001_001,pixel_mse,upper_face,0.00006228
6,861.000000,a6927ea4c0223aa08b320e86987e4c89_shot_001_001,pixel_mse,full,0.00025432
6,861.000000,a6927ea4c0223aa08b320e86987e4c89_shot_001_001,ssim,mouth,0.95213032
6,861.000000,a6927ea4c0223aa08b320e86987e4c89_shot_001_001,ssim,upper_face,0.97444296
6,861.000000,a6927ea4c0223aa08b320e86987e4c89_shot_001_001,ssim,full,0.96536177
6,861.000000,a6927ea4c0223aa08b320e86987e4c89_shot_001_001,lpips,mouth,0.03517772
6,861.000000,a6927ea4c0223aa08b320e86987e4c89_shot_001_001,lpips,full,0.02523112
6,861.000000,a6927ea4c0223aa08b320e86987e4c89_shot_001_001,sharpness,mouth,8.4688
6,861.000000,a6927ea4c0223aa08b320e86987e4c89_shot_001_001,lmd,mouth,2.456623
6,861.000000,a6927ea4c0223aa08b320e86987e4c89_shot_001_001,sync_d,mouth,6.870857
6,861.000000,a6927ea4c0223aa08b320e86987e4c89_shot_001_001,sync_c,mouth,2.970261
7,841.000000,a6927ea4c0223aa08b320e86987e4c89_shot_001_001,pixel_mse,mouth,0.00053060
7,841.000000,a6927ea4c0223aa08b320e86987e4c89_shot_001_001,pixel_mse,upper_face,0.00005991
7,841.000000,a6927ea4c0223aa08b320e86987e4c89_shot_001_001,pixel_mse,full,0.00025148
7,841.000000,a6927ea4c0223aa08b320e86987e4c89_shot_001_001,ssim,mouth,0.95229006
7,841.000000,a6927ea4c0223aa08b320e86987e4c89_shot_001_001,ssim,upper_face,0.97467673
7,841.000000,a6927ea4c0223aa08b320e86987e4c89_shot_001_001,ssim,full,0.96556538
7,841.000000,a6927ea4c0223aa08b320e86987e4c89_shot_001_001,lpips,mouth,0.03527404
7,841.000000,a6927ea4c0223aa08b320e86987e4c89_shot_001_001,lpips,full,0.02504277
7,841.000000,a6927ea4c0223aa08b320e86987e4c89_shot_001_001,sharpness,mouth,8.4600
7,841.000000,a6927ea4c0223aa08b320e86987e4c89_shot_001_001,lmd,mouth,2.536337
7,841.000000,a6927ea4c0223aa08b320e86987e4c89_shot_001_001,sync_d,mouth,6.773559
7,841.000000,a6927ea4c0223aa08b320e86987e4c89_shot_001_001,sync_c,mouth,3.143976
8,821.000000,a6927ea4c0223aa08b320e86987e4c89_shot_001_001,pixel_mse,mouth,0.00052826
8,821.000000,a6927ea4c0223aa08b320e86987e4c89_shot_001_001,pixel_mse,upper_face,0.00005904
8,821.000000,a6927ea4c0223aa08b320e86987e4c89_shot_001_001,pixel_mse,full,0.00025002
8,821.000000,a6927ea4c0223aa08b320e86987e4c89_shot_001_001,ssim,mouth,0.95238435
8,821.000000,a6927ea4c0223aa08b320e86987e4c89_shot_001_001,ssim,upper_face,0.97471130
8,821.000000,a6927ea4c0223aa08b320e86987e4c89_shot_001_001,ssim,full,0.96562427
8,821.000000,a6927ea4c0223aa08b320e86987e4c89_shot_001_001,lpips,mouth,0.03502195
8,821.000000,a6927ea4c0223aa08b320e86987e4c89_shot_001_001,lpips,full,0.02496744
8,821.000000,a6927ea4c0223aa08b320e86987e4c89_shot_001_001,sharpness,mouth,8.4809
8,821.000000,a6927ea4c0223aa08b320e86987e4c89_shot_001_001,lmd,mouth,2.533007
8,821.000000,a6927ea4c0223aa08b320e86987e4c89_shot_001_001,sync_d,mouth,6.741395
8,821.000000,a6927ea4c0223aa08b320e86987e4c89_shot_001_001,sync_c,mouth,3.164475
9,801.000000,a6927ea4c0223aa08b320e86987e4c89_shot_001_001,pixel_mse,mouth,0.00052485
9,801.000000,a6927ea4c0223aa08b320e86987e4c89_shot_001_001,pixel_mse,upper_face,0.00005748
9,801.000000,a6927ea4c0223aa08b320e86987e4c89_shot_001_001,pixel_mse,full,0.00024770
9,801.000000,a6927ea4c0223aa08b320e86987e4c89_shot_001_001,ssim,mouth,0.95241803
9,801.000000,a6927ea4c0223aa08b320e86987e4c89_shot_001_001,ssim,upper_face,0.97492713
9,801.000000,a6927ea4c0223aa08b320e86987e4c89_shot_001_001,ssim,full,0.96576595
9,801.000000,a6927ea4c0223aa08b320e86987e4c89_shot_001_001,lpips,mouth,0.03462209
9,801.000000,a6927ea4c0223aa08b320e86987e4c89_shot_001_001,lpips,full,0.02481268
9,801.000000,a6927ea4c0223aa08b320e86987e4c89_shot_001_001,sharpness,mouth,8.4507
9,801.000000,a6927ea4c0223aa08b320e86987e4c89_shot_001_001,lmd,mouth,2.576456
9,801.000000,a6927ea4c0223aa08b320e86987e4c89_shot_001_001,sync_d,mouth,6.755777
9,801.000000,a6927ea4c0223aa08b320e86987e4c89_shot_001_001,sync_c,mouth,3.163439
10,781.000000,a6927ea4c0223aa08b320e86987e4c89_shot_001_001,pixel_mse,mouth,0.00051939
10,781.000000,a6927ea4c0223aa08b320e86987e4c89_shot_001_001,pixel_mse,upper_face,0.00005607
10,781.000000,a6927ea4c0223aa08b320e86987e4c89_shot_001_001,pixel_mse,full,0.00024464
10,781.000000,a6927ea4c0223aa08b320e86987e4c89_shot_001_001,ssim,mouth,0.95278347
10,781.000000,a6927ea4c0223aa08b320e86987e4c89_shot_001_001,ssim,upper_face,0.97508556
10,781.000000,a6927ea4c0223aa08b320e86987e4c89_shot_001_001,ssim,full,0.96600866
10,781.000000,a6927ea4c0223aa08b320e86987e4c89_shot_001_001,lpips,mouth,0.03483253
10,781.000000,a6927ea4c0223aa08b320e86987e4c89_shot_001_001,lpips,full,0.02466718
10,781.000000,a6927ea4c0223aa08b320e86987e4c89_shot_001_001,sharpness,mouth,8.4047
10,781.000000,a6927ea4c0223aa08b320e86987e4c89_shot_001_001,lmd,mouth,2.517941
10,781.000000,a6927ea4c0223aa08b320e86987e4c89_shot_001_001,sync_d,mouth,6.932554
10,781.000000,a6927ea4c0223aa08b320e86987e4c89_shot_001_001,sync_c,mouth,3.104437
11,761.000000,a6927ea4c0223aa08b320e86987e4c89_shot_001_001,pixel_mse,mouth,0.00051432
11,761.000000,a6927ea4c0223aa08b320e86987e4c89_shot_001_001,pixel_mse,upper_face,0.00005554
11,761.000000,a6927ea4c0223aa08b320e86987e4c89_shot_001_001,pixel_mse,full,0.00024226
11,761.000000,a6927ea4c0223aa08b320e86987e4c89_shot_001_001,ssim,mouth,0.95281100
11,761.000000,a6927ea4c0223aa08b320e86987e4c89_shot_001_001,ssim,upper_face,0.97509682
11,761.000000,a6927ea4c0223aa08b320e86987e4c89_shot_001_001,ssim,full,0.96602654
11,761.000000,a6927ea4c0223aa08b320e86987e4c89_shot_001_001,lpips,mouth,0.03466538
11,761.000000,a6927ea4c0223aa08b320e86987e4c89_shot_001_001,lpips,full,0.02454900
11,761.000000,a6927ea4c0223aa08b320e86987e4c89_shot_001_001,sharpness,mouth,8.3862
11,761.000000,a6927ea4c0223aa08b320e86987e4c89_shot_001_001,lmd,mouth,2.439229
11,761.000000,a6927ea4c0223aa08b320e86987e4c89_shot_001_001,sync_d,mouth,6.938766
11,761.000000,a6927ea4c0223aa08b320e86987e4c89_shot_001_001,sync_c,mouth,3.048371
12,741.000000,a6927ea4c0223aa08b320e86987e4c89_shot_001_001,pixel_mse,mouth,0.00051230
12,741.000000,a6927ea4c0223aa08b320e86987e4c89_shot_001_001,pixel_mse,upper_face,0.00005510
12,741.000000,a6927ea4c0223aa08b320e86987e4c89_shot_001_001,pixel_mse,full,0.00024118
12,741.000000,a6927ea4c0223aa08b320e86987e4c89_shot_001_001,ssim,mouth,0.95299911
12,741.000000,a6927ea4c0223aa08b320e86987e4c89_shot_001_001,ssim,upper_face,0.97518671
12,741.000000,a6927ea4c0223aa08b320e86987e4c89_shot_001_001,ssim,full,0.96615642
12,741.000000,a6927ea4c0223aa08b320e86987e4c89_shot_001_001,lpips,mouth,0.03449606
12,741.000000,a6927ea4c0223aa08b320e86987e4c89_shot_001_001,lpips,full,0.02451465
12,741.000000,a6927ea4c0223aa08b320e86987e4c89_shot_001_001,sharpness,mouth,8.3302
12,741.000000,a6927ea4c0223aa08b320e86987e4c89_shot_001_001,lmd,mouth,2.520929
12,741.000000,a6927ea4c0223aa08b320e86987e4c89_shot_001_001,sync_d,mouth,6.964420
12,741.000000,a6927ea4c0223aa08b320e86987e4c89_shot_001_001,sync_c,mouth,2.987453
13,721.000000,a6927ea4c0223aa08b320e86987e4c89_shot_001_001,pixel_mse,mouth,0.00050801
13,721.000000,a6927ea4c0223aa08b320e86987e4c89_shot_001_001,pixel_mse,upper_face,0.00005508
13,721.000000,a6927ea4c0223aa08b320e86987e4c89_shot_001_001,pixel_mse,full,0.00023942
13,721.000000,a6927ea4c0223aa08b320e86987e4c89_shot_001_001,ssim,mouth,0.95321262
13,721.000000,a6927ea4c0223aa08b320e86987e4c89_shot_001_001,ssim,upper_face,0.97528327
13,721.000000,a6927ea4c0223aa08b320e86987e4c89_shot_001_001,ssim,full,0.96630055
13,721.000000,a6927ea4c0223aa08b320e86987e4c89_shot_001_001,lpips,mouth,0.03456331
13,721.000000,a6927ea4c0223aa08b320e86987e4c89_shot_001_001,lpips,full,0.02430027
13,721.000000,a6927ea4c0223aa08b320e86987e4c89_shot_001_001,sharpness,mouth,8.3266
13,721.000000,a6927ea4c0223aa08b320e86987e4c89_shot_001_001,lmd,mouth,2.527273
13,721.000000,a6927ea4c0223aa08b320e86987e4c89_shot_001_001,sync_d,mouth,6.934711
13,721.000000,a6927ea4c0223aa08b320e86987e4c89_shot_001_001,sync_c,mouth,3.141219
14,701.000000,a6927ea4c0223aa08b320e86987e4c89_shot_001_001,pixel_mse,mouth,0.00050147
14,701.000000,a6927ea4c0223aa08b320e86987e4c89_shot_001_001,pixel_mse,upper_face,0.00005415
14,701.000000,a6927ea4c0223aa08b320e86987e4c89_shot_001_001,pixel_mse,full,0.00023621
14,701.000000,a6927ea4c0223aa08b320e86987e4c89_shot_001_001,ssim,mouth,0.95349991
14,701.000000,a6927ea4c0223aa08b320e86987e4c89_shot_001_001,ssim,upper_face,0.97532970
14,701.000000,a6927ea4c0223aa08b320e86987e4c89_shot_001_001,ssim,full,0.96644503
14,701.000000,a6927ea4c0223aa08b320e86987e4c89_shot_001_001,lpips,mouth,0.03441571
14,701.000000,a6927ea4c0223aa08b320e86987e4c89_shot_001_001,lpips,full,0.02430194
14,701.000000,a6927ea4c0223aa08b320e86987e4c89_shot_001_001,sharpness,mouth,8.2915
14,701.000000,a6927ea4c0223aa08b320e86987e4c89_shot_001_001,lmd,mouth,2.487959
14,701.000000,a6927ea4c0223aa08b320e86987e4c89_shot_001_001,sync_d,mouth,6.905495
14,701.000000,a6927ea4c0223aa08b320e86987e4c89_shot_001_001,sync_c,mouth,2.972418
15,681.000000,a6927ea4c0223aa08b320e86987e4c89_shot_001_001,pixel_mse,mouth,0.00049615
15,681.000000,a6927ea4c0223aa08b320e86987e4c89_shot_001_001,pixel_mse,upper_face,0.00005277
15,681.000000,a6927ea4c0223aa08b320e86987e4c89_shot_001_001,pixel_mse,full,0.00023322
15,681.000000,a6927ea4c0223aa08b320e86987e4c89_shot_001_001,ssim,mouth,0.95362890
15,681.000000,a6927ea4c0223aa08b320e86987e4c89_shot_001_001,ssim,upper_face,0.97546244
15,681.000000,a6927ea4c0223aa08b320e86987e4c89_shot_001_001,ssim,full,0.96657622
15,681.000000,a6927ea4c0223aa08b320e86987e4c89_shot_001_001,lpips,mouth,0.03400829
15,681.000000,a6927ea4c0223aa08b320e86987e4c89_shot_001_001,lpips,full,0.02388472
15,681.000000,a6927ea4c0223aa08b320e86987e4c89_shot_001_001,sharpness,mouth,8.2835
15,681.000000,a6927ea4c0223aa08b320e86987e4c89_shot_001_001,lmd,mouth,2.531074
15,681.000000,a6927ea4c0223aa08b320e86987e4c89_shot_001_001,sync_d,mouth,6.839524
15,681.000000,a6927ea4c0223aa08b320e86987e4c89_shot_001_001,sync_c,mouth,3.093995
16,661.000000,a6927ea4c0223aa08b320e86987e4c89_shot_001_001,pixel_mse,mouth,0.00048913
16,661.000000,a6927ea4c0223aa08b320e86987e4c89_shot_001_001,pixel_mse,upper_face,0.00005234
16,661.000000,a6927ea4c0223aa08b320e86987e4c89_shot_001_001,pixel_mse,full,0.00023011
16,661.000000,a6927ea4c0223aa08b320e86987e4c89_shot_001_001,ssim,mouth,0.95391423
16,661.000000,a6927ea4c0223aa08b320e86987e4c89_shot_001_001,ssim,upper_face,0.97543496
16,661.000000,a6927ea4c0223aa08b320e86987e4c89_shot_001_001,ssim,full,0.96667606
16,661.000000,a6927ea4c0223aa08b320e86987e4c89_shot_001_001,lpips,mouth,0.03406555
16,661.000000,a6927ea4c0223aa08b320e86987e4c89_shot_001_001,lpips,full,0.02392965
16,661.000000,a6927ea4c0223aa08b320e86987e4c89_shot_001_001,sharpness,mouth,8.2647
16,661.000000,a6927ea4c0223aa08b320e86987e4c89_shot_001_001,lmd,mouth,2.418694
16,661.000000,a6927ea4c0223aa08b320e86987e4c89_shot_001_001,sync_d,mouth,6.922980
16,661.000000,a6927ea4c0223aa08b320e86987e4c89_shot_001_001,sync_c,mouth,2.932039
17,641.000000,a6927ea4c0223aa08b320e86987e4c89_shot_001_001,pixel_mse,mouth,0.00048309
17,641.000000,a6927ea4c0223aa08b320e86987e4c89_shot_001_001,pixel_mse,upper_face,0.00005181
17,641.000000,a6927ea4c0223aa08b320e86987e4c89_shot_001_001,pixel_mse,full,0.00022734
17,641.000000,a6927ea4c0223aa08b320e86987e4c89_shot_001_001,ssim,mouth,0.95417732
17,641.000000,a6927ea4c0223aa08b320e86987e4c89_shot_001_001,ssim,upper_face,0.97560459
17,641.000000,a6927ea4c0223aa08b320e86987e4c89_shot_001_001,ssim,full,0.96688372
17,641.000000,a6927ea4c0223aa08b320e86987e4c89_shot_001_001,lpips,mouth,0.03403533
17,641.000000,a6927ea4c0223aa08b320e86987e4c89_shot_001_001,lpips,full,0.02396880
17,641.000000,a6927ea4c0223aa08b320e86987e4c89_shot_001_001,sharpness,mouth,8.2767
17,641.000000,a6927ea4c0223aa08b320e86987e4c89_shot_001_001,lmd,mouth,2.409453
17,641.000000,a6927ea4c0223aa08b320e86987e4c89_shot_001_001,sync_d,mouth,7.006119
17,641.000000,a6927ea4c0223aa08b320e86987e4c89_shot_001_001,sync_c,mouth,3.061443
18,621.000000,a6927ea4c0223aa08b320e86987e4c89_shot_001_001,pixel_mse,mouth,0.00047751
18,621.000000,a6927ea4c0223aa08b320e86987e4c89_shot_001_001,pixel_mse,upper_face,0.00005106
18,621.000000,a6927ea4c0223aa08b320e86987e4c89_shot_001_001,pixel_mse,full,0.00022462
18,621.000000,a6927ea4c0223aa08b320e86987e4c89_shot_001_001,ssim,mouth,0.95439082
18,621.000000,a6927ea4c0223aa08b320e86987e4c89_shot_001_001,ssim,upper_face,0.97560358
18,621.000000,a6927ea4c0223aa08b320e86987e4c89_shot_001_001,ssim,full,0.96697003
18,621.000000,a6927ea4c0223aa08b320e86987e4c89_shot_001_001,lpips,mouth,0.03385072
18,621.000000,a6927ea4c0223aa08b320e86987e4c89_shot_001_001,lpips,full,0.02381153
18,621.000000,a6927ea4c0223aa08b320e86987e4c89_shot_001_001,sharpness,mouth,8.2656
18,621.000000,a6927ea4c0223aa08b320e86987e4c89_shot_001_001,lmd,mouth,2.483849
18,621.000000,a6927ea4c0223aa08b320e86987e4c89_shot_001_001,sync_d,mouth,6.928096
18,621.000000,a6927ea4c0223aa08b320e86987e4c89_shot_001_001,sync_c,mouth,2.994356
19,601.000000,a6927ea4c0223aa08b320e86987e4c89_shot_001_001,pixel_mse,mouth,0.00047238
19,601.000000,a6927ea4c0223aa08b320e86987e4c89_shot_001_001,pixel_mse,upper_face,0.00005061
19,601.000000,a6927ea4c0223aa08b320e86987e4c89_shot_001_001,pixel_mse,full,0.00022227
19,601.000000,a6927ea4c0223aa08b320e86987e4c89_shot_001_001,ssim,mouth,0.95466375
19,601.000000,a6927ea4c0223aa08b320e86987e4c89_shot_001_001,ssim,upper_face,0.97565132
19,601.000000,a6927ea4c0223aa08b320e86987e4c89_shot_001_001,ssim,full,0.96710950
19,601.000000,a6927ea4c0223aa08b320e86987e4c89_shot_001_001,lpips,mouth,0.03364784
19,601.000000,a6927ea4c0223aa08b320e86987e4c89_shot_001_001,lpips,full,0.02383197
19,601.000000,a6927ea4c0223aa08b320e86987e4c89_shot_001_001,sharpness,mouth,8.2343
19,601.000000,a6927ea4c0223aa08b320e86987e4c89_shot_001_001,lmd,mouth,2.472260
19,601.000000,a6927ea4c0223aa08b320e86987e4c89_shot_001_001,sync_d,mouth,7.042470
19,601.000000,a6927ea4c0223aa08b320e86987e4c89_shot_001_001,sync_c,mouth,2.867622
20,581.000000,a6927ea4c0223aa08b320e86987e4c89_shot_001_001,pixel_mse,mouth,0.00046795
20,581.000000,a6927ea4c0223aa08b320e86987e4c89_shot_001_001,pixel_mse,upper_face,0.00005040
20,581.000000,a6927ea4c0223aa08b320e86987e4c89_shot_001_001,pixel_mse,full,0.00022034
20,581.000000,a6927ea4c0223aa08b320e86987e4c89_shot_001_001,ssim,mouth,0.95488685
20,581.000000,a6927ea4c0223aa08b320e86987e4c89_shot_001_001,ssim,upper_face,0.97570884
20,581.000000,a6927ea4c0223aa08b320e86987e4c89_shot_001_001,ssim,full,0.96723431
20,581.000000,a6927ea4c0223aa08b320e86987e4c89_shot_001_001,lpips,mouth,0.03355745
20,581.000000,a6927ea4c0223aa08b320e86987e4c89_shot_001_001,lpips,full,0.02365683
20,581.000000,a6927ea4c0223aa08b320e86987e4c89_shot_001_001,sharpness,mouth,8.2387
20,581.000000,a6927ea4c0223aa08b320e86987e4c89_shot_001_001,lmd,mouth,2.418292
20,581.000000,a6927ea4c0223aa08b320e86987e4c89_shot_001_001,sync_d,mouth,7.084071
20,581.000000,a6927ea4c0223aa08b320e86987e4c89_shot_001_001,sync_c,mouth,2.869977
21,561.000000,a6927ea4c0223aa08b320e86987e4c89_shot_001_001,pixel_mse,mouth,0.00046334
21,561.000000,a6927ea4c0223aa08b320e86987e4c89_shot_001_001,pixel_mse,upper_face,0.00004999
21,561.000000,a6927ea4c0223aa08b320e86987e4c89_shot_001_001,pixel_mse,full,0.00021822
21,561.000000,a6927ea4c0223aa08b320e86987e4c89_shot_001_001,ssim,mouth,0.95503747
21,561.000000,a6927ea4c0223aa08b320e86987e4c89_shot_001_001,ssim,upper_face,0.97571707
21,561.000000,a6927ea4c0223aa08b320e86987e4c89_shot_001_001,ssim,full,0.96730059
21,561.000000,a6927ea4c0223aa08b320e86987e4c89_shot_001_001,lpips,mouth,0.03351887
21,561.000000,a6927ea4c0223aa08b320e86987e4c89_shot_001_001,lpips,full,0.02355307
21,561.000000,a6927ea4c0223aa08b320e86987e4c89_shot_001_001,sharpness,mouth,8.2200
21,561.000000,a6927ea4c0223aa08b320e86987e4c89_shot_001_001,lmd,mouth,2.481198
21,561.000000,a6927ea4c0223aa08b320e86987e4c89_shot_001_001,sync_d,mouth,6.996941
21,561.000000,a6927ea4c0223aa08b320e86987e4c89_shot_001_001,sync_c,mouth,2.898156
22,541.000000,a6927ea4c0223aa08b320e86987e4c89_shot_001_001,pixel_mse,mouth,0.00045993
22,541.000000,a6927ea4c0223aa08b320e86987e4c89_shot_001_001,pixel_mse,upper_face,0.00004948
22,541.000000,a6927ea4c0223aa08b320e86987e4c89_shot_001_001,pixel_mse,full,0.00021653
22,541.000000,a6927ea4c0223aa08b320e86987e4c89_shot_001_001,ssim,mouth,0.95516932
22,541.000000,a6927ea4c0223aa08b320e86987e4c89_shot_001_001,ssim,upper_face,0.97576648
22,541.000000,a6927ea4c0223aa08b320e86987e4c89_shot_001_001,ssim,full,0.96738350
22,541.000000,a6927ea4c0223aa08b320e86987e4c89_shot_001_001,lpips,mouth,0.03329363
22,541.000000,a6927ea4c0223aa08b320e86987e4c89_shot_001_001,lpips,full,0.02357459
22,541.000000,a6927ea4c0223aa08b320e86987e4c89_shot_001_001,sharpness,mouth,8.2041
22,541.000000,a6927ea4c0223aa08b320e86987e4c89_shot_001_001,lmd,mouth,2.497201
22,541.000000,a6927ea4c0223aa08b320e86987e4c89_shot_001_001,sync_d,mouth,6.876872
22,541.000000,a6927ea4c0223aa08b320e86987e4c89_shot_001_001,sync_c,mouth,3.053422
23,521.000000,a6927ea4c0223aa08b320e86987e4c89_shot_001_001,pixel_mse,mouth,0.00045652
23,521.000000,a6927ea4c0223aa08b320e86987e4c89_shot_001_001,pixel_mse,upper_face,0.00004923
23,521.000000,a6927ea4c0223aa08b320e86987e4c89_shot_001_001,pixel_mse,full,0.00021499
23,521.000000,a6927ea4c0223aa08b320e86987e4c89_shot_001_001,ssim,mouth,0.95528913
23,521.000000,a6927ea4c0223aa08b320e86987e4c89_shot_001_001,ssim,upper_face,0.97579086
23,521.000000,a6927ea4c0223aa08b320e86987e4c89_shot_001_001,ssim,full,0.96744668
23,521.000000,a6927ea4c0223aa08b320e86987e4c89_shot_001_001,lpips,mouth,0.03355312
23,521.000000,a6927ea4c0223aa08b320e86987e4c89_shot_001_001,lpips,full,0.02354102
23,521.000000,a6927ea4c0223aa08b320e86987e4c89_shot_001_001,sharpness,mouth,8.2267
23,521.000000,a6927ea4c0223aa08b320e86987e4c89_shot_001_001,lmd,mouth,2.300471
23,521.000000,a6927ea4c0223aa08b320e86987e4c89_shot_001_001,sync_d,mouth,7.002889
23,521.000000,a6927ea4c0223aa08b320e86987e4c89_shot_001_001,sync_c,mouth,2.943588
24,501.000000,a6927ea4c0223aa08b320e86987e4c89_shot_001_001,pixel_mse,mouth,0.00045489
24,501.000000,a6927ea4c0223aa08b320e86987e4c89_shot_001_001,pixel_mse,upper_face,0.00004879
24,501.000000,a6927ea4c0223aa08b320e86987e4c89_shot_001_001,pixel_mse,full,0.00021407
24,501.000000,a6927ea4c0223aa08b320e86987e4c89_shot_001_001,ssim,mouth,0.95537943
24,501.000000,a6927ea4c0223aa08b320e86987e4c89_shot_001_001,ssim,upper_face,0.97584695
24,501.000000,a6927ea4c0223aa08b320e86987e4c89_shot_001_001,ssim,full,0.96751666
24,501.000000,a6927ea4c0223aa08b320e86987e4c89_shot_001_001,lpips,mouth,0.03340797
24,501.000000,a6927ea4c0223aa08b320e86987e4c89_shot_001_001,lpips,full,0.02357385
24,501.000000,a6927ea4c0223aa08b320e86987e4c89_shot_001_001,sharpness,mouth,8.1706
24,501.000000,a6927ea4c0223aa08b320e86987e4c89_shot_001_001,lmd,mouth,2.427825
24,501.000000,a6927ea4c0223aa08b320e86987e4c89_shot_001_001,sync_d,mouth,7.131758
24,501.000000,a6927ea4c0223aa08b320e86987e4c89_shot_001_001,sync_c,mouth,2.815343
25,481.000000,a6927ea4c0223aa08b320e86987e4c89_shot_001_001,pixel_mse,mouth,0.00045146
25,481.000000,a6927ea4c0223aa08b320e86987e4c89_shot_001_001,pixel_mse,upper_face,0.00004871
25,481.000000,a6927ea4c0223aa08b320e86987e4c89_shot_001_001,pixel_mse,full,0.00021263
25,481.000000,a6927ea4c0223aa08b320e86987e4c89_shot_001_001,ssim,mouth,0.95560277
25,481.000000,a6927ea4c0223aa08b320e86987e4c89_shot_001_001,ssim,upper_face,0.97583115
25,481.000000,a6927ea4c0223aa08b320e86987e4c89_shot_001_001,ssim,full,0.96759820
25,481.000000,a6927ea4c0223aa08b320e86987e4c89_shot_001_001,lpips,mouth,0.03347968
25,481.000000,a6927ea4c0223aa08b320e86987e4c89_shot_001_001,lpips,full,0.02351267
25,481.000000,a6927ea4c0223aa08b320e86987e4c89_shot_001_001,sharpness,mouth,8.2188
25,481.000000,a6927ea4c0223aa08b320e86987e4c89_shot_001_001,lmd,mouth,2.420329
25,481.000000,a6927ea4c0223aa08b320e86987e4c89_shot_001_001,sync_d,mouth,7.194206
25,481.000000,a6927ea4c0223aa08b320e86987e4c89_shot_001_001,sync_c,mouth,2.696160
26,461.000000,a6927ea4c0223aa08b320e86987e4c89_shot_001_001,pixel_mse,mouth,0.00045047
26,461.000000,a6927ea4c0223aa08b320e86987e4c89_shot_001_001,pixel_mse,upper_face,0.00004853
26,461.000000,a6927ea4c0223aa08b320e86987e4c89_shot_001_001,pixel_mse,full,0.00021212
26,461.000000,a6927ea4c0223aa08b320e86987e4c89_shot_001_001,ssim,mouth,0.95563316
26,461.000000,a6927ea4c0223aa08b320e86987e4c89_shot_001_001,ssim,upper_face,0.97589028
26,461.000000,a6927ea4c0223aa08b320e86987e4c89_shot_001_001,ssim,full,0.96764565
26,461.000000,a6927ea4c0223aa08b320e86987e4c89_shot_001_001,lpips,mouth,0.03344326
26,461.000000,a6927ea4c0223aa08b320e86987e4c89_shot_001_001,lpips,full,0.02345527
26,461.000000,a6927ea4c0223aa08b320e86987e4c89_shot_001_001,sharpness,mouth,8.1980
26,461.000000,a6927ea4c0223aa08b320e86987e4c89_shot_001_001,lmd,mouth,2.429084
26,461.000000,a6927ea4c0223aa08b320e86987e4c89_shot_001_001,sync_d,mouth,6.923421
26,461.000000,a6927ea4c0223aa08b320e86987e4c89_shot_001_001,sync_c,mouth,3.071280
27,441.000000,a6927ea4c0223aa08b320e86987e4c89_shot_001_001,pixel_mse,mouth,0.00044822
27,441.000000,a6927ea4c0223aa08b320e86987e4c89_shot_001_001,pixel_mse,upper_face,0.00004841
27,441.000000,a6927ea4c0223aa08b320e86987e4c89_shot_001_001,pixel_mse,full,0.00021113
27,441.000000,a6927ea4c0223aa08b320e86987e4c89_shot_001_001,ssim,mouth,0.95574141
27,441.000000,a6927ea4c0223aa08b320e86987e4c89_shot_001_001,ssim,upper_face,0.97588319
27,441.000000,a6927ea4c0223aa08b320e86987e4c89_shot_001_001,ssim,full,0.96768558
27,441.000000,a6927ea4c0223aa08b320e86987e4c89_shot_001_001,lpips,mouth,0.03322741
27,441.000000,a6927ea4c0223aa08b320e86987e4c89_shot_001_001,lpips,full,0.02335061
27,441.000000,a6927ea4c0223aa08b320e86987e4c89_shot_001_001,sharpness,mouth,8.1840
27,441.000000,a6927ea4c0223aa08b320e86987e4c89_shot_001_001,lmd,mouth,2.418981
27,441.000000,a6927ea4c0223aa08b320e86987e4c89_shot_001_001,sync_d,mouth,7.125340
27,441.000000,a6927ea4c0223aa08b320e86987e4c89_shot_001_001,sync_c,mouth,2.855033
28,421.000000,a6927ea4c0223aa08b320e86987e4c89_shot_001_001,pixel_mse,mouth,0.00044608
28,421.000000,a6927ea4c0223aa08b320e86987e4c89_shot_001_001,pixel_mse,upper_face,0.00004800
28,421.000000,a6927ea4c0223aa08b320e86987e4c89_shot_001_001,pixel_mse,full,0.00021002
28,421.000000,a6927ea4c0223aa08b320e86987e4c89_shot_001_001,ssim,mouth,0.95587039
28,421.000000,a6927ea4c0223aa08b320e86987e4c89_shot_001_001,ssim,upper_face,0.97596037
28,421.000000,a6927ea4c0223aa08b320e86987e4c89_shot_001_001,ssim,full,0.96778381
28,421.000000,a6927ea4c0223aa08b320e86987e4c89_shot_001_001,lpips,mouth,0.03345739
28,421.000000,a6927ea4c0223aa08b320e86987e4c89_shot_001_001,lpips,full,0.02338027
28,421.000000,a6927ea4c0223aa08b320e86987e4c89_shot_001_001,sharpness,mouth,8.1373
28,421.000000,a6927ea4c0223aa08b320e86987e4c89_shot_001_001,lmd,mouth,2.381378
28,421.000000,a6927ea4c0223aa08b320e86987e4c89_shot_001_001,sync_d,mouth,7.093095
28,421.000000,a6927ea4c0223aa08b320e86987e4c89_shot_001_001,sync_c,mouth,2.768301
29,401.000000,a6927ea4c0223aa08b320e86987e4c89_shot_001_001,pixel_mse,mouth,0.00044446
29,401.000000,a6927ea4c0223aa08b320e86987e4c89_shot_001_001,pixel_mse,upper_face,0.00004814
29,401.000000,a6927ea4c0223aa08b320e86987e4c89_shot_001_001,pixel_mse,full,0.00020944
29,401.000000,a6927ea4c0223aa08b320e86987e4c89_shot_001_001,ssim,mouth,0.95592254
29,401.000000,a6927ea4c0223aa08b320e86987e4c89_shot_001_001,ssim,upper_face,0.97583425
29,401.000000,a6927ea4c0223aa08b320e86987e4c89_shot_001_001,ssim,full,0.96773028
29,401.000000,a6927ea4c0223aa08b320e86987e4c89_shot_001_001,lpips,mouth,0.03352138
29,401.000000,a6927ea4c0223aa08b320e86987e4c89_shot_001_001,lpips,full,0.02339920
29,401.000000,a6927ea4c0223aa08b320e86987e4c89_shot_001_001,sharpness,mouth,8.1237
29,401.000000,a6927ea4c0223aa08b320e86987e4c89_shot_001_001,lmd,mouth,2.371640
29,401.000000,a6927ea4c0223aa08b320e86987e4c89_shot_001_001,sync_d,mouth,7.203470
29,401.000000,a6927ea4c0223aa08b320e86987e4c89_shot_001_001,sync_c,mouth,2.762406
30,381.000000,a6927ea4c0223aa08b320e86987e4c89_shot_001_001,pixel_mse,mouth,0.00044411
30,381.000000,a6927ea4c0223aa08b320e86987e4c89_shot_001_001,pixel_mse,upper_face,0.00004780
30,381.000000,a6927ea4c0223aa08b320e86987e4c89_shot_001_001,pixel_mse,full,0.00020910
30,381.000000,a6927ea4c0223aa08b320e86987e4c89_shot_001_001,ssim,mouth,0.95592022
30,381.000000,a6927ea4c0223aa08b320e86987e4c89_shot_001_001,ssim,upper_face,0.97600162
30,381.000000,a6927ea4c0223aa08b320e86987e4c89_shot_001_001,ssim,full,0.96782851
30,381.000000,a6927ea4c0223aa08b320e86987e4c89_shot_001_001,lpips,mouth,0.03319326
30,381.000000,a6927ea4c0223aa08b320e86987e4c89_shot_001_001,lpips,full,0.02324148
30,381.000000,a6927ea4c0223aa08b320e86987e4c89_shot_001_001,sharpness,mouth,8.1493
30,381.000000,a6927ea4c0223aa08b320e86987e4c89_shot_001_001,lmd,mouth,2.438856
30,381.000000,a6927ea4c0223aa08b320e86987e4c89_shot_001_001,sync_d,mouth,7.179671
30,381.000000,a6927ea4c0223aa08b320e86987e4c89_shot_001_001,sync_c,mouth,2.848132
31,361.000000,a6927ea4c0223aa08b320e86987e4c89_shot_001_001,pixel_mse,mouth,0.00044289
31,361.000000,a6927ea4c0223aa08b320e86987e4c89_shot_001_001,pixel_mse,upper_face,0.00004769
31,361.000000,a6927ea4c0223aa08b320e86987e4c89_shot_001_001,pixel_mse,full,0.00020853
31,361.000000,a6927ea4c0223aa08b320e86987e4c89_shot_001_001,ssim,mouth,0.95592290
31,361.000000,a6927ea4c0223aa08b320e86987e4c89_shot_001_001,ssim,upper_face,0.97598732
31,361.000000,a6927ea4c0223aa08b320e86987e4c89_shot_001_001,ssim,full,0.96782118
31,361.000000,a6927ea4c0223aa08b320e86987e4c89_shot_001_001,lpips,mouth,0.03364177
31,361.000000,a6927ea4c0223aa08b320e86987e4c89_shot_001_001,lpips,full,0.02350395
31,361.000000,a6927ea4c0223aa08b320e86987e4c89_shot_001_001,sharpness,mouth,8.1586
31,361.000000,a6927ea4c0223aa08b320e86987e4c89_shot_001_001,lmd,mouth,2.404482
31,361.000000,a6927ea4c0223aa08b320e86987e4c89_shot_001_001,sync_d,mouth,7.193492
31,361.000000,a6927ea4c0223aa08b320e86987e4c89_shot_001_001,sync_c,mouth,2.770137
32,341.000000,a6927ea4c0223aa08b320e86987e4c89_shot_001_001,pixel_mse,mouth,0.00044178
32,341.000000,a6927ea4c0223aa08b320e86987e4c89_shot_001_001,pixel_mse,upper_face,0.00004770
32,341.000000,a6927ea4c0223aa08b320e86987e4c89_shot_001_001,pixel_mse,full,0.00020809
32,341.000000,a6927ea4c0223aa08b320e86987e4c89_shot_001_001,ssim,mouth,0.95607698
32,341.000000,a6927ea4c0223aa08b320e86987e4c89_shot_001_001,ssim,upper_face,0.97591615
32,341.000000,a6927ea4c0223aa08b320e86987e4c89_shot_001_001,ssim,full,0.96784168
32,341.000000,a6927ea4c0223aa08b320e86987e4c89_shot_001_001,lpips,mouth,0.03355714
32,341.000000,a6927ea4c0223aa08b320e86987e4c89_shot_001_001,lpips,full,0.02349879
32,341.000000,a6927ea4c0223aa08b320e86987e4c89_shot_001_001,sharpness,mouth,8.1723
32,341.000000,a6927ea4c0223aa08b320e86987e4c89_shot_001_001,lmd,mouth,2.490864
32,341.000000,a6927ea4c0223aa08b320e86987e4c89_shot_001_001,sync_d,mouth,7.040487
32,341.000000,a6927ea4c0223aa08b320e86987e4c89_shot_001_001,sync_c,mouth,2.900407
33,321.000000,a6927ea4c0223aa08b320e86987e4c89_shot_001_001,pixel_mse,mouth,0.00044100
33,321.000000,a6927ea4c0223aa08b320e86987e4c89_shot_001_001,pixel_mse,upper_face,0.00004775
33,321.000000,a6927ea4c0223aa08b320e86987e4c89_shot_001_001,pixel_mse,full,0.00020780
33,321.000000,a6927ea4c0223aa08b320e86987e4c89_shot_001_001,ssim,mouth,0.95606792
33,321.000000,a6927ea4c0223aa08b320e86987e4c89_shot_001_001,ssim,upper_face,0.97596931
33,321.000000,a6927ea4c0223aa08b320e86987e4c89_shot_001_001,ssim,full,0.96786952
33,321.000000,a6927ea4c0223aa08b320e86987e4c89_shot_001_001,lpips,mouth,0.03362231
33,321.000000,a6927ea4c0223aa08b320e86987e4c89_shot_001_001,lpips,full,0.02369063
33,321.000000,a6927ea4c0223aa08b320e86987e4c89_shot_001_001,sharpness,mouth,8.1342
33,321.000000,a6927ea4c0223aa08b320e86987e4c89_shot_001_001,lmd,mouth,2.486174
33,321.000000,a6927ea4c0223aa08b320e86987e4c89_shot_001_001,sync_d,mouth,7.075172
33,321.000000,a6927ea4c0223aa08b320e86987e4c89_shot_001_001,sync_c,mouth,2.861548
34,301.000000,a6927ea4c0223aa08b320e86987e4c89_shot_001_001,pixel_mse,mouth,0.00043958
34,301.000000,a6927ea4c0223aa08b320e86987e4c89_shot_001_001,pixel_mse,upper_face,0.00004737
34,301.000000,a6927ea4c0223aa08b320e86987e4c89_shot_001_001,pixel_mse,full,0.00020700
34,301.000000,a6927ea4c0223aa08b320e86987e4c89_shot_001_001,ssim,mouth,0.95618284
34,301.000000,a6927ea4c0223aa08b320e86987e4c89_shot_001_001,ssim,upper_face,0.97604394
34,301.000000,a6927ea4c0223aa08b320e86987e4c89_shot_001_001,ssim,full,0.96796048
34,301.000000,a6927ea4c0223aa08b320e86987e4c89_shot_001_001,lpips,mouth,0.03356949
34,301.000000,a6927ea4c0223aa08b320e86987e4c89_shot_001_001,lpips,full,0.02357655
34,301.000000,a6927ea4c0223aa08b320e86987e4c89_shot_001_001,sharpness,mouth,8.1411
34,301.000000,a6927ea4c0223aa08b320e86987e4c89_shot_001_001,lmd,mouth,2.434461
34,301.000000,a6927ea4c0223aa08b320e86987e4c89_shot_001_001,sync_d,mouth,7.054266
34,301.000000,a6927ea4c0223aa08b320e86987e4c89_shot_001_001,sync_c,mouth,2.798102
35,281.000000,a6927ea4c0223aa08b320e86987e4c89_shot_001_001,pixel_mse,mouth,0.00043970
35,281.000000,a6927ea4c0223aa08b320e86987e4c89_shot_001_001,pixel_mse,upper_face,0.00004735
35,281.000000,a6927ea4c0223aa08b320e86987e4c89_shot_001_001,pixel_mse,full,0.00020704
35,281.000000,a6927ea4c0223aa08b320e86987e4c89_shot_001_001,ssim,mouth,0.95618284
35,281.000000,a6927ea4c0223aa08b320e86987e4c89_shot_001_001,ssim,upper_face,0.97605145
35,281.000000,a6927ea4c0223aa08b320e86987e4c89_shot_001_001,ssim,full,0.96796495
35,281.000000,a6927ea4c0223aa08b320e86987e4c89_shot_001_001,lpips,mouth,0.03356071
35,281.000000,a6927ea4c0223aa08b320e86987e4c89_shot_001_001,lpips,full,0.02354499
35,281.000000,a6927ea4c0223aa08b320e86987e4c89_shot_001_001,sharpness,mouth,8.1260
35,281.000000,a6927ea4c0223aa08b320e86987e4c89_shot_001_001,lmd,mouth,2.429875
35,281.000000,a6927ea4c0223aa08b320e86987e4c89_shot_001_001,sync_d,mouth,7.265413
35,281.000000,a6927ea4c0223aa08b320e86987e4c89_shot_001_001,sync_c,mouth,2.855748
36,261.000000,a6927ea4c0223aa08b320e86987e4c89_shot_001_001,pixel_mse,mouth,0.00043882
36,261.000000,a6927ea4c0223aa08b320e86987e4c89_shot_001_001,pixel_mse,upper_face,0.00004741
36,261.000000,a6927ea4c0223aa08b320e86987e4c89_shot_001_001,pixel_mse,full,0.00020671
36,261.000000,a6927ea4c0223aa08b320e86987e4c89_shot_001_001,ssim,mouth,0.95618689
36,261.000000,a6927ea4c0223aa08b320e86987e4c89_shot_001_001,ssim,upper_face,0.97600448
36,261.000000,a6927ea4c0223aa08b320e86987e4c89_shot_001_001,ssim,full,0.96793878
36,261.000000,a6927ea4c0223aa08b320e86987e4c89_shot_001_001,lpips,mouth,0.03383013
36,261.000000,a6927ea4c0223aa08b320e86987e4c89_shot_001_001,lpips,full,0.02360780
36,261.000000,a6927ea4c0223aa08b320e86987e4c89_shot_001_001,sharpness,mouth,8.1460
36,261.000000,a6927ea4c0223aa08b320e86987e4c89_shot_001_001,lmd,mouth,2.384942
36,261.000000,a6927ea4c0223aa08b320e86987e4c89_shot_001_001,sync_d,mouth,7.143506
36,261.000000,a6927ea4c0223aa08b320e86987e4c89_shot_001_001,sync_c,mouth,2.766483
37,241.000000,a6927ea4c0223aa08b320e86987e4c89_shot_001_001,pixel_mse,mouth,0.00043858
37,241.000000,a6927ea4c0223aa08b320e86987e4c89_shot_001_001,pixel_mse,upper_face,0.00004736
37,241.000000,a6927ea4c0223aa08b320e86987e4c89_shot_001_001,pixel_mse,full,0.00020659
37,241.000000,a6927ea4c0223aa08b320e86987e4c89_shot_001_001,ssim,mouth,0.95618427
37,241.000000,a6927ea4c0223aa08b320e86987e4c89_shot_001_001,ssim,upper_face,0.97598231
37,241.000000,a6927ea4c0223aa08b320e86987e4c89_shot_001_001,ssim,full,0.96792448
37,241.000000,a6927ea4c0223aa08b320e86987e4c89_shot_001_001,lpips,mouth,0.03402712
37,241.000000,a6927ea4c0223aa08b320e86987e4c89_shot_001_001,lpips,full,0.02375436
37,241.000000,a6927ea4c0223aa08b320e86987e4c89_shot_001_001,sharpness,mouth,8.1351
37,241.000000,a6927ea4c0223aa08b320e86987e4c89_shot_001_001,lmd,mouth,2.446499
37,241.000000,a6927ea4c0223aa08b320e86987e4c89_shot_001_001,sync_d,mouth,7.142309
37,241.000000,a6927ea4c0223aa08b320e86987e4c89_shot_001_001,sync_c,mouth,2.826308
38,221.000000,a6927ea4c0223aa08b320e86987e4c89_shot_001_001,pixel_mse,mouth,0.00043913
38,221.000000,a6927ea4c0223aa08b320e86987e4c89_shot_001_001,pixel_mse,upper_face,0.00004741
38,221.000000,a6927ea4c0223aa08b320e86987e4c89_shot_001_001,pixel_mse,full,0.00020684
38,221.000000,a6927ea4c0223aa08b320e86987e4c89_shot_001_001,ssim,mouth,0.95614368
38,221.000000,a6927ea4c0223aa08b320e86987e4c89_shot_001_001,ssim,upper_face,0.97596043
38,221.000000,a6927ea4c0223aa08b320e86987e4c89_shot_001_001,ssim,full,0.96789503
38,221.000000,a6927ea4c0223aa08b320e86987e4c89_shot_001_001,lpips,mouth,0.03414926
38,221.000000,a6927ea4c0223aa08b320e86987e4c89_shot_001_001,lpips,full,0.02383405
38,221.000000,a6927ea4c0223aa08b320e86987e4c89_shot_001_001,sharpness,mouth,8.0958
38,221.000000,a6927ea4c0223aa08b320e86987e4c89_shot_001_001,lmd,mouth,2.386836
38,221.000000,a6927ea4c0223aa08b320e86987e4c89_shot_001_001,sync_d,mouth,7.253424
38,221.000000,a6927ea4c0223aa08b320e86987e4c89_shot_001_001,sync_c,mouth,2.698509
39,201.000000,a6927ea4c0223aa08b320e86987e4c89_shot_001_001,pixel_mse,mouth,0.00043864
39,201.000000,a6927ea4c0223aa08b320e86987e4c89_shot_001_001,pixel_mse,upper_face,0.00004738
39,201.000000,a6927ea4c0223aa08b320e86987e4c89_shot_001_001,pixel_mse,full,0.00020663
39,201.000000,a6927ea4c0223aa08b320e86987e4c89_shot_001_001,ssim,mouth,0.95616800
39,201.000000,a6927ea4c0223aa08b320e86987e4c89_shot_001_001,ssim,upper_face,0.97604167
39,201.000000,a6927ea4c0223aa08b320e86987e4c89_shot_001_001,ssim,full,0.96795321
39,201.000000,a6927ea4c0223aa08b320e86987e4c89_shot_001_001,lpips,mouth,0.03395934
39,201.000000,a6927ea4c0223aa08b320e86987e4c89_shot_001_001,lpips,full,0.02368703
39,201.000000,a6927ea4c0223aa08b320e86987e4c89_shot_001_001,sharpness,mouth,8.1114
39,201.000000,a6927ea4c0223aa08b320e86987e4c89_shot_001_001,lmd,mouth,2.299731
39,201.000000,a6927ea4c0223aa08b320e86987e4c89_shot_001_001,sync_d,mouth,7.428524
39,201.000000,a6927ea4c0223aa08b320e86987e4c89_shot_001_001,sync_c,mouth,2.632046
40,181.000000,a6927ea4c0223aa08b320e86987e4c89_shot_001_001,pixel_mse,mouth,0.00043889
40,181.000000,a6927ea4c0223aa08b320e86987e4c89_shot_001_001,pixel_mse,upper_face,0.00004715
40,181.000000,a6927ea4c0223aa08b320e86987e4c89_shot_001_001,pixel_mse,full,0.00020659
40,181.000000,a6927ea4c0223aa08b320e86987e4c89_shot_001_001,ssim,mouth,0.95612752
40,181.000000,a6927ea4c0223aa08b320e86987e4c89_shot_001_001,ssim,upper_face,0.97606981
40,181.000000,a6927ea4c0223aa08b320e86987e4c89_shot_001_001,ssim,full,0.96795332
40,181.000000,a6927ea4c0223aa08b320e86987e4c89_shot_001_001,lpips,mouth,0.03397322
40,181.000000,a6927ea4c0223aa08b320e86987e4c89_shot_001_001,lpips,full,0.02376925
40,181.000000,a6927ea4c0223aa08b320e86987e4c89_shot_001_001,sharpness,mouth,8.1372
40,181.000000,a6927ea4c0223aa08b320e86987e4c89_shot_001_001,lmd,mouth,2.477668
40,181.000000,a6927ea4c0223aa08b320e86987e4c89_shot_001_001,sync_d,mouth,7.229444
40,181.000000,a6927ea4c0223aa08b320e86987e4c89_shot_001_001,sync_c,mouth,2.747225
41,161.000000,a6927ea4c0223aa08b320e86987e4c89_shot_001_001,pixel_mse,mouth,0.00043977
41,161.000000,a6927ea4c0223aa08b320e86987e4c89_shot_001_001,pixel_mse,upper_face,0.00004729
41,161.000000,a6927ea4c0223aa08b320e86987e4c89_shot_001_001,pixel_mse,full,0.00020703
41,161.000000,a6927ea4c0223aa08b320e86987e4c89_shot_001_001,ssim,mouth,0.95604008
41,161.000000,a6927ea4c0223aa08b320e86987e4c89_shot_001_001,ssim,upper_face,0.97600269
41,161.000000,a6927ea4c0223aa08b320e86987e4c89_shot_001_001,ssim,full,0.96787798
41,161.000000,a6927ea4c0223aa08b320e86987e4c89_shot_001_001,lpips,mouth,0.03409097
41,161.000000,a6927ea4c0223aa08b320e86987e4c89_shot_001_001,lpips,full,0.02379307
41,161.000000,a6927ea4c0223aa08b320e86987e4c89_shot_001_001,sharpness,mouth,8.1315
41,161.000000,a6927ea4c0223aa08b320e86987e4c89_shot_001_001,lmd,mouth,2.512343
41,161.000000,a6927ea4c0223aa08b320e86987e4c89_shot_001_001,sync_d,mouth,7.361878
41,161.000000,a6927ea4c0223aa08b320e86987e4c89_shot_001_001,sync_c,mouth,2.659747
42,141.000000,a6927ea4c0223aa08b320e86987e4c89_shot_001_001,pixel_mse,mouth,0.00044081
42,141.000000,a6927ea4c0223aa08b320e86987e4c89_shot_001_001,pixel_mse,upper_face,0.00004737
42,141.000000,a6927ea4c0223aa08b320e86987e4c89_shot_001_001,pixel_mse,full,0.00020750
42,141.000000,a6927ea4c0223aa08b320e86987e4c89_shot_001_001,ssim,mouth,0.95607913
42,141.000000,a6927ea4c0223aa08b320e86987e4c89_shot_001_001,ssim,upper_face,0.97602129
42,141.000000,a6927ea4c0223aa08b320e86987e4c89_shot_001_001,ssim,full,0.96790493
42,141.000000,a6927ea4c0223aa08b320e86987e4c89_shot_001_001,lpips,mouth,0.03428277
42,141.000000,a6927ea4c0223aa08b320e86987e4c89_shot_001_001,lpips,full,0.02381671
42,141.000000,a6927ea4c0223aa08b320e86987e4c89_shot_001_001,sharpness,mouth,8.1180
42,141.000000,a6927ea4c0223aa08b320e86987e4c89_shot_001_001,lmd,mouth,2.447931
42,141.000000,a6927ea4c0223aa08b320e86987e4c89_shot_001_001,sync_d,mouth,7.273797
42,141.000000,a6927ea4c0223aa08b320e86987e4c89_shot_001_001,sync_c,mouth,2.713263
43,121.000000,a6927ea4c0223aa08b320e86987e4c89_shot_001_001,pixel_mse,mouth,0.00044263
43,121.000000,a6927ea4c0223aa08b320e86987e4c89_shot_001_001,pixel_mse,upper_face,0.00004723
43,121.000000,a6927ea4c0223aa08b320e86987e4c89_shot_001_001,pixel_mse,full,0.00020816
43,121.000000,a6927ea4c0223aa08b320e86987e4c89_shot_001_001,ssim,mouth,0.95600909
43,121.000000,a6927ea4c0223aa08b320e86987e4c89_shot_001_001,ssim,upper_face,0.97601324
43,121.000000,a6927ea4c0223aa08b320e86987e4c89_shot_001_001,ssim,full,0.96787155
43,121.000000,a6927ea4c0223aa08b320e86987e4c89_shot_001_001,lpips,mouth,0.03442976
43,121.000000,a6927ea4c0223aa08b320e86987e4c89_shot_001_001,lpips,full,0.02392533
43,121.000000,a6927ea4c0223aa08b320e86987e4c89_shot_001_001,sharpness,mouth,8.1350
43,121.000000,a6927ea4c0223aa08b320e86987e4c89_shot_001_001,lmd,mouth,2.428706
43,121.000000,a6927ea4c0223aa08b320e86987e4c89_shot_001_001,sync_d,mouth,7.308498
43,121.000000,a6927ea4c0223aa08b320e86987e4c89_shot_001_001,sync_c,mouth,2.764884
44,101.000000,a6927ea4c0223aa08b320e86987e4c89_shot_001_001,pixel_mse,mouth,0.00044590
44,101.000000,a6927ea4c0223aa08b320e86987e4c89_shot_001_001,pixel_mse,upper_face,0.00004729
44,101.000000,a6927ea4c0223aa08b320e86987e4c89_shot_001_001,pixel_mse,full,0.00020953
44,101.000000,a6927ea4c0223aa08b320e86987e4c89_shot_001_001,ssim,mouth,0.95585215
44,101.000000,a6927ea4c0223aa08b320e86987e4c89_shot_001_001,ssim,upper_face,0.97599709
44,101.000000,a6927ea4c0223aa08b320e86987e4c89_shot_001_001,ssim,full,0.96779817
44,101.000000,a6927ea4c0223aa08b320e86987e4c89_shot_001_001,lpips,mouth,0.03448192
44,101.000000,a6927ea4c0223aa08b320e86987e4c89_shot_001_001,lpips,full,0.02395359
44,101.000000,a6927ea4c0223aa08b320e86987e4c89_shot_001_001,sharpness,mouth,8.1562
44,101.000000,a6927ea4c0223aa08b320e86987e4c89_shot_001_001,lmd,mouth,2.281916
44,101.000000,a6927ea4c0223aa08b320e86987e4c89_shot_001_001,sync_d,mouth,7.463528
44,101.000000,a6927ea4c0223aa08b320e86987e4c89_shot_001_001,sync_c,mouth,2.655734
45,81.000000,a6927ea4c0223aa08b320e86987e4c89_shot_001_001,pixel_mse,mouth,0.00045004
45,81.000000,a6927ea4c0223aa08b320e86987e4c89_shot_001_001,pixel_mse,upper_face,0.00004750
45,81.000000,a6927ea4c0223aa08b320e86987e4c89_shot_001_001,pixel_mse,full,0.00021133
45,81.000000,a6927ea4c0223aa08b320e86987e4c89_shot_001_001,ssim,mouth,0.95566893
45,81.000000,a6927ea4c0223aa08b320e86987e4c89_shot_001_001,ssim,upper_face,0.97593915
45,81.000000,a6927ea4c0223aa08b320e86987e4c89_shot_001_001,ssim,full,0.96768922
45,81.000000,a6927ea4c0223aa08b320e86987e4c89_shot_001_001,lpips,mouth,0.03453228
45,81.000000,a6927ea4c0223aa08b320e86987e4c89_shot_001_001,lpips,full,0.02382990
45,81.000000,a6927ea4c0223aa08b320e86987e4c89_shot_001_001,sharpness,mouth,8.1598
45,81.000000,a6927ea4c0223aa08b320e86987e4c89_shot_001_001,lmd,mouth,2.359285
45,81.000000,a6927ea4c0223aa08b320e86987e4c89_shot_001_001,sync_d,mouth,7.352995
45,81.000000,a6927ea4c0223aa08b320e86987e4c89_shot_001_001,sync_c,mouth,2.672644
46,61.000000,a6927ea4c0223aa08b320e86987e4c89_shot_001_001,pixel_mse,mouth,0.00045536
46,61.000000,a6927ea4c0223aa08b320e86987e4c89_shot_001_001,pixel_mse,upper_face,0.00004746
46,61.000000,a6927ea4c0223aa08b320e86987e4c89_shot_001_001,pixel_mse,full,0.00021347
46,61.000000,a6927ea4c0223aa08b320e86987e4c89_shot_001_001,ssim,mouth,0.95545524
46,61.000000,a6927ea4c0223aa08b320e86987e4c89_shot_001_001,ssim,upper_face,0.97598040
46,61.000000,a6927ea4c0223aa08b320e86987e4c89_shot_001_001,ssim,full,0.96762663
46,61.000000,a6927ea4c0223aa08b320e86987e4c89_shot_001_001,lpips,mouth,0.03490029
46,61.000000,a6927ea4c0223aa08b320e86987e4c89_shot_001_001,lpips,full,0.02405077
46,61.000000,a6927ea4c0223aa08b320e86987e4c89_shot_001_001,sharpness,mouth,8.1675
46,61.000000,a6927ea4c0223aa08b320e86987e4c89_shot_001_001,lmd,mouth,2.479625
46,61.000000,a6927ea4c0223aa08b320e86987e4c89_shot_001_001,sync_d,mouth,7.189430
46,61.000000,a6927ea4c0223aa08b320e86987e4c89_shot_001_001,sync_c,mouth,2.691813
47,41.000000,a6927ea4c0223aa08b320e86987e4c89_shot_001_001,pixel_mse,mouth,0.00046327
47,41.000000,a6927ea4c0223aa08b320e86987e4c89_shot_001_001,pixel_mse,upper_face,0.00004754
47,41.000000,a6927ea4c0223aa08b320e86987e4c89_shot_001_001,pixel_mse,full,0.00021674
47,41.000000,a6927ea4c0223aa08b320e86987e4c89_shot_001_001,ssim,mouth,0.95516843
47,41.000000,a6927ea4c0223aa08b320e86987e4c89_shot_001_001,ssim,upper_face,0.97598553
47,41.000000,a6927ea4c0223aa08b320e86987e4c89_shot_001_001,ssim,full,0.96751297
47,41.000000,a6927ea4c0223aa08b320e86987e4c89_shot_001_001,lpips,mouth,0.03430209
47,41.000000,a6927ea4c0223aa08b320e86987e4c89_shot_001_001,lpips,full,0.02381809
47,41.000000,a6927ea4c0223aa08b320e86987e4c89_shot_001_001,sharpness,mouth,8.2107
47,41.000000,a6927ea4c0223aa08b320e86987e4c89_shot_001_001,lmd,mouth,2.415872
47,41.000000,a6927ea4c0223aa08b320e86987e4c89_shot_001_001,sync_d,mouth,7.327757
47,41.000000,a6927ea4c0223aa08b320e86987e4c89_shot_001_001,sync_c,mouth,2.667619
48,21.000000,a6927ea4c0223aa08b320e86987e4c89_shot_001_001,pixel_mse,mouth,0.00047609
48,21.000000,a6927ea4c0223aa08b320e86987e4c89_shot_001_001,pixel_mse,upper_face,0.00004803
48,21.000000,a6927ea4c0223aa08b320e86987e4c89_shot_001_001,pixel_mse,full,0.00022225
48,21.000000,a6927ea4c0223aa08b320e86987e4c89_shot_001_001,ssim,mouth,0.95459157
48,21.000000,a6927ea4c0223aa08b320e86987e4c89_shot_001_001,ssim,upper_face,0.97583437
48,21.000000,a6927ea4c0223aa08b320e86987e4c89_shot_001_001,ssim,full,0.96718860
48,21.000000,a6927ea4c0223aa08b320e86987e4c89_shot_001_001,lpips,mouth,0.03402720
48,21.000000,a6927ea4c0223aa08b320e86987e4c89_shot_001_001,lpips,full,0.02371894
48,21.000000,a6927ea4c0223aa08b320e86987e4c89_shot_001_001,sharpness,mouth,8.3078
48,21.000000,a6927ea4c0223aa08b320e86987e4c89_shot_001_001,lmd,mouth,2.337970
48,21.000000,a6927ea4c0223aa08b320e86987e4c89_shot_001_001,sync_d,mouth,7.263179
48,21.000000,a6927ea4c0223aa08b320e86987e4c89_shot_001_001,sync_c,mouth,2.714571
49,1.000000,a6927ea4c0223aa08b320e86987e4c89_shot_001_001,pixel_mse,mouth,0.00052798
49,1.000000,a6927ea4c0223aa08b320e86987e4c89_shot_001_001,pixel_mse,upper_face,0.00005255
49,1.000000,a6927ea4c0223aa08b320e86987e4c89_shot_001_001,pixel_mse,full,0.00024605
49,1.000000,a6927ea4c0223aa08b320e86987e4c89_shot_001_001,ssim,mouth,0.95236206
49,1.000000,a6927ea4c0223aa08b320e86987e4c89_shot_001_001,ssim,upper_face,0.97530490
49,1.000000,a6927ea4c0223aa08b320e86987e4c89_shot_001_001,ssim,full,0.96596724
49,1.000000,a6927ea4c0223aa08b320e86987e4c89_shot_001_001,lpips,mouth,0.03510129
49,1.000000,a6927ea4c0223aa08b320e86987e4c89_shot_001_001,lpips,full,0.02451157
49,1.000000,a6927ea4c0223aa08b320e86987e4c89_shot_001_001,sharpness,mouth,8.6834
49,1.000000,a6927ea4c0223aa08b320e86987e4c89_shot_001_001,lmd,mouth,2.405901
49,1.000000,a6927ea4c0223aa08b320e86987e4c89_shot_001_001,sync_d,mouth,7.289454
49,1.000000,a6927ea4c0223aa08b320e86987e4c89_shot_001_001,sync_c,mouth,2.602936
-1,gt,d39560e57ccf0d56a57604dda32c01f1_shot_001_000,sharpness,mouth,12.5237
-1,gt,d39560e57ccf0d56a57604dda32c01f1_shot_001_000,sync_d,mouth,8.792747
-1,gt,d39560e57ccf0d56a57604dda32c01f1_shot_001_000,sync_c,mouth,3.797210
0,981.000000,d39560e57ccf0d56a57604dda32c01f1_shot_001_000,pixel_mse,mouth,0.00033433
0,981.000000,d39560e57ccf0d56a57604dda32c01f1_shot_001_000,pixel_mse,upper_face,0.00011158
0,981.000000,d39560e57ccf0d56a57604dda32c01f1_shot_001_000,pixel_mse,full,0.00020224
0,981.000000,d39560e57ccf0d56a57604dda32c01f1_shot_001_000,ssim,mouth,0.95475298
0,981.000000,d39560e57ccf0d56a57604dda32c01f1_shot_001_000,ssim,upper_face,0.97099876
0,981.000000,d39560e57ccf0d56a57604dda32c01f1_shot_001_000,ssim,full,0.96438682
0,981.000000,d39560e57ccf0d56a57604dda32c01f1_shot_001_000,lpips,mouth,0.03466303
0,981.000000,d39560e57ccf0d56a57604dda32c01f1_shot_001_000,lpips,full,0.02990881
0,981.000000,d39560e57ccf0d56a57604dda32c01f1_shot_001_000,sharpness,mouth,12.4086
0,981.000000,d39560e57ccf0d56a57604dda32c01f1_shot_001_000,lmd,mouth,2.262896
0,981.000000,d39560e57ccf0d56a57604dda32c01f1_shot_001_000,sync_d,mouth,7.263899
0,981.000000,d39560e57ccf0d56a57604dda32c01f1_shot_001_000,sync_c,mouth,5.453047
1,961.000000,d39560e57ccf0d56a57604dda32c01f1_shot_001_000,pixel_mse,mouth,0.00031711
1,961.000000,d39560e57ccf0d56a57604dda32c01f1_shot_001_000,pixel_mse,upper_face,0.00010033
1,961.000000,d39560e57ccf0d56a57604dda32c01f1_shot_001_000,pixel_mse,full,0.00018856
1,961.000000,d39560e57ccf0d56a57604dda32c01f1_shot_001_000,ssim,mouth,0.95547330
1,961.000000,d39560e57ccf0d56a57604dda32c01f1_shot_001_000,ssim,upper_face,0.97186553
1,961.000000,d39560e57ccf0d56a57604dda32c01f1_shot_001_000,ssim,full,0.96519387
1,961.000000,d39560e57ccf0d56a57604dda32c01f1_shot_001_000,lpips,mouth,0.03374633
1,961.000000,d39560e57ccf0d56a57604dda32c01f1_shot_001_000,lpips,full,0.02895153
1,961.000000,d39560e57ccf0d56a57604dda32c01f1_shot_001_000,sharpness,mouth,12.2238
1,961.000000,d39560e57ccf0d56a57604dda32c01f1_shot_001_000,lmd,mouth,2.208122
1,961.000000,d39560e57ccf0d56a57604dda32c01f1_shot_001_000,sync_d,mouth,7.358667
1,961.000000,d39560e57ccf0d56a57604dda32c01f1_shot_001_000,sync_c,mouth,5.364896
2,941.000000,d39560e57ccf0d56a57604dda32c01f1_shot_001_000,pixel_mse,mouth,0.00029894
2,941.000000,d39560e57ccf0d56a57604dda32c01f1_shot_001_000,pixel_mse,upper_face,0.00009109
2,941.000000,d39560e57ccf0d56a57604dda32c01f1_shot_001_000,pixel_mse,full,0.00017569
2,941.000000,d39560e57ccf0d56a57604dda32c01f1_shot_001_000,ssim,mouth,0.95620310
2,941.000000,d39560e57ccf0d56a57604dda32c01f1_shot_001_000,ssim,upper_face,0.97244972
2,941.000000,d39560e57ccf0d56a57604dda32c01f1_shot_001_000,ssim,full,0.96583736
2,941.000000,d39560e57ccf0d56a57604dda32c01f1_shot_001_000,lpips,mouth,0.03297028
2,941.000000,d39560e57ccf0d56a57604dda32c01f1_shot_001_000,lpips,full,0.02783540
2,941.000000,d39560e57ccf0d56a57604dda32c01f1_shot_001_000,sharpness,mouth,12.0652
2,941.000000,d39560e57ccf0d56a57604dda32c01f1_shot_001_000,lmd,mouth,2.249637
2,941.000000,d39560e57ccf0d56a57604dda32c01f1_shot_001_000,sync_d,mouth,7.293902
2,941.000000,d39560e57ccf0d56a57604dda32c01f1_shot_001_000,sync_c,mouth,5.379020
3,921.000000,d39560e57ccf0d56a57604dda32c01f1_shot_001_000,pixel_mse,mouth,0.00028473
3,921.000000,d39560e57ccf0d56a57604dda32c01f1_shot_001_000,pixel_mse,upper_face,0.00008254
3,921.000000,d39560e57ccf0d56a57604dda32c01f1_shot_001_000,pixel_mse,full,0.00016483
3,921.000000,d39560e57ccf0d56a57604dda32c01f1_shot_001_000,ssim,mouth,0.95658559
3,921.000000,d39560e57ccf0d56a57604dda32c01f1_shot_001_000,ssim,upper_face,0.97302485
3,921.000000,d39560e57ccf0d56a57604dda32c01f1_shot_001_000,ssim,full,0.96633410
3,921.000000,d39560e57ccf0d56a57604dda32c01f1_shot_001_000,lpips,mouth,0.03214247
3,921.000000,d39560e57ccf0d56a57604dda32c01f1_shot_001_000,lpips,full,0.02682946
3,921.000000,d39560e57ccf0d56a57604dda32c01f1_shot_001_000,sharpness,mouth,11.9787
3,921.000000,d39560e57ccf0d56a57604dda32c01f1_shot_001_000,lmd,mouth,2.285647
3,921.000000,d39560e57ccf0d56a57604dda32c01f1_shot_001_000,sync_d,mouth,7.281711
3,921.000000,d39560e57ccf0d56a57604dda32c01f1_shot_001_000,sync_c,mouth,5.358979
4,901.000000,d39560e57ccf0d56a57604dda32c01f1_shot_001_000,pixel_mse,mouth,0.00027292
4,901.000000,d39560e57ccf0d56a57604dda32c01f1_shot_001_000,pixel_mse,upper_face,0.00007759
4,901.000000,d39560e57ccf0d56a57604dda32c01f1_shot_001_000,pixel_mse,full,0.00015709
4,901.000000,d39560e57ccf0d56a57604dda32c01f1_shot_001_000,ssim,mouth,0.95707440
4,901.000000,d39560e57ccf0d56a57604dda32c01f1_shot_001_000,ssim,upper_face,0.97334456
4,901.000000,d39560e57ccf0d56a57604dda32c01f1_shot_001_000,ssim,full,0.96672261
4,901.000000,d39560e57ccf0d56a57604dda32c01f1_shot_001_000,lpips,mouth,0.03158030
4,901.000000,d39560e57ccf0d56a57604dda32c01f1_shot_001_000,lpips,full,0.02605021
4,901.000000,d39560e57ccf0d56a57604dda32c01f1_shot_001_000,sharpness,mouth,11.8697
4,901.000000,d39560e57ccf0d56a57604dda32c01f1_shot_001_000,lmd,mouth,2.277968
4,901.000000,d39560e57ccf0d56a57604dda32c01f1_shot_001_000,sync_d,mouth,7.236491
4,901.000000,d39560e57ccf0d56a57604dda32c01f1_shot_001_000,sync_c,mouth,5.392046
5,881.000000,d39560e57ccf0d56a57604dda32c01f1_shot_001_000,pixel_mse,mouth,0.00026281
5,881.000000,d39560e57ccf0d56a57604dda32c01f1_shot_001_000,pixel_mse,upper_face,0.00007274
5,881.000000,d39560e57ccf0d56a57604dda32c01f1_shot_001_000,pixel_mse,full,0.00015010
5,881.000000,d39560e57ccf0d56a57604dda32c01f1_shot_001_000,ssim,mouth,0.95733792
5,881.000000,d39560e57ccf0d56a57604dda32c01f1_shot_001_000,ssim,upper_face,0.97374779
5,881.000000,d39560e57ccf0d56a57604dda32c01f1_shot_001_000,ssim,full,0.96706903
5,881.000000,d39560e57ccf0d56a57604dda32c01f1_shot_001_000,lpips,mouth,0.03138735
5,881.000000,d39560e57ccf0d56a57604dda32c01f1_shot_001_000,lpips,full,0.02579141
5,881.000000,d39560e57ccf0d56a57604dda32c01f1_shot_001_000,sharpness,mouth,11.8819
5,881.000000,d39560e57ccf0d56a57604dda32c01f1_shot_001_000,lmd,mouth,2.190503
5,881.000000,d39560e57ccf0d56a57604dda32c01f1_shot_001_000,sync_d,mouth,7.245356
5,881.000000,d39560e57ccf0d56a57604dda32c01f1_shot_001_000,sync_c,mouth,5.441602
6,861.000000,d39560e57ccf0d56a57604dda32c01f1_shot_001_000,pixel_mse,mouth,0.00025359
6,861.000000,d39560e57ccf0d56a57604dda32c01f1_shot_001_000,pixel_mse,upper_face,0.00006871
6,861.000000,d39560e57ccf0d56a57604dda32c01f1_shot_001_000,pixel_mse,full,0.00014396
6,861.000000,d39560e57ccf0d56a57604dda32c01f1_shot_001_000,ssim,mouth,0.95770168
6,861.000000,d39560e57ccf0d56a57604dda32c01f1_shot_001_000,ssim,upper_face,0.97398782
6,861.000000,d39560e57ccf0d56a57604dda32c01f1_shot_001_000,ssim,full,0.96735942
6,861.000000,d39560e57ccf0d56a57604dda32c01f1_shot_001_000,lpips,mouth,0.03095662
6,861.000000,d39560e57ccf0d56a57604dda32c01f1_shot_001_000,lpips,full,0.02505516
6,861.000000,d39560e57ccf0d56a57604dda32c01f1_shot_001_000,sharpness,mouth,11.7613
6,861.000000,d39560e57ccf0d56a57604dda32c01f1_shot_001_000,lmd,mouth,2.066337
6,861.000000,d39560e57ccf0d56a57604dda32c01f1_shot_001_000,sync_d,mouth,7.279470
6,861.000000,d39560e57ccf0d56a57604dda32c01f1_shot_001_000,sync_c,mouth,5.405554
7,841.000000,d39560e57ccf0d56a57604dda32c01f1_shot_001_000,pixel_mse,mouth,0.00024691
7,841.000000,d39560e57ccf0d56a57604dda32c01f1_shot_001_000,pixel_mse,upper_face,0.00006563
7,841.000000,d39560e57ccf0d56a57604dda32c01f1_shot_001_000,pixel_mse,full,0.00013941
7,841.000000,d39560e57ccf0d56a57604dda32c01f1_shot_001_000,ssim,mouth,0.95801544
7,841.000000,d39560e57ccf0d56a57604dda32c01f1_shot_001_000,ssim,upper_face,0.97429770
7,841.000000,d39560e57ccf0d56a57604dda32c01f1_shot_001_000,ssim,full,0.96767080
7,841.000000,d39560e57ccf0d56a57604dda32c01f1_shot_001_000,lpips,mouth,0.03027589
7,841.000000,d39560e57ccf0d56a57604dda32c01f1_shot_001_000,lpips,full,0.02422241
7,841.000000,d39560e57ccf0d56a57604dda32c01f1_shot_001_000,sharpness,mouth,11.6987
7,841.000000,d39560e57ccf0d56a57604dda32c01f1_shot_001_000,lmd,mouth,2.248664
7,841.000000,d39560e57ccf0d56a57604dda32c01f1_shot_001_000,sync_d,mouth,7.447099
7,841.000000,d39560e57ccf0d56a57604dda32c01f1_shot_001_000,sync_c,mouth,5.199872
8,821.000000,d39560e57ccf0d56a57604dda32c01f1_shot_001_000,pixel_mse,mouth,0.00024117
8,821.000000,d39560e57ccf0d56a57604dda32c01f1_shot_001_000,pixel_mse,upper_face,0.00006355
8,821.000000,d39560e57ccf0d56a57604dda32c01f1_shot_001_000,pixel_mse,full,0.00013584
8,821.000000,d39560e57ccf0d56a57604dda32c01f1_shot_001_000,ssim,mouth,0.95829284
8,821.000000,d39560e57ccf0d56a57604dda32c01f1_shot_001_000,ssim,upper_face,0.97444016
8,821.000000,d39560e57ccf0d56a57604dda32c01f1_shot_001_000,ssim,full,0.96786821
8,821.000000,d39560e57ccf0d56a57604dda32c01f1_shot_001_000,lpips,mouth,0.02989202
8,821.000000,d39560e57ccf0d56a57604dda32c01f1_shot_001_000,lpips,full,0.02410231
8,821.000000,d39560e57ccf0d56a57604dda32c01f1_shot_001_000,sharpness,mouth,11.7073
8,821.000000,d39560e57ccf0d56a57604dda32c01f1_shot_001_000,lmd,mouth,2.032303
8,821.000000,d39560e57ccf0d56a57604dda32c01f1_shot_001_000,sync_d,mouth,7.298638
8,821.000000,d39560e57ccf0d56a57604dda32c01f1_shot_001_000,sync_c,mouth,5.299342
9,801.000000,d39560e57ccf0d56a57604dda32c01f1_shot_001_000,pixel_mse,mouth,0.00023641
9,801.000000,d39560e57ccf0d56a57604dda32c01f1_shot_001_000,pixel_mse,upper_face,0.00006216
9,801.000000,d39560e57ccf0d56a57604dda32c01f1_shot_001_000,pixel_mse,full,0.00013308
9,801.000000,d39560e57ccf0d56a57604dda32c01f1_shot_001_000,ssim,mouth,0.95862055
9,801.000000,d39560e57ccf0d56a57604dda32c01f1_shot_001_000,ssim,upper_face,0.97468132
9,801.000000,d39560e57ccf0d56a57604dda32c01f1_shot_001_000,ssim,full,0.96814466
9,801.000000,d39560e57ccf0d56a57604dda32c01f1_shot_001_000,lpips,mouth,0.02960106
9,801.000000,d39560e57ccf0d56a57604dda32c01f1_shot_001_000,lpips,full,0.02385090
9,801.000000,d39560e57ccf0d56a57604dda32c01f1_shot_001_000,sharpness,mouth,11.6317
9,801.000000,d39560e57ccf0d56a57604dda32c01f1_shot_001_000,lmd,mouth,2.201567
9,801.000000,d39560e57ccf0d56a57604dda32c01f1_shot_001_000,sync_d,mouth,7.230345
9,801.000000,d39560e57ccf0d56a57604dda32c01f1_shot_001_000,sync_c,mouth,5.313253
10,781.000000,d39560e57ccf0d56a57604dda32c01f1_shot_001_000,pixel_mse,mouth,0.00023204
10,781.000000,d39560e57ccf0d56a57604dda32c01f1_shot_001_000,pixel_mse,upper_face,0.00006031
10,781.000000,d39560e57ccf0d56a57604dda32c01f1_shot_001_000,pixel_mse,full,0.00013020
10,781.000000,d39560e57ccf0d56a57604dda32c01f1_shot_001_000,ssim,mouth,0.95880991
10,781.000000,d39560e57ccf0d56a57604dda32c01f1_shot_001_000,ssim,upper_face,0.97480953
10,781.000000,d39560e57ccf0d56a57604dda32c01f1_shot_001_000,ssim,full,0.96829772
10,781.000000,d39560e57ccf0d56a57604dda32c01f1_shot_001_000,lpips,mouth,0.02917857
10,781.000000,d39560e57ccf0d56a57604dda32c01f1_shot_001_000,lpips,full,0.02357300
10,781.000000,d39560e57ccf0d56a57604dda32c01f1_shot_001_000,sharpness,mouth,11.5572
10,781.000000,d39560e57ccf0d56a57604dda32c01f1_shot_001_000,lmd,mouth,1.969856
10,781.000000,d39560e57ccf0d56a57604dda32c01f1_shot_001_000,sync_d,mouth,7.292096
10,781.000000,d39560e57ccf0d56a57604dda32c01f1_shot_001_000,sync_c,mouth,5.259785
11,761.000000,d39560e57ccf0d56a57604dda32c01f1_shot_001_000,pixel_mse,mouth,0.00022749
11,761.000000,d39560e57ccf0d56a57604dda32c01f1_shot_001_000,pixel_mse,upper_face,0.00005938
11,761.000000,d39560e57ccf0d56a57604dda32c01f1_shot_001_000,pixel_mse,full,0.00012780
11,761.000000,d39560e57ccf0d56a57604dda32c01f1_shot_001_000,ssim,mouth,0.95906490
11,761.000000,d39560e57ccf0d56a57604dda32c01f1_shot_001_000,ssim,upper_face,0.97485423
11,761.000000,d39560e57ccf0d56a57604dda32c01f1_shot_001_000,ssim,full,0.96842796
11,761.000000,d39560e57ccf0d56a57604dda32c01f1_shot_001_000,lpips,mouth,0.02891707
11,761.000000,d39560e57ccf0d56a57604dda32c01f1_shot_001_000,lpips,full,0.02334548
11,761.000000,d39560e57ccf0d56a57604dda32c01f1_shot_001_000,sharpness,mouth,11.6003
11,761.000000,d39560e57ccf0d56a57604dda32c01f1_shot_001_000,lmd,mouth,2.197940
11,761.000000,d39560e57ccf0d56a57604dda32c01f1_shot_001_000,sync_d,mouth,7.258768
11,761.000000,d39560e57ccf0d56a57604dda32c01f1_shot_001_000,sync_c,mouth,5.339705
12,741.000000,d39560e57ccf0d56a57604dda32c01f1_shot_001_000,pixel_mse,mouth,0.00022559
12,741.000000,d39560e57ccf0d56a57604dda32c01f1_shot_001_000,pixel_mse,upper_face,0.00005779
12,741.000000,d39560e57ccf0d56a57604dda32c01f1_shot_001_000,pixel_mse,full,0.00012608
12,741.000000,d39560e57ccf0d56a57604dda32c01f1_shot_001_000,ssim,mouth,0.95910203
12,741.000000,d39560e57ccf0d56a57604dda32c01f1_shot_001_000,ssim,upper_face,0.97507519
12,741.000000,d39560e57ccf0d56a57604dda32c01f1_shot_001_000,ssim,full,0.96857411
12,741.000000,d39560e57ccf0d56a57604dda32c01f1_shot_001_000,lpips,mouth,0.02904010
12,741.000000,d39560e57ccf0d56a57604dda32c01f1_shot_001_000,lpips,full,0.02284381
12,741.000000,d39560e57ccf0d56a57604dda32c01f1_shot_001_000,sharpness,mouth,11.4954
12,741.000000,d39560e57ccf0d56a57604dda32c01f1_shot_001_000,lmd,mouth,2.093487
12,741.000000,d39560e57ccf0d56a57604dda32c01f1_shot_001_000,sync_d,mouth,7.296063
12,741.000000,d39560e57ccf0d56a57604dda32c01f1_shot_001_000,sync_c,mouth,5.367148
13,721.000000,d39560e57ccf0d56a57604dda32c01f1_shot_001_000,pixel_mse,mouth,0.00022372
13,721.000000,d39560e57ccf0d56a57604dda32c01f1_shot_001_000,pixel_mse,upper_face,0.00005776
13,721.000000,d39560e57ccf0d56a57604dda32c01f1_shot_001_000,pixel_mse,full,0.00012530
13,721.000000,d39560e57ccf0d56a57604dda32c01f1_shot_001_000,ssim,mouth,0.95929122
13,721.000000,d39560e57ccf0d56a57604dda32c01f1_shot_001_000,ssim,upper_face,0.97509968
13,721.000000,d39560e57ccf0d56a57604dda32c01f1_shot_001_000,ssim,full,0.96866572
13,721.000000,d39560e57ccf0d56a57604dda32c01f1_shot_001_000,lpips,mouth,0.02884280
13,721.000000,d39560e57ccf0d56a57604dda32c01f1_shot_001_000,lpips,full,0.02295501
13,721.000000,d39560e57ccf0d56a57604dda32c01f1_shot_001_000,sharpness,mouth,11.4728
13,721.000000,d39560e57ccf0d56a57604dda32c01f1_shot_001_000,lmd,mouth,2.094392
13,721.000000,d39560e57ccf0d56a57604dda32c01f1_shot_001_000,sync_d,mouth,7.114762
13,721.000000,d39560e57ccf0d56a57604dda32c01f1_shot_001_000,sync_c,mouth,5.429729
14,701.000000,d39560e57ccf0d56a57604dda32c01f1_shot_001_000,pixel_mse,mouth,0.00022007
14,701.000000,d39560e57ccf0d56a57604dda32c01f1_shot_001_000,pixel_mse,upper_face,0.00005691
14,701.000000,d39560e57ccf0d56a57604dda32c01f1_shot_001_000,pixel_mse,full,0.00012332
14,701.000000,d39560e57ccf0d56a57604dda32c01f1_shot_001_000,ssim,mouth,0.95968211
14,701.000000,d39560e57ccf0d56a57604dda32c01f1_shot_001_000,ssim,upper_face,0.97514999
14,701.000000,d39560e57ccf0d56a57604dda32c01f1_shot_001_000,ssim,full,0.96885455
14,701.000000,d39560e57ccf0d56a57604dda32c01f1_shot_001_000,lpips,mouth,0.02867088
14,701.000000,d39560e57ccf0d56a57604dda32c01f1_shot_001_000,lpips,full,0.02262741
14,701.000000,d39560e57ccf0d56a57604dda32c01f1_shot_001_000,sharpness,mouth,11.4471
14,701.000000,d39560e57ccf0d56a57604dda32c01f1_shot_001_000,lmd,mouth,1.935525
14,701.000000,d39560e57ccf0d56a57604dda32c01f1_shot_001_000,sync_d,mouth,7.325368
14,701.000000,d39560e57ccf0d56a57604dda32c01f1_shot_001_000,sync_c,mouth,5.292856
15,681.000000,d39560e57ccf0d56a57604dda32c01f1_shot_001_000,pixel_mse,mouth,0.00021725
15,681.000000,d39560e57ccf0d56a57604dda32c01f1_shot_001_000,pixel_mse,upper_face,0.00005584
15,681.000000,d39560e57ccf0d56a57604dda32c01f1_shot_001_000,pixel_mse,full,0.00012153
15,681.000000,d39560e57ccf0d56a57604dda32c01f1_shot_001_000,ssim,mouth,0.95991790
15,681.000000,d39560e57ccf0d56a57604dda32c01f1_shot_001_000,ssim,upper_face,0.97531199
15,681.000000,d39560e57ccf0d56a57604dda32c01f1_shot_001_000,ssim,full,0.96904665
15,681.000000,d39560e57ccf0d56a57604dda32c01f1_shot_001_000,lpips,mouth,0.02851237
15,681.000000,d39560e57ccf0d56a57604dda32c01f1_shot_001_000,lpips,full,0.02257067
15,681.000000,d39560e57ccf0d56a57604dda32c01f1_shot_001_000,sharpness,mouth,11.4897
15,681.000000,d39560e57ccf0d56a57604dda32c01f1_shot_001_000,lmd,mouth,1.842997
15,681.000000,d39560e57ccf0d56a57604dda32c01f1_shot_001_000,sync_d,mouth,7.410713
15,681.000000,d39560e57ccf0d56a57604dda32c01f1_shot_001_000,sync_c,mouth,5.221575
16,661.000000,d39560e57ccf0d56a57604dda32c01f1_shot_001_000,pixel_mse,mouth,0.00021369
16,661.000000,d39560e57ccf0d56a57604dda32c01f1_shot_001_000,pixel_mse,upper_face,0.00005523
16,661.000000,d39560e57ccf0d56a57604dda32c01f1_shot_001_000,pixel_mse,full,0.00011972
16,661.000000,d39560e57ccf0d56a57604dda32c01f1_shot_001_000,ssim,mouth,0.96014637
16,661.000000,d39560e57ccf0d56a57604dda32c01f1_shot_001_000,ssim,upper_face,0.97531724
16,661.000000,d39560e57ccf0d56a57604dda32c01f1_shot_001_000,ssim,full,0.96914274
16,661.000000,d39560e57ccf0d56a57604dda32c01f1_shot_001_000,lpips,mouth,0.02806098
16,661.000000,d39560e57ccf0d56a57604dda32c01f1_shot_001_000,lpips,full,0.02246433
16,661.000000,d39560e57ccf0d56a57604dda32c01f1_shot_001_000,sharpness,mouth,11.4618
16,661.000000,d39560e57ccf0d56a57604dda32c01f1_shot_001_000,lmd,mouth,2.021798
16,661.000000,d39560e57ccf0d56a57604dda32c01f1_shot_001_000,sync_d,mouth,7.242394
16,661.000000,d39560e57ccf0d56a57604dda32c01f1_shot_001_000,sync_c,mouth,5.290410
17,641.000000,d39560e57ccf0d56a57604dda32c01f1_shot_001_000,pixel_mse,mouth,0.00021119
17,641.000000,d39560e57ccf0d56a57604dda32c01f1_shot_001_000,pixel_mse,upper_face,0.00005449
17,641.000000,d39560e57ccf0d56a57604dda32c01f1_shot_001_000,pixel_mse,full,0.00011826
17,641.000000,d39560e57ccf0d56a57604dda32c01f1_shot_001_000,ssim,mouth,0.96039641
17,641.000000,d39560e57ccf0d56a57604dda32c01f1_shot_001_000,ssim,upper_face,0.97547865
17,641.000000,d39560e57ccf0d56a57604dda32c01f1_shot_001_000,ssim,full,0.96934021
17,641.000000,d39560e57ccf0d56a57604dda32c01f1_shot_001_000,lpips,mouth,0.02775794
17,641.000000,d39560e57ccf0d56a57604dda32c01f1_shot_001_000,lpips,full,0.02196771
17,641.000000,d39560e57ccf0d56a57604dda32c01f1_shot_001_000,sharpness,mouth,11.4360
17,641.000000,d39560e57ccf0d56a57604dda32c01f1_shot_001_000,lmd,mouth,1.946026
17,641.000000,d39560e57ccf0d56a57604dda32c01f1_shot_001_000,sync_d,mouth,7.329307
17,641.000000,d39560e57ccf0d56a57604dda32c01f1_shot_001_000,sync_c,mouth,5.315890
18,621.000000,d39560e57ccf0d56a57604dda32c01f1_shot_001_000,pixel_mse,mouth,0.00020903
18,621.000000,d39560e57ccf0d56a57604dda32c01f1_shot_001_000,pixel_mse,upper_face,0.00005410
18,621.000000,d39560e57ccf0d56a57604dda32c01f1_shot_001_000,pixel_mse,full,0.00011716
18,621.000000,d39560e57ccf0d56a57604dda32c01f1_shot_001_000,ssim,mouth,0.96061498
18,621.000000,d39560e57ccf0d56a57604dda32c01f1_shot_001_000,ssim,upper_face,0.97545809
18,621.000000,d39560e57ccf0d56a57604dda32c01f1_shot_001_000,ssim,full,0.96941692
18,621.000000,d39560e57ccf0d56a57604dda32c01f1_shot_001_000,lpips,mouth,0.02749912
18,621.000000,d39560e57ccf0d56a57604dda32c01f1_shot_001_000,lpips,full,0.02208718
18,621.000000,d39560e57ccf0d56a57604dda32c01f1_shot_001_000,sharpness,mouth,11.3592
18,621.000000,d39560e57ccf0d56a57604dda32c01f1_shot_001_000,lmd,mouth,1.979757
18,621.000000,d39560e57ccf0d56a57604dda32c01f1_shot_001_000,sync_d,mouth,7.383705
18,621.000000,d39560e57ccf0d56a57604dda32c01f1_shot_001_000,sync_c,mouth,5.137108
19,601.000000,d39560e57ccf0d56a57604dda32c01f1_shot_001_000,pixel_mse,mouth,0.00020676
19,601.000000,d39560e57ccf0d56a57604dda32c01f1_shot_001_000,pixel_mse,upper_face,0.00005362
19,601.000000,d39560e57ccf0d56a57604dda32c01f1_shot_001_000,pixel_mse,full,0.00011595
19,601.000000,d39560e57ccf0d56a57604dda32c01f1_shot_001_000,ssim,mouth,0.96078306
19,601.000000,d39560e57ccf0d56a57604dda32c01f1_shot_001_000,ssim,upper_face,0.97553658
19,601.000000,d39560e57ccf0d56a57604dda32c01f1_shot_001_000,ssim,full,0.96953189
19,601.000000,d39560e57ccf0d56a57604dda32c01f1_shot_001_000,lpips,mouth,0.02753800
19,601.000000,d39560e57ccf0d56a57604dda32c01f1_shot_001_000,lpips,full,0.02174561
19,601.000000,d39560e57ccf0d56a57604dda32c01f1_shot_001_000,sharpness,mouth,11.3825
19,601.000000,d39560e57ccf0d56a57604dda32c01f1_shot_001_000,lmd,mouth,1.969661
19,601.000000,d39560e57ccf0d56a57604dda32c01f1_shot_001_000,sync_d,mouth,7.367590
19,601.000000,d39560e57ccf0d56a57604dda32c01f1_shot_001_000,sync_c,mouth,5.207430
20,581.000000,d39560e57ccf0d56a57604dda32c01f1_shot_001_000,pixel_mse,mouth,0.00020556
20,581.000000,d39560e57ccf0d56a57604dda32c01f1_shot_001_000,pixel_mse,upper_face,0.00005316
20,581.000000,d39560e57ccf0d56a57604dda32c01f1_shot_001_000,pixel_mse,full,0.00011519
20,581.000000,d39560e57ccf0d56a57604dda32c01f1_shot_001_000,ssim,mouth,0.96090263
20,581.000000,d39560e57ccf0d56a57604dda32c01f1_shot_001_000,ssim,upper_face,0.97556323
20,581.000000,d39560e57ccf0d56a57604dda32c01f1_shot_001_000,ssim,full,0.96959639
20,581.000000,d39560e57ccf0d56a57604dda32c01f1_shot_001_000,lpips,mouth,0.02724189
20,581.000000,d39560e57ccf0d56a57604dda32c01f1_shot_001_000,lpips,full,0.02168201
20,581.000000,d39560e57ccf0d56a57604dda32c01f1_shot_001_000,sharpness,mouth,11.3987
20,581.000000,d39560e57ccf0d56a57604dda32c01f1_shot_001_000,lmd,mouth,1.885149
20,581.000000,d39560e57ccf0d56a57604dda32c01f1_shot_001_000,sync_d,mouth,7.293809
20,581.000000,d39560e57ccf0d56a57604dda32c01f1_shot_001_000,sync_c,mouth,5.303715
21,561.000000,d39560e57ccf0d56a57604dda32c01f1_shot_001_000,pixel_mse,mouth,0.00020349
21,561.000000,d39560e57ccf0d56a57604dda32c01f1_shot_001_000,pixel_mse,upper_face,0.00005271
21,561.000000,d39560e57ccf0d56a57604dda32c01f1_shot_001_000,pixel_mse,full,0.00011407
21,561.000000,d39560e57ccf0d56a57604dda32c01f1_shot_001_000,ssim,mouth,0.96113658
21,561.000000,d39560e57ccf0d56a57604dda32c01f1_shot_001_000,ssim,upper_face,0.97562361
21,561.000000,d39560e57ccf0d56a57604dda32c01f1_shot_001_000,ssim,full,0.96972746
21,561.000000,d39560e57ccf0d56a57604dda32c01f1_shot_001_000,lpips,mouth,0.02706800
21,561.000000,d39560e57ccf0d56a57604dda32c01f1_shot_001_000,lpips,full,0.02143798
21,561.000000,d39560e57ccf0d56a57604dda32c01f1_shot_001_000,sharpness,mouth,11.3236
21,561.000000,d39560e57ccf0d56a57604dda32c01f1_shot_001_000,lmd,mouth,1.875998
21,561.000000,d39560e57ccf0d56a57604dda32c01f1_shot_001_000,sync_d,mouth,7.455966
21,561.000000,d39560e57ccf0d56a57604dda32c01f1_shot_001_000,sync_c,mouth,5.162970
22,541.000000,d39560e57ccf0d56a57604dda32c01f1_shot_001_000,pixel_mse,mouth,0.00020287
22,541.000000,d39560e57ccf0d56a57604dda32c01f1_shot_001_000,pixel_mse,upper_face,0.00005232
22,541.000000,d39560e57ccf0d56a57604dda32c01f1_shot_001_000,pixel_mse,full,0.00011360
22,541.000000,d39560e57ccf0d56a57604dda32c01f1_shot_001_000,ssim,mouth,0.96116769
22,541.000000,d39560e57ccf0d56a57604dda32c01f1_shot_001_000,ssim,upper_face,0.97570437
22,541.000000,d39560e57ccf0d56a57604dda32c01f1_shot_001_000,ssim,full,0.96978796
22,541.000000,d39560e57ccf0d56a57604dda32c01f1_shot_001_000,lpips,mouth,0.02717344
22,541.000000,d39560e57ccf0d56a57604dda32c01f1_shot_001_000,lpips,full,0.02141925
22,541.000000,d39560e57ccf0d56a57604dda32c01f1_shot_001_000,sharpness,mouth,11.3505
22,541.000000,d39560e57ccf0d56a57604dda32c01f1_shot_001_000,lmd,mouth,1.959667
22,541.000000,d39560e57ccf0d56a57604dda32c01f1_shot_001_000,sync_d,mouth,7.308658
22,541.000000,d39560e57ccf0d56a57604dda32c01f1_shot_001_000,sync_c,mouth,5.339221
23,521.000000,d39560e57ccf0d56a57604dda32c01f1_shot_001_000,pixel_mse,mouth,0.00020127
23,521.000000,d39560e57ccf0d56a57604dda32c01f1_shot_001_000,pixel_mse,upper_face,0.00005201
23,521.000000,d39560e57ccf0d56a57604dda32c01f1_shot_001_000,pixel_mse,full,0.00011276
23,521.000000,d39560e57ccf0d56a57604dda32c01f1_shot_001_000,ssim,mouth,0.96134472
23,521.000000,d39560e57ccf0d56a57604dda32c01f1_shot_001_000,ssim,upper_face,0.97568309
23,521.000000,d39560e57ccf0d56a57604dda32c01f1_shot_001_000,ssim,full,0.96984744
23,521.000000,d39560e57ccf0d56a57604dda32c01f1_shot_001_000,lpips,mouth,0.02682879
23,521.000000,d39560e57ccf0d56a57604dda32c01f1_shot_001_000,lpips,full,0.02119268
23,521.000000,d39560e57ccf0d56a57604dda32c01f1_shot_001_000,sharpness,mouth,11.3574
23,521.000000,d39560e57ccf0d56a57604dda32c01f1_shot_001_000,lmd,mouth,1.818047
23,521.000000,d39560e57ccf0d56a57604dda32c01f1_shot_001_000,sync_d,mouth,7.354120
23,521.000000,d39560e57ccf0d56a57604dda32c01f1_shot_001_000,sync_c,mouth,5.268140
24,501.000000,d39560e57ccf0d56a57604dda32c01f1_shot_001_000,pixel_mse,mouth,0.00020098
24,501.000000,d39560e57ccf0d56a57604dda32c01f1_shot_001_000,pixel_mse,upper_face,0.00005178
24,501.000000,d39560e57ccf0d56a57604dda32c01f1_shot_001_000,pixel_mse,full,0.00011250
24,501.000000,d39560e57ccf0d56a57604dda32c01f1_shot_001_000,ssim,mouth,0.96142185
24,501.000000,d39560e57ccf0d56a57604dda32c01f1_shot_001_000,ssim,upper_face,0.97567701
24,501.000000,d39560e57ccf0d56a57604dda32c01f1_shot_001_000,ssim,full,0.96987522
24,501.000000,d39560e57ccf0d56a57604dda32c01f1_shot_001_000,lpips,mouth,0.02699075
24,501.000000,d39560e57ccf0d56a57604dda32c01f1_shot_001_000,lpips,full,0.02134586
24,501.000000,d39560e57ccf0d56a57604dda32c01f1_shot_001_000,sharpness,mouth,11.3048
24,501.000000,d39560e57ccf0d56a57604dda32c01f1_shot_001_000,lmd,mouth,1.724766
24,501.000000,d39560e57ccf0d56a57604dda32c01f1_shot_001_000,sync_d,mouth,7.438490
24,501.000000,d39560e57ccf0d56a57604dda32c01f1_shot_001_000,sync_c,mouth,5.228588
25,481.000000,d39560e57ccf0d56a57604dda32c01f1_shot_001_000,pixel_mse,mouth,0.00020040
25,481.000000,d39560e57ccf0d56a57604dda32c01f1_shot_001_000,pixel_mse,upper_face,0.00005150
25,481.000000,d39560e57ccf0d56a57604dda32c01f1_shot_001_000,pixel_mse,full,0.00011210
25,481.000000,d39560e57ccf0d56a57604dda32c01f1_shot_001_000,ssim,mouth,0.96143097
25,481.000000,d39560e57ccf0d56a57604dda32c01f1_shot_001_000,ssim,upper_face,0.97573960
25,481.000000,d39560e57ccf0d56a57604dda32c01f1_shot_001_000,ssim,full,0.96991599
25,481.000000,d39560e57ccf0d56a57604dda32c01f1_shot_001_000,lpips,mouth,0.02695957
25,481.000000,d39560e57ccf0d56a57604dda32c01f1_shot_001_000,lpips,full,0.02125862
25,481.000000,d39560e57ccf0d56a57604dda32c01f1_shot_001_000,sharpness,mouth,11.2748
25,481.000000,d39560e57ccf0d56a57604dda32c01f1_shot_001_000,lmd,mouth,1.772228
25,481.000000,d39560e57ccf0d56a57604dda32c01f1_shot_001_000,sync_d,mouth,7.281996
25,481.000000,d39560e57ccf0d56a57604dda32c01f1_shot_001_000,sync_c,mouth,5.286381
26,461.000000,d39560e57ccf0d56a57604dda32c01f1_shot_001_000,pixel_mse,mouth,0.00019989
26,461.000000,d39560e57ccf0d56a57604dda32c01f1_shot_001_000,pixel_mse,upper_face,0.00005142
26,461.000000,d39560e57ccf0d56a57604dda32c01f1_shot_001_000,pixel_mse,full,0.00011184
26,461.000000,d39560e57ccf0d56a57604dda32c01f1_shot_001_000,ssim,mouth,0.96154612
26,461.000000,d39560e57ccf0d56a57604dda32c01f1_shot_001_000,ssim,upper_face,0.97568160
26,461.000000,d39560e57ccf0d56a57604dda32c01f1_shot_001_000,ssim,full,0.96992844
26,461.000000,d39560e57ccf0d56a57604dda32c01f1_shot_001_000,lpips,mouth,0.02705428
26,461.000000,d39560e57ccf0d56a57604dda32c01f1_shot_001_000,lpips,full,0.02132454
26,461.000000,d39560e57ccf0d56a57604dda32c01f1_shot_001_000,sharpness,mouth,11.3010
26,461.000000,d39560e57ccf0d56a57604dda32c01f1_shot_001_000,lmd,mouth,1.857058
26,461.000000,d39560e57ccf0d56a57604dda32c01f1_shot_001_000,sync_d,mouth,7.328725
26,461.000000,d39560e57ccf0d56a57604dda32c01f1_shot_001_000,sync_c,mouth,5.244018
27,441.000000,d39560e57ccf0d56a57604dda32c01f1_shot_001_000,pixel_mse,mouth,0.00020004
27,441.000000,d39560e57ccf0d56a57604dda32c01f1_shot_001_000,pixel_mse,upper_face,0.00005120
27,441.000000,d39560e57ccf0d56a57604dda32c01f1_shot_001_000,pixel_mse,full,0.00011178
27,441.000000,d39560e57ccf0d56a57604dda32c01f1_shot_001_000,ssim,mouth,0.96154332
27,441.000000,d39560e57ccf0d56a57604dda32c01f1_shot_001_000,ssim,upper_face,0.97572982
27,441.000000,d39560e57ccf0d56a57604dda32c01f1_shot_001_000,ssim,full,0.96995592
27,441.000000,d39560e57ccf0d56a57604dda32c01f1_shot_001_000,lpips,mouth,0.02687817
27,441.000000,d39560e57ccf0d56a57604dda32c01f1_shot_001_000,lpips,full,0.02110218
27,441.000000,d39560e57ccf0d56a57604dda32c01f1_shot_001_000,sharpness,mouth,11.2775
27,441.000000,d39560e57ccf0d56a57604dda32c01f1_shot_001_000,lmd,mouth,1.899907
27,441.000000,d39560e57ccf0d56a57604dda32c01f1_shot_001_000,sync_d,mouth,7.428671
27,441.000000,d39560e57ccf0d56a57604dda32c01f1_shot_001_000,sync_c,mouth,5.107562
28,421.000000,d39560e57ccf0d56a57604dda32c01f1_shot_001_000,pixel_mse,mouth,0.00019925
28,421.000000,d39560e57ccf0d56a57604dda32c01f1_shot_001_000,pixel_mse,upper_face,0.00005105
28,421.000000,d39560e57ccf0d56a57604dda32c01f1_shot_001_000,pixel_mse,full,0.00011137
28,421.000000,d39560e57ccf0d56a57604dda32c01f1_shot_001_000,ssim,mouth,0.96163809
28,421.000000,d39560e57ccf0d56a57604dda32c01f1_shot_001_000,ssim,upper_face,0.97574604
28,421.000000,d39560e57ccf0d56a57604dda32c01f1_shot_001_000,ssim,full,0.97000420
28,421.000000,d39560e57ccf0d56a57604dda32c01f1_shot_001_000,lpips,mouth,0.02684758
28,421.000000,d39560e57ccf0d56a57604dda32c01f1_shot_001_000,lpips,full,0.02111140
28,421.000000,d39560e57ccf0d56a57604dda32c01f1_shot_001_000,sharpness,mouth,11.2375
28,421.000000,d39560e57ccf0d56a57604dda32c01f1_shot_001_000,lmd,mouth,2.015668
28,421.000000,d39560e57ccf0d56a57604dda32c01f1_shot_001_000,sync_d,mouth,7.417320
28,421.000000,d39560e57ccf0d56a57604dda32c01f1_shot_001_000,sync_c,mouth,5.231655
29,401.000000,d39560e57ccf0d56a57604dda32c01f1_shot_001_000,pixel_mse,mouth,0.00019886
29,401.000000,d39560e57ccf0d56a57604dda32c01f1_shot_001_000,pixel_mse,upper_face,0.00005099
29,401.000000,d39560e57ccf0d56a57604dda32c01f1_shot_001_000,pixel_mse,full,0.00011117
29,401.000000,d39560e57ccf0d56a57604dda32c01f1_shot_001_000,ssim,mouth,0.96161580
29,401.000000,d39560e57ccf0d56a57604dda32c01f1_shot_001_000,ssim,upper_face,0.97568965
29,401.000000,d39560e57ccf0d56a57604dda32c01f1_shot_001_000,ssim,full,0.96996158
29,401.000000,d39560e57ccf0d56a57604dda32c01f1_shot_001_000,lpips,mouth,0.02693916
29,401.000000,d39560e57ccf0d56a57604dda32c01f1_shot_001_000,lpips,full,0.02117710
29,401.000000,d39560e57ccf0d56a57604dda32c01f1_shot_001_000,sharpness,mouth,11.2649
29,401.000000,d39560e57ccf0d56a57604dda32c01f1_shot_001_000,lmd,mouth,1.759636
29,401.000000,d39560e57ccf0d56a57604dda32c01f1_shot_001_000,sync_d,mouth,7.478049
29,401.000000,d39560e57ccf0d56a57604dda32c01f1_shot_001_000,sync_c,mouth,5.106531
30,381.000000,d39560e57ccf0d56a57604dda32c01f1_shot_001_000,pixel_mse,mouth,0.00019833
30,381.000000,d39560e57ccf0d56a57604dda32c01f1_shot_001_000,pixel_mse,upper_face,0.00005079
30,381.000000,d39560e57ccf0d56a57604dda32c01f1_shot_001_000,pixel_mse,full,0.00011084
30,381.000000,d39560e57ccf0d56a57604dda32c01f1_shot_001_000,ssim,mouth,0.96162522
30,381.000000,d39560e57ccf0d56a57604dda32c01f1_shot_001_000,ssim,upper_face,0.97577536
30,381.000000,d39560e57ccf0d56a57604dda32c01f1_shot_001_000,ssim,full,0.97001636
30,381.000000,d39560e57ccf0d56a57604dda32c01f1_shot_001_000,lpips,mouth,0.02688079
30,381.000000,d39560e57ccf0d56a57604dda32c01f1_shot_001_000,lpips,full,0.02127908
30,381.000000,d39560e57ccf0d56a57604dda32c01f1_shot_001_000,sharpness,mouth,11.2854
30,381.000000,d39560e57ccf0d56a57604dda32c01f1_shot_001_000,lmd,mouth,1.996532
30,381.000000,d39560e57ccf0d56a57604dda32c01f1_shot_001_000,sync_d,mouth,7.347909
30,381.000000,d39560e57ccf0d56a57604dda32c01f1_shot_001_000,sync_c,mouth,5.151362
31,361.000000,d39560e57ccf0d56a57604dda32c01f1_shot_001_000,pixel_mse,mouth,0.00019750
31,361.000000,d39560e57ccf0d56a57604dda32c01f1_shot_001_000,pixel_mse,upper_face,0.00005063
31,361.000000,d39560e57ccf0d56a57604dda32c01f1_shot_001_000,pixel_mse,full,0.00011040
31,361.000000,d39560e57ccf0d56a57604dda32c01f1_shot_001_000,ssim,mouth,0.96168733
31,361.000000,d39560e57ccf0d56a57604dda32c01f1_shot_001_000,ssim,upper_face,0.97574848
31,361.000000,d39560e57ccf0d56a57604dda32c01f1_shot_001_000,ssim,full,0.97002566
31,361.000000,d39560e57ccf0d56a57604dda32c01f1_shot_001_000,lpips,mouth,0.02662252
31,361.000000,d39560e57ccf0d56a57604dda32c01f1_shot_001_000,lpips,full,0.02117797
31,361.000000,d39560e57ccf0d56a57604dda32c01f1_shot_001_000,sharpness,mouth,11.2234
31,361.000000,d39560e57ccf0d56a57604dda32c01f1_shot_001_000,lmd,mouth,1.869175
31,361.000000,d39560e57ccf0d56a57604dda32c01f1_shot_001_000,sync_d,mouth,7.453299
31,361.000000,d39560e57ccf0d56a57604dda32c01f1_shot_001_000,sync_c,mouth,5.206479
32,341.000000,d39560e57ccf0d56a57604dda32c01f1_shot_001_000,pixel_mse,mouth,0.00019749
32,341.000000,d39560e57ccf0d56a57604dda32c01f1_shot_001_000,pixel_mse,upper_face,0.00005055
32,341.000000,d39560e57ccf0d56a57604dda32c01f1_shot_001_000,pixel_mse,full,0.00011035
32,341.000000,d39560e57ccf0d56a57604dda32c01f1_shot_001_000,ssim,mouth,0.96173716
32,341.000000,d39560e57ccf0d56a57604dda32c01f1_shot_001_000,ssim,upper_face,0.97575921
32,341.000000,d39560e57ccf0d56a57604dda32c01f1_shot_001_000,ssim,full,0.97005230
32,341.000000,d39560e57ccf0d56a57604dda32c01f1_shot_001_000,lpips,mouth,0.02697454
32,341.000000,d39560e57ccf0d56a57604dda32c01f1_shot_001_000,lpips,full,0.02120015
32,341.000000,d39560e57ccf0d56a57604dda32c01f1_shot_001_000,sharpness,mouth,11.2034
32,341.000000,d39560e57ccf0d56a57604dda32c01f1_shot_001_000,lmd,mouth,1.761570
32,341.000000,d39560e57ccf0d56a57604dda32c01f1_shot_001_000,sync_d,mouth,7.455271
32,341.000000,d39560e57ccf0d56a57604dda32c01f1_shot_001_000,sync_c,mouth,5.181149
33,321.000000,d39560e57ccf0d56a57604dda32c01f1_shot_001_000,pixel_mse,mouth,0.00019702
33,321.000000,d39560e57ccf0d56a57604dda32c01f1_shot_001_000,pixel_mse,upper_face,0.00005056
33,321.000000,d39560e57ccf0d56a57604dda32c01f1_shot_001_000,pixel_mse,full,0.00011017
33,321.000000,d39560e57ccf0d56a57604dda32c01f1_shot_001_000,ssim,mouth,0.96166515
33,321.000000,d39560e57ccf0d56a57604dda32c01f1_shot_001_000,ssim,upper_face,0.97573203
33,321.000000,d39560e57ccf0d56a57604dda32c01f1_shot_001_000,ssim,full,0.97000682
33,321.000000,d39560e57ccf0d56a57604dda32c01f1_shot_001_000,lpips,mouth,0.02667399
33,321.000000,d39560e57ccf0d56a57604dda32c01f1_shot_001_000,lpips,full,0.02113910
33,321.000000,d39560e57ccf0d56a57604dda32c01f1_shot_001_000,sharpness,mouth,11.2375
33,321.000000,d39560e57ccf0d56a57604dda32c01f1_shot_001_000,lmd,mouth,2.065930
33,321.000000,d39560e57ccf0d56a57604dda32c01f1_shot_001_000,sync_d,mouth,7.385315
33,321.000000,d39560e57ccf0d56a57604dda32c01f1_shot_001_000,sync_c,mouth,5.231217
34,301.000000,d39560e57ccf0d56a57604dda32c01f1_shot_001_000,pixel_mse,mouth,0.00019669
34,301.000000,d39560e57ccf0d56a57604dda32c01f1_shot_001_000,pixel_mse,upper_face,0.00005051
34,301.000000,d39560e57ccf0d56a57604dda32c01f1_shot_001_000,pixel_mse,full,0.00011000
34,301.000000,d39560e57ccf0d56a57604dda32c01f1_shot_001_000,ssim,mouth,0.96173924
34,301.000000,d39560e57ccf0d56a57604dda32c01f1_shot_001_000,ssim,upper_face,0.97576386
34,301.000000,d39560e57ccf0d56a57604dda32c01f1_shot_001_000,ssim,full,0.97005588
34,301.000000,d39560e57ccf0d56a57604dda32c01f1_shot_001_000,lpips,mouth,0.02678398
34,301.000000,d39560e57ccf0d56a57604dda32c01f1_shot_001_000,lpips,full,0.02142275
34,301.000000,d39560e57ccf0d56a57604dda32c01f1_shot_001_000,sharpness,mouth,11.2165
34,301.000000,d39560e57ccf0d56a57604dda32c01f1_shot_001_000,lmd,mouth,1.931286
34,301.000000,d39560e57ccf0d56a57604dda32c01f1_shot_001_000,sync_d,mouth,7.551895
34,301.000000,d39560e57ccf0d56a57604dda32c01f1_shot_001_000,sync_c,mouth,5.120655
35,281.000000,d39560e57ccf0d56a57604dda32c01f1_shot_001_000,pixel_mse,mouth,0.00019639
35,281.000000,d39560e57ccf0d56a57604dda32c01f1_shot_001_000,pixel_mse,upper_face,0.00005045
35,281.000000,d39560e57ccf0d56a57604dda32c01f1_shot_001_000,pixel_mse,full,0.00010985
35,281.000000,d39560e57ccf0d56a57604dda32c01f1_shot_001_000,ssim,mouth,0.96167713
35,281.000000,d39560e57ccf0d56a57604dda32c01f1_shot_001_000,ssim,upper_face,0.97573650
35,281.000000,d39560e57ccf0d56a57604dda32c01f1_shot_001_000,ssim,full,0.97001433
35,281.000000,d39560e57ccf0d56a57604dda32c01f1_shot_001_000,lpips,mouth,0.02689780
35,281.000000,d39560e57ccf0d56a57604dda32c01f1_shot_001_000,lpips,full,0.02124302
35,281.000000,d39560e57ccf0d56a57604dda32c01f1_shot_001_000,sharpness,mouth,11.1851
35,281.000000,d39560e57ccf0d56a57604dda32c01f1_shot_001_000,lmd,mouth,1.841765
35,281.000000,d39560e57ccf0d56a57604dda32c01f1_shot_001_000,sync_d,mouth,7.471138
35,281.000000,d39560e57ccf0d56a57604dda32c01f1_shot_001_000,sync_c,mouth,5.216009
36,261.000000,d39560e57ccf0d56a57604dda32c01f1_shot_001_000,pixel_mse,mouth,0.00019535
36,261.000000,d39560e57ccf0d56a57604dda32c01f1_shot_001_000,pixel_mse,upper_face,0.00005049
36,261.000000,d39560e57ccf0d56a57604dda32c01f1_shot_001_000,pixel_mse,full,0.00010944
36,261.000000,d39560e57ccf0d56a57604dda32c01f1_shot_001_000,ssim,mouth,0.96170485
36,261.000000,d39560e57ccf0d56a57604dda32c01f1_shot_001_000,ssim,upper_face,0.97576571
36,261.000000,d39560e57ccf0d56a57604dda32c01f1_shot_001_000,ssim,full,0.97004294
36,261.000000,d39560e57ccf0d56a57604dda32c01f1_shot_001_000,lpips,mouth,0.02707612
36,261.000000,d39560e57ccf0d56a57604dda32c01f1_shot_001_000,lpips,full,0.02142021
36,261.000000,d39560e57ccf0d56a57604dda32c01f1_shot_001_000,sharpness,mouth,11.2315
36,261.000000,d39560e57ccf0d56a57604dda32c01f1_shot_001_000,lmd,mouth,1.832361
36,261.000000,d39560e57ccf0d56a57604dda32c01f1_shot_001_000,sync_d,mouth,7.487267
36,261.000000,d39560e57ccf0d56a57604dda32c01f1_shot_001_000,sync_c,mouth,5.060836
37,241.000000,d39560e57ccf0d56a57604dda32c01f1_shot_001_000,pixel_mse,mouth,0.00019415
37,241.000000,d39560e57ccf0d56a57604dda32c01f1_shot_001_000,pixel_mse,upper_face,0.00005050
37,241.000000,d39560e57ccf0d56a57604dda32c01f1_shot_001_000,pixel_mse,full,0.00010896
37,241.000000,d39560e57ccf0d56a57604dda32c01f1_shot_001_000,ssim,mouth,0.96179324
37,241.000000,d39560e57ccf0d56a57604dda32c01f1_shot_001_000,ssim,upper_face,0.97573751
37,241.000000,d39560e57ccf0d56a57604dda32c01f1_shot_001_000,ssim,full,0.97006226
37,241.000000,d39560e57ccf0d56a57604dda32c01f1_shot_001_000,lpips,mouth,0.02707892
37,241.000000,d39560e57ccf0d56a57604dda32c01f1_shot_001_000,lpips,full,0.02138009
37,241.000000,d39560e57ccf0d56a57604dda32c01f1_shot_001_000,sharpness,mouth,11.2448
37,241.000000,d39560e57ccf0d56a57604dda32c01f1_shot_001_000,lmd,mouth,1.792666
37,241.000000,d39560e57ccf0d56a57604dda32c01f1_shot_001_000,sync_d,mouth,7.483167
37,241.000000,d39560e57ccf0d56a57604dda32c01f1_shot_001_000,sync_c,mouth,5.196273
38,221.000000,d39560e57ccf0d56a57604dda32c01f1_shot_001_000,pixel_mse,mouth,0.00019404
38,221.000000,d39560e57ccf0d56a57604dda32c01f1_shot_001_000,pixel_mse,upper_face,0.00005059
38,221.000000,d39560e57ccf0d56a57604dda32c01f1_shot_001_000,pixel_mse,full,0.00010898
38,221.000000,d39560e57ccf0d56a57604dda32c01f1_shot_001_000,ssim,mouth,0.96163011
38,221.000000,d39560e57ccf0d56a57604dda32c01f1_shot_001_000,ssim,upper_face,0.97568977
38,221.000000,d39560e57ccf0d56a57604dda32c01f1_shot_001_000,ssim,full,0.96996754
38,221.000000,d39560e57ccf0d56a57604dda32c01f1_shot_001_000,lpips,mouth,0.02736706
38,221.000000,d39560e57ccf0d56a57604dda32c01f1_shot_001_000,lpips,full,0.02139895
38,221.000000,d39560e57ccf0d56a57604dda32c01f1_shot_001_000,sharpness,mouth,11.2554
38,221.000000,d39560e57ccf0d56a57604dda32c01f1_shot_001_000,lmd,mouth,1.924693
38,221.000000,d39560e57ccf0d56a57604dda32c01f1_shot_001_000,sync_d,mouth,7.413736
38,221.000000,d39560e57ccf0d56a57604dda32c01f1_shot_001_000,sync_c,mouth,5.215377
39,201.000000,d39560e57ccf0d56a57604dda32c01f1_shot_001_000,pixel_mse,mouth,0.00019324
39,201.000000,d39560e57ccf0d56a57604dda32c01f1_shot_001_000,pixel_mse,upper_face,0.00005043
39,201.000000,d39560e57ccf0d56a57604dda32c01f1_shot_001_000,pixel_mse,full,0.00010855
39,201.000000,d39560e57ccf0d56a57604dda32c01f1_shot_001_000,ssim,mouth,0.96160734
39,201.000000,d39560e57ccf0d56a57604dda32c01f1_shot_001_000,ssim,upper_face,0.97570777
39,201.000000,d39560e57ccf0d56a57604dda32c01f1_shot_001_000,ssim,full,0.96996891
39,201.000000,d39560e57ccf0d56a57604dda32c01f1_shot_001_000,lpips,mouth,0.02732733
39,201.000000,d39560e57ccf0d56a57604dda32c01f1_shot_001_000,lpips,full,0.02133620
39,201.000000,d39560e57ccf0d56a57604dda32c01f1_shot_001_000,sharpness,mouth,11.2255
39,201.000000,d39560e57ccf0d56a57604dda32c01f1_shot_001_000,lmd,mouth,1.993123
39,201.000000,d39560e57ccf0d56a57604dda32c01f1_shot_001_000,sync_d,mouth,7.562533
39,201.000000,d39560e57ccf0d56a57604dda32c01f1_shot_001_000,sync_c,mouth,5.077365
40,181.000000,d39560e57ccf0d56a57604dda32c01f1_shot_001_000,pixel_mse,mouth,0.00019348
40,181.000000,d39560e57ccf0d56a57604dda32c01f1_shot_001_000,pixel_mse,upper_face,0.00005052
40,181.000000,d39560e57ccf0d56a57604dda32c01f1_shot_001_000,pixel_mse,full,0.00010870
40,181.000000,d39560e57ccf0d56a57604dda32c01f1_shot_001_000,ssim,mouth,0.96151942
40,181.000000,d39560e57ccf0d56a57604dda32c01f1_shot_001_000,ssim,upper_face,0.97572470
40,181.000000,d39560e57ccf0d56a57604dda32c01f1_shot_001_000,ssim,full,0.96994317
40,181.000000,d39560e57ccf0d56a57604dda32c01f1_shot_001_000,lpips,mouth,0.02719497
40,181.000000,d39560e57ccf0d56a57604dda32c01f1_shot_001_000,lpips,full,0.02152914
40,181.000000,d39560e57ccf0d56a57604dda32c01f1_shot_001_000,sharpness,mouth,11.2278
40,181.000000,d39560e57ccf0d56a57604dda32c01f1_shot_001_000,lmd,mouth,1.863754
40,181.000000,d39560e57ccf0d56a57604dda32c01f1_shot_001_000,sync_d,mouth,7.539922
40,181.000000,d39560e57ccf0d56a57604dda32c01f1_shot_001_000,sync_c,mouth,5.125388
41,161.000000,d39560e57ccf0d56a57604dda32c01f1_shot_001_000,pixel_mse,mouth,0.00019266
41,161.000000,d39560e57ccf0d56a57604dda32c01f1_shot_001_000,pixel_mse,upper_face,0.00005059
41,161.000000,d39560e57ccf0d56a57604dda32c01f1_shot_001_000,pixel_mse,full,0.00010841
41,161.000000,d39560e57ccf0d56a57604dda32c01f1_shot_001_000,ssim,mouth,0.96146846
41,161.000000,d39560e57ccf0d56a57604dda32c01f1_shot_001_000,ssim,upper_face,0.97568673
41,161.000000,d39560e57ccf0d56a57604dda32c01f1_shot_001_000,ssim,full,0.96989989
41,161.000000,d39560e57ccf0d56a57604dda32c01f1_shot_001_000,lpips,mouth,0.02759564
41,161.000000,d39560e57ccf0d56a57604dda32c01f1_shot_001_000,lpips,full,0.02180951
41,161.000000,d39560e57ccf0d56a57604dda32c01f1_shot_001_000,sharpness,mouth,11.2489
41,161.000000,d39560e57ccf0d56a57604dda32c01f1_shot_001_000,lmd,mouth,1.888512
41,161.000000,d39560e57ccf0d56a57604dda32c01f1_shot_001_000,sync_d,mouth,7.494980
41,161.000000,d39560e57ccf0d56a57604dda32c01f1_shot_001_000,sync_c,mouth,5.148111
42,141.000000,d39560e57ccf0d56a57604dda32c01f1_shot_001_000,pixel_mse,mouth,0.00019242
42,141.000000,d39560e57ccf0d56a57604dda32c01f1_shot_001_000,pixel_mse,upper_face,0.00005059
42,141.000000,d39560e57ccf0d56a57604dda32c01f1_shot_001_000,pixel_mse,full,0.00010831
42,141.000000,d39560e57ccf0d56a57604dda32c01f1_shot_001_000,ssim,mouth,0.96137333
42,141.000000,d39560e57ccf0d56a57604dda32c01f1_shot_001_000,ssim,upper_face,0.97570509
42,141.000000,d39560e57ccf0d56a57604dda32c01f1_shot_001_000,ssim,full,0.96987212
42,141.000000,d39560e57ccf0d56a57604dda32c01f1_shot_001_000,lpips,mouth,0.02763233
42,141.000000,d39560e57ccf0d56a57604dda32c01f1_shot_001_000,lpips,full,0.02171696
42,141.000000,d39560e57ccf0d56a57604dda32c01f1_shot_001_000,sharpness,mouth,11.2509
42,141.000000,d39560e57ccf0d56a57604dda32c01f1_shot_001_000,lmd,mouth,1.940178
42,141.000000,d39560e57ccf0d56a57604dda32c01f1_shot_001_000,sync_d,mouth,7.572573
42,141.000000,d39560e57ccf0d56a57604dda32c01f1_shot_001_000,sync_c,mouth,5.076576
43,121.000000,d39560e57ccf0d56a57604dda32c01f1_shot_001_000,pixel_mse,mouth,0.00019252
43,121.000000,d39560e57ccf0d56a57604dda32c01f1_shot_001_000,pixel_mse,upper_face,0.00005077
43,121.000000,d39560e57ccf0d56a57604dda32c01f1_shot_001_000,pixel_mse,full,0.00010846
43,121.000000,d39560e57ccf0d56a57604dda32c01f1_shot_001_000,ssim,mouth,0.96120310
43,121.000000,d39560e57ccf0d56a57604dda32c01f1_shot_001_000,ssim,upper_face,0.97569025
43,121.000000,d39560e57ccf0d56a57604dda32c01f1_shot_001_000,ssim,full,0.96979398
43,121.000000,d39560e57ccf0d56a57604dda32c01f1_shot_001_000,lpips,mouth,0.02803814
43,121.000000,d39560e57ccf0d56a57604dda32c01f1_shot_001_000,lpips,full,0.02206348
43,121.000000,d39560e57ccf0d56a57604dda32c01f1_shot_001_000,sharpness,mouth,11.2935
43,121.000000,d39560e57ccf0d56a57604dda32c01f1_shot_001_000,lmd,mouth,1.878930
43,121.000000,d39560e57ccf0d56a57604dda32c01f1_shot_001_000,sync_d,mouth,7.620830
43,121.000000,d39560e57ccf0d56a57604dda32c01f1_shot_001_000,sync_c,mouth,5.024675
44,101.000000,d39560e57ccf0d56a57604dda32c01f1_shot_001_000,pixel_mse,mouth,0.00019253
44,101.000000,d39560e57ccf0d56a57604dda32c01f1_shot_001_000,pixel_mse,upper_face,0.00005092
44,101.000000,d39560e57ccf0d56a57604dda32c01f1_shot_001_000,pixel_mse,full,0.00010856
44,101.000000,d39560e57ccf0d56a57604dda32c01f1_shot_001_000,ssim,mouth,0.96112007
44,101.000000,d39560e57ccf0d56a57604dda32c01f1_shot_001_000,ssim,upper_face,0.97565174
44,101.000000,d39560e57ccf0d56a57604dda32c01f1_shot_001_000,ssim,full,0.96973735
44,101.000000,d39560e57ccf0d56a57604dda32c01f1_shot_001_000,lpips,mouth,0.02848145
44,101.000000,d39560e57ccf0d56a57604dda32c01f1_shot_001_000,lpips,full,0.02225411
44,101.000000,d39560e57ccf0d56a57604dda32c01f1_shot_001_000,sharpness,mouth,11.3217
44,101.000000,d39560e57ccf0d56a57604dda32c01f1_shot_001_000,lmd,mouth,1.786797
44,101.000000,d39560e57ccf0d56a57604dda32c01f1_shot_001_000,sync_d,mouth,7.605943
44,101.000000,d39560e57ccf0d56a57604dda32c01f1_shot_001_000,sync_c,mouth,5.066853
45,81.000000,d39560e57ccf0d56a57604dda32c01f1_shot_001_000,pixel_mse,mouth,0.00019385
45,81.000000,d39560e57ccf0d56a57604dda32c01f1_shot_001_000,pixel_mse,upper_face,0.00005118
45,81.000000,d39560e57ccf0d56a57604dda32c01f1_shot_001_000,pixel_mse,full,0.00010925
45,81.000000,d39560e57ccf0d56a57604dda32c01f1_shot_001_000,ssim,mouth,0.96082556
45,81.000000,d39560e57ccf0d56a57604dda32c01f1_shot_001_000,ssim,upper_face,0.97561991
45,81.000000,d39560e57ccf0d56a57604dda32c01f1_shot_001_000,ssim,full,0.96959865
45,81.000000,d39560e57ccf0d56a57604dda32c01f1_shot_001_000,lpips,mouth,0.02867099
45,81.000000,d39560e57ccf0d56a57604dda32c01f1_shot_001_000,lpips,full,0.02226044
45,81.000000,d39560e57ccf0d56a57604dda32c01f1_shot_001_000,sharpness,mouth,11.3557
45,81.000000,d39560e57ccf0d56a57604dda32c01f1_shot_001_000,lmd,mouth,1.714739
45,81.000000,d39560e57ccf0d56a57604dda32c01f1_shot_001_000,sync_d,mouth,7.526167
45,81.000000,d39560e57ccf0d56a57604dda32c01f1_shot_001_000,sync_c,mouth,5.085909
46,61.000000,d39560e57ccf0d56a57604dda32c01f1_shot_001_000,pixel_mse,mouth,0.00019673
46,61.000000,d39560e57ccf0d56a57604dda32c01f1_shot_001_000,pixel_mse,upper_face,0.00005153
46,61.000000,d39560e57ccf0d56a57604dda32c01f1_shot_001_000,pixel_mse,full,0.00011063
46,61.000000,d39560e57ccf0d56a57604dda32c01f1_shot_001_000,ssim,mouth,0.96044016
46,61.000000,d39560e57ccf0d56a57604dda32c01f1_shot_001_000,ssim,upper_face,0.97562367
46,61.000000,d39560e57ccf0d56a57604dda32c01f1_shot_001_000,ssim,full,0.96944404
46,61.000000,d39560e57ccf0d56a57604dda32c01f1_shot_001_000,lpips,mouth,0.02847933
46,61.000000,d39560e57ccf0d56a57604dda32c01f1_shot_001_000,lpips,full,0.02210332
46,61.000000,d39560e57ccf0d56a57604dda32c01f1_shot_001_000,sharpness,mouth,11.4048
46,61.000000,d39560e57ccf0d56a57604dda32c01f1_shot_001_000,lmd,mouth,1.917588
46,61.000000,d39560e57ccf0d56a57604dda32c01f1_shot_001_000,sync_d,mouth,7.583191
46,61.000000,d39560e57ccf0d56a57604dda32c01f1_shot_001_000,sync_c,mouth,5.039824
47,41.000000,d39560e57ccf0d56a57604dda32c01f1_shot_001_000,pixel_mse,mouth,0.00020258
47,41.000000,d39560e57ccf0d56a57604dda32c01f1_shot_001_000,pixel_mse,upper_face,0.00005212
47,41.000000,d39560e57ccf0d56a57604dda32c01f1_shot_001_000,pixel_mse,full,0.00011335
47,41.000000,d39560e57ccf0d56a57604dda32c01f1_shot_001_000,ssim,mouth,0.96006513
47,41.000000,d39560e57ccf0d56a57604dda32c01f1_shot_001_000,ssim,upper_face,0.97545660
47,41.000000,d39560e57ccf0d56a57604dda32c01f1_shot_001_000,ssim,full,0.96919227
47,41.000000,d39560e57ccf0d56a57604dda32c01f1_shot_001_000,lpips,mouth,0.02902665
47,41.000000,d39560e57ccf0d56a57604dda32c01f1_shot_001_000,lpips,full,0.02256613
47,41.000000,d39560e57ccf0d56a57604dda32c01f1_shot_001_000,sharpness,mouth,11.4691
47,41.000000,d39560e57ccf0d56a57604dda32c01f1_shot_001_000,lmd,mouth,1.882074
47,41.000000,d39560e57ccf0d56a57604dda32c01f1_shot_001_000,sync_d,mouth,7.730702
47,41.000000,d39560e57ccf0d56a57604dda32c01f1_shot_001_000,sync_c,mouth,4.972429
48,21.000000,d39560e57ccf0d56a57604dda32c01f1_shot_001_000,pixel_mse,mouth,0.00021824
48,21.000000,d39560e57ccf0d56a57604dda32c01f1_shot_001_000,pixel_mse,upper_face,0.00005341
48,21.000000,d39560e57ccf0d56a57604dda32c01f1_shot_001_000,pixel_mse,full,0.00012050
48,21.000000,d39560e57ccf0d56a57604dda32c01f1_shot_001_000,ssim,mouth,0.95925599
48,21.000000,d39560e57ccf0d56a57604dda32c01f1_shot_001_000,ssim,upper_face,0.97540998
48,21.000000,d39560e57ccf0d56a57604dda32c01f1_shot_001_000,ssim,full,0.96883535
48,21.000000,d39560e57ccf0d56a57604dda32c01f1_shot_001_000,lpips,mouth,0.02930103
48,21.000000,d39560e57ccf0d56a57604dda32c01f1_shot_001_000,lpips,full,0.02267017
48,21.000000,d39560e57ccf0d56a57604dda32c01f1_shot_001_000,sharpness,mouth,11.6682
48,21.000000,d39560e57ccf0d56a57604dda32c01f1_shot_001_000,lmd,mouth,2.062396
48,21.000000,d39560e57ccf0d56a57604dda32c01f1_shot_001_000,sync_d,mouth,7.722890
48,21.000000,d39560e57ccf0d56a57604dda32c01f1_shot_001_000,sync_c,mouth,4.940944
49,1.000000,d39560e57ccf0d56a57604dda32c01f1_shot_001_000,pixel_mse,mouth,0.00029146
49,1.000000,d39560e57ccf0d56a57604dda32c01f1_shot_001_000,pixel_mse,upper_face,0.00006292
49,1.000000,d39560e57ccf0d56a57604dda32c01f1_shot_001_000,pixel_mse,full,0.00015593
49,1.000000,d39560e57ccf0d56a57604dda32c01f1_shot_001_000,ssim,mouth,0.95638883
49,1.000000,d39560e57ccf0d56a57604dda32c01f1_shot_001_000,ssim,upper_face,0.97462481
49,1.000000,d39560e57ccf0d56a57604dda32c01f1_shot_001_000,ssim,full,0.96720278
49,1.000000,d39560e57ccf0d56a57604dda32c01f1_shot_001_000,lpips,mouth,0.03148895
49,1.000000,d39560e57ccf0d56a57604dda32c01f1_shot_001_000,lpips,full,0.02463159
49,1.000000,d39560e57ccf0d56a57604dda32c01f1_shot_001_000,sharpness,mouth,12.1467
49,1.000000,d39560e57ccf0d56a57604dda32c01f1_shot_001_000,lmd,mouth,1.925133
49,1.000000,d39560e57ccf0d56a57604dda32c01f1_shot_001_000,sync_d,mouth,7.705204
49,1.000000,d39560e57ccf0d56a57604dda32c01f1_shot_001_000,sync_c,mouth,5.014954
-1,gt,eb79a85e6b928add93a5fbf5168af5ac_shot_001_000,sharpness,mouth,17.9938
-1,gt,eb79a85e6b928add93a5fbf5168af5ac_shot_001_000,sync_d,mouth,9.494709
-1,gt,eb79a85e6b928add93a5fbf5168af5ac_shot_001_000,sync_c,mouth,2.591933
0,981.000000,eb79a85e6b928add93a5fbf5168af5ac_shot_001_000,pixel_mse,mouth,0.00046725
0,981.000000,eb79a85e6b928add93a5fbf5168af5ac_shot_001_000,pixel_mse,upper_face,0.00010206
0,981.000000,eb79a85e6b928add93a5fbf5168af5ac_shot_001_000,pixel_mse,full,0.00025069
0,981.000000,eb79a85e6b928add93a5fbf5168af5ac_shot_001_000,ssim,mouth,0.95381570
0,981.000000,eb79a85e6b928add93a5fbf5168af5ac_shot_001_000,ssim,upper_face,0.97224391
0,981.000000,eb79a85e6b928add93a5fbf5168af5ac_shot_001_000,ssim,full,0.96474361
0,981.000000,eb79a85e6b928add93a5fbf5168af5ac_shot_001_000,lpips,mouth,0.03242128
0,981.000000,eb79a85e6b928add93a5fbf5168af5ac_shot_001_000,lpips,full,0.02640002
0,981.000000,eb79a85e6b928add93a5fbf5168af5ac_shot_001_000,sharpness,mouth,16.9791
0,981.000000,eb79a85e6b928add93a5fbf5168af5ac_shot_001_000,lmd,mouth,1.441942
0,981.000000,eb79a85e6b928add93a5fbf5168af5ac_shot_001_000,sync_d,mouth,8.318341
0,981.000000,eb79a85e6b928add93a5fbf5168af5ac_shot_001_000,sync_c,mouth,3.403509
1,961.000000,eb79a85e6b928add93a5fbf5168af5ac_shot_001_000,pixel_mse,mouth,0.00044866
1,961.000000,eb79a85e6b928add93a5fbf5168af5ac_shot_001_000,pixel_mse,upper_face,0.00009270
1,961.000000,eb79a85e6b928add93a5fbf5168af5ac_shot_001_000,pixel_mse,full,0.00023758
1,961.000000,eb79a85e6b928add93a5fbf5168af5ac_shot_001_000,ssim,mouth,0.95447600
1,961.000000,eb79a85e6b928add93a5fbf5168af5ac_shot_001_000,ssim,upper_face,0.97314668
1,961.000000,eb79a85e6b928add93a5fbf5168af5ac_shot_001_000,ssim,full,0.96554780
1,961.000000,eb79a85e6b928add93a5fbf5168af5ac_shot_001_000,lpips,mouth,0.03190338
1,961.000000,eb79a85e6b928add93a5fbf5168af5ac_shot_001_000,lpips,full,0.02568383
1,961.000000,eb79a85e6b928add93a5fbf5168af5ac_shot_001_000,sharpness,mouth,16.8888
1,961.000000,eb79a85e6b928add93a5fbf5168af5ac_shot_001_000,lmd,mouth,1.526841
1,961.000000,eb79a85e6b928add93a5fbf5168af5ac_shot_001_000,sync_d,mouth,8.452399
1,961.000000,eb79a85e6b928add93a5fbf5168af5ac_shot_001_000,sync_c,mouth,3.591665
2,941.000000,eb79a85e6b928add93a5fbf5168af5ac_shot_001_000,pixel_mse,mouth,0.00042597
2,941.000000,eb79a85e6b928add93a5fbf5168af5ac_shot_001_000,pixel_mse,upper_face,0.00008451
2,941.000000,eb79a85e6b928add93a5fbf5168af5ac_shot_001_000,pixel_mse,full,0.00022348
2,941.000000,eb79a85e6b928add93a5fbf5168af5ac_shot_001_000,ssim,mouth,0.95485622
2,941.000000,eb79a85e6b928add93a5fbf5168af5ac_shot_001_000,ssim,upper_face,0.97369879
2,941.000000,eb79a85e6b928add93a5fbf5168af5ac_shot_001_000,ssim,full,0.96602988
2,941.000000,eb79a85e6b928add93a5fbf5168af5ac_shot_001_000,lpips,mouth,0.03134008
2,941.000000,eb79a85e6b928add93a5fbf5168af5ac_shot_001_000,lpips,full,0.02476128
2,941.000000,eb79a85e6b928add93a5fbf5168af5ac_shot_001_000,sharpness,mouth,16.8401
2,941.000000,eb79a85e6b928add93a5fbf5168af5ac_shot_001_000,lmd,mouth,1.473431
2,941.000000,eb79a85e6b928add93a5fbf5168af5ac_shot_001_000,sync_d,mouth,8.379777
2,941.000000,eb79a85e6b928add93a5fbf5168af5ac_shot_001_000,sync_c,mouth,3.675756
3,921.000000,eb79a85e6b928add93a5fbf5168af5ac_shot_001_000,pixel_mse,mouth,0.00041362
3,921.000000,eb79a85e6b928add93a5fbf5168af5ac_shot_001_000,pixel_mse,upper_face,0.00008132
3,921.000000,eb79a85e6b928add93a5fbf5168af5ac_shot_001_000,pixel_mse,full,0.00021657
3,921.000000,eb79a85e6b928add93a5fbf5168af5ac_shot_001_000,ssim,mouth,0.95529854
3,921.000000,eb79a85e6b928add93a5fbf5168af5ac_shot_001_000,ssim,upper_face,0.97405314
3,921.000000,eb79a85e6b928add93a5fbf5168af5ac_shot_001_000,ssim,full,0.96642005
3,921.000000,eb79a85e6b928add93a5fbf5168af5ac_shot_001_000,lpips,mouth,0.03094492
3,921.000000,eb79a85e6b928add93a5fbf5168af5ac_shot_001_000,lpips,full,0.02391929
3,921.000000,eb79a85e6b928add93a5fbf5168af5ac_shot_001_000,sharpness,mouth,16.7610
3,921.000000,eb79a85e6b928add93a5fbf5168af5ac_shot_001_000,lmd,mouth,1.431298
3,921.000000,eb79a85e6b928add93a5fbf5168af5ac_shot_001_000,sync_d,mouth,8.570504
3,921.000000,eb79a85e6b928add93a5fbf5168af5ac_shot_001_000,sync_c,mouth,3.472046
4,901.000000,eb79a85e6b928add93a5fbf5168af5ac_shot_001_000,pixel_mse,mouth,0.00040336
4,901.000000,eb79a85e6b928add93a5fbf5168af5ac_shot_001_000,pixel_mse,upper_face,0.00007645
4,901.000000,eb79a85e6b928add93a5fbf5168af5ac_shot_001_000,pixel_mse,full,0.00020950
4,901.000000,eb79a85e6b928add93a5fbf5168af5ac_shot_001_000,ssim,mouth,0.95547199
4,901.000000,eb79a85e6b928add93a5fbf5168af5ac_shot_001_000,ssim,upper_face,0.97444952
4,901.000000,eb79a85e6b928add93a5fbf5168af5ac_shot_001_000,ssim,full,0.96672571
4,901.000000,eb79a85e6b928add93a5fbf5168af5ac_shot_001_000,lpips,mouth,0.03087621
4,901.000000,eb79a85e6b928add93a5fbf5168af5ac_shot_001_000,lpips,full,0.02362284
4,901.000000,eb79a85e6b928add93a5fbf5168af5ac_shot_001_000,sharpness,mouth,16.7687
4,901.000000,eb79a85e6b928add93a5fbf5168af5ac_shot_001_000,lmd,mouth,1.432719
4,901.000000,eb79a85e6b928add93a5fbf5168af5ac_shot_001_000,sync_d,mouth,8.553636
4,901.000000,eb79a85e6b928add93a5fbf5168af5ac_shot_001_000,sync_c,mouth,3.489095
5,881.000000,eb79a85e6b928add93a5fbf5168af5ac_shot_001_000,pixel_mse,mouth,0.00039252
5,881.000000,eb79a85e6b928add93a5fbf5168af5ac_shot_001_000,pixel_mse,upper_face,0.00007247
5,881.000000,eb79a85e6b928add93a5fbf5168af5ac_shot_001_000,pixel_mse,full,0.00020273
5,881.000000,eb79a85e6b928add93a5fbf5168af5ac_shot_001_000,ssim,mouth,0.95577490
5,881.000000,eb79a85e6b928add93a5fbf5168af5ac_shot_001_000,ssim,upper_face,0.97478354
5,881.000000,eb79a85e6b928add93a5fbf5168af5ac_shot_001_000,ssim,full,0.96704704
5,881.000000,eb79a85e6b928add93a5fbf5168af5ac_shot_001_000,lpips,mouth,0.03046358
5,881.000000,eb79a85e6b928add93a5fbf5168af5ac_shot_001_000,lpips,full,0.02311233
5,881.000000,eb79a85e6b928add93a5fbf5168af5ac_shot_001_000,sharpness,mouth,16.7176
5,881.000000,eb79a85e6b928add93a5fbf5168af5ac_shot_001_000,lmd,mouth,1.427854
5,881.000000,eb79a85e6b928add93a5fbf5168af5ac_shot_001_000,sync_d,mouth,8.414548
5,881.000000,eb79a85e6b928add93a5fbf5168af5ac_shot_001_000,sync_c,mouth,3.532615
6,861.000000,eb79a85e6b928add93a5fbf5168af5ac_shot_001_000,pixel_mse,mouth,0.00037940
6,861.000000,eb79a85e6b928add93a5fbf5168af5ac_shot_001_000,pixel_mse,upper_face,0.00006993
6,861.000000,eb79a85e6b928add93a5fbf5168af5ac_shot_001_000,pixel_mse,full,0.00019588
6,861.000000,eb79a85e6b928add93a5fbf5168af5ac_shot_001_000,ssim,mouth,0.95607579
6,861.000000,eb79a85e6b928add93a5fbf5168af5ac_shot_001_000,ssim,upper_face,0.97500527
6,861.000000,eb79a85e6b928add93a5fbf5168af5ac_shot_001_000,ssim,full,0.96730095
6,861.000000,eb79a85e6b928add93a5fbf5168af5ac_shot_001_000,lpips,mouth,0.03017310
6,861.000000,eb79a85e6b928add93a5fbf5168af5ac_shot_001_000,lpips,full,0.02265350
6,861.000000,eb79a85e6b928add93a5fbf5168af5ac_shot_001_000,sharpness,mouth,16.6869
6,861.000000,eb79a85e6b928add93a5fbf5168af5ac_shot_001_000,lmd,mouth,1.322855
6,861.000000,eb79a85e6b928add93a5fbf5168af5ac_shot_001_000,sync_d,mouth,8.414298
6,861.000000,eb79a85e6b928add93a5fbf5168af5ac_shot_001_000,sync_c,mouth,3.698742
7,841.000000,eb79a85e6b928add93a5fbf5168af5ac_shot_001_000,pixel_mse,mouth,0.00037178
7,841.000000,eb79a85e6b928add93a5fbf5168af5ac_shot_001_000,pixel_mse,upper_face,0.00006716
7,841.000000,eb79a85e6b928add93a5fbf5168af5ac_shot_001_000,pixel_mse,full,0.00019114
7,841.000000,eb79a85e6b928add93a5fbf5168af5ac_shot_001_000,ssim,mouth,0.95626104
7,841.000000,eb79a85e6b928add93a5fbf5168af5ac_shot_001_000,ssim,upper_face,0.97529125
7,841.000000,eb79a85e6b928add93a5fbf5168af5ac_shot_001_000,ssim,full,0.96754599
7,841.000000,eb79a85e6b928add93a5fbf5168af5ac_shot_001_000,lpips,mouth,0.02985277
7,841.000000,eb79a85e6b928add93a5fbf5168af5ac_shot_001_000,lpips,full,0.02228387
7,841.000000,eb79a85e6b928add93a5fbf5168af5ac_shot_001_000,sharpness,mouth,16.7244
7,841.000000,eb79a85e6b928add93a5fbf5168af5ac_shot_001_000,lmd,mouth,1.397717
7,841.000000,eb79a85e6b928add93a5fbf5168af5ac_shot_001_000,sync_d,mouth,8.422359
7,841.000000,eb79a85e6b928add93a5fbf5168af5ac_shot_001_000,sync_c,mouth,3.631020
8,821.000000,eb79a85e6b928add93a5fbf5168af5ac_shot_001_000,pixel_mse,mouth,0.00036318
8,821.000000,eb79a85e6b928add93a5fbf5168af5ac_shot_001_000,pixel_mse,upper_face,0.00006533
8,821.000000,eb79a85e6b928add93a5fbf5168af5ac_shot_001_000,pixel_mse,full,0.00018655
8,821.000000,eb79a85e6b928add93a5fbf5168af5ac_shot_001_000,ssim,mouth,0.95655733
8,821.000000,eb79a85e6b928add93a5fbf5168af5ac_shot_001_000,ssim,upper_face,0.97536600
8,821.000000,eb79a85e6b928add93a5fbf5168af5ac_shot_001_000,ssim,full,0.96771091
8,821.000000,eb79a85e6b928add93a5fbf5168af5ac_shot_001_000,lpips,mouth,0.03003398
8,821.000000,eb79a85e6b928add93a5fbf5168af5ac_shot_001_000,lpips,full,0.02216277
8,821.000000,eb79a85e6b928add93a5fbf5168af5ac_shot_001_000,sharpness,mouth,16.6111
8,821.000000,eb79a85e6b928add93a5fbf5168af5ac_shot_001_000,lmd,mouth,1.334017
8,821.000000,eb79a85e6b928add93a5fbf5168af5ac_shot_001_000,sync_d,mouth,8.768398
8,821.000000,eb79a85e6b928add93a5fbf5168af5ac_shot_001_000,sync_c,mouth,3.301960
9,801.000000,eb79a85e6b928add93a5fbf5168af5ac_shot_001_000,pixel_mse,mouth,0.00035526
9,801.000000,eb79a85e6b928add93a5fbf5168af5ac_shot_001_000,pixel_mse,upper_face,0.00006282
9,801.000000,eb79a85e6b928add93a5fbf5168af5ac_shot_001_000,pixel_mse,full,0.00018184
9,801.000000,eb79a85e6b928add93a5fbf5168af5ac_shot_001_000,ssim,mouth,0.95666313
9,801.000000,eb79a85e6b928add93a5fbf5168af5ac_shot_001_000,ssim,upper_face,0.97562969
9,801.000000,eb79a85e6b928add93a5fbf5168af5ac_shot_001_000,ssim,full,0.96791041
9,801.000000,eb79a85e6b928add93a5fbf5168af5ac_shot_001_000,lpips,mouth,0.02986721
9,801.000000,eb79a85e6b928add93a5fbf5168af5ac_shot_001_000,lpips,full,0.02191501
9,801.000000,eb79a85e6b928add93a5fbf5168af5ac_shot_001_000,sharpness,mouth,16.6632
9,801.000000,eb79a85e6b928add93a5fbf5168af5ac_shot_001_000,lmd,mouth,1.403724
9,801.000000,eb79a85e6b928add93a5fbf5168af5ac_shot_001_000,sync_d,mouth,8.760626
9,801.000000,eb79a85e6b928add93a5fbf5168af5ac_shot_001_000,sync_c,mouth,3.315743
10,781.000000,eb79a85e6b928add93a5fbf5168af5ac_shot_001_000,pixel_mse,mouth,0.00034782
10,781.000000,eb79a85e6b928add93a5fbf5168af5ac_shot_001_000,pixel_mse,upper_face,0.00006136
10,781.000000,eb79a85e6b928add93a5fbf5168af5ac_shot_001_000,pixel_mse,full,0.00017795
10,781.000000,eb79a85e6b928add93a5fbf5168af5ac_shot_001_000,ssim,mouth,0.95692188
10,781.000000,eb79a85e6b928add93a5fbf5168af5ac_shot_001_000,ssim,upper_face,0.97581565
10,781.000000,eb79a85e6b928add93a5fbf5168af5ac_shot_001_000,ssim,full,0.96812594
10,781.000000,eb79a85e6b928add93a5fbf5168af5ac_shot_001_000,lpips,mouth,0.02969917
10,781.000000,eb79a85e6b928add93a5fbf5168af5ac_shot_001_000,lpips,full,0.02154006
10,781.000000,eb79a85e6b928add93a5fbf5168af5ac_shot_001_000,sharpness,mouth,16.5970
10,781.000000,eb79a85e6b928add93a5fbf5168af5ac_shot_001_000,lmd,mouth,1.440157
10,781.000000,eb79a85e6b928add93a5fbf5168af5ac_shot_001_000,sync_d,mouth,8.814498
10,781.000000,eb79a85e6b928add93a5fbf5168af5ac_shot_001_000,sync_c,mouth,3.175786
11,761.000000,eb79a85e6b928add93a5fbf5168af5ac_shot_001_000,pixel_mse,mouth,0.00034212
11,761.000000,eb79a85e6b928add93a5fbf5168af5ac_shot_001_000,pixel_mse,upper_face,0.00006042
11,761.000000,eb79a85e6b928add93a5fbf5168af5ac_shot_001_000,pixel_mse,full,0.00017507
11,761.000000,eb79a85e6b928add93a5fbf5168af5ac_shot_001_000,ssim,mouth,0.95702529
11,761.000000,eb79a85e6b928add93a5fbf5168af5ac_shot_001_000,ssim,upper_face,0.97592032
11,761.000000,eb79a85e6b928add93a5fbf5168af5ac_shot_001_000,ssim,full,0.96823007
11,761.000000,eb79a85e6b928add93a5fbf5168af5ac_shot_001_000,lpips,mouth,0.02931187
11,761.000000,eb79a85e6b928add93a5fbf5168af5ac_shot_001_000,lpips,full,0.02133623
11,761.000000,eb79a85e6b928add93a5fbf5168af5ac_shot_001_000,sharpness,mouth,16.6699
11,761.000000,eb79a85e6b928add93a5fbf5168af5ac_shot_001_000,lmd,mouth,1.363907
11,761.000000,eb79a85e6b928add93a5fbf5168af5ac_shot_001_000,sync_d,mouth,8.718824
11,761.000000,eb79a85e6b928add93a5fbf5168af5ac_shot_001_000,sync_c,mouth,3.203353
12,741.000000,eb79a85e6b928add93a5fbf5168af5ac_shot_001_000,pixel_mse,mouth,0.00034905
12,741.000000,eb79a85e6b928add93a5fbf5168af5ac_shot_001_000,pixel_mse,upper_face,0.00006068
12,741.000000,eb79a85e6b928add93a5fbf5168af5ac_shot_001_000,pixel_mse,full,0.00017804
12,741.000000,eb79a85e6b928add93a5fbf5168af5ac_shot_001_000,ssim,mouth,0.95661354
12,741.000000,eb79a85e6b928add93a5fbf5168af5ac_shot_001_000,ssim,upper_face,0.97598213
12,741.000000,eb79a85e6b928add93a5fbf5168af5ac_shot_001_000,ssim,full,0.96809912
12,741.000000,eb79a85e6b928add93a5fbf5168af5ac_shot_001_000,lpips,mouth,0.02939994
12,741.000000,eb79a85e6b928add93a5fbf5168af5ac_shot_001_000,lpips,full,0.02122873
12,741.000000,eb79a85e6b928add93a5fbf5168af5ac_shot_001_000,sharpness,mouth,16.4676
12,741.000000,eb79a85e6b928add93a5fbf5168af5ac_shot_001_000,lmd,mouth,1.263191
12,741.000000,eb79a85e6b928add93a5fbf5168af5ac_shot_001_000,sync_d,mouth,8.498267
12,741.000000,eb79a85e6b928add93a5fbf5168af5ac_shot_001_000,sync_c,mouth,3.624636
13,721.000000,eb79a85e6b928add93a5fbf5168af5ac_shot_001_000,pixel_mse,mouth,0.00034828
13,721.000000,eb79a85e6b928add93a5fbf5168af5ac_shot_001_000,pixel_mse,upper_face,0.00005983
13,721.000000,eb79a85e6b928add93a5fbf5168af5ac_shot_001_000,pixel_mse,full,0.00017723
13,721.000000,eb79a85e6b928add93a5fbf5168af5ac_shot_001_000,ssim,mouth,0.95639628
13,721.000000,eb79a85e6b928add93a5fbf5168af5ac_shot_001_000,ssim,upper_face,0.97618449
13,721.000000,eb79a85e6b928add93a5fbf5168af5ac_shot_001_000,ssim,full,0.96813071
13,721.000000,eb79a85e6b928add93a5fbf5168af5ac_shot_001_000,lpips,mouth,0.02970798
13,721.000000,eb79a85e6b928add93a5fbf5168af5ac_shot_001_000,lpips,full,0.02148963
13,721.000000,eb79a85e6b928add93a5fbf5168af5ac_shot_001_000,sharpness,mouth,16.2645
13,721.000000,eb79a85e6b928add93a5fbf5168af5ac_shot_001_000,lmd,mouth,1.368949
13,721.000000,eb79a85e6b928add93a5fbf5168af5ac_shot_001_000,sync_d,mouth,8.808270
13,721.000000,eb79a85e6b928add93a5fbf5168af5ac_shot_001_000,sync_c,mouth,3.294803
14,701.000000,eb79a85e6b928add93a5fbf5168af5ac_shot_001_000,pixel_mse,mouth,0.00034004
14,701.000000,eb79a85e6b928add93a5fbf5168af5ac_shot_001_000,pixel_mse,upper_face,0.00005889
14,701.000000,eb79a85e6b928add93a5fbf5168af5ac_shot_001_000,pixel_mse,full,0.00017332
14,701.000000,eb79a85e6b928add93a5fbf5168af5ac_shot_001_000,ssim,mouth,0.95672059
14,701.000000,eb79a85e6b928add93a5fbf5168af5ac_shot_001_000,ssim,upper_face,0.97627181
14,701.000000,eb79a85e6b928add93a5fbf5168af5ac_shot_001_000,ssim,full,0.96831447
14,701.000000,eb79a85e6b928add93a5fbf5168af5ac_shot_001_000,lpips,mouth,0.02974153
14,701.000000,eb79a85e6b928add93a5fbf5168af5ac_shot_001_000,lpips,full,0.02125288
14,701.000000,eb79a85e6b928add93a5fbf5168af5ac_shot_001_000,sharpness,mouth,16.2933
14,701.000000,eb79a85e6b928add93a5fbf5168af5ac_shot_001_000,lmd,mouth,1.237880
14,701.000000,eb79a85e6b928add93a5fbf5168af5ac_shot_001_000,sync_d,mouth,8.486387
14,701.000000,eb79a85e6b928add93a5fbf5168af5ac_shot_001_000,sync_c,mouth,3.666202
15,681.000000,eb79a85e6b928add93a5fbf5168af5ac_shot_001_000,pixel_mse,mouth,0.00033406
15,681.000000,eb79a85e6b928add93a5fbf5168af5ac_shot_001_000,pixel_mse,upper_face,0.00005742
15,681.000000,eb79a85e6b928add93a5fbf5168af5ac_shot_001_000,pixel_mse,full,0.00017002
15,681.000000,eb79a85e6b928add93a5fbf5168af5ac_shot_001_000,ssim,mouth,0.95680523
15,681.000000,eb79a85e6b928add93a5fbf5168af5ac_shot_001_000,ssim,upper_face,0.97632557
15,681.000000,eb79a85e6b928add93a5fbf5168af5ac_shot_001_000,ssim,full,0.96838081
15,681.000000,eb79a85e6b928add93a5fbf5168af5ac_shot_001_000,lpips,mouth,0.02954145
15,681.000000,eb79a85e6b928add93a5fbf5168af5ac_shot_001_000,lpips,full,0.02113461
15,681.000000,eb79a85e6b928add93a5fbf5168af5ac_shot_001_000,sharpness,mouth,16.2005
15,681.000000,eb79a85e6b928add93a5fbf5168af5ac_shot_001_000,lmd,mouth,1.356225
15,681.000000,eb79a85e6b928add93a5fbf5168af5ac_shot_001_000,sync_d,mouth,8.550662
15,681.000000,eb79a85e6b928add93a5fbf5168af5ac_shot_001_000,sync_c,mouth,3.403919
16,661.000000,eb79a85e6b928add93a5fbf5168af5ac_shot_001_000,pixel_mse,mouth,0.00032996
16,661.000000,eb79a85e6b928add93a5fbf5168af5ac_shot_001_000,pixel_mse,upper_face,0.00005745
16,661.000000,eb79a85e6b928add93a5fbf5168af5ac_shot_001_000,pixel_mse,full,0.00016836
16,661.000000,eb79a85e6b928add93a5fbf5168af5ac_shot_001_000,ssim,mouth,0.95690072
16,661.000000,eb79a85e6b928add93a5fbf5168af5ac_shot_001_000,ssim,upper_face,0.97629583
16,661.000000,eb79a85e6b928add93a5fbf5168af5ac_shot_001_000,ssim,full,0.96840203
16,661.000000,eb79a85e6b928add93a5fbf5168af5ac_shot_001_000,lpips,mouth,0.02923950
16,661.000000,eb79a85e6b928add93a5fbf5168af5ac_shot_001_000,lpips,full,0.02095937
16,661.000000,eb79a85e6b928add93a5fbf5168af5ac_shot_001_000,sharpness,mouth,16.2399
16,661.000000,eb79a85e6b928add93a5fbf5168af5ac_shot_001_000,lmd,mouth,1.286643
16,661.000000,eb79a85e6b928add93a5fbf5168af5ac_shot_001_000,sync_d,mouth,8.877407
16,661.000000,eb79a85e6b928add93a5fbf5168af5ac_shot_001_000,sync_c,mouth,3.269684
17,641.000000,eb79a85e6b928add93a5fbf5168af5ac_shot_001_000,pixel_mse,mouth,0.00032414
17,641.000000,eb79a85e6b928add93a5fbf5168af5ac_shot_001_000,pixel_mse,upper_face,0.00005633
17,641.000000,eb79a85e6b928add93a5fbf5168af5ac_shot_001_000,pixel_mse,full,0.00016533
17,641.000000,eb79a85e6b928add93a5fbf5168af5ac_shot_001_000,ssim,mouth,0.95719308
17,641.000000,eb79a85e6b928add93a5fbf5168af5ac_shot_001_000,ssim,upper_face,0.97646403
17,641.000000,eb79a85e6b928add93a5fbf5168af5ac_shot_001_000,ssim,full,0.96862078
17,641.000000,eb79a85e6b928add93a5fbf5168af5ac_shot_001_000,lpips,mouth,0.02920369
17,641.000000,eb79a85e6b928add93a5fbf5168af5ac_shot_001_000,lpips,full,0.02077579
17,641.000000,eb79a85e6b928add93a5fbf5168af5ac_shot_001_000,sharpness,mouth,16.2621
17,641.000000,eb79a85e6b928add93a5fbf5168af5ac_shot_001_000,lmd,mouth,1.170130
17,641.000000,eb79a85e6b928add93a5fbf5168af5ac_shot_001_000,sync_d,mouth,8.783188
17,641.000000,eb79a85e6b928add93a5fbf5168af5ac_shot_001_000,sync_c,mouth,3.185755
18,621.000000,eb79a85e6b928add93a5fbf5168af5ac_shot_001_000,pixel_mse,mouth,0.00031875
18,621.000000,eb79a85e6b928add93a5fbf5168af5ac_shot_001_000,pixel_mse,upper_face,0.00005580
18,621.000000,eb79a85e6b928add93a5fbf5168af5ac_shot_001_000,pixel_mse,full,0.00016282
18,621.000000,eb79a85e6b928add93a5fbf5168af5ac_shot_001_000,ssim,mouth,0.95731884
18,621.000000,eb79a85e6b928add93a5fbf5168af5ac_shot_001_000,ssim,upper_face,0.97653997
18,621.000000,eb79a85e6b928add93a5fbf5168af5ac_shot_001_000,ssim,full,0.96871698
18,621.000000,eb79a85e6b928add93a5fbf5168af5ac_shot_001_000,lpips,mouth,0.02914495
18,621.000000,eb79a85e6b928add93a5fbf5168af5ac_shot_001_000,lpips,full,0.02063930
18,621.000000,eb79a85e6b928add93a5fbf5168af5ac_shot_001_000,sharpness,mouth,16.1105
18,621.000000,eb79a85e6b928add93a5fbf5168af5ac_shot_001_000,lmd,mouth,1.233842
18,621.000000,eb79a85e6b928add93a5fbf5168af5ac_shot_001_000,sync_d,mouth,9.095865
18,621.000000,eb79a85e6b928add93a5fbf5168af5ac_shot_001_000,sync_c,mouth,3.078609
19,601.000000,eb79a85e6b928add93a5fbf5168af5ac_shot_001_000,pixel_mse,mouth,0.00031457
19,601.000000,eb79a85e6b928add93a5fbf5168af5ac_shot_001_000,pixel_mse,upper_face,0.00005512
19,601.000000,eb79a85e6b928add93a5fbf5168af5ac_shot_001_000,pixel_mse,full,0.00016071
19,601.000000,eb79a85e6b928add93a5fbf5168af5ac_shot_001_000,ssim,mouth,0.95741880
19,601.000000,eb79a85e6b928add93a5fbf5168af5ac_shot_001_000,ssim,upper_face,0.97657257
19,601.000000,eb79a85e6b928add93a5fbf5168af5ac_shot_001_000,ssim,full,0.96877706
19,601.000000,eb79a85e6b928add93a5fbf5168af5ac_shot_001_000,lpips,mouth,0.02907095
19,601.000000,eb79a85e6b928add93a5fbf5168af5ac_shot_001_000,lpips,full,0.02056428
19,601.000000,eb79a85e6b928add93a5fbf5168af5ac_shot_001_000,sharpness,mouth,16.1412
19,601.000000,eb79a85e6b928add93a5fbf5168af5ac_shot_001_000,lmd,mouth,1.143186
19,601.000000,eb79a85e6b928add93a5fbf5168af5ac_shot_001_000,sync_d,mouth,9.185927
19,601.000000,eb79a85e6b928add93a5fbf5168af5ac_shot_001_000,sync_c,mouth,2.969223
20,581.000000,eb79a85e6b928add93a5fbf5168af5ac_shot_001_000,pixel_mse,mouth,0.00031095
20,581.000000,eb79a85e6b928add93a5fbf5168af5ac_shot_001_000,pixel_mse,upper_face,0.00005516
20,581.000000,eb79a85e6b928add93a5fbf5168af5ac_shot_001_000,pixel_mse,full,0.00015927
20,581.000000,eb79a85e6b928add93a5fbf5168af5ac_shot_001_000,ssim,mouth,0.95752120
20,581.000000,eb79a85e6b928add93a5fbf5168af5ac_shot_001_000,ssim,upper_face,0.97658831
20,581.000000,eb79a85e6b928add93a5fbf5168af5ac_shot_001_000,ssim,full,0.96882808
20,581.000000,eb79a85e6b928add93a5fbf5168af5ac_shot_001_000,lpips,mouth,0.02896175
20,581.000000,eb79a85e6b928add93a5fbf5168af5ac_shot_001_000,lpips,full,0.02052477
20,581.000000,eb79a85e6b928add93a5fbf5168af5ac_shot_001_000,sharpness,mouth,16.1010
20,581.000000,eb79a85e6b928add93a5fbf5168af5ac_shot_001_000,lmd,mouth,1.246977
20,581.000000,eb79a85e6b928add93a5fbf5168af5ac_shot_001_000,sync_d,mouth,8.882407
20,581.000000,eb79a85e6b928add93a5fbf5168af5ac_shot_001_000,sync_c,mouth,3.119756
21,561.000000,eb79a85e6b928add93a5fbf5168af5ac_shot_001_000,pixel_mse,mouth,0.00030712
21,561.000000,eb79a85e6b928add93a5fbf5168af5ac_shot_001_000,pixel_mse,upper_face,0.00005430
21,561.000000,eb79a85e6b928add93a5fbf5168af5ac_shot_001_000,pixel_mse,full,0.00015720
21,561.000000,eb79a85e6b928add93a5fbf5168af5ac_shot_001_000,ssim,mouth,0.95752668
21,561.000000,eb79a85e6b928add93a5fbf5168af5ac_shot_001_000,ssim,upper_face,0.97663796
21,561.000000,eb79a85e6b928add93a5fbf5168af5ac_shot_001_000,ssim,full,0.96885967
21,561.000000,eb79a85e6b928add93a5fbf5168af5ac_shot_001_000,lpips,mouth,0.02889933
21,561.000000,eb79a85e6b928add93a5fbf5168af5ac_shot_001_000,lpips,full,0.02053626
21,561.000000,eb79a85e6b928add93a5fbf5168af5ac_shot_001_000,sharpness,mouth,16.0543
21,561.000000,eb79a85e6b928add93a5fbf5168af5ac_shot_001_000,lmd,mouth,1.232332
21,561.000000,eb79a85e6b928add93a5fbf5168af5ac_shot_001_000,sync_d,mouth,9.118972
21,561.000000,eb79a85e6b928add93a5fbf5168af5ac_shot_001_000,sync_c,mouth,2.920509
22,541.000000,eb79a85e6b928add93a5fbf5168af5ac_shot_001_000,pixel_mse,mouth,0.00030267
22,541.000000,eb79a85e6b928add93a5fbf5168af5ac_shot_001_000,pixel_mse,upper_face,0.00005372
22,541.000000,eb79a85e6b928add93a5fbf5168af5ac_shot_001_000,pixel_mse,full,0.00015504
22,541.000000,eb79a85e6b928add93a5fbf5168af5ac_shot_001_000,ssim,mouth,0.95781666
22,541.000000,eb79a85e6b928add93a5fbf5168af5ac_shot_001_000,ssim,upper_face,0.97668356
22,541.000000,eb79a85e6b928add93a5fbf5168af5ac_shot_001_000,ssim,full,0.96900481
22,541.000000,eb79a85e6b928add93a5fbf5168af5ac_shot_001_000,lpips,mouth,0.02919761
22,541.000000,eb79a85e6b928add93a5fbf5168af5ac_shot_001_000,lpips,full,0.02057582
22,541.000000,eb79a85e6b928add93a5fbf5168af5ac_shot_001_000,sharpness,mouth,15.9211
22,541.000000,eb79a85e6b928add93a5fbf5168af5ac_shot_001_000,lmd,mouth,1.239251
22,541.000000,eb79a85e6b928add93a5fbf5168af5ac_shot_001_000,sync_d,mouth,8.953518
22,541.000000,eb79a85e6b928add93a5fbf5168af5ac_shot_001_000,sync_c,mouth,3.084623
23,521.000000,eb79a85e6b928add93a5fbf5168af5ac_shot_001_000,pixel_mse,mouth,0.00030003
23,521.000000,eb79a85e6b928add93a5fbf5168af5ac_shot_001_000,pixel_mse,upper_face,0.00005366
23,521.000000,eb79a85e6b928add93a5fbf5168af5ac_shot_001_000,pixel_mse,full,0.00015393
23,521.000000,eb79a85e6b928add93a5fbf5168af5ac_shot_001_000,ssim,mouth,0.95779371
23,521.000000,eb79a85e6b928add93a5fbf5168af5ac_shot_001_000,ssim,upper_face,0.97675866
23,521.000000,eb79a85e6b928add93a5fbf5168af5ac_shot_001_000,ssim,full,0.96904004
23,521.000000,eb79a85e6b928add93a5fbf5168af5ac_shot_001_000,lpips,mouth,0.02897222
23,521.000000,eb79a85e6b928add93a5fbf5168af5ac_shot_001_000,lpips,full,0.02050815
23,521.000000,eb79a85e6b928add93a5fbf5168af5ac_shot_001_000,sharpness,mouth,15.9631
23,521.000000,eb79a85e6b928add93a5fbf5168af5ac_shot_001_000,lmd,mouth,1.288792
23,521.000000,eb79a85e6b928add93a5fbf5168af5ac_shot_001_000,sync_d,mouth,8.433012
23,521.000000,eb79a85e6b928add93a5fbf5168af5ac_shot_001_000,sync_c,mouth,3.505083
24,501.000000,eb79a85e6b928add93a5fbf5168af5ac_shot_001_000,pixel_mse,mouth,0.00029730
24,501.000000,eb79a85e6b928add93a5fbf5168af5ac_shot_001_000,pixel_mse,upper_face,0.00005291
24,501.000000,eb79a85e6b928add93a5fbf5168af5ac_shot_001_000,pixel_mse,full,0.00015238
24,501.000000,eb79a85e6b928add93a5fbf5168af5ac_shot_001_000,ssim,mouth,0.95792067
24,501.000000,eb79a85e6b928add93a5fbf5168af5ac_shot_001_000,ssim,upper_face,0.97676772
24,501.000000,eb79a85e6b928add93a5fbf5168af5ac_shot_001_000,ssim,full,0.96909702
24,501.000000,eb79a85e6b928add93a5fbf5168af5ac_shot_001_000,lpips,mouth,0.02893370
24,501.000000,eb79a85e6b928add93a5fbf5168af5ac_shot_001_000,lpips,full,0.02065799
24,501.000000,eb79a85e6b928add93a5fbf5168af5ac_shot_001_000,sharpness,mouth,15.8688
24,501.000000,eb79a85e6b928add93a5fbf5168af5ac_shot_001_000,lmd,mouth,1.243093
24,501.000000,eb79a85e6b928add93a5fbf5168af5ac_shot_001_000,sync_d,mouth,9.336834
24,501.000000,eb79a85e6b928add93a5fbf5168af5ac_shot_001_000,sync_c,mouth,2.780949
25,481.000000,eb79a85e6b928add93a5fbf5168af5ac_shot_001_000,pixel_mse,mouth,0.00029417
25,481.000000,eb79a85e6b928add93a5fbf5168af5ac_shot_001_000,pixel_mse,upper_face,0.00005273
25,481.000000,eb79a85e6b928add93a5fbf5168af5ac_shot_001_000,pixel_mse,full,0.00015099
25,481.000000,eb79a85e6b928add93a5fbf5168af5ac_shot_001_000,ssim,mouth,0.95799208
25,481.000000,eb79a85e6b928add93a5fbf5168af5ac_shot_001_000,ssim,upper_face,0.97678912
25,481.000000,eb79a85e6b928add93a5fbf5168af5ac_shot_001_000,ssim,full,0.96913874
25,481.000000,eb79a85e6b928add93a5fbf5168af5ac_shot_001_000,lpips,mouth,0.02893007
25,481.000000,eb79a85e6b928add93a5fbf5168af5ac_shot_001_000,lpips,full,0.02055364
25,481.000000,eb79a85e6b928add93a5fbf5168af5ac_shot_001_000,sharpness,mouth,15.8181
25,481.000000,eb79a85e6b928add93a5fbf5168af5ac_shot_001_000,lmd,mouth,1.287855
25,481.000000,eb79a85e6b928add93a5fbf5168af5ac_shot_001_000,sync_d,mouth,9.140520
25,481.000000,eb79a85e6b928add93a5fbf5168af5ac_shot_001_000,sync_c,mouth,2.938250
26,461.000000,eb79a85e6b928add93a5fbf5168af5ac_shot_001_000,pixel_mse,mouth,0.00029149
26,461.000000,eb79a85e6b928add93a5fbf5168af5ac_shot_001_000,pixel_mse,upper_face,0.00005289
26,461.000000,eb79a85e6b928add93a5fbf5168af5ac_shot_001_000,pixel_mse,full,0.00015000
26,461.000000,eb79a85e6b928add93a5fbf5168af5ac_shot_001_000,ssim,mouth,0.95812857
26,461.000000,eb79a85e6b928add93a5fbf5168af5ac_shot_001_000,ssim,upper_face,0.97680724
26,461.000000,eb79a85e6b928add93a5fbf5168af5ac_shot_001_000,ssim,full,0.96920502
26,461.000000,eb79a85e6b928add93a5fbf5168af5ac_shot_001_000,lpips,mouth,0.02888288
26,461.000000,eb79a85e6b928add93a5fbf5168af5ac_shot_001_000,lpips,full,0.02057408
26,461.000000,eb79a85e6b928add93a5fbf5168af5ac_shot_001_000,sharpness,mouth,15.7954
26,461.000000,eb79a85e6b928add93a5fbf5168af5ac_shot_001_000,lmd,mouth,1.240453
26,461.000000,eb79a85e6b928add93a5fbf5168af5ac_shot_001_000,sync_d,mouth,9.128776
26,461.000000,eb79a85e6b928add93a5fbf5168af5ac_shot_001_000,sync_c,mouth,3.072487
27,441.000000,eb79a85e6b928add93a5fbf5168af5ac_shot_001_000,pixel_mse,mouth,0.00028909
27,441.000000,eb79a85e6b928add93a5fbf5168af5ac_shot_001_000,pixel_mse,upper_face,0.00005264
27,441.000000,eb79a85e6b928add93a5fbf5168af5ac_shot_001_000,pixel_mse,full,0.00014887
27,441.000000,eb79a85e6b928add93a5fbf5168af5ac_shot_001_000,ssim,mouth,0.95819068
27,441.000000,eb79a85e6b928add93a5fbf5168af5ac_shot_001_000,ssim,upper_face,0.97680360
27,441.000000,eb79a85e6b928add93a5fbf5168af5ac_shot_001_000,ssim,full,0.96922815
27,441.000000,eb79a85e6b928add93a5fbf5168af5ac_shot_001_000,lpips,mouth,0.02908316
27,441.000000,eb79a85e6b928add93a5fbf5168af5ac_shot_001_000,lpips,full,0.02051909
27,441.000000,eb79a85e6b928add93a5fbf5168af5ac_shot_001_000,sharpness,mouth,15.7943
27,441.000000,eb79a85e6b928add93a5fbf5168af5ac_shot_001_000,lmd,mouth,1.167079
27,441.000000,eb79a85e6b928add93a5fbf5168af5ac_shot_001_000,sync_d,mouth,9.033926
27,441.000000,eb79a85e6b928add93a5fbf5168af5ac_shot_001_000,sync_c,mouth,2.917096
28,421.000000,eb79a85e6b928add93a5fbf5168af5ac_shot_001_000,pixel_mse,mouth,0.00028576
28,421.000000,eb79a85e6b928add93a5fbf5168af5ac_shot_001_000,pixel_mse,upper_face,0.00005232
28,421.000000,eb79a85e6b928add93a5fbf5168af5ac_shot_001_000,pixel_mse,full,0.00014733
28,421.000000,eb79a85e6b928add93a5fbf5168af5ac_shot_001_000,ssim,mouth,0.95832396
28,421.000000,eb79a85e6b928add93a5fbf5168af5ac_shot_001_000,ssim,upper_face,0.97677046
28,421.000000,eb79a85e6b928add93a5fbf5168af5ac_shot_001_000,ssim,full,0.96926278
28,421.000000,eb79a85e6b928add93a5fbf5168af5ac_shot_001_000,lpips,mouth,0.02885170
28,421.000000,eb79a85e6b928add93a5fbf5168af5ac_shot_001_000,lpips,full,0.02056500
28,421.000000,eb79a85e6b928add93a5fbf5168af5ac_shot_001_000,sharpness,mouth,15.7449
28,421.000000,eb79a85e6b928add93a5fbf5168af5ac_shot_001_000,lmd,mouth,1.279814
28,421.000000,eb79a85e6b928add93a5fbf5168af5ac_shot_001_000,sync_d,mouth,9.569637
28,421.000000,eb79a85e6b928add93a5fbf5168af5ac_shot_001_000,sync_c,mouth,2.559355
29,401.000000,eb79a85e6b928add93a5fbf5168af5ac_shot_001_000,pixel_mse,mouth,0.00028357
29,401.000000,eb79a85e6b928add93a5fbf5168af5ac_shot_001_000,pixel_mse,upper_face,0.00005224
29,401.000000,eb79a85e6b928add93a5fbf5168af5ac_shot_001_000,pixel_mse,full,0.00014639
29,401.000000,eb79a85e6b928add93a5fbf5168af5ac_shot_001_000,ssim,mouth,0.95842385
29,401.000000,eb79a85e6b928add93a5fbf5168af5ac_shot_001_000,ssim,upper_face,0.97680950
29,401.000000,eb79a85e6b928add93a5fbf5168af5ac_shot_001_000,ssim,full,0.96932656
29,401.000000,eb79a85e6b928add93a5fbf5168af5ac_shot_001_000,lpips,mouth,0.02903326
29,401.000000,eb79a85e6b928add93a5fbf5168af5ac_shot_001_000,lpips,full,0.02057512
29,401.000000,eb79a85e6b928add93a5fbf5168af5ac_shot_001_000,sharpness,mouth,15.6551
29,401.000000,eb79a85e6b928add93a5fbf5168af5ac_shot_001_000,lmd,mouth,1.254286
29,401.000000,eb79a85e6b928add93a5fbf5168af5ac_shot_001_000,sync_d,mouth,9.357891
29,401.000000,eb79a85e6b928add93a5fbf5168af5ac_shot_001_000,sync_c,mouth,2.802396
30,381.000000,eb79a85e6b928add93a5fbf5168af5ac_shot_001_000,pixel_mse,mouth,0.00028184
30,381.000000,eb79a85e6b928add93a5fbf5168af5ac_shot_001_000,pixel_mse,upper_face,0.00005214
30,381.000000,eb79a85e6b928add93a5fbf5168af5ac_shot_001_000,pixel_mse,full,0.00014563
30,381.000000,eb79a85e6b928add93a5fbf5168af5ac_shot_001_000,ssim,mouth,0.95838439
30,381.000000,eb79a85e6b928add93a5fbf5168af5ac_shot_001_000,ssim,upper_face,0.97678292
30,381.000000,eb79a85e6b928add93a5fbf5168af5ac_shot_001_000,ssim,full,0.96929467
30,381.000000,eb79a85e6b928add93a5fbf5168af5ac_shot_001_000,lpips,mouth,0.02936625
30,381.000000,eb79a85e6b928add93a5fbf5168af5ac_shot_001_000,lpips,full,0.02076480
30,381.000000,eb79a85e6b928add93a5fbf5168af5ac_shot_001_000,sharpness,mouth,15.5986
30,381.000000,eb79a85e6b928add93a5fbf5168af5ac_shot_001_000,lmd,mouth,1.275149
30,381.000000,eb79a85e6b928add93a5fbf5168af5ac_shot_001_000,sync_d,mouth,9.286245
30,381.000000,eb79a85e6b928add93a5fbf5168af5ac_shot_001_000,sync_c,mouth,2.715605
31,361.000000,eb79a85e6b928add93a5fbf5168af5ac_shot_001_000,pixel_mse,mouth,0.00027910
31,361.000000,eb79a85e6b928add93a5fbf5168af5ac_shot_001_000,pixel_mse,upper_face,0.00005191
31,361.000000,eb79a85e6b928add93a5fbf5168af5ac_shot_001_000,pixel_mse,full,0.00014437
31,361.000000,eb79a85e6b928add93a5fbf5168af5ac_shot_001_000,ssim,mouth,0.95849216
31,361.000000,eb79a85e6b928add93a5fbf5168af5ac_shot_001_000,ssim,upper_face,0.97682381
31,361.000000,eb79a85e6b928add93a5fbf5168af5ac_shot_001_000,ssim,full,0.96936285
31,361.000000,eb79a85e6b928add93a5fbf5168af5ac_shot_001_000,lpips,mouth,0.02936531
31,361.000000,eb79a85e6b928add93a5fbf5168af5ac_shot_001_000,lpips,full,0.02059599
31,361.000000,eb79a85e6b928add93a5fbf5168af5ac_shot_001_000,sharpness,mouth,15.6388
31,361.000000,eb79a85e6b928add93a5fbf5168af5ac_shot_001_000,lmd,mouth,1.242769
31,361.000000,eb79a85e6b928add93a5fbf5168af5ac_shot_001_000,sync_d,mouth,9.254262
31,361.000000,eb79a85e6b928add93a5fbf5168af5ac_shot_001_000,sync_c,mouth,2.759388
32,341.000000,eb79a85e6b928add93a5fbf5168af5ac_shot_001_000,pixel_mse,mouth,0.00027724
32,341.000000,eb79a85e6b928add93a5fbf5168af5ac_shot_001_000,pixel_mse,upper_face,0.00005157
32,341.000000,eb79a85e6b928add93a5fbf5168af5ac_shot_001_000,pixel_mse,full,0.00014342
32,341.000000,eb79a85e6b928add93a5fbf5168af5ac_shot_001_000,ssim,mouth,0.95859987
32,341.000000,eb79a85e6b928add93a5fbf5168af5ac_shot_001_000,ssim,upper_face,0.97687858
32,341.000000,eb79a85e6b928add93a5fbf5168af5ac_shot_001_000,ssim,full,0.96943921
32,341.000000,eb79a85e6b928add93a5fbf5168af5ac_shot_001_000,lpips,mouth,0.02925801
32,341.000000,eb79a85e6b928add93a5fbf5168af5ac_shot_001_000,lpips,full,0.02081721
32,341.000000,eb79a85e6b928add93a5fbf5168af5ac_shot_001_000,sharpness,mouth,15.5796
32,341.000000,eb79a85e6b928add93a5fbf5168af5ac_shot_001_000,lmd,mouth,1.151019
32,341.000000,eb79a85e6b928add93a5fbf5168af5ac_shot_001_000,sync_d,mouth,9.390809
32,341.000000,eb79a85e6b928add93a5fbf5168af5ac_shot_001_000,sync_c,mouth,2.622534
33,321.000000,eb79a85e6b928add93a5fbf5168af5ac_shot_001_000,pixel_mse,mouth,0.00027604
33,321.000000,eb79a85e6b928add93a5fbf5168af5ac_shot_001_000,pixel_mse,upper_face,0.00005170
33,321.000000,eb79a85e6b928add93a5fbf5168af5ac_shot_001_000,pixel_mse,full,0.00014301
33,321.000000,eb79a85e6b928add93a5fbf5168af5ac_shot_001_000,ssim,mouth,0.95866734
33,321.000000,eb79a85e6b928add93a5fbf5168af5ac_shot_001_000,ssim,upper_face,0.97687829
33,321.000000,eb79a85e6b928add93a5fbf5168af5ac_shot_001_000,ssim,full,0.96946639
33,321.000000,eb79a85e6b928add93a5fbf5168af5ac_shot_001_000,lpips,mouth,0.02919466
33,321.000000,eb79a85e6b928add93a5fbf5168af5ac_shot_001_000,lpips,full,0.02066763
33,321.000000,eb79a85e6b928add93a5fbf5168af5ac_shot_001_000,sharpness,mouth,15.6018
33,321.000000,eb79a85e6b928add93a5fbf5168af5ac_shot_001_000,lmd,mouth,1.268965
33,321.000000,eb79a85e6b928add93a5fbf5168af5ac_shot_001_000,sync_d,mouth,9.086823
33,321.000000,eb79a85e6b928add93a5fbf5168af5ac_shot_001_000,sync_c,mouth,2.944818
34,301.000000,eb79a85e6b928add93a5fbf5168af5ac_shot_001_000,pixel_mse,mouth,0.00027348
34,301.000000,eb79a85e6b928add93a5fbf5168af5ac_shot_001_000,pixel_mse,upper_face,0.00005134
34,301.000000,eb79a85e6b928add93a5fbf5168af5ac_shot_001_000,pixel_mse,full,0.00014175
34,301.000000,eb79a85e6b928add93a5fbf5168af5ac_shot_001_000,ssim,mouth,0.95878780
34,301.000000,eb79a85e6b928add93a5fbf5168af5ac_shot_001_000,ssim,upper_face,0.97689724
34,301.000000,eb79a85e6b928add93a5fbf5168af5ac_shot_001_000,ssim,full,0.96952677
34,301.000000,eb79a85e6b928add93a5fbf5168af5ac_shot_001_000,lpips,mouth,0.02935834
34,301.000000,eb79a85e6b928add93a5fbf5168af5ac_shot_001_000,lpips,full,0.02069434
34,301.000000,eb79a85e6b928add93a5fbf5168af5ac_shot_001_000,sharpness,mouth,15.5276
34,301.000000,eb79a85e6b928add93a5fbf5168af5ac_shot_001_000,lmd,mouth,1.266673
34,301.000000,eb79a85e6b928add93a5fbf5168af5ac_shot_001_000,sync_d,mouth,9.318677
34,301.000000,eb79a85e6b928add93a5fbf5168af5ac_shot_001_000,sync_c,mouth,2.676644
35,281.000000,eb79a85e6b928add93a5fbf5168af5ac_shot_001_000,pixel_mse,mouth,0.00027254
35,281.000000,eb79a85e6b928add93a5fbf5168af5ac_shot_001_000,pixel_mse,upper_face,0.00005114
35,281.000000,eb79a85e6b928add93a5fbf5168af5ac_shot_001_000,pixel_mse,full,0.00014125
35,281.000000,eb79a85e6b928add93a5fbf5168af5ac_shot_001_000,ssim,mouth,0.95878923
35,281.000000,eb79a85e6b928add93a5fbf5168af5ac_shot_001_000,ssim,upper_face,0.97692621
35,281.000000,eb79a85e6b928add93a5fbf5168af5ac_shot_001_000,ssim,full,0.96954453
35,281.000000,eb79a85e6b928add93a5fbf5168af5ac_shot_001_000,lpips,mouth,0.02965527
35,281.000000,eb79a85e6b928add93a5fbf5168af5ac_shot_001_000,lpips,full,0.02092499
35,281.000000,eb79a85e6b928add93a5fbf5168af5ac_shot_001_000,sharpness,mouth,15.5215
35,281.000000,eb79a85e6b928add93a5fbf5168af5ac_shot_001_000,lmd,mouth,1.282232
35,281.000000,eb79a85e6b928add93a5fbf5168af5ac_shot_001_000,sync_d,mouth,9.258887
35,281.000000,eb79a85e6b928add93a5fbf5168af5ac_shot_001_000,sync_c,mouth,2.710803
36,261.000000,eb79a85e6b928add93a5fbf5168af5ac_shot_001_000,pixel_mse,mouth,0.00027095
36,261.000000,eb79a85e6b928add93a5fbf5168af5ac_shot_001_000,pixel_mse,upper_face,0.00005120
36,261.000000,eb79a85e6b928add93a5fbf5168af5ac_shot_001_000,pixel_mse,full,0.00014064
36,261.000000,eb79a85e6b928add93a5fbf5168af5ac_shot_001_000,ssim,mouth,0.95886183
36,261.000000,eb79a85e6b928add93a5fbf5168af5ac_shot_001_000,ssim,upper_face,0.97694516
36,261.000000,eb79a85e6b928add93a5fbf5168af5ac_shot_001_000,ssim,full,0.96958530
36,261.000000,eb79a85e6b928add93a5fbf5168af5ac_shot_001_000,lpips,mouth,0.02938806
36,261.000000,eb79a85e6b928add93a5fbf5168af5ac_shot_001_000,lpips,full,0.02066959
36,261.000000,eb79a85e6b928add93a5fbf5168af5ac_shot_001_000,sharpness,mouth,15.4847
36,261.000000,eb79a85e6b928add93a5fbf5168af5ac_shot_001_000,lmd,mouth,1.215974
36,261.000000,eb79a85e6b928add93a5fbf5168af5ac_shot_001_000,sync_d,mouth,9.102599
36,261.000000,eb79a85e6b928add93a5fbf5168af5ac_shot_001_000,sync_c,mouth,2.968519
37,241.000000,eb79a85e6b928add93a5fbf5168af5ac_shot_001_000,pixel_mse,mouth,0.00027116
37,241.000000,eb79a85e6b928add93a5fbf5168af5ac_shot_001_000,pixel_mse,upper_face,0.00005095
37,241.000000,eb79a85e6b928add93a5fbf5168af5ac_shot_001_000,pixel_mse,full,0.00014058
37,241.000000,eb79a85e6b928add93a5fbf5168af5ac_shot_001_000,ssim,mouth,0.95874208
37,241.000000,eb79a85e6b928add93a5fbf5168af5ac_shot_001_000,ssim,upper_face,0.97704238
37,241.000000,eb79a85e6b928add93a5fbf5168af5ac_shot_001_000,ssim,full,0.96959424
37,241.000000,eb79a85e6b928add93a5fbf5168af5ac_shot_001_000,lpips,mouth,0.02957949
37,241.000000,eb79a85e6b928add93a5fbf5168af5ac_shot_001_000,lpips,full,0.02095186
37,241.000000,eb79a85e6b928add93a5fbf5168af5ac_shot_001_000,sharpness,mouth,15.4684
37,241.000000,eb79a85e6b928add93a5fbf5168af5ac_shot_001_000,lmd,mouth,1.253065
37,241.000000,eb79a85e6b928add93a5fbf5168af5ac_shot_001_000,sync_d,mouth,9.089003
37,241.000000,eb79a85e6b928add93a5fbf5168af5ac_shot_001_000,sync_c,mouth,2.922209
38,221.000000,eb79a85e6b928add93a5fbf5168af5ac_shot_001_000,pixel_mse,mouth,0.00027074
38,221.000000,eb79a85e6b928add93a5fbf5168af5ac_shot_001_000,pixel_mse,upper_face,0.00005134
38,221.000000,eb79a85e6b928add93a5fbf5168af5ac_shot_001_000,pixel_mse,full,0.00014063
38,221.000000,eb79a85e6b928add93a5fbf5168af5ac_shot_001_000,ssim,mouth,0.95873767
38,221.000000,eb79a85e6b928add93a5fbf5168af5ac_shot_001_000,ssim,upper_face,0.97690314
38,221.000000,eb79a85e6b928add93a5fbf5168af5ac_shot_001_000,ssim,full,0.96950984
38,221.000000,eb79a85e6b928add93a5fbf5168af5ac_shot_001_000,lpips,mouth,0.02952657
38,221.000000,eb79a85e6b928add93a5fbf5168af5ac_shot_001_000,lpips,full,0.02077711
38,221.000000,eb79a85e6b928add93a5fbf5168af5ac_shot_001_000,sharpness,mouth,15.5248
38,221.000000,eb79a85e6b928add93a5fbf5168af5ac_shot_001_000,lmd,mouth,1.217665
38,221.000000,eb79a85e6b928add93a5fbf5168af5ac_shot_001_000,sync_d,mouth,9.136552
38,221.000000,eb79a85e6b928add93a5fbf5168af5ac_shot_001_000,sync_c,mouth,2.848869
39,201.000000,eb79a85e6b928add93a5fbf5168af5ac_shot_001_000,pixel_mse,mouth,0.00027098
39,201.000000,eb79a85e6b928add93a5fbf5168af5ac_shot_001_000,pixel_mse,upper_face,0.00005134
39,201.000000,eb79a85e6b928add93a5fbf5168af5ac_shot_001_000,pixel_mse,full,0.00014073
39,201.000000,eb79a85e6b928add93a5fbf5168af5ac_shot_001_000,ssim,mouth,0.95876628
39,201.000000,eb79a85e6b928add93a5fbf5168af5ac_shot_001_000,ssim,upper_face,0.97692490
39,201.000000,eb79a85e6b928add93a5fbf5168af5ac_shot_001_000,ssim,full,0.96953440
39,201.000000,eb79a85e6b928add93a5fbf5168af5ac_shot_001_000,lpips,mouth,0.02940421
39,201.000000,eb79a85e6b928add93a5fbf5168af5ac_shot_001_000,lpips,full,0.02089629
39,201.000000,eb79a85e6b928add93a5fbf5168af5ac_shot_001_000,sharpness,mouth,15.4334
39,201.000000,eb79a85e6b928add93a5fbf5168af5ac_shot_001_000,lmd,mouth,1.186590
39,201.000000,eb79a85e6b928add93a5fbf5168af5ac_shot_001_000,sync_d,mouth,9.451657
39,201.000000,eb79a85e6b928add93a5fbf5168af5ac_shot_001_000,sync_c,mouth,2.401468
40,181.000000,eb79a85e6b928add93a5fbf5168af5ac_shot_001_000,pixel_mse,mouth,0.00027124
40,181.000000,eb79a85e6b928add93a5fbf5168af5ac_shot_001_000,pixel_mse,upper_face,0.00005107
40,181.000000,eb79a85e6b928add93a5fbf5168af5ac_shot_001_000,pixel_mse,full,0.00014068
40,181.000000,eb79a85e6b928add93a5fbf5168af5ac_shot_001_000,ssim,mouth,0.95874137
40,181.000000,eb79a85e6b928add93a5fbf5168af5ac_shot_001_000,ssim,upper_face,0.97697830
40,181.000000,eb79a85e6b928add93a5fbf5168af5ac_shot_001_000,ssim,full,0.96955591
40,181.000000,eb79a85e6b928add93a5fbf5168af5ac_shot_001_000,lpips,mouth,0.02973234
40,181.000000,eb79a85e6b928add93a5fbf5168af5ac_shot_001_000,lpips,full,0.02092783
40,181.000000,eb79a85e6b928add93a5fbf5168af5ac_shot_001_000,sharpness,mouth,15.4463
40,181.000000,eb79a85e6b928add93a5fbf5168af5ac_shot_001_000,lmd,mouth,1.206099
40,181.000000,eb79a85e6b928add93a5fbf5168af5ac_shot_001_000,sync_d,mouth,9.034189
40,181.000000,eb79a85e6b928add93a5fbf5168af5ac_shot_001_000,sync_c,mouth,2.991602
41,161.000000,eb79a85e6b928add93a5fbf5168af5ac_shot_001_000,pixel_mse,mouth,0.00027189
41,161.000000,eb79a85e6b928add93a5fbf5168af5ac_shot_001_000,pixel_mse,upper_face,0.00005142
41,161.000000,eb79a85e6b928add93a5fbf5168af5ac_shot_001_000,pixel_mse,full,0.00014115
41,161.000000,eb79a85e6b928add93a5fbf5168af5ac_shot_001_000,ssim,mouth,0.95868266
41,161.000000,eb79a85e6b928add93a5fbf5168af5ac_shot_001_000,ssim,upper_face,0.97692138
41,161.000000,eb79a85e6b928add93a5fbf5168af5ac_shot_001_000,ssim,full,0.96949828
41,161.000000,eb79a85e6b928add93a5fbf5168af5ac_shot_001_000,lpips,mouth,0.02954503
41,161.000000,eb79a85e6b928add93a5fbf5168af5ac_shot_001_000,lpips,full,0.02097572
41,161.000000,eb79a85e6b928add93a5fbf5168af5ac_shot_001_000,sharpness,mouth,15.5425
41,161.000000,eb79a85e6b928add93a5fbf5168af5ac_shot_001_000,lmd,mouth,1.252393
41,161.000000,eb79a85e6b928add93a5fbf5168af5ac_shot_001_000,sync_d,mouth,9.102232
41,161.000000,eb79a85e6b928add93a5fbf5168af5ac_shot_001_000,sync_c,mouth,2.852022
42,141.000000,eb79a85e6b928add93a5fbf5168af5ac_shot_001_000,pixel_mse,mouth,0.00027378
42,141.000000,eb79a85e6b928add93a5fbf5168af5ac_shot_001_000,pixel_mse,upper_face,0.00005128
42,141.000000,eb79a85e6b928add93a5fbf5168af5ac_shot_001_000,pixel_mse,full,0.00014183
42,141.000000,eb79a85e6b928add93a5fbf5168af5ac_shot_001_000,ssim,mouth,0.95862609
42,141.000000,eb79a85e6b928add93a5fbf5168af5ac_shot_001_000,ssim,upper_face,0.97692209
42,141.000000,eb79a85e6b928add93a5fbf5168af5ac_shot_001_000,ssim,full,0.96947569
42,141.000000,eb79a85e6b928add93a5fbf5168af5ac_shot_001_000,lpips,mouth,0.02950561
42,141.000000,eb79a85e6b928add93a5fbf5168af5ac_shot_001_000,lpips,full,0.02080221
42,141.000000,eb79a85e6b928add93a5fbf5168af5ac_shot_001_000,sharpness,mouth,15.5670
42,141.000000,eb79a85e6b928add93a5fbf5168af5ac_shot_001_000,lmd,mouth,1.258130
42,141.000000,eb79a85e6b928add93a5fbf5168af5ac_shot_001_000,sync_d,mouth,8.922545
42,141.000000,eb79a85e6b928add93a5fbf5168af5ac_shot_001_000,sync_c,mouth,3.033086
43,121.000000,eb79a85e6b928add93a5fbf5168af5ac_shot_001_000,pixel_mse,mouth,0.00027745
43,121.000000,eb79a85e6b928add93a5fbf5168af5ac_shot_001_000,pixel_mse,upper_face,0.00005139
43,121.000000,eb79a85e6b928add93a5fbf5168af5ac_shot_001_000,pixel_mse,full,0.00014339
43,121.000000,eb79a85e6b928add93a5fbf5168af5ac_shot_001_000,ssim,mouth,0.95848870
43,121.000000,eb79a85e6b928add93a5fbf5168af5ac_shot_001_000,ssim,upper_face,0.97692120
43,121.000000,eb79a85e6b928add93a5fbf5168af5ac_shot_001_000,ssim,full,0.96941924
43,121.000000,eb79a85e6b928add93a5fbf5168af5ac_shot_001_000,lpips,mouth,0.02987015
43,121.000000,eb79a85e6b928add93a5fbf5168af5ac_shot_001_000,lpips,full,0.02102588
43,121.000000,eb79a85e6b928add93a5fbf5168af5ac_shot_001_000,sharpness,mouth,15.6448
43,121.000000,eb79a85e6b928add93a5fbf5168af5ac_shot_001_000,lmd,mouth,1.235403
43,121.000000,eb79a85e6b928add93a5fbf5168af5ac_shot_001_000,sync_d,mouth,9.077272
43,121.000000,eb79a85e6b928add93a5fbf5168af5ac_shot_001_000,sync_c,mouth,2.990442
44,101.000000,eb79a85e6b928add93a5fbf5168af5ac_shot_001_000,pixel_mse,mouth,0.00028192
44,101.000000,eb79a85e6b928add93a5fbf5168af5ac_shot_001_000,pixel_mse,upper_face,0.00005151
44,101.000000,eb79a85e6b928add93a5fbf5168af5ac_shot_001_000,pixel_mse,full,0.00014529
44,101.000000,eb79a85e6b928add93a5fbf5168af5ac_shot_001_000,ssim,mouth,0.95842588
44,101.000000,eb79a85e6b928add93a5fbf5168af5ac_shot_001_000,ssim,upper_face,0.97690839
44,101.000000,eb79a85e6b928add93a5fbf5168af5ac_shot_001_000,ssim,full,0.96938598
44,101.000000,eb79a85e6b928add93a5fbf5168af5ac_shot_001_000,lpips,mouth,0.02968108
44,101.000000,eb79a85e6b928add93a5fbf5168af5ac_shot_001_000,lpips,full,0.02095419
44,101.000000,eb79a85e6b928add93a5fbf5168af5ac_shot_001_000,sharpness,mouth,15.6857
44,101.000000,eb79a85e6b928add93a5fbf5168af5ac_shot_001_000,lmd,mouth,1.423402
44,101.000000,eb79a85e6b928add93a5fbf5168af5ac_shot_001_000,sync_d,mouth,9.303367
44,101.000000,eb79a85e6b928add93a5fbf5168af5ac_shot_001_000,sync_c,mouth,2.766466
45,81.000000,eb79a85e6b928add93a5fbf5168af5ac_shot_001_000,pixel_mse,mouth,0.00028835
45,81.000000,eb79a85e6b928add93a5fbf5168af5ac_shot_001_000,pixel_mse,upper_face,0.00005162
45,81.000000,eb79a85e6b928add93a5fbf5168af5ac_shot_001_000,pixel_mse,full,0.00014797
45,81.000000,eb79a85e6b928add93a5fbf5168af5ac_shot_001_000,ssim,mouth,0.95833182
45,81.000000,eb79a85e6b928add93a5fbf5168af5ac_shot_001_000,ssim,upper_face,0.97685373
45,81.000000,eb79a85e6b928add93a5fbf5168af5ac_shot_001_000,ssim,full,0.96931535
45,81.000000,eb79a85e6b928add93a5fbf5168af5ac_shot_001_000,lpips,mouth,0.02973238
45,81.000000,eb79a85e6b928add93a5fbf5168af5ac_shot_001_000,lpips,full,0.02085395
45,81.000000,eb79a85e6b928add93a5fbf5168af5ac_shot_001_000,sharpness,mouth,15.6319
45,81.000000,eb79a85e6b928add93a5fbf5168af5ac_shot_001_000,lmd,mouth,1.284681
45,81.000000,eb79a85e6b928add93a5fbf5168af5ac_shot_001_000,sync_d,mouth,8.908167
45,81.000000,eb79a85e6b928add93a5fbf5168af5ac_shot_001_000,sync_c,mouth,3.146456
46,61.000000,eb79a85e6b928add93a5fbf5168af5ac_shot_001_000,pixel_mse,mouth,0.00029892
46,61.000000,eb79a85e6b928add93a5fbf5168af5ac_shot_001_000,pixel_mse,upper_face,0.00005175
46,61.000000,eb79a85e6b928add93a5fbf5168af5ac_shot_001_000,pixel_mse,full,0.00015235
46,61.000000,eb79a85e6b928add93a5fbf5168af5ac_shot_001_000,ssim,mouth,0.95821071
46,61.000000,eb79a85e6b928add93a5fbf5168af5ac_shot_001_000,ssim,upper_face,0.97689730
46,61.000000,eb79a85e6b928add93a5fbf5168af5ac_shot_001_000,ssim,full,0.96929181
46,61.000000,eb79a85e6b928add93a5fbf5168af5ac_shot_001_000,lpips,mouth,0.02961267
46,61.000000,eb79a85e6b928add93a5fbf5168af5ac_shot_001_000,lpips,full,0.02082480
46,61.000000,eb79a85e6b928add93a5fbf5168af5ac_shot_001_000,sharpness,mouth,15.7822
46,61.000000,eb79a85e6b928add93a5fbf5168af5ac_shot_001_000,lmd,mouth,1.361134
46,61.000000,eb79a85e6b928add93a5fbf5168af5ac_shot_001_000,sync_d,mouth,8.622833
46,61.000000,eb79a85e6b928add93a5fbf5168af5ac_shot_001_000,sync_c,mouth,3.177618
47,41.000000,eb79a85e6b928add93a5fbf5168af5ac_shot_001_000,pixel_mse,mouth,0.00031542
47,41.000000,eb79a85e6b928add93a5fbf5168af5ac_shot_001_000,pixel_mse,upper_face,0.00005232
47,41.000000,eb79a85e6b928add93a5fbf5168af5ac_shot_001_000,pixel_mse,full,0.00015940
47,41.000000,eb79a85e6b928add93a5fbf5168af5ac_shot_001_000,ssim,mouth,0.95805115
47,41.000000,eb79a85e6b928add93a5fbf5168af5ac_shot_001_000,ssim,upper_face,0.97684032
47,41.000000,eb79a85e6b928add93a5fbf5168af5ac_shot_001_000,ssim,full,0.96919322
47,41.000000,eb79a85e6b928add93a5fbf5168af5ac_shot_001_000,lpips,mouth,0.02992065
47,41.000000,eb79a85e6b928add93a5fbf5168af5ac_shot_001_000,lpips,full,0.02098494
47,41.000000,eb79a85e6b928add93a5fbf5168af5ac_shot_001_000,sharpness,mouth,15.9088
47,41.000000,eb79a85e6b928add93a5fbf5168af5ac_shot_001_000,lmd,mouth,1.347150
47,41.000000,eb79a85e6b928add93a5fbf5168af5ac_shot_001_000,sync_d,mouth,8.249930
47,41.000000,eb79a85e6b928add93a5fbf5168af5ac_shot_001_000,sync_c,mouth,3.484059
48,21.000000,eb79a85e6b928add93a5fbf5168af5ac_shot_001_000,pixel_mse,mouth,0.00034511
48,21.000000,eb79a85e6b928add93a5fbf5168af5ac_shot_001_000,pixel_mse,upper_face,0.00005364
48,21.000000,eb79a85e6b928add93a5fbf5168af5ac_shot_001_000,pixel_mse,full,0.00017227
48,21.000000,eb79a85e6b928add93a5fbf5168af5ac_shot_001_000,ssim,mouth,0.95757204
48,21.000000,eb79a85e6b928add93a5fbf5168af5ac_shot_001_000,ssim,upper_face,0.97667301
48,21.000000,eb79a85e6b928add93a5fbf5168af5ac_shot_001_000,ssim,full,0.96889895
48,21.000000,eb79a85e6b928add93a5fbf5168af5ac_shot_001_000,lpips,mouth,0.02972735
48,21.000000,eb79a85e6b928add93a5fbf5168af5ac_shot_001_000,lpips,full,0.02077405
48,21.000000,eb79a85e6b928add93a5fbf5168af5ac_shot_001_000,sharpness,mouth,16.1740
48,21.000000,eb79a85e6b928add93a5fbf5168af5ac_shot_001_000,lmd,mouth,1.514589
48,21.000000,eb79a85e6b928add93a5fbf5168af5ac_shot_001_000,sync_d,mouth,8.307743
48,21.000000,eb79a85e6b928add93a5fbf5168af5ac_shot_001_000,sync_c,mouth,3.550621
49,1.000000,eb79a85e6b928add93a5fbf5168af5ac_shot_001_000,pixel_mse,mouth,0.00043768
49,1.000000,eb79a85e6b928add93a5fbf5168af5ac_shot_001_000,pixel_mse,upper_face,0.00006123
49,1.000000,eb79a85e6b928add93a5fbf5168af5ac_shot_001_000,pixel_mse,full,0.00021445
49,1.000000,eb79a85e6b928add93a5fbf5168af5ac_shot_001_000,ssim,mouth,0.95500207
49,1.000000,eb79a85e6b928add93a5fbf5168af5ac_shot_001_000,ssim,upper_face,0.97604781
49,1.000000,eb79a85e6b928add93a5fbf5168af5ac_shot_001_000,ssim,full,0.96748221
49,1.000000,eb79a85e6b928add93a5fbf5168af5ac_shot_001_000,lpips,mouth,0.03097552
49,1.000000,eb79a85e6b928add93a5fbf5168af5ac_shot_001_000,lpips,full,0.02208704
49,1.000000,eb79a85e6b928add93a5fbf5168af5ac_shot_001_000,sharpness,mouth,16.7802
49,1.000000,eb79a85e6b928add93a5fbf5168af5ac_shot_001_000,lmd,mouth,1.492288
49,1.000000,eb79a85e6b928add93a5fbf5168af5ac_shot_001_000,sync_d,mouth,8.224673
49,1.000000,eb79a85e6b928add93a5fbf5168af5ac_shot_001_000,sync_c,mouth,3.742454
-1,gt,ecb359eb6753b3b64a027f66d912892e_shot_001_000,sharpness,mouth,13.6854
-1,gt,ecb359eb6753b3b64a027f66d912892e_shot_001_000,sync_d,mouth,6.370825
-1,gt,ecb359eb6753b3b64a027f66d912892e_shot_001_000,sync_c,mouth,6.649267
0,981.000000,ecb359eb6753b3b64a027f66d912892e_shot_001_000,pixel_mse,mouth,0.00093184
0,981.000000,ecb359eb6753b3b64a027f66d912892e_shot_001_000,pixel_mse,upper_face,0.00009532
0,981.000000,ecb359eb6753b3b64a027f66d912892e_shot_001_000,pixel_mse,full,0.00043578
0,981.000000,ecb359eb6753b3b64a027f66d912892e_shot_001_000,ssim,mouth,0.94799685
0,981.000000,ecb359eb6753b3b64a027f66d912892e_shot_001_000,ssim,upper_face,0.97433835
0,981.000000,ecb359eb6753b3b64a027f66d912892e_shot_001_000,ssim,full,0.96361744
0,981.000000,ecb359eb6753b3b64a027f66d912892e_shot_001_000,lpips,mouth,0.03634860
0,981.000000,ecb359eb6753b3b64a027f66d912892e_shot_001_000,lpips,full,0.02838017
0,981.000000,ecb359eb6753b3b64a027f66d912892e_shot_001_000,sharpness,mouth,13.1058
0,981.000000,ecb359eb6753b3b64a027f66d912892e_shot_001_000,lmd,mouth,5.998281
0,981.000000,ecb359eb6753b3b64a027f66d912892e_shot_001_000,sync_d,mouth,5.186195
0,981.000000,ecb359eb6753b3b64a027f66d912892e_shot_001_000,sync_c,mouth,7.666576
1,961.000000,ecb359eb6753b3b64a027f66d912892e_shot_001_000,pixel_mse,mouth,0.00093374
1,961.000000,ecb359eb6753b3b64a027f66d912892e_shot_001_000,pixel_mse,upper_face,0.00008667
1,961.000000,ecb359eb6753b3b64a027f66d912892e_shot_001_000,pixel_mse,full,0.00043142
1,961.000000,ecb359eb6753b3b64a027f66d912892e_shot_001_000,ssim,mouth,0.94823587
1,961.000000,ecb359eb6753b3b64a027f66d912892e_shot_001_000,ssim,upper_face,0.97481310
1,961.000000,ecb359eb6753b3b64a027f66d912892e_shot_001_000,ssim,full,0.96399617
1,961.000000,ecb359eb6753b3b64a027f66d912892e_shot_001_000,lpips,mouth,0.03587013
1,961.000000,ecb359eb6753b3b64a027f66d912892e_shot_001_000,lpips,full,0.02775862
1,961.000000,ecb359eb6753b3b64a027f66d912892e_shot_001_000,sharpness,mouth,12.9158
1,961.000000,ecb359eb6753b3b64a027f66d912892e_shot_001_000,lmd,mouth,6.311539
1,961.000000,ecb359eb6753b3b64a027f66d912892e_shot_001_000,sync_d,mouth,5.258981
1,961.000000,ecb359eb6753b3b64a027f66d912892e_shot_001_000,sync_c,mouth,7.505209
2,941.000000,ecb359eb6753b3b64a027f66d912892e_shot_001_000,pixel_mse,mouth,0.00093069
2,941.000000,ecb359eb6753b3b64a027f66d912892e_shot_001_000,pixel_mse,upper_face,0.00007999
2,941.000000,ecb359eb6753b3b64a027f66d912892e_shot_001_000,pixel_mse,full,0.00042622
2,941.000000,ecb359eb6753b3b64a027f66d912892e_shot_001_000,ssim,mouth,0.94834346
2,941.000000,ecb359eb6753b3b64a027f66d912892e_shot_001_000,ssim,upper_face,0.97524345
2,941.000000,ecb359eb6753b3b64a027f66d912892e_shot_001_000,ssim,full,0.96429515
2,941.000000,ecb359eb6753b3b64a027f66d912892e_shot_001_000,lpips,mouth,0.03580422
2,941.000000,ecb359eb6753b3b64a027f66d912892e_shot_001_000,lpips,full,0.02755546
2,941.000000,ecb359eb6753b3b64a027f66d912892e_shot_001_000,sharpness,mouth,12.8622
2,941.000000,ecb359eb6753b3b64a027f66d912892e_shot_001_000,lmd,mouth,6.425021
2,941.000000,ecb359eb6753b3b64a027f66d912892e_shot_001_000,sync_d,mouth,5.243949
2,941.000000,ecb359eb6753b3b64a027f66d912892e_shot_001_000,sync_c,mouth,7.575807
3,921.000000,ecb359eb6753b3b64a027f66d912892e_shot_001_000,pixel_mse,mouth,0.00093480
3,921.000000,ecb359eb6753b3b64a027f66d912892e_shot_001_000,pixel_mse,upper_face,0.00007346
3,921.000000,ecb359eb6753b3b64a027f66d912892e_shot_001_000,pixel_mse,full,0.00042402
3,921.000000,ecb359eb6753b3b64a027f66d912892e_shot_001_000,ssim,mouth,0.94842160
3,921.000000,ecb359eb6753b3b64a027f66d912892e_shot_001_000,ssim,upper_face,0.97565603
3,921.000000,ecb359eb6753b3b64a027f66d912892e_shot_001_000,ssim,full,0.96457171
3,921.000000,ecb359eb6753b3b64a027f66d912892e_shot_001_000,lpips,mouth,0.03578313
3,921.000000,ecb359eb6753b3b64a027f66d912892e_shot_001_000,lpips,full,0.02720855
3,921.000000,ecb359eb6753b3b64a027f66d912892e_shot_001_000,sharpness,mouth,12.7020
3,921.000000,ecb359eb6753b3b64a027f66d912892e_shot_001_000,lmd,mouth,5.144239
3,921.000000,ecb359eb6753b3b64a027f66d912892e_shot_001_000,sync_d,mouth,5.125237
3,921.000000,ecb359eb6753b3b64a027f66d912892e_shot_001_000,sync_c,mouth,7.699882
4,901.000000,ecb359eb6753b3b64a027f66d912892e_shot_001_000,pixel_mse,mouth,0.00093880
4,901.000000,ecb359eb6753b3b64a027f66d912892e_shot_001_000,pixel_mse,upper_face,0.00007042
4,901.000000,ecb359eb6753b3b64a027f66d912892e_shot_001_000,pixel_mse,full,0.00042385
4,901.000000,ecb359eb6753b3b64a027f66d912892e_shot_001_000,ssim,mouth,0.94845831
4,901.000000,ecb359eb6753b3b64a027f66d912892e_shot_001_000,ssim,upper_face,0.97588921
4,901.000000,ecb359eb6753b3b64a027f66d912892e_shot_001_000,ssim,full,0.96472490
4,901.000000,ecb359eb6753b3b64a027f66d912892e_shot_001_000,lpips,mouth,0.03553839
4,901.000000,ecb359eb6753b3b64a027f66d912892e_shot_001_000,lpips,full,0.02661725
4,901.000000,ecb359eb6753b3b64a027f66d912892e_shot_001_000,sharpness,mouth,12.5888
4,901.000000,ecb359eb6753b3b64a027f66d912892e_shot_001_000,lmd,mouth,6.473255
4,901.000000,ecb359eb6753b3b64a027f66d912892e_shot_001_000,sync_d,mouth,5.217276
4,901.000000,ecb359eb6753b3b64a027f66d912892e_shot_001_000,sync_c,mouth,7.548348
5,881.000000,ecb359eb6753b3b64a027f66d912892e_shot_001_000,pixel_mse,mouth,0.00094078
5,881.000000,ecb359eb6753b3b64a027f66d912892e_shot_001_000,pixel_mse,upper_face,0.00006607
5,881.000000,ecb359eb6753b3b64a027f66d912892e_shot_001_000,pixel_mse,full,0.00042207
5,881.000000,ecb359eb6753b3b64a027f66d912892e_shot_001_000,ssim,mouth,0.94846070
5,881.000000,ecb359eb6753b3b64a027f66d912892e_shot_001_000,ssim,upper_face,0.97611815
5,881.000000,ecb359eb6753b3b64a027f66d912892e_shot_001_000,ssim,full,0.96486163
5,881.000000,ecb359eb6753b3b64a027f66d912892e_shot_001_000,lpips,mouth,0.03560616
5,881.000000,ecb359eb6753b3b64a027f66d912892e_shot_001_000,lpips,full,0.02655091
5,881.000000,ecb359eb6753b3b64a027f66d912892e_shot_001_000,sharpness,mouth,12.5224
5,881.000000,ecb359eb6753b3b64a027f66d912892e_shot_001_000,lmd,mouth,7.464636
5,881.000000,ecb359eb6753b3b64a027f66d912892e_shot_001_000,sync_d,mouth,5.181242
5,881.000000,ecb359eb6753b3b64a027f66d912892e_shot_001_000,sync_c,mouth,7.615232
6,861.000000,ecb359eb6753b3b64a027f66d912892e_shot_001_000,pixel_mse,mouth,0.00094154
6,861.000000,ecb359eb6753b3b64a027f66d912892e_shot_001_000,pixel_mse,upper_face,0.00006261
6,861.000000,ecb359eb6753b3b64a027f66d912892e_shot_001_000,pixel_mse,full,0.00042033
6,861.000000,ecb359eb6753b3b64a027f66d912892e_shot_001_000,ssim,mouth,0.94852519
6,861.000000,ecb359eb6753b3b64a027f66d912892e_shot_001_000,ssim,upper_face,0.97636819
6,861.000000,ecb359eb6753b3b64a027f66d912892e_shot_001_000,ssim,full,0.96503615
6,861.000000,ecb359eb6753b3b64a027f66d912892e_shot_001_000,lpips,mouth,0.03526749
6,861.000000,ecb359eb6753b3b64a027f66d912892e_shot_001_000,lpips,full,0.02635060
6,861.000000,ecb359eb6753b3b64a027f66d912892e_shot_001_000,sharpness,mouth,12.5177
6,861.000000,ecb359eb6753b3b64a027f66d912892e_shot_001_000,lmd,mouth,5.891199
6,861.000000,ecb359eb6753b3b64a027f66d912892e_shot_001_000,sync_d,mouth,5.321968
6,861.000000,ecb359eb6753b3b64a027f66d912892e_shot_001_000,sync_c,mouth,7.466679
7,841.000000,ecb359eb6753b3b64a027f66d912892e_shot_001_000,pixel_mse,mouth,0.00094006
7,841.000000,ecb359eb6753b3b64a027f66d912892e_shot_001_000,pixel_mse,upper_face,0.00005975
7,841.000000,ecb359eb6753b3b64a027f66d912892e_shot_001_000,pixel_mse,full,0.00041803
7,841.000000,ecb359eb6753b3b64a027f66d912892e_shot_001_000,ssim,mouth,0.94869113
7,841.000000,ecb359eb6753b3b64a027f66d912892e_shot_001_000,ssim,upper_face,0.97655559
7,841.000000,ecb359eb6753b3b64a027f66d912892e_shot_001_000,ssim,full,0.96521485
7,841.000000,ecb359eb6753b3b64a027f66d912892e_shot_001_000,lpips,mouth,0.03530087
7,841.000000,ecb359eb6753b3b64a027f66d912892e_shot_001_000,lpips,full,0.02614042
7,841.000000,ecb359eb6753b3b64a027f66d912892e_shot_001_000,sharpness,mouth,12.3728
7,841.000000,ecb359eb6753b3b64a027f66d912892e_shot_001_000,lmd,mouth,4.993733
7,841.000000,ecb359eb6753b3b64a027f66d912892e_shot_001_000,sync_d,mouth,5.301478
7,841.000000,ecb359eb6753b3b64a027f66d912892e_shot_001_000,sync_c,mouth,7.486715
8,821.000000,ecb359eb6753b3b64a027f66d912892e_shot_001_000,pixel_mse,mouth,0.00093972
8,821.000000,ecb359eb6753b3b64a027f66d912892e_shot_001_000,pixel_mse,upper_face,0.00005825
8,821.000000,ecb359eb6753b3b64a027f66d912892e_shot_001_000,pixel_mse,full,0.00041701
8,821.000000,ecb359eb6753b3b64a027f66d912892e_shot_001_000,ssim,mouth,0.94882870
8,821.000000,ecb359eb6753b3b64a027f66d912892e_shot_001_000,ssim,upper_face,0.97670317
8,821.000000,ecb359eb6753b3b64a027f66d912892e_shot_001_000,ssim,full,0.96535826
8,821.000000,ecb359eb6753b3b64a027f66d912892e_shot_001_000,lpips,mouth,0.03537866
8,821.000000,ecb359eb6753b3b64a027f66d912892e_shot_001_000,lpips,full,0.02607144
8,821.000000,ecb359eb6753b3b64a027f66d912892e_shot_001_000,sharpness,mouth,12.3453
8,821.000000,ecb359eb6753b3b64a027f66d912892e_shot_001_000,lmd,mouth,5.455132
8,821.000000,ecb359eb6753b3b64a027f66d912892e_shot_001_000,sync_d,mouth,5.284482
8,821.000000,ecb359eb6753b3b64a027f66d912892e_shot_001_000,sync_c,mouth,7.459656
9,801.000000,ecb359eb6753b3b64a027f66d912892e_shot_001_000,pixel_mse,mouth,0.00093550
9,801.000000,ecb359eb6753b3b64a027f66d912892e_shot_001_000,pixel_mse,upper_face,0.00005646
9,801.000000,ecb359eb6753b3b64a027f66d912892e_shot_001_000,pixel_mse,full,0.00041422
9,801.000000,ecb359eb6753b3b64a027f66d912892e_shot_001_000,ssim,mouth,0.94900751
9,801.000000,ecb359eb6753b3b64a027f66d912892e_shot_001_000,ssim,upper_face,0.97683346
9,801.000000,ecb359eb6753b3b64a027f66d912892e_shot_001_000,ssim,full,0.96550834
9,801.000000,ecb359eb6753b3b64a027f66d912892e_shot_001_000,lpips,mouth,0.03516418
9,801.000000,ecb359eb6753b3b64a027f66d912892e_shot_001_000,lpips,full,0.02586353
9,801.000000,ecb359eb6753b3b64a027f66d912892e_shot_001_000,sharpness,mouth,12.2944
9,801.000000,ecb359eb6753b3b64a027f66d912892e_shot_001_000,lmd,mouth,5.138148
9,801.000000,ecb359eb6753b3b64a027f66d912892e_shot_001_000,sync_d,mouth,5.367763
9,801.000000,ecb359eb6753b3b64a027f66d912892e_shot_001_000,sync_c,mouth,7.337819
10,781.000000,ecb359eb6753b3b64a027f66d912892e_shot_001_000,pixel_mse,mouth,0.00092932
10,781.000000,ecb359eb6753b3b64a027f66d912892e_shot_001_000,pixel_mse,upper_face,0.00005450
10,781.000000,ecb359eb6753b3b64a027f66d912892e_shot_001_000,pixel_mse,full,0.00041055
10,781.000000,ecb359eb6753b3b64a027f66d912892e_shot_001_000,ssim,mouth,0.94936442
10,781.000000,ecb359eb6753b3b64a027f66d912892e_shot_001_000,ssim,upper_face,0.97699642
10,781.000000,ecb359eb6753b3b64a027f66d912892e_shot_001_000,ssim,full,0.96575022
10,781.000000,ecb359eb6753b3b64a027f66d912892e_shot_001_000,lpips,mouth,0.03528081
10,781.000000,ecb359eb6753b3b64a027f66d912892e_shot_001_000,lpips,full,0.02587519
10,781.000000,ecb359eb6753b3b64a027f66d912892e_shot_001_000,sharpness,mouth,12.2197
10,781.000000,ecb359eb6753b3b64a027f66d912892e_shot_001_000,lmd,mouth,5.454181
10,781.000000,ecb359eb6753b3b64a027f66d912892e_shot_001_000,sync_d,mouth,5.504736
10,781.000000,ecb359eb6753b3b64a027f66d912892e_shot_001_000,sync_c,mouth,7.265039
11,761.000000,ecb359eb6753b3b64a027f66d912892e_shot_001_000,pixel_mse,mouth,0.00092274
11,761.000000,ecb359eb6753b3b64a027f66d912892e_shot_001_000,pixel_mse,upper_face,0.00005311
11,761.000000,ecb359eb6753b3b64a027f66d912892e_shot_001_000,pixel_mse,full,0.00040705
11,761.000000,ecb359eb6753b3b64a027f66d912892e_shot_001_000,ssim,mouth,0.94960082
11,761.000000,ecb359eb6753b3b64a027f66d912892e_shot_001_000,ssim,upper_face,0.97712064
11,761.000000,ecb359eb6753b3b64a027f66d912892e_shot_001_000,ssim,full,0.96592015
11,761.000000,ecb359eb6753b3b64a027f66d912892e_shot_001_000,lpips,mouth,0.03521277
11,761.000000,ecb359eb6753b3b64a027f66d912892e_shot_001_000,lpips,full,0.02562609
11,761.000000,ecb359eb6753b3b64a027f66d912892e_shot_001_000,sharpness,mouth,12.1583
11,761.000000,ecb359eb6753b3b64a027f66d912892e_shot_001_000,lmd,mouth,6.083323
11,761.000000,ecb359eb6753b3b64a027f66d912892e_shot_001_000,sync_d,mouth,5.198955
11,761.000000,ecb359eb6753b3b64a027f66d912892e_shot_001_000,sync_c,mouth,7.533529
12,741.000000,ecb359eb6753b3b64a027f66d912892e_shot_001_000,pixel_mse,mouth,0.00093016
12,741.000000,ecb359eb6753b3b64a027f66d912892e_shot_001_000,pixel_mse,upper_face,0.00005056
12,741.000000,ecb359eb6753b3b64a027f66d912892e_shot_001_000,pixel_mse,full,0.00040855
12,741.000000,ecb359eb6753b3b64a027f66d912892e_shot_001_000,ssim,mouth,0.94951189
12,741.000000,ecb359eb6753b3b64a027f66d912892e_shot_001_000,ssim,upper_face,0.97733939
12,741.000000,ecb359eb6753b3b64a027f66d912892e_shot_001_000,ssim,full,0.96601367
12,741.000000,ecb359eb6753b3b64a027f66d912892e_shot_001_000,lpips,mouth,0.03510178
12,741.000000,ecb359eb6753b3b64a027f66d912892e_shot_001_000,lpips,full,0.02560177
12,741.000000,ecb359eb6753b3b64a027f66d912892e_shot_001_000,sharpness,mouth,12.0524
12,741.000000,ecb359eb6753b3b64a027f66d912892e_shot_001_000,lmd,mouth,5.403127
12,741.000000,ecb359eb6753b3b64a027f66d912892e_shot_001_000,sync_d,mouth,5.449153
12,741.000000,ecb359eb6753b3b64a027f66d912892e_shot_001_000,sync_c,mouth,7.248735
13,721.000000,ecb359eb6753b3b64a027f66d912892e_shot_001_000,pixel_mse,mouth,0.00093127
13,721.000000,ecb359eb6753b3b64a027f66d912892e_shot_001_000,pixel_mse,upper_face,0.00004975
13,721.000000,ecb359eb6753b3b64a027f66d912892e_shot_001_000,pixel_mse,full,0.00040853
13,721.000000,ecb359eb6753b3b64a027f66d912892e_shot_001_000,ssim,mouth,0.94941789
13,721.000000,ecb359eb6753b3b64a027f66d912892e_shot_001_000,ssim,upper_face,0.97741669
13,721.000000,ecb359eb6753b3b64a027f66d912892e_shot_001_000,ssim,full,0.96602118
13,721.000000,ecb359eb6753b3b64a027f66d912892e_shot_001_000,lpips,mouth,0.03543914
13,721.000000,ecb359eb6753b3b64a027f66d912892e_shot_001_000,lpips,full,0.02579667
13,721.000000,ecb359eb6753b3b64a027f66d912892e_shot_001_000,sharpness,mouth,12.0533
13,721.000000,ecb359eb6753b3b64a027f66d912892e_shot_001_000,lmd,mouth,6.837435
13,721.000000,ecb359eb6753b3b64a027f66d912892e_shot_001_000,sync_d,mouth,5.493244
13,721.000000,ecb359eb6753b3b64a027f66d912892e_shot_001_000,sync_c,mouth,7.219930
14,701.000000,ecb359eb6753b3b64a027f66d912892e_shot_001_000,pixel_mse,mouth,0.00092004
14,701.000000,ecb359eb6753b3b64a027f66d912892e_shot_001_000,pixel_mse,upper_face,0.00004874
14,701.000000,ecb359eb6753b3b64a027f66d912892e_shot_001_000,pixel_mse,full,0.00040336
14,701.000000,ecb359eb6753b3b64a027f66d912892e_shot_001_000,ssim,mouth,0.94983828
14,701.000000,ecb359eb6753b3b64a027f66d912892e_shot_001_000,ssim,upper_face,0.97741389
14,701.000000,ecb359eb6753b3b64a027f66d912892e_shot_001_000,ssim,full,0.96619064
14,701.000000,ecb359eb6753b3b64a027f66d912892e_shot_001_000,lpips,mouth,0.03501347
14,701.000000,ecb359eb6753b3b64a027f66d912892e_shot_001_000,lpips,full,0.02545002
14,701.000000,ecb359eb6753b3b64a027f66d912892e_shot_001_000,sharpness,mouth,12.1170
14,701.000000,ecb359eb6753b3b64a027f66d912892e_shot_001_000,lmd,mouth,5.388554
14,701.000000,ecb359eb6753b3b64a027f66d912892e_shot_001_000,sync_d,mouth,5.394261
14,701.000000,ecb359eb6753b3b64a027f66d912892e_shot_001_000,sync_c,mouth,7.322296
15,681.000000,ecb359eb6753b3b64a027f66d912892e_shot_001_000,pixel_mse,mouth,0.00090971
15,681.000000,ecb359eb6753b3b64a027f66d912892e_shot_001_000,pixel_mse,upper_face,0.00004807
15,681.000000,ecb359eb6753b3b64a027f66d912892e_shot_001_000,pixel_mse,full,0.00039876
15,681.000000,ecb359eb6753b3b64a027f66d912892e_shot_001_000,ssim,mouth,0.95015341
15,681.000000,ecb359eb6753b3b64a027f66d912892e_shot_001_000,ssim,upper_face,0.97758865
15,681.000000,ecb359eb6753b3b64a027f66d912892e_shot_001_000,ssim,full,0.96642256
15,681.000000,ecb359eb6753b3b64a027f66d912892e_shot_001_000,lpips,mouth,0.03527764
15,681.000000,ecb359eb6753b3b64a027f66d912892e_shot_001_000,lpips,full,0.02568284
15,681.000000,ecb359eb6753b3b64a027f66d912892e_shot_001_000,sharpness,mouth,11.9266
15,681.000000,ecb359eb6753b3b64a027f66d912892e_shot_001_000,lmd,mouth,5.658916
15,681.000000,ecb359eb6753b3b64a027f66d912892e_shot_001_000,sync_d,mouth,5.545560
15,681.000000,ecb359eb6753b3b64a027f66d912892e_shot_001_000,sync_c,mouth,7.211727
16,661.000000,ecb359eb6753b3b64a027f66d912892e_shot_001_000,pixel_mse,mouth,0.00089834
16,661.000000,ecb359eb6753b3b64a027f66d912892e_shot_001_000,pixel_mse,upper_face,0.00004729
16,661.000000,ecb359eb6753b3b64a027f66d912892e_shot_001_000,pixel_mse,full,0.00039367
16,661.000000,ecb359eb6753b3b64a027f66d912892e_shot_001_000,ssim,mouth,0.95040500
16,661.000000,ecb359eb6753b3b64a027f66d912892e_shot_001_000,ssim,upper_face,0.97761112
16,661.000000,ecb359eb6753b3b64a027f66d912892e_shot_001_000,ssim,full,0.96653831
16,661.000000,ecb359eb6753b3b64a027f66d912892e_shot_001_000,lpips,mouth,0.03474268
16,661.000000,ecb359eb6753b3b64a027f66d912892e_shot_001_000,lpips,full,0.02531072
16,661.000000,ecb359eb6753b3b64a027f66d912892e_shot_001_000,sharpness,mouth,12.0548
16,661.000000,ecb359eb6753b3b64a027f66d912892e_shot_001_000,lmd,mouth,6.891585
16,661.000000,ecb359eb6753b3b64a027f66d912892e_shot_001_000,sync_d,mouth,5.466710
16,661.000000,ecb359eb6753b3b64a027f66d912892e_shot_001_000,sync_c,mouth,7.252757
17,641.000000,ecb359eb6753b3b64a027f66d912892e_shot_001_000,pixel_mse,mouth,0.00088807
17,641.000000,ecb359eb6753b3b64a027f66d912892e_shot_001_000,pixel_mse,upper_face,0.00004685
17,641.000000,ecb359eb6753b3b64a027f66d912892e_shot_001_000,pixel_mse,full,0.00038922
17,641.000000,ecb359eb6753b3b64a027f66d912892e_shot_001_000,ssim,mouth,0.95076495
17,641.000000,ecb359eb6753b3b64a027f66d912892e_shot_001_000,ssim,upper_face,0.97767305
17,641.000000,ecb359eb6753b3b64a027f66d912892e_shot_001_000,ssim,full,0.96672153
17,641.000000,ecb359eb6753b3b64a027f66d912892e_shot_001_000,lpips,mouth,0.03469595
17,641.000000,ecb359eb6753b3b64a027f66d912892e_shot_001_000,lpips,full,0.02509988
17,641.000000,ecb359eb6753b3b64a027f66d912892e_shot_001_000,sharpness,mouth,12.0280
17,641.000000,ecb359eb6753b3b64a027f66d912892e_shot_001_000,lmd,mouth,5.252895
17,641.000000,ecb359eb6753b3b64a027f66d912892e_shot_001_000,sync_d,mouth,5.560720
17,641.000000,ecb359eb6753b3b64a027f66d912892e_shot_001_000,sync_c,mouth,7.172657
18,621.000000,ecb359eb6753b3b64a027f66d912892e_shot_001_000,pixel_mse,mouth,0.00087714
18,621.000000,ecb359eb6753b3b64a027f66d912892e_shot_001_000,pixel_mse,upper_face,0.00004637
18,621.000000,ecb359eb6753b3b64a027f66d912892e_shot_001_000,pixel_mse,full,0.00038449
18,621.000000,ecb359eb6753b3b64a027f66d912892e_shot_001_000,ssim,mouth,0.95119071
18,621.000000,ecb359eb6753b3b64a027f66d912892e_shot_001_000,ssim,upper_face,0.97772789
18,621.000000,ecb359eb6753b3b64a027f66d912892e_shot_001_000,ssim,full,0.96692735
18,621.000000,ecb359eb6753b3b64a027f66d912892e_shot_001_000,lpips,mouth,0.03447422
18,621.000000,ecb359eb6753b3b64a027f66d912892e_shot_001_000,lpips,full,0.02497758
18,621.000000,ecb359eb6753b3b64a027f66d912892e_shot_001_000,sharpness,mouth,11.9670
18,621.000000,ecb359eb6753b3b64a027f66d912892e_shot_001_000,lmd,mouth,5.368951
18,621.000000,ecb359eb6753b3b64a027f66d912892e_shot_001_000,sync_d,mouth,5.435499
18,621.000000,ecb359eb6753b3b64a027f66d912892e_shot_001_000,sync_c,mouth,7.402779
19,601.000000,ecb359eb6753b3b64a027f66d912892e_shot_001_000,pixel_mse,mouth,0.00086638
19,601.000000,ecb359eb6753b3b64a027f66d912892e_shot_001_000,pixel_mse,upper_face,0.00004585
19,601.000000,ecb359eb6753b3b64a027f66d912892e_shot_001_000,pixel_mse,full,0.00037980
19,601.000000,ecb359eb6753b3b64a027f66d912892e_shot_001_000,ssim,mouth,0.95135093
19,601.000000,ecb359eb6753b3b64a027f66d912892e_shot_001_000,ssim,upper_face,0.97776771
19,601.000000,ecb359eb6753b3b64a027f66d912892e_shot_001_000,ssim,full,0.96701616
19,601.000000,ecb359eb6753b3b64a027f66d912892e_shot_001_000,lpips,mouth,0.03414095
19,601.000000,ecb359eb6753b3b64a027f66d912892e_shot_001_000,lpips,full,0.02472661
19,601.000000,ecb359eb6753b3b64a027f66d912892e_shot_001_000,sharpness,mouth,12.0078
19,601.000000,ecb359eb6753b3b64a027f66d912892e_shot_001_000,lmd,mouth,6.456231
19,601.000000,ecb359eb6753b3b64a027f66d912892e_shot_001_000,sync_d,mouth,5.582458
19,601.000000,ecb359eb6753b3b64a027f66d912892e_shot_001_000,sync_c,mouth,7.173493
20,581.000000,ecb359eb6753b3b64a027f66d912892e_shot_001_000,pixel_mse,mouth,0.00085624
20,581.000000,ecb359eb6753b3b64a027f66d912892e_shot_001_000,pixel_mse,upper_face,0.00004532
20,581.000000,ecb359eb6753b3b64a027f66d912892e_shot_001_000,pixel_mse,full,0.00037536
20,581.000000,ecb359eb6753b3b64a027f66d912892e_shot_001_000,ssim,mouth,0.95164204
20,581.000000,ecb359eb6753b3b64a027f66d912892e_shot_001_000,ssim,upper_face,0.97785413
20,581.000000,ecb359eb6753b3b64a027f66d912892e_shot_001_000,ssim,full,0.96718585
20,581.000000,ecb359eb6753b3b64a027f66d912892e_shot_001_000,lpips,mouth,0.03414282
20,581.000000,ecb359eb6753b3b64a027f66d912892e_shot_001_000,lpips,full,0.02472497
20,581.000000,ecb359eb6753b3b64a027f66d912892e_shot_001_000,sharpness,mouth,11.9009
20,581.000000,ecb359eb6753b3b64a027f66d912892e_shot_001_000,lmd,mouth,5.389154
20,581.000000,ecb359eb6753b3b64a027f66d912892e_shot_001_000,sync_d,mouth,5.635158
20,581.000000,ecb359eb6753b3b64a027f66d912892e_shot_001_000,sync_c,mouth,7.187191
21,561.000000,ecb359eb6753b3b64a027f66d912892e_shot_001_000,pixel_mse,mouth,0.00084655
21,561.000000,ecb359eb6753b3b64a027f66d912892e_shot_001_000,pixel_mse,upper_face,0.00004535
21,561.000000,ecb359eb6753b3b64a027f66d912892e_shot_001_000,pixel_mse,full,0.00037143
21,561.000000,ecb359eb6753b3b64a027f66d912892e_shot_001_000,ssim,mouth,0.95198715
21,561.000000,ecb359eb6753b3b64a027f66d912892e_shot_001_000,ssim,upper_face,0.97780728
21,561.000000,ecb359eb6753b3b64a027f66d912892e_shot_001_000,ssim,full,0.96729851
21,561.000000,ecb359eb6753b3b64a027f66d912892e_shot_001_000,lpips,mouth,0.03367807
21,561.000000,ecb359eb6753b3b64a027f66d912892e_shot_001_000,lpips,full,0.02454488
21,561.000000,ecb359eb6753b3b64a027f66d912892e_shot_001_000,sharpness,mouth,11.8520
21,561.000000,ecb359eb6753b3b64a027f66d912892e_shot_001_000,lmd,mouth,6.470875
21,561.000000,ecb359eb6753b3b64a027f66d912892e_shot_001_000,sync_d,mouth,5.478748
21,561.000000,ecb359eb6753b3b64a027f66d912892e_shot_001_000,sync_c,mouth,7.270056
22,541.000000,ecb359eb6753b3b64a027f66d912892e_shot_001_000,pixel_mse,mouth,0.00083767
22,541.000000,ecb359eb6753b3b64a027f66d912892e_shot_001_000,pixel_mse,upper_face,0.00004506
22,541.000000,ecb359eb6753b3b64a027f66d912892e_shot_001_000,pixel_mse,full,0.00036765
22,541.000000,ecb359eb6753b3b64a027f66d912892e_shot_001_000,ssim,mouth,0.95213020
22,541.000000,ecb359eb6753b3b64a027f66d912892e_shot_001_000,ssim,upper_face,0.97781438
22,541.000000,ecb359eb6753b3b64a027f66d912892e_shot_001_000,ssim,full,0.96736097
22,541.000000,ecb359eb6753b3b64a027f66d912892e_shot_001_000,lpips,mouth,0.03355395
22,541.000000,ecb359eb6753b3b64a027f66d912892e_shot_001_000,lpips,full,0.02429594
22,541.000000,ecb359eb6753b3b64a027f66d912892e_shot_001_000,sharpness,mouth,11.8970
22,541.000000,ecb359eb6753b3b64a027f66d912892e_shot_001_000,lmd,mouth,4.405527
22,541.000000,ecb359eb6753b3b64a027f66d912892e_shot_001_000,sync_d,mouth,5.553322
22,541.000000,ecb359eb6753b3b64a027f66d912892e_shot_001_000,sync_c,mouth,7.258233
23,521.000000,ecb359eb6753b3b64a027f66d912892e_shot_001_000,pixel_mse,mouth,0.00082675
23,521.000000,ecb359eb6753b3b64a027f66d912892e_shot_001_000,pixel_mse,upper_face,0.00004466
23,521.000000,ecb359eb6753b3b64a027f66d912892e_shot_001_000,pixel_mse,full,0.00036297
23,521.000000,ecb359eb6753b3b64a027f66d912892e_shot_001_000,ssim,mouth,0.95248473
23,521.000000,ecb359eb6753b3b64a027f66d912892e_shot_001_000,ssim,upper_face,0.97793078
23,521.000000,ecb359eb6753b3b64a027f66d912892e_shot_001_000,ssim,full,0.96757424
23,521.000000,ecb359eb6753b3b64a027f66d912892e_shot_001_000,lpips,mouth,0.03351432
23,521.000000,ecb359eb6753b3b64a027f66d912892e_shot_001_000,lpips,full,0.02430751
23,521.000000,ecb359eb6753b3b64a027f66d912892e_shot_001_000,sharpness,mouth,11.8146
23,521.000000,ecb359eb6753b3b64a027f66d912892e_shot_001_000,lmd,mouth,4.848783
23,521.000000,ecb359eb6753b3b64a027f66d912892e_shot_001_000,sync_d,mouth,5.642740
23,521.000000,ecb359eb6753b3b64a027f66d912892e_shot_001_000,sync_c,mouth,7.171536
24,501.000000,ecb359eb6753b3b64a027f66d912892e_shot_001_000,pixel_mse,mouth,0.00081951
24,501.000000,ecb359eb6753b3b64a027f66d912892e_shot_001_000,pixel_mse,upper_face,0.00004472
24,501.000000,ecb359eb6753b3b64a027f66d912892e_shot_001_000,pixel_mse,full,0.00036006
24,501.000000,ecb359eb6753b3b64a027f66d912892e_shot_001_000,ssim,mouth,0.95258355
24,501.000000,ecb359eb6753b3b64a027f66d912892e_shot_001_000,ssim,upper_face,0.97788537
24,501.000000,ecb359eb6753b3b64a027f66d912892e_shot_001_000,ssim,full,0.96758753
24,501.000000,ecb359eb6753b3b64a027f66d912892e_shot_001_000,lpips,mouth,0.03341788
24,501.000000,ecb359eb6753b3b64a027f66d912892e_shot_001_000,lpips,full,0.02414953
24,501.000000,ecb359eb6753b3b64a027f66d912892e_shot_001_000,sharpness,mouth,11.8520
24,501.000000,ecb359eb6753b3b64a027f66d912892e_shot_001_000,lmd,mouth,5.655991
24,501.000000,ecb359eb6753b3b64a027f66d912892e_shot_001_000,sync_d,mouth,5.584163
24,501.000000,ecb359eb6753b3b64a027f66d912892e_shot_001_000,sync_c,mouth,7.165251
25,481.000000,ecb359eb6753b3b64a027f66d912892e_shot_001_000,pixel_mse,mouth,0.00081006
25,481.000000,ecb359eb6753b3b64a027f66d912892e_shot_001_000,pixel_mse,upper_face,0.00004454
25,481.000000,ecb359eb6753b3b64a027f66d912892e_shot_001_000,pixel_mse,full,0.00035611
25,481.000000,ecb359eb6753b3b64a027f66d912892e_shot_001_000,ssim,mouth,0.95288426
25,481.000000,ecb359eb6753b3b64a027f66d912892e_shot_001_000,ssim,upper_face,0.97787035
25,481.000000,ecb359eb6753b3b64a027f66d912892e_shot_001_000,ssim,full,0.96770108
25,481.000000,ecb359eb6753b3b64a027f66d912892e_shot_001_000,lpips,mouth,0.03344589
25,481.000000,ecb359eb6753b3b64a027f66d912892e_shot_001_000,lpips,full,0.02431994
25,481.000000,ecb359eb6753b3b64a027f66d912892e_shot_001_000,sharpness,mouth,11.8039
25,481.000000,ecb359eb6753b3b64a027f66d912892e_shot_001_000,lmd,mouth,6.767794
25,481.000000,ecb359eb6753b3b64a027f66d912892e_shot_001_000,sync_d,mouth,5.575435
25,481.000000,ecb359eb6753b3b64a027f66d912892e_shot_001_000,sync_c,mouth,7.326302
26,461.000000,ecb359eb6753b3b64a027f66d912892e_shot_001_000,pixel_mse,mouth,0.00080324
26,461.000000,ecb359eb6753b3b64a027f66d912892e_shot_001_000,pixel_mse,upper_face,0.00004421
26,461.000000,ecb359eb6753b3b64a027f66d912892e_shot_001_000,pixel_mse,full,0.00035313
26,461.000000,ecb359eb6753b3b64a027f66d912892e_shot_001_000,ssim,mouth,0.95298862
26,461.000000,ecb359eb6753b3b64a027f66d912892e_shot_001_000,ssim,upper_face,0.97790599
26,461.000000,ecb359eb6753b3b64a027f66d912892e_shot_001_000,ssim,full,0.96776468
26,461.000000,ecb359eb6753b3b64a027f66d912892e_shot_001_000,lpips,mouth,0.03334979
26,461.000000,ecb359eb6753b3b64a027f66d912892e_shot_001_000,lpips,full,0.02406203
26,461.000000,ecb359eb6753b3b64a027f66d912892e_shot_001_000,sharpness,mouth,11.7553
26,461.000000,ecb359eb6753b3b64a027f66d912892e_shot_001_000,lmd,mouth,5.237472
26,461.000000,ecb359eb6753b3b64a027f66d912892e_shot_001_000,sync_d,mouth,5.636327
26,461.000000,ecb359eb6753b3b64a027f66d912892e_shot_001_000,sync_c,mouth,7.247252
27,441.000000,ecb359eb6753b3b64a027f66d912892e_shot_001_000,pixel_mse,mouth,0.00079543
27,441.000000,ecb359eb6753b3b64a027f66d912892e_shot_001_000,pixel_mse,upper_face,0.00004407
27,441.000000,ecb359eb6753b3b64a027f66d912892e_shot_001_000,pixel_mse,full,0.00034987
27,441.000000,ecb359eb6753b3b64a027f66d912892e_shot_001_000,ssim,mouth,0.95316297
27,441.000000,ecb359eb6753b3b64a027f66d912892e_shot_001_000,ssim,upper_face,0.97796237
27,441.000000,ecb359eb6753b3b64a027f66d912892e_shot_001_000,ssim,full,0.96786904
27,441.000000,ecb359eb6753b3b64a027f66d912892e_shot_001_000,lpips,mouth,0.03298524
27,441.000000,ecb359eb6753b3b64a027f66d912892e_shot_001_000,lpips,full,0.02399307
27,441.000000,ecb359eb6753b3b64a027f66d912892e_shot_001_000,sharpness,mouth,11.7047
27,441.000000,ecb359eb6753b3b64a027f66d912892e_shot_001_000,lmd,mouth,5.226736
27,441.000000,ecb359eb6753b3b64a027f66d912892e_shot_001_000,sync_d,mouth,5.557402
27,441.000000,ecb359eb6753b3b64a027f66d912892e_shot_001_000,sync_c,mouth,7.285691
28,421.000000,ecb359eb6753b3b64a027f66d912892e_shot_001_000,pixel_mse,mouth,0.00078937
28,421.000000,ecb359eb6753b3b64a027f66d912892e_shot_001_000,pixel_mse,upper_face,0.00004420
28,421.000000,ecb359eb6753b3b64a027f66d912892e_shot_001_000,pixel_mse,full,0.00034748
28,421.000000,ecb359eb6753b3b64a027f66d912892e_shot_001_000,ssim,mouth,0.95326209
28,421.000000,ecb359eb6753b3b64a027f66d912892e_shot_001_000,ssim,upper_face,0.97789359
28,421.000000,ecb359eb6753b3b64a027f66d912892e_shot_001_000,ssim,full,0.96786857
28,421.000000,ecb359eb6753b3b64a027f66d912892e_shot_001_000,lpips,mouth,0.03315174
28,421.000000,ecb359eb6753b3b64a027f66d912892e_shot_001_000,lpips,full,0.02395933
28,421.000000,ecb359eb6753b3b64a027f66d912892e_shot_001_000,sharpness,mouth,11.7134
28,421.000000,ecb359eb6753b3b64a027f66d912892e_shot_001_000,lmd,mouth,4.594979
28,421.000000,ecb359eb6753b3b64a027f66d912892e_shot_001_000,sync_d,mouth,5.686191
28,421.000000,ecb359eb6753b3b64a027f66d912892e_shot_001_000,sync_c,mouth,7.158343
29,401.000000,ecb359eb6753b3b64a027f66d912892e_shot_001_000,pixel_mse,mouth,0.00078261
29,401.000000,ecb359eb6753b3b64a027f66d912892e_shot_001_000,pixel_mse,upper_face,0.00004397
29,401.000000,ecb359eb6753b3b64a027f66d912892e_shot_001_000,pixel_mse,full,0.00034460
29,401.000000,ecb359eb6753b3b64a027f66d912892e_shot_001_000,ssim,mouth,0.95354819
29,401.000000,ecb359eb6753b3b64a027f66d912892e_shot_001_000,ssim,upper_face,0.97787660
29,401.000000,ecb359eb6753b3b64a027f66d912892e_shot_001_000,ssim,full,0.96797496
29,401.000000,ecb359eb6753b3b64a027f66d912892e_shot_001_000,lpips,mouth,0.03297872
29,401.000000,ecb359eb6753b3b64a027f66d912892e_shot_001_000,lpips,full,0.02381123
29,401.000000,ecb359eb6753b3b64a027f66d912892e_shot_001_000,sharpness,mouth,11.7101
29,401.000000,ecb359eb6753b3b64a027f66d912892e_shot_001_000,lmd,mouth,5.098762
29,401.000000,ecb359eb6753b3b64a027f66d912892e_shot_001_000,sync_d,mouth,5.525337
29,401.000000,ecb359eb6753b3b64a027f66d912892e_shot_001_000,sync_c,mouth,7.377838
30,381.000000,ecb359eb6753b3b64a027f66d912892e_shot_001_000,pixel_mse,mouth,0.00077681
30,381.000000,ecb359eb6753b3b64a027f66d912892e_shot_001_000,pixel_mse,upper_face,0.00004397
30,381.000000,ecb359eb6753b3b64a027f66d912892e_shot_001_000,pixel_mse,full,0.00034223
30,381.000000,ecb359eb6753b3b64a027f66d912892e_shot_001_000,ssim,mouth,0.95364594
30,381.000000,ecb359eb6753b3b64a027f66d912892e_shot_001_000,ssim,upper_face,0.97788370
30,381.000000,ecb359eb6753b3b64a027f66d912892e_shot_001_000,ssim,full,0.96801901
30,381.000000,ecb359eb6753b3b64a027f66d912892e_shot_001_000,lpips,mouth,0.03317117
30,381.000000,ecb359eb6753b3b64a027f66d912892e_shot_001_000,lpips,full,0.02395101
30,381.000000,ecb359eb6753b3b64a027f66d912892e_shot_001_000,sharpness,mouth,11.6420
30,381.000000,ecb359eb6753b3b64a027f66d912892e_shot_001_000,lmd,mouth,5.699083
30,381.000000,ecb359eb6753b3b64a027f66d912892e_shot_001_000,sync_d,mouth,5.591789
30,381.000000,ecb359eb6753b3b64a027f66d912892e_shot_001_000,sync_c,mouth,7.282167
31,361.000000,ecb359eb6753b3b64a027f66d912892e_shot_001_000,pixel_mse,mouth,0.00077176
31,361.000000,ecb359eb6753b3b64a027f66d912892e_shot_001_000,pixel_mse,upper_face,0.00004373
31,361.000000,ecb359eb6753b3b64a027f66d912892e_shot_001_000,pixel_mse,full,0.00034004
31,361.000000,ecb359eb6753b3b64a027f66d912892e_shot_001_000,ssim,mouth,0.95372427
31,361.000000,ecb359eb6753b3b64a027f66d912892e_shot_001_000,ssim,upper_face,0.97794861
31,361.000000,ecb359eb6753b3b64a027f66d912892e_shot_001_000,ssim,full,0.96808934
31,361.000000,ecb359eb6753b3b64a027f66d912892e_shot_001_000,lpips,mouth,0.03308804
31,361.000000,ecb359eb6753b3b64a027f66d912892e_shot_001_000,lpips,full,0.02386051
31,361.000000,ecb359eb6753b3b64a027f66d912892e_shot_001_000,sharpness,mouth,11.6544
31,361.000000,ecb359eb6753b3b64a027f66d912892e_shot_001_000,lmd,mouth,4.071635
31,361.000000,ecb359eb6753b3b64a027f66d912892e_shot_001_000,sync_d,mouth,5.596477
31,361.000000,ecb359eb6753b3b64a027f66d912892e_shot_001_000,sync_c,mouth,7.272639
32,341.000000,ecb359eb6753b3b64a027f66d912892e_shot_001_000,pixel_mse,mouth,0.00076677
32,341.000000,ecb359eb6753b3b64a027f66d912892e_shot_001_000,pixel_mse,upper_face,0.00004394
32,341.000000,ecb359eb6753b3b64a027f66d912892e_shot_001_000,pixel_mse,full,0.00033813
32,341.000000,ecb359eb6753b3b64a027f66d912892e_shot_001_000,ssim,mouth,0.95388448
32,341.000000,ecb359eb6753b3b64a027f66d912892e_shot_001_000,ssim,upper_face,0.97793603
32,341.000000,ecb359eb6753b3b64a027f66d912892e_shot_001_000,ssim,full,0.96814704
32,341.000000,ecb359eb6753b3b64a027f66d912892e_shot_001_000,lpips,mouth,0.03296941
32,341.000000,ecb359eb6753b3b64a027f66d912892e_shot_001_000,lpips,full,0.02385967
32,341.000000,ecb359eb6753b3b64a027f66d912892e_shot_001_000,sharpness,mouth,11.6383
32,341.000000,ecb359eb6753b3b64a027f66d912892e_shot_001_000,lmd,mouth,4.726678
32,341.000000,ecb359eb6753b3b64a027f66d912892e_shot_001_000,sync_d,mouth,5.595029
32,341.000000,ecb359eb6753b3b64a027f66d912892e_shot_001_000,sync_c,mouth,7.322587
33,321.000000,ecb359eb6753b3b64a027f66d912892e_shot_001_000,pixel_mse,mouth,0.00076317
33,321.000000,ecb359eb6753b3b64a027f66d912892e_shot_001_000,pixel_mse,upper_face,0.00004389
33,321.000000,ecb359eb6753b3b64a027f66d912892e_shot_001_000,pixel_mse,full,0.00033663
33,321.000000,ecb359eb6753b3b64a027f66d912892e_shot_001_000,ssim,mouth,0.95392776
33,321.000000,ecb359eb6753b3b64a027f66d912892e_shot_001_000,ssim,upper_face,0.97787476
33,321.000000,ecb359eb6753b3b64a027f66d912892e_shot_001_000,ssim,full,0.96812838
33,321.000000,ecb359eb6753b3b64a027f66d912892e_shot_001_000,lpips,mouth,0.03299014
33,321.000000,ecb359eb6753b3b64a027f66d912892e_shot_001_000,lpips,full,0.02404072
33,321.000000,ecb359eb6753b3b64a027f66d912892e_shot_001_000,sharpness,mouth,11.6470
33,321.000000,ecb359eb6753b3b64a027f66d912892e_shot_001_000,lmd,mouth,4.388387
33,321.000000,ecb359eb6753b3b64a027f66d912892e_shot_001_000,sync_d,mouth,5.517771
33,321.000000,ecb359eb6753b3b64a027f66d912892e_shot_001_000,sync_c,mouth,7.328000
34,301.000000,ecb359eb6753b3b64a027f66d912892e_shot_001_000,pixel_mse,mouth,0.00075844
34,301.000000,ecb359eb6753b3b64a027f66d912892e_shot_001_000,pixel_mse,upper_face,0.00004392
34,301.000000,ecb359eb6753b3b64a027f66d912892e_shot_001_000,pixel_mse,full,0.00033473
34,301.000000,ecb359eb6753b3b64a027f66d912892e_shot_001_000,ssim,mouth,0.95402730
34,301.000000,ecb359eb6753b3b64a027f66d912892e_shot_001_000,ssim,upper_face,0.97789663
34,301.000000,ecb359eb6753b3b64a027f66d912892e_shot_001_000,ssim,full,0.96818185
34,301.000000,ecb359eb6753b3b64a027f66d912892e_shot_001_000,lpips,mouth,0.03289475
34,301.000000,ecb359eb6753b3b64a027f66d912892e_shot_001_000,lpips,full,0.02402863
34,301.000000,ecb359eb6753b3b64a027f66d912892e_shot_001_000,sharpness,mouth,11.5917
34,301.000000,ecb359eb6753b3b64a027f66d912892e_shot_001_000,lmd,mouth,4.213831
34,301.000000,ecb359eb6753b3b64a027f66d912892e_shot_001_000,sync_d,mouth,5.611192
34,301.000000,ecb359eb6753b3b64a027f66d912892e_shot_001_000,sync_c,mouth,7.265903
35,281.000000,ecb359eb6753b3b64a027f66d912892e_shot_001_000,pixel_mse,mouth,0.00075476
35,281.000000,ecb359eb6753b3b64a027f66d912892e_shot_001_000,pixel_mse,upper_face,0.00004391
35,281.000000,ecb359eb6753b3b64a027f66d912892e_shot_001_000,pixel_mse,full,0.00033322
35,281.000000,ecb359eb6753b3b64a027f66d912892e_shot_001_000,ssim,mouth,0.95401150
35,281.000000,ecb359eb6753b3b64a027f66d912892e_shot_001_000,ssim,upper_face,0.97786617
35,281.000000,ecb359eb6753b3b64a027f66d912892e_shot_001_000,ssim,full,0.96815741
35,281.000000,ecb359eb6753b3b64a027f66d912892e_shot_001_000,lpips,mouth,0.03295309
35,281.000000,ecb359eb6753b3b64a027f66d912892e_shot_001_000,lpips,full,0.02395695
35,281.000000,ecb359eb6753b3b64a027f66d912892e_shot_001_000,sharpness,mouth,11.6498
35,281.000000,ecb359eb6753b3b64a027f66d912892e_shot_001_000,lmd,mouth,5.184619
35,281.000000,ecb359eb6753b3b64a027f66d912892e_shot_001_000,sync_d,mouth,5.667761
35,281.000000,ecb359eb6753b3b64a027f66d912892e_shot_001_000,sync_c,mouth,7.242820
36,261.000000,ecb359eb6753b3b64a027f66d912892e_shot_001_000,pixel_mse,mouth,0.00075284
36,261.000000,ecb359eb6753b3b64a027f66d912892e_shot_001_000,pixel_mse,upper_face,0.00004405
36,261.000000,ecb359eb6753b3b64a027f66d912892e_shot_001_000,pixel_mse,full,0.00033253
36,261.000000,ecb359eb6753b3b64a027f66d912892e_shot_001_000,ssim,mouth,0.95411754
36,261.000000,ecb359eb6753b3b64a027f66d912892e_shot_001_000,ssim,upper_face,0.97782576
36,261.000000,ecb359eb6753b3b64a027f66d912892e_shot_001_000,ssim,full,0.96817648
36,261.000000,ecb359eb6753b3b64a027f66d912892e_shot_001_000,lpips,mouth,0.03291099
36,261.000000,ecb359eb6753b3b64a027f66d912892e_shot_001_000,lpips,full,0.02400580
36,261.000000,ecb359eb6753b3b64a027f66d912892e_shot_001_000,sharpness,mouth,11.6178
36,261.000000,ecb359eb6753b3b64a027f66d912892e_shot_001_000,lmd,mouth,5.656647
36,261.000000,ecb359eb6753b3b64a027f66d912892e_shot_001_000,sync_d,mouth,5.730758
36,261.000000,ecb359eb6753b3b64a027f66d912892e_shot_001_000,sync_c,mouth,7.141066
37,241.000000,ecb359eb6753b3b64a027f66d912892e_shot_001_000,pixel_mse,mouth,0.00075124
37,241.000000,ecb359eb6753b3b64a027f66d912892e_shot_001_000,pixel_mse,upper_face,0.00004396
37,241.000000,ecb359eb6753b3b64a027f66d912892e_shot_001_000,pixel_mse,full,0.00033182
37,241.000000,ecb359eb6753b3b64a027f66d912892e_shot_001_000,ssim,mouth,0.95399851
37,241.000000,ecb359eb6753b3b64a027f66d912892e_shot_001_000,ssim,upper_face,0.97790086
37,241.000000,ecb359eb6753b3b64a027f66d912892e_shot_001_000,ssim,full,0.96817261
37,241.000000,ecb359eb6753b3b64a027f66d912892e_shot_001_000,lpips,mouth,0.03291449
37,241.000000,ecb359eb6753b3b64a027f66d912892e_shot_001_000,lpips,full,0.02390869
37,241.000000,ecb359eb6753b3b64a027f66d912892e_shot_001_000,sharpness,mouth,11.6319
37,241.000000,ecb359eb6753b3b64a027f66d912892e_shot_001_000,lmd,mouth,5.150734
37,241.000000,ecb359eb6753b3b64a027f66d912892e_shot_001_000,sync_d,mouth,5.594310
37,241.000000,ecb359eb6753b3b64a027f66d912892e_shot_001_000,sync_c,mouth,7.276392
38,221.000000,ecb359eb6753b3b64a027f66d912892e_shot_001_000,pixel_mse,mouth,0.00075067
38,221.000000,ecb359eb6753b3b64a027f66d912892e_shot_001_000,pixel_mse,upper_face,0.00004396
38,221.000000,ecb359eb6753b3b64a027f66d912892e_shot_001_000,pixel_mse,full,0.00033159
38,221.000000,ecb359eb6753b3b64a027f66d912892e_shot_001_000,ssim,mouth,0.95398676
38,221.000000,ecb359eb6753b3b64a027f66d912892e_shot_001_000,ssim,upper_face,0.97783899
38,221.000000,ecb359eb6753b3b64a027f66d912892e_shot_001_000,ssim,full,0.96813124
38,221.000000,ecb359eb6753b3b64a027f66d912892e_shot_001_000,lpips,mouth,0.03313614
38,221.000000,ecb359eb6753b3b64a027f66d912892e_shot_001_000,lpips,full,0.02395016
38,221.000000,ecb359eb6753b3b64a027f66d912892e_shot_001_000,sharpness,mouth,11.5866
38,221.000000,ecb359eb6753b3b64a027f66d912892e_shot_001_000,lmd,mouth,4.321448
38,221.000000,ecb359eb6753b3b64a027f66d912892e_shot_001_000,sync_d,mouth,5.697293
38,221.000000,ecb359eb6753b3b64a027f66d912892e_shot_001_000,sync_c,mouth,7.162509
39,201.000000,ecb359eb6753b3b64a027f66d912892e_shot_001_000,pixel_mse,mouth,0.00074935
39,201.000000,ecb359eb6753b3b64a027f66d912892e_shot_001_000,pixel_mse,upper_face,0.00004417
39,201.000000,ecb359eb6753b3b64a027f66d912892e_shot_001_000,pixel_mse,full,0.00033118
39,201.000000,ecb359eb6753b3b64a027f66d912892e_shot_001_000,ssim,mouth,0.95394754
39,201.000000,ecb359eb6753b3b64a027f66d912892e_shot_001_000,ssim,upper_face,0.97782266
39,201.000000,ecb359eb6753b3b64a027f66d912892e_shot_001_000,ssim,full,0.96810549
39,201.000000,ecb359eb6753b3b64a027f66d912892e_shot_001_000,lpips,mouth,0.03341085
39,201.000000,ecb359eb6753b3b64a027f66d912892e_shot_001_000,lpips,full,0.02411953
39,201.000000,ecb359eb6753b3b64a027f66d912892e_shot_001_000,sharpness,mouth,11.6025
39,201.000000,ecb359eb6753b3b64a027f66d912892e_shot_001_000,lmd,mouth,4.234199
39,201.000000,ecb359eb6753b3b64a027f66d912892e_shot_001_000,sync_d,mouth,5.634531
39,201.000000,ecb359eb6753b3b64a027f66d912892e_shot_001_000,sync_c,mouth,7.292367
40,181.000000,ecb359eb6753b3b64a027f66d912892e_shot_001_000,pixel_mse,mouth,0.00075121
40,181.000000,ecb359eb6753b3b64a027f66d912892e_shot_001_000,pixel_mse,upper_face,0.00004419
40,181.000000,ecb359eb6753b3b64a027f66d912892e_shot_001_000,pixel_mse,full,0.00033194
40,181.000000,ecb359eb6753b3b64a027f66d912892e_shot_001_000,ssim,mouth,0.95378053
40,181.000000,ecb359eb6753b3b64a027f66d912892e_shot_001_000,ssim,upper_face,0.97779000
40,181.000000,ecb359eb6753b3b64a027f66d912892e_shot_001_000,ssim,full,0.96801817
40,181.000000,ecb359eb6753b3b64a027f66d912892e_shot_001_000,lpips,mouth,0.03348640
40,181.000000,ecb359eb6753b3b64a027f66d912892e_shot_001_000,lpips,full,0.02402055
40,181.000000,ecb359eb6753b3b64a027f66d912892e_shot_001_000,sharpness,mouth,11.6762
40,181.000000,ecb359eb6753b3b64a027f66d912892e_shot_001_000,lmd,mouth,4.759241
40,181.000000,ecb359eb6753b3b64a027f66d912892e_shot_001_000,sync_d,mouth,5.735338
40,181.000000,ecb359eb6753b3b64a027f66d912892e_shot_001_000,sync_c,mouth,7.209639
41,161.000000,ecb359eb6753b3b64a027f66d912892e_shot_001_000,pixel_mse,mouth,0.00075178
41,161.000000,ecb359eb6753b3b64a027f66d912892e_shot_001_000,pixel_mse,upper_face,0.00004426
41,161.000000,ecb359eb6753b3b64a027f66d912892e_shot_001_000,pixel_mse,full,0.00033222
41,161.000000,ecb359eb6753b3b64a027f66d912892e_shot_001_000,ssim,mouth,0.95373833
41,161.000000,ecb359eb6753b3b64a027f66d912892e_shot_001_000,ssim,upper_face,0.97782147
41,161.000000,ecb359eb6753b3b64a027f66d912892e_shot_001_000,ssim,full,0.96801972
41,161.000000,ecb359eb6753b3b64a027f66d912892e_shot_001_000,lpips,mouth,0.03350314
41,161.000000,ecb359eb6753b3b64a027f66d912892e_shot_001_000,lpips,full,0.02412067
41,161.000000,ecb359eb6753b3b64a027f66d912892e_shot_001_000,sharpness,mouth,11.7384
41,161.000000,ecb359eb6753b3b64a027f66d912892e_shot_001_000,lmd,mouth,4.444962
41,161.000000,ecb359eb6753b3b64a027f66d912892e_shot_001_000,sync_d,mouth,5.632148
41,161.000000,ecb359eb6753b3b64a027f66d912892e_shot_001_000,sync_c,mouth,7.285765
42,141.000000,ecb359eb6753b3b64a027f66d912892e_shot_001_000,pixel_mse,mouth,0.00075621
42,141.000000,ecb359eb6753b3b64a027f66d912892e_shot_001_000,pixel_mse,upper_face,0.00004453
42,141.000000,ecb359eb6753b3b64a027f66d912892e_shot_001_000,pixel_mse,full,0.00033418
42,141.000000,ecb359eb6753b3b64a027f66d912892e_shot_001_000,ssim,mouth,0.95357060
42,141.000000,ecb359eb6753b3b64a027f66d912892e_shot_001_000,ssim,upper_face,0.97784281
42,141.000000,ecb359eb6753b3b64a027f66d912892e_shot_001_000,ssim,full,0.96796411
42,141.000000,ecb359eb6753b3b64a027f66d912892e_shot_001_000,lpips,mouth,0.03377346
42,141.000000,ecb359eb6753b3b64a027f66d912892e_shot_001_000,lpips,full,0.02435465
42,141.000000,ecb359eb6753b3b64a027f66d912892e_shot_001_000,sharpness,mouth,11.7063
42,141.000000,ecb359eb6753b3b64a027f66d912892e_shot_001_000,lmd,mouth,4.731494
42,141.000000,ecb359eb6753b3b64a027f66d912892e_shot_001_000,sync_d,mouth,5.601831
42,141.000000,ecb359eb6753b3b64a027f66d912892e_shot_001_000,sync_c,mouth,7.287625
43,121.000000,ecb359eb6753b3b64a027f66d912892e_shot_001_000,pixel_mse,mouth,0.00076216
43,121.000000,ecb359eb6753b3b64a027f66d912892e_shot_001_000,pixel_mse,upper_face,0.00004497
43,121.000000,ecb359eb6753b3b64a027f66d912892e_shot_001_000,pixel_mse,full,0.00033687
43,121.000000,ecb359eb6753b3b64a027f66d912892e_shot_001_000,ssim,mouth,0.95332474
43,121.000000,ecb359eb6753b3b64a027f66d912892e_shot_001_000,ssim,upper_face,0.97778618
43,121.000000,ecb359eb6753b3b64a027f66d912892e_shot_001_000,ssim,full,0.96783048
43,121.000000,ecb359eb6753b3b64a027f66d912892e_shot_001_000,lpips,mouth,0.03397911
43,121.000000,ecb359eb6753b3b64a027f66d912892e_shot_001_000,lpips,full,0.02445670
43,121.000000,ecb359eb6753b3b64a027f66d912892e_shot_001_000,sharpness,mouth,11.7756
43,121.000000,ecb359eb6753b3b64a027f66d912892e_shot_001_000,lmd,mouth,4.648914
43,121.000000,ecb359eb6753b3b64a027f66d912892e_shot_001_000,sync_d,mouth,5.722059
43,121.000000,ecb359eb6753b3b64a027f66d912892e_shot_001_000,sync_c,mouth,7.166631
44,101.000000,ecb359eb6753b3b64a027f66d912892e_shot_001_000,pixel_mse,mouth,0.00076801
44,101.000000,ecb359eb6753b3b64a027f66d912892e_shot_001_000,pixel_mse,upper_face,0.00004517
44,101.000000,ecb359eb6753b3b64a027f66d912892e_shot_001_000,pixel_mse,full,0.00033936
44,101.000000,ecb359eb6753b3b64a027f66d912892e_shot_001_000,ssim,mouth,0.95308638
44,101.000000,ecb359eb6753b3b64a027f66d912892e_shot_001_000,ssim,upper_face,0.97778624
44,101.000000,ecb359eb6753b3b64a027f66d912892e_shot_001_000,ssim,full,0.96773344
44,101.000000,ecb359eb6753b3b64a027f66d912892e_shot_001_000,lpips,mouth,0.03417100
44,101.000000,ecb359eb6753b3b64a027f66d912892e_shot_001_000,lpips,full,0.02468978
44,101.000000,ecb359eb6753b3b64a027f66d912892e_shot_001_000,sharpness,mouth,11.8401
44,101.000000,ecb359eb6753b3b64a027f66d912892e_shot_001_000,lmd,mouth,4.831651
44,101.000000,ecb359eb6753b3b64a027f66d912892e_shot_001_000,sync_d,mouth,5.618744
44,101.000000,ecb359eb6753b3b64a027f66d912892e_shot_001_000,sync_c,mouth,7.239474
45,81.000000,ecb359eb6753b3b64a027f66d912892e_shot_001_000,pixel_mse,mouth,0.00077637
45,81.000000,ecb359eb6753b3b64a027f66d912892e_shot_001_000,pixel_mse,upper_face,0.00004576
45,81.000000,ecb359eb6753b3b64a027f66d912892e_shot_001_000,pixel_mse,full,0.00034312
45,81.000000,ecb359eb6753b3b64a027f66d912892e_shot_001_000,ssim,mouth,0.95277929
45,81.000000,ecb359eb6753b3b64a027f66d912892e_shot_001_000,ssim,upper_face,0.97758120
45,81.000000,ecb359eb6753b3b64a027f66d912892e_shot_001_000,ssim,full,0.96748686
45,81.000000,ecb359eb6753b3b64a027f66d912892e_shot_001_000,lpips,mouth,0.03449918
45,81.000000,ecb359eb6753b3b64a027f66d912892e_shot_001_000,lpips,full,0.02462885
45,81.000000,ecb359eb6753b3b64a027f66d912892e_shot_001_000,sharpness,mouth,11.9649
45,81.000000,ecb359eb6753b3b64a027f66d912892e_shot_001_000,lmd,mouth,5.304324
45,81.000000,ecb359eb6753b3b64a027f66d912892e_shot_001_000,sync_d,mouth,5.614016
45,81.000000,ecb359eb6753b3b64a027f66d912892e_shot_001_000,sync_c,mouth,7.212052
46,61.000000,ecb359eb6753b3b64a027f66d912892e_shot_001_000,pixel_mse,mouth,0.00078844
46,61.000000,ecb359eb6753b3b64a027f66d912892e_shot_001_000,pixel_mse,upper_face,0.00004643
46,61.000000,ecb359eb6753b3b64a027f66d912892e_shot_001_000,pixel_mse,full,0.00034843
46,61.000000,ecb359eb6753b3b64a027f66d912892e_shot_001_000,ssim,mouth,0.95242059
46,61.000000,ecb359eb6753b3b64a027f66d912892e_shot_001_000,ssim,upper_face,0.97758776
46,61.000000,ecb359eb6753b3b64a027f66d912892e_shot_001_000,ssim,full,0.96734482
46,61.000000,ecb359eb6753b3b64a027f66d912892e_shot_001_000,lpips,mouth,0.03476522
46,61.000000,ecb359eb6753b3b64a027f66d912892e_shot_001_000,lpips,full,0.02511188
46,61.000000,ecb359eb6753b3b64a027f66d912892e_shot_001_000,sharpness,mouth,12.0877
46,61.000000,ecb359eb6753b3b64a027f66d912892e_shot_001_000,lmd,mouth,4.576647
46,61.000000,ecb359eb6753b3b64a027f66d912892e_shot_001_000,sync_d,mouth,5.633790
46,61.000000,ecb359eb6753b3b64a027f66d912892e_shot_001_000,sync_c,mouth,7.224308
47,41.000000,ecb359eb6753b3b64a027f66d912892e_shot_001_000,pixel_mse,mouth,0.00080439
47,41.000000,ecb359eb6753b3b64a027f66d912892e_shot_001_000,pixel_mse,upper_face,0.00004726
47,41.000000,ecb359eb6753b3b64a027f66d912892e_shot_001_000,pixel_mse,full,0.00035541
47,41.000000,ecb359eb6753b3b64a027f66d912892e_shot_001_000,ssim,mouth,0.95188713
47,41.000000,ecb359eb6753b3b64a027f66d912892e_shot_001_000,ssim,upper_face,0.97755086
47,41.000000,ecb359eb6753b3b64a027f66d912892e_shot_001_000,ssim,full,0.96710575
47,41.000000,ecb359eb6753b3b64a027f66d912892e_shot_001_000,lpips,mouth,0.03500146
47,41.000000,ecb359eb6753b3b64a027f66d912892e_shot_001_000,lpips,full,0.02526833
47,41.000000,ecb359eb6753b3b64a027f66d912892e_shot_001_000,sharpness,mouth,12.2585
47,41.000000,ecb359eb6753b3b64a027f66d912892e_shot_001_000,lmd,mouth,5.682429
47,41.000000,ecb359eb6753b3b64a027f66d912892e_shot_001_000,sync_d,mouth,5.510969
47,41.000000,ecb359eb6753b3b64a027f66d912892e_shot_001_000,sync_c,mouth,7.373317
48,21.000000,ecb359eb6753b3b64a027f66d912892e_shot_001_000,pixel_mse,mouth,0.00082938
48,21.000000,ecb359eb6753b3b64a027f66d912892e_shot_001_000,pixel_mse,upper_face,0.00004929
48,21.000000,ecb359eb6753b3b64a027f66d912892e_shot_001_000,pixel_mse,full,0.00036679
48,21.000000,ecb359eb6753b3b64a027f66d912892e_shot_001_000,ssim,mouth,0.95119345
48,21.000000,ecb359eb6753b3b64a027f66d912892e_shot_001_000,ssim,upper_face,0.97740138
48,21.000000,ecb359eb6753b3b64a027f66d912892e_shot_001_000,ssim,full,0.96673483
48,21.000000,ecb359eb6753b3b64a027f66d912892e_shot_001_000,lpips,mouth,0.03457284
48,21.000000,ecb359eb6753b3b64a027f66d912892e_shot_001_000,lpips,full,0.02497772
48,21.000000,ecb359eb6753b3b64a027f66d912892e_shot_001_000,sharpness,mouth,12.5056
48,21.000000,ecb359eb6753b3b64a027f66d912892e_shot_001_000,lmd,mouth,6.035841
48,21.000000,ecb359eb6753b3b64a027f66d912892e_shot_001_000,sync_d,mouth,5.387259
48,21.000000,ecb359eb6753b3b64a027f66d912892e_shot_001_000,sync_c,mouth,7.420957
49,1.000000,ecb359eb6753b3b64a027f66d912892e_shot_001_000,pixel_mse,mouth,0.00090136
49,1.000000,ecb359eb6753b3b64a027f66d912892e_shot_001_000,pixel_mse,upper_face,0.00006028
49,1.000000,ecb359eb6753b3b64a027f66d912892e_shot_001_000,pixel_mse,full,0.00040260
49,1.000000,ecb359eb6753b3b64a027f66d912892e_shot_001_000,ssim,mouth,0.94901133
49,1.000000,ecb359eb6753b3b64a027f66d912892e_shot_001_000,ssim,upper_face,0.97672093
49,1.000000,ecb359eb6753b3b64a027f66d912892e_shot_001_000,ssim,full,0.96544319
49,1.000000,ecb359eb6753b3b64a027f66d912892e_shot_001_000,lpips,mouth,0.03478000
49,1.000000,ecb359eb6753b3b64a027f66d912892e_shot_001_000,lpips,full,0.02558915
49,1.000000,ecb359eb6753b3b64a027f66d912892e_shot_001_000,sharpness,mouth,13.0171
49,1.000000,ecb359eb6753b3b64a027f66d912892e_shot_001_000,lmd,mouth,4.531350
49,1.000000,ecb359eb6753b3b64a027f66d912892e_shot_001_000,sync_d,mouth,5.211927
49,1.000000,ecb359eb6753b3b64a027f66d912892e_shot_001_000,sync_c,mouth,7.633724
