step,t,sample,metric,region,value
-1,gt,17ef723a912e46713e84fc2b7dd74e23_shot_001_000,sharpness,mouth,60.6479
-1,gt,17ef723a912e46713e84fc2b7dd74e23_shot_001_000,sync_d,mouth,6.698332
-1,gt,17ef723a912e46713e84fc2b7dd74e23_shot_001_000,sync_c,mouth,7.826336
0,1000.000000,17ef723a912e46713e84fc2b7dd74e23_shot_001_000,pixel_mse,mouth,0.01991098
0,1000.000000,17ef723a912e46713e84fc2b7dd74e23_shot_001_000,pixel_mse,full,0.00785812
0,1000.000000,17ef723a912e46713e84fc2b7dd74e23_shot_001_000,ssim,mouth,0.61462736
0,1000.000000,17ef723a912e46713e84fc2b7dd74e23_shot_001_000,ssim,full,0.778952
0,1000.000000,17ef723a912e46713e84fc2b7dd74e23_shot_001_000,lpips,mouth,0.43872043
0,1000.000000,17ef723a912e46713e84fc2b7dd74e23_shot_001_000,lpips,full,0.29297689
0,1000.000000,17ef723a912e46713e84fc2b7dd74e23_shot_001_000,sharpness,mouth,30.7977
0,1000.000000,17ef723a912e46713e84fc2b7dd74e23_shot_001_000,lmd,mouth,6.35119
0,1000.000000,17ef723a912e46713e84fc2b7dd74e23_shot_001_000,sync_d,mouth,10.236093
0,1000.000000,17ef723a912e46713e84fc2b7dd74e23_shot_001_000,sync_c,mouth,1.744915
1,997.035706,17ef723a912e46713e84fc2b7dd74e23_shot_001_000,pixel_mse,mouth,0.01782051
1,997.035706,17ef723a912e46713e84fc2b7dd74e23_shot_001_000,pixel_mse,full,0.00891191
1,997.035706,17ef723a912e46713e84fc2b7dd74e23_shot_001_000,ssim,mouth,0.61826181
1,997.035706,17ef723a912e46713e84fc2b7dd74e23_shot_001_000,ssim,full,0.78922999
1,997.035706,17ef723a912e46713e84fc2b7dd74e23_shot_001_000,lpips,mouth,0.42627099
1,997.035706,17ef723a912e46713e84fc2b7dd74e23_shot_001_000,lpips,full,0.28997576
1,997.035706,17ef723a912e46713e84fc2b7dd74e23_shot_001_000,sharpness,mouth,37.0746
1,997.035706,17ef723a912e46713e84fc2b7dd74e23_shot_001_000,lmd,mouth,5.76251
1,997.035706,17ef723a912e46713e84fc2b7dd74e23_shot_001_000,sync_d,mouth,9.775352
1,997.035706,17ef723a912e46713e84fc2b7dd74e23_shot_001_000,sync_c,mouth,2.352781
2,993.963867,17ef723a912e46713e84fc2b7dd74e23_shot_001_000,pixel_mse,mouth,0.01893279
2,993.963867,17ef723a912e46713e84fc2b7dd74e23_shot_001_000,pixel_mse,full,0.00845334
2,993.963867,17ef723a912e46713e84fc2b7dd74e23_shot_001_000,ssim,mouth,0.61091667
2,993.963867,17ef723a912e46713e84fc2b7dd74e23_shot_001_000,ssim,full,0.80038846
2,993.963867,17ef723a912e46713e84fc2b7dd74e23_shot_001_000,lpips,mouth,0.40655836
2,993.963867,17ef723a912e46713e84fc2b7dd74e23_shot_001_000,lpips,full,0.27941236
2,993.963867,17ef723a912e46713e84fc2b7dd74e23_shot_001_000,sharpness,mouth,41.4238
2,993.963867,17ef723a912e46713e84fc2b7dd74e23_shot_001_000,lmd,mouth,5.472913
2,993.963867,17ef723a912e46713e84fc2b7dd74e23_shot_001_000,sync_d,mouth,9.138317
2,993.963867,17ef723a912e46713e84fc2b7dd74e23_shot_001_000,sync_c,mouth,3.074294
3,990.779053,17ef723a912e46713e84fc2b7dd74e23_shot_001_000,pixel_mse,mouth,0.02383155
3,990.779053,17ef723a912e46713e84fc2b7dd74e23_shot_001_000,pixel_mse,full,0.00839787
3,990.779053,17ef723a912e46713e84fc2b7dd74e23_shot_001_000,ssim,mouth,0.58728629
3,990.779053,17ef723a912e46713e84fc2b7dd74e23_shot_001_000,ssim,full,0.79999286
3,990.779053,17ef723a912e46713e84fc2b7dd74e23_shot_001_000,lpips,mouth,0.38270053
3,990.779053,17ef723a912e46713e84fc2b7dd74e23_shot_001_000,lpips,full,0.26149368
3,990.779053,17ef723a912e46713e84fc2b7dd74e23_shot_001_000,sharpness,mouth,41.3311
3,990.779053,17ef723a912e46713e84fc2b7dd74e23_shot_001_000,lmd,mouth,5.67258
3,990.779053,17ef723a912e46713e84fc2b7dd74e23_shot_001_000,sync_d,mouth,9.529605
3,990.779053,17ef723a912e46713e84fc2b7dd74e23_shot_001_000,sync_c,mouth,3.505052
4,987.474243,17ef723a912e46713e84fc2b7dd74e23_shot_001_000,pixel_mse,mouth,0.0272721
4,987.474243,17ef723a912e46713e84fc2b7dd74e23_shot_001_000,pixel_mse,full,0.00860068
4,987.474243,17ef723a912e46713e84fc2b7dd74e23_shot_001_000,ssim,mouth,0.57186794
4,987.474243,17ef723a912e46713e84fc2b7dd74e23_shot_001_000,ssim,full,0.79880071
4,987.474243,17ef723a912e46713e84fc2b7dd74e23_shot_001_000,lpips,mouth,0.35799348
4,987.474243,17ef723a912e46713e84fc2b7dd74e23_shot_001_000,lpips,full,0.24541582
4,987.474243,17ef723a912e46713e84fc2b7dd74e23_shot_001_000,sharpness,mouth,37.8892
4,987.474243,17ef723a912e46713e84fc2b7dd74e23_shot_001_000,lmd,mouth,5.784295
4,987.474243,17ef723a912e46713e84fc2b7dd74e23_shot_001_000,sync_d,mouth,9.440921
4,987.474243,17ef723a912e46713e84fc2b7dd74e23_shot_001_000,sync_c,mouth,3.889792
5,984.043091,17ef723a912e46713e84fc2b7dd74e23_shot_001_000,pixel_mse,mouth,0.02525294
5,984.043091,17ef723a912e46713e84fc2b7dd74e23_shot_001_000,pixel_mse,full,0.00801792
5,984.043091,17ef723a912e46713e84fc2b7dd74e23_shot_001_000,ssim,mouth,0.5760833
5,984.043091,17ef723a912e46713e84fc2b7dd74e23_shot_001_000,ssim,full,0.80635083
5,984.043091,17ef723a912e46713e84fc2b7dd74e23_shot_001_000,lpips,mouth,0.3425813
5,984.043091,17ef723a912e46713e84fc2b7dd74e23_shot_001_000,lpips,full,0.23353525
5,984.043091,17ef723a912e46713e84fc2b7dd74e23_shot_001_000,sharpness,mouth,43.3308
5,984.043091,17ef723a912e46713e84fc2b7dd74e23_shot_001_000,lmd,mouth,5.457302
5,984.043091,17ef723a912e46713e84fc2b7dd74e23_shot_001_000,sync_d,mouth,8.990918
5,984.043091,17ef723a912e46713e84fc2b7dd74e23_shot_001_000,sync_c,mouth,4.688931
6,980.477844,17ef723a912e46713e84fc2b7dd74e23_shot_001_000,pixel_mse,mouth,0.02357797
6,980.477844,17ef723a912e46713e84fc2b7dd74e23_shot_001_000,pixel_mse,full,0.00755308
6,980.477844,17ef723a912e46713e84fc2b7dd74e23_shot_001_000,ssim,mouth,0.58192855
6,980.477844,17ef723a912e46713e84fc2b7dd74e23_shot_001_000,ssim,full,0.80777353
6,980.477844,17ef723a912e46713e84fc2b7dd74e23_shot_001_000,lpips,mouth,0.3298609
6,980.477844,17ef723a912e46713e84fc2b7dd74e23_shot_001_000,lpips,full,0.22564992
6,980.477844,17ef723a912e46713e84fc2b7dd74e23_shot_001_000,sharpness,mouth,42.7894
6,980.477844,17ef723a912e46713e84fc2b7dd74e23_shot_001_000,lmd,mouth,5.589577
6,980.477844,17ef723a912e46713e84fc2b7dd74e23_shot_001_000,sync_d,mouth,8.610052
6,980.477844,17ef723a912e46713e84fc2b7dd74e23_shot_001_000,sync_c,mouth,5.534171
7,976.770691,17ef723a912e46713e84fc2b7dd74e23_shot_001_000,pixel_mse,mouth,0.0241893
7,976.770691,17ef723a912e46713e84fc2b7dd74e23_shot_001_000,pixel_mse,full,0.00768015
7,976.770691,17ef723a912e46713e84fc2b7dd74e23_shot_001_000,ssim,mouth,0.57920367
7,976.770691,17ef723a912e46713e84fc2b7dd74e23_shot_001_000,ssim,full,0.80573696
7,976.770691,17ef723a912e46713e84fc2b7dd74e23_shot_001_000,lpips,mouth,0.32759884
7,976.770691,17ef723a912e46713e84fc2b7dd74e23_shot_001_000,lpips,full,0.21943992
7,976.770691,17ef723a912e46713e84fc2b7dd74e23_shot_001_000,sharpness,mouth,50.7026
7,976.770691,17ef723a912e46713e84fc2b7dd74e23_shot_001_000,lmd,mouth,5.890322
7,976.770691,17ef723a912e46713e84fc2b7dd74e23_shot_001_000,sync_d,mouth,8.468326
7,976.770691,17ef723a912e46713e84fc2b7dd74e23_shot_001_000,sync_c,mouth,5.844998
8,972.912842,17ef723a912e46713e84fc2b7dd74e23_shot_001_000,pixel_mse,mouth,0.02278228
8,972.912842,17ef723a912e46713e84fc2b7dd74e23_shot_001_000,pixel_mse,full,0.00727088
8,972.912842,17ef723a912e46713e84fc2b7dd74e23_shot_001_000,ssim,mouth,0.58638
8,972.912842,17ef723a912e46713e84fc2b7dd74e23_shot_001_000,ssim,full,0.80696303
8,972.912842,17ef723a912e46713e84fc2b7dd74e23_shot_001_000,lpips,mouth,0.3237175
8,972.912842,17ef723a912e46713e84fc2b7dd74e23_shot_001_000,lpips,full,0.21628241
8,972.912842,17ef723a912e46713e84fc2b7dd74e23_shot_001_000,sharpness,mouth,46.6743
8,972.912842,17ef723a912e46713e84fc2b7dd74e23_shot_001_000,lmd,mouth,5.831941
8,972.912842,17ef723a912e46713e84fc2b7dd74e23_shot_001_000,sync_d,mouth,8.103709
8,972.912842,17ef723a912e46713e84fc2b7dd74e23_shot_001_000,sync_c,mouth,6.345207
9,968.895081,17ef723a912e46713e84fc2b7dd74e23_shot_001_000,pixel_mse,mouth,0.02192337
9,968.895081,17ef723a912e46713e84fc2b7dd74e23_shot_001_000,pixel_mse,full,0.00724024
9,968.895081,17ef723a912e46713e84fc2b7dd74e23_shot_001_000,ssim,mouth,0.59050626
9,968.895081,17ef723a912e46713e84fc2b7dd74e23_shot_001_000,ssim,full,0.80590284
9,968.895081,17ef723a912e46713e84fc2b7dd74e23_shot_001_000,lpips,mouth,0.31409976
9,968.895081,17ef723a912e46713e84fc2b7dd74e23_shot_001_000,lpips,full,0.21242554
9,968.895081,17ef723a912e46713e84fc2b7dd74e23_shot_001_000,sharpness,mouth,45.1781
9,968.895081,17ef723a912e46713e84fc2b7dd74e23_shot_001_000,lmd,mouth,5.499622
9,968.895081,17ef723a912e46713e84fc2b7dd74e23_shot_001_000,sync_d,mouth,8.019255
9,968.895081,17ef723a912e46713e84fc2b7dd74e23_shot_001_000,sync_c,mouth,6.438226
10,964.707153,17ef723a912e46713e84fc2b7dd74e23_shot_001_000,pixel_mse,mouth,0.02243634
10,964.707153,17ef723a912e46713e84fc2b7dd74e23_shot_001_000,pixel_mse,full,0.00756386
10,964.707153,17ef723a912e46713e84fc2b7dd74e23_shot_001_000,ssim,mouth,0.58654052
10,964.707153,17ef723a912e46713e84fc2b7dd74e23_shot_001_000,ssim,full,0.80267155
10,964.707153,17ef723a912e46713e84fc2b7dd74e23_shot_001_000,lpips,mouth,0.31350172
10,964.707153,17ef723a912e46713e84fc2b7dd74e23_shot_001_000,lpips,full,0.20832436
10,964.707153,17ef723a912e46713e84fc2b7dd74e23_shot_001_000,sharpness,mouth,45.4748
10,964.707153,17ef723a912e46713e84fc2b7dd74e23_shot_001_000,lmd,mouth,5.513883
10,964.707153,17ef723a912e46713e84fc2b7dd74e23_shot_001_000,sync_d,mouth,7.948699
10,964.707153,17ef723a912e46713e84fc2b7dd74e23_shot_001_000,sync_c,mouth,6.661745
11,960.337952,17ef723a912e46713e84fc2b7dd74e23_shot_001_000,pixel_mse,mouth,0.02376816
11,960.337952,17ef723a912e46713e84fc2b7dd74e23_shot_001_000,pixel_mse,full,0.00823364
11,960.337952,17ef723a912e46713e84fc2b7dd74e23_shot_001_000,ssim,mouth,0.57788444
11,960.337952,17ef723a912e46713e84fc2b7dd74e23_shot_001_000,ssim,full,0.79517978
11,960.337952,17ef723a912e46713e84fc2b7dd74e23_shot_001_000,lpips,mouth,0.31104094
11,960.337952,17ef723a912e46713e84fc2b7dd74e23_shot_001_000,lpips,full,0.20843266
11,960.337952,17ef723a912e46713e84fc2b7dd74e23_shot_001_000,sharpness,mouth,45.5813
11,960.337952,17ef723a912e46713e84fc2b7dd74e23_shot_001_000,lmd,mouth,5.511203
11,960.337952,17ef723a912e46713e84fc2b7dd74e23_shot_001_000,sync_d,mouth,8.360628
11,960.337952,17ef723a912e46713e84fc2b7dd74e23_shot_001_000,sync_c,mouth,6.451315
12,955.775635,17ef723a912e46713e84fc2b7dd74e23_shot_001_000,pixel_mse,mouth,0.03381544
12,955.775635,17ef723a912e46713e84fc2b7dd74e23_shot_001_000,pixel_mse,full,0.01077245
12,955.775635,17ef723a912e46713e84fc2b7dd74e23_shot_001_000,ssim,mouth,0.54422832
12,955.775635,17ef723a912e46713e84fc2b7dd74e23_shot_001_000,ssim,full,0.76974881
12,955.775635,17ef723a912e46713e84fc2b7dd74e23_shot_001_000,lpips,mouth,0.31366852
12,955.775635,17ef723a912e46713e84fc2b7dd74e23_shot_001_000,lpips,full,0.21656418
12,955.775635,17ef723a912e46713e84fc2b7dd74e23_shot_001_000,sharpness,mouth,61.6835
12,955.775635,17ef723a912e46713e84fc2b7dd74e23_shot_001_000,lmd,mouth,4.952079
12,955.775635,17ef723a912e46713e84fc2b7dd74e23_shot_001_000,sync_d,mouth,8.47928
12,955.775635,17ef723a912e46713e84fc2b7dd74e23_shot_001_000,sync_c,mouth,6.55867
13,951.006897,17ef723a912e46713e84fc2b7dd74e23_shot_001_000,pixel_mse,mouth,0.04278469
13,951.006897,17ef723a912e46713e84fc2b7dd74e23_shot_001_000,pixel_mse,full,0.01577551
13,951.006897,17ef723a912e46713e84fc2b7dd74e23_shot_001_000,ssim,mouth,0.5035516
13,951.006897,17ef723a912e46713e84fc2b7dd74e23_shot_001_000,ssim,full,0.73191482
13,951.006897,17ef723a912e46713e84fc2b7dd74e23_shot_001_000,lpips,mouth,0.33090091
13,951.006897,17ef723a912e46713e84fc2b7dd74e23_shot_001_000,lpips,full,0.24788089
13,951.006897,17ef723a912e46713e84fc2b7dd74e23_shot_001_000,sharpness,mouth,73.8919
13,951.006897,17ef723a912e46713e84fc2b7dd74e23_shot_001_000,lmd,mouth,5.00597
13,951.006897,17ef723a912e46713e84fc2b7dd74e23_shot_001_000,sync_d,mouth,8.423771
13,951.006897,17ef723a912e46713e84fc2b7dd74e23_shot_001_000,sync_c,mouth,6.41965
14,946.017517,17ef723a912e46713e84fc2b7dd74e23_shot_001_000,pixel_mse,mouth,0.03399281
14,946.017517,17ef723a912e46713e84fc2b7dd74e23_shot_001_000,pixel_mse,full,0.01271681
14,946.017517,17ef723a912e46713e84fc2b7dd74e23_shot_001_000,ssim,mouth,0.54328489
14,946.017517,17ef723a912e46713e84fc2b7dd74e23_shot_001_000,ssim,full,0.76261342
14,946.017517,17ef723a912e46713e84fc2b7dd74e23_shot_001_000,lpips,mouth,0.31601596
14,946.017517,17ef723a912e46713e84fc2b7dd74e23_shot_001_000,lpips,full,0.22675173
14,946.017517,17ef723a912e46713e84fc2b7dd74e23_shot_001_000,sharpness,mouth,52.8231
14,946.017517,17ef723a912e46713e84fc2b7dd74e23_shot_001_000,lmd,mouth,5.060857
14,946.017517,17ef723a912e46713e84fc2b7dd74e23_shot_001_000,sync_d,mouth,8.494994
14,946.017517,17ef723a912e46713e84fc2b7dd74e23_shot_001_000,sync_c,mouth,6.25446
15,940.791870,17ef723a912e46713e84fc2b7dd74e23_shot_001_000,pixel_mse,mouth,0.02235032
15,940.791870,17ef723a912e46713e84fc2b7dd74e23_shot_001_000,pixel_mse,full,0.00869701
15,940.791870,17ef723a912e46713e84fc2b7dd74e23_shot_001_000,ssim,mouth,0.58978647
15,940.791870,17ef723a912e46713e84fc2b7dd74e23_shot_001_000,ssim,full,0.78430098
15,940.791870,17ef723a912e46713e84fc2b7dd74e23_shot_001_000,lpips,mouth,0.33037472
15,940.791870,17ef723a912e46713e84fc2b7dd74e23_shot_001_000,lpips,full,0.23144738
15,940.791870,17ef723a912e46713e84fc2b7dd74e23_shot_001_000,sharpness,mouth,48.4243
15,940.791870,17ef723a912e46713e84fc2b7dd74e23_shot_001_000,lmd,mouth,5.345217
15,940.791870,17ef723a912e46713e84fc2b7dd74e23_shot_001_000,sync_d,mouth,8.504987
15,940.791870,17ef723a912e46713e84fc2b7dd74e23_shot_001_000,sync_c,mouth,5.850739
16,935.312622,17ef723a912e46713e84fc2b7dd74e23_shot_001_000,pixel_mse,mouth,0.01559021
16,935.312622,17ef723a912e46713e84fc2b7dd74e23_shot_001_000,pixel_mse,full,0.00687114
16,935.312622,17ef723a912e46713e84fc2b7dd74e23_shot_001_000,ssim,mouth,0.63576198
16,935.312622,17ef723a912e46713e84fc2b7dd74e23_shot_001_000,ssim,full,0.79888362
16,935.312622,17ef723a912e46713e84fc2b7dd74e23_shot_001_000,lpips,mouth,0.33679408
16,935.312622,17ef723a912e46713e84fc2b7dd74e23_shot_001_000,lpips,full,0.22399504
16,935.312622,17ef723a912e46713e84fc2b7dd74e23_shot_001_000,sharpness,mouth,32.6594
16,935.312622,17ef723a912e46713e84fc2b7dd74e23_shot_001_000,lmd,mouth,5.887165
16,935.312622,17ef723a912e46713e84fc2b7dd74e23_shot_001_000,sync_d,mouth,8.559063
16,935.312622,17ef723a912e46713e84fc2b7dd74e23_shot_001_000,sync_c,mouth,5.853024
17,929.560913,17ef723a912e46713e84fc2b7dd74e23_shot_001_000,pixel_mse,mouth,0.01579095
17,929.560913,17ef723a912e46713e84fc2b7dd74e23_shot_001_000,pixel_mse,full,0.00633082
17,929.560913,17ef723a912e46713e84fc2b7dd74e23_shot_001_000,ssim,mouth,0.62955558
17,929.560913,17ef723a912e46713e84fc2b7dd74e23_shot_001_000,ssim,full,0.79614729
17,929.560913,17ef723a912e46713e84fc2b7dd74e23_shot_001_000,lpips,mouth,0.34385949
17,929.560913,17ef723a912e46713e84fc2b7dd74e23_shot_001_000,lpips,full,0.22852357
17,929.560913,17ef723a912e46713e84fc2b7dd74e23_shot_001_000,sharpness,mouth,30.3938
17,929.560913,17ef723a912e46713e84fc2b7dd74e23_shot_001_000,lmd,mouth,5.619493
17,929.560913,17ef723a912e46713e84fc2b7dd74e23_shot_001_000,sync_d,mouth,8.624558
17,929.560913,17ef723a912e46713e84fc2b7dd74e23_shot_001_000,sync_c,mouth,5.733195
18,923.515991,17ef723a912e46713e84fc2b7dd74e23_shot_001_000,pixel_mse,mouth,0.01684278
18,923.515991,17ef723a912e46713e84fc2b7dd74e23_shot_001_000,pixel_mse,full,0.0062451
18,923.515991,17ef723a912e46713e84fc2b7dd74e23_shot_001_000,ssim,mouth,0.62564254
18,923.515991,17ef723a912e46713e84fc2b7dd74e23_shot_001_000,ssim,full,0.79961056
18,923.515991,17ef723a912e46713e84fc2b7dd74e23_shot_001_000,lpips,mouth,0.34615126
18,923.515991,17ef723a912e46713e84fc2b7dd74e23_shot_001_000,lpips,full,0.22810952
18,923.515991,17ef723a912e46713e84fc2b7dd74e23_shot_001_000,sharpness,mouth,31.6771
18,923.515991,17ef723a912e46713e84fc2b7dd74e23_shot_001_000,lmd,mouth,5.592824
18,923.515991,17ef723a912e46713e84fc2b7dd74e23_shot_001_000,sync_d,mouth,8.516038
18,923.515991,17ef723a912e46713e84fc2b7dd74e23_shot_001_000,sync_c,mouth,5.869607
19,917.154785,17ef723a912e46713e84fc2b7dd74e23_shot_001_000,pixel_mse,mouth,0.01639352
19,917.154785,17ef723a912e46713e84fc2b7dd74e23_shot_001_000,pixel_mse,full,0.00609211
19,917.154785,17ef723a912e46713e84fc2b7dd74e23_shot_001_000,ssim,mouth,0.62859792
19,917.154785,17ef723a912e46713e84fc2b7dd74e23_shot_001_000,ssim,full,0.80626518
19,917.154785,17ef723a912e46713e84fc2b7dd74e23_shot_001_000,lpips,mouth,0.34668738
19,917.154785,17ef723a912e46713e84fc2b7dd74e23_shot_001_000,lpips,full,0.2264543
19,917.154785,17ef723a912e46713e84fc2b7dd74e23_shot_001_000,sharpness,mouth,32.0946
19,917.154785,17ef723a912e46713e84fc2b7dd74e23_shot_001_000,lmd,mouth,5.727188
19,917.154785,17ef723a912e46713e84fc2b7dd74e23_shot_001_000,sync_d,mouth,8.408868
19,917.154785,17ef723a912e46713e84fc2b7dd74e23_shot_001_000,sync_c,mouth,5.678049
20,910.451721,17ef723a912e46713e84fc2b7dd74e23_shot_001_000,pixel_mse,mouth,0.01633103
20,910.451721,17ef723a912e46713e84fc2b7dd74e23_shot_001_000,pixel_mse,full,0.00621808
20,910.451721,17ef723a912e46713e84fc2b7dd74e23_shot_001_000,ssim,mouth,0.62811387
20,910.451721,17ef723a912e46713e84fc2b7dd74e23_shot_001_000,ssim,full,0.80964822
20,910.451721,17ef723a912e46713e84fc2b7dd74e23_shot_001_000,lpips,mouth,0.3437621
20,910.451721,17ef723a912e46713e84fc2b7dd74e23_shot_001_000,lpips,full,0.22703983
20,910.451721,17ef723a912e46713e84fc2b7dd74e23_shot_001_000,sharpness,mouth,31.9656
20,910.451721,17ef723a912e46713e84fc2b7dd74e23_shot_001_000,lmd,mouth,5.966532
20,910.451721,17ef723a912e46713e84fc2b7dd74e23_shot_001_000,sync_d,mouth,8.127111
20,910.451721,17ef723a912e46713e84fc2b7dd74e23_shot_001_000,sync_c,mouth,6.072561
21,903.378723,17ef723a912e46713e84fc2b7dd74e23_shot_001_000,pixel_mse,mouth,0.01589089
21,903.378723,17ef723a912e46713e84fc2b7dd74e23_shot_001_000,pixel_mse,full,0.00636276
21,903.378723,17ef723a912e46713e84fc2b7dd74e23_shot_001_000,ssim,mouth,0.62726688
21,903.378723,17ef723a912e46713e84fc2b7dd74e23_shot_001_000,ssim,full,0.80863065
21,903.378723,17ef723a912e46713e84fc2b7dd74e23_shot_001_000,lpips,mouth,0.34298116
21,903.378723,17ef723a912e46713e84fc2b7dd74e23_shot_001_000,lpips,full,0.2248081
21,903.378723,17ef723a912e46713e84fc2b7dd74e23_shot_001_000,sharpness,mouth,34.2364
21,903.378723,17ef723a912e46713e84fc2b7dd74e23_shot_001_000,lmd,mouth,5.688408
21,903.378723,17ef723a912e46713e84fc2b7dd74e23_shot_001_000,sync_d,mouth,7.930169
21,903.378723,17ef723a912e46713e84fc2b7dd74e23_shot_001_000,sync_c,mouth,5.993567
22,895.903931,17ef723a912e46713e84fc2b7dd74e23_shot_001_000,pixel_mse,mouth,0.01551009
22,895.903931,17ef723a912e46713e84fc2b7dd74e23_shot_001_000,pixel_mse,full,0.00641598
22,895.903931,17ef723a912e46713e84fc2b7dd74e23_shot_001_000,ssim,mouth,0.62428164
22,895.903931,17ef723a912e46713e84fc2b7dd74e23_shot_001_000,ssim,full,0.80777627
22,895.903931,17ef723a912e46713e84fc2b7dd74e23_shot_001_000,lpips,mouth,0.33973205
22,895.903931,17ef723a912e46713e84fc2b7dd74e23_shot_001_000,lpips,full,0.22586225
22,895.903931,17ef723a912e46713e84fc2b7dd74e23_shot_001_000,sharpness,mouth,39.437
22,895.903931,17ef723a912e46713e84fc2b7dd74e23_shot_001_000,lmd,mouth,5.674009
22,895.903931,17ef723a912e46713e84fc2b7dd74e23_shot_001_000,sync_d,mouth,8.176966
22,895.903931,17ef723a912e46713e84fc2b7dd74e23_shot_001_000,sync_c,mouth,5.872326
23,887.992493,17ef723a912e46713e84fc2b7dd74e23_shot_001_000,pixel_mse,mouth,0.01509548
23,887.992493,17ef723a912e46713e84fc2b7dd74e23_shot_001_000,pixel_mse,full,0.00654988
23,887.992493,17ef723a912e46713e84fc2b7dd74e23_shot_001_000,ssim,mouth,0.6269384
23,887.992493,17ef723a912e46713e84fc2b7dd74e23_shot_001_000,ssim,full,0.80799538
23,887.992493,17ef723a912e46713e84fc2b7dd74e23_shot_001_000,lpips,mouth,0.3454991
23,887.992493,17ef723a912e46713e84fc2b7dd74e23_shot_001_000,lpips,full,0.22821636
23,887.992493,17ef723a912e46713e84fc2b7dd74e23_shot_001_000,sharpness,mouth,39.3586
23,887.992493,17ef723a912e46713e84fc2b7dd74e23_shot_001_000,lmd,mouth,5.497954
23,887.992493,17ef723a912e46713e84fc2b7dd74e23_shot_001_000,sync_d,mouth,7.96337
23,887.992493,17ef723a912e46713e84fc2b7dd74e23_shot_001_000,sync_c,mouth,5.919528
24,879.604736,17ef723a912e46713e84fc2b7dd74e23_shot_001_000,pixel_mse,mouth,0.01516569
24,879.604736,17ef723a912e46713e84fc2b7dd74e23_shot_001_000,pixel_mse,full,0.00668633
24,879.604736,17ef723a912e46713e84fc2b7dd74e23_shot_001_000,ssim,mouth,0.62623137
24,879.604736,17ef723a912e46713e84fc2b7dd74e23_shot_001_000,ssim,full,0.80763006
24,879.604736,17ef723a912e46713e84fc2b7dd74e23_shot_001_000,lpips,mouth,0.3531464
24,879.604736,17ef723a912e46713e84fc2b7dd74e23_shot_001_000,lpips,full,0.23087704
24,879.604736,17ef723a912e46713e84fc2b7dd74e23_shot_001_000,sharpness,mouth,41.3367
24,879.604736,17ef723a912e46713e84fc2b7dd74e23_shot_001_000,lmd,mouth,5.513974
24,879.604736,17ef723a912e46713e84fc2b7dd74e23_shot_001_000,sync_d,mouth,8.347429
24,879.604736,17ef723a912e46713e84fc2b7dd74e23_shot_001_000,sync_c,mouth,5.480083
25,870.696350,17ef723a912e46713e84fc2b7dd74e23_shot_001_000,pixel_mse,mouth,0.01520455
25,870.696350,17ef723a912e46713e84fc2b7dd74e23_shot_001_000,pixel_mse,full,0.00672699
25,870.696350,17ef723a912e46713e84fc2b7dd74e23_shot_001_000,ssim,mouth,0.62727278
25,870.696350,17ef723a912e46713e84fc2b7dd74e23_shot_001_000,ssim,full,0.80728364
25,870.696350,17ef723a912e46713e84fc2b7dd74e23_shot_001_000,lpips,mouth,0.35113299
25,870.696350,17ef723a912e46713e84fc2b7dd74e23_shot_001_000,lpips,full,0.2315347
25,870.696350,17ef723a912e46713e84fc2b7dd74e23_shot_001_000,sharpness,mouth,38.4043
25,870.696350,17ef723a912e46713e84fc2b7dd74e23_shot_001_000,lmd,mouth,5.575567
25,870.696350,17ef723a912e46713e84fc2b7dd74e23_shot_001_000,sync_d,mouth,8.420907
25,870.696350,17ef723a912e46713e84fc2b7dd74e23_shot_001_000,sync_c,mouth,5.516096
26,861.217407,17ef723a912e46713e84fc2b7dd74e23_shot_001_000,pixel_mse,mouth,0.0148324
26,861.217407,17ef723a912e46713e84fc2b7dd74e23_shot_001_000,pixel_mse,full,0.00663144
26,861.217407,17ef723a912e46713e84fc2b7dd74e23_shot_001_000,ssim,mouth,0.62947536
26,861.217407,17ef723a912e46713e84fc2b7dd74e23_shot_001_000,ssim,full,0.80759621
26,861.217407,17ef723a912e46713e84fc2b7dd74e23_shot_001_000,lpips,mouth,0.35328457
26,861.217407,17ef723a912e46713e84fc2b7dd74e23_shot_001_000,lpips,full,0.23316634
26,861.217407,17ef723a912e46713e84fc2b7dd74e23_shot_001_000,sharpness,mouth,37.9673
26,861.217407,17ef723a912e46713e84fc2b7dd74e23_shot_001_000,lmd,mouth,5.660886
26,861.217407,17ef723a912e46713e84fc2b7dd74e23_shot_001_000,sync_d,mouth,8.285219
26,861.217407,17ef723a912e46713e84fc2b7dd74e23_shot_001_000,sync_c,mouth,5.505508
27,851.111145,17ef723a912e46713e84fc2b7dd74e23_shot_001_000,pixel_mse,mouth,0.0143238
27,851.111145,17ef723a912e46713e84fc2b7dd74e23_shot_001_000,pixel_mse,full,0.00649725
27,851.111145,17ef723a912e46713e84fc2b7dd74e23_shot_001_000,ssim,mouth,0.6321457
27,851.111145,17ef723a912e46713e84fc2b7dd74e23_shot_001_000,ssim,full,0.80841196
27,851.111145,17ef723a912e46713e84fc2b7dd74e23_shot_001_000,lpips,mouth,0.35518292
27,851.111145,17ef723a912e46713e84fc2b7dd74e23_shot_001_000,lpips,full,0.23783512
27,851.111145,17ef723a912e46713e84fc2b7dd74e23_shot_001_000,sharpness,mouth,35.6942
27,851.111145,17ef723a912e46713e84fc2b7dd74e23_shot_001_000,lmd,mouth,5.453781
27,851.111145,17ef723a912e46713e84fc2b7dd74e23_shot_001_000,sync_d,mouth,8.28712
27,851.111145,17ef723a912e46713e84fc2b7dd74e23_shot_001_000,sync_c,mouth,5.398879
28,840.313232,17ef723a912e46713e84fc2b7dd74e23_shot_001_000,pixel_mse,mouth,0.01433961
28,840.313232,17ef723a912e46713e84fc2b7dd74e23_shot_001_000,pixel_mse,full,0.00639825
28,840.313232,17ef723a912e46713e84fc2b7dd74e23_shot_001_000,ssim,mouth,0.63149405
28,840.313232,17ef723a912e46713e84fc2b7dd74e23_shot_001_000,ssim,full,0.80873889
28,840.313232,17ef723a912e46713e84fc2b7dd74e23_shot_001_000,lpips,mouth,0.36255568
28,840.313232,17ef723a912e46713e84fc2b7dd74e23_shot_001_000,lpips,full,0.23837796
28,840.313232,17ef723a912e46713e84fc2b7dd74e23_shot_001_000,sharpness,mouth,37.0869
28,840.313232,17ef723a912e46713e84fc2b7dd74e23_shot_001_000,lmd,mouth,5.488795
28,840.313232,17ef723a912e46713e84fc2b7dd74e23_shot_001_000,sync_d,mouth,8.51913
28,840.313232,17ef723a912e46713e84fc2b7dd74e23_shot_001_000,sync_c,mouth,5.222866
29,828.750244,17ef723a912e46713e84fc2b7dd74e23_shot_001_000,pixel_mse,mouth,0.01427286
29,828.750244,17ef723a912e46713e84fc2b7dd74e23_shot_001_000,pixel_mse,full,0.00640057
29,828.750244,17ef723a912e46713e84fc2b7dd74e23_shot_001_000,ssim,mouth,0.63131177
29,828.750244,17ef723a912e46713e84fc2b7dd74e23_shot_001_000,ssim,full,0.80893046
29,828.750244,17ef723a912e46713e84fc2b7dd74e23_shot_001_000,lpips,mouth,0.36629248
29,828.750244,17ef723a912e46713e84fc2b7dd74e23_shot_001_000,lpips,full,0.24056427
29,828.750244,17ef723a912e46713e84fc2b7dd74e23_shot_001_000,sharpness,mouth,39.1211
29,828.750244,17ef723a912e46713e84fc2b7dd74e23_shot_001_000,lmd,mouth,5.575347
29,828.750244,17ef723a912e46713e84fc2b7dd74e23_shot_001_000,sync_d,mouth,8.511018
29,828.750244,17ef723a912e46713e84fc2b7dd74e23_shot_001_000,sync_c,mouth,5.268146
30,816.337830,17ef723a912e46713e84fc2b7dd74e23_shot_001_000,pixel_mse,mouth,0.01455638
30,816.337830,17ef723a912e46713e84fc2b7dd74e23_shot_001_000,pixel_mse,full,0.00636335
30,816.337830,17ef723a912e46713e84fc2b7dd74e23_shot_001_000,ssim,mouth,0.62903541
30,816.337830,17ef723a912e46713e84fc2b7dd74e23_shot_001_000,ssim,full,0.81133193
30,816.337830,17ef723a912e46713e84fc2b7dd74e23_shot_001_000,lpips,mouth,0.37390512
30,816.337830,17ef723a912e46713e84fc2b7dd74e23_shot_001_000,lpips,full,0.24240687
30,816.337830,17ef723a912e46713e84fc2b7dd74e23_shot_001_000,sharpness,mouth,43.1503
30,816.337830,17ef723a912e46713e84fc2b7dd74e23_shot_001_000,lmd,mouth,5.684541
30,816.337830,17ef723a912e46713e84fc2b7dd74e23_shot_001_000,sync_d,mouth,8.359904
30,816.337830,17ef723a912e46713e84fc2b7dd74e23_shot_001_000,sync_c,mouth,5.311795
31,802.978699,17ef723a912e46713e84fc2b7dd74e23_shot_001_000,pixel_mse,mouth,0.01471385
31,802.978699,17ef723a912e46713e84fc2b7dd74e23_shot_001_000,pixel_mse,full,0.00632349
31,802.978699,17ef723a912e46713e84fc2b7dd74e23_shot_001_000,ssim,mouth,0.62412965
31,802.978699,17ef723a912e46713e84fc2b7dd74e23_shot_001_000,ssim,full,0.8134706
31,802.978699,17ef723a912e46713e84fc2b7dd74e23_shot_001_000,lpips,mouth,0.37425753
31,802.978699,17ef723a912e46713e84fc2b7dd74e23_shot_001_000,lpips,full,0.24443506
31,802.978699,17ef723a912e46713e84fc2b7dd74e23_shot_001_000,sharpness,mouth,47.8296
31,802.978699,17ef723a912e46713e84fc2b7dd74e23_shot_001_000,lmd,mouth,5.658539
31,802.978699,17ef723a912e46713e84fc2b7dd74e23_shot_001_000,sync_d,mouth,8.342072
31,802.978699,17ef723a912e46713e84fc2b7dd74e23_shot_001_000,sync_c,mouth,5.207129
32,788.560242,17ef723a912e46713e84fc2b7dd74e23_shot_001_000,pixel_mse,mouth,0.01479304
32,788.560242,17ef723a912e46713e84fc2b7dd74e23_shot_001_000,pixel_mse,full,0.00638333
32,788.560242,17ef723a912e46713e84fc2b7dd74e23_shot_001_000,ssim,mouth,0.62501299
32,788.560242,17ef723a912e46713e84fc2b7dd74e23_shot_001_000,ssim,full,0.81266886
32,788.560242,17ef723a912e46713e84fc2b7dd74e23_shot_001_000,lpips,mouth,0.37252471
32,788.560242,17ef723a912e46713e84fc2b7dd74e23_shot_001_000,lpips,full,0.24777485
32,788.560242,17ef723a912e46713e84fc2b7dd74e23_shot_001_000,sharpness,mouth,47.089
32,788.560242,17ef723a912e46713e84fc2b7dd74e23_shot_001_000,lmd,mouth,5.592973
32,788.560242,17ef723a912e46713e84fc2b7dd74e23_shot_001_000,sync_d,mouth,8.640337
32,788.560242,17ef723a912e46713e84fc2b7dd74e23_shot_001_000,sync_c,mouth,4.756242
33,772.951477,17ef723a912e46713e84fc2b7dd74e23_shot_001_000,pixel_mse,mouth,0.01496864
33,772.951477,17ef723a912e46713e84fc2b7dd74e23_shot_001_000,pixel_mse,full,0.00642473
33,772.951477,17ef723a912e46713e84fc2b7dd74e23_shot_001_000,ssim,mouth,0.62216216
33,772.951477,17ef723a912e46713e84fc2b7dd74e23_shot_001_000,ssim,full,0.81184649
33,772.951477,17ef723a912e46713e84fc2b7dd74e23_shot_001_000,lpips,mouth,0.37398121
33,772.951477,17ef723a912e46713e84fc2b7dd74e23_shot_001_000,lpips,full,0.25122759
33,772.951477,17ef723a912e46713e84fc2b7dd74e23_shot_001_000,sharpness,mouth,44.2298
33,772.951477,17ef723a912e46713e84fc2b7dd74e23_shot_001_000,lmd,mouth,5.572789
33,772.951477,17ef723a912e46713e84fc2b7dd74e23_shot_001_000,sync_d,mouth,8.767322
33,772.951477,17ef723a912e46713e84fc2b7dd74e23_shot_001_000,sync_c,mouth,4.312829
34,755.998352,17ef723a912e46713e84fc2b7dd74e23_shot_001_000,pixel_mse,mouth,0.01561988
34,755.998352,17ef723a912e46713e84fc2b7dd74e23_shot_001_000,pixel_mse,full,0.00660951
34,755.998352,17ef723a912e46713e84fc2b7dd74e23_shot_001_000,ssim,mouth,0.61909628
34,755.998352,17ef723a912e46713e84fc2b7dd74e23_shot_001_000,ssim,full,0.81031454
34,755.998352,17ef723a912e46713e84fc2b7dd74e23_shot_001_000,lpips,mouth,0.38084912
34,755.998352,17ef723a912e46713e84fc2b7dd74e23_shot_001_000,lpips,full,0.25351372
34,755.998352,17ef723a912e46713e84fc2b7dd74e23_shot_001_000,sharpness,mouth,42.2242
34,755.998352,17ef723a912e46713e84fc2b7dd74e23_shot_001_000,lmd,mouth,5.75219
34,755.998352,17ef723a912e46713e84fc2b7dd74e23_shot_001_000,sync_d,mouth,8.724323
34,755.998352,17ef723a912e46713e84fc2b7dd74e23_shot_001_000,sync_c,mouth,4.127957
35,737.519714,17ef723a912e46713e84fc2b7dd74e23_shot_001_000,pixel_mse,mouth,0.01613352
35,737.519714,17ef723a912e46713e84fc2b7dd74e23_shot_001_000,pixel_mse,full,0.00668247
35,737.519714,17ef723a912e46713e84fc2b7dd74e23_shot_001_000,ssim,mouth,0.61762923
35,737.519714,17ef723a912e46713e84fc2b7dd74e23_shot_001_000,ssim,full,0.81029302
35,737.519714,17ef723a912e46713e84fc2b7dd74e23_shot_001_000,lpips,mouth,0.37900114
35,737.519714,17ef723a912e46713e84fc2b7dd74e23_shot_001_000,lpips,full,0.25522372
35,737.519714,17ef723a912e46713e84fc2b7dd74e23_shot_001_000,sharpness,mouth,41.4556
35,737.519714,17ef723a912e46713e84fc2b7dd74e23_shot_001_000,lmd,mouth,5.682434
35,737.519714,17ef723a912e46713e84fc2b7dd74e23_shot_001_000,sync_d,mouth,8.955258
35,737.519714,17ef723a912e46713e84fc2b7dd74e23_shot_001_000,sync_c,mouth,3.851624
36,717.299683,17ef723a912e46713e84fc2b7dd74e23_shot_001_000,pixel_mse,mouth,0.01643111
36,717.299683,17ef723a912e46713e84fc2b7dd74e23_shot_001_000,pixel_mse,full,0.00669159
36,717.299683,17ef723a912e46713e84fc2b7dd74e23_shot_001_000,ssim,mouth,0.61907721
36,717.299683,17ef723a912e46713e84fc2b7dd74e23_shot_001_000,ssim,full,0.80969805
36,717.299683,17ef723a912e46713e84fc2b7dd74e23_shot_001_000,lpips,mouth,0.38232219
36,717.299683,17ef723a912e46713e84fc2b7dd74e23_shot_001_000,lpips,full,0.2566658
36,717.299683,17ef723a912e46713e84fc2b7dd74e23_shot_001_000,sharpness,mouth,38.4926
36,717.299683,17ef723a912e46713e84fc2b7dd74e23_shot_001_000,lmd,mouth,5.519972
36,717.299683,17ef723a912e46713e84fc2b7dd74e23_shot_001_000,sync_d,mouth,9.236743
36,717.299683,17ef723a912e46713e84fc2b7dd74e23_shot_001_000,sync_c,mouth,3.644973
37,695.080139,17ef723a912e46713e84fc2b7dd74e23_shot_001_000,pixel_mse,mouth,0.01619494
37,695.080139,17ef723a912e46713e84fc2b7dd74e23_shot_001_000,pixel_mse,full,0.00666684
37,695.080139,17ef723a912e46713e84fc2b7dd74e23_shot_001_000,ssim,mouth,0.62283087
37,695.080139,17ef723a912e46713e84fc2b7dd74e23_shot_001_000,ssim,full,0.81041944
37,695.080139,17ef723a912e46713e84fc2b7dd74e23_shot_001_000,lpips,mouth,0.38719988
37,695.080139,17ef723a912e46713e84fc2b7dd74e23_shot_001_000,lpips,full,0.26006737
37,695.080139,17ef723a912e46713e84fc2b7dd74e23_shot_001_000,sharpness,mouth,35.5508
37,695.080139,17ef723a912e46713e84fc2b7dd74e23_shot_001_000,lmd,mouth,5.46871
37,695.080139,17ef723a912e46713e84fc2b7dd74e23_shot_001_000,sync_d,mouth,9.048553
37,695.080139,17ef723a912e46713e84fc2b7dd74e23_shot_001_000,sync_c,mouth,3.988338
38,670.548828,17ef723a912e46713e84fc2b7dd74e23_shot_001_000,pixel_mse,mouth,0.01596149
38,670.548828,17ef723a912e46713e84fc2b7dd74e23_shot_001_000,pixel_mse,full,0.00664126
38,670.548828,17ef723a912e46713e84fc2b7dd74e23_shot_001_000,ssim,mouth,0.62413752
38,670.548828,17ef723a912e46713e84fc2b7dd74e23_shot_001_000,ssim,full,0.81022477
38,670.548828,17ef723a912e46713e84fc2b7dd74e23_shot_001_000,lpips,mouth,0.38554409
38,670.548828,17ef723a912e46713e84fc2b7dd74e23_shot_001_000,lpips,full,0.26309311
38,670.548828,17ef723a912e46713e84fc2b7dd74e23_shot_001_000,sharpness,mouth,33.3217
38,670.548828,17ef723a912e46713e84fc2b7dd74e23_shot_001_000,lmd,mouth,5.568071
38,670.548828,17ef723a912e46713e84fc2b7dd74e23_shot_001_000,sync_d,mouth,9.042237
38,670.548828,17ef723a912e46713e84fc2b7dd74e23_shot_001_000,sync_c,mouth,3.929172
39,643.325317,17ef723a912e46713e84fc2b7dd74e23_shot_001_000,pixel_mse,mouth,0.01612789
39,643.325317,17ef723a912e46713e84fc2b7dd74e23_shot_001_000,pixel_mse,full,0.00665052
39,643.325317,17ef723a912e46713e84fc2b7dd74e23_shot_001_000,ssim,mouth,0.62195981
39,643.325317,17ef723a912e46713e84fc2b7dd74e23_shot_001_000,ssim,full,0.80938637
39,643.325317,17ef723a912e46713e84fc2b7dd74e23_shot_001_000,lpips,mouth,0.39306805
39,643.325317,17ef723a912e46713e84fc2b7dd74e23_shot_001_000,lpips,full,0.26609525
39,643.325317,17ef723a912e46713e84fc2b7dd74e23_shot_001_000,sharpness,mouth,34.9847
39,643.325317,17ef723a912e46713e84fc2b7dd74e23_shot_001_000,lmd,mouth,5.836031
39,643.325317,17ef723a912e46713e84fc2b7dd74e23_shot_001_000,sync_d,mouth,9.208091
39,643.325317,17ef723a912e46713e84fc2b7dd74e23_shot_001_000,sync_c,mouth,3.73027
40,612.940735,17ef723a912e46713e84fc2b7dd74e23_shot_001_000,pixel_mse,mouth,0.01696625
40,612.940735,17ef723a912e46713e84fc2b7dd74e23_shot_001_000,pixel_mse,full,0.00676289
40,612.940735,17ef723a912e46713e84fc2b7dd74e23_shot_001_000,ssim,mouth,0.61878055
40,612.940735,17ef723a912e46713e84fc2b7dd74e23_shot_001_000,ssim,full,0.80798113
40,612.940735,17ef723a912e46713e84fc2b7dd74e23_shot_001_000,lpips,mouth,0.39648062
40,612.940735,17ef723a912e46713e84fc2b7dd74e23_shot_001_000,lpips,full,0.2679643
40,612.940735,17ef723a912e46713e84fc2b7dd74e23_shot_001_000,sharpness,mouth,34.6717
40,612.940735,17ef723a912e46713e84fc2b7dd74e23_shot_001_000,lmd,mouth,5.963879
40,612.940735,17ef723a912e46713e84fc2b7dd74e23_shot_001_000,sync_d,mouth,9.267126
40,612.940735,17ef723a912e46713e84fc2b7dd74e23_shot_001_000,sync_c,mouth,3.32184
41,578.810425,17ef723a912e46713e84fc2b7dd74e23_shot_001_000,pixel_mse,mouth,0.01708912
41,578.810425,17ef723a912e46713e84fc2b7dd74e23_shot_001_000,pixel_mse,full,0.00685447
41,578.810425,17ef723a912e46713e84fc2b7dd74e23_shot_001_000,ssim,mouth,0.61462951
41,578.810425,17ef723a912e46713e84fc2b7dd74e23_shot_001_000,ssim,full,0.80534542
41,578.810425,17ef723a912e46713e84fc2b7dd74e23_shot_001_000,lpips,mouth,0.39948988
41,578.810425,17ef723a912e46713e84fc2b7dd74e23_shot_001_000,lpips,full,0.27313036
41,578.810425,17ef723a912e46713e84fc2b7dd74e23_shot_001_000,sharpness,mouth,33.26
41,578.810425,17ef723a912e46713e84fc2b7dd74e23_shot_001_000,lmd,mouth,5.981806
41,578.810425,17ef723a912e46713e84fc2b7dd74e23_shot_001_000,sync_d,mouth,9.728055
41,578.810425,17ef723a912e46713e84fc2b7dd74e23_shot_001_000,sync_c,mouth,2.744967
42,540.196350,17ef723a912e46713e84fc2b7dd74e23_shot_001_000,pixel_mse,mouth,0.0174304
42,540.196350,17ef723a912e46713e84fc2b7dd74e23_shot_001_000,pixel_mse,full,0.00695712
42,540.196350,17ef723a912e46713e84fc2b7dd74e23_shot_001_000,ssim,mouth,0.61856037
42,540.196350,17ef723a912e46713e84fc2b7dd74e23_shot_001_000,ssim,full,0.80312425
42,540.196350,17ef723a912e46713e84fc2b7dd74e23_shot_001_000,lpips,mouth,0.40877274
42,540.196350,17ef723a912e46713e84fc2b7dd74e23_shot_001_000,lpips,full,0.2759189
42,540.196350,17ef723a912e46713e84fc2b7dd74e23_shot_001_000,sharpness,mouth,30.7385
42,540.196350,17ef723a912e46713e84fc2b7dd74e23_shot_001_000,lmd,mouth,6.033079
42,540.196350,17ef723a912e46713e84fc2b7dd74e23_shot_001_000,sync_d,mouth,10.220856
42,540.196350,17ef723a912e46713e84fc2b7dd74e23_shot_001_000,sync_c,mouth,2.046439
43,496.152893,17ef723a912e46713e84fc2b7dd74e23_shot_001_000,pixel_mse,mouth,0.0173504
43,496.152893,17ef723a912e46713e84fc2b7dd74e23_shot_001_000,pixel_mse,full,0.00696592
43,496.152893,17ef723a912e46713e84fc2b7dd74e23_shot_001_000,ssim,mouth,0.6202147
43,496.152893,17ef723a912e46713e84fc2b7dd74e23_shot_001_000,ssim,full,0.80238247
43,496.152893,17ef723a912e46713e84fc2b7dd74e23_shot_001_000,lpips,mouth,0.42468628
43,496.152893,17ef723a912e46713e84fc2b7dd74e23_shot_001_000,lpips,full,0.28147838
43,496.152893,17ef723a912e46713e84fc2b7dd74e23_shot_001_000,sharpness,mouth,31.8225
43,496.152893,17ef723a912e46713e84fc2b7dd74e23_shot_001_000,lmd,mouth,6.14543
43,496.152893,17ef723a912e46713e84fc2b7dd74e23_shot_001_000,sync_d,mouth,10.324021
43,496.152893,17ef723a912e46713e84fc2b7dd74e23_shot_001_000,sync_c,mouth,1.849966
44,445.448151,17ef723a912e46713e84fc2b7dd74e23_shot_001_000,pixel_mse,mouth,0.01779949
44,445.448151,17ef723a912e46713e84fc2b7dd74e23_shot_001_000,pixel_mse,full,0.00706321
44,445.448151,17ef723a912e46713e84fc2b7dd74e23_shot_001_000,ssim,mouth,0.61676329
44,445.448151,17ef723a912e46713e84fc2b7dd74e23_shot_001_000,ssim,full,0.8021422
44,445.448151,17ef723a912e46713e84fc2b7dd74e23_shot_001_000,lpips,mouth,0.43489182
44,445.448151,17ef723a912e46713e84fc2b7dd74e23_shot_001_000,lpips,full,0.28437069
44,445.448151,17ef723a912e46713e84fc2b7dd74e23_shot_001_000,sharpness,mouth,32.8156
44,445.448151,17ef723a912e46713e84fc2b7dd74e23_shot_001_000,lmd,mouth,5.970457
44,445.448151,17ef723a912e46713e84fc2b7dd74e23_shot_001_000,sync_d,mouth,10.457583
44,445.448151,17ef723a912e46713e84fc2b7dd74e23_shot_001_000,sync_c,mouth,1.699945
45,386.447418,17ef723a912e46713e84fc2b7dd74e23_shot_001_000,pixel_mse,mouth,0.01802507
45,386.447418,17ef723a912e46713e84fc2b7dd74e23_shot_001_000,pixel_mse,full,0.00711638
45,386.447418,17ef723a912e46713e84fc2b7dd74e23_shot_001_000,ssim,mouth,0.61796325
45,386.447418,17ef723a912e46713e84fc2b7dd74e23_shot_001_000,ssim,full,0.80145097
45,386.447418,17ef723a912e46713e84fc2b7dd74e23_shot_001_000,lpips,mouth,0.43360081
45,386.447418,17ef723a912e46713e84fc2b7dd74e23_shot_001_000,lpips,full,0.28594387
45,386.447418,17ef723a912e46713e84fc2b7dd74e23_shot_001_000,sharpness,mouth,32.4808
45,386.447418,17ef723a912e46713e84fc2b7dd74e23_shot_001_000,lmd,mouth,6.311223
45,386.447418,17ef723a912e46713e84fc2b7dd74e23_shot_001_000,sync_d,mouth,10.607485
45,386.447418,17ef723a912e46713e84fc2b7dd74e23_shot_001_000,sync_c,mouth,1.485579
46,316.933258,17ef723a912e46713e84fc2b7dd74e23_shot_001_000,pixel_mse,mouth,0.01836191
46,316.933258,17ef723a912e46713e84fc2b7dd74e23_shot_001_000,pixel_mse,full,0.00719927
46,316.933258,17ef723a912e46713e84fc2b7dd74e23_shot_001_000,ssim,mouth,0.6177122
46,316.933258,17ef723a912e46713e84fc2b7dd74e23_shot_001_000,ssim,full,0.80021614
46,316.933258,17ef723a912e46713e84fc2b7dd74e23_shot_001_000,lpips,mouth,0.44001719
46,316.933258,17ef723a912e46713e84fc2b7dd74e23_shot_001_000,lpips,full,0.28639013
46,316.933258,17ef723a912e46713e84fc2b7dd74e23_shot_001_000,sharpness,mouth,32.2765
46,316.933258,17ef723a912e46713e84fc2b7dd74e23_shot_001_000,lmd,mouth,6.454523
46,316.933258,17ef723a912e46713e84fc2b7dd74e23_shot_001_000,sync_d,mouth,10.497955
46,316.933258,17ef723a912e46713e84fc2b7dd74e23_shot_001_000,sync_c,mouth,1.601778
47,233.820694,17ef723a912e46713e84fc2b7dd74e23_shot_001_000,pixel_mse,mouth,0.01872044
47,233.820694,17ef723a912e46713e84fc2b7dd74e23_shot_001_000,pixel_mse,full,0.00733404
47,233.820694,17ef723a912e46713e84fc2b7dd74e23_shot_001_000,ssim,mouth,0.61980516
47,233.820694,17ef723a912e46713e84fc2b7dd74e23_shot_001_000,ssim,full,0.79841697
47,233.820694,17ef723a912e46713e84fc2b7dd74e23_shot_001_000,lpips,mouth,0.44388676
47,233.820694,17ef723a912e46713e84fc2b7dd74e23_shot_001_000,lpips,full,0.28712395
47,233.820694,17ef723a912e46713e84fc2b7dd74e23_shot_001_000,sharpness,mouth,31.7027
47,233.820694,17ef723a912e46713e84fc2b7dd74e23_shot_001_000,lmd,mouth,6.265058
47,233.820694,17ef723a912e46713e84fc2b7dd74e23_shot_001_000,sync_d,mouth,10.298879
47,233.820694,17ef723a912e46713e84fc2b7dd74e23_shot_001_000,sync_c,mouth,1.635703
48,132.687027,17ef723a912e46713e84fc2b7dd74e23_shot_001_000,pixel_mse,mouth,0.01913492
48,132.687027,17ef723a912e46713e84fc2b7dd74e23_shot_001_000,pixel_mse,full,0.00746678
48,132.687027,17ef723a912e46713e84fc2b7dd74e23_shot_001_000,ssim,mouth,0.62043738
48,132.687027,17ef723a912e46713e84fc2b7dd74e23_shot_001_000,ssim,full,0.79546148
48,132.687027,17ef723a912e46713e84fc2b7dd74e23_shot_001_000,lpips,mouth,0.4503687
48,132.687027,17ef723a912e46713e84fc2b7dd74e23_shot_001_000,lpips,full,0.28979468
48,132.687027,17ef723a912e46713e84fc2b7dd74e23_shot_001_000,sharpness,mouth,32.8611
48,132.687027,17ef723a912e46713e84fc2b7dd74e23_shot_001_000,lmd,mouth,6.317
48,132.687027,17ef723a912e46713e84fc2b7dd74e23_shot_001_000,sync_d,mouth,10.362429
48,132.687027,17ef723a912e46713e84fc2b7dd74e23_shot_001_000,sync_c,mouth,1.827494
49,6.958251,17ef723a912e46713e84fc2b7dd74e23_shot_001_000,pixel_mse,mouth,0.01942195
49,6.958251,17ef723a912e46713e84fc2b7dd74e23_shot_001_000,pixel_mse,full,0.00759424
49,6.958251,17ef723a912e46713e84fc2b7dd74e23_shot_001_000,ssim,mouth,0.61815786
49,6.958251,17ef723a912e46713e84fc2b7dd74e23_shot_001_000,ssim,full,0.79030234
49,6.958251,17ef723a912e46713e84fc2b7dd74e23_shot_001_000,lpips,mouth,0.43658409
49,6.958251,17ef723a912e46713e84fc2b7dd74e23_shot_001_000,lpips,full,0.28972194
49,6.958251,17ef723a912e46713e84fc2b7dd74e23_shot_001_000,sharpness,mouth,30.1246
49,6.958251,17ef723a912e46713e84fc2b7dd74e23_shot_001_000,lmd,mouth,6.308134
49,6.958251,17ef723a912e46713e84fc2b7dd74e23_shot_001_000,sync_d,mouth,10.214862
49,6.958251,17ef723a912e46713e84fc2b7dd74e23_shot_001_000,sync_c,mouth,1.801291
-1,gt,59cdb196328a33d4c7b1248b916e5090_shot_001_000,sharpness,mouth,9.6426
-1,gt,59cdb196328a33d4c7b1248b916e5090_shot_001_000,sync_d,mouth,10.239491
-1,gt,59cdb196328a33d4c7b1248b916e5090_shot_001_000,sync_c,mouth,5.128555
0,1000.000000,59cdb196328a33d4c7b1248b916e5090_shot_001_000,pixel_mse,mouth,0.01900152
0,1000.000000,59cdb196328a33d4c7b1248b916e5090_shot_001_000,pixel_mse,full,0.02717506
0,1000.000000,59cdb196328a33d4c7b1248b916e5090_shot_001_000,ssim,mouth,0.6636318
0,1000.000000,59cdb196328a33d4c7b1248b916e5090_shot_001_000,ssim,full,0.6063391
0,1000.000000,59cdb196328a33d4c7b1248b916e5090_shot_001_000,lpips,mouth,0.42280349
0,1000.000000,59cdb196328a33d4c7b1248b916e5090_shot_001_000,lpips,full,0.45223665
0,1000.000000,59cdb196328a33d4c7b1248b916e5090_shot_001_000,sharpness,mouth,6.2588
0,1000.000000,59cdb196328a33d4c7b1248b916e5090_shot_001_000,lmd,mouth,5.211799
0,1000.000000,59cdb196328a33d4c7b1248b916e5090_shot_001_000,sync_d,mouth,11.785069
0,1000.000000,59cdb196328a33d4c7b1248b916e5090_shot_001_000,sync_c,mouth,1.281707
1,997.035706,59cdb196328a33d4c7b1248b916e5090_shot_001_000,pixel_mse,mouth,0.01973476
1,997.035706,59cdb196328a33d4c7b1248b916e5090_shot_001_000,pixel_mse,full,0.02360692
1,997.035706,59cdb196328a33d4c7b1248b916e5090_shot_001_000,ssim,mouth,0.65016139
1,997.035706,59cdb196328a33d4c7b1248b916e5090_shot_001_000,ssim,full,0.64071083
1,997.035706,59cdb196328a33d4c7b1248b916e5090_shot_001_000,lpips,mouth,0.43996602
1,997.035706,59cdb196328a33d4c7b1248b916e5090_shot_001_000,lpips,full,0.45507964
1,997.035706,59cdb196328a33d4c7b1248b916e5090_shot_001_000,sharpness,mouth,5.816
1,997.035706,59cdb196328a33d4c7b1248b916e5090_shot_001_000,lmd,mouth,4.982508
1,997.035706,59cdb196328a33d4c7b1248b916e5090_shot_001_000,sync_d,mouth,11.354625
1,997.035706,59cdb196328a33d4c7b1248b916e5090_shot_001_000,sync_c,mouth,1.31719
2,993.963867,59cdb196328a33d4c7b1248b916e5090_shot_001_000,pixel_mse,mouth,0.0145836
2,993.963867,59cdb196328a33d4c7b1248b916e5090_shot_001_000,pixel_mse,full,0.01955617
2,993.963867,59cdb196328a33d4c7b1248b916e5090_shot_001_000,ssim,mouth,0.66977793
2,993.963867,59cdb196328a33d4c7b1248b916e5090_shot_001_000,ssim,full,0.67791015
2,993.963867,59cdb196328a33d4c7b1248b916e5090_shot_001_000,lpips,mouth,0.43158826
2,993.963867,59cdb196328a33d4c7b1248b916e5090_shot_001_000,lpips,full,0.44598192
2,993.963867,59cdb196328a33d4c7b1248b916e5090_shot_001_000,sharpness,mouth,6.231
2,993.963867,59cdb196328a33d4c7b1248b916e5090_shot_001_000,lmd,mouth,4.398756
2,993.963867,59cdb196328a33d4c7b1248b916e5090_shot_001_000,sync_d,mouth,11.361175
2,993.963867,59cdb196328a33d4c7b1248b916e5090_shot_001_000,sync_c,mouth,1.32871
3,990.779053,59cdb196328a33d4c7b1248b916e5090_shot_001_000,pixel_mse,mouth,0.01298747
3,990.779053,59cdb196328a33d4c7b1248b916e5090_shot_001_000,pixel_mse,full,0.01985737
3,990.779053,59cdb196328a33d4c7b1248b916e5090_shot_001_000,ssim,mouth,0.6800341
3,990.779053,59cdb196328a33d4c7b1248b916e5090_shot_001_000,ssim,full,0.67734301
3,990.779053,59cdb196328a33d4c7b1248b916e5090_shot_001_000,lpips,mouth,0.43128872
3,990.779053,59cdb196328a33d4c7b1248b916e5090_shot_001_000,lpips,full,0.44738841
3,990.779053,59cdb196328a33d4c7b1248b916e5090_shot_001_000,sharpness,mouth,6.4556
3,990.779053,59cdb196328a33d4c7b1248b916e5090_shot_001_000,lmd,mouth,4.700602
3,990.779053,59cdb196328a33d4c7b1248b916e5090_shot_001_000,sync_d,mouth,11.207987
3,990.779053,59cdb196328a33d4c7b1248b916e5090_shot_001_000,sync_c,mouth,1.674266
4,987.474243,59cdb196328a33d4c7b1248b916e5090_shot_001_000,pixel_mse,mouth,0.0141608
4,987.474243,59cdb196328a33d4c7b1248b916e5090_shot_001_000,pixel_mse,full,0.02004076
4,987.474243,59cdb196328a33d4c7b1248b916e5090_shot_001_000,ssim,mouth,0.67234844
4,987.474243,59cdb196328a33d4c7b1248b916e5090_shot_001_000,ssim,full,0.67459834
4,987.474243,59cdb196328a33d4c7b1248b916e5090_shot_001_000,lpips,mouth,0.43252668
4,987.474243,59cdb196328a33d4c7b1248b916e5090_shot_001_000,lpips,full,0.44384101
4,987.474243,59cdb196328a33d4c7b1248b916e5090_shot_001_000,sharpness,mouth,6.5981
4,987.474243,59cdb196328a33d4c7b1248b916e5090_shot_001_000,lmd,mouth,4.623021
4,987.474243,59cdb196328a33d4c7b1248b916e5090_shot_001_000,sync_d,mouth,10.552411
4,987.474243,59cdb196328a33d4c7b1248b916e5090_shot_001_000,sync_c,mouth,2.20908
5,984.043091,59cdb196328a33d4c7b1248b916e5090_shot_001_000,pixel_mse,mouth,0.01453503
5,984.043091,59cdb196328a33d4c7b1248b916e5090_shot_001_000,pixel_mse,full,0.02051916
5,984.043091,59cdb196328a33d4c7b1248b916e5090_shot_001_000,ssim,mouth,0.67201501
5,984.043091,59cdb196328a33d4c7b1248b916e5090_shot_001_000,ssim,full,0.6717847
5,984.043091,59cdb196328a33d4c7b1248b916e5090_shot_001_000,lpips,mouth,0.43617949
5,984.043091,59cdb196328a33d4c7b1248b916e5090_shot_001_000,lpips,full,0.44171566
5,984.043091,59cdb196328a33d4c7b1248b916e5090_shot_001_000,sharpness,mouth,7.1027
5,984.043091,59cdb196328a33d4c7b1248b916e5090_shot_001_000,lmd,mouth,9.320901
5,984.043091,59cdb196328a33d4c7b1248b916e5090_shot_001_000,sync_d,mouth,9.677021
5,984.043091,59cdb196328a33d4c7b1248b916e5090_shot_001_000,sync_c,mouth,3.261131
6,980.477844,59cdb196328a33d4c7b1248b916e5090_shot_001_000,pixel_mse,mouth,0.01674395
6,980.477844,59cdb196328a33d4c7b1248b916e5090_shot_001_000,pixel_mse,full,0.02038073
6,980.477844,59cdb196328a33d4c7b1248b916e5090_shot_001_000,ssim,mouth,0.659949
6,980.477844,59cdb196328a33d4c7b1248b916e5090_shot_001_000,ssim,full,0.67265427
6,980.477844,59cdb196328a33d4c7b1248b916e5090_shot_001_000,lpips,mouth,0.43753076
6,980.477844,59cdb196328a33d4c7b1248b916e5090_shot_001_000,lpips,full,0.43674818
6,980.477844,59cdb196328a33d4c7b1248b916e5090_shot_001_000,sharpness,mouth,6.9436
6,980.477844,59cdb196328a33d4c7b1248b916e5090_shot_001_000,lmd,mouth,8.014263
6,980.477844,59cdb196328a33d4c7b1248b916e5090_shot_001_000,sync_d,mouth,9.837335
6,980.477844,59cdb196328a33d4c7b1248b916e5090_shot_001_000,sync_c,mouth,3.32585
7,976.770691,59cdb196328a33d4c7b1248b916e5090_shot_001_000,pixel_mse,mouth,0.0180293
7,976.770691,59cdb196328a33d4c7b1248b916e5090_shot_001_000,pixel_mse,full,0.02072317
7,976.770691,59cdb196328a33d4c7b1248b916e5090_shot_001_000,ssim,mouth,0.64478439
7,976.770691,59cdb196328a33d4c7b1248b916e5090_shot_001_000,ssim,full,0.66993779
7,976.770691,59cdb196328a33d4c7b1248b916e5090_shot_001_000,lpips,mouth,0.4422386
7,976.770691,59cdb196328a33d4c7b1248b916e5090_shot_001_000,lpips,full,0.43504936
7,976.770691,59cdb196328a33d4c7b1248b916e5090_shot_001_000,sharpness,mouth,7.6149
7,976.770691,59cdb196328a33d4c7b1248b916e5090_shot_001_000,lmd,mouth,5.833095
7,976.770691,59cdb196328a33d4c7b1248b916e5090_shot_001_000,sync_d,mouth,9.039624
7,976.770691,59cdb196328a33d4c7b1248b916e5090_shot_001_000,sync_c,mouth,4.521621
8,972.912842,59cdb196328a33d4c7b1248b916e5090_shot_001_000,pixel_mse,mouth,0.01871264
8,972.912842,59cdb196328a33d4c7b1248b916e5090_shot_001_000,pixel_mse,full,0.02103687
8,972.912842,59cdb196328a33d4c7b1248b916e5090_shot_001_000,ssim,mouth,0.64103866
8,972.912842,59cdb196328a33d4c7b1248b916e5090_shot_001_000,ssim,full,0.66846275
8,972.912842,59cdb196328a33d4c7b1248b916e5090_shot_001_000,lpips,mouth,0.43917814
8,972.912842,59cdb196328a33d4c7b1248b916e5090_shot_001_000,lpips,full,0.43468451
8,972.912842,59cdb196328a33d4c7b1248b916e5090_shot_001_000,sharpness,mouth,8.427
8,972.912842,59cdb196328a33d4c7b1248b916e5090_shot_001_000,lmd,mouth,6.357093
8,972.912842,59cdb196328a33d4c7b1248b916e5090_shot_001_000,sync_d,mouth,8.810632
8,972.912842,59cdb196328a33d4c7b1248b916e5090_shot_001_000,sync_c,mouth,5.108771
9,968.895081,59cdb196328a33d4c7b1248b916e5090_shot_001_000,pixel_mse,mouth,0.01938008
9,968.895081,59cdb196328a33d4c7b1248b916e5090_shot_001_000,pixel_mse,full,0.02119627
9,968.895081,59cdb196328a33d4c7b1248b916e5090_shot_001_000,ssim,mouth,0.62929118
9,968.895081,59cdb196328a33d4c7b1248b916e5090_shot_001_000,ssim,full,0.66534114
9,968.895081,59cdb196328a33d4c7b1248b916e5090_shot_001_000,lpips,mouth,0.43385956
9,968.895081,59cdb196328a33d4c7b1248b916e5090_shot_001_000,lpips,full,0.43291593
9,968.895081,59cdb196328a33d4c7b1248b916e5090_shot_001_000,sharpness,mouth,9.1366
9,968.895081,59cdb196328a33d4c7b1248b916e5090_shot_001_000,lmd,mouth,6.698047
9,968.895081,59cdb196328a33d4c7b1248b916e5090_shot_001_000,sync_d,mouth,8.885503
9,968.895081,59cdb196328a33d4c7b1248b916e5090_shot_001_000,sync_c,mouth,5.01311
10,964.707153,59cdb196328a33d4c7b1248b916e5090_shot_001_000,pixel_mse,mouth,0.01703693
10,964.707153,59cdb196328a33d4c7b1248b916e5090_shot_001_000,pixel_mse,full,0.02055773
10,964.707153,59cdb196328a33d4c7b1248b916e5090_shot_001_000,ssim,mouth,0.63787699
10,964.707153,59cdb196328a33d4c7b1248b916e5090_shot_001_000,ssim,full,0.66996366
10,964.707153,59cdb196328a33d4c7b1248b916e5090_shot_001_000,lpips,mouth,0.42682672
10,964.707153,59cdb196328a33d4c7b1248b916e5090_shot_001_000,lpips,full,0.42873853
10,964.707153,59cdb196328a33d4c7b1248b916e5090_shot_001_000,sharpness,mouth,7.9561
10,964.707153,59cdb196328a33d4c7b1248b916e5090_shot_001_000,lmd,mouth,6.726993
10,964.707153,59cdb196328a33d4c7b1248b916e5090_shot_001_000,sync_d,mouth,8.878793
10,964.707153,59cdb196328a33d4c7b1248b916e5090_shot_001_000,sync_c,mouth,5.250387
11,960.337952,59cdb196328a33d4c7b1248b916e5090_shot_001_000,pixel_mse,mouth,0.01838355
11,960.337952,59cdb196328a33d4c7b1248b916e5090_shot_001_000,pixel_mse,full,0.01951566
11,960.337952,59cdb196328a33d4c7b1248b916e5090_shot_001_000,ssim,mouth,0.6243673
11,960.337952,59cdb196328a33d4c7b1248b916e5090_shot_001_000,ssim,full,0.66962785
11,960.337952,59cdb196328a33d4c7b1248b916e5090_shot_001_000,lpips,mouth,0.41876447
11,960.337952,59cdb196328a33d4c7b1248b916e5090_shot_001_000,lpips,full,0.42542869
11,960.337952,59cdb196328a33d4c7b1248b916e5090_shot_001_000,sharpness,mouth,8.202
11,960.337952,59cdb196328a33d4c7b1248b916e5090_shot_001_000,lmd,mouth,6.986303
11,960.337952,59cdb196328a33d4c7b1248b916e5090_shot_001_000,sync_d,mouth,8.663265
11,960.337952,59cdb196328a33d4c7b1248b916e5090_shot_001_000,sync_c,mouth,5.779905
12,955.775635,59cdb196328a33d4c7b1248b916e5090_shot_001_000,pixel_mse,mouth,0.02287437
12,955.775635,59cdb196328a33d4c7b1248b916e5090_shot_001_000,pixel_mse,full,0.01845691
12,955.775635,59cdb196328a33d4c7b1248b916e5090_shot_001_000,ssim,mouth,0.58778751
12,955.775635,59cdb196328a33d4c7b1248b916e5090_shot_001_000,ssim,full,0.64631528
12,955.775635,59cdb196328a33d4c7b1248b916e5090_shot_001_000,lpips,mouth,0.42131081
12,955.775635,59cdb196328a33d4c7b1248b916e5090_shot_001_000,lpips,full,0.44109181
12,955.775635,59cdb196328a33d4c7b1248b916e5090_shot_001_000,sharpness,mouth,8.7748
12,955.775635,59cdb196328a33d4c7b1248b916e5090_shot_001_000,lmd,mouth,6.876184
12,955.775635,59cdb196328a33d4c7b1248b916e5090_shot_001_000,sync_d,mouth,8.78632
12,955.775635,59cdb196328a33d4c7b1248b916e5090_shot_001_000,sync_c,mouth,5.688596
13,951.006897,59cdb196328a33d4c7b1248b916e5090_shot_001_000,pixel_mse,mouth,0.03396278
13,951.006897,59cdb196328a33d4c7b1248b916e5090_shot_001_000,pixel_mse,full,0.01945941
13,951.006897,59cdb196328a33d4c7b1248b916e5090_shot_001_000,ssim,mouth,0.53890002
13,951.006897,59cdb196328a33d4c7b1248b916e5090_shot_001_000,ssim,full,0.62206787
13,951.006897,59cdb196328a33d4c7b1248b916e5090_shot_001_000,lpips,mouth,0.44191131
13,951.006897,59cdb196328a33d4c7b1248b916e5090_shot_001_000,lpips,full,0.45735583
13,951.006897,59cdb196328a33d4c7b1248b916e5090_shot_001_000,sharpness,mouth,13.3871
13,951.006897,59cdb196328a33d4c7b1248b916e5090_shot_001_000,lmd,mouth,6.565412
13,951.006897,59cdb196328a33d4c7b1248b916e5090_shot_001_000,sync_d,mouth,9.484784
13,951.006897,59cdb196328a33d4c7b1248b916e5090_shot_001_000,sync_c,mouth,5.068211
14,946.017517,59cdb196328a33d4c7b1248b916e5090_shot_001_000,pixel_mse,mouth,0.03526966
14,946.017517,59cdb196328a33d4c7b1248b916e5090_shot_001_000,pixel_mse,full,0.02233697
14,946.017517,59cdb196328a33d4c7b1248b916e5090_shot_001_000,ssim,mouth,0.51713383
14,946.017517,59cdb196328a33d4c7b1248b916e5090_shot_001_000,ssim,full,0.59837353
14,946.017517,59cdb196328a33d4c7b1248b916e5090_shot_001_000,lpips,mouth,0.44989657
14,946.017517,59cdb196328a33d4c7b1248b916e5090_shot_001_000,lpips,full,0.45817411
14,946.017517,59cdb196328a33d4c7b1248b916e5090_shot_001_000,sharpness,mouth,18.891
14,946.017517,59cdb196328a33d4c7b1248b916e5090_shot_001_000,lmd,mouth,6.086202
14,946.017517,59cdb196328a33d4c7b1248b916e5090_shot_001_000,sync_d,mouth,9.719255
14,946.017517,59cdb196328a33d4c7b1248b916e5090_shot_001_000,sync_c,mouth,4.596421
15,940.791870,59cdb196328a33d4c7b1248b916e5090_shot_001_000,pixel_mse,mouth,0.02272615
15,940.791870,59cdb196328a33d4c7b1248b916e5090_shot_001_000,pixel_mse,full,0.02543522
15,940.791870,59cdb196328a33d4c7b1248b916e5090_shot_001_000,ssim,mouth,0.57089895
15,940.791870,59cdb196328a33d4c7b1248b916e5090_shot_001_000,ssim,full,0.6048426
15,940.791870,59cdb196328a33d4c7b1248b916e5090_shot_001_000,lpips,mouth,0.43355674
15,940.791870,59cdb196328a33d4c7b1248b916e5090_shot_001_000,lpips,full,0.44270185
15,940.791870,59cdb196328a33d4c7b1248b916e5090_shot_001_000,sharpness,mouth,11.6365
15,940.791870,59cdb196328a33d4c7b1248b916e5090_shot_001_000,lmd,mouth,5.743886
15,940.791870,59cdb196328a33d4c7b1248b916e5090_shot_001_000,sync_d,mouth,10.202204
15,940.791870,59cdb196328a33d4c7b1248b916e5090_shot_001_000,sync_c,mouth,4.396172
16,935.312622,59cdb196328a33d4c7b1248b916e5090_shot_001_000,pixel_mse,mouth,0.02056689
16,935.312622,59cdb196328a33d4c7b1248b916e5090_shot_001_000,pixel_mse,full,0.02684356
16,935.312622,59cdb196328a33d4c7b1248b916e5090_shot_001_000,ssim,mouth,0.61636925
16,935.312622,59cdb196328a33d4c7b1248b916e5090_shot_001_000,ssim,full,0.61308587
16,935.312622,59cdb196328a33d4c7b1248b916e5090_shot_001_000,lpips,mouth,0.4281618
16,935.312622,59cdb196328a33d4c7b1248b916e5090_shot_001_000,lpips,full,0.44138509
16,935.312622,59cdb196328a33d4c7b1248b916e5090_shot_001_000,sharpness,mouth,9.1822
16,935.312622,59cdb196328a33d4c7b1248b916e5090_shot_001_000,lmd,mouth,5.162839
16,935.312622,59cdb196328a33d4c7b1248b916e5090_shot_001_000,sync_d,mouth,9.924309
16,935.312622,59cdb196328a33d4c7b1248b916e5090_shot_001_000,sync_c,mouth,4.059935
17,929.560913,59cdb196328a33d4c7b1248b916e5090_shot_001_000,pixel_mse,mouth,0.02236044
17,929.560913,59cdb196328a33d4c7b1248b916e5090_shot_001_000,pixel_mse,full,0.02580279
17,929.560913,59cdb196328a33d4c7b1248b916e5090_shot_001_000,ssim,mouth,0.61747944
17,929.560913,59cdb196328a33d4c7b1248b916e5090_shot_001_000,ssim,full,0.61017931
17,929.560913,59cdb196328a33d4c7b1248b916e5090_shot_001_000,lpips,mouth,0.43612453
17,929.560913,59cdb196328a33d4c7b1248b916e5090_shot_001_000,lpips,full,0.4392356
17,929.560913,59cdb196328a33d4c7b1248b916e5090_shot_001_000,sharpness,mouth,9.013
17,929.560913,59cdb196328a33d4c7b1248b916e5090_shot_001_000,lmd,mouth,5.884812
17,929.560913,59cdb196328a33d4c7b1248b916e5090_shot_001_000,sync_d,mouth,10.166637
17,929.560913,59cdb196328a33d4c7b1248b916e5090_shot_001_000,sync_c,mouth,4.073956
18,923.515991,59cdb196328a33d4c7b1248b916e5090_shot_001_000,pixel_mse,mouth,0.02161912
18,923.515991,59cdb196328a33d4c7b1248b916e5090_shot_001_000,pixel_mse,full,0.0255379
18,923.515991,59cdb196328a33d4c7b1248b916e5090_shot_001_000,ssim,mouth,0.61721951
18,923.515991,59cdb196328a33d4c7b1248b916e5090_shot_001_000,ssim,full,0.61728317
18,923.515991,59cdb196328a33d4c7b1248b916e5090_shot_001_000,lpips,mouth,0.43884936
18,923.515991,59cdb196328a33d4c7b1248b916e5090_shot_001_000,lpips,full,0.43956643
18,923.515991,59cdb196328a33d4c7b1248b916e5090_shot_001_000,sharpness,mouth,10.2945
18,923.515991,59cdb196328a33d4c7b1248b916e5090_shot_001_000,lmd,mouth,5.592762
18,923.515991,59cdb196328a33d4c7b1248b916e5090_shot_001_000,sync_d,mouth,9.790047
18,923.515991,59cdb196328a33d4c7b1248b916e5090_shot_001_000,sync_c,mouth,4.18591
19,917.154785,59cdb196328a33d4c7b1248b916e5090_shot_001_000,pixel_mse,mouth,0.02111999
19,917.154785,59cdb196328a33d4c7b1248b916e5090_shot_001_000,pixel_mse,full,0.02546853
19,917.154785,59cdb196328a33d4c7b1248b916e5090_shot_001_000,ssim,mouth,0.61468297
19,917.154785,59cdb196328a33d4c7b1248b916e5090_shot_001_000,ssim,full,0.62309897
19,917.154785,59cdb196328a33d4c7b1248b916e5090_shot_001_000,lpips,mouth,0.42767748
19,917.154785,59cdb196328a33d4c7b1248b916e5090_shot_001_000,lpips,full,0.43742672
19,917.154785,59cdb196328a33d4c7b1248b916e5090_shot_001_000,sharpness,mouth,10.3453
19,917.154785,59cdb196328a33d4c7b1248b916e5090_shot_001_000,lmd,mouth,5.210908
19,917.154785,59cdb196328a33d4c7b1248b916e5090_shot_001_000,sync_d,mouth,9.902942
19,917.154785,59cdb196328a33d4c7b1248b916e5090_shot_001_000,sync_c,mouth,3.718472
20,910.451721,59cdb196328a33d4c7b1248b916e5090_shot_001_000,pixel_mse,mouth,0.01995687
20,910.451721,59cdb196328a33d4c7b1248b916e5090_shot_001_000,pixel_mse,full,0.02580932
20,910.451721,59cdb196328a33d4c7b1248b916e5090_shot_001_000,ssim,mouth,0.63358766
20,910.451721,59cdb196328a33d4c7b1248b916e5090_shot_001_000,ssim,full,0.62977189
20,910.451721,59cdb196328a33d4c7b1248b916e5090_shot_001_000,lpips,mouth,0.41958973
20,910.451721,59cdb196328a33d4c7b1248b916e5090_shot_001_000,lpips,full,0.43592909
20,910.451721,59cdb196328a33d4c7b1248b916e5090_shot_001_000,sharpness,mouth,9.0471
20,910.451721,59cdb196328a33d4c7b1248b916e5090_shot_001_000,lmd,mouth,5.678589
20,910.451721,59cdb196328a33d4c7b1248b916e5090_shot_001_000,sync_d,mouth,9.703264
20,910.451721,59cdb196328a33d4c7b1248b916e5090_shot_001_000,sync_c,mouth,3.553979
21,903.378723,59cdb196328a33d4c7b1248b916e5090_shot_001_000,pixel_mse,mouth,0.01994525
21,903.378723,59cdb196328a33d4c7b1248b916e5090_shot_001_000,pixel_mse,full,0.02593733
21,903.378723,59cdb196328a33d4c7b1248b916e5090_shot_001_000,ssim,mouth,0.63713604
21,903.378723,59cdb196328a33d4c7b1248b916e5090_shot_001_000,ssim,full,0.63100624
21,903.378723,59cdb196328a33d4c7b1248b916e5090_shot_001_000,lpips,mouth,0.4154568
21,903.378723,59cdb196328a33d4c7b1248b916e5090_shot_001_000,lpips,full,0.43507084
21,903.378723,59cdb196328a33d4c7b1248b916e5090_shot_001_000,sharpness,mouth,8.6779
21,903.378723,59cdb196328a33d4c7b1248b916e5090_shot_001_000,lmd,mouth,3.659642
21,903.378723,59cdb196328a33d4c7b1248b916e5090_shot_001_000,sync_d,mouth,9.683566
21,903.378723,59cdb196328a33d4c7b1248b916e5090_shot_001_000,sync_c,mouth,3.846172
22,895.903931,59cdb196328a33d4c7b1248b916e5090_shot_001_000,pixel_mse,mouth,0.01901249
22,895.903931,59cdb196328a33d4c7b1248b916e5090_shot_001_000,pixel_mse,full,0.02559051
22,895.903931,59cdb196328a33d4c7b1248b916e5090_shot_001_000,ssim,mouth,0.64094484
22,895.903931,59cdb196328a33d4c7b1248b916e5090_shot_001_000,ssim,full,0.63573062
22,895.903931,59cdb196328a33d4c7b1248b916e5090_shot_001_000,lpips,mouth,0.41886407
22,895.903931,59cdb196328a33d4c7b1248b916e5090_shot_001_000,lpips,full,0.43504885
22,895.903931,59cdb196328a33d4c7b1248b916e5090_shot_001_000,sharpness,mouth,7.9032
22,895.903931,59cdb196328a33d4c7b1248b916e5090_shot_001_000,lmd,mouth,3.962234
22,895.903931,59cdb196328a33d4c7b1248b916e5090_shot_001_000,sync_d,mouth,9.887406
22,895.903931,59cdb196328a33d4c7b1248b916e5090_shot_001_000,sync_c,mouth,3.625765
23,887.992493,59cdb196328a33d4c7b1248b916e5090_shot_001_000,pixel_mse,mouth,0.01913991
23,887.992493,59cdb196328a33d4c7b1248b916e5090_shot_001_000,pixel_mse,full,0.02579501
23,887.992493,59cdb196328a33d4c7b1248b916e5090_shot_001_000,ssim,mouth,0.64464104
23,887.992493,59cdb196328a33d4c7b1248b916e5090_shot_001_000,ssim,full,0.63825989
23,887.992493,59cdb196328a33d4c7b1248b916e5090_shot_001_000,lpips,mouth,0.42043084
23,887.992493,59cdb196328a33d4c7b1248b916e5090_shot_001_000,lpips,full,0.43487969
23,887.992493,59cdb196328a33d4c7b1248b916e5090_shot_001_000,sharpness,mouth,7.019
23,887.992493,59cdb196328a33d4c7b1248b916e5090_shot_001_000,lmd,mouth,4.135757
23,887.992493,59cdb196328a33d4c7b1248b916e5090_shot_001_000,sync_d,mouth,9.671149
23,887.992493,59cdb196328a33d4c7b1248b916e5090_shot_001_000,sync_c,mouth,3.60425
24,879.604736,59cdb196328a33d4c7b1248b916e5090_shot_001_000,pixel_mse,mouth,0.01870755
24,879.604736,59cdb196328a33d4c7b1248b916e5090_shot_001_000,pixel_mse,full,0.02615301
24,879.604736,59cdb196328a33d4c7b1248b916e5090_shot_001_000,ssim,mouth,0.65568244
24,879.604736,59cdb196328a33d4c7b1248b916e5090_shot_001_000,ssim,full,0.63710374
24,879.604736,59cdb196328a33d4c7b1248b916e5090_shot_001_000,lpips,mouth,0.42162284
24,879.604736,59cdb196328a33d4c7b1248b916e5090_shot_001_000,lpips,full,0.4364332
24,879.604736,59cdb196328a33d4c7b1248b916e5090_shot_001_000,sharpness,mouth,7.0854
24,879.604736,59cdb196328a33d4c7b1248b916e5090_shot_001_000,lmd,mouth,4.892094
24,879.604736,59cdb196328a33d4c7b1248b916e5090_shot_001_000,sync_d,mouth,9.354512
24,879.604736,59cdb196328a33d4c7b1248b916e5090_shot_001_000,sync_c,mouth,4.047651
25,870.696350,59cdb196328a33d4c7b1248b916e5090_shot_001_000,pixel_mse,mouth,0.01884661
25,870.696350,59cdb196328a33d4c7b1248b916e5090_shot_001_000,pixel_mse,full,0.02572613
25,870.696350,59cdb196328a33d4c7b1248b916e5090_shot_001_000,ssim,mouth,0.6567173
25,870.696350,59cdb196328a33d4c7b1248b916e5090_shot_001_000,ssim,full,0.63879412
25,870.696350,59cdb196328a33d4c7b1248b916e5090_shot_001_000,lpips,mouth,0.41700429
25,870.696350,59cdb196328a33d4c7b1248b916e5090_shot_001_000,lpips,full,0.43424243
25,870.696350,59cdb196328a33d4c7b1248b916e5090_shot_001_000,sharpness,mouth,7.1357
25,870.696350,59cdb196328a33d4c7b1248b916e5090_shot_001_000,lmd,mouth,5.342938
25,870.696350,59cdb196328a33d4c7b1248b916e5090_shot_001_000,sync_d,mouth,9.277336
25,870.696350,59cdb196328a33d4c7b1248b916e5090_shot_001_000,sync_c,mouth,4.375031
26,861.217407,59cdb196328a33d4c7b1248b916e5090_shot_001_000,pixel_mse,mouth,0.01997842
26,861.217407,59cdb196328a33d4c7b1248b916e5090_shot_001_000,pixel_mse,full,0.02557275
26,861.217407,59cdb196328a33d4c7b1248b916e5090_shot_001_000,ssim,mouth,0.65227962
26,861.217407,59cdb196328a33d4c7b1248b916e5090_shot_001_000,ssim,full,0.63939631
26,861.217407,59cdb196328a33d4c7b1248b916e5090_shot_001_000,lpips,mouth,0.41873372
26,861.217407,59cdb196328a33d4c7b1248b916e5090_shot_001_000,lpips,full,0.43462995
26,861.217407,59cdb196328a33d4c7b1248b916e5090_shot_001_000,sharpness,mouth,7.2149
26,861.217407,59cdb196328a33d4c7b1248b916e5090_shot_001_000,lmd,mouth,4.764572
26,861.217407,59cdb196328a33d4c7b1248b916e5090_shot_001_000,sync_d,mouth,9.281507
26,861.217407,59cdb196328a33d4c7b1248b916e5090_shot_001_000,sync_c,mouth,4.75985
27,851.111145,59cdb196328a33d4c7b1248b916e5090_shot_001_000,pixel_mse,mouth,0.02046669
27,851.111145,59cdb196328a33d4c7b1248b916e5090_shot_001_000,pixel_mse,full,0.0255684
27,851.111145,59cdb196328a33d4c7b1248b916e5090_shot_001_000,ssim,mouth,0.65073973
27,851.111145,59cdb196328a33d4c7b1248b916e5090_shot_001_000,ssim,full,0.64008927
27,851.111145,59cdb196328a33d4c7b1248b916e5090_shot_001_000,lpips,mouth,0.4182516
27,851.111145,59cdb196328a33d4c7b1248b916e5090_shot_001_000,lpips,full,0.43370908
27,851.111145,59cdb196328a33d4c7b1248b916e5090_shot_001_000,sharpness,mouth,7.1664
27,851.111145,59cdb196328a33d4c7b1248b916e5090_shot_001_000,lmd,mouth,5.054788
27,851.111145,59cdb196328a33d4c7b1248b916e5090_shot_001_000,sync_d,mouth,8.781261
27,851.111145,59cdb196328a33d4c7b1248b916e5090_shot_001_000,sync_c,mouth,4.926466
28,840.313232,59cdb196328a33d4c7b1248b916e5090_shot_001_000,pixel_mse,mouth,0.0195883
28,840.313232,59cdb196328a33d4c7b1248b916e5090_shot_001_000,pixel_mse,full,0.02542049
28,840.313232,59cdb196328a33d4c7b1248b916e5090_shot_001_000,ssim,mouth,0.6568892
28,840.313232,59cdb196328a33d4c7b1248b916e5090_shot_001_000,ssim,full,0.64025348
28,840.313232,59cdb196328a33d4c7b1248b916e5090_shot_001_000,lpips,mouth,0.41644335
28,840.313232,59cdb196328a33d4c7b1248b916e5090_shot_001_000,lpips,full,0.43488622
28,840.313232,59cdb196328a33d4c7b1248b916e5090_shot_001_000,sharpness,mouth,7.0411
28,840.313232,59cdb196328a33d4c7b1248b916e5090_shot_001_000,lmd,mouth,4.890012
28,840.313232,59cdb196328a33d4c7b1248b916e5090_shot_001_000,sync_d,mouth,9.096766
28,840.313232,59cdb196328a33d4c7b1248b916e5090_shot_001_000,sync_c,mouth,4.839341
29,828.750244,59cdb196328a33d4c7b1248b916e5090_shot_001_000,pixel_mse,mouth,0.02030176
29,828.750244,59cdb196328a33d4c7b1248b916e5090_shot_001_000,pixel_mse,full,0.02556831
29,828.750244,59cdb196328a33d4c7b1248b916e5090_shot_001_000,ssim,mouth,0.65345669
29,828.750244,59cdb196328a33d4c7b1248b916e5090_shot_001_000,ssim,full,0.63902032
29,828.750244,59cdb196328a33d4c7b1248b916e5090_shot_001_000,lpips,mouth,0.41526577
29,828.750244,59cdb196328a33d4c7b1248b916e5090_shot_001_000,lpips,full,0.43495786
29,828.750244,59cdb196328a33d4c7b1248b916e5090_shot_001_000,sharpness,mouth,6.9269
29,828.750244,59cdb196328a33d4c7b1248b916e5090_shot_001_000,lmd,mouth,4.924444
29,828.750244,59cdb196328a33d4c7b1248b916e5090_shot_001_000,sync_d,mouth,10.016505
29,828.750244,59cdb196328a33d4c7b1248b916e5090_shot_001_000,sync_c,mouth,3.584311
30,816.337830,59cdb196328a33d4c7b1248b916e5090_shot_001_000,pixel_mse,mouth,0.01997915
30,816.337830,59cdb196328a33d4c7b1248b916e5090_shot_001_000,pixel_mse,full,0.02573184
30,816.337830,59cdb196328a33d4c7b1248b916e5090_shot_001_000,ssim,mouth,0.65444267
30,816.337830,59cdb196328a33d4c7b1248b916e5090_shot_001_000,ssim,full,0.63899267
30,816.337830,59cdb196328a33d4c7b1248b916e5090_shot_001_000,lpips,mouth,0.41242269
30,816.337830,59cdb196328a33d4c7b1248b916e5090_shot_001_000,lpips,full,0.4358553
30,816.337830,59cdb196328a33d4c7b1248b916e5090_shot_001_000,sharpness,mouth,6.8968
30,816.337830,59cdb196328a33d4c7b1248b916e5090_shot_001_000,lmd,mouth,4.746315
30,816.337830,59cdb196328a33d4c7b1248b916e5090_shot_001_000,sync_d,mouth,9.781371
30,816.337830,59cdb196328a33d4c7b1248b916e5090_shot_001_000,sync_c,mouth,3.880305
31,802.978699,59cdb196328a33d4c7b1248b916e5090_shot_001_000,pixel_mse,mouth,0.01982876
31,802.978699,59cdb196328a33d4c7b1248b916e5090_shot_001_000,pixel_mse,full,0.02580502
31,802.978699,59cdb196328a33d4c7b1248b916e5090_shot_001_000,ssim,mouth,0.65721947
31,802.978699,59cdb196328a33d4c7b1248b916e5090_shot_001_000,ssim,full,0.63979274
31,802.978699,59cdb196328a33d4c7b1248b916e5090_shot_001_000,lpips,mouth,0.41516089
31,802.978699,59cdb196328a33d4c7b1248b916e5090_shot_001_000,lpips,full,0.43691123
31,802.978699,59cdb196328a33d4c7b1248b916e5090_shot_001_000,sharpness,mouth,6.779
31,802.978699,59cdb196328a33d4c7b1248b916e5090_shot_001_000,lmd,mouth,5.283639
31,802.978699,59cdb196328a33d4c7b1248b916e5090_shot_001_000,sync_d,mouth,9.871182
31,802.978699,59cdb196328a33d4c7b1248b916e5090_shot_001_000,sync_c,mouth,3.557645
32,788.560242,59cdb196328a33d4c7b1248b916e5090_shot_001_000,pixel_mse,mouth,0.01949467
32,788.560242,59cdb196328a33d4c7b1248b916e5090_shot_001_000,pixel_mse,full,0.02602266
32,788.560242,59cdb196328a33d4c7b1248b916e5090_shot_001_000,ssim,mouth,0.65982807
32,788.560242,59cdb196328a33d4c7b1248b916e5090_shot_001_000,ssim,full,0.6393047
32,788.560242,59cdb196328a33d4c7b1248b916e5090_shot_001_000,lpips,mouth,0.41753438
32,788.560242,59cdb196328a33d4c7b1248b916e5090_shot_001_000,lpips,full,0.43787181
32,788.560242,59cdb196328a33d4c7b1248b916e5090_shot_001_000,sharpness,mouth,6.6529
32,788.560242,59cdb196328a33d4c7b1248b916e5090_shot_001_000,lmd,mouth,4.923269
32,788.560242,59cdb196328a33d4c7b1248b916e5090_shot_001_000,sync_d,mouth,10.038176
32,788.560242,59cdb196328a33d4c7b1248b916e5090_shot_001_000,sync_c,mouth,3.216808
33,772.951477,59cdb196328a33d4c7b1248b916e5090_shot_001_000,pixel_mse,mouth,0.01918561
33,772.951477,59cdb196328a33d4c7b1248b916e5090_shot_001_000,pixel_mse,full,0.02606505
33,772.951477,59cdb196328a33d4c7b1248b916e5090_shot_001_000,ssim,mouth,0.65982753
33,772.951477,59cdb196328a33d4c7b1248b916e5090_shot_001_000,ssim,full,0.63896906
33,772.951477,59cdb196328a33d4c7b1248b916e5090_shot_001_000,lpips,mouth,0.41671109
33,772.951477,59cdb196328a33d4c7b1248b916e5090_shot_001_000,lpips,full,0.43820623
33,772.951477,59cdb196328a33d4c7b1248b916e5090_shot_001_000,sharpness,mouth,6.7011
33,772.951477,59cdb196328a33d4c7b1248b916e5090_shot_001_000,lmd,mouth,5.035365
33,772.951477,59cdb196328a33d4c7b1248b916e5090_shot_001_000,sync_d,mouth,10.227514
33,772.951477,59cdb196328a33d4c7b1248b916e5090_shot_001_000,sync_c,mouth,2.754832
34,755.998352,59cdb196328a33d4c7b1248b916e5090_shot_001_000,pixel_mse,mouth,0.01876054
34,755.998352,59cdb196328a33d4c7b1248b916e5090_shot_001_000,pixel_mse,full,0.02621903
34,755.998352,59cdb196328a33d4c7b1248b916e5090_shot_001_000,ssim,mouth,0.66151339
34,755.998352,59cdb196328a33d4c7b1248b916e5090_shot_001_000,ssim,full,0.6379382
34,755.998352,59cdb196328a33d4c7b1248b916e5090_shot_001_000,lpips,mouth,0.41503191
34,755.998352,59cdb196328a33d4c7b1248b916e5090_shot_001_000,lpips,full,0.44006762
34,755.998352,59cdb196328a33d4c7b1248b916e5090_shot_001_000,sharpness,mouth,6.6985
34,755.998352,59cdb196328a33d4c7b1248b916e5090_shot_001_000,lmd,mouth,5.460187
34,755.998352,59cdb196328a33d4c7b1248b916e5090_shot_001_000,sync_d,mouth,10.236517
34,755.998352,59cdb196328a33d4c7b1248b916e5090_shot_001_000,sync_c,mouth,2.822884
35,737.519714,59cdb196328a33d4c7b1248b916e5090_shot_001_000,pixel_mse,mouth,0.0185006
35,737.519714,59cdb196328a33d4c7b1248b916e5090_shot_001_000,pixel_mse,full,0.02634652
35,737.519714,59cdb196328a33d4c7b1248b916e5090_shot_001_000,ssim,mouth,0.66302782
35,737.519714,59cdb196328a33d4c7b1248b916e5090_shot_001_000,ssim,full,0.63751483
35,737.519714,59cdb196328a33d4c7b1248b916e5090_shot_001_000,lpips,mouth,0.41395107
35,737.519714,59cdb196328a33d4c7b1248b916e5090_shot_001_000,lpips,full,0.44118547
35,737.519714,59cdb196328a33d4c7b1248b916e5090_shot_001_000,sharpness,mouth,6.7121
35,737.519714,59cdb196328a33d4c7b1248b916e5090_shot_001_000,lmd,mouth,4.993724
35,737.519714,59cdb196328a33d4c7b1248b916e5090_shot_001_000,sync_d,mouth,10.099918
35,737.519714,59cdb196328a33d4c7b1248b916e5090_shot_001_000,sync_c,mouth,3.054381
36,717.299683,59cdb196328a33d4c7b1248b916e5090_shot_001_000,pixel_mse,mouth,0.01833725
36,717.299683,59cdb196328a33d4c7b1248b916e5090_shot_001_000,pixel_mse,full,0.02643862
36,717.299683,59cdb196328a33d4c7b1248b916e5090_shot_001_000,ssim,mouth,0.66623449
36,717.299683,59cdb196328a33d4c7b1248b916e5090_shot_001_000,ssim,full,0.6360423
36,717.299683,59cdb196328a33d4c7b1248b916e5090_shot_001_000,lpips,mouth,0.41347003
36,717.299683,59cdb196328a33d4c7b1248b916e5090_shot_001_000,lpips,full,0.44163829
36,717.299683,59cdb196328a33d4c7b1248b916e5090_shot_001_000,sharpness,mouth,6.5906
36,717.299683,59cdb196328a33d4c7b1248b916e5090_shot_001_000,lmd,mouth,4.957656
36,717.299683,59cdb196328a33d4c7b1248b916e5090_shot_001_000,sync_d,mouth,10.007419
36,717.299683,59cdb196328a33d4c7b1248b916e5090_shot_001_000,sync_c,mouth,3.051129
37,695.080139,59cdb196328a33d4c7b1248b916e5090_shot_001_000,pixel_mse,mouth,0.01837941
37,695.080139,59cdb196328a33d4c7b1248b916e5090_shot_001_000,pixel_mse,full,0.02646353
37,695.080139,59cdb196328a33d4c7b1248b916e5090_shot_001_000,ssim,mouth,0.66712087
37,695.080139,59cdb196328a33d4c7b1248b916e5090_shot_001_000,ssim,full,0.63506645
37,695.080139,59cdb196328a33d4c7b1248b916e5090_shot_001_000,lpips,mouth,0.4168731
37,695.080139,59cdb196328a33d4c7b1248b916e5090_shot_001_000,lpips,full,0.44281909
37,695.080139,59cdb196328a33d4c7b1248b916e5090_shot_001_000,sharpness,mouth,6.492
37,695.080139,59cdb196328a33d4c7b1248b916e5090_shot_001_000,lmd,mouth,4.516399
37,695.080139,59cdb196328a33d4c7b1248b916e5090_shot_001_000,sync_d,mouth,9.814527
37,695.080139,59cdb196328a33d4c7b1248b916e5090_shot_001_000,sync_c,mouth,3.111182
38,670.548828,59cdb196328a33d4c7b1248b916e5090_shot_001_000,pixel_mse,mouth,0.01838846
38,670.548828,59cdb196328a33d4c7b1248b916e5090_shot_001_000,pixel_mse,full,0.02651871
38,670.548828,59cdb196328a33d4c7b1248b916e5090_shot_001_000,ssim,mouth,0.66960573
38,670.548828,59cdb196328a33d4c7b1248b916e5090_shot_001_000,ssim,full,0.63401288
38,670.548828,59cdb196328a33d4c7b1248b916e5090_shot_001_000,lpips,mouth,0.41995984
38,670.548828,59cdb196328a33d4c7b1248b916e5090_shot_001_000,lpips,full,0.44361106
38,670.548828,59cdb196328a33d4c7b1248b916e5090_shot_001_000,sharpness,mouth,6.3153
38,670.548828,59cdb196328a33d4c7b1248b916e5090_shot_001_000,lmd,mouth,4.550554
38,670.548828,59cdb196328a33d4c7b1248b916e5090_shot_001_000,sync_d,mouth,10.044933
38,670.548828,59cdb196328a33d4c7b1248b916e5090_shot_001_000,sync_c,mouth,3.303763
39,643.325317,59cdb196328a33d4c7b1248b916e5090_shot_001_000,pixel_mse,mouth,0.01839374
39,643.325317,59cdb196328a33d4c7b1248b916e5090_shot_001_000,pixel_mse,full,0.02647253
39,643.325317,59cdb196328a33d4c7b1248b916e5090_shot_001_000,ssim,mouth,0.67087108
39,643.325317,59cdb196328a33d4c7b1248b916e5090_shot_001_000,ssim,full,0.6338588
39,643.325317,59cdb196328a33d4c7b1248b916e5090_shot_001_000,lpips,mouth,0.42197201
39,643.325317,59cdb196328a33d4c7b1248b916e5090_shot_001_000,lpips,full,0.44379824
39,643.325317,59cdb196328a33d4c7b1248b916e5090_shot_001_000,sharpness,mouth,6.4835
39,643.325317,59cdb196328a33d4c7b1248b916e5090_shot_001_000,lmd,mouth,4.844446
39,643.325317,59cdb196328a33d4c7b1248b916e5090_shot_001_000,sync_d,mouth,10.231944
39,643.325317,59cdb196328a33d4c7b1248b916e5090_shot_001_000,sync_c,mouth,3.242568
40,612.940735,59cdb196328a33d4c7b1248b916e5090_shot_001_000,pixel_mse,mouth,0.01866058
40,612.940735,59cdb196328a33d4c7b1248b916e5090_shot_001_000,pixel_mse,full,0.02658432
40,612.940735,59cdb196328a33d4c7b1248b916e5090_shot_001_000,ssim,mouth,0.67150915
40,612.940735,59cdb196328a33d4c7b1248b916e5090_shot_001_000,ssim,full,0.63253647
40,612.940735,59cdb196328a33d4c7b1248b916e5090_shot_001_000,lpips,mouth,0.4213174
40,612.940735,59cdb196328a33d4c7b1248b916e5090_shot_001_000,lpips,full,0.44394678
40,612.940735,59cdb196328a33d4c7b1248b916e5090_shot_001_000,sharpness,mouth,6.2467
40,612.940735,59cdb196328a33d4c7b1248b916e5090_shot_001_000,lmd,mouth,4.286579
40,612.940735,59cdb196328a33d4c7b1248b916e5090_shot_001_000,sync_d,mouth,10.032653
40,612.940735,59cdb196328a33d4c7b1248b916e5090_shot_001_000,sync_c,mouth,3.434731
41,578.810425,59cdb196328a33d4c7b1248b916e5090_shot_001_000,pixel_mse,mouth,0.01850778
41,578.810425,59cdb196328a33d4c7b1248b916e5090_shot_001_000,pixel_mse,full,0.02656599
41,578.810425,59cdb196328a33d4c7b1248b916e5090_shot_001_000,ssim,mouth,0.67347884
41,578.810425,59cdb196328a33d4c7b1248b916e5090_shot_001_000,ssim,full,0.63091916
41,578.810425,59cdb196328a33d4c7b1248b916e5090_shot_001_000,lpips,mouth,0.42320356
41,578.810425,59cdb196328a33d4c7b1248b916e5090_shot_001_000,lpips,full,0.44573161
41,578.810425,59cdb196328a33d4c7b1248b916e5090_shot_001_000,sharpness,mouth,6.3937
41,578.810425,59cdb196328a33d4c7b1248b916e5090_shot_001_000,lmd,mouth,4.154474
41,578.810425,59cdb196328a33d4c7b1248b916e5090_shot_001_000,sync_d,mouth,10.053639
41,578.810425,59cdb196328a33d4c7b1248b916e5090_shot_001_000,sync_c,mouth,3.328006
42,540.196350,59cdb196328a33d4c7b1248b916e5090_shot_001_000,pixel_mse,mouth,0.01846428
42,540.196350,59cdb196328a33d4c7b1248b916e5090_shot_001_000,pixel_mse,full,0.02652728
42,540.196350,59cdb196328a33d4c7b1248b916e5090_shot_001_000,ssim,mouth,0.67412823
42,540.196350,59cdb196328a33d4c7b1248b916e5090_shot_001_000,ssim,full,0.62950361
42,540.196350,59cdb196328a33d4c7b1248b916e5090_shot_001_000,lpips,mouth,0.4254182
42,540.196350,59cdb196328a33d4c7b1248b916e5090_shot_001_000,lpips,full,0.44581342
42,540.196350,59cdb196328a33d4c7b1248b916e5090_shot_001_000,sharpness,mouth,6.4615
42,540.196350,59cdb196328a33d4c7b1248b916e5090_shot_001_000,lmd,mouth,4.261574
42,540.196350,59cdb196328a33d4c7b1248b916e5090_shot_001_000,sync_d,mouth,10.679407
42,540.196350,59cdb196328a33d4c7b1248b916e5090_shot_001_000,sync_c,mouth,2.817238
43,496.152893,59cdb196328a33d4c7b1248b916e5090_shot_001_000,pixel_mse,mouth,0.01854854
43,496.152893,59cdb196328a33d4c7b1248b916e5090_shot_001_000,pixel_mse,full,0.02652509
43,496.152893,59cdb196328a33d4c7b1248b916e5090_shot_001_000,ssim,mouth,0.67526078
43,496.152893,59cdb196328a33d4c7b1248b916e5090_shot_001_000,ssim,full,0.62818831
43,496.152893,59cdb196328a33d4c7b1248b916e5090_shot_001_000,lpips,mouth,0.42598301
43,496.152893,59cdb196328a33d4c7b1248b916e5090_shot_001_000,lpips,full,0.44643027
43,496.152893,59cdb196328a33d4c7b1248b916e5090_shot_001_000,sharpness,mouth,6.4777
43,496.152893,59cdb196328a33d4c7b1248b916e5090_shot_001_000,lmd,mouth,4.767557
43,496.152893,59cdb196328a33d4c7b1248b916e5090_shot_001_000,sync_d,mouth,11.813331
43,496.152893,59cdb196328a33d4c7b1248b916e5090_shot_001_000,sync_c,mouth,1.814752
44,445.448151,59cdb196328a33d4c7b1248b916e5090_shot_001_000,pixel_mse,mouth,0.01853039
44,445.448151,59cdb196328a33d4c7b1248b916e5090_shot_001_000,pixel_mse,full,0.02656159
44,445.448151,59cdb196328a33d4c7b1248b916e5090_shot_001_000,ssim,mouth,0.67672223
44,445.448151,59cdb196328a33d4c7b1248b916e5090_shot_001_000,ssim,full,0.62729764
44,445.448151,59cdb196328a33d4c7b1248b916e5090_shot_001_000,lpips,mouth,0.4273181
44,445.448151,59cdb196328a33d4c7b1248b916e5090_shot_001_000,lpips,full,0.4461036
44,445.448151,59cdb196328a33d4c7b1248b916e5090_shot_001_000,sharpness,mouth,6.3346
44,445.448151,59cdb196328a33d4c7b1248b916e5090_shot_001_000,lmd,mouth,4.267124
44,445.448151,59cdb196328a33d4c7b1248b916e5090_shot_001_000,sync_d,mouth,11.706027
44,445.448151,59cdb196328a33d4c7b1248b916e5090_shot_001_000,sync_c,mouth,1.909586
45,386.447418,59cdb196328a33d4c7b1248b916e5090_shot_001_000,pixel_mse,mouth,0.01857669
45,386.447418,59cdb196328a33d4c7b1248b916e5090_shot_001_000,pixel_mse,full,0.02664291
45,386.447418,59cdb196328a33d4c7b1248b916e5090_shot_001_000,ssim,mouth,0.67735225
45,386.447418,59cdb196328a33d4c7b1248b916e5090_shot_001_000,ssim,full,0.62546617
45,386.447418,59cdb196328a33d4c7b1248b916e5090_shot_001_000,lpips,mouth,0.42590797
45,386.447418,59cdb196328a33d4c7b1248b916e5090_shot_001_000,lpips,full,0.44675958
45,386.447418,59cdb196328a33d4c7b1248b916e5090_shot_001_000,sharpness,mouth,6.3961
45,386.447418,59cdb196328a33d4c7b1248b916e5090_shot_001_000,lmd,mouth,3.989504
45,386.447418,59cdb196328a33d4c7b1248b916e5090_shot_001_000,sync_d,mouth,11.713578
45,386.447418,59cdb196328a33d4c7b1248b916e5090_shot_001_000,sync_c,mouth,1.827526
46,316.933258,59cdb196328a33d4c7b1248b916e5090_shot_001_000,pixel_mse,mouth,0.01870774
46,316.933258,59cdb196328a33d4c7b1248b916e5090_shot_001_000,pixel_mse,full,0.0267577
46,316.933258,59cdb196328a33d4c7b1248b916e5090_shot_001_000,ssim,mouth,0.67546403
46,316.933258,59cdb196328a33d4c7b1248b916e5090_shot_001_000,ssim,full,0.62345135
46,316.933258,59cdb196328a33d4c7b1248b916e5090_shot_001_000,lpips,mouth,0.42595589
46,316.933258,59cdb196328a33d4c7b1248b916e5090_shot_001_000,lpips,full,0.44797182
46,316.933258,59cdb196328a33d4c7b1248b916e5090_shot_001_000,sharpness,mouth,6.3263
46,316.933258,59cdb196328a33d4c7b1248b916e5090_shot_001_000,lmd,mouth,4.374741
46,316.933258,59cdb196328a33d4c7b1248b916e5090_shot_001_000,sync_d,mouth,11.673935
46,316.933258,59cdb196328a33d4c7b1248b916e5090_shot_001_000,sync_c,mouth,1.82815
47,233.820694,59cdb196328a33d4c7b1248b916e5090_shot_001_000,pixel_mse,mouth,0.01858865
47,233.820694,59cdb196328a33d4c7b1248b916e5090_shot_001_000,pixel_mse,full,0.02688879
47,233.820694,59cdb196328a33d4c7b1248b916e5090_shot_001_000,ssim,mouth,0.67583704
47,233.820694,59cdb196328a33d4c7b1248b916e5090_shot_001_000,ssim,full,0.62153983
47,233.820694,59cdb196328a33d4c7b1248b916e5090_shot_001_000,lpips,mouth,0.42513695
47,233.820694,59cdb196328a33d4c7b1248b916e5090_shot_001_000,lpips,full,0.44824195
47,233.820694,59cdb196328a33d4c7b1248b916e5090_shot_001_000,sharpness,mouth,6.3931
47,233.820694,59cdb196328a33d4c7b1248b916e5090_shot_001_000,lmd,mouth,4.359654
47,233.820694,59cdb196328a33d4c7b1248b916e5090_shot_001_000,sync_d,mouth,12.029643
47,233.820694,59cdb196328a33d4c7b1248b916e5090_shot_001_000,sync_c,mouth,1.44635
48,132.687027,59cdb196328a33d4c7b1248b916e5090_shot_001_000,pixel_mse,mouth,0.0187385
48,132.687027,59cdb196328a33d4c7b1248b916e5090_shot_001_000,pixel_mse,full,0.02699195
48,132.687027,59cdb196328a33d4c7b1248b916e5090_shot_001_000,ssim,mouth,0.67411202
48,132.687027,59cdb196328a33d4c7b1248b916e5090_shot_001_000,ssim,full,0.61996806
48,132.687027,59cdb196328a33d4c7b1248b916e5090_shot_001_000,lpips,mouth,0.42356676
48,132.687027,59cdb196328a33d4c7b1248b916e5090_shot_001_000,lpips,full,0.44933853
48,132.687027,59cdb196328a33d4c7b1248b916e5090_shot_001_000,sharpness,mouth,6.3107
48,132.687027,59cdb196328a33d4c7b1248b916e5090_shot_001_000,lmd,mouth,4.728885
48,132.687027,59cdb196328a33d4c7b1248b916e5090_shot_001_000,sync_d,mouth,12.120919
48,132.687027,59cdb196328a33d4c7b1248b916e5090_shot_001_000,sync_c,mouth,1.297398
49,6.958251,59cdb196328a33d4c7b1248b916e5090_shot_001_000,pixel_mse,mouth,0.0188822
49,6.958251,59cdb196328a33d4c7b1248b916e5090_shot_001_000,pixel_mse,full,0.02705713
49,6.958251,59cdb196328a33d4c7b1248b916e5090_shot_001_000,ssim,mouth,0.66978198
49,6.958251,59cdb196328a33d4c7b1248b916e5090_shot_001_000,ssim,full,0.61740923
49,6.958251,59cdb196328a33d4c7b1248b916e5090_shot_001_000,lpips,mouth,0.41907364
49,6.958251,59cdb196328a33d4c7b1248b916e5090_shot_001_000,lpips,full,0.44794261
49,6.958251,59cdb196328a33d4c7b1248b916e5090_shot_001_000,sharpness,mouth,6.2546
49,6.958251,59cdb196328a33d4c7b1248b916e5090_shot_001_000,lmd,mouth,4.559486
49,6.958251,59cdb196328a33d4c7b1248b916e5090_shot_001_000,sync_d,mouth,11.534723
49,6.958251,59cdb196328a33d4c7b1248b916e5090_shot_001_000,sync_c,mouth,1.537349
-1,gt,1ec7a45d803ab472e7fe5c6625667289_shot_001_000,sharpness,mouth,79.1141
-1,gt,1ec7a45d803ab472e7fe5c6625667289_shot_001_000,sync_d,mouth,9.913376
-1,gt,1ec7a45d803ab472e7fe5c6625667289_shot_001_000,sync_c,mouth,3.789347
0,1000.000000,1ec7a45d803ab472e7fe5c6625667289_shot_001_000,pixel_mse,mouth,0.02813153
0,1000.000000,1ec7a45d803ab472e7fe5c6625667289_shot_001_000,pixel_mse,full,0.01362098
0,1000.000000,1ec7a45d803ab472e7fe5c6625667289_shot_001_000,ssim,mouth,0.38480899
0,1000.000000,1ec7a45d803ab472e7fe5c6625667289_shot_001_000,ssim,full,0.69542599
0,1000.000000,1ec7a45d803ab472e7fe5c6625667289_shot_001_000,lpips,mouth,0.5504272
0,1000.000000,1ec7a45d803ab472e7fe5c6625667289_shot_001_000,lpips,full,0.35086313
0,1000.000000,1ec7a45d803ab472e7fe5c6625667289_shot_001_000,sharpness,mouth,27.7265
0,1000.000000,1ec7a45d803ab472e7fe5c6625667289_shot_001_000,lmd,mouth,3.931979
0,1000.000000,1ec7a45d803ab472e7fe5c6625667289_shot_001_000,sync_d,mouth,9.975699
0,1000.000000,1ec7a45d803ab472e7fe5c6625667289_shot_001_000,sync_c,mouth,1.601253
1,997.035706,1ec7a45d803ab472e7fe5c6625667289_shot_001_000,pixel_mse,mouth,0.02290059
1,997.035706,1ec7a45d803ab472e7fe5c6625667289_shot_001_000,pixel_mse,full,0.0132209
1,997.035706,1ec7a45d803ab472e7fe5c6625667289_shot_001_000,ssim,mouth,0.38739887
1,997.035706,1ec7a45d803ab472e7fe5c6625667289_shot_001_000,ssim,full,0.69844502
1,997.035706,1ec7a45d803ab472e7fe5c6625667289_shot_001_000,lpips,mouth,0.53978634
1,997.035706,1ec7a45d803ab472e7fe5c6625667289_shot_001_000,lpips,full,0.35187939
1,997.035706,1ec7a45d803ab472e7fe5c6625667289_shot_001_000,sharpness,mouth,26.0685
1,997.035706,1ec7a45d803ab472e7fe5c6625667289_shot_001_000,lmd,mouth,4.235283
1,997.035706,1ec7a45d803ab472e7fe5c6625667289_shot_001_000,sync_d,mouth,10.588326
1,997.035706,1ec7a45d803ab472e7fe5c6625667289_shot_001_000,sync_c,mouth,1.119345
2,993.963867,1ec7a45d803ab472e7fe5c6625667289_shot_001_000,pixel_mse,mouth,0.02189878
2,993.963867,1ec7a45d803ab472e7fe5c6625667289_shot_001_000,pixel_mse,full,0.01286568
2,993.963867,1ec7a45d803ab472e7fe5c6625667289_shot_001_000,ssim,mouth,0.39127019
2,993.963867,1ec7a45d803ab472e7fe5c6625667289_shot_001_000,ssim,full,0.70698166
2,993.963867,1ec7a45d803ab472e7fe5c6625667289_shot_001_000,lpips,mouth,0.53513908
2,993.963867,1ec7a45d803ab472e7fe5c6625667289_shot_001_000,lpips,full,0.34696406
2,993.963867,1ec7a45d803ab472e7fe5c6625667289_shot_001_000,sharpness,mouth,23.0546
2,993.963867,1ec7a45d803ab472e7fe5c6625667289_shot_001_000,lmd,mouth,4.361263
2,993.963867,1ec7a45d803ab472e7fe5c6625667289_shot_001_000,sync_d,mouth,10.512645
2,993.963867,1ec7a45d803ab472e7fe5c6625667289_shot_001_000,sync_c,mouth,1.047167
3,990.779053,1ec7a45d803ab472e7fe5c6625667289_shot_001_000,pixel_mse,mouth,0.0216822
3,990.779053,1ec7a45d803ab472e7fe5c6625667289_shot_001_000,pixel_mse,full,0.01391579
3,990.779053,1ec7a45d803ab472e7fe5c6625667289_shot_001_000,ssim,mouth,0.38997242
3,990.779053,1ec7a45d803ab472e7fe5c6625667289_shot_001_000,ssim,full,0.70679748
3,990.779053,1ec7a45d803ab472e7fe5c6625667289_shot_001_000,lpips,mouth,0.52909249
3,990.779053,1ec7a45d803ab472e7fe5c6625667289_shot_001_000,lpips,full,0.34901121
3,990.779053,1ec7a45d803ab472e7fe5c6625667289_shot_001_000,sharpness,mouth,19.6673
3,990.779053,1ec7a45d803ab472e7fe5c6625667289_shot_001_000,lmd,mouth,7.377573
3,990.779053,1ec7a45d803ab472e7fe5c6625667289_shot_001_000,sync_d,mouth,10.094851
3,990.779053,1ec7a45d803ab472e7fe5c6625667289_shot_001_000,sync_c,mouth,1.459632
4,987.474243,1ec7a45d803ab472e7fe5c6625667289_shot_001_000,pixel_mse,mouth,0.02155262
4,987.474243,1ec7a45d803ab472e7fe5c6625667289_shot_001_000,pixel_mse,full,0.0132314
4,987.474243,1ec7a45d803ab472e7fe5c6625667289_shot_001_000,ssim,mouth,0.38347545
4,987.474243,1ec7a45d803ab472e7fe5c6625667289_shot_001_000,ssim,full,0.71016413
4,987.474243,1ec7a45d803ab472e7fe5c6625667289_shot_001_000,lpips,mouth,0.53917187
4,987.474243,1ec7a45d803ab472e7fe5c6625667289_shot_001_000,lpips,full,0.34934622
4,987.474243,1ec7a45d803ab472e7fe5c6625667289_shot_001_000,sharpness,mouth,22.8865
4,987.474243,1ec7a45d803ab472e7fe5c6625667289_shot_001_000,lmd,mouth,6.27002
4,987.474243,1ec7a45d803ab472e7fe5c6625667289_shot_001_000,sync_d,mouth,10.146823
4,987.474243,1ec7a45d803ab472e7fe5c6625667289_shot_001_000,sync_c,mouth,1.084069
5,984.043091,1ec7a45d803ab472e7fe5c6625667289_shot_001_000,pixel_mse,mouth,0.02381279
5,984.043091,1ec7a45d803ab472e7fe5c6625667289_shot_001_000,pixel_mse,full,0.0134769
5,984.043091,1ec7a45d803ab472e7fe5c6625667289_shot_001_000,ssim,mouth,0.3697235
5,984.043091,1ec7a45d803ab472e7fe5c6625667289_shot_001_000,ssim,full,0.70908463
5,984.043091,1ec7a45d803ab472e7fe5c6625667289_shot_001_000,lpips,mouth,0.53129929
5,984.043091,1ec7a45d803ab472e7fe5c6625667289_shot_001_000,lpips,full,0.34445739
5,984.043091,1ec7a45d803ab472e7fe5c6625667289_shot_001_000,sharpness,mouth,22.9778
5,984.043091,1ec7a45d803ab472e7fe5c6625667289_shot_001_000,lmd,mouth,5.507027
5,984.043091,1ec7a45d803ab472e7fe5c6625667289_shot_001_000,sync_d,mouth,10.458406
5,984.043091,1ec7a45d803ab472e7fe5c6625667289_shot_001_000,sync_c,mouth,1.118829
6,980.477844,1ec7a45d803ab472e7fe5c6625667289_shot_001_000,pixel_mse,mouth,0.02812427
6,980.477844,1ec7a45d803ab472e7fe5c6625667289_shot_001_000,pixel_mse,full,0.01450109
6,980.477844,1ec7a45d803ab472e7fe5c6625667289_shot_001_000,ssim,mouth,0.34867045
6,980.477844,1ec7a45d803ab472e7fe5c6625667289_shot_001_000,ssim,full,0.70370001
6,980.477844,1ec7a45d803ab472e7fe5c6625667289_shot_001_000,lpips,mouth,0.51224536
6,980.477844,1ec7a45d803ab472e7fe5c6625667289_shot_001_000,lpips,full,0.34239182
6,980.477844,1ec7a45d803ab472e7fe5c6625667289_shot_001_000,sharpness,mouth,18.939
6,980.477844,1ec7a45d803ab472e7fe5c6625667289_shot_001_000,lmd,mouth,5.282355
6,980.477844,1ec7a45d803ab472e7fe5c6625667289_shot_001_000,sync_d,mouth,10.625741
6,980.477844,1ec7a45d803ab472e7fe5c6625667289_shot_001_000,sync_c,mouth,1.183751
7,976.770691,1ec7a45d803ab472e7fe5c6625667289_shot_001_000,pixel_mse,mouth,0.03251786
7,976.770691,1ec7a45d803ab472e7fe5c6625667289_shot_001_000,pixel_mse,full,0.01521694
7,976.770691,1ec7a45d803ab472e7fe5c6625667289_shot_001_000,ssim,mouth,0.32528827
7,976.770691,1ec7a45d803ab472e7fe5c6625667289_shot_001_000,ssim,full,0.69907719
7,976.770691,1ec7a45d803ab472e7fe5c6625667289_shot_001_000,lpips,mouth,0.49012059
7,976.770691,1ec7a45d803ab472e7fe5c6625667289_shot_001_000,lpips,full,0.33796513
7,976.770691,1ec7a45d803ab472e7fe5c6625667289_shot_001_000,sharpness,mouth,17.9249
7,976.770691,1ec7a45d803ab472e7fe5c6625667289_shot_001_000,lmd,mouth,5.938863
7,976.770691,1ec7a45d803ab472e7fe5c6625667289_shot_001_000,sync_d,mouth,11.259085
7,976.770691,1ec7a45d803ab472e7fe5c6625667289_shot_001_000,sync_c,mouth,0.901321
8,972.912842,1ec7a45d803ab472e7fe5c6625667289_shot_001_000,pixel_mse,mouth,0.03584488
8,972.912842,1ec7a45d803ab472e7fe5c6625667289_shot_001_000,pixel_mse,full,0.01552959
8,972.912842,1ec7a45d803ab472e7fe5c6625667289_shot_001_000,ssim,mouth,0.31056482
8,972.912842,1ec7a45d803ab472e7fe5c6625667289_shot_001_000,ssim,full,0.69714075
8,972.912842,1ec7a45d803ab472e7fe5c6625667289_shot_001_000,lpips,mouth,0.47931719
8,972.912842,1ec7a45d803ab472e7fe5c6625667289_shot_001_000,lpips,full,0.33523366
8,972.912842,1ec7a45d803ab472e7fe5c6625667289_shot_001_000,sharpness,mouth,19.3403
8,972.912842,1ec7a45d803ab472e7fe5c6625667289_shot_001_000,lmd,mouth,5.729611
8,972.912842,1ec7a45d803ab472e7fe5c6625667289_shot_001_000,sync_d,mouth,10.637539
8,972.912842,1ec7a45d803ab472e7fe5c6625667289_shot_001_000,sync_c,mouth,1.101424
9,968.895081,1ec7a45d803ab472e7fe5c6625667289_shot_001_000,pixel_mse,mouth,0.03500135
9,968.895081,1ec7a45d803ab472e7fe5c6625667289_shot_001_000,pixel_mse,full,0.01554393
9,968.895081,1ec7a45d803ab472e7fe5c6625667289_shot_001_000,ssim,mouth,0.31639841
9,968.895081,1ec7a45d803ab472e7fe5c6625667289_shot_001_000,ssim,full,0.69957072
9,968.895081,1ec7a45d803ab472e7fe5c6625667289_shot_001_000,lpips,mouth,0.48238745
9,968.895081,1ec7a45d803ab472e7fe5c6625667289_shot_001_000,lpips,full,0.33115909
9,968.895081,1ec7a45d803ab472e7fe5c6625667289_shot_001_000,sharpness,mouth,21.1494
9,968.895081,1ec7a45d803ab472e7fe5c6625667289_shot_001_000,lmd,mouth,5.913449
9,968.895081,1ec7a45d803ab472e7fe5c6625667289_shot_001_000,sync_d,mouth,10.800223
9,968.895081,1ec7a45d803ab472e7fe5c6625667289_shot_001_000,sync_c,mouth,0.879789
10,964.707153,1ec7a45d803ab472e7fe5c6625667289_shot_001_000,pixel_mse,mouth,0.03123816
10,964.707153,1ec7a45d803ab472e7fe5c6625667289_shot_001_000,pixel_mse,full,0.01514486
10,964.707153,1ec7a45d803ab472e7fe5c6625667289_shot_001_000,ssim,mouth,0.34241492
10,964.707153,1ec7a45d803ab472e7fe5c6625667289_shot_001_000,ssim,full,0.70284218
10,964.707153,1ec7a45d803ab472e7fe5c6625667289_shot_001_000,lpips,mouth,0.49266687
10,964.707153,1ec7a45d803ab472e7fe5c6625667289_shot_001_000,lpips,full,0.32866594
10,964.707153,1ec7a45d803ab472e7fe5c6625667289_shot_001_000,sharpness,mouth,20.437
10,964.707153,1ec7a45d803ab472e7fe5c6625667289_shot_001_000,lmd,mouth,6.371875
10,964.707153,1ec7a45d803ab472e7fe5c6625667289_shot_001_000,sync_d,mouth,11.009596
10,964.707153,1ec7a45d803ab472e7fe5c6625667289_shot_001_000,sync_c,mouth,1.039017
11,960.337952,1ec7a45d803ab472e7fe5c6625667289_shot_001_000,pixel_mse,mouth,0.03455828
11,960.337952,1ec7a45d803ab472e7fe5c6625667289_shot_001_000,pixel_mse,full,0.0149831
11,960.337952,1ec7a45d803ab472e7fe5c6625667289_shot_001_000,ssim,mouth,0.33283854
11,960.337952,1ec7a45d803ab472e7fe5c6625667289_shot_001_000,ssim,full,0.70030081
11,960.337952,1ec7a45d803ab472e7fe5c6625667289_shot_001_000,lpips,mouth,0.48148373
11,960.337952,1ec7a45d803ab472e7fe5c6625667289_shot_001_000,lpips,full,0.32188395
11,960.337952,1ec7a45d803ab472e7fe5c6625667289_shot_001_000,sharpness,mouth,17.6655
11,960.337952,1ec7a45d803ab472e7fe5c6625667289_shot_001_000,lmd,mouth,5.178156
11,960.337952,1ec7a45d803ab472e7fe5c6625667289_shot_001_000,sync_d,mouth,10.479062
11,960.337952,1ec7a45d803ab472e7fe5c6625667289_shot_001_000,sync_c,mouth,1.574967
12,955.775635,1ec7a45d803ab472e7fe5c6625667289_shot_001_000,pixel_mse,mouth,0.04593382
12,955.775635,1ec7a45d803ab472e7fe5c6625667289_shot_001_000,pixel_mse,full,0.01647856
12,955.775635,1ec7a45d803ab472e7fe5c6625667289_shot_001_000,ssim,mouth,0.2630586
12,955.775635,1ec7a45d803ab472e7fe5c6625667289_shot_001_000,ssim,full,0.68996578
12,955.775635,1ec7a45d803ab472e7fe5c6625667289_shot_001_000,lpips,mouth,0.47287449
12,955.775635,1ec7a45d803ab472e7fe5c6625667289_shot_001_000,lpips,full,0.31814635
12,955.775635,1ec7a45d803ab472e7fe5c6625667289_shot_001_000,sharpness,mouth,22.9528
12,955.775635,1ec7a45d803ab472e7fe5c6625667289_shot_001_000,lmd,mouth,4.00969
12,955.775635,1ec7a45d803ab472e7fe5c6625667289_shot_001_000,sync_d,mouth,10.016586
12,955.775635,1ec7a45d803ab472e7fe5c6625667289_shot_001_000,sync_c,mouth,1.712285
13,951.006897,1ec7a45d803ab472e7fe5c6625667289_shot_001_000,pixel_mse,mouth,0.05234095
13,951.006897,1ec7a45d803ab472e7fe5c6625667289_shot_001_000,pixel_mse,full,0.01765
13,951.006897,1ec7a45d803ab472e7fe5c6625667289_shot_001_000,ssim,mouth,0.23626998
13,951.006897,1ec7a45d803ab472e7fe5c6625667289_shot_001_000,ssim,full,0.68513298
13,951.006897,1ec7a45d803ab472e7fe5c6625667289_shot_001_000,lpips,mouth,0.47373104
13,951.006897,1ec7a45d803ab472e7fe5c6625667289_shot_001_000,lpips,full,0.31709588
13,951.006897,1ec7a45d803ab472e7fe5c6625667289_shot_001_000,sharpness,mouth,22.7107
13,951.006897,1ec7a45d803ab472e7fe5c6625667289_shot_001_000,lmd,mouth,3.908061
13,951.006897,1ec7a45d803ab472e7fe5c6625667289_shot_001_000,sync_d,mouth,9.455573
13,951.006897,1ec7a45d803ab472e7fe5c6625667289_shot_001_000,sync_c,mouth,2.284438
14,946.017517,1ec7a45d803ab472e7fe5c6625667289_shot_001_000,pixel_mse,mouth,0.05032433
14,946.017517,1ec7a45d803ab472e7fe5c6625667289_shot_001_000,pixel_mse,full,0.01816953
14,946.017517,1ec7a45d803ab472e7fe5c6625667289_shot_001_000,ssim,mouth,0.24894004
14,946.017517,1ec7a45d803ab472e7fe5c6625667289_shot_001_000,ssim,full,0.68077469
14,946.017517,1ec7a45d803ab472e7fe5c6625667289_shot_001_000,lpips,mouth,0.47263765
14,946.017517,1ec7a45d803ab472e7fe5c6625667289_shot_001_000,lpips,full,0.32043183
14,946.017517,1ec7a45d803ab472e7fe5c6625667289_shot_001_000,sharpness,mouth,17.5846
14,946.017517,1ec7a45d803ab472e7fe5c6625667289_shot_001_000,lmd,mouth,4.125933
14,946.017517,1ec7a45d803ab472e7fe5c6625667289_shot_001_000,sync_d,mouth,9.800121
14,946.017517,1ec7a45d803ab472e7fe5c6625667289_shot_001_000,sync_c,mouth,1.884211
15,940.791870,1ec7a45d803ab472e7fe5c6625667289_shot_001_000,pixel_mse,mouth,0.02482003
15,940.791870,1ec7a45d803ab472e7fe5c6625667289_shot_001_000,pixel_mse,full,0.01371815
15,940.791870,1ec7a45d803ab472e7fe5c6625667289_shot_001_000,ssim,mouth,0.36954105
15,940.791870,1ec7a45d803ab472e7fe5c6625667289_shot_001_000,ssim,full,0.70918465
15,940.791870,1ec7a45d803ab472e7fe5c6625667289_shot_001_000,lpips,mouth,0.49552691
15,940.791870,1ec7a45d803ab472e7fe5c6625667289_shot_001_000,lpips,full,0.33566254
15,940.791870,1ec7a45d803ab472e7fe5c6625667289_shot_001_000,sharpness,mouth,20.1401
15,940.791870,1ec7a45d803ab472e7fe5c6625667289_shot_001_000,lmd,mouth,5.386936
15,940.791870,1ec7a45d803ab472e7fe5c6625667289_shot_001_000,sync_d,mouth,10.229135
15,940.791870,1ec7a45d803ab472e7fe5c6625667289_shot_001_000,sync_c,mouth,0.489673
16,935.312622,1ec7a45d803ab472e7fe5c6625667289_shot_001_000,pixel_mse,mouth,0.02537937
16,935.312622,1ec7a45d803ab472e7fe5c6625667289_shot_001_000,pixel_mse,full,0.01266173
16,935.312622,1ec7a45d803ab472e7fe5c6625667289_shot_001_000,ssim,mouth,0.36808541
16,935.312622,1ec7a45d803ab472e7fe5c6625667289_shot_001_000,ssim,full,0.71536827
16,935.312622,1ec7a45d803ab472e7fe5c6625667289_shot_001_000,lpips,mouth,0.50441843
16,935.312622,1ec7a45d803ab472e7fe5c6625667289_shot_001_000,lpips,full,0.34093428
16,935.312622,1ec7a45d803ab472e7fe5c6625667289_shot_001_000,sharpness,mouth,31.1464
16,935.312622,1ec7a45d803ab472e7fe5c6625667289_shot_001_000,lmd,mouth,3.158972
16,935.312622,1ec7a45d803ab472e7fe5c6625667289_shot_001_000,sync_d,mouth,9.910001
16,935.312622,1ec7a45d803ab472e7fe5c6625667289_shot_001_000,sync_c,mouth,1.445645
17,929.560913,1ec7a45d803ab472e7fe5c6625667289_shot_001_000,pixel_mse,mouth,0.02719648
17,929.560913,1ec7a45d803ab472e7fe5c6625667289_shot_001_000,pixel_mse,full,0.01255525
17,929.560913,1ec7a45d803ab472e7fe5c6625667289_shot_001_000,ssim,mouth,0.36234346
17,929.560913,1ec7a45d803ab472e7fe5c6625667289_shot_001_000,ssim,full,0.70871168
17,929.560913,1ec7a45d803ab472e7fe5c6625667289_shot_001_000,lpips,mouth,0.52344394
17,929.560913,1ec7a45d803ab472e7fe5c6625667289_shot_001_000,lpips,full,0.34619111
17,929.560913,1ec7a45d803ab472e7fe5c6625667289_shot_001_000,sharpness,mouth,32.6882
17,929.560913,1ec7a45d803ab472e7fe5c6625667289_shot_001_000,lmd,mouth,2.789378
17,929.560913,1ec7a45d803ab472e7fe5c6625667289_shot_001_000,sync_d,mouth,10.737131
17,929.560913,1ec7a45d803ab472e7fe5c6625667289_shot_001_000,sync_c,mouth,1.136959
18,923.515991,1ec7a45d803ab472e7fe5c6625667289_shot_001_000,pixel_mse,mouth,0.02557839
18,923.515991,1ec7a45d803ab472e7fe5c6625667289_shot_001_000,pixel_mse,full,0.0127348
18,923.515991,1ec7a45d803ab472e7fe5c6625667289_shot_001_000,ssim,mouth,0.36954707
18,923.515991,1ec7a45d803ab472e7fe5c6625667289_shot_001_000,ssim,full,0.71253693
18,923.515991,1ec7a45d803ab472e7fe5c6625667289_shot_001_000,lpips,mouth,0.51323849
18,923.515991,1ec7a45d803ab472e7fe5c6625667289_shot_001_000,lpips,full,0.34227046
18,923.515991,1ec7a45d803ab472e7fe5c6625667289_shot_001_000,sharpness,mouth,24.5492
18,923.515991,1ec7a45d803ab472e7fe5c6625667289_shot_001_000,lmd,mouth,5.485318
18,923.515991,1ec7a45d803ab472e7fe5c6625667289_shot_001_000,sync_d,mouth,10.753387
18,923.515991,1ec7a45d803ab472e7fe5c6625667289_shot_001_000,sync_c,mouth,0.630326
19,917.154785,1ec7a45d803ab472e7fe5c6625667289_shot_001_000,pixel_mse,mouth,0.02472239
19,917.154785,1ec7a45d803ab472e7fe5c6625667289_shot_001_000,pixel_mse,full,0.01288487
19,917.154785,1ec7a45d803ab472e7fe5c6625667289_shot_001_000,ssim,mouth,0.38207123
19,917.154785,1ec7a45d803ab472e7fe5c6625667289_shot_001_000,ssim,full,0.70948404
19,917.154785,1ec7a45d803ab472e7fe5c6625667289_shot_001_000,lpips,mouth,0.53340513
19,917.154785,1ec7a45d803ab472e7fe5c6625667289_shot_001_000,lpips,full,0.34872746
19,917.154785,1ec7a45d803ab472e7fe5c6625667289_shot_001_000,sharpness,mouth,23.5148
19,917.154785,1ec7a45d803ab472e7fe5c6625667289_shot_001_000,lmd,mouth,3.897906
19,917.154785,1ec7a45d803ab472e7fe5c6625667289_shot_001_000,sync_d,mouth,10.677176
19,917.154785,1ec7a45d803ab472e7fe5c6625667289_shot_001_000,sync_c,mouth,0.59476
20,910.451721,1ec7a45d803ab472e7fe5c6625667289_shot_001_000,pixel_mse,mouth,0.02660687
20,910.451721,1ec7a45d803ab472e7fe5c6625667289_shot_001_000,pixel_mse,full,0.01313131
20,910.451721,1ec7a45d803ab472e7fe5c6625667289_shot_001_000,ssim,mouth,0.37741619
20,910.451721,1ec7a45d803ab472e7fe5c6625667289_shot_001_000,ssim,full,0.70964336
20,910.451721,1ec7a45d803ab472e7fe5c6625667289_shot_001_000,lpips,mouth,0.5384841
20,910.451721,1ec7a45d803ab472e7fe5c6625667289_shot_001_000,lpips,full,0.34670982
20,910.451721,1ec7a45d803ab472e7fe5c6625667289_shot_001_000,sharpness,mouth,22.3123
20,910.451721,1ec7a45d803ab472e7fe5c6625667289_shot_001_000,lmd,mouth,3.528841
20,910.451721,1ec7a45d803ab472e7fe5c6625667289_shot_001_000,sync_d,mouth,10.153728
20,910.451721,1ec7a45d803ab472e7fe5c6625667289_shot_001_000,sync_c,mouth,1.100467
21,903.378723,1ec7a45d803ab472e7fe5c6625667289_shot_001_000,pixel_mse,mouth,0.02785615
21,903.378723,1ec7a45d803ab472e7fe5c6625667289_shot_001_000,pixel_mse,full,0.01319318
21,903.378723,1ec7a45d803ab472e7fe5c6625667289_shot_001_000,ssim,mouth,0.37941942
21,903.378723,1ec7a45d803ab472e7fe5c6625667289_shot_001_000,ssim,full,0.70638227
21,903.378723,1ec7a45d803ab472e7fe5c6625667289_shot_001_000,lpips,mouth,0.54149532
21,903.378723,1ec7a45d803ab472e7fe5c6625667289_shot_001_000,lpips,full,0.34479141
21,903.378723,1ec7a45d803ab472e7fe5c6625667289_shot_001_000,sharpness,mouth,22.3438
21,903.378723,1ec7a45d803ab472e7fe5c6625667289_shot_001_000,lmd,mouth,3.281085
21,903.378723,1ec7a45d803ab472e7fe5c6625667289_shot_001_000,sync_d,mouth,10.623333
21,903.378723,1ec7a45d803ab472e7fe5c6625667289_shot_001_000,sync_c,mouth,0.966505
22,895.903931,1ec7a45d803ab472e7fe5c6625667289_shot_001_000,pixel_mse,mouth,0.02940981
22,895.903931,1ec7a45d803ab472e7fe5c6625667289_shot_001_000,pixel_mse,full,0.01380908
22,895.903931,1ec7a45d803ab472e7fe5c6625667289_shot_001_000,ssim,mouth,0.37714279
22,895.903931,1ec7a45d803ab472e7fe5c6625667289_shot_001_000,ssim,full,0.70347852
22,895.903931,1ec7a45d803ab472e7fe5c6625667289_shot_001_000,lpips,mouth,0.53617251
22,895.903931,1ec7a45d803ab472e7fe5c6625667289_shot_001_000,lpips,full,0.3474932
22,895.903931,1ec7a45d803ab472e7fe5c6625667289_shot_001_000,sharpness,mouth,21.2205
22,895.903931,1ec7a45d803ab472e7fe5c6625667289_shot_001_000,lmd,mouth,3.358289
22,895.903931,1ec7a45d803ab472e7fe5c6625667289_shot_001_000,sync_d,mouth,10.706169
22,895.903931,1ec7a45d803ab472e7fe5c6625667289_shot_001_000,sync_c,mouth,1.082157
23,887.992493,1ec7a45d803ab472e7fe5c6625667289_shot_001_000,pixel_mse,mouth,0.03207018
23,887.992493,1ec7a45d803ab472e7fe5c6625667289_shot_001_000,pixel_mse,full,0.01399298
23,887.992493,1ec7a45d803ab472e7fe5c6625667289_shot_001_000,ssim,mouth,0.37448171
23,887.992493,1ec7a45d803ab472e7fe5c6625667289_shot_001_000,ssim,full,0.70264065
23,887.992493,1ec7a45d803ab472e7fe5c6625667289_shot_001_000,lpips,mouth,0.53914809
23,887.992493,1ec7a45d803ab472e7fe5c6625667289_shot_001_000,lpips,full,0.34658188
23,887.992493,1ec7a45d803ab472e7fe5c6625667289_shot_001_000,sharpness,mouth,21.8221
23,887.992493,1ec7a45d803ab472e7fe5c6625667289_shot_001_000,lmd,mouth,3.157962
23,887.992493,1ec7a45d803ab472e7fe5c6625667289_shot_001_000,sync_d,mouth,10.729461
23,887.992493,1ec7a45d803ab472e7fe5c6625667289_shot_001_000,sync_c,mouth,1.063791
24,879.604736,1ec7a45d803ab472e7fe5c6625667289_shot_001_000,pixel_mse,mouth,0.03190009
24,879.604736,1ec7a45d803ab472e7fe5c6625667289_shot_001_000,pixel_mse,full,0.01386386
24,879.604736,1ec7a45d803ab472e7fe5c6625667289_shot_001_000,ssim,mouth,0.37592205
24,879.604736,1ec7a45d803ab472e7fe5c6625667289_shot_001_000,ssim,full,0.70238358
24,879.604736,1ec7a45d803ab472e7fe5c6625667289_shot_001_000,lpips,mouth,0.54998583
24,879.604736,1ec7a45d803ab472e7fe5c6625667289_shot_001_000,lpips,full,0.34334826
24,879.604736,1ec7a45d803ab472e7fe5c6625667289_shot_001_000,sharpness,mouth,22.9582
24,879.604736,1ec7a45d803ab472e7fe5c6625667289_shot_001_000,lmd,mouth,3.137099
24,879.604736,1ec7a45d803ab472e7fe5c6625667289_shot_001_000,sync_d,mouth,10.192118
24,879.604736,1ec7a45d803ab472e7fe5c6625667289_shot_001_000,sync_c,mouth,1.441241
25,870.696350,1ec7a45d803ab472e7fe5c6625667289_shot_001_000,pixel_mse,mouth,0.03200752
25,870.696350,1ec7a45d803ab472e7fe5c6625667289_shot_001_000,pixel_mse,full,0.0138491
25,870.696350,1ec7a45d803ab472e7fe5c6625667289_shot_001_000,ssim,mouth,0.37894261
25,870.696350,1ec7a45d803ab472e7fe5c6625667289_shot_001_000,ssim,full,0.7036714
25,870.696350,1ec7a45d803ab472e7fe5c6625667289_shot_001_000,lpips,mouth,0.55974054
25,870.696350,1ec7a45d803ab472e7fe5c6625667289_shot_001_000,lpips,full,0.34195349
25,870.696350,1ec7a45d803ab472e7fe5c6625667289_shot_001_000,sharpness,mouth,24.973
25,870.696350,1ec7a45d803ab472e7fe5c6625667289_shot_001_000,lmd,mouth,2.905388
25,870.696350,1ec7a45d803ab472e7fe5c6625667289_shot_001_000,sync_d,mouth,10.523549
25,870.696350,1ec7a45d803ab472e7fe5c6625667289_shot_001_000,sync_c,mouth,1.347147
26,861.217407,1ec7a45d803ab472e7fe5c6625667289_shot_001_000,pixel_mse,mouth,0.03245797
26,861.217407,1ec7a45d803ab472e7fe5c6625667289_shot_001_000,pixel_mse,full,0.01402939
26,861.217407,1ec7a45d803ab472e7fe5c6625667289_shot_001_000,ssim,mouth,0.37002558
26,861.217407,1ec7a45d803ab472e7fe5c6625667289_shot_001_000,ssim,full,0.70494264
26,861.217407,1ec7a45d803ab472e7fe5c6625667289_shot_001_000,lpips,mouth,0.55170923
26,861.217407,1ec7a45d803ab472e7fe5c6625667289_shot_001_000,lpips,full,0.34052753
26,861.217407,1ec7a45d803ab472e7fe5c6625667289_shot_001_000,sharpness,mouth,25.0411
26,861.217407,1ec7a45d803ab472e7fe5c6625667289_shot_001_000,lmd,mouth,2.820597
26,861.217407,1ec7a45d803ab472e7fe5c6625667289_shot_001_000,sync_d,mouth,9.837347
26,861.217407,1ec7a45d803ab472e7fe5c6625667289_shot_001_000,sync_c,mouth,1.602592
27,851.111145,1ec7a45d803ab472e7fe5c6625667289_shot_001_000,pixel_mse,mouth,0.03214357
27,851.111145,1ec7a45d803ab472e7fe5c6625667289_shot_001_000,pixel_mse,full,0.01387043
27,851.111145,1ec7a45d803ab472e7fe5c6625667289_shot_001_000,ssim,mouth,0.37409499
27,851.111145,1ec7a45d803ab472e7fe5c6625667289_shot_001_000,ssim,full,0.70636439
27,851.111145,1ec7a45d803ab472e7fe5c6625667289_shot_001_000,lpips,mouth,0.54454738
27,851.111145,1ec7a45d803ab472e7fe5c6625667289_shot_001_000,lpips,full,0.33873907
27,851.111145,1ec7a45d803ab472e7fe5c6625667289_shot_001_000,sharpness,mouth,23.739
27,851.111145,1ec7a45d803ab472e7fe5c6625667289_shot_001_000,lmd,mouth,2.693888
27,851.111145,1ec7a45d803ab472e7fe5c6625667289_shot_001_000,sync_d,mouth,9.900369
27,851.111145,1ec7a45d803ab472e7fe5c6625667289_shot_001_000,sync_c,mouth,1.453885
28,840.313232,1ec7a45d803ab472e7fe5c6625667289_shot_001_000,pixel_mse,mouth,0.03238738
28,840.313232,1ec7a45d803ab472e7fe5c6625667289_shot_001_000,pixel_mse,full,0.0138219
28,840.313232,1ec7a45d803ab472e7fe5c6625667289_shot_001_000,ssim,mouth,0.3684369
28,840.313232,1ec7a45d803ab472e7fe5c6625667289_shot_001_000,ssim,full,0.70508057
28,840.313232,1ec7a45d803ab472e7fe5c6625667289_shot_001_000,lpips,mouth,0.53327197
28,840.313232,1ec7a45d803ab472e7fe5c6625667289_shot_001_000,lpips,full,0.33825472
28,840.313232,1ec7a45d803ab472e7fe5c6625667289_shot_001_000,sharpness,mouth,24.8125
28,840.313232,1ec7a45d803ab472e7fe5c6625667289_shot_001_000,lmd,mouth,3.465276
28,840.313232,1ec7a45d803ab472e7fe5c6625667289_shot_001_000,sync_d,mouth,10.032754
28,840.313232,1ec7a45d803ab472e7fe5c6625667289_shot_001_000,sync_c,mouth,1.714917
29,828.750244,1ec7a45d803ab472e7fe5c6625667289_shot_001_000,pixel_mse,mouth,0.03188227
29,828.750244,1ec7a45d803ab472e7fe5c6625667289_shot_001_000,pixel_mse,full,0.01378356
29,828.750244,1ec7a45d803ab472e7fe5c6625667289_shot_001_000,ssim,mouth,0.36922854
29,828.750244,1ec7a45d803ab472e7fe5c6625667289_shot_001_000,ssim,full,0.70631689
29,828.750244,1ec7a45d803ab472e7fe5c6625667289_shot_001_000,lpips,mouth,0.53692049
29,828.750244,1ec7a45d803ab472e7fe5c6625667289_shot_001_000,lpips,full,0.33990896
29,828.750244,1ec7a45d803ab472e7fe5c6625667289_shot_001_000,sharpness,mouth,26.1212
29,828.750244,1ec7a45d803ab472e7fe5c6625667289_shot_001_000,lmd,mouth,3.244645
29,828.750244,1ec7a45d803ab472e7fe5c6625667289_shot_001_000,sync_d,mouth,10.200301
29,828.750244,1ec7a45d803ab472e7fe5c6625667289_shot_001_000,sync_c,mouth,1.311236
30,816.337830,1ec7a45d803ab472e7fe5c6625667289_shot_001_000,pixel_mse,mouth,0.03130558
30,816.337830,1ec7a45d803ab472e7fe5c6625667289_shot_001_000,pixel_mse,full,0.01366401
30,816.337830,1ec7a45d803ab472e7fe5c6625667289_shot_001_000,ssim,mouth,0.37059614
30,816.337830,1ec7a45d803ab472e7fe5c6625667289_shot_001_000,ssim,full,0.70552599
30,816.337830,1ec7a45d803ab472e7fe5c6625667289_shot_001_000,lpips,mouth,0.53492486
30,816.337830,1ec7a45d803ab472e7fe5c6625667289_shot_001_000,lpips,full,0.34047189
30,816.337830,1ec7a45d803ab472e7fe5c6625667289_shot_001_000,sharpness,mouth,27.1618
30,816.337830,1ec7a45d803ab472e7fe5c6625667289_shot_001_000,lmd,mouth,3.217952
30,816.337830,1ec7a45d803ab472e7fe5c6625667289_shot_001_000,sync_d,mouth,10.366493
30,816.337830,1ec7a45d803ab472e7fe5c6625667289_shot_001_000,sync_c,mouth,1.423287
31,802.978699,1ec7a45d803ab472e7fe5c6625667289_shot_001_000,pixel_mse,mouth,0.03087425
31,802.978699,1ec7a45d803ab472e7fe5c6625667289_shot_001_000,pixel_mse,full,0.0136526
31,802.978699,1ec7a45d803ab472e7fe5c6625667289_shot_001_000,ssim,mouth,0.37337151
31,802.978699,1ec7a45d803ab472e7fe5c6625667289_shot_001_000,ssim,full,0.70787781
31,802.978699,1ec7a45d803ab472e7fe5c6625667289_shot_001_000,lpips,mouth,0.53954297
31,802.978699,1ec7a45d803ab472e7fe5c6625667289_shot_001_000,lpips,full,0.3409667
31,802.978699,1ec7a45d803ab472e7fe5c6625667289_shot_001_000,sharpness,mouth,27.8247
31,802.978699,1ec7a45d803ab472e7fe5c6625667289_shot_001_000,lmd,mouth,3.124786
31,802.978699,1ec7a45d803ab472e7fe5c6625667289_shot_001_000,sync_d,mouth,9.990969
31,802.978699,1ec7a45d803ab472e7fe5c6625667289_shot_001_000,sync_c,mouth,1.630906
32,788.560242,1ec7a45d803ab472e7fe5c6625667289_shot_001_000,pixel_mse,mouth,0.03103078
32,788.560242,1ec7a45d803ab472e7fe5c6625667289_shot_001_000,pixel_mse,full,0.01358941
32,788.560242,1ec7a45d803ab472e7fe5c6625667289_shot_001_000,ssim,mouth,0.37344909
32,788.560242,1ec7a45d803ab472e7fe5c6625667289_shot_001_000,ssim,full,0.70855737
32,788.560242,1ec7a45d803ab472e7fe5c6625667289_shot_001_000,lpips,mouth,0.54489917
32,788.560242,1ec7a45d803ab472e7fe5c6625667289_shot_001_000,lpips,full,0.34240353
32,788.560242,1ec7a45d803ab472e7fe5c6625667289_shot_001_000,sharpness,mouth,29.3576
32,788.560242,1ec7a45d803ab472e7fe5c6625667289_shot_001_000,lmd,mouth,3.072141
32,788.560242,1ec7a45d803ab472e7fe5c6625667289_shot_001_000,sync_d,mouth,10.165689
32,788.560242,1ec7a45d803ab472e7fe5c6625667289_shot_001_000,sync_c,mouth,1.231315
33,772.951477,1ec7a45d803ab472e7fe5c6625667289_shot_001_000,pixel_mse,mouth,0.03142149
33,772.951477,1ec7a45d803ab472e7fe5c6625667289_shot_001_000,pixel_mse,full,0.01352172
33,772.951477,1ec7a45d803ab472e7fe5c6625667289_shot_001_000,ssim,mouth,0.37627816
33,772.951477,1ec7a45d803ab472e7fe5c6625667289_shot_001_000,ssim,full,0.70887637
33,772.951477,1ec7a45d803ab472e7fe5c6625667289_shot_001_000,lpips,mouth,0.54787463
33,772.951477,1ec7a45d803ab472e7fe5c6625667289_shot_001_000,lpips,full,0.3420997
33,772.951477,1ec7a45d803ab472e7fe5c6625667289_shot_001_000,sharpness,mouth,30.9283
33,772.951477,1ec7a45d803ab472e7fe5c6625667289_shot_001_000,lmd,mouth,4.050715
33,772.951477,1ec7a45d803ab472e7fe5c6625667289_shot_001_000,sync_d,mouth,9.986937
33,772.951477,1ec7a45d803ab472e7fe5c6625667289_shot_001_000,sync_c,mouth,1.463624
34,755.998352,1ec7a45d803ab472e7fe5c6625667289_shot_001_000,pixel_mse,mouth,0.03112881
34,755.998352,1ec7a45d803ab472e7fe5c6625667289_shot_001_000,pixel_mse,full,0.01347448
34,755.998352,1ec7a45d803ab472e7fe5c6625667289_shot_001_000,ssim,mouth,0.38073841
34,755.998352,1ec7a45d803ab472e7fe5c6625667289_shot_001_000,ssim,full,0.70939344
34,755.998352,1ec7a45d803ab472e7fe5c6625667289_shot_001_000,lpips,mouth,0.55323285
34,755.998352,1ec7a45d803ab472e7fe5c6625667289_shot_001_000,lpips,full,0.34087658
34,755.998352,1ec7a45d803ab472e7fe5c6625667289_shot_001_000,sharpness,mouth,30.7234
34,755.998352,1ec7a45d803ab472e7fe5c6625667289_shot_001_000,lmd,mouth,5.543832
34,755.998352,1ec7a45d803ab472e7fe5c6625667289_shot_001_000,sync_d,mouth,9.823523
34,755.998352,1ec7a45d803ab472e7fe5c6625667289_shot_001_000,sync_c,mouth,1.445497
35,737.519714,1ec7a45d803ab472e7fe5c6625667289_shot_001_000,pixel_mse,mouth,0.03019715
35,737.519714,1ec7a45d803ab472e7fe5c6625667289_shot_001_000,pixel_mse,full,0.01345913
35,737.519714,1ec7a45d803ab472e7fe5c6625667289_shot_001_000,ssim,mouth,0.38609013
35,737.519714,1ec7a45d803ab472e7fe5c6625667289_shot_001_000,ssim,full,0.70955771
35,737.519714,1ec7a45d803ab472e7fe5c6625667289_shot_001_000,lpips,mouth,0.54962426
35,737.519714,1ec7a45d803ab472e7fe5c6625667289_shot_001_000,lpips,full,0.33838847
35,737.519714,1ec7a45d803ab472e7fe5c6625667289_shot_001_000,sharpness,mouth,30.5029
35,737.519714,1ec7a45d803ab472e7fe5c6625667289_shot_001_000,lmd,mouth,8.348037
35,737.519714,1ec7a45d803ab472e7fe5c6625667289_shot_001_000,sync_d,mouth,10.100807
35,737.519714,1ec7a45d803ab472e7fe5c6625667289_shot_001_000,sync_c,mouth,1.046227
36,717.299683,1ec7a45d803ab472e7fe5c6625667289_shot_001_000,pixel_mse,mouth,0.02964099
36,717.299683,1ec7a45d803ab472e7fe5c6625667289_shot_001_000,pixel_mse,full,0.01345238
36,717.299683,1ec7a45d803ab472e7fe5c6625667289_shot_001_000,ssim,mouth,0.38828743
36,717.299683,1ec7a45d803ab472e7fe5c6625667289_shot_001_000,ssim,full,0.70836806
36,717.299683,1ec7a45d803ab472e7fe5c6625667289_shot_001_000,lpips,mouth,0.558662
36,717.299683,1ec7a45d803ab472e7fe5c6625667289_shot_001_000,lpips,full,0.34002644
36,717.299683,1ec7a45d803ab472e7fe5c6625667289_shot_001_000,sharpness,mouth,31.9546
36,717.299683,1ec7a45d803ab472e7fe5c6625667289_shot_001_000,lmd,mouth,9.256185
36,717.299683,1ec7a45d803ab472e7fe5c6625667289_shot_001_000,sync_d,mouth,9.841767
36,717.299683,1ec7a45d803ab472e7fe5c6625667289_shot_001_000,sync_c,mouth,1.060784
37,695.080139,1ec7a45d803ab472e7fe5c6625667289_shot_001_000,pixel_mse,mouth,0.02886771
37,695.080139,1ec7a45d803ab472e7fe5c6625667289_shot_001_000,pixel_mse,full,0.01340809
37,695.080139,1ec7a45d803ab472e7fe5c6625667289_shot_001_000,ssim,mouth,0.38733095
37,695.080139,1ec7a45d803ab472e7fe5c6625667289_shot_001_000,ssim,full,0.70822066
37,695.080139,1ec7a45d803ab472e7fe5c6625667289_shot_001_000,lpips,mouth,0.55529892
37,695.080139,1ec7a45d803ab472e7fe5c6625667289_shot_001_000,lpips,full,0.34223863
37,695.080139,1ec7a45d803ab472e7fe5c6625667289_shot_001_000,sharpness,mouth,32.7576
37,695.080139,1ec7a45d803ab472e7fe5c6625667289_shot_001_000,lmd,mouth,6.207853
37,695.080139,1ec7a45d803ab472e7fe5c6625667289_shot_001_000,sync_d,mouth,9.757846
37,695.080139,1ec7a45d803ab472e7fe5c6625667289_shot_001_000,sync_c,mouth,1.320605
38,670.548828,1ec7a45d803ab472e7fe5c6625667289_shot_001_000,pixel_mse,mouth,0.02884149
38,670.548828,1ec7a45d803ab472e7fe5c6625667289_shot_001_000,pixel_mse,full,0.01339531
38,670.548828,1ec7a45d803ab472e7fe5c6625667289_shot_001_000,ssim,mouth,0.38763541
38,670.548828,1ec7a45d803ab472e7fe5c6625667289_shot_001_000,ssim,full,0.70854586
38,670.548828,1ec7a45d803ab472e7fe5c6625667289_shot_001_000,lpips,mouth,0.56541491
38,670.548828,1ec7a45d803ab472e7fe5c6625667289_shot_001_000,lpips,full,0.34264719
38,670.548828,1ec7a45d803ab472e7fe5c6625667289_shot_001_000,sharpness,mouth,34.6611
38,670.548828,1ec7a45d803ab472e7fe5c6625667289_shot_001_000,lmd,mouth,4.458796
38,670.548828,1ec7a45d803ab472e7fe5c6625667289_shot_001_000,sync_d,mouth,9.706911
38,670.548828,1ec7a45d803ab472e7fe5c6625667289_shot_001_000,sync_c,mouth,1.175807
39,643.325317,1ec7a45d803ab472e7fe5c6625667289_shot_001_000,pixel_mse,mouth,0.02842623
39,643.325317,1ec7a45d803ab472e7fe5c6625667289_shot_001_000,pixel_mse,full,0.01339818
39,643.325317,1ec7a45d803ab472e7fe5c6625667289_shot_001_000,ssim,mouth,0.38813922
39,643.325317,1ec7a45d803ab472e7fe5c6625667289_shot_001_000,ssim,full,0.70786828
39,643.325317,1ec7a45d803ab472e7fe5c6625667289_shot_001_000,lpips,mouth,0.57040888
39,643.325317,1ec7a45d803ab472e7fe5c6625667289_shot_001_000,lpips,full,0.34241149
39,643.325317,1ec7a45d803ab472e7fe5c6625667289_shot_001_000,sharpness,mouth,34.3499
39,643.325317,1ec7a45d803ab472e7fe5c6625667289_shot_001_000,lmd,mouth,5.993961
39,643.325317,1ec7a45d803ab472e7fe5c6625667289_shot_001_000,sync_d,mouth,9.467558
39,643.325317,1ec7a45d803ab472e7fe5c6625667289_shot_001_000,sync_c,mouth,1.634351
40,612.940735,1ec7a45d803ab472e7fe5c6625667289_shot_001_000,pixel_mse,mouth,0.02836674
40,612.940735,1ec7a45d803ab472e7fe5c6625667289_shot_001_000,pixel_mse,full,0.01339305
40,612.940735,1ec7a45d803ab472e7fe5c6625667289_shot_001_000,ssim,mouth,0.38913664
40,612.940735,1ec7a45d803ab472e7fe5c6625667289_shot_001_000,ssim,full,0.70787132
40,612.940735,1ec7a45d803ab472e7fe5c6625667289_shot_001_000,lpips,mouth,0.57471877
40,612.940735,1ec7a45d803ab472e7fe5c6625667289_shot_001_000,lpips,full,0.34297052
40,612.940735,1ec7a45d803ab472e7fe5c6625667289_shot_001_000,sharpness,mouth,36.7768
40,612.940735,1ec7a45d803ab472e7fe5c6625667289_shot_001_000,lmd,mouth,8.731751
40,612.940735,1ec7a45d803ab472e7fe5c6625667289_shot_001_000,sync_d,mouth,9.12541
40,612.940735,1ec7a45d803ab472e7fe5c6625667289_shot_001_000,sync_c,mouth,1.969054
41,578.810425,1ec7a45d803ab472e7fe5c6625667289_shot_001_000,pixel_mse,mouth,0.02852769
41,578.810425,1ec7a45d803ab472e7fe5c6625667289_shot_001_000,pixel_mse,full,0.01343451
41,578.810425,1ec7a45d803ab472e7fe5c6625667289_shot_001_000,ssim,mouth,0.38874376
41,578.810425,1ec7a45d803ab472e7fe5c6625667289_shot_001_000,ssim,full,0.70773655
41,578.810425,1ec7a45d803ab472e7fe5c6625667289_shot_001_000,lpips,mouth,0.5750038
41,578.810425,1ec7a45d803ab472e7fe5c6625667289_shot_001_000,lpips,full,0.34483463
41,578.810425,1ec7a45d803ab472e7fe5c6625667289_shot_001_000,sharpness,mouth,37.1964
41,578.810425,1ec7a45d803ab472e7fe5c6625667289_shot_001_000,lmd,mouth,8.535517
41,578.810425,1ec7a45d803ab472e7fe5c6625667289_shot_001_000,sync_d,mouth,9.469042
41,578.810425,1ec7a45d803ab472e7fe5c6625667289_shot_001_000,sync_c,mouth,1.656857
42,540.196350,1ec7a45d803ab472e7fe5c6625667289_shot_001_000,pixel_mse,mouth,0.02848486
42,540.196350,1ec7a45d803ab472e7fe5c6625667289_shot_001_000,pixel_mse,full,0.01340584
42,540.196350,1ec7a45d803ab472e7fe5c6625667289_shot_001_000,ssim,mouth,0.3901585
42,540.196350,1ec7a45d803ab472e7fe5c6625667289_shot_001_000,ssim,full,0.70765024
42,540.196350,1ec7a45d803ab472e7fe5c6625667289_shot_001_000,lpips,mouth,0.58387387
42,540.196350,1ec7a45d803ab472e7fe5c6625667289_shot_001_000,lpips,full,0.34587142
42,540.196350,1ec7a45d803ab472e7fe5c6625667289_shot_001_000,sharpness,mouth,38.1415
42,540.196350,1ec7a45d803ab472e7fe5c6625667289_shot_001_000,lmd,mouth,3.019503
42,540.196350,1ec7a45d803ab472e7fe5c6625667289_shot_001_000,sync_d,mouth,8.98709
42,540.196350,1ec7a45d803ab472e7fe5c6625667289_shot_001_000,sync_c,mouth,1.836265
43,496.152893,1ec7a45d803ab472e7fe5c6625667289_shot_001_000,pixel_mse,mouth,0.02862752
43,496.152893,1ec7a45d803ab472e7fe5c6625667289_shot_001_000,pixel_mse,full,0.01340008
43,496.152893,1ec7a45d803ab472e7fe5c6625667289_shot_001_000,ssim,mouth,0.3892014
43,496.152893,1ec7a45d803ab472e7fe5c6625667289_shot_001_000,ssim,full,0.70721537
43,496.152893,1ec7a45d803ab472e7fe5c6625667289_shot_001_000,lpips,mouth,0.57797724
43,496.152893,1ec7a45d803ab472e7fe5c6625667289_shot_001_000,lpips,full,0.34665394
43,496.152893,1ec7a45d803ab472e7fe5c6625667289_shot_001_000,sharpness,mouth,38.2846
43,496.152893,1ec7a45d803ab472e7fe5c6625667289_shot_001_000,lmd,mouth,3.180047
43,496.152893,1ec7a45d803ab472e7fe5c6625667289_shot_001_000,sync_d,mouth,8.995771
43,496.152893,1ec7a45d803ab472e7fe5c6625667289_shot_001_000,sync_c,mouth,1.902012
44,445.448151,1ec7a45d803ab472e7fe5c6625667289_shot_001_000,pixel_mse,mouth,0.02856729
44,445.448151,1ec7a45d803ab472e7fe5c6625667289_shot_001_000,pixel_mse,full,0.0133954
44,445.448151,1ec7a45d803ab472e7fe5c6625667289_shot_001_000,ssim,mouth,0.39097157
44,445.448151,1ec7a45d803ab472e7fe5c6625667289_shot_001_000,ssim,full,0.70669162
44,445.448151,1ec7a45d803ab472e7fe5c6625667289_shot_001_000,lpips,mouth,0.58018064
44,445.448151,1ec7a45d803ab472e7fe5c6625667289_shot_001_000,lpips,full,0.34647498
44,445.448151,1ec7a45d803ab472e7fe5c6625667289_shot_001_000,sharpness,mouth,38.3307
44,445.448151,1ec7a45d803ab472e7fe5c6625667289_shot_001_000,lmd,mouth,3.346386
44,445.448151,1ec7a45d803ab472e7fe5c6625667289_shot_001_000,sync_d,mouth,8.963869
44,445.448151,1ec7a45d803ab472e7fe5c6625667289_shot_001_000,sync_c,mouth,1.854957
45,386.447418,1ec7a45d803ab472e7fe5c6625667289_shot_001_000,pixel_mse,mouth,0.02837999
45,386.447418,1ec7a45d803ab472e7fe5c6625667289_shot_001_000,pixel_mse,full,0.01339993
45,386.447418,1ec7a45d803ab472e7fe5c6625667289_shot_001_000,ssim,mouth,0.39370367
45,386.447418,1ec7a45d803ab472e7fe5c6625667289_shot_001_000,ssim,full,0.70633978
45,386.447418,1ec7a45d803ab472e7fe5c6625667289_shot_001_000,lpips,mouth,0.57577199
45,386.447418,1ec7a45d803ab472e7fe5c6625667289_shot_001_000,lpips,full,0.34719652
45,386.447418,1ec7a45d803ab472e7fe5c6625667289_shot_001_000,sharpness,mouth,36.1192
45,386.447418,1ec7a45d803ab472e7fe5c6625667289_shot_001_000,lmd,mouth,3.315601
45,386.447418,1ec7a45d803ab472e7fe5c6625667289_shot_001_000,sync_d,mouth,9.247607
45,386.447418,1ec7a45d803ab472e7fe5c6625667289_shot_001_000,sync_c,mouth,1.433586
46,316.933258,1ec7a45d803ab472e7fe5c6625667289_shot_001_000,pixel_mse,mouth,0.02825667
46,316.933258,1ec7a45d803ab472e7fe5c6625667289_shot_001_000,pixel_mse,full,0.01342467
46,316.933258,1ec7a45d803ab472e7fe5c6625667289_shot_001_000,ssim,mouth,0.39352772
46,316.933258,1ec7a45d803ab472e7fe5c6625667289_shot_001_000,ssim,full,0.70582616
46,316.933258,1ec7a45d803ab472e7fe5c6625667289_shot_001_000,lpips,mouth,0.58012903
46,316.933258,1ec7a45d803ab472e7fe5c6625667289_shot_001_000,lpips,full,0.34790635
46,316.933258,1ec7a45d803ab472e7fe5c6625667289_shot_001_000,sharpness,mouth,35.9445
46,316.933258,1ec7a45d803ab472e7fe5c6625667289_shot_001_000,lmd,mouth,3.432278
46,316.933258,1ec7a45d803ab472e7fe5c6625667289_shot_001_000,sync_d,mouth,9.159212
46,316.933258,1ec7a45d803ab472e7fe5c6625667289_shot_001_000,sync_c,mouth,1.593439
47,233.820694,1ec7a45d803ab472e7fe5c6625667289_shot_001_000,pixel_mse,mouth,0.02820686
47,233.820694,1ec7a45d803ab472e7fe5c6625667289_shot_001_000,pixel_mse,full,0.01345821
47,233.820694,1ec7a45d803ab472e7fe5c6625667289_shot_001_000,ssim,mouth,0.39384839
47,233.820694,1ec7a45d803ab472e7fe5c6625667289_shot_001_000,ssim,full,0.70487064
47,233.820694,1ec7a45d803ab472e7fe5c6625667289_shot_001_000,lpips,mouth,0.58958858
47,233.820694,1ec7a45d803ab472e7fe5c6625667289_shot_001_000,lpips,full,0.34928349
47,233.820694,1ec7a45d803ab472e7fe5c6625667289_shot_001_000,sharpness,mouth,37.0272
47,233.820694,1ec7a45d803ab472e7fe5c6625667289_shot_001_000,lmd,mouth,3.655368
47,233.820694,1ec7a45d803ab472e7fe5c6625667289_shot_001_000,sync_d,mouth,9.429943
47,233.820694,1ec7a45d803ab472e7fe5c6625667289_shot_001_000,sync_c,mouth,1.773809
48,132.687027,1ec7a45d803ab472e7fe5c6625667289_shot_001_000,pixel_mse,mouth,0.02806377
48,132.687027,1ec7a45d803ab472e7fe5c6625667289_shot_001_000,pixel_mse,full,0.01348616
48,132.687027,1ec7a45d803ab472e7fe5c6625667289_shot_001_000,ssim,mouth,0.39380708
48,132.687027,1ec7a45d803ab472e7fe5c6625667289_shot_001_000,ssim,full,0.70416516
48,132.687027,1ec7a45d803ab472e7fe5c6625667289_shot_001_000,lpips,mouth,0.59528583
48,132.687027,1ec7a45d803ab472e7fe5c6625667289_shot_001_000,lpips,full,0.34944004
48,132.687027,1ec7a45d803ab472e7fe5c6625667289_shot_001_000,sharpness,mouth,38.5831
48,132.687027,1ec7a45d803ab472e7fe5c6625667289_shot_001_000,lmd,mouth,3.779686
48,132.687027,1ec7a45d803ab472e7fe5c6625667289_shot_001_000,sync_d,mouth,9.863286
48,132.687027,1ec7a45d803ab472e7fe5c6625667289_shot_001_000,sync_c,mouth,1.415241
49,6.958251,1ec7a45d803ab472e7fe5c6625667289_shot_001_000,pixel_mse,mouth,0.02793151
49,6.958251,1ec7a45d803ab472e7fe5c6625667289_shot_001_000,pixel_mse,full,0.01351451
49,6.958251,1ec7a45d803ab472e7fe5c6625667289_shot_001_000,ssim,mouth,0.39386004
49,6.958251,1ec7a45d803ab472e7fe5c6625667289_shot_001_000,ssim,full,0.70282722
49,6.958251,1ec7a45d803ab472e7fe5c6625667289_shot_001_000,lpips,mouth,0.54601163
49,6.958251,1ec7a45d803ab472e7fe5c6625667289_shot_001_000,lpips,full,0.34585643
49,6.958251,1ec7a45d803ab472e7fe5c6625667289_shot_001_000,sharpness,mouth,27.983
49,6.958251,1ec7a45d803ab472e7fe5c6625667289_shot_001_000,lmd,mouth,4.212505
49,6.958251,1ec7a45d803ab472e7fe5c6625667289_shot_001_000,sync_d,mouth,10.045399
49,6.958251,1ec7a45d803ab472e7fe5c6625667289_shot_001_000,sync_c,mouth,1.584151
-1,gt,a6927ea4c0223aa08b320e86987e4c89_shot_001_001,sharpness,mouth,28.1485
-1,gt,a6927ea4c0223aa08b320e86987e4c89_shot_001_001,sync_d,mouth,5.773353
-1,gt,a6927ea4c0223aa08b320e86987e4c89_shot_001_001,sync_c,mouth,8.296562
0,1000.000000,a6927ea4c0223aa08b320e86987e4c89_shot_001_001,pixel_mse,mouth,0.02302127
0,1000.000000,a6927ea4c0223aa08b320e86987e4c89_shot_001_001,pixel_mse,full,0.03009807
0,1000.000000,a6927ea4c0223aa08b320e86987e4c89_shot_001_001,ssim,mouth,0.56858176
0,1000.000000,a6927ea4c0223aa08b320e86987e4c89_shot_001_001,ssim,full,0.72894949
0,1000.000000,a6927ea4c0223aa08b320e86987e4c89_shot_001_001,lpips,mouth,0.52543867
0,1000.000000,a6927ea4c0223aa08b320e86987e4c89_shot_001_001,lpips,full,0.32627726
0,1000.000000,a6927ea4c0223aa08b320e86987e4c89_shot_001_001,sharpness,mouth,21.7599
0,1000.000000,a6927ea4c0223aa08b320e86987e4c89_shot_001_001,lmd,mouth,8.406233
0,1000.000000,a6927ea4c0223aa08b320e86987e4c89_shot_001_001,sync_d,mouth,12.776642
0,1000.000000,a6927ea4c0223aa08b320e86987e4c89_shot_001_001,sync_c,mouth,1.035554
1,997.035706,a6927ea4c0223aa08b320e86987e4c89_shot_001_001,pixel_mse,mouth,0.02758195
1,997.035706,a6927ea4c0223aa08b320e86987e4c89_shot_001_001,pixel_mse,full,0.02583775
1,997.035706,a6927ea4c0223aa08b320e86987e4c89_shot_001_001,ssim,mouth,0.5598579
1,997.035706,a6927ea4c0223aa08b320e86987e4c89_shot_001_001,ssim,full,0.74093777
1,997.035706,a6927ea4c0223aa08b320e86987e4c89_shot_001_001,lpips,mouth,0.48497131
1,997.035706,a6927ea4c0223aa08b320e86987e4c89_shot_001_001,lpips,full,0.3238273
1,997.035706,a6927ea4c0223aa08b320e86987e4c89_shot_001_001,sharpness,mouth,14.4378
1,997.035706,a6927ea4c0223aa08b320e86987e4c89_shot_001_001,lmd,mouth,7.16262
1,997.035706,a6927ea4c0223aa08b320e86987e4c89_shot_001_001,sync_d,mouth,13.143912
1,997.035706,a6927ea4c0223aa08b320e86987e4c89_shot_001_001,sync_c,mouth,0.885163
2,993.963867,a6927ea4c0223aa08b320e86987e4c89_shot_001_001,pixel_mse,mouth,0.02821699
2,993.963867,a6927ea4c0223aa08b320e86987e4c89_shot_001_001,pixel_mse,full,0.02164019
2,993.963867,a6927ea4c0223aa08b320e86987e4c89_shot_001_001,ssim,mouth,0.56852865
2,993.963867,a6927ea4c0223aa08b320e86987e4c89_shot_001_001,ssim,full,0.75568068
2,993.963867,a6927ea4c0223aa08b320e86987e4c89_shot_001_001,lpips,mouth,0.48646042
2,993.963867,a6927ea4c0223aa08b320e86987e4c89_shot_001_001,lpips,full,0.32031986
2,993.963867,a6927ea4c0223aa08b320e86987e4c89_shot_001_001,sharpness,mouth,15.9737
2,993.963867,a6927ea4c0223aa08b320e86987e4c89_shot_001_001,lmd,mouth,8.598328
2,993.963867,a6927ea4c0223aa08b320e86987e4c89_shot_001_001,sync_d,mouth,12.521749
2,993.963867,a6927ea4c0223aa08b320e86987e4c89_shot_001_001,sync_c,mouth,1.437715
3,990.779053,a6927ea4c0223aa08b320e86987e4c89_shot_001_001,pixel_mse,mouth,0.02937572
3,990.779053,a6927ea4c0223aa08b320e86987e4c89_shot_001_001,pixel_mse,full,0.02218157
3,990.779053,a6927ea4c0223aa08b320e86987e4c89_shot_001_001,ssim,mouth,0.56100386
3,990.779053,a6927ea4c0223aa08b320e86987e4c89_shot_001_001,ssim,full,0.75585991
3,990.779053,a6927ea4c0223aa08b320e86987e4c89_shot_001_001,lpips,mouth,0.47686639
3,990.779053,a6927ea4c0223aa08b320e86987e4c89_shot_001_001,lpips,full,0.30107281
3,990.779053,a6927ea4c0223aa08b320e86987e4c89_shot_001_001,sharpness,mouth,17.267
3,990.779053,a6927ea4c0223aa08b320e86987e4c89_shot_001_001,lmd,mouth,5.955443
3,990.779053,a6927ea4c0223aa08b320e86987e4c89_shot_001_001,sync_d,mouth,8.895015
3,990.779053,a6927ea4c0223aa08b320e86987e4c89_shot_001_001,sync_c,mouth,4.882842
4,987.474243,a6927ea4c0223aa08b320e86987e4c89_shot_001_001,pixel_mse,mouth,0.0281358
4,987.474243,a6927ea4c0223aa08b320e86987e4c89_shot_001_001,pixel_mse,full,0.02213734
4,987.474243,a6927ea4c0223aa08b320e86987e4c89_shot_001_001,ssim,mouth,0.55176109
4,987.474243,a6927ea4c0223aa08b320e86987e4c89_shot_001_001,ssim,full,0.75557226
4,987.474243,a6927ea4c0223aa08b320e86987e4c89_shot_001_001,lpips,mouth,0.45378989
4,987.474243,a6927ea4c0223aa08b320e86987e4c89_shot_001_001,lpips,full,0.2878322
4,987.474243,a6927ea4c0223aa08b320e86987e4c89_shot_001_001,sharpness,mouth,17.7964
4,987.474243,a6927ea4c0223aa08b320e86987e4c89_shot_001_001,lmd,mouth,5.534695
4,987.474243,a6927ea4c0223aa08b320e86987e4c89_shot_001_001,sync_d,mouth,8.820848
4,987.474243,a6927ea4c0223aa08b320e86987e4c89_shot_001_001,sync_c,mouth,5.241985
5,984.043091,a6927ea4c0223aa08b320e86987e4c89_shot_001_001,pixel_mse,mouth,0.02985883
5,984.043091,a6927ea4c0223aa08b320e86987e4c89_shot_001_001,pixel_mse,full,0.02328064
5,984.043091,a6927ea4c0223aa08b320e86987e4c89_shot_001_001,ssim,mouth,0.53123343
5,984.043091,a6927ea4c0223aa08b320e86987e4c89_shot_001_001,ssim,full,0.7501983
5,984.043091,a6927ea4c0223aa08b320e86987e4c89_shot_001_001,lpips,mouth,0.42214984
5,984.043091,a6927ea4c0223aa08b320e86987e4c89_shot_001_001,lpips,full,0.28056964
5,984.043091,a6927ea4c0223aa08b320e86987e4c89_shot_001_001,sharpness,mouth,19.8557
5,984.043091,a6927ea4c0223aa08b320e86987e4c89_shot_001_001,lmd,mouth,4.957233
5,984.043091,a6927ea4c0223aa08b320e86987e4c89_shot_001_001,sync_d,mouth,8.447246
5,984.043091,a6927ea4c0223aa08b320e86987e4c89_shot_001_001,sync_c,mouth,5.728902
6,980.477844,a6927ea4c0223aa08b320e86987e4c89_shot_001_001,pixel_mse,mouth,0.0333707
6,980.477844,a6927ea4c0223aa08b320e86987e4c89_shot_001_001,pixel_mse,full,0.02427507
6,980.477844,a6927ea4c0223aa08b320e86987e4c89_shot_001_001,ssim,mouth,0.49885908
6,980.477844,a6927ea4c0223aa08b320e86987e4c89_shot_001_001,ssim,full,0.74519968
6,980.477844,a6927ea4c0223aa08b320e86987e4c89_shot_001_001,lpips,mouth,0.40705085
6,980.477844,a6927ea4c0223aa08b320e86987e4c89_shot_001_001,lpips,full,0.27594984
6,980.477844,a6927ea4c0223aa08b320e86987e4c89_shot_001_001,sharpness,mouth,21.6207
6,980.477844,a6927ea4c0223aa08b320e86987e4c89_shot_001_001,lmd,mouth,5.081761
6,980.477844,a6927ea4c0223aa08b320e86987e4c89_shot_001_001,sync_d,mouth,8.126764
6,980.477844,a6927ea4c0223aa08b320e86987e4c89_shot_001_001,sync_c,mouth,5.984715
7,976.770691,a6927ea4c0223aa08b320e86987e4c89_shot_001_001,pixel_mse,mouth,0.03619207
7,976.770691,a6927ea4c0223aa08b320e86987e4c89_shot_001_001,pixel_mse,full,0.02454279
7,976.770691,a6927ea4c0223aa08b320e86987e4c89_shot_001_001,ssim,mouth,0.48102903
7,976.770691,a6927ea4c0223aa08b320e86987e4c89_shot_001_001,ssim,full,0.74185705
7,976.770691,a6927ea4c0223aa08b320e86987e4c89_shot_001_001,lpips,mouth,0.40744254
7,976.770691,a6927ea4c0223aa08b320e86987e4c89_shot_001_001,lpips,full,0.27301672
7,976.770691,a6927ea4c0223aa08b320e86987e4c89_shot_001_001,sharpness,mouth,22.6897
7,976.770691,a6927ea4c0223aa08b320e86987e4c89_shot_001_001,lmd,mouth,4.690502
7,976.770691,a6927ea4c0223aa08b320e86987e4c89_shot_001_001,sync_d,mouth,8.165071
7,976.770691,a6927ea4c0223aa08b320e86987e4c89_shot_001_001,sync_c,mouth,5.996928
8,972.912842,a6927ea4c0223aa08b320e86987e4c89_shot_001_001,pixel_mse,mouth,0.03683231
8,972.912842,a6927ea4c0223aa08b320e86987e4c89_shot_001_001,pixel_mse,full,0.0253352
8,972.912842,a6927ea4c0223aa08b320e86987e4c89_shot_001_001,ssim,mouth,0.47445151
8,972.912842,a6927ea4c0223aa08b320e86987e4c89_shot_001_001,ssim,full,0.73624146
8,972.912842,a6927ea4c0223aa08b320e86987e4c89_shot_001_001,lpips,mouth,0.40239984
8,972.912842,a6927ea4c0223aa08b320e86987e4c89_shot_001_001,lpips,full,0.27231514
8,972.912842,a6927ea4c0223aa08b320e86987e4c89_shot_001_001,sharpness,mouth,22.395
8,972.912842,a6927ea4c0223aa08b320e86987e4c89_shot_001_001,lmd,mouth,4.295946
8,972.912842,a6927ea4c0223aa08b320e86987e4c89_shot_001_001,sync_d,mouth,8.038599
8,972.912842,a6927ea4c0223aa08b320e86987e4c89_shot_001_001,sync_c,mouth,6.143714
9,968.895081,a6927ea4c0223aa08b320e86987e4c89_shot_001_001,pixel_mse,mouth,0.03638566
9,968.895081,a6927ea4c0223aa08b320e86987e4c89_shot_001_001,pixel_mse,full,0.02557037
9,968.895081,a6927ea4c0223aa08b320e86987e4c89_shot_001_001,ssim,mouth,0.47069746
9,968.895081,a6927ea4c0223aa08b320e86987e4c89_shot_001_001,ssim,full,0.73411524
9,968.895081,a6927ea4c0223aa08b320e86987e4c89_shot_001_001,lpips,mouth,0.38869527
9,968.895081,a6927ea4c0223aa08b320e86987e4c89_shot_001_001,lpips,full,0.27213278
9,968.895081,a6927ea4c0223aa08b320e86987e4c89_shot_001_001,sharpness,mouth,23.5474
9,968.895081,a6927ea4c0223aa08b320e86987e4c89_shot_001_001,lmd,mouth,3.944285
9,968.895081,a6927ea4c0223aa08b320e86987e4c89_shot_001_001,sync_d,mouth,7.67473
9,968.895081,a6927ea4c0223aa08b320e86987e4c89_shot_001_001,sync_c,mouth,6.452983
10,964.707153,a6927ea4c0223aa08b320e86987e4c89_shot_001_001,pixel_mse,mouth,0.03624501
10,964.707153,a6927ea4c0223aa08b320e86987e4c89_shot_001_001,pixel_mse,full,0.02529298
10,964.707153,a6927ea4c0223aa08b320e86987e4c89_shot_001_001,ssim,mouth,0.46963945
10,964.707153,a6927ea4c0223aa08b320e86987e4c89_shot_001_001,ssim,full,0.73295206
10,964.707153,a6927ea4c0223aa08b320e86987e4c89_shot_001_001,lpips,mouth,0.38519979
10,964.707153,a6927ea4c0223aa08b320e86987e4c89_shot_001_001,lpips,full,0.27165312
10,964.707153,a6927ea4c0223aa08b320e86987e4c89_shot_001_001,sharpness,mouth,23.1026
10,964.707153,a6927ea4c0223aa08b320e86987e4c89_shot_001_001,lmd,mouth,3.7553
10,964.707153,a6927ea4c0223aa08b320e86987e4c89_shot_001_001,sync_d,mouth,7.697389
10,964.707153,a6927ea4c0223aa08b320e86987e4c89_shot_001_001,sync_c,mouth,6.570674
11,960.337952,a6927ea4c0223aa08b320e86987e4c89_shot_001_001,pixel_mse,mouth,0.03863421
11,960.337952,a6927ea4c0223aa08b320e86987e4c89_shot_001_001,pixel_mse,full,0.02368253
11,960.337952,a6927ea4c0223aa08b320e86987e4c89_shot_001_001,ssim,mouth,0.4632135
11,960.337952,a6927ea4c0223aa08b320e86987e4c89_shot_001_001,ssim,full,0.73024005
11,960.337952,a6927ea4c0223aa08b320e86987e4c89_shot_001_001,lpips,mouth,0.38706622
11,960.337952,a6927ea4c0223aa08b320e86987e4c89_shot_001_001,lpips,full,0.27268171
11,960.337952,a6927ea4c0223aa08b320e86987e4c89_shot_001_001,sharpness,mouth,23.2158
11,960.337952,a6927ea4c0223aa08b320e86987e4c89_shot_001_001,lmd,mouth,3.887919
11,960.337952,a6927ea4c0223aa08b320e86987e4c89_shot_001_001,sync_d,mouth,7.576388
11,960.337952,a6927ea4c0223aa08b320e86987e4c89_shot_001_001,sync_c,mouth,6.653673
12,955.775635,a6927ea4c0223aa08b320e86987e4c89_shot_001_001,pixel_mse,mouth,0.04869729
12,955.775635,a6927ea4c0223aa08b320e86987e4c89_shot_001_001,pixel_mse,full,0.02503561
12,955.775635,a6927ea4c0223aa08b320e86987e4c89_shot_001_001,ssim,mouth,0.42336664
12,955.775635,a6927ea4c0223aa08b320e86987e4c89_shot_001_001,ssim,full,0.71522033
12,955.775635,a6927ea4c0223aa08b320e86987e4c89_shot_001_001,lpips,mouth,0.38579458
12,955.775635,a6927ea4c0223aa08b320e86987e4c89_shot_001_001,lpips,full,0.28439462
12,955.775635,a6927ea4c0223aa08b320e86987e4c89_shot_001_001,sharpness,mouth,27.5661
12,955.775635,a6927ea4c0223aa08b320e86987e4c89_shot_001_001,lmd,mouth,4.040985
12,955.775635,a6927ea4c0223aa08b320e86987e4c89_shot_001_001,sync_d,mouth,7.460952
12,955.775635,a6927ea4c0223aa08b320e86987e4c89_shot_001_001,sync_c,mouth,6.634832
13,951.006897,a6927ea4c0223aa08b320e86987e4c89_shot_001_001,pixel_mse,mouth,0.05709902
13,951.006897,a6927ea4c0223aa08b320e86987e4c89_shot_001_001,pixel_mse,full,0.02817737
13,951.006897,a6927ea4c0223aa08b320e86987e4c89_shot_001_001,ssim,mouth,0.39149603
13,951.006897,a6927ea4c0223aa08b320e86987e4c89_shot_001_001,ssim,full,0.69914794
13,951.006897,a6927ea4c0223aa08b320e86987e4c89_shot_001_001,lpips,mouth,0.3972761
13,951.006897,a6927ea4c0223aa08b320e86987e4c89_shot_001_001,lpips,full,0.29451704
13,951.006897,a6927ea4c0223aa08b320e86987e4c89_shot_001_001,sharpness,mouth,33.7562
13,951.006897,a6927ea4c0223aa08b320e86987e4c89_shot_001_001,lmd,mouth,3.906886
13,951.006897,a6927ea4c0223aa08b320e86987e4c89_shot_001_001,sync_d,mouth,7.699972
13,951.006897,a6927ea4c0223aa08b320e86987e4c89_shot_001_001,sync_c,mouth,6.400162
14,946.017517,a6927ea4c0223aa08b320e86987e4c89_shot_001_001,pixel_mse,mouth,0.06963054
14,946.017517,a6927ea4c0223aa08b320e86987e4c89_shot_001_001,pixel_mse,full,0.03270246
14,946.017517,a6927ea4c0223aa08b320e86987e4c89_shot_001_001,ssim,mouth,0.35653168
14,946.017517,a6927ea4c0223aa08b320e86987e4c89_shot_001_001,ssim,full,0.6802488
14,946.017517,a6927ea4c0223aa08b320e86987e4c89_shot_001_001,lpips,mouth,0.41872942
14,946.017517,a6927ea4c0223aa08b320e86987e4c89_shot_001_001,lpips,full,0.310817
14,946.017517,a6927ea4c0223aa08b320e86987e4c89_shot_001_001,sharpness,mouth,47.7031
14,946.017517,a6927ea4c0223aa08b320e86987e4c89_shot_001_001,lmd,mouth,3.96286
14,946.017517,a6927ea4c0223aa08b320e86987e4c89_shot_001_001,sync_d,mouth,7.960036
14,946.017517,a6927ea4c0223aa08b320e86987e4c89_shot_001_001,sync_c,mouth,5.726349
15,940.791870,a6927ea4c0223aa08b320e86987e4c89_shot_001_001,pixel_mse,mouth,0.07386224
15,940.791870,a6927ea4c0223aa08b320e86987e4c89_shot_001_001,pixel_mse,full,0.03609272
15,940.791870,a6927ea4c0223aa08b320e86987e4c89_shot_001_001,ssim,mouth,0.34484783
15,940.791870,a6927ea4c0223aa08b320e86987e4c89_shot_001_001,ssim,full,0.66976577
15,940.791870,a6927ea4c0223aa08b320e86987e4c89_shot_001_001,lpips,mouth,0.42760843
15,940.791870,a6927ea4c0223aa08b320e86987e4c89_shot_001_001,lpips,full,0.31909433
15,940.791870,a6927ea4c0223aa08b320e86987e4c89_shot_001_001,sharpness,mouth,55.2434
15,940.791870,a6927ea4c0223aa08b320e86987e4c89_shot_001_001,lmd,mouth,3.951857
15,940.791870,a6927ea4c0223aa08b320e86987e4c89_shot_001_001,sync_d,mouth,8.41006
15,940.791870,a6927ea4c0223aa08b320e86987e4c89_shot_001_001,sync_c,mouth,4.805132
16,935.312622,a6927ea4c0223aa08b320e86987e4c89_shot_001_001,pixel_mse,mouth,0.06956615
16,935.312622,a6927ea4c0223aa08b320e86987e4c89_shot_001_001,pixel_mse,full,0.03726249
16,935.312622,a6927ea4c0223aa08b320e86987e4c89_shot_001_001,ssim,mouth,0.35004568
16,935.312622,a6927ea4c0223aa08b320e86987e4c89_shot_001_001,ssim,full,0.67341471
16,935.312622,a6927ea4c0223aa08b320e86987e4c89_shot_001_001,lpips,mouth,0.420095
16,935.312622,a6927ea4c0223aa08b320e86987e4c89_shot_001_001,lpips,full,0.31556797
16,935.312622,a6927ea4c0223aa08b320e86987e4c89_shot_001_001,sharpness,mouth,49.2231
16,935.312622,a6927ea4c0223aa08b320e86987e4c89_shot_001_001,lmd,mouth,4.098301
16,935.312622,a6927ea4c0223aa08b320e86987e4c89_shot_001_001,sync_d,mouth,9.080031
16,935.312622,a6927ea4c0223aa08b320e86987e4c89_shot_001_001,sync_c,mouth,4.198177
17,929.560913,a6927ea4c0223aa08b320e86987e4c89_shot_001_001,pixel_mse,mouth,0.05731167
17,929.560913,a6927ea4c0223aa08b320e86987e4c89_shot_001_001,pixel_mse,full,0.03452953
17,929.560913,a6927ea4c0223aa08b320e86987e4c89_shot_001_001,ssim,mouth,0.3834053
17,929.560913,a6927ea4c0223aa08b320e86987e4c89_shot_001_001,ssim,full,0.69272345
17,929.560913,a6927ea4c0223aa08b320e86987e4c89_shot_001_001,lpips,mouth,0.40079987
17,929.560913,a6927ea4c0223aa08b320e86987e4c89_shot_001_001,lpips,full,0.29796711
17,929.560913,a6927ea4c0223aa08b320e86987e4c89_shot_001_001,sharpness,mouth,31.4512
17,929.560913,a6927ea4c0223aa08b320e86987e4c89_shot_001_001,lmd,mouth,4.254018
17,929.560913,a6927ea4c0223aa08b320e86987e4c89_shot_001_001,sync_d,mouth,8.751184
17,929.560913,a6927ea4c0223aa08b320e86987e4c89_shot_001_001,sync_c,mouth,4.767826
18,923.515991,a6927ea4c0223aa08b320e86987e4c89_shot_001_001,pixel_mse,mouth,0.04387243
18,923.515991,a6927ea4c0223aa08b320e86987e4c89_shot_001_001,pixel_mse,full,0.03215203
18,923.515991,a6927ea4c0223aa08b320e86987e4c89_shot_001_001,ssim,mouth,0.42817503
18,923.515991,a6927ea4c0223aa08b320e86987e4c89_shot_001_001,ssim,full,0.70492542
18,923.515991,a6927ea4c0223aa08b320e86987e4c89_shot_001_001,lpips,mouth,0.38555658
18,923.515991,a6927ea4c0223aa08b320e86987e4c89_shot_001_001,lpips,full,0.29097009
18,923.515991,a6927ea4c0223aa08b320e86987e4c89_shot_001_001,sharpness,mouth,27.5724
18,923.515991,a6927ea4c0223aa08b320e86987e4c89_shot_001_001,lmd,mouth,4.161869
18,923.515991,a6927ea4c0223aa08b320e86987e4c89_shot_001_001,sync_d,mouth,9.052042
18,923.515991,a6927ea4c0223aa08b320e86987e4c89_shot_001_001,sync_c,mouth,4.705206
19,917.154785,a6927ea4c0223aa08b320e86987e4c89_shot_001_001,pixel_mse,mouth,0.03466558
19,917.154785,a6927ea4c0223aa08b320e86987e4c89_shot_001_001,pixel_mse,full,0.03026483
19,917.154785,a6927ea4c0223aa08b320e86987e4c89_shot_001_001,ssim,mouth,0.47469839
19,917.154785,a6927ea4c0223aa08b320e86987e4c89_shot_001_001,ssim,full,0.71875125
19,917.154785,a6927ea4c0223aa08b320e86987e4c89_shot_001_001,lpips,mouth,0.37235278
19,917.154785,a6927ea4c0223aa08b320e86987e4c89_shot_001_001,lpips,full,0.28143325
19,917.154785,a6927ea4c0223aa08b320e86987e4c89_shot_001_001,sharpness,mouth,27.5032
19,917.154785,a6927ea4c0223aa08b320e86987e4c89_shot_001_001,lmd,mouth,3.67409
19,917.154785,a6927ea4c0223aa08b320e86987e4c89_shot_001_001,sync_d,mouth,8.719602
19,917.154785,a6927ea4c0223aa08b320e86987e4c89_shot_001_001,sync_c,mouth,4.685805
20,910.451721,a6927ea4c0223aa08b320e86987e4c89_shot_001_001,pixel_mse,mouth,0.02898605
20,910.451721,a6927ea4c0223aa08b320e86987e4c89_shot_001_001,pixel_mse,full,0.02880316
20,910.451721,a6927ea4c0223aa08b320e86987e4c89_shot_001_001,ssim,mouth,0.50739253
20,910.451721,a6927ea4c0223aa08b320e86987e4c89_shot_001_001,ssim,full,0.72611094
20,910.451721,a6927ea4c0223aa08b320e86987e4c89_shot_001_001,lpips,mouth,0.38117537
20,910.451721,a6927ea4c0223aa08b320e86987e4c89_shot_001_001,lpips,full,0.27975214
20,910.451721,a6927ea4c0223aa08b320e86987e4c89_shot_001_001,sharpness,mouth,25.7702
20,910.451721,a6927ea4c0223aa08b320e86987e4c89_shot_001_001,lmd,mouth,4.263262
20,910.451721,a6927ea4c0223aa08b320e86987e4c89_shot_001_001,sync_d,mouth,9.725739
20,910.451721,a6927ea4c0223aa08b320e86987e4c89_shot_001_001,sync_c,mouth,3.564609
21,903.378723,a6927ea4c0223aa08b320e86987e4c89_shot_001_001,pixel_mse,mouth,0.02514996
21,903.378723,a6927ea4c0223aa08b320e86987e4c89_shot_001_001,pixel_mse,full,0.02779877
21,903.378723,a6927ea4c0223aa08b320e86987e4c89_shot_001_001,ssim,mouth,0.52380008
21,903.378723,a6927ea4c0223aa08b320e86987e4c89_shot_001_001,ssim,full,0.72867811
21,903.378723,a6927ea4c0223aa08b320e86987e4c89_shot_001_001,lpips,mouth,0.44447529
21,903.378723,a6927ea4c0223aa08b320e86987e4c89_shot_001_001,lpips,full,0.29227155
21,903.378723,a6927ea4c0223aa08b320e86987e4c89_shot_001_001,sharpness,mouth,24.9402
21,903.378723,a6927ea4c0223aa08b320e86987e4c89_shot_001_001,lmd,mouth,3.622235
21,903.378723,a6927ea4c0223aa08b320e86987e4c89_shot_001_001,sync_d,mouth,9.501182
21,903.378723,a6927ea4c0223aa08b320e86987e4c89_shot_001_001,sync_c,mouth,4.039393
22,895.903931,a6927ea4c0223aa08b320e86987e4c89_shot_001_001,pixel_mse,mouth,0.0259152
22,895.903931,a6927ea4c0223aa08b320e86987e4c89_shot_001_001,pixel_mse,full,0.02765246
22,895.903931,a6927ea4c0223aa08b320e86987e4c89_shot_001_001,ssim,mouth,0.52036482
22,895.903931,a6927ea4c0223aa08b320e86987e4c89_shot_001_001,ssim,full,0.72817081
22,895.903931,a6927ea4c0223aa08b320e86987e4c89_shot_001_001,lpips,mouth,0.46224803
22,895.903931,a6927ea4c0223aa08b320e86987e4c89_shot_001_001,lpips,full,0.29689872
22,895.903931,a6927ea4c0223aa08b320e86987e4c89_shot_001_001,sharpness,mouth,24.5095
22,895.903931,a6927ea4c0223aa08b320e86987e4c89_shot_001_001,lmd,mouth,4.302662
22,895.903931,a6927ea4c0223aa08b320e86987e4c89_shot_001_001,sync_d,mouth,10.707381
22,895.903931,a6927ea4c0223aa08b320e86987e4c89_shot_001_001,sync_c,mouth,2.904163
23,887.992493,a6927ea4c0223aa08b320e86987e4c89_shot_001_001,pixel_mse,mouth,0.02543881
23,887.992493,a6927ea4c0223aa08b320e86987e4c89_shot_001_001,pixel_mse,full,0.02741249
23,887.992493,a6927ea4c0223aa08b320e86987e4c89_shot_001_001,ssim,mouth,0.53181434
23,887.992493,a6927ea4c0223aa08b320e86987e4c89_shot_001_001,ssim,full,0.72934532
23,887.992493,a6927ea4c0223aa08b320e86987e4c89_shot_001_001,lpips,mouth,0.4682312
23,887.992493,a6927ea4c0223aa08b320e86987e4c89_shot_001_001,lpips,full,0.29446316
23,887.992493,a6927ea4c0223aa08b320e86987e4c89_shot_001_001,sharpness,mouth,26.3215
23,887.992493,a6927ea4c0223aa08b320e86987e4c89_shot_001_001,lmd,mouth,4.689417
23,887.992493,a6927ea4c0223aa08b320e86987e4c89_shot_001_001,sync_d,mouth,10.015667
23,887.992493,a6927ea4c0223aa08b320e86987e4c89_shot_001_001,sync_c,mouth,3.84389
24,879.604736,a6927ea4c0223aa08b320e86987e4c89_shot_001_001,pixel_mse,mouth,0.02560279
24,879.604736,a6927ea4c0223aa08b320e86987e4c89_shot_001_001,pixel_mse,full,0.02741544
24,879.604736,a6927ea4c0223aa08b320e86987e4c89_shot_001_001,ssim,mouth,0.53753746
24,879.604736,a6927ea4c0223aa08b320e86987e4c89_shot_001_001,ssim,full,0.73142254
24,879.604736,a6927ea4c0223aa08b320e86987e4c89_shot_001_001,lpips,mouth,0.47626412
24,879.604736,a6927ea4c0223aa08b320e86987e4c89_shot_001_001,lpips,full,0.29324841
24,879.604736,a6927ea4c0223aa08b320e86987e4c89_shot_001_001,sharpness,mouth,26.039
24,879.604736,a6927ea4c0223aa08b320e86987e4c89_shot_001_001,lmd,mouth,4.604996
24,879.604736,a6927ea4c0223aa08b320e86987e4c89_shot_001_001,sync_d,mouth,9.847581
24,879.604736,a6927ea4c0223aa08b320e86987e4c89_shot_001_001,sync_c,mouth,3.708236
25,870.696350,a6927ea4c0223aa08b320e86987e4c89_shot_001_001,pixel_mse,mouth,0.02555174
25,870.696350,a6927ea4c0223aa08b320e86987e4c89_shot_001_001,pixel_mse,full,0.02736153
25,870.696350,a6927ea4c0223aa08b320e86987e4c89_shot_001_001,ssim,mouth,0.53130937
25,870.696350,a6927ea4c0223aa08b320e86987e4c89_shot_001_001,ssim,full,0.7312395
25,870.696350,a6927ea4c0223aa08b320e86987e4c89_shot_001_001,lpips,mouth,0.47726905
25,870.696350,a6927ea4c0223aa08b320e86987e4c89_shot_001_001,lpips,full,0.29450434
25,870.696350,a6927ea4c0223aa08b320e86987e4c89_shot_001_001,sharpness,mouth,28.1483
25,870.696350,a6927ea4c0223aa08b320e86987e4c89_shot_001_001,lmd,mouth,4.657687
25,870.696350,a6927ea4c0223aa08b320e86987e4c89_shot_001_001,sync_d,mouth,10.279554
25,870.696350,a6927ea4c0223aa08b320e86987e4c89_shot_001_001,sync_c,mouth,3.706525
26,861.217407,a6927ea4c0223aa08b320e86987e4c89_shot_001_001,pixel_mse,mouth,0.0250957
26,861.217407,a6927ea4c0223aa08b320e86987e4c89_shot_001_001,pixel_mse,full,0.02750429
26,861.217407,a6927ea4c0223aa08b320e86987e4c89_shot_001_001,ssim,mouth,0.53043288
26,861.217407,a6927ea4c0223aa08b320e86987e4c89_shot_001_001,ssim,full,0.73033094
26,861.217407,a6927ea4c0223aa08b320e86987e4c89_shot_001_001,lpips,mouth,0.48026812
26,861.217407,a6927ea4c0223aa08b320e86987e4c89_shot_001_001,lpips,full,0.29372856
26,861.217407,a6927ea4c0223aa08b320e86987e4c89_shot_001_001,sharpness,mouth,30.4831
26,861.217407,a6927ea4c0223aa08b320e86987e4c89_shot_001_001,lmd,mouth,4.8483
26,861.217407,a6927ea4c0223aa08b320e86987e4c89_shot_001_001,sync_d,mouth,10.522719
26,861.217407,a6927ea4c0223aa08b320e86987e4c89_shot_001_001,sync_c,mouth,3.438015
27,851.111145,a6927ea4c0223aa08b320e86987e4c89_shot_001_001,pixel_mse,mouth,0.02470218
27,851.111145,a6927ea4c0223aa08b320e86987e4c89_shot_001_001,pixel_mse,full,0.02761599
27,851.111145,a6927ea4c0223aa08b320e86987e4c89_shot_001_001,ssim,mouth,0.53313679
27,851.111145,a6927ea4c0223aa08b320e86987e4c89_shot_001_001,ssim,full,0.73034734
27,851.111145,a6927ea4c0223aa08b320e86987e4c89_shot_001_001,lpips,mouth,0.48848447
27,851.111145,a6927ea4c0223aa08b320e86987e4c89_shot_001_001,lpips,full,0.2935639
27,851.111145,a6927ea4c0223aa08b320e86987e4c89_shot_001_001,sharpness,mouth,30.829
27,851.111145,a6927ea4c0223aa08b320e86987e4c89_shot_001_001,lmd,mouth,4.578287
27,851.111145,a6927ea4c0223aa08b320e86987e4c89_shot_001_001,sync_d,mouth,10.891205
27,851.111145,a6927ea4c0223aa08b320e86987e4c89_shot_001_001,sync_c,mouth,3.149797
28,840.313232,a6927ea4c0223aa08b320e86987e4c89_shot_001_001,pixel_mse,mouth,0.02461865
28,840.313232,a6927ea4c0223aa08b320e86987e4c89_shot_001_001,pixel_mse,full,0.02779706
28,840.313232,a6927ea4c0223aa08b320e86987e4c89_shot_001_001,ssim,mouth,0.53454626
28,840.313232,a6927ea4c0223aa08b320e86987e4c89_shot_001_001,ssim,full,0.72988296
28,840.313232,a6927ea4c0223aa08b320e86987e4c89_shot_001_001,lpips,mouth,0.48949757
28,840.313232,a6927ea4c0223aa08b320e86987e4c89_shot_001_001,lpips,full,0.29471284
28,840.313232,a6927ea4c0223aa08b320e86987e4c89_shot_001_001,sharpness,mouth,30.6103
28,840.313232,a6927ea4c0223aa08b320e86987e4c89_shot_001_001,lmd,mouth,4.818777
28,840.313232,a6927ea4c0223aa08b320e86987e4c89_shot_001_001,sync_d,mouth,11.391893
28,840.313232,a6927ea4c0223aa08b320e86987e4c89_shot_001_001,sync_c,mouth,2.716996
29,828.750244,a6927ea4c0223aa08b320e86987e4c89_shot_001_001,pixel_mse,mouth,0.0240337
29,828.750244,a6927ea4c0223aa08b320e86987e4c89_shot_001_001,pixel_mse,full,0.02789053
29,828.750244,a6927ea4c0223aa08b320e86987e4c89_shot_001_001,ssim,mouth,0.53632402
29,828.750244,a6927ea4c0223aa08b320e86987e4c89_shot_001_001,ssim,full,0.73027635
29,828.750244,a6927ea4c0223aa08b320e86987e4c89_shot_001_001,lpips,mouth,0.49345878
29,828.750244,a6927ea4c0223aa08b320e86987e4c89_shot_001_001,lpips,full,0.29588437
29,828.750244,a6927ea4c0223aa08b320e86987e4c89_shot_001_001,sharpness,mouth,32.598
29,828.750244,a6927ea4c0223aa08b320e86987e4c89_shot_001_001,lmd,mouth,5.173907
29,828.750244,a6927ea4c0223aa08b320e86987e4c89_shot_001_001,sync_d,mouth,11.579649
29,828.750244,a6927ea4c0223aa08b320e86987e4c89_shot_001_001,sync_c,mouth,2.54539
30,816.337830,a6927ea4c0223aa08b320e86987e4c89_shot_001_001,pixel_mse,mouth,0.02388374
30,816.337830,a6927ea4c0223aa08b320e86987e4c89_shot_001_001,pixel_mse,full,0.02798651
30,816.337830,a6927ea4c0223aa08b320e86987e4c89_shot_001_001,ssim,mouth,0.5400784
30,816.337830,a6927ea4c0223aa08b320e86987e4c89_shot_001_001,ssim,full,0.73069715
30,816.337830,a6927ea4c0223aa08b320e86987e4c89_shot_001_001,lpips,mouth,0.49930441
30,816.337830,a6927ea4c0223aa08b320e86987e4c89_shot_001_001,lpips,full,0.29992861
30,816.337830,a6927ea4c0223aa08b320e86987e4c89_shot_001_001,sharpness,mouth,32.8661
30,816.337830,a6927ea4c0223aa08b320e86987e4c89_shot_001_001,lmd,mouth,5.183783
30,816.337830,a6927ea4c0223aa08b320e86987e4c89_shot_001_001,sync_d,mouth,11.564484
30,816.337830,a6927ea4c0223aa08b320e86987e4c89_shot_001_001,sync_c,mouth,2.4818
31,802.978699,a6927ea4c0223aa08b320e86987e4c89_shot_001_001,pixel_mse,mouth,0.02354636
31,802.978699,a6927ea4c0223aa08b320e86987e4c89_shot_001_001,pixel_mse,full,0.02796847
31,802.978699,a6927ea4c0223aa08b320e86987e4c89_shot_001_001,ssim,mouth,0.54500234
31,802.978699,a6927ea4c0223aa08b320e86987e4c89_shot_001_001,ssim,full,0.73149419
31,802.978699,a6927ea4c0223aa08b320e86987e4c89_shot_001_001,lpips,mouth,0.50096792
31,802.978699,a6927ea4c0223aa08b320e86987e4c89_shot_001_001,lpips,full,0.30209756
31,802.978699,a6927ea4c0223aa08b320e86987e4c89_shot_001_001,sharpness,mouth,34.1813
31,802.978699,a6927ea4c0223aa08b320e86987e4c89_shot_001_001,lmd,mouth,5.520102
31,802.978699,a6927ea4c0223aa08b320e86987e4c89_shot_001_001,sync_d,mouth,11.326479
31,802.978699,a6927ea4c0223aa08b320e86987e4c89_shot_001_001,sync_c,mouth,2.632491
32,788.560242,a6927ea4c0223aa08b320e86987e4c89_shot_001_001,pixel_mse,mouth,0.02372567
32,788.560242,a6927ea4c0223aa08b320e86987e4c89_shot_001_001,pixel_mse,full,0.02800938
32,788.560242,a6927ea4c0223aa08b320e86987e4c89_shot_001_001,ssim,mouth,0.54578215
32,788.560242,a6927ea4c0223aa08b320e86987e4c89_shot_001_001,ssim,full,0.73144072
32,788.560242,a6927ea4c0223aa08b320e86987e4c89_shot_001_001,lpips,mouth,0.50028628
32,788.560242,a6927ea4c0223aa08b320e86987e4c89_shot_001_001,lpips,full,0.30432439
32,788.560242,a6927ea4c0223aa08b320e86987e4c89_shot_001_001,sharpness,mouth,35.233
32,788.560242,a6927ea4c0223aa08b320e86987e4c89_shot_001_001,lmd,mouth,5.284871
32,788.560242,a6927ea4c0223aa08b320e86987e4c89_shot_001_001,sync_d,mouth,11.460182
32,788.560242,a6927ea4c0223aa08b320e86987e4c89_shot_001_001,sync_c,mouth,2.430594
33,772.951477,a6927ea4c0223aa08b320e86987e4c89_shot_001_001,pixel_mse,mouth,0.02335925
33,772.951477,a6927ea4c0223aa08b320e86987e4c89_shot_001_001,pixel_mse,full,0.0280192
33,772.951477,a6927ea4c0223aa08b320e86987e4c89_shot_001_001,ssim,mouth,0.54863274
33,772.951477,a6927ea4c0223aa08b320e86987e4c89_shot_001_001,ssim,full,0.73178178
33,772.951477,a6927ea4c0223aa08b320e86987e4c89_shot_001_001,lpips,mouth,0.5069257
33,772.951477,a6927ea4c0223aa08b320e86987e4c89_shot_001_001,lpips,full,0.30610651
33,772.951477,a6927ea4c0223aa08b320e86987e4c89_shot_001_001,sharpness,mouth,33.9683
33,772.951477,a6927ea4c0223aa08b320e86987e4c89_shot_001_001,lmd,mouth,5.758617
33,772.951477,a6927ea4c0223aa08b320e86987e4c89_shot_001_001,sync_d,mouth,11.452007
33,772.951477,a6927ea4c0223aa08b320e86987e4c89_shot_001_001,sync_c,mouth,2.381281
34,755.998352,a6927ea4c0223aa08b320e86987e4c89_shot_001_001,pixel_mse,mouth,0.02284594
34,755.998352,a6927ea4c0223aa08b320e86987e4c89_shot_001_001,pixel_mse,full,0.02807121
34,755.998352,a6927ea4c0223aa08b320e86987e4c89_shot_001_001,ssim,mouth,0.55244964
34,755.998352,a6927ea4c0223aa08b320e86987e4c89_shot_001_001,ssim,full,0.73158127
34,755.998352,a6927ea4c0223aa08b320e86987e4c89_shot_001_001,lpips,mouth,0.51076049
34,755.998352,a6927ea4c0223aa08b320e86987e4c89_shot_001_001,lpips,full,0.30811331
34,755.998352,a6927ea4c0223aa08b320e86987e4c89_shot_001_001,sharpness,mouth,32.3183
34,755.998352,a6927ea4c0223aa08b320e86987e4c89_shot_001_001,lmd,mouth,5.705996
34,755.998352,a6927ea4c0223aa08b320e86987e4c89_shot_001_001,sync_d,mouth,11.387755
34,755.998352,a6927ea4c0223aa08b320e86987e4c89_shot_001_001,sync_c,mouth,2.512769
35,737.519714,a6927ea4c0223aa08b320e86987e4c89_shot_001_001,pixel_mse,mouth,0.02260923
35,737.519714,a6927ea4c0223aa08b320e86987e4c89_shot_001_001,pixel_mse,full,0.02812725
35,737.519714,a6927ea4c0223aa08b320e86987e4c89_shot_001_001,ssim,mouth,0.55540943
35,737.519714,a6927ea4c0223aa08b320e86987e4c89_shot_001_001,ssim,full,0.73170012
35,737.519714,a6927ea4c0223aa08b320e86987e4c89_shot_001_001,lpips,mouth,0.51416916
35,737.519714,a6927ea4c0223aa08b320e86987e4c89_shot_001_001,lpips,full,0.3103981
35,737.519714,a6927ea4c0223aa08b320e86987e4c89_shot_001_001,sharpness,mouth,31.7783
35,737.519714,a6927ea4c0223aa08b320e86987e4c89_shot_001_001,lmd,mouth,5.675204
35,737.519714,a6927ea4c0223aa08b320e86987e4c89_shot_001_001,sync_d,mouth,11.691437
35,737.519714,a6927ea4c0223aa08b320e86987e4c89_shot_001_001,sync_c,mouth,2.056808
36,717.299683,a6927ea4c0223aa08b320e86987e4c89_shot_001_001,pixel_mse,mouth,0.02240406
36,717.299683,a6927ea4c0223aa08b320e86987e4c89_shot_001_001,pixel_mse,full,0.02810777
36,717.299683,a6927ea4c0223aa08b320e86987e4c89_shot_001_001,ssim,mouth,0.55765712
36,717.299683,a6927ea4c0223aa08b320e86987e4c89_shot_001_001,ssim,full,0.73183656
36,717.299683,a6927ea4c0223aa08b320e86987e4c89_shot_001_001,lpips,mouth,0.51525891
36,717.299683,a6927ea4c0223aa08b320e86987e4c89_shot_001_001,lpips,full,0.31017318
36,717.299683,a6927ea4c0223aa08b320e86987e4c89_shot_001_001,sharpness,mouth,31.0569
36,717.299683,a6927ea4c0223aa08b320e86987e4c89_shot_001_001,lmd,mouth,5.96762
36,717.299683,a6927ea4c0223aa08b320e86987e4c89_shot_001_001,sync_d,mouth,11.615919
36,717.299683,a6927ea4c0223aa08b320e86987e4c89_shot_001_001,sync_c,mouth,1.92202
37,695.080139,a6927ea4c0223aa08b320e86987e4c89_shot_001_001,pixel_mse,mouth,0.02226626
37,695.080139,a6927ea4c0223aa08b320e86987e4c89_shot_001_001,pixel_mse,full,0.0281119
37,695.080139,a6927ea4c0223aa08b320e86987e4c89_shot_001_001,ssim,mouth,0.55822402
37,695.080139,a6927ea4c0223aa08b320e86987e4c89_shot_001_001,ssim,full,0.73218316
37,695.080139,a6927ea4c0223aa08b320e86987e4c89_shot_001_001,lpips,mouth,0.51717049
37,695.080139,a6927ea4c0223aa08b320e86987e4c89_shot_001_001,lpips,full,0.31088671
37,695.080139,a6927ea4c0223aa08b320e86987e4c89_shot_001_001,sharpness,mouth,32.4605
37,695.080139,a6927ea4c0223aa08b320e86987e4c89_shot_001_001,lmd,mouth,5.859666
37,695.080139,a6927ea4c0223aa08b320e86987e4c89_shot_001_001,sync_d,mouth,11.330449
37,695.080139,a6927ea4c0223aa08b320e86987e4c89_shot_001_001,sync_c,mouth,1.948717
38,670.548828,a6927ea4c0223aa08b320e86987e4c89_shot_001_001,pixel_mse,mouth,0.02229294
38,670.548828,a6927ea4c0223aa08b320e86987e4c89_shot_001_001,pixel_mse,full,0.02819623
38,670.548828,a6927ea4c0223aa08b320e86987e4c89_shot_001_001,ssim,mouth,0.56062239
38,670.548828,a6927ea4c0223aa08b320e86987e4c89_shot_001_001,ssim,full,0.7324006
38,670.548828,a6927ea4c0223aa08b320e86987e4c89_shot_001_001,lpips,mouth,0.51824087
38,670.548828,a6927ea4c0223aa08b320e86987e4c89_shot_001_001,lpips,full,0.31140125
38,670.548828,a6927ea4c0223aa08b320e86987e4c89_shot_001_001,sharpness,mouth,32.2365
38,670.548828,a6927ea4c0223aa08b320e86987e4c89_shot_001_001,lmd,mouth,6.299729
38,670.548828,a6927ea4c0223aa08b320e86987e4c89_shot_001_001,sync_d,mouth,11.809173
38,670.548828,a6927ea4c0223aa08b320e86987e4c89_shot_001_001,sync_c,mouth,1.530871
39,643.325317,a6927ea4c0223aa08b320e86987e4c89_shot_001_001,pixel_mse,mouth,0.02231711
39,643.325317,a6927ea4c0223aa08b320e86987e4c89_shot_001_001,pixel_mse,full,0.02829108
39,643.325317,a6927ea4c0223aa08b320e86987e4c89_shot_001_001,ssim,mouth,0.56245613
39,643.325317,a6927ea4c0223aa08b320e86987e4c89_shot_001_001,ssim,full,0.73235655
39,643.325317,a6927ea4c0223aa08b320e86987e4c89_shot_001_001,lpips,mouth,0.51836562
39,643.325317,a6927ea4c0223aa08b320e86987e4c89_shot_001_001,lpips,full,0.31264287
39,643.325317,a6927ea4c0223aa08b320e86987e4c89_shot_001_001,sharpness,mouth,31.67
39,643.325317,a6927ea4c0223aa08b320e86987e4c89_shot_001_001,lmd,mouth,6.291362
39,643.325317,a6927ea4c0223aa08b320e86987e4c89_shot_001_001,sync_d,mouth,11.542847
39,643.325317,a6927ea4c0223aa08b320e86987e4c89_shot_001_001,sync_c,mouth,1.745317
40,612.940735,a6927ea4c0223aa08b320e86987e4c89_shot_001_001,pixel_mse,mouth,0.0219935
40,612.940735,a6927ea4c0223aa08b320e86987e4c89_shot_001_001,pixel_mse,full,0.02840283
40,612.940735,a6927ea4c0223aa08b320e86987e4c89_shot_001_001,ssim,mouth,0.56505179
40,612.940735,a6927ea4c0223aa08b320e86987e4c89_shot_001_001,ssim,full,0.73220009
40,612.940735,a6927ea4c0223aa08b320e86987e4c89_shot_001_001,lpips,mouth,0.51680815
40,612.940735,a6927ea4c0223aa08b320e86987e4c89_shot_001_001,lpips,full,0.31223023
40,612.940735,a6927ea4c0223aa08b320e86987e4c89_shot_001_001,sharpness,mouth,31.872
40,612.940735,a6927ea4c0223aa08b320e86987e4c89_shot_001_001,lmd,mouth,6.331462
40,612.940735,a6927ea4c0223aa08b320e86987e4c89_shot_001_001,sync_d,mouth,11.530711
40,612.940735,a6927ea4c0223aa08b320e86987e4c89_shot_001_001,sync_c,mouth,1.669678
41,578.810425,a6927ea4c0223aa08b320e86987e4c89_shot_001_001,pixel_mse,mouth,0.02183264
41,578.810425,a6927ea4c0223aa08b320e86987e4c89_shot_001_001,pixel_mse,full,0.02849405
41,578.810425,a6927ea4c0223aa08b320e86987e4c89_shot_001_001,ssim,mouth,0.56903696
41,578.810425,a6927ea4c0223aa08b320e86987e4c89_shot_001_001,ssim,full,0.73306662
41,578.810425,a6927ea4c0223aa08b320e86987e4c89_shot_001_001,lpips,mouth,0.51863658
41,578.810425,a6927ea4c0223aa08b320e86987e4c89_shot_001_001,lpips,full,0.3128753
41,578.810425,a6927ea4c0223aa08b320e86987e4c89_shot_001_001,sharpness,mouth,30.9047
41,578.810425,a6927ea4c0223aa08b320e86987e4c89_shot_001_001,lmd,mouth,6.366728
41,578.810425,a6927ea4c0223aa08b320e86987e4c89_shot_001_001,sync_d,mouth,12.20523
41,578.810425,a6927ea4c0223aa08b320e86987e4c89_shot_001_001,sync_c,mouth,1.194972
42,540.196350,a6927ea4c0223aa08b320e86987e4c89_shot_001_001,pixel_mse,mouth,0.02206063
42,540.196350,a6927ea4c0223aa08b320e86987e4c89_shot_001_001,pixel_mse,full,0.02858787
42,540.196350,a6927ea4c0223aa08b320e86987e4c89_shot_001_001,ssim,mouth,0.56943548
42,540.196350,a6927ea4c0223aa08b320e86987e4c89_shot_001_001,ssim,full,0.73285937
42,540.196350,a6927ea4c0223aa08b320e86987e4c89_shot_001_001,lpips,mouth,0.52161753
42,540.196350,a6927ea4c0223aa08b320e86987e4c89_shot_001_001,lpips,full,0.31539598
42,540.196350,a6927ea4c0223aa08b320e86987e4c89_shot_001_001,sharpness,mouth,29.3613
42,540.196350,a6927ea4c0223aa08b320e86987e4c89_shot_001_001,lmd,mouth,6.824032
42,540.196350,a6927ea4c0223aa08b320e86987e4c89_shot_001_001,sync_d,mouth,12.420057
42,540.196350,a6927ea4c0223aa08b320e86987e4c89_shot_001_001,sync_c,mouth,0.847859
43,496.152893,a6927ea4c0223aa08b320e86987e4c89_shot_001_001,pixel_mse,mouth,0.02227078
43,496.152893,a6927ea4c0223aa08b320e86987e4c89_shot_001_001,pixel_mse,full,0.02868156
43,496.152893,a6927ea4c0223aa08b320e86987e4c89_shot_001_001,ssim,mouth,0.5682379
43,496.152893,a6927ea4c0223aa08b320e86987e4c89_shot_001_001,ssim,full,0.73285013
43,496.152893,a6927ea4c0223aa08b320e86987e4c89_shot_001_001,lpips,mouth,0.52719903
43,496.152893,a6927ea4c0223aa08b320e86987e4c89_shot_001_001,lpips,full,0.31754622
43,496.152893,a6927ea4c0223aa08b320e86987e4c89_shot_001_001,sharpness,mouth,29.3254
43,496.152893,a6927ea4c0223aa08b320e86987e4c89_shot_001_001,lmd,mouth,6.883207
43,496.152893,a6927ea4c0223aa08b320e86987e4c89_shot_001_001,sync_d,mouth,12.717446
43,496.152893,a6927ea4c0223aa08b320e86987e4c89_shot_001_001,sync_c,mouth,0.868275
44,445.448151,a6927ea4c0223aa08b320e86987e4c89_shot_001_001,pixel_mse,mouth,0.02211822
44,445.448151,a6927ea4c0223aa08b320e86987e4c89_shot_001_001,pixel_mse,full,0.028774
44,445.448151,a6927ea4c0223aa08b320e86987e4c89_shot_001_001,ssim,mouth,0.57019842
44,445.448151,a6927ea4c0223aa08b320e86987e4c89_shot_001_001,ssim,full,0.73328161
44,445.448151,a6927ea4c0223aa08b320e86987e4c89_shot_001_001,lpips,mouth,0.53033042
44,445.448151,a6927ea4c0223aa08b320e86987e4c89_shot_001_001,lpips,full,0.3194778
44,445.448151,a6927ea4c0223aa08b320e86987e4c89_shot_001_001,sharpness,mouth,29.0996
44,445.448151,a6927ea4c0223aa08b320e86987e4c89_shot_001_001,lmd,mouth,7.536577
44,445.448151,a6927ea4c0223aa08b320e86987e4c89_shot_001_001,sync_d,mouth,13.020835
44,445.448151,a6927ea4c0223aa08b320e86987e4c89_shot_001_001,sync_c,mouth,0.679263
45,386.447418,a6927ea4c0223aa08b320e86987e4c89_shot_001_001,pixel_mse,mouth,0.02216266
45,386.447418,a6927ea4c0223aa08b320e86987e4c89_shot_001_001,pixel_mse,full,0.02885921
45,386.447418,a6927ea4c0223aa08b320e86987e4c89_shot_001_001,ssim,mouth,0.57159549
45,386.447418,a6927ea4c0223aa08b320e86987e4c89_shot_001_001,ssim,full,0.73379147
45,386.447418,a6927ea4c0223aa08b320e86987e4c89_shot_001_001,lpips,mouth,0.53205794
45,386.447418,a6927ea4c0223aa08b320e86987e4c89_shot_001_001,lpips,full,0.32048678
45,386.447418,a6927ea4c0223aa08b320e86987e4c89_shot_001_001,sharpness,mouth,28.8707
45,386.447418,a6927ea4c0223aa08b320e86987e4c89_shot_001_001,lmd,mouth,7.618886
45,386.447418,a6927ea4c0223aa08b320e86987e4c89_shot_001_001,sync_d,mouth,13.021676
45,386.447418,a6927ea4c0223aa08b320e86987e4c89_shot_001_001,sync_c,mouth,0.745046
46,316.933258,a6927ea4c0223aa08b320e86987e4c89_shot_001_001,pixel_mse,mouth,0.02223624
46,316.933258,a6927ea4c0223aa08b320e86987e4c89_shot_001_001,pixel_mse,full,0.02903396
46,316.933258,a6927ea4c0223aa08b320e86987e4c89_shot_001_001,ssim,mouth,0.5732618
46,316.933258,a6927ea4c0223aa08b320e86987e4c89_shot_001_001,ssim,full,0.73404682
46,316.933258,a6927ea4c0223aa08b320e86987e4c89_shot_001_001,lpips,mouth,0.53626758
46,316.933258,a6927ea4c0223aa08b320e86987e4c89_shot_001_001,lpips,full,0.32252154
46,316.933258,a6927ea4c0223aa08b320e86987e4c89_shot_001_001,sharpness,mouth,28.0649
46,316.933258,a6927ea4c0223aa08b320e86987e4c89_shot_001_001,lmd,mouth,8.061669
46,316.933258,a6927ea4c0223aa08b320e86987e4c89_shot_001_001,sync_d,mouth,13.127206
46,316.933258,a6927ea4c0223aa08b320e86987e4c89_shot_001_001,sync_c,mouth,0.833052
47,233.820694,a6927ea4c0223aa08b320e86987e4c89_shot_001_001,pixel_mse,mouth,0.02229787
47,233.820694,a6927ea4c0223aa08b320e86987e4c89_shot_001_001,pixel_mse,full,0.02916173
47,233.820694,a6927ea4c0223aa08b320e86987e4c89_shot_001_001,ssim,mouth,0.57360059
47,233.820694,a6927ea4c0223aa08b320e86987e4c89_shot_001_001,ssim,full,0.73404986
47,233.820694,a6927ea4c0223aa08b320e86987e4c89_shot_001_001,lpips,mouth,0.53583109
47,233.820694,a6927ea4c0223aa08b320e86987e4c89_shot_001_001,lpips,full,0.32386112
47,233.820694,a6927ea4c0223aa08b320e86987e4c89_shot_001_001,sharpness,mouth,28.0775
47,233.820694,a6927ea4c0223aa08b320e86987e4c89_shot_001_001,lmd,mouth,8.159714
47,233.820694,a6927ea4c0223aa08b320e86987e4c89_shot_001_001,sync_d,mouth,13.315265
47,233.820694,a6927ea4c0223aa08b320e86987e4c89_shot_001_001,sync_c,mouth,0.752144
48,132.687027,a6927ea4c0223aa08b320e86987e4c89_shot_001_001,pixel_mse,mouth,0.02245271
48,132.687027,a6927ea4c0223aa08b320e86987e4c89_shot_001_001,pixel_mse,full,0.02939842
48,132.687027,a6927ea4c0223aa08b320e86987e4c89_shot_001_001,ssim,mouth,0.57356817
48,132.687027,a6927ea4c0223aa08b320e86987e4c89_shot_001_001,ssim,full,0.73366165
48,132.687027,a6927ea4c0223aa08b320e86987e4c89_shot_001_001,lpips,mouth,0.53717977
48,132.687027,a6927ea4c0223aa08b320e86987e4c89_shot_001_001,lpips,full,0.32587135
48,132.687027,a6927ea4c0223aa08b320e86987e4c89_shot_001_001,sharpness,mouth,27.8955
48,132.687027,a6927ea4c0223aa08b320e86987e4c89_shot_001_001,lmd,mouth,8.0187
48,132.687027,a6927ea4c0223aa08b320e86987e4c89_shot_001_001,sync_d,mouth,13.098639
48,132.687027,a6927ea4c0223aa08b320e86987e4c89_shot_001_001,sync_c,mouth,0.887026
49,6.958251,a6927ea4c0223aa08b320e86987e4c89_shot_001_001,pixel_mse,mouth,0.02246568
49,6.958251,a6927ea4c0223aa08b320e86987e4c89_shot_001_001,pixel_mse,full,0.02959051
49,6.958251,a6927ea4c0223aa08b320e86987e4c89_shot_001_001,ssim,mouth,0.57261419
49,6.958251,a6927ea4c0223aa08b320e86987e4c89_shot_001_001,ssim,full,0.73174387
49,6.958251,a6927ea4c0223aa08b320e86987e4c89_shot_001_001,lpips,mouth,0.52302271
49,6.958251,a6927ea4c0223aa08b320e86987e4c89_shot_001_001,lpips,full,0.32296523
49,6.958251,a6927ea4c0223aa08b320e86987e4c89_shot_001_001,sharpness,mouth,21.4992
49,6.958251,a6927ea4c0223aa08b320e86987e4c89_shot_001_001,lmd,mouth,8.239469
49,6.958251,a6927ea4c0223aa08b320e86987e4c89_shot_001_001,sync_d,mouth,12.680929
49,6.958251,a6927ea4c0223aa08b320e86987e4c89_shot_001_001,sync_c,mouth,1.201922
-1,gt,283979598869ec6d8c5cdbe66eb5ecb8_shot_001_000,sharpness,mouth,16.4668
-1,gt,283979598869ec6d8c5cdbe66eb5ecb8_shot_001_000,sync_d,mouth,8.405603
-1,gt,283979598869ec6d8c5cdbe66eb5ecb8_shot_001_000,sync_c,mouth,4.753981
0,1000.000000,283979598869ec6d8c5cdbe66eb5ecb8_shot_001_000,pixel_mse,mouth,0.03514512
0,1000.000000,283979598869ec6d8c5cdbe66eb5ecb8_shot_001_000,pixel_mse,full,0.01105665
0,1000.000000,283979598869ec6d8c5cdbe66eb5ecb8_shot_001_000,ssim,mouth,0.54983366
0,1000.000000,283979598869ec6d8c5cdbe66eb5ecb8_shot_001_000,ssim,full,0.67512977
0,1000.000000,283979598869ec6d8c5cdbe66eb5ecb8_shot_001_000,lpips,mouth,0.41761762
0,1000.000000,283979598869ec6d8c5cdbe66eb5ecb8_shot_001_000,lpips,full,0.32307839
0,1000.000000,283979598869ec6d8c5cdbe66eb5ecb8_shot_001_000,sharpness,mouth,11.6395
0,1000.000000,283979598869ec6d8c5cdbe66eb5ecb8_shot_001_000,lmd,mouth,3.67431
0,1000.000000,283979598869ec6d8c5cdbe66eb5ecb8_shot_001_000,sync_d,mouth,11.679467
0,1000.000000,283979598869ec6d8c5cdbe66eb5ecb8_shot_001_000,sync_c,mouth,0.98429
1,997.035706,283979598869ec6d8c5cdbe66eb5ecb8_shot_001_000,pixel_mse,mouth,0.04454932
1,997.035706,283979598869ec6d8c5cdbe66eb5ecb8_shot_001_000,pixel_mse,full,0.01534381
1,997.035706,283979598869ec6d8c5cdbe66eb5ecb8_shot_001_000,ssim,mouth,0.50412738
1,997.035706,283979598869ec6d8c5cdbe66eb5ecb8_shot_001_000,ssim,full,0.64195216
1,997.035706,283979598869ec6d8c5cdbe66eb5ecb8_shot_001_000,lpips,mouth,0.44284627
1,997.035706,283979598869ec6d8c5cdbe66eb5ecb8_shot_001_000,lpips,full,0.35316733
1,997.035706,283979598869ec6d8c5cdbe66eb5ecb8_shot_001_000,sharpness,mouth,10.6796
1,997.035706,283979598869ec6d8c5cdbe66eb5ecb8_shot_001_000,lmd,mouth,3.182552
1,997.035706,283979598869ec6d8c5cdbe66eb5ecb8_shot_001_000,sync_d,mouth,12.51381
1,997.035706,283979598869ec6d8c5cdbe66eb5ecb8_shot_001_000,sync_c,mouth,0.528419
2,993.963867,283979598869ec6d8c5cdbe66eb5ecb8_shot_001_000,pixel_mse,mouth,0.02566345
2,993.963867,283979598869ec6d8c5cdbe66eb5ecb8_shot_001_000,pixel_mse,full,0.01096881
2,993.963867,283979598869ec6d8c5cdbe66eb5ecb8_shot_001_000,ssim,mouth,0.52319449
2,993.963867,283979598869ec6d8c5cdbe66eb5ecb8_shot_001_000,ssim,full,0.66960859
2,993.963867,283979598869ec6d8c5cdbe66eb5ecb8_shot_001_000,lpips,mouth,0.43327552
2,993.963867,283979598869ec6d8c5cdbe66eb5ecb8_shot_001_000,lpips,full,0.34621009
2,993.963867,283979598869ec6d8c5cdbe66eb5ecb8_shot_001_000,sharpness,mouth,10.0519
2,993.963867,283979598869ec6d8c5cdbe66eb5ecb8_shot_001_000,lmd,mouth,3.061786
2,993.963867,283979598869ec6d8c5cdbe66eb5ecb8_shot_001_000,sync_d,mouth,12.248115
2,993.963867,283979598869ec6d8c5cdbe66eb5ecb8_shot_001_000,sync_c,mouth,0.625726
3,990.779053,283979598869ec6d8c5cdbe66eb5ecb8_shot_001_000,pixel_mse,mouth,0.01396902
3,990.779053,283979598869ec6d8c5cdbe66eb5ecb8_shot_001_000,pixel_mse,full,0.00863233
3,990.779053,283979598869ec6d8c5cdbe66eb5ecb8_shot_001_000,ssim,mouth,0.57418174
3,990.779053,283979598869ec6d8c5cdbe66eb5ecb8_shot_001_000,ssim,full,0.69066542
3,990.779053,283979598869ec6d8c5cdbe66eb5ecb8_shot_001_000,lpips,mouth,0.40670183
3,990.779053,283979598869ec6d8c5cdbe66eb5ecb8_shot_001_000,lpips,full,0.32596213
3,990.779053,283979598869ec6d8c5cdbe66eb5ecb8_shot_001_000,sharpness,mouth,9.9595
3,990.779053,283979598869ec6d8c5cdbe66eb5ecb8_shot_001_000,lmd,mouth,2.474719
3,990.779053,283979598869ec6d8c5cdbe66eb5ecb8_shot_001_000,sync_d,mouth,11.407146
3,990.779053,283979598869ec6d8c5cdbe66eb5ecb8_shot_001_000,sync_c,mouth,1.025019
4,987.474243,283979598869ec6d8c5cdbe66eb5ecb8_shot_001_000,pixel_mse,mouth,0.0148516
4,987.474243,283979598869ec6d8c5cdbe66eb5ecb8_shot_001_000,pixel_mse,full,0.00894804
4,987.474243,283979598869ec6d8c5cdbe66eb5ecb8_shot_001_000,ssim,mouth,0.55995238
4,987.474243,283979598869ec6d8c5cdbe66eb5ecb8_shot_001_000,ssim,full,0.69418806
4,987.474243,283979598869ec6d8c5cdbe66eb5ecb8_shot_001_000,lpips,mouth,0.39501214
4,987.474243,283979598869ec6d8c5cdbe66eb5ecb8_shot_001_000,lpips,full,0.31029657
4,987.474243,283979598869ec6d8c5cdbe66eb5ecb8_shot_001_000,sharpness,mouth,12.3644
4,987.474243,283979598869ec6d8c5cdbe66eb5ecb8_shot_001_000,lmd,mouth,2.342923
4,987.474243,283979598869ec6d8c5cdbe66eb5ecb8_shot_001_000,sync_d,mouth,11.142597
4,987.474243,283979598869ec6d8c5cdbe66eb5ecb8_shot_001_000,sync_c,mouth,1.855321
5,984.043091,283979598869ec6d8c5cdbe66eb5ecb8_shot_001_000,pixel_mse,mouth,0.01390363
5,984.043091,283979598869ec6d8c5cdbe66eb5ecb8_shot_001_000,pixel_mse,full,0.00949822
5,984.043091,283979598869ec6d8c5cdbe66eb5ecb8_shot_001_000,ssim,mouth,0.5651722
5,984.043091,283979598869ec6d8c5cdbe66eb5ecb8_shot_001_000,ssim,full,0.68808508
5,984.043091,283979598869ec6d8c5cdbe66eb5ecb8_shot_001_000,lpips,mouth,0.37479782
5,984.043091,283979598869ec6d8c5cdbe66eb5ecb8_shot_001_000,lpips,full,0.31137061
5,984.043091,283979598869ec6d8c5cdbe66eb5ecb8_shot_001_000,sharpness,mouth,13.3815
5,984.043091,283979598869ec6d8c5cdbe66eb5ecb8_shot_001_000,lmd,mouth,2.117229
5,984.043091,283979598869ec6d8c5cdbe66eb5ecb8_shot_001_000,sync_d,mouth,10.545213
5,984.043091,283979598869ec6d8c5cdbe66eb5ecb8_shot_001_000,sync_c,mouth,2.541939
6,980.477844,283979598869ec6d8c5cdbe66eb5ecb8_shot_001_000,pixel_mse,mouth,0.01397178
6,980.477844,283979598869ec6d8c5cdbe66eb5ecb8_shot_001_000,pixel_mse,full,0.00974471
6,980.477844,283979598869ec6d8c5cdbe66eb5ecb8_shot_001_000,ssim,mouth,0.55836272
6,980.477844,283979598869ec6d8c5cdbe66eb5ecb8_shot_001_000,ssim,full,0.6789726
6,980.477844,283979598869ec6d8c5cdbe66eb5ecb8_shot_001_000,lpips,mouth,0.36896107
6,980.477844,283979598869ec6d8c5cdbe66eb5ecb8_shot_001_000,lpips,full,0.31573609
6,980.477844,283979598869ec6d8c5cdbe66eb5ecb8_shot_001_000,sharpness,mouth,13.9799
6,980.477844,283979598869ec6d8c5cdbe66eb5ecb8_shot_001_000,lmd,mouth,2.121283
6,980.477844,283979598869ec6d8c5cdbe66eb5ecb8_shot_001_000,sync_d,mouth,10.038098
6,980.477844,283979598869ec6d8c5cdbe66eb5ecb8_shot_001_000,sync_c,mouth,3.513879
7,976.770691,283979598869ec6d8c5cdbe66eb5ecb8_shot_001_000,pixel_mse,mouth,0.01156669
7,976.770691,283979598869ec6d8c5cdbe66eb5ecb8_shot_001_000,pixel_mse,full,0.00903182
7,976.770691,283979598869ec6d8c5cdbe66eb5ecb8_shot_001_000,ssim,mouth,0.57499456
7,976.770691,283979598869ec6d8c5cdbe66eb5ecb8_shot_001_000,ssim,full,0.68043375
7,976.770691,283979598869ec6d8c5cdbe66eb5ecb8_shot_001_000,lpips,mouth,0.35744488
7,976.770691,283979598869ec6d8c5cdbe66eb5ecb8_shot_001_000,lpips,full,0.30665106
7,976.770691,283979598869ec6d8c5cdbe66eb5ecb8_shot_001_000,sharpness,mouth,14.603
7,976.770691,283979598869ec6d8c5cdbe66eb5ecb8_shot_001_000,lmd,mouth,2.650552
7,976.770691,283979598869ec6d8c5cdbe66eb5ecb8_shot_001_000,sync_d,mouth,9.573333
7,976.770691,283979598869ec6d8c5cdbe66eb5ecb8_shot_001_000,sync_c,mouth,3.892442
8,972.912842,283979598869ec6d8c5cdbe66eb5ecb8_shot_001_000,pixel_mse,mouth,0.01318669
8,972.912842,283979598869ec6d8c5cdbe66eb5ecb8_shot_001_000,pixel_mse,full,0.00853344
8,972.912842,283979598869ec6d8c5cdbe66eb5ecb8_shot_001_000,ssim,mouth,0.54914224
8,972.912842,283979598869ec6d8c5cdbe66eb5ecb8_shot_001_000,ssim,full,0.6923154
8,972.912842,283979598869ec6d8c5cdbe66eb5ecb8_shot_001_000,lpips,mouth,0.35481459
8,972.912842,283979598869ec6d8c5cdbe66eb5ecb8_shot_001_000,lpips,full,0.29126701
8,972.912842,283979598869ec6d8c5cdbe66eb5ecb8_shot_001_000,sharpness,mouth,21.6744
8,972.912842,283979598869ec6d8c5cdbe66eb5ecb8_shot_001_000,lmd,mouth,3.124441
8,972.912842,283979598869ec6d8c5cdbe66eb5ecb8_shot_001_000,sync_d,mouth,9.100909
8,972.912842,283979598869ec6d8c5cdbe66eb5ecb8_shot_001_000,sync_c,mouth,4.402431
9,968.895081,283979598869ec6d8c5cdbe66eb5ecb8_shot_001_000,pixel_mse,mouth,0.01375724
9,968.895081,283979598869ec6d8c5cdbe66eb5ecb8_shot_001_000,pixel_mse,full,0.00807699
9,968.895081,283979598869ec6d8c5cdbe66eb5ecb8_shot_001_000,ssim,mouth,0.53587049
9,968.895081,283979598869ec6d8c5cdbe66eb5ecb8_shot_001_000,ssim,full,0.69677562
9,968.895081,283979598869ec6d8c5cdbe66eb5ecb8_shot_001_000,lpips,mouth,0.35337195
9,968.895081,283979598869ec6d8c5cdbe66eb5ecb8_shot_001_000,lpips,full,0.27892831
9,968.895081,283979598869ec6d8c5cdbe66eb5ecb8_shot_001_000,sharpness,mouth,30.8961
9,968.895081,283979598869ec6d8c5cdbe66eb5ecb8_shot_001_000,lmd,mouth,3.132397
9,968.895081,283979598869ec6d8c5cdbe66eb5ecb8_shot_001_000,sync_d,mouth,8.925185
9,968.895081,283979598869ec6d8c5cdbe66eb5ecb8_shot_001_000,sync_c,mouth,4.628369
10,964.707153,283979598869ec6d8c5cdbe66eb5ecb8_shot_001_000,pixel_mse,mouth,0.01432382
10,964.707153,283979598869ec6d8c5cdbe66eb5ecb8_shot_001_000,pixel_mse,full,0.00747038
10,964.707153,283979598869ec6d8c5cdbe66eb5ecb8_shot_001_000,ssim,mouth,0.52529067
10,964.707153,283979598869ec6d8c5cdbe66eb5ecb8_shot_001_000,ssim,full,0.70157439
10,964.707153,283979598869ec6d8c5cdbe66eb5ecb8_shot_001_000,lpips,mouth,0.3542493
10,964.707153,283979598869ec6d8c5cdbe66eb5ecb8_shot_001_000,lpips,full,0.27380949
10,964.707153,283979598869ec6d8c5cdbe66eb5ecb8_shot_001_000,sharpness,mouth,34.052
10,964.707153,283979598869ec6d8c5cdbe66eb5ecb8_shot_001_000,lmd,mouth,3.007979
10,964.707153,283979598869ec6d8c5cdbe66eb5ecb8_shot_001_000,sync_d,mouth,7.77791
10,964.707153,283979598869ec6d8c5cdbe66eb5ecb8_shot_001_000,sync_c,mouth,5.370882
11,960.337952,283979598869ec6d8c5cdbe66eb5ecb8_shot_001_000,pixel_mse,mouth,0.01482822
11,960.337952,283979598869ec6d8c5cdbe66eb5ecb8_shot_001_000,pixel_mse,full,0.00716978
11,960.337952,283979598869ec6d8c5cdbe66eb5ecb8_shot_001_000,ssim,mouth,0.51327825
11,960.337952,283979598869ec6d8c5cdbe66eb5ecb8_shot_001_000,ssim,full,0.70694137
11,960.337952,283979598869ec6d8c5cdbe66eb5ecb8_shot_001_000,lpips,mouth,0.35380828
11,960.337952,283979598869ec6d8c5cdbe66eb5ecb8_shot_001_000,lpips,full,0.25935245
11,960.337952,283979598869ec6d8c5cdbe66eb5ecb8_shot_001_000,sharpness,mouth,28.2345
11,960.337952,283979598869ec6d8c5cdbe66eb5ecb8_shot_001_000,lmd,mouth,3.106691
11,960.337952,283979598869ec6d8c5cdbe66eb5ecb8_shot_001_000,sync_d,mouth,7.976897
11,960.337952,283979598869ec6d8c5cdbe66eb5ecb8_shot_001_000,sync_c,mouth,4.9997
12,955.775635,283979598869ec6d8c5cdbe66eb5ecb8_shot_001_000,pixel_mse,mouth,0.01516328
12,955.775635,283979598869ec6d8c5cdbe66eb5ecb8_shot_001_000,pixel_mse,full,0.00727093
12,955.775635,283979598869ec6d8c5cdbe66eb5ecb8_shot_001_000,ssim,mouth,0.47927132
12,955.775635,283979598869ec6d8c5cdbe66eb5ecb8_shot_001_000,ssim,full,0.7044813
12,955.775635,283979598869ec6d8c5cdbe66eb5ecb8_shot_001_000,lpips,mouth,0.35986054
12,955.775635,283979598869ec6d8c5cdbe66eb5ecb8_shot_001_000,lpips,full,0.25586581
12,955.775635,283979598869ec6d8c5cdbe66eb5ecb8_shot_001_000,sharpness,mouth,27.4133
12,955.775635,283979598869ec6d8c5cdbe66eb5ecb8_shot_001_000,lmd,mouth,3.5294
12,955.775635,283979598869ec6d8c5cdbe66eb5ecb8_shot_001_000,sync_d,mouth,8.127295
12,955.775635,283979598869ec6d8c5cdbe66eb5ecb8_shot_001_000,sync_c,mouth,4.620402
13,951.006897,283979598869ec6d8c5cdbe66eb5ecb8_shot_001_000,pixel_mse,mouth,0.01961788
13,951.006897,283979598869ec6d8c5cdbe66eb5ecb8_shot_001_000,pixel_mse,full,0.00789805
13,951.006897,283979598869ec6d8c5cdbe66eb5ecb8_shot_001_000,ssim,mouth,0.38804212
13,951.006897,283979598869ec6d8c5cdbe66eb5ecb8_shot_001_000,ssim,full,0.69639707
13,951.006897,283979598869ec6d8c5cdbe66eb5ecb8_shot_001_000,lpips,mouth,0.40274999
13,951.006897,283979598869ec6d8c5cdbe66eb5ecb8_shot_001_000,lpips,full,0.25923774
13,951.006897,283979598869ec6d8c5cdbe66eb5ecb8_shot_001_000,sharpness,mouth,36.9974
13,951.006897,283979598869ec6d8c5cdbe66eb5ecb8_shot_001_000,lmd,mouth,4.114498
13,951.006897,283979598869ec6d8c5cdbe66eb5ecb8_shot_001_000,sync_d,mouth,8.543877
13,951.006897,283979598869ec6d8c5cdbe66eb5ecb8_shot_001_000,sync_c,mouth,4.071678
14,946.017517,283979598869ec6d8c5cdbe66eb5ecb8_shot_001_000,pixel_mse,mouth,0.02402566
14,946.017517,283979598869ec6d8c5cdbe66eb5ecb8_shot_001_000,pixel_mse,full,0.00968377
14,946.017517,283979598869ec6d8c5cdbe66eb5ecb8_shot_001_000,ssim,mouth,0.34860602
14,946.017517,283979598869ec6d8c5cdbe66eb5ecb8_shot_001_000,ssim,full,0.67706448
14,946.017517,283979598869ec6d8c5cdbe66eb5ecb8_shot_001_000,lpips,mouth,0.43231508
14,946.017517,283979598869ec6d8c5cdbe66eb5ecb8_shot_001_000,lpips,full,0.27873608
14,946.017517,283979598869ec6d8c5cdbe66eb5ecb8_shot_001_000,sharpness,mouth,48.8945
14,946.017517,283979598869ec6d8c5cdbe66eb5ecb8_shot_001_000,lmd,mouth,4.596778
14,946.017517,283979598869ec6d8c5cdbe66eb5ecb8_shot_001_000,sync_d,mouth,8.480876
14,946.017517,283979598869ec6d8c5cdbe66eb5ecb8_shot_001_000,sync_c,mouth,4.019349
15,940.791870,283979598869ec6d8c5cdbe66eb5ecb8_shot_001_000,pixel_mse,mouth,0.03476838
15,940.791870,283979598869ec6d8c5cdbe66eb5ecb8_shot_001_000,pixel_mse,full,0.01161641
15,940.791870,283979598869ec6d8c5cdbe66eb5ecb8_shot_001_000,ssim,mouth,0.41250741
15,940.791870,283979598869ec6d8c5cdbe66eb5ecb8_shot_001_000,ssim,full,0.66159153
15,940.791870,283979598869ec6d8c5cdbe66eb5ecb8_shot_001_000,lpips,mouth,0.42291534
15,940.791870,283979598869ec6d8c5cdbe66eb5ecb8_shot_001_000,lpips,full,0.29246697
15,940.791870,283979598869ec6d8c5cdbe66eb5ecb8_shot_001_000,sharpness,mouth,48.6384
15,940.791870,283979598869ec6d8c5cdbe66eb5ecb8_shot_001_000,lmd,mouth,3.632673
15,940.791870,283979598869ec6d8c5cdbe66eb5ecb8_shot_001_000,sync_d,mouth,8.848881
15,940.791870,283979598869ec6d8c5cdbe66eb5ecb8_shot_001_000,sync_c,mouth,4.080392
16,935.312622,283979598869ec6d8c5cdbe66eb5ecb8_shot_001_000,pixel_mse,mouth,0.04631823
16,935.312622,283979598869ec6d8c5cdbe66eb5ecb8_shot_001_000,pixel_mse,full,0.01173301
16,935.312622,283979598869ec6d8c5cdbe66eb5ecb8_shot_001_000,ssim,mouth,0.41971919
16,935.312622,283979598869ec6d8c5cdbe66eb5ecb8_shot_001_000,ssim,full,0.65444553
16,935.312622,283979598869ec6d8c5cdbe66eb5ecb8_shot_001_000,lpips,mouth,0.4268657
16,935.312622,283979598869ec6d8c5cdbe66eb5ecb8_shot_001_000,lpips,full,0.29260796
16,935.312622,283979598869ec6d8c5cdbe66eb5ecb8_shot_001_000,sharpness,mouth,33.5578
16,935.312622,283979598869ec6d8c5cdbe66eb5ecb8_shot_001_000,lmd,mouth,3.39948
16,935.312622,283979598869ec6d8c5cdbe66eb5ecb8_shot_001_000,sync_d,mouth,8.818345
16,935.312622,283979598869ec6d8c5cdbe66eb5ecb8_shot_001_000,sync_c,mouth,4.067785
17,929.560913,283979598869ec6d8c5cdbe66eb5ecb8_shot_001_000,pixel_mse,mouth,0.044395
17,929.560913,283979598869ec6d8c5cdbe66eb5ecb8_shot_001_000,pixel_mse,full,0.00990956
17,929.560913,283979598869ec6d8c5cdbe66eb5ecb8_shot_001_000,ssim,mouth,0.45043087
17,929.560913,283979598869ec6d8c5cdbe66eb5ecb8_shot_001_000,ssim,full,0.6716004
17,929.560913,283979598869ec6d8c5cdbe66eb5ecb8_shot_001_000,lpips,mouth,0.40363359
17,929.560913,283979598869ec6d8c5cdbe66eb5ecb8_shot_001_000,lpips,full,0.27715939
17,929.560913,283979598869ec6d8c5cdbe66eb5ecb8_shot_001_000,sharpness,mouth,16.6156
17,929.560913,283979598869ec6d8c5cdbe66eb5ecb8_shot_001_000,lmd,mouth,4.445235
17,929.560913,283979598869ec6d8c5cdbe66eb5ecb8_shot_001_000,sync_d,mouth,9.20173
17,929.560913,283979598869ec6d8c5cdbe66eb5ecb8_shot_001_000,sync_c,mouth,3.89379
18,923.515991,283979598869ec6d8c5cdbe66eb5ecb8_shot_001_000,pixel_mse,mouth,0.04126454
18,923.515991,283979598869ec6d8c5cdbe66eb5ecb8_shot_001_000,pixel_mse,full,0.00986407
18,923.515991,283979598869ec6d8c5cdbe66eb5ecb8_shot_001_000,ssim,mouth,0.43986973
18,923.515991,283979598869ec6d8c5cdbe66eb5ecb8_shot_001_000,ssim,full,0.68889076
18,923.515991,283979598869ec6d8c5cdbe66eb5ecb8_shot_001_000,lpips,mouth,0.41580388
18,923.515991,283979598869ec6d8c5cdbe66eb5ecb8_shot_001_000,lpips,full,0.2640478
18,923.515991,283979598869ec6d8c5cdbe66eb5ecb8_shot_001_000,sharpness,mouth,21.904
18,923.515991,283979598869ec6d8c5cdbe66eb5ecb8_shot_001_000,lmd,mouth,4.111153
18,923.515991,283979598869ec6d8c5cdbe66eb5ecb8_shot_001_000,sync_d,mouth,9.391695
18,923.515991,283979598869ec6d8c5cdbe66eb5ecb8_shot_001_000,sync_c,mouth,4.164463
19,917.154785,283979598869ec6d8c5cdbe66eb5ecb8_shot_001_000,pixel_mse,mouth,0.04114081
19,917.154785,283979598869ec6d8c5cdbe66eb5ecb8_shot_001_000,pixel_mse,full,0.0104947
19,917.154785,283979598869ec6d8c5cdbe66eb5ecb8_shot_001_000,ssim,mouth,0.44175792
19,917.154785,283979598869ec6d8c5cdbe66eb5ecb8_shot_001_000,ssim,full,0.69321281
19,917.154785,283979598869ec6d8c5cdbe66eb5ecb8_shot_001_000,lpips,mouth,0.41870865
19,917.154785,283979598869ec6d8c5cdbe66eb5ecb8_shot_001_000,lpips,full,0.26387823
19,917.154785,283979598869ec6d8c5cdbe66eb5ecb8_shot_001_000,sharpness,mouth,29.0058
19,917.154785,283979598869ec6d8c5cdbe66eb5ecb8_shot_001_000,lmd,mouth,3.746472
19,917.154785,283979598869ec6d8c5cdbe66eb5ecb8_shot_001_000,sync_d,mouth,9.29596
19,917.154785,283979598869ec6d8c5cdbe66eb5ecb8_shot_001_000,sync_c,mouth,3.907794
20,910.451721,283979598869ec6d8c5cdbe66eb5ecb8_shot_001_000,pixel_mse,mouth,0.03349776
20,910.451721,283979598869ec6d8c5cdbe66eb5ecb8_shot_001_000,pixel_mse,full,0.00970926
20,910.451721,283979598869ec6d8c5cdbe66eb5ecb8_shot_001_000,ssim,mouth,0.5030694
20,910.451721,283979598869ec6d8c5cdbe66eb5ecb8_shot_001_000,ssim,full,0.70057499
20,910.451721,283979598869ec6d8c5cdbe66eb5ecb8_shot_001_000,lpips,mouth,0.39421031
20,910.451721,283979598869ec6d8c5cdbe66eb5ecb8_shot_001_000,lpips,full,0.26315841
20,910.451721,283979598869ec6d8c5cdbe66eb5ecb8_shot_001_000,sharpness,mouth,17.9159
20,910.451721,283979598869ec6d8c5cdbe66eb5ecb8_shot_001_000,lmd,mouth,3.757743
20,910.451721,283979598869ec6d8c5cdbe66eb5ecb8_shot_001_000,sync_d,mouth,8.977008
20,910.451721,283979598869ec6d8c5cdbe66eb5ecb8_shot_001_000,sync_c,mouth,4.41278
21,903.378723,283979598869ec6d8c5cdbe66eb5ecb8_shot_001_000,pixel_mse,mouth,0.03175392
21,903.378723,283979598869ec6d8c5cdbe66eb5ecb8_shot_001_000,pixel_mse,full,0.00971138
21,903.378723,283979598869ec6d8c5cdbe66eb5ecb8_shot_001_000,ssim,mouth,0.52882665
21,903.378723,283979598869ec6d8c5cdbe66eb5ecb8_shot_001_000,ssim,full,0.69994229
21,903.378723,283979598869ec6d8c5cdbe66eb5ecb8_shot_001_000,lpips,mouth,0.38791516
21,903.378723,283979598869ec6d8c5cdbe66eb5ecb8_shot_001_000,lpips,full,0.26743278
21,903.378723,283979598869ec6d8c5cdbe66eb5ecb8_shot_001_000,sharpness,mouth,15.8364
21,903.378723,283979598869ec6d8c5cdbe66eb5ecb8_shot_001_000,lmd,mouth,3.465094
21,903.378723,283979598869ec6d8c5cdbe66eb5ecb8_shot_001_000,sync_d,mouth,9.095138
21,903.378723,283979598869ec6d8c5cdbe66eb5ecb8_shot_001_000,sync_c,mouth,4.199677
22,895.903931,283979598869ec6d8c5cdbe66eb5ecb8_shot_001_000,pixel_mse,mouth,0.02931975
22,895.903931,283979598869ec6d8c5cdbe66eb5ecb8_shot_001_000,pixel_mse,full,0.00956492
22,895.903931,283979598869ec6d8c5cdbe66eb5ecb8_shot_001_000,ssim,mouth,0.55514324
22,895.903931,283979598869ec6d8c5cdbe66eb5ecb8_shot_001_000,ssim,full,0.69918269
22,895.903931,283979598869ec6d8c5cdbe66eb5ecb8_shot_001_000,lpips,mouth,0.39796627
22,895.903931,283979598869ec6d8c5cdbe66eb5ecb8_shot_001_000,lpips,full,0.27471295
22,895.903931,283979598869ec6d8c5cdbe66eb5ecb8_shot_001_000,sharpness,mouth,13.232
22,895.903931,283979598869ec6d8c5cdbe66eb5ecb8_shot_001_000,lmd,mouth,3.858194
22,895.903931,283979598869ec6d8c5cdbe66eb5ecb8_shot_001_000,sync_d,mouth,9.468028
22,895.903931,283979598869ec6d8c5cdbe66eb5ecb8_shot_001_000,sync_c,mouth,3.629348
23,887.992493,283979598869ec6d8c5cdbe66eb5ecb8_shot_001_000,pixel_mse,mouth,0.02814941
23,887.992493,283979598869ec6d8c5cdbe66eb5ecb8_shot_001_000,pixel_mse,full,0.00947337
23,887.992493,283979598869ec6d8c5cdbe66eb5ecb8_shot_001_000,ssim,mouth,0.56158751
23,887.992493,283979598869ec6d8c5cdbe66eb5ecb8_shot_001_000,ssim,full,0.70090652
23,887.992493,283979598869ec6d8c5cdbe66eb5ecb8_shot_001_000,lpips,mouth,0.39892131
23,887.992493,283979598869ec6d8c5cdbe66eb5ecb8_shot_001_000,lpips,full,0.28076479
23,887.992493,283979598869ec6d8c5cdbe66eb5ecb8_shot_001_000,sharpness,mouth,13.2449
23,887.992493,283979598869ec6d8c5cdbe66eb5ecb8_shot_001_000,lmd,mouth,4.230492
23,887.992493,283979598869ec6d8c5cdbe66eb5ecb8_shot_001_000,sync_d,mouth,9.463991
23,887.992493,283979598869ec6d8c5cdbe66eb5ecb8_shot_001_000,sync_c,mouth,3.421466
24,879.604736,283979598869ec6d8c5cdbe66eb5ecb8_shot_001_000,pixel_mse,mouth,0.02719869
24,879.604736,283979598869ec6d8c5cdbe66eb5ecb8_shot_001_000,pixel_mse,full,0.00930539
24,879.604736,283979598869ec6d8c5cdbe66eb5ecb8_shot_001_000,ssim,mouth,0.56853849
24,879.604736,283979598869ec6d8c5cdbe66eb5ecb8_shot_001_000,ssim,full,0.70021874
24,879.604736,283979598869ec6d8c5cdbe66eb5ecb8_shot_001_000,lpips,mouth,0.40391719
24,879.604736,283979598869ec6d8c5cdbe66eb5ecb8_shot_001_000,lpips,full,0.2815457
24,879.604736,283979598869ec6d8c5cdbe66eb5ecb8_shot_001_000,sharpness,mouth,13.4507
24,879.604736,283979598869ec6d8c5cdbe66eb5ecb8_shot_001_000,lmd,mouth,4.008908
24,879.604736,283979598869ec6d8c5cdbe66eb5ecb8_shot_001_000,sync_d,mouth,9.662533
24,879.604736,283979598869ec6d8c5cdbe66eb5ecb8_shot_001_000,sync_c,mouth,3.398422
25,870.696350,283979598869ec6d8c5cdbe66eb5ecb8_shot_001_000,pixel_mse,mouth,0.02823915
25,870.696350,283979598869ec6d8c5cdbe66eb5ecb8_shot_001_000,pixel_mse,full,0.00915258
25,870.696350,283979598869ec6d8c5cdbe66eb5ecb8_shot_001_000,ssim,mouth,0.56538695
25,870.696350,283979598869ec6d8c5cdbe66eb5ecb8_shot_001_000,ssim,full,0.70041108
25,870.696350,283979598869ec6d8c5cdbe66eb5ecb8_shot_001_000,lpips,mouth,0.40192658
25,870.696350,283979598869ec6d8c5cdbe66eb5ecb8_shot_001_000,lpips,full,0.28165632
25,870.696350,283979598869ec6d8c5cdbe66eb5ecb8_shot_001_000,sharpness,mouth,14.3505
25,870.696350,283979598869ec6d8c5cdbe66eb5ecb8_shot_001_000,lmd,mouth,3.751792
25,870.696350,283979598869ec6d8c5cdbe66eb5ecb8_shot_001_000,sync_d,mouth,9.444992
25,870.696350,283979598869ec6d8c5cdbe66eb5ecb8_shot_001_000,sync_c,mouth,3.439496
26,861.217407,283979598869ec6d8c5cdbe66eb5ecb8_shot_001_000,pixel_mse,mouth,0.02950161
26,861.217407,283979598869ec6d8c5cdbe66eb5ecb8_shot_001_000,pixel_mse,full,0.00917492
26,861.217407,283979598869ec6d8c5cdbe66eb5ecb8_shot_001_000,ssim,mouth,0.56254804
26,861.217407,283979598869ec6d8c5cdbe66eb5ecb8_shot_001_000,ssim,full,0.70178223
26,861.217407,283979598869ec6d8c5cdbe66eb5ecb8_shot_001_000,lpips,mouth,0.40229723
26,861.217407,283979598869ec6d8c5cdbe66eb5ecb8_shot_001_000,lpips,full,0.2792609
26,861.217407,283979598869ec6d8c5cdbe66eb5ecb8_shot_001_000,sharpness,mouth,14.4104
26,861.217407,283979598869ec6d8c5cdbe66eb5ecb8_shot_001_000,lmd,mouth,3.779085
26,861.217407,283979598869ec6d8c5cdbe66eb5ecb8_shot_001_000,sync_d,mouth,9.662622
26,861.217407,283979598869ec6d8c5cdbe66eb5ecb8_shot_001_000,sync_c,mouth,3.056785
27,851.111145,283979598869ec6d8c5cdbe66eb5ecb8_shot_001_000,pixel_mse,mouth,0.02983508
27,851.111145,283979598869ec6d8c5cdbe66eb5ecb8_shot_001_000,pixel_mse,full,0.00923972
27,851.111145,283979598869ec6d8c5cdbe66eb5ecb8_shot_001_000,ssim,mouth,0.5632478
27,851.111145,283979598869ec6d8c5cdbe66eb5ecb8_shot_001_000,ssim,full,0.70388919
27,851.111145,283979598869ec6d8c5cdbe66eb5ecb8_shot_001_000,lpips,mouth,0.41062438
27,851.111145,283979598869ec6d8c5cdbe66eb5ecb8_shot_001_000,lpips,full,0.28034317
27,851.111145,283979598869ec6d8c5cdbe66eb5ecb8_shot_001_000,sharpness,mouth,14.0186
27,851.111145,283979598869ec6d8c5cdbe66eb5ecb8_shot_001_000,lmd,mouth,4.144659
27,851.111145,283979598869ec6d8c5cdbe66eb5ecb8_shot_001_000,sync_d,mouth,9.667253
27,851.111145,283979598869ec6d8c5cdbe66eb5ecb8_shot_001_000,sync_c,mouth,2.599079
28,840.313232,283979598869ec6d8c5cdbe66eb5ecb8_shot_001_000,pixel_mse,mouth,0.03001588
28,840.313232,283979598869ec6d8c5cdbe66eb5ecb8_shot_001_000,pixel_mse,full,0.00929747
28,840.313232,283979598869ec6d8c5cdbe66eb5ecb8_shot_001_000,ssim,mouth,0.5666405
28,840.313232,283979598869ec6d8c5cdbe66eb5ecb8_shot_001_000,ssim,full,0.70521325
28,840.313232,283979598869ec6d8c5cdbe66eb5ecb8_shot_001_000,lpips,mouth,0.41816998
28,840.313232,283979598869ec6d8c5cdbe66eb5ecb8_shot_001_000,lpips,full,0.28330499
28,840.313232,283979598869ec6d8c5cdbe66eb5ecb8_shot_001_000,sharpness,mouth,14.4786
28,840.313232,283979598869ec6d8c5cdbe66eb5ecb8_shot_001_000,lmd,mouth,4.817832
28,840.313232,283979598869ec6d8c5cdbe66eb5ecb8_shot_001_000,sync_d,mouth,10.002278
28,840.313232,283979598869ec6d8c5cdbe66eb5ecb8_shot_001_000,sync_c,mouth,1.97196
29,828.750244,283979598869ec6d8c5cdbe66eb5ecb8_shot_001_000,pixel_mse,mouth,0.03022293
29,828.750244,283979598869ec6d8c5cdbe66eb5ecb8_shot_001_000,pixel_mse,full,0.00933607
29,828.750244,283979598869ec6d8c5cdbe66eb5ecb8_shot_001_000,ssim,mouth,0.56808573
29,828.750244,283979598869ec6d8c5cdbe66eb5ecb8_shot_001_000,ssim,full,0.70562863
29,828.750244,283979598869ec6d8c5cdbe66eb5ecb8_shot_001_000,lpips,mouth,0.42260149
29,828.750244,283979598869ec6d8c5cdbe66eb5ecb8_shot_001_000,lpips,full,0.28426507
29,828.750244,283979598869ec6d8c5cdbe66eb5ecb8_shot_001_000,sharpness,mouth,14.3894
29,828.750244,283979598869ec6d8c5cdbe66eb5ecb8_shot_001_000,lmd,mouth,5.299474
29,828.750244,283979598869ec6d8c5cdbe66eb5ecb8_shot_001_000,sync_d,mouth,10.412368
29,828.750244,283979598869ec6d8c5cdbe66eb5ecb8_shot_001_000,sync_c,mouth,1.517084
30,816.337830,283979598869ec6d8c5cdbe66eb5ecb8_shot_001_000,pixel_mse,mouth,0.03004159
30,816.337830,283979598869ec6d8c5cdbe66eb5ecb8_shot_001_000,pixel_mse,full,0.00944641
30,816.337830,283979598869ec6d8c5cdbe66eb5ecb8_shot_001_000,ssim,mouth,0.57363075
30,816.337830,283979598869ec6d8c5cdbe66eb5ecb8_shot_001_000,ssim,full,0.706397
30,816.337830,283979598869ec6d8c5cdbe66eb5ecb8_shot_001_000,lpips,mouth,0.42861038
30,816.337830,283979598869ec6d8c5cdbe66eb5ecb8_shot_001_000,lpips,full,0.28451297
30,816.337830,283979598869ec6d8c5cdbe66eb5ecb8_shot_001_000,sharpness,mouth,13.401
30,816.337830,283979598869ec6d8c5cdbe66eb5ecb8_shot_001_000,lmd,mouth,5.26833
30,816.337830,283979598869ec6d8c5cdbe66eb5ecb8_shot_001_000,sync_d,mouth,10.525222
30,816.337830,283979598869ec6d8c5cdbe66eb5ecb8_shot_001_000,sync_c,mouth,1.55429
31,802.978699,283979598869ec6d8c5cdbe66eb5ecb8_shot_001_000,pixel_mse,mouth,0.03007236
31,802.978699,283979598869ec6d8c5cdbe66eb5ecb8_shot_001_000,pixel_mse,full,0.00950151
31,802.978699,283979598869ec6d8c5cdbe66eb5ecb8_shot_001_000,ssim,mouth,0.57580125
31,802.978699,283979598869ec6d8c5cdbe66eb5ecb8_shot_001_000,ssim,full,0.70568746
31,802.978699,283979598869ec6d8c5cdbe66eb5ecb8_shot_001_000,lpips,mouth,0.43376637
31,802.978699,283979598869ec6d8c5cdbe66eb5ecb8_shot_001_000,lpips,full,0.28864118
31,802.978699,283979598869ec6d8c5cdbe66eb5ecb8_shot_001_000,sharpness,mouth,13.7412
31,802.978699,283979598869ec6d8c5cdbe66eb5ecb8_shot_001_000,lmd,mouth,5.396993
31,802.978699,283979598869ec6d8c5cdbe66eb5ecb8_shot_001_000,sync_d,mouth,10.191675
31,802.978699,283979598869ec6d8c5cdbe66eb5ecb8_shot_001_000,sync_c,mouth,1.84005
32,788.560242,283979598869ec6d8c5cdbe66eb5ecb8_shot_001_000,pixel_mse,mouth,0.03036128
32,788.560242,283979598869ec6d8c5cdbe66eb5ecb8_shot_001_000,pixel_mse,full,0.00959573
32,788.560242,283979598869ec6d8c5cdbe66eb5ecb8_shot_001_000,ssim,mouth,0.57436627
32,788.560242,283979598869ec6d8c5cdbe66eb5ecb8_shot_001_000,ssim,full,0.70550525
32,788.560242,283979598869ec6d8c5cdbe66eb5ecb8_shot_001_000,lpips,mouth,0.4315404
32,788.560242,283979598869ec6d8c5cdbe66eb5ecb8_shot_001_000,lpips,full,0.28862771
32,788.560242,283979598869ec6d8c5cdbe66eb5ecb8_shot_001_000,sharpness,mouth,13.7781
32,788.560242,283979598869ec6d8c5cdbe66eb5ecb8_shot_001_000,lmd,mouth,4.351182
32,788.560242,283979598869ec6d8c5cdbe66eb5ecb8_shot_001_000,sync_d,mouth,10.608291
32,788.560242,283979598869ec6d8c5cdbe66eb5ecb8_shot_001_000,sync_c,mouth,1.457987
33,772.951477,283979598869ec6d8c5cdbe66eb5ecb8_shot_001_000,pixel_mse,mouth,0.03082835
33,772.951477,283979598869ec6d8c5cdbe66eb5ecb8_shot_001_000,pixel_mse,full,0.00963316
33,772.951477,283979598869ec6d8c5cdbe66eb5ecb8_shot_001_000,ssim,mouth,0.57066965
33,772.951477,283979598869ec6d8c5cdbe66eb5ecb8_shot_001_000,ssim,full,0.70601439
33,772.951477,283979598869ec6d8c5cdbe66eb5ecb8_shot_001_000,lpips,mouth,0.43413496
33,772.951477,283979598869ec6d8c5cdbe66eb5ecb8_shot_001_000,lpips,full,0.29047021
33,772.951477,283979598869ec6d8c5cdbe66eb5ecb8_shot_001_000,sharpness,mouth,14.288
33,772.951477,283979598869ec6d8c5cdbe66eb5ecb8_shot_001_000,lmd,mouth,3.982517
33,772.951477,283979598869ec6d8c5cdbe66eb5ecb8_shot_001_000,sync_d,mouth,10.819886
33,772.951477,283979598869ec6d8c5cdbe66eb5ecb8_shot_001_000,sync_c,mouth,1.320314
34,755.998352,283979598869ec6d8c5cdbe66eb5ecb8_shot_001_000,pixel_mse,mouth,0.03120939
34,755.998352,283979598869ec6d8c5cdbe66eb5ecb8_shot_001_000,pixel_mse,full,0.00968177
34,755.998352,283979598869ec6d8c5cdbe66eb5ecb8_shot_001_000,ssim,mouth,0.56825423
34,755.998352,283979598869ec6d8c5cdbe66eb5ecb8_shot_001_000,ssim,full,0.70434272
34,755.998352,283979598869ec6d8c5cdbe66eb5ecb8_shot_001_000,lpips,mouth,0.42593431
34,755.998352,283979598869ec6d8c5cdbe66eb5ecb8_shot_001_000,lpips,full,0.28788581
34,755.998352,283979598869ec6d8c5cdbe66eb5ecb8_shot_001_000,sharpness,mouth,14.2662
34,755.998352,283979598869ec6d8c5cdbe66eb5ecb8_shot_001_000,lmd,mouth,3.97854
34,755.998352,283979598869ec6d8c5cdbe66eb5ecb8_shot_001_000,sync_d,mouth,11.330499
34,755.998352,283979598869ec6d8c5cdbe66eb5ecb8_shot_001_000,sync_c,mouth,1.10322
35,737.519714,283979598869ec6d8c5cdbe66eb5ecb8_shot_001_000,pixel_mse,mouth,0.03192656
35,737.519714,283979598869ec6d8c5cdbe66eb5ecb8_shot_001_000,pixel_mse,full,0.00976336
35,737.519714,283979598869ec6d8c5cdbe66eb5ecb8_shot_001_000,ssim,mouth,0.56864506
35,737.519714,283979598869ec6d8c5cdbe66eb5ecb8_shot_001_000,ssim,full,0.702829
35,737.519714,283979598869ec6d8c5cdbe66eb5ecb8_shot_001_000,lpips,mouth,0.42237905
35,737.519714,283979598869ec6d8c5cdbe66eb5ecb8_shot_001_000,lpips,full,0.28774267
35,737.519714,283979598869ec6d8c5cdbe66eb5ecb8_shot_001_000,sharpness,mouth,14.4369
35,737.519714,283979598869ec6d8c5cdbe66eb5ecb8_shot_001_000,lmd,mouth,4.032504
35,737.519714,283979598869ec6d8c5cdbe66eb5ecb8_shot_001_000,sync_d,mouth,11.472409
35,737.519714,283979598869ec6d8c5cdbe66eb5ecb8_shot_001_000,sync_c,mouth,1.033468
36,717.299683,283979598869ec6d8c5cdbe66eb5ecb8_shot_001_000,pixel_mse,mouth,0.03189332
36,717.299683,283979598869ec6d8c5cdbe66eb5ecb8_shot_001_000,pixel_mse,full,0.00979797
36,717.299683,283979598869ec6d8c5cdbe66eb5ecb8_shot_001_000,ssim,mouth,0.56937712
36,717.299683,283979598869ec6d8c5cdbe66eb5ecb8_shot_001_000,ssim,full,0.70259249
36,717.299683,283979598869ec6d8c5cdbe66eb5ecb8_shot_001_000,lpips,mouth,0.41127703
36,717.299683,283979598869ec6d8c5cdbe66eb5ecb8_shot_001_000,lpips,full,0.28791288
36,717.299683,283979598869ec6d8c5cdbe66eb5ecb8_shot_001_000,sharpness,mouth,14.5383
36,717.299683,283979598869ec6d8c5cdbe66eb5ecb8_shot_001_000,lmd,mouth,1.801751
36,717.299683,283979598869ec6d8c5cdbe66eb5ecb8_shot_001_000,sync_d,mouth,11.358377
36,717.299683,283979598869ec6d8c5cdbe66eb5ecb8_shot_001_000,sync_c,mouth,1.092055
37,695.080139,283979598869ec6d8c5cdbe66eb5ecb8_shot_001_000,pixel_mse,mouth,0.03185367
37,695.080139,283979598869ec6d8c5cdbe66eb5ecb8_shot_001_000,pixel_mse,full,0.00986184
37,695.080139,283979598869ec6d8c5cdbe66eb5ecb8_shot_001_000,ssim,mouth,0.56861424
37,695.080139,283979598869ec6d8c5cdbe66eb5ecb8_shot_001_000,ssim,full,0.70201021
37,695.080139,283979598869ec6d8c5cdbe66eb5ecb8_shot_001_000,lpips,mouth,0.40538853
37,695.080139,283979598869ec6d8c5cdbe66eb5ecb8_shot_001_000,lpips,full,0.29115275
37,695.080139,283979598869ec6d8c5cdbe66eb5ecb8_shot_001_000,sharpness,mouth,14.1632
37,695.080139,283979598869ec6d8c5cdbe66eb5ecb8_shot_001_000,lmd,mouth,2.153889
37,695.080139,283979598869ec6d8c5cdbe66eb5ecb8_shot_001_000,sync_d,mouth,11.122032
37,695.080139,283979598869ec6d8c5cdbe66eb5ecb8_shot_001_000,sync_c,mouth,1.315488
38,670.548828,283979598869ec6d8c5cdbe66eb5ecb8_shot_001_000,pixel_mse,mouth,0.03216813
38,670.548828,283979598869ec6d8c5cdbe66eb5ecb8_shot_001_000,pixel_mse,full,0.00992963
38,670.548828,283979598869ec6d8c5cdbe66eb5ecb8_shot_001_000,ssim,mouth,0.56822246
38,670.548828,283979598869ec6d8c5cdbe66eb5ecb8_shot_001_000,ssim,full,0.7021488
38,670.548828,283979598869ec6d8c5cdbe66eb5ecb8_shot_001_000,lpips,mouth,0.40055415
38,670.548828,283979598869ec6d8c5cdbe66eb5ecb8_shot_001_000,lpips,full,0.29337493
38,670.548828,283979598869ec6d8c5cdbe66eb5ecb8_shot_001_000,sharpness,mouth,13.8091
38,670.548828,283979598869ec6d8c5cdbe66eb5ecb8_shot_001_000,lmd,mouth,1.804565
38,670.548828,283979598869ec6d8c5cdbe66eb5ecb8_shot_001_000,sync_d,mouth,10.916933
38,670.548828,283979598869ec6d8c5cdbe66eb5ecb8_shot_001_000,sync_c,mouth,1.451538
39,643.325317,283979598869ec6d8c5cdbe66eb5ecb8_shot_001_000,pixel_mse,mouth,0.03229795
39,643.325317,283979598869ec6d8c5cdbe66eb5ecb8_shot_001_000,pixel_mse,full,0.01004066
39,643.325317,283979598869ec6d8c5cdbe66eb5ecb8_shot_001_000,ssim,mouth,0.56580865
39,643.325317,283979598869ec6d8c5cdbe66eb5ecb8_shot_001_000,ssim,full,0.70162839
39,643.325317,283979598869ec6d8c5cdbe66eb5ecb8_shot_001_000,lpips,mouth,0.40379027
39,643.325317,283979598869ec6d8c5cdbe66eb5ecb8_shot_001_000,lpips,full,0.29626945
39,643.325317,283979598869ec6d8c5cdbe66eb5ecb8_shot_001_000,sharpness,mouth,14.2527
39,643.325317,283979598869ec6d8c5cdbe66eb5ecb8_shot_001_000,lmd,mouth,1.893879
39,643.325317,283979598869ec6d8c5cdbe66eb5ecb8_shot_001_000,sync_d,mouth,11.358801
39,643.325317,283979598869ec6d8c5cdbe66eb5ecb8_shot_001_000,sync_c,mouth,1.203285
40,612.940735,283979598869ec6d8c5cdbe66eb5ecb8_shot_001_000,pixel_mse,mouth,0.0323719
40,612.940735,283979598869ec6d8c5cdbe66eb5ecb8_shot_001_000,pixel_mse,full,0.01011974
40,612.940735,283979598869ec6d8c5cdbe66eb5ecb8_shot_001_000,ssim,mouth,0.56825292
40,612.940735,283979598869ec6d8c5cdbe66eb5ecb8_shot_001_000,ssim,full,0.70159453
40,612.940735,283979598869ec6d8c5cdbe66eb5ecb8_shot_001_000,lpips,mouth,0.40744641
40,612.940735,283979598869ec6d8c5cdbe66eb5ecb8_shot_001_000,lpips,full,0.30081308
40,612.940735,283979598869ec6d8c5cdbe66eb5ecb8_shot_001_000,sharpness,mouth,14.0341
40,612.940735,283979598869ec6d8c5cdbe66eb5ecb8_shot_001_000,lmd,mouth,2.553642
40,612.940735,283979598869ec6d8c5cdbe66eb5ecb8_shot_001_000,sync_d,mouth,11.353648
40,612.940735,283979598869ec6d8c5cdbe66eb5ecb8_shot_001_000,sync_c,mouth,1.086828
41,578.810425,283979598869ec6d8c5cdbe66eb5ecb8_shot_001_000,pixel_mse,mouth,0.03259328
41,578.810425,283979598869ec6d8c5cdbe66eb5ecb8_shot_001_000,pixel_mse,full,0.01020636
41,578.810425,283979598869ec6d8c5cdbe66eb5ecb8_shot_001_000,ssim,mouth,0.57059985
41,578.810425,283979598869ec6d8c5cdbe66eb5ecb8_shot_001_000,ssim,full,0.70123076
41,578.810425,283979598869ec6d8c5cdbe66eb5ecb8_shot_001_000,lpips,mouth,0.41519603
41,578.810425,283979598869ec6d8c5cdbe66eb5ecb8_shot_001_000,lpips,full,0.30256438
41,578.810425,283979598869ec6d8c5cdbe66eb5ecb8_shot_001_000,sharpness,mouth,13.6599
41,578.810425,283979598869ec6d8c5cdbe66eb5ecb8_shot_001_000,lmd,mouth,1.385951
41,578.810425,283979598869ec6d8c5cdbe66eb5ecb8_shot_001_000,sync_d,mouth,11.371515
41,578.810425,283979598869ec6d8c5cdbe66eb5ecb8_shot_001_000,sync_c,mouth,1.018551
42,540.196350,283979598869ec6d8c5cdbe66eb5ecb8_shot_001_000,pixel_mse,mouth,0.03274516
42,540.196350,283979598869ec6d8c5cdbe66eb5ecb8_shot_001_000,pixel_mse,full,0.01026281
42,540.196350,283979598869ec6d8c5cdbe66eb5ecb8_shot_001_000,ssim,mouth,0.56872863
42,540.196350,283979598869ec6d8c5cdbe66eb5ecb8_shot_001_000,ssim,full,0.70039713
42,540.196350,283979598869ec6d8c5cdbe66eb5ecb8_shot_001_000,lpips,mouth,0.42059943
42,540.196350,283979598869ec6d8c5cdbe66eb5ecb8_shot_001_000,lpips,full,0.30489114
42,540.196350,283979598869ec6d8c5cdbe66eb5ecb8_shot_001_000,sharpness,mouth,13.2312
42,540.196350,283979598869ec6d8c5cdbe66eb5ecb8_shot_001_000,lmd,mouth,1.428277
42,540.196350,283979598869ec6d8c5cdbe66eb5ecb8_shot_001_000,sync_d,mouth,11.547462
42,540.196350,283979598869ec6d8c5cdbe66eb5ecb8_shot_001_000,sync_c,mouth,1.121487
43,496.152893,283979598869ec6d8c5cdbe66eb5ecb8_shot_001_000,pixel_mse,mouth,0.03302874
43,496.152893,283979598869ec6d8c5cdbe66eb5ecb8_shot_001_000,pixel_mse,full,0.01031831
43,496.152893,283979598869ec6d8c5cdbe66eb5ecb8_shot_001_000,ssim,mouth,0.56556648
43,496.152893,283979598869ec6d8c5cdbe66eb5ecb8_shot_001_000,ssim,full,0.69963533
43,496.152893,283979598869ec6d8c5cdbe66eb5ecb8_shot_001_000,lpips,mouth,0.42290449
43,496.152893,283979598869ec6d8c5cdbe66eb5ecb8_shot_001_000,lpips,full,0.30703673
43,496.152893,283979598869ec6d8c5cdbe66eb5ecb8_shot_001_000,sharpness,mouth,13.5585
43,496.152893,283979598869ec6d8c5cdbe66eb5ecb8_shot_001_000,lmd,mouth,1.749315
43,496.152893,283979598869ec6d8c5cdbe66eb5ecb8_shot_001_000,sync_d,mouth,11.757989
43,496.152893,283979598869ec6d8c5cdbe66eb5ecb8_shot_001_000,sync_c,mouth,0.990968
44,445.448151,283979598869ec6d8c5cdbe66eb5ecb8_shot_001_000,pixel_mse,mouth,0.0333588
44,445.448151,283979598869ec6d8c5cdbe66eb5ecb8_shot_001_000,pixel_mse,full,0.01037226
44,445.448151,283979598869ec6d8c5cdbe66eb5ecb8_shot_001_000,ssim,mouth,0.56631953
44,445.448151,283979598869ec6d8c5cdbe66eb5ecb8_shot_001_000,ssim,full,0.69873965
44,445.448151,283979598869ec6d8c5cdbe66eb5ecb8_shot_001_000,lpips,mouth,0.421379
44,445.448151,283979598869ec6d8c5cdbe66eb5ecb8_shot_001_000,lpips,full,0.30905312
44,445.448151,283979598869ec6d8c5cdbe66eb5ecb8_shot_001_000,sharpness,mouth,13.333
44,445.448151,283979598869ec6d8c5cdbe66eb5ecb8_shot_001_000,lmd,mouth,1.448161
44,445.448151,283979598869ec6d8c5cdbe66eb5ecb8_shot_001_000,sync_d,mouth,12.102489
44,445.448151,283979598869ec6d8c5cdbe66eb5ecb8_shot_001_000,sync_c,mouth,0.912969
45,386.447418,283979598869ec6d8c5cdbe66eb5ecb8_shot_001_000,pixel_mse,mouth,0.03366993
45,386.447418,283979598869ec6d8c5cdbe66eb5ecb8_shot_001_000,pixel_mse,full,0.01047868
45,386.447418,283979598869ec6d8c5cdbe66eb5ecb8_shot_001_000,ssim,mouth,0.56277877
45,386.447418,283979598869ec6d8c5cdbe66eb5ecb8_shot_001_000,ssim,full,0.69744563
45,386.447418,283979598869ec6d8c5cdbe66eb5ecb8_shot_001_000,lpips,mouth,0.41850084
45,386.447418,283979598869ec6d8c5cdbe66eb5ecb8_shot_001_000,lpips,full,0.31046224
45,386.447418,283979598869ec6d8c5cdbe66eb5ecb8_shot_001_000,sharpness,mouth,13.0368
45,386.447418,283979598869ec6d8c5cdbe66eb5ecb8_shot_001_000,lmd,mouth,2.025073
45,386.447418,283979598869ec6d8c5cdbe66eb5ecb8_shot_001_000,sync_d,mouth,12.275076
45,386.447418,283979598869ec6d8c5cdbe66eb5ecb8_shot_001_000,sync_c,mouth,0.834163
46,316.933258,283979598869ec6d8c5cdbe66eb5ecb8_shot_001_000,pixel_mse,mouth,0.03415321
46,316.933258,283979598869ec6d8c5cdbe66eb5ecb8_shot_001_000,pixel_mse,full,0.01054741
46,316.933258,283979598869ec6d8c5cdbe66eb5ecb8_shot_001_000,ssim,mouth,0.56120962
46,316.933258,283979598869ec6d8c5cdbe66eb5ecb8_shot_001_000,ssim,full,0.69628561
46,316.933258,283979598869ec6d8c5cdbe66eb5ecb8_shot_001_000,lpips,mouth,0.42173234
46,316.933258,283979598869ec6d8c5cdbe66eb5ecb8_shot_001_000,lpips,full,0.31169182
46,316.933258,283979598869ec6d8c5cdbe66eb5ecb8_shot_001_000,sharpness,mouth,12.8323
46,316.933258,283979598869ec6d8c5cdbe66eb5ecb8_shot_001_000,lmd,mouth,1.915093
46,316.933258,283979598869ec6d8c5cdbe66eb5ecb8_shot_001_000,sync_d,mouth,12.278684
46,316.933258,283979598869ec6d8c5cdbe66eb5ecb8_shot_001_000,sync_c,mouth,0.900962
47,233.820694,283979598869ec6d8c5cdbe66eb5ecb8_shot_001_000,pixel_mse,mouth,0.03449681
47,233.820694,283979598869ec6d8c5cdbe66eb5ecb8_shot_001_000,pixel_mse,full,0.01066053
47,233.820694,283979598869ec6d8c5cdbe66eb5ecb8_shot_001_000,ssim,mouth,0.56159651
47,233.820694,283979598869ec6d8c5cdbe66eb5ecb8_shot_001_000,ssim,full,0.6939916
47,233.820694,283979598869ec6d8c5cdbe66eb5ecb8_shot_001_000,lpips,mouth,0.42291811
47,233.820694,283979598869ec6d8c5cdbe66eb5ecb8_shot_001_000,lpips,full,0.31392834
47,233.820694,283979598869ec6d8c5cdbe66eb5ecb8_shot_001_000,sharpness,mouth,12.5663
47,233.820694,283979598869ec6d8c5cdbe66eb5ecb8_shot_001_000,lmd,mouth,2.064414
47,233.820694,283979598869ec6d8c5cdbe66eb5ecb8_shot_001_000,sync_d,mouth,12.307991
47,233.820694,283979598869ec6d8c5cdbe66eb5ecb8_shot_001_000,sync_c,mouth,0.870516
48,132.687027,283979598869ec6d8c5cdbe66eb5ecb8_shot_001_000,pixel_mse,mouth,0.03479001
48,132.687027,283979598869ec6d8c5cdbe66eb5ecb8_shot_001_000,pixel_mse,full,0.01076814
48,132.687027,283979598869ec6d8c5cdbe66eb5ecb8_shot_001_000,ssim,mouth,0.56202954
48,132.687027,283979598869ec6d8c5cdbe66eb5ecb8_shot_001_000,ssim,full,0.69076377
48,132.687027,283979598869ec6d8c5cdbe66eb5ecb8_shot_001_000,lpips,mouth,0.42566314
48,132.687027,283979598869ec6d8c5cdbe66eb5ecb8_shot_001_000,lpips,full,0.3166734
48,132.687027,283979598869ec6d8c5cdbe66eb5ecb8_shot_001_000,sharpness,mouth,13.1558
48,132.687027,283979598869ec6d8c5cdbe66eb5ecb8_shot_001_000,lmd,mouth,2.16136
48,132.687027,283979598869ec6d8c5cdbe66eb5ecb8_shot_001_000,sync_d,mouth,11.842462
48,132.687027,283979598869ec6d8c5cdbe66eb5ecb8_shot_001_000,sync_c,mouth,1.033651
49,6.958251,283979598869ec6d8c5cdbe66eb5ecb8_shot_001_000,pixel_mse,mouth,0.03505562
49,6.958251,283979598869ec6d8c5cdbe66eb5ecb8_shot_001_000,pixel_mse,full,0.01088155
49,6.958251,283979598869ec6d8c5cdbe66eb5ecb8_shot_001_000,ssim,mouth,0.55710834
49,6.958251,283979598869ec6d8c5cdbe66eb5ecb8_shot_001_000,ssim,full,0.686077
49,6.958251,283979598869ec6d8c5cdbe66eb5ecb8_shot_001_000,lpips,mouth,0.4154225
49,6.958251,283979598869ec6d8c5cdbe66eb5ecb8_shot_001_000,lpips,full,0.31687284
49,6.958251,283979598869ec6d8c5cdbe66eb5ecb8_shot_001_000,sharpness,mouth,11.8328
49,6.958251,283979598869ec6d8c5cdbe66eb5ecb8_shot_001_000,lmd,mouth,3.073756
49,6.958251,283979598869ec6d8c5cdbe66eb5ecb8_shot_001_000,sync_d,mouth,11.742003
49,6.958251,283979598869ec6d8c5cdbe66eb5ecb8_shot_001_000,sync_c,mouth,1.133875
-1,gt,d39560e57ccf0d56a57604dda32c01f1_shot_001_000,sharpness,mouth,24.7787
-1,gt,d39560e57ccf0d56a57604dda32c01f1_shot_001_000,sync_d,mouth,8.545571
-1,gt,d39560e57ccf0d56a57604dda32c01f1_shot_001_000,sync_c,mouth,7.894006
0,1000.000000,d39560e57ccf0d56a57604dda32c01f1_shot_001_000,pixel_mse,mouth,0.00660604
0,1000.000000,d39560e57ccf0d56a57604dda32c01f1_shot_001_000,pixel_mse,full,0.00952861
0,1000.000000,d39560e57ccf0d56a57604dda32c01f1_shot_001_000,ssim,mouth,0.63449275
0,1000.000000,d39560e57ccf0d56a57604dda32c01f1_shot_001_000,ssim,full,0.71260524
0,1000.000000,d39560e57ccf0d56a57604dda32c01f1_shot_001_000,lpips,mouth,0.40194222
0,1000.000000,d39560e57ccf0d56a57604dda32c01f1_shot_001_000,lpips,full,0.38498867
0,1000.000000,d39560e57ccf0d56a57604dda32c01f1_shot_001_000,sharpness,mouth,7.8279
0,1000.000000,d39560e57ccf0d56a57604dda32c01f1_shot_001_000,lmd,mouth,4.396111
0,1000.000000,d39560e57ccf0d56a57604dda32c01f1_shot_001_000,sync_d,mouth,8.540258
0,1000.000000,d39560e57ccf0d56a57604dda32c01f1_shot_001_000,sync_c,mouth,5.961331
1,997.035706,d39560e57ccf0d56a57604dda32c01f1_shot_001_000,pixel_mse,mouth,0.00636289
1,997.035706,d39560e57ccf0d56a57604dda32c01f1_shot_001_000,pixel_mse,full,0.01139662
1,997.035706,d39560e57ccf0d56a57604dda32c01f1_shot_001_000,ssim,mouth,0.6364516
1,997.035706,d39560e57ccf0d56a57604dda32c01f1_shot_001_000,ssim,full,0.69733119
1,997.035706,d39560e57ccf0d56a57604dda32c01f1_shot_001_000,lpips,mouth,0.4109053
1,997.035706,d39560e57ccf0d56a57604dda32c01f1_shot_001_000,lpips,full,0.41900608
1,997.035706,d39560e57ccf0d56a57604dda32c01f1_shot_001_000,sharpness,mouth,7.3673
1,997.035706,d39560e57ccf0d56a57604dda32c01f1_shot_001_000,lmd,mouth,4.049559
1,997.035706,d39560e57ccf0d56a57604dda32c01f1_shot_001_000,sync_d,mouth,9.204483
1,997.035706,d39560e57ccf0d56a57604dda32c01f1_shot_001_000,sync_c,mouth,5.114181
2,993.963867,d39560e57ccf0d56a57604dda32c01f1_shot_001_000,pixel_mse,mouth,0.00624786
2,993.963867,d39560e57ccf0d56a57604dda32c01f1_shot_001_000,pixel_mse,full,0.01291233
2,993.963867,d39560e57ccf0d56a57604dda32c01f1_shot_001_000,ssim,mouth,0.64091855
2,993.963867,d39560e57ccf0d56a57604dda32c01f1_shot_001_000,ssim,full,0.68840688
2,993.963867,d39560e57ccf0d56a57604dda32c01f1_shot_001_000,lpips,mouth,0.41454577
2,993.963867,d39560e57ccf0d56a57604dda32c01f1_shot_001_000,lpips,full,0.43720976
2,993.963867,d39560e57ccf0d56a57604dda32c01f1_shot_001_000,sharpness,mouth,8.9858
2,993.963867,d39560e57ccf0d56a57604dda32c01f1_shot_001_000,lmd,mouth,3.981134
2,993.963867,d39560e57ccf0d56a57604dda32c01f1_shot_001_000,sync_d,mouth,9.429702
2,993.963867,d39560e57ccf0d56a57604dda32c01f1_shot_001_000,sync_c,mouth,4.747671
3,990.779053,d39560e57ccf0d56a57604dda32c01f1_shot_001_000,pixel_mse,mouth,0.00726767
3,990.779053,d39560e57ccf0d56a57604dda32c01f1_shot_001_000,pixel_mse,full,0.01259941
3,990.779053,d39560e57ccf0d56a57604dda32c01f1_shot_001_000,ssim,mouth,0.62703288
3,990.779053,d39560e57ccf0d56a57604dda32c01f1_shot_001_000,ssim,full,0.67953342
3,990.779053,d39560e57ccf0d56a57604dda32c01f1_shot_001_000,lpips,mouth,0.42125395
3,990.779053,d39560e57ccf0d56a57604dda32c01f1_shot_001_000,lpips,full,0.46513236
3,990.779053,d39560e57ccf0d56a57604dda32c01f1_shot_001_000,sharpness,mouth,10.4093
3,990.779053,d39560e57ccf0d56a57604dda32c01f1_shot_001_000,lmd,mouth,3.540802
3,990.779053,d39560e57ccf0d56a57604dda32c01f1_shot_001_000,sync_d,mouth,9.734824
3,990.779053,d39560e57ccf0d56a57604dda32c01f1_shot_001_000,sync_c,mouth,3.886005
4,987.474243,d39560e57ccf0d56a57604dda32c01f1_shot_001_000,pixel_mse,mouth,0.00808642
4,987.474243,d39560e57ccf0d56a57604dda32c01f1_shot_001_000,pixel_mse,full,0.00998016
4,987.474243,d39560e57ccf0d56a57604dda32c01f1_shot_001_000,ssim,mouth,0.60688823
4,987.474243,d39560e57ccf0d56a57604dda32c01f1_shot_001_000,ssim,full,0.69502664
4,987.474243,d39560e57ccf0d56a57604dda32c01f1_shot_001_000,lpips,mouth,0.39831302
4,987.474243,d39560e57ccf0d56a57604dda32c01f1_shot_001_000,lpips,full,0.36720189
4,987.474243,d39560e57ccf0d56a57604dda32c01f1_shot_001_000,sharpness,mouth,10.5542
4,987.474243,d39560e57ccf0d56a57604dda32c01f1_shot_001_000,lmd,mouth,3.231853
4,987.474243,d39560e57ccf0d56a57604dda32c01f1_shot_001_000,sync_d,mouth,10.628612
4,987.474243,d39560e57ccf0d56a57604dda32c01f1_shot_001_000,sync_c,mouth,3.651667
5,984.043091,d39560e57ccf0d56a57604dda32c01f1_shot_001_000,pixel_mse,mouth,0.01033163
5,984.043091,d39560e57ccf0d56a57604dda32c01f1_shot_001_000,pixel_mse,full,0.00990076
5,984.043091,d39560e57ccf0d56a57604dda32c01f1_shot_001_000,ssim,mouth,0.5656172
5,984.043091,d39560e57ccf0d56a57604dda32c01f1_shot_001_000,ssim,full,0.67542595
5,984.043091,d39560e57ccf0d56a57604dda32c01f1_shot_001_000,lpips,mouth,0.3409062
5,984.043091,d39560e57ccf0d56a57604dda32c01f1_shot_001_000,lpips,full,0.30433431
5,984.043091,d39560e57ccf0d56a57604dda32c01f1_shot_001_000,sharpness,mouth,12.7721
5,984.043091,d39560e57ccf0d56a57604dda32c01f1_shot_001_000,lmd,mouth,4.61884
5,984.043091,d39560e57ccf0d56a57604dda32c01f1_shot_001_000,sync_d,mouth,9.825737
5,984.043091,d39560e57ccf0d56a57604dda32c01f1_shot_001_000,sync_c,mouth,5.775685
6,980.477844,d39560e57ccf0d56a57604dda32c01f1_shot_001_000,pixel_mse,mouth,0.01141345
6,980.477844,d39560e57ccf0d56a57604dda32c01f1_shot_001_000,pixel_mse,full,0.00945999
6,980.477844,d39560e57ccf0d56a57604dda32c01f1_shot_001_000,ssim,mouth,0.55454266
6,980.477844,d39560e57ccf0d56a57604dda32c01f1_shot_001_000,ssim,full,0.67287076
6,980.477844,d39560e57ccf0d56a57604dda32c01f1_shot_001_000,lpips,mouth,0.31734169
6,980.477844,d39560e57ccf0d56a57604dda32c01f1_shot_001_000,lpips,full,0.25552326
6,980.477844,d39560e57ccf0d56a57604dda32c01f1_shot_001_000,sharpness,mouth,13.0
6,980.477844,d39560e57ccf0d56a57604dda32c01f1_shot_001_000,lmd,mouth,4.607502
6,980.477844,d39560e57ccf0d56a57604dda32c01f1_shot_001_000,sync_d,mouth,9.463755
6,980.477844,d39560e57ccf0d56a57604dda32c01f1_shot_001_000,sync_c,mouth,6.149167
7,976.770691,d39560e57ccf0d56a57604dda32c01f1_shot_001_000,pixel_mse,mouth,0.01205087
7,976.770691,d39560e57ccf0d56a57604dda32c01f1_shot_001_000,pixel_mse,full,0.00955839
7,976.770691,d39560e57ccf0d56a57604dda32c01f1_shot_001_000,ssim,mouth,0.54590172
7,976.770691,d39560e57ccf0d56a57604dda32c01f1_shot_001_000,ssim,full,0.67775804
7,976.770691,d39560e57ccf0d56a57604dda32c01f1_shot_001_000,lpips,mouth,0.30462092
7,976.770691,d39560e57ccf0d56a57604dda32c01f1_shot_001_000,lpips,full,0.23260044
7,976.770691,d39560e57ccf0d56a57604dda32c01f1_shot_001_000,sharpness,mouth,13.078
7,976.770691,d39560e57ccf0d56a57604dda32c01f1_shot_001_000,lmd,mouth,4.322896
7,976.770691,d39560e57ccf0d56a57604dda32c01f1_shot_001_000,sync_d,mouth,9.034314
7,976.770691,d39560e57ccf0d56a57604dda32c01f1_shot_001_000,sync_c,mouth,6.709537
8,972.912842,d39560e57ccf0d56a57604dda32c01f1_shot_001_000,pixel_mse,mouth,0.01447659
8,972.912842,d39560e57ccf0d56a57604dda32c01f1_shot_001_000,pixel_mse,full,0.01052092
8,972.912842,d39560e57ccf0d56a57604dda32c01f1_shot_001_000,ssim,mouth,0.52138644
8,972.912842,d39560e57ccf0d56a57604dda32c01f1_shot_001_000,ssim,full,0.67223114
8,972.912842,d39560e57ccf0d56a57604dda32c01f1_shot_001_000,lpips,mouth,0.29556632
8,972.912842,d39560e57ccf0d56a57604dda32c01f1_shot_001_000,lpips,full,0.21810308
8,972.912842,d39560e57ccf0d56a57604dda32c01f1_shot_001_000,sharpness,mouth,14.5101
8,972.912842,d39560e57ccf0d56a57604dda32c01f1_shot_001_000,lmd,mouth,4.392306
8,972.912842,d39560e57ccf0d56a57604dda32c01f1_shot_001_000,sync_d,mouth,8.794606
8,972.912842,d39560e57ccf0d56a57604dda32c01f1_shot_001_000,sync_c,mouth,7.078427
9,968.895081,d39560e57ccf0d56a57604dda32c01f1_shot_001_000,pixel_mse,mouth,0.01547215
9,968.895081,d39560e57ccf0d56a57604dda32c01f1_shot_001_000,pixel_mse,full,0.01244399
9,968.895081,d39560e57ccf0d56a57604dda32c01f1_shot_001_000,ssim,mouth,0.51763093
9,968.895081,d39560e57ccf0d56a57604dda32c01f1_shot_001_000,ssim,full,0.65170079
9,968.895081,d39560e57ccf0d56a57604dda32c01f1_shot_001_000,lpips,mouth,0.29017821
9,968.895081,d39560e57ccf0d56a57604dda32c01f1_shot_001_000,lpips,full,0.21896975
9,968.895081,d39560e57ccf0d56a57604dda32c01f1_shot_001_000,sharpness,mouth,14.3758
9,968.895081,d39560e57ccf0d56a57604dda32c01f1_shot_001_000,lmd,mouth,4.243824
9,968.895081,d39560e57ccf0d56a57604dda32c01f1_shot_001_000,sync_d,mouth,8.821351
9,968.895081,d39560e57ccf0d56a57604dda32c01f1_shot_001_000,sync_c,mouth,7.166258
10,964.707153,d39560e57ccf0d56a57604dda32c01f1_shot_001_000,pixel_mse,mouth,0.0154516
10,964.707153,d39560e57ccf0d56a57604dda32c01f1_shot_001_000,pixel_mse,full,0.01374064
10,964.707153,d39560e57ccf0d56a57604dda32c01f1_shot_001_000,ssim,mouth,0.52847368
10,964.707153,d39560e57ccf0d56a57604dda32c01f1_shot_001_000,ssim,full,0.6415807
10,964.707153,d39560e57ccf0d56a57604dda32c01f1_shot_001_000,lpips,mouth,0.28081638
10,964.707153,d39560e57ccf0d56a57604dda32c01f1_shot_001_000,lpips,full,0.21877657
10,964.707153,d39560e57ccf0d56a57604dda32c01f1_shot_001_000,sharpness,mouth,14.8186
10,964.707153,d39560e57ccf0d56a57604dda32c01f1_shot_001_000,lmd,mouth,3.880463
10,964.707153,d39560e57ccf0d56a57604dda32c01f1_shot_001_000,sync_d,mouth,8.898068
10,964.707153,d39560e57ccf0d56a57604dda32c01f1_shot_001_000,sync_c,mouth,7.107507
11,960.337952,d39560e57ccf0d56a57604dda32c01f1_shot_001_000,pixel_mse,mouth,0.01435434
11,960.337952,d39560e57ccf0d56a57604dda32c01f1_shot_001_000,pixel_mse,full,0.01494062
11,960.337952,d39560e57ccf0d56a57604dda32c01f1_shot_001_000,ssim,mouth,0.54054481
11,960.337952,d39560e57ccf0d56a57604dda32c01f1_shot_001_000,ssim,full,0.63346088
11,960.337952,d39560e57ccf0d56a57604dda32c01f1_shot_001_000,lpips,mouth,0.28177255
11,960.337952,d39560e57ccf0d56a57604dda32c01f1_shot_001_000,lpips,full,0.22166951
11,960.337952,d39560e57ccf0d56a57604dda32c01f1_shot_001_000,sharpness,mouth,13.9175
11,960.337952,d39560e57ccf0d56a57604dda32c01f1_shot_001_000,lmd,mouth,3.934352
11,960.337952,d39560e57ccf0d56a57604dda32c01f1_shot_001_000,sync_d,mouth,8.992526
11,960.337952,d39560e57ccf0d56a57604dda32c01f1_shot_001_000,sync_c,mouth,7.184854
12,955.775635,d39560e57ccf0d56a57604dda32c01f1_shot_001_000,pixel_mse,mouth,0.01118547
12,955.775635,d39560e57ccf0d56a57604dda32c01f1_shot_001_000,pixel_mse,full,0.01222356
12,955.775635,d39560e57ccf0d56a57604dda32c01f1_shot_001_000,ssim,mouth,0.56840479
12,955.775635,d39560e57ccf0d56a57604dda32c01f1_shot_001_000,ssim,full,0.66943324
12,955.775635,d39560e57ccf0d56a57604dda32c01f1_shot_001_000,lpips,mouth,0.28478584
12,955.775635,d39560e57ccf0d56a57604dda32c01f1_shot_001_000,lpips,full,0.20051153
12,955.775635,d39560e57ccf0d56a57604dda32c01f1_shot_001_000,sharpness,mouth,13.5151
12,955.775635,d39560e57ccf0d56a57604dda32c01f1_shot_001_000,lmd,mouth,4.119761
12,955.775635,d39560e57ccf0d56a57604dda32c01f1_shot_001_000,sync_d,mouth,8.664124
12,955.775635,d39560e57ccf0d56a57604dda32c01f1_shot_001_000,sync_c,mouth,7.581683
13,951.006897,d39560e57ccf0d56a57604dda32c01f1_shot_001_000,pixel_mse,mouth,0.00914149
13,951.006897,d39560e57ccf0d56a57604dda32c01f1_shot_001_000,pixel_mse,full,0.01122165
13,951.006897,d39560e57ccf0d56a57604dda32c01f1_shot_001_000,ssim,mouth,0.57940847
13,951.006897,d39560e57ccf0d56a57604dda32c01f1_shot_001_000,ssim,full,0.68046248
13,951.006897,d39560e57ccf0d56a57604dda32c01f1_shot_001_000,lpips,mouth,0.29369551
13,951.006897,d39560e57ccf0d56a57604dda32c01f1_shot_001_000,lpips,full,0.21151912
13,951.006897,d39560e57ccf0d56a57604dda32c01f1_shot_001_000,sharpness,mouth,13.5841
13,951.006897,d39560e57ccf0d56a57604dda32c01f1_shot_001_000,lmd,mouth,5.056128
13,951.006897,d39560e57ccf0d56a57604dda32c01f1_shot_001_000,sync_d,mouth,8.603218
13,951.006897,d39560e57ccf0d56a57604dda32c01f1_shot_001_000,sync_c,mouth,7.646067
14,946.017517,d39560e57ccf0d56a57604dda32c01f1_shot_001_000,pixel_mse,mouth,0.00802316
14,946.017517,d39560e57ccf0d56a57604dda32c01f1_shot_001_000,pixel_mse,full,0.0117366
14,946.017517,d39560e57ccf0d56a57604dda32c01f1_shot_001_000,ssim,mouth,0.58391446
14,946.017517,d39560e57ccf0d56a57604dda32c01f1_shot_001_000,ssim,full,0.66851151
14,946.017517,d39560e57ccf0d56a57604dda32c01f1_shot_001_000,lpips,mouth,0.30375242
14,946.017517,d39560e57ccf0d56a57604dda32c01f1_shot_001_000,lpips,full,0.21522216
14,946.017517,d39560e57ccf0d56a57604dda32c01f1_shot_001_000,sharpness,mouth,14.9597
14,946.017517,d39560e57ccf0d56a57604dda32c01f1_shot_001_000,lmd,mouth,5.850926
14,946.017517,d39560e57ccf0d56a57604dda32c01f1_shot_001_000,sync_d,mouth,8.660951
14,946.017517,d39560e57ccf0d56a57604dda32c01f1_shot_001_000,sync_c,mouth,7.261299
15,940.791870,d39560e57ccf0d56a57604dda32c01f1_shot_001_000,pixel_mse,mouth,0.00798602
15,940.791870,d39560e57ccf0d56a57604dda32c01f1_shot_001_000,pixel_mse,full,0.00997032
15,940.791870,d39560e57ccf0d56a57604dda32c01f1_shot_001_000,ssim,mouth,0.5815962
15,940.791870,d39560e57ccf0d56a57604dda32c01f1_shot_001_000,ssim,full,0.67808557
15,940.791870,d39560e57ccf0d56a57604dda32c01f1_shot_001_000,lpips,mouth,0.28050646
15,940.791870,d39560e57ccf0d56a57604dda32c01f1_shot_001_000,lpips,full,0.25309354
15,940.791870,d39560e57ccf0d56a57604dda32c01f1_shot_001_000,sharpness,mouth,17.0149
15,940.791870,d39560e57ccf0d56a57604dda32c01f1_shot_001_000,lmd,mouth,5.106814
15,940.791870,d39560e57ccf0d56a57604dda32c01f1_shot_001_000,sync_d,mouth,7.701914
15,940.791870,d39560e57ccf0d56a57604dda32c01f1_shot_001_000,sync_c,mouth,7.585495
16,935.312622,d39560e57ccf0d56a57604dda32c01f1_shot_001_000,pixel_mse,mouth,0.00746199
16,935.312622,d39560e57ccf0d56a57604dda32c01f1_shot_001_000,pixel_mse,full,0.01008067
16,935.312622,d39560e57ccf0d56a57604dda32c01f1_shot_001_000,ssim,mouth,0.59763795
16,935.312622,d39560e57ccf0d56a57604dda32c01f1_shot_001_000,ssim,full,0.68681872
16,935.312622,d39560e57ccf0d56a57604dda32c01f1_shot_001_000,lpips,mouth,0.29707849
16,935.312622,d39560e57ccf0d56a57604dda32c01f1_shot_001_000,lpips,full,0.23954472
16,935.312622,d39560e57ccf0d56a57604dda32c01f1_shot_001_000,sharpness,mouth,15.5649
16,935.312622,d39560e57ccf0d56a57604dda32c01f1_shot_001_000,lmd,mouth,4.878438
16,935.312622,d39560e57ccf0d56a57604dda32c01f1_shot_001_000,sync_d,mouth,8.410657
16,935.312622,d39560e57ccf0d56a57604dda32c01f1_shot_001_000,sync_c,mouth,7.10162
17,929.560913,d39560e57ccf0d56a57604dda32c01f1_shot_001_000,pixel_mse,mouth,0.00719825
17,929.560913,d39560e57ccf0d56a57604dda32c01f1_shot_001_000,pixel_mse,full,0.00970663
17,929.560913,d39560e57ccf0d56a57604dda32c01f1_shot_001_000,ssim,mouth,0.60726106
17,929.560913,d39560e57ccf0d56a57604dda32c01f1_shot_001_000,ssim,full,0.68503487
17,929.560913,d39560e57ccf0d56a57604dda32c01f1_shot_001_000,lpips,mouth,0.30200216
17,929.560913,d39560e57ccf0d56a57604dda32c01f1_shot_001_000,lpips,full,0.23079997
17,929.560913,d39560e57ccf0d56a57604dda32c01f1_shot_001_000,sharpness,mouth,13.6998
17,929.560913,d39560e57ccf0d56a57604dda32c01f1_shot_001_000,lmd,mouth,4.14737
17,929.560913,d39560e57ccf0d56a57604dda32c01f1_shot_001_000,sync_d,mouth,7.618876
17,929.560913,d39560e57ccf0d56a57604dda32c01f1_shot_001_000,sync_c,mouth,8.124773
18,923.515991,d39560e57ccf0d56a57604dda32c01f1_shot_001_000,pixel_mse,mouth,0.00723192
18,923.515991,d39560e57ccf0d56a57604dda32c01f1_shot_001_000,pixel_mse,full,0.00914035
18,923.515991,d39560e57ccf0d56a57604dda32c01f1_shot_001_000,ssim,mouth,0.60553849
18,923.515991,d39560e57ccf0d56a57604dda32c01f1_shot_001_000,ssim,full,0.68758255
18,923.515991,d39560e57ccf0d56a57604dda32c01f1_shot_001_000,lpips,mouth,0.31442958
18,923.515991,d39560e57ccf0d56a57604dda32c01f1_shot_001_000,lpips,full,0.24632609
18,923.515991,d39560e57ccf0d56a57604dda32c01f1_shot_001_000,sharpness,mouth,12.5866
18,923.515991,d39560e57ccf0d56a57604dda32c01f1_shot_001_000,lmd,mouth,3.83712
18,923.515991,d39560e57ccf0d56a57604dda32c01f1_shot_001_000,sync_d,mouth,7.47964
18,923.515991,d39560e57ccf0d56a57604dda32c01f1_shot_001_000,sync_c,mouth,8.28536
19,917.154785,d39560e57ccf0d56a57604dda32c01f1_shot_001_000,pixel_mse,mouth,0.00746123
19,917.154785,d39560e57ccf0d56a57604dda32c01f1_shot_001_000,pixel_mse,full,0.00904247
19,917.154785,d39560e57ccf0d56a57604dda32c01f1_shot_001_000,ssim,mouth,0.60661161
19,917.154785,d39560e57ccf0d56a57604dda32c01f1_shot_001_000,ssim,full,0.69496912
19,917.154785,d39560e57ccf0d56a57604dda32c01f1_shot_001_000,lpips,mouth,0.30981314
19,917.154785,d39560e57ccf0d56a57604dda32c01f1_shot_001_000,lpips,full,0.2504541
19,917.154785,d39560e57ccf0d56a57604dda32c01f1_shot_001_000,sharpness,mouth,13.1528
19,917.154785,d39560e57ccf0d56a57604dda32c01f1_shot_001_000,lmd,mouth,4.429811
19,917.154785,d39560e57ccf0d56a57604dda32c01f1_shot_001_000,sync_d,mouth,8.295134
19,917.154785,d39560e57ccf0d56a57604dda32c01f1_shot_001_000,sync_c,mouth,7.373676
20,910.451721,d39560e57ccf0d56a57604dda32c01f1_shot_001_000,pixel_mse,mouth,0.00731773
20,910.451721,d39560e57ccf0d56a57604dda32c01f1_shot_001_000,pixel_mse,full,0.00872055
20,910.451721,d39560e57ccf0d56a57604dda32c01f1_shot_001_000,ssim,mouth,0.61590159
20,910.451721,d39560e57ccf0d56a57604dda32c01f1_shot_001_000,ssim,full,0.70721692
20,910.451721,d39560e57ccf0d56a57604dda32c01f1_shot_001_000,lpips,mouth,0.31577754
20,910.451721,d39560e57ccf0d56a57604dda32c01f1_shot_001_000,lpips,full,0.26451558
20,910.451721,d39560e57ccf0d56a57604dda32c01f1_shot_001_000,sharpness,mouth,13.4537
20,910.451721,d39560e57ccf0d56a57604dda32c01f1_shot_001_000,lmd,mouth,4.399613
20,910.451721,d39560e57ccf0d56a57604dda32c01f1_shot_001_000,sync_d,mouth,8.537123
20,910.451721,d39560e57ccf0d56a57604dda32c01f1_shot_001_000,sync_c,mouth,7.075055
21,903.378723,d39560e57ccf0d56a57604dda32c01f1_shot_001_000,pixel_mse,mouth,0.00686912
21,903.378723,d39560e57ccf0d56a57604dda32c01f1_shot_001_000,pixel_mse,full,0.00851153
21,903.378723,d39560e57ccf0d56a57604dda32c01f1_shot_001_000,ssim,mouth,0.61704284
21,903.378723,d39560e57ccf0d56a57604dda32c01f1_shot_001_000,ssim,full,0.71115679
21,903.378723,d39560e57ccf0d56a57604dda32c01f1_shot_001_000,lpips,mouth,0.32509863
21,903.378723,d39560e57ccf0d56a57604dda32c01f1_shot_001_000,lpips,full,0.27480567
21,903.378723,d39560e57ccf0d56a57604dda32c01f1_shot_001_000,sharpness,mouth,13.2017
21,903.378723,d39560e57ccf0d56a57604dda32c01f1_shot_001_000,lmd,mouth,4.339086
21,903.378723,d39560e57ccf0d56a57604dda32c01f1_shot_001_000,sync_d,mouth,8.334659
21,903.378723,d39560e57ccf0d56a57604dda32c01f1_shot_001_000,sync_c,mouth,7.181888
22,895.903931,d39560e57ccf0d56a57604dda32c01f1_shot_001_000,pixel_mse,mouth,0.00667867
22,895.903931,d39560e57ccf0d56a57604dda32c01f1_shot_001_000,pixel_mse,full,0.0084065
22,895.903931,d39560e57ccf0d56a57604dda32c01f1_shot_001_000,ssim,mouth,0.61705899
22,895.903931,d39560e57ccf0d56a57604dda32c01f1_shot_001_000,ssim,full,0.7177062
22,895.903931,d39560e57ccf0d56a57604dda32c01f1_shot_001_000,lpips,mouth,0.33758172
22,895.903931,d39560e57ccf0d56a57604dda32c01f1_shot_001_000,lpips,full,0.26343811
22,895.903931,d39560e57ccf0d56a57604dda32c01f1_shot_001_000,sharpness,mouth,12.4523
22,895.903931,d39560e57ccf0d56a57604dda32c01f1_shot_001_000,lmd,mouth,4.479695
22,895.903931,d39560e57ccf0d56a57604dda32c01f1_shot_001_000,sync_d,mouth,8.420604
22,895.903931,d39560e57ccf0d56a57604dda32c01f1_shot_001_000,sync_c,mouth,7.217871
23,887.992493,d39560e57ccf0d56a57604dda32c01f1_shot_001_000,pixel_mse,mouth,0.0066306
23,887.992493,d39560e57ccf0d56a57604dda32c01f1_shot_001_000,pixel_mse,full,0.00855871
23,887.992493,d39560e57ccf0d56a57604dda32c01f1_shot_001_000,ssim,mouth,0.6084677
23,887.992493,d39560e57ccf0d56a57604dda32c01f1_shot_001_000,ssim,full,0.71505862
23,887.992493,d39560e57ccf0d56a57604dda32c01f1_shot_001_000,lpips,mouth,0.3137677
23,887.992493,d39560e57ccf0d56a57604dda32c01f1_shot_001_000,lpips,full,0.24952751
23,887.992493,d39560e57ccf0d56a57604dda32c01f1_shot_001_000,sharpness,mouth,12.3521
23,887.992493,d39560e57ccf0d56a57604dda32c01f1_shot_001_000,lmd,mouth,4.796096
23,887.992493,d39560e57ccf0d56a57604dda32c01f1_shot_001_000,sync_d,mouth,7.695675
23,887.992493,d39560e57ccf0d56a57604dda32c01f1_shot_001_000,sync_c,mouth,7.778102
24,879.604736,d39560e57ccf0d56a57604dda32c01f1_shot_001_000,pixel_mse,mouth,0.00653212
24,879.604736,d39560e57ccf0d56a57604dda32c01f1_shot_001_000,pixel_mse,full,0.00861982
24,879.604736,d39560e57ccf0d56a57604dda32c01f1_shot_001_000,ssim,mouth,0.61115664
24,879.604736,d39560e57ccf0d56a57604dda32c01f1_shot_001_000,ssim,full,0.71313024
24,879.604736,d39560e57ccf0d56a57604dda32c01f1_shot_001_000,lpips,mouth,0.30837339
24,879.604736,d39560e57ccf0d56a57604dda32c01f1_shot_001_000,lpips,full,0.24300668
24,879.604736,d39560e57ccf0d56a57604dda32c01f1_shot_001_000,sharpness,mouth,12.5155
24,879.604736,d39560e57ccf0d56a57604dda32c01f1_shot_001_000,lmd,mouth,4.597694
24,879.604736,d39560e57ccf0d56a57604dda32c01f1_shot_001_000,sync_d,mouth,7.345915
24,879.604736,d39560e57ccf0d56a57604dda32c01f1_shot_001_000,sync_c,mouth,8.359748
25,870.696350,d39560e57ccf0d56a57604dda32c01f1_shot_001_000,pixel_mse,mouth,0.00665958
25,870.696350,d39560e57ccf0d56a57604dda32c01f1_shot_001_000,pixel_mse,full,0.00872452
25,870.696350,d39560e57ccf0d56a57604dda32c01f1_shot_001_000,ssim,mouth,0.61186188
25,870.696350,d39560e57ccf0d56a57604dda32c01f1_shot_001_000,ssim,full,0.70541269
25,870.696350,d39560e57ccf0d56a57604dda32c01f1_shot_001_000,lpips,mouth,0.30677369
25,870.696350,d39560e57ccf0d56a57604dda32c01f1_shot_001_000,lpips,full,0.23946489
25,870.696350,d39560e57ccf0d56a57604dda32c01f1_shot_001_000,sharpness,mouth,11.8515
25,870.696350,d39560e57ccf0d56a57604dda32c01f1_shot_001_000,lmd,mouth,4.624959
25,870.696350,d39560e57ccf0d56a57604dda32c01f1_shot_001_000,sync_d,mouth,7.574129
25,870.696350,d39560e57ccf0d56a57604dda32c01f1_shot_001_000,sync_c,mouth,8.086588
26,861.217407,d39560e57ccf0d56a57604dda32c01f1_shot_001_000,pixel_mse,mouth,0.00653026
26,861.217407,d39560e57ccf0d56a57604dda32c01f1_shot_001_000,pixel_mse,full,0.00831809
26,861.217407,d39560e57ccf0d56a57604dda32c01f1_shot_001_000,ssim,mouth,0.61222357
26,861.217407,d39560e57ccf0d56a57604dda32c01f1_shot_001_000,ssim,full,0.70836949
26,861.217407,d39560e57ccf0d56a57604dda32c01f1_shot_001_000,lpips,mouth,0.30769208
26,861.217407,d39560e57ccf0d56a57604dda32c01f1_shot_001_000,lpips,full,0.23460223
26,861.217407,d39560e57ccf0d56a57604dda32c01f1_shot_001_000,sharpness,mouth,11.6225
26,861.217407,d39560e57ccf0d56a57604dda32c01f1_shot_001_000,lmd,mouth,4.695563
26,861.217407,d39560e57ccf0d56a57604dda32c01f1_shot_001_000,sync_d,mouth,8.047577
26,861.217407,d39560e57ccf0d56a57604dda32c01f1_shot_001_000,sync_c,mouth,7.402966
27,851.111145,d39560e57ccf0d56a57604dda32c01f1_shot_001_000,pixel_mse,mouth,0.00654918
27,851.111145,d39560e57ccf0d56a57604dda32c01f1_shot_001_000,pixel_mse,full,0.00812447
27,851.111145,d39560e57ccf0d56a57604dda32c01f1_shot_001_000,ssim,mouth,0.6126349
27,851.111145,d39560e57ccf0d56a57604dda32c01f1_shot_001_000,ssim,full,0.70883483
27,851.111145,d39560e57ccf0d56a57604dda32c01f1_shot_001_000,lpips,mouth,0.30753133
27,851.111145,d39560e57ccf0d56a57604dda32c01f1_shot_001_000,lpips,full,0.23967792
27,851.111145,d39560e57ccf0d56a57604dda32c01f1_shot_001_000,sharpness,mouth,11.5394
27,851.111145,d39560e57ccf0d56a57604dda32c01f1_shot_001_000,lmd,mouth,4.818447
27,851.111145,d39560e57ccf0d56a57604dda32c01f1_shot_001_000,sync_d,mouth,7.82377
27,851.111145,d39560e57ccf0d56a57604dda32c01f1_shot_001_000,sync_c,mouth,7.637412
28,840.313232,d39560e57ccf0d56a57604dda32c01f1_shot_001_000,pixel_mse,mouth,0.00652794
28,840.313232,d39560e57ccf0d56a57604dda32c01f1_shot_001_000,pixel_mse,full,0.00809323
28,840.313232,d39560e57ccf0d56a57604dda32c01f1_shot_001_000,ssim,mouth,0.61089891
28,840.313232,d39560e57ccf0d56a57604dda32c01f1_shot_001_000,ssim,full,0.71091986
28,840.313232,d39560e57ccf0d56a57604dda32c01f1_shot_001_000,lpips,mouth,0.30060083
28,840.313232,d39560e57ccf0d56a57604dda32c01f1_shot_001_000,lpips,full,0.24224654
28,840.313232,d39560e57ccf0d56a57604dda32c01f1_shot_001_000,sharpness,mouth,11.0698
28,840.313232,d39560e57ccf0d56a57604dda32c01f1_shot_001_000,lmd,mouth,4.253086
28,840.313232,d39560e57ccf0d56a57604dda32c01f1_shot_001_000,sync_d,mouth,8.01048
28,840.313232,d39560e57ccf0d56a57604dda32c01f1_shot_001_000,sync_c,mouth,7.339712
29,828.750244,d39560e57ccf0d56a57604dda32c01f1_shot_001_000,pixel_mse,mouth,0.00654726
29,828.750244,d39560e57ccf0d56a57604dda32c01f1_shot_001_000,pixel_mse,full,0.00810547
29,828.750244,d39560e57ccf0d56a57604dda32c01f1_shot_001_000,ssim,mouth,0.61052012
29,828.750244,d39560e57ccf0d56a57604dda32c01f1_shot_001_000,ssim,full,0.71259469
29,828.750244,d39560e57ccf0d56a57604dda32c01f1_shot_001_000,lpips,mouth,0.30893931
29,828.750244,d39560e57ccf0d56a57604dda32c01f1_shot_001_000,lpips,full,0.24922648
29,828.750244,d39560e57ccf0d56a57604dda32c01f1_shot_001_000,sharpness,mouth,10.6236
29,828.750244,d39560e57ccf0d56a57604dda32c01f1_shot_001_000,lmd,mouth,4.145939
29,828.750244,d39560e57ccf0d56a57604dda32c01f1_shot_001_000,sync_d,mouth,8.339676
29,828.750244,d39560e57ccf0d56a57604dda32c01f1_shot_001_000,sync_c,mouth,7.064183
30,816.337830,d39560e57ccf0d56a57604dda32c01f1_shot_001_000,pixel_mse,mouth,0.00654376
30,816.337830,d39560e57ccf0d56a57604dda32c01f1_shot_001_000,pixel_mse,full,0.00813862
30,816.337830,d39560e57ccf0d56a57604dda32c01f1_shot_001_000,ssim,mouth,0.60959655
30,816.337830,d39560e57ccf0d56a57604dda32c01f1_shot_001_000,ssim,full,0.71148539
30,816.337830,d39560e57ccf0d56a57604dda32c01f1_shot_001_000,lpips,mouth,0.31253359
30,816.337830,d39560e57ccf0d56a57604dda32c01f1_shot_001_000,lpips,full,0.256156
30,816.337830,d39560e57ccf0d56a57604dda32c01f1_shot_001_000,sharpness,mouth,10.5652
30,816.337830,d39560e57ccf0d56a57604dda32c01f1_shot_001_000,lmd,mouth,3.958062
30,816.337830,d39560e57ccf0d56a57604dda32c01f1_shot_001_000,sync_d,mouth,8.542017
30,816.337830,d39560e57ccf0d56a57604dda32c01f1_shot_001_000,sync_c,mouth,7.014565
31,802.978699,d39560e57ccf0d56a57604dda32c01f1_shot_001_000,pixel_mse,mouth,0.0066817
31,802.978699,d39560e57ccf0d56a57604dda32c01f1_shot_001_000,pixel_mse,full,0.00814067
31,802.978699,d39560e57ccf0d56a57604dda32c01f1_shot_001_000,ssim,mouth,0.60851109
31,802.978699,d39560e57ccf0d56a57604dda32c01f1_shot_001_000,ssim,full,0.71125019
31,802.978699,d39560e57ccf0d56a57604dda32c01f1_shot_001_000,lpips,mouth,0.31294486
31,802.978699,d39560e57ccf0d56a57604dda32c01f1_shot_001_000,lpips,full,0.25975397
31,802.978699,d39560e57ccf0d56a57604dda32c01f1_shot_001_000,sharpness,mouth,10.5251
31,802.978699,d39560e57ccf0d56a57604dda32c01f1_shot_001_000,lmd,mouth,4.213755
31,802.978699,d39560e57ccf0d56a57604dda32c01f1_shot_001_000,sync_d,mouth,8.373696
31,802.978699,d39560e57ccf0d56a57604dda32c01f1_shot_001_000,sync_c,mouth,6.93256
32,788.560242,d39560e57ccf0d56a57604dda32c01f1_shot_001_000,pixel_mse,mouth,0.00660376
32,788.560242,d39560e57ccf0d56a57604dda32c01f1_shot_001_000,pixel_mse,full,0.00816883
32,788.560242,d39560e57ccf0d56a57604dda32c01f1_shot_001_000,ssim,mouth,0.61225981
32,788.560242,d39560e57ccf0d56a57604dda32c01f1_shot_001_000,ssim,full,0.7118606
32,788.560242,d39560e57ccf0d56a57604dda32c01f1_shot_001_000,lpips,mouth,0.329429
32,788.560242,d39560e57ccf0d56a57604dda32c01f1_shot_001_000,lpips,full,0.26300737
32,788.560242,d39560e57ccf0d56a57604dda32c01f1_shot_001_000,sharpness,mouth,9.8886
32,788.560242,d39560e57ccf0d56a57604dda32c01f1_shot_001_000,lmd,mouth,4.405088
32,788.560242,d39560e57ccf0d56a57604dda32c01f1_shot_001_000,sync_d,mouth,8.682398
32,788.560242,d39560e57ccf0d56a57604dda32c01f1_shot_001_000,sync_c,mouth,6.751081
33,772.951477,d39560e57ccf0d56a57604dda32c01f1_shot_001_000,pixel_mse,mouth,0.00627963
33,772.951477,d39560e57ccf0d56a57604dda32c01f1_shot_001_000,pixel_mse,full,0.00813674
33,772.951477,d39560e57ccf0d56a57604dda32c01f1_shot_001_000,ssim,mouth,0.62113106
33,772.951477,d39560e57ccf0d56a57604dda32c01f1_shot_001_000,ssim,full,0.7129603
33,772.951477,d39560e57ccf0d56a57604dda32c01f1_shot_001_000,lpips,mouth,0.34906587
33,772.951477,d39560e57ccf0d56a57604dda32c01f1_shot_001_000,lpips,full,0.27150196
33,772.951477,d39560e57ccf0d56a57604dda32c01f1_shot_001_000,sharpness,mouth,9.8604
33,772.951477,d39560e57ccf0d56a57604dda32c01f1_shot_001_000,lmd,mouth,4.623243
33,772.951477,d39560e57ccf0d56a57604dda32c01f1_shot_001_000,sync_d,mouth,8.923166
33,772.951477,d39560e57ccf0d56a57604dda32c01f1_shot_001_000,sync_c,mouth,6.461694
34,755.998352,d39560e57ccf0d56a57604dda32c01f1_shot_001_000,pixel_mse,mouth,0.00608382
34,755.998352,d39560e57ccf0d56a57604dda32c01f1_shot_001_000,pixel_mse,full,0.00816987
34,755.998352,d39560e57ccf0d56a57604dda32c01f1_shot_001_000,ssim,mouth,0.62403685
34,755.998352,d39560e57ccf0d56a57604dda32c01f1_shot_001_000,ssim,full,0.71350652
34,755.998352,d39560e57ccf0d56a57604dda32c01f1_shot_001_000,lpips,mouth,0.36008921
34,755.998352,d39560e57ccf0d56a57604dda32c01f1_shot_001_000,lpips,full,0.27202988
34,755.998352,d39560e57ccf0d56a57604dda32c01f1_shot_001_000,sharpness,mouth,10.0547
34,755.998352,d39560e57ccf0d56a57604dda32c01f1_shot_001_000,lmd,mouth,4.630448
34,755.998352,d39560e57ccf0d56a57604dda32c01f1_shot_001_000,sync_d,mouth,8.858268
34,755.998352,d39560e57ccf0d56a57604dda32c01f1_shot_001_000,sync_c,mouth,6.80137
35,737.519714,d39560e57ccf0d56a57604dda32c01f1_shot_001_000,pixel_mse,mouth,0.00594325
35,737.519714,d39560e57ccf0d56a57604dda32c01f1_shot_001_000,pixel_mse,full,0.00819166
35,737.519714,d39560e57ccf0d56a57604dda32c01f1_shot_001_000,ssim,mouth,0.62759912
35,737.519714,d39560e57ccf0d56a57604dda32c01f1_shot_001_000,ssim,full,0.71683329
35,737.519714,d39560e57ccf0d56a57604dda32c01f1_shot_001_000,lpips,mouth,0.3697933
35,737.519714,d39560e57ccf0d56a57604dda32c01f1_shot_001_000,lpips,full,0.27993411
35,737.519714,d39560e57ccf0d56a57604dda32c01f1_shot_001_000,sharpness,mouth,9.8208
35,737.519714,d39560e57ccf0d56a57604dda32c01f1_shot_001_000,lmd,mouth,4.204136
35,737.519714,d39560e57ccf0d56a57604dda32c01f1_shot_001_000,sync_d,mouth,8.359555
35,737.519714,d39560e57ccf0d56a57604dda32c01f1_shot_001_000,sync_c,mouth,7.027974
36,717.299683,d39560e57ccf0d56a57604dda32c01f1_shot_001_000,pixel_mse,mouth,0.00581037
36,717.299683,d39560e57ccf0d56a57604dda32c01f1_shot_001_000,pixel_mse,full,0.00813748
36,717.299683,d39560e57ccf0d56a57604dda32c01f1_shot_001_000,ssim,mouth,0.63177967
36,717.299683,d39560e57ccf0d56a57604dda32c01f1_shot_001_000,ssim,full,0.7194646
36,717.299683,d39560e57ccf0d56a57604dda32c01f1_shot_001_000,lpips,mouth,0.37137005
36,717.299683,d39560e57ccf0d56a57604dda32c01f1_shot_001_000,lpips,full,0.29306602
36,717.299683,d39560e57ccf0d56a57604dda32c01f1_shot_001_000,sharpness,mouth,9.5278
36,717.299683,d39560e57ccf0d56a57604dda32c01f1_shot_001_000,lmd,mouth,4.001273
36,717.299683,d39560e57ccf0d56a57604dda32c01f1_shot_001_000,sync_d,mouth,8.26823
36,717.299683,d39560e57ccf0d56a57604dda32c01f1_shot_001_000,sync_c,mouth,7.18001
37,695.080139,d39560e57ccf0d56a57604dda32c01f1_shot_001_000,pixel_mse,mouth,0.00574794
37,695.080139,d39560e57ccf0d56a57604dda32c01f1_shot_001_000,pixel_mse,full,0.0081211
37,695.080139,d39560e57ccf0d56a57604dda32c01f1_shot_001_000,ssim,mouth,0.63399035
37,695.080139,d39560e57ccf0d56a57604dda32c01f1_shot_001_000,ssim,full,0.71864742
37,695.080139,d39560e57ccf0d56a57604dda32c01f1_shot_001_000,lpips,mouth,0.37300912
37,695.080139,d39560e57ccf0d56a57604dda32c01f1_shot_001_000,lpips,full,0.30710912
37,695.080139,d39560e57ccf0d56a57604dda32c01f1_shot_001_000,sharpness,mouth,9.9456
37,695.080139,d39560e57ccf0d56a57604dda32c01f1_shot_001_000,lmd,mouth,4.004829
37,695.080139,d39560e57ccf0d56a57604dda32c01f1_shot_001_000,sync_d,mouth,8.11127
37,695.080139,d39560e57ccf0d56a57604dda32c01f1_shot_001_000,sync_c,mouth,7.231989
38,670.548828,d39560e57ccf0d56a57604dda32c01f1_shot_001_000,pixel_mse,mouth,0.00579789
38,670.548828,d39560e57ccf0d56a57604dda32c01f1_shot_001_000,pixel_mse,full,0.00818337
38,670.548828,d39560e57ccf0d56a57604dda32c01f1_shot_001_000,ssim,mouth,0.63287753
38,670.548828,d39560e57ccf0d56a57604dda32c01f1_shot_001_000,ssim,full,0.71824878
38,670.548828,d39560e57ccf0d56a57604dda32c01f1_shot_001_000,lpips,mouth,0.37141436
38,670.548828,d39560e57ccf0d56a57604dda32c01f1_shot_001_000,lpips,full,0.31454328
38,670.548828,d39560e57ccf0d56a57604dda32c01f1_shot_001_000,sharpness,mouth,9.5481
38,670.548828,d39560e57ccf0d56a57604dda32c01f1_shot_001_000,lmd,mouth,3.79875
38,670.548828,d39560e57ccf0d56a57604dda32c01f1_shot_001_000,sync_d,mouth,8.36648
38,670.548828,d39560e57ccf0d56a57604dda32c01f1_shot_001_000,sync_c,mouth,6.94255
39,643.325317,d39560e57ccf0d56a57604dda32c01f1_shot_001_000,pixel_mse,mouth,0.00577696
39,643.325317,d39560e57ccf0d56a57604dda32c01f1_shot_001_000,pixel_mse,full,0.00817275
39,643.325317,d39560e57ccf0d56a57604dda32c01f1_shot_001_000,ssim,mouth,0.63583648
39,643.325317,d39560e57ccf0d56a57604dda32c01f1_shot_001_000,ssim,full,0.72021484
39,643.325317,d39560e57ccf0d56a57604dda32c01f1_shot_001_000,lpips,mouth,0.3790338
39,643.325317,d39560e57ccf0d56a57604dda32c01f1_shot_001_000,lpips,full,0.32209468
39,643.325317,d39560e57ccf0d56a57604dda32c01f1_shot_001_000,sharpness,mouth,9.537
39,643.325317,d39560e57ccf0d56a57604dda32c01f1_shot_001_000,lmd,mouth,3.447285
39,643.325317,d39560e57ccf0d56a57604dda32c01f1_shot_001_000,sync_d,mouth,8.730152
39,643.325317,d39560e57ccf0d56a57604dda32c01f1_shot_001_000,sync_c,mouth,6.4932
40,612.940735,d39560e57ccf0d56a57604dda32c01f1_shot_001_000,pixel_mse,mouth,0.00568749
40,612.940735,d39560e57ccf0d56a57604dda32c01f1_shot_001_000,pixel_mse,full,0.00817834
40,612.940735,d39560e57ccf0d56a57604dda32c01f1_shot_001_000,ssim,mouth,0.63976383
40,612.940735,d39560e57ccf0d56a57604dda32c01f1_shot_001_000,ssim,full,0.72144789
40,612.940735,d39560e57ccf0d56a57604dda32c01f1_shot_001_000,lpips,mouth,0.38261455
40,612.940735,d39560e57ccf0d56a57604dda32c01f1_shot_001_000,lpips,full,0.33189481
40,612.940735,d39560e57ccf0d56a57604dda32c01f1_shot_001_000,sharpness,mouth,9.3629
40,612.940735,d39560e57ccf0d56a57604dda32c01f1_shot_001_000,lmd,mouth,3.883532
40,612.940735,d39560e57ccf0d56a57604dda32c01f1_shot_001_000,sync_d,mouth,8.897283
40,612.940735,d39560e57ccf0d56a57604dda32c01f1_shot_001_000,sync_c,mouth,6.435979
41,578.810425,d39560e57ccf0d56a57604dda32c01f1_shot_001_000,pixel_mse,mouth,0.00559853
41,578.810425,d39560e57ccf0d56a57604dda32c01f1_shot_001_000,pixel_mse,full,0.00823789
41,578.810425,d39560e57ccf0d56a57604dda32c01f1_shot_001_000,ssim,mouth,0.64157909
41,578.810425,d39560e57ccf0d56a57604dda32c01f1_shot_001_000,ssim,full,0.72169077
41,578.810425,d39560e57ccf0d56a57604dda32c01f1_shot_001_000,lpips,mouth,0.37699065
41,578.810425,d39560e57ccf0d56a57604dda32c01f1_shot_001_000,lpips,full,0.34069234
41,578.810425,d39560e57ccf0d56a57604dda32c01f1_shot_001_000,sharpness,mouth,9.2054
41,578.810425,d39560e57ccf0d56a57604dda32c01f1_shot_001_000,lmd,mouth,4.197622
41,578.810425,d39560e57ccf0d56a57604dda32c01f1_shot_001_000,sync_d,mouth,8.949002
41,578.810425,d39560e57ccf0d56a57604dda32c01f1_shot_001_000,sync_c,mouth,6.222433
42,540.196350,d39560e57ccf0d56a57604dda32c01f1_shot_001_000,pixel_mse,mouth,0.0055908
42,540.196350,d39560e57ccf0d56a57604dda32c01f1_shot_001_000,pixel_mse,full,0.00830706
42,540.196350,d39560e57ccf0d56a57604dda32c01f1_shot_001_000,ssim,mouth,0.64364153
42,540.196350,d39560e57ccf0d56a57604dda32c01f1_shot_001_000,ssim,full,0.72165215
42,540.196350,d39560e57ccf0d56a57604dda32c01f1_shot_001_000,lpips,mouth,0.38781923
42,540.196350,d39560e57ccf0d56a57604dda32c01f1_shot_001_000,lpips,full,0.34889412
42,540.196350,d39560e57ccf0d56a57604dda32c01f1_shot_001_000,sharpness,mouth,9.2653
42,540.196350,d39560e57ccf0d56a57604dda32c01f1_shot_001_000,lmd,mouth,3.991911
42,540.196350,d39560e57ccf0d56a57604dda32c01f1_shot_001_000,sync_d,mouth,8.918321
42,540.196350,d39560e57ccf0d56a57604dda32c01f1_shot_001_000,sync_c,mouth,5.862529
43,496.152893,d39560e57ccf0d56a57604dda32c01f1_shot_001_000,pixel_mse,mouth,0.00554063
43,496.152893,d39560e57ccf0d56a57604dda32c01f1_shot_001_000,pixel_mse,full,0.00836117
43,496.152893,d39560e57ccf0d56a57604dda32c01f1_shot_001_000,ssim,mouth,0.64535803
43,496.152893,d39560e57ccf0d56a57604dda32c01f1_shot_001_000,ssim,full,0.72131425
43,496.152893,d39560e57ccf0d56a57604dda32c01f1_shot_001_000,lpips,mouth,0.39396042
43,496.152893,d39560e57ccf0d56a57604dda32c01f1_shot_001_000,lpips,full,0.35517704
43,496.152893,d39560e57ccf0d56a57604dda32c01f1_shot_001_000,sharpness,mouth,8.8377
43,496.152893,d39560e57ccf0d56a57604dda32c01f1_shot_001_000,lmd,mouth,4.003601
43,496.152893,d39560e57ccf0d56a57604dda32c01f1_shot_001_000,sync_d,mouth,8.266444
43,496.152893,d39560e57ccf0d56a57604dda32c01f1_shot_001_000,sync_c,mouth,6.854198
44,445.448151,d39560e57ccf0d56a57604dda32c01f1_shot_001_000,pixel_mse,mouth,0.00556486
44,445.448151,d39560e57ccf0d56a57604dda32c01f1_shot_001_000,pixel_mse,full,0.00844357
44,445.448151,d39560e57ccf0d56a57604dda32c01f1_shot_001_000,ssim,mouth,0.64621544
44,445.448151,d39560e57ccf0d56a57604dda32c01f1_shot_001_000,ssim,full,0.72115314
44,445.448151,d39560e57ccf0d56a57604dda32c01f1_shot_001_000,lpips,mouth,0.40269992
44,445.448151,d39560e57ccf0d56a57604dda32c01f1_shot_001_000,lpips,full,0.36287656
44,445.448151,d39560e57ccf0d56a57604dda32c01f1_shot_001_000,sharpness,mouth,8.7547
44,445.448151,d39560e57ccf0d56a57604dda32c01f1_shot_001_000,lmd,mouth,3.721899
44,445.448151,d39560e57ccf0d56a57604dda32c01f1_shot_001_000,sync_d,mouth,8.319911
44,445.448151,d39560e57ccf0d56a57604dda32c01f1_shot_001_000,sync_c,mouth,6.725203
45,386.447418,d39560e57ccf0d56a57604dda32c01f1_shot_001_000,pixel_mse,mouth,0.00561963
45,386.447418,d39560e57ccf0d56a57604dda32c01f1_shot_001_000,pixel_mse,full,0.00851529
45,386.447418,d39560e57ccf0d56a57604dda32c01f1_shot_001_000,ssim,mouth,0.64653635
45,386.447418,d39560e57ccf0d56a57604dda32c01f1_shot_001_000,ssim,full,0.72047299
45,386.447418,d39560e57ccf0d56a57604dda32c01f1_shot_001_000,lpips,mouth,0.40626195
45,386.447418,d39560e57ccf0d56a57604dda32c01f1_shot_001_000,lpips,full,0.36899972
45,386.447418,d39560e57ccf0d56a57604dda32c01f1_shot_001_000,sharpness,mouth,8.8753
45,386.447418,d39560e57ccf0d56a57604dda32c01f1_shot_001_000,lmd,mouth,3.542179
45,386.447418,d39560e57ccf0d56a57604dda32c01f1_shot_001_000,sync_d,mouth,8.407225
45,386.447418,d39560e57ccf0d56a57604dda32c01f1_shot_001_000,sync_c,mouth,6.250336
46,316.933258,d39560e57ccf0d56a57604dda32c01f1_shot_001_000,pixel_mse,mouth,0.00570244
46,316.933258,d39560e57ccf0d56a57604dda32c01f1_shot_001_000,pixel_mse,full,0.00860601
46,316.933258,d39560e57ccf0d56a57604dda32c01f1_shot_001_000,ssim,mouth,0.64669192
46,316.933258,d39560e57ccf0d56a57604dda32c01f1_shot_001_000,ssim,full,0.71926063
46,316.933258,d39560e57ccf0d56a57604dda32c01f1_shot_001_000,lpips,mouth,0.40537149
46,316.933258,d39560e57ccf0d56a57604dda32c01f1_shot_001_000,lpips,full,0.37600455
46,316.933258,d39560e57ccf0d56a57604dda32c01f1_shot_001_000,sharpness,mouth,8.4789
46,316.933258,d39560e57ccf0d56a57604dda32c01f1_shot_001_000,lmd,mouth,4.158408
46,316.933258,d39560e57ccf0d56a57604dda32c01f1_shot_001_000,sync_d,mouth,8.777658
46,316.933258,d39560e57ccf0d56a57604dda32c01f1_shot_001_000,sync_c,mouth,5.850047
47,233.820694,d39560e57ccf0d56a57604dda32c01f1_shot_001_000,pixel_mse,mouth,0.00593693
47,233.820694,d39560e57ccf0d56a57604dda32c01f1_shot_001_000,pixel_mse,full,0.00885635
47,233.820694,d39560e57ccf0d56a57604dda32c01f1_shot_001_000,ssim,mouth,0.63947463
47,233.820694,d39560e57ccf0d56a57604dda32c01f1_shot_001_000,ssim,full,0.71024197
47,233.820694,d39560e57ccf0d56a57604dda32c01f1_shot_001_000,lpips,mouth,0.40312347
47,233.820694,d39560e57ccf0d56a57604dda32c01f1_shot_001_000,lpips,full,0.39212257
47,233.820694,d39560e57ccf0d56a57604dda32c01f1_shot_001_000,sharpness,mouth,9.0467
47,233.820694,d39560e57ccf0d56a57604dda32c01f1_shot_001_000,lmd,mouth,4.378927
47,233.820694,d39560e57ccf0d56a57604dda32c01f1_shot_001_000,sync_d,mouth,8.719808
47,233.820694,d39560e57ccf0d56a57604dda32c01f1_shot_001_000,sync_c,mouth,5.839705
48,132.687027,d39560e57ccf0d56a57604dda32c01f1_shot_001_000,pixel_mse,mouth,0.0060129
48,132.687027,d39560e57ccf0d56a57604dda32c01f1_shot_001_000,pixel_mse,full,0.00883903
48,132.687027,d39560e57ccf0d56a57604dda32c01f1_shot_001_000,ssim,mouth,0.64355975
48,132.687027,d39560e57ccf0d56a57604dda32c01f1_shot_001_000,ssim,full,0.717417
48,132.687027,d39560e57ccf0d56a57604dda32c01f1_shot_001_000,lpips,mouth,0.40259683
48,132.687027,d39560e57ccf0d56a57604dda32c01f1_shot_001_000,lpips,full,0.38677937
48,132.687027,d39560e57ccf0d56a57604dda32c01f1_shot_001_000,sharpness,mouth,8.7131
48,132.687027,d39560e57ccf0d56a57604dda32c01f1_shot_001_000,lmd,mouth,4.03448
48,132.687027,d39560e57ccf0d56a57604dda32c01f1_shot_001_000,sync_d,mouth,8.766531
48,132.687027,d39560e57ccf0d56a57604dda32c01f1_shot_001_000,sync_c,mouth,6.005283
49,6.958251,d39560e57ccf0d56a57604dda32c01f1_shot_001_000,pixel_mse,mouth,0.00612587
49,6.958251,d39560e57ccf0d56a57604dda32c01f1_shot_001_000,pixel_mse,full,0.00896096
49,6.958251,d39560e57ccf0d56a57604dda32c01f1_shot_001_000,ssim,mouth,0.64177036
49,6.958251,d39560e57ccf0d56a57604dda32c01f1_shot_001_000,ssim,full,0.71733135
49,6.958251,d39560e57ccf0d56a57604dda32c01f1_shot_001_000,lpips,mouth,0.39580137
49,6.958251,d39560e57ccf0d56a57604dda32c01f1_shot_001_000,lpips,full,0.37780648
49,6.958251,d39560e57ccf0d56a57604dda32c01f1_shot_001_000,sharpness,mouth,7.9755
49,6.958251,d39560e57ccf0d56a57604dda32c01f1_shot_001_000,lmd,mouth,4.143399
49,6.958251,d39560e57ccf0d56a57604dda32c01f1_shot_001_000,sync_d,mouth,8.827857
49,6.958251,d39560e57ccf0d56a57604dda32c01f1_shot_001_000,sync_c,mouth,5.851446
-1,gt,4452d828f84c6a2b2dee9c7a81e6c102_shot_001_000,sharpness,mouth,43.2362
-1,gt,4452d828f84c6a2b2dee9c7a81e6c102_shot_001_000,sync_d,mouth,7.17123
-1,gt,4452d828f84c6a2b2dee9c7a81e6c102_shot_001_000,sync_c,mouth,8.023359
0,1000.000000,4452d828f84c6a2b2dee9c7a81e6c102_shot_001_000,pixel_mse,mouth,0.02670469
0,1000.000000,4452d828f84c6a2b2dee9c7a81e6c102_shot_001_000,pixel_mse,full,0.03676681
0,1000.000000,4452d828f84c6a2b2dee9c7a81e6c102_shot_001_000,ssim,mouth,0.64472491
0,1000.000000,4452d828f84c6a2b2dee9c7a81e6c102_shot_001_000,ssim,full,0.63598466
0,1000.000000,4452d828f84c6a2b2dee9c7a81e6c102_shot_001_000,lpips,mouth,0.52402383
0,1000.000000,4452d828f84c6a2b2dee9c7a81e6c102_shot_001_000,lpips,full,0.43014422
0,1000.000000,4452d828f84c6a2b2dee9c7a81e6c102_shot_001_000,sharpness,mouth,14.4581
0,1000.000000,4452d828f84c6a2b2dee9c7a81e6c102_shot_001_000,lmd,mouth,7.188051
0,1000.000000,4452d828f84c6a2b2dee9c7a81e6c102_shot_001_000,sync_d,mouth,12.382277
0,1000.000000,4452d828f84c6a2b2dee9c7a81e6c102_shot_001_000,sync_c,mouth,1.279362
1,997.035706,4452d828f84c6a2b2dee9c7a81e6c102_shot_001_000,pixel_mse,mouth,0.0215304
1,997.035706,4452d828f84c6a2b2dee9c7a81e6c102_shot_001_000,pixel_mse,full,0.03076781
1,997.035706,4452d828f84c6a2b2dee9c7a81e6c102_shot_001_000,ssim,mouth,0.65837288
1,997.035706,4452d828f84c6a2b2dee9c7a81e6c102_shot_001_000,ssim,full,0.6640563
1,997.035706,4452d828f84c6a2b2dee9c7a81e6c102_shot_001_000,lpips,mouth,0.51287943
1,997.035706,4452d828f84c6a2b2dee9c7a81e6c102_shot_001_000,lpips,full,0.43435395
1,997.035706,4452d828f84c6a2b2dee9c7a81e6c102_shot_001_000,sharpness,mouth,12.3781
1,997.035706,4452d828f84c6a2b2dee9c7a81e6c102_shot_001_000,lmd,mouth,7.158017
1,997.035706,4452d828f84c6a2b2dee9c7a81e6c102_shot_001_000,sync_d,mouth,11.44207
1,997.035706,4452d828f84c6a2b2dee9c7a81e6c102_shot_001_000,sync_c,mouth,2.500038
2,993.963867,4452d828f84c6a2b2dee9c7a81e6c102_shot_001_000,pixel_mse,mouth,0.01916392
2,993.963867,4452d828f84c6a2b2dee9c7a81e6c102_shot_001_000,pixel_mse,full,0.02465244
2,993.963867,4452d828f84c6a2b2dee9c7a81e6c102_shot_001_000,ssim,mouth,0.64852715
2,993.963867,4452d828f84c6a2b2dee9c7a81e6c102_shot_001_000,ssim,full,0.68910491
2,993.963867,4452d828f84c6a2b2dee9c7a81e6c102_shot_001_000,lpips,mouth,0.4926205
2,993.963867,4452d828f84c6a2b2dee9c7a81e6c102_shot_001_000,lpips,full,0.427495
2,993.963867,4452d828f84c6a2b2dee9c7a81e6c102_shot_001_000,sharpness,mouth,15.1906
2,993.963867,4452d828f84c6a2b2dee9c7a81e6c102_shot_001_000,lmd,mouth,6.530125
2,993.963867,4452d828f84c6a2b2dee9c7a81e6c102_shot_001_000,sync_d,mouth,8.89507
2,993.963867,4452d828f84c6a2b2dee9c7a81e6c102_shot_001_000,sync_c,mouth,5.22416
3,990.779053,4452d828f84c6a2b2dee9c7a81e6c102_shot_001_000,pixel_mse,mouth,0.02050355
3,990.779053,4452d828f84c6a2b2dee9c7a81e6c102_shot_001_000,pixel_mse,full,0.02439228
3,990.779053,4452d828f84c6a2b2dee9c7a81e6c102_shot_001_000,ssim,mouth,0.63392663
3,990.779053,4452d828f84c6a2b2dee9c7a81e6c102_shot_001_000,ssim,full,0.68193036
3,990.779053,4452d828f84c6a2b2dee9c7a81e6c102_shot_001_000,lpips,mouth,0.4691112
3,990.779053,4452d828f84c6a2b2dee9c7a81e6c102_shot_001_000,lpips,full,0.41261098
3,990.779053,4452d828f84c6a2b2dee9c7a81e6c102_shot_001_000,sharpness,mouth,14.8967
3,990.779053,4452d828f84c6a2b2dee9c7a81e6c102_shot_001_000,lmd,mouth,6.498248
3,990.779053,4452d828f84c6a2b2dee9c7a81e6c102_shot_001_000,sync_d,mouth,8.395236
3,990.779053,4452d828f84c6a2b2dee9c7a81e6c102_shot_001_000,sync_c,mouth,6.201064
4,987.474243,4452d828f84c6a2b2dee9c7a81e6c102_shot_001_000,pixel_mse,mouth,0.02186689
4,987.474243,4452d828f84c6a2b2dee9c7a81e6c102_shot_001_000,pixel_mse,full,0.02560224
4,987.474243,4452d828f84c6a2b2dee9c7a81e6c102_shot_001_000,ssim,mouth,0.62348866
4,987.474243,4452d828f84c6a2b2dee9c7a81e6c102_shot_001_000,ssim,full,0.67356652
4,987.474243,4452d828f84c6a2b2dee9c7a81e6c102_shot_001_000,lpips,mouth,0.44294047
4,987.474243,4452d828f84c6a2b2dee9c7a81e6c102_shot_001_000,lpips,full,0.39988044
4,987.474243,4452d828f84c6a2b2dee9c7a81e6c102_shot_001_000,sharpness,mouth,16.4786
4,987.474243,4452d828f84c6a2b2dee9c7a81e6c102_shot_001_000,lmd,mouth,6.613518
4,987.474243,4452d828f84c6a2b2dee9c7a81e6c102_shot_001_000,sync_d,mouth,8.201349
4,987.474243,4452d828f84c6a2b2dee9c7a81e6c102_shot_001_000,sync_c,mouth,6.771701
5,984.043091,4452d828f84c6a2b2dee9c7a81e6c102_shot_001_000,pixel_mse,mouth,0.02304272
5,984.043091,4452d828f84c6a2b2dee9c7a81e6c102_shot_001_000,pixel_mse,full,0.02559275
5,984.043091,4452d828f84c6a2b2dee9c7a81e6c102_shot_001_000,ssim,mouth,0.61710685
5,984.043091,4452d828f84c6a2b2dee9c7a81e6c102_shot_001_000,ssim,full,0.67144173
5,984.043091,4452d828f84c6a2b2dee9c7a81e6c102_shot_001_000,lpips,mouth,0.41929546
5,984.043091,4452d828f84c6a2b2dee9c7a81e6c102_shot_001_000,lpips,full,0.39117754
5,984.043091,4452d828f84c6a2b2dee9c7a81e6c102_shot_001_000,sharpness,mouth,16.5209
5,984.043091,4452d828f84c6a2b2dee9c7a81e6c102_shot_001_000,lmd,mouth,6.316868
5,984.043091,4452d828f84c6a2b2dee9c7a81e6c102_shot_001_000,sync_d,mouth,8.463585
5,984.043091,4452d828f84c6a2b2dee9c7a81e6c102_shot_001_000,sync_c,mouth,6.232423
6,980.477844,4452d828f84c6a2b2dee9c7a81e6c102_shot_001_000,pixel_mse,mouth,0.0246615
6,980.477844,4452d828f84c6a2b2dee9c7a81e6c102_shot_001_000,pixel_mse,full,0.0251554
6,980.477844,4452d828f84c6a2b2dee9c7a81e6c102_shot_001_000,ssim,mouth,0.61182296
6,980.477844,4452d828f84c6a2b2dee9c7a81e6c102_shot_001_000,ssim,full,0.66515791
6,980.477844,4452d828f84c6a2b2dee9c7a81e6c102_shot_001_000,lpips,mouth,0.40855548
6,980.477844,4452d828f84c6a2b2dee9c7a81e6c102_shot_001_000,lpips,full,0.37859383
6,980.477844,4452d828f84c6a2b2dee9c7a81e6c102_shot_001_000,sharpness,mouth,16.449
6,980.477844,4452d828f84c6a2b2dee9c7a81e6c102_shot_001_000,lmd,mouth,6.177187
6,980.477844,4452d828f84c6a2b2dee9c7a81e6c102_shot_001_000,sync_d,mouth,8.743124
6,980.477844,4452d828f84c6a2b2dee9c7a81e6c102_shot_001_000,sync_c,mouth,6.012026
7,976.770691,4452d828f84c6a2b2dee9c7a81e6c102_shot_001_000,pixel_mse,mouth,0.02462118
7,976.770691,4452d828f84c6a2b2dee9c7a81e6c102_shot_001_000,pixel_mse,full,0.02638529
7,976.770691,4452d828f84c6a2b2dee9c7a81e6c102_shot_001_000,ssim,mouth,0.58293176
7,976.770691,4452d828f84c6a2b2dee9c7a81e6c102_shot_001_000,ssim,full,0.65991449
7,976.770691,4452d828f84c6a2b2dee9c7a81e6c102_shot_001_000,lpips,mouth,0.39425281
7,976.770691,4452d828f84c6a2b2dee9c7a81e6c102_shot_001_000,lpips,full,0.36807501
7,976.770691,4452d828f84c6a2b2dee9c7a81e6c102_shot_001_000,sharpness,mouth,17.7617
7,976.770691,4452d828f84c6a2b2dee9c7a81e6c102_shot_001_000,lmd,mouth,6.044821
7,976.770691,4452d828f84c6a2b2dee9c7a81e6c102_shot_001_000,sync_d,mouth,8.819311
7,976.770691,4452d828f84c6a2b2dee9c7a81e6c102_shot_001_000,sync_c,mouth,6.099836
8,972.912842,4452d828f84c6a2b2dee9c7a81e6c102_shot_001_000,pixel_mse,mouth,0.02651777
8,972.912842,4452d828f84c6a2b2dee9c7a81e6c102_shot_001_000,pixel_mse,full,0.02908847
8,972.912842,4452d828f84c6a2b2dee9c7a81e6c102_shot_001_000,ssim,mouth,0.56075078
8,972.912842,4452d828f84c6a2b2dee9c7a81e6c102_shot_001_000,ssim,full,0.64731765
8,972.912842,4452d828f84c6a2b2dee9c7a81e6c102_shot_001_000,lpips,mouth,0.39086467
8,972.912842,4452d828f84c6a2b2dee9c7a81e6c102_shot_001_000,lpips,full,0.36185083
8,972.912842,4452d828f84c6a2b2dee9c7a81e6c102_shot_001_000,sharpness,mouth,19.8899
8,972.912842,4452d828f84c6a2b2dee9c7a81e6c102_shot_001_000,lmd,mouth,6.030495
8,972.912842,4452d828f84c6a2b2dee9c7a81e6c102_shot_001_000,sync_d,mouth,8.754226
8,972.912842,4452d828f84c6a2b2dee9c7a81e6c102_shot_001_000,sync_c,mouth,6.30908
9,968.895081,4452d828f84c6a2b2dee9c7a81e6c102_shot_001_000,pixel_mse,mouth,0.03008076
9,968.895081,4452d828f84c6a2b2dee9c7a81e6c102_shot_001_000,pixel_mse,full,0.02977731
9,968.895081,4452d828f84c6a2b2dee9c7a81e6c102_shot_001_000,ssim,mouth,0.53900993
9,968.895081,4452d828f84c6a2b2dee9c7a81e6c102_shot_001_000,ssim,full,0.63515306
9,968.895081,4452d828f84c6a2b2dee9c7a81e6c102_shot_001_000,lpips,mouth,0.39003715
9,968.895081,4452d828f84c6a2b2dee9c7a81e6c102_shot_001_000,lpips,full,0.34535986
9,968.895081,4452d828f84c6a2b2dee9c7a81e6c102_shot_001_000,sharpness,mouth,24.6716
9,968.895081,4452d828f84c6a2b2dee9c7a81e6c102_shot_001_000,lmd,mouth,5.547756
9,968.895081,4452d828f84c6a2b2dee9c7a81e6c102_shot_001_000,sync_d,mouth,8.026057
9,968.895081,4452d828f84c6a2b2dee9c7a81e6c102_shot_001_000,sync_c,mouth,6.96435
10,964.707153,4452d828f84c6a2b2dee9c7a81e6c102_shot_001_000,pixel_mse,mouth,0.03610979
10,964.707153,4452d828f84c6a2b2dee9c7a81e6c102_shot_001_000,pixel_mse,full,0.03305369
10,964.707153,4452d828f84c6a2b2dee9c7a81e6c102_shot_001_000,ssim,mouth,0.51433796
10,964.707153,4452d828f84c6a2b2dee9c7a81e6c102_shot_001_000,ssim,full,0.62043661
10,964.707153,4452d828f84c6a2b2dee9c7a81e6c102_shot_001_000,lpips,mouth,0.39604551
10,964.707153,4452d828f84c6a2b2dee9c7a81e6c102_shot_001_000,lpips,full,0.34502736
10,964.707153,4452d828f84c6a2b2dee9c7a81e6c102_shot_001_000,sharpness,mouth,30.242
10,964.707153,4452d828f84c6a2b2dee9c7a81e6c102_shot_001_000,lmd,mouth,5.633
10,964.707153,4452d828f84c6a2b2dee9c7a81e6c102_shot_001_000,sync_d,mouth,7.52502
10,964.707153,4452d828f84c6a2b2dee9c7a81e6c102_shot_001_000,sync_c,mouth,7.436212
11,960.337952,4452d828f84c6a2b2dee9c7a81e6c102_shot_001_000,pixel_mse,mouth,0.0377383
11,960.337952,4452d828f84c6a2b2dee9c7a81e6c102_shot_001_000,pixel_mse,full,0.03562988
11,960.337952,4452d828f84c6a2b2dee9c7a81e6c102_shot_001_000,ssim,mouth,0.50410831
11,960.337952,4452d828f84c6a2b2dee9c7a81e6c102_shot_001_000,ssim,full,0.61489171
11,960.337952,4452d828f84c6a2b2dee9c7a81e6c102_shot_001_000,lpips,mouth,0.40354151
11,960.337952,4452d828f84c6a2b2dee9c7a81e6c102_shot_001_000,lpips,full,0.34047294
11,960.337952,4452d828f84c6a2b2dee9c7a81e6c102_shot_001_000,sharpness,mouth,32.7775
11,960.337952,4452d828f84c6a2b2dee9c7a81e6c102_shot_001_000,lmd,mouth,5.740617
11,960.337952,4452d828f84c6a2b2dee9c7a81e6c102_shot_001_000,sync_d,mouth,7.423599
11,960.337952,4452d828f84c6a2b2dee9c7a81e6c102_shot_001_000,sync_c,mouth,7.630706
12,955.775635,4452d828f84c6a2b2dee9c7a81e6c102_shot_001_000,pixel_mse,mouth,0.03622963
12,955.775635,4452d828f84c6a2b2dee9c7a81e6c102_shot_001_000,pixel_mse,full,0.03675167
12,955.775635,4452d828f84c6a2b2dee9c7a81e6c102_shot_001_000,ssim,mouth,0.50393039
12,955.775635,4452d828f84c6a2b2dee9c7a81e6c102_shot_001_000,ssim,full,0.61230516
12,955.775635,4452d828f84c6a2b2dee9c7a81e6c102_shot_001_000,lpips,mouth,0.39861998
12,955.775635,4452d828f84c6a2b2dee9c7a81e6c102_shot_001_000,lpips,full,0.34006169
12,955.775635,4452d828f84c6a2b2dee9c7a81e6c102_shot_001_000,sharpness,mouth,30.8495
12,955.775635,4452d828f84c6a2b2dee9c7a81e6c102_shot_001_000,lmd,mouth,6.140194
12,955.775635,4452d828f84c6a2b2dee9c7a81e6c102_shot_001_000,sync_d,mouth,7.889538
12,955.775635,4452d828f84c6a2b2dee9c7a81e6c102_shot_001_000,sync_c,mouth,7.296675
13,951.006897,4452d828f84c6a2b2dee9c7a81e6c102_shot_001_000,pixel_mse,mouth,0.03811064
13,951.006897,4452d828f84c6a2b2dee9c7a81e6c102_shot_001_000,pixel_mse,full,0.03693905
13,951.006897,4452d828f84c6a2b2dee9c7a81e6c102_shot_001_000,ssim,mouth,0.49680021
13,951.006897,4452d828f84c6a2b2dee9c7a81e6c102_shot_001_000,ssim,full,0.60282177
13,951.006897,4452d828f84c6a2b2dee9c7a81e6c102_shot_001_000,lpips,mouth,0.41090214
13,951.006897,4452d828f84c6a2b2dee9c7a81e6c102_shot_001_000,lpips,full,0.33963871
13,951.006897,4452d828f84c6a2b2dee9c7a81e6c102_shot_001_000,sharpness,mouth,33.757
13,951.006897,4452d828f84c6a2b2dee9c7a81e6c102_shot_001_000,lmd,mouth,6.190674
13,951.006897,4452d828f84c6a2b2dee9c7a81e6c102_shot_001_000,sync_d,mouth,7.679103
13,951.006897,4452d828f84c6a2b2dee9c7a81e6c102_shot_001_000,sync_c,mouth,7.520205
14,946.017517,4452d828f84c6a2b2dee9c7a81e6c102_shot_001_000,pixel_mse,mouth,0.03801263
14,946.017517,4452d828f84c6a2b2dee9c7a81e6c102_shot_001_000,pixel_mse,full,0.03697795
14,946.017517,4452d828f84c6a2b2dee9c7a81e6c102_shot_001_000,ssim,mouth,0.49583733
14,946.017517,4452d828f84c6a2b2dee9c7a81e6c102_shot_001_000,ssim,full,0.6002717
14,946.017517,4452d828f84c6a2b2dee9c7a81e6c102_shot_001_000,lpips,mouth,0.41976255
14,946.017517,4452d828f84c6a2b2dee9c7a81e6c102_shot_001_000,lpips,full,0.33958071
14,946.017517,4452d828f84c6a2b2dee9c7a81e6c102_shot_001_000,sharpness,mouth,34.7588
14,946.017517,4452d828f84c6a2b2dee9c7a81e6c102_shot_001_000,lmd,mouth,6.015785
14,946.017517,4452d828f84c6a2b2dee9c7a81e6c102_shot_001_000,sync_d,mouth,7.235993
14,946.017517,4452d828f84c6a2b2dee9c7a81e6c102_shot_001_000,sync_c,mouth,7.877625
15,940.791870,4452d828f84c6a2b2dee9c7a81e6c102_shot_001_000,pixel_mse,mouth,0.03580681
15,940.791870,4452d828f84c6a2b2dee9c7a81e6c102_shot_001_000,pixel_mse,full,0.03551775
15,940.791870,4452d828f84c6a2b2dee9c7a81e6c102_shot_001_000,ssim,mouth,0.50411391
15,940.791870,4452d828f84c6a2b2dee9c7a81e6c102_shot_001_000,ssim,full,0.6091361
15,940.791870,4452d828f84c6a2b2dee9c7a81e6c102_shot_001_000,lpips,mouth,0.40907741
15,940.791870,4452d828f84c6a2b2dee9c7a81e6c102_shot_001_000,lpips,full,0.33603686
15,940.791870,4452d828f84c6a2b2dee9c7a81e6c102_shot_001_000,sharpness,mouth,35.4883
15,940.791870,4452d828f84c6a2b2dee9c7a81e6c102_shot_001_000,lmd,mouth,6.011588
15,940.791870,4452d828f84c6a2b2dee9c7a81e6c102_shot_001_000,sync_d,mouth,7.234421
15,940.791870,4452d828f84c6a2b2dee9c7a81e6c102_shot_001_000,sync_c,mouth,7.69268
16,935.312622,4452d828f84c6a2b2dee9c7a81e6c102_shot_001_000,pixel_mse,mouth,0.03805158
16,935.312622,4452d828f84c6a2b2dee9c7a81e6c102_shot_001_000,pixel_mse,full,0.03411026
16,935.312622,4452d828f84c6a2b2dee9c7a81e6c102_shot_001_000,ssim,mouth,0.49992141
16,935.312622,4452d828f84c6a2b2dee9c7a81e6c102_shot_001_000,ssim,full,0.61807013
16,935.312622,4452d828f84c6a2b2dee9c7a81e6c102_shot_001_000,lpips,mouth,0.40716648
16,935.312622,4452d828f84c6a2b2dee9c7a81e6c102_shot_001_000,lpips,full,0.33959475
16,935.312622,4452d828f84c6a2b2dee9c7a81e6c102_shot_001_000,sharpness,mouth,49.0039
16,935.312622,4452d828f84c6a2b2dee9c7a81e6c102_shot_001_000,lmd,mouth,5.786798
16,935.312622,4452d828f84c6a2b2dee9c7a81e6c102_shot_001_000,sync_d,mouth,7.162302
16,935.312622,4452d828f84c6a2b2dee9c7a81e6c102_shot_001_000,sync_c,mouth,7.406704
17,929.560913,4452d828f84c6a2b2dee9c7a81e6c102_shot_001_000,pixel_mse,mouth,0.04105783
17,929.560913,4452d828f84c6a2b2dee9c7a81e6c102_shot_001_000,pixel_mse,full,0.03364872
17,929.560913,4452d828f84c6a2b2dee9c7a81e6c102_shot_001_000,ssim,mouth,0.50426006
17,929.560913,4452d828f84c6a2b2dee9c7a81e6c102_shot_001_000,ssim,full,0.62497455
17,929.560913,4452d828f84c6a2b2dee9c7a81e6c102_shot_001_000,lpips,mouth,0.40429381
17,929.560913,4452d828f84c6a2b2dee9c7a81e6c102_shot_001_000,lpips,full,0.35208148
17,929.560913,4452d828f84c6a2b2dee9c7a81e6c102_shot_001_000,sharpness,mouth,111.7729
17,929.560913,4452d828f84c6a2b2dee9c7a81e6c102_shot_001_000,lmd,mouth,5.701841
17,929.560913,4452d828f84c6a2b2dee9c7a81e6c102_shot_001_000,sync_d,mouth,7.508357
17,929.560913,4452d828f84c6a2b2dee9c7a81e6c102_shot_001_000,sync_c,mouth,6.770095
18,923.515991,4452d828f84c6a2b2dee9c7a81e6c102_shot_001_000,pixel_mse,mouth,0.03644533
18,923.515991,4452d828f84c6a2b2dee9c7a81e6c102_shot_001_000,pixel_mse,full,0.03344201
18,923.515991,4452d828f84c6a2b2dee9c7a81e6c102_shot_001_000,ssim,mouth,0.54049289
18,923.515991,4452d828f84c6a2b2dee9c7a81e6c102_shot_001_000,ssim,full,0.62859982
18,923.515991,4452d828f84c6a2b2dee9c7a81e6c102_shot_001_000,lpips,mouth,0.38981739
18,923.515991,4452d828f84c6a2b2dee9c7a81e6c102_shot_001_000,lpips,full,0.36009324
18,923.515991,4452d828f84c6a2b2dee9c7a81e6c102_shot_001_000,sharpness,mouth,175.8537
18,923.515991,4452d828f84c6a2b2dee9c7a81e6c102_shot_001_000,lmd,mouth,5.597832
18,923.515991,4452d828f84c6a2b2dee9c7a81e6c102_shot_001_000,sync_d,mouth,7.722622
18,923.515991,4452d828f84c6a2b2dee9c7a81e6c102_shot_001_000,sync_c,mouth,6.272919
19,917.154785,4452d828f84c6a2b2dee9c7a81e6c102_shot_001_000,pixel_mse,mouth,0.02994982
19,917.154785,4452d828f84c6a2b2dee9c7a81e6c102_shot_001_000,pixel_mse,full,0.03331411
19,917.154785,4452d828f84c6a2b2dee9c7a81e6c102_shot_001_000,ssim,mouth,0.57739937
19,917.154785,4452d828f84c6a2b2dee9c7a81e6c102_shot_001_000,ssim,full,0.6331954
19,917.154785,4452d828f84c6a2b2dee9c7a81e6c102_shot_001_000,lpips,mouth,0.4049961
19,917.154785,4452d828f84c6a2b2dee9c7a81e6c102_shot_001_000,lpips,full,0.37015754
19,917.154785,4452d828f84c6a2b2dee9c7a81e6c102_shot_001_000,sharpness,mouth,136.7841
19,917.154785,4452d828f84c6a2b2dee9c7a81e6c102_shot_001_000,lmd,mouth,5.022337
19,917.154785,4452d828f84c6a2b2dee9c7a81e6c102_shot_001_000,sync_d,mouth,7.76499
19,917.154785,4452d828f84c6a2b2dee9c7a81e6c102_shot_001_000,sync_c,mouth,6.73944
20,910.451721,4452d828f84c6a2b2dee9c7a81e6c102_shot_001_000,pixel_mse,mouth,0.02372217
20,910.451721,4452d828f84c6a2b2dee9c7a81e6c102_shot_001_000,pixel_mse,full,0.03323391
20,910.451721,4452d828f84c6a2b2dee9c7a81e6c102_shot_001_000,ssim,mouth,0.60341656
20,910.451721,4452d828f84c6a2b2dee9c7a81e6c102_shot_001_000,ssim,full,0.63504738
20,910.451721,4452d828f84c6a2b2dee9c7a81e6c102_shot_001_000,lpips,mouth,0.42167512
20,910.451721,4452d828f84c6a2b2dee9c7a81e6c102_shot_001_000,lpips,full,0.37481961
20,910.451721,4452d828f84c6a2b2dee9c7a81e6c102_shot_001_000,sharpness,mouth,46.3886
20,910.451721,4452d828f84c6a2b2dee9c7a81e6c102_shot_001_000,lmd,mouth,4.828908
20,910.451721,4452d828f84c6a2b2dee9c7a81e6c102_shot_001_000,sync_d,mouth,7.853341
20,910.451721,4452d828f84c6a2b2dee9c7a81e6c102_shot_001_000,sync_c,mouth,7.006161
21,903.378723,4452d828f84c6a2b2dee9c7a81e6c102_shot_001_000,pixel_mse,mouth,0.02200021
21,903.378723,4452d828f84c6a2b2dee9c7a81e6c102_shot_001_000,pixel_mse,full,0.0333695
21,903.378723,4452d828f84c6a2b2dee9c7a81e6c102_shot_001_000,ssim,mouth,0.61653465
21,903.378723,4452d828f84c6a2b2dee9c7a81e6c102_shot_001_000,ssim,full,0.63573736
21,903.378723,4452d828f84c6a2b2dee9c7a81e6c102_shot_001_000,lpips,mouth,0.45145196
21,903.378723,4452d828f84c6a2b2dee9c7a81e6c102_shot_001_000,lpips,full,0.37877628
21,903.378723,4452d828f84c6a2b2dee9c7a81e6c102_shot_001_000,sharpness,mouth,27.3176
21,903.378723,4452d828f84c6a2b2dee9c7a81e6c102_shot_001_000,lmd,mouth,5.046426
21,903.378723,4452d828f84c6a2b2dee9c7a81e6c102_shot_001_000,sync_d,mouth,8.232138
21,903.378723,4452d828f84c6a2b2dee9c7a81e6c102_shot_001_000,sync_c,mouth,6.708854
22,895.903931,4452d828f84c6a2b2dee9c7a81e6c102_shot_001_000,pixel_mse,mouth,0.0229223
22,895.903931,4452d828f84c6a2b2dee9c7a81e6c102_shot_001_000,pixel_mse,full,0.03356876
22,895.903931,4452d828f84c6a2b2dee9c7a81e6c102_shot_001_000,ssim,mouth,0.62021029
22,895.903931,4452d828f84c6a2b2dee9c7a81e6c102_shot_001_000,ssim,full,0.63701302
22,895.903931,4452d828f84c6a2b2dee9c7a81e6c102_shot_001_000,lpips,mouth,0.46384805
22,895.903931,4452d828f84c6a2b2dee9c7a81e6c102_shot_001_000,lpips,full,0.38570678
22,895.903931,4452d828f84c6a2b2dee9c7a81e6c102_shot_001_000,sharpness,mouth,20.7512
22,895.903931,4452d828f84c6a2b2dee9c7a81e6c102_shot_001_000,lmd,mouth,5.332421
22,895.903931,4452d828f84c6a2b2dee9c7a81e6c102_shot_001_000,sync_d,mouth,8.754038
22,895.903931,4452d828f84c6a2b2dee9c7a81e6c102_shot_001_000,sync_c,mouth,6.035151
23,887.992493,4452d828f84c6a2b2dee9c7a81e6c102_shot_001_000,pixel_mse,mouth,0.02327705
23,887.992493,4452d828f84c6a2b2dee9c7a81e6c102_shot_001_000,pixel_mse,full,0.03368319
23,887.992493,4452d828f84c6a2b2dee9c7a81e6c102_shot_001_000,ssim,mouth,0.62199092
23,887.992493,4452d828f84c6a2b2dee9c7a81e6c102_shot_001_000,ssim,full,0.63848871
23,887.992493,4452d828f84c6a2b2dee9c7a81e6c102_shot_001_000,lpips,mouth,0.4765932
23,887.992493,4452d828f84c6a2b2dee9c7a81e6c102_shot_001_000,lpips,full,0.3864519
23,887.992493,4452d828f84c6a2b2dee9c7a81e6c102_shot_001_000,sharpness,mouth,18.8915
23,887.992493,4452d828f84c6a2b2dee9c7a81e6c102_shot_001_000,lmd,mouth,5.225737
23,887.992493,4452d828f84c6a2b2dee9c7a81e6c102_shot_001_000,sync_d,mouth,9.056414
23,887.992493,4452d828f84c6a2b2dee9c7a81e6c102_shot_001_000,sync_c,mouth,5.755552
24,879.604736,4452d828f84c6a2b2dee9c7a81e6c102_shot_001_000,pixel_mse,mouth,0.02393163
24,879.604736,4452d828f84c6a2b2dee9c7a81e6c102_shot_001_000,pixel_mse,full,0.03376831
24,879.604736,4452d828f84c6a2b2dee9c7a81e6c102_shot_001_000,ssim,mouth,0.62324768
24,879.604736,4452d828f84c6a2b2dee9c7a81e6c102_shot_001_000,ssim,full,0.6385718
24,879.604736,4452d828f84c6a2b2dee9c7a81e6c102_shot_001_000,lpips,mouth,0.48218772
24,879.604736,4452d828f84c6a2b2dee9c7a81e6c102_shot_001_000,lpips,full,0.38507032
24,879.604736,4452d828f84c6a2b2dee9c7a81e6c102_shot_001_000,sharpness,mouth,18.3475
24,879.604736,4452d828f84c6a2b2dee9c7a81e6c102_shot_001_000,lmd,mouth,5.002267
24,879.604736,4452d828f84c6a2b2dee9c7a81e6c102_shot_001_000,sync_d,mouth,9.540813
24,879.604736,4452d828f84c6a2b2dee9c7a81e6c102_shot_001_000,sync_c,mouth,5.360922
25,870.696350,4452d828f84c6a2b2dee9c7a81e6c102_shot_001_000,pixel_mse,mouth,0.02446717
25,870.696350,4452d828f84c6a2b2dee9c7a81e6c102_shot_001_000,pixel_mse,full,0.0339269
25,870.696350,4452d828f84c6a2b2dee9c7a81e6c102_shot_001_000,ssim,mouth,0.61958182
25,870.696350,4452d828f84c6a2b2dee9c7a81e6c102_shot_001_000,ssim,full,0.6374504
25,870.696350,4452d828f84c6a2b2dee9c7a81e6c102_shot_001_000,lpips,mouth,0.49376312
25,870.696350,4452d828f84c6a2b2dee9c7a81e6c102_shot_001_000,lpips,full,0.38520905
25,870.696350,4452d828f84c6a2b2dee9c7a81e6c102_shot_001_000,sharpness,mouth,17.578
25,870.696350,4452d828f84c6a2b2dee9c7a81e6c102_shot_001_000,lmd,mouth,5.106474
25,870.696350,4452d828f84c6a2b2dee9c7a81e6c102_shot_001_000,sync_d,mouth,9.928237
25,870.696350,4452d828f84c6a2b2dee9c7a81e6c102_shot_001_000,sync_c,mouth,4.921665
26,861.217407,4452d828f84c6a2b2dee9c7a81e6c102_shot_001_000,pixel_mse,mouth,0.024209
26,861.217407,4452d828f84c6a2b2dee9c7a81e6c102_shot_001_000,pixel_mse,full,0.03390658
26,861.217407,4452d828f84c6a2b2dee9c7a81e6c102_shot_001_000,ssim,mouth,0.61911154
26,861.217407,4452d828f84c6a2b2dee9c7a81e6c102_shot_001_000,ssim,full,0.63739192
26,861.217407,4452d828f84c6a2b2dee9c7a81e6c102_shot_001_000,lpips,mouth,0.48937008
26,861.217407,4452d828f84c6a2b2dee9c7a81e6c102_shot_001_000,lpips,full,0.38355789
26,861.217407,4452d828f84c6a2b2dee9c7a81e6c102_shot_001_000,sharpness,mouth,17.3197
26,861.217407,4452d828f84c6a2b2dee9c7a81e6c102_shot_001_000,lmd,mouth,4.989816
26,861.217407,4452d828f84c6a2b2dee9c7a81e6c102_shot_001_000,sync_d,mouth,10.181131
26,861.217407,4452d828f84c6a2b2dee9c7a81e6c102_shot_001_000,sync_c,mouth,4.502382
27,851.111145,4452d828f84c6a2b2dee9c7a81e6c102_shot_001_000,pixel_mse,mouth,0.02377043
27,851.111145,4452d828f84c6a2b2dee9c7a81e6c102_shot_001_000,pixel_mse,full,0.03415979
27,851.111145,4452d828f84c6a2b2dee9c7a81e6c102_shot_001_000,ssim,mouth,0.62275529
27,851.111145,4452d828f84c6a2b2dee9c7a81e6c102_shot_001_000,ssim,full,0.63776004
27,851.111145,4452d828f84c6a2b2dee9c7a81e6c102_shot_001_000,lpips,mouth,0.49068215
27,851.111145,4452d828f84c6a2b2dee9c7a81e6c102_shot_001_000,lpips,full,0.38416511
27,851.111145,4452d828f84c6a2b2dee9c7a81e6c102_shot_001_000,sharpness,mouth,17.0404
27,851.111145,4452d828f84c6a2b2dee9c7a81e6c102_shot_001_000,lmd,mouth,4.622563
27,851.111145,4452d828f84c6a2b2dee9c7a81e6c102_shot_001_000,sync_d,mouth,9.864989
27,851.111145,4452d828f84c6a2b2dee9c7a81e6c102_shot_001_000,sync_c,mouth,4.874973
28,840.313232,4452d828f84c6a2b2dee9c7a81e6c102_shot_001_000,pixel_mse,mouth,0.02335955
28,840.313232,4452d828f84c6a2b2dee9c7a81e6c102_shot_001_000,pixel_mse,full,0.03408203
28,840.313232,4452d828f84c6a2b2dee9c7a81e6c102_shot_001_000,ssim,mouth,0.62632942
28,840.313232,4452d828f84c6a2b2dee9c7a81e6c102_shot_001_000,ssim,full,0.63926506
28,840.313232,4452d828f84c6a2b2dee9c7a81e6c102_shot_001_000,lpips,mouth,0.48653272
28,840.313232,4452d828f84c6a2b2dee9c7a81e6c102_shot_001_000,lpips,full,0.38428199
28,840.313232,4452d828f84c6a2b2dee9c7a81e6c102_shot_001_000,sharpness,mouth,17.1009
28,840.313232,4452d828f84c6a2b2dee9c7a81e6c102_shot_001_000,lmd,mouth,4.709077
28,840.313232,4452d828f84c6a2b2dee9c7a81e6c102_shot_001_000,sync_d,mouth,9.7995
28,840.313232,4452d828f84c6a2b2dee9c7a81e6c102_shot_001_000,sync_c,mouth,4.659175
29,828.750244,4452d828f84c6a2b2dee9c7a81e6c102_shot_001_000,pixel_mse,mouth,0.02324673
29,828.750244,4452d828f84c6a2b2dee9c7a81e6c102_shot_001_000,pixel_mse,full,0.03419412
29,828.750244,4452d828f84c6a2b2dee9c7a81e6c102_shot_001_000,ssim,mouth,0.63391984
29,828.750244,4452d828f84c6a2b2dee9c7a81e6c102_shot_001_000,ssim,full,0.6404587
29,828.750244,4452d828f84c6a2b2dee9c7a81e6c102_shot_001_000,lpips,mouth,0.48795399
29,828.750244,4452d828f84c6a2b2dee9c7a81e6c102_shot_001_000,lpips,full,0.38480192
29,828.750244,4452d828f84c6a2b2dee9c7a81e6c102_shot_001_000,sharpness,mouth,16.7392
29,828.750244,4452d828f84c6a2b2dee9c7a81e6c102_shot_001_000,lmd,mouth,4.866113
29,828.750244,4452d828f84c6a2b2dee9c7a81e6c102_shot_001_000,sync_d,mouth,9.48096
29,828.750244,4452d828f84c6a2b2dee9c7a81e6c102_shot_001_000,sync_c,mouth,4.798793
30,816.337830,4452d828f84c6a2b2dee9c7a81e6c102_shot_001_000,pixel_mse,mouth,0.0229599
30,816.337830,4452d828f84c6a2b2dee9c7a81e6c102_shot_001_000,pixel_mse,full,0.03432217
30,816.337830,4452d828f84c6a2b2dee9c7a81e6c102_shot_001_000,ssim,mouth,0.63873374
30,816.337830,4452d828f84c6a2b2dee9c7a81e6c102_shot_001_000,ssim,full,0.64141005
30,816.337830,4452d828f84c6a2b2dee9c7a81e6c102_shot_001_000,lpips,mouth,0.49211743
30,816.337830,4452d828f84c6a2b2dee9c7a81e6c102_shot_001_000,lpips,full,0.38677219
30,816.337830,4452d828f84c6a2b2dee9c7a81e6c102_shot_001_000,sharpness,mouth,16.8943
30,816.337830,4452d828f84c6a2b2dee9c7a81e6c102_shot_001_000,lmd,mouth,5.091213
30,816.337830,4452d828f84c6a2b2dee9c7a81e6c102_shot_001_000,sync_d,mouth,9.727178
30,816.337830,4452d828f84c6a2b2dee9c7a81e6c102_shot_001_000,sync_c,mouth,4.718356
31,802.978699,4452d828f84c6a2b2dee9c7a81e6c102_shot_001_000,pixel_mse,mouth,0.02311817
31,802.978699,4452d828f84c6a2b2dee9c7a81e6c102_shot_001_000,pixel_mse,full,0.03432889
31,802.978699,4452d828f84c6a2b2dee9c7a81e6c102_shot_001_000,ssim,mouth,0.64108825
31,802.978699,4452d828f84c6a2b2dee9c7a81e6c102_shot_001_000,ssim,full,0.6421361
31,802.978699,4452d828f84c6a2b2dee9c7a81e6c102_shot_001_000,lpips,mouth,0.49446034
31,802.978699,4452d828f84c6a2b2dee9c7a81e6c102_shot_001_000,lpips,full,0.39097935
31,802.978699,4452d828f84c6a2b2dee9c7a81e6c102_shot_001_000,sharpness,mouth,17.2145
31,802.978699,4452d828f84c6a2b2dee9c7a81e6c102_shot_001_000,lmd,mouth,5.30787
31,802.978699,4452d828f84c6a2b2dee9c7a81e6c102_shot_001_000,sync_d,mouth,9.740541
31,802.978699,4452d828f84c6a2b2dee9c7a81e6c102_shot_001_000,sync_c,mouth,4.854061
32,788.560242,4452d828f84c6a2b2dee9c7a81e6c102_shot_001_000,pixel_mse,mouth,0.02310048
32,788.560242,4452d828f84c6a2b2dee9c7a81e6c102_shot_001_000,pixel_mse,full,0.03431109
32,788.560242,4452d828f84c6a2b2dee9c7a81e6c102_shot_001_000,ssim,mouth,0.64304668
32,788.560242,4452d828f84c6a2b2dee9c7a81e6c102_shot_001_000,ssim,full,0.64309931
32,788.560242,4452d828f84c6a2b2dee9c7a81e6c102_shot_001_000,lpips,mouth,0.49792618
32,788.560242,4452d828f84c6a2b2dee9c7a81e6c102_shot_001_000,lpips,full,0.39339453
32,788.560242,4452d828f84c6a2b2dee9c7a81e6c102_shot_001_000,sharpness,mouth,17.0837
32,788.560242,4452d828f84c6a2b2dee9c7a81e6c102_shot_001_000,lmd,mouth,5.511213
32,788.560242,4452d828f84c6a2b2dee9c7a81e6c102_shot_001_000,sync_d,mouth,9.961321
32,788.560242,4452d828f84c6a2b2dee9c7a81e6c102_shot_001_000,sync_c,mouth,4.85567
33,772.951477,4452d828f84c6a2b2dee9c7a81e6c102_shot_001_000,pixel_mse,mouth,0.02297843
33,772.951477,4452d828f84c6a2b2dee9c7a81e6c102_shot_001_000,pixel_mse,full,0.03435779
33,772.951477,4452d828f84c6a2b2dee9c7a81e6c102_shot_001_000,ssim,mouth,0.64385575
33,772.951477,4452d828f84c6a2b2dee9c7a81e6c102_shot_001_000,ssim,full,0.64325094
33,772.951477,4452d828f84c6a2b2dee9c7a81e6c102_shot_001_000,lpips,mouth,0.50089926
33,772.951477,4452d828f84c6a2b2dee9c7a81e6c102_shot_001_000,lpips,full,0.39310184
33,772.951477,4452d828f84c6a2b2dee9c7a81e6c102_shot_001_000,sharpness,mouth,16.4788
33,772.951477,4452d828f84c6a2b2dee9c7a81e6c102_shot_001_000,lmd,mouth,5.624909
33,772.951477,4452d828f84c6a2b2dee9c7a81e6c102_shot_001_000,sync_d,mouth,9.951074
33,772.951477,4452d828f84c6a2b2dee9c7a81e6c102_shot_001_000,sync_c,mouth,4.672784
34,755.998352,4452d828f84c6a2b2dee9c7a81e6c102_shot_001_000,pixel_mse,mouth,0.02295545
34,755.998352,4452d828f84c6a2b2dee9c7a81e6c102_shot_001_000,pixel_mse,full,0.03442688
34,755.998352,4452d828f84c6a2b2dee9c7a81e6c102_shot_001_000,ssim,mouth,0.64522845
34,755.998352,4452d828f84c6a2b2dee9c7a81e6c102_shot_001_000,ssim,full,0.64400005
34,755.998352,4452d828f84c6a2b2dee9c7a81e6c102_shot_001_000,lpips,mouth,0.50478321
34,755.998352,4452d828f84c6a2b2dee9c7a81e6c102_shot_001_000,lpips,full,0.39700064
34,755.998352,4452d828f84c6a2b2dee9c7a81e6c102_shot_001_000,sharpness,mouth,16.2839
34,755.998352,4452d828f84c6a2b2dee9c7a81e6c102_shot_001_000,lmd,mouth,5.806685
34,755.998352,4452d828f84c6a2b2dee9c7a81e6c102_shot_001_000,sync_d,mouth,9.976998
34,755.998352,4452d828f84c6a2b2dee9c7a81e6c102_shot_001_000,sync_c,mouth,4.636384
35,737.519714,4452d828f84c6a2b2dee9c7a81e6c102_shot_001_000,pixel_mse,mouth,0.02331309
35,737.519714,4452d828f84c6a2b2dee9c7a81e6c102_shot_001_000,pixel_mse,full,0.03444872
35,737.519714,4452d828f84c6a2b2dee9c7a81e6c102_shot_001_000,ssim,mouth,0.6458776
35,737.519714,4452d828f84c6a2b2dee9c7a81e6c102_shot_001_000,ssim,full,0.64509439
35,737.519714,4452d828f84c6a2b2dee9c7a81e6c102_shot_001_000,lpips,mouth,0.50515419
35,737.519714,4452d828f84c6a2b2dee9c7a81e6c102_shot_001_000,lpips,full,0.40027803
35,737.519714,4452d828f84c6a2b2dee9c7a81e6c102_shot_001_000,sharpness,mouth,16.3021
35,737.519714,4452d828f84c6a2b2dee9c7a81e6c102_shot_001_000,lmd,mouth,5.842012
35,737.519714,4452d828f84c6a2b2dee9c7a81e6c102_shot_001_000,sync_d,mouth,9.856136
35,737.519714,4452d828f84c6a2b2dee9c7a81e6c102_shot_001_000,sync_c,mouth,4.616211
36,717.299683,4452d828f84c6a2b2dee9c7a81e6c102_shot_001_000,pixel_mse,mouth,0.02337627
36,717.299683,4452d828f84c6a2b2dee9c7a81e6c102_shot_001_000,pixel_mse,full,0.03448222
36,717.299683,4452d828f84c6a2b2dee9c7a81e6c102_shot_001_000,ssim,mouth,0.64526081
36,717.299683,4452d828f84c6a2b2dee9c7a81e6c102_shot_001_000,ssim,full,0.64525616
36,717.299683,4452d828f84c6a2b2dee9c7a81e6c102_shot_001_000,lpips,mouth,0.50789607
36,717.299683,4452d828f84c6a2b2dee9c7a81e6c102_shot_001_000,lpips,full,0.39970303
36,717.299683,4452d828f84c6a2b2dee9c7a81e6c102_shot_001_000,sharpness,mouth,16.2101
36,717.299683,4452d828f84c6a2b2dee9c7a81e6c102_shot_001_000,lmd,mouth,6.003374
36,717.299683,4452d828f84c6a2b2dee9c7a81e6c102_shot_001_000,sync_d,mouth,9.965895
36,717.299683,4452d828f84c6a2b2dee9c7a81e6c102_shot_001_000,sync_c,mouth,4.467688
37,695.080139,4452d828f84c6a2b2dee9c7a81e6c102_shot_001_000,pixel_mse,mouth,0.02341922
37,695.080139,4452d828f84c6a2b2dee9c7a81e6c102_shot_001_000,pixel_mse,full,0.03451667
37,695.080139,4452d828f84c6a2b2dee9c7a81e6c102_shot_001_000,ssim,mouth,0.64598703
37,695.080139,4452d828f84c6a2b2dee9c7a81e6c102_shot_001_000,ssim,full,0.64532995
37,695.080139,4452d828f84c6a2b2dee9c7a81e6c102_shot_001_000,lpips,mouth,0.50917524
37,695.080139,4452d828f84c6a2b2dee9c7a81e6c102_shot_001_000,lpips,full,0.39975837
37,695.080139,4452d828f84c6a2b2dee9c7a81e6c102_shot_001_000,sharpness,mouth,16.1012
37,695.080139,4452d828f84c6a2b2dee9c7a81e6c102_shot_001_000,lmd,mouth,5.968009
37,695.080139,4452d828f84c6a2b2dee9c7a81e6c102_shot_001_000,sync_d,mouth,9.708365
37,695.080139,4452d828f84c6a2b2dee9c7a81e6c102_shot_001_000,sync_c,mouth,4.56989
38,670.548828,4452d828f84c6a2b2dee9c7a81e6c102_shot_001_000,pixel_mse,mouth,0.02352082
38,670.548828,4452d828f84c6a2b2dee9c7a81e6c102_shot_001_000,pixel_mse,full,0.03452025
38,670.548828,4452d828f84c6a2b2dee9c7a81e6c102_shot_001_000,ssim,mouth,0.64672184
38,670.548828,4452d828f84c6a2b2dee9c7a81e6c102_shot_001_000,ssim,full,0.64545989
38,670.548828,4452d828f84c6a2b2dee9c7a81e6c102_shot_001_000,lpips,mouth,0.51078653
38,670.548828,4452d828f84c6a2b2dee9c7a81e6c102_shot_001_000,lpips,full,0.40278766
38,670.548828,4452d828f84c6a2b2dee9c7a81e6c102_shot_001_000,sharpness,mouth,15.9561
38,670.548828,4452d828f84c6a2b2dee9c7a81e6c102_shot_001_000,lmd,mouth,6.268676
38,670.548828,4452d828f84c6a2b2dee9c7a81e6c102_shot_001_000,sync_d,mouth,9.573356
38,670.548828,4452d828f84c6a2b2dee9c7a81e6c102_shot_001_000,sync_c,mouth,4.666887
39,643.325317,4452d828f84c6a2b2dee9c7a81e6c102_shot_001_000,pixel_mse,mouth,0.02357771
39,643.325317,4452d828f84c6a2b2dee9c7a81e6c102_shot_001_000,pixel_mse,full,0.0345711
39,643.325317,4452d828f84c6a2b2dee9c7a81e6c102_shot_001_000,ssim,mouth,0.64584035
39,643.325317,4452d828f84c6a2b2dee9c7a81e6c102_shot_001_000,ssim,full,0.64527088
39,643.325317,4452d828f84c6a2b2dee9c7a81e6c102_shot_001_000,lpips,mouth,0.51302212
39,643.325317,4452d828f84c6a2b2dee9c7a81e6c102_shot_001_000,lpips,full,0.40636089
39,643.325317,4452d828f84c6a2b2dee9c7a81e6c102_shot_001_000,sharpness,mouth,15.6415
39,643.325317,4452d828f84c6a2b2dee9c7a81e6c102_shot_001_000,lmd,mouth,6.510332
39,643.325317,4452d828f84c6a2b2dee9c7a81e6c102_shot_001_000,sync_d,mouth,9.393924
39,643.325317,4452d828f84c6a2b2dee9c7a81e6c102_shot_001_000,sync_c,mouth,4.862431
40,612.940735,4452d828f84c6a2b2dee9c7a81e6c102_shot_001_000,pixel_mse,mouth,0.02376345
40,612.940735,4452d828f84c6a2b2dee9c7a81e6c102_shot_001_000,pixel_mse,full,0.03465639
40,612.940735,4452d828f84c6a2b2dee9c7a81e6c102_shot_001_000,ssim,mouth,0.6462217
40,612.940735,4452d828f84c6a2b2dee9c7a81e6c102_shot_001_000,ssim,full,0.64537042
40,612.940735,4452d828f84c6a2b2dee9c7a81e6c102_shot_001_000,lpips,mouth,0.51532519
40,612.940735,4452d828f84c6a2b2dee9c7a81e6c102_shot_001_000,lpips,full,0.40921435
40,612.940735,4452d828f84c6a2b2dee9c7a81e6c102_shot_001_000,sharpness,mouth,15.5901
40,612.940735,4452d828f84c6a2b2dee9c7a81e6c102_shot_001_000,lmd,mouth,6.454831
40,612.940735,4452d828f84c6a2b2dee9c7a81e6c102_shot_001_000,sync_d,mouth,9.057764
40,612.940735,4452d828f84c6a2b2dee9c7a81e6c102_shot_001_000,sync_c,mouth,4.77619
41,578.810425,4452d828f84c6a2b2dee9c7a81e6c102_shot_001_000,pixel_mse,mouth,0.02378183
41,578.810425,4452d828f84c6a2b2dee9c7a81e6c102_shot_001_000,pixel_mse,full,0.03468309
41,578.810425,4452d828f84c6a2b2dee9c7a81e6c102_shot_001_000,ssim,mouth,0.64790601
41,578.810425,4452d828f84c6a2b2dee9c7a81e6c102_shot_001_000,ssim,full,0.64608449
41,578.810425,4452d828f84c6a2b2dee9c7a81e6c102_shot_001_000,lpips,mouth,0.51741368
41,578.810425,4452d828f84c6a2b2dee9c7a81e6c102_shot_001_000,lpips,full,0.41304639
41,578.810425,4452d828f84c6a2b2dee9c7a81e6c102_shot_001_000,sharpness,mouth,15.2807
41,578.810425,4452d828f84c6a2b2dee9c7a81e6c102_shot_001_000,lmd,mouth,6.521068
41,578.810425,4452d828f84c6a2b2dee9c7a81e6c102_shot_001_000,sync_d,mouth,9.129203
41,578.810425,4452d828f84c6a2b2dee9c7a81e6c102_shot_001_000,sync_c,mouth,4.771563
42,540.196350,4452d828f84c6a2b2dee9c7a81e6c102_shot_001_000,pixel_mse,mouth,0.02384221
42,540.196350,4452d828f84c6a2b2dee9c7a81e6c102_shot_001_000,pixel_mse,full,0.03471668
42,540.196350,4452d828f84c6a2b2dee9c7a81e6c102_shot_001_000,ssim,mouth,0.64803463
42,540.196350,4452d828f84c6a2b2dee9c7a81e6c102_shot_001_000,ssim,full,0.64587271
42,540.196350,4452d828f84c6a2b2dee9c7a81e6c102_shot_001_000,lpips,mouth,0.51963282
42,540.196350,4452d828f84c6a2b2dee9c7a81e6c102_shot_001_000,lpips,full,0.41682994
42,540.196350,4452d828f84c6a2b2dee9c7a81e6c102_shot_001_000,sharpness,mouth,15.4111
42,540.196350,4452d828f84c6a2b2dee9c7a81e6c102_shot_001_000,lmd,mouth,6.574987
42,540.196350,4452d828f84c6a2b2dee9c7a81e6c102_shot_001_000,sync_d,mouth,9.272975
42,540.196350,4452d828f84c6a2b2dee9c7a81e6c102_shot_001_000,sync_c,mouth,4.706203
43,496.152893,4452d828f84c6a2b2dee9c7a81e6c102_shot_001_000,pixel_mse,mouth,0.02391041
43,496.152893,4452d828f84c6a2b2dee9c7a81e6c102_shot_001_000,pixel_mse,full,0.03488133
43,496.152893,4452d828f84c6a2b2dee9c7a81e6c102_shot_001_000,ssim,mouth,0.64828652
43,496.152893,4452d828f84c6a2b2dee9c7a81e6c102_shot_001_000,ssim,full,0.64512312
43,496.152893,4452d828f84c6a2b2dee9c7a81e6c102_shot_001_000,lpips,mouth,0.51944906
43,496.152893,4452d828f84c6a2b2dee9c7a81e6c102_shot_001_000,lpips,full,0.41923547
43,496.152893,4452d828f84c6a2b2dee9c7a81e6c102_shot_001_000,sharpness,mouth,15.609
43,496.152893,4452d828f84c6a2b2dee9c7a81e6c102_shot_001_000,lmd,mouth,6.831169
43,496.152893,4452d828f84c6a2b2dee9c7a81e6c102_shot_001_000,sync_d,mouth,9.718329
43,496.152893,4452d828f84c6a2b2dee9c7a81e6c102_shot_001_000,sync_c,mouth,4.045395
44,445.448151,4452d828f84c6a2b2dee9c7a81e6c102_shot_001_000,pixel_mse,mouth,0.02415486
44,445.448151,4452d828f84c6a2b2dee9c7a81e6c102_shot_001_000,pixel_mse,full,0.03515281
44,445.448151,4452d828f84c6a2b2dee9c7a81e6c102_shot_001_000,ssim,mouth,0.64794964
44,445.448151,4452d828f84c6a2b2dee9c7a81e6c102_shot_001_000,ssim,full,0.64435637
44,445.448151,4452d828f84c6a2b2dee9c7a81e6c102_shot_001_000,lpips,mouth,0.52064431
44,445.448151,4452d828f84c6a2b2dee9c7a81e6c102_shot_001_000,lpips,full,0.423076
44,445.448151,4452d828f84c6a2b2dee9c7a81e6c102_shot_001_000,sharpness,mouth,15.8
44,445.448151,4452d828f84c6a2b2dee9c7a81e6c102_shot_001_000,lmd,mouth,6.780542
44,445.448151,4452d828f84c6a2b2dee9c7a81e6c102_shot_001_000,sync_d,mouth,10.551558
44,445.448151,4452d828f84c6a2b2dee9c7a81e6c102_shot_001_000,sync_c,mouth,3.08475
45,386.447418,4452d828f84c6a2b2dee9c7a81e6c102_shot_001_000,pixel_mse,mouth,0.02446173
45,386.447418,4452d828f84c6a2b2dee9c7a81e6c102_shot_001_000,pixel_mse,full,0.03539843
45,386.447418,4452d828f84c6a2b2dee9c7a81e6c102_shot_001_000,ssim,mouth,0.64689946
45,386.447418,4452d828f84c6a2b2dee9c7a81e6c102_shot_001_000,ssim,full,0.64357048
45,386.447418,4452d828f84c6a2b2dee9c7a81e6c102_shot_001_000,lpips,mouth,0.52055579
45,386.447418,4452d828f84c6a2b2dee9c7a81e6c102_shot_001_000,lpips,full,0.42858133
45,386.447418,4452d828f84c6a2b2dee9c7a81e6c102_shot_001_000,sharpness,mouth,15.8156
45,386.447418,4452d828f84c6a2b2dee9c7a81e6c102_shot_001_000,lmd,mouth,6.775128
45,386.447418,4452d828f84c6a2b2dee9c7a81e6c102_shot_001_000,sync_d,mouth,11.190754
45,386.447418,4452d828f84c6a2b2dee9c7a81e6c102_shot_001_000,sync_c,mouth,2.726043
46,316.933258,4452d828f84c6a2b2dee9c7a81e6c102_shot_001_000,pixel_mse,mouth,0.02477781
46,316.933258,4452d828f84c6a2b2dee9c7a81e6c102_shot_001_000,pixel_mse,full,0.03562307
46,316.933258,4452d828f84c6a2b2dee9c7a81e6c102_shot_001_000,ssim,mouth,0.64747328
46,316.933258,4452d828f84c6a2b2dee9c7a81e6c102_shot_001_000,ssim,full,0.64310896
46,316.933258,4452d828f84c6a2b2dee9c7a81e6c102_shot_001_000,lpips,mouth,0.52121466
46,316.933258,4452d828f84c6a2b2dee9c7a81e6c102_shot_001_000,lpips,full,0.43275177
46,316.933258,4452d828f84c6a2b2dee9c7a81e6c102_shot_001_000,sharpness,mouth,15.6282
46,316.933258,4452d828f84c6a2b2dee9c7a81e6c102_shot_001_000,lmd,mouth,6.825058
46,316.933258,4452d828f84c6a2b2dee9c7a81e6c102_shot_001_000,sync_d,mouth,12.267819
46,316.933258,4452d828f84c6a2b2dee9c7a81e6c102_shot_001_000,sync_c,mouth,1.614553
47,233.820694,4452d828f84c6a2b2dee9c7a81e6c102_shot_001_000,pixel_mse,mouth,0.02511692
47,233.820694,4452d828f84c6a2b2dee9c7a81e6c102_shot_001_000,pixel_mse,full,0.03579475
47,233.820694,4452d828f84c6a2b2dee9c7a81e6c102_shot_001_000,ssim,mouth,0.64869535
47,233.820694,4452d828f84c6a2b2dee9c7a81e6c102_shot_001_000,ssim,full,0.64255655
47,233.820694,4452d828f84c6a2b2dee9c7a81e6c102_shot_001_000,lpips,mouth,0.52253997
47,233.820694,4452d828f84c6a2b2dee9c7a81e6c102_shot_001_000,lpips,full,0.43668538
47,233.820694,4452d828f84c6a2b2dee9c7a81e6c102_shot_001_000,sharpness,mouth,15.194
47,233.820694,4452d828f84c6a2b2dee9c7a81e6c102_shot_001_000,lmd,mouth,6.930227
47,233.820694,4452d828f84c6a2b2dee9c7a81e6c102_shot_001_000,sync_d,mouth,12.419746
47,233.820694,4452d828f84c6a2b2dee9c7a81e6c102_shot_001_000,sync_c,mouth,1.485553
48,132.687027,4452d828f84c6a2b2dee9c7a81e6c102_shot_001_000,pixel_mse,mouth,0.02542681
48,132.687027,4452d828f84c6a2b2dee9c7a81e6c102_shot_001_000,pixel_mse,full,0.03605481
48,132.687027,4452d828f84c6a2b2dee9c7a81e6c102_shot_001_000,ssim,mouth,0.65001106
48,132.687027,4452d828f84c6a2b2dee9c7a81e6c102_shot_001_000,ssim,full,0.64144796
48,132.687027,4452d828f84c6a2b2dee9c7a81e6c102_shot_001_000,lpips,mouth,0.52334851
48,132.687027,4452d828f84c6a2b2dee9c7a81e6c102_shot_001_000,lpips,full,0.43847471
48,132.687027,4452d828f84c6a2b2dee9c7a81e6c102_shot_001_000,sharpness,mouth,15.3239
48,132.687027,4452d828f84c6a2b2dee9c7a81e6c102_shot_001_000,lmd,mouth,7.037707
48,132.687027,4452d828f84c6a2b2dee9c7a81e6c102_shot_001_000,sync_d,mouth,12.41093
48,132.687027,4452d828f84c6a2b2dee9c7a81e6c102_shot_001_000,sync_c,mouth,1.401269
49,6.958251,4452d828f84c6a2b2dee9c7a81e6c102_shot_001_000,pixel_mse,mouth,0.02585899
49,6.958251,4452d828f84c6a2b2dee9c7a81e6c102_shot_001_000,pixel_mse,full,0.0363233
49,6.958251,4452d828f84c6a2b2dee9c7a81e6c102_shot_001_000,ssim,mouth,0.64876431
49,6.958251,4452d828f84c6a2b2dee9c7a81e6c102_shot_001_000,ssim,full,0.64009368
49,6.958251,4452d828f84c6a2b2dee9c7a81e6c102_shot_001_000,lpips,mouth,0.51962471
49,6.958251,4452d828f84c6a2b2dee9c7a81e6c102_shot_001_000,lpips,full,0.42733613
49,6.958251,4452d828f84c6a2b2dee9c7a81e6c102_shot_001_000,sharpness,mouth,13.3383
49,6.958251,4452d828f84c6a2b2dee9c7a81e6c102_shot_001_000,lmd,mouth,7.164798
49,6.958251,4452d828f84c6a2b2dee9c7a81e6c102_shot_001_000,sync_d,mouth,12.661753
49,6.958251,4452d828f84c6a2b2dee9c7a81e6c102_shot_001_000,sync_c,mouth,1.085947
-1,gt,eb79a85e6b928add93a5fbf5168af5ac_shot_001_000,sharpness,mouth,61.6434
-1,gt,eb79a85e6b928add93a5fbf5168af5ac_shot_001_000,sync_d,mouth,8.478289
-1,gt,eb79a85e6b928add93a5fbf5168af5ac_shot_001_000,sync_c,mouth,6.715432
0,1000.000000,eb79a85e6b928add93a5fbf5168af5ac_shot_001_000,pixel_mse,mouth,0.02269754
0,1000.000000,eb79a85e6b928add93a5fbf5168af5ac_shot_001_000,pixel_mse,full,0.02526938
0,1000.000000,eb79a85e6b928add93a5fbf5168af5ac_shot_001_000,ssim,mouth,0.56368709
0,1000.000000,eb79a85e6b928add93a5fbf5168af5ac_shot_001_000,ssim,full,0.71456081
0,1000.000000,eb79a85e6b928add93a5fbf5168af5ac_shot_001_000,lpips,mouth,0.44019869
0,1000.000000,eb79a85e6b928add93a5fbf5168af5ac_shot_001_000,lpips,full,0.34732139
0,1000.000000,eb79a85e6b928add93a5fbf5168af5ac_shot_001_000,sharpness,mouth,42.1662
0,1000.000000,eb79a85e6b928add93a5fbf5168af5ac_shot_001_000,lmd,mouth,4.944255
0,1000.000000,eb79a85e6b928add93a5fbf5168af5ac_shot_001_000,sync_d,mouth,13.69578
0,1000.000000,eb79a85e6b928add93a5fbf5168af5ac_shot_001_000,sync_c,mouth,1.42367
1,997.035706,eb79a85e6b928add93a5fbf5168af5ac_shot_001_000,pixel_mse,mouth,0.02274515
1,997.035706,eb79a85e6b928add93a5fbf5168af5ac_shot_001_000,pixel_mse,full,0.02474668
1,997.035706,eb79a85e6b928add93a5fbf5168af5ac_shot_001_000,ssim,mouth,0.56783736
1,997.035706,eb79a85e6b928add93a5fbf5168af5ac_shot_001_000,ssim,full,0.71644676
1,997.035706,eb79a85e6b928add93a5fbf5168af5ac_shot_001_000,lpips,mouth,0.47041377
1,997.035706,eb79a85e6b928add93a5fbf5168af5ac_shot_001_000,lpips,full,0.37553534
1,997.035706,eb79a85e6b928add93a5fbf5168af5ac_shot_001_000,sharpness,mouth,22.0107
1,997.035706,eb79a85e6b928add93a5fbf5168af5ac_shot_001_000,lmd,mouth,4.899324
1,997.035706,eb79a85e6b928add93a5fbf5168af5ac_shot_001_000,sync_d,mouth,13.297728
1,997.035706,eb79a85e6b928add93a5fbf5168af5ac_shot_001_000,sync_c,mouth,1.65267
2,993.963867,eb79a85e6b928add93a5fbf5168af5ac_shot_001_000,pixel_mse,mouth,0.02108677
2,993.963867,eb79a85e6b928add93a5fbf5168af5ac_shot_001_000,pixel_mse,full,0.01562897
2,993.963867,eb79a85e6b928add93a5fbf5168af5ac_shot_001_000,ssim,mouth,0.57759696
2,993.963867,eb79a85e6b928add93a5fbf5168af5ac_shot_001_000,ssim,full,0.74689269
2,993.963867,eb79a85e6b928add93a5fbf5168af5ac_shot_001_000,lpips,mouth,0.47961345
2,993.963867,eb79a85e6b928add93a5fbf5168af5ac_shot_001_000,lpips,full,0.37274128
2,993.963867,eb79a85e6b928add93a5fbf5168af5ac_shot_001_000,sharpness,mouth,18.6391
2,993.963867,eb79a85e6b928add93a5fbf5168af5ac_shot_001_000,lmd,mouth,1.790631
2,993.963867,eb79a85e6b928add93a5fbf5168af5ac_shot_001_000,sync_d,mouth,11.661494
2,993.963867,eb79a85e6b928add93a5fbf5168af5ac_shot_001_000,sync_c,mouth,2.379945
3,990.779053,eb79a85e6b928add93a5fbf5168af5ac_shot_001_000,pixel_mse,mouth,0.02217083
3,990.779053,eb79a85e6b928add93a5fbf5168af5ac_shot_001_000,pixel_mse,full,0.01634264
3,990.779053,eb79a85e6b928add93a5fbf5168af5ac_shot_001_000,ssim,mouth,0.55879337
3,990.779053,eb79a85e6b928add93a5fbf5168af5ac_shot_001_000,ssim,full,0.74025172
3,990.779053,eb79a85e6b928add93a5fbf5168af5ac_shot_001_000,lpips,mouth,0.47490147
3,990.779053,eb79a85e6b928add93a5fbf5168af5ac_shot_001_000,lpips,full,0.36994094
3,990.779053,eb79a85e6b928add93a5fbf5168af5ac_shot_001_000,sharpness,mouth,18.1215
3,990.779053,eb79a85e6b928add93a5fbf5168af5ac_shot_001_000,lmd,mouth,3.866293
3,990.779053,eb79a85e6b928add93a5fbf5168af5ac_shot_001_000,sync_d,mouth,10.78026
3,990.779053,eb79a85e6b928add93a5fbf5168af5ac_shot_001_000,sync_c,mouth,3.788192
4,987.474243,eb79a85e6b928add93a5fbf5168af5ac_shot_001_000,pixel_mse,mouth,0.02213666
4,987.474243,eb79a85e6b928add93a5fbf5168af5ac_shot_001_000,pixel_mse,full,0.01612936
4,987.474243,eb79a85e6b928add93a5fbf5168af5ac_shot_001_000,ssim,mouth,0.54327261
4,987.474243,eb79a85e6b928add93a5fbf5168af5ac_shot_001_000,ssim,full,0.73898399
4,987.474243,eb79a85e6b928add93a5fbf5168af5ac_shot_001_000,lpips,mouth,0.45571786
4,987.474243,eb79a85e6b928add93a5fbf5168af5ac_shot_001_000,lpips,full,0.34946111
4,987.474243,eb79a85e6b928add93a5fbf5168af5ac_shot_001_000,sharpness,mouth,19.5322
4,987.474243,eb79a85e6b928add93a5fbf5168af5ac_shot_001_000,lmd,mouth,5.193453
4,987.474243,eb79a85e6b928add93a5fbf5168af5ac_shot_001_000,sync_d,mouth,9.205524
4,987.474243,eb79a85e6b928add93a5fbf5168af5ac_shot_001_000,sync_c,mouth,5.516785
5,984.043091,eb79a85e6b928add93a5fbf5168af5ac_shot_001_000,pixel_mse,mouth,0.02310989
5,984.043091,eb79a85e6b928add93a5fbf5168af5ac_shot_001_000,pixel_mse,full,0.01669152
5,984.043091,eb79a85e6b928add93a5fbf5168af5ac_shot_001_000,ssim,mouth,0.52571297
5,984.043091,eb79a85e6b928add93a5fbf5168af5ac_shot_001_000,ssim,full,0.73645973
5,984.043091,eb79a85e6b928add93a5fbf5168af5ac_shot_001_000,lpips,mouth,0.43706113
5,984.043091,eb79a85e6b928add93a5fbf5168af5ac_shot_001_000,lpips,full,0.33313626
5,984.043091,eb79a85e6b928add93a5fbf5168af5ac_shot_001_000,sharpness,mouth,20.4682
5,984.043091,eb79a85e6b928add93a5fbf5168af5ac_shot_001_000,lmd,mouth,4.028355
5,984.043091,eb79a85e6b928add93a5fbf5168af5ac_shot_001_000,sync_d,mouth,8.980242
5,984.043091,eb79a85e6b928add93a5fbf5168af5ac_shot_001_000,sync_c,mouth,5.784197
6,980.477844,eb79a85e6b928add93a5fbf5168af5ac_shot_001_000,pixel_mse,mouth,0.02420347
6,980.477844,eb79a85e6b928add93a5fbf5168af5ac_shot_001_000,pixel_mse,full,0.01686015
6,980.477844,eb79a85e6b928add93a5fbf5168af5ac_shot_001_000,ssim,mouth,0.51212901
6,980.477844,eb79a85e6b928add93a5fbf5168af5ac_shot_001_000,ssim,full,0.73743075
6,980.477844,eb79a85e6b928add93a5fbf5168af5ac_shot_001_000,lpips,mouth,0.42255086
6,980.477844,eb79a85e6b928add93a5fbf5168af5ac_shot_001_000,lpips,full,0.31555408
6,980.477844,eb79a85e6b928add93a5fbf5168af5ac_shot_001_000,sharpness,mouth,22.5384
6,980.477844,eb79a85e6b928add93a5fbf5168af5ac_shot_001_000,lmd,mouth,4.598854
6,980.477844,eb79a85e6b928add93a5fbf5168af5ac_shot_001_000,sync_d,mouth,8.920615
6,980.477844,eb79a85e6b928add93a5fbf5168af5ac_shot_001_000,sync_c,mouth,6.088711
7,976.770691,eb79a85e6b928add93a5fbf5168af5ac_shot_001_000,pixel_mse,mouth,0.02668738
7,976.770691,eb79a85e6b928add93a5fbf5168af5ac_shot_001_000,pixel_mse,full,0.01756397
7,976.770691,eb79a85e6b928add93a5fbf5168af5ac_shot_001_000,ssim,mouth,0.49540418
7,976.770691,eb79a85e6b928add93a5fbf5168af5ac_shot_001_000,ssim,full,0.73512661
7,976.770691,eb79a85e6b928add93a5fbf5168af5ac_shot_001_000,lpips,mouth,0.41640148
7,976.770691,eb79a85e6b928add93a5fbf5168af5ac_shot_001_000,lpips,full,0.30511951
7,976.770691,eb79a85e6b928add93a5fbf5168af5ac_shot_001_000,sharpness,mouth,24.3024
7,976.770691,eb79a85e6b928add93a5fbf5168af5ac_shot_001_000,lmd,mouth,4.717536
7,976.770691,eb79a85e6b928add93a5fbf5168af5ac_shot_001_000,sync_d,mouth,8.33338
7,976.770691,eb79a85e6b928add93a5fbf5168af5ac_shot_001_000,sync_c,mouth,6.589446
8,972.912842,eb79a85e6b928add93a5fbf5168af5ac_shot_001_000,pixel_mse,mouth,0.02915005
8,972.912842,eb79a85e6b928add93a5fbf5168af5ac_shot_001_000,pixel_mse,full,0.01809334
8,972.912842,eb79a85e6b928add93a5fbf5168af5ac_shot_001_000,ssim,mouth,0.48188448
8,972.912842,eb79a85e6b928add93a5fbf5168af5ac_shot_001_000,ssim,full,0.73345697
8,972.912842,eb79a85e6b928add93a5fbf5168af5ac_shot_001_000,lpips,mouth,0.40586716
8,972.912842,eb79a85e6b928add93a5fbf5168af5ac_shot_001_000,lpips,full,0.29749829
8,972.912842,eb79a85e6b928add93a5fbf5168af5ac_shot_001_000,sharpness,mouth,27.0407
8,972.912842,eb79a85e6b928add93a5fbf5168af5ac_shot_001_000,lmd,mouth,5.13718
8,972.912842,eb79a85e6b928add93a5fbf5168af5ac_shot_001_000,sync_d,mouth,8.367456
8,972.912842,eb79a85e6b928add93a5fbf5168af5ac_shot_001_000,sync_c,mouth,6.348668
9,968.895081,eb79a85e6b928add93a5fbf5168af5ac_shot_001_000,pixel_mse,mouth,0.03073973
9,968.895081,eb79a85e6b928add93a5fbf5168af5ac_shot_001_000,pixel_mse,full,0.01845178
9,968.895081,eb79a85e6b928add93a5fbf5168af5ac_shot_001_000,ssim,mouth,0.46656889
9,968.895081,eb79a85e6b928add93a5fbf5168af5ac_shot_001_000,ssim,full,0.72960335
9,968.895081,eb79a85e6b928add93a5fbf5168af5ac_shot_001_000,lpips,mouth,0.39774203
9,968.895081,eb79a85e6b928add93a5fbf5168af5ac_shot_001_000,lpips,full,0.29448876
9,968.895081,eb79a85e6b928add93a5fbf5168af5ac_shot_001_000,sharpness,mouth,31.0834
9,968.895081,eb79a85e6b928add93a5fbf5168af5ac_shot_001_000,lmd,mouth,5.185224
9,968.895081,eb79a85e6b928add93a5fbf5168af5ac_shot_001_000,sync_d,mouth,8.288259
9,968.895081,eb79a85e6b928add93a5fbf5168af5ac_shot_001_000,sync_c,mouth,6.342845
10,964.707153,eb79a85e6b928add93a5fbf5168af5ac_shot_001_000,pixel_mse,mouth,0.0353925
10,964.707153,eb79a85e6b928add93a5fbf5168af5ac_shot_001_000,pixel_mse,full,0.01859705
10,964.707153,eb79a85e6b928add93a5fbf5168af5ac_shot_001_000,ssim,mouth,0.44912994
10,964.707153,eb79a85e6b928add93a5fbf5168af5ac_shot_001_000,ssim,full,0.72489005
10,964.707153,eb79a85e6b928add93a5fbf5168af5ac_shot_001_000,lpips,mouth,0.39263171
10,964.707153,eb79a85e6b928add93a5fbf5168af5ac_shot_001_000,lpips,full,0.29036605
10,964.707153,eb79a85e6b928add93a5fbf5168af5ac_shot_001_000,sharpness,mouth,38.9235
10,964.707153,eb79a85e6b928add93a5fbf5168af5ac_shot_001_000,lmd,mouth,5.682229
10,964.707153,eb79a85e6b928add93a5fbf5168af5ac_shot_001_000,sync_d,mouth,8.405594
10,964.707153,eb79a85e6b928add93a5fbf5168af5ac_shot_001_000,sync_c,mouth,5.99161
11,960.337952,eb79a85e6b928add93a5fbf5168af5ac_shot_001_000,pixel_mse,mouth,0.03199107
11,960.337952,eb79a85e6b928add93a5fbf5168af5ac_shot_001_000,pixel_mse,full,0.02101986
11,960.337952,eb79a85e6b928add93a5fbf5168af5ac_shot_001_000,ssim,mouth,0.43991083
11,960.337952,eb79a85e6b928add93a5fbf5168af5ac_shot_001_000,ssim,full,0.7171315
11,960.337952,eb79a85e6b928add93a5fbf5168af5ac_shot_001_000,lpips,mouth,0.38434064
11,960.337952,eb79a85e6b928add93a5fbf5168af5ac_shot_001_000,lpips,full,0.28617236
11,960.337952,eb79a85e6b928add93a5fbf5168af5ac_shot_001_000,sharpness,mouth,42.8946
11,960.337952,eb79a85e6b928add93a5fbf5168af5ac_shot_001_000,lmd,mouth,6.675273
11,960.337952,eb79a85e6b928add93a5fbf5168af5ac_shot_001_000,sync_d,mouth,8.002715
11,960.337952,eb79a85e6b928add93a5fbf5168af5ac_shot_001_000,sync_c,mouth,6.451644
12,955.775635,eb79a85e6b928add93a5fbf5168af5ac_shot_001_000,pixel_mse,mouth,0.0375885
12,955.775635,eb79a85e6b928add93a5fbf5168af5ac_shot_001_000,pixel_mse,full,0.02795901
12,955.775635,eb79a85e6b928add93a5fbf5168af5ac_shot_001_000,ssim,mouth,0.42294034
12,955.775635,eb79a85e6b928add93a5fbf5168af5ac_shot_001_000,ssim,full,0.70387149
12,955.775635,eb79a85e6b928add93a5fbf5168af5ac_shot_001_000,lpips,mouth,0.38863561
12,955.775635,eb79a85e6b928add93a5fbf5168af5ac_shot_001_000,lpips,full,0.2917392
12,955.775635,eb79a85e6b928add93a5fbf5168af5ac_shot_001_000,sharpness,mouth,53.2692
12,955.775635,eb79a85e6b928add93a5fbf5168af5ac_shot_001_000,lmd,mouth,5.221076
12,955.775635,eb79a85e6b928add93a5fbf5168af5ac_shot_001_000,sync_d,mouth,8.25971
12,955.775635,eb79a85e6b928add93a5fbf5168af5ac_shot_001_000,sync_c,mouth,5.95544
13,951.006897,eb79a85e6b928add93a5fbf5168af5ac_shot_001_000,pixel_mse,mouth,0.04169907
13,951.006897,eb79a85e6b928add93a5fbf5168af5ac_shot_001_000,pixel_mse,full,0.02992774
13,951.006897,eb79a85e6b928add93a5fbf5168af5ac_shot_001_000,ssim,mouth,0.40078217
13,951.006897,eb79a85e6b928add93a5fbf5168af5ac_shot_001_000,ssim,full,0.68990564
13,951.006897,eb79a85e6b928add93a5fbf5168af5ac_shot_001_000,lpips,mouth,0.40132028
13,951.006897,eb79a85e6b928add93a5fbf5168af5ac_shot_001_000,lpips,full,0.29090121
13,951.006897,eb79a85e6b928add93a5fbf5168af5ac_shot_001_000,sharpness,mouth,71.2429
13,951.006897,eb79a85e6b928add93a5fbf5168af5ac_shot_001_000,lmd,mouth,6.559379
13,951.006897,eb79a85e6b928add93a5fbf5168af5ac_shot_001_000,sync_d,mouth,8.297875
13,951.006897,eb79a85e6b928add93a5fbf5168af5ac_shot_001_000,sync_c,mouth,5.638268
14,946.017517,eb79a85e6b928add93a5fbf5168af5ac_shot_001_000,pixel_mse,mouth,0.0399936
14,946.017517,eb79a85e6b928add93a5fbf5168af5ac_shot_001_000,pixel_mse,full,0.02861823
14,946.017517,eb79a85e6b928add93a5fbf5168af5ac_shot_001_000,ssim,mouth,0.39527115
14,946.017517,eb79a85e6b928add93a5fbf5168af5ac_shot_001_000,ssim,full,0.6901052
14,946.017517,eb79a85e6b928add93a5fbf5168af5ac_shot_001_000,lpips,mouth,0.39258945
14,946.017517,eb79a85e6b928add93a5fbf5168af5ac_shot_001_000,lpips,full,0.29042053
14,946.017517,eb79a85e6b928add93a5fbf5168af5ac_shot_001_000,sharpness,mouth,82.2932
14,946.017517,eb79a85e6b928add93a5fbf5168af5ac_shot_001_000,lmd,mouth,5.260698
14,946.017517,eb79a85e6b928add93a5fbf5168af5ac_shot_001_000,sync_d,mouth,8.664715
14,946.017517,eb79a85e6b928add93a5fbf5168af5ac_shot_001_000,sync_c,mouth,5.55002
15,940.791870,eb79a85e6b928add93a5fbf5168af5ac_shot_001_000,pixel_mse,mouth,0.03728892
15,940.791870,eb79a85e6b928add93a5fbf5168af5ac_shot_001_000,pixel_mse,full,0.02763749
15,940.791870,eb79a85e6b928add93a5fbf5168af5ac_shot_001_000,ssim,mouth,0.41232681
15,940.791870,eb79a85e6b928add93a5fbf5168af5ac_shot_001_000,ssim,full,0.69336772
15,940.791870,eb79a85e6b928add93a5fbf5168af5ac_shot_001_000,lpips,mouth,0.38530913
15,940.791870,eb79a85e6b928add93a5fbf5168af5ac_shot_001_000,lpips,full,0.28753436
15,940.791870,eb79a85e6b928add93a5fbf5168af5ac_shot_001_000,sharpness,mouth,65.0379
15,940.791870,eb79a85e6b928add93a5fbf5168af5ac_shot_001_000,lmd,mouth,5.11923
15,940.791870,eb79a85e6b928add93a5fbf5168af5ac_shot_001_000,sync_d,mouth,8.258724
15,940.791870,eb79a85e6b928add93a5fbf5168af5ac_shot_001_000,sync_c,mouth,6.12237
16,935.312622,eb79a85e6b928add93a5fbf5168af5ac_shot_001_000,pixel_mse,mouth,0.02868199
16,935.312622,eb79a85e6b928add93a5fbf5168af5ac_shot_001_000,pixel_mse,full,0.02614515
16,935.312622,eb79a85e6b928add93a5fbf5168af5ac_shot_001_000,ssim,mouth,0.44705558
16,935.312622,eb79a85e6b928add93a5fbf5168af5ac_shot_001_000,ssim,full,0.69856566
16,935.312622,eb79a85e6b928add93a5fbf5168af5ac_shot_001_000,lpips,mouth,0.3754628
16,935.312622,eb79a85e6b928add93a5fbf5168af5ac_shot_001_000,lpips,full,0.2860043
16,935.312622,eb79a85e6b928add93a5fbf5168af5ac_shot_001_000,sharpness,mouth,47.0777
16,935.312622,eb79a85e6b928add93a5fbf5168af5ac_shot_001_000,lmd,mouth,4.781606
16,935.312622,eb79a85e6b928add93a5fbf5168af5ac_shot_001_000,sync_d,mouth,7.631885
16,935.312622,eb79a85e6b928add93a5fbf5168af5ac_shot_001_000,sync_c,mouth,6.615843
17,929.560913,eb79a85e6b928add93a5fbf5168af5ac_shot_001_000,pixel_mse,mouth,0.02833815
17,929.560913,eb79a85e6b928add93a5fbf5168af5ac_shot_001_000,pixel_mse,full,0.02642507
17,929.560913,eb79a85e6b928add93a5fbf5168af5ac_shot_001_000,ssim,mouth,0.46338749
17,929.560913,eb79a85e6b928add93a5fbf5168af5ac_shot_001_000,ssim,full,0.69884276
17,929.560913,eb79a85e6b928add93a5fbf5168af5ac_shot_001_000,lpips,mouth,0.37111792
17,929.560913,eb79a85e6b928add93a5fbf5168af5ac_shot_001_000,lpips,full,0.28699869
17,929.560913,eb79a85e6b928add93a5fbf5168af5ac_shot_001_000,sharpness,mouth,40.6218
17,929.560913,eb79a85e6b928add93a5fbf5168af5ac_shot_001_000,lmd,mouth,4.712955
17,929.560913,eb79a85e6b928add93a5fbf5168af5ac_shot_001_000,sync_d,mouth,7.820376
17,929.560913,eb79a85e6b928add93a5fbf5168af5ac_shot_001_000,sync_c,mouth,6.490334
18,923.515991,eb79a85e6b928add93a5fbf5168af5ac_shot_001_000,pixel_mse,mouth,0.02697516
18,923.515991,eb79a85e6b928add93a5fbf5168af5ac_shot_001_000,pixel_mse,full,0.0261879
18,923.515991,eb79a85e6b928add93a5fbf5168af5ac_shot_001_000,ssim,mouth,0.48450992
18,923.515991,eb79a85e6b928add93a5fbf5168af5ac_shot_001_000,ssim,full,0.70618945
18,923.515991,eb79a85e6b928add93a5fbf5168af5ac_shot_001_000,lpips,mouth,0.36004475
18,923.515991,eb79a85e6b928add93a5fbf5168af5ac_shot_001_000,lpips,full,0.29005212
18,923.515991,eb79a85e6b928add93a5fbf5168af5ac_shot_001_000,sharpness,mouth,37.262
18,923.515991,eb79a85e6b928add93a5fbf5168af5ac_shot_001_000,lmd,mouth,4.702187
18,923.515991,eb79a85e6b928add93a5fbf5168af5ac_shot_001_000,sync_d,mouth,7.909154
18,923.515991,eb79a85e6b928add93a5fbf5168af5ac_shot_001_000,sync_c,mouth,6.429222
19,917.154785,eb79a85e6b928add93a5fbf5168af5ac_shot_001_000,pixel_mse,mouth,0.02651953
19,917.154785,eb79a85e6b928add93a5fbf5168af5ac_shot_001_000,pixel_mse,full,0.02534681
19,917.154785,eb79a85e6b928add93a5fbf5168af5ac_shot_001_000,ssim,mouth,0.4844124
19,917.154785,eb79a85e6b928add93a5fbf5168af5ac_shot_001_000,ssim,full,0.71028095
19,917.154785,eb79a85e6b928add93a5fbf5168af5ac_shot_001_000,lpips,mouth,0.35861087
19,917.154785,eb79a85e6b928add93a5fbf5168af5ac_shot_001_000,lpips,full,0.29110578
19,917.154785,eb79a85e6b928add93a5fbf5168af5ac_shot_001_000,sharpness,mouth,47.6558
19,917.154785,eb79a85e6b928add93a5fbf5168af5ac_shot_001_000,lmd,mouth,5.325458
19,917.154785,eb79a85e6b928add93a5fbf5168af5ac_shot_001_000,sync_d,mouth,8.216118
19,917.154785,eb79a85e6b928add93a5fbf5168af5ac_shot_001_000,sync_c,mouth,6.069158
20,910.451721,eb79a85e6b928add93a5fbf5168af5ac_shot_001_000,pixel_mse,mouth,0.0217523
20,910.451721,eb79a85e6b928add93a5fbf5168af5ac_shot_001_000,pixel_mse,full,0.0242797
20,910.451721,eb79a85e6b928add93a5fbf5168af5ac_shot_001_000,ssim,mouth,0.50240469
20,910.451721,eb79a85e6b928add93a5fbf5168af5ac_shot_001_000,ssim,full,0.71782178
20,910.451721,eb79a85e6b928add93a5fbf5168af5ac_shot_001_000,lpips,mouth,0.34893855
20,910.451721,eb79a85e6b928add93a5fbf5168af5ac_shot_001_000,lpips,full,0.30304512
20,910.451721,eb79a85e6b928add93a5fbf5168af5ac_shot_001_000,sharpness,mouth,47.8909
20,910.451721,eb79a85e6b928add93a5fbf5168af5ac_shot_001_000,lmd,mouth,5.979045
20,910.451721,eb79a85e6b928add93a5fbf5168af5ac_shot_001_000,sync_d,mouth,8.617217
20,910.451721,eb79a85e6b928add93a5fbf5168af5ac_shot_001_000,sync_c,mouth,5.603493
21,903.378723,eb79a85e6b928add93a5fbf5168af5ac_shot_001_000,pixel_mse,mouth,0.02158157
21,903.378723,eb79a85e6b928add93a5fbf5168af5ac_shot_001_000,pixel_mse,full,0.02497852
21,903.378723,eb79a85e6b928add93a5fbf5168af5ac_shot_001_000,ssim,mouth,0.48270878
21,903.378723,eb79a85e6b928add93a5fbf5168af5ac_shot_001_000,ssim,full,0.71333075
21,903.378723,eb79a85e6b928add93a5fbf5168af5ac_shot_001_000,lpips,mouth,0.33327287
21,903.378723,eb79a85e6b928add93a5fbf5168af5ac_shot_001_000,lpips,full,0.30060482
21,903.378723,eb79a85e6b928add93a5fbf5168af5ac_shot_001_000,sharpness,mouth,58.8162
21,903.378723,eb79a85e6b928add93a5fbf5168af5ac_shot_001_000,lmd,mouth,5.726416
21,903.378723,eb79a85e6b928add93a5fbf5168af5ac_shot_001_000,sync_d,mouth,8.805084
21,903.378723,eb79a85e6b928add93a5fbf5168af5ac_shot_001_000,sync_c,mouth,5.535372
22,895.903931,eb79a85e6b928add93a5fbf5168af5ac_shot_001_000,pixel_mse,mouth,0.02065063
22,895.903931,eb79a85e6b928add93a5fbf5168af5ac_shot_001_000,pixel_mse,full,0.02475465
22,895.903931,eb79a85e6b928add93a5fbf5168af5ac_shot_001_000,ssim,mouth,0.49786815
22,895.903931,eb79a85e6b928add93a5fbf5168af5ac_shot_001_000,ssim,full,0.71533751
22,895.903931,eb79a85e6b928add93a5fbf5168af5ac_shot_001_000,lpips,mouth,0.33675435
22,895.903931,eb79a85e6b928add93a5fbf5168af5ac_shot_001_000,lpips,full,0.3003349
22,895.903931,eb79a85e6b928add93a5fbf5168af5ac_shot_001_000,sharpness,mouth,56.1011
22,895.903931,eb79a85e6b928add93a5fbf5168af5ac_shot_001_000,lmd,mouth,4.705802
22,895.903931,eb79a85e6b928add93a5fbf5168af5ac_shot_001_000,sync_d,mouth,8.759852
22,895.903931,eb79a85e6b928add93a5fbf5168af5ac_shot_001_000,sync_c,mouth,5.734924
23,887.992493,eb79a85e6b928add93a5fbf5168af5ac_shot_001_000,pixel_mse,mouth,0.01966192
23,887.992493,eb79a85e6b928add93a5fbf5168af5ac_shot_001_000,pixel_mse,full,0.0241227
23,887.992493,eb79a85e6b928add93a5fbf5168af5ac_shot_001_000,ssim,mouth,0.51437086
23,887.992493,eb79a85e6b928add93a5fbf5168af5ac_shot_001_000,ssim,full,0.71966046
23,887.992493,eb79a85e6b928add93a5fbf5168af5ac_shot_001_000,lpips,mouth,0.33448765
23,887.992493,eb79a85e6b928add93a5fbf5168af5ac_shot_001_000,lpips,full,0.30354163
23,887.992493,eb79a85e6b928add93a5fbf5168af5ac_shot_001_000,sharpness,mouth,56.1078
23,887.992493,eb79a85e6b928add93a5fbf5168af5ac_shot_001_000,lmd,mouth,4.613492
23,887.992493,eb79a85e6b928add93a5fbf5168af5ac_shot_001_000,sync_d,mouth,8.653934
23,887.992493,eb79a85e6b928add93a5fbf5168af5ac_shot_001_000,sync_c,mouth,5.843795
24,879.604736,eb79a85e6b928add93a5fbf5168af5ac_shot_001_000,pixel_mse,mouth,0.01993519
24,879.604736,eb79a85e6b928add93a5fbf5168af5ac_shot_001_000,pixel_mse,full,0.02383301
24,879.604736,eb79a85e6b928add93a5fbf5168af5ac_shot_001_000,ssim,mouth,0.52131706
24,879.604736,eb79a85e6b928add93a5fbf5168af5ac_shot_001_000,ssim,full,0.72036618
24,879.604736,eb79a85e6b928add93a5fbf5168af5ac_shot_001_000,lpips,mouth,0.33522588
24,879.604736,eb79a85e6b928add93a5fbf5168af5ac_shot_001_000,lpips,full,0.30891716
24,879.604736,eb79a85e6b928add93a5fbf5168af5ac_shot_001_000,sharpness,mouth,49.8268
24,879.604736,eb79a85e6b928add93a5fbf5168af5ac_shot_001_000,lmd,mouth,5.263031
24,879.604736,eb79a85e6b928add93a5fbf5168af5ac_shot_001_000,sync_d,mouth,9.081498
24,879.604736,eb79a85e6b928add93a5fbf5168af5ac_shot_001_000,sync_c,mouth,5.378891
25,870.696350,eb79a85e6b928add93a5fbf5168af5ac_shot_001_000,pixel_mse,mouth,0.0202879
25,870.696350,eb79a85e6b928add93a5fbf5168af5ac_shot_001_000,pixel_mse,full,0.02381482
25,870.696350,eb79a85e6b928add93a5fbf5168af5ac_shot_001_000,ssim,mouth,0.52735436
25,870.696350,eb79a85e6b928add93a5fbf5168af5ac_shot_001_000,ssim,full,0.72141409
25,870.696350,eb79a85e6b928add93a5fbf5168af5ac_shot_001_000,lpips,mouth,0.34124547
25,870.696350,eb79a85e6b928add93a5fbf5168af5ac_shot_001_000,lpips,full,0.31370926
25,870.696350,eb79a85e6b928add93a5fbf5168af5ac_shot_001_000,sharpness,mouth,47.0755
25,870.696350,eb79a85e6b928add93a5fbf5168af5ac_shot_001_000,lmd,mouth,5.321209
25,870.696350,eb79a85e6b928add93a5fbf5168af5ac_shot_001_000,sync_d,mouth,9.268902
25,870.696350,eb79a85e6b928add93a5fbf5168af5ac_shot_001_000,sync_c,mouth,5.2498
26,861.217407,eb79a85e6b928add93a5fbf5168af5ac_shot_001_000,pixel_mse,mouth,0.02099392
26,861.217407,eb79a85e6b928add93a5fbf5168af5ac_shot_001_000,pixel_mse,full,0.02404954
26,861.217407,eb79a85e6b928add93a5fbf5168af5ac_shot_001_000,ssim,mouth,0.52531713
26,861.217407,eb79a85e6b928add93a5fbf5168af5ac_shot_001_000,ssim,full,0.7208271
26,861.217407,eb79a85e6b928add93a5fbf5168af5ac_shot_001_000,lpips,mouth,0.34349549
26,861.217407,eb79a85e6b928add93a5fbf5168af5ac_shot_001_000,lpips,full,0.31614959
26,861.217407,eb79a85e6b928add93a5fbf5168af5ac_shot_001_000,sharpness,mouth,49.1885
26,861.217407,eb79a85e6b928add93a5fbf5168af5ac_shot_001_000,lmd,mouth,5.128508
26,861.217407,eb79a85e6b928add93a5fbf5168af5ac_shot_001_000,sync_d,mouth,9.642542
26,861.217407,eb79a85e6b928add93a5fbf5168af5ac_shot_001_000,sync_c,mouth,4.864055
27,851.111145,eb79a85e6b928add93a5fbf5168af5ac_shot_001_000,pixel_mse,mouth,0.02087206
27,851.111145,eb79a85e6b928add93a5fbf5168af5ac_shot_001_000,pixel_mse,full,0.02430978
27,851.111145,eb79a85e6b928add93a5fbf5168af5ac_shot_001_000,ssim,mouth,0.53555518
27,851.111145,eb79a85e6b928add93a5fbf5168af5ac_shot_001_000,ssim,full,0.72099453
27,851.111145,eb79a85e6b928add93a5fbf5168af5ac_shot_001_000,lpips,mouth,0.36153337
27,851.111145,eb79a85e6b928add93a5fbf5168af5ac_shot_001_000,lpips,full,0.32213297
27,851.111145,eb79a85e6b928add93a5fbf5168af5ac_shot_001_000,sharpness,mouth,48.8792
27,851.111145,eb79a85e6b928add93a5fbf5168af5ac_shot_001_000,lmd,mouth,4.915143
27,851.111145,eb79a85e6b928add93a5fbf5168af5ac_shot_001_000,sync_d,mouth,10.343426
27,851.111145,eb79a85e6b928add93a5fbf5168af5ac_shot_001_000,sync_c,mouth,4.148273
28,840.313232,eb79a85e6b928add93a5fbf5168af5ac_shot_001_000,pixel_mse,mouth,0.02016658
28,840.313232,eb79a85e6b928add93a5fbf5168af5ac_shot_001_000,pixel_mse,full,0.02436498
28,840.313232,eb79a85e6b928add93a5fbf5168af5ac_shot_001_000,ssim,mouth,0.54761332
28,840.313232,eb79a85e6b928add93a5fbf5168af5ac_shot_001_000,ssim,full,0.72208184
28,840.313232,eb79a85e6b928add93a5fbf5168af5ac_shot_001_000,lpips,mouth,0.36847767
28,840.313232,eb79a85e6b928add93a5fbf5168af5ac_shot_001_000,lpips,full,0.32868022
28,840.313232,eb79a85e6b928add93a5fbf5168af5ac_shot_001_000,sharpness,mouth,44.6492
28,840.313232,eb79a85e6b928add93a5fbf5168af5ac_shot_001_000,lmd,mouth,4.865922
28,840.313232,eb79a85e6b928add93a5fbf5168af5ac_shot_001_000,sync_d,mouth,10.781831
28,840.313232,eb79a85e6b928add93a5fbf5168af5ac_shot_001_000,sync_c,mouth,3.657409
29,828.750244,eb79a85e6b928add93a5fbf5168af5ac_shot_001_000,pixel_mse,mouth,0.01965494
29,828.750244,eb79a85e6b928add93a5fbf5168af5ac_shot_001_000,pixel_mse,full,0.0243827
29,828.750244,eb79a85e6b928add93a5fbf5168af5ac_shot_001_000,ssim,mouth,0.55024153
29,828.750244,eb79a85e6b928add93a5fbf5168af5ac_shot_001_000,ssim,full,0.72214699
29,828.750244,eb79a85e6b928add93a5fbf5168af5ac_shot_001_000,lpips,mouth,0.38341078
29,828.750244,eb79a85e6b928add93a5fbf5168af5ac_shot_001_000,lpips,full,0.332331
29,828.750244,eb79a85e6b928add93a5fbf5168af5ac_shot_001_000,sharpness,mouth,45.1001
29,828.750244,eb79a85e6b928add93a5fbf5168af5ac_shot_001_000,lmd,mouth,4.416145
29,828.750244,eb79a85e6b928add93a5fbf5168af5ac_shot_001_000,sync_d,mouth,11.572616
29,828.750244,eb79a85e6b928add93a5fbf5168af5ac_shot_001_000,sync_c,mouth,3.050537
30,816.337830,eb79a85e6b928add93a5fbf5168af5ac_shot_001_000,pixel_mse,mouth,0.02011922
30,816.337830,eb79a85e6b928add93a5fbf5168af5ac_shot_001_000,pixel_mse,full,0.02434519
30,816.337830,eb79a85e6b928add93a5fbf5168af5ac_shot_001_000,ssim,mouth,0.54973996
30,816.337830,eb79a85e6b928add93a5fbf5168af5ac_shot_001_000,ssim,full,0.72224152
30,816.337830,eb79a85e6b928add93a5fbf5168af5ac_shot_001_000,lpips,mouth,0.39374876
30,816.337830,eb79a85e6b928add93a5fbf5168af5ac_shot_001_000,lpips,full,0.333657
30,816.337830,eb79a85e6b928add93a5fbf5168af5ac_shot_001_000,sharpness,mouth,46.7692
30,816.337830,eb79a85e6b928add93a5fbf5168af5ac_shot_001_000,lmd,mouth,4.649029
30,816.337830,eb79a85e6b928add93a5fbf5168af5ac_shot_001_000,sync_d,mouth,12.330358
30,816.337830,eb79a85e6b928add93a5fbf5168af5ac_shot_001_000,sync_c,mouth,2.355783
31,802.978699,eb79a85e6b928add93a5fbf5168af5ac_shot_001_000,pixel_mse,mouth,0.01981657
31,802.978699,eb79a85e6b928add93a5fbf5168af5ac_shot_001_000,pixel_mse,full,0.02431598
31,802.978699,eb79a85e6b928add93a5fbf5168af5ac_shot_001_000,ssim,mouth,0.55103719
31,802.978699,eb79a85e6b928add93a5fbf5168af5ac_shot_001_000,ssim,full,0.72155941
31,802.978699,eb79a85e6b928add93a5fbf5168af5ac_shot_001_000,lpips,mouth,0.39620078
31,802.978699,eb79a85e6b928add93a5fbf5168af5ac_shot_001_000,lpips,full,0.33317184
31,802.978699,eb79a85e6b928add93a5fbf5168af5ac_shot_001_000,sharpness,mouth,47.2495
31,802.978699,eb79a85e6b928add93a5fbf5168af5ac_shot_001_000,lmd,mouth,4.558167
31,802.978699,eb79a85e6b928add93a5fbf5168af5ac_shot_001_000,sync_d,mouth,12.705952
31,802.978699,eb79a85e6b928add93a5fbf5168af5ac_shot_001_000,sync_c,mouth,1.927075
32,788.560242,eb79a85e6b928add93a5fbf5168af5ac_shot_001_000,pixel_mse,mouth,0.01924935
32,788.560242,eb79a85e6b928add93a5fbf5168af5ac_shot_001_000,pixel_mse,full,0.0242254
32,788.560242,eb79a85e6b928add93a5fbf5168af5ac_shot_001_000,ssim,mouth,0.55716497
32,788.560242,eb79a85e6b928add93a5fbf5168af5ac_shot_001_000,ssim,full,0.72122848
32,788.560242,eb79a85e6b928add93a5fbf5168af5ac_shot_001_000,lpips,mouth,0.39871606
32,788.560242,eb79a85e6b928add93a5fbf5168af5ac_shot_001_000,lpips,full,0.33244193
32,788.560242,eb79a85e6b928add93a5fbf5168af5ac_shot_001_000,sharpness,mouth,46.5861
32,788.560242,eb79a85e6b928add93a5fbf5168af5ac_shot_001_000,lmd,mouth,4.075201
32,788.560242,eb79a85e6b928add93a5fbf5168af5ac_shot_001_000,sync_d,mouth,12.773779
32,788.560242,eb79a85e6b928add93a5fbf5168af5ac_shot_001_000,sync_c,mouth,1.79227
33,772.951477,eb79a85e6b928add93a5fbf5168af5ac_shot_001_000,pixel_mse,mouth,0.01881215
33,772.951477,eb79a85e6b928add93a5fbf5168af5ac_shot_001_000,pixel_mse,full,0.02417776
33,772.951477,eb79a85e6b928add93a5fbf5168af5ac_shot_001_000,ssim,mouth,0.5612278
33,772.951477,eb79a85e6b928add93a5fbf5168af5ac_shot_001_000,ssim,full,0.72147167
33,772.951477,eb79a85e6b928add93a5fbf5168af5ac_shot_001_000,lpips,mouth,0.39421648
33,772.951477,eb79a85e6b928add93a5fbf5168af5ac_shot_001_000,lpips,full,0.33213678
33,772.951477,eb79a85e6b928add93a5fbf5168af5ac_shot_001_000,sharpness,mouth,48.5479
33,772.951477,eb79a85e6b928add93a5fbf5168af5ac_shot_001_000,lmd,mouth,4.160493
33,772.951477,eb79a85e6b928add93a5fbf5168af5ac_shot_001_000,sync_d,mouth,12.948645
33,772.951477,eb79a85e6b928add93a5fbf5168af5ac_shot_001_000,sync_c,mouth,1.663784
34,755.998352,eb79a85e6b928add93a5fbf5168af5ac_shot_001_000,pixel_mse,mouth,0.01885333
34,755.998352,eb79a85e6b928add93a5fbf5168af5ac_shot_001_000,pixel_mse,full,0.02416005
34,755.998352,eb79a85e6b928add93a5fbf5168af5ac_shot_001_000,ssim,mouth,0.5660733
34,755.998352,eb79a85e6b928add93a5fbf5168af5ac_shot_001_000,ssim,full,0.72207195
34,755.998352,eb79a85e6b928add93a5fbf5168af5ac_shot_001_000,lpips,mouth,0.39424303
34,755.998352,eb79a85e6b928add93a5fbf5168af5ac_shot_001_000,lpips,full,0.33179975
34,755.998352,eb79a85e6b928add93a5fbf5168af5ac_shot_001_000,sharpness,mouth,48.7498
34,755.998352,eb79a85e6b928add93a5fbf5168af5ac_shot_001_000,lmd,mouth,3.972001
34,755.998352,eb79a85e6b928add93a5fbf5168af5ac_shot_001_000,sync_d,mouth,13.369249
34,755.998352,eb79a85e6b928add93a5fbf5168af5ac_shot_001_000,sync_c,mouth,1.436288
35,737.519714,eb79a85e6b928add93a5fbf5168af5ac_shot_001_000,pixel_mse,mouth,0.01927597
35,737.519714,eb79a85e6b928add93a5fbf5168af5ac_shot_001_000,pixel_mse,full,0.02417217
35,737.519714,eb79a85e6b928add93a5fbf5168af5ac_shot_001_000,ssim,mouth,0.56767035
35,737.519714,eb79a85e6b928add93a5fbf5168af5ac_shot_001_000,ssim,full,0.72188932
35,737.519714,eb79a85e6b928add93a5fbf5168af5ac_shot_001_000,lpips,mouth,0.39454073
35,737.519714,eb79a85e6b928add93a5fbf5168af5ac_shot_001_000,lpips,full,0.33246005
35,737.519714,eb79a85e6b928add93a5fbf5168af5ac_shot_001_000,sharpness,mouth,47.2645
35,737.519714,eb79a85e6b928add93a5fbf5168af5ac_shot_001_000,lmd,mouth,4.246233
35,737.519714,eb79a85e6b928add93a5fbf5168af5ac_shot_001_000,sync_d,mouth,13.54827
35,737.519714,eb79a85e6b928add93a5fbf5168af5ac_shot_001_000,sync_c,mouth,1.308746
36,717.299683,eb79a85e6b928add93a5fbf5168af5ac_shot_001_000,pixel_mse,mouth,0.01950561
36,717.299683,eb79a85e6b928add93a5fbf5168af5ac_shot_001_000,pixel_mse,full,0.024221
36,717.299683,eb79a85e6b928add93a5fbf5168af5ac_shot_001_000,ssim,mouth,0.56870085
36,717.299683,eb79a85e6b928add93a5fbf5168af5ac_shot_001_000,ssim,full,0.72201037
36,717.299683,eb79a85e6b928add93a5fbf5168af5ac_shot_001_000,lpips,mouth,0.3981182
36,717.299683,eb79a85e6b928add93a5fbf5168af5ac_shot_001_000,lpips,full,0.33704147
36,717.299683,eb79a85e6b928add93a5fbf5168af5ac_shot_001_000,sharpness,mouth,47.6224
36,717.299683,eb79a85e6b928add93a5fbf5168af5ac_shot_001_000,lmd,mouth,4.358847
36,717.299683,eb79a85e6b928add93a5fbf5168af5ac_shot_001_000,sync_d,mouth,13.798333
36,717.299683,eb79a85e6b928add93a5fbf5168af5ac_shot_001_000,sync_c,mouth,1.075866
37,695.080139,eb79a85e6b928add93a5fbf5168af5ac_shot_001_000,pixel_mse,mouth,0.02016317
37,695.080139,eb79a85e6b928add93a5fbf5168af5ac_shot_001_000,pixel_mse,full,0.02424544
37,695.080139,eb79a85e6b928add93a5fbf5168af5ac_shot_001_000,ssim,mouth,0.56686878
37,695.080139,eb79a85e6b928add93a5fbf5168af5ac_shot_001_000,ssim,full,0.72254837
37,695.080139,eb79a85e6b928add93a5fbf5168af5ac_shot_001_000,lpips,mouth,0.40023664
37,695.080139,eb79a85e6b928add93a5fbf5168af5ac_shot_001_000,lpips,full,0.33960229
37,695.080139,eb79a85e6b928add93a5fbf5168af5ac_shot_001_000,sharpness,mouth,46.1114
37,695.080139,eb79a85e6b928add93a5fbf5168af5ac_shot_001_000,lmd,mouth,4.481276
37,695.080139,eb79a85e6b928add93a5fbf5168af5ac_shot_001_000,sync_d,mouth,13.597164
37,695.080139,eb79a85e6b928add93a5fbf5168af5ac_shot_001_000,sync_c,mouth,1.250445
38,670.548828,eb79a85e6b928add93a5fbf5168af5ac_shot_001_000,pixel_mse,mouth,0.02052391
38,670.548828,eb79a85e6b928add93a5fbf5168af5ac_shot_001_000,pixel_mse,full,0.02429015
38,670.548828,eb79a85e6b928add93a5fbf5168af5ac_shot_001_000,ssim,mouth,0.56548202
38,670.548828,eb79a85e6b928add93a5fbf5168af5ac_shot_001_000,ssim,full,0.72259384
38,670.548828,eb79a85e6b928add93a5fbf5168af5ac_shot_001_000,lpips,mouth,0.40734369
38,670.548828,eb79a85e6b928add93a5fbf5168af5ac_shot_001_000,lpips,full,0.34291619
38,670.548828,eb79a85e6b928add93a5fbf5168af5ac_shot_001_000,sharpness,mouth,49.0506
38,670.548828,eb79a85e6b928add93a5fbf5168af5ac_shot_001_000,lmd,mouth,4.625618
38,670.548828,eb79a85e6b928add93a5fbf5168af5ac_shot_001_000,sync_d,mouth,13.593123
38,670.548828,eb79a85e6b928add93a5fbf5168af5ac_shot_001_000,sync_c,mouth,1.261562
39,643.325317,eb79a85e6b928add93a5fbf5168af5ac_shot_001_000,pixel_mse,mouth,0.02077154
39,643.325317,eb79a85e6b928add93a5fbf5168af5ac_shot_001_000,pixel_mse,full,0.02434764
39,643.325317,eb79a85e6b928add93a5fbf5168af5ac_shot_001_000,ssim,mouth,0.56439626
39,643.325317,eb79a85e6b928add93a5fbf5168af5ac_shot_001_000,ssim,full,0.72265828
39,643.325317,eb79a85e6b928add93a5fbf5168af5ac_shot_001_000,lpips,mouth,0.40926108
39,643.325317,eb79a85e6b928add93a5fbf5168af5ac_shot_001_000,lpips,full,0.3449907
39,643.325317,eb79a85e6b928add93a5fbf5168af5ac_shot_001_000,sharpness,mouth,50.4022
39,643.325317,eb79a85e6b928add93a5fbf5168af5ac_shot_001_000,lmd,mouth,4.653716
39,643.325317,eb79a85e6b928add93a5fbf5168af5ac_shot_001_000,sync_d,mouth,13.478968
39,643.325317,eb79a85e6b928add93a5fbf5168af5ac_shot_001_000,sync_c,mouth,1.328138
40,612.940735,eb79a85e6b928add93a5fbf5168af5ac_shot_001_000,pixel_mse,mouth,0.02087197
40,612.940735,eb79a85e6b928add93a5fbf5168af5ac_shot_001_000,pixel_mse,full,0.02432272
40,612.940735,eb79a85e6b928add93a5fbf5168af5ac_shot_001_000,ssim,mouth,0.56538785
40,612.940735,eb79a85e6b928add93a5fbf5168af5ac_shot_001_000,ssim,full,0.72319335
40,612.940735,eb79a85e6b928add93a5fbf5168af5ac_shot_001_000,lpips,mouth,0.41034895
40,612.940735,eb79a85e6b928add93a5fbf5168af5ac_shot_001_000,lpips,full,0.34664863
40,612.940735,eb79a85e6b928add93a5fbf5168af5ac_shot_001_000,sharpness,mouth,49.9614
40,612.940735,eb79a85e6b928add93a5fbf5168af5ac_shot_001_000,lmd,mouth,4.708662
40,612.940735,eb79a85e6b928add93a5fbf5168af5ac_shot_001_000,sync_d,mouth,13.938679
40,612.940735,eb79a85e6b928add93a5fbf5168af5ac_shot_001_000,sync_c,mouth,1.152888
41,578.810425,eb79a85e6b928add93a5fbf5168af5ac_shot_001_000,pixel_mse,mouth,0.02109262
41,578.810425,eb79a85e6b928add93a5fbf5168af5ac_shot_001_000,pixel_mse,full,0.02431475
41,578.810425,eb79a85e6b928add93a5fbf5168af5ac_shot_001_000,ssim,mouth,0.5651843
41,578.810425,eb79a85e6b928add93a5fbf5168af5ac_shot_001_000,ssim,full,0.72322273
41,578.810425,eb79a85e6b928add93a5fbf5168af5ac_shot_001_000,lpips,mouth,0.41431475
41,578.810425,eb79a85e6b928add93a5fbf5168af5ac_shot_001_000,lpips,full,0.34655964
41,578.810425,eb79a85e6b928add93a5fbf5168af5ac_shot_001_000,sharpness,mouth,50.6128
41,578.810425,eb79a85e6b928add93a5fbf5168af5ac_shot_001_000,lmd,mouth,4.923058
41,578.810425,eb79a85e6b928add93a5fbf5168af5ac_shot_001_000,sync_d,mouth,13.84346
41,578.810425,eb79a85e6b928add93a5fbf5168af5ac_shot_001_000,sync_c,mouth,1.26714
42,540.196350,eb79a85e6b928add93a5fbf5168af5ac_shot_001_000,pixel_mse,mouth,0.02107829
42,540.196350,eb79a85e6b928add93a5fbf5168af5ac_shot_001_000,pixel_mse,full,0.02429041
42,540.196350,eb79a85e6b928add93a5fbf5168af5ac_shot_001_000,ssim,mouth,0.56611407
42,540.196350,eb79a85e6b928add93a5fbf5168af5ac_shot_001_000,ssim,full,0.72350788
42,540.196350,eb79a85e6b928add93a5fbf5168af5ac_shot_001_000,lpips,mouth,0.41573814
42,540.196350,eb79a85e6b928add93a5fbf5168af5ac_shot_001_000,lpips,full,0.34808955
42,540.196350,eb79a85e6b928add93a5fbf5168af5ac_shot_001_000,sharpness,mouth,50.2659
42,540.196350,eb79a85e6b928add93a5fbf5168af5ac_shot_001_000,lmd,mouth,4.977439
42,540.196350,eb79a85e6b928add93a5fbf5168af5ac_shot_001_000,sync_d,mouth,13.877925
42,540.196350,eb79a85e6b928add93a5fbf5168af5ac_shot_001_000,sync_c,mouth,1.220213
43,496.152893,eb79a85e6b928add93a5fbf5168af5ac_shot_001_000,pixel_mse,mouth,0.02124264
43,496.152893,eb79a85e6b928add93a5fbf5168af5ac_shot_001_000,pixel_mse,full,0.02438179
43,496.152893,eb79a85e6b928add93a5fbf5168af5ac_shot_001_000,ssim,mouth,0.5665372
43,496.152893,eb79a85e6b928add93a5fbf5168af5ac_shot_001_000,ssim,full,0.7232784
43,496.152893,eb79a85e6b928add93a5fbf5168af5ac_shot_001_000,lpips,mouth,0.42059213
43,496.152893,eb79a85e6b928add93a5fbf5168af5ac_shot_001_000,lpips,full,0.35021615
43,496.152893,eb79a85e6b928add93a5fbf5168af5ac_shot_001_000,sharpness,mouth,49.6678
43,496.152893,eb79a85e6b928add93a5fbf5168af5ac_shot_001_000,lmd,mouth,5.289186
43,496.152893,eb79a85e6b928add93a5fbf5168af5ac_shot_001_000,sync_d,mouth,13.679616
43,496.152893,eb79a85e6b928add93a5fbf5168af5ac_shot_001_000,sync_c,mouth,1.39817
44,445.448151,eb79a85e6b928add93a5fbf5168af5ac_shot_001_000,pixel_mse,mouth,0.02134977
44,445.448151,eb79a85e6b928add93a5fbf5168af5ac_shot_001_000,pixel_mse,full,0.02447114
44,445.448151,eb79a85e6b928add93a5fbf5168af5ac_shot_001_000,ssim,mouth,0.56608516
44,445.448151,eb79a85e6b928add93a5fbf5168af5ac_shot_001_000,ssim,full,0.72287494
44,445.448151,eb79a85e6b928add93a5fbf5168af5ac_shot_001_000,lpips,mouth,0.42643094
44,445.448151,eb79a85e6b928add93a5fbf5168af5ac_shot_001_000,lpips,full,0.35361087
44,445.448151,eb79a85e6b928add93a5fbf5168af5ac_shot_001_000,sharpness,mouth,49.3646
44,445.448151,eb79a85e6b928add93a5fbf5168af5ac_shot_001_000,lmd,mouth,5.103905
44,445.448151,eb79a85e6b928add93a5fbf5168af5ac_shot_001_000,sync_d,mouth,14.064994
44,445.448151,eb79a85e6b928add93a5fbf5168af5ac_shot_001_000,sync_c,mouth,1.080926
45,386.447418,eb79a85e6b928add93a5fbf5168af5ac_shot_001_000,pixel_mse,mouth,0.02137673
45,386.447418,eb79a85e6b928add93a5fbf5168af5ac_shot_001_000,pixel_mse,full,0.02452163
45,386.447418,eb79a85e6b928add93a5fbf5168af5ac_shot_001_000,ssim,mouth,0.56743449
45,386.447418,eb79a85e6b928add93a5fbf5168af5ac_shot_001_000,ssim,full,0.7225793
45,386.447418,eb79a85e6b928add93a5fbf5168af5ac_shot_001_000,lpips,mouth,0.42797866
45,386.447418,eb79a85e6b928add93a5fbf5168af5ac_shot_001_000,lpips,full,0.35410565
45,386.447418,eb79a85e6b928add93a5fbf5168af5ac_shot_001_000,sharpness,mouth,46.659
45,386.447418,eb79a85e6b928add93a5fbf5168af5ac_shot_001_000,lmd,mouth,5.496125
45,386.447418,eb79a85e6b928add93a5fbf5168af5ac_shot_001_000,sync_d,mouth,14.002259
45,386.447418,eb79a85e6b928add93a5fbf5168af5ac_shot_001_000,sync_c,mouth,1.186491
46,316.933258,eb79a85e6b928add93a5fbf5168af5ac_shot_001_000,pixel_mse,mouth,0.0215836
46,316.933258,eb79a85e6b928add93a5fbf5168af5ac_shot_001_000,pixel_mse,full,0.02464137
46,316.933258,eb79a85e6b928add93a5fbf5168af5ac_shot_001_000,ssim,mouth,0.56843603
46,316.933258,eb79a85e6b928add93a5fbf5168af5ac_shot_001_000,ssim,full,0.72221631
46,316.933258,eb79a85e6b928add93a5fbf5168af5ac_shot_001_000,lpips,mouth,0.43777645
46,316.933258,eb79a85e6b928add93a5fbf5168af5ac_shot_001_000,lpips,full,0.35811901
46,316.933258,eb79a85e6b928add93a5fbf5168af5ac_shot_001_000,sharpness,mouth,46.8702
46,316.933258,eb79a85e6b928add93a5fbf5168af5ac_shot_001_000,lmd,mouth,5.325761
46,316.933258,eb79a85e6b928add93a5fbf5168af5ac_shot_001_000,sync_d,mouth,14.084498
46,316.933258,eb79a85e6b928add93a5fbf5168af5ac_shot_001_000,sync_c,mouth,1.113225
47,233.820694,eb79a85e6b928add93a5fbf5168af5ac_shot_001_000,pixel_mse,mouth,0.02166593
47,233.820694,eb79a85e6b928add93a5fbf5168af5ac_shot_001_000,pixel_mse,full,0.02467982
47,233.820694,eb79a85e6b928add93a5fbf5168af5ac_shot_001_000,ssim,mouth,0.56883681
47,233.820694,eb79a85e6b928add93a5fbf5168af5ac_shot_001_000,ssim,full,0.72193027
47,233.820694,eb79a85e6b928add93a5fbf5168af5ac_shot_001_000,lpips,mouth,0.4440335
47,233.820694,eb79a85e6b928add93a5fbf5168af5ac_shot_001_000,lpips,full,0.35822183
47,233.820694,eb79a85e6b928add93a5fbf5168af5ac_shot_001_000,sharpness,mouth,48.3609
47,233.820694,eb79a85e6b928add93a5fbf5168af5ac_shot_001_000,lmd,mouth,5.111597
47,233.820694,eb79a85e6b928add93a5fbf5168af5ac_shot_001_000,sync_d,mouth,13.974335
47,233.820694,eb79a85e6b928add93a5fbf5168af5ac_shot_001_000,sync_c,mouth,1.099856
48,132.687027,eb79a85e6b928add93a5fbf5168af5ac_shot_001_000,pixel_mse,mouth,0.0218427
48,132.687027,eb79a85e6b928add93a5fbf5168af5ac_shot_001_000,pixel_mse,full,0.02479841
48,132.687027,eb79a85e6b928add93a5fbf5168af5ac_shot_001_000,ssim,mouth,0.57007909
48,132.687027,eb79a85e6b928add93a5fbf5168af5ac_shot_001_000,ssim,full,0.721398
48,132.687027,eb79a85e6b928add93a5fbf5168af5ac_shot_001_000,lpips,mouth,0.45057514
48,132.687027,eb79a85e6b928add93a5fbf5168af5ac_shot_001_000,lpips,full,0.35863674
48,132.687027,eb79a85e6b928add93a5fbf5168af5ac_shot_001_000,sharpness,mouth,49.2649
48,132.687027,eb79a85e6b928add93a5fbf5168af5ac_shot_001_000,lmd,mouth,5.343153
48,132.687027,eb79a85e6b928add93a5fbf5168af5ac_shot_001_000,sync_d,mouth,13.80069
48,132.687027,eb79a85e6b928add93a5fbf5168af5ac_shot_001_000,sync_c,mouth,1.190192
49,6.958251,eb79a85e6b928add93a5fbf5168af5ac_shot_001_000,pixel_mse,mouth,0.02209097
49,6.958251,eb79a85e6b928add93a5fbf5168af5ac_shot_001_000,pixel_mse,full,0.02490813
49,6.958251,eb79a85e6b928add93a5fbf5168af5ac_shot_001_000,ssim,mouth,0.56761062
49,6.958251,eb79a85e6b928add93a5fbf5168af5ac_shot_001_000,ssim,full,0.71876228
49,6.958251,eb79a85e6b928add93a5fbf5168af5ac_shot_001_000,lpips,mouth,0.4339819
49,6.958251,eb79a85e6b928add93a5fbf5168af5ac_shot_001_000,lpips,full,0.34318301
49,6.958251,eb79a85e6b928add93a5fbf5168af5ac_shot_001_000,sharpness,mouth,39.9344
49,6.958251,eb79a85e6b928add93a5fbf5168af5ac_shot_001_000,lmd,mouth,4.982048
49,6.958251,eb79a85e6b928add93a5fbf5168af5ac_shot_001_000,sync_d,mouth,13.731298
49,6.958251,eb79a85e6b928add93a5fbf5168af5ac_shot_001_000,sync_c,mouth,1.243447
-1,gt,4d5b044b30051de4f0a6b2dc419ea9ca_shot_001_000,sharpness,mouth,18.4649
-1,gt,4d5b044b30051de4f0a6b2dc419ea9ca_shot_001_000,sync_d,mouth,12.525859
-1,gt,4d5b044b30051de4f0a6b2dc419ea9ca_shot_001_000,sync_c,mouth,1.688734
0,1000.000000,4d5b044b30051de4f0a6b2dc419ea9ca_shot_001_000,pixel_mse,mouth,0.02722884
0,1000.000000,4d5b044b30051de4f0a6b2dc419ea9ca_shot_001_000,pixel_mse,full,0.03953473
0,1000.000000,4d5b044b30051de4f0a6b2dc419ea9ca_shot_001_000,ssim,mouth,0.47137085
0,1000.000000,4d5b044b30051de4f0a6b2dc419ea9ca_shot_001_000,ssim,full,0.50309229
0,1000.000000,4d5b044b30051de4f0a6b2dc419ea9ca_shot_001_000,lpips,mouth,0.3872799
0,1000.000000,4d5b044b30051de4f0a6b2dc419ea9ca_shot_001_000,lpips,full,0.46301588
0,1000.000000,4d5b044b30051de4f0a6b2dc419ea9ca_shot_001_000,sharpness,mouth,6.4128
0,1000.000000,4d5b044b30051de4f0a6b2dc419ea9ca_shot_001_000,lmd,mouth,5.848936
1,997.035706,4d5b044b30051de4f0a6b2dc419ea9ca_shot_001_000,pixel_mse,mouth,0.02567912
1,997.035706,4d5b044b30051de4f0a6b2dc419ea9ca_shot_001_000,pixel_mse,full,0.03976254
1,997.035706,4d5b044b30051de4f0a6b2dc419ea9ca_shot_001_000,ssim,mouth,0.51134479
1,997.035706,4d5b044b30051de4f0a6b2dc419ea9ca_shot_001_000,ssim,full,0.54099441
1,997.035706,4d5b044b30051de4f0a6b2dc419ea9ca_shot_001_000,lpips,mouth,0.41917962
1,997.035706,4d5b044b30051de4f0a6b2dc419ea9ca_shot_001_000,lpips,full,0.4724052
1,997.035706,4d5b044b30051de4f0a6b2dc419ea9ca_shot_001_000,sharpness,mouth,6.3293
1,997.035706,4d5b044b30051de4f0a6b2dc419ea9ca_shot_001_000,lmd,mouth,5.293283
1,997.035706,4d5b044b30051de4f0a6b2dc419ea9ca_shot_001_000,sync_d,mouth,12.908403
1,997.035706,4d5b044b30051de4f0a6b2dc419ea9ca_shot_001_000,sync_c,mouth,0.634905
2,993.963867,4d5b044b30051de4f0a6b2dc419ea9ca_shot_001_000,pixel_mse,mouth,0.03105572
2,993.963867,4d5b044b30051de4f0a6b2dc419ea9ca_shot_001_000,pixel_mse,full,0.03100157
2,993.963867,4d5b044b30051de4f0a6b2dc419ea9ca_shot_001_000,ssim,mouth,0.4686355
2,993.963867,4d5b044b30051de4f0a6b2dc419ea9ca_shot_001_000,ssim,full,0.56956816
2,993.963867,4d5b044b30051de4f0a6b2dc419ea9ca_shot_001_000,lpips,mouth,0.40845579
2,993.963867,4d5b044b30051de4f0a6b2dc419ea9ca_shot_001_000,lpips,full,0.45934504
2,993.963867,4d5b044b30051de4f0a6b2dc419ea9ca_shot_001_000,sharpness,mouth,6.8165
2,993.963867,4d5b044b30051de4f0a6b2dc419ea9ca_shot_001_000,lmd,mouth,7.975833
2,993.963867,4d5b044b30051de4f0a6b2dc419ea9ca_shot_001_000,sync_d,mouth,10.443024
2,993.963867,4d5b044b30051de4f0a6b2dc419ea9ca_shot_001_000,sync_c,mouth,3.104771
3,990.779053,4d5b044b30051de4f0a6b2dc419ea9ca_shot_001_000,pixel_mse,mouth,0.03088462
3,990.779053,4d5b044b30051de4f0a6b2dc419ea9ca_shot_001_000,pixel_mse,full,0.02380407
3,990.779053,4d5b044b30051de4f0a6b2dc419ea9ca_shot_001_000,ssim,mouth,0.49276564
3,990.779053,4d5b044b30051de4f0a6b2dc419ea9ca_shot_001_000,ssim,full,0.606682
3,990.779053,4d5b044b30051de4f0a6b2dc419ea9ca_shot_001_000,lpips,mouth,0.40729114
3,990.779053,4d5b044b30051de4f0a6b2dc419ea9ca_shot_001_000,lpips,full,0.44503063
3,990.779053,4d5b044b30051de4f0a6b2dc419ea9ca_shot_001_000,sharpness,mouth,6.4173
3,990.779053,4d5b044b30051de4f0a6b2dc419ea9ca_shot_001_000,lmd,mouth,9.495553
3,990.779053,4d5b044b30051de4f0a6b2dc419ea9ca_shot_001_000,sync_d,mouth,10.916198
3,990.779053,4d5b044b30051de4f0a6b2dc419ea9ca_shot_001_000,sync_c,mouth,2.946017
4,987.474243,4d5b044b30051de4f0a6b2dc419ea9ca_shot_001_000,pixel_mse,mouth,0.02788859
4,987.474243,4d5b044b30051de4f0a6b2dc419ea9ca_shot_001_000,pixel_mse,full,0.02422583
4,987.474243,4d5b044b30051de4f0a6b2dc419ea9ca_shot_001_000,ssim,mouth,0.51477063
4,987.474243,4d5b044b30051de4f0a6b2dc419ea9ca_shot_001_000,ssim,full,0.61038095
4,987.474243,4d5b044b30051de4f0a6b2dc419ea9ca_shot_001_000,lpips,mouth,0.40314183
4,987.474243,4d5b044b30051de4f0a6b2dc419ea9ca_shot_001_000,lpips,full,0.4330467
4,987.474243,4d5b044b30051de4f0a6b2dc419ea9ca_shot_001_000,sharpness,mouth,7.0304
4,987.474243,4d5b044b30051de4f0a6b2dc419ea9ca_shot_001_000,lmd,mouth,8.578818
4,987.474243,4d5b044b30051de4f0a6b2dc419ea9ca_shot_001_000,sync_d,mouth,10.032932
4,987.474243,4d5b044b30051de4f0a6b2dc419ea9ca_shot_001_000,sync_c,mouth,4.20458
5,984.043091,4d5b044b30051de4f0a6b2dc419ea9ca_shot_001_000,pixel_mse,mouth,0.02770383
5,984.043091,4d5b044b30051de4f0a6b2dc419ea9ca_shot_001_000,pixel_mse,full,0.02424533
5,984.043091,4d5b044b30051de4f0a6b2dc419ea9ca_shot_001_000,ssim,mouth,0.51118195
5,984.043091,4d5b044b30051de4f0a6b2dc419ea9ca_shot_001_000,ssim,full,0.60276568
5,984.043091,4d5b044b30051de4f0a6b2dc419ea9ca_shot_001_000,lpips,mouth,0.39826193
5,984.043091,4d5b044b30051de4f0a6b2dc419ea9ca_shot_001_000,lpips,full,0.43737182
5,984.043091,4d5b044b30051de4f0a6b2dc419ea9ca_shot_001_000,sharpness,mouth,6.9208
5,984.043091,4d5b044b30051de4f0a6b2dc419ea9ca_shot_001_000,lmd,mouth,8.280061
5,984.043091,4d5b044b30051de4f0a6b2dc419ea9ca_shot_001_000,sync_d,mouth,9.053171
5,984.043091,4d5b044b30051de4f0a6b2dc419ea9ca_shot_001_000,sync_c,mouth,5.072198
6,980.477844,4d5b044b30051de4f0a6b2dc419ea9ca_shot_001_000,pixel_mse,mouth,0.04657634
6,980.477844,4d5b044b30051de4f0a6b2dc419ea9ca_shot_001_000,pixel_mse,full,0.0279095
6,980.477844,4d5b044b30051de4f0a6b2dc419ea9ca_shot_001_000,ssim,mouth,0.45887855
6,980.477844,4d5b044b30051de4f0a6b2dc419ea9ca_shot_001_000,ssim,full,0.59369898
6,980.477844,4d5b044b30051de4f0a6b2dc419ea9ca_shot_001_000,lpips,mouth,0.40852249
6,980.477844,4d5b044b30051de4f0a6b2dc419ea9ca_shot_001_000,lpips,full,0.43534267
6,980.477844,4d5b044b30051de4f0a6b2dc419ea9ca_shot_001_000,sharpness,mouth,7.1295
6,980.477844,4d5b044b30051de4f0a6b2dc419ea9ca_shot_001_000,lmd,mouth,5.842421
6,980.477844,4d5b044b30051de4f0a6b2dc419ea9ca_shot_001_000,sync_d,mouth,8.474908
6,980.477844,4d5b044b30051de4f0a6b2dc419ea9ca_shot_001_000,sync_c,mouth,5.292773
7,976.770691,4d5b044b30051de4f0a6b2dc419ea9ca_shot_001_000,pixel_mse,mouth,0.03263353
7,976.770691,4d5b044b30051de4f0a6b2dc419ea9ca_shot_001_000,pixel_mse,full,0.03307495
7,976.770691,4d5b044b30051de4f0a6b2dc419ea9ca_shot_001_000,ssim,mouth,0.48559138
7,976.770691,4d5b044b30051de4f0a6b2dc419ea9ca_shot_001_000,ssim,full,0.58506876
7,976.770691,4d5b044b30051de4f0a6b2dc419ea9ca_shot_001_000,lpips,mouth,0.39301383
7,976.770691,4d5b044b30051de4f0a6b2dc419ea9ca_shot_001_000,lpips,full,0.43970296
7,976.770691,4d5b044b30051de4f0a6b2dc419ea9ca_shot_001_000,sharpness,mouth,6.9275
7,976.770691,4d5b044b30051de4f0a6b2dc419ea9ca_shot_001_000,lmd,mouth,7.2344
7,976.770691,4d5b044b30051de4f0a6b2dc419ea9ca_shot_001_000,sync_d,mouth,9.033359
7,976.770691,4d5b044b30051de4f0a6b2dc419ea9ca_shot_001_000,sync_c,mouth,4.858563
8,972.912842,4d5b044b30051de4f0a6b2dc419ea9ca_shot_001_000,pixel_mse,mouth,0.0177081
8,972.912842,4d5b044b30051de4f0a6b2dc419ea9ca_shot_001_000,pixel_mse,full,0.03799234
8,972.912842,4d5b044b30051de4f0a6b2dc419ea9ca_shot_001_000,ssim,mouth,0.55499905
8,972.912842,4d5b044b30051de4f0a6b2dc419ea9ca_shot_001_000,ssim,full,0.59310877
8,972.912842,4d5b044b30051de4f0a6b2dc419ea9ca_shot_001_000,lpips,mouth,0.39324206
8,972.912842,4d5b044b30051de4f0a6b2dc419ea9ca_shot_001_000,lpips,full,0.42049482
8,972.912842,4d5b044b30051de4f0a6b2dc419ea9ca_shot_001_000,sharpness,mouth,7.4733
8,972.912842,4d5b044b30051de4f0a6b2dc419ea9ca_shot_001_000,lmd,mouth,7.706943
8,972.912842,4d5b044b30051de4f0a6b2dc419ea9ca_shot_001_000,sync_d,mouth,8.794601
8,972.912842,4d5b044b30051de4f0a6b2dc419ea9ca_shot_001_000,sync_c,mouth,4.875436
9,968.895081,4d5b044b30051de4f0a6b2dc419ea9ca_shot_001_000,pixel_mse,mouth,0.0220522
9,968.895081,4d5b044b30051de4f0a6b2dc419ea9ca_shot_001_000,pixel_mse,full,0.0429966
9,968.895081,4d5b044b30051de4f0a6b2dc419ea9ca_shot_001_000,ssim,mouth,0.52412659
9,968.895081,4d5b044b30051de4f0a6b2dc419ea9ca_shot_001_000,ssim,full,0.57023436
9,968.895081,4d5b044b30051de4f0a6b2dc419ea9ca_shot_001_000,lpips,mouth,0.38342366
9,968.895081,4d5b044b30051de4f0a6b2dc419ea9ca_shot_001_000,lpips,full,0.42583978
9,968.895081,4d5b044b30051de4f0a6b2dc419ea9ca_shot_001_000,sharpness,mouth,7.6617
9,968.895081,4d5b044b30051de4f0a6b2dc419ea9ca_shot_001_000,lmd,mouth,7.945688
9,968.895081,4d5b044b30051de4f0a6b2dc419ea9ca_shot_001_000,sync_d,mouth,9.440627
9,968.895081,4d5b044b30051de4f0a6b2dc419ea9ca_shot_001_000,sync_c,mouth,4.437768
10,964.707153,4d5b044b30051de4f0a6b2dc419ea9ca_shot_001_000,pixel_mse,mouth,0.02361697
10,964.707153,4d5b044b30051de4f0a6b2dc419ea9ca_shot_001_000,pixel_mse,full,0.04108568
10,964.707153,4d5b044b30051de4f0a6b2dc419ea9ca_shot_001_000,ssim,mouth,0.49714205
10,964.707153,4d5b044b30051de4f0a6b2dc419ea9ca_shot_001_000,ssim,full,0.56033069
10,964.707153,4d5b044b30051de4f0a6b2dc419ea9ca_shot_001_000,lpips,mouth,0.38175845
10,964.707153,4d5b044b30051de4f0a6b2dc419ea9ca_shot_001_000,lpips,full,0.43093523
10,964.707153,4d5b044b30051de4f0a6b2dc419ea9ca_shot_001_000,sharpness,mouth,7.9408
10,964.707153,4d5b044b30051de4f0a6b2dc419ea9ca_shot_001_000,lmd,mouth,5.284393
10,964.707153,4d5b044b30051de4f0a6b2dc419ea9ca_shot_001_000,sync_d,mouth,9.727858
10,964.707153,4d5b044b30051de4f0a6b2dc419ea9ca_shot_001_000,sync_c,mouth,4.10023
11,960.337952,4d5b044b30051de4f0a6b2dc419ea9ca_shot_001_000,pixel_mse,mouth,0.02531657
11,960.337952,4d5b044b30051de4f0a6b2dc419ea9ca_shot_001_000,pixel_mse,full,0.03970381
11,960.337952,4d5b044b30051de4f0a6b2dc419ea9ca_shot_001_000,ssim,mouth,0.47843495
11,960.337952,4d5b044b30051de4f0a6b2dc419ea9ca_shot_001_000,ssim,full,0.55741233
11,960.337952,4d5b044b30051de4f0a6b2dc419ea9ca_shot_001_000,lpips,mouth,0.3665725
11,960.337952,4d5b044b30051de4f0a6b2dc419ea9ca_shot_001_000,lpips,full,0.42243356
11,960.337952,4d5b044b30051de4f0a6b2dc419ea9ca_shot_001_000,sharpness,mouth,9.0905
11,960.337952,4d5b044b30051de4f0a6b2dc419ea9ca_shot_001_000,lmd,mouth,5.394243
11,960.337952,4d5b044b30051de4f0a6b2dc419ea9ca_shot_001_000,sync_d,mouth,9.694855
11,960.337952,4d5b044b30051de4f0a6b2dc419ea9ca_shot_001_000,sync_c,mouth,4.270514
12,955.775635,4d5b044b30051de4f0a6b2dc419ea9ca_shot_001_000,pixel_mse,mouth,0.02647823
12,955.775635,4d5b044b30051de4f0a6b2dc419ea9ca_shot_001_000,pixel_mse,full,0.03879818
12,955.775635,4d5b044b30051de4f0a6b2dc419ea9ca_shot_001_000,ssim,mouth,0.4663254
12,955.775635,4d5b044b30051de4f0a6b2dc419ea9ca_shot_001_000,ssim,full,0.5518688
12,955.775635,4d5b044b30051de4f0a6b2dc419ea9ca_shot_001_000,lpips,mouth,0.37255225
12,955.775635,4d5b044b30051de4f0a6b2dc419ea9ca_shot_001_000,lpips,full,0.41825828
12,955.775635,4d5b044b30051de4f0a6b2dc419ea9ca_shot_001_000,sharpness,mouth,9.7696
12,955.775635,4d5b044b30051de4f0a6b2dc419ea9ca_shot_001_000,lmd,mouth,5.390149
12,955.775635,4d5b044b30051de4f0a6b2dc419ea9ca_shot_001_000,sync_d,mouth,9.738555
12,955.775635,4d5b044b30051de4f0a6b2dc419ea9ca_shot_001_000,sync_c,mouth,4.063076
13,951.006897,4d5b044b30051de4f0a6b2dc419ea9ca_shot_001_000,pixel_mse,mouth,0.02580109
13,951.006897,4d5b044b30051de4f0a6b2dc419ea9ca_shot_001_000,pixel_mse,full,0.03746164
13,951.006897,4d5b044b30051de4f0a6b2dc419ea9ca_shot_001_000,ssim,mouth,0.4796063
13,951.006897,4d5b044b30051de4f0a6b2dc419ea9ca_shot_001_000,ssim,full,0.5571202
13,951.006897,4d5b044b30051de4f0a6b2dc419ea9ca_shot_001_000,lpips,mouth,0.36983147
13,951.006897,4d5b044b30051de4f0a6b2dc419ea9ca_shot_001_000,lpips,full,0.42164329
13,951.006897,4d5b044b30051de4f0a6b2dc419ea9ca_shot_001_000,sharpness,mouth,9.0927
13,951.006897,4d5b044b30051de4f0a6b2dc419ea9ca_shot_001_000,lmd,mouth,6.458238
13,951.006897,4d5b044b30051de4f0a6b2dc419ea9ca_shot_001_000,sync_d,mouth,9.912457
13,951.006897,4d5b044b30051de4f0a6b2dc419ea9ca_shot_001_000,sync_c,mouth,3.937528
14,946.017517,4d5b044b30051de4f0a6b2dc419ea9ca_shot_001_000,pixel_mse,mouth,0.0244146
14,946.017517,4d5b044b30051de4f0a6b2dc419ea9ca_shot_001_000,pixel_mse,full,0.03475571
14,946.017517,4d5b044b30051de4f0a6b2dc419ea9ca_shot_001_000,ssim,mouth,0.49377897
14,946.017517,4d5b044b30051de4f0a6b2dc419ea9ca_shot_001_000,ssim,full,0.57046396
14,946.017517,4d5b044b30051de4f0a6b2dc419ea9ca_shot_001_000,lpips,mouth,0.37766346
14,946.017517,4d5b044b30051de4f0a6b2dc419ea9ca_shot_001_000,lpips,full,0.43350446
14,946.017517,4d5b044b30051de4f0a6b2dc419ea9ca_shot_001_000,sharpness,mouth,8.1539
14,946.017517,4d5b044b30051de4f0a6b2dc419ea9ca_shot_001_000,lmd,mouth,5.598318
14,946.017517,4d5b044b30051de4f0a6b2dc419ea9ca_shot_001_000,sync_d,mouth,10.247801
14,946.017517,4d5b044b30051de4f0a6b2dc419ea9ca_shot_001_000,sync_c,mouth,3.46854
15,940.791870,4d5b044b30051de4f0a6b2dc419ea9ca_shot_001_000,pixel_mse,mouth,0.02366012
15,940.791870,4d5b044b30051de4f0a6b2dc419ea9ca_shot_001_000,pixel_mse,full,0.03435194
15,940.791870,4d5b044b30051de4f0a6b2dc419ea9ca_shot_001_000,ssim,mouth,0.50838369
15,940.791870,4d5b044b30051de4f0a6b2dc419ea9ca_shot_001_000,ssim,full,0.57069033
15,940.791870,4d5b044b30051de4f0a6b2dc419ea9ca_shot_001_000,lpips,mouth,0.39299315
15,940.791870,4d5b044b30051de4f0a6b2dc419ea9ca_shot_001_000,lpips,full,0.43168804
15,940.791870,4d5b044b30051de4f0a6b2dc419ea9ca_shot_001_000,sharpness,mouth,7.5559
15,940.791870,4d5b044b30051de4f0a6b2dc419ea9ca_shot_001_000,lmd,mouth,7.287782
15,940.791870,4d5b044b30051de4f0a6b2dc419ea9ca_shot_001_000,sync_d,mouth,11.144059
15,940.791870,4d5b044b30051de4f0a6b2dc419ea9ca_shot_001_000,sync_c,mouth,2.275698
16,935.312622,4d5b044b30051de4f0a6b2dc419ea9ca_shot_001_000,pixel_mse,mouth,0.02287078
16,935.312622,4d5b044b30051de4f0a6b2dc419ea9ca_shot_001_000,pixel_mse,full,0.03498289
16,935.312622,4d5b044b30051de4f0a6b2dc419ea9ca_shot_001_000,ssim,mouth,0.51479226
16,935.312622,4d5b044b30051de4f0a6b2dc419ea9ca_shot_001_000,ssim,full,0.56836402
16,935.312622,4d5b044b30051de4f0a6b2dc419ea9ca_shot_001_000,lpips,mouth,0.3891457
16,935.312622,4d5b044b30051de4f0a6b2dc419ea9ca_shot_001_000,lpips,full,0.434154
16,935.312622,4d5b044b30051de4f0a6b2dc419ea9ca_shot_001_000,sharpness,mouth,7.6166
16,935.312622,4d5b044b30051de4f0a6b2dc419ea9ca_shot_001_000,lmd,mouth,5.555533
16,935.312622,4d5b044b30051de4f0a6b2dc419ea9ca_shot_001_000,sync_d,mouth,11.230197
16,935.312622,4d5b044b30051de4f0a6b2dc419ea9ca_shot_001_000,sync_c,mouth,2.218646
17,929.560913,4d5b044b30051de4f0a6b2dc419ea9ca_shot_001_000,pixel_mse,mouth,0.02237244
17,929.560913,4d5b044b30051de4f0a6b2dc419ea9ca_shot_001_000,pixel_mse,full,0.0351978
17,929.560913,4d5b044b30051de4f0a6b2dc419ea9ca_shot_001_000,ssim,mouth,0.52115083
17,929.560913,4d5b044b30051de4f0a6b2dc419ea9ca_shot_001_000,ssim,full,0.57159364
17,929.560913,4d5b044b30051de4f0a6b2dc419ea9ca_shot_001_000,lpips,mouth,0.39244902
17,929.560913,4d5b044b30051de4f0a6b2dc419ea9ca_shot_001_000,lpips,full,0.44042334
17,929.560913,4d5b044b30051de4f0a6b2dc419ea9ca_shot_001_000,sharpness,mouth,7.2274
17,929.560913,4d5b044b30051de4f0a6b2dc419ea9ca_shot_001_000,lmd,mouth,5.859649
18,923.515991,4d5b044b30051de4f0a6b2dc419ea9ca_shot_001_000,pixel_mse,mouth,0.02169477
18,923.515991,4d5b044b30051de4f0a6b2dc419ea9ca_shot_001_000,pixel_mse,full,0.0349744
18,923.515991,4d5b044b30051de4f0a6b2dc419ea9ca_shot_001_000,ssim,mouth,0.5223155
18,923.515991,4d5b044b30051de4f0a6b2dc419ea9ca_shot_001_000,ssim,full,0.57226819
18,923.515991,4d5b044b30051de4f0a6b2dc419ea9ca_shot_001_000,lpips,mouth,0.39459109
18,923.515991,4d5b044b30051de4f0a6b2dc419ea9ca_shot_001_000,lpips,full,0.44118086
18,923.515991,4d5b044b30051de4f0a6b2dc419ea9ca_shot_001_000,sharpness,mouth,7.1318
18,923.515991,4d5b044b30051de4f0a6b2dc419ea9ca_shot_001_000,lmd,mouth,6.70586
19,917.154785,4d5b044b30051de4f0a6b2dc419ea9ca_shot_001_000,pixel_mse,mouth,0.02121515
19,917.154785,4d5b044b30051de4f0a6b2dc419ea9ca_shot_001_000,pixel_mse,full,0.03534443
19,917.154785,4d5b044b30051de4f0a6b2dc419ea9ca_shot_001_000,ssim,mouth,0.51935434
19,917.154785,4d5b044b30051de4f0a6b2dc419ea9ca_shot_001_000,ssim,full,0.57287294
19,917.154785,4d5b044b30051de4f0a6b2dc419ea9ca_shot_001_000,lpips,mouth,0.39503136
19,917.154785,4d5b044b30051de4f0a6b2dc419ea9ca_shot_001_000,lpips,full,0.4404912
19,917.154785,4d5b044b30051de4f0a6b2dc419ea9ca_shot_001_000,sharpness,mouth,7.0443
19,917.154785,4d5b044b30051de4f0a6b2dc419ea9ca_shot_001_000,lmd,mouth,5.750912
20,910.451721,4d5b044b30051de4f0a6b2dc419ea9ca_shot_001_000,pixel_mse,mouth,0.02147349
20,910.451721,4d5b044b30051de4f0a6b2dc419ea9ca_shot_001_000,pixel_mse,full,0.0356669
20,910.451721,4d5b044b30051de4f0a6b2dc419ea9ca_shot_001_000,ssim,mouth,0.51780033
20,910.451721,4d5b044b30051de4f0a6b2dc419ea9ca_shot_001_000,ssim,full,0.56762975
20,910.451721,4d5b044b30051de4f0a6b2dc419ea9ca_shot_001_000,lpips,mouth,0.39924467
20,910.451721,4d5b044b30051de4f0a6b2dc419ea9ca_shot_001_000,lpips,full,0.44742933
20,910.451721,4d5b044b30051de4f0a6b2dc419ea9ca_shot_001_000,sharpness,mouth,6.9936
20,910.451721,4d5b044b30051de4f0a6b2dc419ea9ca_shot_001_000,lmd,mouth,4.54001
21,903.378723,4d5b044b30051de4f0a6b2dc419ea9ca_shot_001_000,pixel_mse,mouth,0.02116445
21,903.378723,4d5b044b30051de4f0a6b2dc419ea9ca_shot_001_000,pixel_mse,full,0.03602697
21,903.378723,4d5b044b30051de4f0a6b2dc419ea9ca_shot_001_000,ssim,mouth,0.52255297
21,903.378723,4d5b044b30051de4f0a6b2dc419ea9ca_shot_001_000,ssim,full,0.56540269
21,903.378723,4d5b044b30051de4f0a6b2dc419ea9ca_shot_001_000,lpips,mouth,0.39593968
21,903.378723,4d5b044b30051de4f0a6b2dc419ea9ca_shot_001_000,lpips,full,0.44657362
21,903.378723,4d5b044b30051de4f0a6b2dc419ea9ca_shot_001_000,sharpness,mouth,6.7577
21,903.378723,4d5b044b30051de4f0a6b2dc419ea9ca_shot_001_000,lmd,mouth,5.611793
22,895.903931,4d5b044b30051de4f0a6b2dc419ea9ca_shot_001_000,pixel_mse,mouth,0.02126325
22,895.903931,4d5b044b30051de4f0a6b2dc419ea9ca_shot_001_000,pixel_mse,full,0.03575116
22,895.903931,4d5b044b30051de4f0a6b2dc419ea9ca_shot_001_000,ssim,mouth,0.52485603
22,895.903931,4d5b044b30051de4f0a6b2dc419ea9ca_shot_001_000,ssim,full,0.56530368
22,895.903931,4d5b044b30051de4f0a6b2dc419ea9ca_shot_001_000,lpips,mouth,0.39467776
22,895.903931,4d5b044b30051de4f0a6b2dc419ea9ca_shot_001_000,lpips,full,0.44709423
22,895.903931,4d5b044b30051de4f0a6b2dc419ea9ca_shot_001_000,sharpness,mouth,6.611
22,895.903931,4d5b044b30051de4f0a6b2dc419ea9ca_shot_001_000,lmd,mouth,4.481703
23,887.992493,4d5b044b30051de4f0a6b2dc419ea9ca_shot_001_000,pixel_mse,mouth,0.02156486
23,887.992493,4d5b044b30051de4f0a6b2dc419ea9ca_shot_001_000,pixel_mse,full,0.03583712
23,887.992493,4d5b044b30051de4f0a6b2dc419ea9ca_shot_001_000,ssim,mouth,0.51975489
23,887.992493,4d5b044b30051de4f0a6b2dc419ea9ca_shot_001_000,ssim,full,0.56240755
23,887.992493,4d5b044b30051de4f0a6b2dc419ea9ca_shot_001_000,lpips,mouth,0.39057559
23,887.992493,4d5b044b30051de4f0a6b2dc419ea9ca_shot_001_000,lpips,full,0.44599199
23,887.992493,4d5b044b30051de4f0a6b2dc419ea9ca_shot_001_000,sharpness,mouth,6.6848
23,887.992493,4d5b044b30051de4f0a6b2dc419ea9ca_shot_001_000,lmd,mouth,4.350914
24,879.604736,4d5b044b30051de4f0a6b2dc419ea9ca_shot_001_000,pixel_mse,mouth,0.0218605
24,879.604736,4d5b044b30051de4f0a6b2dc419ea9ca_shot_001_000,pixel_mse,full,0.03593979
24,879.604736,4d5b044b30051de4f0a6b2dc419ea9ca_shot_001_000,ssim,mouth,0.52103055
24,879.604736,4d5b044b30051de4f0a6b2dc419ea9ca_shot_001_000,ssim,full,0.56043708
24,879.604736,4d5b044b30051de4f0a6b2dc419ea9ca_shot_001_000,lpips,mouth,0.39071161
24,879.604736,4d5b044b30051de4f0a6b2dc419ea9ca_shot_001_000,lpips,full,0.4464885
24,879.604736,4d5b044b30051de4f0a6b2dc419ea9ca_shot_001_000,sharpness,mouth,6.5263
24,879.604736,4d5b044b30051de4f0a6b2dc419ea9ca_shot_001_000,lmd,mouth,4.099171
25,870.696350,4d5b044b30051de4f0a6b2dc419ea9ca_shot_001_000,pixel_mse,mouth,0.02204246
25,870.696350,4d5b044b30051de4f0a6b2dc419ea9ca_shot_001_000,pixel_mse,full,0.03627675
25,870.696350,4d5b044b30051de4f0a6b2dc419ea9ca_shot_001_000,ssim,mouth,0.51596826
25,870.696350,4d5b044b30051de4f0a6b2dc419ea9ca_shot_001_000,ssim,full,0.5596351
25,870.696350,4d5b044b30051de4f0a6b2dc419ea9ca_shot_001_000,lpips,mouth,0.38976574
25,870.696350,4d5b044b30051de4f0a6b2dc419ea9ca_shot_001_000,lpips,full,0.44582391
25,870.696350,4d5b044b30051de4f0a6b2dc419ea9ca_shot_001_000,sharpness,mouth,6.6926
25,870.696350,4d5b044b30051de4f0a6b2dc419ea9ca_shot_001_000,lmd,mouth,4.013693
26,861.217407,4d5b044b30051de4f0a6b2dc419ea9ca_shot_001_000,pixel_mse,mouth,0.02206636
26,861.217407,4d5b044b30051de4f0a6b2dc419ea9ca_shot_001_000,pixel_mse,full,0.03631827
26,861.217407,4d5b044b30051de4f0a6b2dc419ea9ca_shot_001_000,ssim,mouth,0.51255894
26,861.217407,4d5b044b30051de4f0a6b2dc419ea9ca_shot_001_000,ssim,full,0.55891091
26,861.217407,4d5b044b30051de4f0a6b2dc419ea9ca_shot_001_000,lpips,mouth,0.38837969
26,861.217407,4d5b044b30051de4f0a6b2dc419ea9ca_shot_001_000,lpips,full,0.44670275
26,861.217407,4d5b044b30051de4f0a6b2dc419ea9ca_shot_001_000,sharpness,mouth,6.7533
26,861.217407,4d5b044b30051de4f0a6b2dc419ea9ca_shot_001_000,lmd,mouth,4.25071
27,851.111145,4d5b044b30051de4f0a6b2dc419ea9ca_shot_001_000,pixel_mse,mouth,0.02170735
27,851.111145,4d5b044b30051de4f0a6b2dc419ea9ca_shot_001_000,pixel_mse,full,0.03628388
27,851.111145,4d5b044b30051de4f0a6b2dc419ea9ca_shot_001_000,ssim,mouth,0.51514494
27,851.111145,4d5b044b30051de4f0a6b2dc419ea9ca_shot_001_000,ssim,full,0.56019741
27,851.111145,4d5b044b30051de4f0a6b2dc419ea9ca_shot_001_000,lpips,mouth,0.38886273
27,851.111145,4d5b044b30051de4f0a6b2dc419ea9ca_shot_001_000,lpips,full,0.44611433
27,851.111145,4d5b044b30051de4f0a6b2dc419ea9ca_shot_001_000,sharpness,mouth,6.7213
27,851.111145,4d5b044b30051de4f0a6b2dc419ea9ca_shot_001_000,lmd,mouth,3.932185
28,840.313232,4d5b044b30051de4f0a6b2dc419ea9ca_shot_001_000,pixel_mse,mouth,0.0220073
28,840.313232,4d5b044b30051de4f0a6b2dc419ea9ca_shot_001_000,pixel_mse,full,0.03632069
28,840.313232,4d5b044b30051de4f0a6b2dc419ea9ca_shot_001_000,ssim,mouth,0.51393038
28,840.313232,4d5b044b30051de4f0a6b2dc419ea9ca_shot_001_000,ssim,full,0.56025064
28,840.313232,4d5b044b30051de4f0a6b2dc419ea9ca_shot_001_000,lpips,mouth,0.38592732
28,840.313232,4d5b044b30051de4f0a6b2dc419ea9ca_shot_001_000,lpips,full,0.44559866
28,840.313232,4d5b044b30051de4f0a6b2dc419ea9ca_shot_001_000,sharpness,mouth,6.6301
28,840.313232,4d5b044b30051de4f0a6b2dc419ea9ca_shot_001_000,lmd,mouth,3.814798
29,828.750244,4d5b044b30051de4f0a6b2dc419ea9ca_shot_001_000,pixel_mse,mouth,0.02184991
29,828.750244,4d5b044b30051de4f0a6b2dc419ea9ca_shot_001_000,pixel_mse,full,0.03627854
29,828.750244,4d5b044b30051de4f0a6b2dc419ea9ca_shot_001_000,ssim,mouth,0.51731265
29,828.750244,4d5b044b30051de4f0a6b2dc419ea9ca_shot_001_000,ssim,full,0.56167734
29,828.750244,4d5b044b30051de4f0a6b2dc419ea9ca_shot_001_000,lpips,mouth,0.38468915
29,828.750244,4d5b044b30051de4f0a6b2dc419ea9ca_shot_001_000,lpips,full,0.44709405
29,828.750244,4d5b044b30051de4f0a6b2dc419ea9ca_shot_001_000,sharpness,mouth,6.3875
29,828.750244,4d5b044b30051de4f0a6b2dc419ea9ca_shot_001_000,lmd,mouth,4.153663
30,816.337830,4d5b044b30051de4f0a6b2dc419ea9ca_shot_001_000,pixel_mse,mouth,0.02173024
30,816.337830,4d5b044b30051de4f0a6b2dc419ea9ca_shot_001_000,pixel_mse,full,0.03637825
30,816.337830,4d5b044b30051de4f0a6b2dc419ea9ca_shot_001_000,ssim,mouth,0.51901484
30,816.337830,4d5b044b30051de4f0a6b2dc419ea9ca_shot_001_000,ssim,full,0.56060898
30,816.337830,4d5b044b30051de4f0a6b2dc419ea9ca_shot_001_000,lpips,mouth,0.3859171
30,816.337830,4d5b044b30051de4f0a6b2dc419ea9ca_shot_001_000,lpips,full,0.44606245
30,816.337830,4d5b044b30051de4f0a6b2dc419ea9ca_shot_001_000,sharpness,mouth,6.1937
30,816.337830,4d5b044b30051de4f0a6b2dc419ea9ca_shot_001_000,lmd,mouth,4.114869
31,802.978699,4d5b044b30051de4f0a6b2dc419ea9ca_shot_001_000,pixel_mse,mouth,0.0219527
31,802.978699,4d5b044b30051de4f0a6b2dc419ea9ca_shot_001_000,pixel_mse,full,0.03643767
31,802.978699,4d5b044b30051de4f0a6b2dc419ea9ca_shot_001_000,ssim,mouth,0.51890224
31,802.978699,4d5b044b30051de4f0a6b2dc419ea9ca_shot_001_000,ssim,full,0.5599314
31,802.978699,4d5b044b30051de4f0a6b2dc419ea9ca_shot_001_000,lpips,mouth,0.38549531
31,802.978699,4d5b044b30051de4f0a6b2dc419ea9ca_shot_001_000,lpips,full,0.44708869
31,802.978699,4d5b044b30051de4f0a6b2dc419ea9ca_shot_001_000,sharpness,mouth,6.3771
31,802.978699,4d5b044b30051de4f0a6b2dc419ea9ca_shot_001_000,lmd,mouth,3.967895
32,788.560242,4d5b044b30051de4f0a6b2dc419ea9ca_shot_001_000,pixel_mse,mouth,0.0223746
32,788.560242,4d5b044b30051de4f0a6b2dc419ea9ca_shot_001_000,pixel_mse,full,0.03651579
32,788.560242,4d5b044b30051de4f0a6b2dc419ea9ca_shot_001_000,ssim,mouth,0.51570445
32,788.560242,4d5b044b30051de4f0a6b2dc419ea9ca_shot_001_000,ssim,full,0.560395
32,788.560242,4d5b044b30051de4f0a6b2dc419ea9ca_shot_001_000,lpips,mouth,0.38548341
32,788.560242,4d5b044b30051de4f0a6b2dc419ea9ca_shot_001_000,lpips,full,0.44762176
32,788.560242,4d5b044b30051de4f0a6b2dc419ea9ca_shot_001_000,sharpness,mouth,6.3579
32,788.560242,4d5b044b30051de4f0a6b2dc419ea9ca_shot_001_000,lmd,mouth,4.305316
33,772.951477,4d5b044b30051de4f0a6b2dc419ea9ca_shot_001_000,pixel_mse,mouth,0.02282698
33,772.951477,4d5b044b30051de4f0a6b2dc419ea9ca_shot_001_000,pixel_mse,full,0.0365944
33,772.951477,4d5b044b30051de4f0a6b2dc419ea9ca_shot_001_000,ssim,mouth,0.51636583
33,772.951477,4d5b044b30051de4f0a6b2dc419ea9ca_shot_001_000,ssim,full,0.55976498
33,772.951477,4d5b044b30051de4f0a6b2dc419ea9ca_shot_001_000,lpips,mouth,0.38460273
33,772.951477,4d5b044b30051de4f0a6b2dc419ea9ca_shot_001_000,lpips,full,0.44728997
33,772.951477,4d5b044b30051de4f0a6b2dc419ea9ca_shot_001_000,sharpness,mouth,6.2756
33,772.951477,4d5b044b30051de4f0a6b2dc419ea9ca_shot_001_000,lmd,mouth,3.99671
34,755.998352,4d5b044b30051de4f0a6b2dc419ea9ca_shot_001_000,pixel_mse,mouth,0.02276447
34,755.998352,4d5b044b30051de4f0a6b2dc419ea9ca_shot_001_000,pixel_mse,full,0.03670133
34,755.998352,4d5b044b30051de4f0a6b2dc419ea9ca_shot_001_000,ssim,mouth,0.51429796
34,755.998352,4d5b044b30051de4f0a6b2dc419ea9ca_shot_001_000,ssim,full,0.55836982
34,755.998352,4d5b044b30051de4f0a6b2dc419ea9ca_shot_001_000,lpips,mouth,0.38388878
34,755.998352,4d5b044b30051de4f0a6b2dc419ea9ca_shot_001_000,lpips,full,0.44659951
34,755.998352,4d5b044b30051de4f0a6b2dc419ea9ca_shot_001_000,sharpness,mouth,6.2674
34,755.998352,4d5b044b30051de4f0a6b2dc419ea9ca_shot_001_000,lmd,mouth,3.938657
35,737.519714,4d5b044b30051de4f0a6b2dc419ea9ca_shot_001_000,pixel_mse,mouth,0.02297021
35,737.519714,4d5b044b30051de4f0a6b2dc419ea9ca_shot_001_000,pixel_mse,full,0.03681875
35,737.519714,4d5b044b30051de4f0a6b2dc419ea9ca_shot_001_000,ssim,mouth,0.50985885
35,737.519714,4d5b044b30051de4f0a6b2dc419ea9ca_shot_001_000,ssim,full,0.5571692
35,737.519714,4d5b044b30051de4f0a6b2dc419ea9ca_shot_001_000,lpips,mouth,0.38075331
35,737.519714,4d5b044b30051de4f0a6b2dc419ea9ca_shot_001_000,lpips,full,0.44745183
35,737.519714,4d5b044b30051de4f0a6b2dc419ea9ca_shot_001_000,sharpness,mouth,6.2871
35,737.519714,4d5b044b30051de4f0a6b2dc419ea9ca_shot_001_000,lmd,mouth,3.939465
36,717.299683,4d5b044b30051de4f0a6b2dc419ea9ca_shot_001_000,pixel_mse,mouth,0.02319652
36,717.299683,4d5b044b30051de4f0a6b2dc419ea9ca_shot_001_000,pixel_mse,full,0.03696686
36,717.299683,4d5b044b30051de4f0a6b2dc419ea9ca_shot_001_000,ssim,mouth,0.50469565
36,717.299683,4d5b044b30051de4f0a6b2dc419ea9ca_shot_001_000,ssim,full,0.55622673
36,717.299683,4d5b044b30051de4f0a6b2dc419ea9ca_shot_001_000,lpips,mouth,0.38224205
36,717.299683,4d5b044b30051de4f0a6b2dc419ea9ca_shot_001_000,lpips,full,0.44751155
36,717.299683,4d5b044b30051de4f0a6b2dc419ea9ca_shot_001_000,sharpness,mouth,6.2086
36,717.299683,4d5b044b30051de4f0a6b2dc419ea9ca_shot_001_000,lmd,mouth,4.122476
37,695.080139,4d5b044b30051de4f0a6b2dc419ea9ca_shot_001_000,pixel_mse,mouth,0.02344248
37,695.080139,4d5b044b30051de4f0a6b2dc419ea9ca_shot_001_000,pixel_mse,full,0.0371198
37,695.080139,4d5b044b30051de4f0a6b2dc419ea9ca_shot_001_000,ssim,mouth,0.50337517
37,695.080139,4d5b044b30051de4f0a6b2dc419ea9ca_shot_001_000,ssim,full,0.55554616
37,695.080139,4d5b044b30051de4f0a6b2dc419ea9ca_shot_001_000,lpips,mouth,0.38016042
37,695.080139,4d5b044b30051de4f0a6b2dc419ea9ca_shot_001_000,lpips,full,0.44841927
37,695.080139,4d5b044b30051de4f0a6b2dc419ea9ca_shot_001_000,sharpness,mouth,6.2197
37,695.080139,4d5b044b30051de4f0a6b2dc419ea9ca_shot_001_000,lmd,mouth,4.625892
38,670.548828,4d5b044b30051de4f0a6b2dc419ea9ca_shot_001_000,pixel_mse,mouth,0.0234097
38,670.548828,4d5b044b30051de4f0a6b2dc419ea9ca_shot_001_000,pixel_mse,full,0.03733035
38,670.548828,4d5b044b30051de4f0a6b2dc419ea9ca_shot_001_000,ssim,mouth,0.50269198
38,670.548828,4d5b044b30051de4f0a6b2dc419ea9ca_shot_001_000,ssim,full,0.55398709
38,670.548828,4d5b044b30051de4f0a6b2dc419ea9ca_shot_001_000,lpips,mouth,0.38435301
38,670.548828,4d5b044b30051de4f0a6b2dc419ea9ca_shot_001_000,lpips,full,0.45085499
38,670.548828,4d5b044b30051de4f0a6b2dc419ea9ca_shot_001_000,sharpness,mouth,6.1161
38,670.548828,4d5b044b30051de4f0a6b2dc419ea9ca_shot_001_000,lmd,mouth,4.487635
39,643.325317,4d5b044b30051de4f0a6b2dc419ea9ca_shot_001_000,pixel_mse,mouth,0.02375265
39,643.325317,4d5b044b30051de4f0a6b2dc419ea9ca_shot_001_000,pixel_mse,full,0.03744991
39,643.325317,4d5b044b30051de4f0a6b2dc419ea9ca_shot_001_000,ssim,mouth,0.50343567
39,643.325317,4d5b044b30051de4f0a6b2dc419ea9ca_shot_001_000,ssim,full,0.55276889
39,643.325317,4d5b044b30051de4f0a6b2dc419ea9ca_shot_001_000,lpips,mouth,0.38565996
39,643.325317,4d5b044b30051de4f0a6b2dc419ea9ca_shot_001_000,lpips,full,0.4512583
39,643.325317,4d5b044b30051de4f0a6b2dc419ea9ca_shot_001_000,sharpness,mouth,6.1044
39,643.325317,4d5b044b30051de4f0a6b2dc419ea9ca_shot_001_000,lmd,mouth,4.542407
40,612.940735,4d5b044b30051de4f0a6b2dc419ea9ca_shot_001_000,pixel_mse,mouth,0.02384918
40,612.940735,4d5b044b30051de4f0a6b2dc419ea9ca_shot_001_000,pixel_mse,full,0.03762394
40,612.940735,4d5b044b30051de4f0a6b2dc419ea9ca_shot_001_000,ssim,mouth,0.50442845
40,612.940735,4d5b044b30051de4f0a6b2dc419ea9ca_shot_001_000,ssim,full,0.55120808
40,612.940735,4d5b044b30051de4f0a6b2dc419ea9ca_shot_001_000,lpips,mouth,0.38705584
40,612.940735,4d5b044b30051de4f0a6b2dc419ea9ca_shot_001_000,lpips,full,0.45228025
40,612.940735,4d5b044b30051de4f0a6b2dc419ea9ca_shot_001_000,sharpness,mouth,6.0783
40,612.940735,4d5b044b30051de4f0a6b2dc419ea9ca_shot_001_000,lmd,mouth,4.654439
41,578.810425,4d5b044b30051de4f0a6b2dc419ea9ca_shot_001_000,pixel_mse,mouth,0.02411159
41,578.810425,4d5b044b30051de4f0a6b2dc419ea9ca_shot_001_000,pixel_mse,full,0.03779263
41,578.810425,4d5b044b30051de4f0a6b2dc419ea9ca_shot_001_000,ssim,mouth,0.5033412
41,578.810425,4d5b044b30051de4f0a6b2dc419ea9ca_shot_001_000,ssim,full,0.54832381
41,578.810425,4d5b044b30051de4f0a6b2dc419ea9ca_shot_001_000,lpips,mouth,0.38857391
41,578.810425,4d5b044b30051de4f0a6b2dc419ea9ca_shot_001_000,lpips,full,0.4530884
41,578.810425,4d5b044b30051de4f0a6b2dc419ea9ca_shot_001_000,sharpness,mouth,6.1364
41,578.810425,4d5b044b30051de4f0a6b2dc419ea9ca_shot_001_000,lmd,mouth,4.708949
42,540.196350,4d5b044b30051de4f0a6b2dc419ea9ca_shot_001_000,pixel_mse,mouth,0.02433888
42,540.196350,4d5b044b30051de4f0a6b2dc419ea9ca_shot_001_000,pixel_mse,full,0.03799405
42,540.196350,4d5b044b30051de4f0a6b2dc419ea9ca_shot_001_000,ssim,mouth,0.50128537
42,540.196350,4d5b044b30051de4f0a6b2dc419ea9ca_shot_001_000,ssim,full,0.54545617
42,540.196350,4d5b044b30051de4f0a6b2dc419ea9ca_shot_001_000,lpips,mouth,0.38662502
42,540.196350,4d5b044b30051de4f0a6b2dc419ea9ca_shot_001_000,lpips,full,0.4542
42,540.196350,4d5b044b30051de4f0a6b2dc419ea9ca_shot_001_000,sharpness,mouth,6.1998
42,540.196350,4d5b044b30051de4f0a6b2dc419ea9ca_shot_001_000,lmd,mouth,4.678195
43,496.152893,4d5b044b30051de4f0a6b2dc419ea9ca_shot_001_000,pixel_mse,mouth,0.02469352
43,496.152893,4d5b044b30051de4f0a6b2dc419ea9ca_shot_001_000,pixel_mse,full,0.03826262
43,496.152893,4d5b044b30051de4f0a6b2dc419ea9ca_shot_001_000,ssim,mouth,0.49847355
43,496.152893,4d5b044b30051de4f0a6b2dc419ea9ca_shot_001_000,ssim,full,0.54164714
43,496.152893,4d5b044b30051de4f0a6b2dc419ea9ca_shot_001_000,lpips,mouth,0.38258091
43,496.152893,4d5b044b30051de4f0a6b2dc419ea9ca_shot_001_000,lpips,full,0.45545146
43,496.152893,4d5b044b30051de4f0a6b2dc419ea9ca_shot_001_000,sharpness,mouth,6.1657
43,496.152893,4d5b044b30051de4f0a6b2dc419ea9ca_shot_001_000,lmd,mouth,4.611158
44,445.448151,4d5b044b30051de4f0a6b2dc419ea9ca_shot_001_000,pixel_mse,mouth,0.0247793
44,445.448151,4d5b044b30051de4f0a6b2dc419ea9ca_shot_001_000,pixel_mse,full,0.03854558
44,445.448151,4d5b044b30051de4f0a6b2dc419ea9ca_shot_001_000,ssim,mouth,0.49821585
44,445.448151,4d5b044b30051de4f0a6b2dc419ea9ca_shot_001_000,ssim,full,0.5383721
44,445.448151,4d5b044b30051de4f0a6b2dc419ea9ca_shot_001_000,lpips,mouth,0.38360459
44,445.448151,4d5b044b30051de4f0a6b2dc419ea9ca_shot_001_000,lpips,full,0.45653313
44,445.448151,4d5b044b30051de4f0a6b2dc419ea9ca_shot_001_000,sharpness,mouth,6.2507
44,445.448151,4d5b044b30051de4f0a6b2dc419ea9ca_shot_001_000,lmd,mouth,4.773482
45,386.447418,4d5b044b30051de4f0a6b2dc419ea9ca_shot_001_000,pixel_mse,mouth,0.02492441
45,386.447418,4d5b044b30051de4f0a6b2dc419ea9ca_shot_001_000,pixel_mse,full,0.03873862
45,386.447418,4d5b044b30051de4f0a6b2dc419ea9ca_shot_001_000,ssim,mouth,0.49692023
45,386.447418,4d5b044b30051de4f0a6b2dc419ea9ca_shot_001_000,ssim,full,0.53498536
45,386.447418,4d5b044b30051de4f0a6b2dc419ea9ca_shot_001_000,lpips,mouth,0.38398632
45,386.447418,4d5b044b30051de4f0a6b2dc419ea9ca_shot_001_000,lpips,full,0.45788056
45,386.447418,4d5b044b30051de4f0a6b2dc419ea9ca_shot_001_000,sharpness,mouth,6.2715
45,386.447418,4d5b044b30051de4f0a6b2dc419ea9ca_shot_001_000,lmd,mouth,4.432565
46,316.933258,4d5b044b30051de4f0a6b2dc419ea9ca_shot_001_000,pixel_mse,mouth,0.02530513
46,316.933258,4d5b044b30051de4f0a6b2dc419ea9ca_shot_001_000,pixel_mse,full,0.03890903
46,316.933258,4d5b044b30051de4f0a6b2dc419ea9ca_shot_001_000,ssim,mouth,0.49326456
46,316.933258,4d5b044b30051de4f0a6b2dc419ea9ca_shot_001_000,ssim,full,0.53144938
46,316.933258,4d5b044b30051de4f0a6b2dc419ea9ca_shot_001_000,lpips,mouth,0.38401657
46,316.933258,4d5b044b30051de4f0a6b2dc419ea9ca_shot_001_000,lpips,full,0.45929784
46,316.933258,4d5b044b30051de4f0a6b2dc419ea9ca_shot_001_000,sharpness,mouth,6.2157
46,316.933258,4d5b044b30051de4f0a6b2dc419ea9ca_shot_001_000,lmd,mouth,4.523038
47,233.820694,4d5b044b30051de4f0a6b2dc419ea9ca_shot_001_000,pixel_mse,mouth,0.02571926
47,233.820694,4d5b044b30051de4f0a6b2dc419ea9ca_shot_001_000,pixel_mse,full,0.03909175
47,233.820694,4d5b044b30051de4f0a6b2dc419ea9ca_shot_001_000,ssim,mouth,0.48879138
47,233.820694,4d5b044b30051de4f0a6b2dc419ea9ca_shot_001_000,ssim,full,0.52679789
47,233.820694,4d5b044b30051de4f0a6b2dc419ea9ca_shot_001_000,lpips,mouth,0.38220736
47,233.820694,4d5b044b30051de4f0a6b2dc419ea9ca_shot_001_000,lpips,full,0.45984197
47,233.820694,4d5b044b30051de4f0a6b2dc419ea9ca_shot_001_000,sharpness,mouth,6.0889
47,233.820694,4d5b044b30051de4f0a6b2dc419ea9ca_shot_001_000,lmd,mouth,5.132747
48,132.687027,4d5b044b30051de4f0a6b2dc419ea9ca_shot_001_000,pixel_mse,mouth,0.0262186
48,132.687027,4d5b044b30051de4f0a6b2dc419ea9ca_shot_001_000,pixel_mse,full,0.03922208
48,132.687027,4d5b044b30051de4f0a6b2dc419ea9ca_shot_001_000,ssim,mouth,0.48584089
48,132.687027,4d5b044b30051de4f0a6b2dc419ea9ca_shot_001_000,ssim,full,0.52165073
48,132.687027,4d5b044b30051de4f0a6b2dc419ea9ca_shot_001_000,lpips,mouth,0.38236609
48,132.687027,4d5b044b30051de4f0a6b2dc419ea9ca_shot_001_000,lpips,full,0.45963109
48,132.687027,4d5b044b30051de4f0a6b2dc419ea9ca_shot_001_000,sharpness,mouth,6.3147
48,132.687027,4d5b044b30051de4f0a6b2dc419ea9ca_shot_001_000,lmd,mouth,4.425888
49,6.958251,4d5b044b30051de4f0a6b2dc419ea9ca_shot_001_000,pixel_mse,mouth,0.02674957
49,6.958251,4d5b044b30051de4f0a6b2dc419ea9ca_shot_001_000,pixel_mse,full,0.03939913
49,6.958251,4d5b044b30051de4f0a6b2dc419ea9ca_shot_001_000,ssim,mouth,0.48117676
49,6.958251,4d5b044b30051de4f0a6b2dc419ea9ca_shot_001_000,ssim,full,0.51423407
49,6.958251,4d5b044b30051de4f0a6b2dc419ea9ca_shot_001_000,lpips,mouth,0.38153863
49,6.958251,4d5b044b30051de4f0a6b2dc419ea9ca_shot_001_000,lpips,full,0.45824912
49,6.958251,4d5b044b30051de4f0a6b2dc419ea9ca_shot_001_000,sharpness,mouth,6.1637
49,6.958251,4d5b044b30051de4f0a6b2dc419ea9ca_shot_001_000,lmd,mouth,4.496493
-1,gt,ecb359eb6753b3b64a027f66d912892e_shot_001_000,sharpness,mouth,98.9313
-1,gt,ecb359eb6753b3b64a027f66d912892e_shot_001_000,sync_d,mouth,7.469956
-1,gt,ecb359eb6753b3b64a027f66d912892e_shot_001_000,sync_c,mouth,8.065294
0,1000.000000,ecb359eb6753b3b64a027f66d912892e_shot_001_000,pixel_mse,mouth,0.04767346
0,1000.000000,ecb359eb6753b3b64a027f66d912892e_shot_001_000,pixel_mse,full,0.01311584
0,1000.000000,ecb359eb6753b3b64a027f66d912892e_shot_001_000,ssim,mouth,0.4717963
0,1000.000000,ecb359eb6753b3b64a027f66d912892e_shot_001_000,ssim,full,0.71919733
0,1000.000000,ecb359eb6753b3b64a027f66d912892e_shot_001_000,lpips,mouth,0.48798305
0,1000.000000,ecb359eb6753b3b64a027f66d912892e_shot_001_000,lpips,full,0.30094054
0,1000.000000,ecb359eb6753b3b64a027f66d912892e_shot_001_000,sharpness,mouth,267.5794
0,1000.000000,ecb359eb6753b3b64a027f66d912892e_shot_001_000,lmd,mouth,6.936819
0,1000.000000,ecb359eb6753b3b64a027f66d912892e_shot_001_000,sync_d,mouth,11.099584
0,1000.000000,ecb359eb6753b3b64a027f66d912892e_shot_001_000,sync_c,mouth,3.962812
1,997.035706,ecb359eb6753b3b64a027f66d912892e_shot_001_000,pixel_mse,mouth,0.05185923
1,997.035706,ecb359eb6753b3b64a027f66d912892e_shot_001_000,pixel_mse,full,0.01120074
1,997.035706,ecb359eb6753b3b64a027f66d912892e_shot_001_000,ssim,mouth,0.43994132
1,997.035706,ecb359eb6753b3b64a027f66d912892e_shot_001_000,ssim,full,0.75529265
1,997.035706,ecb359eb6753b3b64a027f66d912892e_shot_001_000,lpips,mouth,0.51253319
1,997.035706,ecb359eb6753b3b64a027f66d912892e_shot_001_000,lpips,full,0.28006968
1,997.035706,ecb359eb6753b3b64a027f66d912892e_shot_001_000,sharpness,mouth,385.9086
1,997.035706,ecb359eb6753b3b64a027f66d912892e_shot_001_000,lmd,mouth,6.347638
1,997.035706,ecb359eb6753b3b64a027f66d912892e_shot_001_000,sync_d,mouth,9.911902
1,997.035706,ecb359eb6753b3b64a027f66d912892e_shot_001_000,sync_c,mouth,5.188897
2,993.963867,ecb359eb6753b3b64a027f66d912892e_shot_001_000,pixel_mse,mouth,0.05277204
2,993.963867,ecb359eb6753b3b64a027f66d912892e_shot_001_000,pixel_mse,full,0.01098775
2,993.963867,ecb359eb6753b3b64a027f66d912892e_shot_001_000,ssim,mouth,0.45637083
2,993.963867,ecb359eb6753b3b64a027f66d912892e_shot_001_000,ssim,full,0.77383155
2,993.963867,ecb359eb6753b3b64a027f66d912892e_shot_001_000,lpips,mouth,0.50440884
2,993.963867,ecb359eb6753b3b64a027f66d912892e_shot_001_000,lpips,full,0.27647191
2,993.963867,ecb359eb6753b3b64a027f66d912892e_shot_001_000,sharpness,mouth,233.2664
2,993.963867,ecb359eb6753b3b64a027f66d912892e_shot_001_000,lmd,mouth,6.403677
2,993.963867,ecb359eb6753b3b64a027f66d912892e_shot_001_000,sync_d,mouth,8.986771
2,993.963867,ecb359eb6753b3b64a027f66d912892e_shot_001_000,sync_c,mouth,6.19558
3,990.779053,ecb359eb6753b3b64a027f66d912892e_shot_001_000,pixel_mse,mouth,0.06201848
3,990.779053,ecb359eb6753b3b64a027f66d912892e_shot_001_000,pixel_mse,full,0.01185362
3,990.779053,ecb359eb6753b3b64a027f66d912892e_shot_001_000,ssim,mouth,0.44339499
3,990.779053,ecb359eb6753b3b64a027f66d912892e_shot_001_000,ssim,full,0.77450448
3,990.779053,ecb359eb6753b3b64a027f66d912892e_shot_001_000,lpips,mouth,0.48342758
3,990.779053,ecb359eb6753b3b64a027f66d912892e_shot_001_000,lpips,full,0.26452821
3,990.779053,ecb359eb6753b3b64a027f66d912892e_shot_001_000,sharpness,mouth,208.7244
3,990.779053,ecb359eb6753b3b64a027f66d912892e_shot_001_000,lmd,mouth,6.878931
3,990.779053,ecb359eb6753b3b64a027f66d912892e_shot_001_000,sync_d,mouth,7.656099
3,990.779053,ecb359eb6753b3b64a027f66d912892e_shot_001_000,sync_c,mouth,7.704294
4,987.474243,ecb359eb6753b3b64a027f66d912892e_shot_001_000,pixel_mse,mouth,0.07247745
4,987.474243,ecb359eb6753b3b64a027f66d912892e_shot_001_000,pixel_mse,full,0.01279998
4,987.474243,ecb359eb6753b3b64a027f66d912892e_shot_001_000,ssim,mouth,0.41397908
4,987.474243,ecb359eb6753b3b64a027f66d912892e_shot_001_000,ssim,full,0.76762211
4,987.474243,ecb359eb6753b3b64a027f66d912892e_shot_001_000,lpips,mouth,0.47317082
4,987.474243,ecb359eb6753b3b64a027f66d912892e_shot_001_000,lpips,full,0.25465074
4,987.474243,ecb359eb6753b3b64a027f66d912892e_shot_001_000,sharpness,mouth,224.9768
4,987.474243,ecb359eb6753b3b64a027f66d912892e_shot_001_000,lmd,mouth,7.171847
4,987.474243,ecb359eb6753b3b64a027f66d912892e_shot_001_000,sync_d,mouth,7.299273
4,987.474243,ecb359eb6753b3b64a027f66d912892e_shot_001_000,sync_c,mouth,7.57132
5,984.043091,ecb359eb6753b3b64a027f66d912892e_shot_001_000,pixel_mse,mouth,0.07509408
5,984.043091,ecb359eb6753b3b64a027f66d912892e_shot_001_000,pixel_mse,full,0.01328829
5,984.043091,ecb359eb6753b3b64a027f66d912892e_shot_001_000,ssim,mouth,0.39973101
5,984.043091,ecb359eb6753b3b64a027f66d912892e_shot_001_000,ssim,full,0.75988996
5,984.043091,ecb359eb6753b3b64a027f66d912892e_shot_001_000,lpips,mouth,0.46496686
5,984.043091,ecb359eb6753b3b64a027f66d912892e_shot_001_000,lpips,full,0.25277781
5,984.043091,ecb359eb6753b3b64a027f66d912892e_shot_001_000,sharpness,mouth,240.0642
5,984.043091,ecb359eb6753b3b64a027f66d912892e_shot_001_000,lmd,mouth,7.127397
5,984.043091,ecb359eb6753b3b64a027f66d912892e_shot_001_000,sync_d,mouth,7.203998
5,984.043091,ecb359eb6753b3b64a027f66d912892e_shot_001_000,sync_c,mouth,7.575115
6,980.477844,ecb359eb6753b3b64a027f66d912892e_shot_001_000,pixel_mse,mouth,0.07581427
6,980.477844,ecb359eb6753b3b64a027f66d912892e_shot_001_000,pixel_mse,full,0.01337108
6,980.477844,ecb359eb6753b3b64a027f66d912892e_shot_001_000,ssim,mouth,0.39061305
6,980.477844,ecb359eb6753b3b64a027f66d912892e_shot_001_000,ssim,full,0.75673109
6,980.477844,ecb359eb6753b3b64a027f66d912892e_shot_001_000,lpips,mouth,0.45730528
6,980.477844,ecb359eb6753b3b64a027f66d912892e_shot_001_000,lpips,full,0.24744156
6,980.477844,ecb359eb6753b3b64a027f66d912892e_shot_001_000,sharpness,mouth,297.1493
6,980.477844,ecb359eb6753b3b64a027f66d912892e_shot_001_000,lmd,mouth,6.996311
6,980.477844,ecb359eb6753b3b64a027f66d912892e_shot_001_000,sync_d,mouth,7.252501
6,980.477844,ecb359eb6753b3b64a027f66d912892e_shot_001_000,sync_c,mouth,7.818226
7,976.770691,ecb359eb6753b3b64a027f66d912892e_shot_001_000,pixel_mse,mouth,0.06875491
7,976.770691,ecb359eb6753b3b64a027f66d912892e_shot_001_000,pixel_mse,full,0.01257037
7,976.770691,ecb359eb6753b3b64a027f66d912892e_shot_001_000,ssim,mouth,0.40117067
7,976.770691,ecb359eb6753b3b64a027f66d912892e_shot_001_000,ssim,full,0.75849611
7,976.770691,ecb359eb6753b3b64a027f66d912892e_shot_001_000,lpips,mouth,0.45432338
7,976.770691,ecb359eb6753b3b64a027f66d912892e_shot_001_000,lpips,full,0.24201819
7,976.770691,ecb359eb6753b3b64a027f66d912892e_shot_001_000,sharpness,mouth,415.3963
7,976.770691,ecb359eb6753b3b64a027f66d912892e_shot_001_000,lmd,mouth,6.874427
7,976.770691,ecb359eb6753b3b64a027f66d912892e_shot_001_000,sync_d,mouth,7.347876
7,976.770691,ecb359eb6753b3b64a027f66d912892e_shot_001_000,sync_c,mouth,7.996397
8,972.912842,ecb359eb6753b3b64a027f66d912892e_shot_001_000,pixel_mse,mouth,0.06295027
8,972.912842,ecb359eb6753b3b64a027f66d912892e_shot_001_000,pixel_mse,full,0.01197416
8,972.912842,ecb359eb6753b3b64a027f66d912892e_shot_001_000,ssim,mouth,0.41659862
8,972.912842,ecb359eb6753b3b64a027f66d912892e_shot_001_000,ssim,full,0.75983864
8,972.912842,ecb359eb6753b3b64a027f66d912892e_shot_001_000,lpips,mouth,0.44382876
8,972.912842,ecb359eb6753b3b64a027f66d912892e_shot_001_000,lpips,full,0.23889056
8,972.912842,ecb359eb6753b3b64a027f66d912892e_shot_001_000,sharpness,mouth,336.2327
8,972.912842,ecb359eb6753b3b64a027f66d912892e_shot_001_000,lmd,mouth,6.974574
8,972.912842,ecb359eb6753b3b64a027f66d912892e_shot_001_000,sync_d,mouth,7.369927
8,972.912842,ecb359eb6753b3b64a027f66d912892e_shot_001_000,sync_c,mouth,8.208601
9,968.895081,ecb359eb6753b3b64a027f66d912892e_shot_001_000,pixel_mse,mouth,0.06200236
9,968.895081,ecb359eb6753b3b64a027f66d912892e_shot_001_000,pixel_mse,full,0.01201439
9,968.895081,ecb359eb6753b3b64a027f66d912892e_shot_001_000,ssim,mouth,0.4156628
9,968.895081,ecb359eb6753b3b64a027f66d912892e_shot_001_000,ssim,full,0.75760841
9,968.895081,ecb359eb6753b3b64a027f66d912892e_shot_001_000,lpips,mouth,0.43132406
9,968.895081,ecb359eb6753b3b64a027f66d912892e_shot_001_000,lpips,full,0.23995379
9,968.895081,ecb359eb6753b3b64a027f66d912892e_shot_001_000,sharpness,mouth,278.7126
9,968.895081,ecb359eb6753b3b64a027f66d912892e_shot_001_000,lmd,mouth,6.686719
9,968.895081,ecb359eb6753b3b64a027f66d912892e_shot_001_000,sync_d,mouth,7.239572
9,968.895081,ecb359eb6753b3b64a027f66d912892e_shot_001_000,sync_c,mouth,8.593454
10,964.707153,ecb359eb6753b3b64a027f66d912892e_shot_001_000,pixel_mse,mouth,0.07281211
10,964.707153,ecb359eb6753b3b64a027f66d912892e_shot_001_000,pixel_mse,full,0.01817982
10,964.707153,ecb359eb6753b3b64a027f66d912892e_shot_001_000,ssim,mouth,0.38498631
10,964.707153,ecb359eb6753b3b64a027f66d912892e_shot_001_000,ssim,full,0.72006559
10,964.707153,ecb359eb6753b3b64a027f66d912892e_shot_001_000,lpips,mouth,0.42524761
10,964.707153,ecb359eb6753b3b64a027f66d912892e_shot_001_000,lpips,full,0.26287356
10,964.707153,ecb359eb6753b3b64a027f66d912892e_shot_001_000,sharpness,mouth,232.1684
10,964.707153,ecb359eb6753b3b64a027f66d912892e_shot_001_000,lmd,mouth,6.501989
10,964.707153,ecb359eb6753b3b64a027f66d912892e_shot_001_000,sync_d,mouth,7.085978
10,964.707153,ecb359eb6753b3b64a027f66d912892e_shot_001_000,sync_c,mouth,8.65583
11,960.337952,ecb359eb6753b3b64a027f66d912892e_shot_001_000,pixel_mse,mouth,0.08475804
11,960.337952,ecb359eb6753b3b64a027f66d912892e_shot_001_000,pixel_mse,full,0.01946796
11,960.337952,ecb359eb6753b3b64a027f66d912892e_shot_001_000,ssim,mouth,0.35705456
11,960.337952,ecb359eb6753b3b64a027f66d912892e_shot_001_000,ssim,full,0.71078491
11,960.337952,ecb359eb6753b3b64a027f66d912892e_shot_001_000,lpips,mouth,0.43046278
11,960.337952,ecb359eb6753b3b64a027f66d912892e_shot_001_000,lpips,full,0.2617228
11,960.337952,ecb359eb6753b3b64a027f66d912892e_shot_001_000,sharpness,mouth,256.8147
11,960.337952,ecb359eb6753b3b64a027f66d912892e_shot_001_000,lmd,mouth,6.351107
11,960.337952,ecb359eb6753b3b64a027f66d912892e_shot_001_000,sync_d,mouth,7.080541
11,960.337952,ecb359eb6753b3b64a027f66d912892e_shot_001_000,sync_c,mouth,8.843914
12,955.775635,ecb359eb6753b3b64a027f66d912892e_shot_001_000,pixel_mse,mouth,0.0769886
12,955.775635,ecb359eb6753b3b64a027f66d912892e_shot_001_000,pixel_mse,full,0.01556203
12,955.775635,ecb359eb6753b3b64a027f66d912892e_shot_001_000,ssim,mouth,0.36518124
12,955.775635,ecb359eb6753b3b64a027f66d912892e_shot_001_000,ssim,full,0.70457405
12,955.775635,ecb359eb6753b3b64a027f66d912892e_shot_001_000,lpips,mouth,0.42657575
12,955.775635,ecb359eb6753b3b64a027f66d912892e_shot_001_000,lpips,full,0.24652332
12,955.775635,ecb359eb6753b3b64a027f66d912892e_shot_001_000,sharpness,mouth,397.3448
12,955.775635,ecb359eb6753b3b64a027f66d912892e_shot_001_000,lmd,mouth,6.042957
12,955.775635,ecb359eb6753b3b64a027f66d912892e_shot_001_000,sync_d,mouth,6.909659
12,955.775635,ecb359eb6753b3b64a027f66d912892e_shot_001_000,sync_c,mouth,8.693575
13,951.006897,ecb359eb6753b3b64a027f66d912892e_shot_001_000,pixel_mse,mouth,0.07476713
13,951.006897,ecb359eb6753b3b64a027f66d912892e_shot_001_000,pixel_mse,full,0.01558981
13,951.006897,ecb359eb6753b3b64a027f66d912892e_shot_001_000,ssim,mouth,0.37546194
13,951.006897,ecb359eb6753b3b64a027f66d912892e_shot_001_000,ssim,full,0.71146125
13,951.006897,ecb359eb6753b3b64a027f66d912892e_shot_001_000,lpips,mouth,0.42369062
13,951.006897,ecb359eb6753b3b64a027f66d912892e_shot_001_000,lpips,full,0.24262761
13,951.006897,ecb359eb6753b3b64a027f66d912892e_shot_001_000,sharpness,mouth,329.4187
13,951.006897,ecb359eb6753b3b64a027f66d912892e_shot_001_000,lmd,mouth,6.230178
13,951.006897,ecb359eb6753b3b64a027f66d912892e_shot_001_000,sync_d,mouth,6.67774
13,951.006897,ecb359eb6753b3b64a027f66d912892e_shot_001_000,sync_c,mouth,8.925674
14,946.017517,ecb359eb6753b3b64a027f66d912892e_shot_001_000,pixel_mse,mouth,0.07683229
14,946.017517,ecb359eb6753b3b64a027f66d912892e_shot_001_000,pixel_mse,full,0.01570576
14,946.017517,ecb359eb6753b3b64a027f66d912892e_shot_001_000,ssim,mouth,0.37795299
14,946.017517,ecb359eb6753b3b64a027f66d912892e_shot_001_000,ssim,full,0.70851433
14,946.017517,ecb359eb6753b3b64a027f66d912892e_shot_001_000,lpips,mouth,0.43797678
14,946.017517,ecb359eb6753b3b64a027f66d912892e_shot_001_000,lpips,full,0.24296685
14,946.017517,ecb359eb6753b3b64a027f66d912892e_shot_001_000,sharpness,mouth,292.2353
14,946.017517,ecb359eb6753b3b64a027f66d912892e_shot_001_000,lmd,mouth,6.16059
14,946.017517,ecb359eb6753b3b64a027f66d912892e_shot_001_000,sync_d,mouth,7.382935
14,946.017517,ecb359eb6753b3b64a027f66d912892e_shot_001_000,sync_c,mouth,8.32193
15,940.791870,ecb359eb6753b3b64a027f66d912892e_shot_001_000,pixel_mse,mouth,0.07023406
15,940.791870,ecb359eb6753b3b64a027f66d912892e_shot_001_000,pixel_mse,full,0.01517023
15,940.791870,ecb359eb6753b3b64a027f66d912892e_shot_001_000,ssim,mouth,0.39632511
15,940.791870,ecb359eb6753b3b64a027f66d912892e_shot_001_000,ssim,full,0.71771765
15,940.791870,ecb359eb6753b3b64a027f66d912892e_shot_001_000,lpips,mouth,0.4303059
15,940.791870,ecb359eb6753b3b64a027f66d912892e_shot_001_000,lpips,full,0.24300316
15,940.791870,ecb359eb6753b3b64a027f66d912892e_shot_001_000,sharpness,mouth,239.6773
15,940.791870,ecb359eb6753b3b64a027f66d912892e_shot_001_000,lmd,mouth,6.247693
15,940.791870,ecb359eb6753b3b64a027f66d912892e_shot_001_000,sync_d,mouth,7.541315
15,940.791870,ecb359eb6753b3b64a027f66d912892e_shot_001_000,sync_c,mouth,8.308124
16,935.312622,ecb359eb6753b3b64a027f66d912892e_shot_001_000,pixel_mse,mouth,0.06551141
16,935.312622,ecb359eb6753b3b64a027f66d912892e_shot_001_000,pixel_mse,full,0.01460423
16,935.312622,ecb359eb6753b3b64a027f66d912892e_shot_001_000,ssim,mouth,0.40727988
16,935.312622,ecb359eb6753b3b64a027f66d912892e_shot_001_000,ssim,full,0.71675974
16,935.312622,ecb359eb6753b3b64a027f66d912892e_shot_001_000,lpips,mouth,0.42504674
16,935.312622,ecb359eb6753b3b64a027f66d912892e_shot_001_000,lpips,full,0.24876945
16,935.312622,ecb359eb6753b3b64a027f66d912892e_shot_001_000,sharpness,mouth,225.1819
16,935.312622,ecb359eb6753b3b64a027f66d912892e_shot_001_000,lmd,mouth,6.70663
16,935.312622,ecb359eb6753b3b64a027f66d912892e_shot_001_000,sync_d,mouth,7.798337
16,935.312622,ecb359eb6753b3b64a027f66d912892e_shot_001_000,sync_c,mouth,8.18741
17,929.560913,ecb359eb6753b3b64a027f66d912892e_shot_001_000,pixel_mse,mouth,0.06526284
17,929.560913,ecb359eb6753b3b64a027f66d912892e_shot_001_000,pixel_mse,full,0.01479475
17,929.560913,ecb359eb6753b3b64a027f66d912892e_shot_001_000,ssim,mouth,0.40666303
17,929.560913,ecb359eb6753b3b64a027f66d912892e_shot_001_000,ssim,full,0.71322465
17,929.560913,ecb359eb6753b3b64a027f66d912892e_shot_001_000,lpips,mouth,0.41898981
17,929.560913,ecb359eb6753b3b64a027f66d912892e_shot_001_000,lpips,full,0.24979255
17,929.560913,ecb359eb6753b3b64a027f66d912892e_shot_001_000,sharpness,mouth,214.8109
17,929.560913,ecb359eb6753b3b64a027f66d912892e_shot_001_000,lmd,mouth,6.91199
17,929.560913,ecb359eb6753b3b64a027f66d912892e_shot_001_000,sync_d,mouth,7.721946
17,929.560913,ecb359eb6753b3b64a027f66d912892e_shot_001_000,sync_c,mouth,8.425399
18,923.515991,ecb359eb6753b3b64a027f66d912892e_shot_001_000,pixel_mse,mouth,0.06322018
18,923.515991,ecb359eb6753b3b64a027f66d912892e_shot_001_000,pixel_mse,full,0.01470413
18,923.515991,ecb359eb6753b3b64a027f66d912892e_shot_001_000,ssim,mouth,0.41299602
18,923.515991,ecb359eb6753b3b64a027f66d912892e_shot_001_000,ssim,full,0.714598
18,923.515991,ecb359eb6753b3b64a027f66d912892e_shot_001_000,lpips,mouth,0.41795591
18,923.515991,ecb359eb6753b3b64a027f66d912892e_shot_001_000,lpips,full,0.24983403
18,923.515991,ecb359eb6753b3b64a027f66d912892e_shot_001_000,sharpness,mouth,207.6025
18,923.515991,ecb359eb6753b3b64a027f66d912892e_shot_001_000,lmd,mouth,6.668253
18,923.515991,ecb359eb6753b3b64a027f66d912892e_shot_001_000,sync_d,mouth,7.728011
18,923.515991,ecb359eb6753b3b64a027f66d912892e_shot_001_000,sync_c,mouth,8.521094
19,917.154785,ecb359eb6753b3b64a027f66d912892e_shot_001_000,pixel_mse,mouth,0.05261466
19,917.154785,ecb359eb6753b3b64a027f66d912892e_shot_001_000,pixel_mse,full,0.01340925
19,917.154785,ecb359eb6753b3b64a027f66d912892e_shot_001_000,ssim,mouth,0.44546884
19,917.154785,ecb359eb6753b3b64a027f66d912892e_shot_001_000,ssim,full,0.71883863
19,917.154785,ecb359eb6753b3b64a027f66d912892e_shot_001_000,lpips,mouth,0.40757209
19,917.154785,ecb359eb6753b3b64a027f66d912892e_shot_001_000,lpips,full,0.24901292
19,917.154785,ecb359eb6753b3b64a027f66d912892e_shot_001_000,sharpness,mouth,178.4209
19,917.154785,ecb359eb6753b3b64a027f66d912892e_shot_001_000,lmd,mouth,6.826875
19,917.154785,ecb359eb6753b3b64a027f66d912892e_shot_001_000,sync_d,mouth,7.924482
19,917.154785,ecb359eb6753b3b64a027f66d912892e_shot_001_000,sync_c,mouth,8.128101
20,910.451721,ecb359eb6753b3b64a027f66d912892e_shot_001_000,pixel_mse,mouth,0.04757998
20,910.451721,ecb359eb6753b3b64a027f66d912892e_shot_001_000,pixel_mse,full,0.01282306
20,910.451721,ecb359eb6753b3b64a027f66d912892e_shot_001_000,ssim,mouth,0.4608424
20,910.451721,ecb359eb6753b3b64a027f66d912892e_shot_001_000,ssim,full,0.7211346
20,910.451721,ecb359eb6753b3b64a027f66d912892e_shot_001_000,lpips,mouth,0.40694273
20,910.451721,ecb359eb6753b3b64a027f66d912892e_shot_001_000,lpips,full,0.24888541
20,910.451721,ecb359eb6753b3b64a027f66d912892e_shot_001_000,sharpness,mouth,185.9998
20,910.451721,ecb359eb6753b3b64a027f66d912892e_shot_001_000,lmd,mouth,6.82426
20,910.451721,ecb359eb6753b3b64a027f66d912892e_shot_001_000,sync_d,mouth,8.028927
20,910.451721,ecb359eb6753b3b64a027f66d912892e_shot_001_000,sync_c,mouth,7.689234
21,903.378723,ecb359eb6753b3b64a027f66d912892e_shot_001_000,pixel_mse,mouth,0.04609977
21,903.378723,ecb359eb6753b3b64a027f66d912892e_shot_001_000,pixel_mse,full,0.01248262
21,903.378723,ecb359eb6753b3b64a027f66d912892e_shot_001_000,ssim,mouth,0.46006757
21,903.378723,ecb359eb6753b3b64a027f66d912892e_shot_001_000,ssim,full,0.72349066
21,903.378723,ecb359eb6753b3b64a027f66d912892e_shot_001_000,lpips,mouth,0.41041985
21,903.378723,ecb359eb6753b3b64a027f66d912892e_shot_001_000,lpips,full,0.2507194
21,903.378723,ecb359eb6753b3b64a027f66d912892e_shot_001_000,sharpness,mouth,160.7419
21,903.378723,ecb359eb6753b3b64a027f66d912892e_shot_001_000,lmd,mouth,6.875165
21,903.378723,ecb359eb6753b3b64a027f66d912892e_shot_001_000,sync_d,mouth,8.185369
21,903.378723,ecb359eb6753b3b64a027f66d912892e_shot_001_000,sync_c,mouth,7.448185
22,895.903931,ecb359eb6753b3b64a027f66d912892e_shot_001_000,pixel_mse,mouth,0.04515564
22,895.903931,ecb359eb6753b3b64a027f66d912892e_shot_001_000,pixel_mse,full,0.01242413
22,895.903931,ecb359eb6753b3b64a027f66d912892e_shot_001_000,ssim,mouth,0.45958692
22,895.903931,ecb359eb6753b3b64a027f66d912892e_shot_001_000,ssim,full,0.72638267
22,895.903931,ecb359eb6753b3b64a027f66d912892e_shot_001_000,lpips,mouth,0.42362386
22,895.903931,ecb359eb6753b3b64a027f66d912892e_shot_001_000,lpips,full,0.25287965
22,895.903931,ecb359eb6753b3b64a027f66d912892e_shot_001_000,sharpness,mouth,168.9327
22,895.903931,ecb359eb6753b3b64a027f66d912892e_shot_001_000,lmd,mouth,6.950904
22,895.903931,ecb359eb6753b3b64a027f66d912892e_shot_001_000,sync_d,mouth,7.911704
22,895.903931,ecb359eb6753b3b64a027f66d912892e_shot_001_000,sync_c,mouth,7.829484
23,887.992493,ecb359eb6753b3b64a027f66d912892e_shot_001_000,pixel_mse,mouth,0.04590616
23,887.992493,ecb359eb6753b3b64a027f66d912892e_shot_001_000,pixel_mse,full,0.0123936
23,887.992493,ecb359eb6753b3b64a027f66d912892e_shot_001_000,ssim,mouth,0.4602195
23,887.992493,ecb359eb6753b3b64a027f66d912892e_shot_001_000,ssim,full,0.72835845
23,887.992493,ecb359eb6753b3b64a027f66d912892e_shot_001_000,lpips,mouth,0.43776345
23,887.992493,ecb359eb6753b3b64a027f66d912892e_shot_001_000,lpips,full,0.25521025
23,887.992493,ecb359eb6753b3b64a027f66d912892e_shot_001_000,sharpness,mouth,174.9652
23,887.992493,ecb359eb6753b3b64a027f66d912892e_shot_001_000,lmd,mouth,6.728585
23,887.992493,ecb359eb6753b3b64a027f66d912892e_shot_001_000,sync_d,mouth,8.11188
23,887.992493,ecb359eb6753b3b64a027f66d912892e_shot_001_000,sync_c,mouth,7.74307
24,879.604736,ecb359eb6753b3b64a027f66d912892e_shot_001_000,pixel_mse,mouth,0.04584128
24,879.604736,ecb359eb6753b3b64a027f66d912892e_shot_001_000,pixel_mse,full,0.01212181
24,879.604736,ecb359eb6753b3b64a027f66d912892e_shot_001_000,ssim,mouth,0.45784435
24,879.604736,ecb359eb6753b3b64a027f66d912892e_shot_001_000,ssim,full,0.73158169
24,879.604736,ecb359eb6753b3b64a027f66d912892e_shot_001_000,lpips,mouth,0.44014239
24,879.604736,ecb359eb6753b3b64a027f66d912892e_shot_001_000,lpips,full,0.25617507
24,879.604736,ecb359eb6753b3b64a027f66d912892e_shot_001_000,sharpness,mouth,186.9446
24,879.604736,ecb359eb6753b3b64a027f66d912892e_shot_001_000,lmd,mouth,7.015882
24,879.604736,ecb359eb6753b3b64a027f66d912892e_shot_001_000,sync_d,mouth,7.75898
24,879.604736,ecb359eb6753b3b64a027f66d912892e_shot_001_000,sync_c,mouth,8.013182
25,870.696350,ecb359eb6753b3b64a027f66d912892e_shot_001_000,pixel_mse,mouth,0.04579374
25,870.696350,ecb359eb6753b3b64a027f66d912892e_shot_001_000,pixel_mse,full,0.01196737
25,870.696350,ecb359eb6753b3b64a027f66d912892e_shot_001_000,ssim,mouth,0.45250061
25,870.696350,ecb359eb6753b3b64a027f66d912892e_shot_001_000,ssim,full,0.73483473
25,870.696350,ecb359eb6753b3b64a027f66d912892e_shot_001_000,lpips,mouth,0.43991408
25,870.696350,ecb359eb6753b3b64a027f66d912892e_shot_001_000,lpips,full,0.254316
25,870.696350,ecb359eb6753b3b64a027f66d912892e_shot_001_000,sharpness,mouth,243.7144
25,870.696350,ecb359eb6753b3b64a027f66d912892e_shot_001_000,lmd,mouth,7.275432
25,870.696350,ecb359eb6753b3b64a027f66d912892e_shot_001_000,sync_d,mouth,7.708764
25,870.696350,ecb359eb6753b3b64a027f66d912892e_shot_001_000,sync_c,mouth,8.088816
26,861.217407,ecb359eb6753b3b64a027f66d912892e_shot_001_000,pixel_mse,mouth,0.04480753
26,861.217407,ecb359eb6753b3b64a027f66d912892e_shot_001_000,pixel_mse,full,0.01163998
26,861.217407,ecb359eb6753b3b64a027f66d912892e_shot_001_000,ssim,mouth,0.45656738
26,861.217407,ecb359eb6753b3b64a027f66d912892e_shot_001_000,ssim,full,0.73788315
26,861.217407,ecb359eb6753b3b64a027f66d912892e_shot_001_000,lpips,mouth,0.44163781
26,861.217407,ecb359eb6753b3b64a027f66d912892e_shot_001_000,lpips,full,0.25442421
26,861.217407,ecb359eb6753b3b64a027f66d912892e_shot_001_000,sharpness,mouth,198.9343
26,861.217407,ecb359eb6753b3b64a027f66d912892e_shot_001_000,lmd,mouth,7.619826
26,861.217407,ecb359eb6753b3b64a027f66d912892e_shot_001_000,sync_d,mouth,7.582314
26,861.217407,ecb359eb6753b3b64a027f66d912892e_shot_001_000,sync_c,mouth,8.143714
27,851.111145,ecb359eb6753b3b64a027f66d912892e_shot_001_000,pixel_mse,mouth,0.04437659
27,851.111145,ecb359eb6753b3b64a027f66d912892e_shot_001_000,pixel_mse,full,0.01162988
27,851.111145,ecb359eb6753b3b64a027f66d912892e_shot_001_000,ssim,mouth,0.46282732
27,851.111145,ecb359eb6753b3b64a027f66d912892e_shot_001_000,ssim,full,0.73889434
27,851.111145,ecb359eb6753b3b64a027f66d912892e_shot_001_000,lpips,mouth,0.43749124
27,851.111145,ecb359eb6753b3b64a027f66d912892e_shot_001_000,lpips,full,0.25390363
27,851.111145,ecb359eb6753b3b64a027f66d912892e_shot_001_000,sharpness,mouth,211.8555
27,851.111145,ecb359eb6753b3b64a027f66d912892e_shot_001_000,lmd,mouth,6.838887
27,851.111145,ecb359eb6753b3b64a027f66d912892e_shot_001_000,sync_d,mouth,7.133327
27,851.111145,ecb359eb6753b3b64a027f66d912892e_shot_001_000,sync_c,mouth,8.574944
28,840.313232,ecb359eb6753b3b64a027f66d912892e_shot_001_000,pixel_mse,mouth,0.04297562
28,840.313232,ecb359eb6753b3b64a027f66d912892e_shot_001_000,pixel_mse,full,0.01170186
28,840.313232,ecb359eb6753b3b64a027f66d912892e_shot_001_000,ssim,mouth,0.46874344
28,840.313232,ecb359eb6753b3b64a027f66d912892e_shot_001_000,ssim,full,0.73814356
28,840.313232,ecb359eb6753b3b64a027f66d912892e_shot_001_000,lpips,mouth,0.43957919
28,840.313232,ecb359eb6753b3b64a027f66d912892e_shot_001_000,lpips,full,0.25602743
28,840.313232,ecb359eb6753b3b64a027f66d912892e_shot_001_000,sharpness,mouth,223.1064
28,840.313232,ecb359eb6753b3b64a027f66d912892e_shot_001_000,lmd,mouth,6.311381
28,840.313232,ecb359eb6753b3b64a027f66d912892e_shot_001_000,sync_d,mouth,7.304313
28,840.313232,ecb359eb6753b3b64a027f66d912892e_shot_001_000,sync_c,mouth,8.356287
29,828.750244,ecb359eb6753b3b64a027f66d912892e_shot_001_000,pixel_mse,mouth,0.042625
29,828.750244,ecb359eb6753b3b64a027f66d912892e_shot_001_000,pixel_mse,full,0.01180282
29,828.750244,ecb359eb6753b3b64a027f66d912892e_shot_001_000,ssim,mouth,0.4740102
29,828.750244,ecb359eb6753b3b64a027f66d912892e_shot_001_000,ssim,full,0.73781127
29,828.750244,ecb359eb6753b3b64a027f66d912892e_shot_001_000,lpips,mouth,0.44190457
29,828.750244,ecb359eb6753b3b64a027f66d912892e_shot_001_000,lpips,full,0.2560983
29,828.750244,ecb359eb6753b3b64a027f66d912892e_shot_001_000,sharpness,mouth,220.5266
29,828.750244,ecb359eb6753b3b64a027f66d912892e_shot_001_000,lmd,mouth,6.517124
29,828.750244,ecb359eb6753b3b64a027f66d912892e_shot_001_000,sync_d,mouth,7.619495
29,828.750244,ecb359eb6753b3b64a027f66d912892e_shot_001_000,sync_c,mouth,7.886854
30,816.337830,ecb359eb6753b3b64a027f66d912892e_shot_001_000,pixel_mse,mouth,0.04250285
30,816.337830,ecb359eb6753b3b64a027f66d912892e_shot_001_000,pixel_mse,full,0.01173289
30,816.337830,ecb359eb6753b3b64a027f66d912892e_shot_001_000,ssim,mouth,0.47473073
30,816.337830,ecb359eb6753b3b64a027f66d912892e_shot_001_000,ssim,full,0.73744226
30,816.337830,ecb359eb6753b3b64a027f66d912892e_shot_001_000,lpips,mouth,0.44798911
30,816.337830,ecb359eb6753b3b64a027f66d912892e_shot_001_000,lpips,full,0.25795591
30,816.337830,ecb359eb6753b3b64a027f66d912892e_shot_001_000,sharpness,mouth,227.146
30,816.337830,ecb359eb6753b3b64a027f66d912892e_shot_001_000,lmd,mouth,6.565033
30,816.337830,ecb359eb6753b3b64a027f66d912892e_shot_001_000,sync_d,mouth,7.917025
30,816.337830,ecb359eb6753b3b64a027f66d912892e_shot_001_000,sync_c,mouth,7.847658
31,802.978699,ecb359eb6753b3b64a027f66d912892e_shot_001_000,pixel_mse,mouth,0.04252791
31,802.978699,ecb359eb6753b3b64a027f66d912892e_shot_001_000,pixel_mse,full,0.01164228
31,802.978699,ecb359eb6753b3b64a027f66d912892e_shot_001_000,ssim,mouth,0.48098251
31,802.978699,ecb359eb6753b3b64a027f66d912892e_shot_001_000,ssim,full,0.73723727
31,802.978699,ecb359eb6753b3b64a027f66d912892e_shot_001_000,lpips,mouth,0.45161712
31,802.978699,ecb359eb6753b3b64a027f66d912892e_shot_001_000,lpips,full,0.2584565
31,802.978699,ecb359eb6753b3b64a027f66d912892e_shot_001_000,sharpness,mouth,243.168
31,802.978699,ecb359eb6753b3b64a027f66d912892e_shot_001_000,lmd,mouth,6.466049
31,802.978699,ecb359eb6753b3b64a027f66d912892e_shot_001_000,sync_d,mouth,8.140514
31,802.978699,ecb359eb6753b3b64a027f66d912892e_shot_001_000,sync_c,mouth,7.653074
32,788.560242,ecb359eb6753b3b64a027f66d912892e_shot_001_000,pixel_mse,mouth,0.04267986
32,788.560242,ecb359eb6753b3b64a027f66d912892e_shot_001_000,pixel_mse,full,0.01168176
32,788.560242,ecb359eb6753b3b64a027f66d912892e_shot_001_000,ssim,mouth,0.48029751
32,788.560242,ecb359eb6753b3b64a027f66d912892e_shot_001_000,ssim,full,0.73703563
32,788.560242,ecb359eb6753b3b64a027f66d912892e_shot_001_000,lpips,mouth,0.45011285
32,788.560242,ecb359eb6753b3b64a027f66d912892e_shot_001_000,lpips,full,0.25929612
32,788.560242,ecb359eb6753b3b64a027f66d912892e_shot_001_000,sharpness,mouth,251.9008
32,788.560242,ecb359eb6753b3b64a027f66d912892e_shot_001_000,lmd,mouth,6.421187
32,788.560242,ecb359eb6753b3b64a027f66d912892e_shot_001_000,sync_d,mouth,7.910741
32,788.560242,ecb359eb6753b3b64a027f66d912892e_shot_001_000,sync_c,mouth,7.688961
33,772.951477,ecb359eb6753b3b64a027f66d912892e_shot_001_000,pixel_mse,mouth,0.04273554
33,772.951477,ecb359eb6753b3b64a027f66d912892e_shot_001_000,pixel_mse,full,0.01170502
33,772.951477,ecb359eb6753b3b64a027f66d912892e_shot_001_000,ssim,mouth,0.47592187
33,772.951477,ecb359eb6753b3b64a027f66d912892e_shot_001_000,ssim,full,0.7370972
33,772.951477,ecb359eb6753b3b64a027f66d912892e_shot_001_000,lpips,mouth,0.44699389
33,772.951477,ecb359eb6753b3b64a027f66d912892e_shot_001_000,lpips,full,0.26015937
33,772.951477,ecb359eb6753b3b64a027f66d912892e_shot_001_000,sharpness,mouth,260.6817
33,772.951477,ecb359eb6753b3b64a027f66d912892e_shot_001_000,lmd,mouth,6.253317
33,772.951477,ecb359eb6753b3b64a027f66d912892e_shot_001_000,sync_d,mouth,7.407326
33,772.951477,ecb359eb6753b3b64a027f66d912892e_shot_001_000,sync_c,mouth,8.41087
34,755.998352,ecb359eb6753b3b64a027f66d912892e_shot_001_000,pixel_mse,mouth,0.04315798
34,755.998352,ecb359eb6753b3b64a027f66d912892e_shot_001_000,pixel_mse,full,0.01172126
34,755.998352,ecb359eb6753b3b64a027f66d912892e_shot_001_000,ssim,mouth,0.47173023
34,755.998352,ecb359eb6753b3b64a027f66d912892e_shot_001_000,ssim,full,0.73719108
34,755.998352,ecb359eb6753b3b64a027f66d912892e_shot_001_000,lpips,mouth,0.4452135
34,755.998352,ecb359eb6753b3b64a027f66d912892e_shot_001_000,lpips,full,0.26139408
34,755.998352,ecb359eb6753b3b64a027f66d912892e_shot_001_000,sharpness,mouth,253.1186
34,755.998352,ecb359eb6753b3b64a027f66d912892e_shot_001_000,lmd,mouth,6.474576
34,755.998352,ecb359eb6753b3b64a027f66d912892e_shot_001_000,sync_d,mouth,7.345649
34,755.998352,ecb359eb6753b3b64a027f66d912892e_shot_001_000,sync_c,mouth,8.328182
35,737.519714,ecb359eb6753b3b64a027f66d912892e_shot_001_000,pixel_mse,mouth,0.04312246
35,737.519714,ecb359eb6753b3b64a027f66d912892e_shot_001_000,pixel_mse,full,0.01171999
35,737.519714,ecb359eb6753b3b64a027f66d912892e_shot_001_000,ssim,mouth,0.47095081
35,737.519714,ecb359eb6753b3b64a027f66d912892e_shot_001_000,ssim,full,0.73799485
35,737.519714,ecb359eb6753b3b64a027f66d912892e_shot_001_000,lpips,mouth,0.44576472
35,737.519714,ecb359eb6753b3b64a027f66d912892e_shot_001_000,lpips,full,0.26294622
35,737.519714,ecb359eb6753b3b64a027f66d912892e_shot_001_000,sharpness,mouth,235.9249
35,737.519714,ecb359eb6753b3b64a027f66d912892e_shot_001_000,lmd,mouth,6.764255
35,737.519714,ecb359eb6753b3b64a027f66d912892e_shot_001_000,sync_d,mouth,7.782419
35,737.519714,ecb359eb6753b3b64a027f66d912892e_shot_001_000,sync_c,mouth,7.928562
36,717.299683,ecb359eb6753b3b64a027f66d912892e_shot_001_000,pixel_mse,mouth,0.04258234
36,717.299683,ecb359eb6753b3b64a027f66d912892e_shot_001_000,pixel_mse,full,0.01172092
36,717.299683,ecb359eb6753b3b64a027f66d912892e_shot_001_000,ssim,mouth,0.47602713
36,717.299683,ecb359eb6753b3b64a027f66d912892e_shot_001_000,ssim,full,0.73872328
36,717.299683,ecb359eb6753b3b64a027f66d912892e_shot_001_000,lpips,mouth,0.44780692
36,717.299683,ecb359eb6753b3b64a027f66d912892e_shot_001_000,lpips,full,0.26413807
36,717.299683,ecb359eb6753b3b64a027f66d912892e_shot_001_000,sharpness,mouth,224.2733
36,717.299683,ecb359eb6753b3b64a027f66d912892e_shot_001_000,lmd,mouth,6.883521
36,717.299683,ecb359eb6753b3b64a027f66d912892e_shot_001_000,sync_d,mouth,8.453242
36,717.299683,ecb359eb6753b3b64a027f66d912892e_shot_001_000,sync_c,mouth,7.116029
37,695.080139,ecb359eb6753b3b64a027f66d912892e_shot_001_000,pixel_mse,mouth,0.04238146
37,695.080139,ecb359eb6753b3b64a027f66d912892e_shot_001_000,pixel_mse,full,0.01178529
37,695.080139,ecb359eb6753b3b64a027f66d912892e_shot_001_000,ssim,mouth,0.47851166
37,695.080139,ecb359eb6753b3b64a027f66d912892e_shot_001_000,ssim,full,0.73813826
37,695.080139,ecb359eb6753b3b64a027f66d912892e_shot_001_000,lpips,mouth,0.45217904
37,695.080139,ecb359eb6753b3b64a027f66d912892e_shot_001_000,lpips,full,0.26711962
37,695.080139,ecb359eb6753b3b64a027f66d912892e_shot_001_000,sharpness,mouth,216.3564
37,695.080139,ecb359eb6753b3b64a027f66d912892e_shot_001_000,lmd,mouth,7.046759
37,695.080139,ecb359eb6753b3b64a027f66d912892e_shot_001_000,sync_d,mouth,9.221404
37,695.080139,ecb359eb6753b3b64a027f66d912892e_shot_001_000,sync_c,mouth,6.251978
38,670.548828,ecb359eb6753b3b64a027f66d912892e_shot_001_000,pixel_mse,mouth,0.04310906
38,670.548828,ecb359eb6753b3b64a027f66d912892e_shot_001_000,pixel_mse,full,0.01186826
38,670.548828,ecb359eb6753b3b64a027f66d912892e_shot_001_000,ssim,mouth,0.47734243
38,670.548828,ecb359eb6753b3b64a027f66d912892e_shot_001_000,ssim,full,0.73783547
38,670.548828,ecb359eb6753b3b64a027f66d912892e_shot_001_000,lpips,mouth,0.45408306
38,670.548828,ecb359eb6753b3b64a027f66d912892e_shot_001_000,lpips,full,0.26982489
38,670.548828,ecb359eb6753b3b64a027f66d912892e_shot_001_000,sharpness,mouth,230.0495
38,670.548828,ecb359eb6753b3b64a027f66d912892e_shot_001_000,lmd,mouth,7.062113
38,670.548828,ecb359eb6753b3b64a027f66d912892e_shot_001_000,sync_d,mouth,9.711013
38,670.548828,ecb359eb6753b3b64a027f66d912892e_shot_001_000,sync_c,mouth,5.728274
39,643.325317,ecb359eb6753b3b64a027f66d912892e_shot_001_000,pixel_mse,mouth,0.04278775
39,643.325317,ecb359eb6753b3b64a027f66d912892e_shot_001_000,pixel_mse,full,0.01192265
39,643.325317,ecb359eb6753b3b64a027f66d912892e_shot_001_000,ssim,mouth,0.47871673
39,643.325317,ecb359eb6753b3b64a027f66d912892e_shot_001_000,ssim,full,0.73688912
39,643.325317,ecb359eb6753b3b64a027f66d912892e_shot_001_000,lpips,mouth,0.45448318
39,643.325317,ecb359eb6753b3b64a027f66d912892e_shot_001_000,lpips,full,0.27052453
39,643.325317,ecb359eb6753b3b64a027f66d912892e_shot_001_000,sharpness,mouth,232.5489
39,643.325317,ecb359eb6753b3b64a027f66d912892e_shot_001_000,lmd,mouth,7.035237
39,643.325317,ecb359eb6753b3b64a027f66d912892e_shot_001_000,sync_d,mouth,9.927472
39,643.325317,ecb359eb6753b3b64a027f66d912892e_shot_001_000,sync_c,mouth,5.508192
40,612.940735,ecb359eb6753b3b64a027f66d912892e_shot_001_000,pixel_mse,mouth,0.0421993
40,612.940735,ecb359eb6753b3b64a027f66d912892e_shot_001_000,pixel_mse,full,0.01192302
40,612.940735,ecb359eb6753b3b64a027f66d912892e_shot_001_000,ssim,mouth,0.48095214
40,612.940735,ecb359eb6753b3b64a027f66d912892e_shot_001_000,ssim,full,0.73667246
40,612.940735,ecb359eb6753b3b64a027f66d912892e_shot_001_000,lpips,mouth,0.45044807
40,612.940735,ecb359eb6753b3b64a027f66d912892e_shot_001_000,lpips,full,0.27175489
40,612.940735,ecb359eb6753b3b64a027f66d912892e_shot_001_000,sharpness,mouth,233.2182
40,612.940735,ecb359eb6753b3b64a027f66d912892e_shot_001_000,lmd,mouth,7.366422
40,612.940735,ecb359eb6753b3b64a027f66d912892e_shot_001_000,sync_d,mouth,9.978137
40,612.940735,ecb359eb6753b3b64a027f66d912892e_shot_001_000,sync_c,mouth,5.411775
41,578.810425,ecb359eb6753b3b64a027f66d912892e_shot_001_000,pixel_mse,mouth,0.04240011
41,578.810425,ecb359eb6753b3b64a027f66d912892e_shot_001_000,pixel_mse,full,0.01198815
41,578.810425,ecb359eb6753b3b64a027f66d912892e_shot_001_000,ssim,mouth,0.48170343
41,578.810425,ecb359eb6753b3b64a027f66d912892e_shot_001_000,ssim,full,0.73633122
41,578.810425,ecb359eb6753b3b64a027f66d912892e_shot_001_000,lpips,mouth,0.45170262
41,578.810425,ecb359eb6753b3b64a027f66d912892e_shot_001_000,lpips,full,0.27281287
41,578.810425,ecb359eb6753b3b64a027f66d912892e_shot_001_000,sharpness,mouth,232.368
41,578.810425,ecb359eb6753b3b64a027f66d912892e_shot_001_000,lmd,mouth,7.462591
41,578.810425,ecb359eb6753b3b64a027f66d912892e_shot_001_000,sync_d,mouth,10.200543
41,578.810425,ecb359eb6753b3b64a027f66d912892e_shot_001_000,sync_c,mouth,5.079256
42,540.196350,ecb359eb6753b3b64a027f66d912892e_shot_001_000,pixel_mse,mouth,0.04294166
42,540.196350,ecb359eb6753b3b64a027f66d912892e_shot_001_000,pixel_mse,full,0.01201617
42,540.196350,ecb359eb6753b3b64a027f66d912892e_shot_001_000,ssim,mouth,0.48063016
42,540.196350,ecb359eb6753b3b64a027f66d912892e_shot_001_000,ssim,full,0.73613232
42,540.196350,ecb359eb6753b3b64a027f66d912892e_shot_001_000,lpips,mouth,0.45450437
42,540.196350,ecb359eb6753b3b64a027f66d912892e_shot_001_000,lpips,full,0.27491716
42,540.196350,ecb359eb6753b3b64a027f66d912892e_shot_001_000,sharpness,mouth,234.7417
42,540.196350,ecb359eb6753b3b64a027f66d912892e_shot_001_000,lmd,mouth,7.452476
42,540.196350,ecb359eb6753b3b64a027f66d912892e_shot_001_000,sync_d,mouth,10.158417
42,540.196350,ecb359eb6753b3b64a027f66d912892e_shot_001_000,sync_c,mouth,5.282944
43,496.152893,ecb359eb6753b3b64a027f66d912892e_shot_001_000,pixel_mse,mouth,0.0432422
43,496.152893,ecb359eb6753b3b64a027f66d912892e_shot_001_000,pixel_mse,full,0.0121059
43,496.152893,ecb359eb6753b3b64a027f66d912892e_shot_001_000,ssim,mouth,0.4832246
43,496.152893,ecb359eb6753b3b64a027f66d912892e_shot_001_000,ssim,full,0.73519683
43,496.152893,ecb359eb6753b3b64a027f66d912892e_shot_001_000,lpips,mouth,0.46262398
43,496.152893,ecb359eb6753b3b64a027f66d912892e_shot_001_000,lpips,full,0.27930444
43,496.152893,ecb359eb6753b3b64a027f66d912892e_shot_001_000,sharpness,mouth,240.5815
43,496.152893,ecb359eb6753b3b64a027f66d912892e_shot_001_000,lmd,mouth,7.536332
43,496.152893,ecb359eb6753b3b64a027f66d912892e_shot_001_000,sync_d,mouth,10.33512
43,496.152893,ecb359eb6753b3b64a027f66d912892e_shot_001_000,sync_c,mouth,4.880196
44,445.448151,ecb359eb6753b3b64a027f66d912892e_shot_001_000,pixel_mse,mouth,0.04354684
44,445.448151,ecb359eb6753b3b64a027f66d912892e_shot_001_000,pixel_mse,full,0.01208357
44,445.448151,ecb359eb6753b3b64a027f66d912892e_shot_001_000,ssim,mouth,0.48374826
44,445.448151,ecb359eb6753b3b64a027f66d912892e_shot_001_000,ssim,full,0.73436373
44,445.448151,ecb359eb6753b3b64a027f66d912892e_shot_001_000,lpips,mouth,0.47226688
44,445.448151,ecb359eb6753b3b64a027f66d912892e_shot_001_000,lpips,full,0.28171197
44,445.448151,ecb359eb6753b3b64a027f66d912892e_shot_001_000,sharpness,mouth,227.0778
44,445.448151,ecb359eb6753b3b64a027f66d912892e_shot_001_000,lmd,mouth,7.103189
44,445.448151,ecb359eb6753b3b64a027f66d912892e_shot_001_000,sync_d,mouth,10.553487
44,445.448151,ecb359eb6753b3b64a027f66d912892e_shot_001_000,sync_c,mouth,4.685946
45,386.447418,ecb359eb6753b3b64a027f66d912892e_shot_001_000,pixel_mse,mouth,0.04419421
45,386.447418,ecb359eb6753b3b64a027f66d912892e_shot_001_000,pixel_mse,full,0.01225206
45,386.447418,ecb359eb6753b3b64a027f66d912892e_shot_001_000,ssim,mouth,0.48348689
45,386.447418,ecb359eb6753b3b64a027f66d912892e_shot_001_000,ssim,full,0.73295861
45,386.447418,ecb359eb6753b3b64a027f66d912892e_shot_001_000,lpips,mouth,0.48155868
45,386.447418,ecb359eb6753b3b64a027f66d912892e_shot_001_000,lpips,full,0.28564808
45,386.447418,ecb359eb6753b3b64a027f66d912892e_shot_001_000,sharpness,mouth,222.6409
45,386.447418,ecb359eb6753b3b64a027f66d912892e_shot_001_000,lmd,mouth,7.15513
45,386.447418,ecb359eb6753b3b64a027f66d912892e_shot_001_000,sync_d,mouth,10.560022
45,386.447418,ecb359eb6753b3b64a027f66d912892e_shot_001_000,sync_c,mouth,4.668019
46,316.933258,ecb359eb6753b3b64a027f66d912892e_shot_001_000,pixel_mse,mouth,0.04495146
46,316.933258,ecb359eb6753b3b64a027f66d912892e_shot_001_000,pixel_mse,full,0.01241341
46,316.933258,ecb359eb6753b3b64a027f66d912892e_shot_001_000,ssim,mouth,0.48381075
46,316.933258,ecb359eb6753b3b64a027f66d912892e_shot_001_000,ssim,full,0.73119754
46,316.933258,ecb359eb6753b3b64a027f66d912892e_shot_001_000,lpips,mouth,0.49099275
46,316.933258,ecb359eb6753b3b64a027f66d912892e_shot_001_000,lpips,full,0.29012147
46,316.933258,ecb359eb6753b3b64a027f66d912892e_shot_001_000,sharpness,mouth,237.9655
46,316.933258,ecb359eb6753b3b64a027f66d912892e_shot_001_000,lmd,mouth,7.188321
46,316.933258,ecb359eb6753b3b64a027f66d912892e_shot_001_000,sync_d,mouth,10.681083
46,316.933258,ecb359eb6753b3b64a027f66d912892e_shot_001_000,sync_c,mouth,4.515598
47,233.820694,ecb359eb6753b3b64a027f66d912892e_shot_001_000,pixel_mse,mouth,0.04567102
47,233.820694,ecb359eb6753b3b64a027f66d912892e_shot_001_000,pixel_mse,full,0.01255738
47,233.820694,ecb359eb6753b3b64a027f66d912892e_shot_001_000,ssim,mouth,0.48217544
47,233.820694,ecb359eb6753b3b64a027f66d912892e_shot_001_000,ssim,full,0.72953856
47,233.820694,ecb359eb6753b3b64a027f66d912892e_shot_001_000,lpips,mouth,0.49866167
47,233.820694,ecb359eb6753b3b64a027f66d912892e_shot_001_000,lpips,full,0.29229224
47,233.820694,ecb359eb6753b3b64a027f66d912892e_shot_001_000,sharpness,mouth,266.2066
47,233.820694,ecb359eb6753b3b64a027f66d912892e_shot_001_000,lmd,mouth,7.044128
47,233.820694,ecb359eb6753b3b64a027f66d912892e_shot_001_000,sync_d,mouth,10.941866
47,233.820694,ecb359eb6753b3b64a027f66d912892e_shot_001_000,sync_c,mouth,4.082525
48,132.687027,ecb359eb6753b3b64a027f66d912892e_shot_001_000,pixel_mse,mouth,0.0464756
48,132.687027,ecb359eb6753b3b64a027f66d912892e_shot_001_000,pixel_mse,full,0.01274446
48,132.687027,ecb359eb6753b3b64a027f66d912892e_shot_001_000,ssim,mouth,0.48194385
48,132.687027,ecb359eb6753b3b64a027f66d912892e_shot_001_000,ssim,full,0.72806406
48,132.687027,ecb359eb6753b3b64a027f66d912892e_shot_001_000,lpips,mouth,0.51364106
48,132.687027,ecb359eb6753b3b64a027f66d912892e_shot_001_000,lpips,full,0.29791626
48,132.687027,ecb359eb6753b3b64a027f66d912892e_shot_001_000,sharpness,mouth,292.3904
48,132.687027,ecb359eb6753b3b64a027f66d912892e_shot_001_000,lmd,mouth,6.720718
48,132.687027,ecb359eb6753b3b64a027f66d912892e_shot_001_000,sync_d,mouth,11.217679
48,132.687027,ecb359eb6753b3b64a027f66d912892e_shot_001_000,sync_c,mouth,3.65263
49,6.958251,ecb359eb6753b3b64a027f66d912892e_shot_001_000,pixel_mse,mouth,0.04707033
49,6.958251,ecb359eb6753b3b64a027f66d912892e_shot_001_000,pixel_mse,full,0.01289712
49,6.958251,ecb359eb6753b3b64a027f66d912892e_shot_001_000,ssim,mouth,0.47689825
49,6.958251,ecb359eb6753b3b64a027f66d912892e_shot_001_000,ssim,full,0.72488683
49,6.958251,ecb359eb6753b3b64a027f66d912892e_shot_001_000,lpips,mouth,0.48644939
49,6.958251,ecb359eb6753b3b64a027f66d912892e_shot_001_000,lpips,full,0.29725632
49,6.958251,ecb359eb6753b3b64a027f66d912892e_shot_001_000,sharpness,mouth,270.253
49,6.958251,ecb359eb6753b3b64a027f66d912892e_shot_001_000,lmd,mouth,7.034441
49,6.958251,ecb359eb6753b3b64a027f66d912892e_shot_001_000,sync_d,mouth,11.142847
49,6.958251,ecb359eb6753b3b64a027f66d912892e_shot_001_000,sync_c,mouth,3.917705
